ts_code,trade_date,name,open,high,low,close,change,pct_change,vol,amount,pe,pb,float_mv,total_mv
801016.SI,20180102,种植业,2921.59,2945.13,2875.43,2919.03,-1.37,-0.05,12094.0,126984.0,51.26,3.29,6757528.0,15094055.35702
801016.SI,20180103,种植业,2911.72,2959.42,2893.71,2934.24,15.21,0.52,12031.0,127380.0,51.54,3.31,6792733.0,15172071.17354
801016.SI,20180104,种植业,2931.06,2961.32,2908.71,2941.19,6.95,0.24,9648.0,101208.0,51.64,3.32,6814990.0,15202314.311857
801016.SI,20180105,种植业,2939.95,2997.7,2918.32,2963.68,22.49,0.76,14639.0,146181.0,52.02,3.35,6844592.0,15335207.446214
801016.SI,20180108,种植业,2964.52,3018.03,2936.17,2992.7,29.02,0.98,13530.0,160653.0,52.55,3.38,6911621.0,15456344.469845
801016.SI,20180109,种植业,2987.45,3009.09,2947.17,2970.08,-22.62,-0.76,9022.0,99035.0,52.17,3.35,6859376.0,15333361.094584
801016.SI,20180110,种植业,2965.91,3000.58,2926.24,2969.94,-0.14,0.0,12610.0,127676.0,52.19,3.36,6859940.0,15360470.998626
801016.SI,20180111,种植业,2963.4,3001.44,2920.73,2963.96,-5.97,-0.2,12306.0,120978.0,52.07,3.35,6846141.0,15345413.211437
801016.SI,20180112,种植业,2962.02,2991.91,2925.06,2947.81,-16.15,-0.55,12039.0,123946.0,51.81,3.33,6808828.0,15232364.415245
801016.SI,20180115,种植业,2944.86,2953.82,2840.05,2867.13,-80.68,-2.74,13059.0,135468.0,50.41,3.24,6622475.0,14822081.121399
801016.SI,20180116,种植业,2869.77,2977.77,2854.83,2951.94,84.81,2.96,24691.0,229561.0,51.89,3.34,6818365.0,15331818.436195
801016.SI,20180117,种植业,2945.85,3037.85,2888.41,2957.24,5.3,0.18,30136.0,299879.0,51.98,3.34,6830602.0,15366016.653823
801016.SI,20180118,种植业,2938.67,2967.13,2896.11,2930.08,-27.15,-0.92,16775.0,174302.0,51.5,3.31,6767888.0,15195737.884382
801016.SI,20180119,种植业,2925.37,2955.61,2878.98,2903.97,-26.12,-0.89,14816.0,154866.0,51.06,3.28,6707567.0,15039295.081464
801016.SI,20180122,种植业,2902.57,2933.84,2821.33,2906.88,2.91,0.1,12531.0,157491.0,51.09,3.29,6714294.0,15084836.136477
801016.SI,20180123,种植业,2904.62,2960.3,2875.38,2927.11,20.23,0.7,19962.0,209272.0,51.46,3.31,6761019.0,15222185.666497
801016.SI,20180124,种植业,2910.42,2932.37,2875.21,2913.97,-13.14,-0.45,12825.0,139631.0,51.21,3.29,6730657.0,15146396.741708
801016.SI,20180125,种植业,2908.85,2948.83,2871.93,2900.37,-13.6,-0.47,13921.0,152496.0,50.97,3.28,6699244.0,15090701.302477
801016.SI,20180126,种植业,2900.88,2965.93,2881.81,2928.18,27.81,0.96,18022.0,189850.0,51.47,3.31,6763480.0,15265022.321186
801016.SI,20180129,种植业,2937.86,2993.03,2897.33,2943.78,15.61,0.53,22237.0,211409.0,51.76,3.33,6799530.0,15406089.246402
801016.SI,20180130,种植业,2945.94,2978.93,2907.57,2956.29,12.5,0.42,15625.0,159315.0,51.98,3.34,6828406.0,15467256.009835
801016.SI,20180131,种植业,2921.41,2957.76,2838.83,2873.15,-83.13,-2.81,20747.0,199746.0,50.52,3.25,6636390.0,14950431.25952
801016.SI,20180201,种植业,2870.55,2897.93,2736.91,2772.57,-100.59,-3.5,19231.0,188908.0,48.75,3.13,6404053.0,14436935.06001
801016.SI,20180202,种植业,2745.35,2773.45,2649.77,2744.33,-28.24,-1.02,14607.0,144336.0,48.28,3.1,6338830.0,14251623.584666
801016.SI,20180205,种植业,2751.75,2867.0,2716.49,2787.15,42.82,1.56,20171.0,221680.0,49.04,3.15,6437744.0,14465323.636429
801016.SI,20180206,种植业,2716.57,2741.52,2553.32,2568.09,-219.06,-7.86,24351.0,228831.0,45.18,2.91,5931758.0,13310191.90107
801016.SI,20180207,种植业,2611.55,2711.79,2545.71,2626.33,58.24,2.27,22103.0,193942.0,46.21,2.97,6066273.0,13577645.283727
801016.SI,20180208,种植业,2625.72,2692.91,2592.15,2653.43,27.1,1.03,15084.0,133860.0,46.69,3.0,6128873.0,13726759.853583
801016.SI,20180209,种植业,2596.64,2608.44,2488.04,2543.22,-110.21,-4.15,17162.0,144675.0,44.75,2.88,5874308.0,13153863.412281
801016.SI,20180212,种植业,2552.34,2623.64,2534.06,2595.23,52.01,2.05,10788.0,88902.0,45.66,2.94,5994451.0,13416363.8328
801016.SI,20180213,种植业,2606.28,2650.09,2574.06,2599.14,3.91,0.15,10396.0,92435.0,45.73,2.94,6003219.0,13428992.390051
801016.SI,20180214,种植业,2597.69,2650.43,2563.35,2619.94,20.8,0.8,9540.0,71740.0,46.1,2.96,6051267.0,13790780.414786
801016.SI,20180222,种植业,2646.29,2709.42,2627.11,2677.05,57.11,2.18,12738.0,101341.0,47.11,2.95,6183175.0,14105839.921717
801016.SI,20180223,种植业,2676.51,2784.64,2643.78,2743.17,66.12,2.47,18023.0,152435.0,48.59,3.06,6334695.0,14415572.861375
801016.SI,20180226,种植业,2741.83,2802.91,2703.15,2768.14,24.97,0.91,19169.0,148727.0,49.03,3.09,6392365.0,14550050.568165
801016.SI,20180227,种植业,2752.0,2818.85,2715.61,2792.13,23.98,0.87,17098.0,135097.0,49.46,3.11,6447744.0,14678209.354378
801016.SI,20180228,种植业,2763.42,2806.57,2729.42,2769.81,-22.32,-0.8,12320.0,95046.0,49.06,3.09,6396212.0,14561526.366795
801016.SI,20180301,种植业,2747.35,2819.19,2725.15,2789.6,19.79,0.71,12997.0,99190.0,49.41,3.11,6441919.0,14676987.334166
801016.SI,20180302,种植业,2749.38,2829.55,2726.66,2789.01,-0.59,-0.02,16102.0,136299.0,49.4,3.11,6440549.0,14655982.986431
801016.SI,20180305,种植业,2767.0,2819.95,2736.47,2785.7,-3.31,-0.12,12500.0,104586.0,49.33,3.11,6432899.0,14640520.553225
801016.SI,20180306,种植业,2783.8,2834.21,2747.65,2808.0,22.31,0.8,13256.0,121214.0,49.72,3.13,6484410.0,14779680.297742
801016.SI,20180307,种植业,2794.42,2848.6,2757.85,2793.08,-14.92,-0.53,14058.0,119317.0,49.46,3.11,6449957.0,14707021.321595
801016.SI,20180308,种植业,2773.51,2816.53,2741.85,2787.82,-5.26,-0.19,10291.0,92960.0,49.36,3.11,6437800.0,14673565.387166
801016.SI,20180309,种植业,2781.63,2826.26,2760.37,2804.36,16.54,0.59,11172.0,98557.0,49.65,3.12,6475999.0,14753777.62893
801016.SI,20180312,种植业,2795.08,2845.31,2771.08,2822.12,17.76,0.63,13177.0,115709.0,49.93,3.14,6512576.0,14851885.568203
801016.SI,20180313,种植业,2808.22,2876.02,2782.85,2826.24,4.12,0.15,18676.0,154986.0,50.01,3.15,6522077.0,14869024.80873
801016.SI,20180314,种植业,2803.0,2846.77,2770.53,2801.22,-25.02,-0.89,13752.0,111832.0,49.57,3.12,6464349.0,14744551.593446
801016.SI,20180315,种植业,2795.8,2831.84,2744.38,2788.31,-12.91,-0.46,12349.0,126136.0,49.82,3.1,6434558.0,14654849.101058
801016.SI,20180316,种植业,2772.65,2817.88,2737.34,2771.51,-16.81,-0.6,9293.0,90115.0,49.52,3.09,6395773.0,14548254.020286
801016.SI,20180319,种植业,2797.64,2845.45,2744.87,2778.58,7.07,0.26,13589.0,154061.0,50.02,3.09,6412095.0,14486092.225053
801016.SI,20180320,种植业,2762.41,2819.17,2731.02,2801.95,23.37,0.84,10489.0,116034.0,50.45,3.12,6466033.0,14594024.605764
801016.SI,20180321,种植业,2805.92,2854.62,2775.85,2794.85,-7.1,-0.25,11876.0,120644.0,50.26,3.11,6455098.0,14571066.796834
801016.SI,20180322,种植业,2791.8,2866.61,2763.3,2834.2,39.35,1.41,18034.0,178111.0,50.95,3.15,6545978.0,14815798.095168
801016.SI,20180323,种植业,2839.5,3020.63,2788.04,2898.85,64.66,2.28,69369.0,674879.0,52.06,3.22,6701358.0,15129124.23284
801016.SI,20180326,种植业,2881.48,2952.29,2728.56,2860.6,-38.25,-1.32,55887.0,529357.0,51.33,3.15,6612925.0,14917819.481648
801016.SI,20180327,种植业,2816.72,2965.06,2802.94,2935.32,74.72,2.61,45024.0,460894.0,52.61,3.23,6785663.0,15302947.851993
801016.SI,20180328,种植业,2901.3,2949.69,2833.71,2872.77,-62.55,-2.13,37761.0,355648.0,51.25,3.16,6641069.0,15001775.091602
801016.SI,20180329,种植业,2861.48,2908.0,2829.03,2869.77,-3.0,-0.1,22663.0,212837.0,51.23,3.16,6634133.0,15009357.771145
801016.SI,20180330,种植业,2870.62,2926.07,2846.86,2890.96,21.18,0.74,24835.0,225843.0,51.61,3.18,6683104.0,15152886.364977
801016.SI,20180402,种植业,2920.97,2972.97,2857.21,2926.29,35.33,1.22,35088.0,339152.0,52.17,3.22,6764787.0,15344863.041471
801016.SI,20180403,种植业,2891.88,2973.06,2860.83,2910.9,-15.4,-0.53,34079.0,331391.0,50.66,3.2,6728603.0,15278438.284806
801016.SI,20180404,种植业,2931.18,3066.39,2888.94,3029.47,118.58,4.07,59795.0,579634.0,51.73,3.32,7002693.0,15922601.765725
801016.SI,20180409,种植业,3040.97,3137.18,2972.78,3020.88,-8.59,-0.28,63600.0,614150.0,51.48,3.3,6982838.0,15910736.205565
801016.SI,20180410,种植业,2985.71,3029.42,2867.22,2909.43,-111.45,-3.69,54641.0,457118.0,49.54,3.17,6725215.0,15296403.279804
801016.SI,20180411,种植业,2901.18,2962.67,2862.61,2920.86,11.43,0.39,33716.0,298923.0,49.59,3.17,6751630.0,15390911.058003
801016.SI,20180412,种植业,2906.69,2945.26,2857.63,2887.99,-32.87,-1.13,29227.0,286072.0,49.12,3.14,6671091.0,15241299.986909
801016.SI,20180413,种植业,2892.63,2915.8,2829.83,2863.92,-24.06,-0.83,24371.0,248787.0,48.8,3.12,6615506.0,15127567.28408
801016.SI,20180416,种植业,2911.88,2943.41,2877.08,2907.58,43.66,1.52,23153.0,223007.0,49.56,3.17,6716360.0,15433692.164615
801016.SI,20180417,种植业,2910.49,3027.21,2840.02,2934.69,27.11,0.93,65879.0,562825.0,49.19,3.19,6778974.0,15528301.721558
801016.SI,20180418,种植业,2874.22,2906.09,2776.82,2856.1,-78.59,-2.68,39189.0,361125.0,49.03,3.11,6597443.0,15062304.419622
801016.SI,20180419,种植业,2826.16,2900.2,2796.74,2867.32,11.21,0.39,33473.0,300396.0,49.26,3.12,6623348.0,15191707.880911
801016.SI,20180420,种植业,2848.33,2880.66,2763.25,2777.35,-89.97,-3.14,28553.0,254795.0,49.4,3.02,6424006.0,14687160.346411
801016.SI,20180423,种植业,2758.5,2777.71,2655.42,2686.23,-91.12,-3.28,26580.0,232010.0,47.8,2.92,6213235.0,14161305.807746
801016.SI,20180424,种植业,2685.57,2748.56,2670.06,2730.12,43.89,1.63,16964.0,158555.0,49.36,2.97,6317243.0,14382226.451903
801016.SI,20180425,种植业,2717.68,2762.7,2686.0,2729.51,-0.61,-0.02,17756.0,164978.0,49.34,2.96,6315838.0,14373039.653836
801016.SI,20180426,种植业,2726.13,2743.18,2645.26,2663.73,-65.78,-2.41,18163.0,163718.0,48.15,2.88,6163633.0,14007295.776808
801016.SI,20180427,种植业,2666.48,2700.8,2625.16,2658.64,-5.1,-0.19,14155.0,127854.0,48.64,2.88,6151844.0,13971907.412233
801016.SI,20180502,种植业,2661.91,2695.62,2558.71,2612.08,-46.56,-1.75,16502.0,176135.0,45.63,2.81,6041974.0,13808088.258309
801016.SI,20180503,种植业,2614.93,2654.1,2574.26,2630.06,17.98,0.69,16770.0,160580.0,45.93,2.83,6083562.0,13915004.688777
801016.SI,20180504,种植业,2626.78,2701.61,2609.93,2675.46,45.41,1.73,18318.0,195730.0,46.68,2.87,6188595.0,14127538.085693
801016.SI,20180507,种植业,2659.36,2697.98,2632.56,2680.7,5.24,0.2,15345.0,163269.0,46.79,2.88,6201087.0,14159697.435974
801016.SI,20180508,种植业,2670.71,2725.45,2655.78,2704.28,23.57,0.88,17762.0,173577.0,47.19,2.91,6255621.0,14309301.515189
801016.SI,20180509,种植业,2693.65,2732.43,2658.95,2683.54,-20.74,-0.77,16203.0,150227.0,46.86,2.88,6208251.0,14175389.659759
801016.SI,20180510,种植业,2680.96,2732.59,2667.71,2704.16,20.62,0.77,15286.0,135371.0,46.95,2.93,6344517.0,14214956.056805
801016.SI,20180511,种植业,2703.04,2717.24,2645.39,2660.24,-43.91,-1.62,13113.0,128302.0,46.22,2.88,6267942.0,14072737.693091
801016.SI,20180514,种植业,2648.57,2698.09,2610.81,2654.19,-6.06,-0.23,12648.0,120308.0,46.13,2.88,6253668.0,13965436.59451
801016.SI,20180515,种植业,2652.7,2686.05,2628.33,2670.62,16.43,0.62,10658.0,102750.0,46.41,2.89,6292384.0,14086560.886206
801016.SI,20180516,种植业,2662.36,2732.76,2639.03,2695.31,24.69,0.92,20130.0,190491.0,46.21,2.91,6412622.0,14241541.016445
801016.SI,20180517,种植业,2693.35,2745.91,2665.88,2701.09,5.78,0.21,17607.0,187337.0,46.29,2.91,6426369.0,14272164.054069
801016.SI,20180518,种植业,2707.77,2749.82,2676.29,2726.5,25.41,0.94,19974.0,200308.0,46.7,2.94,6500471.0,14412078.424749
801016.SI,20180521,种植业,2712.75,2784.66,2667.22,2746.0,19.5,0.72,36720.0,319567.0,47.07,2.97,6546962.0,14586103.403221
801016.SI,20180522,种植业,2732.58,2769.56,2694.78,2737.36,-8.64,-0.31,27542.0,252667.0,46.84,2.95,6526359.0,14521755.545067
801016.SI,20180523,种植业,2720.71,2782.91,2673.22,2733.4,-3.96,-0.14,38591.0,322147.0,46.79,2.95,6516920.0,14626769.299609
801016.SI,20180524,种植业,2698.02,2761.2,2659.35,2718.64,-14.76,-0.54,14218.0,137957.0,46.55,2.94,6481732.0,14560483.878968
801016.SI,20180525,种植业,2679.34,2737.04,2641.05,2694.87,-23.77,-0.87,11707.0,118212.0,46.16,2.91,6425061.0,14463291.730174
801016.SI,20180528,种植业,2650.19,2704.04,2586.09,2652.1,-42.77,-1.59,11118.0,108729.0,44.87,2.84,6252043.0,13971172.199996
801016.SI,20180529,种植业,2616.55,2710.68,2584.6,2666.83,14.73,0.56,15384.0,148279.0,45.73,2.9,6364934.0,14259049.480761
801016.SI,20180530,种植业,2635.34,2766.34,2607.23,2696.47,29.63,1.11,37312.0,296481.0,46.15,2.92,6438465.0,14389804.026659
801016.SI,20180531,种植业,2641.14,2724.83,2581.75,2697.42,0.95,0.04,29460.0,252914.0,46.13,2.92,6440740.0,14395669.613876
801016.SI,20180601,种植业,2646.61,2728.92,2599.14,2659.84,-37.58,-1.39,22624.0,218400.0,45.45,2.88,6351001.0,14224740.681677
801016.SI,20180604,种植业,2622.57,2678.53,2565.31,2627.23,-32.61,-1.23,16819.0,161432.0,44.88,2.84,6273138.0,14059364.22803
801016.SI,20180605,种植业,2589.53,2674.98,2567.41,2662.75,35.53,1.35,14065.0,134330.0,45.51,2.88,6357966.0,14228273.679825
801016.SI,20180606,种植业,2621.78,2690.25,2597.32,2674.37,11.62,0.44,11850.0,119840.0,45.74,2.9,6385710.0,14283956.243719
801016.SI,20180607,种植业,2630.3,2712.19,2601.56,2667.31,-7.06,-0.26,16354.0,165280.0,45.55,2.91,6368853.0,14246611.758101
801016.SI,20180608,种植业,2625.4,2673.79,2562.12,2624.41,-42.9,-1.61,13726.0,133588.0,44.85,2.86,6266408.0,14042299.360019
801016.SI,20180611,种植业,2592.22,2650.69,2545.47,2607.94,-16.47,-0.63,9823.0,97839.0,44.55,2.84,6227092.0,13977993.99242
801016.SI,20180612,种植业,2564.81,2634.22,2533.82,2619.4,11.46,0.44,10948.0,124583.0,44.7,2.85,6254459.0,14044703.271138
801016.SI,20180613,种植业,2576.68,2637.4,2534.93,2596.99,-22.41,-0.86,13175.0,157956.0,44.24,2.82,6200939.0,13948959.300506
801016.SI,20180614,种植业,2553.08,2622.19,2512.82,2577.07,-19.92,-0.77,13711.0,171083.0,43.85,2.8,6153376.0,13877719.218206
801016.SI,20180615,种植业,2543.74,2602.41,2461.74,2536.67,-40.4,-1.57,16818.0,177865.0,43.2,2.76,6056905.0,13692027.335334
801016.SI,20180619,种植业,2532.32,2635.92,2349.7,2453.28,-83.38,-3.29,34365.0,320197.0,41.72,2.66,5857805.0,13267636.99783
801016.SI,20180620,种植业,2362.87,2443.58,2303.38,2418.38,-34.9,-1.42,23640.0,225519.0,41.08,2.62,5774473.0,13074474.050301
801016.SI,20180621,种植业,2369.34,2429.53,2286.35,2331.64,-86.74,-3.59,18654.0,167102.0,39.66,2.53,5567359.0,12604499.610943
801016.SI,20180622,种植业,2275.35,2350.46,2211.55,2336.09,4.44,0.19,14220.0,122867.0,39.8,2.54,5577969.0,12609480.782775
801016.SI,20180625,种植业,2308.56,2378.11,2278.52,2345.48,9.4,0.4,11837.0,116050.0,39.91,2.55,5600411.0,12649670.978813
801016.SI,20180626,种植业,2283.0,2359.55,2254.89,2343.01,-2.47,-0.11,9962.0,95043.0,39.88,2.55,5594514.0,12653249.624691
801016.SI,20180627,种植业,2308.75,2369.61,2288.93,2343.06,0.04,0.0,10023.0,94963.0,39.87,2.55,5594616.0,12652688.402166
801016.SI,20180628,种植业,2302.88,2358.91,2264.76,2313.77,-29.29,-1.25,10348.0,109429.0,39.32,2.51,5524684.0,12513950.422695
801016.SI,20180629,种植业,2277.08,2377.81,2265.43,2368.12,54.35,2.35,11669.0,118903.0,40.25,2.57,5657397.0,12783363.020441
801016.SI,20180702,种植业,2329.17,2393.99,2286.7,2339.16,-28.96,-1.22,14064.0,127700.0,39.76,2.54,5588205.0,12641221.044385
801016.SI,20180703,种植业,2305.06,2360.83,2253.55,2341.47,2.32,0.1,11182.0,106313.0,39.83,2.54,5593736.0,12665466.400016
801016.SI,20180704,种植业,2303.69,2411.79,2280.75,2382.77,41.29,1.76,20090.0,200855.0,40.45,2.58,5692387.0,12897490.912185
801016.SI,20180705,种植业,2326.45,2395.8,2266.5,2326.71,-56.05,-2.35,18672.0,197438.0,39.5,2.53,5566453.0,12633896.887389
801016.SI,20180706,种植业,2305.63,2461.57,2217.37,2400.34,73.63,3.16,32666.0,294836.0,40.74,2.6,5742605.0,13024221.981415
801016.SI,20180709,种植业,2322.04,2411.26,2296.22,2392.77,-7.57,-0.32,24291.0,226412.0,41.55,2.65,5636034.0,12985237.232168
801016.SI,20180710,种植业,2347.02,2400.48,2312.37,2375.24,-17.53,-0.73,16301.0,164948.0,41.23,2.63,5594743.0,12883809.292692
801016.SI,20180711,种植业,2320.63,2406.07,2284.58,2357.51,-17.73,-0.75,21269.0,213957.0,40.91,2.61,5552980.0,12806638.856939
801016.SI,20180712,种植业,2294.25,2399.66,2286.55,2378.14,20.62,0.87,19479.0,191652.0,41.28,2.63,5601554.0,12906174.125658
801016.SI,20180713,种植业,2337.06,2389.44,2309.86,2359.83,-18.3,-0.77,12725.0,126766.0,41.0,2.62,5558438.0,12796754.394589
801016.SI,20180716,种植业,2308.19,2377.69,2282.01,2353.49,-6.34,-0.27,11610.0,110957.0,40.42,2.62,5327679.0,12132744.67594
801016.SI,20180717,种植业,2311.22,2377.35,2293.46,2364.66,11.17,0.47,10523.0,94145.0,40.74,2.63,5308060.0,12181537.508342
801016.SI,20180718,种植业,2327.4,2387.72,2303.23,2362.88,-1.79,-0.08,11734.0,121148.0,40.65,2.63,5304050.0,12189527.179628
801016.SI,20180719,种植业,2319.44,2365.95,2276.84,2324.22,-38.65,-1.64,10375.0,105310.0,40.01,2.58,5217280.0,11995668.501111
801016.SI,20180720,种植业,2280.83,2351.81,2262.04,2340.12,15.9,0.68,8471.0,79089.0,40.3,2.6,5252966.0,12073100.282546
801016.SI,20180723,种植业,2304.29,2377.49,2286.61,2366.78,26.67,1.14,10467.0,97294.0,40.77,2.63,5312823.0,12184742.855505
801016.SI,20180724,种植业,2324.66,2405.6,2312.66,2391.15,24.36,1.03,12900.0,110453.0,41.2,2.66,5367511.0,12304837.08099
801016.SI,20180725,种植业,2353.57,2420.32,2340.29,2403.96,12.81,0.54,12333.0,123389.0,41.35,2.67,5393870.0,12362629.030888
801016.SI,20180726,种植业,2366.49,2428.44,2334.81,2393.63,-10.33,-0.43,13852.0,123075.0,41.29,2.67,5370694.0,12301704.116354
801016.SI,20180727,种植业,2349.4,2414.54,2319.47,2382.37,-11.26,-0.47,11799.0,107742.0,41.16,2.67,5345440.0,12210661.583425
801016.SI,20180730,种植业,2343.6,2406.06,2295.17,2354.46,-27.91,-1.17,11079.0,86066.0,40.69,2.63,5282809.0,12079632.225001
801016.SI,20180731,种植业,2324.04,2391.74,2302.99,2372.69,18.23,0.77,9666.0,72143.0,40.99,2.65,5323712.0,12173702.380572
801016.SI,20180801,种植业,2330.74,2383.65,2283.4,2328.27,-44.42,-1.87,9391.0,82618.0,40.29,2.61,5224046.0,11960077.088049
801016.SI,20180802,种植业,2288.56,2358.37,2209.22,2316.44,-11.83,-0.51,19244.0,131782.0,40.06,2.59,5197493.0,11877756.704896
801016.SI,20180803,种植业,2263.64,2346.86,2233.96,2288.51,-27.93,-1.21,17932.0,116294.0,39.61,2.56,5134820.0,11743060.397098
801016.SI,20180806,种植业,2243.74,2339.18,2191.0,2258.03,-30.48,-1.33,17580.0,120104.0,39.09,2.53,5066434.0,11628624.917154
801016.SI,20180807,种植业,2214.02,2311.02,2196.4,2299.51,41.48,1.84,18256.0,126288.0,39.82,2.58,5159505.0,11844711.954137
801016.SI,20180808,种植业,2258.35,2350.56,2228.88,2322.34,22.83,0.99,25674.0,180134.0,40.18,2.6,5210740.0,11964302.440998
801016.SI,20180809,种植业,2273.34,2379.17,2255.18,2355.96,33.62,1.45,27551.0,192794.0,40.78,2.64,5286182.0,12121331.168023
801016.SI,20180810,种植业,2315.48,2470.54,2305.76,2412.73,56.77,2.41,29869.0,237621.0,41.77,2.7,5413559.0,12381438.358535
801016.SI,20180813,种植业,2348.73,2421.59,2318.77,2394.79,-17.94,-0.74,20227.0,150832.0,41.47,2.68,5373299.0,12302160.873627
801016.SI,20180814,种植业,2352.69,2435.85,2331.23,2418.11,23.31,0.97,16524.0,138485.0,41.87,2.71,5425611.0,12428965.19199
801016.SI,20180815,种植业,2369.82,2419.42,2326.89,2376.17,-41.93,-1.73,13696.0,107096.0,41.17,2.67,5331527.0,12216892.541908
801016.SI,20180816,种植业,2322.66,2388.51,2293.7,2348.61,-27.57,-1.16,11855.0,83991.0,40.71,2.63,5269674.0,12064200.38592
801016.SI,20180817,种植业,2321.67,2377.25,2266.41,2318.46,-30.14,-1.28,11930.0,79405.0,40.21,2.6,5202039.0,11927139.49134
801016.SI,20180820,种植业,2280.11,2339.2,2237.8,2317.32,-1.14,-0.05,10183.0,65784.0,40.19,2.6,5199477.0,11930551.587865
801016.SI,20180821,种植业,2276.24,2339.88,2260.28,2324.71,7.39,0.32,8109.0,56113.0,40.31,2.6,5216049.0,11967408.385408
801016.SI,20180822,种植业,2286.25,2375.33,2265.83,2361.86,37.15,1.6,15899.0,121364.0,40.88,2.64,5299410.0,12171332.446454
801016.SI,20180823,种植业,2302.75,2361.95,2238.37,2310.71,-51.15,-2.17,16404.0,156879.0,39.96,2.58,5184646.0,11971362.718635
801016.SI,20180824,种植业,2244.65,2303.03,2205.89,2260.44,-50.27,-2.18,11772.0,117010.0,39.06,2.52,5071848.0,11762753.351367
801016.SI,20180827,种植业,2226.58,2308.88,2215.32,2292.65,32.21,1.43,14481.0,127357.0,39.63,2.56,5144129.0,11941850.032381
801016.SI,20180828,种植业,2243.22,2327.71,2214.6,2306.66,14.01,0.61,17517.0,167842.0,39.87,2.58,5175559.0,12034267.629974
801016.SI,20180829,种植业,2254.34,2324.78,2236.61,2297.73,-8.93,-0.39,13648.0,113547.0,39.74,2.58,5155517.0,12007181.303483
801016.SI,20180830,种植业,2254.57,2319.32,2213.44,2262.74,-34.99,-1.52,12621.0,116191.0,39.11,2.54,5077015.0,11852627.006016
801016.SI,20180831,种植业,2223.28,2282.58,2189.52,2239.42,-23.32,-1.03,11280.0,103195.0,38.71,2.52,5026105.0,11749826.427363
801016.SI,20180903,种植业,2204.5,2291.61,2192.01,2271.52,32.1,1.43,17235.0,140693.0,41.65,2.56,5139312.0,11792886.859983
801016.SI,20180904,种植业,2232.35,2341.46,2219.29,2324.97,53.45,2.35,22993.0,196914.0,42.62,2.62,5263296.0,12193874.53514
801016.SI,20180905,种植业,2281.31,2360.9,2246.98,2324.65,-0.33,-0.01,20838.0,187219.0,42.58,2.62,5265382.0,12183684.436745
801016.SI,20180906,种植业,2304.58,2353.14,2282.09,2308.67,-15.98,-0.69,18199.0,164954.0,42.31,2.6,5229188.0,12105205.029825
801016.SI,20180907,种植业,2300.58,2334.49,2266.26,2283.01,-25.66,-1.11,15175.0,129390.0,41.85,2.57,5171077.0,11964276.711898
801016.SI,20180910,种植业,2279.74,2289.27,2245.28,2246.86,-36.15,-1.58,12512.0,105861.0,41.24,2.53,5089190.0,11792886.859983
801016.SI,20180911,种植业,2248.37,2265.31,2214.44,2245.75,-1.1,-0.05,9180.0,76766.0,41.23,2.53,5086690.0,11794091.073325
801016.SI,20180912,种植业,2244.53,2257.71,2212.7,2228.93,-16.83,-0.75,9785.0,83939.0,40.89,2.51,5048576.0,11692571.049958
801016.SI,20180913,种植业,2234.56,2251.76,2210.89,2235.72,6.79,0.3,9061.0,76949.0,41.04,2.52,5063959.0,11728505.361831
801016.SI,20180914,种植业,2233.56,2245.18,2206.94,2213.94,-21.78,-0.97,7855.0,66959.0,40.69,2.5,5014631.0,11611629.862351
801016.SI,20180917,种植业,2214.26,2229.47,2170.24,2183.3,-30.64,-1.38,8693.0,67087.0,40.09,2.46,4945240.0,11494640.378471
801016.SI,20180918,种植业,2181.73,2209.64,2158.45,2200.28,16.98,0.78,9269.0,76133.0,40.4,2.48,4983690.0,11585559.884659
801016.SI,20180919,种植业,2198.21,2240.8,2189.96,2223.36,23.08,1.05,11405.0,97513.0,40.81,2.51,5035958.0,11691061.224763
801016.SI,20180920,种植业,2222.59,2235.16,2201.26,2219.33,-4.02,-0.18,8942.0,73742.0,40.76,2.5,5026852.0,11659462.65554
801016.SI,20180921,种植业,2220.55,2243.87,2197.95,2236.56,17.22,0.78,10615.0,87215.0,41.08,2.52,5065865.0,11738401.311179
801016.SI,20180925,种植业,2233.11,2262.1,2216.6,2252.32,15.76,0.7,11534.0,97560.0,41.36,2.54,5101570.0,11842420.251351
801016.SI,20180926,种植业,2253.9,2264.92,2229.22,2245.0,-7.32,-0.33,11990.0,104920.0,41.24,2.53,5084982.0,11796753.405529
801016.SI,20180927,种植业,2251.47,2281.43,2212.65,2218.4,-26.6,-1.18,11906.0,98384.0,40.79,2.51,5024736.0,11658272.767695
801016.SI,20180928,种植业,2216.91,2233.72,2196.65,2222.69,4.29,0.19,8261.0,65412.0,40.87,2.51,5034449.0,11681860.919033
801016.SI,20181008,种植业,2182.97,2204.04,2126.06,2141.39,-81.3,-3.66,10840.0,89869.0,39.38,2.42,4850303.0,11309407.255516
801016.SI,20181009,种植业,2140.85,2171.9,2125.01,2144.27,2.88,0.13,7948.0,65247.0,39.45,2.42,4856824.0,11324039.646697
801016.SI,20181010,种植业,2142.6,2168.31,2131.86,2150.59,6.32,0.29,6559.0,52493.0,39.57,2.43,4871148.0,11372624.98561
801016.SI,20181011,种植业,2095.59,2107.99,1994.31,2013.0,-137.59,-6.4,14765.0,104497.0,37.07,2.28,4559504.0,10765840.908777
801016.SI,20181012,种植业,1993.59,2014.12,1914.34,1974.78,-38.22,-1.9,12582.0,86735.0,36.39,2.24,4472931.0,10620444.385839
801016.SI,20181015,种植业,1979.04,2000.4,1946.07,1956.39,-18.39,-0.93,7958.0,58400.0,35.6,2.16,4501393.0,10534576.228816
801016.SI,20181016,种植业,1955.7,1976.4,1907.53,1928.87,-27.52,-1.41,7957.0,51394.0,35.12,2.13,4438080.0,10414437.952366
801016.SI,20181017,种植业,1951.41,1970.82,1860.3,1902.85,-26.02,-1.35,12945.0,88861.0,34.62,2.1,4378211.0,10201332.310283
801016.SI,20181018,种植业,1885.2,1892.23,1827.0,1839.3,-63.55,-3.34,9213.0,60582.0,33.48,2.03,4232001.0,9885570.757913
801016.SI,20181019,种植业,1822.09,1876.9,1806.45,1868.76,29.46,1.6,8831.0,57458.0,34.02,2.07,4299783.0,10024187.80962
801016.SI,20181022,种植业,1888.35,1966.42,1880.01,1945.72,76.95,4.12,14431.0,90612.0,35.47,2.15,4484192.0,10366281.338049
801016.SI,20181023,种植业,1948.75,1962.74,1911.37,1927.34,-18.37,-0.94,11081.0,71308.0,35.1,2.13,4441850.0,10265347.70507
801016.SI,20181024,种植业,1924.44,1950.8,1907.84,1925.0,-2.34,-0.12,8293.0,58841.0,35.09,2.13,4436447.0,10248915.730949
801016.SI,20181025,种植业,1882.86,1921.18,1853.95,1914.01,-10.99,-0.57,7587.0,50854.0,34.92,2.12,4411123.0,10208821.75375
801016.SI,20181026,种植业,1919.78,1942.66,1907.71,1922.99,8.98,0.47,6590.0,42198.0,35.07,2.12,4431824.0,10240356.360939
801016.SI,20181029,种植业,1911.88,1932.49,1875.18,1893.22,-29.78,-1.55,6054.0,41478.0,34.55,2.09,4363200.0,10103449.889691
801016.SI,20181030,种植业,1894.83,1930.53,1874.83,1919.34,26.13,1.38,7889.0,52007.0,35.02,2.09,4423413.0,10238856.985008
801016.SI,20181031,种植业,1919.73,1959.86,1913.53,1946.75,27.4,1.43,9559.0,61229.0,35.52,2.13,4486570.0,10360100.821423
801016.SI,20181101,种植业,1954.13,1990.8,1940.0,1959.34,12.59,0.65,11615.0,77718.0,32.8,2.14,4515591.0,10408418.049072
801016.SI,20181102,种植业,1979.94,1998.74,1955.27,1988.33,28.98,1.48,13618.0,94013.0,33.28,2.17,4582388.0,10544383.640133
801016.SI,20181105,种植业,1981.67,2001.82,1957.4,1986.0,-2.32,-0.12,10810.0,75749.0,33.24,2.17,4577032.0,10524129.638078
801016.SI,20181106,种植业,1979.78,1994.65,1971.72,1993.96,7.95,0.4,8993.0,61746.0,33.39,2.18,4595365.0,10566083.40714
801016.SI,20181107,种植业,1993.91,2014.0,1975.94,1989.31,-4.65,-0.23,10071.0,70644.0,33.29,2.17,4584656.0,10548696.053061
801016.SI,20181108,种植业,1962.21,1991.45,1944.84,1960.4,-28.9,-1.45,10736.0,72985.0,32.81,2.14,4518043.0,10276788.105605
801016.SI,20181109,种植业,1923.06,1945.36,1908.45,1927.53,-32.87,-1.68,8531.0,58351.0,32.26,2.1,4443641.0,9996556.482777
801016.SI,20181112,种植业,1897.12,1966.51,1886.78,1954.15,26.61,1.38,32251.0,177432.0,32.7,2.13,4504998.0,10050985.798917
801016.SI,20181113,种植业,1929.49,2007.22,1917.73,1984.78,30.63,1.57,27935.0,160783.0,33.21,2.17,4575602.0,10186632.135234
801016.SI,20181114,种植业,1981.01,2031.13,1964.37,1986.52,1.74,0.09,22811.0,137807.0,33.25,2.17,4579616.0,10193786.252346
801016.SI,20181115,种植业,1992.28,2017.68,1968.64,2000.92,14.4,0.72,18607.0,117776.0,33.48,2.18,4612810.0,10282304.061014
801016.SI,20181116,种植业,2012.06,2033.19,1980.71,2012.94,12.02,0.6,18693.0,121375.0,33.72,2.2,4646909.0,10332735.170914
801016.SI,20181119,种植业,2015.24,2036.75,1985.68,2015.95,3.01,0.15,16170.0,102218.0,33.77,2.2,4653865.0,10349102.471911
801016.SI,20181120,种植业,1997.08,2017.86,1941.93,1952.67,-63.28,-3.14,16376.0,114222.0,32.65,2.13,4507785.0,10051880.970404
801016.SI,20181121,种植业,1930.25,1986.96,1921.51,1979.03,26.35,1.35,13325.0,96672.0,33.07,2.16,4568625.0,10169240.334003
801016.SI,20181122,种植业,1980.06,1994.73,1960.86,1972.54,-6.49,-0.33,9797.0,68510.0,32.98,2.15,4553645.0,10128323.293692
801016.SI,20181123,种植业,1978.98,1984.28,1872.29,1885.05,-87.49,-4.44,15834.0,101035.0,31.51,2.05,4351676.0,9678165.022732
801016.SI,20181126,种植业,1883.0,1907.32,1860.4,1880.45,-4.6,-0.24,10067.0,68521.0,31.5,2.05,4341058.0,9652278.606706
801016.SI,20181127,种植业,1887.35,1907.17,1868.68,1882.28,1.82,0.1,8256.0,52015.0,31.53,2.05,4345271.0,9661602.113468
801016.SI,20181128,种植业,1881.01,1948.71,1853.06,1927.7,45.42,2.41,16247.0,96561.0,32.28,2.1,4450126.0,9906814.773506
801016.SI,20181129,种植业,1930.86,1975.31,1893.06,1916.43,-11.26,-0.58,22668.0,143442.0,32.03,2.09,4424124.0,9836407.301649
801016.SI,20181130,种植业,1906.24,1962.3,1880.15,1930.79,14.36,0.75,20071.0,133530.0,32.29,2.1,4457264.0,9902882.371179
801016.SI,20181203,种植业,1930.2,1998.54,1919.93,1987.1,56.31,2.92,25362.0,164315.0,33.24,2.17,4587249.0,10158038.851258
801016.SI,20181204,种植业,1974.2,1997.84,1959.99,1985.62,-1.47,-0.07,16172.0,105502.0,33.23,2.17,4583847.0,10144448.382427
801016.SI,20181205,种植业,1950.72,2024.47,1937.32,1997.67,12.05,0.61,18229.0,126516.0,33.4,2.18,4611657.0,10192316.134431
801016.SI,20181206,种植业,1990.63,2020.22,1960.84,1974.64,-23.03,-1.15,15537.0,110311.0,33.02,2.15,4558492.0,10088545.501186
801016.SI,20181207,种植业,1979.85,1997.57,1955.49,1974.8,0.16,0.01,10031.0,71724.0,33.04,2.15,4559812.0,10083555.004236
801016.SI,20181210,种植业,1966.3,1994.14,1941.71,1965.55,-9.24,-0.47,11505.0,76115.0,32.88,2.14,4538469.0,10035938.790589
801016.SI,20181211,种植业,1974.98,1989.59,1944.41,1968.98,3.43,0.17,10539.0,66267.0,32.94,2.15,4546379.0,10055814.758993
801016.SI,20181212,种植业,1974.08,1984.4,1954.89,1965.66,-3.32,-0.17,8477.0,51777.0,32.89,2.14,4538716.0,10045615.687553
801016.SI,20181213,种植业,1969.58,1986.13,1945.87,1971.8,6.14,0.31,11494.0,76024.0,33.01,2.15,4552903.0,10075749.769667
801016.SI,20181214,种植业,1967.03,1988.27,1921.18,1932.33,-39.47,-2.0,14237.0,94371.0,32.36,2.11,4461767.0,9897319.265932
801016.SI,20181217,种植业,1927.89,1966.26,1906.18,1945.18,12.84,0.66,10682.0,72309.0,32.58,2.12,4491422.0,9938876.073051
801016.SI,20181218,种植业,1936.56,1959.5,1907.78,1928.59,-16.59,-0.85,10089.0,67195.0,32.28,2.1,4453119.0,9848827.716246
801016.SI,20181219,种植业,1930.07,1950.72,1891.02,1907.25,-21.34,-1.11,10558.0,73946.0,31.94,2.08,4403843.0,9788092.011865
801016.SI,20181220,种植业,1905.04,1922.49,1877.99,1900.42,-6.82,-0.36,7488.0,51036.0,31.82,2.07,4388089.0,9754025.689418
801016.SI,20181221,种植业,1895.24,1914.83,1877.38,1895.29,-5.13,-0.27,8031.0,55724.0,32.17,2.01,4394761.0,9809783.194141
801016.SI,20181224,种植业,1913.55,1959.78,1899.77,1936.69,41.39,2.18,14777.0,93892.0,32.88,2.05,4490740.0,10016367.769073
801016.SI,20181225,种植业,1909.73,1937.23,1853.12,1910.32,-26.37,-1.36,12672.0,82345.0,32.44,2.03,4429590.0,9842730.013688
801016.SI,20181226,种植业,1901.85,1928.56,1880.43,1900.8,-9.51,-0.5,8966.0,60968.0,33.25,2.01,4539294.0,10011667.4424
801016.SI,20181227,种植业,1922.26,1933.76,1864.22,1877.92,-22.88,-1.2,10819.0,67821.0,32.87,1.98,4484658.0,9873466.806468
801016.SI,20181228,种植业,1882.5,1906.52,1851.08,1889.73,11.81,0.63,9107.0,55713.0,33.07,1.99,4512850.0,9943711.394287
801016.SI,20190102,种植业,1888.5,1910.4,1855.8,1875.25,-14.48,-0.77,9540.0,63029.0,32.82,1.98,4478268.0,9882253.359796
801016.SI,20190103,种植业,1876.17,1888.2,1833.92,1844.03,-31.22,-1.66,9163.0,60029.0,32.25,1.94,4403711.0,9723869.310438
801016.SI,20190104,种植业,1828.4,1893.02,1807.21,1883.5,39.48,2.14,13217.0,86019.0,32.94,2.0,4497985.0,9939435.669916
801016.SI,20190107,种植业,1903.28,1944.39,1878.95,1926.02,42.52,2.26,14308.0,98791.0,33.69,2.04,4599524.0,10140407.764898
801016.SI,20190108,种植业,1916.55,1929.98,1889.28,1906.44,-19.58,-1.02,10481.0,69194.0,33.27,2.02,4536844.0,10031354.912199
801016.SI,20190109,种植业,1903.6,1944.42,1890.98,1909.14,2.69,0.14,14618.0,104056.0,33.32,2.02,4543410.0,10047249.033683
801016.SI,20190110,种植业,1903.55,1925.5,1879.05,1895.69,-13.44,-0.7,10699.0,73329.0,33.05,2.01,4511414.0,9967995.389937
801016.SI,20190111,种植业,1885.39,1911.9,1866.07,1895.25,-0.45,-0.02,13135.0,80898.0,33.05,2.01,4510351.0,9963456.823644
801016.SI,20190114,种植业,1888.86,1901.47,1854.77,1865.19,-30.06,-1.59,10828.0,71537.0,32.53,1.98,4438815.0,9812379.665634
801016.SI,20190115,种植业,1865.24,1892.7,1855.54,1886.57,21.38,1.15,9052.0,56876.0,32.91,2.0,4489696.0,9923309.586571
801016.SI,20190116,种植业,1885.23,1911.13,1871.78,1894.54,7.97,0.42,10580.0,67552.0,33.05,2.01,4508663.0,9974983.522651
801016.SI,20190117,种植业,1890.33,1903.44,1853.53,1863.4,-31.13,-1.64,10303.0,68129.0,32.49,1.97,4434571.0,9815254.78632
801016.SI,20190118,种植业,1867.53,1886.04,1854.0,1875.2,11.79,0.63,9562.0,58295.0,32.7,1.99,4462632.0,9882439.619901
801016.SI,20190121,种植业,1899.46,1919.47,1874.31,1888.27,13.08,0.7,16881.0,99256.0,32.93,2.0,4493759.0,9999427.949208
801016.SI,20190122,种植业,1884.01,1918.38,1865.13,1889.48,1.2,0.06,19020.0,111090.0,32.92,2.0,4496619.0,10011245.974778
801016.SI,20190123,种植业,1879.21,1941.01,1864.64,1914.38,24.9,1.32,30573.0,160983.0,33.35,2.03,4555874.0,10102849.183277
801016.SI,20190124,种植业,1911.72,1962.23,1887.13,1931.64,17.27,0.9,37510.0,182441.0,33.83,2.05,4576510.0,10186436.843202
801016.SI,20190125,种植业,1919.65,1932.3,1856.53,1875.09,-56.55,-2.93,27113.0,149563.0,32.88,1.98,4442527.0,9949120.118104
801016.SI,20190128,种植业,1881.41,1903.38,1847.87,1863.15,-11.95,-0.64,18073.0,96887.0,32.66,1.97,4414225.0,9900554.98733
801016.SI,20190129,种植业,1853.93,1861.98,1775.1,1811.84,-51.31,-2.75,16936.0,91577.0,31.77,1.92,4292671.0,9639113.853618
801016.SI,20190130,种植业,1804.99,1822.07,1775.31,1782.17,-29.67,-1.64,10335.0,59744.0,31.27,1.89,4222365.0,9471689.276488
801016.SI,20190131,种植业,1782.68,1799.52,1735.43,1752.97,-29.2,-1.64,13889.0,80327.0,30.8,1.86,4153188.0,9314858.826801
801016.SI,20190201,种植业,1758.65,1805.41,1754.48,1799.04,46.07,2.63,10102.0,56707.0,31.6,1.91,4262348.0,9543656.146648
801016.SI,20190211,种植业,1801.43,1856.9,1793.95,1850.58,51.54,2.86,14270.0,79348.0,32.5,1.96,4384452.0,9803432.207939
801016.SI,20190212,种植业,1852.69,1882.65,1844.48,1869.81,19.23,1.04,16438.0,93202.0,32.84,1.98,4430008.0,9916211.800788
801016.SI,20190213,种植业,1870.24,1911.09,1858.31,1899.05,29.24,1.56,21010.0,122607.0,34.26,2.01,4667291.0,10072131.703001
801016.SI,20190214,种植业,1895.02,1932.43,1880.67,1906.52,7.47,0.39,20653.0,123646.0,34.38,2.02,4685661.0,10120058.249675
801016.SI,20190215,种植业,1903.62,1983.67,1893.15,1940.17,33.65,1.76,28857.0,178313.0,34.99,2.06,4768358.0,10282033.9839
801016.SI,20190218,种植业,1947.15,2000.1,1931.91,1991.91,51.73,2.67,31983.0,185896.0,35.93,2.11,4895507.0,10549002.521844
801016.SI,20190219,种植业,1996.5,2026.42,1957.88,1999.69,7.79,0.39,33449.0,191510.0,36.07,2.12,4914640.0,10597744.478239
801016.SI,20190220,种植业,2068.19,2118.95,2004.66,2026.5,26.81,1.34,54074.0,328094.0,36.56,2.15,4980539.0,10727947.669648
801016.SI,20190221,种植业,2009.43,2059.24,1979.85,2014.79,-11.72,-0.58,41368.0,243784.0,36.35,2.14,4951738.0,10634622.732645
801016.SI,20190222,种植业,2009.91,2043.6,1989.69,2037.3,22.51,1.12,24808.0,151422.0,36.77,2.16,5007064.0,10748648.782027
801016.SI,20190225,种植业,2045.19,2136.29,2028.77,2127.04,89.75,4.41,47205.0,293260.0,38.39,2.26,5227637.0,11218723.852083
801016.SI,20190226,种植业,2125.03,2186.62,2079.84,2127.27,0.23,0.01,50180.0,306326.0,38.39,2.26,5228202.0,11227305.780039
801016.SI,20190227,种植业,2121.94,2148.71,2083.32,2100.35,-26.93,-1.27,34491.0,208993.0,37.91,2.23,5162027.0,11086782.564973
801016.SI,20190228,种植业,2105.42,2132.64,2081.43,2110.31,9.96,0.47,21504.0,137539.0,38.07,2.24,5186499.0,11146832.95065
801016.SI,20190301,种植业,2116.88,2133.47,2081.96,2118.62,8.31,0.39,21583.0,134855.0,38.23,2.25,5206932.0,11184303.293558
801016.SI,20190304,种植业,2125.58,2173.75,2109.51,2136.93,18.31,0.86,39018.0,253731.0,38.55,2.27,5251925.0,11281573.818226
801016.SI,20190305,种植业,2129.41,2182.17,2113.93,2174.37,37.44,1.75,35506.0,220832.0,39.24,2.31,5343941.0,11460910.549022
801016.SI,20190306,种植业,2180.7,2228.29,2148.57,2211.18,36.81,1.69,46385.0,292688.0,39.91,2.35,5434414.0,11659271.813043
801016.SI,20190307,种植业,2207.99,2273.67,2179.13,2232.97,21.8,0.99,46606.0,294416.0,40.3,2.37,5487982.0,11740153.930821
801016.SI,20190308,种植业,2196.09,2255.03,2111.32,2131.96,-101.01,-4.52,47291.0,287275.0,38.48,2.26,5239727.0,11216542.781209
801016.SI,20190311,种植业,2139.37,2230.99,2133.65,2223.52,91.56,4.29,35657.0,226339.0,40.14,2.36,5464753.0,11691098.465035
801016.SI,20190312,种植业,2240.98,2296.95,2203.33,2254.57,31.04,1.4,47121.0,315854.0,40.66,2.39,5541047.0,11868504.284385
801016.SI,20190313,种植业,2270.61,2314.61,2186.59,2212.05,-42.51,-1.89,43074.0,288333.0,39.92,2.35,5436558.0,11634285.716605
801016.SI,20190314,种植业,2190.45,2210.16,2098.54,2131.75,-80.3,-3.63,30080.0,184891.0,38.4,2.26,5224597.0,11228707.991576
801016.SI,20190315,种植业,2138.14,2186.06,2125.46,2155.89,24.13,1.13,22203.0,144424.0,38.84,2.29,5283744.0,11358784.032147
801016.SI,20190318,种植业,2166.95,2251.51,2145.56,2245.51,89.63,4.16,27935.0,206700.0,40.46,2.38,5503405.0,11796641.770411
801016.SI,20190319,种植业,2253.24,2285.42,2219.15,2261.47,15.96,0.71,27394.0,206028.0,40.76,2.4,5542521.0,11857241.781976
801016.SI,20190320,种植业,2255.69,2324.32,2225.09,2285.19,23.72,1.05,37491.0,254377.0,41.18,2.42,5600650.0,11984933.749083
801016.SI,20190321,种植业,2292.04,2358.15,2254.67,2321.5,36.31,1.59,45716.0,288567.0,41.84,2.46,5689633.0,12141310.862781
801016.SI,20190322,种植业,2325.49,2374.39,2271.62,2343.11,21.61,0.93,57936.0,329791.0,42.54,2.49,5742606.0,12236174.838558
801016.SI,20190325,种植业,2293.36,2420.1,2275.28,2363.26,20.15,0.86,57060.0,341659.0,42.91,2.51,5791983.0,12306528.221971
801016.SI,20190326,种植业,2360.53,2404.15,2254.76,2278.52,-84.74,-3.59,49034.0,292817.0,41.38,2.42,5584288.0,11860693.98904
801016.SI,20190327,种植业,2280.56,2356.97,2218.48,2328.01,49.49,2.17,51366.0,285954.0,42.31,2.47,5705583.0,12102559.018511
801016.SI,20190328,种植业,2299.64,2347.57,2236.99,2262.4,-65.61,-2.82,46088.0,269300.0,40.78,2.41,5544781.0,11774767.510844
801016.SI,20190329,种植业,2249.23,2316.62,2213.79,2295.58,33.19,1.47,34953.0,228077.0,41.9,2.44,5626116.0,11974389.643761
801016.SI,20190401,种植业,2297.09,2370.18,2282.75,2354.12,58.54,2.55,39547.0,270308.0,42.96,2.51,5769593.0,12291681.610863
801016.SI,20190402,种植业,2362.5,2390.8,2313.43,2339.21,-14.91,-0.63,38199.0,263705.0,42.66,2.49,5734227.0,12229503.196572
801016.SI,20190403,种植业,2334.61,2367.84,2307.17,2350.13,10.91,0.47,31030.0,213765.0,42.87,2.52,5760980.0,12299585.603083
801016.SI,20190404,种植业,2357.88,2396.21,2335.94,2361.14,11.01,0.47,35073.0,236340.0,43.28,2.53,5787968.0,12360940.974132
801016.SI,20190408,种植业,2372.44,2448.35,2326.22,2393.26,32.13,1.36,55975.0,358030.0,43.83,2.56,5862120.0,12538510.564318
801016.SI,20190409,种植业,2377.07,2420.55,2315.12,2362.0,-31.26,-1.31,42930.0,276227.0,43.26,2.51,5785545.0,12395129.930011
801016.SI,20190410,种植业,2345.47,2375.51,2312.81,2347.03,-14.97,-0.63,29940.0,198724.0,43.07,2.49,5748870.0,12302982.832708
801016.SI,20190411,种植业,2350.71,2375.56,2305.05,2315.67,-31.35,-1.34,27854.0,199092.0,42.53,2.45,5672069.0,12158792.618963
801016.SI,20190412,种植业,2311.99,2347.2,2278.73,2321.48,5.81,0.25,22228.0,161236.0,42.01,2.47,5686294.0,12177641.367185
801016.SI,20190415,种植业,2339.13,2375.45,2286.7,2306.06,-15.42,-0.66,27326.0,195064.0,41.72,2.45,5648524.0,12102370.326729
801016.SI,20190416,种植业,2301.39,2355.64,2257.14,2346.18,40.12,1.74,28684.0,202619.0,42.45,2.5,5746800.0,12301318.33828
801016.SI,20190417,种植业,2343.77,2373.04,2336.09,2358.39,12.22,0.52,31404.0,227026.0,42.67,2.51,5776721.0,12372462.719599
801016.SI,20190418,种植业,2358.56,2387.27,2317.07,2340.19,-18.21,-0.77,27791.0,185835.0,41.92,2.48,5732125.0,12267264.689481
801016.SI,20190419,种植业,2341.0,2369.21,2307.22,2340.69,0.51,0.02,22632.0,151286.0,41.94,2.48,5733362.0,12267989.409343
801016.SI,20190422,种植业,2343.59,2381.54,2312.64,2344.25,3.56,0.15,26711.0,186175.0,41.72,2.48,5742084.0,12313483.649802
801016.SI,20190423,种植业,2338.38,2348.96,2248.86,2266.66,-77.59,-3.31,26198.0,183595.0,40.33,2.4,5552028.0,11908103.690288
801016.SI,20190424,种植业,2270.26,2319.25,2237.73,2303.05,36.39,1.61,22742.0,160640.0,40.98,2.44,5641168.0,12114831.622978
801016.SI,20190425,种植业,2292.07,2318.7,2188.6,2198.75,-104.3,-4.53,26489.0,186012.0,39.31,2.31,5385690.0,11570242.352353
801016.SI,20190426,种植业,2182.93,2209.23,2136.64,2153.4,-45.36,-2.06,21767.0,143639.0,38.21,2.26,5274591.0,11313041.955985
801016.SI,20190429,种植业,2158.91,2177.17,2047.3,2057.79,-95.61,-4.44,22007.0,148693.0,34.99,2.16,5040410.0,10826665.671548
801016.SI,20190430,种植业,2057.24,2115.53,2051.6,2093.19,35.4,1.72,14501.0,93763.0,35.86,2.19,5132721.0,11011877.187924
801016.SI,20190506,种植业,2097.51,2188.47,2001.17,2039.96,-53.23,-2.54,44097.0,278179.0,34.27,2.13,5028846.0,10734798.686007
801016.SI,20190507,种植业,2039.11,2175.23,2005.26,2165.48,125.52,6.15,54849.0,383136.0,36.35,2.26,5338262.0,11392701.911661
801016.SI,20190508,种植业,2123.59,2281.66,2095.88,2207.74,42.26,1.95,63055.0,478524.0,36.85,2.3,5493617.0,11613047.407765
801016.SI,20190509,种植业,2167.35,2274.44,2091.32,2244.72,36.98,1.68,63018.0,459507.0,37.4,2.34,5585640.0,11804526.943729
801016.SI,20190510,种植业,2172.3,2345.27,2145.56,2264.41,19.69,0.88,74880.0,593949.0,37.73,2.36,5634624.0,11903568.422542
801016.SI,20190513,种植业,2237.42,2417.7,2210.69,2376.59,112.18,4.95,77625.0,625179.0,39.59,2.47,5913755.0,12467888.335097
801016.SI,20190514,种植业,2360.95,2408.38,2275.21,2300.21,-76.37,-3.21,71070.0,595798.0,37.9,2.4,5661106.0,12051680.750161
801016.SI,20190515,种植业,2304.36,2419.61,2282.44,2384.69,84.48,3.67,69592.0,590404.0,39.25,2.49,5869012.0,12482731.820445
801016.SI,20190516,种植业,2404.76,2529.7,2378.96,2455.3,70.61,2.96,79573.0,687365.0,40.35,2.56,6008146.0,12773741.001285
801016.SI,20190517,种植业,2461.44,2625.91,2429.07,2550.41,95.11,3.87,100130.0,926007.0,41.9,2.65,6276867.0,13367230.887489
801016.SI,20190520,种植业,2558.15,2572.87,2337.73,2384.8,-165.61,-6.49,101254.0,836149.0,39.21,2.48,5869278.0,12539555.061383
801016.SI,20190521,种植业,2340.47,2448.02,2308.97,2398.34,13.54,0.57,75009.0,610150.0,39.44,2.5,5902610.0,12616798.695962
801016.SI,20190522,种植业,2364.95,2517.19,2307.88,2458.32,59.98,2.5,92098.0,758906.0,40.4,2.59,6050231.0,12890814.142403
801016.SI,20190523,种植业,2394.01,2426.03,2268.82,2286.83,-171.49,-6.98,77193.0,630686.0,37.61,2.41,5628175.0,11975163.171875
801016.SI,20190524,种植业,2253.69,2317.63,2180.13,2205.12,-81.71,-3.57,51230.0,400657.0,36.31,2.33,5427085.0,11553052.248322
801016.SI,20190527,种植业,2218.0,2275.32,2180.51,2260.88,55.76,2.53,43254.0,333853.0,37.23,2.39,5564316.0,11849149.64518
801016.SI,20190528,种植业,2246.27,2358.32,2228.99,2297.0,36.11,1.6,65696.0,516187.0,37.81,2.43,5653198.0,12036423.425581
801016.SI,20190529,种植业,2285.62,2423.57,2262.41,2403.59,106.59,4.64,81280.0,664542.0,39.55,2.54,5915523.0,12586022.66116
801016.SI,20190530,种植业,2411.17,2565.27,2399.23,2532.32,128.73,5.36,93689.0,858605.0,41.54,2.68,6211634.0,13196867.90192
801016.SI,20190531,种植业,2549.86,2563.89,2413.82,2470.48,-61.84,-2.44,97478.0,859137.0,40.55,2.62,6059945.0,12877717.715594
801016.SI,20190603,种植业,2466.81,2629.67,2435.82,2563.82,93.34,3.78,101417.0,912614.0,42.11,2.72,6288906.0,13376758.173333
801016.SI,20190604,种植业,2471.08,2489.66,2350.4,2368.51,-195.31,-7.62,50978.0,419919.0,38.92,2.52,5809812.0,12377020.923141
801016.SI,20190605,种植业,2337.25,2563.2,2327.65,2537.73,169.22,7.14,108314.0,902264.0,41.73,2.7,6224908.0,13242595.589533
801016.SI,20190606,种植业,2512.24,2580.68,2413.33,2459.63,-78.1,-3.08,90543.0,768099.0,40.47,2.62,6033339.0,12875518.999144
801016.SI,20190610,种植业,2485.41,2555.85,2389.53,2499.69,40.06,1.63,82286.0,701689.0,41.14,2.66,6131602.0,13073898.954565
801016.SI,20190611,种植业,2487.6,2648.19,2475.48,2594.17,94.48,3.78,103918.0,926548.0,42.69,2.76,6363360.0,13546903.961967
801016.SI,20190612,种植业,2535.65,2782.41,2512.75,2729.96,135.79,5.23,138582.0,1207887.0,44.88,2.9,6696448.0,14215976.500813
801016.SI,20190613,种植业,2707.69,2785.82,2610.17,2689.51,-40.46,-1.48,131049.0,1091495.0,44.2,2.86,6597212.0,14044136.289968
801016.SI,20190614,种植业,2674.91,2782.32,2599.09,2640.37,-49.14,-1.83,130087.0,1069960.0,43.38,2.81,6476686.0,13792184.270877
801016.SI,20190617,种植业,2632.97,2692.3,2511.35,2606.38,-33.99,-1.29,96358.0,740635.0,42.85,2.77,6393299.0,13618280.365003
801016.SI,20190618,种植业,2588.21,2663.42,2516.26,2552.01,-54.37,-2.09,83157.0,625531.0,41.97,2.72,6259934.0,13337759.948711
801016.SI,20190619,种植业,2528.13,2631.96,2506.78,2595.96,43.95,1.72,84717.0,656445.0,42.71,2.76,6367739.0,13528099.975562
801016.SI,20190620,种植业,2574.35,2609.82,2508.04,2563.56,-32.4,-1.25,79582.0,609997.0,42.17,2.73,6288261.0,13380912.992641
801016.SI,20190621,种植业,2554.19,2607.05,2523.34,2560.75,-2.81,-0.11,70619.0,550969.0,42.12,2.73,6281372.0,13370237.490914
801016.SI,20190624,种植业,2557.24,2677.87,2514.27,2660.67,99.93,3.9,103280.0,864970.0,43.72,2.83,6526483.0,13881843.609613
801016.SI,20190625,种植业,2635.54,2677.31,2551.35,2580.3,-80.37,-3.02,84155.0,729927.0,42.41,2.74,6329336.0,13472810.731525
801016.SI,20190626,种植业,2554.29,2575.99,2464.95,2476.61,-103.69,-4.02,64802.0,529890.0,40.7,2.64,6074983.0,12955674.625732
801016.SI,20190627,种植业,2471.89,2519.82,2447.93,2498.06,21.45,0.87,51632.0,427564.0,41.02,2.66,6127604.0,13084164.605815
801016.SI,20190628,种植业,2482.84,2502.46,2390.98,2427.06,-71.0,-2.84,49447.0,405971.0,39.83,2.58,5953447.0,12740151.165188
801016.SI,20190701,种植业,2426.19,2469.3,2379.84,2451.45,24.39,1.0,48630.0,391811.0,40.23,2.6,6013265.0,12861088.021585
801016.SI,20190702,种植业,2442.65,2482.48,2421.28,2437.78,-13.67,-0.56,36409.0,297186.0,40.01,2.59,5979735.0,12794827.872398
801016.SI,20190703,种植业,2437.7,2466.19,2393.88,2427.37,-10.41,-0.43,34855.0,303910.0,39.8,2.58,5954191.0,12742395.288076
801016.SI,20190704,种植业,2428.12,2441.91,2352.61,2369.87,-57.5,-2.37,37686.0,316662.0,38.81,2.51,5813148.0,12455321.918016
801016.SI,20190705,种植业,2371.83,2408.7,2347.29,2388.78,18.91,0.8,31737.0,266788.0,39.16,2.54,5859531.0,12542608.738034
801016.SI,20190708,种植业,2381.09,2415.43,2281.52,2355.87,-32.9,-1.38,45907.0,353314.0,38.6,2.5,5778826.0,12342696.446504
801016.SI,20190709,种植业,2331.55,2400.64,2313.2,2365.87,9.99,0.42,41366.0,336169.0,38.75,2.51,5803335.0,12384092.009786
801016.SI,20190710,种植业,2356.57,2394.29,2309.3,2322.01,-43.86,-1.85,32221.0,265324.0,38.04,2.46,5695757.0,12166817.04289
801016.SI,20190711,种植业,2330.35,2357.22,2296.27,2315.79,-6.22,-0.27,25963.0,211107.0,37.98,2.46,5680494.0,12106677.580553
801016.SI,20190712,种植业,2314.28,2333.83,2278.44,2301.13,-14.65,-0.63,24478.0,180795.0,37.75,2.45,5644548.0,12034970.916078
801016.SI,20190715,种植业,2286.02,2319.61,2238.04,2303.41,2.27,0.1,25426.0,199638.0,37.78,2.47,5650125.0,12068341.524307
801016.SI,20190716,种植业,2300.34,2325.43,2281.83,2296.58,-6.83,-0.3,19687.0,150241.0,37.68,2.46,5633383.0,12038053.498906
801016.SI,20190717,种植业,2301.03,2379.83,2289.12,2346.82,50.24,2.19,42325.0,336362.0,38.5,2.51,5756621.0,12291901.213474
801016.SI,20190718,种植业,2335.33,2415.6,2316.81,2367.72,20.89,0.89,49018.0,409348.0,38.84,2.53,5807874.0,12399913.860515
801016.SI,20190719,种植业,2344.39,2377.25,2316.53,2322.32,-45.4,-1.92,34598.0,285415.0,38.11,2.49,5697286.0,12175554.610825
801016.SI,20190722,种植业,2303.01,2307.99,2182.37,2197.46,-124.86,-5.38,39351.0,290170.0,36.08,2.35,5390964.0,11546494.477271
801016.SI,20190723,种植业,2188.3,2225.52,2172.49,2212.67,15.21,0.69,20540.0,150453.0,36.32,2.37,5428278.0,11623590.997547
801016.SI,20190724,种植业,2216.97,2252.61,2205.3,2232.26,19.59,0.89,19971.0,148259.0,36.65,2.39,5480137.0,11724862.348557
801016.SI,20190725,种植业,2233.31,2279.6,2205.3,2261.82,29.56,1.32,31009.0,231835.0,37.13,2.42,5552702.0,11885337.188116
801016.SI,20190726,种植业,2244.97,2259.43,2218.08,2227.94,-33.87,-1.5,19915.0,146715.0,36.58,2.39,5469542.0,11706069.303713
801016.SI,20190729,种植业,2227.39,2245.8,2204.46,2218.8,-9.15,-0.41,16311.0,121151.0,36.42,2.38,5449409.0,11661366.524113
801016.SI,20190730,种植业,2223.65,2248.58,2204.94,2221.85,3.05,0.14,17396.0,132073.0,36.47,2.38,5456903.0,11670045.016015
801016.SI,20190731,种植业,2221.31,2248.6,2198.58,2218.27,-3.58,-0.16,19187.0,145958.0,36.4,2.38,5448110.0,11668306.248325
801016.SI,20190801,种植业,2204.78,2226.17,2175.19,2189.73,-28.54,-1.29,20667.0,146571.0,35.94,2.35,5378021.0,11516490.133051
801016.SI,20190802,种植业,2211.12,2285.52,2198.71,2254.98,65.25,2.98,50721.0,382285.0,37.02,2.42,5538276.0,11850664.195328
801016.SI,20190805,种植业,2240.59,2323.61,2213.62,2287.89,32.92,1.46,54709.0,428318.0,37.55,2.45,5619116.0,12025330.623595
801016.SI,20190806,种植业,2303.44,2347.68,2189.25,2229.17,-58.73,-2.57,65727.0,526035.0,36.58,2.39,5474883.0,11723642.592468
801016.SI,20190807,种植业,2214.02,2280.41,2181.43,2251.58,22.41,1.01,50154.0,396292.0,36.95,2.41,5529934.0,11843797.716804
801016.SI,20190808,种植业,2222.11,2243.46,2193.27,2212.45,-39.13,-1.74,31558.0,257231.0,36.31,2.37,5433822.0,11638314.291788
801016.SI,20190809,种植业,2210.75,2246.75,2150.57,2168.64,-43.81,-1.98,33079.0,274091.0,35.6,2.32,5326223.0,11398931.827504
801016.SI,20190812,种植业,2175.24,2205.83,2126.66,2184.48,15.84,0.73,28855.0,242550.0,35.83,2.34,5365131.0,11478030.357833
801016.SI,20190813,种植业,2170.17,2195.3,2139.59,2161.06,-23.43,-1.07,26922.0,232222.0,35.44,2.31,5307597.0,11343869.606059
801016.SI,20190814,种植业,2154.13,2167.71,2123.43,2135.53,-25.52,-1.18,28607.0,233393.0,35.03,2.29,5244911.0,11205021.118267
801016.SI,20190815,种植业,2095.3,2128.35,2067.33,2111.5,-24.03,-1.13,26026.0,204665.0,34.64,2.26,5185887.0,11080540.277254
801016.SI,20190816,种植业,2118.96,2151.42,2103.97,2129.26,17.76,0.84,29181.0,240436.0,34.93,2.28,5229502.0,11161620.282524
801016.SI,20190819,种植业,2122.33,2162.37,2104.11,2159.04,29.78,1.4,31169.0,245334.0,35.42,2.3,5302647.0,11322014.550977
801016.SI,20190820,种植业,2153.77,2269.59,2140.13,2259.71,100.67,4.66,59084.0,466278.0,37.1,2.41,5549900.0,11817783.614123
801016.SI,20190821,种植业,2243.16,2272.46,2204.65,2220.87,-38.84,-1.72,55717.0,450948.0,36.46,2.37,5454506.0,11627441.037133
801016.SI,20190822,种植业,2214.41,2250.09,2194.17,2212.45,-8.42,-0.38,37917.0,304518.0,36.32,2.36,5433826.0,11578874.199223
801016.SI,20190823,种植业,2211.15,2244.97,2185.4,2216.55,4.1,0.19,36510.0,292845.0,36.39,2.37,5443887.0,11587645.067508
801016.SI,20190826,种植业,2230.56,2267.39,2201.21,2217.5,0.95,0.04,46296.0,395517.0,36.39,2.37,5446225.0,11594002.861041
801016.SI,20190827,种植业,2206.45,2266.21,2193.05,2247.82,30.32,1.37,43824.0,358506.0,36.9,2.38,5520684.0,11747187.560176
801016.SI,20190828,种植业,2238.28,2281.88,2215.53,2244.22,-3.59,-0.16,39494.0,310497.0,36.84,2.37,5511862.0,11740579.274899
801016.SI,20190829,种植业,2235.38,2251.71,2207.88,2217.07,-27.15,-1.21,27185.0,217181.0,36.38,2.34,5445178.0,11608995.660439
801016.SI,20190830,种植业,2214.48,2232.99,2161.28,2177.33,-39.74,-1.79,35526.0,295489.0,35.69,2.3,5347567.0,11415338.025038
801016.SI,20190902,种植业,2169.56,2205.98,2156.44,2195.83,18.5,0.85,24854.0,201109.0,32.85,2.32,5392993.0,11511992.184707
801016.SI,20190903,种植业,2199.46,2232.8,2188.08,2208.21,12.38,0.56,25227.0,211734.0,33.03,2.34,5423409.0,11576364.698913
801016.SI,20190904,种植业,2203.15,2231.61,2188.6,2218.86,10.65,0.48,25346.0,205368.0,33.21,2.35,5449560.0,11635697.519316
801016.SI,20190905,种植业,2221.31,2254.01,2208.73,2234.67,15.81,0.71,38258.0,296695.0,33.45,2.37,5488399.0,11715586.678698
801016.SI,20190906,种植业,2236.17,2246.87,2200.12,2212.53,-22.14,-0.99,29244.0,229116.0,33.12,2.34,5434032.0,11602070.354554
801016.SI,20190909,种植业,2223.33,2240.06,2203.93,2232.44,19.9,0.9,26298.0,200030.0,33.42,2.36,5482914.0,11712457.125187
801016.SI,20190910,种植业,2241.44,2333.52,2233.58,2293.51,61.08,2.74,58049.0,472134.0,34.35,2.43,5632919.0,12038359.001031
801016.SI,20190911,种植业,2285.75,2314.07,2256.6,2279.48,-14.04,-0.61,43754.0,356199.0,34.15,2.42,5598443.0,11966642.15926
801016.SI,20190912,种植业,2273.77,2282.0,2244.73,2263.1,-16.37,-0.72,25750.0,208445.0,33.89,2.4,5558228.0,11881475.560286
801016.SI,20190916,种植业,2255.26,2277.49,2240.94,2262.94,-0.16,-0.01,22978.0,181494.0,33.88,2.4,5557837.0,11883736.618699
801016.SI,20190917,种植业,2258.16,2276.51,2195.52,2206.39,-56.55,-2.5,26944.0,210893.0,33.05,2.34,5418948.0,11587010.868156
801016.SI,20190918,种植业,2208.56,2224.03,2180.39,2189.93,-16.46,-0.75,19740.0,151336.0,32.8,2.32,5378514.0,11508388.12322
801016.SI,20190919,种植业,2194.42,2203.38,2168.22,2194.59,4.66,0.21,15306.0,115775.0,32.86,2.32,5389963.0,11535411.573712
801016.SI,20190920,种植业,2194.48,2216.71,2180.52,2196.69,2.09,0.1,15074.0,119919.0,32.9,2.33,5395104.0,11531967.966411
801016.SI,20190923,种植业,2194.61,2220.24,2162.37,2180.48,-16.21,-0.74,21177.0,160784.0,32.63,2.31,5358618.0,11442847.573321
801016.SI,20190924,种植业,2173.91,2188.03,2150.8,2160.06,-20.42,-0.94,17851.0,137719.0,32.32,2.29,5308435.0,11347935.511527
801016.SI,20190925,种植业,2158.05,2161.51,2104.03,2109.07,-50.99,-2.36,20224.0,141121.0,31.55,2.23,5183128.0,11087182.671732
801016.SI,20190926,种植业,2112.74,2126.04,2047.59,2060.16,-48.91,-2.32,20426.0,141796.0,30.84,2.18,5062937.0,10851085.084683
801016.SI,20190927,种植业,2064.69,2088.38,2053.88,2070.76,10.6,0.51,10583.0,73265.0,31.0,2.19,5088976.0,10902803.598995
801016.SI,20190930,种植业,2083.5,2105.32,2057.03,2066.37,-4.39,-0.21,9698.0,72176.0,30.93,2.19,5078198.0,10873690.294837
801016.SI,20191008,种植业,2069.01,2112.45,2055.06,2101.17,34.8,1.68,15475.0,113507.0,31.45,2.23,5163716.0,11048320.245753
801016.SI,20191009,种植业,2095.65,2113.51,2074.95,2103.17,2.0,0.1,12710.0,101514.0,31.48,2.23,5168640.0,11065535.743038
801016.SI,20191010,种植业,2103.07,2119.19,2089.89,2110.41,7.23,0.34,11296.0,87368.0,31.59,2.25,5186420.0,11101306.07347
801016.SI,20191011,种植业,2106.75,2114.92,2081.92,2100.98,-9.42,-0.45,11880.0,90039.0,31.45,2.24,5163263.0,11051261.331896
801016.SI,20191014,种植业,2102.26,2151.92,2087.96,2130.86,29.87,1.42,20672.0,156863.0,31.91,2.27,5236676.0,11201891.157666
801016.SI,20191015,种植业,2122.24,2137.0,2079.93,2096.21,-34.65,-1.63,15195.0,118146.0,31.39,2.23,5151521.0,11038182.641937
801016.SI,20191016,种植业,2094.91,2104.66,2066.09,2072.17,-24.04,-1.15,11376.0,84718.0,31.03,2.21,5092448.0,10907408.277554
801016.SI,20191017,种植业,2070.93,2090.34,2062.36,2070.54,-1.63,-0.08,8243.0,60657.0,31.01,2.21,5088440.0,10895979.759759
801016.SI,20191018,种植业,2069.34,2084.64,2029.37,2040.88,-29.66,-1.43,11371.0,79570.0,30.57,2.17,5015546.0,10750689.018099
801016.SI,20191021,种植业,2043.38,2063.7,2014.03,2045.66,4.78,0.23,11474.0,79373.0,30.64,2.18,5027297.0,10786890.202436
801016.SI,20191022,种植业,2048.2,2083.0,2034.39,2066.63,20.98,1.03,11413.0,76738.0,30.97,2.2,5078845.0,10891334.184797
801016.SI,20191023,种植业,2090.57,2117.28,2062.95,2079.48,12.85,0.62,16686.0,103552.0,31.16,2.24,5110419.0,10983242.642847
801016.SI,20191024,种植业,2069.22,2089.74,2047.1,2067.45,-12.03,-0.58,12483.0,83852.0,30.99,2.23,5080863.0,10902435.439924
801016.SI,20191025,种植业,2067.09,2121.99,2057.52,2107.9,40.45,1.96,18295.0,124974.0,31.59,2.27,5180272.0,11128451.692636
801016.SI,20191028,种植业,2110.77,2138.02,2086.97,2111.63,3.73,0.18,18946.0,141203.0,31.65,2.27,5189433.0,11155934.282717
801016.SI,20191029,种植业,2104.81,2153.22,2080.18,2110.4,-1.24,-0.06,27676.0,198344.0,31.62,2.25,5186396.0,11121089.077469
801016.SI,20191030,种植业,2095.3,2118.71,2057.42,2074.01,-36.39,-1.72,20080.0,135058.0,31.09,2.22,5096962.0,10944880.514811
801016.SI,20191031,种植业,2072.84,2081.25,2015.02,2024.16,-49.85,-2.4,16981.0,111399.0,30.34,2.17,4974465.0,10690134.950308
801016.SI,20191101,种植业,2020.95,2044.27,1991.11,2029.79,5.63,0.28,11486.0,78607.0,45.27,2.17,4988299.0,10721009.328386
801016.SI,20191104,种植业,2030.62,2062.63,2011.37,2036.42,6.63,0.33,13279.0,98653.0,45.43,2.18,5004594.0,10742759.782375
801016.SI,20191105,种植业,2038.93,2075.53,2021.24,2056.33,19.91,0.98,15563.0,118139.0,45.9,2.2,5053520.0,10852766.179722
801016.SI,20191106,种植业,2056.82,2068.69,2013.1,2025.51,-30.81,-1.5,13858.0,98042.0,45.26,2.17,4982661.0,10698064.304979
801016.SI,20191107,种植业,2029.53,2052.63,2020.28,2034.45,8.93,0.44,10415.0,69083.0,45.45,2.18,5004632.0,10745266.207406
801016.SI,20191108,种植业,2043.99,2056.84,2016.85,2022.61,-11.83,-0.58,10809.0,71699.0,45.2,2.17,4975525.0,10685754.117026
801016.SI,20191111,种植业,2017.52,2031.86,1955.43,1967.94,-54.67,-2.7,14973.0,90252.0,43.99,2.11,4841034.0,10393478.369813
801016.SI,20191112,种植业,1969.08,2000.54,1946.62,1988.84,20.9,1.06,11877.0,68975.0,44.47,2.13,4892454.0,10517738.588634
801016.SI,20191113,种植业,1990.02,2013.2,1967.58,1986.02,-2.83,-0.14,11833.0,72747.0,44.62,2.13,4908141.0,10497540.134702
801016.SI,20191114,种植业,1983.62,2005.58,1966.16,1987.88,1.86,0.09,10068.0,64948.0,44.66,2.14,4912734.0,10510529.180834
801016.SI,20191115,种植业,1985.1,2005.01,1961.51,1971.45,-16.43,-0.83,10425.0,72754.0,44.27,2.12,4872131.0,10424012.678663
801016.SI,20191118,种植业,1966.01,2001.2,1949.44,1986.23,14.78,0.75,12124.0,78134.0,44.61,2.13,4908653.0,10498683.321892
801016.SI,20191119,种植业,1984.78,2011.42,1974.43,2003.53,17.3,0.87,11075.0,71756.0,45.01,2.15,4951415.0,10588364.297752
801016.SI,20191120,种植业,2001.47,2081.4,1984.12,2051.18,47.66,2.38,31603.0,210015.0,46.01,2.2,5069190.0,10853659.716954
801016.SI,20191121,种植业,2035.07,2057.61,2008.26,2022.37,-28.82,-1.4,24908.0,187654.0,45.33,2.17,4997977.0,10707533.087425
801016.SI,20191122,种植业,2019.31,2054.11,1988.55,2006.82,-15.55,-0.77,19676.0,146105.0,45.0,2.15,4959540.0,10628236.407926
801016.SI,20191125,种植业,2003.26,2024.91,1979.73,2000.16,-6.65,-0.33,15480.0,105883.0,44.87,2.15,4943096.0,10609561.524284
801016.SI,20191126,种植业,1996.48,2016.79,1970.69,1988.81,-11.35,-0.57,11363.0,83655.0,44.56,2.13,4915040.0,10547848.116121
801016.SI,20191127,种植业,2015.3,2087.45,2001.91,2030.0,41.19,2.07,29557.0,193217.0,45.55,2.18,5016837.0,10752674.57846
801016.SI,20191128,种植业,2002.78,2058.96,1995.46,2031.71,1.71,0.08,27327.0,176562.0,45.57,2.18,5021059.0,10732364.290018
801016.SI,20191129,种植业,2024.98,2039.88,1994.67,2007.56,-24.15,-1.19,21800.0,139538.0,45.02,2.15,4961369.0,10607077.267953
801016.SI,20191202,种植业,2005.45,2029.31,1991.81,2016.08,8.53,0.42,15497.0,100480.0,45.22,2.16,4982438.0,10659717.935537
801016.SI,20191203,种植业,2009.25,2034.15,1989.85,2020.62,4.54,0.23,16037.0,108300.0,45.31,2.17,4993658.0,10679186.768525
801016.SI,20191204,种植业,2020.46,2062.08,2004.59,2047.79,27.17,1.34,23392.0,167386.0,45.89,2.2,5060808.0,10830173.591219
801016.SI,20191205,种植业,2039.22,2072.18,2022.14,2053.85,6.06,0.3,21373.0,142345.0,46.1,2.2,5075779.0,10894668.509612
801016.SI,20191206,种植业,2051.33,2072.61,2035.57,2055.57,1.72,0.08,20100.0,139200.0,46.14,2.2,5080035.0,10908395.767567
801016.SI,20191209,种植业,2051.59,2071.69,2034.61,2055.58,0.01,0.0,17233.0,119973.0,46.16,2.2,5080063.0,10904656.999864
801016.SI,20191210,种植业,2053.27,2065.27,2028.72,2046.4,-9.19,-0.45,17125.0,121517.0,45.96,2.19,5057363.0,10854431.387847
801016.SI,20191211,种植业,2043.17,2056.33,2024.41,2038.07,-8.33,-0.41,13487.0,94341.0,45.78,2.18,5036780.0,10803307.690443
801016.SI,20191212,种植业,2037.3,2061.02,2024.24,2042.69,4.62,0.23,15630.0,109424.0,45.87,2.19,5048191.0,10828311.904402
801016.SI,20191213,种植业,2035.96,2056.55,2021.61,2042.96,0.28,0.01,16502.0,114743.0,45.89,2.19,5049186.0,10830249.729098
801016.SI,20191216,种植业,2044.07,2064.9,2011.91,2044.49,1.53,0.07,22716.0,159394.0,45.93,2.19,5052964.0,10842623.954914
801016.SI,20191217,种植业,2042.96,2074.9,2032.17,2067.48,22.99,1.12,27305.0,184430.0,46.43,2.22,5109784.0,10967119.8041
801016.SI,20191218,种植业,2070.11,2125.7,2055.9,2092.31,24.83,1.2,37701.0,263089.0,47.0,2.24,5171142.0,11092118.051297
801016.SI,20191219,种植业,2085.01,2109.35,2069.42,2091.71,-0.6,-0.03,24439.0,167101.0,46.99,2.24,5169666.0,11080193.103805
801016.SI,20191220,种植业,2090.1,2123.07,2073.49,2093.25,1.54,0.07,25422.0,177890.0,47.01,2.24,5174773.0,11113332.203907
801016.SI,20191223,种植业,2099.83,2145.05,2055.12,2066.67,-26.58,-1.27,32563.0,246234.0,46.39,2.22,5109062.0,10959408.83312
801016.SI,20191224,种植业,2061.34,2099.28,2045.09,2084.58,17.91,0.87,20547.0,142467.0,46.82,2.24,5153344.0,11069545.524059
801016.SI,20191225,种植业,2080.54,2088.23,2050.0,2063.52,-21.06,-1.01,14958.0,105717.0,46.36,2.21,5118880.0,10959237.099607
801016.SI,20191226,种植业,2059.33,2073.13,2042.62,2060.01,-3.51,-0.17,13788.0,93583.0,46.28,2.21,5110168.0,10939235.954156
801016.SI,20191227,种植业,2059.32,2084.83,2050.65,2063.26,3.24,0.16,18259.0,126310.0,46.35,2.21,5118217.0,10962615.798634
801016.SI,20191230,种植业,2055.05,2141.06,2028.95,2122.76,59.5,2.88,28886.0,215378.0,47.72,2.28,5265823.0,11262215.323881
801016.SI,20191231,种植业,2194.37,2227.98,2171.3,2191.07,68.31,3.22,39709.0,307303.0,49.28,2.35,5435273.0,11582248.379927
801016.SI,20200102,种植业,2236.49,2301.25,2184.52,2276.28,85.21,3.89,61469.0,567536.0,51.23,2.45,5646649.0,11994548.910166
801016.SI,20200103,种植业,2342.32,2462.8,2339.89,2450.31,174.03,7.65,76400.0,611039.0,55.18,2.65,6078368.0,12880195.077514
801016.SI,20200106,种植业,2532.23,2607.89,2505.76,2587.02,136.71,5.58,99577.0,741703.0,58.31,2.8,6417495.0,13553749.558067
801016.SI,20200107,种植业,2559.42,2687.42,2467.22,2604.08,17.06,0.66,107864.0,1082140.0,58.73,2.82,6459806.0,13661501.93876
801016.SI,20200108,种植业,2583.61,2633.16,2459.5,2470.34,-133.74,-5.14,85541.0,868270.0,55.68,2.67,6128045.0,13000996.216141
801016.SI,20200109,种植业,2493.06,2539.12,2442.8,2500.87,30.53,1.24,61295.0,671089.0,56.37,2.7,6203775.0,13156849.954689
801016.SI,20200110,种植业,2493.81,2530.95,2430.53,2463.5,-37.37,-1.49,46530.0,489451.0,55.49,2.66,6111084.0,12969961.738166
801016.SI,20200113,种植业,2459.18,2509.22,2417.93,2491.99,28.48,1.16,40690.0,456320.0,56.15,2.69,6181742.0,13096808.326904
801016.SI,20200114,种植业,2502.22,2621.61,2460.6,2557.65,65.66,2.63,69529.0,801904.0,57.66,2.77,6344629.0,13381033.496801
801016.SI,20200115,种植业,2511.25,2528.39,2432.39,2457.97,-99.68,-3.9,46079.0,492285.0,55.38,2.66,6097354.0,12858912.053927
801016.SI,20200116,种植业,2455.31,2544.61,2432.96,2508.87,50.9,2.07,41186.0,510224.0,56.55,2.71,6223618.0,13074977.154818
801016.SI,20200117,种植业,2484.36,2532.85,2449.3,2485.36,-23.51,-0.94,34199.0,375975.0,56.02,2.69,6165296.0,12952824.268565
801016.SI,20200120,种植业,2469.95,2500.15,2390.83,2455.3,-30.06,-1.21,33308.0,355130.0,55.33,2.66,6090735.0,12849374.096572
801016.SI,20200121,种植业,2430.99,2461.66,2367.79,2385.43,-69.87,-2.85,27596.0,276815.0,53.73,2.58,5917405.0,12522714.824202
801016.SI,20200122,种植业,2387.67,2445.43,2335.59,2386.93,1.51,0.06,29439.0,311692.0,53.79,2.58,5921142.0,12511344.356429
801016.SI,20200123,种植业,2343.26,2389.23,2239.3,2280.3,-106.63,-4.47,34293.0,302773.0,51.39,2.47,5656627.0,11970246.985159
801016.SI,20200203,种植业,2054.38,2073.4,2052.32,2055.43,-224.87,-9.86,15305.0,118853.0,46.32,2.22,5098812.0,10787871.164911
801016.SI,20200204,种植业,1921.18,2085.72,1919.6,2057.4,1.96,0.1,43900.0,320889.0,46.32,2.22,5103680.0,10809892.18099
801016.SI,20200205,种植业,2053.7,2200.66,2032.47,2119.73,62.33,3.03,45427.0,380822.0,47.72,2.29,5258306.0,11125898.093262
801016.SI,20200206,种植业,2158.35,2226.41,2122.97,2202.12,82.39,3.89,49228.0,410453.0,49.54,2.38,5462682.0,11541308.863756
801016.SI,20200207,种植业,2189.17,2205.1,2099.13,2157.93,-44.19,-2.01,46089.0,363105.0,48.51,2.33,5353059.0,11316821.158541
801016.SI,20200210,种植业,2144.42,2370.4,2129.57,2366.73,208.8,9.68,67949.0,559502.0,53.21,2.55,5871019.0,12401215.85459
801016.SI,20200211,种植业,2437.41,2458.41,2258.35,2276.45,-90.27,-3.81,83197.0,712489.0,51.21,2.46,5647081.0,11926191.396081
801016.SI,20200212,种植业,2227.93,2410.91,2211.83,2349.63,73.17,3.21,72109.0,643803.0,52.88,2.54,5828601.0,12321188.035483
801016.SI,20200213,种植业,2327.4,2469.4,2286.62,2394.14,44.51,1.89,84365.0,740741.0,53.88,2.59,5939019.0,12594934.93459
801016.SI,20200214,种植业,2362.13,2462.78,2320.47,2394.81,0.68,0.03,64700.0,581411.0,53.9,2.59,5940693.0,12620398.384804
801016.SI,20200217,种植业,2450.46,2594.82,2420.91,2542.08,147.26,6.15,92423.0,849591.0,57.26,2.75,6305997.0,13409120.821461
801016.SI,20200218,种植业,2482.74,2541.92,2443.63,2513.49,-28.59,-1.12,76177.0,701973.0,56.62,2.72,6235084.0,13252036.383514
801016.SI,20200219,种植业,2496.21,2513.86,2409.28,2421.57,-91.92,-3.66,58154.0,534928.0,54.55,2.62,6007071.0,12766539.48372
801016.SI,20200220,种植业,2422.77,2471.04,2367.98,2446.05,24.48,1.01,48323.0,435021.0,55.1,2.64,6067786.0,12936424.271849
801016.SI,20200221,种植业,2425.01,2482.34,2394.11,2436.49,-9.56,-0.39,44198.0,408935.0,54.86,2.63,6044068.0,12896057.829335
801016.SI,20200224,种植业,2440.97,2563.9,2396.52,2514.08,77.59,3.18,70743.0,673285.0,56.57,2.71,6236547.0,13376467.312686
801016.SI,20200225,种植业,2442.82,2501.77,2365.43,2467.94,-46.14,-1.84,58574.0,548830.0,55.43,2.66,6122101.0,13157105.153642
801016.SI,20200226,种植业,2510.74,2578.35,2429.83,2446.94,-21.01,-0.85,69869.0,638411.0,55.03,2.64,6069987.0,13031381.022126
801016.SI,20200227,种植业,2431.09,2478.62,2377.68,2415.45,-31.48,-1.29,43455.0,382092.0,54.35,2.61,5991887.0,12857282.612873
801016.SI,20200228,种植业,2338.45,2381.09,2255.52,2283.19,-132.26,-5.48,42975.0,363028.0,51.37,2.47,5663785.0,12137750.421931
801016.SI,20200302,种植业,2299.42,2391.47,2284.2,2368.88,85.69,3.75,34183.0,298106.0,53.3,2.56,5876364.0,12609190.002258
801016.SI,20200303,种植业,2394.39,2476.58,2359.95,2445.9,77.01,3.25,53457.0,483010.0,55.06,2.64,6067407.0,13025501.207512
801016.SI,20200304,种植业,2414.86,2475.16,2391.76,2450.84,4.94,0.2,41187.0,384225.0,55.16,2.65,6079672.0,13048904.246228
801016.SI,20200305,种植业,2453.77,2586.49,2430.24,2526.45,75.61,3.09,72905.0,679845.0,56.85,2.73,6267243.0,13441030.592629
801016.SI,20200306,种植业,2497.5,2578.53,2462.7,2486.24,-40.21,-1.59,51817.0,473581.0,55.95,2.68,6167498.0,13217300.41498
801016.SI,20200309,种植业,2432.48,2515.72,2381.98,2410.44,-75.8,-3.05,48043.0,395496.0,54.28,2.6,5979464.0,12788926.084924
801016.SI,20200310,种植业,2361.3,2445.77,2290.69,2427.51,17.07,0.71,43523.0,340373.0,54.66,2.62,6021798.0,12881293.118647
801016.SI,20200311,种植业,2424.2,2571.64,2399.8,2491.73,64.22,2.65,78942.0,535545.0,56.13,2.69,6181095.0,13255410.577091
801016.SI,20200312,种植业,2423.66,2464.39,2362.05,2383.82,-107.91,-4.33,51225.0,334121.0,53.69,2.58,5912874.0,12681020.045821
801016.SI,20200313,种植业,2269.91,2510.53,2238.88,2486.34,102.52,4.3,85981.0,555365.0,56.02,2.69,6167176.0,13271297.182959
801016.SI,20200316,种植业,2541.06,2599.39,2380.42,2403.55,-82.8,-3.33,116722.0,715564.0,54.08,2.6,5961809.0,12854697.915979
801016.SI,20200317,种植业,2387.47,2473.59,2276.66,2368.04,-35.5,-1.48,75647.0,459186.0,53.32,2.56,5873746.0,12643433.841954
801016.SI,20200318,种植业,2379.05,2448.32,2282.12,2299.71,-68.33,-2.89,71946.0,473991.0,51.63,2.48,5704265.0,12258563.421014
801016.SI,20200319,种植业,2286.93,2343.19,2222.78,2309.55,9.84,0.43,58375.0,409070.0,51.87,2.49,5733192.0,12362245.979592
801016.SI,20200320,种植业,2326.88,2425.88,2285.8,2380.61,71.06,3.08,59990.0,445388.0,53.46,2.57,5909591.0,12788276.111663
801016.SI,20200323,种植业,2302.54,2491.56,2269.52,2401.46,20.84,0.88,83642.0,671665.0,54.11,2.59,5961331.0,13031250.017804
801016.SI,20200324,种植业,2431.29,2456.79,2303.67,2393.31,-8.14,-0.34,67684.0,550287.0,53.88,2.58,5941123.0,12976468.805384
801016.SI,20200325,种植业,2412.52,2551.28,2375.37,2530.44,137.12,5.73,83496.0,695040.0,56.96,2.73,6281518.0,13701882.447086
801016.SI,20200326,种植业,2489.28,2741.48,2467.57,2654.62,124.18,4.91,126017.0,1037476.0,59.75,2.86,6589772.0,14405780.857454
801016.SI,20200327,种植业,2645.26,2690.35,2540.44,2559.77,-94.85,-3.57,94887.0,745843.0,57.67,2.76,6354322.0,13902511.859943
801016.SI,20200330,种植业,2594.98,2747.75,2563.79,2636.6,76.83,3.0,119380.0,982974.0,62.07,2.86,6545041.0,14290255.138033
801016.SI,20200331,种植业,2594.67,2834.41,2552.47,2817.84,181.25,6.87,132267.0,1110654.0,66.36,3.05,6994962.0,15240460.966498
801016.SI,20200401,种植业,2780.49,2832.89,2662.04,2708.59,-109.25,-3.88,121799.0,970071.0,63.82,2.94,6723757.0,14642202.642688
801016.SI,20200402,种植业,2664.39,2712.92,2562.33,2652.65,-55.94,-2.07,93051.0,738258.0,62.52,2.88,6585294.0,14332133.258812
801016.SI,20200403,种植业,2634.13,2766.19,2605.44,2670.83,18.18,0.69,89918.0,717401.0,62.95,2.9,6630420.0,14424092.351712
801016.SI,20200407,种植业,2676.33,2863.7,2637.17,2828.52,157.69,5.9,107018.0,932465.0,66.54,3.07,7082212.0,15294645.804928
801016.SI,20200408,种植业,2807.8,2859.59,2698.65,2724.72,-103.79,-3.67,93613.0,821892.0,64.08,2.96,6822332.0,14686024.473364
801016.SI,20200409,种植业,2731.64,2813.42,2641.49,2752.36,27.63,1.01,95515.0,783657.0,64.72,2.99,6891516.0,14807397.299205
801016.SI,20200410,种植业,2747.01,2812.93,2645.47,2689.97,-62.38,-2.27,83305.0,712435.0,63.15,2.92,6735322.0,14557210.048527
801016.SI,20200413,种植业,2662.6,2699.08,2544.0,2588.63,-101.34,-3.77,55341.0,447455.0,60.71,2.8,6481578.0,13969809.304158
801016.SI,20200414,种植业,2583.14,2662.74,2558.33,2647.2,58.57,2.26,52057.0,432292.0,62.11,2.87,6628218.0,14282210.251
801016.SI,20200415,种植业,2618.23,2741.92,2579.87,2653.05,5.85,0.22,77252.0,695128.0,59.57,2.88,6642860.0,14330562.935914
801016.SI,20200416,种植业,2640.65,2724.09,2604.44,2663.16,10.11,0.38,68877.0,655486.0,59.85,2.89,6668184.0,14432679.192247
801016.SI,20200417,种植业,2645.17,2669.73,2578.89,2593.56,-69.6,-2.61,57986.0,531391.0,58.28,2.81,6493923.0,14044024.365707
801016.SI,20200420,种植业,2619.42,2699.78,2609.3,2655.62,62.06,2.39,59108.0,542522.0,59.88,2.88,6649305.0,14389790.56034
801016.SI,20200421,种植业,2631.0,2694.82,2563.53,2630.31,-25.31,-0.95,63730.0,570244.0,59.32,2.86,6585936.0,14240083.465286
801016.SI,20200422,种植业,2596.18,2837.89,2577.34,2802.92,172.61,6.56,108504.0,1010591.0,63.99,3.04,7018118.0,15166769.367158
801016.SI,20200423,种植业,2806.41,2969.68,2756.24,2832.14,29.22,1.04,142566.0,1358735.0,64.65,3.07,7091284.0,15302757.965915
801016.SI,20200424,种植业,2817.37,2860.29,2685.92,2732.47,-99.67,-3.52,89090.0,784104.0,62.33,2.96,6841728.0,14782286.549932
801016.SI,20200427,种植业,2730.61,2793.05,2640.32,2685.49,-46.98,-1.72,64691.0,561443.0,57.93,2.9,6724093.0,14536830.030883
801016.SI,20200428,种植业,2670.0,2802.6,2526.15,2737.8,52.31,1.95,86767.0,802859.0,59.14,2.96,6855073.0,14841485.074393
801016.SI,20200429,种植业,2697.59,2770.05,2633.4,2664.22,-73.58,-2.69,59497.0,588546.0,73.32,2.86,6670842.0,14483015.172127
801016.SI,20200430,种植业,2662.41,2722.86,2625.75,2674.86,10.64,0.4,44957.0,438319.0,72.14,2.86,6697479.0,14518243.576013
801016.SI,20200506,种植业,2668.38,2814.24,2641.97,2766.35,91.49,3.42,63948.0,616279.0,74.43,2.96,6926566.0,14977734.308
801016.SI,20200507,种植业,2761.92,2928.5,2728.59,2879.29,112.94,4.08,89950.0,936325.0,77.55,3.08,7209345.0,15530691.285751
801016.SI,20200508,种植业,2865.85,2912.48,2815.52,2876.28,-3.01,-0.1,77155.0,774969.0,77.44,3.08,7201807.0,15493739.732919
801016.SI,20200511,种植业,2874.31,2952.3,2817.08,2888.57,12.29,0.43,75402.0,726239.0,77.61,3.09,7217062.0,15493295.057
801016.SI,20200512,种植业,2866.65,2919.39,2806.56,2884.87,-3.7,-0.13,69860.0,643684.0,77.55,3.09,7207809.0,15478274.506026
801016.SI,20200513,种植业,2876.4,2921.59,2821.52,2858.33,-26.53,-0.92,61155.0,565209.0,76.82,3.06,7141513.0,15369083.248291
801016.SI,20200514,种植业,2824.02,2863.07,2753.13,2766.48,-91.85,-3.21,56807.0,530137.0,74.36,2.96,6913930.0,14860511.285175
801016.SI,20200515,种植业,2771.28,2859.63,2756.31,2818.54,52.06,1.88,54309.0,520317.0,75.59,3.01,7053937.0,15102852.049848
801016.SI,20200518,种植业,2821.52,2963.65,2784.91,2931.1,112.55,3.99,93370.0,877018.0,78.64,3.13,7335624.0,15688118.237425
801016.SI,20200519,种植业,2916.5,2963.82,2848.38,2913.33,-17.76,-0.61,76556.0,716856.0,78.07,3.11,7291168.0,15580847.237265
801016.SI,20200520,种植业,2919.37,3014.35,2863.99,2913.02,-0.31,-0.01,86515.0,809354.0,78.11,3.11,7293093.0,15588782.074261
801016.SI,20200521,种植业,2902.99,2931.63,2748.91,2772.71,-140.31,-4.82,75619.0,730009.0,74.22,2.96,6941803.0,14868737.514853
801016.SI,20200522,种植业,2748.45,2847.9,2699.42,2753.98,-18.72,-0.68,60616.0,533451.0,73.73,2.94,6839211.0,14640984.951636
801016.SI,20200525,种植业,2744.41,2811.23,2692.17,2770.79,16.81,0.61,48154.0,437739.0,74.16,2.96,6937013.0,14840172.536524
801016.SI,20200526,种植业,2761.2,2818.6,2721.7,2808.74,37.95,1.37,48193.0,416188.0,75.15,3.0,7032020.0,15055114.355828
801016.SI,20200527,种植业,2793.93,2885.26,2745.2,2784.87,-23.87,-0.85,65455.0,603986.0,74.59,2.97,6972263.0,14906624.339035
801016.SI,20200528,种植业,2775.58,2812.95,2670.44,2721.13,-63.74,-2.29,58125.0,528616.0,72.84,2.9,6812672.0,14579249.544371
801016.SI,20200529,种植业,2700.37,2781.54,2678.83,2740.08,18.95,0.7,52960.0,429137.0,73.39,2.93,6860119.0,14708126.994235
801016.SI,20200601,种植业,2734.34,2817.6,2709.51,2802.42,62.34,2.28,60975.0,497982.0,75.07,2.99,7016205.0,15049030.550508
801016.SI,20200602,种植业,2834.69,2887.23,2753.83,2797.35,-5.08,-0.18,80576.0,621602.0,74.92,2.99,7003495.0,15003481.303098
801016.SI,20200603,种植业,2774.96,2806.09,2724.17,2772.05,-25.3,-0.9,56659.0,456681.0,74.23,2.96,6940159.0,14837939.917848
801016.SI,20200604,种植业,2771.17,2830.58,2739.21,2778.64,6.59,0.24,48895.0,442558.0,74.31,2.96,6956650.0,14866176.727466
801016.SI,20200605,种植业,2769.18,2782.26,2662.46,2680.03,-98.61,-3.55,52989.0,464500.0,72.14,2.86,6705633.0,14338853.749082
801016.SI,20200608,种植业,2684.62,2724.44,2639.78,2689.49,9.46,0.35,38494.0,336025.0,72.46,2.87,6729301.0,14420151.85947
801016.SI,20200609,种植业,2682.78,2703.89,2634.95,2660.69,-28.8,-1.07,33353.0,262514.0,71.67,2.84,6657253.0,14253546.888339
801016.SI,20200610,种植业,2656.19,2717.43,2641.35,2677.08,16.39,0.62,33961.0,276519.0,72.12,2.86,6698257.0,14328439.110024
801016.SI,20200611,种植业,2664.43,2697.81,2606.5,2648.31,-28.77,-1.07,44527.0,366701.0,71.39,2.83,6626269.0,14164353.569262
801016.SI,20200612,种植业,2598.34,2650.93,2580.02,2624.36,-23.94,-0.9,30567.0,255830.0,70.77,2.81,6566357.0,14065975.223624
801016.SI,20200615,种植业,2623.36,2692.93,2609.99,2631.81,7.45,0.28,35920.0,318769.0,70.95,2.81,6587451.0,14104889.428638
801016.SI,20200616,种植业,2635.95,2656.17,2600.12,2644.5,12.69,0.48,29923.0,255044.0,71.3,2.83,6619214.0,14178093.78435
801016.SI,20200617,种植业,2638.15,2711.31,2606.45,2682.29,37.79,1.43,48429.0,436559.0,72.31,2.87,6713793.0,14381305.034398
801016.SI,20200618,种植业,2663.74,2712.1,2635.2,2655.81,-26.48,-0.99,34489.0,312039.0,71.6,2.84,6647520.0,14225192.969951
801016.SI,20200619,种植业,2663.2,2700.47,2633.73,2667.66,11.85,0.45,31086.0,289652.0,71.95,2.85,6677183.0,14288407.458076
801016.SI,20200622,种植业,2669.78,2783.06,2646.53,2736.63,68.98,2.59,51543.0,548464.0,73.84,2.93,6849828.0,14619374.80809
801016.SI,20200623,种植业,2707.26,2739.62,2655.08,2672.08,-64.56,-2.36,40634.0,418856.0,72.03,2.86,6688246.0,14299596.936617
801016.SI,20200624,种植业,2670.84,2683.27,2600.56,2610.94,-61.14,-2.29,32889.0,304139.0,70.46,2.8,6535222.0,13977181.865809
801016.SI,20200629,种植业,2614.12,2717.73,2599.88,2672.32,61.38,2.35,41976.0,419900.0,72.18,2.86,6688847.0,14354253.531138
801016.SI,20200630,种植业,2673.74,2729.86,2643.7,2705.25,32.93,1.23,36708.0,385766.0,73.08,2.9,6771278.0,14529554.101613
801016.SI,20200701,种植业,2697.29,2735.21,2671.08,2701.03,-4.22,-0.16,35193.0,351876.0,72.95,2.89,6760723.0,14511251.113412
801016.SI,20200702,种植业,2704.18,2732.57,2667.91,2708.65,7.62,0.28,38239.0,374800.0,73.16,2.9,6785994.0,14551316.492432
801016.SI,20200703,种植业,2702.99,2739.71,2681.47,2712.24,3.58,0.13,39500.0,385649.0,73.25,2.91,6794973.0,14569607.320084
801016.SI,20200706,种植业,2719.72,2813.76,2706.54,2806.0,93.76,3.46,65079.0,622607.0,75.8,3.01,7029877.0,15084707.620841
801016.SI,20200707,种植业,2832.58,2924.56,2766.37,2853.49,47.49,1.69,81985.0,813997.0,77.05,3.06,7148855.0,15351066.290143
801016.SI,20200708,种植业,2841.69,2912.91,2810.72,2895.11,41.62,1.46,62741.0,617636.0,77.71,3.08,7210849.0,15501593.059091
801016.SI,20200709,种植业,2901.65,3022.79,2870.76,2989.18,94.06,3.25,87012.0,867277.0,80.74,3.2,7488785.0,16053921.91732
801016.SI,20200710,种植业,2977.82,3047.25,2907.2,2945.23,-43.94,-1.47,78027.0,759258.0,79.58,3.16,7378695.0,15900595.690966
801016.SI,20200713,种植业,3019.05,3226.23,3004.37,3199.24,254.01,8.62,108389.0,1070953.0,86.41,3.43,8015058.0,17305104.638348
801016.SI,20200714,种植业,3269.4,3331.73,3076.2,3199.05,-0.19,-0.01,122385.0,1334024.0,86.45,3.43,8014588.0,17357957.693165
801016.SI,20200715,种植业,3161.55,3203.57,3026.17,3053.84,-145.21,-4.54,80248.0,864449.0,82.51,3.27,7650792.0,16513036.332159
801016.SI,20200716,种植业,3037.39,3068.7,2847.48,2867.68,-186.16,-6.1,62201.0,633457.0,77.44,3.07,7184410.0,15493608.428813
801016.SI,20200717,种植业,2876.48,2974.24,2838.88,2917.98,50.29,1.75,44421.0,450778.0,78.78,3.13,7310407.0,15792159.032944
801016.SI,20200720,种植业,2956.9,3038.94,2906.41,3022.3,104.33,3.58,47760.0,487460.0,81.61,3.24,7571773.0,16370978.801953
801016.SI,20200721,种植业,3015.67,3086.59,2976.08,3012.52,-9.78,-0.32,44896.0,463990.0,81.38,3.23,7547268.0,16341323.34352
801016.SI,20200722,种植业,3003.57,3121.22,2971.2,3102.53,90.01,2.99,62334.0,666772.0,83.84,3.33,7772759.0,16835946.102532
801016.SI,20200723,种植业,3102.4,3160.31,3019.14,3093.7,-8.83,-0.28,63746.0,765449.0,83.52,3.31,7750640.0,16775866.112954
801016.SI,20200724,种植业,3055.94,3184.66,2991.83,3038.79,-54.91,-1.77,72795.0,858296.0,82.05,3.26,7613072.0,16471176.126262
801016.SI,20200727,种植业,3097.37,3223.02,3070.03,3141.92,103.14,3.39,71798.0,828835.0,84.83,3.37,7871463.0,17070590.91635
801016.SI,20200728,种植业,3105.17,3177.13,3023.52,3113.96,-27.96,-0.89,63959.0,730856.0,84.12,3.34,7801410.0,16870611.008689
801016.SI,20200729,种植业,3080.81,3144.17,3027.25,3128.62,14.66,0.47,50711.0,573324.0,84.53,3.36,7838142.0,16949077.244867
801016.SI,20200730,种植业,3125.93,3286.36,3099.92,3193.33,64.7,2.07,87322.0,990701.0,86.26,3.43,8000243.0,17372029.738768
801016.SI,20200731,种植业,3167.48,3219.19,3105.8,3174.1,-19.23,-0.6,66131.0,756013.0,85.77,3.41,7952064.0,17246966.750123
801016.SI,20200803,种植业,3167.25,3330.18,3151.6,3298.33,124.23,3.91,75727.0,929152.0,89.18,3.54,8263300.0,17856079.893457
801016.SI,20200804,种植业,3348.59,3525.27,3299.55,3344.83,46.51,1.41,113108.0,1463596.0,90.47,3.59,8379816.0,18058400.273307
801016.SI,20200805,种植业,3325.7,3546.1,3260.79,3515.09,170.26,5.09,103212.0,1212638.0,95.14,3.78,8806358.0,18924773.290202
801016.SI,20200806,种植业,3484.24,3576.63,3380.94,3467.31,-47.78,-1.36,90703.0,1171100.0,93.88,3.73,8686660.0,18694755.186809
801016.SI,20200807,种植业,3463.46,3593.68,3387.09,3464.2,-3.11,-0.09,102410.0,1139748.0,93.86,3.73,8678862.0,18690387.58734
801016.SI,20200810,种植业,3408.16,3543.72,3325.63,3450.35,-13.85,-0.4,75108.0,865287.0,93.48,3.71,8644164.0,18596564.927586
801016.SI,20200811,种植业,3418.75,3616.97,3359.05,3487.09,36.74,1.06,95783.0,1133781.0,94.55,3.76,8736198.0,18744049.928709
801016.SI,20200812,种植业,3472.86,3674.24,3362.35,3440.46,-46.63,-1.34,108371.0,1230618.0,93.28,3.71,8619379.0,18552563.198588
801016.SI,20200813,种植业,3443.06,3721.77,3415.28,3701.75,261.29,7.59,135709.0,1518859.0,100.46,3.99,9273994.0,19973311.098097
801016.SI,20200814,种植业,3723.16,3764.65,3534.76,3620.82,-80.93,-2.19,149052.0,1479013.0,98.26,3.9,9071242.0,19549101.682173
801016.SI,20200817,种植业,3543.66,3729.12,3507.49,3674.36,53.54,1.48,112882.0,1151760.0,99.71,3.96,9205366.0,19876325.515674
801016.SI,20200818,种植业,3660.57,3912.83,3635.78,3785.08,110.72,3.01,132023.0,1550469.0,102.72,4.08,9482757.0,20500229.507042
801016.SI,20200819,种植业,3766.73,4040.67,3722.82,3905.74,120.66,3.19,155123.0,1813030.0,106.04,4.21,9785043.0,21182242.658255
801016.SI,20200820,种植业,3823.16,3912.44,3613.72,3675.03,-230.71,-5.91,136325.0,1568879.0,99.62,3.98,9207045.0,19965865.288318
801016.SI,20200821,种植业,3629.81,3709.13,3532.65,3606.3,-68.72,-1.87,90859.0,975234.0,97.62,3.9,9034873.0,19603942.714943
801016.SI,20200824,种植业,3607.14,3776.89,3536.85,3713.61,107.31,2.98,88921.0,966290.0,100.63,4.02,9303706.0,20220127.562581
801016.SI,20200825,种植业,3675.22,3731.29,3537.61,3595.53,-118.08,-3.18,86908.0,911167.0,97.43,3.89,9007889.0,19584450.251574
801016.SI,20200826,种植业,3579.83,3630.75,3396.02,3436.01,-159.52,-4.44,71091.0,759491.0,93.13,3.72,8608235.0,18692855.669701
801016.SI,20200827,种植业,3439.87,3499.67,3367.98,3470.01,34.01,0.99,55001.0,546648.0,94.07,3.76,8693430.0,18868659.311591
801016.SI,20200828,种植业,3450.06,3581.39,3400.43,3538.79,68.77,1.98,71987.0,724463.0,95.96,3.84,8865731.0,19226083.024168
801016.SI,20200831,种植业,3506.96,3586.47,3468.71,3526.33,-12.46,-0.35,62988.0,649772.0,95.59,3.84,8834511.0,19166353.866871
801016.SI,20200901,种植业,3518.52,3574.68,3427.01,3539.57,13.24,0.38,65430.0,658495.0,91.84,3.85,8867680.0,19193249.685994
801016.SI,20200902,种植业,3582.11,3703.76,3513.13,3531.28,-8.29,-0.23,74951.0,793950.0,91.63,3.84,8846913.0,19155746.112557
801016.SI,20200903,种植业,3475.53,3500.82,3364.64,3393.04,-138.24,-3.91,62407.0,634163.0,88.04,3.69,8500587.0,18429947.022154
801016.SI,20200904,种植业,3324.69,3410.66,3282.21,3381.81,-11.23,-0.33,47402.0,451439.0,87.76,3.68,8472458.0,18357084.825502
801016.SI,20200907,种植业,3376.28,3428.27,3266.91,3297.83,-83.99,-2.48,51482.0,502075.0,85.58,3.59,8262047.0,17878021.107383
801016.SI,20200908,种植业,3298.79,3388.48,3236.41,3354.08,56.26,1.71,47006.0,471191.0,87.03,3.65,8402986.0,18156019.258491
801016.SI,20200909,种植业,3311.53,3369.1,3196.26,3216.28,-137.8,-4.11,57011.0,561243.0,83.48,3.48,7998168.0,17354021.589147
801016.SI,20200910,种植业,3220.0,3337.85,3082.05,3254.87,38.59,1.2,68452.0,672492.0,84.51,3.52,8098106.0,17590141.605016
801016.SI,20200911,种植业,3192.96,3296.57,3151.84,3247.35,-7.52,-0.23,43682.0,459169.0,84.29,3.51,8079391.0,17552301.090082
801016.SI,20200914,种植业,3261.91,3350.14,3227.2,3293.99,46.65,1.44,49639.0,485023.0,85.51,3.56,8195444.0,17787433.678683
801016.SI,20200915,种植业,3287.96,3319.61,3225.59,3274.42,-19.57,-0.59,42538.0,415799.0,86.06,3.54,8100801.0,17696223.883221
801016.SI,20200916,种植业,3277.22,3343.52,3239.67,3274.13,-0.29,-0.01,40259.0,412522.0,86.05,3.54,8100089.0,17727904.010548
801016.SI,20200917,种植业,3256.59,3275.64,3163.73,3215.76,-58.37,-1.78,40305.0,398036.0,84.48,3.48,7965818.0,17405281.720232
801016.SI,20200918,种植业,3222.65,3316.25,3180.3,3277.06,61.29,1.91,44001.0,463262.0,86.11,3.55,8117647.0,17757401.020518
801016.SI,20200921,种植业,3267.41,3395.78,3242.92,3333.53,56.47,1.72,45656.0,506822.0,87.61,3.61,8257533.0,18069021.479294
801016.SI,20200922,种植业,3291.27,3349.09,3241.67,3267.58,-65.95,-1.98,33954.0,356467.0,85.88,3.54,8094163.0,17710537.478073
801016.SI,20200923,种植业,3280.68,3298.97,3210.44,3252.16,-15.41,-0.47,29769.0,290311.0,85.46,3.52,8055982.0,17637072.599166
801016.SI,20200924,种植业,3228.49,3385.74,3205.15,3269.46,17.29,0.53,50288.0,554759.0,85.97,3.54,8118891.0,17744180.066801
801016.SI,20200925,种植业,3266.53,3288.71,3158.53,3189.59,-79.86,-2.44,42829.0,415288.0,83.89,3.46,7920571.0,17332249.689247
801016.SI,20200928,种植业,3191.67,3215.53,3087.32,3105.38,-84.22,-2.64,30722.0,288975.0,81.69,3.37,7711442.0,16877941.551434
801016.SI,20200929,种植业,3114.94,3198.48,3085.7,3141.39,36.01,1.16,26700.0,259867.0,82.64,3.4,7800874.0,17080329.707033
801016.SI,20200930,种植业,3153.41,3180.63,3080.82,3098.81,-42.58,-1.36,22763.0,215122.0,81.5,3.36,7695143.0,16846829.644115
801016.SI,20201009,种植业,3154.11,3255.84,3127.37,3236.97,138.16,4.46,33639.0,359972.0,85.16,3.51,8040018.0,17659048.382731
801016.SI,20201012,种植业,3253.48,3384.46,3241.54,3354.86,117.88,3.64,45889.0,497321.0,88.29,3.64,8332815.0,18330280.20563
801016.SI,20201013,种植业,3353.69,3385.51,3295.31,3348.51,-6.34,-0.19,34324.0,372679.0,88.13,3.62,8317058.0,18303614.432867
801016.SI,20201014,种植业,3356.76,3400.59,3290.49,3322.75,-25.76,-0.77,37952.0,418035.0,87.47,3.59,8253075.0,18147820.216706
801016.SI,20201015,种植业,3317.34,3357.28,3247.07,3295.92,-26.84,-0.81,38293.0,379826.0,86.77,3.57,8186419.0,18004164.069029
801016.SI,20201016,种植业,3301.27,3332.59,3239.47,3300.05,4.13,0.13,35129.0,331907.0,86.88,3.57,8196679.0,18020281.690124
801016.SI,20201019,种植业,3356.87,3497.06,3315.04,3370.22,70.18,2.13,57133.0,649030.0,88.77,3.65,8370981.0,18420707.618109
801016.SI,20201020,种植业,3346.41,3406.9,3274.18,3351.35,-18.88,-0.56,34369.0,392158.0,88.25,3.63,8324097.0,18339187.800865
801016.SI,20201021,种植业,3352.02,3388.76,3283.45,3316.06,-35.29,-1.05,31888.0,333883.0,87.35,3.59,8236446.0,18143640.731757
801016.SI,20201022,种植业,3290.02,3313.81,3212.59,3260.18,-55.88,-1.69,28191.0,286468.0,85.84,3.52,8097661.0,17816373.223834
801016.SI,20201023,种植业,3263.1,3290.81,3183.87,3195.74,-64.44,-1.98,25362.0,264623.0,84.15,3.45,7937603.0,17431363.332672
801016.SI,20201026,种植业,3194.0,3253.53,3155.48,3206.04,10.29,0.32,25281.0,231894.0,84.45,3.46,7963173.0,17518020.676801
801016.SI,20201027,种植业,3200.28,3251.46,3161.31,3206.84,0.8,0.03,24890.0,239264.0,84.47,3.47,7965169.0,17506746.734135
801016.SI,20201028,种植业,3210.69,3239.26,3114.89,3173.88,-32.96,-1.03,32554.0,295659.0,83.59,3.43,7883307.0,17367875.589774
801016.SI,20201029,种植业,3113.1,3162.72,3071.95,3114.36,-59.52,-1.88,28802.0,265720.0,82.01,3.34,7735471.0,17052264.260116
801016.SI,20201030,种植业,3124.41,3142.14,2958.93,2978.96,-135.4,-4.35,37480.0,331931.0,78.46,3.19,7399152.0,16296704.323008
801016.SI,20201102,种植业,2972.52,3018.8,2898.04,2962.59,-16.37,-0.55,27248.0,250621.0,68.14,3.2,7358500.0,16183716.398886
801016.SI,20201103,种植业,2969.68,3076.57,2944.56,3044.51,81.92,2.77,27401.0,255628.0,70.0,3.29,7561968.0,16613162.272306
801016.SI,20201104,种植业,3055.21,3077.12,2981.4,3026.09,-18.42,-0.61,24287.0,223944.0,69.56,3.26,7516213.0,16521086.612052
801016.SI,20201105,种植业,3027.0,3059.45,3001.45,3040.26,14.18,0.47,22241.0,210100.0,69.88,3.28,7551425.0,16599063.028934
801016.SI,20201106,种植业,3037.47,3046.14,2968.35,2989.75,-50.51,-1.66,19061.0,181910.0,68.71,3.22,7425965.0,16318261.784004
801016.SI,20201109,种植业,2990.0,3048.54,2980.41,3023.22,33.47,1.12,27233.0,238201.0,69.47,3.26,7509089.0,16490295.292774
801016.SI,20201110,种植业,3027.59,3059.94,2971.23,3002.54,-20.67,-0.68,29310.0,261291.0,68.97,3.24,7457739.0,16344382.634867
801016.SI,20201111,种植业,3012.86,3116.81,2967.81,3000.85,-1.7,-0.06,37834.0,384550.0,68.96,3.24,7453523.0,16371584.136723
801016.SI,20201112,种植业,2967.66,2986.93,2890.07,2930.9,-69.95,-2.33,28686.0,292075.0,67.32,3.16,7279783.0,15960891.750521
801016.SI,20201113,种植业,2924.67,2943.63,2877.6,2916.98,-13.92,-0.47,17961.0,164238.0,67.02,3.15,7245215.0,15887739.163211
801016.SI,20201116,种植业,2916.49,2967.08,2893.88,2946.72,29.74,1.02,22264.0,190198.0,67.69,3.18,7319093.0,16050766.976351
801016.SI,20201117,种植业,2944.78,2968.51,2900.01,2929.27,-17.46,-0.59,21915.0,186603.0,67.3,3.16,7275729.0,15946512.492649
801016.SI,20201118,种植业,2928.9,2976.1,2914.65,2944.73,15.47,0.53,21494.0,197435.0,67.65,3.17,7314143.0,16033268.824367
801016.SI,20201119,种植业,2951.13,2979.36,2912.15,2956.95,12.22,0.41,23214.0,208459.0,67.92,3.19,7344491.0,16105035.577955
801016.SI,20201120,种植业,2951.29,3024.72,2925.54,2985.43,28.48,0.96,27099.0,248324.0,68.54,3.22,7415238.0,16275496.626083
801016.SI,20201123,种植业,2980.37,3065.74,2944.78,3030.75,45.32,1.52,37534.0,335395.0,69.62,3.27,7527803.0,16522214.739588
801016.SI,20201124,种植业,3026.96,3052.33,2987.66,3010.15,-20.6,-0.68,23951.0,207776.0,69.13,3.24,7476636.0,16417414.968689
801016.SI,20201125,种植业,3011.59,3035.24,2946.37,2957.9,-52.25,-1.74,24511.0,216652.0,67.95,3.19,7346846.0,16099138.239114
801016.SI,20201126,种植业,2954.85,3002.07,2928.5,2970.37,12.48,0.42,17467.0,158784.0,68.25,3.2,7377833.0,16152458.645242
801016.SI,20201127,种植业,2978.01,3041.91,2957.77,3007.3,36.92,1.24,26268.0,239736.0,68.96,3.24,7469541.0,16362096.234249
801016.SI,20201130,种植业,3041.27,3092.14,2999.57,3017.06,9.76,0.32,29985.0,265866.0,69.03,3.24,7493791.0,16421588.569961
801016.SI,20201201,种植业,2996.78,3048.82,2969.32,3031.28,14.22,0.47,30346.0,298079.0,69.26,3.25,7529123.0,16491465.074207
801016.SI,20201202,种植业,3021.36,3079.05,2996.31,3048.8,17.52,0.58,35780.0,332365.0,69.81,3.28,7572637.0,16599076.102784
801016.SI,20201203,种植业,3040.56,3206.87,2995.19,3152.25,103.45,3.39,61818.0,639522.0,72.06,3.38,7829586.0,17144607.457367
801016.SI,20201204,种植业,3127.37,3152.5,3064.72,3097.89,-54.36,-1.72,41697.0,429561.0,70.84,3.32,7694567.0,16825844.612714
801016.SI,20201207,种植业,3081.07,3185.13,3059.66,3138.65,40.76,1.32,45813.0,431003.0,71.71,3.37,7795800.0,17020152.649211
801016.SI,20201208,种植业,3127.44,3147.29,3065.28,3080.5,-58.15,-1.85,33983.0,315136.0,70.46,3.31,7651358.0,16697326.728234
801016.SI,20201209,种植业,3076.29,3133.27,3014.67,3035.95,-44.55,-1.45,37652.0,340915.0,69.49,3.26,7540708.0,16445159.844074
801016.SI,20201210,种植业,3024.16,3150.67,2994.16,3084.35,48.4,1.59,50994.0,457455.0,70.66,3.32,7660931.0,16691599.725054
801016.SI,20201211,种植业,3066.07,3183.92,3026.29,3130.22,45.87,1.49,72671.0,637146.0,71.7,3.37,7794625.0,16927752.254318
801016.SI,20201214,种植业,3110.27,3258.36,3073.66,3195.65,65.42,2.09,71010.0,664876.0,73.4,3.45,7964233.0,17273803.376369
801016.SI,20201215,种植业,3167.32,3195.49,3091.07,3122.73,-72.91,-2.28,47227.0,444231.0,71.73,3.37,7782518.0,16899422.540245
801016.SI,20201216,种植业,3107.71,3172.79,3069.83,3114.94,-7.79,-0.25,46239.0,413089.0,71.51,3.36,7763096.0,16861927.402412
801016.SI,20201217,种植业,3098.48,3124.67,2997.46,3066.9,-48.04,-1.54,45794.0,419819.0,70.37,3.31,7643373.0,16607193.122011
801016.SI,20201218,种植业,3057.23,3177.46,3031.67,3128.66,61.76,2.01,59727.0,553139.0,71.8,3.38,7797291.0,16939564.768576
801016.SI,20201221,种植业,3288.15,3372.65,3227.29,3337.95,209.29,6.69,94105.0,1018768.0,76.71,3.61,8318877.0,18033797.841064
801016.SI,20201222,种植业,3344.21,3470.84,3266.61,3312.46,-25.49,-0.76,111156.0,1252159.0,76.08,3.58,8255359.0,17876547.461728
801016.SI,20201223,种植业,3285.46,3529.72,3194.83,3474.48,162.02,4.89,112766.0,1204917.0,79.87,3.75,8659139.0,18718878.532892
801016.SI,20201224,种植业,3429.22,3616.03,3373.98,3410.15,-64.33,-1.85,115369.0,1327537.0,78.43,3.69,8498825.0,18415685.132229
801016.SI,20201225,种植业,3311.53,3482.54,3277.91,3397.0,-13.15,-0.39,75892.0,868150.0,78.26,3.68,8466053.0,18352742.037379
801016.SI,20201228,种植业,3411.15,3595.08,3389.43,3564.75,167.75,4.94,93222.0,1081805.0,82.2,3.86,8887467.0,19228772.190009
801016.SI,20201229,种植业,3593.43,3637.15,3345.2,3370.64,-194.11,-5.45,103011.0,1248283.0,77.68,3.65,8403526.0,18171285.18667
801016.SI,20201230,种植业,3412.94,3499.89,3338.45,3436.7,66.05,1.96,70487.0,854959.0,79.24,3.72,8568211.0,18507217.288761
801016.SI,20201231,种植业,3409.47,3561.81,3355.52,3500.62,63.92,1.86,71854.0,909387.0,80.72,3.79,8727572.0,18878882.500369
801016.SI,20210104,种植业,3527.03,3700.51,3498.12,3625.87,125.25,3.58,87356.0,1100118.0,83.63,3.93,9039837.0,19562226.647699
801016.SI,20210105,种植业,3604.31,3693.44,3515.09,3582.75,-43.12,-1.19,83836.0,1008387.0,82.59,3.88,8932333.0,19316143.586088
801016.SI,20210106,种植业,3577.46,3726.46,3515.87,3627.34,44.59,1.24,75519.0,985698.0,83.67,3.93,9043508.0,19588013.537184
801016.SI,20210107,种植业,3574.95,3672.53,3473.43,3564.54,-62.8,-1.73,79910.0,919927.0,82.2,3.86,8886930.0,19314320.56006
801016.SI,20210108,种植业,3551.43,3573.26,3374.12,3453.4,-111.13,-3.12,56674.0,682525.0,79.66,3.74,8609860.0,18701764.994258
801016.SI,20210111,种植业,3436.45,3504.97,3335.29,3399.6,-53.81,-1.56,57405.0,632820.0,78.46,3.69,8475707.0,18445364.238603
801016.SI,20210112,种植业,3392.43,3469.66,3258.65,3404.5,4.9,0.14,55317.0,704842.0,78.56,3.69,8487926.0,18470227.948232
801016.SI,20210113,种植业,3386.76,3422.53,3267.69,3290.99,-113.51,-3.33,48526.0,592290.0,75.94,3.57,8204929.0,17877108.05676
801016.SI,20210114,种植业,3250.84,3260.42,3061.18,3110.74,-180.24,-5.48,46410.0,564376.0,71.7,3.37,7755554.0,16918462.952952
801016.SI,20210115,种植业,3089.4,3180.37,3063.16,3135.75,25.01,0.8,32287.0,365330.0,72.28,3.4,7817912.0,17057644.850931
801016.SI,20210118,种植业,3172.79,3280.32,3155.09,3242.7,106.94,3.41,42055.0,420152.0,74.78,3.51,8084534.0,17638583.61152
801016.SI,20210119,种植业,3251.23,3276.52,3150.73,3173.04,-69.65,-2.15,51969.0,451166.0,73.14,3.44,7910875.0,17254073.539893
801016.SI,20210120,种植业,3156.3,3234.34,3119.34,3192.23,19.18,0.6,33562.0,322887.0,73.59,3.46,7958702.0,17341185.068026
801016.SI,20210121,种植业,3172.54,3269.73,3143.12,3222.85,30.63,0.96,40244.0,396311.0,74.31,3.49,8035057.0,17511724.133255
801016.SI,20210122,种植业,3209.73,3248.95,3125.02,3158.13,-64.72,-2.01,38594.0,401799.0,72.84,3.42,7873695.0,17138705.390295
801016.SI,20210125,种植业,3129.03,3294.0,3021.98,3257.88,99.75,3.16,56992.0,626159.0,75.04,3.53,8122395.0,17676029.139616
801016.SI,20210126,种植业,3198.59,3281.35,3143.4,3170.69,-87.19,-2.68,48585.0,574963.0,73.0,3.43,7905008.0,17205895.590099
801016.SI,20210127,种植业,3155.67,3258.66,3123.28,3217.03,46.34,1.46,39658.0,451299.0,74.04,3.48,8020541.0,17448337.525011
801016.SI,20210128,种植业,3176.5,3343.56,3156.9,3209.8,-7.23,-0.22,48683.0,602718.0,73.9,3.47,8002526.0,17397245.226803
801016.SI,20210129,种植业,3210.81,3249.07,3024.9,3094.64,-115.16,-3.59,46274.0,513356.0,70.73,3.35,7773272.0,16773469.384075
801016.SI,20210201,种植业,3057.98,3118.62,2920.84,3060.27,-34.37,-1.11,40427.0,400441.0,69.98,3.31,7686938.0,16650128.338811
801016.SI,20210202,种植业,3036.65,3062.85,2965.83,3008.69,-51.58,-1.69,32945.0,310767.0,68.81,3.26,7557373.0,16354171.502533
801016.SI,20210203,种植业,3006.14,3085.75,2954.91,3019.92,11.23,0.37,35739.0,380905.0,69.06,3.27,7585585.0,16398638.455664
801016.SI,20210204,种植业,2988.68,3014.83,2846.83,2887.2,-132.73,-4.4,35935.0,362375.0,66.0,3.12,7238158.0,15671728.0059
801016.SI,20210205,种植业,2884.52,2990.41,2814.78,2841.88,-45.31,-1.57,30718.0,316815.0,64.99,3.07,7124565.0,15384346.867197
801016.SI,20210208,种植业,2839.15,2892.51,2776.22,2851.19,9.31,0.33,24481.0,240945.0,65.19,3.08,7147895.0,15454567.656833
801016.SI,20210209,种植业,2851.67,2954.13,2828.76,2928.62,77.43,2.72,25573.0,276342.0,66.99,3.17,7342016.0,15856387.464295
801016.SI,20210210,种植业,2927.67,2996.87,2904.27,2975.31,46.69,1.59,25175.0,274720.0,68.08,3.22,7459065.0,16100013.457528
801016.SI,20210218,种植业,3025.08,3105.45,2977.31,3078.0,102.69,3.45,37472.0,406908.0,70.43,3.33,7716501.0,16636151.062709
801016.SI,20210219,种植业,3098.14,3258.27,3078.18,3226.22,148.22,4.82,54388.0,574644.0,73.84,3.49,8088082.0,17448118.376972
801016.SI,20210222,种植业,3335.95,3432.02,3224.73,3329.83,103.61,3.21,98856.0,1067778.0,76.24,3.6,8347839.0,18012344.667058
801016.SI,20210223,种植业,3308.07,3323.49,3164.38,3192.71,-137.12,-4.12,63053.0,623065.0,73.09,3.46,8004076.0,17314138.883143
801016.SI,20210224,种植业,3189.12,3280.08,3150.07,3194.49,1.78,0.06,48976.0,466560.0,73.12,3.46,8008540.0,17324167.076618
801016.SI,20210225,种植业,3228.07,3290.09,3114.23,3220.92,26.44,0.83,73943.0,624076.0,73.72,3.49,8074813.0,17463987.152064
801016.SI,20210226,种植业,3135.64,3324.44,3108.68,3269.35,48.43,1.5,79942.0,761701.0,74.85,3.54,8196216.0,17632346.389474
801016.SI,20210301,种植业,3254.73,3364.43,3204.29,3304.11,34.76,1.06,60107.0,620411.0,75.65,3.58,8283352.0,17827579.656463
801016.SI,20210302,种植业,3281.84,3313.23,3193.35,3263.4,-40.71,-1.23,51716.0,547148.0,74.72,3.54,8181296.0,17602536.355185
801016.SI,20210303,种植业,3272.16,3350.24,3246.68,3287.26,23.86,0.73,49915.0,535053.0,75.22,3.56,8241107.0,17747104.107672
801016.SI,20210304,种植业,3243.19,3282.75,3156.75,3186.06,-101.2,-3.08,46628.0,464293.0,72.86,3.45,7987412.0,17201498.869402
801016.SI,20210305,种植业,3167.61,3273.5,3130.52,3217.43,31.36,0.98,45257.0,447411.0,73.6,3.48,8066044.0,17380893.739972
801016.SI,20210308,种植业,3212.2,3234.1,3053.26,3080.36,-137.07,-4.26,45200.0,454665.0,70.43,3.33,7722415.0,16665496.495517
801016.SI,20210309,种植业,3053.82,3067.78,2869.51,2928.86,-151.5,-4.92,39477.0,371873.0,66.96,3.17,7342616.0,15836377.216549
801016.SI,20210310,种植业,2938.73,2979.31,2874.96,2902.62,-26.24,-0.9,23697.0,229555.0,66.35,3.14,7276821.0,15682951.087005
801016.SI,20210311,种植业,2907.66,2950.83,2865.64,2944.47,41.85,1.44,24770.0,229462.0,66.57,3.18,7381746.0,15913855.70711
801016.SI,20210312,种植业,2942.72,2981.68,2867.54,2930.06,-14.41,-0.49,28906.0,269174.0,66.25,3.17,7345619.0,15862836.68614
801016.SI,20210315,种植业,2915.39,2941.18,2866.59,2889.26,-40.8,-1.39,22303.0,197732.0,65.32,3.12,7243334.0,15658416.207118
801016.SI,20210316,种植业,2898.59,2924.34,2856.38,2888.64,-0.62,-0.02,21256.0,187244.0,65.31,3.12,7241774.0,15639878.856905
801016.SI,20210317,种植业,2887.23,3026.22,2876.53,3008.37,119.74,4.15,53351.0,445410.0,68.02,3.25,7541949.0,16251417.789662
801016.SI,20210318,种植业,2983.75,3009.49,2927.11,2961.0,-47.37,-1.57,42896.0,341338.0,66.94,3.2,7423183.0,16017678.00592
801016.SI,20210319,种植业,2952.28,3002.39,2916.88,2936.33,-24.67,-0.83,37264.0,300980.0,66.39,3.18,7361336.0,15861945.216435
801016.SI,20210322,种植业,2935.78,2998.57,2901.51,2983.13,46.8,1.59,34373.0,293070.0,67.44,3.23,7478653.0,16138506.414201
801016.SI,20210323,种植业,2978.65,3042.31,2930.86,2992.58,9.45,0.32,39851.0,354718.0,68.83,3.24,7502347.0,16200201.547099
801016.SI,20210324,种植业,2974.28,3024.42,2944.16,2974.43,-18.15,-0.61,34636.0,304211.0,68.41,3.22,7456854.0,16080041.86068
801016.SI,20210325,种植业,3010.23,3114.67,2985.03,3026.59,52.16,1.75,51492.0,450325.0,69.61,3.27,7587618.0,16328398.171532
801016.SI,20210326,种植业,3022.61,3075.82,2973.13,3034.94,8.36,0.28,51021.0,411143.0,68.42,3.28,7608564.0,16392969.462032
801016.SI,20210329,种植业,3022.8,3054.81,2986.79,3010.75,-24.19,-0.8,35402.0,294465.0,67.8,3.24,7547911.0,16261900.732426
801016.SI,20210330,种植业,3012.84,3045.05,2961.72,2993.75,-17.0,-0.56,31656.0,280764.0,65.8,3.23,7505287.0,16145869.642385
801016.SI,20210331,种植业,2998.27,3020.19,2942.22,2977.1,-16.65,-0.56,26373.0,235055.0,64.02,3.2,7463553.0,16051128.255222
801016.SI,20210401,种植业,3011.0,3048.65,2951.3,2973.41,-3.69,-0.12,47087.0,390607.0,63.94,3.2,7454294.0,16050725.515371
801016.SI,20210402,种植业,2949.17,2998.71,2915.16,2966.54,-6.87,-0.23,38664.0,323277.0,63.79,3.19,7437069.0,16024987.424952
801016.SI,20210406,种植业,2962.35,2986.71,2922.84,2952.9,-13.64,-0.46,33251.0,260480.0,63.5,3.18,7402867.0,15950565.879905
801016.SI,20210407,种植业,2945.73,2988.25,2914.19,2964.14,11.24,0.38,37941.0,299370.0,63.74,3.19,7431049.0,15992340.490112
801016.SI,20210408,种植业,2957.41,2989.24,2923.4,2932.14,-32.0,-1.08,35631.0,271275.0,63.05,3.15,7350833.0,15824566.368525
801016.SI,20210409,种植业,2927.93,2961.7,2881.04,2905.32,-26.82,-0.91,35713.0,281691.0,62.47,3.13,7283596.0,15703367.516586
801016.SI,20210412,种植业,2914.59,2950.36,2858.17,2875.01,-30.31,-1.04,40158.0,299579.0,64.22,3.08,7207615.0,15548641.599085
801016.SI,20210413,种植业,2860.8,2968.44,2817.03,2936.23,61.22,2.13,49085.0,387890.0,65.48,3.15,7361091.0,15835770.88118
801016.SI,20210414,种植业,2906.85,2925.27,2866.72,2891.91,-44.32,-1.51,29087.0,231004.0,64.49,3.1,7249986.0,15607017.320991
801016.SI,20210415,种植业,2884.84,2908.55,2843.33,2852.88,-39.03,-1.35,22596.0,178352.0,63.62,3.06,7152141.0,15391822.801504
801016.SI,20210416,种植业,2846.72,2882.65,2832.89,2866.89,14.0,0.49,20337.0,157438.0,64.92,3.06,7187251.0,15470818.34324
801016.SI,20210419,种植业,2854.42,2916.68,2838.8,2897.49,30.6,1.07,30737.0,263741.0,66.49,3.11,7361142.0,16011851.037832
801016.SI,20210420,种植业,2892.92,2942.62,2872.79,2884.86,-12.63,-0.44,33008.0,287151.0,65.88,3.09,7329046.0,15933002.070395
801016.SI,20210421,种植业,2869.59,2889.54,2832.86,2853.3,-31.56,-1.09,25437.0,211693.0,65.16,3.06,7248878.0,15752720.03722
801016.SI,20210422,种植业,2850.52,2874.21,2828.6,2850.8,-2.5,-0.09,21257.0,189088.0,65.1,3.06,7242515.0,15740555.917254
801016.SI,20210423,种植业,2855.69,2888.97,2829.54,2862.04,11.25,0.39,26283.0,247121.0,65.22,3.05,7271087.0,15822208.171455
801016.SI,20210426,种植业,2864.71,2899.75,2816.62,2834.27,-27.77,-0.97,28970.0,289044.0,65.33,3.05,7283003.0,16045231.399527
801016.SI,20210427,种植业,2835.08,2868.68,2795.13,2818.69,-15.58,-0.55,24101.0,230009.0,65.09,3.03,7242975.0,15974274.936535
801016.SI,20210428,种植业,2797.96,2822.73,2729.06,2768.7,-49.99,-1.77,29228.0,277829.0,66.56,3.07,7114516.0,15667033.234929
801016.SI,20210429,种植业,2762.37,2783.93,2721.78,2747.73,-20.97,-0.76,23087.0,209485.0,65.5,3.04,7060630.0,15549721.806559
801016.SI,20210430,种植业,2746.33,2794.06,2727.3,2765.88,18.14,0.66,23073.0,207583.0,61.79,3.08,7107253.0,15623240.592362
801016.SI,20210506,种植业,2773.04,2909.05,2764.3,2883.85,117.98,4.27,46614.0,451158.0,62.65,3.21,7410416.0,16334526.119677
801016.SI,20210507,种植业,2872.37,2926.82,2826.61,2881.12,-2.73,-0.09,42077.0,384067.0,62.59,3.21,7403388.0,16334964.35783
801016.SI,20210510,种植业,2875.45,2937.46,2828.88,2904.8,23.68,0.82,39486.0,354008.0,63.11,3.23,7464228.0,16510220.437532
801016.SI,20210511,种植业,2881.89,2946.19,2844.04,2895.25,-9.54,-0.33,39354.0,367460.0,62.94,3.23,7445094.0,16457160.528799
801016.SI,20210512,种植业,2875.17,3049.06,2864.78,3010.96,115.7,4.0,63296.0,648050.0,65.45,3.35,7742627.0,17116849.454155
801016.SI,20210513,种植业,2972.49,3004.66,2904.46,2927.48,-83.47,-2.77,46070.0,434418.0,63.64,3.26,7527974.0,16620559.515152
801016.SI,20210514,种植业,2912.98,2961.41,2882.69,2931.53,4.04,0.14,33888.0,331915.0,63.73,3.27,7538371.0,16623351.532384
801016.SI,20210517,种植业,2925.0,2958.35,2875.61,2927.7,-3.83,-0.13,29641.0,288750.0,63.35,3.25,7502005.0,16545138.642651
801016.SI,20210518,种植业,2918.68,2950.96,2870.18,2926.86,-0.83,-0.03,25811.0,271005.0,63.65,3.26,7536697.0,16630601.687896
801016.SI,20210519,种植业,2912.7,2932.7,2865.53,2877.01,-49.85,-1.7,28169.0,256169.0,62.55,3.21,7409189.0,16334137.286168
801016.SI,20210520,种植业,2853.44,2896.38,2832.52,2867.7,-9.31,-0.32,23315.0,219371.0,62.34,3.2,7385212.0,16289123.108357
801016.SI,20210521,种植业,2864.87,2955.45,2853.15,2899.94,32.24,1.12,30087.0,289925.0,63.04,3.23,7468238.0,16478181.714699
801016.SI,20210524,种植业,3002.78,3027.75,2884.03,2900.88,0.93,0.03,51428.0,549985.0,63.17,3.25,7526526.0,16420936.565138
801016.SI,20210525,种植业,2862.8,2892.66,2812.03,2874.57,-26.3,-0.91,34911.0,344682.0,62.6,3.22,7458285.0,16290087.970815
801016.SI,20210526,种植业,2859.15,2914.01,2842.87,2890.83,16.25,0.57,32802.0,286643.0,62.95,3.24,7500453.0,16395352.194672
801016.SI,20210527,种植业,2878.71,2895.51,2843.6,2857.4,-33.43,-1.16,28815.0,265284.0,62.23,3.2,7413717.0,16179224.837661
801016.SI,20210528,种植业,2860.21,2890.72,2830.14,2849.09,-8.3,-0.29,28830.0,265334.0,62.04,3.19,7392174.0,16143542.394977
801016.SI,20210531,种植业,2849.11,2882.05,2816.9,2862.84,13.75,0.48,25904.0,240708.0,62.34,3.21,7427845.0,16231271.758611
801016.SI,20210601,种植业,2858.78,2945.89,2843.96,2917.95,55.11,1.93,40221.0,381074.0,63.39,3.25,7501444.0,16535737.223003
801016.SI,20210602,种植业,2912.47,2971.69,2874.91,2918.96,1.01,0.03,47492.0,414657.0,63.41,3.25,7504044.0,16505264.871944
801016.SI,20210603,种植业,2905.12,2939.29,2869.53,2881.93,-37.03,-1.27,37738.0,320650.0,62.6,3.21,7408843.0,16306300.362233
801016.SI,20210604,种植业,2891.98,2965.5,2877.82,2921.5,39.56,1.37,44179.0,373613.0,63.46,3.25,7510555.0,16514211.704433
801016.SI,20210607,种植业,2901.41,2913.68,2832.1,2859.96,-61.54,-2.11,39241.0,333188.0,62.13,3.19,7352343.0,16155630.012521
801016.SI,20210608,种植业,2855.06,2888.58,2833.31,2864.74,4.79,0.17,27734.0,223096.0,62.23,3.19,7364654.0,16187973.052276
801016.SI,20210609,种植业,2861.15,2877.17,2825.91,2843.21,-21.54,-0.75,22397.0,187013.0,61.76,3.17,7309287.0,16070013.732855
801016.SI,20210610,种植业,2839.04,2848.23,2792.42,2809.71,-33.49,-1.18,25435.0,220876.0,61.04,3.13,7223184.0,15887744.25834
801016.SI,20210611,种植业,2812.98,2859.19,2790.81,2808.34,-1.38,-0.05,24667.0,226439.0,61.01,3.13,7219648.0,15884579.264495
801016.SI,20210615,种植业,2803.53,2827.05,2750.8,2776.13,-32.21,-1.15,23438.0,200343.0,60.31,3.09,7136852.0,15676158.279059
801016.SI,20210616,种植业,2775.07,2831.43,2751.23,2781.7,5.57,0.2,24171.0,218669.0,60.43,3.1,7151160.0,15695487.608013
801016.SI,20210617,种植业,2769.68,2794.71,2709.57,2730.32,-51.38,-1.85,23163.0,227802.0,59.31,3.04,7019084.0,15430649.682316
801016.SI,20210618,种植业,2722.58,2753.62,2664.85,2730.05,-0.27,-0.01,23789.0,213058.0,59.31,3.04,7018393.0,15446210.009907
801016.SI,20210621,种植业,2735.31,2777.65,2711.1,2741.01,10.96,0.4,23321.0,201185.0,59.54,3.05,7046561.0,15517404.404918
801016.SI,20210622,种植业,2765.97,2891.45,2758.62,2844.43,103.41,3.77,50854.0,428279.0,61.79,3.17,7312418.0,16065160.473219
801016.SI,20210623,种植业,2847.5,2890.04,2794.94,2865.2,20.77,0.73,43185.0,347250.0,62.24,3.19,7365818.0,16151743.878361
801016.SI,20210624,种植业,2859.42,2892.06,2819.48,2839.56,-25.64,-0.89,28342.0,245782.0,61.68,3.16,7299899.0,15993993.780134
801016.SI,20210625,种植业,2846.72,2863.27,2804.83,2827.32,-12.23,-0.43,27985.0,266052.0,61.44,3.15,7272982.0,15918630.839681
801016.SI,20210628,种植业,2845.62,2888.7,2827.79,2855.99,28.67,1.01,32440.0,326794.0,62.33,3.23,7485761.0,16043063.265265
801016.SI,20210629,种植业,2857.83,2903.93,2808.66,2847.18,-8.81,-0.31,37348.0,356048.0,62.14,3.22,7462660.0,15980128.141078
801016.SI,20210630,种植业,2851.95,2881.98,2782.16,2835.92,-11.26,-0.4,35052.0,368546.0,61.89,3.21,7433151.0,15905182.941365
801016.SI,20210701,种植业,2835.25,2873.52,2779.44,2794.88,-41.04,-1.45,31006.0,311311.0,61.0,3.16,7325571.0,15684494.602017
801016.SI,20210702,种植业,2787.72,2891.82,2758.06,2808.37,13.49,0.48,39065.0,376694.0,61.29,3.17,7360936.0,15790202.895915
801016.SI,20210705,种植业,2809.26,2914.58,2770.38,2876.44,68.07,2.42,44893.0,456006.0,62.78,3.25,7539341.0,16120093.656468
801016.SI,20210706,种植业,2879.0,3010.9,2855.49,2967.69,91.25,3.17,65343.0,636851.0,64.77,3.35,7778518.0,16589657.300161
801016.SI,20210707,种植业,2942.65,2998.05,2907.86,2955.28,-12.41,-0.42,46560.0,473522.0,64.5,3.34,7745995.0,16517333.518348
801016.SI,20210708,种植业,2948.18,3007.52,2905.74,2970.2,14.92,0.5,50216.0,513879.0,64.82,3.36,7785103.0,16550764.663443
801016.SI,20210709,种植业,2955.67,2989.23,2907.48,2947.76,-22.44,-0.76,39730.0,412420.0,64.33,3.33,7726296.0,16428933.983053
801016.SI,20210712,种植业,3025.33,3083.7,2935.94,2983.62,35.85,1.22,63876.0,693897.0,65.12,3.37,7820270.0,16607879.341825
801016.SI,20210713,种植业,2945.13,3065.33,2915.82,3001.24,17.63,0.59,54983.0,550188.0,65.5,3.39,7866470.0,16687166.151039
801016.SI,20210714,种植业,2978.25,3038.68,2927.43,2965.19,-36.05,-1.2,45985.0,464389.0,64.71,3.35,7771980.0,16469700.589632
801016.SI,20210715,种植业,2940.73,2977.44,2859.68,2899.76,-65.43,-2.21,44746.0,456405.0,63.29,3.28,7600477.0,16123659.099027
801016.SI,20210716,种植业,2888.43,2931.29,2849.41,2899.63,-0.13,0.0,36377.0,367321.0,63.28,3.28,7600142.0,16124537.15401
801016.SI,20210719,种植业,2905.51,3104.12,2869.37,3069.8,170.16,5.87,67377.0,719165.0,67.0,3.47,8046151.0,16962798.27712
801016.SI,20210720,种植业,3032.55,3077.96,2971.25,3008.11,-61.69,-2.01,51441.0,586254.0,65.65,3.4,7884456.0,16617858.832291
801016.SI,20210721,种植业,3039.34,3081.06,2994.6,3041.2,33.1,1.1,42302.0,476868.0,66.37,3.44,7971205.0,16806330.755371
801016.SI,20210722,种植业,3035.7,3074.55,2994.21,3024.67,-16.53,-0.54,42856.0,436883.0,66.01,3.42,7927868.0,16713976.982588
801016.SI,20210723,种植业,3024.91,3106.24,2985.84,3057.63,32.96,1.09,61238.0,600498.0,66.73,3.46,8014255.0,16859544.367775
801016.SI,20210726,种植业,3042.81,3198.44,2978.05,3074.14,16.51,0.54,77544.0,795921.0,67.09,3.48,8057534.0,16955143.52006
801016.SI,20210727,种植业,3052.8,3162.6,2995.11,3067.38,-6.76,-0.22,77536.0,732510.0,66.94,3.47,8039823.0,16896461.526786
801016.SI,20210728,种植业,3032.14,3066.75,2880.35,2942.92,-124.46,-4.06,57886.0,529305.0,64.27,3.33,7726507.0,16214912.604675
801016.SI,20210729,种植业,2967.64,3117.96,2937.33,3059.91,116.99,3.98,68825.0,626136.0,66.83,3.46,8033660.0,16800960.055338
801016.SI,20210730,种植业,3048.94,3159.72,3008.88,3112.78,52.86,1.73,63693.0,628987.0,68.59,3.54,8246190.0,17057562.545913
801016.SI,20210802,种植业,3080.78,3255.53,3043.64,3182.9,70.13,2.25,67837.0,706977.0,70.14,3.62,8431966.0,17440370.960549
801016.SI,20210803,种植业,3151.59,3294.06,3121.94,3208.49,25.58,0.8,86613.0,823501.0,70.7,3.64,8499737.0,17597823.667335
801016.SI,20210804,种植业,3192.04,3243.69,3148.68,3209.23,0.74,0.02,58267.0,552736.0,70.72,3.65,8501703.0,17593797.94503
801016.SI,20210805,种植业,3199.11,3395.53,3165.29,3336.98,127.75,3.98,89579.0,970054.0,73.54,3.79,8840131.0,18223499.638768
801016.SI,20210806,种植业,3299.97,3385.43,3243.35,3314.28,-22.7,-0.68,65499.0,749143.0,72.33,3.75,8806373.0,18084660.801172
801016.SI,20210809,种植业,3314.11,3417.38,3243.9,3284.85,-29.44,-0.89,50883.0,621237.0,72.36,3.73,8848082.0,17968190.701555
801016.SI,20210810,种植业,3277.82,3365.34,3240.16,3302.76,17.91,0.55,48621.0,569965.0,72.76,3.72,8896331.0,18038490.073377
801016.SI,20210811,种植业,3281.69,3318.16,3202.24,3285.31,-17.45,-0.53,52286.0,552110.0,72.37,3.7,8849325.0,17954362.097801
801016.SI,20210812,种植业,3298.87,3366.97,3241.45,3263.7,-21.61,-0.66,48985.0,526067.0,71.9,3.68,8791112.0,17840813.388954
801016.SI,20210813,种植业,3282.71,3417.17,3215.31,3381.59,117.89,3.61,67585.0,792389.0,74.49,3.81,9108667.0,18481825.510345
801016.SI,20210816,种植业,3366.73,3458.56,3226.1,3262.75,-118.84,-3.51,70353.0,851589.0,72.19,3.69,8807805.0,18057370.893701
801016.SI,20210817,种植业,3221.17,3257.88,3079.84,3104.89,-157.85,-4.84,60087.0,665649.0,68.7,3.51,8381681.0,17205573.759493
801016.SI,20210818,种植业,3090.46,3141.48,3054.92,3105.43,0.53,0.02,38247.0,415156.0,68.71,3.51,8383420.0,17220291.394527
801016.SI,20210819,种植业,3090.76,3104.03,3013.29,3045.99,-59.44,-1.91,32761.0,353414.0,67.39,3.44,8222969.0,16891759.104794
801016.SI,20210820,种植业,3035.93,3067.11,2962.01,3007.36,-38.63,-1.27,30281.0,322229.0,66.54,3.4,8118673.0,16698714.220468
801016.SI,20210823,种植业,3002.17,3084.04,2988.89,3055.72,48.36,1.61,28585.0,322562.0,67.61,3.46,8249226.0,16942027.415702
801016.SI,20210824,种植业,3047.75,3112.08,3019.87,3073.07,17.35,0.57,31729.0,352816.0,67.99,3.48,8296062.0,17032730.713988
801016.SI,20210825,种植业,3069.52,3152.23,3041.32,3122.06,48.99,1.59,33983.0,395865.0,69.08,3.55,8428316.0,17267572.64369
801016.SI,20210826,种植业,3095.11,3108.22,2996.37,3011.41,-110.65,-3.54,39896.0,418350.0,66.63,3.43,8129618.0,16725969.93341
801016.SI,20210827,种植业,2993.57,3038.63,2953.6,3008.32,-3.09,-0.1,28512.0,295765.0,66.56,3.4,8121269.0,16706751.338113
801016.SI,20210830,种植业,3014.75,3113.42,2986.33,3071.06,62.75,2.09,34996.0,409020.0,67.95,3.5,8290657.0,16964001.612845
801016.SI,20210831,种植业,3059.65,3127.8,3011.44,3090.44,19.38,0.63,34274.0,364341.0,68.36,3.52,8339506.0,17035561.833399
801016.SI,20210901,种植业,3092.54,3153.61,3043.62,3089.21,-1.23,-0.04,34408.0,373384.0,76.74,3.52,8336191.0,17036226.263251
801016.SI,20210902,种植业,3078.15,3133.68,3035.55,3089.86,0.65,0.02,32314.0,318848.0,76.75,3.52,8337940.0,17058380.688061
801016.SI,20210903,种植业,3069.85,3273.3,3061.54,3209.01,119.14,3.86,57770.0,649808.0,79.53,3.67,8614961.0,17666270.237187
801016.SI,20210906,种植业,3191.05,3232.77,3116.62,3203.49,-5.51,-0.17,37405.0,410115.0,79.4,3.66,8600162.0,17620334.549058
801016.SI,20210907,种植业,3165.62,3201.63,3120.68,3171.82,-31.68,-0.99,35604.0,386887.0,78.61,3.62,8515123.0,17500082.816681
801016.SI,20210908,种植业,3172.39,3354.9,3149.46,3312.16,140.34,4.42,66821.0,740085.0,82.09,3.78,8891881.0,18203285.057238
801016.SI,20210909,种植业,3338.37,3465.7,3259.55,3296.65,-15.5,-0.47,78333.0,864790.0,81.71,3.77,8850264.0,18132759.346319
801016.SI,20210910,种植业,3273.65,3338.98,3206.76,3262.33,-34.32,-1.04,50105.0,519277.0,80.86,3.73,8758119.0,17985417.29589
801016.SI,20210913,种植业,3244.03,3327.46,3202.2,3288.79,26.46,0.81,42490.0,436837.0,81.51,3.76,8829161.0,18111784.864537
801016.SI,20210914,种植业,3285.53,3345.28,3202.15,3215.24,-73.55,-2.24,43151.0,424398.0,79.69,3.67,8631704.0,17729948.535305
801016.SI,20210915,种植业,3193.25,3336.57,3173.96,3306.83,91.59,2.85,45398.0,469425.0,81.96,3.78,8877590.0,18162164.37025
801016.SI,20210916,种植业,3307.98,3465.28,3277.81,3358.79,51.96,1.57,73747.0,789422.0,83.25,3.84,9017079.0,18493487.597642
801016.SI,20210917,种植业,3323.76,3381.38,3236.49,3301.12,-57.68,-1.72,49460.0,488925.0,81.82,3.77,8862280.0,18191545.97886
801016.SI,20210922,种植业,3249.38,3297.17,3194.43,3236.12,-64.99,-1.97,32148.0,317387.0,80.21,3.7,8687793.0,17872933.740681
801016.SI,20210923,种植业,3256.91,3364.05,3233.52,3325.78,89.66,2.77,47881.0,471664.0,82.43,3.8,8928499.0,18395016.818948
801016.SI,20210924,种植业,3316.64,3345.47,3145.02,3183.24,-142.54,-4.29,50001.0,509904.0,78.9,3.64,8545832.0,17743852.361638
801016.SI,20210927,种植业,3149.57,3221.59,3054.58,3105.99,-77.25,-2.43,49780.0,449198.0,76.98,3.55,8338444.0,17293515.351421
801016.SI,20210928,种植业,3113.74,3153.21,3039.47,3098.91,-7.08,-0.23,33851.0,322040.0,76.81,3.54,8319444.0,17245269.745165
801016.SI,20210929,种植业,3089.35,3152.45,3034.45,3051.65,-47.26,-1.53,37583.0,343656.0,75.63,3.49,8192568.0,16972002.924555
801016.SI,20210930,种植业,3074.74,3146.71,3033.24,3113.74,62.09,2.03,34294.0,326864.0,77.17,3.56,8359250.0,17261555.083579
801016.SI,20211008,种植业,3150.32,3389.39,3136.72,3364.79,251.05,8.06,82037.0,819426.0,83.39,3.85,9033229.0,18659351.614105
801016.SI,20211011,种植业,3368.61,3515.47,3303.89,3446.7,81.9,2.43,108878.0,1022872.0,85.42,3.94,9253111.0,
801016.SI,20211012,种植业,3406.21,3497.76,3334.48,3413.51,-33.19,-0.96,72749.0,713070.0,84.6,3.9,9164015.0,
801016.SI,20211013,种植业,3398.08,3411.73,3176.69,3261.4,-152.1,-4.46,63649.0,613677.0,80.83,3.73,8755672.0,18106417.221355
801016.SI,20211014,种植业,3239.49,3314.63,3181.86,3263.28,1.87,0.06,44850.0,422207.0,80.88,3.73,8760702.0,18093072.505466
801016.SI,20211015,种植业,3282.48,3438.49,3143.11,3164.88,-98.4,-3.02,85292.0,810532.0,78.38,3.61,8540264.0,17605718.762024
801016.SI,20211018,种植业,3085.4,3349.87,3018.93,3324.95,160.07,5.06,78368.0,776415.0,82.34,3.8,8972201.0,18418687.48034
801016.SI,20211019,种植业,3289.35,3394.63,3244.43,3331.66,6.71,0.2,69229.0,704253.0,82.51,3.8,8990303.0,18621279.828576
801016.SI,20211020,种植业,3314.23,3374.4,3246.55,3276.88,-54.78,-1.64,58756.0,545759.0,81.15,3.74,8842493.0,18298196.027541
801016.SI,20211021,种植业,3291.12,3333.12,3214.98,3255.39,-21.49,-0.66,51894.0,466978.0,80.62,3.72,8784493.0,18179555.642705
801016.SI,20211022,种植业,3239.83,3302.31,3160.94,3178.52,-76.87,-2.36,52745.0,494702.0,78.71,3.63,8577066.0,17756461.129586
801016.SI,20211025,种植业,3190.52,3257.13,3150.23,3202.97,24.45,0.77,43713.0,408212.0,79.32,3.66,8643031.0,17880714.425438
801016.SI,20211026,种植业,3192.94,3284.77,3133.52,3175.14,-27.83,-0.87,46760.0,469233.0,78.63,3.63,8567933.0,17791280.285236
801016.SI,20211027,种植业,3152.9,3228.16,3082.35,3180.31,5.18,0.16,53936.0,503083.0,77.12,3.63,8581904.0,17744314.059055
801016.SI,20211028,种植业,3154.37,3169.16,2988.73,3030.46,-149.85,-4.71,45859.0,453920.0,73.49,3.4,8177537.0,16918006.892355
801016.SI,20211029,种植业,3035.46,3102.13,3015.14,3054.55,24.08,0.79,34718.0,325663.0,74.07,3.43,8242528.0,17060759.431609
801016.SI,20211101,种植业,3053.24,3239.37,3027.76,3177.6,123.05,4.03,47554.0,518981.0,93.7,3.6,8574578.0,17662590.131452
801016.SI,20211102,种植业,3210.15,3356.65,3176.08,3270.64,93.04,2.93,82005.0,776876.0,96.45,3.71,8825631.0,18224852.051664
801016.SI,20211103,种植业,3241.83,3381.67,3202.91,3297.59,26.96,0.82,70133.0,700390.0,97.24,3.74,8898371.0,18331917.67586
801016.SI,20211104,种植业,3286.76,3417.96,3268.53,3370.1,72.51,2.2,74640.0,650560.0,99.38,3.82,9094038.0,18735030.995835
801016.SI,20211105,种植业,3359.63,3407.41,3282.94,3306.01,-64.09,-1.9,61457.0,531074.0,97.49,3.75,8921092.0,18377890.141846
801016.SI,20211108,种植业,3298.43,3360.1,3239.4,3301.69,-4.32,-0.13,42786.0,385210.0,97.62,3.75,8932760.0,18351606.432544
801016.SI,20211109,种植业,3297.26,3521.44,3272.8,3476.49,174.8,5.29,74304.0,837025.0,102.78,3.94,9405670.0,19240957.676764
801016.SI,20211110,种植业,3480.06,3574.06,3412.12,3479.36,2.87,0.08,60482.0,683661.0,102.87,3.95,9413434.0,19213533.915751
801016.SI,20211111,种植业,3499.3,3564.94,3436.34,3505.12,25.76,0.74,48500.0,530545.0,103.63,3.98,9483129.0,19361477.925209
801016.SI,20211112,种植业,3498.36,3674.24,3476.31,3597.26,92.14,2.63,64457.0,704583.0,106.36,4.08,9732403.0,19904443.493577
801016.SI,20211115,种植业,3587.15,3629.71,3337.34,3371.44,-225.82,-6.28,79456.0,925453.0,99.68,3.83,9121449.0,18770271.487689
801016.SI,20211116,种植业,3351.41,3446.52,3313.34,3349.1,-22.34,-0.66,50007.0,542113.0,99.02,3.8,9061007.0,18650757.940817
801016.SI,20211117,种植业,3338.2,3372.34,3250.57,3344.03,-5.07,-0.15,37902.0,424749.0,98.87,3.79,9047290.0,18641291.672449
801016.SI,20211118,种植业,3336.07,3400.69,3283.36,3318.13,-25.9,-0.77,40666.0,448304.0,98.1,3.76,8977219.0,18515444.078987
801016.SI,20211119,种植业,3313.27,3365.15,3256.91,3329.35,11.22,0.34,40804.0,421221.0,98.43,3.78,9007578.0,18598259.181923
801016.SI,20211122,种植业,3320.48,3395.93,3283.15,3376.63,47.28,1.42,45610.0,461332.0,99.83,3.83,9135491.0,18891090.634741
801016.SI,20211123,种植业,3377.88,3401.69,3300.54,3333.59,-43.03,-1.27,40793.0,431965.0,98.56,3.78,9019062.0,18618458.728532
801016.SI,20211124,种植业,3317.05,3329.67,3234.15,3264.1,-69.49,-2.08,38691.0,403150.0,96.51,3.7,8831056.0,18233880.746002
801016.SI,20211125,种植业,3265.67,3307.87,3238.49,3286.8,22.7,0.7,30458.0,306299.0,97.18,3.73,8892476.0,18361195.30966
801016.SI,20211126,种植业,3267.91,3302.72,3217.59,3239.59,-47.22,-1.44,33476.0,331904.0,95.78,3.68,8764735.0,18079376.976947
801016.SI,20211129,种植业,3190.67,3306.74,3168.09,3265.82,26.23,0.81,33365.0,363958.0,96.56,3.71,8835710.0,18238934.8319
801016.SI,20211130,种植业,3261.87,3337.12,3237.75,3301.75,35.93,1.1,39699.0,404238.0,97.62,3.75,8932914.0,18421193.934923
801016.SI,20211201,种植业,3292.14,3337.17,3250.77,3303.53,1.78,0.05,31641.0,305955.0,97.67,3.75,8937739.0,18477196.020926
801016.SI,20211202,种植业,3299.03,3339.58,3231.2,3255.21,-48.33,-1.46,36537.0,352731.0,96.24,3.69,8806993.0,18191706.96828
801016.SI,20211203,种植业,3250.73,3313.1,3233.92,3273.51,18.3,0.56,27700.0,289891.0,96.78,3.71,8856509.0,18287840.443695
801016.SI,20211206,种植业,3260.07,3293.06,3216.39,3236.33,-37.18,-1.14,28625.0,278920.0,95.68,3.67,8755907.0,18078401.491203
801016.SI,20211207,种植业,3244.89,3316.32,3228.08,3278.72,42.39,1.31,30376.0,339090.0,96.94,3.72,8870604.0,18328961.679812
801016.SI,20211208,种植业,3285.99,3329.54,3245.11,3295.02,16.3,0.5,32551.0,342595.0,97.42,3.74,8914693.0,18408667.109711
801016.SI,20211209,种植业,3298.38,3393.46,3280.81,3363.1,68.09,2.07,49554.0,554324.0,99.43,3.82,9098902.0,18727445.416877
801016.SI,20211210,种植业,3358.17,3444.77,3310.84,3390.66,27.56,0.82,52758.0,584278.0,100.25,3.85,9173468.0,18851726.695599
801016.SI,20211213,种植业,3435.72,3477.39,3340.42,3362.37,-28.3,-0.83,47856.0,566086.0,99.41,3.81,9096913.0,18706259.831968
801016.SI,20211214,种植业,3343.4,3419.78,3301.94,3390.26,27.89,0.83,44321.0,491407.0,100.24,3.85,9172379.0,18836078.455008
801016.SI,20211215,种植业,3387.85,3401.38,3325.11,3346.3,-43.96,-1.3,33064.0,351917.0,98.94,3.8,9053452.0,18598530.477092
801016.SI,20211216,种植业,3335.33,3435.97,3317.51,3381.38,35.07,1.05,48446.0,487054.0,100.55,3.72,9267745.0,18791368.35043
801016.SI,20211217,种植业,3360.01,3481.06,3339.9,3420.93,39.55,1.17,63013.0,661347.0,101.73,3.76,9376149.0,18999021.324753
801016.SI,20211220,种植业,3425.35,3537.28,3381.94,3444.62,23.69,0.69,72428.0,835370.0,102.43,3.79,9441083.0,19160829.542185
801016.SI,20211221,种植业,3414.37,3453.61,3310.06,3426.7,-17.92,-0.52,54299.0,614356.0,101.9,3.77,9391964.0,19054498.047578
801016.SI,20211222,种植业,3411.62,3486.83,3386.37,3436.35,9.66,0.28,48043.0,512900.0,102.19,3.78,9418427.0,19134334.378667
801016.SI,20211223,种植业,3425.52,3508.46,3405.16,3484.83,48.48,1.41,50406.0,563854.0,104.16,3.85,9652586.0,19373002.939183
801016.SI,20211224,种植业,3475.31,3571.81,3435.69,3501.46,16.63,0.48,57050.0,615890.0,104.66,3.87,9698643.0,19431096.055509
801016.SI,20211227,种植业,3530.56,3579.42,3408.19,3439.59,-61.86,-1.77,68539.0,716165.0,102.81,3.8,9527289.0,19094477.143752
801016.SI,20211228,种植业,3435.72,3529.65,3394.06,3447.86,8.27,0.24,56878.0,582720.0,103.06,3.81,9550187.0,19160513.937329
801016.SI,20211229,种植业,3420.84,3439.46,3292.31,3315.82,-132.04,-3.83,50253.0,557562.0,99.11,3.66,9184454.0,18477889.367811
801016.SI,20211230,种植业,3312.32,3384.04,3293.83,3341.66,25.84,0.78,42271.0,411092.0,99.88,3.69,9256020.0,18609750.804673
801016.SI,20211231,种植业,3345.85,3386.35,3304.08,3350.82,9.16,0.27,33759.0,324696.0,100.16,3.7,9281393.0,18657175.707481
801016.SI,20220104,种植业,3360.39,3526.75,3342.08,3474.23,123.41,3.68,77629.0,783790.0,103.84,3.84,9623230.0,19386918.564384
801016.SI,20220105,种植业,3480.77,3528.29,3369.25,3401.31,-72.92,-2.1,64893.0,616383.0,101.67,3.76,9421251.0,18981984.862093
801016.SI,20220106,种植业,3383.67,3420.93,3325.24,3366.77,-34.54,-1.02,43402.0,422709.0,100.63,3.72,9325586.0,18758801.649449
801016.SI,20220107,种植业,3361.93,3385.33,3199.42,3224.26,-142.51,-4.23,56858.0,583673.0,96.37,3.56,8930842.0,18044106.132589
801016.SI,20220110,种植业,3205.07,3276.95,3167.56,3249.89,25.63,0.79,35359.0,336146.0,97.14,3.59,9001831.0,18206242.797739
801016.SI,20220111,种植业,3250.23,3304.45,3195.18,3216.83,-33.06,-1.02,36689.0,331441.0,96.12,3.55,8916925.0,18028451.587513
801016.SI,20220112,种植业,3212.81,3280.33,3183.69,3263.12,46.29,1.44,39688.0,377679.0,97.51,3.6,9045235.0,18285803.917238
801016.SI,20220113,种植业,3250.11,3313.28,3194.8,3210.29,-52.82,-1.62,45614.0,441122.0,95.93,3.54,8898816.0,18012468.334031
801016.SI,20220114,种植业,3194.97,3259.5,3137.22,3153.4,-56.89,-1.77,47347.0,427632.0,94.23,3.48,8741115.0,17674936.622164
801016.SI,20220117,种植业,3188.98,3269.52,3165.36,3220.16,66.76,2.12,43846.0,422663.0,96.22,3.56,8926162.0,18052933.667679
801016.SI,20220118,种植业,3213.49,3244.54,3129.93,3166.15,-54.01,-1.68,46131.0,408058.0,94.61,3.5,8776449.0,17747518.140268
801016.SI,20220119,种植业,3161.33,3195.32,3121.67,3165.57,-0.58,-0.02,28647.0,263181.0,94.59,3.5,8774831.0,17733339.58859
801016.SI,20220120,种植业,3155.81,3202.38,3070.05,3083.0,-82.56,-2.61,36863.0,345861.0,92.12,3.4,8545971.0,17286993.19766
801016.SI,20220121,种植业,3077.05,3090.1,2986.31,3009.49,-73.51,-2.38,28900.0,272746.0,89.93,3.32,8342199.0,16880339.289749
801016.SI,20220124,种植业,2989.67,3052.7,2971.75,3019.6,10.11,0.34,18298.0,175791.0,90.23,3.33,8370219.0,16917373.819579
801016.SI,20220125,种植业,3021.36,3043.0,2852.89,2863.94,-155.66,-5.15,32745.0,300808.0,85.58,3.16,7938745.0,16085459.554517
801016.SI,20220126,种植业,2868.47,2922.21,2851.79,2902.02,38.08,1.33,19881.0,188711.0,86.72,3.2,8044292.0,16276985.512734
801016.SI,20220127,种植业,2904.37,2940.88,2827.29,2837.59,-64.43,-2.22,22855.0,218527.0,84.79,3.13,7865688.0,15924036.943157
801016.SI,20220128,种植业,2851.22,2917.41,2811.79,2895.05,57.46,2.02,23867.0,211555.0,86.51,3.2,8024961.0,16230147.243124
801016.SI,20220207,种植业,2942.33,2985.93,2888.23,2968.33,73.29,2.53,24513.0,243122.0,89.05,3.28,8282057.0,16633044.150737
801016.SI,20220208,种植业,2976.13,3045.3,2951.32,3023.29,54.96,1.85,26266.0,266291.0,90.73,3.34,8438011.0,16961011.107312
801016.SI,20220209,种植业,3018.99,3122.82,2999.11,3087.77,64.48,2.13,37812.0,379203.0,92.67,3.41,8617975.0,17314508.824605
801016.SI,20220210,种植业,3071.48,3134.68,3050.55,3122.66,34.89,1.13,36684.0,350668.0,93.71,3.45,8715355.0,17501179.313031
801016.SI,20220211,种植业,3094.29,3110.88,2996.41,3019.19,-103.48,-3.31,33821.0,362562.0,90.61,3.33,8426545.0,16974371.833072
801016.SI,20220214,种植业,3007.5,3061.01,2968.08,3009.04,-10.15,-0.34,32952.0,309635.0,90.3,3.32,8398218.0,16998169.450768
801016.SI,20220215,种植业,2997.65,3037.95,2962.61,3010.38,1.35,0.04,24693.0,221700.0,90.4,3.32,8406959.0,16986007.007101
801016.SI,20220216,种植业,3007.77,3060.1,2979.15,3057.15,46.76,1.55,24939.0,249244.0,91.8,3.37,8537554.0,17243106.529539
801016.SI,20220217,种植业,3029.48,3058.56,3004.94,3036.31,-20.84,-0.68,24552.0,245201.0,91.18,3.35,8479359.0,17130934.271277
801016.SI,20220218,种植业,3015.13,3095.26,3002.9,3075.11,38.8,1.28,29591.0,297541.0,92.48,3.4,8587725.0,17318803.187276
801016.SI,20220221,种植业,3068.46,3182.36,3055.28,3155.93,80.81,2.63,43470.0,451384.0,94.91,3.49,8813411.0,17735249.507503
801016.SI,20220222,种植业,3136.51,3188.79,3098.94,3158.43,2.51,0.08,38599.0,397133.0,95.28,3.5,8848050.0,17759765.020175
801016.SI,20220223,种植业,3217.57,3240.95,3063.71,3093.72,-64.71,-2.05,64849.0,655824.0,93.33,3.43,8666764.0,17412547.244998
801016.SI,20220224,种植业,3075.16,3224.9,3031.36,3128.27,34.55,1.12,79187.0,806290.0,94.37,3.47,8763544.0,17658181.805912
801016.SI,20220225,种植业,3076.22,3120.18,3044.54,3087.18,-41.09,-1.31,41613.0,410862.0,93.14,3.42,8648435.0,17417443.478142
801016.SI,20220228,种植业,3096.9,3141.57,3047.76,3086.42,-0.76,-0.02,36649.0,359622.0,93.11,3.42,8646306.0,17441738.736792
801016.SI,20220301,种植业,3080.45,3129.36,3058.55,3110.86,24.44,0.79,32543.0,315516.0,93.85,3.45,8714783.0,17587189.086028
801016.SI,20220302,种植业,3133.56,3269.67,3116.27,3205.23,94.37,3.03,75973.0,733933.0,96.7,3.55,8979162.0,18132844.669437
801016.SI,20220303,种植业,3201.32,3262.87,3166.64,3238.4,33.16,1.03,69534.0,673800.0,97.7,3.59,9072061.0,18314894.667265
801016.SI,20220304,种植业,3243.2,3286.32,3174.0,3229.76,-8.63,-0.27,56944.0,564178.0,97.44,3.58,9047880.0,18268770.245538
801016.SI,20220307,种植业,3287.95,3314.64,3169.9,3214.51,-15.25,-0.47,58011.0,584354.0,96.98,3.56,9005147.0,18217549.951943
801016.SI,20220308,种植业,3171.44,3190.63,2976.99,3006.74,-207.77,-6.46,52971.0,523549.0,90.71,3.33,8423104.0,17077374.27139
801016.SI,20220309,种植业,2994.37,3083.53,2808.38,2991.14,-15.6,-0.52,56562.0,498726.0,90.24,3.31,8379405.0,17020395.890586
801016.SI,20220310,种植业,2997.03,3024.08,2930.75,2964.15,-26.99,-0.9,39697.0,355459.0,89.42,3.28,8303793.0,16849041.551004
801016.SI,20220311,种植业,2937.81,3128.49,2895.67,3092.56,128.41,4.33,76463.0,669462.0,93.3,3.43,8663515.0,17543017.801539
801016.SI,20220314,种植业,3053.74,3137.39,2982.37,2992.17,-100.39,-3.25,50417.0,445578.0,90.27,3.32,8382270.0,16947453.269353
801016.SI,20220315,种植业,2980.33,3024.98,2795.73,2803.56,-188.6,-6.3,55180.0,470722.0,84.58,3.11,7853911.0,15889234.808858
801016.SI,20220316,种植业,2843.18,2872.64,2690.5,2845.64,42.08,1.5,47893.0,399830.0,85.84,3.15,7970406.0,16083930.219601
801016.SI,20220317,种植业,2849.09,2956.89,2829.41,2892.23,46.59,1.64,46417.0,399787.0,87.25,3.21,8100898.0,16328909.36539
801016.SI,20220318,种植业,2880.8,2987.71,2863.17,2964.42,72.19,2.5,45546.0,362765.0,89.42,3.29,8303097.0,16738708.701079
801016.SI,20220321,种植业,2969.21,3195.75,2956.75,3161.18,196.76,6.64,89854.0,813971.0,95.36,3.5,8854205.0,17937357.332477
801016.SI,20220322,种植业,3154.94,3200.43,3092.46,3123.23,-37.95,-1.2,66070.0,673562.0,94.21,3.46,8747920.0,17765957.01409
801016.SI,20220323,种植业,3112.72,3147.31,3072.09,3102.59,-20.64,-0.66,41055.0,401932.0,93.59,3.44,8690098.0,17605485.933725
801016.SI,20220324,种植业,3098.75,3168.94,3067.75,3090.71,-11.88,-0.38,48705.0,473609.0,89.36,3.41,8656821.0,17566313.827954
801016.SI,20220325,种植业,3093.69,3287.03,3070.28,3199.58,108.87,3.52,91411.0,881597.0,92.51,3.53,8961751.0,18201505.526409
801016.SI,20220328,种植业,3275.37,3344.52,3161.89,3262.5,62.93,1.97,109637.0,1022482.0,94.33,3.6,9138001.0,18537229.168596
801016.SI,20220329,种植业,3236.85,3391.98,3197.95,3331.33,68.83,2.11,102905.0,997701.0,93.87,3.66,9330788.0,18935933.096009
801016.SI,20220330,种植业,3224.45,3298.78,3161.79,3247.13,-84.21,-2.53,106393.0,983674.0,90.35,3.69,8977506.0,18455796.782687
801016.SI,20220331,种植业,3235.3,3343.54,3199.51,3269.46,22.33,0.69,87951.0,822498.0,90.54,3.71,9039252.0,18551859.032051
801016.SI,20220401,种植业,3326.66,3402.16,3220.35,3249.37,-20.09,-0.61,103591.0,966491.0,89.99,3.69,8983717.0,18444742.740915
801016.SI,20220406,种植业,3209.15,3356.94,3164.84,3305.42,56.05,1.72,106148.0,916302.0,91.34,3.77,9206242.0,18742272.803946
801016.SI,20220407,种植业,3295.98,3328.03,3168.42,3211.23,-94.19,-2.85,92809.0,766795.0,88.73,3.66,8943908.0,18278134.599405
801016.SI,20220408,种植业,3204.68,3224.43,3069.17,3133.62,-77.61,-2.42,67887.0,577812.0,86.59,3.57,8727744.0,17877237.896292
801016.SI,20220411,种植业,3136.58,3429.47,3121.59,3320.73,187.12,5.97,142824.0,1330110.0,90.39,3.78,9248900.0,18882434.145813
801016.SI,20220412,种植业,3259.24,3364.21,3185.75,3289.77,-30.96,-0.93,128649.0,1119909.0,89.54,3.74,9162670.0,18717223.904777
801016.SI,20220413,种植业,3260.83,3422.77,3217.65,3308.95,19.18,0.58,134783.0,1238686.0,90.06,3.76,9216081.0,18805220.64778
801016.SI,20220414,种植业,3274.5,3367.03,3189.35,3325.94,16.99,0.51,101815.0,915070.0,90.52,3.78,9262803.0,18935982.291138
801016.SI,20220415,种植业,3297.95,3371.83,3207.81,3244.65,-81.29,-2.44,93084.0,834731.0,87.16,3.68,9049849.0,18498826.94155
801016.SI,20220418,种植业,3214.58,3382.45,3191.93,3312.38,67.73,2.09,98163.0,892255.0,89.24,3.75,9238761.0,18861641.943648
801016.SI,20220419,种植业,3334.18,3488.1,3259.96,3437.15,124.77,3.77,131330.0,1263849.0,90.2,3.89,9586763.0,19525601.352922
801016.SI,20220420,种植业,3399.0,3627.16,3370.78,3486.13,48.98,1.43,142222.0,1451996.0,79.4,3.92,9723379.0,19740162.761066
801016.SI,20220421,种植业,3461.91,3618.79,3232.92,3268.61,-217.52,-6.24,161799.0,1653085.0,74.76,3.68,9161240.0,18513861.316943
801016.SI,20220422,种植业,3160.09,3203.73,3010.55,3073.94,-194.68,-5.96,99743.0,901135.0,69.77,3.46,8652929.0,17490397.455818
801016.SI,20220425,种植业,2992.58,3103.52,2875.52,2892.33,-181.61,-5.91,93833.0,817913.0,65.64,3.26,8150740.0,16517497.455708
801016.SI,20220426,种植业,2876.18,2928.58,2707.57,2735.2,-157.13,-5.43,81511.0,666169.0,65.05,3.02,7710355.0,15642996.279599
801016.SI,20220427,种植业,2705.92,2874.47,2610.91,2859.91,124.71,4.56,79840.0,640362.0,68.01,3.11,8061902.0,16408700.452994
801016.SI,20220428,种植业,2811.47,2862.29,2718.63,2777.22,-82.69,-2.89,67512.0,535703.0,66.38,2.99,7828806.0,15977964.161713
801016.SI,20220429,种植业,2793.98,2888.95,2782.21,2859.74,82.51,2.97,65278.0,533830.0,68.35,3.07,8061408.0,16429339.220254
801016.SI,20220505,种植业,2869.52,3054.26,2848.25,2994.99,135.26,4.73,68213.0,624735.0,68.32,3.22,8442688.0,17163101.663982
801016.SI,20220506,种植业,2931.39,3042.68,2900.89,2954.01,-40.98,-1.37,76004.0,682453.0,67.38,3.17,8327176.0,16951965.081269
801016.SI,20220509,种植业,2938.96,3062.6,2912.97,3025.84,71.83,2.43,62667.0,584004.0,69.02,3.25,8529659.0,17339413.377591
801016.SI,20220510,种植业,2976.51,3109.52,2919.8,3093.96,68.11,2.25,75634.0,699845.0,70.58,3.33,8721670.0,17699801.429537
801016.SI,20220511,种植业,3074.2,3128.09,3003.28,3040.87,-53.09,-1.72,94666.0,901328.0,69.37,3.27,8572016.0,17393348.511943
801016.SI,20220512,种植业,3005.61,3055.53,2920.4,2963.93,-76.94,-2.53,64439.0,602429.0,67.61,3.19,8355136.0,16938945.535418
801016.SI,20220513,种植业,2977.84,3092.5,2960.64,3047.6,83.67,2.82,74731.0,739319.0,69.52,3.28,8590991.0,17480127.273388
801016.SI,20220516,种植业,3155.1,3323.91,3105.56,3271.56,223.96,7.35,116261.0,1208410.0,74.63,3.52,9222312.0,18750455.147847
801016.SI,20220517,种植业,3277.64,3310.69,3156.51,3203.02,-68.54,-2.09,113871.0,1179730.0,73.06,3.44,9029110.0,18334162.944916
801016.SI,20220518,种植业,3163.0,3267.63,3136.3,3186.36,-16.66,-0.52,82583.0,819357.0,72.69,3.42,8985177.0,18218291.125067
801016.SI,20220519,种植业,3171.57,3327.71,3154.56,3249.35,62.99,1.98,112768.0,1152510.0,74.13,3.49,9162814.0,18588874.553233
801016.SI,20220520,种植业,3214.27,3348.22,3183.52,3297.67,48.31,1.49,108667.0,1093448.0,75.23,3.54,9299056.0,18828289.909282
801016.SI,20220523,种植业,3280.25,3455.74,3262.28,3381.13,83.46,2.53,119056.0,1281434.0,77.14,3.63,9534410.0,19251310.212401
801016.SI,20220524,种植业,3363.94,3421.46,3223.97,3248.51,-132.62,-3.92,104015.0,1136486.0,74.11,3.49,9160919.0,18516401.006246
801016.SI,20220525,种植业,3242.3,3299.8,3181.55,3266.77,18.26,0.56,72895.0,768289.0,74.53,3.51,9212421.0,18607059.032408
801016.SI,20220526,种植业,3263.89,3289.42,3153.82,3260.82,-5.95,-0.18,64969.0,695976.0,74.39,3.5,9195638.0,18585208.246639
801016.SI,20220527,种植业,3233.85,3345.55,3205.4,3309.35,48.53,1.49,82347.0,905743.0,75.5,3.55,9332502.0,18838407.28516
801016.SI,20220530,种植业,3374.33,3459.55,3309.52,3330.94,21.59,0.65,102912.0,1201570.0,75.99,3.58,9393383.0,18936755.326112
801016.SI,20220531,种植业,3291.0,3566.93,3277.4,3489.65,158.71,4.76,132421.0,1559910.0,79.61,3.75,9844201.0,19824623.210888
801016.SI,20220601,种植业,3455.61,3494.56,3360.43,3417.07,-72.58,-2.08,110959.0,1219214.0,77.95,3.67,9639452.0,19405145.516955
801016.SI,20220602,种植业,3391.61,3503.76,3339.19,3447.35,30.28,0.89,100391.0,1098007.0,78.64,3.7,9724864.0,19523292.105152
801016.SI,20220606,种植业,3407.25,3463.1,3339.18,3428.21,-19.14,-0.56,92583.0,1011565.0,78.2,3.68,9670875.0,19448171.34096
801016.SI,20220607,种植业,3420.47,3432.83,3255.0,3277.66,-150.55,-4.39,96611.0,1067964.0,74.77,3.52,9246186.0,18614783.81319
801016.SI,20220608,种植业,3268.5,3324.36,3216.65,3289.92,12.26,0.37,73430.0,764052.0,75.05,3.53,9280771.0,18670262.862099
801016.SI,20220609,种植业,3333.22,3408.84,3261.73,3317.81,27.88,0.85,78075.0,875287.0,75.69,3.56,9359427.0,18811761.408103
801016.SI,20220610,种植业,3263.51,3351.87,3210.52,3326.02,8.21,0.25,67818.0,672206.0,75.87,3.57,9382589.0,18867589.802971
801016.SI,20220613,种植业,3298.32,3393.79,3274.89,3352.77,26.75,0.8,78956.0,835028.0,76.48,3.6,9458057.0,18980289.690283
801016.SI,20220614,种植业,3316.06,3355.22,3216.27,3307.72,-45.05,-1.34,66253.0,690412.0,75.46,3.55,9330962.0,18761846.569014
801016.SI,20220615,种植业,3291.24,3338.5,3253.71,3274.69,-33.03,-1.0,61559.0,637976.0,74.7,3.52,9237796.0,18588978.499476
801016.SI,20220616,种植业,3268.97,3341.75,3246.0,3279.01,4.32,0.13,59628.0,580763.0,74.8,3.52,9249985.0,18595506.37902
801016.SI,20220617,种植业,3253.91,3284.4,3173.79,3247.44,-31.57,-0.96,52957.0,569527.0,74.08,3.49,9160927.0,18414555.958698
801016.SI,20220620,种植业,3236.97,3287.24,3213.89,3253.41,5.97,0.18,39344.0,414748.0,74.22,3.49,9177764.0,18448479.029941
801016.SI,20220621,种植业,3248.03,3273.42,3143.62,3176.68,-76.73,-2.36,47396.0,501592.0,72.47,3.41,8961304.0,18030600.816041
801016.SI,20220622,种植业,3172.6,3219.35,3116.57,3154.93,-21.75,-0.68,42929.0,450294.0,71.97,3.39,8899951.0,17901847.548238
801016.SI,20220623,种植业,3147.53,3178.05,3094.08,3160.37,5.44,0.17,36231.0,370276.0,72.09,3.39,8915304.0,17951977.086378
801016.SI,20220624,种植业,3146.61,3196.82,3127.74,3170.5,10.13,0.32,33145.0,354140.0,72.33,3.4,8943873.0,17996956.177884
801016.SI,20220627,种植业,3169.41,3223.05,3153.49,3196.24,25.74,0.81,41142.0,445457.0,72.91,3.43,9016494.0,18126499.626271
801016.SI,20220628,种植业,3179.85,3222.17,3143.39,3193.78,-2.46,-0.08,36730.0,401553.0,72.86,3.43,9009540.0,18088766.576275
801016.SI,20220629,种植业,3194.23,3245.73,3126.18,3131.59,-62.18,-1.95,58702.0,556675.0,71.44,3.36,8834130.0,17727877.310424
801016.SI,20220630,种植业,3123.75,3161.18,3079.96,3118.36,-13.24,-0.42,46418.0,440993.0,71.14,3.35,8796787.0,17696002.851157
801016.SI,20220701,种植业,3130.16,3170.93,3101.29,3121.61,3.26,0.1,35738.0,338830.0,71.21,3.35,8805974.0,17714339.964562
801016.SI,20220704,种植业,3115.42,3185.41,3105.3,3175.13,53.52,1.71,41918.0,432089.0,72.43,3.41,8956946.0,17987960.392556
801016.SI,20220705,种植业,3175.64,3189.8,3083.9,3125.26,-49.87,-1.57,42528.0,422152.0,71.29,3.35,8816266.0,17731092.751569
801016.SI,20220706,种植业,3109.33,3117.53,3003.74,3022.0,-103.26,-3.3,39067.0,378750.0,68.96,3.24,8528786.0,17152952.72499
801016.SI,20220707,种植业,3024.9,3061.89,2999.3,3026.91,4.9,0.16,26226.0,254879.0,69.07,3.25,8542628.0,17192586.776632
801016.SI,20220708,种植业,3031.01,3062.73,3007.82,3028.29,1.38,0.05,24320.0,238052.0,69.1,3.25,8546529.0,17194659.061148
801016.SI,20220711,种植业,3036.35,3087.3,3001.07,3072.0,43.71,1.44,36282.0,378824.0,70.1,3.3,8669888.0,17468438.436895
801016.SI,20220712,种植业,3049.65,3060.63,2992.22,3008.88,-63.12,-2.05,29386.0,281476.0,68.66,3.23,8491759.0,17109320.783588
801016.SI,20220713,种植业,2972.44,3029.56,2922.0,3004.0,-4.88,-0.16,37700.0,396148.0,68.55,3.23,8477974.0,17093842.871592
801016.SI,20220714,种植业,2989.79,3013.04,2949.92,2970.66,-33.34,-1.11,29306.0,298997.0,67.79,3.19,8383869.0,16925661.121058
801016.SI,20220715,种植业,2964.15,2979.5,2863.83,2870.06,-100.6,-3.39,35351.0,330932.0,65.49,3.08,8099955.0,16357772.690074
801016.SI,20220718,种植业,2874.86,2937.07,2869.03,2926.44,56.38,1.96,28914.0,255114.0,66.78,3.14,8259082.0,16665653.38973
801016.SI,20220719,种植业,2929.54,2974.85,2912.59,2953.76,27.32,0.93,24572.0,233537.0,67.4,3.17,8336187.0,16807729.976575
801016.SI,20220720,种植业,2958.2,2978.57,2929.29,2964.43,10.67,0.36,23419.0,238138.0,67.69,3.18,8347315.0,16876202.160109
801016.SI,20220721,种植业,2959.69,2966.27,2904.21,2912.97,-51.46,-1.74,26508.0,258988.0,66.51,3.12,8202412.0,16586627.563095
801016.SI,20220722,种植业,2907.79,2928.65,2852.49,2885.44,-27.53,-0.95,25099.0,232008.0,65.89,3.09,8124897.0,16419275.923119
801016.SI,20220725,种植业,2887.34,2903.59,2843.22,2854.16,-31.27,-1.08,18499.0,161660.0,65.17,3.06,8036838.0,16265224.348676
801016.SI,20220726,种植业,2859.38,2892.11,2843.74,2887.94,33.78,1.18,17271.0,155541.0,65.94,3.1,8131955.0,16453110.44681
801016.SI,20220727,种植业,2892.13,2950.17,2883.58,2926.78,38.83,1.34,24939.0,240876.0,66.83,3.14,8241301.0,16673894.664004
801016.SI,20220728,种植业,2928.24,2953.97,2902.64,2918.06,-8.72,-0.3,22704.0,207618.0,66.63,3.13,8216760.0,16621342.382718
801016.SI,20220729,种植业,2922.5,2957.8,2897.79,2919.44,1.37,0.05,26704.0,234206.0,66.66,3.13,8220629.0,16633257.260003
801016.SI,20220801,种植业,2911.27,2920.81,2856.25,2889.99,-29.44,-1.01,23168.0,203345.0,64.26,3.06,8114735.0,16483816.11675
801016.SI,20220802,种植业,2872.32,2994.1,2821.14,2936.95,46.96,1.62,61595.0,589412.0,65.3,3.11,8246581.0,16740181.008517
801016.SI,20220803,种植业,2884.74,2958.68,2847.88,2907.88,-29.07,-0.99,42560.0,392439.0,64.82,3.09,8185410.0,16580282.170636
801016.SI,20220804,种植业,2900.17,2920.15,2839.89,2872.79,-35.09,-1.21,34897.0,303258.0,64.03,3.05,8086627.0,16386927.318167
801016.SI,20220805,种植业,2886.32,2928.74,2855.98,2919.64,46.85,1.63,29103.0,273795.0,65.08,3.1,8218516.0,16653241.976729
801016.SI,20220808,种植业,2913.01,2946.18,2893.85,2919.65,0.02,0.0,22500.0,212433.0,65.08,3.1,8218560.0,16654908.642137
801016.SI,20220809,种植业,2922.06,2939.47,2880.73,2909.8,-9.86,-0.34,25752.0,232809.0,64.86,3.09,8190814.0,16577561.245543
801016.SI,20220810,种植业,2900.65,2925.26,2861.15,2879.5,-30.3,-1.04,24181.0,211765.0,64.18,3.06,8105526.0,16416439.203286
801016.SI,20220811,种植业,2885.69,2926.3,2873.02,2917.12,37.62,1.31,24647.0,222542.0,65.02,3.1,8211418.0,16630543.824846
801016.SI,20220812,种植业,2920.53,2948.92,2901.78,2926.41,9.3,0.32,24308.0,217245.0,65.23,3.11,8237583.0,16677894.730806
801016.SI,20220815,种植业,2959.4,3007.64,2936.57,2963.91,37.5,1.28,37635.0,375721.0,66.06,3.15,8343140.0,16914129.351071
801016.SI,20220816,种植业,2949.1,2994.08,2932.99,2983.41,19.5,0.66,33551.0,311153.0,66.5,3.17,8398029.0,17013239.381277
801016.SI,20220817,种植业,2986.41,3081.7,2967.34,3043.76,60.35,2.02,60937.0,601309.0,67.84,3.24,8567916.0,17340022.308036
801016.SI,20220818,种植业,3026.71,3033.63,2971.12,2985.69,-58.07,-1.91,36300.0,352420.0,66.55,3.17,8404454.0,17013671.645575
801016.SI,20220819,种植业,2983.55,3039.89,2971.94,2999.35,13.66,0.46,38647.0,386352.0,66.85,3.2,8442894.0,17089769.284727
801016.SI,20220822,种植业,3023.24,3138.93,3012.6,3077.19,77.84,2.6,62184.0,626536.0,68.59,3.28,8662014.0,17532751.193777
801016.SI,20220823,种植业,3060.82,3133.4,3021.35,3094.89,17.7,0.58,53450.0,533955.0,68.98,3.3,8711844.0,17633565.753686
801016.SI,20220824,种植业,3100.48,3241.18,3057.53,3149.52,54.62,1.77,102349.0,1066584.0,70.2,3.37,8865608.0,17890291.997682
801016.SI,20220825,种植业,3127.75,3194.35,3082.48,3136.0,-13.52,-0.43,73243.0,782933.0,69.9,3.36,8827545.0,17858933.143488
801016.SI,20220826,种植业,3127.02,3231.97,3073.94,3191.68,55.68,1.78,71112.0,785019.0,71.14,3.47,8984280.0,18156039.273865
801016.SI,20220829,种植业,3146.92,3235.3,3123.99,3206.79,15.12,0.47,54489.0,606234.0,71.48,3.49,9026830.0,18279818.621357
801016.SI,20220830,种植业,3193.48,3225.59,3107.87,3145.0,-61.79,-1.93,55109.0,577921.0,70.1,3.44,8852886.0,17975384.299843
801016.SI,20220831,种植业,3116.24,3152.74,3011.03,3036.89,-108.11,-3.44,50230.0,513776.0,67.69,3.32,8548562.0,17341083.443921
801016.SI,20220901,种植业,3034.21,3154.42,3025.76,3072.46,35.57,1.17,48832.0,488443.0,66.88,3.36,8648702.0,17540580.641131
801016.SI,20220902,种植业,3065.89,3111.01,3033.86,3080.26,7.8,0.25,40891.0,405192.0,67.05,3.37,8670644.0,17584276.802578
801016.SI,20220905,种植业,3067.69,3108.04,3011.54,3071.2,-9.05,-0.29,38558.0,371165.0,66.85,3.36,8645157.0,17558103.162756
801016.SI,20220906,种植业,3069.51,3132.82,3045.85,3112.67,41.47,1.35,49443.0,463982.0,67.75,3.41,8761878.0,17767312.50291
801016.SI,20220907,种植业,3094.05,3138.07,3051.02,3103.36,-9.31,-0.3,46158.0,441615.0,67.55,3.4,8735673.0,17698557.502859
801016.SI,20220908,种植业,3096.07,3112.84,2996.13,3009.73,-93.63,-3.02,44676.0,435454.0,65.51,3.29,8472108.0,17169458.997455
801016.SI,20220909,种植业,3015.27,3030.8,2957.99,3000.3,-9.43,-0.31,28509.0,264673.0,65.31,3.28,8445568.0,17122056.28688
801016.SI,20220913,种植业,3028.14,3077.75,3010.55,3037.63,37.33,1.24,36986.0,359992.0,66.12,3.32,8550645.0,17328262.230846
801016.SI,20220914,种植业,2992.11,3021.3,2959.69,2980.69,-56.94,-1.87,31316.0,288335.0,64.88,3.26,8390184.0,17013683.883518
801016.SI,20220915,种植业,2988.73,3004.58,2890.97,2929.67,-51.02,-1.71,34066.0,308447.0,63.77,3.21,8246566.0,16745138.502027
801016.SI,20220916,种植业,2926.46,2959.23,2863.84,2866.35,-63.31,-2.16,27718.0,242953.0,62.39,3.14,8068346.0,16373626.192734
801016.SI,20220919,种植业,2857.95,2895.53,2803.83,2863.08,-3.28,-0.11,20909.0,184609.0,62.32,3.13,8059121.0,16337888.296611
801016.SI,20220920,种植业,2878.73,2915.5,2861.0,2884.77,21.69,0.76,19783.0,176532.0,62.79,3.16,8120177.0,16461024.597599
801016.SI,20220921,种植业,2881.45,2935.9,2855.77,2916.51,31.74,1.1,26152.0,234379.0,63.48,3.19,8209532.0,16641485.422943
801016.SI,20220922,种植业,2893.83,2981.05,2885.07,2935.75,19.23,0.66,31954.0,303705.0,64.28,3.2,8312687.0,16744351.054002
801016.SI,20220923,种植业,2927.47,2943.35,2856.27,2872.35,-63.39,-2.16,27918.0,260660.0,62.89,3.13,8133189.0,16393700.265783
801016.SI,20220926,种植业,2843.76,2857.31,2730.04,2740.57,-131.78,-4.59,32296.0,283524.0,60.01,2.99,7760044.0,15623263.04486
801016.SI,20220927,种植业,2744.02,2792.43,2702.64,2787.77,47.19,1.72,24449.0,217978.0,61.04,3.04,7893676.0,15883464.387207
801016.SI,20220928,种植业,2772.03,2794.5,2674.5,2686.15,-101.62,-3.65,25519.0,223146.0,58.81,2.93,7605940.0,15338680.374028
801016.SI,20220929,种植业,2709.98,2731.93,2646.36,2667.91,-18.24,-0.68,20242.0,166799.0,58.42,2.91,7554287.0,15251432.458301
801016.SI,20220930,种植业,2665.05,2696.49,2635.63,2659.5,-8.4,-0.31,16517.0,131604.0,58.23,2.9,7530498.0,15232408.021391
801016.SI,20221010,种植业,2672.79,2719.2,2624.52,2651.85,-7.65,-0.29,20163.0,168884.0,57.94,2.89,7519748.0,15174271.227687
801016.SI,20221011,种植业,2660.98,2683.44,2616.16,2672.2,20.35,0.77,17075.0,139563.0,58.38,2.91,7577440.0,15287949.37701
801016.SI,20221012,种植业,2693.59,2750.24,2661.67,2739.02,66.83,2.5,28626.0,241496.0,59.84,2.97,7766938.0,15654148.778985
801016.SI,20221013,种植业,2723.24,2863.0,2704.49,2809.21,70.19,2.56,41045.0,371696.0,61.38,3.05,7965971.0,16027812.550437
801016.SI,20221014,种植业,2804.18,2856.2,2791.91,2833.8,24.59,0.88,36445.0,333879.0,61.91,3.08,8035697.0,16171629.197616
801016.SI,20221017,种植业,2831.86,2904.53,2814.71,2876.53,42.72,1.51,32163.0,305273.0,62.85,3.12,8156848.0,16407108.278365
801016.SI,20221018,种植业,2875.11,2887.92,2829.85,2845.99,-30.54,-1.06,24082.0,224533.0,62.18,3.09,8070260.0,16228729.320328
801016.SI,20221019,种植业,2836.18,2859.74,2788.23,2798.91,-47.08,-1.65,21467.0,195543.0,61.15,3.04,7936758.0,15973764.932399
801016.SI,20221020,种植业,2788.77,2814.96,2752.9,2773.73,-25.18,-0.9,20331.0,177255.0,60.64,3.01,7875052.0,15831430.153545
801016.SI,20221021,种植业,2779.79,2811.84,2749.54,2770.99,-2.74,-0.1,18938.0,174689.0,60.58,3.0,7867266.0,15855087.902044
801016.SI,20221024,种植业,2783.0,2837.48,2729.77,2757.38,-13.61,-0.49,27248.0,249260.0,60.28,2.99,7828627.0,15772008.910762
801016.SI,20221025,种植业,2743.48,2769.96,2671.42,2728.54,-28.84,-1.05,23049.0,196982.0,59.65,2.95,7746733.0,15597841.115721
801016.SI,20221026,种植业,2732.66,2793.5,2718.74,2767.8,39.26,1.44,25847.0,232388.0,60.51,2.97,7858209.0,15834061.184064
801016.SI,20221027,种植业,2766.01,2816.25,2746.3,2795.35,27.55,1.0,22749.0,218835.0,61.11,3.0,7936423.0,15984141.772029
801016.SI,20221028,种植业,2771.59,2781.63,2638.43,2654.41,-140.94,-5.04,32256.0,282766.0,58.03,2.88,7536264.0,15251544.00482
801016.SI,20221031,种植业,2677.31,2803.22,2664.55,2759.74,105.34,3.97,31328.0,309567.0,60.33,2.99,7835328.0,15830940.913554
801016.SI,20221101,种植业,2758.43,2853.33,2742.46,2836.44,76.7,2.78,36426.0,352022.0,51.97,3.08,8053078.0,16232132.804969
801016.SI,20221102,种植业,2828.48,2881.92,2811.46,2846.49,10.05,0.35,34168.0,315161.0,52.16,3.09,8081617.0,16280838.813608
801016.SI,20221103,种植业,2825.64,2900.95,2810.94,2870.18,23.69,0.83,35955.0,320163.0,52.59,3.11,8148871.0,16436047.29962
801016.SI,20221104,种植业,2867.65,2910.15,2844.53,2890.89,20.71,0.72,32482.0,303848.0,52.97,3.14,8207672.0,16537075.127587
801016.SI,20221107,种植业,2882.98,2950.12,2868.92,2928.5,37.62,1.3,31892.0,319711.0,53.66,3.18,8314468.0,16722345.199331
801016.SI,20221108,种植业,2914.13,2948.14,2874.9,2898.97,-29.54,-1.01,23923.0,233811.0,53.12,3.15,8230611.0,16566659.188758
801016.SI,20221109,种植业,2897.12,2925.07,2880.65,2898.84,-0.12,0.0,20639.0,183857.0,53.11,3.15,8230261.0,16554416.541056
801016.SI,20221110,种植业,2892.57,2956.13,2876.06,2926.56,27.72,0.96,33861.0,303386.0,53.62,3.18,8308962.0,16708425.974044
801016.SI,20221111,种植业,2942.2,2975.63,2910.55,2928.78,2.21,0.08,36250.0,333732.0,53.81,3.19,8364654.0,16728376.587796
801016.SI,20221114,种植业,2929.6,2948.57,2880.81,2904.98,-23.8,-0.81,25690.0,232826.0,53.37,3.16,8296693.0,16611926.940889
801016.SI,20221115,种植业,2901.45,2946.83,2889.87,2927.48,22.5,0.77,25956.0,234888.0,53.79,3.19,8360959.0,16734840.864297
801016.SI,20221116,种植业,2931.35,2966.19,2906.38,2942.92,15.43,0.53,25117.0,237483.0,54.07,3.2,8405031.0,16818950.372852
801016.SI,20221117,种植业,2938.05,2954.98,2891.94,2922.35,-20.57,-0.7,24210.0,204067.0,53.69,3.18,8346295.0,16724909.10885
801016.SI,20221118,种植业,2920.08,2935.88,2861.58,2868.79,-53.56,-1.83,25360.0,224324.0,52.71,3.12,8193326.0,16415863.272137
801016.SI,20221121,种植业,2860.24,2889.91,2804.57,2882.66,13.87,0.48,21255.0,183147.0,52.96,3.14,8232953.0,16492586.507591
801016.SI,20221122,种植业,2881.25,2901.89,2826.21,2842.4,-40.26,-1.4,19781.0,164308.0,52.22,3.09,8117968.0,16281249.954861
801016.SI,20221123,种植业,2838.45,2867.94,2811.45,2843.28,0.87,0.03,16858.0,142043.0,52.24,3.09,8120459.0,16269859.284641
801016.SI,20221124,种植业,2844.43,2879.35,2823.98,2849.76,6.48,0.23,14382.0,128895.0,52.36,3.1,8138965.0,16300033.716736
801016.SI,20221125,种植业,2850.74,2871.0,2826.14,2850.41,0.65,0.02,14367.0,120176.0,52.37,3.1,8140825.0,16311962.216012
801016.SI,20221128,种植业,2822.28,2892.93,2792.4,2877.99,27.59,0.97,22333.0,201467.0,52.88,3.13,8219610.0,16484189.793581
801016.SI,20221129,种植业,2873.25,2914.82,2861.63,2902.17,24.18,0.84,22171.0,193283.0,53.32,3.16,8288660.0,16608450.906691
801016.SI,20221130,种植业,2904.07,3004.75,2891.07,2948.85,46.68,1.61,49662.0,465809.0,54.18,3.21,8421985.0,16829807.091372
801016.SI,20221201,种植业,2948.31,3016.66,2940.66,2986.18,37.33,1.27,47260.0,433515.0,54.86,3.25,8528598.0,17024687.902293
801016.SI,20221202,种植业,2986.78,3043.94,2968.85,3007.53,21.35,0.71,44007.0,419207.0,55.26,3.27,8589563.0,17127682.250814
801016.SI,20221205,种植业,3014.79,3106.21,2998.61,3043.64,36.11,1.2,54162.0,517827.0,55.92,3.31,8692704.0,17327628.814302
801016.SI,20221206,种植业,3035.13,3148.6,3021.12,3079.74,36.1,1.19,63224.0,605583.0,56.58,3.35,8795810.0,17499068.274057
801016.SI,20221207,种植业,3056.04,3110.45,3034.49,3082.03,2.28,0.07,46552.0,448655.0,56.63,3.35,8802333.0,17539080.142936
801016.SI,20221208,种植业,3067.77,3080.67,2983.66,3003.71,-78.31,-2.54,39672.0,382436.0,55.19,3.27,8578666.0,17110520.018634
801016.SI,20221209,种植业,3004.57,3025.17,2953.4,3001.52,-2.19,-0.07,32020.0,294783.0,55.15,3.27,8572420.0,17082963.633885
801016.SI,20221212,种植业,2996.62,3059.0,2976.0,3022.66,21.14,0.7,38511.0,362274.0,55.53,3.29,8632796.0,17158806.859692
801016.SI,20221213,种植业,3013.08,3078.13,2991.03,3051.78,29.12,0.96,44638.0,385441.0,56.07,3.32,8715952.0,17328641.197839
801016.SI,20221214,种植业,3037.79,3057.51,2997.55,3033.63,-18.15,-0.59,28733.0,259671.0,55.74,3.3,8664116.0,17233270.705552
801016.SI,20221215,种植业,3035.36,3098.07,2992.54,3052.91,19.28,0.64,44566.0,402236.0,56.09,3.32,8719188.0,17327444.27789
801016.SI,20221216,种植业,3032.8,3078.24,2996.07,3057.05,4.14,0.14,35838.0,345130.0,56.17,3.33,8731005.0,17338577.074183
801016.SI,20221219,种植业,3037.2,3047.49,2911.55,2954.89,-102.16,-3.34,37873.0,353475.0,54.29,3.22,8439238.0,16762433.181969
801016.SI,20221220,种植业,2951.59,2970.19,2864.13,2884.43,-70.46,-2.38,30463.0,276901.0,52.99,3.14,8238008.0,16373789.616996
801016.SI,20221221,种植业,2874.26,2938.88,2843.46,2882.42,-2.01,-0.07,26399.0,231104.0,52.96,3.14,8232260.0,16378638.566282
801016.SI,20221222,种植业,2896.38,2939.63,2853.86,2877.12,-5.31,-0.18,26076.0,223524.0,52.86,3.13,8217103.0,16345753.353132
801016.SI,20221223,种植业,2862.68,2904.64,2800.06,2832.95,-44.16,-1.53,28075.0,236025.0,52.06,3.08,8092291.0,16104986.150784
801016.SI,20221226,种植业,2901.11,2952.66,2815.24,2858.35,25.4,0.9,55613.0,507511.0,52.52,3.11,8164836.0,16252561.183723
801016.SI,20221227,种植业,2830.44,3035.41,2803.85,3014.39,156.04,5.46,78058.0,734440.0,55.39,3.28,8610558.0,17048707.831038
801016.SI,20221228,种植业,2978.22,3008.24,2908.88,2927.41,-86.98,-2.89,57531.0,578547.0,53.79,3.19,8362094.0,16529816.497886
801016.SI,20221229,种植业,2930.49,2964.96,2883.99,2912.87,-14.54,-0.5,35452.0,331657.0,53.53,3.17,8320571.0,16452753.61024
801016.SI,20221230,种植业,2918.77,2948.59,2876.55,2927.7,14.83,0.51,30600.0,280078.0,53.8,3.19,8362939.0,16547009.624648
801016.SI,20230103,种植业,2910.75,2945.82,2872.92,2934.43,6.72,0.23,32037.0,297695.0,53.92,3.19,8382148.0,16610147.787176
801016.SI,20230104,种植业,2930.2,2975.02,2905.12,2942.29,7.87,0.27,33049.0,323461.0,54.07,3.2,8404621.0,16640144.478194
801016.SI,20230105,种植业,2943.2,2977.83,2903.62,2952.0,9.7,0.33,31599.0,305812.0,54.24,3.21,8432343.0,16693364.279161
801016.SI,20230106,种植业,2939.45,2972.5,2911.68,2930.59,-21.41,-0.73,31072.0,290421.0,53.85,3.19,8371199.0,16571351.35449
801016.SI,20230109,种植业,2929.83,2959.18,2909.32,2942.36,11.77,0.4,23866.0,230750.0,54.07,3.2,8404821.0,16629042.63642
801016.SI,20230110,种植业,2947.38,2967.73,2907.21,2930.29,-12.07,-0.41,23246.0,230917.0,53.85,3.19,8370339.0,16559064.16794
801016.SI,20230111,种植业,2920.83,2932.87,2874.55,2884.47,-45.82,-1.56,26402.0,235653.0,53.0,3.14,8239453.0,16327704.548293
801016.SI,20230112,种植业,2877.7,2895.14,2841.29,2861.49,-22.98,-0.8,20053.0,184565.0,52.58,3.12,8173816.0,16217709.202157
801016.SI,20230113,种植业,2865.3,2899.63,2850.09,2886.18,24.68,0.86,22064.0,207994.0,53.04,3.14,8244322.0,16349758.712856
801016.SI,20230116,种植业,2896.6,2969.29,2881.84,2923.27,37.09,1.29,32505.0,347767.0,53.72,3.18,8350276.0,16558515.839597
801016.SI,20230117,种植业,2927.8,2981.6,2900.07,2943.86,20.59,0.7,31697.0,294509.0,54.1,3.2,8409094.0,16700603.247207
801016.SI,20230118,种植业,2941.22,2981.02,2924.35,2950.98,7.12,0.24,22186.0,223909.0,54.23,3.21,8429425.0,16728119.604275
801016.SI,20230119,种植业,2947.99,2969.14,2926.98,2957.35,6.38,0.22,19260.0,184129.0,54.34,3.22,8447636.0,16751784.387557
801016.SI,20230120,种植业,2967.53,3023.1,2957.39,3008.47,51.12,1.73,34666.0,346566.0,55.28,3.28,8593659.0,17012082.319391
801016.SI,20230130,种植业,3041.49,3075.28,3003.54,3045.18,36.71,1.22,43517.0,423848.0,55.96,3.32,8698521.0,17199814.087312
801016.SI,20230131,种植业,3025.85,3100.84,3007.59,3066.37,21.19,0.7,48961.0,490106.0,56.35,3.34,8759049.0,17308272.294582
801016.SI,20230201,种植业,3067.47,3131.3,3049.41,3121.65,55.28,1.8,46933.0,486484.0,57.36,3.4,8916943.0,17587121.871539
801016.SI,20230202,种植业,3115.49,3167.66,3098.01,3143.21,21.56,0.69,44080.0,440387.0,57.76,3.42,8978532.0,17682347.992146
801016.SI,20230203,种植业,3150.12,3186.6,3102.92,3151.26,8.05,0.26,43725.0,443278.0,57.91,3.43,9001528.0,17698403.02488
801016.SI,20230206,种植业,3133.57,3155.7,3093.31,3138.92,-12.34,-0.39,31900.0,319476.0,57.68,3.42,8966284.0,17669211.993394
801016.SI,20230207,种植业,3143.28,3186.95,3107.12,3178.13,39.21,1.25,34149.0,364478.0,58.4,3.46,9078290.0,17850329.316704
801016.SI,20230208,种植业,3164.9,3176.04,3101.44,3110.74,-67.39,-2.12,30084.0,306914.0,57.16,3.39,8885795.0,17485381.08378
801016.SI,20230209,种植业,3099.04,3152.1,3091.26,3138.79,28.05,0.9,26508.0,259005.0,57.68,3.42,8965908.0,17644889.636583
801016.SI,20230210,种植业,3139.73,3204.3,3119.42,3172.09,33.3,1.06,51991.0,516231.0,58.29,3.45,9061021.0,17826611.553234
801016.SI,20230213,种植业,3186.37,3219.96,3137.77,3171.03,-1.05,-0.03,44572.0,473022.0,58.27,3.45,9058013.0,17829590.94897
801016.SI,20230214,种植业,3164.37,3176.01,3049.58,3075.14,-95.9,-3.02,66320.0,680156.0,56.51,3.35,8784088.0,17359826.771322
801016.SI,20230215,种植业,3080.91,3096.09,3047.67,3067.49,-7.64,-0.25,33992.0,333124.0,56.37,3.34,8762250.0,17313440.059648
801016.SI,20230216,种植业,3070.14,3093.53,2977.07,3004.69,-62.8,-2.05,42771.0,408158.0,55.21,3.27,8582858.0,16988576.99263
801016.SI,20230217,种植业,3013.97,3050.41,2998.05,3013.58,8.89,0.3,25888.0,245491.0,55.38,3.28,8608259.0,17016086.198766
801016.SI,20230220,种植业,3014.53,3046.33,2981.05,3038.09,24.51,0.81,25022.0,240268.0,55.88,3.31,8687213.0,17150534.642596
801016.SI,20230221,种植业,3043.55,3074.57,3026.64,3053.15,15.06,0.5,23994.0,236712.0,56.16,3.33,8730283.0,17243590.944175
801016.SI,20230222,种植业,3058.87,3089.11,3037.49,3059.67,6.51,0.21,25812.0,268620.0,56.28,3.33,8748911.0,17282075.477664
801016.SI,20230223,种植业,3058.98,3090.61,3037.04,3059.45,-0.22,-0.01,24274.0,233726.0,56.28,3.33,8748293.0,17292944.242643
801016.SI,20230224,种植业,3056.32,3064.03,3023.37,3041.74,-17.71,-0.58,17250.0,168165.0,55.95,3.31,8697650.0,17204009.886568
801016.SI,20230227,种植业,3038.14,3073.43,3011.69,3040.07,-1.67,-0.05,21066.0,222246.0,55.92,3.31,8692874.0,17204120.559727
801016.SI,20230228,种植业,3039.05,3068.83,3024.35,3063.6,23.53,0.77,17535.0,181948.0,56.35,3.34,8760166.0,17318013.474801
801016.SI,20230301,种植业,3061.42,3083.89,3049.72,3079.43,15.82,0.52,21231.0,203904.0,56.64,3.35,8805410.0,17403379.08162
801016.SI,20230302,种植业,3080.39,3098.01,3053.22,3066.17,-13.26,-0.43,20778.0,216152.0,56.4,3.34,8767503.0,17345429.243126
801016.SI,20230303,种植业,3066.09,3089.58,3048.25,3077.87,11.7,0.38,21971.0,206451.0,56.62,3.35,8800965.0,17417506.55206
801016.SI,20230306,种植业,3080.5,3145.95,3062.56,3126.3,48.43,1.57,39769.0,401896.0,57.51,3.41,8939437.0,17683149.529521
801016.SI,20230307,种植业,3125.27,3144.67,3043.39,3056.33,-69.97,-2.24,32314.0,335313.0,56.22,3.33,8739361.0,17324686.328732
801016.SI,20230308,种植业,3044.66,3081.89,3017.89,3064.18,7.85,0.26,20579.0,223494.0,56.36,3.34,8761799.0,17378823.226394
801016.SI,20230309,种植业,3063.96,3072.49,3007.53,3030.59,-33.59,-1.1,20414.0,213416.0,55.75,3.3,8665765.0,17188198.156773
801016.SI,20230310,种植业,3015.1,3063.33,2987.42,3027.21,-3.39,-0.11,21147.0,218442.0,55.68,3.3,8656086.0,17143331.433301
801016.SI,20230313,种植业,3034.15,3070.95,2992.29,3037.01,9.8,0.32,27534.0,276450.0,55.86,3.31,8684109.0,17196181.408872
801016.SI,20230314,种植业,3030.13,3100.21,2999.38,3050.1,13.1,0.43,38453.0,389972.0,56.11,3.32,8721566.0,17264321.056471
801016.SI,20230315,种植业,3045.66,3096.14,3030.95,3068.82,18.72,0.61,26226.0,270437.0,56.45,3.34,8775084.0,17362328.06633
801016.SI,20230316,种植业,3075.47,3140.06,3018.72,3049.72,-19.1,-0.62,46327.0,461463.0,56.1,3.32,8720460.0,17272668.203214
801016.SI,20230317,种植业,3052.86,3115.03,3017.13,3061.72,12.0,0.39,38563.0,404920.0,56.32,3.33,8754766.0,17336572.763737
801016.SI,20230320,种植业,3054.64,3062.34,2974.33,2991.64,-70.08,-2.29,33322.0,335864.0,54.45,3.23,8554383.0,16949144.803722
801016.SI,20230321,种植业,2993.2,3031.84,2973.66,3015.71,24.07,0.8,21800.0,236627.0,56.26,3.25,8623212.0,17092940.503446
801016.SI,20230322,种植业,3020.52,3046.59,2989.1,3011.08,-4.63,-0.15,23895.0,238013.0,53.72,3.24,8609967.0,17050802.139119
801016.SI,20230323,种植业,3015.28,3042.49,2984.58,3012.19,1.12,0.04,24772.0,267644.0,53.74,3.24,8613162.0,17051320.1582
801016.SI,20230324,种植业,3010.92,3027.64,2980.36,3004.85,-7.35,-0.24,20363.0,213254.0,53.61,3.23,8592158.0,17007555.941178
801016.SI,20230327,种植业,3009.8,3031.99,2972.94,3006.83,1.98,0.07,21494.0,225190.0,53.64,3.23,8597841.0,17022830.636015
801016.SI,20230328,种植业,3009.41,3058.55,2990.09,3018.51,11.69,0.39,29169.0,312030.0,54.12,3.25,8631258.0,17058029.554666
801016.SI,20230329,种植业,2994.38,3012.05,2940.09,2958.81,-59.71,-1.98,26881.0,266219.0,53.05,3.18,8460525.0,16763460.665477
801016.SI,20230330,种植业,2957.83,2972.36,2904.14,2927.58,-31.23,-1.06,23242.0,248560.0,56.55,3.17,8371225.0,16571081.393033
801016.SI,20230331,种植业,2929.94,2982.33,2923.77,2961.59,34.01,1.16,25659.0,226505.0,56.81,3.21,8468488.0,16761908.293439
801016.SI,20230403,种植业,2954.12,3005.29,2932.64,2972.09,10.5,0.35,28610.0,280069.0,57.02,3.22,8498523.0,16829619.675521
801016.SI,20230404,种植业,2969.87,2992.03,2913.72,2944.42,-27.68,-0.93,26362.0,267757.0,56.49,3.19,8419386.0,16680360.728455
801016.SI,20230406,种植业,2941.66,2968.82,2898.97,2929.22,-15.2,-0.52,25629.0,227753.0,56.19,3.17,8375928.0,16619566.443958
801016.SI,20230407,种植业,2926.57,2956.11,2911.81,2941.12,11.9,0.41,19462.0,184778.0,56.42,3.19,8409965.0,16663929.09348
801016.SI,20230410,种植业,2945.69,2958.54,2900.64,2918.27,-22.85,-0.78,22336.0,202428.0,55.98,3.16,8344614.0,16541632.338196
801016.SI,20230411,种植业,2940.86,2968.52,2905.52,2958.45,40.18,1.38,23997.0,255209.0,56.75,3.19,8459504.0,16766184.474933
801016.SI,20230412,种植业,2962.44,2981.69,2924.48,2953.21,-5.24,-0.18,30091.0,305840.0,56.65,3.18,8444525.0,16740895.818826
801016.SI,20230413,种植业,2947.29,2966.09,2906.06,2920.98,-32.23,-1.09,29150.0,285241.0,56.04,3.15,8352365.0,16574125.011308
801016.SI,20230414,种植业,2922.19,2934.69,2884.47,2902.35,-18.63,-0.64,21619.0,202350.0,55.68,3.13,8299106.0,16475698.349785
801016.SI,20230417,种植业,2900.07,2939.76,2887.19,2931.06,28.71,0.99,20204.0,213783.0,56.23,3.16,8381187.0,16636258.386553
801016.SI,20230418,种植业,2931.53,2941.38,2883.51,2901.17,-29.88,-1.02,21095.0,234945.0,55.66,3.13,8295733.0,16510169.068484
801016.SI,20230419,种植业,2907.4,2954.28,2891.06,2918.88,17.71,0.61,24026.0,285604.0,56.57,3.14,8346369.0,16609107.278403
801016.SI,20230420,种植业,2917.27,2941.14,2862.46,2892.12,-26.77,-0.92,25537.0,287853.0,58.87,3.1,8269830.0,16482183.602348
801016.SI,20230421,种植业,2886.03,2957.13,2867.09,2894.7,2.58,0.09,31660.0,343215.0,58.93,3.1,8277205.0,16500505.286131
801016.SI,20230424,种植业,2902.17,2917.59,2820.43,2841.28,-53.41,-1.85,28623.0,313451.0,57.9,3.04,8124478.0,16175835.783432
801016.SI,20230425,种植业,2851.6,2898.5,2785.49,2827.62,-13.66,-0.48,37106.0,329944.0,57.19,3.01,8085417.0,16163634.699465
801016.SI,20230426,种植业,2809.15,2875.48,2776.25,2839.17,11.55,0.41,28427.0,260704.0,57.09,3.03,8118433.0,16220299.163857
801016.SI,20230427,种植业,2838.16,2869.13,2813.49,2837.0,-2.17,-0.08,22264.0,210332.0,57.04,3.0,8113365.0,16206300.197481
801016.SI,20230428,种植业,2837.78,2899.1,2824.93,2885.0,48.0,1.69,23579.0,224297.0,58.19,3.05,8234600.0,16449257.089853
801016.SI,20230504,种植业,2883.95,2964.06,2863.74,2942.41,57.41,1.99,31554.0,305266.0,52.63,3.09,8398453.0,16730318.552186
801016.SI,20230505,种植业,2931.07,2944.83,2873.01,2903.2,-39.21,-1.33,22104.0,204906.0,51.93,3.05,8286542.0,16507633.984588
801016.SI,20230508,种植业,2906.69,2932.02,2865.85,2909.55,6.35,0.22,22281.0,196184.0,52.04,3.06,8304653.0,16559405.989798
801016.SI,20230509,种植业,2903.03,2936.3,2868.88,2889.81,-19.74,-0.68,24102.0,209880.0,51.69,3.03,8248321.0,16478473.111962
801016.SI,20230510,种植业,2892.84,2917.87,2868.78,2890.99,1.18,0.04,16907.0,150525.0,51.71,3.04,8251697.0,16483118.271318
801016.SI,20230511,种植业,2893.98,2939.31,2871.67,2898.63,7.63,0.26,20320.0,179288.0,51.85,3.04,8273487.0,16523513.263517
801016.SI,20230512,种植业,2892.52,2919.28,2856.75,2872.81,-25.82,-0.89,17148.0,157304.0,51.38,3.02,8199786.0,16364850.40426
801016.SI,20230515,种植业,2889.39,2915.47,2836.38,2890.26,17.45,0.61,20803.0,188320.0,51.7,3.03,8249601.0,16499126.139044
801016.SI,20230516,种植业,2887.32,2903.32,2843.6,2855.27,-34.99,-1.21,15503.0,146021.0,51.07,3.0,8149728.0,16318984.216634
801016.SI,20230517,种植业,2847.48,2896.45,2828.92,2876.07,20.8,0.73,15485.0,152391.0,51.44,3.02,8209097.0,16422005.692131
801016.SI,20230518,种植业,2873.16,2892.49,2838.87,2850.6,-25.47,-0.89,16746.0,156233.0,50.99,2.99,8136411.0,16273825.603996
801016.SI,20230519,种植业,2849.01,2895.85,2818.51,2880.65,30.05,1.05,17354.0,172384.0,52.16,3.03,8322963.0,16439974.920153
801016.SI,20230522,种植业,2887.39,2940.69,2864.6,2924.06,43.41,1.51,23602.0,237179.0,52.94,3.08,8448391.0,16678310.169446
801016.SI,20230523,种植业,2919.05,2931.07,2862.54,2866.71,-57.36,-1.96,19057.0,185257.0,51.9,3.02,8282676.0,16373243.887326
801016.SI,20230524,种植业,2861.44,2873.1,2822.49,2834.76,-31.95,-1.11,15882.0,145186.0,51.33,2.98,8190375.0,16201827.963567
801016.SI,20230525,种植业,2823.13,2845.24,2766.6,2794.55,-40.21,-1.42,18090.0,160116.0,50.6,2.94,8074205.0,15952193.308413
801016.SI,20230526,种植业,2796.81,2815.89,2757.08,2792.88,-1.68,-0.06,12879.0,117268.0,50.57,2.94,8069353.0,15950794.401145
801016.SI,20230529,种植业,2799.94,2835.07,2779.83,2802.64,9.77,0.35,13994.0,136346.0,50.74,2.95,8097572.0,16042427.044061
801016.SI,20230530,种植业,2798.23,2814.3,2751.9,2797.9,-4.74,-0.17,14657.0,131067.0,50.66,2.94,8083878.0,16004814.450199
801016.SI,20230531,种植业,2795.07,2853.48,2778.41,2810.44,12.54,0.45,18910.0,177354.0,50.91,2.96,8110979.0,16063061.337146
801016.SI,20230601,种植业,2800.85,2864.51,2778.4,2850.36,39.92,1.42,23971.0,206376.0,51.63,3.0,8226184.0,16263381.039223
801016.SI,20230602,种植业,2838.24,2859.91,2819.63,2842.02,-8.34,-0.29,19442.0,162638.0,51.48,2.99,8202106.0,16220003.468729
801016.SI,20230605,种植业,2842.93,2857.64,2815.02,2835.27,-6.75,-0.24,15244.0,125784.0,51.36,2.98,8182636.0,16201004.306964
801016.SI,20230606,种植业,2832.84,2839.45,2773.68,2782.31,-52.96,-1.87,15718.0,132974.0,50.4,2.93,8029793.0,15905928.699894
801016.SI,20230607,种植业,2777.87,2826.5,2771.37,2806.81,24.5,0.88,12562.0,105636.0,50.84,2.95,8100502.0,16031786.363163
801016.SI,20230608,种植业,2805.27,2886.05,2791.89,2857.0,50.19,1.79,27235.0,238869.0,51.75,3.01,8245359.0,16278644.971908
801016.SI,20230609,种植业,2855.95,2877.01,2825.55,2857.51,0.51,0.02,20387.0,167448.0,51.76,3.01,8246828.0,16297268.16159
801016.SI,20230612,种植业,2868.25,2917.56,2846.84,2875.16,17.64,0.62,24533.0,218181.0,52.08,3.02,8297751.0,16395299.797388
801016.SI,20230613,种植业,2873.66,2889.27,2843.9,2859.42,-15.74,-0.55,16532.0,142804.0,51.79,3.01,8252334.0,16303718.789828
801016.SI,20230614,种植业,2864.24,2902.69,2846.23,2876.99,17.57,0.61,20016.0,155567.0,52.11,3.03,8303030.0,16376669.234917
801016.SI,20230615,种植业,2873.41,2883.88,2830.95,2863.68,-13.3,-0.46,18802.0,159823.0,51.88,3.01,8258814.0,16302678.514566
801016.SI,20230616,种植业,2864.95,2899.97,2855.21,2874.8,11.12,0.39,17049.0,146764.0,52.09,3.02,8290881.0,16358964.663762
801016.SI,20230619,种植业,2884.0,2905.85,2833.28,2839.78,-35.02,-1.22,18271.0,160184.0,51.45,2.99,8189876.0,16151344.442874
801016.SI,20230620,种植业,2838.58,2858.19,2806.34,2823.25,-16.53,-0.58,16702.0,146771.0,51.15,2.97,8142196.0,16051192.424068
801016.SI,20230621,种植业,2821.74,2847.06,2782.87,2791.71,-31.54,-1.12,14751.0,132749.0,50.58,2.94,8051231.0,15886429.19044
801016.SI,20230626,种植业,2785.94,2804.73,2745.4,2757.71,-34.0,-1.22,15064.0,128156.0,49.96,2.9,7953184.0,15691222.648606
801016.SI,20230627,种植业,2764.62,2801.49,2755.78,2786.66,28.96,1.05,11229.0,96222.0,50.49,2.93,8036692.0,15847451.28186
801016.SI,20230628,种植业,2785.14,2796.84,2741.89,2780.74,-5.93,-0.21,11473.0,100673.0,50.38,2.92,8019593.0,15829263.144737
801016.SI,20230629,种植业,2775.8,2813.05,2760.15,2784.87,4.14,0.15,12093.0,113204.0,50.46,2.93,8031521.0,15849087.533488
801016.SI,20230630,种植业,2787.27,2848.08,2778.02,2832.76,47.88,1.72,17521.0,167117.0,51.32,2.98,8169620.0,16112600.898008
801016.SI,20230703,种植业,2836.78,2873.3,2814.95,2852.32,19.57,0.69,18328.0,177461.0,51.68,3.0,8226052.0,16234969.904856
801016.SI,20230704,种植业,2850.87,2862.1,2822.77,2851.51,-0.81,-0.03,13519.0,124238.0,51.66,3.0,8223708.0,16236781.422047
801016.SI,20230705,种植业,2849.45,2868.72,2830.52,2851.04,-0.47,-0.02,11266.0,104433.0,51.66,3.0,8222356.0,16228937.904029
801016.SI,20230706,种植业,2849.68,2877.15,2825.96,2856.87,5.82,0.2,16265.0,138057.0,51.76,3.0,8239154.0,16283240.058056
801016.SI,20230707,种植业,2850.27,2970.26,2837.99,2935.81,78.95,2.76,58346.0,484196.0,53.19,3.09,8466839.0,16673519.687063
801016.SI,20230710,种植业,2925.8,2969.04,2899.65,2927.92,-7.9,-0.27,38314.0,331284.0,53.05,3.08,8444059.0,16659133.391039
801016.SI,20230711,种植业,2927.96,2949.75,2901.44,2926.99,-0.92,-0.03,22931.0,196002.0,53.03,3.08,8441400.0,16648180.683359
801016.SI,20230712,种植业,2933.28,2978.82,2908.4,2945.19,18.19,0.62,39419.0,317426.0,53.36,3.1,8493867.0,16724384.436864
801016.SI,20230713,种植业,2939.31,2958.27,2915.95,2941.59,-3.59,-0.12,29676.0,238588.0,53.3,3.09,8483506.0,16719022.471882
801016.SI,20230714,种植业,2942.16,3006.58,2923.04,2964.24,22.64,0.77,37721.0,311440.0,53.71,3.12,8548810.0,16841957.644722
801016.SI,20230717,种植业,2945.17,3000.49,2920.98,2968.92,4.68,0.16,35162.0,287385.0,53.79,3.12,8562318.0,16859641.497673
801016.SI,20230718,种植业,3012.26,3052.88,2963.17,2981.37,12.44,0.42,46841.0,404672.0,54.02,3.14,8598208.0,16925110.140558
801016.SI,20230719,种植业,2956.75,3007.97,2942.73,2970.66,-10.71,-0.36,32856.0,279423.0,53.82,3.12,8567329.0,16888914.248974
801016.SI,20230720,种植业,2997.16,3021.89,2939.19,2949.88,-20.78,-0.7,29192.0,245530.0,53.45,3.1,8507402.0,16766490.108224
801016.SI,20230721,种植业,2957.38,3031.41,2949.09,2997.14,47.26,1.6,46328.0,390010.0,54.3,3.15,8643690.0,17006582.856601
801016.SI,20230724,种植业,2974.81,2989.63,2927.43,2941.02,-56.11,-1.87,29729.0,253821.0,53.29,3.09,8481860.0,16706886.820172
801016.SI,20230725,种植业,2960.48,2976.18,2918.25,2940.8,-0.23,-0.01,27169.0,238555.0,53.28,3.09,8481203.0,16716139.354044
801016.SI,20230726,种植业,2933.29,2960.83,2899.36,2943.57,2.77,0.09,23231.0,214777.0,53.25,3.1,8475854.0,16718043.265427
801016.SI,20230727,种植业,2932.15,2946.88,2892.34,2901.12,-42.44,-1.44,22055.0,193840.0,52.48,3.05,8353643.0,16491691.407268
801016.SI,20230728,种植业,2896.16,2948.68,2881.16,2931.25,30.13,1.04,21938.0,195787.0,53.02,3.08,8440402.0,16649561.96725
801016.SI,20230731,种植业,2967.31,3056.91,2951.24,3037.21,105.95,3.61,62190.0,546244.0,54.94,3.19,8745489.0,17244482.384485
801016.SI,20230801,种植业,3020.01,3052.34,2986.78,3016.15,-21.06,-0.69,36028.0,337536.0,54.56,3.17,8684852.0,17113159.803355
801016.SI,20230802,种植业,3011.35,3033.62,2973.81,2991.24,-24.91,-0.83,24636.0,218878.0,54.12,3.15,8619192.0,16969930.277262
801016.SI,20230803,种植业,2994.03,3020.12,2974.49,3001.12,9.88,0.33,24384.0,198189.0,54.28,3.16,8658491.0,17025899.514637
801016.SI,20230804,种植业,2998.83,3020.52,2966.52,2974.84,-26.29,-0.88,25575.0,213953.0,53.8,3.13,8582651.0,16878851.933763
801016.SI,20230807,种植业,3002.64,3089.28,2990.26,3052.92,78.08,2.62,75764.0,597834.0,55.21,3.22,8807919.0,17273053.298851
801016.SI,20230808,种植业,3046.55,3083.08,2996.03,3046.54,-6.38,-0.21,61867.0,456769.0,55.1,3.21,8789521.0,17265776.150773
801016.SI,20230809,种植业,3035.27,3054.66,2991.07,3003.52,-43.02,-1.41,39462.0,286176.0,54.32,3.16,8665413.0,17023147.293896
801016.SI,20230810,种植业,3009.92,3055.3,2992.8,3029.12,25.6,0.85,41334.0,300321.0,54.78,3.19,8739276.0,17161215.450005
801016.SI,20230811,种植业,3017.76,3025.9,2933.5,2943.42,-85.71,-2.83,41921.0,319636.0,53.23,3.1,8492004.0,16706560.785335
801016.SI,20230814,种植业,2917.15,2935.69,2865.71,2914.38,-29.04,-0.99,27241.0,204905.0,52.71,3.07,8408233.0,16546689.031181
801016.SI,20230815,种植业,2913.16,2939.58,2880.61,2904.59,-9.79,-0.34,21348.0,156477.0,52.53,3.06,8379978.0,16491950.708664
801016.SI,20230816,种植业,2895.53,2922.23,2864.23,2886.21,-18.38,-0.63,19531.0,146598.0,52.2,3.04,8326947.0,16403861.493555
801016.SI,20230817,种植业,2875.76,2920.38,2840.3,2913.93,27.73,0.96,21119.0,159753.0,52.7,3.07,8406948.0,16567814.220531
801016.SI,20230818,种植业,2906.07,2926.0,2865.06,2867.2,-46.74,-1.6,20447.0,149443.0,51.85,3.02,8272112.0,16310774.87109
801016.SI,20230821,种植业,2862.03,2886.58,2808.97,2813.45,-53.75,-1.87,20966.0,194270.0,50.88,2.98,8117049.0,16001525.721696
801016.SI,20230822,种植业,2820.88,2847.09,2771.97,2821.57,8.12,0.29,20943.0,171358.0,51.03,2.99,8140468.0,16040661.592479
801016.SI,20230823,种植业,2812.02,2844.7,2787.28,2803.92,-17.65,-0.63,19612.0,139879.0,50.71,2.97,8089556.0,15929339.036682
801016.SI,20230824,种植业,2807.6,2860.74,2780.91,2842.96,39.03,1.39,26892.0,182278.0,51.42,3.02,8202174.0,16135385.070591
801016.SI,20230825,种植业,2834.46,2899.27,2802.43,2831.08,-11.88,-0.42,32320.0,236854.0,51.2,3.0,8167894.0,16094226.862651
801016.SI,20230828,种植业,2932.87,2952.74,2816.79,2828.97,-2.1,-0.07,38966.0,288820.0,51.16,3.01,8161832.0,16091193.197848
801016.SI,20230829,种植业,2825.87,2877.99,2805.92,2867.36,38.38,1.36,28235.0,218091.0,51.86,3.06,8272562.0,16289889.812447
801016.SI,20230830,种植业,2859.8,2878.28,2821.59,2838.14,-29.22,-1.02,26772.0,202339.0,51.33,3.04,8188269.0,16130711.055653
801016.SI,20230831,种植业,2830.34,2856.97,2792.21,2814.33,-23.8,-0.84,22428.0,173865.0,50.9,3.02,8119593.0,16025183.703009
801016.SI,20230901,种植业,2828.78,2869.53,2820.25,2853.5,39.17,1.39,33136.0,215593.0,53.32,3.06,8232599.0,16282149.295317
801016.SI,20230904,种植业,2860.3,2904.14,2830.8,2876.15,22.65,0.79,45183.0,329381.0,53.74,3.09,8297944.0,16443665.784034
801016.SI,20230905,种植业,2867.23,2876.62,2821.04,2839.92,-36.23,-1.26,29352.0,211645.0,53.07,3.05,8193414.0,16223753.603683
801016.SI,20230906,种植业,2836.64,2845.45,2800.34,2818.05,-21.87,-0.77,23949.0,168036.0,52.66,3.02,8130304.0,16085978.265743
801016.SI,20230907,种植业,2814.39,2827.26,2773.06,2781.48,-36.57,-1.3,22984.0,165880.0,51.97,2.98,8024799.0,15880807.884585
801016.SI,20230908,种植业,2776.74,2794.46,2749.64,2766.21,-15.27,-0.55,18592.0,139640.0,51.69,2.97,7980739.0,15789919.880482
801016.SI,20230911,种植业,2775.22,2812.54,2764.45,2801.46,35.25,1.27,19394.0,157508.0,52.35,3.01,8082445.0,16016242.695094
801016.SI,20230912,种植业,2798.87,2821.35,2779.17,2799.49,-1.97,-0.07,16083.0,121859.0,52.31,3.0,8076770.0,15992854.338028
801016.SI,20230913,种植业,2796.7,2811.99,2753.75,2774.11,-25.39,-0.91,19375.0,142496.0,51.84,2.98,8003529.0,15863421.369302
801016.SI,20230914,种植业,2775.11,2781.91,2736.26,2756.14,-17.96,-0.65,15444.0,114749.0,51.5,2.96,7951703.0,15785185.85081
801016.SI,20230915,种植业,2761.56,2790.15,2750.81,2771.47,15.33,0.56,17278.0,118955.0,51.79,2.97,7995931.0,15873518.364668
801016.SI,20230918,种植业,2768.14,2795.25,2738.71,2782.44,10.97,0.4,17147.0,121852.0,51.99,2.99,8027581.0,15918815.109755
801016.SI,20230919,种植业,2780.28,2825.58,2766.05,2803.66,21.22,0.76,20210.0,162688.0,52.39,3.01,8088791.0,16017256.373516
801016.SI,20230920,种植业,2795.84,2836.22,2778.5,2797.6,-6.05,-0.22,21280.0,161892.0,52.28,3.0,8071323.0,15979107.350309
801016.SI,20230921,种植业,2791.72,2800.5,2736.42,2741.63,-55.97,-2.0,19890.0,148824.0,51.23,2.94,7909838.0,15674149.251523
801016.SI,20230922,种植业,2737.87,2773.4,2723.09,2765.67,24.04,0.88,16333.0,120276.0,51.68,2.97,7979185.0,15802574.758591
801016.SI,20230925,种植业,2762.94,2811.4,2744.43,2772.81,7.15,0.26,20635.0,165398.0,51.81,2.98,7999805.0,15816129.105139
801016.SI,20230926,种植业,2770.33,2785.12,2746.6,2753.98,-18.83,-0.68,14859.0,107647.0,51.46,2.96,7945466.0,15710114.948132
801016.SI,20230927,种植业,2753.63,2780.27,2735.17,2750.89,-3.09,-0.11,18980.0,136087.0,51.4,2.95,7936551.0,15684037.563969
801016.SI,20230928,种植业,2759.04,2775.0,2717.79,2740.14,-10.75,-0.39,19482.0,160684.0,51.2,2.94,7905545.0,15566716.481295
801016.SI,20231009,种植业,2740.47,2759.68,2698.01,2721.83,-18.32,-0.67,18222.0,143416.0,50.86,2.92,7852700.0,15453730.15552
801016.SI,20231010,种植业,2723.78,2751.64,2706.5,2720.64,-1.19,-0.04,15320.0,114017.0,50.84,2.92,7849262.0,15451038.582168
801016.SI,20231011,种植业,2723.99,2731.93,2687.01,2701.39,-19.24,-0.71,16166.0,120783.0,50.48,2.9,7793748.0,15346072.049536
801016.SI,20231012,种植业,2714.3,2738.82,2699.26,2726.37,24.97,0.92,18175.0,122628.0,50.94,2.93,7865803.0,15504145.272989
801016.SI,20231013,种植业,2721.25,2728.29,2672.5,2687.11,-39.26,-1.44,18123.0,133544.0,50.21,2.88,7752529.0,15304279.603918
801016.SI,20231016,种植业,2694.99,2736.54,2679.03,2707.92,20.81,0.77,18734.0,133280.0,50.6,2.91,7812572.0,15397060.133174
801016.SI,20231017,种植业,2702.04,2719.54,2672.81,2696.31,-11.61,-0.43,14574.0,101621.0,50.38,2.89,7779072.0,15330474.537665
801016.SI,20231018,种植业,2739.0,2825.16,2715.6,2788.32,92.01,3.41,48430.0,447521.0,52.1,2.99,8044542.0,15749049.01484
801016.SI,20231019,种植业,2779.32,2814.54,2716.59,2727.28,-61.04,-2.19,36585.0,352799.0,50.96,2.92,7868425.0,15396739.751931
801016.SI,20231020,种植业,2705.69,2740.2,2659.45,2694.79,-32.49,-1.19,25217.0,212091.0,50.35,2.89,7774694.0,15235293.196369
801016.SI,20231023,种植业,2686.48,2714.6,2602.71,2622.56,-72.23,-2.68,22265.0,176887.0,49.0,2.81,7566313.0,14828514.926137
801016.SI,20231024,种植业,2631.03,2677.32,2603.38,2659.5,36.94,1.41,18412.0,156245.0,49.7,2.84,7672876.0,15059845.157483
801016.SI,20231025,种植业,2666.3,2722.43,2659.99,2692.53,33.03,1.24,20142.0,166365.0,50.31,2.88,7768178.0,15239747.391856
801016.SI,20231026,种植业,2676.2,2692.65,2641.63,2677.11,-15.42,-0.57,16610.0,131123.0,50.02,2.85,7723684.0,15168809.09427
801016.SI,20231027,种植业,2659.64,2717.13,2647.42,2701.43,24.32,0.91,19878.0,163055.0,50.48,2.88,7793858.0,15303178.365559
801016.SI,20231030,种植业,2688.88,2748.55,2673.24,2718.32,16.89,0.63,23881.0,195049.0,50.79,2.96,7842597.0,15384799.817908
801016.SI,20231031,种植业,2715.6,2732.62,2693.45,2715.9,-2.42,-0.09,15546.0,117567.0,50.75,2.96,7835612.0,15380412.617968
801016.SI,20231101,种植业,2720.26,2736.37,2692.15,2717.61,1.71,0.06,19282.0,136834.0,56.86,2.96,7840535.0,15370016.351167
801016.SI,20231102,种植业,2712.35,2727.33,2675.06,2683.12,-34.49,-1.27,16512.0,119541.0,56.14,2.92,7741022.0,15187782.576189
801016.SI,20231103,种植业,2684.82,2711.01,2668.1,2694.36,11.25,0.42,15159.0,116098.0,56.37,2.94,7773467.0,15258380.893319
801016.SI,20231106,种植业,2701.66,2728.88,2681.01,2723.18,28.82,1.07,18580.0,142975.0,56.98,2.97,7856606.0,15411535.191366
801016.SI,20231107,种植业,2719.25,2744.64,2698.68,2729.4,6.22,0.23,17143.0,131387.0,57.11,2.98,7874537.0,15423219.310876
801016.SI,20231108,种植业,2725.31,2750.65,2702.98,2719.41,-9.98,-0.37,16537.0,130606.0,56.9,2.96,7845730.0,15359404.508818
801016.SI,20231109,种植业,2713.43,2739.99,2697.0,2705.46,-13.95,-0.51,13448.0,103297.0,56.6,2.95,7805472.0,15285969.553266
801016.SI,20231110,种植业,2707.93,2728.8,2688.6,2709.04,3.59,0.13,14581.0,108380.0,56.68,2.95,7815821.0,15288240.335955
801016.SI,20231113,种植业,2707.66,2724.55,2679.54,2717.5,8.45,0.31,16317.0,128171.0,56.86,2.96,7840210.0,15345099.28391
801016.SI,20231114,种植业,2711.98,2734.69,2701.9,2721.74,4.24,0.16,13208.0,103364.0,56.95,2.97,7852437.0,15378076.292864
801016.SI,20231115,种植业,2732.76,2741.52,2708.58,2727.89,6.15,0.23,14122.0,108025.0,57.07,2.97,7870190.0,15413161.754909
801016.SI,20231116,种植业,2724.82,2756.33,2703.22,2710.85,-17.04,-0.62,14347.0,115465.0,56.72,2.95,7821035.0,15326620.320745
801016.SI,20231117,种植业,2706.7,2720.83,2689.24,2705.34,-5.51,-0.2,11266.0,86247.0,56.6,2.95,7805141.0,15291215.989921
801016.SI,20231120,种植业,2707.67,2744.11,2694.03,2736.7,31.36,1.16,17751.0,136681.0,57.26,2.98,7895621.0,15450827.261713
801016.SI,20231121,种植业,2737.73,2745.68,2706.8,2714.34,-22.36,-0.82,16027.0,121748.0,56.79,2.96,7831106.0,15333316.356242
801016.SI,20231122,种植业,2712.48,2728.76,2694.49,2699.5,-14.84,-0.55,13235.0,100483.0,56.48,2.94,7788296.0,15258278.92519
801016.SI,20231123,种植业,2700.74,2728.74,2692.16,2720.71,21.21,0.79,13356.0,101180.0,56.92,2.97,7849489.0,15367173.548321
801016.SI,20231124,种植业,2716.87,2746.17,2706.23,2724.37,3.66,0.13,21228.0,146476.0,57.0,2.97,7860044.0,15389405.336673
801016.SI,20231127,种植业,2731.74,2793.04,2722.19,2766.25,41.88,1.54,33704.0,268610.0,57.88,3.02,7980869.0,15612099.582948
801016.SI,20231128,种植业,2756.77,2797.97,2727.71,2782.17,15.92,0.58,32492.0,243178.0,58.21,3.03,8026786.0,15685917.679013
801016.SI,20231129,种植业,2776.71,2822.88,2750.54,2783.58,1.41,0.05,27486.0,221270.0,58.24,3.03,8030856.0,15661462.784694
801016.SI,20231130,种植业,2777.04,2794.52,2738.61,2764.72,-18.85,-0.68,22331.0,170211.0,57.84,3.01,7976460.0,15584333.046863
801016.SI,20231201,种植业,2758.99,2789.19,2734.89,2753.86,-10.86,-0.39,21922.0,166238.0,57.62,3.0,7945115.0,15524953.696484
801016.SI,20231204,种植业,2741.25,2760.45,2650.3,2677.88,-75.98,-2.76,30978.0,292806.0,56.03,2.92,7725901.0,15161048.631507
801016.SI,20231205,种植业,2675.76,2697.13,2647.36,2655.46,-22.41,-0.84,23059.0,187291.0,55.56,2.89,7661237.0,15042121.844328
801016.SI,20231206,种植业,2650.67,2708.51,2640.07,2693.72,38.25,1.44,23838.0,184884.0,56.36,2.94,7771604.0,15232290.213165
801016.SI,20231207,种植业,2687.47,2702.27,2647.3,2682.3,-11.42,-0.42,18402.0,135375.0,56.12,2.92,7738654.0,15177474.824661
801016.SI,20231208,种植业,2694.46,2714.94,2603.9,2607.46,-74.84,-2.79,31258.0,241030.0,54.55,2.84,7522745.0,14739333.435073
801016.SI,20231211,种植业,2598.14,2639.28,2569.06,2628.45,20.99,0.81,21984.0,162247.0,54.99,2.87,7583313.0,14878573.438429
801016.SI,20231212,种植业,2623.51,2646.33,2604.6,2631.37,2.91,0.11,13573.0,104376.0,55.05,2.87,7591714.0,14901202.849071
801016.SI,20231213,种植业,2625.66,2645.57,2603.9,2609.15,-22.22,-0.84,14358.0,103939.0,54.59,2.84,7527620.0,14774713.352041
801016.SI,20231214,种植业,2613.53,2640.88,2594.56,2606.13,-3.02,-0.12,16382.0,114823.0,54.53,2.84,7518894.0,14762850.31308
801016.SI,20231215,种植业,2607.39,2630.52,2590.64,2604.41,-1.71,-0.07,17342.0,120292.0,54.49,2.84,7513949.0,14749803.779653
801016.SI,20231218,种植业,2596.68,2618.3,2555.98,2567.01,-37.4,-1.44,20964.0,141556.0,53.71,2.8,7406052.0,14541859.579401
801016.SI,20231219,种植业,2564.89,2586.9,2535.87,2559.92,-7.09,-0.28,16992.0,121665.0,53.56,2.8,7385592.0,14509385.404171
801016.SI,20231220,种植业,2561.21,2592.15,2532.17,2540.64,-19.28,-0.75,17107.0,116382.0,53.16,2.77,7329957.0,14395920.316023
801016.SI,20231221,种植业,2555.82,2588.37,2500.13,2542.25,1.61,0.06,31062.0,208802.0,53.19,2.78,7334612.0,14409949.831572
801016.SI,20231222,种植业,2530.26,2544.71,2476.52,2499.95,-42.31,-1.66,24396.0,160423.0,52.3,2.73,7212558.0,14217766.276808
801016.SI,20231225,种植业,2495.2,2505.28,2461.04,2476.63,-23.31,-0.93,14379.0,96396.0,51.82,2.7,7145295.0,14088385.343696
801016.SI,20231226,种植业,2471.38,2493.79,2453.44,2465.72,-10.91,-0.44,11985.0,82822.0,51.67,2.69,7098039.0,14029519.014009
801016.SI,20231227,种植业,2492.81,2520.63,2451.2,2488.27,22.55,0.91,15258.0,113203.0,52.14,2.72,7162944.0,14162496.005139
801016.SI,20231228,种植业,2482.61,2519.77,2453.63,2509.58,21.31,0.86,16961.0,124221.0,52.59,2.74,7224291.0,14284942.171393
801016.SI,20231229,种植业,2507.47,2530.61,2500.2,2525.65,16.07,0.64,14627.0,105054.0,52.93,2.76,7270550.0,14374265.885509
801016.SI,20240102,种植业,2528.2,2563.7,2515.87,2546.38,20.73,0.82,17628.0,124758.0,53.36,2.78,7330229.0,14493372.047996
801016.SI,20240103,种植业,2538.53,2554.45,2513.53,2533.09,-13.29,-0.52,13129.0,96927.0,53.08,2.76,7291963.0,14424053.715466
801016.SI,20240104,种植业,2531.2,2543.67,2497.64,2514.18,-18.91,-0.75,11805.0,87281.0,52.69,2.74,7237525.0,14317462.622065
801016.SI,20240105,种植业,2510.86,2523.71,2463.21,2474.34,-39.84,-1.58,13620.0,100849.0,51.85,2.7,7122833.0,14102894.457862
801016.SI,20240108,种植业,2470.05,2474.65,2401.8,2406.0,-68.33,-2.76,14340.0,106251.0,50.42,2.63,6926127.0,13692394.152181
801016.SI,20240109,种植业,2411.14,2442.15,2396.13,2420.37,14.37,0.6,11638.0,85237.0,50.72,2.64,6967492.0,13775937.589787
801016.SI,20240110,种植业,2416.64,2435.08,2389.37,2418.9,-1.48,-0.06,10398.0,72936.0,50.69,2.64,6963243.0,13782719.591934
801016.SI,20240111,种植业,2418.05,2458.01,2406.84,2447.69,28.79,1.19,11791.0,82785.0,51.29,2.67,7046117.0,13946095.593676
801016.SI,20240112,种植业,2445.08,2478.17,2432.9,2442.51,-5.17,-0.21,10738.0,75145.0,51.18,2.67,7031227.0,13924069.398901
801016.SI,20240115,种植业,2482.86,2509.89,2442.47,2461.61,19.1,0.78,14619.0,122184.0,51.58,2.69,7086206.0,14018533.513165
801016.SI,20240116,种植业,2453.68,2482.06,2414.59,2442.16,-19.45,-0.79,14354.0,106858.0,51.18,2.66,7030213.0,13928296.804326
801016.SI,20240117,种植业,2441.34,2446.75,2386.46,2389.19,-52.97,-2.17,13053.0,88795.0,50.07,2.61,6877721.0,13628114.529795
801016.SI,20240118,种植业,2377.85,2390.94,2286.08,2358.13,-31.06,-1.3,21410.0,145297.0,49.42,2.57,6788312.0,13444116.825769
801016.SI,20240119,种植业,2353.56,2380.47,2330.87,2342.7,-15.43,-0.65,11383.0,86257.0,49.09,2.56,6743897.0,13355249.195172
801016.SI,20240122,种植业,2339.66,2348.93,2201.46,2227.54,-115.16,-4.92,19377.0,133815.0,46.62,2.43,6421767.0,12709126.39487
801016.SI,20240123,种植业,2223.17,2251.82,2177.99,2235.19,7.66,0.34,15649.0,106416.0,46.78,2.44,6443838.0,12767606.866718
801016.SI,20240124,种植业,2245.89,2282.5,2193.43,2273.62,38.42,1.72,17013.0,108591.0,47.59,2.48,6554611.0,12989909.570039
801016.SI,20240125,种植业,2275.25,2362.87,2262.36,2352.83,79.21,3.48,19623.0,139163.0,49.25,2.57,6782967.0,13426691.034623
801016.SI,20240126,种植业,2350.15,2413.18,2335.59,2373.73,20.9,0.89,22737.0,138031.0,49.68,2.59,6843231.0,13547196.21981
801016.SI,20240129,种植业,2371.4,2389.85,2317.99,2323.52,-50.21,-2.12,17810.0,112330.0,48.63,2.54,6698476.0,13268958.698431
801016.SI,20240130,种植业,2317.36,2399.15,2287.92,2330.4,6.88,0.3,28777.0,187612.0,48.78,2.54,6718306.0,13261152.74303
801016.SI,20240131,种植业,2309.82,2331.0,2223.8,2234.03,-96.37,-4.14,27158.0,171974.0,46.76,2.44,6440481.0,12763032.089019
801016.SI,20240201,种植业,2222.52,2266.93,2180.92,2214.89,-19.14,-0.86,22053.0,134383.0,46.36,2.42,6385304.0,12660055.092805
801016.SI,20240202,种植业,2217.49,2272.15,2093.46,2169.87,-45.02,-2.03,27933.0,172364.0,45.42,2.37,6255516.0,12401635.400215
801016.SI,20240205,种植业,2164.27,2206.34,2018.15,2070.72,-99.15,-4.57,37075.0,223354.0,43.34,2.26,5969669.0,11874661.542725
801016.SI,20240206,种植业,2020.06,2190.0,1971.07,2156.15,85.43,4.13,38023.0,222577.0,45.13,2.35,6215965.0,12340583.617753
801016.SI,20240207,种植业,2158.1,2258.27,2112.81,2208.22,52.08,2.42,42370.0,266570.0,46.22,2.41,6366092.0,12686989.353719
801016.SI,20240208,种植业,2208.14,2317.94,2184.54,2278.31,70.09,3.17,40524.0,262188.0,47.69,2.49,6568150.0,13080427.872535
801016.SI,20240219,种植业,2298.38,2329.42,2248.48,2286.37,8.05,0.35,31663.0,206426.0,47.85,2.5,6591365.0,13127298.503651
801016.SI,20240220,种植业,2274.15,2294.38,2243.95,2280.99,-5.38,-0.24,18528.0,119729.0,47.74,2.49,6575867.0,13092446.270456
801016.SI,20240221,种植业,2270.4,2342.46,2255.98,2301.07,20.08,0.88,27323.0,172039.0,48.16,2.51,6633766.0,13202703.014444
801016.SI,20240222,种植业,2297.83,2367.71,2283.47,2340.77,39.69,1.72,32617.0,187591.0,48.99,2.56,6748193.0,13398682.461337
801016.SI,20240223,种植业,2334.76,2354.89,2300.28,2345.37,4.6,0.2,27669.0,168531.0,49.09,2.56,6761460.0,13420834.701279
801016.SI,20240226,种植业,2342.01,2373.96,2315.42,2344.07,-1.3,-0.06,25635.0,165971.0,49.06,2.56,6757166.0,13402067.642287
801016.SI,20240227,种植业,2341.14,2387.54,2326.52,2381.76,37.69,1.61,26298.0,170776.0,49.85,2.6,6865826.0,13618263.158309
801016.SI,20240228,种植业,2385.78,2477.24,2323.33,2389.63,7.87,0.33,57174.0,381338.0,50.02,2.61,6888513.0,13628124.426186
801016.SI,20240229,种植业,2347.75,2452.41,2324.33,2429.33,39.69,1.66,54210.0,387489.0,50.85,2.65,7002939.0,13847809.071191
801016.SI,20240301,种植业,2416.76,2430.27,2378.0,2403.24,-26.09,-1.07,34431.0,250323.0,50.3,2.62,6927731.0,13712767.235116
801016.SI,20240304,种植业,2394.82,2433.06,2368.89,2397.81,-5.43,-0.23,29692.0,207488.0,50.19,2.62,6912088.0,13678035.034392
801016.SI,20240305,种植业,2390.86,2407.26,2346.44,2360.42,-37.39,-1.56,27786.0,199283.0,49.4,2.58,6804319.0,13500034.036078
801016.SI,20240306,种植业,2358.24,2377.65,2330.05,2351.87,-8.55,-0.36,19290.0,137690.0,49.23,2.57,6779662.0,13446226.720731
801016.SI,20240307,种植业,2352.3,2387.65,2336.02,2340.48,-11.39,-0.48,20860.0,147091.0,48.99,2.56,6746835.0,13384525.501694
801016.SI,20240308,种植业,2340.85,2363.15,2309.69,2344.0,3.51,0.15,18188.0,126486.0,49.06,2.56,6756962.0,13421523.946738
801016.SI,20240311,种植业,2336.99,2370.1,2328.21,2366.3,22.3,0.95,18035.0,124783.0,49.53,2.58,6821250.0,13531671.509639
801016.SI,20240312,种植业,2367.32,2405.35,2356.22,2400.0,33.7,1.42,26048.0,182356.0,50.23,2.62,6918405.0,13710591.10269
801016.SI,20240313,种植业,2425.49,2445.34,2363.77,2382.32,-17.68,-0.74,30581.0,219025.0,49.86,2.6,6867435.0,13612058.802394
801016.SI,20240314,种植业,2376.11,2407.85,2346.9,2363.1,-19.22,-0.81,27854.0,189911.0,49.46,2.58,6812042.0,13514929.747016
801016.SI,20240315,种植业,2368.36,2421.5,2358.08,2414.31,51.2,2.17,37654.0,225353.0,50.53,2.64,6959643.0,13825497.425784
801016.SI,20240318,种植业,2431.15,2464.39,2406.12,2454.09,39.79,1.65,53252.0,336637.0,51.36,2.68,7074335.0,14121068.325538
801016.SI,20240319,种植业,2441.1,2484.0,2423.65,2454.34,0.25,0.01,42311.0,287980.0,51.37,2.68,7075047.0,14091693.950458
801016.SI,20240320,种植业,2471.03,2498.66,2438.7,2460.04,5.7,0.23,33638.0,227502.0,51.49,2.69,7091479.0,14142971.574846
801016.SI,20240321,种植业,2450.8,2511.56,2442.18,2489.53,29.49,1.2,39424.0,276113.0,52.3,2.73,7202996.0,14367848.603964
801016.SI,20240322,种植业,2476.43,2488.14,2391.25,2402.18,-87.35,-3.51,37564.0,258402.0,50.47,2.63,6950253.0,13864507.488763
801016.SI,20240325,种植业,2394.38,2414.41,2355.95,2359.2,-42.98,-1.79,24375.0,164593.0,48.03,2.57,6825910.0,13628287.09029
801016.SI,20240326,种植业,2363.85,2384.47,2322.56,2354.01,-5.19,-0.22,20877.0,141236.0,49.05,2.56,6810906.0,13614725.950334
801016.SI,20240327,种植业,2348.07,2369.9,2309.45,2316.17,-37.85,-1.61,21483.0,139967.0,48.26,2.52,6701401.0,13406122.969887
801016.SI,20240328,种植业,2308.38,2353.68,2294.46,2328.06,11.89,0.51,22668.0,143016.0,48.51,2.53,6735815.0,13490273.854667
801016.SI,20240329,种植业,2329.3,2367.35,2313.95,2358.9,30.84,1.32,20690.0,139449.0,48.11,2.57,6825031.0,13678231.853595
801016.SI,20240401,种植业,2360.69,2400.51,2354.35,2390.87,31.97,1.36,22756.0,157999.0,48.76,2.61,6917531.0,13865620.473644
801016.SI,20240402,种植业,2385.28,2398.84,2358.26,2376.96,-13.91,-0.58,19689.0,134561.0,48.47,2.59,6877295.0,13784802.233934
801016.SI,20240403,种植业,2374.09,2413.11,2358.44,2405.0,28.04,1.18,24930.0,165929.0,49.05,2.62,6958412.0,13961602.941818
801016.SI,20240408,种植业,2400.92,2434.91,2365.49,2380.57,-24.43,-1.02,30900.0,208904.0,48.55,2.6,6887732.0,13860900.000853
801016.SI,20240409,种植业,2376.27,2419.94,2339.24,2407.17,26.6,1.12,27971.0,177694.0,49.09,2.63,6964694.0,14004368.959852
801016.SI,20240410,种植业,2395.47,2420.43,2327.95,2351.0,-56.16,-2.33,26707.0,179592.0,47.94,2.57,6802193.0,13704602.686885
801016.SI,20240411,种植业,2333.49,2377.82,2311.77,2356.15,5.15,0.22,21472.0,144933.0,48.05,2.57,6817091.0,13738525.487355
801016.SI,20240412,种植业,2341.88,2368.22,2300.48,2313.29,-42.86,-1.82,21545.0,144643.0,47.27,2.52,6693074.0,13516644.184608
801016.SI,20240415,种植业,2302.47,2333.73,2221.27,2263.93,-49.36,-2.13,30277.0,190788.0,46.27,2.47,6550271.0,13265353.898372
801016.SI,20240416,种植业,2252.38,2284.95,2163.43,2170.08,-93.85,-4.15,32320.0,206697.0,44.52,2.37,6278730.0,12781445.179291
801016.SI,20240417,种植业,2183.73,2252.18,2177.23,2242.68,72.6,3.35,26317.0,168501.0,46.01,2.45,6488789.0,13159908.345508
801016.SI,20240418,种植业,2240.1,2274.05,2208.93,2239.33,-3.35,-0.15,20311.0,134618.0,45.94,2.44,6479095.0,13161081.070127
801016.SI,20240419,种植业,2229.63,2304.94,2209.19,2284.61,45.28,2.02,29467.0,208098.0,48.85,2.48,6610111.0,13429709.473156
801016.SI,20240422,种植业,2269.64,2306.59,2237.16,2274.24,-10.38,-0.45,22303.0,159986.0,48.07,2.45,6617627.0,13360145.425959
801016.SI,20240423,种植业,2275.13,2299.13,2240.34,2255.85,-18.39,-0.81,20748.0,142495.0,48.46,2.43,6564124.0,13213752.580771
801016.SI,20240424,种植业,2255.15,2275.98,2223.43,2257.72,1.87,0.08,17409.0,122803.0,48.5,2.43,6569530.0,13243826.164637
801016.SI,20240425,种植业,2247.63,2270.97,2225.22,2248.3,-9.42,-0.42,17232.0,115280.0,47.66,2.41,6542117.0,13181498.015611
801016.SI,20240426,种植业,2238.76,2270.21,2218.03,2263.53,15.23,0.68,21884.0,143179.0,47.72,2.43,6586436.0,13277671.426607
801016.SI,20240429,种植业,2252.06,2301.87,2230.62,2288.65,25.11,1.11,27112.0,195130.0,43.54,2.38,6659512.0,13388736.106703
801016.SI,20240430,种植业,2290.43,2315.44,2243.02,2262.88,-25.77,-1.13,28967.0,197595.0,40.2,2.32,6584539.0,13223038.560251
801016.SI,20240506,种植业,2281.49,2335.6,2275.4,2320.12,57.24,2.53,29388.0,218664.0,47.21,2.38,6751110.0,13561968.05993
801016.SI,20240507,种植业,2326.63,2343.98,2303.01,2328.02,7.89,0.34,21284.0,160405.0,47.37,2.39,6774078.0,13613370.053086
801016.SI,20240508,种植业,2327.62,2360.46,2303.6,2330.93,2.91,0.12,24144.0,173349.0,47.43,2.39,6782541.0,13623914.712476
801016.SI,20240509,种植业,2330.29,2387.29,2318.67,2369.66,38.74,1.66,33497.0,220830.0,48.21,2.43,6895252.0,13849874.504141
801016.SI,20240510,种植业,2374.57,2424.12,2348.05,2367.29,-2.37,-0.1,34185.0,238135.0,48.17,2.43,6888367.0,13816779.211951
801016.SI,20240513,种植业,2354.16,2369.94,2301.76,2321.35,-45.95,-1.94,30812.0,199137.0,47.23,2.38,6754667.0,13584268.269351
801016.SI,20240514,种植业,2324.2,2373.29,2315.85,2343.57,22.22,0.96,25816.0,179680.0,47.68,2.41,6819322.0,13716173.214355
801016.SI,20240515,种植业,2335.2,2351.29,2305.66,2321.19,-22.38,-0.95,20910.0,142579.0,47.23,2.38,6754206.0,13581870.394161
801016.SI,20240516,种植业,2320.72,2347.52,2302.45,2317.65,-3.54,-0.15,21853.0,156560.0,47.16,2.38,6743906.0,13566011.864739
801016.SI,20240517,种植业,2314.26,2342.31,2290.96,2321.77,4.12,0.18,26512.0,161241.0,47.24,2.38,6755900.0,13603742.330235
801016.SI,20240520,种植业,2320.85,2364.92,2307.53,2341.56,19.79,0.85,27194.0,194067.0,47.64,2.4,6813488.0,13738819.283695
801016.SI,20240521,种植业,2339.91,2347.41,2289.58,2300.41,-41.16,-1.76,23980.0,173611.0,46.8,2.36,6693734.0,13509822.170706
801016.SI,20240522,种植业,2301.8,2313.07,2273.07,2290.68,-9.72,-0.42,17230.0,116873.0,46.61,2.35,6665443.0,13432718.804653
801016.SI,20240523,种植业,2288.52,2293.65,2231.9,2242.45,-48.23,-2.11,20604.0,141027.0,45.63,2.3,6525097.0,13146413.76223
801016.SI,20240524,种植业,2251.33,2295.03,2238.04,2251.61,9.16,0.41,25703.0,164964.0,45.81,2.31,6551752.0,13175791.470091
801016.SI,20240527,种植业,2240.31,2254.54,2194.7,2233.38,-18.23,-0.81,23720.0,157975.0,45.44,2.29,6498706.0,13115437.618549
801016.SI,20240528,种植业,2229.24,2252.8,2193.96,2214.06,-19.32,-0.86,25278.0,148868.0,45.05,2.27,6442497.0,13057550.794116
801016.SI,20240529,种植业,2207.26,2241.61,2195.68,2217.0,2.93,0.13,19098.0,112536.0,45.11,2.28,6451028.0,13083911.829112
801016.SI,20240530,种植业,2220.93,2248.24,2193.23,2208.45,-8.55,-0.39,26407.0,158095.0,44.93,2.27,6426147.0,13064872.592285
801016.SI,20240531,种植业,2202.27,2224.63,2189.96,2201.41,-7.04,-0.32,18992.0,117868.0,44.79,2.26,6405668.0,13008846.221933
801016.SI,20240603,种植业,2197.14,2207.18,2143.39,2162.58,-38.83,-1.76,21392.0,137069.0,44.0,2.22,6292678.0,12793294.71366
801016.SI,20240604,种植业,2153.02,2185.98,2122.03,2169.0,6.42,0.3,22015.0,134414.0,44.13,2.23,6311354.0,12890697.162356
801016.SI,20240605,种植业,2166.44,2186.47,2128.18,2132.43,-36.57,-1.69,19024.0,122270.0,43.39,2.19,6204955.0,12676462.888596
801016.SI,20240606,种植业,2139.59,2154.48,2053.55,2070.37,-62.06,-2.91,31195.0,176892.0,42.12,2.13,6024384.0,12370342.431113
801016.SI,20240607,种植业,2092.77,2154.33,2087.38,2139.32,68.95,3.33,33976.0,198439.0,43.53,2.2,6225016.0,12806098.424579
801016.SI,20240611,种植业,2121.31,2135.11,2070.44,2096.38,-42.94,-2.01,31361.0,178487.0,42.65,2.15,6100059.0,12505339.198581
801016.SI,20240612,种植业,2100.02,2120.71,2078.14,2101.85,5.47,0.26,24005.0,129658.0,42.76,2.16,6115988.0,12525849.040648
801016.SI,20240613,种植业,2093.48,2101.84,2044.88,2056.25,-45.61,-2.17,22724.0,130367.0,41.84,2.11,5983277.0,12237750.548906
801016.SI,20240614,种植业,2050.09,2076.17,2031.34,2067.5,11.25,0.55,18689.0,103745.0,42.07,2.13,6016009.0,12317819.496978
801016.SI,20240617,种植业,2056.49,2072.98,2031.91,2044.01,-23.48,-1.14,16267.0,87738.0,41.59,2.1,5947681.0,12159019.211403
801016.SI,20240618,种植业,2045.65,2069.89,2037.45,2056.17,12.16,0.59,14741.0,79625.0,41.91,2.12,5993684.0,12221631.382514
801016.SI,20240619,种植业,2051.19,2064.82,2025.24,2033.05,-23.12,-1.12,13062.0,75092.0,41.44,2.09,5926278.0,12086025.529601
801016.SI,20240620,种植业,2032.83,2046.58,1991.76,1997.95,-35.1,-1.73,15558.0,87546.0,40.72,2.06,5823954.0,11903229.725152
801016.SI,20240621,种植业,1993.08,2024.08,1980.37,2004.02,6.08,0.3,13465.0,71590.0,40.85,2.06,5841669.0,11924071.855168
801016.SI,20240624,种植业,1993.28,1999.07,1927.37,1942.64,-61.39,-3.06,18183.0,98691.0,39.6,2.0,5662732.0,11576714.519928
801016.SI,20240625,种植业,1945.85,1983.53,1937.06,1959.99,17.35,0.89,16829.0,91695.0,39.95,2.02,5713307.0,11691222.8755
801016.SI,20240626,种植业,1956.57,1992.38,1929.98,1987.05,27.06,1.38,16261.0,89900.0,40.5,2.05,5792199.0,11827592.526431
801016.SI,20240627,种植业,1977.63,1990.14,1944.21,1954.8,-32.25,-1.62,15204.0,80148.0,39.84,2.01,5698184.0,11616897.788419
801016.SI,20240628,种植业,1951.31,1991.35,1938.76,1955.47,0.67,0.03,15999.0,89280.0,39.86,2.01,5700147.0,11641561.897848
801016.SI,20240701,种植业,1953.93,2021.49,1945.33,2008.55,53.07,2.71,24409.0,124905.0,40.94,2.07,5854856.0,11955018.617762
801016.SI,20240702,种植业,2007.81,2059.92,1993.72,2032.17,23.62,1.18,30661.0,139425.0,41.42,2.09,5923722.0,12087244.679366
801016.SI,20240703,种植业,2034.39,2083.06,2014.87,2027.11,-5.06,-0.25,32066.0,136380.0,41.32,2.09,5908959.0,12049768.035448
801016.SI,20240704,种植业,2020.62,2040.01,1960.67,1974.66,-52.44,-2.59,28208.0,123388.0,40.25,2.03,5756092.0,11768559.743576
801016.SI,20240705,种植业,1964.81,1992.68,1938.36,1979.78,5.12,0.26,19423.0,86480.0,40.35,2.04,5771011.0,11799514.072285
801016.SI,20240708,种植业,1973.22,1983.01,1916.4,1923.59,-56.19,-2.84,19417.0,88550.0,39.21,1.98,5607214.0,11480278.857601
801016.SI,20240709,种植业,1923.04,1942.71,1872.63,1927.84,4.25,0.22,20786.0,102492.0,39.29,1.98,5619596.0,11505881.887405
801016.SI,20240710,种植业,1916.68,1935.88,1890.02,1915.87,-11.97,-0.62,14445.0,71940.0,39.05,1.97,5584713.0,11432582.750111
801016.SI,20240711,种植业,1937.52,1983.98,1932.62,1976.95,61.08,3.19,21943.0,105436.0,40.3,2.04,5762764.0,11771613.757371
801016.SI,20240712,种植业,1978.6,1997.96,1964.69,1980.63,3.68,0.19,17445.0,77879.0,40.37,2.04,5773490.0,11782851.917516
801016.SI,20240715,种植业,1978.3,1991.71,1948.44,1958.63,-22.0,-1.11,14278.0,68391.0,39.92,2.02,5709350.0,11672876.613483
801016.SI,20240716,种植业,1954.01,1975.96,1937.13,1954.27,-4.36,-0.22,13823.0,69735.0,39.83,2.01,5696643.0,11633927.692779
801016.SI,20240717,种植业,1955.66,1991.79,1942.75,1974.96,20.69,1.06,18083.0,91907.0,40.25,2.03,5756947.0,11740397.056852
801016.SI,20240718,种植业,1974.9,2001.89,1948.89,1996.46,21.5,1.09,20265.0,107901.0,40.69,2.06,5819629.0,11875611.342441
801016.SI,20240719,种植业,1987.01,1995.49,1951.41,1977.41,-19.05,-0.95,24445.0,121409.0,40.3,2.04,5764107.0,11772083.27552
801016.SI,20240722,种植业,1972.6,1982.01,1938.8,1953.7,-23.72,-1.2,17682.0,92497.0,39.82,2.01,5694977.0,11625874.736335
801016.SI,20240723,种植业,1949.54,1971.13,1908.29,1911.02,-42.68,-2.18,19088.0,94111.0,38.95,1.97,5570580.0,11358996.773277
801016.SI,20240724,种植业,1903.69,1918.17,1865.17,1874.94,-36.08,-1.89,19110.0,97810.0,38.22,1.93,5465409.0,11180486.092081
801016.SI,20240725,种植业,1865.89,1906.91,1851.38,1886.66,11.71,0.62,14456.0,78486.0,38.45,1.94,5499553.0,11244283.250119
801016.SI,20240726,种植业,1889.04,1921.8,1884.67,1916.31,29.65,1.57,12938.0,67479.0,39.06,1.97,5585977.0,11413815.348824
801016.SI,20240729,种植业,1918.58,1927.55,1892.06,1907.11,-9.2,-0.48,11448.0,58437.0,38.87,1.96,5559171.0,11350345.558949
801016.SI,20240730,种植业,1909.75,1948.14,1896.3,1934.32,27.21,1.43,15450.0,89251.0,39.43,1.99,5638500.0,11508686.017671
801016.SI,20240731,种植业,1932.18,1989.48,1924.25,1987.16,52.84,2.73,20913.0,111762.0,39.38,2.02,5631415.0,11462786.407215
801016.SI,20240801,种植业,1988.99,2010.02,1969.6,1983.99,-3.17,-0.16,17937.0,89767.0,39.31,2.01,5622437.0,11444350.662016
801016.SI,20240802,种植业,1975.53,2014.11,1968.2,1987.6,3.61,0.18,18310.0,96956.0,39.39,2.02,5632674.0,11473111.607811
801016.SI,20240805,种植业,1981.88,2023.8,1963.37,1971.37,-16.23,-0.82,21258.0,119716.0,39.06,2.0,5586678.0,11393005.905801
801016.SI,20240806,种植业,2022.37,2052.82,1987.04,2010.83,39.46,2.0,30402.0,150295.0,39.85,2.04,5698497.0,11598061.196114
801016.SI,20240807,种植业,2004.62,2016.14,1977.96,1991.24,-19.59,-0.97,20942.0,99423.0,39.46,2.02,5642977.0,11515008.72472
801016.SI,20240808,种植业,1987.87,2098.66,1979.98,2077.01,85.77,4.31,49997.0,236865.0,41.16,2.11,5886051.0,11939534.219215
801016.SI,20240809,种植业,2060.17,2095.41,2033.02,2048.23,-28.78,-1.39,48098.0,221166.0,40.59,2.08,5804488.0,11801805.985939
801016.SI,20240812,种植业,2035.59,2055.0,2015.95,2030.3,-17.94,-0.88,26675.0,122907.0,40.23,2.06,5753660.0,11730323.754511
801016.SI,20240813,种植业,2032.03,2051.89,2005.41,2030.75,0.46,0.02,23472.0,105385.0,40.24,2.06,5754957.0,11743680.89444
801016.SI,20240814,种植业,2027.57,2039.17,1998.77,2014.19,-16.56,-0.82,21818.0,94902.0,39.91,2.04,5708021.0,11638153.730399
801016.SI,20240815,种植业,2005.64,2048.44,1998.39,2029.66,15.47,0.77,28128.0,119934.0,40.22,2.06,5751852.0,11730564.410543
801016.SI,20240816,种植业,2025.71,2038.85,1988.6,1995.55,-34.11,-1.68,26128.0,118050.0,39.54,2.03,5655198.0,11567716.211724
801016.SI,20240819,种植业,1994.46,2042.54,1983.72,2020.62,25.07,1.26,36752.0,159190.0,40.04,2.06,5726232.0,11685528.051033
801016.SI,20240820,种植业,2009.3,2021.88,1965.03,1975.08,-45.54,-2.25,30401.0,133518.0,39.14,2.01,5597189.0,11451406.756068
801016.SI,20240821,种植业,1970.89,1981.12,1941.32,1951.46,-23.62,-1.2,20389.0,92535.0,38.67,1.99,5530259.0,11329674.128743
801016.SI,20240822,种植业,1950.94,1961.22,1901.01,1905.05,-46.42,-2.38,21153.0,98180.0,37.75,1.94,5398723.0,11084358.350052
801016.SI,20240823,种植业,1909.01,1926.17,1891.84,1908.64,3.59,0.19,15955.0,70411.0,37.82,1.95,5408901.0,11104629.96098
801016.SI,20240826,种植业,1908.8,1975.24,1903.73,1961.32,52.68,2.76,23857.0,116838.0,38.86,2.0,5558179.0,11413477.543401
801016.SI,20240827,种植业,1952.31,1992.25,1940.79,1958.56,-2.76,-0.14,21838.0,101367.0,38.81,2.0,5550370.0,11410109.925914
801016.SI,20240828,种植业,1950.06,1988.49,1932.88,1972.99,14.43,0.74,20355.0,98202.0,39.1,2.02,5591249.0,11510114.685284
801016.SI,20240829,种植业,1964.94,1979.32,1939.61,1959.5,-13.48,-0.68,18982.0,97431.0,38.83,2.06,5553045.0,11413133.866077
801016.SI,20240830,种植业,1958.5,2003.93,1935.9,1982.65,23.15,1.18,25609.0,129143.0,39.29,2.08,5618643.0,11526635.745497
801016.SI,20240902,种植业,1980.0,2014.47,1964.47,1975.89,-6.76,-0.34,24599.0,120915.0,34.15,2.08,5599483.0,11506020.820363
801016.SI,20240903,种植业,1969.3,2015.63,1957.38,2000.47,24.58,1.24,23140.0,118265.0,34.57,2.1,5669136.0,11644252.043197
801016.SI,20240904,种植业,1994.86,2044.63,1983.33,1995.57,-4.9,-0.24,27896.0,132595.0,34.53,2.1,5628265.0,11611196.186177
801016.SI,20240905,种植业,1993.13,2021.42,1984.32,2002.78,7.21,0.36,19269.0,88358.0,34.65,2.1,5648612.0,11649388.781435
801016.SI,20240906,种植业,1999.6,2019.1,1971.12,1979.2,-23.58,-1.18,17086.0,82878.0,34.25,2.08,5582104.0,11537395.484512
801016.SI,20240909,种植业,1975.04,2003.23,1955.33,1991.11,11.91,0.6,19153.0,91572.0,34.45,2.09,5615689.0,11607128.387746
801016.SI,20240910,种植业,1988.27,1997.91,1933.26,1967.77,-23.34,-1.17,18975.0,95727.0,34.05,2.07,5549856.0,11457084.880805
801016.SI,20240911,种植业,1958.84,1973.5,1933.0,1944.97,-22.8,-1.16,14007.0,67693.0,33.65,2.04,5485556.0,11337926.7942
801016.SI,20240912,种植业,1941.91,1982.39,1935.54,1961.28,16.32,0.84,18559.0,83411.0,33.94,2.06,5531572.0,11446876.927024
801016.SI,20240913,种植业,1959.14,1983.35,1933.87,1957.96,-3.32,-0.17,17368.0,87192.0,33.88,2.06,5522196.0,11420063.239707
801016.SI,20240918,种植业,1965.45,1975.66,1908.43,1933.99,-23.97,-1.22,19029.0,94669.0,33.46,2.03,5454596.0,11317299.201796
801016.SI,20240919,种植业,1940.35,2027.22,1933.35,2010.2,76.21,3.94,32124.0,167002.0,34.78,2.11,5669530.0,11737484.175417
801016.SI,20240920,种植业,2004.87,2014.42,1976.63,1993.05,-17.15,-0.85,20036.0,101447.0,34.49,2.09,5621153.0,11631122.26329
801016.SI,20240923,种植业,1989.25,1999.68,1954.22,1972.04,-21.01,-1.05,18813.0,110705.0,34.12,2.07,5561894.0,11475184.592365
801016.SI,20240924,种植业,1980.2,2040.24,1973.68,2038.65,66.61,3.38,30650.0,170575.0,35.27,2.14,5749763.0,11880478.646351
801016.SI,20240925,种植业,2062.36,2097.34,2036.67,2047.4,8.76,0.43,35063.0,191439.0,35.43,2.15,5774458.0,11912106.705003
801016.SI,20240926,种植业,2043.18,2118.91,2034.45,2115.8,68.4,3.34,34846.0,197129.0,36.61,2.22,5967364.0,12301558.76066
801016.SI,20240927,种植业,2141.76,2200.24,2118.88,2177.06,61.26,2.9,41411.0,242326.0,37.67,2.29,6140138.0,12621076.572077
801016.SI,20240930,种植业,2241.79,2389.64,2215.28,2372.8,195.74,8.99,90748.0,588434.0,41.06,2.49,6692206.0,13713292.334802
801016.SI,20241008,种植业,2626.2,2631.89,2349.8,2466.45,93.65,3.95,107269.0,759563.0,42.68,2.59,6956346.0,14214562.54678
801016.SI,20241009,种植业,2420.84,2434.16,2245.06,2258.9,-207.55,-8.42,71683.0,464058.0,39.09,2.37,6370962.0,13096270.499575
801016.SI,20241010,种植业,2275.41,2361.41,2258.9,2292.46,33.56,1.49,52761.0,320649.0,39.67,2.41,6465623.0,13265355.427192
801016.SI,20241011,种植业,2284.96,2297.31,2184.15,2208.11,-84.35,-3.68,37517.0,226713.0,38.21,2.32,6227710.0,12802031.995889
801016.SI,20241014,种植业,2222.46,2280.04,2199.62,2261.42,53.32,2.41,33689.0,209365.0,39.13,2.38,6378083.0,13110190.606879
801016.SI,20241015,种植业,2248.58,2306.69,2220.94,2243.11,-18.31,-0.81,36078.0,221233.0,38.81,2.36,6326438.0,12999364.164273
801016.SI,20241016,种植业,2228.11,2308.9,2214.43,2253.5,10.39,0.46,38358.0,247211.0,38.99,2.37,6355743.0,13049811.059238
801016.SI,20241017,种植业,2263.94,2295.08,2213.17,2225.97,-27.53,-1.22,36217.0,232211.0,38.52,2.34,6278084.0,12876639.168888
801016.SI,20241018,种植业,2222.59,2293.03,2192.61,2260.7,34.73,1.56,45884.0,286267.0,39.12,2.37,6376030.0,13075460.676884
801016.SI,20241021,种植业,2260.46,2333.31,2238.01,2292.52,31.83,1.41,54889.0,335142.0,39.67,2.41,6465793.0,13205646.048885
801016.SI,20241022,种植业,2297.59,2407.64,2281.67,2368.34,75.82,3.31,74756.0,467301.0,40.98,2.49,6679631.0,13610632.122604
801016.SI,20241023,种植业,2361.42,2406.05,2318.2,2383.5,15.15,0.64,62641.0,394949.0,41.24,2.5,6722373.0,13701802.297244
801016.SI,20241024,种植业,2371.36,2405.64,2331.54,2350.91,-32.59,-1.37,45483.0,282762.0,40.7,2.47,6634409.0,13535851.667031
801016.SI,20241025,种植业,2347.38,2436.43,2338.23,2398.17,47.26,2.01,58887.0,397754.0,41.52,2.52,6767786.0,13774074.461696
801016.SI,20241028,种植业,2406.71,2550.85,2398.9,2536.53,138.36,5.77,86379.0,641957.0,43.92,2.67,7158249.0,14479118.067579
801016.SI,20241029,种植业,2545.86,2610.37,2488.7,2538.2,1.67,0.07,95917.0,819804.0,43.94,2.65,7162969.0,14459443.840818
801016.SI,20241030,种植业,2524.91,2613.11,2480.12,2556.5,18.29,0.72,77374.0,684096.0,44.26,2.67,7214597.0,14581255.402258
801016.SI,20241031,种植业,2531.13,2610.53,2479.36,2559.42,2.92,0.11,79419.0,669559.0,44.31,2.68,7222848.0,14560936.798138
801016.SI,20241101,种植业,2534.95,2632.87,2489.31,2527.09,-32.33,-1.26,79650.0,631977.0,48.15,2.68,7131624.0,14399193.752603
801016.SI,20241104,种植业,2505.66,2526.79,2434.12,2476.71,-50.39,-1.99,56358.0,420920.0,47.19,2.63,6989422.0,14139428.871215
801016.SI,20241105,种植业,2470.16,2540.86,2454.92,2529.75,53.04,2.14,64213.0,471728.0,48.2,2.69,7139113.0,14457520.669501
801016.SI,20241106,种植业,2536.16,2738.0,2513.69,2720.02,190.27,7.52,143160.0,1077416.0,51.82,2.89,7676080.0,15405715.915769
801016.SI,20241107,种植业,2734.56,2822.19,2664.54,2721.06,1.04,0.04,159059.0,1206781.0,51.84,2.89,7679007.0,15438337.645893
801016.SI,20241108,种植业,2702.28,2754.45,2636.18,2663.12,-57.94,-2.13,106010.0,781455.0,50.74,2.83,7515506.0,15130102.582152
801016.SI,20241111,种植业,2639.26,2692.63,2586.23,2669.18,6.06,0.23,76965.0,578550.0,50.85,2.83,7532601.0,15121281.242583
801016.SI,20241112,种植业,2659.98,2697.59,2596.25,2620.19,-48.99,-1.84,61311.0,458916.0,49.92,2.78,7394345.0,14854029.692285
801016.SI,20241113,种植业,2622.32,2668.72,2570.52,2608.47,-11.72,-0.45,48218.0,343994.0,49.7,2.77,7361263.0,14807534.978881
801016.SI,20241114,种植业,2606.6,2638.36,2537.76,2548.19,-60.28,-2.31,52527.0,343423.0,48.55,2.71,7191150.0,14451641.96461
801016.SI,20241115,种植业,2538.95,2569.62,2465.02,2478.12,-70.07,-2.75,51919.0,342633.0,47.21,2.63,6993409.0,14057968.144743
801016.SI,20241118,种植业,2483.86,2506.96,2399.87,2413.34,-64.78,-2.61,42958.0,279046.0,45.98,2.56,6810607.0,13742756.139584
801016.SI,20241119,种植业,2420.97,2469.84,2403.35,2464.84,51.5,2.13,38221.0,240054.0,46.96,2.62,6955948.0,14020745.195464
801016.SI,20241120,种植业,2461.48,2524.69,2441.66,2507.57,42.73,1.73,45444.0,287373.0,47.77,2.66,7076530.0,14209286.978641
801016.SI,20241121,种植业,2501.16,2527.01,2462.59,2494.66,-12.91,-0.51,39669.0,247724.0,47.53,2.65,7040105.0,14139361.272831
801016.SI,20241122,种植业,2486.56,2517.4,2418.37,2426.14,-68.53,-2.75,47117.0,302227.0,46.22,2.58,6846722.0,13747809.027694
801016.SI,20241125,种植业,2424.16,2469.21,2386.51,2437.26,11.12,0.46,36707.0,233372.0,46.42,2.59,6866927.0,13806637.24979
801016.SI,20241126,种植业,2456.73,2516.9,2429.96,2438.43,1.17,0.05,42906.0,271768.0,46.44,2.59,6870227.0,13816216.165781
801016.SI,20241127,种植业,2422.87,2460.97,2368.37,2454.76,16.33,0.67,38587.0,243352.0,46.74,2.61,6910466.0,13912531.037329
801016.SI,20241128,种植业,2450.33,2548.76,2436.72,2518.04,63.28,2.58,63123.0,409129.0,47.95,2.68,7088602.0,14258273.40859
801016.SI,20241129,种植业,2505.94,2573.33,2484.79,2554.35,36.31,1.44,65214.0,413290.0,48.64,2.72,7190811.0,14438832.657695
801016.SI,20241202,种植业,2566.57,2679.12,2555.39,2658.08,103.73,4.06,96711.0,627041.0,50.61,2.83,7482833.0,15012171.410322
801016.SI,20241203,种植业,2671.96,2688.54,2572.29,2597.49,-60.59,-2.28,99695.0,608444.0,49.46,2.76,7312267.0,14661990.321642
801016.SI,20241204,种植业,2585.05,2630.52,2536.98,2552.71,-44.78,-1.72,64764.0,394920.0,48.61,2.72,7186210.0,14430732.033734
801016.SI,20241205,种植业,2542.43,2583.33,2520.33,2556.36,3.65,0.14,49365.0,294762.0,48.68,2.72,7196487.0,14442395.612917
801016.SI,20241206,种植业,2547.28,2617.31,2533.26,2589.8,33.44,1.31,59931.0,357786.0,49.31,2.76,7290615.0,14639452.070421
801016.SI,20241209,种植业,2584.32,2606.2,2540.26,2560.9,-28.9,-1.12,45616.0,288975.0,48.76,2.72,7209249.0,14473982.931311
801016.SI,20241210,种植业,2620.87,2642.65,2555.91,2563.39,2.49,0.1,60903.0,395047.0,48.81,2.73,7216265.0,14478334.339692
801016.SI,20241211,种植业,2559.22,2622.68,2553.57,2611.93,48.54,1.89,51489.0,326839.0,49.73,2.78,7352902.0,14748852.586824
801016.SI,20241212,种植业,2613.26,2674.24,2586.51,2662.13,50.2,1.92,65195.0,422996.0,50.69,2.83,7494226.0,15006617.117989
801016.SI,20241213,种植业,2643.13,2684.61,2603.87,2625.36,-36.77,-1.38,67106.0,457172.0,49.99,2.79,7390727.0,14784783.45446
801016.SI,20241216,种植业,2622.91,2693.08,2610.63,2652.14,26.78,1.02,68184.0,479285.0,50.5,2.82,7466105.0,14918095.966885
801016.SI,20241217,种植业,2644.14,2711.51,2566.29,2630.19,-21.95,-0.83,90057.0,638127.0,50.08,2.8,7404314.0,14792284.809032
801016.SI,20241218,种植业,2619.5,2692.54,2575.49,2644.44,14.25,0.54,81694.0,631565.0,50.35,2.81,7444422.0,14827314.450292
801016.SI,20241219,种植业,2613.1,2627.61,2523.52,2552.04,-92.4,-3.49,69627.0,496260.0,48.59,2.72,7184305.0,14354719.716591
801016.SI,20241220,种植业,2540.13,2590.37,2524.5,2552.75,0.71,0.03,45807.0,324836.0,48.61,2.72,7186307.0,14364230.65274
801016.SI,20241223,种植业,2543.19,2555.33,2427.6,2439.35,-113.39,-4.44,55496.0,362603.0,46.45,2.6,6867091.0,13814194.004879
801016.SI,20241224,种植业,2439.33,2462.87,2389.17,2432.9,-6.46,-0.26,41322.0,258064.0,46.32,2.59,6848919.0,13799175.524581
801016.SI,20241225,种植业,2433.63,2438.93,2352.99,2382.79,-50.11,-2.06,36059.0,216183.0,45.37,2.54,6707858.0,13555989.072389
801016.SI,20241226,种植业,2380.94,2419.12,2374.17,2398.25,15.46,0.65,29895.0,180860.0,45.66,2.55,6751387.0,13634036.476261
801016.SI,20241227,种植业,2398.64,2591.49,2386.3,2570.98,172.73,7.2,90522.0,675964.0,48.95,2.74,7237644.0,14514592.445319
801016.SI,20241230,种植业,2552.44,2562.21,2478.47,2505.31,-65.68,-2.55,66045.0,488904.0,47.7,2.67,7052754.0,14177605.490369
801016.SI,20241231,种植业,2508.66,2547.28,2456.86,2475.37,-29.94,-1.19,52205.0,365366.0,47.13,2.63,6968475.0,14011724.760817
801016.SI,20250102,种植业,2465.33,2524.07,2397.42,2421.27,-54.1,-2.19,50458.0,357495.0,46.1,2.58,6816169.0,13685005.530943
801016.SI,20250103,种植业,2421.34,2438.94,2308.54,2325.88,-95.39,-3.94,47150.0,315007.0,44.29,2.47,6547640.0,13185732.803614
801016.SI,20250106,种植业,2312.08,2349.75,2248.77,2296.16,-29.72,-1.28,34416.0,228231.0,43.72,2.44,6463982.0,13039961.398542
801016.SI,20250107,种植业,2298.55,2370.06,2283.7,2351.37,55.21,2.4,38897.0,260239.0,44.77,2.5,6619411.0,13320816.173075
801016.SI,20250108,种植业,2335.95,2352.9,2244.16,2301.12,-50.25,-2.14,43119.0,310031.0,43.82,2.45,6477940.0,13068597.336281
801016.SI,20250109,种植业,2289.13,2341.62,2274.36,2315.18,14.06,0.61,35999.0,246159.0,44.08,2.46,6517517.0,13150449.815972
801016.SI,20250110,种植业,2307.06,2349.82,2265.17,2271.97,-43.21,-1.87,37966.0,241969.0,43.26,2.42,6395880.0,12923448.064364
801016.SI,20250113,种植业,2246.9,2300.47,2225.49,2277.38,5.41,0.24,27791.0,180132.0,43.36,2.42,6411110.0,12961968.097157
801016.SI,20250114,种植业,2283.25,2352.07,2275.44,2346.96,69.58,3.06,39763.0,262059.0,44.69,2.5,6606993.0,13333876.718383
801016.SI,20250115,种植业,2338.08,2356.88,2306.01,2329.72,-17.24,-0.73,32656.0,210323.0,44.36,2.48,6558452.0,13221405.64054
801016.SI,20250116,种植业,2339.99,2401.14,2328.04,2359.68,29.96,1.29,42244.0,288816.0,44.93,2.51,6642798.0,13384999.487298
801016.SI,20250117,种植业,2347.51,2388.34,2328.74,2372.49,12.81,0.54,31282.0,216558.0,45.17,2.52,6678859.0,13460467.701931
801016.SI,20250120,种植业,2379.72,2395.07,2328.06,2349.15,-23.34,-0.98,32414.0,215090.0,44.73,2.5,6613160.0,13322222.703964
801016.SI,20250121,种植业,2361.2,2375.96,2298.5,2319.88,-29.27,-1.25,30354.0,197509.0,44.17,2.47,6530769.0,13187381.220902
801016.SI,20250122,种植业,2313.57,2332.64,2284.9,2304.09,-15.79,-0.68,22321.0,141027.0,43.87,2.45,6486313.0,13107328.030507
801016.SI,20250123,种植业,2331.98,2401.87,2311.05,2322.51,18.42,0.8,41811.0,297756.0,44.22,2.47,6538158.0,13216943.546503
801016.SI,20250124,种植业,2311.6,2345.76,2292.62,2331.8,9.29,0.4,30692.0,206960.0,44.4,2.48,6564316.0,13273400.850318
801016.SI,20250127,种植业,2339.36,2394.67,2332.17,2359.73,27.93,1.2,35454.0,240366.0,44.93,2.51,6642943.0,13419176.209504
801016.SI,20250205,种植业,2363.0,2419.34,2340.67,2393.56,33.83,1.43,40380.0,276141.0,45.58,2.55,6738171.0,13587942.59531
801016.SI,20250206,种植业,2384.05,2418.39,2357.39,2409.84,16.28,0.68,38266.0,254213.0,45.89,2.56,6783995.0,13666026.923892
801016.SI,20250207,种植业,2405.4,2438.7,2383.2,2421.26,11.42,0.47,42861.0,286022.0,46.1,2.58,6816151.0,13735054.511462
801016.SI,20250210,种植业,2416.0,2439.9,2405.44,2430.54,9.28,0.38,34140.0,222656.0,46.28,2.59,6842267.0,13769474.0
801016.SI,20250211,种植业,2426.39,2438.19,2390.73,2413.28,-17.25,-0.71,29707.0,196018.0,45.95,2.57,6793702.0,13697429.0
801016.SI,20250212,种植业,2407.14,2425.17,2386.95,2418.13,4.84,0.2,28207.0,187844.0,46.04,2.57,6807341.0,13721579.0
801016.SI,20250213,种植业,2413.42,2461.01,2405.36,2417.69,-0.44,-0.02,47003.0,305618.0,46.03,2.57,6806095.0,13708126.0
801016.SI,20250214,种植业,2410.97,2439.39,2391.53,2419.63,1.95,0.08,39071.0,252964.0,46.07,2.57,6811577.0,13718365.0
801016.SI,20250217,种植业,2432.2,2512.19,2418.4,2490.33,70.7,2.92,63188.0,435484.0,47.42,2.65,7010608.0,14064844.0
801016.SI,20250218,种植业,2481.43,2484.82,2395.66,2408.78,-81.55,-3.27,47305.0,309491.0,45.87,2.56,6781029.0,13633183.0
801016.SI,20250219,种植业,2410.98,2444.13,2396.77,2436.11,27.32,1.13,36200.0,242527.0,46.39,2.59,6857947.0,13774449.0
801016.SI,20250220,种植业,2428.16,2473.04,2402.87,2457.31,21.2,0.87,44156.0,307224.0,46.79,2.61,6917637.0,13886999.0
801016.SI,20250221,种植业,2455.02,2502.2,2436.79,2473.42,16.11,0.66,50858.0,367644.0,47.1,2.63,6962984.0,13977240.0
801016.SI,20250224,种植业,2570.35,2638.15,2485.65,2507.24,33.82,1.37,119873.0,923942.0,47.74,2.67,7058185.0,14139331.0
801016.SI,20250225,种植业,2454.31,2468.42,2400.3,2409.73,-97.5,-3.89,68877.0,490217.0,45.88,2.56,6783709.0,13612914.0
801016.SI,20250226,种植业,2405.01,2421.42,2377.58,2401.43,-8.31,-0.34,46408.0,311412.0,45.72,2.55,6760321.0,13574124.0
801016.SI,20250227,种植业,2399.45,2434.03,2379.09,2420.46,19.03,0.79,50504.0,294405.0,46.09,2.58,6813903.0,13664369.0
801016.SI,20250228,种植业,2413.48,2425.04,2363.41,2369.73,-50.73,-2.1,45947.0,280443.0,45.43,2.52,6671083.0,13400785.0
801016.SI,20250303,种植业,2378.61,2426.05,2363.35,2404.11,34.38,1.45,43962.0,278746.0,46.09,2.56,6767870.0,13573605.0
801016.SI,20250304,种植业,2405.08,2447.81,2376.55,2431.0,26.89,1.12,42658.0,299741.0,46.6,2.59,6843568.0,13745494.0
801016.SI,20250305,种植业,2443.86,2454.91,2377.17,2398.54,-32.46,-1.34,36147.0,243037.0,45.98,2.55,6752202.0,13549595.0
801016.SI,20250306,种植业,2392.86,2413.23,2374.78,2405.6,7.06,0.29,32602.0,222733.0,46.11,2.56,6772073.0,13600189.0
801016.SI,20250307,种植业,2397.82,2414.58,2367.02,2383.49,-22.11,-0.92,29318.0,198578.0,45.69,2.54,6709831.0,13491406.0
801016.SI,20250310,种植业,2388.19,2405.5,2360.65,2381.05,-2.44,-0.1,23801.0,163860.0,45.64,2.53,6702950.0,13477496.0
801016.SI,20250311,种植业,2361.44,2402.7,2343.62,2395.21,14.16,0.59,29082.0,189181.0,45.91,2.55,6742809.0,13543969.0
801016.SI,20250312,种植业,2388.8,2402.26,2367.02,2379.74,-15.47,-0.65,25310.0,165547.0,44.17,2.52,6699270.0,13463825.0
801016.SI,20250313,种植业,2389.15,2400.49,2352.76,2369.5,-10.24,-0.43,28006.0,181155.0,43.98,2.51,6670438.0,13382719.0
801016.SI,20250314,种植业,2378.37,2415.52,2372.13,2412.92,43.42,1.83,36981.0,235578.0,44.78,2.56,6792662.0,13606719.0
801016.SI,20250317,种植业,2423.97,2454.61,2403.85,2421.83,8.91,0.37,52837.0,322593.0,44.95,2.57,6817759.0,13651745.0
801016.SI,20250318,种植业,2425.35,2433.8,2397.6,2416.45,-5.38,-0.22,37840.0,226856.0,44.87,2.56,6810543.0,13622543.0
801016.SI,20250319,种植业,2419.95,2435.46,2390.94,2410.02,-6.43,-0.27,37082.0,225482.0,44.75,2.55,6792419.0,13596168.0
801016.SI,20250320,种植业,2403.54,2420.55,2388.43,2399.12,-10.89,-0.45,31522.0,190296.0,44.54,2.54,6761717.0,13553881.0
801016.SI,20250321,种植业,2392.17,2411.12,2354.46,2363.49,-35.63,-1.49,37085.0,233357.0,43.88,2.51,6661289.0,13392035.0
801016.SI,20250324,种植业,2363.06,2373.39,2304.77,2338.61,-24.88,-1.05,34260.0,203489.0,42.96,2.48,6591170.0,13274749.0
801016.SI,20250325,种植业,2337.93,2370.63,2317.55,2361.83,23.22,0.99,27341.0,174460.0,43.39,2.51,6656607.0,13431206.0
801016.SI,20250326,种植业,2356.55,2388.77,2343.32,2370.69,8.86,0.37,29297.0,183742.0,43.55,2.52,6681568.0,13459349.0
801016.SI,20250327,种植业,2363.85,2381.01,2339.38,2362.8,-7.89,-0.33,23406.0,148641.0,43.4,2.51,6659332.0,13425726.0
801016.SI,20250328,种植业,2362.35,2368.04,2315.13,2321.93,-40.87,-1.73,24721.0,146295.0,42.65,2.46,6545450.0,13199039.0
801016.SI,20250331,种植业,2320.58,2334.73,2275.03,2292.59,-29.34,-1.26,25086.0,153538.0,42.41,2.44,6462744.0,13027332.0
801016.SI,20250401,种植业,2295.34,2338.31,2291.17,2327.58,35.0,1.53,25864.0,151256.0,43.05,2.48,6561395.0,13218512.0
801016.SI,20250402,种植业,2325.92,2367.09,2310.9,2338.02,10.43,0.45,28616.0,168590.0,43.25,2.49,6590810.0,13328141.0
801016.SI,20250403,种植业,2343.18,2402.06,2328.12,2381.09,43.07,1.84,58286.0,365847.0,44.04,2.53,6712221.0,13520095.0
801016.SI,20250407,种植业,2437.21,2581.01,2375.65,2512.79,131.7,5.53,201503.0,1487371.0,46.48,2.68,7083484.0,14172181.0
801016.SI,20250408,种植业,2549.11,2788.2,2423.6,2764.7,251.91,10.03,238235.0,1910544.0,51.14,2.94,7793617.0,15516615.0
801016.SI,20250409,种植业,2823.28,3018.96,2661.32,2808.13,43.43,1.57,286353.0,2487137.0,51.94,2.99,7916034.0,15832726.0
801016.SI,20250410,种植业,2643.65,2909.28,2627.51,2816.61,8.48,0.3,250130.0,2157232.0,52.1,3.0,7939951.0,15878880.0
801016.SI,20250411,种植业,2747.04,2765.51,2593.7,2609.15,-207.47,-7.37,187420.0,1509456.0,48.26,2.78,7355112.0,14753794.0
801016.SI,20250414,种植业,2576.34,2702.51,2562.86,2644.73,35.58,1.36,159966.0,1246003.0,48.92,2.82,7455423.0,14933979.0
801016.SI,20250415,种植业,2629.96,2654.66,2552.37,2586.81,-57.92,-2.19,120407.0,915395.0,47.85,2.75,7292146.0,14579452.0
801016.SI,20250416,种植业,2568.08,2605.56,2473.09,2531.26,-55.55,-2.15,121117.0,884592.0,46.82,2.69,7135540.0,14289507.0
801016.SI,20250417,种植业,2510.15,2546.25,2481.55,2512.04,-19.21,-0.76,82883.0,578558.0,46.47,2.67,7081376.0,14200333.0
801016.SI,20250418,种植业,2502.68,2514.99,2436.5,2447.17,-64.87,-2.58,82311.0,557505.0,45.27,2.61,6898516.0,13840381.0
801016.SI,20250421,种植业,2441.7,2484.29,2429.58,2468.17,20.99,0.86,63152.0,428282.0,46.28,2.63,6957696.0,13965908.0
801016.SI,20250422,种植业,2462.68,2508.76,2449.62,2495.07,26.9,1.09,85788.0,563823.0,47.0,2.65,7033532.0,14094754.0
801016.SI,20250423,种植业,2475.0,2485.52,2416.19,2425.56,-69.51,-2.79,82325.0,583435.0,47.76,2.57,6837582.0,13718916.0
801016.SI,20250424,种植业,2421.85,2443.97,2389.63,2405.95,-19.61,-0.81,58861.0,382261.0,47.37,2.55,6782310.0,13625333.0
801016.SI,20250425,种植业,2403.01,2422.78,2384.36,2395.13,-10.82,-0.45,47965.0,305536.0,47.01,2.54,6751802.0,13582514.0
801016.SI,20250428,种植业,2398.25,2418.14,2349.67,2358.64,-36.49,-1.52,55148.0,360621.0,53.86,2.47,6648935.0,13375698.0
801016.SI,20250429,种植业,2349.22,2383.66,2334.06,2367.21,8.57,0.36,41023.0,267626.0,54.06,2.46,6673087.0,13415285.0
801016.SI,20250430,种植业,2366.56,2398.39,2357.48,2367.31,0.11,0.0,46775.0,305684.0,55.97,2.44,6673395.0,13415534.0
801016.SI,20250506,种植业,2376.07,2412.91,2371.15,2408.97,41.65,1.76,50113.0,329104.0,60.61,2.48,6790809.0,13646191.0
801016.SI,20250507,种植业,2420.13,2501.89,2403.52,2479.14,70.18,2.91,113061.0,772686.0,62.37,2.55,6988641.0,14007774.0
801016.SI,20250508,种植业,2450.85,2469.29,2419.43,2456.09,-23.06,-0.93,71068.0,473394.0,61.79,2.53,6923640.0,13880844.0
801016.SI,20250509,种植业,2457.99,2496.52,2430.66,2442.83,-13.25,-0.54,75235.0,472083.0,61.46,2.52,6886274.0,13791043.0
801016.SI,20250512,种植业,2423.01,2435.05,2388.42,2417.57,-25.26,-1.03,67397.0,435335.0,60.82,2.49,6815064.0,13677766.0
801016.SI,20250513,种植业,2419.26,2437.66,2395.84,2411.1,-6.47,-0.27,51279.0,331276.0,46.39,2.45,7383662.0,14590737.0
801016.SI,20250514,种植业,2409.0,2434.21,2394.52,2423.87,12.77,0.53,51928.0,322319.0,47.1,2.5,7490823.0,14829656.0
801016.SI,20250515,种植业,2417.94,2465.54,2395.86,2435.84,11.97,0.49,78243.0,516853.0,47.33,2.51,7527820.0,14874546.0
801016.SI,20250516,种植业,2433.21,2444.0,2391.55,2411.3,-24.55,-1.01,60761.0,388865.0,46.85,2.49,7451964.0,14726643.0
801016.SI,20250519,种植业,2418.07,2452.91,2399.21,2438.16,26.87,1.11,50811.0,350339.0,47.38,2.51,7534997.0,14900939.0
801016.SI,20250520,种植业,2439.64,2494.51,2429.65,2474.84,36.67,1.5,64204.0,453082.0,48.09,2.55,7648334.0,15084148.0
801016.SI,20250521,种植业,2472.03,2509.4,2445.78,2481.07,6.23,0.25,63455.0,448593.0,48.21,2.56,7667591.0,15114940.0
801016.SI,20250522,种植业,2470.18,2491.69,2433.13,2443.49,-37.57,-1.51,57896.0,385573.0,47.48,2.52,7551468.0,14891305.0
801016.SI,20250523,种植业,2432.46,2455.32,2390.23,2396.62,-46.87,-1.92,56224.0,380762.0,46.57,2.47,7406617.0,14583526.0
801016.SI,20250526,种植业,2395.67,2441.87,2384.98,2434.3,37.68,1.57,37837.0,279662.0,47.3,2.51,7523055.0,14791085.0
801016.SI,20250527,种植业,2438.17,2488.94,2424.85,2478.14,43.83,1.8,58461.0,459481.0,48.15,2.55,7658523.0,15012562.0
801016.SI,20250528,种植业,2481.75,2492.76,2430.1,2443.88,-34.26,-1.38,54015.0,447311.0,47.49,2.52,7552658.0,14827874.0
801016.SI,20250529,种植业,2436.08,2470.52,2417.07,2452.95,9.07,0.37,47681.0,365757.0,47.66,2.53,7580697.0,14881177.0
801016.SI,20250530,种植业,2443.52,2476.59,2421.21,2436.2,-16.76,-0.68,45754.0,351146.0,47.34,2.51,7528909.0,14793266.0
801016.SI,20250603,种植业,2423.21,2470.31,2412.23,2457.54,21.34,0.88,43338.0,311451.0,47.75,2.53,7594873.0,14923018.0
801016.SI,20250604,种植业,2455.85,2482.86,2428.12,2469.71,12.17,0.5,55143.0,349451.0,47.99,2.55,7632473.0,14998295.0
801016.SI,20250605,种植业,2465.67,2488.1,2441.7,2458.37,-11.34,-0.46,46348.0,315731.0,47.77,2.53,7597432.0,14925950.0
801016.SI,20250606,种植业,2453.16,2494.61,2445.16,2466.28,7.92,0.32,51881.0,329697.0,47.92,2.54,7621897.0,14997732.0
801016.SI,20250609,种植业,2459.96,2497.19,2449.58,2485.37,19.08,0.77,41717.0,305769.0,48.29,2.56,7680871.0,15099912.0
801016.SI,20250610,种植业,2485.4,2586.06,2443.27,2521.33,35.96,1.45,107005.0,770047.0,48.99,2.6,7792017.0,15281997.0
801016.SI,20250611,种植业,2490.43,2531.26,2477.51,2514.41,-6.92,-0.27,71445.0,480977.0,48.86,2.59,7770643.0,15243973.0
801016.SI,20250612,种植业,2504.7,2519.55,2461.44,2483.18,-31.24,-1.24,56256.0,389669.0,48.25,2.56,7674109.0,15064136.0
801016.SI,20250613,种植业,2475.84,2507.42,2446.56,2459.57,-23.61,-0.95,57751.0,400049.0,47.79,2.54,7601138.0,14949835.0
801016.SI,20250616,种植业,2459.99,2490.31,2440.2,2472.78,13.22,0.54,50672.0,344869.0,48.05,2.55,7641986.0,15021141.0
801016.SI,20250617,种植业,2470.19,2515.4,2457.31,2481.4,8.61,0.35,57323.0,391562.0,48.22,2.56,7668599.0,15067451.0
801016.SI,20250618,种植业,2473.78,2502.22,2444.77,2461.35,-20.04,-0.81,57298.0,385046.0,47.74,2.54,7612736.0,14947522.0
801016.SI,20250619,种植业,2454.67,2469.73,2397.75,2405.63,-55.73,-2.26,53380.0,356857.0,46.66,2.48,7440372.0,14643006.0
801016.SI,20250620,种植业,2409.71,2430.05,2385.31,2392.75,-12.88,-0.54,35501.0,241672.0,46.41,2.47,7400536.0,14585755.0
801016.SI,20250623,种植业,2386.74,2431.16,2368.36,2422.6,29.85,1.25,35915.0,247534.0,46.99,2.5,7492872.0,14781743.0
801016.SI,20250624,种植业,2418.86,2455.93,2407.42,2446.15,23.55,0.97,39697.0,273270.0,47.45,2.52,7565706.0,14907788.0
801016.SI,20250625,种植业,2448.44,2465.88,2416.55,2442.93,-3.22,-0.13,47675.0,321435.0,47.38,2.52,7555752.0,14897189.0
801016.SI,20250626,种植业,2439.35,2451.58,2419.69,2432.85,-10.08,-0.41,41660.0,269850.0,47.19,2.51,7524583.0,14832514.0
801016.SI,20250627,种植业,2430.94,2448.99,2415.64,2427.19,-5.66,-0.23,35044.0,228965.0,47.08,2.51,7507077.0,14792692.0
801016.SI,20250630,种植业,2425.97,2442.49,2414.03,2435.27,8.08,0.33,33188.0,225683.0,47.23,2.52,7532068.0,14833090.0
801016.SI,20250701,种植业,2434.1,2460.33,2425.21,2448.61,13.34,0.55,39617.0,265872.0,47.49,2.53,7573320.0,14914171.0
801016.SI,20250702,种植业,2448.3,2474.25,2433.97,2457.64,9.03,0.37,48451.0,306634.0,47.67,2.54,7601254.0,14996630.0
801016.SI,20250703,种植业,2456.3,2473.12,2441.73,2460.19,2.55,0.1,39240.0,267369.0,47.72,2.54,7609140.0,15003432.0
801016.SI,20250704,种植业,2459.69,2491.82,2440.34,2466.8,6.61,0.27,60530.0,402045.0,47.85,2.55,7629582.0,15033984.0
801016.SI,20250707,种植业,2463.57,2509.92,2447.41,2496.18,29.38,1.19,63974.0,452211.0,48.42,2.58,7720441.0,15195389.0
801016.SI,20250708,种植业,2488.27,2500.75,2468.85,2494.09,-2.08,-0.08,52400.0,364154.0,48.38,2.58,7713994.0,15184103.0
801016.SI,20250709,种植业,2490.14,2511.66,2469.35,2478.76,-15.34,-0.61,48409.0,335186.0,48.08,2.56,7666560.0,15101603.0
801016.SI,20250710,种植业,2479.92,2490.58,2460.29,2481.8,3.04,0.12,38750.0,262464.0,48.14,2.57,7675977.0,15136475.0
801016.SI,20250711,种植业,2479.59,2499.02,2467.29,2486.0,4.19,0.17,39485.0,276693.0,48.22,2.57,7688947.0,15165674.0
801016.SI,20250714,种植业,2481.78,2502.34,2469.3,2484.45,-1.55,-0.06,32076.0,230408.0,48.19,2.57,7684159.0,15145784.0
801016.SI,20250715,种植业,2479.81,2487.86,2421.33,2437.19,-47.26,-1.9,49959.0,350639.0,47.27,2.52,7537988.0,14862871.0
801016.SI,20250716,种植业,2437.13,2470.76,2430.98,2455.7,18.51,0.76,32415.0,221380.0,47.63,2.54,7595242.0,14971637.0
801016.SI,20250717,种植业,2455.27,2484.79,2445.81,2471.55,15.85,0.65,35896.0,237036.0,47.94,2.56,7644263.0,15081873.0
801016.SI,20250718,种植业,2475.21,2491.48,2460.51,2478.17,6.63,0.27,32837.0,223705.0,48.07,2.56,7664759.0,15120459.0
801016.SI,20250721,种植业,2475.4,2526.52,2467.53,2510.82,32.65,1.32,58623.0,390254.0,48.7,2.6,7765734.0,15315266.0
801016.SI,20250722,种植业,2511.68,2537.61,2482.91,2529.75,18.92,0.75,60186.0,411859.0,49.07,2.62,7824262.0,15439983.0
801016.SI,20250723,种植业,2532.54,2556.48,2496.28,2510.01,-19.74,-0.78,64971.0,450517.0,48.68,2.59,7763216.0,15303170.0
801016.SI,20250724,种植业,2515.12,2612.01,2504.18,2599.85,89.85,3.58,119222.0,790957.0,50.43,2.69,8041103.0,15857330.0
801016.SI,20250725,种植业,2608.18,2630.51,2547.98,2565.7,-34.15,-1.31,97304.0,642203.0,49.76,2.65,7935469.0,15632830.0
801016.SI,20250728,种植业,2576.91,2593.24,2540.87,2554.54,-11.16,-0.43,63456.0,439548.0,49.55,2.64,7900952.0,15548944.0
801016.SI,20250729,种植业,2557.21,2563.33,2500.24,2524.68,-29.86,-1.17,52768.0,376519.0,48.97,2.61,7808607.0,15375108.0
801016.SI,20250730,种植业,2518.46,2590.06,2507.46,2559.82,35.13,1.39,86687.0,644750.0,49.65,2.65,7917275.0,15585828.0
801016.SI,20250731,种植业,2554.51,2566.96,2500.36,2511.13,-48.69,-1.9,60952.0,444426.0,48.71,2.6,7766676.0,15293721.0
801016.SI,20250801,种植业,2505.46,2538.73,2492.28,2512.88,1.76,0.07,39649.0,291166.0,48.74,2.6,7772110.0,15297212.0
801016.SI,20250804,种植业,2501.9,2542.7,2488.52,2526.8,13.92,0.55,35294.0,271049.0,49.01,2.61,7815160.0,15380982.0
801016.SI,20250805,种植业,2530.04,2559.81,2518.07,2544.03,17.22,0.68,42808.0,300362.0,49.34,2.63,7868433.0,15473754.0
801016.SI,20250806,种植业,2539.6,2549.13,2517.34,2537.19,-6.84,-0.27,36366.0,258436.0,49.21,2.62,7847282.0,15427914.0
801016.SI,20250807,种植业,2534.33,2581.77,2522.15,2563.9,26.71,1.05,69617.0,508540.0,49.73,2.65,7929885.0,15588051.0
801016.SI,20250808,种植业,2556.31,2605.71,2544.59,2592.36,28.46,1.11,58039.0,435997.0,50.28,2.68,8017912.0,15742810.0
801016.SI,20250811,种植业,2585.85,2604.57,2558.36,2588.75,-3.6,-0.14,54160.0,423033.0,50.21,2.68,8006765.0,15717821.0
801016.SI,20250812,种植业,2583.19,2607.44,2562.61,2571.61,-17.15,-0.66,49359.0,365904.0,49.88,2.66,7953736.0,15612020.0
801016.SI,20250813,种植业,2575.49,2596.82,2553.47,2579.65,8.04,0.31,44836.0,347305.0,50.03,2.67,7978601.0,15652253.0
801016.SI,20250814,种植业,2577.68,2592.34,2529.19,2535.58,-44.07,-1.71,49652.0,369942.0,49.18,2.62,7842310.0,15412086.0
801016.SI,20250815,种植业,2532.64,2574.88,2525.99,2567.01,31.43,1.24,42920.0,329284.0,49.79,2.65,7939528.0,15585626.0
801016.SI,20250818,种植业,2572.39,2600.66,2557.93,2585.16,18.14,0.71,56215.0,412695.0,50.14,2.68,7995647.0,15697734.0
801016.SI,20250819,种植业,2585.64,2607.4,2566.18,2589.42,4.26,0.16,44734.0,335639.0,50.22,2.68,8008835.0,15724502.0
801016.SI,20250820,种植业,2574.43,2626.88,2551.98,2614.0,24.57,0.95,66298.0,518238.0,50.7,2.72,8084842.0,15873737.0
801016.SI,20250821,种植业,2615.35,2671.11,2602.48,2638.59,24.59,0.94,71968.0,547158.0,51.18,2.74,8160896.0,16012921.0
801016.SI,20250822,种植业,2634.94,2647.55,2596.2,2622.93,-15.66,-0.59,53596.0,410821.0,50.87,2.73,8112465.0,15922666.0
801016.SI,20250825,种植业,2626.23,2659.64,2600.85,2636.04,13.11,0.5,70129.0,551466.0,51.13,2.67,8153023.0,16017206.0
801016.SI,20250826,种植业,2636.23,2671.48,2615.55,2641.39,5.35,0.2,60453.0,470916.0,51.23,2.67,8169580.0,16059153.0
801016.SI,20250827,种植业,2638.79,2665.17,2585.54,2604.09,-37.31,-1.41,77931.0,574025.0,50.51,2.63,8054189.0,15807735.0
801016.SI,20250828,种植业,2593.51,2612.55,2518.35,2572.1,-31.98,-1.23,73214.0,541139.0,49.89,2.62,7955264.0,15648343.0
801016.SI,20250829,种植业,2566.25,2618.14,2555.01,2570.65,-1.45,-0.06,60445.0,438529.0,49.86,2.62,7950766.0,15639266.0
801016.SI,20250901,种植业,2570.28,2593.58,2539.61,2574.68,4.04,0.16,49435.0,351504.0,52.14,2.63,7963247.0,15677351.0
801016.SI,20250902,种植业,2574.72,2592.21,2532.82,2557.0,-17.68,-0.69,54881.0,387275.0,51.79,2.61,7908573.0,15565995.0
801016.SI,20250903,种植业,2555.55,2574.11,2494.23,2503.45,-53.55,-2.09,52505.0,356786.0,50.72,2.56,7731759.0,15264392.0
801016.SI,20250904,种植业,2502.81,2547.11,2484.32,2522.21,18.76,0.75,45911.0,321548.0,51.1,2.58,7789697.0,15378099.0
801016.SI,20250905,种植业,2523.13,2538.01,2481.63,2531.51,9.3,0.37,41042.0,281176.0,51.29,2.58,7818419.0,15446425.0
801016.SI,20250908,种植业,2530.13,2577.48,2522.03,2567.01,35.49,1.4,39958.0,289213.0,52.01,2.62,7928037.0,15667861.0
801016.SI,20250909,种植业,2558.78,2578.85,2524.96,2549.01,-17.99,-0.7,43120.0,300865.0,51.64,2.6,7872465.0,15585964.0
801016.SI,20250910,种植业,2546.9,2584.82,2532.77,2561.13,12.12,0.48,42531.0,285012.0,51.89,2.61,7909900.0,15631761.0
801016.SI,20250911,种植业,2559.72,2594.11,2543.2,2583.8,22.67,0.88,45104.0,315348.0,52.35,2.64,7979902.0,15763945.0
801016.SI,20250912,种植业,2583.91,2614.59,2563.94,2586.45,2.65,0.1,49236.0,354083.0,52.4,2.64,7988093.0,15786182.0
801016.SI,20250915,种植业,2588.23,2638.09,2572.59,2606.37,19.92,0.77,51133.0,401278.0,52.81,2.66,8049615.0,15905915.0
801016.SI,20250916,种植业,2597.03,2622.19,2567.0,2609.43,3.05,0.12,43841.0,337215.0,52.87,2.66,8059048.0,15908586.0
801016.SI,20250917,种植业,2605.01,2614.34,2574.04,2592.29,-17.14,-0.66,35522.0,263574.0,52.52,2.65,8006124.0,15796417.0
801016.SI,20250918,种植业,2590.74,2635.24,2545.97,2574.88,-17.41,-0.67,51105.0,401661.0,52.17,2.63,7952360.0,15675115.0
801016.SI,20250919,种植业,2573.58,2608.84,2553.97,2574.94,0.06,0.0,43553.0,309311.0,52.17,2.63,7952546.0,15675946.0
801016.SI,20250922,种植业,2578.75,2590.1,2529.0,2547.94,-27.0,-1.05,36529.0,260366.0,51.62,2.6,7869146.0,15534808.0
801016.SI,20250923,种植业,2546.73,2558.97,2471.67,2519.21,-28.72,-1.13,43838.0,302159.0,51.04,2.57,7780432.0,15357183.0
801016.SI,20250924,种植业,2510.62,2544.76,2495.78,2531.8,12.58,0.5,28334.0,205312.0,51.3,2.58,7819298.0,15437069.0
801016.SI,20250925,种植业,2531.26,2543.72,2495.41,2509.0,-22.8,-0.9,28982.0,212521.0,50.83,2.56,7748887.0,15301703.0
801016.SI,20250926,种植业,2511.14,2549.98,2497.31,2515.02,6.02,0.24,30628.0,225285.0,50.96,2.57,7767478.0,15338944.0
801016.SI,20250929,种植业,2513.15,2546.88,2479.47,2529.41,14.39,0.57,34131.0,264964.0,51.25,2.58,7811914.0,15426475.0
801016.SI,20250930,种植业,2528.47,2552.8,2508.77,2531.81,2.4,0.09,26986.0,201048.0,51.3,2.58,7819333.0,15472231.0
801016.SI,20251009,种植业,2533.07,2563.13,2502.73,2541.32,9.51,0.38,35764.0,256120.0,51.49,2.59,7848695.0,15522428.0
801016.SI,20251010,种植业,2539.18,2592.91,2527.16,2570.78,29.46,1.16,42936.0,297243.0,52.08,2.62,7939687.0,15699083.0
801016.SI,20251013,种植业,2605.78,2662.8,2556.52,2589.22,18.44,0.72,86307.0,650422.0,52.46,2.64,7996647.0,15798925.0
801016.SI,20251014,种植业,2569.44,2638.72,2551.16,2593.87,4.65,0.18,77087.0,557661.0,52.55,2.65,8010999.0,15839872.0
801016.SI,20251015,种植业,2579.22,2603.71,2546.53,2577.73,-16.14,-0.62,52717.0,387258.0,52.23,2.63,7961140.0,15735301.0
801016.SI,20251016,种植业,2579.81,2597.33,2544.53,2559.98,-17.74,-0.69,45131.0,324973.0,51.87,2.6,7906346.0,15656822.0
801016.SI,20251017,种植业,2560.25,2587.42,2522.29,2535.87,-24.11,-0.94,49547.0,347427.0,51.38,2.58,7831874.0,15522055.0
801016.SI,20251020,种植业,2539.64,2577.66,2519.89,2547.42,11.55,0.46,41184.0,291692.0,51.61,2.59,7867545.0,15598260.0
801016.SI,20251021,种植业,2544.87,2577.21,2526.28,2570.52,23.1,0.91,38514.0,254998.0,52.08,2.61,7938900.0,15741308.0
801016.SI,20251022,种植业,2565.43,2586.08,2538.25,2547.1,-23.43,-0.91,35386.0,253508.0,51.68,2.59,7878035.0,15588145.0
801016.SI,20251023,种植业,2543.16,2566.36,2524.81,2558.01,10.92,0.43,32206.0,229114.0,51.9,2.6,7911803.0,15689400.0
801016.SI,20251024,种植业,2563.77,2588.94,2538.27,2556.23,-1.79,-0.07,35846.0,269464.0,51.87,2.59,7906281.0,15663200.0
801016.SI,20251027,种植业,2555.31,2602.68,2537.11,2586.54,30.32,1.19,40440.0,311734.0,52.48,2.62,8000048.0,15820853.0
801016.SI,20251028,种植业,2583.73,2610.46,2568.29,2592.48,5.93,0.23,33146.0,280466.0,52.6,2.62,8018398.0,15848439.0
801016.SI,20251029,种植业,2589.74,2631.93,2570.49,2609.51,17.03,0.66,47999.0,338416.0,52.95,2.63,8071069.0,15958792.0
801016.SI,20251030,种植业,2603.52,2630.77,2576.55,2597.53,-11.97,-0.46,46564.0,326470.0,52.7,2.66,8034035.0,15881481.0
801016.SI,20251031,种植业,2592.41,2628.71,2577.36,2601.78,4.25,0.16,44724.0,318519.0,52.79,2.64,8047170.0,15905888.0
801016.SI,20251103,种植业,2606.76,2671.85,2589.59,2654.08,52.3,2.01,54634.0,368301.0,54.88,2.7,8208941.0,16232692.0
801016.SI,20251104,种植业,2654.44,2684.56,2624.04,2658.84,4.76,0.18,56799.0,394987.0,54.98,2.7,8223667.0,16256143.0
801016.SI,20251105,种植业,2646.0,2705.78,2632.45,2677.39,18.54,0.7,66354.0,439335.0,55.37,2.72,8281026.0,16361620.0
801016.SI,20251106,种植业,2674.51,2707.82,2642.18,2668.47,-8.92,-0.33,58149.0,401551.0,55.18,2.71,8253428.0,16292623.0
801016.SI,20251107,种植业,2678.94,2711.55,2648.66,2674.11,5.64,0.21,55572.0,387349.0,55.3,2.72,8270881.0,16363045.0
801016.SI,20251110,种植业,2672.56,2721.86,2641.09,2694.0,19.89,0.74,55314.0,399466.0,55.71,2.74,8332393.0,16511794.0
801016.SI,20251111,种植业,2693.05,2734.22,2670.15,2720.27,26.28,0.98,50277.0,375508.0,56.25,2.77,8413672.0,16638722.0
801016.SI,20251112,种植业,2725.22,2742.96,2690.17,2711.15,-9.13,-0.34,42127.0,303489.0,56.06,2.76,8385436.0,16574648.0
801016.SI,20251113,种植业,2707.34,2732.46,2679.62,2716.12,4.98,0.18,39164.0,283551.0,56.17,2.76,8400835.0,16614676.0
801016.SI,20251114,种植业,2710.36,2775.15,2701.43,2728.46,12.34,0.45,54854.0,387780.0,56.37,2.77,8443050.0,16695984.0
801016.SI,20251117,种植业,2738.91,2769.1,2698.55,2727.97,-0.5,-0.02,55397.0,395460.0,56.36,2.77,8441515.0,16684856.0
801016.SI,20251118,种植业,2725.34,2774.8,2667.11,2704.29,-23.68,-0.87,70332.0,529700.0,55.87,2.75,8368242.0,16532513.0
801016.SI,20251119,种植业,2701.61,2730.49,2655.21,2691.36,-12.93,-0.48,57271.0,419513.0,55.6,2.74,8328244.0,16445403.0
801016.SI,20251120,种植业,2692.8,2737.06,2661.23,2692.55,1.19,0.04,62998.0,441003.0,55.63,2.74,8331919.0,16459465.0
801016.SI,20251121,种植业,2717.17,2807.15,2667.8,2685.42,-7.13,-0.26,125781.0,1010787.0,55.48,2.73,8309862.0,16343530.0
801016.SI,20251124,种植业,2666.88,2742.46,2635.01,2673.42,-12.0,-0.45,89608.0,688067.0,55.23,2.72,8272734.0,16271226.0
801016.SI,20251125,种植业,2680.74,2702.43,2640.36,2675.52,2.09,0.08,72017.0,539925.0,55.27,2.72,8279213.0,16290984.0
801016.SI,20251126,种植业,2667.89,2714.59,2627.38,2650.13,-25.38,-0.95,73939.0,537173.0,54.75,2.69,8200667.0,16140428.0
801016.SI,20251127,种植业,2648.33,2675.46,2605.83,2626.19,-23.94,-0.9,57560.0,410481.0,54.26,2.67,8126590.0,15998776.0
801016.SI,20251128,种植业,2630.98,2703.12,2602.53,2692.85,66.65,2.54,73212.0,495823.0,55.63,2.74,8332848.0,16434161.0
801016.SI,20251201,种植业,2691.94,2741.28,2671.18,2702.96,10.11,0.38,62494.0,462583.0,55.84,2.75,8364128.0,16454094.0
801016.SI,20251202,种植业,2701.33,2742.93,2665.41,2725.79,22.84,0.84,65177.0,463657.0,56.31,2.77,8434793.0,16575683.0
801016.SI,20251203,种植业,2714.86,2747.92,2683.85,2698.05,-27.74,-1.02,57443.0,417165.0,55.74,2.74,8348951.0,16422911.0
801016.SI,20251204,种植业,2691.17,2702.53,2628.74,2639.77,-58.29,-2.16,53600.0,385068.0,54.54,2.68,8168585.0,16059724.0
801016.SI,20251205,种植业,2641.08,2695.72,2618.28,2681.18,41.41,1.57,53686.0,371719.0,55.39,2.73,8296739.0,16318825.0
801016.SI,20251208,种植业,2681.69,2713.84,2667.36,2687.2,6.02,0.22,46199.0,329385.0,55.52,2.73,8315360.0,16355446.0
801016.SI,20251209,种植业,2679.42,2700.7,2631.1,2654.79,-32.41,-1.21,52449.0,362255.0,54.85,2.7,8215085.0,16150252.0
801016.SI,20251210,种植业,2654.58,2731.31,2637.79,2715.51,60.72,2.29,90283.0,624697.0,56.1,2.76,8402982.0,16513200.0
801016.SI,20251211,种植业,2711.99,2732.61,2647.37,2657.14,-58.37,-2.15,78502.0,554542.0,54.89,2.7,8222345.0,16149283.0
801016.SI,20251212,种植业,2650.4,2679.91,2623.02,2639.96,-17.18,-0.65,65777.0,466581.0,54.54,2.68,8169184.0,16036783.0
801016.SI,20251215,种植业,2637.32,2669.02,2601.8,2637.56,-2.4,-0.09,51275.0,366096.0,54.49,2.68,8161746.0,16045050.0
801016.SI,20251216,种植业,2636.03,2667.64,2575.6,2595.33,-42.23,-1.6,55823.0,385434.0,53.62,2.64,8031070.0,15799364.0
801016.SI,20251217,种植业,2592.5,2611.21,2516.14,2569.22,-26.1,-1.01,61445.0,431156.0,53.08,2.61,7950299.0,15638900.0
801016.SI,20251218,种植业,2556.29,2606.19,2539.52,2572.46,3.24,0.13,44088.0,304088.0,53.14,2.62,7960323.0,15639231.0
801016.SI,20251219,种植业,2569.97,2669.26,2556.25,2649.92,77.46,3.01,77238.0,507814.0,54.75,2.69,8200011.0,16100933.0
801016.SI,20251222,种植业,2655.02,2735.21,2635.46,2715.41,65.48,2.47,91780.0,618717.0,56.1,2.76,8402649.0,16509999.0
801016.SI,20251223,种植业,2736.43,2783.45,2690.48,2708.88,-6.53,-0.24,108180.0,823287.0,55.96,2.75,8382442.0,16437450.0
801016.SI,20251224,种植业,2706.03,2739.3,2673.78,2717.04,8.16,0.3,72331.0,555262.0,56.13,2.76,8407703.0,16452327.0
801016.SI,20251225,种植业,2721.74,2756.88,2685.61,2717.84,0.8,0.03,58358.0,462680.0,56.15,2.76,8410174.0,16441199.0
801016.SI,20251226,种植业,2719.68,2800.89,2710.82,2762.08,44.24,1.63,86005.0,678676.0,56.88,2.81,8558345.0,16726952.0
801016.SI,20251229,种植业,2755.82,2800.87,2717.09,2741.82,-20.26,-0.73,70163.0,561779.0,56.46,2.79,8495568.0,16637251.0
801016.SI,20251230,种植业,2732.84,2778.76,2693.54,2719.33,-22.48,-0.82,67231.0,533897.0,56.0,2.76,8425898.0,16503687.0
801016.SI,20251231,种植业,2725.41,2746.4,2660.88,2694.91,-24.42,-0.9,67751.0,524942.0,55.5,2.74,8350243.0,16353822.0
801016.SI,20260105,种植业,2694.34,2714.16,2654.34,2678.09,-16.82,-0.62,66218.0,504665.0,54.98,2.72,8308698.0,16229933.0
801016.SI,20260106,种植业,2678.74,2748.09,2670.13,2717.56,39.47,1.47,66156.0,491210.0,55.79,2.76,8431138.0,16474292.0
801016.SI,20260107,种植业,2715.54,2772.06,2685.36,2726.4,8.85,0.33,64336.0,467527.0,55.85,2.77,8466295.0,16572052.0
801016.SI,20260108,种植业,2718.55,2770.93,2705.57,2745.38,18.97,0.7,54191.0,415595.0,56.24,2.79,8525217.0,16658622.0
801016.SI,20260109,种植业,2723.78,2798.63,2710.78,2765.09,19.71,0.72,87428.0,657773.0,56.64,2.81,8586425.0,16784347.0
801016.SI,20260112,种植业,2761.79,2809.34,2721.53,2768.05,2.96,0.11,83730.0,648696.0,56.7,2.81,8595625.0,16801382.0
801016.SI,20260113,种植业,2767.76,2806.1,2710.57,2731.7,-36.36,-1.31,75083.0,586957.0,55.96,2.78,8482723.0,16598014.0
801016.SI,20260114,种植业,2725.25,2768.01,2680.17,2716.13,-15.56,-0.57,71208.0,543577.0,55.64,2.76,8434390.0,16529034.0
801016.SI,20260115,种植业,2706.32,2749.3,2678.17,2707.17,-8.96,-0.33,51936.0,392740.0,55.45,2.75,8406578.0,16502874.0
801016.SI,20260116,种植业,2720.94,2753.2,2674.09,2688.96,-18.22,-0.67,55200.0,407792.0,55.08,2.73,8350009.0,16380415.0
801016.SI,20260119,种植业,2691.53,2784.08,2675.39,2761.81,72.86,2.71,75400.0,560823.0,56.57,2.81,8576254.0,16796914.0
801016.SI,20260120,种植业,2756.23,2769.07,2698.24,2733.27,-28.55,-1.03,55497.0,417683.0,55.99,2.78,8487605.0,16652230.0
801016.SI,20260121,种植业,2726.19,2759.02,2688.63,2729.01,-4.26,-0.16,50854.0,382536.0,56.2,2.8,8474388.0,16776856.0
801016.SI,20260122,种植业,2731.71,2789.0,2715.47,2773.02,44.0,1.61,54090.0,428688.0,57.11,2.85,8611037.0,17049502.0
801016.SI,20260123,种植业,2778.09,2822.61,2756.87,2800.18,27.16,0.98,58811.0,451888.0,57.67,2.88,8695388.0,17277221.0
801016.SI,20260126,种植业,2805.93,2859.87,2773.35,2827.49,27.31,0.98,84891.0,651398.0,58.23,2.9,8780198.0,17476131.0
801016.SI,20260127,种植业,2820.29,2840.48,2727.78,2778.27,-49.22,-1.74,63850.0,500663.0,57.22,2.85,8627346.0,17168315.0
801016.SI,20260128,种植业,2772.97,2932.19,2756.48,2887.6,109.33,3.94,126842.0,1018363.0,59.14,2.96,8987004.0,17874979.0
801016.SI,20260129,种植业,2892.56,3032.06,2859.13,2957.62,70.02,2.42,152736.0,1276222.0,60.57,3.04,9204927.0,18390487.0
801016.SI,20260130,种植业,2950.15,3177.81,2903.18,3064.53,106.91,3.61,221537.0,2032594.0,62.76,3.15,9537675.0,18903790.0
801016.SI,20260202,种植业,2933.2,3011.55,2828.98,2868.69,-195.84,-6.39,173828.0,1537405.0,58.58,2.95,8928161.0,17670422.0
801016.SI,20260203,种植业,2874.58,2923.53,2823.31,2889.34,20.65,0.72,113387.0,984600.0,59.0,2.97,8992432.0,17829695.0
801016.SI,20260204,种植业,2920.64,2980.43,2827.2,2901.03,11.69,0.4,138977.0,1201203.0,59.24,2.98,9028821.0,17951595.0
801016.SI,20260205,种植业,2865.63,2911.02,2800.32,2821.17,-79.86,-2.75,95658.0,797142.0,57.61,2.9,8780280.0,17461650.0
801016.SI,20260206,种植业,2801.45,2896.7,2783.06,2842.19,21.02,0.75,78072.0,664811.0,58.04,2.92,8845701.0,17596683.0
801016.SI,20260209,种植业,2854.18,2898.97,2826.04,2859.88,17.69,0.62,76012.0,640311.0,58.4,2.94,8900750.0,17699546.0
801016.SI,20260210,种植业,2852.86,2887.75,2800.36,2841.42,-18.47,-0.65,65195.0,568356.0,58.12,2.93,8848121.0,17552421.0
801016.SI,20260211,种植业,2841.62,2910.19,2822.41,2871.06,29.65,1.04,65374.0,533854.0,58.73,2.96,8940436.0,17800334.0
801016.SI,20260212,种植业,2870.49,2890.44,2813.08,2826.06,-45.0,-1.57,59422.0,485872.0,57.81,2.91,8800303.0,17540113.0
801016.SI,20260213,种植业,2829.78,2862.05,2802.33,2812.43,-13.63,-0.48,44494.0,361027.0,57.53,2.9,8757849.0,17439830.0
801016.SI,20260224,种植业,2840.07,2935.0,2827.49,2903.43,91.0,3.24,81026.0,657867.0,59.39,2.99,9041234.0,18035079.0
801016.SI,20260225,种植业,2909.09,3010.06,2897.77,2961.3,57.86,1.99,95389.0,789284.0,60.57,3.05,9221420.0,18405052.0
801016.SI,20260226,种植业,2962.05,3022.01,2912.03,2943.23,-18.06,-0.61,78358.0,657436.0,60.2,3.03,9165178.0,18269195.0
801016.SI,20260227,种植业,2938.87,3025.49,2909.24,3000.43,57.2,1.94,96878.0,747090.0,61.37,3.09,9343293.0,18594509.0
801016.SI,20260302,种植业,3015.82,3104.47,2976.59,3059.2,58.76,1.96,112458.0,1004901.0,62.58,3.15,9526277.0,18994363.0
801016.SI,20260303,种植业,3071.16,3199.83,3014.44,3066.85,7.66,0.25,190178.0,1562756.0,62.73,3.16,9550121.0,18935932.0
801016.SI,20260304,种植业,3058.96,3263.54,3023.94,3206.54,139.69,4.55,201536.0,1776710.0,65.59,3.3,9985099.0,19688895.0
801016.SI,20260305,种植业,3147.8,3183.92,3008.87,3034.56,-171.97,-5.36,193967.0,1553486.0,62.07,3.12,9449573.0,18704198.0
801016.SI,20260306,种植业,3017.9,3169.32,2983.34,3139.69,105.13,3.46,171536.0,1368512.0,64.28,3.23,9785523.0,19313882.0
801016.SI,20260309,种植业,3197.83,3301.21,3084.35,3131.36,-8.34,-0.27,176769.0,1499178.0,64.11,3.23,9759538.0,19375336.0
801016.SI,20260310,种植业,3084.38,3197.99,3060.7,3147.09,15.74,0.5,132360.0,1068764.0,64.43,3.24,9808585.0,19416033.0
801016.SI,20260311,种植业,3151.89,3225.77,3121.73,3198.13,51.04,1.62,107446.0,890672.0,65.48,3.29,9967661.0,19690088.0
801016.SI,20260312,种植业,3215.78,3301.74,3137.91,3235.5,37.37,1.17,126835.0,1071951.0,66.24,3.33,10084129.0,20014576.0
801016.SI,20260313,种植业,3233.97,3302.34,3147.09,3174.65,-60.85,-1.88,117477.0,984490.0,65.0,3.27,9894480.0,19603901.0
801016.SI,20260316,种植业,3174.92,3333.45,3137.83,3229.33,54.68,1.72,154200.0,1346680.0,66.11,3.33,10064902.0,19900484.0
801016.SI,20260317,种植业,3190.11,3269.47,3098.7,3115.25,-114.08,-3.53,124099.0,1044198.0,63.78,3.21,9709356.0,19231253.0
801016.SI,20260318,种植业,3108.56,3126.79,2998.26,3048.35,-66.9,-2.15,92686.0,735483.0,62.41,3.14,9500839.0,18811664.0
801016.SI,20260319,种植业,3066.73,3095.48,2950.81,2972.55,-75.8,-2.49,80839.0,653428.0,60.9,3.06,9270454.0,18364282.0
801016.SI,20260320,种植业,2965.61,3006.36,2892.47,2907.22,-65.33,-2.2,71834.0,581857.0,59.56,3.0,9066713.0,17969187.0
801016.SI,20260323,种植业,2866.47,2903.14,2728.16,2772.62,-134.6,-4.63,87863.0,694955.0,54.01,2.86,8646923.0,17215879.0
801016.SI,20260324,种植业,2803.87,2833.1,2716.98,2810.27,37.65,1.36,64854.0,495319.0,54.74,2.9,8764351.0,17399783.0
801016.SI,20260325,种植业,2811.5,2894.58,2788.54,2863.38,53.11,1.89,68017.0,514940.0,55.78,2.95,8929995.0,17695982.0
801016.SI,20260326,种植业,2857.16,2905.62,2791.72,2823.26,-40.12,-1.4,59900.0,465260.0,54.99,2.91,8804883.0,17501211.0
801016.SI,20260327,种植业,2799.49,2923.9,2782.34,2872.25,48.98,1.74,68735.0,547548.0,55.95,2.96,8957650.0,17802980.0
801016.SI,20260330,种植业,2842.85,3005.5,2825.46,2957.39,85.14,2.96,106820.0,926905.0,57.61,3.05,9223166.0,18339542.0
801016.SI,20260331,种植业,2942.69,2973.51,2814.38,2828.92,-128.47,-4.34,92099.0,737036.0,55.1,2.91,8822505.0,17521376.0
801016.SI,20260401,种植业,2860.63,2900.89,2802.76,2846.67,17.75,0.63,57663.0,463562.0,55.45,2.93,8877876.0,17588322.0
801016.SI,20260402,种植业,2845.6,2903.07,2805.01,2841.99,-4.68,-0.16,54556.0,463877.0,55.36,2.93,8863268.0,17624000.0
801016.SI,20260403,种植业,2841.73,2862.52,2720.0,2747.01,-94.97,-3.34,59819.0,488709.0,53.51,2.83,8567074.0,17030103.0
801016.SI,20260407,种植业,2753.98,2850.98,2712.43,2822.22,75.21,2.74,58735.0,474634.0,54.97,2.91,8801039.0,17514335.0
801016.SI,20260408,种植业,2803.84,2875.82,2788.62,2857.33,35.11,1.24,57115.0,481176.0,55.7,2.94,8879611.0,17702878.0
801016.SI,20260409,种植业,2853.97,2896.78,2814.23,2850.36,-6.97,-0.24,49633.0,427413.0,55.56,2.93,8857954.0,17691946.0
801016.SI,20260410,种植业,2854.89,2877.49,2811.59,2831.56,-18.8,-0.66,45764.0,396817.0,55.22,2.91,8799517.0,17560351.0
801016.SI,20260413,种植业,2837.45,2863.71,2790.72,2822.25,-9.31,-0.33,45229.0,359437.0,55.03,2.9,8768071.0,17506740.0
801016.SI,20260414,种植业,2823.51,2861.43,2780.88,2841.04,18.79,0.67,43009.0,354622.0,55.39,2.92,8826440.0,17605144.0
801016.SI,20260415,种植业,2837.75,2862.43,2789.88,2825.38,-15.66,-0.55,40532.0,341030.0,55.09,2.91,8777792.0,17494402.0
801016.SI,20260416,种植业,2826.64,2878.82,2793.03,2861.66,36.28,1.28,47748.0,382055.0,56.05,2.95,8890493.0,17692034.0
801016.SI,20260417,种植业,2851.12,2884.19,2804.83,2835.59,-26.07,-0.91,40615.0,329903.0,55.54,2.92,8809505.0,17521285.0
801016.SI,20260420,种植业,2845.62,2887.35,2817.42,2868.37,32.78,1.16,44614.0,372322.0,51.88,2.89,8911350.0,17733794.0
801016.SI,20260421,种植业,2870.11,2903.16,2812.73,2854.17,-14.2,-0.49,48090.0,373146.0,51.82,2.87,8867245.0,17663237.0
801016.SI,20260422,种植业,2851.38,2892.85,2805.05,2836.02,-18.15,-0.64,52718.0,480989.0,49.94,2.83,8810846.0,17586388.0
801016.SI,20260423,种植业,2835.23,2908.48,2789.84,2870.59,34.57,1.22,56096.0,517714.0,50.13,2.87,8918248.0,17821458.0
801016.SI,20260424,种植业,2863.66,2929.68,2824.99,2858.69,-11.9,-0.41,48549.0,519619.0,49.56,2.79,8881269.0,17714968.0
801016.SI,20260427,种植业,2854.5,2890.37,2787.83,2843.58,-15.11,-0.53,58812.0,520550.0,49.29,2.78,8834337.0,17644085.0
801016.SI,20260428,种植业,2844.45,2887.33,2808.79,2856.3,12.72,0.45,52123.0,458723.0,49.52,2.79,8873850.0,17733096.0
801016.SI,20260429,种植业,2834.89,2932.53,2813.01,2893.14,36.84,1.29,64466.0,613425.0,50.92,2.75,8996669.0,18042850.0
801016.SI,20260430,种植业,2882.63,2930.69,2848.94,2901.87,8.73,0.3,56793.0,501738.0,52.61,2.74,9070907.0,18112097.0
801016.SI,20260506,种植业,2910.18,2944.11,2870.21,2909.81,7.95,0.27,58674.0,510417.0,46.79,2.75,9095744.0,18198919.0
801016.SI,20260507,种植业,2906.3,2942.23,2856.54,2895.09,-14.72,-0.51,59490.0,495677.0,46.56,2.74,9049721.0,18110765.0
801016.SI,20260508,种植业,2894.66,2953.0,2878.21,2915.18,20.1,0.69,50220.0,423262.0,46.88,2.75,9112540.0,18238643.0
801016.SI,20260511,种植业,2923.09,2970.04,2887.83,2919.2,4.01,0.14,56346.0,469756.0,46.95,2.76,9125083.0,18226060.0
801016.SI,20260512,种植业,2919.43,2939.21,2844.38,2862.98,-56.22,-1.93,52615.0,424748.0,46.04,2.71,8949350.0,17900017.0
801016.SI,20260513,种植业,2869.56,2936.44,2842.77,2896.5,33.53,1.17,53323.0,418002.0,46.58,2.74,9054147.0,18164206.0
801016.SI,20260514,种植业,2894.31,2909.15,2817.47,2827.9,-68.61,-2.37,49615.0,383986.0,45.48,2.67,8839686.0,17717404.0
801016.SI,20260515,种植业,2819.63,2835.97,2735.31,2764.56,-63.33,-2.24,52605.0,410448.0,44.46,2.61,8641713.0,17295477.0
801016.SI,20260518,种植业,2755.71,2792.46,2699.56,2743.39,-21.17,-0.77,41388.0,334201.0,44.12,2.59,8575531.0,17186326.0
801016.SI,20260519,种植业,2745.54,2770.06,2681.8,2728.76,-14.63,-0.53,37375.0,293532.0,43.88,2.58,8529797.0,17090936.0
801016.SI,20260520,种植业,2714.02,2734.11,2638.28,2676.06,-52.7,-1.93,41844.0,309893.0,43.04,2.53,8365069.0,16742988.0
801016.SI,20260521,种植业,2678.13,2704.39,2572.99,2581.17,-94.89,-3.55,44714.0,337845.0,41.51,2.44,8068458.0,16136120.0
