ts_code,trade_date,name,open,high,low,close,change,pct_change,vol,amount,pe,pb,float_mv,total_mv
801043.SI,20180102,冶钢原料,4978.71,5097.02,4835.4,5070.62,114.02,2.3,16094.0,373736.0,62.79,4.44,3830844.0,9925023.0
801043.SI,20180103,冶钢原料,5143.18,5302.58,5101.5,5176.54,105.92,2.09,20406.0,512303.0,63.77,4.54,3910862.0,10180917.0
801043.SI,20180104,冶钢原料,5220.87,5604.65,5164.6,5583.43,406.89,7.86,26988.0,753284.0,69.21,4.89,4218267.0,10735513.0
801043.SI,20180105,冶钢原料,5620.76,5693.54,5489.14,5590.77,7.34,0.13,21753.0,620532.0,69.36,4.9,4223816.0,10735731.0
801043.SI,20180108,冶钢原料,5567.83,5819.51,5548.65,5630.73,39.96,0.71,20598.0,600526.0,69.98,4.93,4254005.0,10806331.0
801043.SI,20180109,冶钢原料,5689.47,5844.56,5581.91,5808.97,178.24,3.17,17538.0,531217.0,72.38,5.09,4388667.0,11033297.0
801043.SI,20180110,冶钢原料,5768.49,5806.45,5461.59,5561.44,-247.53,-4.26,20757.0,619292.0,69.03,4.87,4201661.0,10678294.0
801043.SI,20180111,冶钢原料,5504.7,5621.74,5399.25,5529.24,-32.2,-0.58,14604.0,432769.0,68.66,4.84,4177335.0,10633874.0
801043.SI,20180112,冶钢原料,5572.37,5714.23,5456.77,5650.35,121.11,2.19,16948.0,518855.0,70.32,4.95,4268833.0,10776188.0
801043.SI,20180115,冶钢原料,5593.91,5610.97,5147.58,5203.03,-447.32,-7.92,21437.0,620445.0,64.34,4.56,3930881.0,10091387.0
801043.SI,20180116,冶钢原料,5179.07,5278.42,5119.86,5256.35,53.32,1.02,13685.0,390604.0,64.99,4.61,3971159.0,10191320.0
801043.SI,20180117,冶钢原料,5206.69,5268.06,5070.37,5172.74,-83.61,-1.59,10587.0,288688.0,63.93,4.53,3907992.0,10078628.0
801043.SI,20180118,冶钢原料,5135.12,5319.41,5112.09,5244.64,71.9,1.39,10520.0,288998.0,64.82,4.59,3962314.0,10207511.0
801043.SI,20180119,冶钢原料,5247.05,5307.23,5044.92,5107.83,-136.81,-2.61,12126.0,340103.0,63.08,4.48,3858952.0,9977006.0
801043.SI,20180122,冶钢原料,5113.48,5325.07,5089.46,5294.06,186.23,3.65,11639.0,330931.0,65.57,4.64,3999648.0,10245062.0
801043.SI,20180123,冶钢原料,5257.45,5355.88,5189.45,5310.46,16.4,0.31,11040.0,302693.0,65.73,4.65,4012036.0,10306013.0
801043.SI,20180124,冶钢原料,5269.46,5286.82,5168.75,5216.56,-93.9,-1.77,9693.0,262188.0,64.48,4.57,3941095.0,10167525.0
801043.SI,20180125,冶钢原料,5193.86,5291.52,5125.41,5225.42,8.86,0.17,9445.0,246455.0,64.52,4.58,3947792.0,10213550.0
801043.SI,20180126,冶钢原料,5189.09,5266.93,5133.1,5151.65,-73.77,-1.41,6988.0,177443.0,63.59,4.51,3892061.0,10078476.0
801043.SI,20180129,冶钢原料,5142.4,5323.38,5109.67,5236.45,84.8,1.65,11613.0,306794.0,64.9,4.59,3956126.0,10167588.0
801043.SI,20180130,冶钢原料,5270.17,5524.06,5236.55,5427.69,191.24,3.65,18076.0,550310.0,67.43,4.76,4100604.0,10379549.0
801043.SI,20180131,冶钢原料,5364.92,5384.82,4933.95,4946.24,-481.45,-8.87,13688.0,374892.0,61.24,4.33,3736870.0,9617596.0
801043.SI,20180201,冶钢原料,4801.72,4904.88,4546.19,4592.84,-353.4,-7.14,17679.0,444018.0,56.76,4.02,3469878.0,8952854.0
801043.SI,20180202,冶钢原料,4625.57,4687.44,4305.08,4544.01,-48.83,-1.06,14794.0,360600.0,56.06,3.98,3432985.0,8896731.0
801043.SI,20180205,冶钢原料,4427.52,4576.8,4398.95,4504.28,-39.73,-0.87,8729.0,207503.0,55.58,3.95,3402970.0,8843564.0
801043.SI,20180206,冶钢原料,4375.72,4579.92,4284.55,4328.24,-176.04,-3.91,10388.0,241546.0,53.65,3.79,3269973.0,8362925.0
801043.SI,20180207,冶钢原料,4430.38,4499.9,4229.43,4355.02,26.78,0.62,9310.0,215641.0,53.99,3.82,3290208.0,8418086.0
801043.SI,20180208,冶钢原料,4324.83,4469.82,4320.61,4459.71,104.69,2.4,6933.0,160177.0,55.32,3.91,3369303.0,8582983.0
801043.SI,20180209,冶钢原料,4392.43,4507.79,4270.02,4354.15,-105.56,-2.37,12324.0,285575.0,54.99,3.79,3352823.0,8258353.0
801043.SI,20180212,冶钢原料,4380.42,4696.06,4344.04,4664.5,310.35,7.13,11305.0,280215.0,59.09,4.06,3591800.0,8720513.0
801043.SI,20180213,冶钢原料,4841.33,4873.61,4556.57,4584.64,-79.86,-1.71,14243.0,372108.0,57.94,3.66,3530308.0,8635689.0
801043.SI,20180214,冶钢原料,4620.47,4759.15,4537.95,4693.37,108.73,2.37,9543.0,227875.0,59.37,3.75,3614032.0,8889688.0
801043.SI,20180222,冶钢原料,4739.88,4918.53,4700.45,4830.16,136.79,2.91,12255.0,291683.0,60.99,3.86,3719365.0,9177473.0
801043.SI,20180223,冶钢原料,4890.32,4901.44,4738.75,4829.42,-0.74,-0.02,9840.0,236145.0,60.93,3.86,3718793.0,9160525.0
801043.SI,20180226,冶钢原料,4887.6,4992.65,4826.2,4971.87,142.45,2.95,12802.0,331780.0,62.73,3.97,3828481.0,9410151.0
801043.SI,20180227,冶钢原料,4936.3,4946.97,4798.66,4809.67,-162.2,-3.26,10203.0,263471.0,60.63,3.84,3703579.0,9147562.0
801043.SI,20180228,冶钢原料,4768.72,4900.56,4706.89,4840.76,31.09,0.65,8297.0,210686.0,61.07,3.86,3727524.0,9183266.0
801043.SI,20180301,冶钢原料,4779.13,5025.08,4772.49,4986.01,145.25,3.0,12690.0,339034.0,62.99,3.98,3839371.0,9403509.0
801043.SI,20180302,冶钢原料,4918.02,4968.72,4834.29,4855.26,-130.75,-2.62,9637.0,248500.0,61.26,3.88,3738691.0,9208993.0
801043.SI,20180305,冶钢原料,4865.97,4936.97,4457.37,4472.2,-383.06,-7.89,18185.0,466314.0,56.09,3.57,3443724.0,8677333.0
801043.SI,20180306,冶钢原料,4498.17,4612.45,4388.57,4568.69,96.49,2.16,12560.0,281516.0,57.34,3.65,3518022.0,8853986.0
801043.SI,20180307,冶钢原料,4531.06,4575.9,4452.87,4495.74,-72.95,-1.6,8707.0,191848.0,56.42,3.59,3461847.0,8740313.0
801043.SI,20180308,冶钢原料,4463.15,4581.42,4455.93,4550.39,54.65,1.22,7166.0,162437.0,56.76,3.63,3503928.0,8921911.0
801043.SI,20180309,冶钢原料,4548.77,4609.66,4506.92,4586.77,36.38,0.8,9376.0,213933.0,57.25,3.66,3531942.0,8972559.0
801043.SI,20180312,冶钢原料,4598.36,4718.75,4552.29,4695.35,108.58,2.37,12386.0,284358.0,58.72,3.75,3615550.0,9148063.0
801043.SI,20180313,冶钢原料,4665.89,4714.32,4604.55,4628.79,-66.56,-1.42,8003.0,177484.0,58.0,3.69,3564296.0,9018455.0
801043.SI,20180314,冶钢原料,4613.86,4720.91,4590.76,4641.32,12.53,0.27,7998.0,180875.0,58.16,3.7,3573945.0,9026854.0
801043.SI,20180315,冶钢原料,4614.41,4641.55,4475.43,4562.75,-78.57,-1.69,9179.0,202592.0,57.09,3.64,3513446.0,8901215.0
801043.SI,20180316,冶钢原料,4564.7,4623.48,4547.4,4558.43,-4.32,-0.09,5584.0,121558.0,56.99,3.64,3510118.0,8895081.0
801043.SI,20180319,冶钢原料,4543.0,4546.72,4465.88,4491.75,-66.68,-1.46,5332.0,114976.0,56.12,3.59,3458776.0,8774739.0
801043.SI,20180320,冶钢原料,4457.77,4487.04,4377.92,4464.0,-27.75,-0.62,6354.0,140071.0,55.67,3.56,3437409.0,8742227.0
801043.SI,20180321,冶钢原料,4468.75,4587.28,4445.87,4478.58,14.58,0.33,7233.0,157265.0,55.99,3.57,3448641.0,8728343.0
801043.SI,20180322,冶钢原料,4486.47,4607.36,4475.9,4564.2,85.62,1.91,7961.0,186500.0,57.16,3.64,3514567.0,8836909.0
801043.SI,20180323,冶钢原料,4359.12,4439.27,4112.5,4132.6,-431.6,-9.46,12835.0,270278.0,51.78,3.3,3182225.0,8021685.0
801043.SI,20180326,冶钢原料,4009.1,4233.47,3906.07,4220.64,88.04,2.13,8850.0,172648.0,52.84,3.37,3250019.0,8202253.0
801043.SI,20180327,冶钢原料,4267.27,4351.27,4245.74,4325.03,104.39,2.47,9829.0,164845.0,54.17,3.45,3330402.0,8388914.0
801043.SI,20180328,冶钢原料,4249.29,4399.34,4233.75,4341.46,16.43,0.38,8088.0,148058.0,54.31,3.47,3343051.0,8439126.0
801043.SI,20180329,冶钢原料,4348.71,4461.37,4288.45,4432.31,90.85,2.09,8850.0,181667.0,55.43,3.54,3413013.0,8615900.0
801043.SI,20180330,冶钢原料,4445.5,4498.79,4401.2,4447.76,15.45,0.35,6384.0,130610.0,55.57,3.55,3424909.0,8667329.0
801043.SI,20180402,冶钢原料,4433.14,4538.41,4380.08,4458.85,11.09,0.25,7893.0,171318.0,55.83,3.56,3433451.0,8644359.0
801043.SI,20180403,冶钢原料,4346.97,4402.1,4213.46,4329.05,-129.8,-2.91,8052.0,161536.0,54.12,3.46,3333504.0,8494760.0
801043.SI,20180404,冶钢原料,4337.18,4382.62,4238.9,4241.51,-87.54,-2.02,6130.0,122675.0,53.07,3.39,3266097.0,8323833.0
801043.SI,20180409,冶钢原料,4218.01,4327.28,4181.73,4287.19,45.68,1.08,7954.0,115089.0,53.74,3.42,3301271.0,8478403.0
801043.SI,20180410,冶钢原料,4286.89,4375.85,4253.06,4349.92,62.73,1.46,8145.0,136653.0,54.55,3.47,3349579.0,8523275.0
801043.SI,20180411,冶钢原料,4391.53,4412.77,4300.44,4319.31,-30.61,-0.7,6154.0,116436.0,54.15,3.45,3326013.0,8463448.0
801043.SI,20180412,冶钢原料,4307.66,4563.32,4284.01,4501.28,181.97,4.21,10815.0,255229.0,56.63,3.66,3466138.0,8715192.0
801043.SI,20180413,冶钢原料,4483.1,4533.01,4396.61,4441.39,-59.89,-1.33,8324.0,163859.0,55.87,3.61,3420017.0,8605965.0
801043.SI,20180416,冶钢原料,4414.48,4479.85,4304.98,4364.03,-77.36,-1.74,8368.0,157055.0,54.86,3.55,3360445.0,8581750.0
801043.SI,20180417,冶钢原料,4365.07,4443.88,4257.55,4272.61,-91.42,-2.09,9137.0,152104.0,53.63,3.47,3290049.0,8390283.0
801043.SI,20180418,冶钢原料,4286.66,4312.48,4112.25,4255.65,-16.96,-0.4,8471.0,138449.0,53.37,3.46,3276987.0,8313273.0
801043.SI,20180419,冶钢原料,4255.48,4416.17,4227.46,4369.17,113.52,2.67,9522.0,173074.0,54.8,3.55,3364398.0,8512997.0
801043.SI,20180420,冶钢原料,4331.85,4360.6,4179.76,4190.95,-178.22,-4.08,7764.0,145109.0,52.36,3.4,3227161.0,8186487.0
801043.SI,20180423,冶钢原料,4175.73,4286.97,4130.05,4232.47,41.52,0.99,5740.0,109322.0,53.07,3.44,3259136.0,8176241.0
801043.SI,20180424,冶钢原料,4233.32,4356.79,4227.59,4329.13,96.66,2.28,6711.0,140909.0,54.37,3.52,3333568.0,8341319.0
801043.SI,20180425,冶钢原料,4304.09,4379.09,4263.47,4345.91,16.78,0.39,6393.0,137961.0,54.64,3.53,3346484.0,8338285.0
801043.SI,20180426,冶钢原料,4341.18,4360.42,4187.76,4205.27,-140.64,-3.24,6019.0,123510.0,52.92,3.41,3238183.0,8058127.0
801043.SI,20180427,冶钢原料,4275.65,4305.89,4217.59,4238.5,33.23,0.79,4297.0,88208.0,53.35,3.4,3263775.0,8115435.0
801043.SI,20180502,冶钢原料,4348.09,4568.9,4322.44,4524.39,285.89,6.75,13789.0,355531.0,15.76,3.26,3483919.0,8485007.0
801043.SI,20180503,冶钢原料,4509.98,4714.32,4468.81,4609.47,85.08,1.88,14540.0,382997.0,16.06,3.32,3549435.0,8607212.0
801043.SI,20180504,冶钢原料,4606.42,4683.13,4535.97,4612.76,3.29,0.07,9683.0,253061.0,16.07,3.32,3551968.0,8585303.0
801043.SI,20180507,冶钢原料,4633.49,4740.12,4592.18,4705.63,92.87,2.01,9641.0,253500.0,16.4,3.39,3623480.0,8748697.0
801043.SI,20180508,冶钢原料,4722.27,4758.74,4643.04,4712.45,6.82,0.14,8562.0,213545.0,16.42,3.4,3628729.0,8792956.0
801043.SI,20180509,冶钢原料,4710.98,4977.29,4689.82,4885.28,172.83,3.67,13508.0,367279.0,17.03,3.52,3761812.0,9025333.0
801043.SI,20180510,冶钢原料,4931.3,4939.02,4830.07,4893.06,7.78,0.16,9030.0,240869.0,17.06,3.53,3767800.0,9042254.0
801043.SI,20180511,冶钢原料,4885.73,4933.8,4796.91,4807.68,-85.38,-1.74,7735.0,207098.0,16.75,3.46,3702056.0,8915484.0
801043.SI,20180514,冶钢原料,4770.81,4928.59,4753.01,4775.25,-32.43,-0.67,9620.0,252656.0,16.64,3.44,3677083.0,8834590.0
801043.SI,20180515,冶钢原料,4819.47,5022.51,4792.66,4995.94,220.69,4.62,11798.0,338685.0,17.43,3.6,3847019.0,9152324.0
801043.SI,20180516,冶钢原料,4966.26,5000.74,4862.54,4881.57,-114.37,-2.29,10209.0,272004.0,17.02,3.52,3758953.0,9006992.0
801043.SI,20180517,冶钢原料,4897.69,4942.36,4810.65,4889.13,7.56,0.15,7571.0,201506.0,17.05,3.52,3764775.0,8986918.0
801043.SI,20180518,冶钢原料,4923.6,4943.07,4842.27,4920.58,31.45,0.64,7268.0,191373.0,17.16,3.55,3788988.0,9036768.0
801043.SI,20180521,冶钢原料,4988.94,5024.81,4883.4,4976.64,56.06,1.14,8715.0,221362.0,17.35,3.59,3832151.0,9153244.0
801043.SI,20180522,冶钢原料,4978.44,5018.01,4867.26,4907.58,-69.06,-1.39,8591.0,232550.0,17.11,3.54,3778973.0,9069154.0
801043.SI,20180523,冶钢原料,4850.83,4897.37,4756.95,4779.29,-128.29,-2.61,8611.0,215589.0,16.65,3.44,3680183.0,8873954.0
801043.SI,20180524,冶钢原料,4787.01,4905.0,4719.71,4841.14,61.85,1.29,8567.0,204219.0,16.88,3.49,3727809.0,9005261.0
801043.SI,20180525,冶钢原料,4596.74,4631.28,4363.83,4371.14,-470.0,-9.71,10027.0,236107.0,15.2,3.82,3365901.0,8330384.0
801043.SI,20180528,冶钢原料,4388.55,4471.88,4331.78,4402.04,30.9,0.71,6582.0,148554.0,15.33,3.85,3389693.0,8324483.0
801043.SI,20180529,冶钢原料,4373.33,4420.88,4281.12,4337.49,-64.55,-1.47,6215.0,137010.0,15.1,3.79,3339988.0,8188216.0
801043.SI,20180530,冶钢原料,4268.97,4282.37,4092.01,4134.26,-203.23,-4.69,7324.0,155470.0,14.39,3.61,3183495.0,7783689.0
801043.SI,20180531,冶钢原料,4195.42,4230.99,4130.56,4201.75,67.49,1.63,5387.0,119795.0,14.63,3.67,3235462.0,7905382.0
801043.SI,20180601,冶钢原料,4178.64,4430.43,4158.29,4330.21,128.46,3.06,9000.0,220296.0,15.09,3.79,3334379.0,8047031.0
801043.SI,20180604,冶钢原料,4342.58,4395.12,4293.75,4340.84,10.63,0.25,5316.0,121675.0,15.13,3.8,3342561.0,8085760.0
801043.SI,20180605,冶钢原料,4338.55,4387.05,4274.16,4376.83,35.99,0.83,5799.0,133832.0,15.26,3.83,3370270.0,8158496.0
801043.SI,20180606,冶钢原料,4375.92,4410.36,4335.96,4363.44,-13.39,-0.31,4684.0,101581.0,15.2,3.81,3359962.0,8133003.0
801043.SI,20180607,冶钢原料,4394.12,4463.13,4370.4,4391.01,27.57,0.63,6349.0,150581.0,15.3,3.84,3381189.0,8171420.0
801043.SI,20180608,冶钢原料,4346.48,4360.94,4219.05,4257.17,-133.84,-3.05,6950.0,160487.0,14.83,3.72,3278127.0,7929403.0
801043.SI,20180611,冶钢原料,4225.17,4315.49,4169.74,4255.03,-2.14,-0.05,4409.0,101816.0,14.82,3.72,3276483.0,7914238.0
801043.SI,20180612,冶钢原料,4256.04,4375.9,4218.5,4348.62,93.59,2.2,6767.0,163178.0,15.16,3.8,3348553.0,8044288.0
801043.SI,20180613,冶钢原料,4343.01,4368.8,4248.78,4258.25,-90.37,-2.08,5200.0,120620.0,14.84,3.72,3278965.0,7874252.0
801043.SI,20180614,冶钢原料,4257.52,4351.38,4238.59,4281.1,22.85,0.54,4887.0,110391.0,14.93,3.74,3296560.0,7901418.0
801043.SI,20180615,冶钢原料,4285.62,4306.32,4110.09,4147.45,-133.65,-3.12,5991.0,125465.0,14.47,3.63,3193645.0,7597988.0
801043.SI,20180619,冶钢原料,4043.46,4093.2,3738.22,3790.84,-356.61,-8.6,9585.0,197161.0,13.21,3.31,2919049.0,6922005.0
801043.SI,20180620,冶钢原料,3775.9,3858.29,3691.3,3819.92,29.08,0.77,6498.0,129443.0,13.33,3.34,2941443.0,6979031.0
801043.SI,20180621,冶钢原料,3809.54,3946.49,3766.6,3803.34,-16.58,-0.43,7882.0,144856.0,13.28,3.33,2928677.0,6994708.0
801043.SI,20180622,冶钢原料,3728.12,3883.72,3689.25,3851.49,48.15,1.27,5456.0,100853.0,13.44,3.37,2965755.0,7086114.0
801043.SI,20180625,冶钢原料,3880.94,3901.21,3756.27,3777.68,-73.81,-1.92,5147.0,101121.0,13.18,3.3,2908919.0,6963586.0
801043.SI,20180626,冶钢原料,3703.41,3835.78,3657.02,3824.39,46.71,1.24,5091.0,93969.0,13.34,3.34,2944884.0,7038303.0
801043.SI,20180627,冶钢原料,3832.48,3855.99,3768.68,3782.21,-42.18,-1.1,3992.0,72131.0,13.19,3.31,2912404.0,6962451.0
801043.SI,20180628,冶钢原料,3798.81,3858.44,3743.14,3758.08,-24.13,-0.64,4183.0,80442.0,13.11,3.29,2893826.0,6914289.0
801043.SI,20180629,冶钢原料,3761.72,3869.03,3743.53,3858.49,100.41,2.67,5363.0,105521.0,13.46,3.37,2971143.0,7099667.0
801043.SI,20180702,冶钢原料,3854.7,3881.41,3725.15,3767.0,-91.49,-2.37,5265.0,101926.0,13.15,3.29,2900694.0,6944094.0
801043.SI,20180703,冶钢原料,3754.17,3828.13,3674.98,3815.76,48.76,1.29,5041.0,96720.0,13.31,3.34,2938237.0,7051534.0
801043.SI,20180704,冶钢原料,3796.27,3810.19,3687.89,3695.52,-120.24,-3.15,4112.0,78048.0,12.89,3.23,2845649.0,6850612.0
801043.SI,20180705,冶钢原料,3663.91,3711.16,3462.79,3472.0,-223.52,-6.05,6139.0,117509.0,12.1,3.04,2673529.0,6459755.0
801043.SI,20180706,冶钢原料,3484.37,3594.98,3433.22,3526.24,54.24,1.56,5529.0,102517.0,12.3,3.09,2715294.0,6551934.0
801043.SI,20180709,冶钢原料,3553.73,3835.0,3548.53,3797.5,271.26,7.69,7372.0,154608.0,13.27,3.33,2924167.0,6972886.0
801043.SI,20180710,冶钢原料,3812.03,3850.76,3758.22,3829.21,31.71,0.84,6421.0,130851.0,13.37,3.36,2948588.0,7036597.0
801043.SI,20180711,冶钢原料,3750.04,3774.28,3652.29,3754.54,-74.67,-1.95,5757.0,112123.0,13.12,3.29,2891094.0,6873203.0
801043.SI,20180712,冶钢原料,3759.66,3916.01,3756.13,3865.63,111.09,2.96,7736.0,158934.0,13.51,3.39,2976635.0,7093899.0
801043.SI,20180713,冶钢原料,3865.04,3936.35,3821.88,3911.54,45.91,1.19,6549.0,136346.0,13.67,3.43,3011988.0,7158303.0
801043.SI,20180716,冶钢原料,3898.41,3997.45,3856.63,3956.58,45.04,1.15,6424.0,138126.0,13.82,3.47,3046667.0,7218130.0
801043.SI,20180717,冶钢原料,3943.02,3978.76,3859.6,3933.47,-23.11,-0.58,5762.0,119491.0,13.73,3.45,3028869.0,7171716.0
801043.SI,20180718,冶钢原料,3932.64,4030.83,3909.76,3914.2,-19.27,-0.49,6431.0,145121.0,13.67,3.43,3014030.0,7141033.0
801043.SI,20180719,冶钢原料,3892.42,3940.46,3848.09,3867.3,-46.9,-1.2,4449.0,91383.0,13.5,3.39,2977916.0,7051768.0
801043.SI,20180720,冶钢原料,3863.59,3947.68,3854.64,3940.42,73.12,1.89,5050.0,103309.0,13.76,3.45,3034222.0,7194142.0
801043.SI,20180723,冶钢原料,3946.05,4032.99,3908.66,4015.45,75.03,1.9,6473.0,131806.0,14.03,3.52,3091995.0,7318070.0
801043.SI,20180724,冶钢原料,4029.24,4134.62,3987.53,4085.56,70.11,1.75,9028.0,183330.0,14.27,3.58,3145981.0,7464037.0
801043.SI,20180725,冶钢原料,4077.09,4118.5,3995.29,4039.47,-46.09,-1.13,7466.0,141693.0,14.1,3.54,3110491.0,7451028.0
801043.SI,20180726,冶钢原料,4050.44,4203.38,4040.14,4104.37,64.9,1.61,10334.0,230202.0,14.32,3.6,3160466.0,7516457.0
801043.SI,20180727,冶钢原料,4093.52,4104.35,4009.61,4029.73,-74.64,-1.82,5422.0,110807.0,14.06,3.53,3102989.0,7387857.0
801043.SI,20180730,冶钢原料,4024.11,4072.28,3927.83,3960.76,-68.97,-1.71,5206.0,102579.0,13.82,3.47,3049881.0,7287894.0
801043.SI,20180731,冶钢原料,3970.96,4033.42,3951.63,4010.59,49.83,1.26,4237.0,81429.0,13.99,3.51,3088251.0,7356552.0
801043.SI,20180801,冶钢原料,4026.97,4262.49,3948.96,4050.88,40.29,1.0,11339.0,269346.0,14.14,3.55,3119275.0,7366062.0
801043.SI,20180802,冶钢原料,4035.96,4132.78,3839.83,4105.23,54.35,1.34,10716.0,242476.0,14.35,3.6,3161128.0,7394505.0
801043.SI,20180803,冶钢原料,4100.99,4130.07,3987.07,4039.87,-65.36,-1.59,7308.0,143185.0,14.11,3.54,3110796.0,7330044.0
801043.SI,20180806,冶钢原料,4017.45,4056.79,3870.24,3902.88,-136.99,-3.39,8416.0,150496.0,13.62,3.42,3005309.0,7153488.0
801043.SI,20180807,冶钢原料,3904.32,3995.53,3788.38,3987.87,84.99,2.18,8133.0,148919.0,13.91,3.49,3070754.0,7319877.0
801043.SI,20180808,冶钢原料,3963.2,3988.96,3797.63,3813.96,-173.91,-4.36,8061.0,147359.0,13.29,3.34,2936839.0,7076384.0
801043.SI,20180809,冶钢原料,3763.54,3900.52,3738.79,3852.63,38.67,1.01,6892.0,123810.0,13.42,3.38,2966613.0,7144339.0
801043.SI,20180810,冶钢原料,3851.49,3896.45,3830.9,3866.09,13.46,0.35,4468.0,81128.0,13.47,3.39,2976982.0,7158393.0
801043.SI,20180813,冶钢原料,3809.03,3930.93,3773.29,3918.06,51.97,1.34,5232.0,102355.0,13.66,3.43,3016997.0,7223898.0
801043.SI,20180814,冶钢原料,3903.84,3962.78,3874.13,3916.6,-1.46,-0.04,4858.0,86663.0,13.65,3.43,3015874.0,7216842.0
801043.SI,20180815,冶钢原料,3906.89,3978.5,3839.3,3860.62,-55.98,-1.43,4925.0,92890.0,13.45,3.38,2972766.0,7121730.0
801043.SI,20180816,冶钢原料,3792.04,3893.85,3766.78,3798.48,-62.14,-1.61,5057.0,92435.0,13.23,3.33,2924914.0,7058462.0
801043.SI,20180817,冶钢原料,3843.58,3860.67,3681.16,3704.15,-94.33,-2.48,5208.0,95573.0,12.89,3.25,2852278.0,6917705.0
801043.SI,20180820,冶钢原料,3675.81,3763.85,3653.98,3754.42,50.27,1.36,5482.0,83439.0,13.05,3.29,2890986.0,6988652.0
801043.SI,20180821,冶钢原料,3764.89,3829.43,3726.48,3791.16,36.74,0.98,4861.0,78114.0,13.18,3.32,2919281.0,7050014.0
801043.SI,20180822,冶钢原料,3778.34,3850.88,3746.86,3807.58,16.42,0.43,5171.0,85283.0,13.22,3.34,2931929.0,7089015.0
801043.SI,20180823,冶钢原料,3798.84,3845.9,3746.58,3822.4,14.82,0.39,5388.0,84882.0,13.3,3.35,2943344.0,7090678.0
801043.SI,20180824,冶钢原料,3847.65,3900.68,3816.97,3831.71,9.31,0.24,6484.0,127465.0,13.33,3.07,2950513.0,7116163.0
801043.SI,20180827,冶钢原料,3730.81,3831.43,3674.96,3753.39,-78.32,-2.04,48123.0,273953.0,16.51,3.56,4224982.0,10248375.0
801043.SI,20180828,冶钢原料,3780.36,3800.53,3677.19,3723.86,-29.53,-0.79,33354.0,199847.0,16.39,3.53,4191740.0,10155527.0
801043.SI,20180829,冶钢原料,3692.91,3702.11,3572.82,3613.4,-110.46,-2.97,37002.0,195032.0,15.89,3.43,4067403.0,9879089.0
801043.SI,20180830,冶钢原料,3590.28,3629.29,3496.22,3509.25,-104.15,-2.88,29245.0,179073.0,15.43,3.32,3950166.0,9617765.0
801043.SI,20180831,冶钢原料,3489.65,3532.34,3422.19,3459.28,-49.97,-1.42,20925.0,131766.0,15.21,3.28,3893918.0,9475643.0
801043.SI,20180903,冶钢原料,3449.46,3481.63,3358.85,3438.61,-20.67,-0.6,20204.0,121960.0,8.08,3.26,3870653.0,9393958.0
801043.SI,20180904,冶钢原料,3425.88,3477.25,3402.89,3453.12,14.51,0.42,19632.0,116993.0,8.12,3.27,3886991.0,9421574.0
801043.SI,20180905,冶钢原料,3436.78,3442.55,3339.26,3348.73,-104.39,-3.02,16736.0,104850.0,7.87,3.18,3769485.0,9130114.0
801043.SI,20180906,冶钢原料,3339.55,3372.25,3275.25,3287.29,-61.44,-1.83,14871.0,95948.0,7.72,3.12,3700326.0,8961220.0
801043.SI,20180907,冶钢原料,3308.91,3405.66,3274.54,3336.59,49.3,1.5,27002.0,130848.0,7.84,3.16,3755822.0,9100978.0
801043.SI,20180910,冶钢原料,3355.39,3379.3,3290.72,3316.26,-20.33,-0.61,15442.0,94786.0,7.8,3.15,3732942.0,9063299.0
801043.SI,20180911,冶钢原料,3301.34,3336.59,3225.98,3265.74,-50.52,-1.52,14589.0,96044.0,7.68,3.1,3676072.0,8928427.0
801043.SI,20180912,冶钢原料,3270.42,3291.51,3232.2,3258.42,-7.32,-0.22,10435.0,68205.0,7.65,3.09,3667831.0,8905275.0
801043.SI,20180913,冶钢原料,3292.42,3388.78,3253.38,3355.73,97.31,2.99,25469.0,124894.0,7.89,3.18,3777369.0,9156416.0
801043.SI,20180914,冶钢原料,3350.07,3381.34,3312.5,3321.39,-34.34,-1.02,15767.0,98174.0,7.81,3.15,3738720.0,9035749.0
801043.SI,20180917,冶钢原料,3314.87,3356.56,3203.29,3250.86,-70.53,-2.12,16338.0,98100.0,7.64,3.08,3659330.0,8847448.0
801043.SI,20180918,冶钢原料,3239.87,3403.65,3209.27,3394.21,143.35,4.41,31161.0,156276.0,7.98,3.22,3820697.0,9234754.0
801043.SI,20180919,冶钢原料,3409.39,3536.48,3369.55,3501.77,107.56,3.17,64217.0,286140.0,8.24,3.32,3941767.0,9532168.0
801043.SI,20180920,冶钢原料,3502.35,3626.5,3478.78,3505.14,3.37,0.1,58236.0,265518.0,8.25,3.32,3945556.0,9540936.0
801043.SI,20180921,冶钢原料,3547.65,3692.21,3494.78,3640.08,134.94,3.85,49968.0,315370.0,8.58,3.45,4097450.0,9854368.0
801043.SI,20180925,冶钢原料,3600.63,3658.4,3566.46,3622.92,-17.16,-0.47,31529.0,185322.0,8.54,3.44,4078139.0,9819339.0
801043.SI,20180926,冶钢原料,3641.74,3691.2,3600.38,3645.62,22.7,0.63,31904.0,215248.0,8.6,3.46,4103694.0,9854371.0
801043.SI,20180927,冶钢原料,3668.59,3768.6,3632.5,3734.12,88.5,2.43,41428.0,222297.0,8.81,3.54,4203311.0,10098226.0
801043.SI,20180928,冶钢原料,3796.4,3895.19,3747.41,3841.54,107.42,2.88,56331.0,300252.0,9.08,3.64,4324234.0,10391094.0
801043.SI,20181008,冶钢原料,3801.33,3871.06,3683.67,3722.44,-119.1,-3.1,42909.0,251838.0,8.79,3.53,4190174.0,10124779.0
801043.SI,20181009,冶钢原料,3713.26,3765.97,3649.8,3704.33,-18.11,-0.49,35433.0,193962.0,8.74,3.51,4169792.0,10074131.0
801043.SI,20181010,冶钢原料,3729.65,3763.41,3610.27,3657.06,-47.27,-1.28,37183.0,198640.0,8.63,3.47,4116584.0,9939924.0
801043.SI,20181011,冶钢原料,3523.12,3596.6,3335.66,3389.6,-267.46,-7.31,48254.0,285842.0,8.01,3.21,3815518.0,9211537.0
801043.SI,20181012,冶钢原料,3332.14,3458.43,3233.64,3392.87,3.27,0.1,36935.0,218318.0,8.03,3.22,3819195.0,9245917.0
801043.SI,20181015,冶钢原料,3368.97,3414.1,3241.47,3245.56,-147.31,-4.34,45122.0,215290.0,7.67,3.08,3653377.0,8815834.0
801043.SI,20181016,冶钢原料,3240.2,3278.96,3076.9,3154.49,-91.07,-2.81,38654.0,183606.0,7.46,2.99,3550865.0,8579381.0
801043.SI,20181017,冶钢原料,3201.17,3221.44,3031.82,3155.89,1.4,0.04,32242.0,166606.0,7.45,2.99,3552445.0,8586424.0
801043.SI,20181018,冶钢原料,3125.62,3202.66,3060.97,3088.68,-67.21,-2.13,28588.0,142640.0,7.3,2.93,3476787.0,8385320.0
801043.SI,20181019,冶钢原料,3046.07,3262.21,3014.49,3232.22,143.54,4.65,41473.0,206342.0,7.64,3.07,3638360.0,8760633.0
801043.SI,20181022,冶钢原料,3232.58,3501.27,3224.99,3429.4,197.18,6.1,44770.0,262086.0,8.12,3.25,3860315.0,9286574.0
801043.SI,20181023,冶钢原料,3420.86,3484.13,3297.08,3339.69,-89.71,-2.62,37494.0,211371.0,7.9,3.17,3759333.0,9067619.0
801043.SI,20181024,冶钢原料,3327.15,3405.1,3280.64,3334.82,-4.87,-0.15,25964.0,140246.0,7.89,3.16,3753848.0,9057435.0
801043.SI,20181025,冶钢原料,3200.04,3285.8,3106.47,3242.87,-91.95,-2.76,33422.0,162156.0,7.66,3.08,3650349.0,8800882.0
801043.SI,20181026,冶钢原料,3287.92,3362.89,3227.48,3282.13,39.26,1.21,22413.0,155011.0,7.76,3.02,3694543.0,8886022.0
801043.SI,20181029,冶钢原料,3250.2,3295.58,3179.44,3219.36,-62.77,-1.91,15600.0,102068.0,7.61,2.79,3623885.0,8707021.0
801043.SI,20181030,冶钢原料,3210.49,3381.79,3190.88,3358.07,138.71,4.31,34476.0,175986.0,7.94,2.91,3780019.0,9084179.0
801043.SI,20181031,冶钢原料,3379.66,3506.11,3338.65,3404.08,46.01,1.37,37959.0,228001.0,8.05,2.94,3831814.0,9195048.0
801043.SI,20181101,冶钢原料,3428.43,3468.83,3347.52,3365.4,-38.68,-1.14,30141.0,191581.0,7.96,2.91,3788269.0,9098959.0
801043.SI,20181102,冶钢原料,3403.44,3573.51,3384.87,3518.97,153.57,4.56,43772.0,284140.0,8.33,3.04,3961139.0,9487657.0
801043.SI,20181105,冶钢原料,3487.38,3522.34,3412.89,3496.41,-22.56,-0.64,30069.0,197212.0,8.27,3.02,3935742.0,9468128.0
801043.SI,20181106,冶钢原料,3473.23,3530.76,3426.23,3498.11,1.7,0.05,24957.0,158062.0,8.28,3.02,3937661.0,9516832.0
801043.SI,20181107,冶钢原料,3516.64,3623.36,3463.78,3473.24,-24.87,-0.71,34407.0,223830.0,8.21,3.0,3909668.0,9438072.0
801043.SI,20181108,冶钢原料,3511.1,3529.78,3406.02,3427.36,-45.88,-1.32,24657.0,146044.0,8.1,2.96,3858022.0,9302711.0
801043.SI,20181109,冶钢原料,3410.74,3443.38,3356.51,3394.74,-32.62,-0.95,15470.0,98682.0,8.03,2.93,3821306.0,9223206.0
801043.SI,20181112,冶钢原料,3370.85,3447.6,3350.93,3435.75,41.01,1.21,19946.0,116435.0,8.12,2.97,3867468.0,9340615.0
801043.SI,20181113,冶钢原料,3372.67,3512.25,3343.9,3465.91,30.16,0.88,32087.0,184745.0,8.19,2.99,3901411.0,9442173.0
801043.SI,20181114,冶钢原料,3439.74,3496.84,3396.4,3416.06,-49.85,-1.44,21157.0,133548.0,8.04,2.95,3845301.0,9371583.0
801043.SI,20181115,冶钢原料,3410.41,3478.83,3391.78,3463.25,47.19,1.38,17269.0,129730.0,8.12,2.99,3898423.0,9555833.0
801043.SI,20181116,冶钢原料,3469.05,3509.24,3429.02,3451.43,-11.82,-0.34,21328.0,154720.0,8.09,2.98,3885116.0,9550804.0
801043.SI,20181119,冶钢原料,3436.58,3537.02,3402.28,3509.9,58.47,1.69,21933.0,175778.0,8.25,3.03,3950936.0,9713722.0
801043.SI,20181120,冶钢原料,3465.06,3499.16,3388.33,3392.9,-117.0,-3.33,18878.0,159746.0,7.97,2.93,3819236.0,9406934.0
801043.SI,20181121,冶钢原料,3331.84,3428.79,3287.13,3378.66,-14.24,-0.42,20171.0,129369.0,7.94,2.92,3803205.0,9375092.0
801043.SI,20181122,冶钢原料,3376.09,3392.87,3309.06,3332.09,-46.57,-1.38,14009.0,95870.0,7.83,2.88,3750786.0,9228838.0
801043.SI,20181123,冶钢原料,3279.47,3289.29,3123.37,3141.97,-190.12,-5.71,20456.0,154798.0,7.38,2.71,3536779.0,8723192.0
801043.SI,20181126,冶钢原料,3111.49,3184.05,3075.62,3107.69,-34.28,-1.09,13820.0,81864.0,7.25,2.69,3559759.0,8621427.0
801043.SI,20181127,冶钢原料,3129.17,3157.89,3088.09,3124.99,17.3,0.56,11344.0,68142.0,7.28,2.7,3579579.0,8658634.0
801043.SI,20181128,冶钢原料,3119.5,3169.64,3061.25,3153.89,28.9,0.92,11819.0,74509.0,7.34,2.73,3612680.0,8745534.0
801043.SI,20181129,冶钢原料,3171.0,3219.98,3110.56,3111.67,-42.22,-1.34,15907.0,92799.0,7.25,2.69,3564314.0,8606772.0
801043.SI,20181130,冶钢原料,3098.59,3161.15,3058.03,3141.58,29.91,0.96,10290.0,73344.0,7.32,2.71,3598570.0,8652528.0
801043.SI,20181203,冶钢原料,3228.46,3269.95,3176.73,3233.12,91.54,2.91,16151.0,127290.0,7.54,2.79,3703429.0,8896782.0
801043.SI,20181204,冶钢原料,3219.74,3264.34,3201.36,3241.59,8.47,0.26,11738.0,83437.0,7.56,2.8,3713134.0,8953827.0
801043.SI,20181205,冶钢原料,3161.41,3244.74,3144.36,3201.71,-39.88,-1.23,12228.0,85838.0,7.46,2.77,3667456.0,8881371.0
801043.SI,20181206,冶钢原料,3176.44,3268.01,3137.75,3181.6,-20.11,-0.63,11496.0,104189.0,7.41,2.75,3644424.0,8786084.0
801043.SI,20181207,冶钢原料,3174.29,3215.93,3160.22,3182.4,0.8,0.03,6644.0,57275.0,7.42,2.75,3645341.0,8812239.0
801043.SI,20181210,冶钢原料,3145.74,3172.88,3098.64,3106.17,-76.23,-2.4,8446.0,59686.0,7.24,2.68,3558021.0,8605467.0
801043.SI,20181211,冶钢原料,3098.21,3140.8,3071.82,3127.54,21.37,0.69,8526.0,52031.0,7.29,2.7,3582496.0,8662004.0
801043.SI,20181212,冶钢原料,3130.82,3143.56,3098.22,3107.79,-19.75,-0.63,5877.0,42339.0,7.23,2.69,3559870.0,8626946.0
801043.SI,20181213,冶钢原料,3132.81,3184.32,3093.3,3147.59,39.8,1.28,11904.0,83078.0,7.31,2.72,3605460.0,8764665.0
801043.SI,20181214,冶钢原料,3142.45,3159.05,3065.69,3070.77,-76.82,-2.44,10240.0,69424.0,7.15,2.65,3517463.0,8518162.0
801043.SI,20181217,冶钢原料,3052.22,3083.65,2992.91,3053.13,-17.64,-0.57,9017.0,56762.0,7.11,2.64,3497259.0,8477217.0
801043.SI,20181218,冶钢原料,3031.4,3062.1,3006.64,3040.95,-12.18,-0.4,7105.0,47662.0,7.08,2.63,3483310.0,8428430.0
801043.SI,20181219,冶钢原料,3040.99,3105.73,2991.78,3049.76,8.81,0.29,13169.0,65291.0,7.11,2.64,3493402.0,8431062.0
801043.SI,20181220,冶钢原料,3034.16,3069.92,3013.74,3045.41,-4.35,-0.14,9132.0,50998.0,7.1,2.63,3488421.0,8416910.0
801043.SI,20181221,冶钢原料,3031.23,3060.56,2998.86,3024.91,-20.5,-0.67,9633.0,57813.0,7.05,2.61,3464938.0,8372917.0
801043.SI,20181224,冶钢原料,3007.14,3037.96,2971.67,3001.65,-23.26,-0.77,7946.0,51245.0,6.98,2.59,3438288.0,8349568.0
801043.SI,20181225,冶钢原料,2966.39,2968.78,2818.52,2897.44,-104.21,-3.47,11105.0,83359.0,6.73,2.5,3318917.0,8099105.0
801043.SI,20181226,冶钢原料,2880.74,2953.42,2857.65,2901.17,3.73,0.13,7025.0,60936.0,6.75,2.49,3323192.0,8096416.0
801043.SI,20181227,冶钢原料,2948.32,2967.17,2832.92,2836.89,-64.28,-2.22,7867.0,54893.0,6.61,2.45,3276029.0,7949547.0
801043.SI,20181228,冶钢原料,2843.78,2873.48,2800.92,2858.94,22.05,0.78,7099.0,46834.0,6.67,2.47,3301488.0,8020134.0
801043.SI,20190102,冶钢原料,2870.5,2899.11,2842.16,2875.83,16.89,0.59,5812.0,47816.0,6.71,2.49,3320997.0,8040519.0
801043.SI,20190103,冶钢原料,2872.41,2933.49,2829.41,2880.71,4.88,0.17,11861.0,62189.0,6.73,2.49,3326631.0,8047449.0
801043.SI,20190104,冶钢原料,2846.84,2958.9,2826.27,2941.66,60.95,2.12,12968.0,82199.0,6.87,2.54,3397015.0,8202978.0
801043.SI,20190107,冶钢原料,2957.33,2994.07,2924.23,2973.36,31.7,1.08,11879.0,77638.0,6.95,2.57,3433625.0,8295736.0
801043.SI,20190108,冶钢原料,2968.01,2968.86,2927.02,2935.98,-37.38,-1.26,8293.0,51477.0,6.86,2.54,3390462.0,8191455.0
801043.SI,20190109,冶钢原料,2946.33,2998.13,2925.45,2937.9,1.92,0.07,10069.0,80116.0,6.86,2.54,3392677.0,8186579.0
801043.SI,20190110,冶钢原料,2935.16,2956.56,2907.51,2916.12,-21.78,-0.74,8137.0,57159.0,6.81,2.52,3367527.0,8157077.0
801043.SI,20190111,冶钢原料,2903.76,2937.47,2900.25,2925.78,9.66,0.33,6127.0,45082.0,6.83,2.53,3378683.0,8195452.0
801043.SI,20190114,冶钢原料,2925.31,3026.37,2898.2,2976.6,50.82,1.74,21657.0,94818.0,6.95,2.57,3437367.0,8358666.0
801043.SI,20190115,冶钢原料,2964.19,3005.01,2933.02,2995.17,18.57,0.62,13141.0,79491.0,6.99,2.59,3458809.0,8413696.0
801043.SI,20190116,冶钢原料,2998.81,3065.85,2980.96,3015.48,20.31,0.68,13922.0,88508.0,7.04,2.61,3482268.0,8472395.0
801043.SI,20190117,冶钢原料,3008.54,3033.98,2968.83,2971.5,-43.98,-1.46,10301.0,61839.0,6.94,2.57,3431479.0,8336175.0
801043.SI,20190118,冶钢原料,2985.28,3178.63,2979.34,3154.43,182.93,6.16,25408.0,257227.0,7.38,2.73,3642721.0,8739838.0
801043.SI,20190121,冶钢原料,3164.69,3306.92,3119.09,3236.27,81.84,2.59,22363.0,266180.0,7.57,2.8,3737232.0,8909010.0
801043.SI,20190122,冶钢原料,3218.75,3298.07,3171.92,3184.17,-52.1,-1.61,25537.0,202287.0,7.45,2.75,3677062.0,8781313.0
801043.SI,20190123,冶钢原料,3162.24,3254.9,3132.59,3195.74,11.57,0.36,18090.0,179052.0,7.48,2.76,3690425.0,8772430.0
801043.SI,20190124,冶钢原料,3178.75,3216.34,3140.66,3163.04,-32.7,-1.02,13118.0,119854.0,7.4,2.73,3652663.0,8695882.0
801043.SI,20190125,冶钢原料,3168.36,3210.29,3114.66,3179.29,16.25,0.51,12973.0,134544.0,7.44,2.75,3671427.0,8713692.0
801043.SI,20190128,冶钢原料,3194.2,3214.79,3124.7,3147.74,-31.55,-0.99,10279.0,95866.0,7.36,2.72,3634989.0,8654899.0
801043.SI,20190129,冶钢原料,3134.59,3193.51,3100.66,3147.55,-0.19,-0.01,11976.0,102237.0,7.39,2.72,3634768.0,8586938.0
801043.SI,20190130,冶钢原料,3150.98,3220.88,3131.86,3162.37,14.82,0.47,13257.0,100852.0,7.4,2.73,3651880.0,8678894.0
801043.SI,20190131,冶钢原料,3155.96,3176.97,3013.17,3038.07,-124.3,-3.93,16565.0,138555.0,7.11,2.63,3508340.0,8337856.0
801043.SI,20190201,冶钢原料,3064.72,3109.78,3037.4,3097.54,59.47,1.96,11035.0,85190.0,7.25,2.68,3577020.0,8494872.0
801043.SI,20190211,冶钢原料,3149.41,3212.83,3139.25,3197.98,100.44,3.24,15403.0,125476.0,7.47,2.77,3693008.0,8823906.0
801043.SI,20190212,冶钢原料,3194.72,3237.16,3158.69,3208.18,10.2,0.32,19636.0,153450.0,7.49,2.77,3704791.0,8868872.0
801043.SI,20190213,冶钢原料,3204.7,3382.97,3184.82,3319.53,111.35,3.47,27179.0,246968.0,7.76,2.87,3833376.0,9111465.0
801043.SI,20190214,冶钢原料,3308.26,3326.12,3263.06,3293.14,-26.39,-0.79,16404.0,148163.0,7.7,2.85,3802898.0,9054200.0
801043.SI,20190215,冶钢原料,3288.08,3363.72,3267.02,3286.82,-6.32,-0.19,16844.0,155547.0,7.69,2.84,3795597.0,9029313.0
801043.SI,20190218,冶钢原料,3306.38,3384.49,3301.88,3364.83,78.01,2.37,21674.0,194442.0,7.87,2.91,3885681.0,9238826.0
801043.SI,20190219,冶钢原料,3367.84,3486.14,3298.3,3393.94,29.11,0.87,31762.0,224695.0,7.94,2.93,3919294.0,9328299.0
801043.SI,20190220,冶钢原料,3379.54,3439.35,3341.89,3381.62,-12.32,-0.36,20457.0,144710.0,7.91,2.92,3905063.0,9296972.0
801043.SI,20190221,冶钢原料,3377.54,3482.4,3347.4,3393.44,11.82,0.35,25172.0,249010.0,7.94,2.93,3918712.0,9301840.0
801043.SI,20190222,冶钢原料,3405.06,3460.69,3370.18,3452.55,59.11,1.74,22744.0,222838.0,8.08,2.99,3986968.0,9443303.0
801043.SI,20190225,冶钢原料,3469.74,3705.5,3448.11,3657.46,204.91,5.94,40427.0,382470.0,8.56,3.16,4223598.0,9981615.0
801043.SI,20190226,冶钢原料,3641.67,3858.33,3576.85,3675.0,17.54,0.48,46625.0,427625.0,8.6,3.18,4243860.0,10029212.0
801043.SI,20190227,冶钢原料,3666.58,3796.7,3591.69,3657.2,-17.8,-0.48,29592.0,286932.0,8.55,3.16,4223302.0,10028236.0
801043.SI,20190228,冶钢原料,3649.77,3702.05,3587.58,3642.66,-14.54,-0.4,18928.0,202465.0,8.52,3.15,4206505.0,9997158.0
801043.SI,20190301,冶钢原料,3648.33,3683.11,3601.59,3661.67,19.01,0.52,16673.0,165062.0,8.57,3.17,4228456.0,10027818.0
801043.SI,20190304,冶钢原料,3700.06,3807.5,3655.15,3692.03,30.36,0.83,35374.0,319346.0,8.64,3.19,4263518.0,10105835.0
801043.SI,20190305,冶钢原料,3670.89,3743.78,3635.78,3727.3,35.27,0.96,24709.0,224017.0,8.72,3.22,4304241.0,10202448.0
801043.SI,20190306,冶钢原料,3755.56,3886.62,3693.72,3811.58,84.28,2.26,51984.0,361006.0,8.92,3.3,4401570.0,10450060.0
801043.SI,20190307,冶钢原料,3793.26,3895.99,3743.36,3816.73,5.15,0.14,45067.0,342061.0,8.92,3.3,4407512.0,10501706.0
801043.SI,20190308,冶钢原料,3750.09,3753.18,3530.69,3557.44,-259.29,-6.79,40020.0,354148.0,8.32,3.08,4108081.0,9772303.0
801043.SI,20190311,冶钢原料,3560.72,3676.95,3557.02,3667.48,110.04,3.09,20994.0,189058.0,8.58,3.17,4235153.0,10068677.0
801043.SI,20190312,冶钢原料,3696.6,3745.66,3622.49,3672.7,5.22,0.14,24936.0,221512.0,8.57,3.18,4241185.0,10129302.0
801043.SI,20190313,冶钢原料,3684.86,3808.57,3620.27,3728.76,56.06,1.53,24985.0,322348.0,8.71,3.22,4305928.0,10213424.0
801043.SI,20190314,冶钢原料,3727.87,3817.15,3653.82,3695.95,-32.81,-0.88,22209.0,248210.0,8.64,3.2,4268040.0,10096536.0
801043.SI,20190315,冶钢原料,3711.65,3755.58,3661.81,3722.27,26.32,0.71,17184.0,187070.0,8.69,3.22,4298436.0,10216005.0
801043.SI,20190318,冶钢原料,3721.43,3875.24,3710.22,3865.23,142.96,3.84,27421.0,337712.0,9.02,3.34,4463524.0,10601855.0
801043.SI,20190319,冶钢原料,3866.2,3882.4,3784.25,3816.6,-48.63,-1.26,19932.0,235322.0,8.91,3.3,4407365.0,10474330.0
801043.SI,20190320,冶钢原料,3798.33,3826.0,3706.81,3781.08,-35.52,-0.93,18024.0,193498.0,8.83,3.27,4366341.0,10428082.0
801043.SI,20190321,冶钢原料,3766.29,3842.64,3751.22,3791.65,10.57,0.28,21228.0,192538.0,8.86,3.28,4378550.0,10489675.0
801043.SI,20190322,冶钢原料,3783.37,3823.89,3695.25,3789.02,-2.63,-0.07,19223.0,176023.0,8.85,3.28,4375517.0,10501288.0
801043.SI,20190325,冶钢原料,3712.04,3787.94,3665.97,3722.07,-66.95,-1.77,22691.0,183420.0,8.71,3.22,4298207.0,10289935.0
801043.SI,20190326,冶钢原料,3738.38,3780.78,3629.46,3644.06,-78.01,-2.1,20494.0,168751.0,8.53,3.06,4208115.0,10027659.0
801043.SI,20190327,冶钢原料,3671.55,3688.51,3575.36,3644.84,0.78,0.02,14283.0,121928.0,8.53,3.06,4209021.0,10046755.0
801043.SI,20190328,冶钢原料,3633.54,3650.0,3573.12,3592.17,-52.67,-1.45,13478.0,107147.0,8.41,2.98,4148201.0,9911004.0
801043.SI,20190329,冶钢原料,3601.43,3707.07,3566.74,3684.34,92.17,2.57,17234.0,169941.0,8.62,3.06,4254633.0,10182892.0
801043.SI,20190401,冶钢原料,3721.04,3874.49,3703.92,3823.87,139.53,3.79,28223.0,271118.0,8.94,3.17,4415756.0,10568763.0
801043.SI,20190402,冶钢原料,3846.32,4071.92,3771.62,4052.69,228.82,5.98,38756.0,490617.0,9.49,3.36,4679995.0,11057675.0
801043.SI,20190403,冶钢原料,4159.63,4267.3,4070.05,4112.92,60.23,1.49,51803.0,650549.0,9.6,3.41,4749543.0,11363033.0
801043.SI,20190404,冶钢原料,4114.1,4400.58,4092.28,4363.52,250.6,6.09,53327.0,797039.0,10.22,3.62,5038929.0,11852854.0
801043.SI,20190408,冶钢原料,4448.28,4690.15,4379.35,4532.92,169.4,3.88,61794.0,908170.0,10.62,3.76,5234548.0,12285148.0
801043.SI,20190409,冶钢原料,4478.9,4520.04,4303.97,4350.11,-182.81,-4.03,43122.0,591729.0,10.18,3.61,5023437.0,11877268.0
801043.SI,20190410,冶钢原料,4312.79,4324.9,4183.52,4213.34,-136.77,-3.14,29772.0,404974.0,9.85,3.49,4865497.0,11510972.0
801043.SI,20190411,冶钢原料,4235.46,4329.04,4164.44,4212.44,-0.9,-0.02,29303.0,332221.0,9.86,3.49,4864454.0,11463851.0
801043.SI,20190412,冶钢原料,4182.39,4234.72,4136.3,4199.94,-12.5,-0.3,17386.0,193625.0,9.83,3.37,4850022.0,11433304.0
801043.SI,20190415,冶钢原料,4278.5,4301.42,4066.92,4085.89,-114.05,-2.72,21423.0,280852.0,9.56,3.28,4718318.0,11135877.0
801043.SI,20190416,冶钢原料,4044.28,4210.17,4006.15,4192.38,106.49,2.61,21854.0,244227.0,9.82,3.37,4841291.0,11402714.0
801043.SI,20190417,冶钢原料,4151.95,4185.89,4099.12,4114.23,-78.15,-1.86,19753.0,256408.0,9.68,3.43,4751041.0,11518173.0
801043.SI,20190418,冶钢原料,4084.83,4163.51,4027.71,4112.64,-1.59,-0.04,17125.0,228066.0,9.68,3.43,4749203.0,11484942.0
801043.SI,20190419,冶钢原料,4100.09,4325.84,4080.4,4273.19,160.55,3.9,34166.0,442377.0,10.07,3.56,4934603.0,11863994.0
801043.SI,20190422,冶钢原料,4297.15,4317.26,4130.76,4148.74,-124.45,-2.91,24442.0,283947.0,9.77,3.46,4790885.0,11558719.0
801043.SI,20190423,冶钢原料,4116.93,4137.99,4026.2,4051.71,-97.03,-2.34,15641.0,176483.0,9.54,3.37,4678830.0,11268677.0
801043.SI,20190424,冶钢原料,4057.98,4179.89,4046.05,4169.33,117.62,2.9,14917.0,211168.0,9.82,3.47,4814650.0,11588515.0
801043.SI,20190425,冶钢原料,4171.64,4183.46,3976.18,3984.22,-185.11,-4.44,18293.0,203739.0,9.37,3.18,4600894.0,11100543.0
801043.SI,20190426,冶钢原料,3961.81,4036.37,3933.03,3973.73,-10.49,-0.26,12871.0,144520.0,9.36,3.17,4588777.0,11026940.0
801043.SI,20190429,冶钢原料,3742.34,3753.64,3674.82,3690.26,-283.47,-7.13,10371.0,70095.0,8.68,2.73,4261438.0,10358167.0
801043.SI,20190430,冶钢原料,3484.26,3525.74,3480.79,3519.88,-170.38,-4.62,7367.0,54913.0,8.26,2.66,4064690.0,10108284.0
801043.SI,20190506,冶钢原料,3301.7,3301.7,3176.98,3212.45,-307.43,-8.73,15705.0,93352.0,7.6,2.42,3709671.0,9241668.0
801043.SI,20190507,冶钢原料,3141.93,3345.23,3111.51,3266.69,54.24,1.69,18381.0,221371.0,,2.47,3772303.0,9421019.0
801043.SI,20190508,冶钢原料,3136.26,3270.2,3117.32,3190.35,-76.34,-2.34,13331.0,143490.0,7.53,2.41,3684144.0,9271539.0
801043.SI,20190509,冶钢原料,3158.34,3216.29,3112.48,3125.89,-64.46,-2.02,10348.0,112235.0,7.37,2.36,3609708.0,9116928.0
801043.SI,20190510,冶钢原料,3166.14,3233.31,3012.6,3213.24,87.35,2.79,17208.0,174977.0,7.57,2.42,3710573.0,9392007.0
801043.SI,20190513,冶钢原料,3161.39,3203.82,3120.82,3153.74,-59.5,-1.85,13178.0,120454.0,7.43,2.38,3641864.0,9253705.0
801043.SI,20190514,冶钢原料,3098.98,3198.43,3081.55,3141.12,-12.62,-0.4,12635.0,104529.0,7.4,2.37,3627287.0,9186659.0
801043.SI,20190515,冶钢原料,3168.26,3198.04,3138.64,3180.15,39.03,1.24,12521.0,115614.0,7.49,2.4,3672363.0,9314093.0
801043.SI,20190516,冶钢原料,3172.2,3398.95,3163.06,3292.1,111.95,3.52,22684.0,224039.0,7.76,2.48,3801644.0,9619358.0
801043.SI,20190517,冶钢原料,3304.1,3317.32,3155.17,3186.82,-105.28,-3.2,19339.0,162573.0,7.48,2.4,3680072.0,9385306.0
801043.SI,20190520,冶钢原料,3169.17,3179.57,3032.45,3134.45,-52.37,-1.64,12383.0,108075.0,7.38,2.37,3619597.0,9200073.0
801043.SI,20190521,冶钢原料,3158.08,3276.67,3146.34,3244.91,110.46,3.52,17017.0,144001.0,7.63,2.45,3747158.0,9539071.0
801043.SI,20190522,冶钢原料,3238.24,3275.04,3175.7,3202.38,-42.53,-1.31,15934.0,122239.0,7.52,2.42,3698047.0,9459223.0
801043.SI,20190523,冶钢原料,3186.65,3190.47,3101.02,3113.4,-88.98,-2.78,11748.0,97204.0,7.31,2.35,3595294.0,9179239.0
801043.SI,20190524,冶钢原料,3107.74,3131.83,3046.09,3066.24,-47.16,-1.51,10011.0,80501.0,7.21,2.31,3540841.0,9019524.0
801043.SI,20190527,冶钢原料,3082.22,3175.13,3060.61,3168.62,102.38,3.34,13384.0,113604.0,7.43,2.39,3659070.0,9405424.0
801043.SI,20190528,冶钢原料,3168.45,3208.07,3127.2,3158.08,-10.54,-0.33,14788.0,124971.0,7.41,2.38,3646897.0,9369594.0
801043.SI,20190529,冶钢原料,3132.46,3260.11,3118.43,3201.21,43.13,1.37,18307.0,153134.0,7.52,2.42,3696703.0,9452694.0
801043.SI,20190530,冶钢原料,3172.32,3255.36,3124.48,3216.55,15.34,0.48,17668.0,133606.0,7.57,2.43,3714417.0,9471146.0
801043.SI,20190531,冶钢原料,3194.06,3245.12,3158.7,3176.23,-40.32,-1.25,14318.0,101140.0,7.47,2.4,3667858.0,9362227.0
801043.SI,20190603,冶钢原料,3167.7,3191.84,3073.44,3121.16,-55.07,-1.73,15434.0,118207.0,7.35,2.36,3604259.0,9238773.0
801043.SI,20190604,冶钢原料,3115.3,3123.48,2996.52,3017.0,-104.16,-3.34,12634.0,119104.0,7.1,2.28,3483980.0,8953046.0
801043.SI,20190605,冶钢原料,3057.01,3071.06,3002.58,3013.25,-3.75,-0.12,8300.0,66105.0,7.09,2.27,3479645.0,8914974.0
801043.SI,20190606,冶钢原料,3015.65,3026.87,2950.56,2964.49,-48.76,-1.62,7873.0,62054.0,6.98,2.24,3423336.0,8775619.0
801043.SI,20190610,冶钢原料,2974.06,3064.27,2955.47,3044.75,80.26,2.71,9129.0,88368.0,7.17,2.3,3516015.0,8965556.0
801043.SI,20190611,冶钢原料,3055.57,3179.64,3029.56,3163.73,118.98,3.91,19320.0,148548.0,7.43,2.39,3653410.0,9385068.0
801043.SI,20190612,冶钢原料,3157.35,3281.16,3136.86,3185.91,22.18,0.7,24091.0,178443.0,7.48,2.4,3679026.0,9435531.0
801043.SI,20190613,冶钢原料,3158.3,3208.78,3136.89,3175.59,-10.32,-0.32,13552.0,96229.0,7.46,2.4,3667110.0,9416990.0
801043.SI,20190614,冶钢原料,3214.47,3235.73,3101.55,3132.43,-43.16,-1.36,28885.0,177336.0,7.36,2.36,3617266.0,9309096.0
801043.SI,20190617,冶钢原料,3128.28,3272.66,3111.75,3215.39,82.96,2.65,37417.0,167712.0,7.56,2.43,3713066.0,9538872.0
801043.SI,20190618,冶钢原料,3200.94,3226.85,3110.79,3151.74,-63.65,-1.98,28206.0,134888.0,7.39,2.38,3639568.0,9419732.0
801043.SI,20190619,冶钢原料,3221.95,3261.99,3163.2,3186.33,34.59,1.1,24478.0,166769.0,7.47,2.4,3679511.0,9531886.0
801043.SI,20190620,冶钢原料,3190.64,3256.65,3142.66,3242.23,55.9,1.75,24500.0,172175.0,7.59,2.45,3744061.0,9726264.0
801043.SI,20190621,冶钢原料,3237.1,3287.38,3219.69,3241.92,-0.31,-0.01,18660.0,146085.0,7.6,2.45,3743706.0,9683240.0
801043.SI,20190624,冶钢原料,3253.65,3333.75,3220.25,3295.3,53.38,1.65,17317.0,173526.0,7.74,2.49,3805354.0,9770587.0
801043.SI,20190625,冶钢原料,3291.81,3294.07,3190.04,3227.31,-67.99,-2.06,14892.0,123312.0,7.57,2.44,3725470.0,9555483.0
801043.SI,20190626,冶钢原料,3201.94,3257.6,3181.18,3223.8,-3.51,-0.11,8671.0,73213.0,7.57,2.43,3721415.0,9540533.0
801043.SI,20190627,冶钢原料,3231.05,3289.42,3220.28,3256.82,33.02,1.02,13161.0,111587.0,7.63,2.46,3759530.0,9686524.0
801043.SI,20190628,冶钢原料,3267.77,3386.72,3214.85,3263.4,6.58,0.2,13347.0,107036.0,6.32,2.05,3767126.0,9638811.0
801043.SI,20190701,冶钢原料,3322.86,3360.91,3273.62,3340.84,77.44,2.37,20847.0,176512.0,7.83,2.52,3856515.0,9901815.0
801043.SI,20190702,冶钢原料,3351.97,3464.41,3314.33,3431.28,90.44,2.71,27681.0,228856.0,8.03,2.59,3960915.0,10218982.0
801043.SI,20190703,冶钢原料,3393.52,3423.87,3339.07,3368.6,-62.68,-1.83,19436.0,160631.0,7.88,2.54,3888564.0,10071432.0
801043.SI,20190704,冶钢原料,3357.03,3386.85,3279.04,3306.34,-62.26,-1.85,15925.0,136076.0,7.75,2.5,3816691.0,9808937.0
801043.SI,20190705,冶钢原料,3310.8,3317.77,3244.96,3279.12,-27.22,-0.82,12234.0,93894.0,7.7,2.47,3785273.0,9698329.0
801043.SI,20190708,冶钢原料,3267.8,3280.45,3134.83,3158.19,-120.93,-3.69,15392.0,119486.0,7.41,2.38,3645681.0,9369213.0
801043.SI,20190709,冶钢原料,3172.46,3205.58,3137.88,3179.27,21.08,0.67,10997.0,85544.0,7.46,2.4,3670018.0,9462585.0
801043.SI,20190710,冶钢原料,3176.43,3194.54,3105.02,3129.5,-49.77,-1.57,9769.0,77604.0,7.34,2.36,3612566.0,9359556.0
801043.SI,20190711,冶钢原料,3135.75,3181.93,3100.57,3123.35,-6.15,-0.2,9098.0,77507.0,7.33,2.36,3605469.0,9299603.0
801043.SI,20190712,冶钢原料,3120.65,3178.43,3097.44,3141.66,18.31,0.59,9770.0,72165.0,7.37,2.37,3626601.0,9369057.0
801043.SI,20190715,冶钢原料,3141.27,3187.67,3074.9,3165.98,24.32,0.77,11225.0,82118.0,7.42,2.39,3654676.0,9464155.0
801043.SI,20190716,冶钢原料,3173.94,3233.2,3155.53,3202.71,36.73,1.16,12520.0,91998.0,7.5,2.37,3697071.0,9568688.0
801043.SI,20190717,冶钢原料,3187.67,3224.82,3157.4,3198.39,-4.32,-0.13,11081.0,83015.0,7.48,2.36,3692085.0,9562243.0
801043.SI,20190718,冶钢原料,3177.31,3197.66,3121.15,3125.75,-72.64,-2.27,9733.0,71417.0,7.31,2.31,3608233.0,9353391.0
801043.SI,20190719,冶钢原料,3129.69,3200.85,3112.47,3155.8,30.05,0.96,11530.0,81861.0,7.37,2.33,3642920.0,9517436.0
801043.SI,20190722,冶钢原料,3146.51,3160.63,3050.81,3058.5,-97.3,-3.08,11557.0,85571.0,7.14,2.26,3530603.0,9218105.0
801043.SI,20190723,冶钢原料,3067.45,3102.05,3050.13,3079.69,21.19,0.69,7515.0,55742.0,7.18,2.28,3555061.0,9308472.0
801043.SI,20190724,冶钢原料,3075.84,3210.86,3067.78,3183.19,103.5,3.36,13177.0,113187.0,7.44,2.35,3674532.0,9502588.0
801043.SI,20190725,冶钢原料,3157.72,3178.32,3121.9,3144.17,-39.02,-1.23,9980.0,80133.0,7.35,2.32,3629488.0,9404332.0
801043.SI,20190726,冶钢原料,3110.23,3144.4,3097.42,3128.06,-16.11,-0.51,7143.0,53882.0,7.31,2.31,3610892.0,9372508.0
801043.SI,20190729,冶钢原料,3126.05,3193.03,3107.12,3151.52,23.46,0.75,10996.0,89122.0,7.33,2.33,3695360.0,9377572.0
801043.SI,20190730,冶钢原料,3166.89,3208.02,3151.0,3178.65,27.13,0.86,13548.0,86286.0,7.39,2.35,3727179.0,9482324.0
801043.SI,20190731,冶钢原料,3172.4,3194.95,3121.81,3132.65,-46.0,-1.45,8768.0,61371.0,7.29,2.32,3673245.0,9334024.0
801043.SI,20190801,冶钢原料,3107.58,3179.94,3067.45,3130.74,-1.91,-0.06,12635.0,92494.0,7.3,2.31,3671004.0,9277764.0
801043.SI,20190802,冶钢原料,3067.26,3112.57,3030.94,3085.95,-44.79,-1.43,10638.0,75235.0,7.19,2.28,3618479.0,9131577.0
801043.SI,20190805,冶钢原料,3078.86,3097.6,3009.36,3010.9,-75.05,-2.43,9888.0,72471.0,7.02,2.23,3530477.0,8927429.0
801043.SI,20190806,冶钢原料,2960.61,2964.04,2771.15,2868.58,-142.32,-4.73,15063.0,106393.0,6.69,2.12,3363593.0,8518416.0
801043.SI,20190807,冶钢原料,2901.22,2960.19,2880.73,2899.12,30.54,1.06,9570.0,60678.0,6.75,2.14,3399398.0,8617815.0
801043.SI,20190808,冶钢原料,2910.39,2942.06,2870.76,2885.64,-13.48,-0.46,8059.0,51886.0,6.72,2.12,3383595.0,8582353.0
801043.SI,20190809,冶钢原料,2900.67,2934.57,2842.26,2845.01,-40.63,-1.41,7943.0,55329.0,6.63,2.09,3335951.0,8450273.0
801043.SI,20190812,冶钢原料,2809.75,2886.32,2800.43,2877.01,32.0,1.12,7750.0,56247.0,6.7,2.05,3373477.0,8561814.0
801043.SI,20190813,冶钢原料,2849.24,2859.92,2809.35,2826.2,-50.81,-1.77,6884.0,49586.0,6.57,2.02,3313894.0,8453387.0
801043.SI,20190814,冶钢原料,2861.75,2902.3,2838.98,2845.79,19.59,0.69,8420.0,64423.0,6.62,2.03,3336865.0,8489188.0
801043.SI,20190815,冶钢原料,2779.24,2852.49,2758.09,2834.97,-10.82,-0.38,7927.0,53307.0,6.6,2.01,3324178.0,8467685.0
801043.SI,20190816,冶钢原料,2831.75,2887.88,2817.77,2844.22,9.25,0.33,7383.0,57345.0,6.65,2.03,3364129.0,8499976.0
801043.SI,20190819,冶钢原料,2861.62,2923.95,2841.79,2916.0,71.78,2.52,11142.0,80031.0,6.82,2.08,3449033.0,8709701.0
801043.SI,20190820,冶钢原料,2918.84,2961.38,2894.53,2920.72,4.72,0.16,11724.0,86129.0,6.83,2.08,3454609.0,8712886.0
801043.SI,20190821,冶钢原料,2909.77,2919.07,2877.69,2895.02,-25.7,-0.88,7077.0,50395.0,6.77,2.06,3424213.0,8642313.0
801043.SI,20190822,冶钢原料,2900.2,2929.66,2873.45,2907.62,12.6,0.44,6731.0,51154.0,6.8,2.07,3439123.0,8682102.0
801043.SI,20190823,冶钢原料,2907.25,2915.67,2872.07,2884.13,-23.49,-0.81,6955.0,50654.0,6.74,2.06,3411335.0,8650180.0
801043.SI,20190826,冶钢原料,2812.24,2845.7,2794.47,2824.54,-59.59,-2.07,7464.0,50623.0,6.6,2.02,3340846.0,8452411.0
801043.SI,20190827,冶钢原料,2842.84,2887.97,2831.1,2865.82,41.28,1.46,8211.0,56268.0,6.7,2.05,3389672.0,8587464.0
801043.SI,20190828,冶钢原料,2869.04,2890.15,2847.12,2858.74,-7.08,-0.25,6571.0,41718.0,6.68,2.04,3381301.0,8577039.0
801043.SI,20190829,冶钢原料,2858.03,2874.45,2836.8,2846.04,-12.7,-0.44,6863.0,46409.0,6.65,2.03,3366277.0,8551072.0
801043.SI,20190830,冶钢原料,2866.22,2887.22,2802.35,2818.66,-27.38,-0.96,9480.0,66661.0,6.59,2.01,3333888.0,8475923.0
801043.SI,20190902,冶钢原料,2814.71,2891.16,2804.71,2881.58,62.92,2.23,12601.0,81932.0,11.23,2.05,3408309.0,8701301.0
801043.SI,20190903,冶钢原料,2882.66,2888.84,2855.26,2868.3,-13.28,-0.46,9773.0,66659.0,11.18,2.04,3392601.0,8652689.0
801043.SI,20190904,冶钢原料,2871.83,3037.87,2866.92,3035.03,166.73,5.81,24105.0,205346.0,11.83,2.16,3589810.0,9010081.0
801043.SI,20190905,冶钢原料,3075.36,3192.46,3024.79,3087.99,52.96,1.74,31863.0,302467.0,12.04,2.2,3652447.0,9118182.0
801043.SI,20190906,冶钢原料,3085.34,3171.74,3042.51,3117.6,29.61,0.96,19944.0,181829.0,12.15,2.22,3687476.0,9175373.0
801043.SI,20190909,冶钢原料,3157.99,3174.07,3111.51,3138.0,20.4,0.65,16592.0,147595.0,12.23,2.24,3711608.0,9247868.0
801043.SI,20190910,冶钢原料,3139.35,3167.33,3096.07,3141.58,3.58,0.11,14488.0,126937.0,12.25,2.24,3715845.0,9249645.0
801043.SI,20190911,冶钢原料,3140.0,3172.85,3082.23,3100.31,-41.27,-1.31,13262.0,117518.0,12.09,2.21,3667026.0,9160563.0
801043.SI,20190912,冶钢原料,3123.15,3148.91,3089.94,3126.14,25.83,0.83,11315.0,97491.0,12.19,2.23,3697575.0,9229522.0
801043.SI,20190916,冶钢原料,3154.94,3276.4,3114.38,3214.77,88.63,2.84,19890.0,192491.0,12.53,2.29,3802407.0,9422883.0
801043.SI,20190917,冶钢原料,3190.61,3209.24,3102.68,3121.11,-93.66,-2.91,16631.0,146430.0,12.17,2.22,3691633.0,9149833.0
801043.SI,20190918,冶钢原料,3124.02,3185.8,3093.6,3143.16,22.05,0.71,13365.0,133932.0,12.25,2.24,3717717.0,9195190.0
801043.SI,20190919,冶钢原料,3143.77,3274.15,3131.96,3238.69,95.53,3.04,21068.0,233586.0,12.63,2.31,3830705.0,9404180.0
801043.SI,20190920,冶钢原料,3228.25,3265.76,3193.13,3218.51,-20.18,-0.62,13679.0,141239.0,12.55,2.29,3806837.0,9357031.0
801043.SI,20190923,冶钢原料,3206.18,3214.31,3091.83,3124.53,-93.98,-2.92,12778.0,128781.0,12.18,2.23,3695677.0,9132854.0
801043.SI,20190924,冶钢原料,3115.28,3168.96,3076.78,3137.93,13.4,0.43,10969.0,109592.0,12.23,2.24,3711533.0,9165552.0
801043.SI,20190925,冶钢原料,3116.31,3149.91,3066.5,3095.33,-42.6,-1.36,12714.0,88519.0,12.07,2.21,3661140.0,9037501.0
801043.SI,20190926,冶钢原料,3094.36,3109.88,2977.16,2987.27,-108.06,-3.49,11060.0,96368.0,11.65,2.13,3533328.0,8762475.0
801043.SI,20190927,冶钢原料,2995.77,3043.4,2974.86,3005.58,18.31,0.61,6317.0,53677.0,11.72,2.14,3554979.0,8817622.0
801043.SI,20190930,冶钢原料,3008.06,3048.3,2985.36,2991.0,-14.58,-0.49,6674.0,52133.0,11.66,2.13,3537729.0,8786492.0
801043.SI,20191008,冶钢原料,2985.35,3048.69,2976.33,3002.12,11.12,0.37,6631.0,53498.0,11.7,2.14,3550878.0,8817823.0
801043.SI,20191009,冶钢原料,2985.22,3029.54,2943.6,3015.96,13.84,0.46,5610.0,46036.0,11.76,2.15,3567246.0,8855469.0
801043.SI,20191010,冶钢原料,3012.02,3023.81,2974.26,3005.81,-10.15,-0.34,8938.0,60756.0,11.72,2.14,3555237.0,8843047.0
801043.SI,20191011,冶钢原料,3006.0,3020.64,2939.29,2964.79,-41.02,-1.36,9256.0,65525.0,11.56,2.11,3506716.0,8756203.0
801043.SI,20191014,冶钢原料,3007.11,3033.97,2974.21,3005.28,40.49,1.37,10399.0,84354.0,11.72,2.14,3554613.0,8878956.0
801043.SI,20191015,冶钢原料,2997.89,2998.58,2951.03,2958.6,-46.68,-1.55,6603.0,52048.0,11.53,2.11,3499394.0,8754591.0
801043.SI,20191016,冶钢原料,2971.94,2981.63,2881.8,2897.27,-61.33,-2.07,8706.0,65010.0,11.3,2.07,3426857.0,8603501.0
801043.SI,20191017,冶钢原料,2893.61,2919.16,2853.88,2875.39,-21.88,-0.76,7239.0,51943.0,11.21,2.05,3400981.0,8544809.0
801043.SI,20191018,冶钢原料,2899.41,2980.97,2865.75,2889.16,13.77,0.48,15650.0,78240.0,11.26,2.06,3417271.0,8563180.0
801043.SI,20191021,冶钢原料,2871.59,2895.6,2794.56,2875.69,-13.47,-0.47,10566.0,62052.0,11.21,2.05,3401340.0,8578204.0
801043.SI,20191022,冶钢原料,2873.03,2928.18,2847.35,2898.69,23.0,0.8,9242.0,64598.0,11.3,2.07,3428548.0,8594857.0
801043.SI,20191023,冶钢原料,2903.48,2907.38,2859.68,2870.26,-28.43,-0.98,5845.0,37599.0,11.19,2.05,3394917.0,8499566.0
801043.SI,20191024,冶钢原料,2866.49,2907.37,2855.69,2874.62,4.36,0.15,4804.0,33093.0,11.21,2.05,3400073.0,8521362.0
801043.SI,20191025,冶钢原料,2879.16,2925.94,2830.03,2886.4,11.78,0.41,7736.0,47768.0,11.25,2.04,3414006.0,8595938.0
801043.SI,20191028,冶钢原料,2876.1,2926.85,2827.81,2909.79,23.39,0.81,7709.0,59627.0,11.34,2.01,3441677.0,8661620.0
801043.SI,20191029,冶钢原料,2908.79,2914.1,2849.28,2852.79,-57.0,-1.96,5943.0,44972.0,11.12,1.97,3374261.0,8511395.0
801043.SI,20191030,冶钢原料,2854.9,2872.97,2809.43,2824.6,-28.19,-0.99,6078.0,43011.0,11.01,1.95,3340921.0,8466957.0
801043.SI,20191031,冶钢原料,2825.56,2858.09,2807.9,2826.72,2.12,0.08,5656.0,38917.0,11.02,1.94,3343433.0,8469255.0
801043.SI,20191101,冶钢原料,2811.14,2865.42,2801.84,2848.88,22.16,0.78,6543.0,47082.0,11.11,1.96,3369645.0,8551463.0
801043.SI,20191104,冶钢原料,2854.64,2909.5,2843.42,2874.55,25.67,0.9,6775.0,54215.0,11.21,1.98,3400012.0,8587184.0
801043.SI,20191105,冶钢原料,2874.36,2908.05,2845.88,2881.04,6.49,0.23,6950.0,49777.0,11.23,1.98,3407689.0,8596196.0
801043.SI,20191106,冶钢原料,2882.32,2947.96,2860.71,2913.05,32.01,1.11,9184.0,84508.0,11.36,2.0,3445546.0,8642740.0
801043.SI,20191107,冶钢原料,2919.09,2927.41,2881.6,2906.94,-6.11,-0.21,5570.0,45195.0,11.33,2.0,3438315.0,8633335.0
801043.SI,20191108,冶钢原料,2920.44,2935.46,2867.24,2876.12,-30.82,-1.06,6367.0,50397.0,11.21,1.98,3401861.0,8563308.0
801043.SI,20191111,冶钢原料,2863.91,2867.98,2787.45,2798.45,-77.67,-2.7,6779.0,48743.0,10.91,1.93,3309988.0,8342007.0
801043.SI,20191112,冶钢原料,2804.87,2836.28,2779.16,2819.84,21.39,0.76,6029.0,36633.0,10.99,1.94,3335288.0,8416231.0
801043.SI,20191113,冶钢原料,2822.96,2825.14,2764.86,2778.82,-41.02,-1.45,5621.0,32149.0,10.83,1.91,3286767.0,8296940.0
801043.SI,20191114,冶钢原料,2777.44,2800.15,2751.83,2768.46,-10.36,-0.37,5773.0,33903.0,10.79,1.9,3274510.0,8264372.0
801043.SI,20191115,冶钢原料,2765.28,2778.52,2712.85,2715.15,-53.31,-1.93,5646.0,38500.0,10.59,1.87,3211453.0,8121320.0
801043.SI,20191118,冶钢原料,2717.42,2770.12,2689.79,2750.39,35.24,1.3,5388.0,36558.0,10.72,1.89,3253131.0,8215534.0
801043.SI,20191119,冶钢原料,2738.86,2800.54,2726.28,2793.41,43.02,1.56,6122.0,43492.0,10.89,1.92,3304009.0,8340987.0
801043.SI,20191120,冶钢原料,2779.91,2809.66,2748.28,2767.63,-25.78,-0.92,6151.0,39477.0,10.79,1.9,3273519.0,8280210.0
801043.SI,20191121,冶钢原料,2765.27,2776.1,2733.34,2757.74,-9.89,-0.36,4171.0,28190.0,10.75,1.9,3261824.0,8252674.0
801043.SI,20191122,冶钢原料,2764.28,2811.79,2750.6,2791.62,33.88,1.23,8177.0,60434.0,10.88,1.92,3301903.0,8322081.0
801043.SI,20191125,冶钢原料,2801.73,2916.77,2799.41,2877.73,86.11,3.08,16437.0,121809.0,11.22,1.98,3403757.0,8578214.0
801043.SI,20191126,冶钢原料,2862.59,2883.73,2810.04,2869.39,-8.34,-0.29,12590.0,79475.0,11.19,1.97,3393896.0,8550159.0
801043.SI,20191127,冶钢原料,2849.45,2891.86,2826.49,2856.58,-12.81,-0.45,7881.0,61176.0,11.14,1.97,3378742.0,8496549.0
801043.SI,20191128,冶钢原料,2846.35,2876.12,2816.28,2832.26,-24.32,-0.85,5906.0,44173.0,11.04,1.95,3349971.0,8451127.0
801043.SI,20191129,冶钢原料,2831.44,2848.35,2804.37,2823.0,-9.26,-0.33,4429.0,32364.0,11.01,1.94,3339025.0,8429638.0
801043.SI,20191202,冶钢原料,2826.3,2860.61,2805.15,2830.16,7.16,0.25,4647.0,36227.0,11.03,1.95,3347493.0,8445818.0
801043.SI,20191203,冶钢原料,2815.94,2828.94,2789.05,2821.69,-8.47,-0.3,4627.0,35026.0,11.0,1.93,3337479.0,8432894.0
801043.SI,20191204,冶钢原料,2806.89,2837.79,2793.77,2822.88,1.19,0.04,4368.0,29898.0,11.01,1.93,3338892.0,8424360.0
801043.SI,20191205,冶钢原料,2835.29,2886.72,2826.96,2864.54,41.66,1.48,8240.0,56498.0,11.17,1.96,3388166.0,8538369.0
801043.SI,20191206,冶钢原料,2859.6,2878.18,2835.72,2859.58,-4.96,-0.17,6142.0,43740.0,11.18,1.97,3382294.0,8579750.0
801043.SI,20191209,冶钢原料,2870.8,2930.05,2848.01,2898.18,38.6,1.35,11028.0,84007.0,11.33,2.0,3427950.0,8708928.0
801043.SI,20191210,冶钢原料,2887.05,2971.2,2873.73,2954.45,56.27,1.94,13742.0,114515.0,11.55,2.03,3494503.0,8839120.0
801043.SI,20191211,冶钢原料,2959.14,2982.85,2908.63,2934.19,-20.26,-0.69,9673.0,78160.0,11.47,2.02,3470533.0,8804248.0
801043.SI,20191212,冶钢原料,2918.08,2952.56,2900.27,2908.44,-25.75,-0.88,7825.0,60846.0,11.37,2.0,3440079.0,8745050.0
801043.SI,20191213,冶钢原料,2928.68,2956.35,2911.06,2936.23,27.79,0.96,7980.0,61601.0,11.48,2.02,3472953.0,8817526.0
801043.SI,20191216,冶钢原料,2932.78,2965.88,2904.09,2953.77,17.54,0.6,10841.0,79732.0,11.54,2.03,3493694.0,8862214.0
801043.SI,20191217,冶钢原料,2954.28,3127.81,2937.9,3066.03,112.26,3.8,20705.0,204408.0,11.98,2.11,3626477.0,9106951.0
801043.SI,20191218,冶钢原料,3055.82,3097.7,3025.71,3038.46,-27.57,-0.9,14470.0,136349.0,11.87,2.09,3593868.0,9037694.0
801043.SI,20191219,冶钢原料,3042.55,3067.86,3013.77,3043.33,4.87,0.16,8745.0,82442.0,11.89,2.1,3599628.0,9047473.0
801043.SI,20191220,冶钢原料,3038.6,3065.65,2997.08,3000.73,-42.6,-1.4,9431.0,82504.0,11.73,2.07,3549238.0,8932308.0
801043.SI,20191223,冶钢原料,3005.68,3022.3,2912.96,2921.47,-79.26,-2.64,9915.0,84677.0,11.42,2.01,3455490.0,8707320.0
801043.SI,20191224,冶钢原料,2945.38,3057.16,2943.57,3036.14,114.67,3.93,14876.0,143724.0,11.87,2.09,3591126.0,9002737.0
801043.SI,20191225,冶钢原料,3024.44,3055.87,2995.66,3037.01,0.87,0.03,10191.0,99272.0,11.86,2.09,3592152.0,9000280.0
801043.SI,20191226,冶钢原料,3041.39,3106.13,3019.91,3067.5,30.49,1.0,13284.0,138344.0,11.98,2.11,3628209.0,9088129.0
801043.SI,20191227,冶钢原料,3063.69,3196.91,3042.22,3095.79,28.29,0.92,22029.0,198817.0,12.09,2.13,3661666.0,9163070.0
801043.SI,20191230,冶钢原料,3090.9,3144.44,3046.39,3117.56,21.77,0.7,14502.0,129357.0,12.18,2.15,3687418.0,9228260.0
801043.SI,20191231,冶钢原料,3115.13,3121.01,3060.13,3081.62,-35.94,-1.15,12200.0,113562.0,12.04,2.12,3644910.0,9148218.0
801043.SI,20200102,冶钢原料,3105.61,3135.9,3088.11,3102.81,21.19,0.69,13488.0,121825.0,12.12,2.14,3669977.0,9224012.0
801043.SI,20200103,冶钢原料,3099.68,3131.5,3071.21,3100.57,-2.24,-0.07,12441.0,109717.0,12.11,2.13,3667330.0,9237971.0
801043.SI,20200106,冶钢原料,3069.86,3134.58,3042.63,3093.04,-7.53,-0.24,14870.0,135057.0,12.08,2.13,3658419.0,9234901.0
801043.SI,20200107,冶钢原料,3098.39,3177.4,3062.63,3143.43,50.39,1.63,18768.0,181011.0,12.28,2.16,3718017.0,9357188.0
801043.SI,20200108,冶钢原料,3129.52,3180.59,3085.52,3104.08,-39.35,-1.25,18753.0,180097.0,12.13,2.14,3671480.0,9221521.0
801043.SI,20200109,冶钢原料,3133.6,3160.66,3094.59,3127.56,23.48,0.76,13124.0,127007.0,12.22,2.15,3699247.0,9287816.0
801043.SI,20200110,冶钢原料,3134.37,3140.22,3075.47,3084.57,-42.99,-1.37,9779.0,91843.0,12.05,2.12,3648397.0,9183846.0
801043.SI,20200113,冶钢原料,3079.24,3121.54,3051.56,3106.66,22.09,0.72,8860.0,77855.0,12.14,2.14,3674529.0,9233071.0
801043.SI,20200114,冶钢原料,3110.5,3229.86,3095.39,3169.31,62.65,2.02,21671.0,208671.0,12.38,2.18,3748635.0,9406104.0
801043.SI,20200115,冶钢原料,3150.82,3180.11,3098.61,3119.05,-50.26,-1.59,13516.0,115046.0,12.18,2.15,3689191.0,9245863.0
801043.SI,20200116,冶钢原料,3119.4,3138.79,3068.94,3082.43,-36.62,-1.17,9864.0,84489.0,12.04,2.12,3645875.0,9133284.0
801043.SI,20200117,冶钢原料,3077.97,3098.62,3025.38,3032.7,-49.73,-1.61,10083.0,93060.0,11.85,2.09,3587061.0,9008469.0
801043.SI,20200120,冶钢原料,3035.45,3062.56,2978.44,3033.59,0.89,0.03,12325.0,97578.0,11.85,2.09,3588116.0,9068394.0
801043.SI,20200121,冶钢原料,3038.91,3053.92,2946.03,2966.6,-66.99,-2.21,12594.0,96705.0,11.59,2.04,3508885.0,8859527.0
801043.SI,20200122,冶钢原料,2950.21,2996.35,2900.95,2975.01,8.41,0.28,9745.0,80295.0,11.62,2.05,3518832.0,8867022.0
801043.SI,20200123,冶钢原料,2947.75,2980.73,2820.52,2853.25,-121.76,-4.09,12344.0,97811.0,11.15,1.96,3374817.0,8500395.0
801043.SI,20200203,冶钢原料,2568.94,2573.64,2568.77,2568.77,-284.48,-9.97,3362.0,21905.0,10.04,1.77,3038338.0,7652286.0
801043.SI,20200204,冶钢原料,2322.61,2522.78,2322.61,2447.1,-121.67,-4.74,21103.0,142717.0,9.56,1.68,2894432.0,7337084.0
801043.SI,20200205,冶钢原料,2454.39,2568.29,2442.85,2498.9,51.8,2.12,14528.0,101772.0,9.76,1.72,2955700.0,7469992.0
801043.SI,20200206,冶钢原料,2504.08,2566.87,2466.64,2527.3,28.4,1.14,15242.0,109704.0,9.87,1.74,2989288.0,7555331.0
801043.SI,20200207,冶钢原料,2513.56,2546.33,2458.4,2514.8,-12.5,-0.49,13703.0,96464.0,9.82,1.73,2974499.0,7562946.0
801043.SI,20200210,冶钢原料,2503.27,2595.72,2474.4,2586.51,71.71,2.85,15510.0,110010.0,10.1,1.78,3059317.0,7767462.0
801043.SI,20200211,冶钢原料,2579.31,2684.66,2553.66,2617.43,30.92,1.2,16940.0,122813.0,10.23,1.8,3095891.0,7837072.0
801043.SI,20200212,冶钢原料,2595.46,2656.01,2572.09,2641.53,24.1,0.92,13820.0,97386.0,10.32,1.82,3124396.0,7901117.0
801043.SI,20200213,冶钢原料,2643.01,2665.42,2591.34,2598.02,-43.51,-1.65,11703.0,81213.0,10.15,1.79,3072929.0,7771051.0
801043.SI,20200214,冶钢原料,2603.76,2705.51,2584.53,2667.91,69.89,2.69,25818.0,135564.0,10.42,1.84,3155591.0,7982233.0
801043.SI,20200217,冶钢原料,2664.84,2763.65,2638.85,2735.01,67.1,2.52,30113.0,157617.0,10.68,1.88,3234951.0,8167558.0
801043.SI,20200218,冶钢原料,2723.19,2778.3,2699.06,2752.89,17.88,0.65,20216.0,129392.0,10.75,1.89,3256104.0,8201704.0
801043.SI,20200219,冶钢原料,2773.59,2895.05,2723.21,2814.1,61.21,2.22,29471.0,209370.0,10.99,1.94,3328496.0,8322108.0
801043.SI,20200220,冶钢原料,2806.21,2828.55,2753.44,2814.64,0.54,0.02,21446.0,152801.0,11.0,1.94,3329133.0,8357823.0
801043.SI,20200221,冶钢原料,2822.65,2855.28,2794.13,2814.71,0.07,0.0,18293.0,134446.0,11.0,1.94,3329218.0,8357289.0
801043.SI,20200224,冶钢原料,2790.57,2883.55,2732.03,2834.19,19.48,0.69,24927.0,182347.0,11.07,1.95,3352262.0,8375571.0
801043.SI,20200225,冶钢原料,2756.5,2790.41,2684.34,2763.14,-71.05,-2.51,21067.0,155813.0,10.79,1.9,3268223.0,8174301.0
801043.SI,20200226,冶钢原料,2733.43,2835.64,2706.94,2778.38,15.24,0.55,23262.0,167349.0,10.85,1.91,3286245.0,8212476.0
801043.SI,20200227,冶钢原料,2798.32,2811.23,2735.86,2743.82,-34.56,-1.24,15833.0,105974.0,10.72,1.89,3245368.0,8129506.0
801043.SI,20200228,冶钢原料,2665.06,2695.36,2547.49,2562.09,-181.73,-6.62,19858.0,133924.0,10.01,1.76,3030417.0,7613637.0
801043.SI,20200302,冶钢原料,2571.93,2677.9,2568.72,2666.13,104.04,4.06,14142.0,91595.0,10.42,1.83,3153479.0,7930772.0
801043.SI,20200303,冶钢原料,2699.15,2753.15,2661.56,2694.34,28.21,1.06,16044.0,114603.0,10.53,1.85,3186846.0,8031717.0
801043.SI,20200304,冶钢原料,2670.33,2746.17,2656.61,2723.94,29.6,1.1,12730.0,84868.0,10.64,1.87,3221858.0,8107554.0
801043.SI,20200305,冶钢原料,2742.17,2814.54,2733.54,2793.32,69.38,2.55,22612.0,146647.0,10.91,1.92,3303926.0,8316025.0
801043.SI,20200306,冶钢原料,2759.28,2789.57,2730.98,2759.14,-34.18,-1.22,13541.0,91213.0,10.78,1.9,3263502.0,8218109.0
801043.SI,20200309,冶钢原料,2715.02,2728.23,2622.03,2627.87,-131.27,-4.76,15726.0,111732.0,10.27,1.81,3108236.0,7869253.0
801043.SI,20200310,冶钢原料,2565.9,2673.4,2550.23,2664.17,36.3,1.38,13338.0,92394.0,10.41,1.83,3151173.0,7992448.0
801043.SI,20200311,冶钢原料,2674.92,2706.44,2623.3,2633.31,-30.86,-1.16,12894.0,84563.0,10.29,1.81,3114675.0,7957317.0
801043.SI,20200312,冶钢原料,2584.09,2604.67,2539.77,2555.16,-78.15,-2.97,13013.0,81474.0,9.98,1.76,3022241.0,7694566.0
801043.SI,20200313,冶钢原料,2419.81,2521.01,2385.83,2496.17,-58.99,-2.31,14275.0,90394.0,9.75,1.72,2952464.0,7544429.0
801043.SI,20200316,冶钢原料,2527.85,2539.49,2389.68,2404.19,-91.98,-3.68,11511.0,74751.0,9.39,1.65,2843674.0,7286560.0
801043.SI,20200317,冶钢原料,2409.77,2443.38,2327.78,2395.09,-9.1,-0.38,10042.0,61610.0,9.36,1.65,2832905.0,7240131.0
801043.SI,20200318,冶钢原料,2418.41,2451.11,2357.68,2361.63,-33.46,-1.4,9539.0,56639.0,9.23,1.63,2793332.0,7130009.0
801043.SI,20200319,冶钢原料,2343.24,2392.35,2320.48,2376.45,14.82,0.63,8390.0,52132.0,9.28,1.64,2810856.0,7160634.0
801043.SI,20200320,冶钢原料,2396.84,2424.85,2365.0,2404.49,28.04,1.18,6821.0,39548.0,9.39,1.65,2844023.0,7257791.0
801043.SI,20200323,冶钢原料,2350.75,2382.86,2326.16,2338.93,-65.56,-2.73,7379.0,42888.0,9.14,1.61,2766481.0,7068946.0
801043.SI,20200324,冶钢原料,2374.06,2399.25,2335.1,2380.88,41.95,1.79,8641.0,46426.0,9.3,1.64,2816101.0,7190129.0
801043.SI,20200325,冶钢原料,2425.79,2438.87,2392.49,2418.28,37.4,1.57,9253.0,54232.0,9.45,1.66,2860343.0,7289400.0
801043.SI,20200326,冶钢原料,2405.86,2416.55,2370.23,2384.03,-34.25,-1.42,7549.0,43784.0,9.31,1.64,2819833.0,7218186.0
801043.SI,20200327,冶钢原料,2403.05,2416.41,2374.47,2383.07,-0.96,-0.04,6828.0,39718.0,9.31,1.64,2818697.0,7200251.0
801043.SI,20200330,冶钢原料,2342.27,2362.63,2312.92,2342.18,-40.89,-1.72,7034.0,40570.0,9.15,1.61,2770327.0,7078574.0
801043.SI,20200331,冶钢原料,2363.12,2372.68,2329.05,2343.28,1.1,0.05,5637.0,32269.0,9.15,1.61,2771632.0,7082778.0
801043.SI,20200401,冶钢原料,2342.59,2377.45,2324.08,2339.3,-3.98,-0.17,6569.0,39275.0,9.14,1.61,2766928.0,7042755.0
801043.SI,20200402,冶钢原料,2322.33,2419.42,2311.08,2401.18,61.88,2.65,9740.0,66956.0,9.38,1.65,2840118.0,7195544.0
801043.SI,20200403,冶钢原料,2386.89,2398.93,2352.18,2361.57,-39.61,-1.65,6513.0,40815.0,9.23,1.63,2793268.0,7107423.0
801043.SI,20200407,冶钢原料,2389.83,2414.4,2374.45,2403.18,41.61,1.76,8767.0,52485.0,9.39,1.65,2842488.0,7246693.0
801043.SI,20200408,冶钢原料,2387.93,2458.25,2378.52,2431.89,28.71,1.19,11448.0,67563.0,9.5,1.67,2876448.0,7342479.0
801043.SI,20200409,冶钢原料,2433.04,2453.29,2411.7,2426.5,-5.39,-0.22,10098.0,59608.0,9.48,1.67,2870071.0,7330819.0
801043.SI,20200410,冶钢原料,2423.62,2438.11,2367.77,2380.11,-46.39,-1.91,9858.0,56032.0,9.3,1.64,2815197.0,7208696.0
801043.SI,20200413,冶钢原料,2362.31,2381.44,2338.44,2355.69,-24.42,-1.03,6347.0,34400.0,9.2,1.62,2786317.0,7133014.0
801043.SI,20200414,冶钢原料,2363.34,2387.2,2353.71,2384.25,28.56,1.21,6380.0,37392.0,9.31,1.64,2820094.0,7206804.0
801043.SI,20200415,冶钢原料,2388.31,2395.7,2350.55,2358.43,-25.82,-1.08,7162.0,42402.0,9.21,1.62,2789558.0,7136788.0
801043.SI,20200416,冶钢原料,2345.17,2372.97,2333.53,2358.39,-0.04,0.0,6949.0,38200.0,9.21,1.62,2789514.0,7135261.0
801043.SI,20200417,冶钢原料,2365.52,2391.03,2352.41,2369.7,11.31,0.48,8282.0,50253.0,9.26,1.63,2802896.0,7163296.0
801043.SI,20200420,冶钢原料,2361.93,2378.27,2345.98,2355.57,-14.13,-0.6,6123.0,36843.0,9.2,1.62,2786189.0,7131585.0
801043.SI,20200421,冶钢原料,2346.33,2353.51,2305.91,2324.64,-30.93,-1.31,7914.0,43315.0,9.08,1.6,2749606.0,7035274.0
801043.SI,20200422,冶钢原料,2316.6,2331.5,2298.55,2324.47,-0.17,-0.01,5484.0,31130.0,9.08,1.6,2749401.0,7024288.0
801043.SI,20200423,冶钢原料,2329.98,2337.77,2304.91,2316.16,-8.31,-0.36,5501.0,31430.0,9.05,1.59,2739571.0,6993605.0
801043.SI,20200424,冶钢原料,2315.95,2322.86,2257.43,2276.82,-39.34,-1.7,6992.0,44831.0,8.89,1.57,2693044.0,6882435.0
801043.SI,20200427,冶钢原料,2277.49,2285.63,2211.78,2229.42,-47.4,-2.08,6907.0,38890.0,8.71,1.53,2636974.0,6794279.0
801043.SI,20200428,冶钢原料,2214.34,2233.27,2092.67,2142.41,-87.01,-3.9,10177.0,51543.0,8.37,1.47,2534052.0,6560211.0
801043.SI,20200429,冶钢原料,2127.0,2167.04,2119.2,2140.2,-2.21,-0.1,4582.0,25184.0,8.36,1.47,2531433.0,6542219.0
801043.SI,20200430,冶钢原料,2141.36,2195.57,2135.77,2186.22,46.02,2.15,7192.0,38586.0,8.54,1.5,2585863.0,6682237.0
801043.SI,20200506,冶钢原料,2166.69,2236.27,2159.1,2226.63,40.41,1.85,7844.0,44530.0,12.11,1.53,2633658.0,6794560.0
801043.SI,20200507,冶钢原料,2228.82,2257.42,2214.51,2228.29,1.66,0.07,6374.0,37278.0,12.12,1.53,2635620.0,6784864.0
801043.SI,20200508,冶钢原料,2236.6,2267.12,2227.78,2254.98,26.69,1.2,7443.0,41369.0,12.27,1.55,2667184.0,6875231.0
801043.SI,20200511,冶钢原料,2254.33,2278.13,2237.15,2248.88,-6.1,-0.27,5878.0,34426.0,12.23,1.55,2659970.0,6863277.0
801043.SI,20200512,冶钢原料,2248.37,2253.08,2184.78,2222.22,-26.66,-1.19,5739.0,33070.0,12.08,1.53,2628442.0,6788654.0
801043.SI,20200513,冶钢原料,2225.09,2287.62,2208.8,2273.21,50.99,2.29,9057.0,65684.0,12.37,1.56,2688754.0,6888150.0
801043.SI,20200514,冶钢原料,2256.97,2308.9,2232.73,2256.6,-16.61,-0.73,9193.0,67363.0,12.27,1.55,2669109.0,6836428.0
801043.SI,20200515,冶钢原料,2262.99,2305.84,2224.94,2263.34,6.74,0.3,9185.0,64167.0,12.3,1.56,2677088.0,6864790.0
801043.SI,20200518,冶钢原料,2262.65,2311.23,2228.08,2278.25,14.91,0.66,11450.0,61900.0,12.36,1.57,2694725.0,6958198.0
801043.SI,20200519,冶钢原料,2280.94,2292.91,2243.34,2258.35,-19.9,-0.87,8723.0,52295.0,12.26,1.55,2671187.0,6915322.0
801043.SI,20200520,冶钢原料,2250.77,2259.22,2191.74,2200.48,-57.87,-2.56,9264.0,53947.0,11.94,1.51,2602736.0,6758283.0
801043.SI,20200521,冶钢原料,2214.15,2331.3,2202.09,2302.35,101.87,4.63,20896.0,163878.0,12.52,1.58,2723224.0,6987065.0
801043.SI,20200522,冶钢原料,2284.47,2299.27,2211.26,2232.52,-69.83,-3.03,16349.0,114559.0,12.1,1.54,2640628.0,6830140.0
801043.SI,20200525,冶钢原料,2209.35,2228.49,2168.2,2185.78,-46.74,-2.09,9494.0,63396.0,11.84,1.5,2585341.0,6739694.0
801043.SI,20200526,冶钢原料,2181.75,2214.16,2161.1,2201.7,15.92,0.73,8402.0,53787.0,11.93,1.52,2604175.0,6731894.0
801043.SI,20200527,冶钢原料,2196.81,2309.47,2168.52,2252.67,50.97,2.32,13424.0,101157.0,12.24,1.55,2664459.0,6820379.0
801043.SI,20200528,冶钢原料,2257.94,2373.08,2245.53,2341.87,89.2,3.96,20207.0,160954.0,12.75,1.61,2769960.0,7029051.0
801043.SI,20200529,冶钢原料,2316.43,2379.46,2296.9,2350.59,8.72,0.37,16107.0,121829.0,12.78,1.62,2780278.0,7151248.0
801043.SI,20200601,冶钢原料,2337.23,2402.65,2328.06,2376.75,26.16,1.11,15998.0,117830.0,12.91,1.64,2811215.0,7240489.0
801043.SI,20200602,冶钢原料,2356.99,2394.76,2323.04,2369.91,-6.84,-0.29,12973.0,89404.0,12.87,1.63,2803126.0,7239005.0
801043.SI,20200603,冶钢原料,2350.13,2406.54,2317.11,2356.05,-13.86,-0.58,12575.0,86348.0,12.79,1.62,2786735.0,7201826.0
801043.SI,20200604,冶钢原料,2350.52,2419.21,2341.89,2372.54,16.49,0.7,11984.0,67814.0,10.78,1.38,2806235.0,7233296.0
801043.SI,20200605,冶钢原料,2344.45,2360.25,2291.69,2324.38,-48.16,-2.03,11445.0,66574.0,12.62,1.6,2749276.0,7129519.0
801043.SI,20200608,冶钢原料,2330.77,2392.68,2307.71,2364.36,39.98,1.72,17552.0,89022.0,12.78,1.63,2796568.0,7306603.0
801043.SI,20200609,冶钢原料,2348.1,2402.67,2328.58,2357.14,-7.22,-0.31,18329.0,100356.0,12.78,1.62,2788034.0,7247219.0
801043.SI,20200610,冶钢原料,2345.27,2400.59,2311.66,2350.04,-7.1,-0.3,15551.0,87780.0,12.75,1.62,2779632.0,7215802.0
801043.SI,20200611,冶钢原料,2335.32,2364.58,2288.39,2312.21,-37.83,-1.61,14888.0,78296.0,12.55,1.59,2734888.0,7115812.0
801043.SI,20200612,冶钢原料,2243.37,2325.02,2224.16,2306.29,-5.92,-0.26,15676.0,65803.0,12.52,1.59,2727887.0,7112414.0
801043.SI,20200615,冶钢原料,2287.77,2351.11,2261.48,2284.48,-21.81,-0.95,14751.0,73790.0,12.41,1.57,2702096.0,6989985.0
801043.SI,20200616,冶钢原料,2293.09,2372.9,2283.14,2358.37,73.89,3.23,17256.0,97706.0,12.79,1.62,2789497.0,7209973.0
801043.SI,20200617,冶钢原料,2346.54,2394.84,2323.27,2345.77,-12.6,-0.53,14396.0,79453.0,12.73,1.61,2774595.0,7136749.0
801043.SI,20200618,冶钢原料,2342.2,2439.0,2329.3,2380.56,34.79,1.48,21296.0,96733.0,12.93,1.64,2815748.0,7239655.0
801043.SI,20200619,冶钢原料,2376.28,2388.33,2344.34,2364.52,-16.04,-0.67,13955.0,63996.0,12.85,1.63,2796780.0,7180917.0
801043.SI,20200622,冶钢原料,2368.18,2384.49,2332.49,2339.78,-24.74,-1.05,10400.0,53746.0,12.7,1.61,2767520.0,7108091.0
801043.SI,20200623,冶钢原料,2337.25,2367.01,2316.28,2331.68,-8.1,-0.35,10185.0,53821.0,12.66,1.6,2757943.0,7089638.0
801043.SI,20200624,冶钢原料,2331.7,2356.13,2313.4,2327.34,-4.34,-0.19,9026.0,50051.0,12.55,1.6,2752814.0,7089047.0
801043.SI,20200629,冶钢原料,2318.54,2319.06,2255.8,2259.02,-68.32,-2.94,10390.0,57161.0,12.18,1.55,2672000.0,6881430.0
801043.SI,20200630,冶钢原料,2269.75,2287.57,2259.7,2273.08,14.06,0.62,7644.0,40942.0,12.26,1.56,2688628.0,6938214.0
801043.SI,20200701,冶钢原料,2277.41,2311.54,2264.89,2301.32,28.24,1.24,9990.0,51140.0,12.41,1.58,2722030.0,7015268.0
801043.SI,20200702,冶钢原料,2304.55,2382.71,2290.65,2366.13,64.81,2.82,18431.0,97920.0,12.76,1.63,2798686.0,7196848.0
801043.SI,20200703,冶钢原料,2356.0,2474.5,2347.94,2435.67,69.54,2.94,28161.0,150128.0,13.14,1.68,2880940.0,7400224.0
801043.SI,20200706,冶钢原料,2463.99,2624.08,2451.44,2608.25,172.58,7.09,40374.0,217900.0,14.07,1.8,3085070.0,7881712.0
801043.SI,20200707,冶钢原料,2646.44,2682.87,2552.73,2572.82,-35.43,-1.36,36791.0,207548.0,13.88,1.77,3043162.0,7783598.0
801043.SI,20200708,冶钢原料,2575.73,2700.91,2561.25,2674.15,101.33,3.94,34440.0,187471.0,14.42,1.84,3163021.0,8101335.0
801043.SI,20200709,冶钢原料,2668.09,2738.66,2633.13,2715.36,41.21,1.54,36134.0,207979.0,14.65,1.87,3211768.0,8215564.0
801043.SI,20200710,冶钢原料,2705.1,2720.2,2603.29,2618.86,-96.5,-3.55,28507.0,162285.0,14.13,1.8,3097625.0,7964058.0
801043.SI,20200713,冶钢原料,2615.96,2789.56,2606.28,2756.9,138.04,5.27,34088.0,207836.0,14.87,1.9,3260899.0,8367965.0
801043.SI,20200714,冶钢原料,2750.43,2828.83,2665.94,2724.43,-32.47,-1.18,33472.0,206144.0,14.7,1.88,3222499.0,8309249.0
801043.SI,20200715,冶钢原料,2744.02,2760.4,2588.95,2604.81,-119.62,-4.39,25448.0,152041.0,14.05,1.79,3081005.0,7976847.0
801043.SI,20200716,冶钢原料,2615.04,2649.05,2476.64,2487.98,-116.83,-4.49,23167.0,133567.0,13.42,1.71,2942813.0,7655779.0
801043.SI,20200717,冶钢原料,2488.94,2537.18,2445.94,2479.38,-8.6,-0.35,14852.0,82538.0,13.37,1.71,2932646.0,7648398.0
801043.SI,20200720,冶钢原料,2496.63,2610.24,2488.97,2600.31,120.93,4.88,20005.0,108640.0,14.03,1.79,3075682.0,7989626.0
801043.SI,20200721,冶钢原料,2597.77,2633.96,2552.03,2578.67,-21.64,-0.83,15718.0,89109.0,13.91,1.77,3050079.0,7944227.0
801043.SI,20200722,冶钢原料,2612.83,2640.02,2568.01,2578.6,-0.07,0.0,18190.0,107650.0,13.91,1.77,3050001.0,7945667.0
801043.SI,20200723,冶钢原料,2553.15,2569.07,2479.67,2540.1,-38.5,-1.49,17507.0,97753.0,13.7,1.75,3004462.0,7822455.0
801043.SI,20200724,冶钢原料,2531.97,2561.82,2422.9,2439.31,-100.79,-3.97,17725.0,93262.0,13.16,1.68,2885244.0,7509142.0
801043.SI,20200727,冶钢原料,2443.09,2478.6,2393.77,2440.13,0.82,0.03,11021.0,56601.0,13.16,1.68,2886215.0,7517426.0
801043.SI,20200728,冶钢原料,2458.31,2553.79,2455.72,2505.48,65.35,2.68,17865.0,89410.0,13.51,1.72,2963517.0,7706383.0
801043.SI,20200729,冶钢原料,2492.66,2540.91,2450.33,2531.97,26.49,1.06,14135.0,78008.0,13.66,1.74,2994850.0,7790768.0
801043.SI,20200730,冶钢原料,2537.0,2567.31,2497.7,2520.96,-11.01,-0.43,13221.0,76571.0,13.6,1.74,2981830.0,7807414.0
801043.SI,20200731,冶钢原料,2517.5,2570.06,2493.91,2542.17,21.21,0.84,18387.0,118657.0,13.71,1.75,3006923.0,7911484.0
801043.SI,20200803,冶钢原料,2562.02,2700.29,2553.84,2691.81,149.64,5.89,29375.0,200592.0,14.52,1.85,3183919.0,8402788.0
801043.SI,20200804,冶钢原料,2717.48,2746.81,2638.89,2698.81,7.0,0.26,34322.0,227410.0,14.56,1.86,3192195.0,8470761.0
801043.SI,20200805,冶钢原料,2683.74,2714.4,2625.93,2693.83,-4.98,-0.18,25769.0,169686.0,14.53,1.85,3186306.0,8427272.0
801043.SI,20200806,冶钢原料,2693.95,2750.98,2649.26,2713.26,19.43,0.72,29630.0,171981.0,14.64,1.87,3209286.0,8524720.0
801043.SI,20200807,冶钢原料,2708.06,2741.08,2622.42,2661.91,-51.35,-1.89,25982.0,161518.0,14.36,1.83,3148554.0,8489766.0
801043.SI,20200810,冶钢原料,2643.65,2740.24,2616.67,2700.88,38.97,1.46,27367.0,174034.0,14.57,1.86,3194651.0,8628356.0
801043.SI,20200811,冶钢原料,2703.47,2756.62,2627.47,2638.76,-62.12,-2.3,28559.0,185068.0,14.23,1.82,3121173.0,8316505.0
801043.SI,20200812,冶钢原料,2610.09,2642.78,2548.28,2608.41,-30.35,-1.15,18928.0,114466.0,14.07,1.8,3085278.0,8204172.0
801043.SI,20200813,冶钢原料,2611.52,2671.31,2589.93,2625.15,16.74,0.64,16380.0,99322.0,14.13,1.8,3152617.0,8227689.0
801043.SI,20200814,冶钢原料,2616.14,2645.19,2568.32,2622.5,-2.65,-0.1,12853.0,77886.0,14.12,1.8,3149437.0,8223724.0
801043.SI,20200817,冶钢原料,2626.36,2676.23,2603.04,2663.63,41.13,1.57,18338.0,108471.0,14.34,1.82,3198827.0,8349198.0
801043.SI,20200818,冶钢原料,2662.46,2716.79,2650.72,2695.0,31.37,1.18,21661.0,135948.0,14.51,1.85,3236506.0,8500382.0
801043.SI,20200819,冶钢原料,2699.48,2713.67,2638.45,2652.5,-42.5,-1.58,17406.0,105285.0,14.28,1.82,3185463.0,8403353.0
801043.SI,20200820,冶钢原料,2649.42,2675.13,2600.24,2609.87,-42.63,-1.61,19716.0,137267.0,14.05,1.79,3134269.0,8273483.0
801043.SI,20200821,冶钢原料,2611.28,2639.75,2581.5,2604.49,-5.38,-0.21,12868.0,85867.0,14.02,1.78,3127807.0,8205495.0
801043.SI,20200824,冶钢原料,2601.36,2630.53,2568.75,2600.32,-4.17,-0.16,11121.0,65521.0,14.0,1.78,3122802.0,8169241.0
801043.SI,20200825,冶钢原料,2604.99,2612.58,2543.9,2553.28,-47.04,-1.81,13069.0,79343.0,13.75,1.75,3066310.0,7987496.0
801043.SI,20200826,冶钢原料,2546.35,2568.27,2482.93,2488.98,-64.3,-2.52,13276.0,81161.0,13.4,1.7,2989085.0,7790121.0
801043.SI,20200827,冶钢原料,2488.85,2515.56,2472.04,2498.38,9.4,0.38,8918.0,51981.0,13.45,1.71,3000375.0,7839160.0
801043.SI,20200828,冶钢原料,2498.86,2520.84,2471.06,2517.7,19.32,0.77,10000.0,55985.0,13.56,1.72,3023584.0,7894863.0
801043.SI,20200831,冶钢原料,2514.71,2546.92,2498.6,2516.54,-1.16,-0.05,11506.0,67915.0,13.55,1.72,3022197.0,7884458.0
801043.SI,20200901,冶钢原料,2513.07,2518.97,2479.47,2500.43,-16.11,-0.64,8193.0,52056.0,41.6,1.71,3002854.0,7838377.0
801043.SI,20200902,冶钢原料,2502.89,2512.94,2458.62,2478.54,-21.89,-0.88,10533.0,63856.0,41.23,1.7,2976568.0,7768219.0
801043.SI,20200903,冶钢原料,2480.33,2497.89,2447.93,2454.43,-24.11,-0.97,9557.0,55371.0,36.87,1.66,3064423.0,7690628.0
801043.SI,20200904,冶钢原料,2415.25,2444.32,2389.44,2435.3,-19.13,-0.78,9022.0,48729.0,36.58,1.65,3040537.0,7628992.0
801043.SI,20200907,冶钢原料,2436.34,2481.03,2421.17,2438.59,3.29,0.14,10106.0,56505.0,36.63,1.65,3044645.0,7628461.0
801043.SI,20200908,冶钢原料,2441.48,2481.92,2419.86,2473.41,34.82,1.43,12542.0,53287.0,37.16,1.67,3088119.0,7738975.0
801043.SI,20200909,冶钢原料,2451.91,2530.41,2431.58,2487.83,14.42,0.58,22581.0,85726.0,37.37,1.68,3106125.0,7792708.0
801043.SI,20200910,冶钢原料,2491.47,2512.79,2393.33,2405.81,-82.02,-3.3,16568.0,68292.0,36.14,1.63,3003718.0,7514068.0
801043.SI,20200911,冶钢原料,2389.46,2433.03,2380.46,2413.72,7.91,0.33,8033.0,38504.0,36.26,1.63,3013590.0,7540328.0
801043.SI,20200914,冶钢原料,2417.92,2443.54,2397.22,2423.46,9.74,0.4,8267.0,39887.0,36.4,1.64,3025748.0,7564639.0
801043.SI,20200915,冶钢原料,2427.73,2433.75,2398.43,2413.97,-9.49,-0.39,5290.0,28048.0,36.26,1.63,3013898.0,7533060.0
801043.SI,20200916,冶钢原料,2407.49,2422.7,2376.21,2394.39,-19.58,-0.81,6200.0,33109.0,35.97,1.62,2989454.0,7480538.0
801043.SI,20200917,冶钢原料,2388.9,2429.45,2357.38,2411.24,16.85,0.7,8701.0,49470.0,36.22,1.63,3010491.0,7513899.0
801043.SI,20200918,冶钢原料,2400.55,2448.53,2385.08,2439.27,28.03,1.16,9792.0,51542.0,36.64,1.65,3045483.0,7622132.0
801043.SI,20200921,冶钢原料,2445.61,2461.44,2413.99,2426.79,-12.48,-0.51,7072.0,38298.0,36.45,1.64,3029902.0,7600827.0
801043.SI,20200922,冶钢原料,2411.64,2417.51,2370.61,2379.27,-47.52,-1.96,6918.0,35871.0,35.74,1.61,2970578.0,7436155.0
801043.SI,20200923,冶钢原料,2386.43,2407.0,2371.4,2390.5,11.23,0.47,6069.0,40066.0,35.91,1.62,2984602.0,7503458.0
801043.SI,20200924,冶钢原料,2380.28,2386.33,2321.23,2327.58,-62.92,-2.63,8660.0,46201.0,34.96,1.58,2906047.0,7293612.0
801043.SI,20200925,冶钢原料,2329.03,2349.26,2310.2,2324.96,-2.62,-0.11,5080.0,26429.0,34.93,1.57,2902776.0,7272438.0
801043.SI,20200928,冶钢原料,2326.85,2344.99,2294.1,2304.37,-20.59,-0.89,4581.0,25503.0,34.62,1.56,2877064.0,7211038.0
801043.SI,20200929,冶钢原料,2317.58,2339.78,2296.3,2306.16,1.79,0.08,5052.0,26079.0,34.64,1.56,2879303.0,7211752.0
801043.SI,20200930,冶钢原料,2315.07,2327.14,2282.47,2294.42,-11.74,-0.51,5823.0,27748.0,34.47,1.55,2864647.0,7184555.0
801043.SI,20201009,冶钢原料,2327.52,2388.36,2320.36,2363.41,68.99,3.01,8544.0,53748.0,35.5,1.6,2950786.0,7432672.0
801043.SI,20201012,冶钢原料,2372.92,2414.15,2358.63,2407.7,44.29,1.87,11146.0,66781.0,36.17,1.63,3006087.0,7570094.0
801043.SI,20201013,冶钢原料,2402.7,2409.39,2366.62,2385.85,-21.85,-0.91,7666.0,44627.0,35.84,1.62,2978805.0,7511580.0
801043.SI,20201014,冶钢原料,2379.46,2390.02,2343.85,2353.64,-32.21,-1.35,7960.0,49802.0,35.36,1.59,2938591.0,7411575.0
801043.SI,20201015,冶钢原料,2364.77,2383.75,2345.44,2354.88,1.24,0.05,6107.0,40264.0,35.37,1.59,2940142.0,7414239.0
801043.SI,20201016,冶钢原料,2348.47,2382.66,2335.78,2361.33,6.45,0.27,6891.0,43280.0,35.47,1.6,2948196.0,7448101.0
801043.SI,20201019,冶钢原料,2376.45,2387.18,2335.96,2340.99,-20.34,-0.86,7226.0,42919.0,35.17,1.58,2922796.0,7371255.0
801043.SI,20201020,冶钢原料,2332.27,2343.02,2311.47,2336.83,-4.16,-0.18,5094.0,29843.0,35.1,1.58,2917601.0,7355940.0
801043.SI,20201021,冶钢原料,2340.58,2343.14,2300.85,2314.19,-22.64,-0.97,5341.0,30539.0,34.76,1.57,2889329.0,7292241.0
801043.SI,20201022,冶钢原料,2304.67,2315.6,2286.95,2302.21,-11.98,-0.52,4727.0,25647.0,34.58,1.56,2874375.0,7248785.0
801043.SI,20201023,冶钢原料,2303.23,2329.16,2289.69,2296.5,-5.71,-0.25,5329.0,29583.0,34.5,1.55,2867243.0,7200383.0
801043.SI,20201026,冶钢原料,2288.71,2307.03,2269.68,2286.4,-10.1,-0.44,5016.0,27900.0,34.35,1.55,2854629.0,7146792.0
801043.SI,20201027,冶钢原料,2279.56,2298.18,2264.35,2282.2,-4.2,-0.18,4813.0,25578.0,37.99,1.57,2744577.0,7122653.0
801043.SI,20201028,冶钢原料,2288.4,2330.78,2264.32,2321.16,38.96,1.71,7245.0,41106.0,38.64,1.59,2791433.0,7243791.0
801043.SI,20201029,冶钢原料,2295.72,2321.38,2279.64,2300.35,-20.81,-0.9,6362.0,34551.0,38.29,1.58,2766402.0,7181244.0
801043.SI,20201030,冶钢原料,2308.56,2351.85,2279.19,2296.86,-3.49,-0.15,10383.0,61413.0,38.23,1.58,2762208.0,7132269.0
801043.SI,20201102,冶钢原料,2294.65,2318.13,2252.59,2284.74,-12.12,-0.53,6977.0,42580.0,38.03,1.57,2747638.0,7125670.0
801043.SI,20201103,冶钢原料,2285.58,2371.72,2283.07,2345.03,60.29,2.64,10489.0,59319.0,39.03,1.61,2820146.0,7314693.0
801043.SI,20201104,冶钢原料,2344.9,2382.83,2329.36,2349.03,4.0,0.17,9143.0,55505.0,39.1,1.61,2824953.0,7339013.0
801043.SI,20201105,冶钢原料,2363.08,2397.83,2345.37,2384.72,35.69,1.52,11239.0,67741.0,39.69,1.64,2867875.0,7483370.0
801043.SI,20201106,冶钢原料,2383.52,2393.69,2351.42,2373.94,-10.78,-0.45,8823.0,49989.0,39.51,1.63,2854909.0,7454775.0
801043.SI,20201109,冶钢原料,2390.92,2470.15,2386.39,2444.2,70.26,2.96,16819.0,108506.0,40.68,1.68,2939409.0,7701058.0
801043.SI,20201110,冶钢原料,2450.86,2489.63,2411.93,2448.18,3.98,0.16,13496.0,87500.0,40.75,1.68,2944200.0,7777425.0
801043.SI,20201111,冶钢原料,2449.8,2575.17,2432.09,2517.81,69.63,2.84,28638.0,173242.0,41.91,1.73,3027933.0,7978522.0
801043.SI,20201112,冶钢原料,2498.68,2551.04,2459.98,2533.6,15.79,0.63,19670.0,118634.0,42.17,1.74,3046921.0,8075700.0
801043.SI,20201113,冶钢原料,2542.59,2641.57,2499.47,2601.61,68.01,2.68,36172.0,170905.0,43.3,1.78,3128708.0,8255264.0
801043.SI,20201116,冶钢原料,2626.18,2792.47,2595.72,2737.62,136.01,5.23,65179.0,286152.0,45.57,1.88,3292271.0,8726836.0
801043.SI,20201117,冶钢原料,2728.94,2766.38,2650.14,2697.21,-40.41,-1.48,43479.0,244838.0,39.75,1.86,3503332.0,8620676.0
801043.SI,20201118,冶钢原料,2692.26,2791.22,2626.07,2716.87,19.66,0.73,40434.0,229133.0,40.04,1.87,3528870.0,8698018.0
801043.SI,20201119,冶钢原料,2698.49,2787.57,2619.94,2673.36,-43.51,-1.6,36585.0,204014.0,39.4,1.84,3472352.0,8536728.0
801043.SI,20201120,冶钢原料,2643.17,2708.3,2600.91,2683.17,9.81,0.37,33279.0,190322.0,39.54,1.85,3485100.0,8632619.0
801043.SI,20201123,冶钢原料,2693.27,2845.41,2664.62,2762.24,79.07,2.95,52978.0,300721.0,40.71,1.9,3587798.0,8864935.0
801043.SI,20201124,冶钢原料,2732.19,2851.62,2690.53,2806.48,44.24,1.6,48637.0,234744.0,41.36,1.93,3645259.0,9006028.0
801043.SI,20201125,冶钢原料,2807.71,2866.55,2694.42,2700.02,-106.46,-3.79,42183.0,227631.0,39.79,1.86,3506988.0,8634037.0
801043.SI,20201126,冶钢原料,2688.73,2746.57,2614.98,2681.44,-18.58,-0.69,26748.0,147338.0,39.52,1.85,3482856.0,8603408.0
801043.SI,20201127,冶钢原料,2666.05,2745.82,2584.59,2656.38,-25.06,-0.93,24459.0,163100.0,39.15,1.83,3450301.0,8552170.0
801043.SI,20201130,冶钢原料,2663.44,2744.22,2630.54,2653.91,-2.47,-0.09,27449.0,157944.0,39.11,1.83,3447099.0,8541116.0
801043.SI,20201201,冶钢原料,2633.18,2685.49,2592.06,2659.66,5.75,0.22,21030.0,117149.0,39.2,1.83,3454562.0,8553666.0
801043.SI,20201202,冶钢原料,2684.19,2774.54,2642.05,2727.33,67.67,2.54,28617.0,203028.0,40.19,1.88,3542457.0,8810478.0
801043.SI,20201203,冶钢原料,2736.49,2784.53,2664.62,2719.22,-8.11,-0.3,26709.0,195393.0,40.07,1.87,3531929.0,8805156.0
801043.SI,20201204,冶钢原料,2697.68,2822.01,2649.74,2804.09,84.87,3.12,27541.0,203608.0,41.32,1.93,3642166.0,9150241.0
801043.SI,20201207,冶钢原料,2808.52,2898.98,2760.97,2823.8,19.71,0.7,29415.0,259909.0,41.61,1.94,3667770.0,9234154.0
801043.SI,20201208,冶钢原料,2797.57,2845.71,2716.28,2731.27,-92.53,-3.28,21519.0,194437.0,40.25,1.88,3547581.0,8852147.0
801043.SI,20201209,冶钢原料,2735.66,2856.22,2707.37,2767.36,36.09,1.32,24573.0,197938.0,40.78,1.91,3594457.0,8918679.0
801043.SI,20201210,冶钢原料,2768.63,2842.86,2738.09,2802.07,34.71,1.25,22698.0,186250.0,41.29,1.93,3639539.0,9104430.0
801043.SI,20201211,冶钢原料,2868.98,2910.94,2702.75,2759.67,-42.4,-1.51,27998.0,218161.0,40.67,1.9,3584472.0,8932294.0
801043.SI,20201214,冶钢原料,2720.43,2739.67,2648.81,2692.94,-66.73,-2.42,19442.0,137795.0,39.69,1.85,3497791.0,8683065.0
801043.SI,20201215,冶钢原料,2682.17,2689.81,2594.46,2645.37,-47.57,-1.77,17113.0,121705.0,38.98,1.82,3436007.0,8566630.0
801043.SI,20201216,冶钢原料,2644.61,2730.92,2596.27,2657.94,12.57,0.48,16646.0,131936.0,39.17,1.83,3452327.0,8563089.0
801043.SI,20201217,冶钢原料,2647.11,2776.01,2602.51,2765.44,107.5,4.04,22049.0,157775.0,40.75,1.9,3591958.0,8956867.0
801043.SI,20201218,冶钢原料,2789.98,2887.87,2760.32,2856.03,90.59,3.28,27945.0,211425.0,42.09,1.97,3709626.0,9260925.0
801043.SI,20201221,冶钢原料,2870.44,2967.57,2826.94,2924.08,68.05,2.38,29617.0,232700.0,43.09,2.01,3798013.0,9542750.0
801043.SI,20201222,冶钢原料,2907.87,2919.11,2759.01,2793.93,-130.15,-4.45,28581.0,221098.0,41.17,1.92,3628970.0,9091768.0
801043.SI,20201223,冶钢原料,2763.34,2876.53,2738.36,2838.49,44.56,1.59,27460.0,195897.0,41.48,1.96,3723993.0,9166307.0
801043.SI,20201224,冶钢原料,2839.88,2891.68,2783.97,2803.28,-35.21,-1.24,19979.0,143649.0,40.96,1.94,3677794.0,9077176.0
801043.SI,20201225,冶钢原料,2773.27,2890.11,2722.58,2865.32,62.04,2.21,29391.0,197025.0,41.87,1.98,3759193.0,9300931.0
801043.SI,20201228,冶钢原料,2864.11,2879.34,2769.48,2816.3,-49.02,-1.71,25599.0,171559.0,41.15,1.94,3694880.0,9115788.0
801043.SI,20201229,冶钢原料,2806.2,2825.08,2705.78,2723.98,-92.32,-3.28,21237.0,146990.0,39.8,1.88,3573756.0,8800874.0
801043.SI,20201230,冶钢原料,2696.6,2859.67,2655.52,2801.74,77.76,2.85,33798.0,215384.0,40.94,1.93,3675773.0,8985204.0
801043.SI,20201231,冶钢原料,2788.17,2819.94,2723.9,2765.07,-36.67,-1.31,24368.0,168011.0,40.4,1.91,3627665.0,8858245.0
801043.SI,20210104,冶钢原料,2771.95,2837.64,2745.32,2802.33,37.26,1.35,31296.0,191148.0,40.95,1.94,3676548.0,9018246.0
801043.SI,20210105,冶钢原料,2798.82,2834.57,2722.35,2795.44,-6.89,-0.25,29692.0,184934.0,40.85,1.93,3667512.0,8948292.0
801043.SI,20210106,冶钢原料,2799.7,2822.72,2680.29,2720.78,-74.66,-2.67,24394.0,162195.0,39.76,1.88,3569565.0,8719291.0
801043.SI,20210107,冶钢原料,2730.18,2863.47,2686.94,2804.16,83.38,3.06,41481.0,270061.0,40.98,1.94,3678958.0,8928751.0
801043.SI,20210108,冶钢原料,2811.98,2888.03,2741.46,2840.41,36.25,1.29,28816.0,209896.0,41.51,1.96,3726511.0,9086129.0
801043.SI,20210111,冶钢原料,2811.76,2831.31,2664.26,2690.81,-149.6,-5.27,31280.0,204226.0,39.32,1.86,3530235.0,8647330.0
801043.SI,20210112,冶钢原料,2661.73,2736.17,2623.49,2712.37,21.56,0.8,22049.0,164310.0,39.63,1.87,3558520.0,8682626.0
801043.SI,20210113,冶钢原料,2701.59,2810.34,2660.97,2745.81,33.44,1.23,25655.0,188286.0,40.12,1.9,3602394.0,8764671.0
801043.SI,20210114,冶钢原料,2730.38,2805.23,2672.25,2757.99,12.18,0.44,18977.0,148404.0,40.3,1.9,3618379.0,8833057.0
801043.SI,20210115,冶钢原料,2763.93,2877.42,2698.32,2807.27,49.28,1.79,25167.0,197806.0,41.02,1.94,3683035.0,8904617.0
801043.SI,20210118,冶钢原料,2814.8,2906.95,2747.75,2815.55,8.28,0.29,30077.0,240813.0,41.14,1.94,3693904.0,8909791.0
801043.SI,20210119,冶钢原料,2791.38,2865.95,2756.46,2789.24,-26.31,-0.93,20966.0,162823.0,40.76,1.93,3659393.0,8817696.0
801043.SI,20210120,冶钢原料,2785.82,2898.05,2764.14,2859.32,70.08,2.51,26308.0,199399.0,41.78,1.97,3751339.0,9007968.0
801043.SI,20210121,冶钢原料,2841.7,2956.11,2804.72,2898.7,39.38,1.38,30543.0,223779.0,42.36,2.0,3803005.0,9199513.0
801043.SI,20210122,冶钢原料,2914.21,3015.11,2836.06,2961.2,62.5,2.16,34926.0,288849.0,43.27,2.04,3885009.0,9353045.0
801043.SI,20210125,冶钢原料,2990.03,3119.53,2918.08,3057.47,96.27,3.25,54883.0,474533.0,44.68,2.11,4011318.0,9512775.0
801043.SI,20210126,冶钢原料,3047.84,3180.13,2982.12,3022.61,-34.86,-1.14,50769.0,469322.0,44.17,2.09,3965582.0,9483868.0
801043.SI,20210127,冶钢原料,3008.16,3138.7,2970.65,3039.66,17.05,0.56,39046.0,344144.0,44.42,2.1,3987948.0,9542264.0
801043.SI,20210128,冶钢原料,3011.49,3074.33,2871.93,2900.72,-138.94,-4.57,35624.0,308253.0,42.39,2.0,3805666.0,9076314.0
801043.SI,20210129,冶钢原料,2917.02,2944.92,2696.34,2753.23,-147.49,-5.08,39609.0,302320.0,40.23,1.9,3612163.0,8641840.0
801043.SI,20210201,冶钢原料,2722.09,2765.45,2637.5,2674.06,-79.17,-2.88,27848.0,206263.0,39.07,1.85,3508291.0,8469733.0
801043.SI,20210202,冶钢原料,2688.22,2711.64,2617.96,2664.59,-9.47,-0.35,20981.0,157668.0,38.94,1.84,3495867.0,8434740.0
801043.SI,20210203,冶钢原料,2648.94,2674.85,2542.53,2581.17,-83.42,-3.13,26841.0,186012.0,37.72,1.78,3386427.0,8261358.0
801043.SI,20210204,冶钢原料,2569.85,2595.03,2454.96,2520.38,-60.79,-2.36,23746.0,158558.0,36.83,1.74,3306671.0,8126033.0
801043.SI,20210205,冶钢原料,2500.88,2592.98,2453.29,2495.47,-24.91,-0.99,18481.0,140135.0,36.47,1.72,3273993.0,8056970.0
801043.SI,20210208,冶钢原料,2505.36,2572.32,2453.37,2534.77,39.3,1.57,16963.0,130308.0,37.04,1.75,3325556.0,8227463.0
801043.SI,20210209,冶钢原料,2530.37,2662.84,2522.81,2639.03,104.26,4.11,19760.0,143268.0,38.56,1.82,3462347.0,8540244.0
801043.SI,20210210,冶钢原料,2640.7,2672.63,2569.23,2631.13,-7.9,-0.3,18627.0,117797.0,38.45,1.82,3451979.0,8524814.0
801043.SI,20210218,冶钢原料,2735.83,2809.24,2677.6,2778.77,147.64,5.61,29762.0,204236.0,40.6,1.92,3645680.0,9013359.0
801043.SI,20210219,冶钢原料,2786.32,2925.14,2757.91,2895.47,116.7,4.2,33451.0,250786.0,42.31,2.0,3798782.0,9433834.0
801043.SI,20210222,冶钢原料,2980.01,3156.34,2939.87,3050.13,154.66,5.34,57932.0,336958.0,44.57,2.11,4001696.0,10006952.0
801043.SI,20210223,冶钢原料,3030.94,3083.83,2960.33,3009.97,-40.16,-1.32,41408.0,231379.0,43.98,2.08,3949003.0,9962993.0
801043.SI,20210224,冶钢原料,3054.56,3142.33,2945.96,3004.31,-5.66,-0.19,45567.0,404987.0,43.9,2.07,3941571.0,9898990.0
801043.SI,20210225,冶钢原料,3062.64,3202.47,2951.34,3110.96,106.65,3.55,45707.0,381482.0,45.46,2.15,4081494.0,10149887.0
801043.SI,20210226,冶钢原料,3011.49,3110.89,2933.76,2994.19,-116.77,-3.75,37367.0,309695.0,43.75,2.07,3928298.0,9873150.0
801043.SI,20210301,冶钢原料,3024.98,3203.48,2999.92,3159.18,164.99,5.51,39071.0,278779.0,46.16,2.18,4144767.0,10412232.0
801043.SI,20210302,冶钢原料,3216.86,3272.5,3101.95,3166.2,7.02,0.22,49313.0,474241.0,46.27,2.19,4153980.0,10482987.0
801043.SI,20210303,冶钢原料,3214.2,3461.22,3202.69,3438.19,271.99,8.59,66641.0,492953.0,50.24,2.37,4510826.0,11353147.0
801043.SI,20210304,冶钢原料,3434.95,3579.62,3277.72,3404.05,-34.14,-0.99,85731.0,761799.0,49.74,2.35,4466030.0,11232847.0
801043.SI,20210305,冶钢原料,3286.4,3398.18,3139.01,3239.86,-164.19,-4.82,60272.0,549324.0,47.34,2.24,4250619.0,10772363.0
801043.SI,20210308,冶钢原料,3296.1,3453.11,3242.69,3358.63,118.77,3.67,36655.0,371786.0,49.08,2.32,4406446.0,10969302.0
801043.SI,20210309,冶钢原料,3301.52,3379.3,3100.92,3168.6,-190.03,-5.66,58505.0,499575.0,46.3,2.19,4157127.0,10358528.0
801043.SI,20210310,冶钢原料,3134.8,3271.97,3043.12,3171.57,2.97,0.09,40149.0,360050.0,46.34,2.19,4161028.0,10306033.0
801043.SI,20210311,冶钢原料,3214.98,3393.44,3187.28,3350.67,179.1,5.65,45528.0,369361.0,48.96,2.31,4396004.0,10959161.0
801043.SI,20210312,冶钢原料,3390.74,3462.21,3254.48,3363.71,13.04,0.39,46305.0,427579.0,49.15,2.32,4413120.0,11086749.0
801043.SI,20210315,冶钢原料,3384.43,3458.96,3243.09,3338.64,-25.07,-0.75,44660.0,370476.0,48.79,2.31,4380223.0,10908237.0
801043.SI,20210316,冶钢原料,3336.12,3372.29,3164.32,3222.13,-116.51,-3.49,37555.0,345886.0,47.08,2.23,4227370.0,10477937.0
801043.SI,20210317,冶钢原料,3198.74,3365.35,3128.9,3298.79,76.66,2.38,49857.0,460012.0,48.2,2.28,4327952.0,10588129.0
801043.SI,20210318,冶钢原料,3289.89,3501.28,3252.31,3472.58,173.79,5.27,62689.0,613521.0,50.74,2.4,4555959.0,11016782.0
801043.SI,20210319,冶钢原料,3394.54,3462.55,3340.9,3392.65,-79.93,-2.3,43011.0,415181.0,49.58,2.34,4451096.0,10725854.0
801043.SI,20210322,冶钢原料,3397.72,3498.3,3303.31,3391.65,-1.0,-0.03,44268.0,421046.0,49.56,2.34,4449788.0,10718502.0
801043.SI,20210323,冶钢原料,3389.74,3395.13,3133.96,3145.76,-245.89,-7.25,44610.0,400221.0,45.97,2.17,4127178.0,10023081.0
801043.SI,20210324,冶钢原料,3079.67,3120.77,2929.74,2968.19,-177.57,-5.64,39829.0,324188.0,43.37,2.05,3894213.0,9523277.0
801043.SI,20210325,冶钢原料,2984.8,3063.88,2944.21,2988.89,20.7,0.7,25031.0,211406.0,43.68,2.06,3921369.0,9667767.0
801043.SI,20210326,冶钢原料,2979.09,3064.67,2952.35,3023.59,34.7,1.16,25070.0,206552.0,44.18,2.09,3966893.0,9767127.0
801043.SI,20210329,冶钢原料,3038.52,3099.06,2978.28,3075.61,52.02,1.72,28577.0,232947.0,44.93,2.12,4035778.0,9952789.0
801043.SI,20210330,冶钢原料,3033.66,3074.7,2952.57,3024.32,-51.29,-1.67,26024.0,216770.0,44.18,2.09,3968480.0,9824040.0
801043.SI,20210331,冶钢原料,3020.05,3073.21,2968.41,3015.45,-8.87,-0.29,20842.0,166898.0,44.05,2.08,3956843.0,9820956.0
801043.SI,20210401,冶钢原料,3007.54,3119.27,2982.67,3087.62,72.17,2.39,27162.0,231188.0,45.11,2.13,4051545.0,10068498.0
801043.SI,20210402,冶钢原料,3062.78,3074.65,2992.84,3019.75,-67.87,-2.2,18540.0,152150.0,44.12,2.09,3962488.0,9814261.0
801043.SI,20210406,冶钢原料,3036.08,3120.83,3015.45,3056.05,36.3,1.2,18257.0,156551.0,44.65,2.11,4010127.0,9877633.0
801043.SI,20210407,冶钢原料,3057.61,3180.56,3035.66,3148.23,92.18,3.02,33119.0,256409.0,45.99,2.17,4131079.0,10207350.0
801043.SI,20210408,冶钢原料,3142.73,3293.31,3113.11,3183.61,35.38,1.12,45271.0,323345.0,46.51,2.2,4177508.0,10264603.0
801043.SI,20210409,冶钢原料,3182.71,3311.23,3131.15,3258.54,74.93,2.35,38408.0,289349.0,47.61,2.25,4275832.0,10466231.0
801043.SI,20210412,冶钢原料,3249.82,3315.34,3159.08,3246.09,-12.45,-0.38,42803.0,293678.0,47.42,2.24,4259490.0,10394130.0
801043.SI,20210413,冶钢原料,3213.9,3232.96,3061.66,3127.99,-118.1,-3.64,32095.0,208454.0,45.7,2.16,4104524.0,10047429.0
801043.SI,20210414,冶钢原料,3117.51,3368.47,3095.0,3294.16,166.17,5.31,53547.0,333354.0,48.13,2.27,4322569.0,10485440.0
801043.SI,20210415,冶钢原料,3236.63,3316.05,3166.48,3261.08,-33.08,-1.0,39298.0,292264.0,47.64,2.25,4279158.0,10531992.0
801043.SI,20210416,冶钢原料,3276.1,3323.66,3223.57,3259.35,-1.73,-0.05,31578.0,262119.0,47.62,2.25,4276880.0,10533629.0
801043.SI,20210419,冶钢原料,3246.73,3335.82,3204.68,3276.47,17.12,0.53,27321.0,229902.0,47.87,2.26,4299347.0,10557161.0
801043.SI,20210420,冶钢原料,3259.59,3380.26,3217.95,3257.61,-18.86,-0.58,31450.0,278446.0,47.59,2.25,4274606.0,10551733.0
801043.SI,20210421,冶钢原料,3223.84,3288.08,3152.4,3219.93,-37.68,-1.16,26862.0,212039.0,47.04,2.22,4225165.0,10402544.0
801043.SI,20210422,冶钢原料,3222.71,3328.42,3204.95,3230.08,10.15,0.32,27200.0,232283.0,47.19,2.23,4238483.0,10415026.0
801043.SI,20210423,冶钢原料,3226.9,3286.75,3178.13,3254.16,24.08,0.75,25644.0,208607.0,47.54,2.25,4270079.0,10539202.0
801043.SI,20210426,冶钢原料,3232.72,3346.74,3156.86,3261.29,7.13,0.22,36982.0,322522.0,47.65,2.25,4279441.0,10641474.0
801043.SI,20210427,冶钢原料,3238.84,3271.59,3109.15,3150.57,-110.72,-3.39,27904.0,216538.0,46.03,2.18,4134156.0,10240985.0
801043.SI,20210428,冶钢原料,3143.33,3278.62,3116.82,3224.5,73.93,2.35,26530.0,217156.0,47.11,2.23,4231174.0,10406776.0
801043.SI,20210429,冶钢原料,3253.81,3304.25,3181.15,3246.38,21.88,0.68,25209.0,224323.0,47.43,2.24,4259879.0,10520318.0
801043.SI,20210430,冶钢原料,3253.29,3278.69,3122.34,3159.84,-86.54,-2.67,24551.0,201593.0,46.16,2.18,4146326.0,10253200.0
801043.SI,20210506,冶钢原料,3184.39,3389.69,3177.92,3311.77,151.93,4.81,40647.0,315016.0,30.27,2.29,4345679.0,10813511.0
801043.SI,20210507,冶钢原料,3413.68,3579.35,3383.61,3510.65,198.88,6.01,65186.0,539638.0,32.08,2.42,4606648.0,11478269.0
801043.SI,20210510,冶钢原料,3620.61,3744.98,3541.62,3730.22,219.57,6.25,63778.0,523686.0,34.09,2.58,4894760.0,12268848.0
801043.SI,20210511,冶钢原料,3700.81,3733.63,3547.45,3649.47,-80.75,-2.16,52448.0,457608.0,33.35,2.52,4788802.0,12101138.0
801043.SI,20210512,冶钢原料,3638.74,3765.84,3581.95,3714.48,65.01,1.78,49764.0,469048.0,33.95,2.57,4874108.0,12513132.0
801043.SI,20210513,冶钢原料,3652.84,3688.75,3485.89,3503.11,-211.37,-5.69,56175.0,578078.0,32.01,2.42,4596752.0,11734179.0
801043.SI,20210514,冶钢原料,3505.83,3540.6,3376.31,3441.82,-61.29,-1.75,41970.0,410776.0,31.45,2.38,4516325.0,11494401.0
801043.SI,20210517,冶钢原料,3444.76,3525.33,3399.6,3489.72,47.9,1.39,36993.0,354331.0,32.86,2.39,4999171.0,14698889.0
801043.SI,20210518,冶钢原料,3563.3,3606.62,3489.6,3529.24,39.52,1.13,34334.0,370420.0,33.23,2.4,5055788.0,15068970.0
801043.SI,20210519,冶钢原料,3525.44,3571.16,3476.0,3528.15,-1.09,-0.03,33414.0,335684.0,33.22,2.37,5054229.0,15270976.0
801043.SI,20210520,冶钢原料,3432.31,3456.76,3296.68,3386.0,-142.15,-4.03,55345.0,725927.0,31.88,2.23,4850594.0,14928211.0
801043.SI,20210521,冶钢原料,3354.28,3514.23,3318.25,3416.34,30.34,0.9,43232.0,613093.0,32.17,2.27,4894052.0,15043491.0
801043.SI,20210524,冶钢原料,3355.19,3418.97,3305.73,3366.88,-49.46,-1.45,34114.0,415645.0,31.7,2.23,4823194.0,14871990.0
801043.SI,20210525,冶钢原料,3373.9,3416.08,3291.04,3369.68,2.8,0.08,31862.0,389070.0,31.73,2.25,4827209.0,14714440.0
801043.SI,20210526,冶钢原料,3348.07,3451.51,3312.21,3406.29,36.61,1.09,35345.0,417117.0,32.07,2.27,4879661.0,14877644.0
801043.SI,20210527,冶钢原料,3395.73,3462.47,3357.53,3419.25,12.96,0.38,35442.0,413751.0,32.2,2.28,4898232.0,15047748.0
801043.SI,20210528,冶钢原料,3483.13,3519.9,3363.06,3394.09,-25.16,-0.74,36453.0,455044.0,31.96,2.27,4862184.0,14799457.0
801043.SI,20210531,冶钢原料,3402.96,3430.22,3319.1,3403.25,9.16,0.27,29784.0,342780.0,32.05,2.29,4875304.0,14844730.0
801043.SI,20210601,冶钢原料,3404.29,3510.85,3309.5,3477.58,74.33,2.18,44267.0,532552.0,32.75,2.33,4981792.0,15371251.0
801043.SI,20210602,冶钢原料,3439.48,3488.78,3357.03,3369.12,-108.46,-3.12,40846.0,459049.0,31.72,2.27,4826413.0,14829966.0
801043.SI,20210603,冶钢原料,3374.13,3497.67,3341.1,3416.74,47.62,1.41,39946.0,426279.0,32.17,2.3,4894630.0,15082583.0
801043.SI,20210604,冶钢原料,3343.16,3374.82,3275.24,3313.44,-103.3,-3.02,31399.0,351382.0,31.2,2.23,4746649.0,14512405.0
801043.SI,20210607,冶钢原料,3302.55,3329.94,3221.89,3236.08,-77.36,-2.33,27954.0,270117.0,30.47,2.18,4635836.0,14058526.0
801043.SI,20210608,冶钢原料,3218.56,3266.86,3174.83,3226.59,-9.49,-0.29,27706.0,246673.0,30.38,2.17,4622240.0,14058702.0
801043.SI,20210609,冶钢原料,3251.12,3358.27,3224.44,3310.54,83.95,2.6,37011.0,328505.0,31.17,2.23,4742507.0,14490019.0
801043.SI,20210610,冶钢原料,3298.31,3328.17,3245.86,3289.58,-20.96,-0.63,26306.0,239714.0,30.98,2.22,4712485.0,14351499.0
801043.SI,20210611,冶钢原料,3314.69,3373.49,3264.42,3322.37,32.79,1.0,30619.0,331833.0,31.28,2.23,4759463.0,14706676.0
801043.SI,20210615,冶钢原料,3306.81,3340.46,3143.4,3192.85,-129.52,-3.9,32797.0,328590.0,30.49,2.15,4682475.0,14126954.0
801043.SI,20210616,冶钢原料,3187.7,3277.04,3120.2,3207.78,14.93,0.47,28922.0,281736.0,30.64,2.17,4704373.0,13832665.0
801043.SI,20210617,冶钢原料,3174.95,3226.95,3138.3,3185.68,-22.1,-0.69,19933.0,188452.0,30.42,2.16,4671959.0,13768397.0
801043.SI,20210618,冶钢原料,3149.45,3220.19,3087.42,3175.04,-10.64,-0.33,27154.0,253929.0,30.32,2.14,4656362.0,13643046.0
801043.SI,20210621,冶钢原料,3154.66,3226.56,3118.04,3181.86,6.82,0.21,23384.0,226875.0,30.39,2.15,4666363.0,13717114.0
801043.SI,20210622,冶钢原料,3097.37,3138.28,3046.21,3097.67,-84.19,-2.65,24263.0,221887.0,29.58,2.08,4542896.0,13571139.0
801043.SI,20210623,冶钢原料,3139.44,3201.48,3072.07,3147.79,50.12,1.62,47731.0,318810.0,30.06,2.12,4616394.0,13899451.0
801043.SI,20210624,冶钢原料,3136.98,3193.51,3074.34,3135.74,-12.05,-0.38,31394.0,258158.0,29.95,2.1,4598727.0,13935036.0
801043.SI,20210625,冶钢原料,3135.87,3220.36,3107.67,3182.36,46.62,1.49,31540.0,240687.0,30.39,2.14,4667092.0,14044875.0
801043.SI,20210628,冶钢原料,3170.57,3204.37,3083.36,3107.17,-75.19,-2.36,24960.0,220710.0,29.67,2.09,4556828.0,13731283.0
801043.SI,20210629,冶钢原料,3099.43,3159.23,3062.44,3084.21,-22.96,-0.74,22065.0,210499.0,29.46,2.08,4523162.0,13666268.0
801043.SI,20210630,冶钢原料,3086.46,3138.6,3039.2,3080.31,-3.9,-0.13,20886.0,201525.0,29.42,2.07,4517451.0,13758133.0
801043.SI,20210701,冶钢原料,3086.48,3139.68,3018.26,3061.7,-18.61,-0.6,24675.0,254220.0,29.24,2.06,4490151.0,13850331.0
801043.SI,20210702,冶钢原料,3043.31,3116.85,2987.99,3052.1,-9.6,-0.31,23449.0,238948.0,29.15,2.06,4476078.0,13593151.0
801043.SI,20210705,冶钢原料,3052.03,3196.7,3039.25,3181.11,129.01,4.23,28136.0,310640.0,30.38,2.14,4665272.0,14355915.0
801043.SI,20210706,冶钢原料,3182.21,3236.12,3107.03,3161.04,-20.07,-0.63,24996.0,271117.0,30.43,2.13,4622047.0,14257129.0
801043.SI,20210707,冶钢原料,3130.86,3247.67,3104.46,3222.04,61.0,1.93,29781.0,284130.0,31.01,2.17,4711237.0,14535715.0
801043.SI,20210708,冶钢原料,3216.19,3269.35,3161.11,3211.14,-10.9,-0.34,29777.0,274243.0,30.91,2.16,4695302.0,14481071.0
801043.SI,20210709,冶钢原料,3193.11,3347.74,3128.21,3310.25,99.11,3.09,46781.0,367859.0,31.86,2.24,4840220.0,14731885.0
801043.SI,20210712,冶钢原料,3323.25,3420.05,3280.46,3327.73,17.48,0.53,44602.0,356166.0,32.03,2.25,4865776.0,14795843.0
801043.SI,20210713,冶钢原料,3346.61,3462.13,3300.22,3425.75,98.02,2.95,41357.0,393733.0,32.97,2.32,5009109.0,15405929.0
801043.SI,20210714,冶钢原料,3413.84,3462.12,3324.1,3348.38,-77.37,-2.26,34357.0,333497.0,32.23,2.27,4895983.0,15074527.0
801043.SI,20210715,冶钢原料,3351.75,3551.43,3333.86,3475.15,126.77,3.79,53464.0,454569.0,33.45,2.35,5081351.0,15710160.0
801043.SI,20210716,冶钢原料,3508.62,3618.74,3444.35,3535.16,60.01,1.73,48168.0,509025.0,34.03,2.38,5169091.0,16096931.0
801043.SI,20210719,冶钢原料,3521.82,3600.2,3410.54,3434.8,-100.36,-2.84,41603.0,420354.0,33.06,2.32,5022344.0,15442890.0
801043.SI,20210720,冶钢原料,3356.96,3485.29,3287.97,3440.68,5.88,0.17,40876.0,386896.0,33.12,2.34,5030938.0,15274098.0
801043.SI,20210721,冶钢原料,3436.21,3506.82,3394.46,3459.57,18.89,0.55,36407.0,325561.0,33.3,2.35,5058561.0,15398801.0
801043.SI,20210722,冶钢原料,3457.82,3597.68,3411.2,3545.42,85.85,2.48,54186.0,379059.0,34.13,2.42,5184094.0,15728401.0
801043.SI,20210723,冶钢原料,3551.76,3704.81,3511.31,3556.53,11.11,0.31,55927.0,440285.0,34.23,2.43,5200337.0,15703259.0
801043.SI,20210726,冶钢原料,3568.54,3662.33,3451.39,3561.08,4.55,0.13,51168.0,382085.0,34.28,2.44,5206985.0,15611275.0
801043.SI,20210727,冶钢原料,3572.22,3686.97,3421.48,3443.72,-117.36,-3.3,49931.0,417495.0,33.15,2.36,5035377.0,15017092.0
801043.SI,20210728,冶钢原料,3397.88,3480.4,3237.88,3337.88,-105.84,-3.07,39485.0,358158.0,32.13,2.3,4880617.0,14490186.0
801043.SI,20210729,冶钢原料,3392.84,3530.88,3342.24,3484.03,146.15,4.38,41635.0,355176.0,33.54,2.4,5094318.0,15128323.0
801043.SI,20210730,冶钢原料,3457.68,3543.67,3374.62,3468.13,-15.9,-0.46,42904.0,355069.0,33.38,2.4,5071069.0,14877293.0
801043.SI,20210802,冶钢原料,3452.4,3520.29,3356.42,3445.01,-23.12,-0.67,38752.0,308764.0,33.16,2.38,5037266.0,14859440.0
801043.SI,20210803,冶钢原料,3432.73,3563.82,3375.84,3434.69,-10.32,-0.3,41209.0,337281.0,33.06,2.37,5022173.0,14928046.0
801043.SI,20210804,冶钢原料,3428.39,3607.17,3376.6,3563.16,128.47,3.74,46705.0,436693.0,34.3,2.46,5210019.0,15525348.0
801043.SI,20210805,冶钢原料,3533.84,3606.62,3471.79,3499.55,-63.61,-1.79,35549.0,387240.0,33.69,2.42,5117007.0,15383621.0
801043.SI,20210806,冶钢原料,3514.33,3660.29,3468.32,3609.51,109.96,3.14,49660.0,384750.0,34.74,2.5,5277787.0,15742812.0
801043.SI,20210809,冶钢原料,3628.76,3709.6,3526.32,3603.54,-5.97,-0.17,51201.0,378240.0,34.69,2.49,5269064.0,15948819.0
801043.SI,20210810,冶钢原料,3587.83,3694.94,3526.83,3596.83,-6.71,-0.19,42284.0,432227.0,34.62,2.49,5259256.0,16043232.0
801043.SI,20210811,冶钢原料,3620.92,3673.62,3534.34,3603.37,6.54,0.18,32280.0,343802.0,34.68,2.49,5268816.0,16087744.0
801043.SI,20210812,冶钢原料,3593.11,3722.27,3519.63,3637.83,34.46,0.96,45210.0,394938.0,35.02,2.51,5319206.0,15998953.0
801043.SI,20210813,冶钢原料,3607.45,3897.89,3573.21,3855.21,217.38,5.98,74020.0,534344.0,37.11,2.67,5637058.0,16585766.0
801043.SI,20210816,冶钢原料,3914.85,4071.03,3836.03,3925.9,70.69,1.83,86243.0,760904.0,37.79,2.73,5740422.0,16969453.0
801043.SI,20210817,冶钢原料,3929.54,4020.35,3724.25,3768.41,-157.49,-4.01,67340.0,664684.0,36.36,2.61,5526092.0,16683938.0
801043.SI,20210818,冶钢原料,3758.26,3858.7,3697.29,3792.35,23.94,0.64,45450.0,415667.0,36.6,2.62,5561203.0,16768787.0
801043.SI,20210819,冶钢原料,3761.83,3864.01,3608.79,3815.47,23.12,0.61,49549.0,457093.0,36.82,2.65,5595111.0,16909100.0
801043.SI,20210820,冶钢原料,3793.53,3986.51,3709.25,3917.36,101.89,2.67,60577.0,469071.0,37.8,2.73,5744520.0,17148451.0
801043.SI,20210823,冶钢原料,3991.73,4113.27,3927.36,4069.39,152.03,3.88,67308.0,536436.0,39.27,2.84,5967458.0,17918805.0
801043.SI,20210824,冶钢原料,4080.99,4354.66,4034.54,4297.69,228.3,5.61,74057.0,762625.0,41.47,3.0,6302247.0,18650403.0
801043.SI,20210825,冶钢原料,4398.08,4496.77,4158.53,4388.51,90.82,2.11,128208.0,1037650.0,42.35,3.07,6435434.0,18811639.0
801043.SI,20210826,冶钢原料,4386.54,4668.46,4317.17,4593.72,205.21,4.68,94520.0,892160.0,44.33,3.22,6736363.0,19612902.0
801043.SI,20210827,冶钢原料,4611.12,4849.31,4526.17,4709.67,115.95,2.52,108014.0,1158789.0,45.45,3.31,6906395.0,20240113.0
801043.SI,20210830,冶钢原料,4839.2,5080.82,4626.84,4939.72,230.05,4.88,107242.0,1079078.0,47.67,3.46,7243752.0,21223634.0
801043.SI,20210831,冶钢原料,4882.9,5204.82,4784.73,5124.0,184.28,3.73,94523.0,1069684.0,49.36,3.59,7488778.0,22307469.0
801043.SI,20210901,冶钢原料,5187.84,5431.99,4784.42,4896.79,-227.21,-4.43,116543.0,1288953.0,19.08,3.44,7156700.0,21642089.0
801043.SI,20210902,冶钢原料,4853.27,5226.4,4798.97,5140.97,244.18,4.99,82393.0,970678.0,19.04,3.58,7612141.0,22431680.0
801043.SI,20210903,冶钢原料,5032.27,5157.69,4735.12,4852.39,-288.58,-5.61,83013.0,914099.0,18.0,3.37,7184849.0,21054415.0
801043.SI,20210906,冶钢原料,4836.01,4966.19,4568.56,4827.2,-25.19,-0.52,80589.0,778298.0,17.82,3.36,7209937.0,20779243.0
801043.SI,20210907,冶钢原料,4825.06,5011.52,4731.52,4923.38,96.18,1.99,71476.0,730245.0,18.18,3.43,7353931.0,21391384.0
801043.SI,20210908,冶钢原料,4911.68,5149.77,4843.14,5031.68,108.3,2.2,73088.0,773688.0,18.58,3.5,7515704.0,22172851.0
801043.SI,20210909,冶钢原料,5037.01,5247.62,4892.26,5141.76,110.08,2.19,75009.0,865625.0,18.98,3.58,7680130.0,22678380.0
801043.SI,20210910,冶钢原料,5103.1,5262.87,4909.35,5041.91,-99.85,-1.94,66433.0,784553.0,18.62,3.51,7530987.0,22488474.0
801043.SI,20210913,冶钢原料,5061.49,5240.2,4937.35,5159.73,117.82,2.34,62327.0,725157.0,19.05,3.6,7706978.0,22866609.0
801043.SI,20210914,冶钢原料,5093.81,5235.57,4843.12,5005.96,-153.77,-2.98,76294.0,797461.0,18.48,3.5,7477303.0,22149805.0
801043.SI,20210915,冶钢原料,4964.58,5296.24,4901.93,5162.92,156.96,3.14,70409.0,813637.0,19.06,3.61,7711754.0,22632122.0
801043.SI,20210916,冶钢原料,5198.72,5430.9,4961.52,5104.53,-58.39,-1.13,82868.0,982168.0,18.85,3.58,7624539.0,21889051.0
801043.SI,20210917,冶钢原料,5022.13,5225.77,4735.03,4878.67,-225.86,-4.42,66666.0,743105.0,18.01,3.41,7287176.0,21003122.0
801043.SI,20210922,冶钢原料,4720.59,4923.38,4621.74,4865.49,-13.18,-0.27,50251.0,563072.0,17.96,3.4,7267484.0,21201292.0
801043.SI,20210923,冶钢原料,4977.28,5154.15,4873.6,4987.65,122.16,2.51,60552.0,619007.0,18.42,3.49,7449952.0,21708124.0
801043.SI,20210924,冶钢原料,4959.92,5059.07,4628.99,4654.08,-333.57,-6.69,58142.0,570382.0,17.18,3.25,6951701.0,20370562.0
801043.SI,20210927,冶钢原料,4594.34,4677.41,4354.04,4475.8,-178.28,-3.83,57594.0,510933.0,16.53,3.12,6685403.0,19431131.0
801043.SI,20210928,冶钢原料,4424.82,4670.15,4330.73,4590.32,114.52,2.56,61950.0,561537.0,16.95,3.21,6856458.0,19813999.0
801043.SI,20210929,冶钢原料,4530.13,4621.34,4239.71,4263.01,-327.31,-7.13,62549.0,523986.0,15.74,2.97,6367567.0,18366926.0
801043.SI,20210930,冶钢原料,4251.85,4453.08,4182.36,4395.86,132.85,3.12,48842.0,410268.0,16.23,3.07,6565997.0,18901499.0
801043.SI,20211008,冶钢原料,4466.08,4488.74,4252.84,4299.66,-96.2,-2.19,40741.0,351852.0,15.88,2.99,6422298.0,18351061.0
801043.SI,20211011,冶钢原料,4302.7,4338.69,4111.25,4174.24,-125.42,-2.92,42097.0,341825.0,15.33,2.89,6243242.0,18016529.0
801043.SI,20211012,冶钢原料,4191.16,4302.39,4003.89,4145.71,-28.53,-0.68,43323.0,385460.0,15.23,2.88,6200575.0,17851010.0
801043.SI,20211013,冶钢原料,4135.41,4170.08,3920.27,4012.82,-132.89,-3.21,37773.0,297504.0,14.71,2.78,6004720.0,17273812.0
801043.SI,20211014,冶钢原料,4023.41,4116.89,3924.93,4051.54,38.72,0.96,31306.0,299776.0,14.85,2.8,6062658.0,17341694.0
801043.SI,20211015,冶钢原料,4039.35,4092.42,3957.93,4018.63,-32.91,-0.81,25941.0,237282.0,14.73,2.78,6013417.0,17200048.0
801043.SI,20211018,冶钢原料,4009.09,4126.72,3968.94,4105.19,86.56,2.15,28480.0,269465.0,15.05,2.84,6142939.0,17583440.0
801043.SI,20211019,冶钢原料,4099.13,4231.9,4054.35,4165.16,59.97,1.46,30863.0,322725.0,15.27,2.89,6232684.0,17902170.0
801043.SI,20211020,冶钢原料,4074.02,4196.29,3989.91,4117.29,-47.87,-1.15,30870.0,344942.0,15.1,2.86,6161058.0,17571177.0
801043.SI,20211021,冶钢原料,4134.48,4250.02,4085.31,4166.46,49.17,1.19,32721.0,377595.0,15.28,2.89,6234631.0,17848994.0
801043.SI,20211022,冶钢原料,4133.39,4193.24,3992.56,4031.36,-135.1,-3.24,30684.0,320276.0,14.78,2.8,6032476.0,17344651.0
801043.SI,20211025,冶钢原料,4013.76,4162.08,3967.79,4122.75,91.39,2.27,27335.0,272092.0,15.12,2.86,6169240.0,17686484.0
801043.SI,20211026,冶钢原料,4185.2,4381.41,4132.11,4318.12,195.37,4.74,56635.0,589951.0,15.83,3.01,6461587.0,18395530.0
801043.SI,20211027,冶钢原料,4261.29,4411.46,4167.94,4300.99,-17.13,-0.4,52230.0,565853.0,15.77,3.0,6435955.0,18152609.0
801043.SI,20211028,冶钢原料,4264.3,4287.63,3942.05,3966.53,-334.46,-7.78,51179.0,498098.0,14.54,2.77,5935472.0,16765197.0
801043.SI,20211029,冶钢原料,3969.55,4136.84,3929.64,4097.1,130.57,3.29,36551.0,338775.0,15.02,2.86,6130858.0,17305945.0
801043.SI,20211101,冶钢原料,4091.99,4192.94,3993.48,4102.71,5.61,0.14,34690.0,362443.0,15.04,2.86,6139256.0,17428123.0
801043.SI,20211102,冶钢原料,4089.65,4125.76,3802.05,3857.83,-244.88,-5.97,43863.0,427993.0,14.14,2.69,5772814.0,16352578.0
801043.SI,20211103,冶钢原料,3866.58,3952.11,3773.86,3913.36,55.53,1.44,30742.0,257026.0,14.12,2.71,5664947.0,16503538.0
801043.SI,20211104,冶钢原料,3899.4,3960.56,3844.88,3904.58,-8.78,-0.22,22279.0,204616.0,14.08,2.7,5652236.0,16407115.0
801043.SI,20211105,冶钢原料,3887.39,3912.06,3691.52,3714.14,-190.44,-4.88,31250.0,326338.0,13.4,2.57,5376560.0,15643357.0
801043.SI,20211108,冶钢原料,3710.23,3832.11,3647.17,3784.52,70.38,1.89,25819.0,243413.0,13.65,2.61,5478445.0,15936661.0
801043.SI,20211109,冶钢原料,3796.64,3915.44,3727.27,3851.72,67.2,1.78,34465.0,299287.0,13.89,2.66,5575726.0,16054864.0
801043.SI,20211110,冶钢原料,3814.95,3865.4,3706.2,3795.92,-55.8,-1.45,29222.0,257070.0,13.69,2.63,5494946.0,15805815.0
801043.SI,20211111,冶钢原料,3808.51,3868.76,3757.68,3836.43,40.51,1.07,23696.0,218224.0,13.84,2.65,5553586.0,16017935.0
801043.SI,20211112,冶钢原料,3850.34,3899.11,3762.47,3787.48,-48.95,-1.28,24203.0,217054.0,13.66,2.61,5482725.0,15806364.0
801043.SI,20211115,冶钢原料,3769.6,3791.53,3702.09,3752.45,-35.03,-0.92,21630.0,180681.0,13.54,2.59,5432017.0,15694397.0
801043.SI,20211116,冶钢原料,3746.99,3771.75,3643.17,3663.79,-88.66,-2.36,20089.0,171196.0,13.22,2.53,5303680.0,15300413.0
801043.SI,20211117,冶钢原料,3659.88,3736.45,3644.48,3726.15,62.36,1.7,19419.0,158265.0,13.44,2.57,5393956.0,15571604.0
801043.SI,20211118,冶钢原料,3735.15,3822.27,3697.43,3766.34,40.19,1.08,28544.0,243142.0,13.59,2.6,5452143.0,15794179.0
801043.SI,20211119,冶钢原料,3779.64,3880.45,3716.1,3849.03,82.69,2.2,30190.0,282317.0,13.88,2.66,5571847.0,16025248.0
801043.SI,20211122,冶钢原料,3864.2,3962.08,3833.71,3904.21,55.18,1.43,37620.0,322536.0,14.08,2.7,5651719.0,16259575.0
801043.SI,20211123,冶钢原料,3925.97,4239.04,3913.81,4107.12,202.91,5.2,68263.0,629275.0,14.82,2.84,5945455.0,16961162.0
801043.SI,20211124,冶钢原料,4122.52,4395.39,4062.11,4319.44,212.32,5.17,84297.0,776893.0,15.58,2.99,6252805.0,17470969.0
801043.SI,20211125,冶钢原料,4325.17,4391.5,4210.46,4256.42,-63.02,-1.46,50619.0,509823.0,15.35,2.95,6161569.0,17157123.0
801043.SI,20211126,冶钢原料,4241.35,4395.67,4189.76,4284.12,27.7,0.65,48548.0,437108.0,15.45,2.97,6201661.0,17256007.0
801043.SI,20211129,冶钢原料,4187.93,4262.28,4085.41,4205.79,-78.33,-1.83,38370.0,363136.0,15.17,2.91,6088279.0,17088548.0
801043.SI,20211130,冶钢原料,4240.19,4321.34,4121.16,4161.95,-43.84,-1.04,39340.0,356915.0,15.01,2.88,6024816.0,16827431.0
801043.SI,20211201,冶钢原料,4147.05,4185.4,4043.4,4116.89,-45.06,-1.08,30018.0,306127.0,14.85,2.85,5959591.0,16791730.0
801043.SI,20211202,冶钢原料,4111.5,4148.11,4019.84,4087.43,-29.46,-0.72,28563.0,272133.0,14.74,2.83,5916936.0,16615524.0
801043.SI,20211203,冶钢原料,4084.23,4312.92,4037.09,4289.98,202.55,4.96,37517.0,413974.0,15.47,2.98,6210144.0,17201930.0
801043.SI,20211206,冶钢原料,4325.46,4418.08,4212.19,4259.49,-30.49,-0.71,48902.0,488549.0,15.36,2.96,6166007.0,17073644.0
801043.SI,20211207,冶钢原料,4330.47,4392.71,4192.06,4268.43,8.94,0.21,37748.0,390588.0,15.4,2.95,6178945.0,17256005.0
801043.SI,20211208,冶钢原料,4283.85,4323.96,4192.93,4278.71,10.28,0.24,33572.0,352738.0,15.43,2.96,6193832.0,17378936.0
801043.SI,20211209,冶钢原料,4272.57,4337.55,4193.1,4252.8,-25.91,-0.61,39171.0,414682.0,15.34,2.95,6156322.0,17483443.0
801043.SI,20211210,冶钢原料,4232.77,4306.62,4149.13,4216.55,-36.25,-0.85,41009.0,470375.0,15.21,2.92,6103849.0,17452295.0
801043.SI,20211213,冶钢原料,4208.46,4299.09,4137.85,4217.75,1.2,0.03,42514.0,466639.0,20.49,2.74,6105588.0,17841833.847664
801043.SI,20211214,冶钢原料,4180.23,4290.88,4085.1,4153.6,-64.15,-1.52,45186.0,390983.0,20.18,2.7,6012726.0,17513866.231897
801043.SI,20211215,冶钢原料,4152.24,4256.95,4104.36,4148.94,-4.66,-0.11,33620.0,298816.0,20.15,2.7,6005984.0,17503577.079185
801043.SI,20211216,冶钢原料,4146.33,4203.96,4096.2,4180.22,31.28,0.75,24329.0,260121.0,20.32,2.72,6078617.0,17689768.998285
801043.SI,20211217,冶钢原料,4192.06,4224.0,4090.22,4097.6,-82.62,-1.98,27586.0,300619.0,19.92,2.67,5958473.0,17410033.602619
801043.SI,20211220,冶钢原料,4077.24,4121.68,3941.47,3964.44,-133.16,-3.25,29804.0,274975.0,19.28,2.58,5764843.0,16691006.422746
801043.SI,20211221,冶钢原料,3970.39,4025.7,3933.01,4006.84,42.4,1.07,17472.0,160649.0,19.48,2.61,5826501.0,16881284.293398
801043.SI,20211222,冶钢原料,4010.44,4080.86,3969.84,4057.01,50.17,1.25,20867.0,203865.0,19.73,2.64,5899456.0,16974253.452978
801043.SI,20211223,冶钢原料,4044.05,4058.71,3952.58,3981.3,-75.71,-1.87,19449.0,188936.0,19.36,2.6,5789358.0,16740292.66318
801043.SI,20211224,冶钢原料,3985.66,3999.86,3786.35,3820.94,-160.36,-4.03,25689.0,245811.0,18.58,2.49,5556177.0,16124771.006704
801043.SI,20211227,冶钢原料,3795.3,3869.41,3753.89,3818.08,-2.87,-0.08,13508.0,122150.0,18.56,2.49,5552009.0,16113765.161026
801043.SI,20211228,冶钢原料,3822.9,3890.89,3797.49,3866.32,48.24,1.26,15366.0,135401.0,18.8,2.52,5622162.0,16285134.025261
801043.SI,20211229,冶钢原料,3872.56,3952.42,3839.46,3852.52,-13.8,-0.36,17384.0,153011.0,18.73,2.51,5602100.0,16246260.96103
801043.SI,20211230,冶钢原料,3843.49,3899.23,3812.98,3830.84,-21.68,-0.56,15496.0,138831.0,18.63,2.5,5570573.0,16175198.16245
801043.SI,20211231,冶钢原料,3818.89,3957.28,3810.22,3923.94,93.1,2.43,37405.0,217046.0,19.08,2.56,5705947.0,16522858.768754
801043.SI,20220104,冶钢原料,3939.87,4059.03,3854.76,3993.8,69.86,1.78,56324.0,343510.0,19.37,2.6,5813390.0,16829665.458107
801043.SI,20220105,冶钢原料,3999.7,4055.41,3884.04,3928.91,-64.89,-1.62,50091.0,312032.0,19.06,2.56,5718933.0,16537540.524719
801043.SI,20220106,冶钢原料,3915.94,4029.45,3893.73,3992.79,63.89,1.63,33959.0,230051.0,19.37,2.6,5811928.0,16809128.252663
801043.SI,20220107,冶钢原料,3984.97,4032.38,3909.57,3955.21,-37.58,-0.94,30990.0,222499.0,19.18,2.57,5757225.0,16673837.706004
801043.SI,20220110,冶钢原料,3953.86,4000.41,3909.12,3966.07,10.86,0.27,22066.0,163974.0,19.24,2.58,5773036.0,16708329.298784
801043.SI,20220111,冶钢原料,3982.2,4019.68,3933.98,3965.39,-0.69,-0.02,21272.0,170659.0,19.23,2.58,5772036.0,16762188.891851
801043.SI,20220112,冶钢原料,3980.7,4031.71,3918.21,3979.5,14.12,0.36,27123.0,194983.0,19.31,2.59,5816773.0,16837309.125933
801043.SI,20220113,冶钢原料,3993.85,4023.83,3909.42,3931.62,-47.88,-1.2,23982.0,206619.0,19.08,2.56,5746785.0,16632839.893834
801043.SI,20220114,冶钢原料,3914.32,3948.9,3808.64,3888.07,-43.55,-1.11,21887.0,184755.0,18.87,2.53,5683127.0,16404702.411499
801043.SI,20220117,冶钢原料,3882.02,3954.89,3811.67,3899.43,11.36,0.29,21689.0,173547.0,18.92,2.54,5699737.0,16393830.837818
801043.SI,20220118,冶钢原料,3896.34,3930.69,3845.43,3885.25,-14.18,-0.36,17046.0,142662.0,18.85,2.53,5679010.0,16365291.178703
801043.SI,20220119,冶钢原料,3898.43,3975.3,3813.56,3864.74,-20.51,-0.53,24484.0,219380.0,18.75,2.52,5649026.0,16340005.545219
801043.SI,20220120,冶钢原料,3861.41,3932.22,3781.98,3802.63,-62.11,-1.61,24321.0,215336.0,18.45,2.48,5558235.0,16122208.847933
801043.SI,20220121,冶钢原料,3807.47,3829.48,3706.87,3750.54,-52.09,-1.37,17606.0,151340.0,18.2,2.45,5482096.0,15836127.326664
801043.SI,20220124,冶钢原料,3736.83,3843.57,3689.39,3791.08,40.54,1.08,16993.0,142361.0,18.4,2.47,5541355.0,16007529.819918
801043.SI,20220125,冶钢原料,3774.42,3788.57,3586.55,3606.62,-184.45,-4.87,22637.0,174422.0,17.5,2.35,5271742.0,15236305.990976
801043.SI,20220126,冶钢原料,3601.89,3705.79,3547.98,3633.91,27.29,0.76,14267.0,124405.0,17.63,2.37,5311631.0,15313791.748831
801043.SI,20220127,冶钢原料,3638.24,3692.95,3533.19,3549.52,-84.39,-2.32,17115.0,135530.0,17.22,2.31,5188282.0,14947798.124339
801043.SI,20220128,冶钢原料,3617.7,3681.92,3482.28,3628.9,79.38,2.24,18489.0,160048.0,17.61,2.37,5304307.0,15301967.162458
801043.SI,20220207,冶钢原料,3707.89,3798.61,3656.07,3743.85,114.94,3.17,25626.0,218187.0,18.17,2.44,5472318.0,15781123.881759
801043.SI,20220208,冶钢原料,3778.13,3870.0,3735.19,3826.9,83.05,2.22,26898.0,250923.0,18.57,2.5,5593716.0,16227628.480848
801043.SI,20220209,冶钢原料,3814.04,3899.3,3781.6,3868.68,41.78,1.09,25578.0,238813.0,18.77,2.52,5654785.0,16314600.565902
801043.SI,20220210,冶钢原料,3887.58,3978.74,3848.55,3900.88,32.2,0.83,24770.0,230294.0,18.93,2.54,5701863.0,16480387.549545
801043.SI,20220211,冶钢原料,3898.97,3925.24,3807.61,3815.25,-85.63,-2.2,19614.0,197296.0,18.52,2.49,5576698.0,16179077.239398
801043.SI,20220214,冶钢原料,3770.65,3823.16,3695.49,3728.27,-86.97,-2.28,19048.0,166298.0,18.1,2.43,5449572.0,15827152.30599
801043.SI,20220215,冶钢原料,3728.92,3803.55,3678.48,3761.85,33.57,0.9,14707.0,140498.0,18.26,2.45,5498646.0,15890734.540239
801043.SI,20220216,冶钢原料,3772.09,3874.54,3754.66,3840.52,78.67,2.09,19332.0,168356.0,18.64,2.5,5613638.0,16204237.288661
801043.SI,20220217,冶钢原料,3837.01,3869.98,3776.16,3830.72,-9.8,-0.26,16173.0,144931.0,18.59,2.5,5599320.0,16200860.104504
801043.SI,20220218,冶钢原料,3828.47,3987.41,3804.88,3938.85,108.13,2.82,31213.0,232582.0,19.12,2.57,5757373.0,16613286.133458
801043.SI,20220221,冶钢原料,3924.61,3998.77,3880.01,3971.31,32.45,0.82,27130.0,190843.0,19.27,2.59,5804809.0,16767746.160484
801043.SI,20220222,冶钢原料,3949.03,4001.08,3889.9,3971.5,0.19,0.0,26006.0,236707.0,19.28,2.59,5805089.0,16798801.601953
801043.SI,20220223,冶钢原料,3962.85,4059.47,3923.37,4023.83,52.33,1.32,25219.0,247532.0,19.53,2.62,5881584.0,17055552.328873
801043.SI,20220224,冶钢原料,3999.81,4058.12,3830.87,3897.08,-126.75,-3.15,31771.0,284760.0,18.91,2.54,5696316.0,16530162.635607
801043.SI,20220225,冶钢原料,3906.76,4017.18,3884.51,3918.83,21.75,0.56,22282.0,210377.0,19.02,2.56,5728100.0,16621625.191206
801043.SI,20220228,冶钢原料,3924.03,3989.73,3883.35,3970.61,51.78,1.32,18847.0,164661.0,19.27,2.59,5803788.0,16824646.32887
801043.SI,20220301,冶钢原料,3973.15,4035.71,3935.49,3974.33,3.72,0.09,16592.0,156943.0,19.29,2.59,5809226.0,16784741.615876
801043.SI,20220302,冶钢原料,3951.96,4058.92,3942.3,4005.68,31.35,0.79,19124.0,206963.0,19.46,2.62,5929854.0,16963069.951818
801043.SI,20220303,冶钢原料,4034.96,4165.14,4012.28,4079.56,73.88,1.84,35459.0,378192.0,19.82,2.67,6039228.0,17369103.509352
801043.SI,20220304,冶钢原料,4035.33,4100.65,3931.6,3987.94,-91.62,-2.25,30255.0,348284.0,19.44,2.61,5903595.0,17043763.998492
801043.SI,20220307,冶钢原料,4017.17,4059.42,3897.42,3940.15,-47.79,-1.2,24571.0,288978.0,19.2,2.58,5832843.0,16894435.054713
801043.SI,20220308,冶钢原料,3948.71,3993.24,3719.59,3774.04,-166.1,-4.22,27528.0,277753.0,18.39,2.47,5586949.0,16128063.398423
801043.SI,20220309,冶钢原料,3760.51,3810.4,3461.71,3633.72,-140.32,-3.72,29635.0,270955.0,17.71,2.38,5379223.0,15534314.752438
801043.SI,20220310,冶钢原料,3691.42,3756.99,3635.78,3672.85,39.13,1.08,20829.0,189381.0,17.9,2.4,5437150.0,15696430.082301
801043.SI,20220311,冶钢原料,3635.71,3689.76,3549.14,3675.11,2.26,0.06,17912.0,154375.0,17.91,2.41,5440494.0,15694586.183466
801043.SI,20220314,冶钢原料,3627.3,3689.8,3553.16,3559.5,-115.61,-3.15,18205.0,150386.0,17.35,2.33,5269343.0,15190189.087425
801043.SI,20220315,冶钢原料,3538.63,3542.71,3268.24,3274.03,-285.47,-8.02,27168.0,222431.0,15.96,2.14,4846740.0,13970520.318941
801043.SI,20220316,冶钢原料,3324.05,3399.87,3172.02,3377.37,103.34,3.16,22569.0,182585.0,16.46,2.21,4999720.0,14349286.938732
801043.SI,20220317,冶钢原料,3418.82,3498.86,3403.23,3431.27,53.91,1.6,18180.0,160350.0,16.72,2.25,5079525.0,14591280.374525
801043.SI,20220318,冶钢原料,3432.86,3501.35,3396.52,3482.46,51.19,1.49,15020.0,128382.0,16.97,2.28,5155302.0,14828333.194558
801043.SI,20220321,冶钢原料,3494.24,3548.04,3452.74,3502.47,20.01,0.57,15695.0,129205.0,17.7,2.3,5184918.0,14868223.52156
801043.SI,20220322,冶钢原料,3502.96,3573.03,3470.9,3521.93,19.46,0.56,15170.0,121016.0,17.8,2.31,5213722.0,14958358.90891
801043.SI,20220323,冶钢原料,3523.85,3549.25,3475.9,3512.87,-9.05,-0.26,12510.0,98688.0,17.98,2.31,5200320.0,14917085.267272
801043.SI,20220324,冶钢原料,3501.29,3542.34,3464.32,3486.52,-26.35,-0.75,11425.0,96398.0,17.85,2.29,5161309.0,14788484.165382
801043.SI,20220325,冶钢原料,3494.52,3521.44,3439.54,3447.58,-38.95,-1.12,10855.0,92598.0,17.65,2.27,5103656.0,14655501.097322
801043.SI,20220328,冶钢原料,3438.18,3519.77,3355.29,3469.27,21.7,0.63,13991.0,116275.0,17.76,2.28,5135778.0,14806745.195569
801043.SI,20220329,冶钢原料,3469.92,3509.4,3391.95,3416.83,-52.44,-1.51,14162.0,106183.0,16.25,2.36,4978335.0,14617642.456345
801043.SI,20220330,冶钢原料,3446.73,3474.36,3398.65,3457.39,40.56,1.19,13007.0,101660.0,16.44,2.39,5037427.0,14778065.50693
801043.SI,20220331,冶钢原料,3464.12,3495.12,3403.17,3432.94,-24.44,-0.71,14086.0,124893.0,16.32,2.37,5001814.0,14752739.359477
801043.SI,20220401,冶钢原料,3426.43,3492.76,3382.14,3473.8,40.86,1.19,14305.0,137880.0,16.52,2.4,5061347.0,15003354.835706
801043.SI,20220406,冶钢原料,3471.55,3553.11,3408.76,3536.0,62.2,1.79,20764.0,189051.0,16.81,2.44,5151972.0,15359099.465308
801043.SI,20220407,冶钢原料,3502.18,3571.06,3438.97,3456.53,-79.47,-2.25,21768.0,188743.0,16.43,2.39,5036176.0,15022305.234434
801043.SI,20220408,冶钢原料,3461.31,3567.19,3414.26,3535.01,78.48,2.27,23800.0,225539.0,16.81,2.44,5150526.0,15472565.101923
801043.SI,20220411,冶钢原料,3511.96,3570.55,3372.41,3427.29,-107.72,-3.05,22400.0,239585.0,16.3,2.37,4993577.0,15128365.276221
801043.SI,20220412,冶钢原料,3388.28,3476.37,3330.46,3444.82,17.53,0.51,18132.0,176553.0,16.38,2.38,5019117.0,15178731.951501
801043.SI,20220413,冶钢原料,3426.79,3572.08,3386.93,3487.53,42.71,1.24,20961.0,215333.0,16.58,2.41,5081342.0,15407125.493925
801043.SI,20220414,冶钢原料,3493.91,3556.09,3451.09,3526.03,38.5,1.1,18247.0,198352.0,16.77,2.43,5137437.0,15651882.15523
801043.SI,20220415,冶钢原料,3542.63,3677.66,3475.39,3553.81,27.78,0.79,30565.0,329588.0,15.63,2.43,5273113.0,15753167.26941
801043.SI,20220418,冶钢原料,3511.69,3571.61,3422.57,3483.66,-70.15,-1.97,21700.0,215730.0,15.32,2.38,5169031.0,15431625.559537
801043.SI,20220419,冶钢原料,3492.85,3593.4,3465.49,3536.26,52.6,1.51,20433.0,214111.0,15.55,2.42,5247085.0,15765671.046295
801043.SI,20220420,冶钢原料,3519.08,3577.04,3384.77,3399.88,-136.39,-3.86,24687.0,225293.0,14.95,2.32,5044717.0,15102948.968307
801043.SI,20220421,冶钢原料,3404.32,3420.76,3199.52,3216.19,-183.69,-5.4,23949.0,196147.0,14.15,2.2,4772164.0,14291732.855359
801043.SI,20220422,冶钢原料,3201.8,3227.56,3103.41,3165.24,-50.96,-1.58,16925.0,130675.0,13.9,2.14,4703027.0,14090009.220455
801043.SI,20220425,冶钢原料,3105.63,3111.34,2859.28,2873.4,-291.84,-9.22,27077.0,194733.0,12.48,1.93,4269405.0,12811722.302269
801043.SI,20220426,冶钢原料,2852.23,2904.25,2730.93,2748.84,-124.56,-4.34,21163.0,151534.0,11.94,1.84,4084325.0,12222443.220754
801043.SI,20220427,冶钢原料,2711.06,2917.17,2673.88,2898.05,149.21,5.43,24373.0,166719.0,13.36,1.92,4306030.0,12963490.888485
801043.SI,20220428,冶钢原料,2881.42,2951.65,2835.17,2901.38,3.34,0.12,17897.0,139218.0,13.37,1.92,4310987.0,13018856.712036
801043.SI,20220429,冶钢原料,2921.54,3028.91,2889.06,3020.68,119.29,4.11,17407.0,139731.0,13.92,2.0,4488237.0,13506990.681248
801043.SI,20220505,冶钢原料,2985.93,3028.72,2911.96,2969.26,-51.42,-1.7,19889.0,168136.0,13.37,1.95,4411837.0,13287789.319761
801043.SI,20220506,冶钢原料,2892.48,2954.7,2845.38,2898.33,-70.93,-2.39,15183.0,130240.0,13.05,1.9,4306443.0,12899377.469439
801043.SI,20220509,冶钢原料,2883.44,2917.28,2840.57,2877.43,-20.89,-0.72,12011.0,94111.0,12.95,1.89,4275400.0,12853928.365203
801043.SI,20220510,冶钢原料,2836.2,2930.16,2787.72,2911.4,33.97,1.18,16540.0,136139.0,13.11,1.91,4325867.0,12986821.85404
801043.SI,20220511,冶钢原料,2908.38,3024.56,2901.63,2947.89,36.49,1.25,19246.0,152853.0,13.27,1.93,4380091.0,13123566.786707
801043.SI,20220512,冶钢原料,2933.67,2978.32,2892.93,2945.93,-1.97,-0.07,13642.0,112247.0,13.14,1.95,4497912.0,13095775.099154
801043.SI,20220513,冶钢原料,2969.5,2985.17,2919.97,2954.7,8.78,0.3,9691.0,77733.0,13.18,1.96,4511312.0,13129789.581625
801043.SI,20220516,冶钢原料,2975.57,3011.47,2941.15,2969.63,14.93,0.51,11442.0,94890.0,13.25,1.97,4534103.0,13224025.98444
801043.SI,20220517,冶钢原料,2966.5,3005.32,2940.99,2990.2,20.57,0.69,10990.0,89991.0,13.34,1.98,4565511.0,13316611.71438
801043.SI,20220518,冶钢原料,2988.73,3035.53,2952.23,2992.7,2.5,0.08,12052.0,104211.0,13.35,1.98,4569323.0,13315737.897075
801043.SI,20220519,冶钢原料,2942.98,3001.28,2906.7,2999.44,6.74,0.23,13606.0,101722.0,13.38,1.99,4579618.0,13313366.80565
801043.SI,20220520,冶钢原料,3006.55,3101.53,2991.79,3078.92,79.48,2.65,18412.0,156096.0,13.74,2.04,4700970.0,13714892.82246
801043.SI,20220523,冶钢原料,3144.41,3265.27,3110.9,3215.36,136.44,4.43,29155.0,245338.0,14.35,2.13,4909294.0,14338985.368238
801043.SI,20220524,冶钢原料,3192.01,3213.72,3030.72,3035.42,-179.95,-5.6,29106.0,239087.0,13.54,2.01,4634546.0,13559647.73644
801043.SI,20220525,冶钢原料,3038.61,3097.09,3012.94,3068.07,32.66,1.08,16409.0,136966.0,13.69,2.03,4684407.0,13772180.782096
801043.SI,20220526,冶钢原料,3069.38,3113.24,2996.39,3087.11,19.04,0.62,17515.0,143342.0,13.77,2.04,4713471.0,13841325.041592
801043.SI,20220527,冶钢原料,3097.29,3140.65,3026.47,3074.25,-12.86,-0.42,18684.0,165819.0,13.72,2.04,4693836.0,13829682.805969
801043.SI,20220530,冶钢原料,3088.65,3129.78,3039.72,3073.09,-1.16,-0.04,15866.0,125462.0,13.71,2.04,4692072.0,13793137.372969
801043.SI,20220531,冶钢原料,3077.62,3134.08,3033.6,3115.85,42.76,1.39,19137.0,158229.0,13.9,2.06,4757361.0,13937297.9688
801043.SI,20220601,冶钢原料,3104.65,3169.83,3079.0,3148.47,32.62,1.05,19857.0,166503.0,14.05,2.09,4807164.0,14037502.882692
801043.SI,20220602,冶钢原料,3145.46,3222.56,3111.46,3193.72,45.25,1.44,24461.0,207867.0,14.25,2.12,4876254.0,14281051.822293
801043.SI,20220606,冶钢原料,3180.21,3317.79,3148.44,3286.36,92.63,2.9,37857.0,307223.0,14.66,2.18,5017687.0,14674731.623701
801043.SI,20220607,冶钢原料,3289.53,3364.73,3238.68,3294.91,8.56,0.26,29457.0,275187.0,14.7,2.18,5030754.0,14833193.293077
801043.SI,20220608,冶钢原料,3291.43,3353.6,3226.14,3301.15,6.24,0.19,27416.0,238951.0,14.73,2.19,5040275.0,14861691.242224
801043.SI,20220609,冶钢原料,3306.46,3341.86,3225.09,3263.27,-37.88,-1.15,24479.0,217879.0,14.56,2.16,4982440.0,14752265.291312
801043.SI,20220610,冶钢原料,3233.45,3325.12,3202.75,3303.23,39.96,1.22,24233.0,218148.0,14.74,2.19,5043444.0,14972258.651448
801043.SI,20220613,冶钢原料,3257.97,3293.34,3195.13,3243.95,-59.27,-1.79,23856.0,192164.0,13.94,2.07,4793965.0,13508750.779992
801043.SI,20220614,冶钢原料,3201.33,3233.29,3070.09,3205.27,-38.68,-1.19,31254.0,252554.0,13.9,2.09,4910129.0,14158855.721997
801043.SI,20220615,冶钢原料,3190.38,3261.58,3156.17,3185.89,-19.39,-0.6,26550.0,215959.0,13.82,2.08,4880433.0,14000989.717768
801043.SI,20220616,冶钢原料,3193.54,3279.3,3161.53,3186.07,0.19,0.01,24830.0,177524.0,13.82,2.08,4880718.0,13995186.710327
801043.SI,20220617,冶钢原料,3153.2,3277.83,3112.76,3229.05,42.98,1.35,34826.0,266693.0,14.01,2.11,4946554.0,14244613.801054
801043.SI,20220620,冶钢原料,3212.03,3255.32,3161.18,3186.37,-42.69,-1.32,29639.0,239116.0,13.82,2.08,4881165.0,13966673.353612
801043.SI,20220621,冶钢原料,3176.83,3222.83,3122.19,3151.42,-34.94,-1.1,24292.0,190118.0,13.67,2.06,4827639.0,13841274.349408
801043.SI,20220622,冶钢原料,3155.08,3202.31,3084.71,3117.59,-33.83,-1.07,23906.0,161124.0,13.52,2.04,4775814.0,13653545.807903
801043.SI,20220623,冶钢原料,3125.24,3164.57,3074.2,3152.33,34.74,1.11,21927.0,147643.0,13.67,2.06,4829025.0,13795144.613117
801043.SI,20220624,冶钢原料,3146.41,3225.18,3125.94,3191.82,39.49,1.25,25124.0,168435.0,13.84,2.08,4889514.0,13996206.973881
801043.SI,20220627,冶钢原料,3203.63,3259.63,3170.25,3215.25,23.44,0.73,27624.0,199022.0,13.95,2.1,4925416.0,14132787.008205
801043.SI,20220628,冶钢原料,3212.73,3297.89,3178.59,3276.07,60.82,1.89,30497.0,230734.0,14.21,2.14,5018584.0,14302059.405576
801043.SI,20220629,冶钢原料,3260.75,3301.29,3198.23,3210.07,-66.0,-2.01,25835.0,188903.0,13.92,2.1,4917483.0,14018468.602207
801043.SI,20220630,冶钢原料,3213.57,3330.37,3198.01,3244.83,34.76,1.08,36671.0,203507.0,14.07,2.12,4970725.0,14138471.742004
801043.SI,20220701,冶钢原料,3229.25,3341.82,3195.2,3324.66,79.84,2.46,35133.0,189980.0,14.42,2.17,5093024.0,14458600.204404
801043.SI,20220704,冶钢原料,3365.49,3470.94,3318.52,3461.91,137.25,4.13,35049.0,230046.0,15.01,2.26,5303276.0,15037767.542743
801043.SI,20220705,冶钢原料,3549.52,3623.2,3493.63,3594.38,132.46,3.83,35982.0,268082.0,15.59,2.35,5506192.0,15557739.40161
801043.SI,20220706,冶钢原料,3708.31,3719.84,3538.22,3648.55,54.17,1.51,108510.0,650320.0,15.82,2.38,5589179.0,15689223.234321
801043.SI,20220707,冶钢原料,3604.54,3864.78,3582.1,3825.11,176.56,4.84,87308.0,574349.0,16.5,2.5,5915272.0,16356836.717444
801043.SI,20220708,冶钢原料,3829.08,3849.9,3640.51,3650.54,-174.57,-4.56,106962.0,651187.0,15.75,2.39,5645313.0,15686771.252753
801043.SI,20220711,冶钢原料,3613.95,3774.36,3533.61,3669.96,19.42,0.53,99321.0,624190.0,15.83,2.4,5675353.0,15671955.886174
801043.SI,20220712,冶钢原料,3670.61,3836.2,3593.91,3782.89,112.92,3.08,71529.0,477190.0,16.32,2.48,5849981.0,16084129.533436
801043.SI,20220713,冶钢原料,3755.67,3812.07,3631.79,3680.07,-102.81,-2.72,93722.0,603467.0,15.87,2.41,5690986.0,15694914.646101
801043.SI,20220714,冶钢原料,3674.07,3773.78,3587.75,3674.29,-5.78,-0.16,71045.0,461047.0,15.85,2.4,5682046.0,15696527.921987
801043.SI,20220715,冶钢原料,3654.66,3680.46,3517.5,3523.96,-150.33,-4.09,62163.0,410466.0,15.2,2.31,5449571.0,15117091.545221
801043.SI,20220718,冶钢原料,3520.26,3732.01,3489.97,3715.48,191.52,5.43,74587.0,483359.0,16.03,2.43,5745738.0,15874719.51043
801043.SI,20220719,冶钢原料,3691.23,3805.34,3584.74,3779.89,64.41,1.73,72382.0,457466.0,16.3,2.47,5845348.0,16122689.302261
801043.SI,20220720,冶钢原料,3741.45,3971.39,3711.82,3952.03,172.14,4.55,106060.0,744031.0,17.05,2.59,6111548.0,16787540.884342
801043.SI,20220721,冶钢原料,3932.62,4158.23,3873.63,4031.03,79.0,2.0,123065.0,948201.0,17.39,2.64,6233719.0,17083513.14489
801043.SI,20220722,冶钢原料,3969.14,4101.88,3904.9,4010.14,-20.89,-0.52,81531.0,619310.0,17.3,2.62,6201412.0,16998169.37333
801043.SI,20220725,冶钢原料,4004.65,4016.73,3820.27,3883.59,-126.55,-3.16,68427.0,496368.0,16.75,2.54,6005713.0,16515860.458811
801043.SI,20220726,冶钢原料,3848.41,3947.43,3801.78,3892.83,9.24,0.24,49024.0,358636.0,16.79,2.55,6019995.0,16567074.894429
801043.SI,20220727,冶钢原料,3884.73,3959.5,3865.55,3923.14,30.31,0.78,47260.0,348712.0,16.92,2.57,6066874.0,16692981.806841
801043.SI,20220728,冶钢原料,3953.16,4042.67,3870.49,3949.04,25.9,0.66,55943.0,433416.0,17.03,2.58,6106919.0,16858450.712423
801043.SI,20220729,冶钢原料,3934.79,4082.56,3871.71,3975.86,26.83,0.68,71147.0,539158.0,17.15,2.6,6148404.0,16928100.944923
801043.SI,20220801,冶钢原料,3951.12,4002.64,3884.41,3957.47,-18.39,-0.46,42817.0,325286.0,15.55,2.44,6317460.0,17241960.157412
801043.SI,20220802,冶钢原料,3901.27,3903.8,3649.01,3710.3,-247.17,-6.25,67263.0,484623.0,14.57,2.29,5922886.0,16189588.477639
801043.SI,20220803,冶钢原料,3695.41,3802.68,3613.53,3624.62,-85.68,-2.31,58151.0,400989.0,14.24,2.24,5786114.0,15825883.78288
801043.SI,20220804,冶钢原料,3644.03,3683.62,3572.11,3654.93,30.31,0.84,38151.0,259010.0,14.36,2.26,5834497.0,15923933.25193
801043.SI,20220805,冶钢原料,3658.44,3708.8,3599.49,3687.62,32.7,0.89,33922.0,232263.0,14.49,2.28,5886691.0,16063053.000066
801043.SI,20220808,冶钢原料,3686.04,3737.24,3620.55,3682.13,-5.49,-0.15,39557.0,265878.0,14.46,2.27,5877926.0,16080549.69702
801043.SI,20220809,冶钢原料,3673.99,3719.17,3631.61,3665.73,-16.4,-0.45,34281.0,231892.0,14.4,2.26,5851738.0,16031901.783897
801043.SI,20220810,冶钢原料,3662.68,3709.71,3611.64,3646.4,-19.33,-0.53,38314.0,254742.0,14.32,2.25,5820884.0,15968298.712744
801043.SI,20220811,冶钢原料,3664.9,3696.47,3627.52,3666.48,20.08,0.55,32165.0,217484.0,14.4,2.26,5852935.0,16043653.940908
801043.SI,20220812,冶钢原料,3658.04,3702.91,3616.83,3640.69,-25.79,-0.7,35713.0,235541.0,14.3,2.25,5811770.0,15977158.773687
801043.SI,20220815,冶钢原料,3643.81,3739.21,3613.76,3710.86,70.17,1.93,53372.0,366328.0,14.58,2.29,5923782.0,16312465.535747
801043.SI,20220816,冶钢原料,3696.43,3880.47,3686.22,3866.52,155.66,4.19,70558.0,501327.0,15.19,2.39,6172269.0,16957618.186424
801043.SI,20220817,冶钢原料,3905.3,3998.88,3784.09,3891.85,25.33,0.66,73230.0,531843.0,15.29,2.4,6212703.0,16972963.540086
801043.SI,20220818,冶钢原料,3880.1,3904.42,3798.06,3829.65,-62.2,-1.6,45358.0,325506.0,15.04,2.36,6113417.0,16726985.395812
801043.SI,20220819,冶钢原料,3821.96,3886.68,3749.93,3777.15,-52.5,-1.37,37043.0,274221.0,14.84,2.33,6029609.0,16570178.946657
801043.SI,20220822,冶钢原料,3762.41,3913.79,3735.89,3875.62,98.47,2.61,44249.0,326578.0,15.22,2.39,6186803.0,16992670.74489
801043.SI,20220823,冶钢原料,3862.95,3888.72,3794.98,3836.5,-39.13,-1.01,35973.0,264986.0,15.07,2.34,6124345.0,16863530.644208
801043.SI,20220824,冶钢原料,3846.73,3888.39,3656.24,3676.12,-160.37,-4.18,49877.0,356317.0,14.44,2.24,5868335.0,16207688.34099
801043.SI,20220825,冶钢原料,3690.12,3738.61,3600.85,3694.56,18.44,0.5,33088.0,262552.0,14.51,2.24,5897764.0,16371233.863257
801043.SI,20220826,冶钢原料,3692.54,3748.61,3627.48,3644.19,-50.37,-1.36,26545.0,203288.0,14.31,2.23,5817354.0,16088311.514281
801043.SI,20220829,冶钢原料,3592.01,3677.67,3545.82,3656.03,11.85,0.33,20980.0,158459.0,14.36,2.23,5836264.0,16167680.109681
801043.SI,20220830,冶钢原料,3681.12,3735.19,3629.07,3665.13,9.1,0.25,33464.0,235103.0,14.4,2.26,5850793.0,16140913.797262
801043.SI,20220831,冶钢原料,3662.88,3697.13,3506.72,3519.22,-145.91,-3.98,36720.0,248081.0,13.82,2.17,5617869.0,15458385.358359
801043.SI,20220901,冶钢原料,3524.38,3576.94,3460.96,3479.66,-39.56,-1.12,23999.0,161673.0,13.66,2.14,5554715.0,15363160.832704
801043.SI,20220902,冶钢原料,3489.25,3515.85,3433.54,3466.98,-12.68,-0.36,20391.0,135793.0,13.61,2.14,5534479.0,15279394.039575
801043.SI,20220905,冶钢原料,3455.16,3530.16,3431.51,3481.35,14.37,0.41,21521.0,141914.0,13.67,2.15,5557415.0,15366845.344787
801043.SI,20220906,冶钢原料,3494.29,3586.36,3469.0,3559.51,78.15,2.24,28786.0,197449.0,13.98,2.19,5682175.0,15769179.718395
801043.SI,20220907,冶钢原料,3545.85,3591.57,3503.35,3552.22,-7.28,-0.2,27116.0,201148.0,13.95,2.19,5670546.0,15813378.588184
801043.SI,20220908,冶钢原料,3584.23,3658.57,3526.84,3566.58,14.36,0.4,33542.0,227831.0,14.0,2.19,5710748.0,15824002.958746
801043.SI,20220909,冶钢原料,3534.59,3608.54,3493.12,3562.84,-3.74,-0.1,26157.0,179433.0,13.98,2.19,5704759.0,15869761.738261
801043.SI,20220913,冶钢原料,3571.74,3595.67,3510.16,3522.85,-39.98,-1.12,19265.0,132617.0,13.82,2.16,5640737.0,15722661.198757
801043.SI,20220914,冶钢原料,3463.28,3499.98,3423.37,3453.51,-69.34,-1.97,24563.0,158164.0,13.58,2.12,5559178.0,15428945.381662
801043.SI,20220915,冶钢原料,3473.53,3492.16,3323.53,3368.11,-85.4,-2.47,28943.0,181249.0,13.24,2.07,5421708.0,15056556.744781
801043.SI,20220916,冶钢原料,3354.21,3378.82,3260.89,3266.78,-101.33,-3.01,21505.0,146493.0,12.84,2.01,5258597.0,14629211.256822
801043.SI,20220919,冶钢原料,3272.69,3304.31,3196.02,3228.09,-38.7,-1.18,19881.0,126365.0,12.69,1.98,5196308.0,14420500.225605
801043.SI,20220920,冶钢原料,3244.42,3336.2,3234.89,3278.67,50.58,1.57,24005.0,148249.0,12.89,2.01,5277725.0,14663182.083419
801043.SI,20220921,冶钢原料,3262.61,3363.01,3207.73,3309.19,30.53,0.93,41458.0,236147.0,13.01,2.03,5326863.0,14775582.768148
801043.SI,20220922,冶钢原料,3290.58,3448.92,3269.3,3413.74,104.55,3.16,67608.0,389458.0,13.42,2.1,5495152.0,15213612.422988
801043.SI,20220923,冶钢原料,3372.4,3399.08,3264.06,3297.38,-116.36,-3.41,58003.0,327912.0,12.96,2.03,5307852.0,14677665.344407
801043.SI,20220926,冶钢原料,3264.09,3288.7,3171.37,3190.93,-106.45,-3.23,31930.0,189923.0,12.55,1.96,5136497.0,14130194.202071
801043.SI,20220927,冶钢原料,3194.05,3227.7,3118.19,3201.13,10.2,0.32,33380.0,197579.0,12.59,1.97,5152916.0,14127077.349278
801043.SI,20220928,冶钢原料,3187.22,3201.5,3047.35,3051.19,-149.94,-4.68,31823.0,179673.0,12.0,1.87,4911554.0,13470214.484062
801043.SI,20220929,冶钢原料,3107.7,3122.73,3035.49,3053.51,2.32,0.08,19611.0,112249.0,12.01,1.88,4915287.0,13497799.813773
801043.SI,20220930,冶钢原料,3050.64,3085.51,3019.5,3028.17,-25.34,-0.83,18734.0,102360.0,11.91,1.86,4874497.0,13407831.406046
801043.SI,20221010,冶钢原料,3054.61,3105.35,2987.02,3006.64,-21.53,-0.71,28439.0,152366.0,11.82,1.85,4839837.0,13341729.066132
801043.SI,20221011,冶钢原料,3004.36,3070.06,2977.35,3056.85,50.21,1.67,25561.0,135674.0,12.28,1.9,4931419.0,13581146.199287
801043.SI,20221012,冶钢原料,3081.41,3132.61,2984.21,3127.0,70.15,2.29,36567.0,194274.0,12.57,1.94,5051686.0,13859254.765148
801043.SI,20221013,冶钢原料,3088.5,3151.81,3070.17,3101.34,-25.66,-0.82,28053.0,154403.0,12.46,1.92,5010231.0,13740200.1081
801043.SI,20221014,冶钢原料,3122.43,3206.06,3108.24,3178.67,77.33,2.49,34968.0,195324.0,12.78,1.97,5135163.0,14077532.656769
801043.SI,20221017,冶钢原料,3158.57,3223.1,3139.64,3203.94,25.26,0.79,24641.0,140737.0,12.88,1.99,5175975.0,14188232.654986
801043.SI,20221018,冶钢原料,3216.04,3254.78,3177.62,3208.41,4.48,0.14,28122.0,159767.0,12.89,1.99,5183206.0,14174870.030859
801043.SI,20221019,冶钢原料,3209.2,3329.55,3168.72,3248.24,39.83,1.24,43594.0,250873.0,13.05,2.02,5247555.0,14386536.60205
801043.SI,20221020,冶钢原料,3251.65,3282.91,3189.61,3216.97,-31.28,-0.96,28823.0,166882.0,12.93,2.0,5197028.0,14331769.898111
801043.SI,20221021,冶钢原料,3252.08,3303.73,3207.24,3232.27,15.31,0.48,31043.0,239580.0,12.99,2.01,5221755.0,14411295.708067
801043.SI,20221024,冶钢原料,3237.42,3300.52,3153.72,3189.5,-42.78,-1.32,34321.0,235284.0,12.82,1.98,5152651.0,14201705.210008
801043.SI,20221025,冶钢原料,3172.11,3221.2,3109.41,3183.11,-6.39,-0.2,27784.0,184523.0,12.79,1.97,5142329.0,14149617.015223
801043.SI,20221026,冶钢原料,3170.4,3227.81,3117.57,3180.22,-2.89,-0.09,30590.0,192002.0,12.78,1.97,5137662.0,14148810.597602
801043.SI,20221027,冶钢原料,3189.66,3248.72,3135.92,3153.57,-26.66,-0.84,32586.0,202401.0,12.67,1.94,5094600.0,14065802.040115
801043.SI,20221028,冶钢原料,3120.24,3124.94,2982.61,2999.43,-154.14,-4.89,30635.0,182914.0,12.05,1.85,4845592.0,13402019.434464
801043.SI,20221031,冶钢原料,2966.88,3014.95,2917.49,2964.71,-34.71,-1.16,21540.0,141216.0,11.92,1.8,4789510.0,13221181.839715
801043.SI,20221101,冶钢原料,2969.79,3060.07,2957.23,3055.41,90.7,3.06,24190.0,149261.0,14.61,1.86,4936032.0,13595449.20293
801043.SI,20221102,冶钢原料,3044.85,3117.31,3028.85,3095.66,40.25,1.32,25137.0,159241.0,14.8,1.88,5001060.0,13776166.5826
801043.SI,20221103,冶钢原料,3081.83,3153.62,3062.15,3108.97,13.3,0.43,21400.0,156690.0,14.87,1.89,5022553.0,13871059.364388
801043.SI,20221104,冶钢原料,3165.17,3294.66,3136.88,3289.87,180.9,5.82,53660.0,333715.0,15.73,2.0,5314793.0,14695601.653949
801043.SI,20221107,冶钢原料,3362.66,3513.55,3346.39,3430.29,140.43,4.27,78928.0,474806.0,16.4,2.08,5541655.0,15308203.110649
801043.SI,20221108,冶钢原料,3418.99,3498.08,3365.59,3429.35,-0.95,-0.03,55127.0,438827.0,16.4,2.08,5540127.0,15326752.931955
801043.SI,20221109,冶钢原料,3436.89,3512.55,3389.03,3450.59,21.25,0.62,39585.0,332148.0,16.5,2.1,5574449.0,15456770.862678
801043.SI,20221110,冶钢原料,3413.81,3434.02,3337.92,3369.57,-81.02,-2.35,36426.0,292326.0,16.11,2.05,5443556.0,15061226.170442
801043.SI,20221111,冶钢原料,3444.81,3479.29,3353.03,3382.02,12.45,0.37,36639.0,296371.0,16.17,2.06,5463670.0,15036652.227142
801043.SI,20221114,冶钢原料,3398.43,3423.77,3296.59,3314.14,-67.88,-2.01,29397.0,217339.0,15.87,2.02,5400072.0,14727140.916129
801043.SI,20221115,冶钢原料,3302.22,3374.48,3279.41,3364.93,50.79,1.53,28436.0,193339.0,16.11,2.05,5482828.0,14935539.643818
801043.SI,20221116,冶钢原料,3366.01,3407.15,3320.0,3357.53,-7.4,-0.22,23963.0,185307.0,16.08,2.05,5470773.0,14945128.874684
801043.SI,20221117,冶钢原料,3332.74,3381.65,3298.15,3349.71,-7.82,-0.23,20876.0,157688.0,16.04,2.04,5458032.0,14856282.643777
801043.SI,20221118,冶钢原料,3342.93,3391.36,3304.44,3341.53,-8.18,-0.24,26733.0,183748.0,16.0,2.04,5444696.0,14798236.720731
801043.SI,20221121,冶钢原料,3336.75,3442.1,3289.61,3403.94,62.41,1.87,43972.0,273380.0,16.3,2.08,5546392.0,15078552.666146
801043.SI,20221122,冶钢原料,3383.75,3420.85,3317.03,3348.14,-55.8,-1.64,31516.0,205847.0,16.03,2.04,5455476.0,14877247.205966
801043.SI,20221123,冶钢原料,3336.97,3425.49,3313.65,3381.32,33.17,0.99,23153.0,176346.0,16.19,2.06,5509530.0,15105912.940025
801043.SI,20221124,冶钢原料,3416.3,3499.05,3355.73,3419.63,38.31,1.13,38670.0,286377.0,16.38,2.09,5571955.0,15268526.854836
801043.SI,20221125,冶钢原料,3401.07,3467.73,3359.39,3398.69,-20.94,-0.61,27732.0,201975.0,16.28,2.07,5537837.0,15159781.507608
801043.SI,20221128,冶钢原料,3344.99,3400.25,3288.65,3351.79,-46.9,-1.38,22232.0,154069.0,15.8,2.04,5494971.0,14956518.544788
801043.SI,20221129,冶钢原料,3361.21,3448.38,3347.3,3425.91,74.12,2.21,28243.0,194650.0,16.15,2.09,5616484.0,15260834.368113
801043.SI,20221130,冶钢原料,3415.81,3457.73,3375.52,3416.49,-9.42,-0.27,25344.0,184677.0,16.11,2.08,5601045.0,15258489.502437
801043.SI,20221201,冶钢原料,3436.94,3564.13,3415.99,3494.38,77.89,2.28,54337.0,342240.0,16.48,2.13,5728738.0,15585007.066757
801043.SI,20221202,冶钢原料,3486.24,3511.9,3443.69,3473.71,-20.67,-0.59,27018.0,178650.0,16.38,2.11,5694850.0,15498658.740517
801043.SI,20221205,冶钢原料,3485.13,3562.26,3449.81,3535.5,61.8,1.78,34783.0,240010.0,16.67,2.15,5796158.0,15760439.250647
801043.SI,20221206,冶钢原料,3516.55,3561.63,3477.15,3514.88,-20.62,-0.58,26178.0,184473.0,16.57,2.14,5762347.0,15719766.990469
801043.SI,20221207,冶钢原料,3504.52,3568.78,3467.54,3513.17,-1.71,-0.05,26740.0,206159.0,16.56,2.14,5759536.0,15764138.431209
801043.SI,20221208,冶钢原料,3506.72,3541.57,3456.94,3474.94,-38.23,-1.09,24834.0,188961.0,16.38,2.12,5696863.0,15603604.86991
801043.SI,20221209,冶钢原料,3485.96,3556.35,3440.2,3517.97,43.03,1.24,29115.0,256740.0,16.53,2.14,5771973.0,15694433.0658
801043.SI,20221212,冶钢原料,3504.09,3525.02,3408.47,3418.1,-99.87,-2.84,30463.0,232479.0,16.06,2.08,5608120.0,15265936.756493
801043.SI,20221213,冶钢原料,3410.33,3478.92,3396.72,3428.32,10.22,0.3,17764.0,142477.0,16.11,2.08,5624888.0,15327257.880141
801043.SI,20221214,冶钢原料,3439.38,3480.25,3397.38,3419.09,-9.24,-0.27,17907.0,135354.0,16.07,2.08,5609733.0,15288979.68056
801043.SI,20221215,冶钢原料,3421.11,3468.65,3378.44,3444.76,25.68,0.75,17449.0,132650.0,16.19,2.09,5651864.0,15368252.255321
801043.SI,20221216,冶钢原料,3418.94,3476.45,3378.57,3422.02,-22.74,-0.66,19037.0,152963.0,16.03,2.08,5618843.0,15268540.895108
801043.SI,20221219,冶钢原料,3404.1,3441.68,3284.19,3309.48,-112.54,-3.29,24267.0,173965.0,15.5,2.01,5432311.0,14773561.172798
801043.SI,20221220,冶钢原料,3297.33,3340.88,3268.1,3316.95,7.47,0.23,12226.0,85158.0,15.54,2.02,5444573.0,14770170.907218
801043.SI,20221221,冶钢原料,3311.5,3355.05,3249.16,3281.3,-35.65,-1.07,14572.0,98812.0,15.37,1.99,5386050.0,14606255.091526
801043.SI,20221222,冶钢原料,3296.87,3322.2,3202.04,3226.07,-55.23,-1.68,13952.0,92479.0,15.11,1.96,5295400.0,14361405.730579
801043.SI,20221223,冶钢原料,3221.48,3242.68,3164.17,3195.17,-30.9,-0.96,9481.0,70014.0,14.97,1.94,5244676.0,14144975.004784
801043.SI,20221226,冶钢原料,3204.11,3245.94,3178.82,3235.86,40.69,1.27,11098.0,76291.0,15.16,1.97,5311464.0,14327101.993176
801043.SI,20221227,冶钢原料,3238.38,3273.2,3210.91,3255.29,19.43,0.6,10220.0,68881.0,15.25,1.98,5343365.0,14455163.757476
801043.SI,20221228,冶钢原料,3253.7,3290.88,3198.49,3232.71,-22.58,-0.69,19892.0,134355.0,15.14,1.96,5306299.0,14402736.146625
801043.SI,20221229,冶钢原料,3222.34,3255.15,3179.44,3189.93,-42.78,-1.32,19782.0,133302.0,14.94,1.94,5236078.0,14220385.843056
801043.SI,20221230,冶钢原料,3203.74,3225.95,3160.29,3190.88,0.95,0.03,13572.0,88843.0,14.95,1.94,5237635.0,14198720.1138
801043.SI,20230103,冶钢原料,3183.92,3254.15,3150.46,3236.52,45.64,1.43,16510.0,105976.0,15.16,1.97,5312549.0,14389378.38148
801043.SI,20230104,冶钢原料,3227.42,3257.19,3196.98,3217.66,-18.86,-0.58,13672.0,91088.0,15.03,1.95,5285103.0,14297271.108196
801043.SI,20230105,冶钢原料,3208.92,3262.32,3189.62,3244.52,26.86,0.83,16971.0,110385.0,15.16,1.97,5329218.0,14412756.236228
801043.SI,20230106,冶钢原料,3238.61,3298.42,3218.85,3260.66,16.14,0.5,20242.0,122677.0,15.23,1.98,5355726.0,14490435.612722
801043.SI,20230109,冶钢原料,3280.07,3340.17,3264.24,3295.63,34.97,1.07,25085.0,154985.0,15.4,2.0,5413165.0,14648612.601797
801043.SI,20230110,冶钢原料,3292.06,3309.32,3241.3,3259.25,-36.37,-1.1,15829.0,101772.0,15.23,1.98,5353422.0,14466280.060551
801043.SI,20230111,冶钢原料,3264.28,3304.7,3238.94,3261.63,2.37,0.07,14004.0,93554.0,15.24,1.98,5357318.0,14492210.39207
801043.SI,20230112,冶钢原料,3265.14,3298.23,3243.77,3270.72,9.1,0.28,11362.0,84363.0,15.28,1.99,5372260.0,14504493.060232
801043.SI,20230113,冶钢原料,3278.14,3322.18,3254.6,3289.35,18.63,0.57,12104.0,90520.0,15.37,2.0,5402854.0,14580140.681575
801043.SI,20230116,冶钢原料,3275.21,3322.31,3246.03,3289.46,0.11,0.0,15348.0,108537.0,15.37,2.0,5403035.0,14609078.909799
801043.SI,20230117,冶钢原料,3295.38,3315.54,3264.08,3292.02,2.56,0.08,11661.0,82319.0,15.35,2.0,5410119.0,14668478.945415
801043.SI,20230118,冶钢原料,3299.32,3352.6,3282.26,3324.64,32.62,0.99,16982.0,111501.0,15.5,2.02,5463726.0,14823358.146293
801043.SI,20230119,冶钢原料,3320.24,3373.26,3304.96,3362.36,37.73,1.13,18043.0,129964.0,15.67,2.04,5525726.0,15053291.814171
801043.SI,20230120,冶钢原料,3373.58,3438.01,3351.79,3418.04,55.68,1.66,20005.0,145202.0,15.93,2.07,5617225.0,15306050.167769
801043.SI,20230130,冶钢原料,3460.83,3496.49,3410.93,3421.44,3.4,0.1,25339.0,173089.0,15.95,2.08,5622807.0,15313253.342326
801043.SI,20230131,冶钢原料,3418.3,3498.62,3401.89,3465.86,44.42,1.3,22453.0,144437.0,16.16,2.1,5695814.0,15492630.466203
801043.SI,20230201,冶钢原料,3468.05,3604.27,3455.04,3571.86,106.0,3.06,41232.0,273037.0,16.65,2.17,5870014.0,15912709.227681
801043.SI,20230202,冶钢原料,3567.74,3576.2,3499.23,3515.88,-55.98,-1.57,25989.0,172888.0,16.39,2.13,5778013.0,15678108.939953
801043.SI,20230203,冶钢原料,3505.86,3515.1,3419.41,3480.32,-35.56,-1.01,22685.0,151054.0,16.22,2.11,5719574.0,15502764.578547
801043.SI,20230206,冶钢原料,3456.91,3466.34,3407.11,3442.87,-37.44,-1.08,14888.0,99092.0,16.05,2.09,5658041.0,15357716.386082
801043.SI,20230207,冶钢原料,3441.05,3472.89,3416.37,3461.23,18.36,0.53,17096.0,110406.0,16.13,2.1,5688214.0,15431057.404533
801043.SI,20230208,冶钢原料,3463.12,3506.16,3423.41,3448.47,-12.77,-0.37,21718.0,134873.0,16.07,2.09,5667234.0,15415904.093878
801043.SI,20230209,冶钢原料,3459.16,3564.74,3446.63,3527.75,79.28,2.3,45247.0,266438.0,16.44,2.14,5797522.0,15721109.750614
801043.SI,20230210,冶钢原料,3555.83,3600.43,3494.43,3522.69,-5.06,-0.14,47578.0,286485.0,16.42,2.14,5789203.0,15689457.050452
801043.SI,20230213,冶钢原料,3566.62,3651.18,3551.57,3601.62,78.93,2.24,57425.0,353881.0,16.79,2.19,5918925.0,16012468.553937
801043.SI,20230214,冶钢原料,3607.84,3640.6,3560.47,3608.1,6.48,0.18,32719.0,211246.0,16.82,2.19,5929572.0,16031505.486075
801043.SI,20230215,冶钢原料,3605.17,3622.59,3551.4,3573.93,-34.17,-0.95,25971.0,170212.0,16.62,2.17,5877092.0,15857248.191392
801043.SI,20230216,冶钢原料,3574.38,3607.39,3436.14,3487.25,-86.68,-2.43,34364.0,223418.0,16.21,2.11,5734556.0,15460184.349103
801043.SI,20230217,冶钢原料,3485.52,3552.41,3464.23,3498.61,11.36,0.33,20891.0,141447.0,16.27,2.12,5754946.0,15537256.216488
801043.SI,20230220,冶钢原料,3504.42,3616.24,3484.37,3605.82,107.22,3.06,28650.0,194926.0,16.77,2.19,5931308.0,15987140.493341
801043.SI,20230221,冶钢原料,3629.24,3755.34,3614.55,3714.0,108.18,3.0,45930.0,358485.0,17.27,2.25,6109253.0,16421916.530477
801043.SI,20230222,冶钢原料,3686.9,3733.99,3645.72,3690.77,-23.23,-0.63,26704.0,205581.0,17.16,2.24,6071040.0,16355873.264634
801043.SI,20230223,冶钢原料,3692.4,3717.67,3619.46,3655.77,-35.0,-0.95,20004.0,152874.0,17.0,2.22,6013462.0,16218014.137161
801043.SI,20230224,冶钢原料,3657.14,3676.01,3597.6,3633.06,-22.71,-0.62,15498.0,117573.0,16.89,2.2,5976110.0,16116836.03876
801043.SI,20230227,冶钢原料,3623.75,3646.24,3563.57,3577.26,-55.79,-1.54,15233.0,110719.0,16.63,2.17,5884333.0,15893239.865002
801043.SI,20230228,冶钢原料,3581.83,3605.4,3550.56,3594.76,17.49,0.49,13055.0,93147.0,16.72,2.18,5913107.0,15963915.603521
801043.SI,20230301,冶钢原料,3593.76,3638.73,3569.6,3618.84,24.09,0.67,16590.0,122081.0,16.83,2.19,5952729.0,16026155.543713
801043.SI,20230302,冶钢原料,3615.86,3632.35,3579.48,3593.67,-25.17,-0.7,15310.0,111945.0,16.71,2.18,5911319.0,15935477.878843
801043.SI,20230303,冶钢原料,3592.27,3620.33,3546.33,3589.88,-3.79,-0.11,18201.0,128719.0,16.69,2.18,5905086.0,15890946.05896
801043.SI,20230306,冶钢原料,3581.0,3585.47,3493.02,3525.94,-63.94,-1.78,22676.0,165013.0,16.4,2.14,5799903.0,15601488.128137
801043.SI,20230307,冶钢原料,3517.36,3552.69,3451.26,3461.52,-64.41,-1.83,17587.0,123473.0,16.1,2.1,5693948.0,15319116.091473
801043.SI,20230308,冶钢原料,3471.78,3555.28,3443.64,3514.63,53.11,1.53,19500.0,141137.0,16.34,2.13,5781306.0,15507096.314804
801043.SI,20230309,冶钢原料,3529.12,3552.62,3479.73,3495.66,-18.98,-0.54,14456.0,105468.0,16.25,2.12,5750091.0,15470554.800584
801043.SI,20230310,冶钢原料,3479.19,3502.4,3393.87,3417.34,-78.31,-2.24,20325.0,140979.0,15.89,2.07,5621271.0,15157987.820046
801043.SI,20230313,冶钢原料,3406.91,3443.32,3371.51,3417.75,0.41,0.01,14837.0,97823.0,15.89,2.07,5621950.0,15144919.64325
801043.SI,20230314,冶钢原料,3419.79,3446.1,3340.09,3377.62,-40.14,-1.17,16401.0,109823.0,15.67,2.05,5559089.0,14938428.604724
801043.SI,20230315,冶钢原料,3390.01,3460.63,3381.15,3443.02,65.4,1.94,15329.0,115222.0,15.97,2.09,5666728.0,15390858.872368
801043.SI,20230316,冶钢原料,3423.4,3430.14,3332.73,3340.91,-102.1,-2.97,15300.0,115122.0,15.5,1.97,5498684.0,14938030.768663
801043.SI,20230317,冶钢原料,3371.08,3396.78,3342.22,3356.87,15.95,0.48,12422.0,90578.0,16.43,2.03,5853221.0,15754578.628313
801043.SI,20230320,冶钢原料,3375.61,3400.4,3339.03,3359.08,2.21,0.07,14964.0,98115.0,16.44,2.03,5857072.0,15776924.415186
801043.SI,20230321,冶钢原料,3382.78,3416.39,3332.5,3393.22,34.14,1.02,25618.0,231559.0,16.6,2.05,5916606.0,15897687.812233
801043.SI,20230322,冶钢原料,3386.35,3406.42,3346.86,3360.51,-32.71,-0.96,19438.0,153133.0,16.44,2.03,5859570.0,15740906.295057
801043.SI,20230323,冶钢原料,3345.25,3359.71,3312.94,3340.33,-20.18,-0.6,20748.0,154455.0,16.35,2.02,5824387.0,15618133.131546
801043.SI,20230324,冶钢原料,3335.94,3356.68,3304.47,3331.64,-8.7,-0.26,16734.0,129325.0,16.3,2.01,5809225.0,15549730.176877
801043.SI,20230327,冶钢原料,3334.17,3345.22,3284.61,3305.73,-25.9,-0.78,15397.0,112936.0,15.81,2.0,5764063.0,15425080.08806
801043.SI,20230328,冶钢原料,3310.11,3342.36,3266.51,3278.72,-27.01,-0.82,18467.0,127922.0,16.48,1.98,5716962.0,15314613.455368
801043.SI,20230329,冶钢原料,3280.06,3301.7,3244.18,3251.99,-26.73,-0.82,12784.0,91926.0,16.21,1.97,5670355.0,15211688.946595
801043.SI,20230330,冶钢原料,3253.13,3289.49,3190.24,3272.57,20.58,0.63,17401.0,118778.0,16.52,1.98,5706243.0,15297854.197703
801043.SI,20230331,冶钢原料,3277.32,3324.48,3261.01,3301.27,28.69,0.88,16407.0,123428.0,16.66,2.0,5756270.0,15460946.726685
801043.SI,20230403,冶钢原料,3319.62,3356.6,3282.42,3322.69,21.43,0.65,18929.0,144602.0,16.77,2.01,5793718.0,15598929.491591
801043.SI,20230404,冶钢原料,3324.35,3337.35,3264.95,3288.43,-34.27,-1.03,19538.0,140327.0,16.6,1.99,5733967.0,15455229.674161
801043.SI,20230406,冶钢原料,3279.51,3304.86,3245.33,3276.78,-11.64,-0.35,14437.0,103852.0,16.54,1.98,5713663.0,15394358.927667
801043.SI,20230407,冶钢原料,3276.62,3309.7,3262.86,3291.91,15.13,0.46,12505.0,94697.0,16.62,1.99,5740036.0,15484178.9361
801043.SI,20230410,冶钢原料,3294.66,3319.19,3257.54,3281.07,-10.84,-0.33,12023.0,91377.0,16.56,1.98,5721137.0,15408178.680504
801043.SI,20230411,冶钢原料,3279.14,3306.04,3236.73,3298.74,17.67,0.54,13746.0,96489.0,16.65,2.0,5751944.0,15463573.228513
801043.SI,20230412,冶钢原料,3295.2,3372.12,3284.57,3345.7,46.97,1.42,20037.0,137224.0,16.89,2.02,5833840.0,15660535.135192
801043.SI,20230413,冶钢原料,3346.86,3367.9,3302.36,3318.4,-27.31,-0.82,13643.0,97936.0,16.75,2.0,5786225.0,15559067.673004
801043.SI,20230414,冶钢原料,3324.74,3369.85,3313.18,3353.04,34.64,1.04,14990.0,108963.0,16.92,2.03,5846623.0,15730477.295983
801043.SI,20230417,冶钢原料,3349.44,3400.2,3311.93,3371.35,18.31,0.55,20527.0,157399.0,18.36,2.07,5878556.0,15763540.772976
801043.SI,20230418,冶钢原料,3374.4,3393.48,3332.62,3342.24,-29.11,-0.86,13966.0,102532.0,18.2,2.04,5827797.0,15607108.806846
801043.SI,20230419,冶钢原料,3341.38,3366.47,3294.17,3315.47,-26.77,-0.8,17107.0,120487.0,18.05,2.02,5781120.0,15499840.485288
801043.SI,20230420,冶钢原料,3308.21,3315.22,3230.01,3248.88,-66.59,-2.01,20465.0,147720.0,17.69,1.98,5665016.0,15162821.752965
801043.SI,20230421,冶钢原料,3241.73,3272.37,3164.45,3169.01,-79.88,-2.46,18609.0,139982.0,17.26,1.94,5525737.0,14830455.588713
801043.SI,20230424,冶钢原料,3165.17,3182.03,3081.09,3106.0,-63.01,-1.99,17332.0,124206.0,16.91,1.9,5415875.0,14562121.633556
801043.SI,20230425,冶钢原料,3098.33,3116.37,2953.52,2979.39,-126.62,-4.08,33153.0,185002.0,16.22,1.81,5195095.0,13993492.36583
801043.SI,20230426,冶钢原料,2976.44,3070.63,2960.14,3028.67,49.29,1.65,23868.0,131757.0,16.49,1.84,5281034.0,14212415.947198
801043.SI,20230427,冶钢原料,3043.89,3095.61,3017.21,3049.27,20.59,0.68,17132.0,103745.0,19.61,1.8,5316944.0,14260047.597257
801043.SI,20230428,冶钢原料,3037.86,3117.42,3033.26,3106.12,56.85,1.86,13909.0,91325.0,18.9,1.82,5416075.0,14487712.817838
801043.SI,20230504,冶钢原料,3095.68,3170.97,3079.78,3136.16,30.05,0.97,16936.0,115787.0,19.94,1.83,5468464.0,14628618.613317
801043.SI,20230505,冶钢原料,3134.04,3157.06,3077.59,3108.09,-28.07,-0.9,14386.0,100795.0,19.76,1.81,5419513.0,14504584.072798
801043.SI,20230508,冶钢原料,3112.57,3167.83,3092.84,3134.55,26.46,0.85,15621.0,104638.0,19.93,1.83,5465657.0,14633471.329219
801043.SI,20230509,冶钢原料,3143.69,3192.94,3097.83,3129.07,-5.48,-0.17,21117.0,147655.0,19.9,1.82,5456100.0,14608126.638206
801043.SI,20230510,冶钢原料,3117.28,3158.19,3091.75,3129.76,0.69,0.02,12675.0,88537.0,19.9,1.82,5457298.0,14583727.431747
801043.SI,20230511,冶钢原料,3129.75,3187.34,3108.44,3151.77,22.01,0.7,14892.0,90979.0,20.04,1.84,5495677.0,14667645.397686
801043.SI,20230512,冶钢原料,3146.19,3157.67,3086.37,3099.89,-51.88,-1.65,13454.0,86374.0,19.71,1.81,5405211.0,14451858.345418
801043.SI,20230515,冶钢原料,3099.9,3150.19,3077.63,3135.16,35.28,1.14,11636.0,75016.0,19.94,1.83,5466720.0,14616119.920095
801043.SI,20230516,冶钢原料,3129.89,3140.2,3084.38,3099.28,-35.88,-1.14,9081.0,60228.0,19.71,1.81,5404148.0,14418598.507621
801043.SI,20230517,冶钢原料,3093.9,3126.08,3075.98,3106.56,7.28,0.24,7540.0,50996.0,19.75,1.81,5416849.0,14476528.53315
801043.SI,20230518,冶钢原料,3111.61,3121.28,3064.75,3081.84,-24.72,-0.8,9491.0,61547.0,19.6,1.8,5373751.0,14387749.010965
801043.SI,20230519,冶钢原料,3078.82,3089.42,3047.75,3065.77,-16.07,-0.52,8079.0,52341.0,19.5,1.79,5345729.0,14331420.900831
801043.SI,20230522,冶钢原料,3059.84,3095.47,3045.87,3084.07,18.3,0.6,8310.0,50688.0,19.61,1.8,5377636.0,14401050.159271
801043.SI,20230523,冶钢原料,3082.71,3091.03,3038.23,3041.97,-42.1,-1.37,7646.0,49582.0,19.34,1.77,5304223.0,14216184.261529
801043.SI,20230524,冶钢原料,3042.36,3056.17,3017.02,3027.26,-14.71,-0.48,8018.0,50348.0,19.25,1.77,5278571.0,14134344.072166
801043.SI,20230525,冶钢原料,3020.54,3039.37,2973.48,3012.06,-15.2,-0.5,12405.0,68655.0,19.15,1.76,5252068.0,14052924.143358
801043.SI,20230526,冶钢原料,3016.51,3033.44,2968.36,3023.9,11.84,0.39,10147.0,57491.0,19.23,1.76,5272710.0,14089106.988267
801043.SI,20230529,冶钢原料,3025.34,3046.08,2995.59,3008.2,-15.7,-0.52,7790.0,50256.0,19.13,1.75,5245339.0,14051904.862872
801043.SI,20230530,冶钢原料,3009.4,3042.96,2971.64,3028.17,19.97,0.66,9837.0,58507.0,19.26,1.77,5280160.0,14121621.166476
801043.SI,20230531,冶钢原料,3016.43,3035.43,2967.49,2990.67,-37.5,-1.24,8901.0,61242.0,19.02,1.74,5214771.0,13889068.751479
801043.SI,20230601,冶钢原料,2987.49,3032.36,2949.05,2993.48,2.81,0.09,13306.0,83332.0,19.04,1.75,5219667.0,13915346.41877
801043.SI,20230602,冶钢原料,2988.17,3071.54,2983.32,3059.4,65.92,2.2,15905.0,97815.0,19.46,1.78,5340173.0,14237757.419086
801043.SI,20230605,冶钢原料,3060.31,3075.85,3028.64,3046.18,-13.21,-0.43,10203.0,63960.0,19.38,1.78,5317109.0,14175199.046121
801043.SI,20230606,冶钢原料,3045.25,3053.1,2973.24,2979.38,-66.8,-2.19,11749.0,70230.0,18.95,1.74,5200508.0,13875024.732001
801043.SI,20230607,冶钢原料,2978.98,3009.36,2958.43,2974.69,-4.69,-0.16,7823.0,47470.0,18.92,1.73,5192314.0,13844857.669117
801043.SI,20230608,冶钢原料,2974.01,2999.47,2953.5,2980.63,5.94,0.2,8270.0,51252.0,18.96,1.74,5202687.0,13875033.914864
801043.SI,20230609,冶钢原料,2981.96,3019.43,2959.95,2990.68,10.05,0.34,10217.0,63059.0,19.02,1.74,5220230.0,13896630.684947
801043.SI,20230612,冶钢原料,2983.71,3003.48,2941.96,2970.77,-19.91,-0.67,14495.0,80389.0,18.9,1.73,5185477.0,13782468.873225
801043.SI,20230613,冶钢原料,2965.7,2987.19,2936.53,2959.11,-11.66,-0.39,10837.0,61604.0,18.82,1.73,5165130.0,13704599.799392
801043.SI,20230614,冶钢原料,2979.66,3017.83,2947.32,2971.55,12.43,0.42,15727.0,89163.0,18.9,1.73,5186830.0,13747089.895533
801043.SI,20230615,冶钢原料,2968.78,2991.93,2940.13,2983.09,11.54,0.39,12132.0,70720.0,18.97,1.74,5206978.0,13808082.339417
801043.SI,20230616,冶钢原料,2978.42,3019.32,2970.44,3004.4,21.31,0.71,11025.0,65086.0,19.11,1.75,5244182.0,13919373.528089
801043.SI,20230619,冶钢原料,3003.36,3007.53,2956.44,2961.46,-42.94,-1.43,9608.0,56446.0,18.84,1.73,5169231.0,13724571.746299
801043.SI,20230620,冶钢原料,2962.38,2970.65,2925.02,2939.59,-21.88,-0.74,9177.0,56328.0,18.7,1.71,5131045.0,13623637.823604
801043.SI,20230621,冶钢原料,2939.55,2955.22,2902.65,2909.37,-30.22,-1.03,9439.0,56091.0,18.51,1.7,5078293.0,13507065.813898
801043.SI,20230626,冶钢原料,2899.04,2919.64,2864.71,2877.84,-31.52,-1.08,10104.0,58768.0,18.3,1.68,5023273.0,13373331.790945
801043.SI,20230627,冶钢原料,2883.91,2953.04,2874.24,2946.54,68.69,2.39,12331.0,69585.0,22.17,1.76,4758722.0,13651285.911569
801043.SI,20230628,冶钢原料,2941.46,2947.37,2890.47,2930.93,-15.61,-0.53,9554.0,58304.0,22.05,1.75,4733514.0,13640846.242817
801043.SI,20230629,冶钢原料,2924.19,2941.89,2903.98,2921.54,-9.39,-0.32,7092.0,47642.0,21.98,1.75,4709353.0,13566724.912771
801043.SI,20230630,冶钢原料,2917.78,2963.34,2909.95,2952.08,30.54,1.05,9774.0,59502.0,22.1,1.76,4758587.0,13311591.511685
801043.SI,20230703,冶钢原料,2953.82,3017.94,2947.0,2994.41,42.33,1.43,14148.0,79561.0,22.41,1.79,4826816.0,13552353.283509
801043.SI,20230704,冶钢原料,3001.97,3040.78,2986.51,3013.89,19.48,0.65,19077.0,93498.0,22.56,1.8,4858214.0,13611491.588384
801043.SI,20230705,冶钢原料,3001.76,3137.71,2988.36,3093.6,79.71,2.64,37701.0,185260.0,23.16,1.84,4986709.0,13935486.268144
801043.SI,20230706,冶钢原料,3075.2,3085.6,3013.35,3031.42,-62.18,-2.01,24027.0,117262.0,22.69,1.81,4886477.0,13821599.195891
801043.SI,20230707,冶钢原料,3023.19,3053.46,2990.58,3026.28,-5.14,-0.17,13247.0,68479.0,22.65,1.8,4878190.0,13797236.353303
801043.SI,20230710,冶钢原料,3030.98,3057.11,3008.21,3019.11,-7.17,-0.24,9334.0,49628.0,22.6,1.8,4866636.0,13765709.280291
801043.SI,20230711,冶钢原料,3023.42,3038.01,3000.36,3030.31,11.2,0.37,8098.0,45724.0,22.68,1.81,4884682.0,13805807.239814
801043.SI,20230712,冶钢原料,3029.77,3044.51,3001.19,3010.6,-19.71,-0.65,9592.0,52865.0,22.54,1.79,4852911.0,13703110.111538
801043.SI,20230713,冶钢原料,3018.81,3063.01,3013.07,3042.72,32.12,1.07,11618.0,71099.0,22.78,1.81,4904690.0,13854509.64276
801043.SI,20230714,冶钢原料,3038.6,3070.57,3002.13,3020.41,-22.31,-0.73,11820.0,74528.0,22.61,1.8,4868725.0,13785180.223168
801043.SI,20230717,冶钢原料,2997.24,3015.24,2921.39,2938.69,-81.72,-2.71,25214.0,142571.0,22.0,1.75,4736998.0,13498689.459725
801043.SI,20230718,冶钢原料,2941.48,2965.67,2917.87,2950.45,11.76,0.4,12684.0,71371.0,22.09,1.76,4755955.0,13558294.603364
801043.SI,20230719,冶钢原料,2948.34,2961.78,2917.69,2944.35,-6.1,-0.21,12253.0,71490.0,22.04,1.76,4746125.0,13547404.989206
801043.SI,20230720,冶钢原料,2950.15,2974.77,2920.97,2927.1,-17.25,-0.59,11365.0,67630.0,22.29,1.76,4718312.0,13770696.488988
801043.SI,20230721,冶钢原料,2923.05,2951.3,2910.19,2932.16,5.07,0.17,8092.0,47141.0,22.33,1.77,4726479.0,13798526.559186
801043.SI,20230724,冶钢原料,2933.78,2938.2,2903.35,2913.29,-18.87,-0.64,6984.0,40462.0,22.19,1.76,4696064.0,13683873.731067
801043.SI,20230725,冶钢原料,2934.75,2991.59,2927.72,2986.81,73.52,2.52,13988.0,86151.0,22.75,1.8,4814569.0,14005174.7424
801043.SI,20230726,冶钢原料,2990.46,3010.59,2965.26,3001.95,15.14,0.51,12023.0,75616.0,22.86,1.81,4838981.0,14112788.11688
801043.SI,20230727,冶钢原料,3001.38,3050.28,2990.01,3009.96,8.0,0.27,15488.0,95791.0,22.93,1.81,4851878.0,14143013.870881
801043.SI,20230728,冶钢原料,2997.67,3059.26,2979.31,3049.0,39.05,1.3,17018.0,101405.0,23.22,1.84,4914818.0,14330284.43219
801043.SI,20230731,冶钢原料,3053.55,3096.09,3040.94,3066.54,17.54,0.58,15834.0,98150.0,23.36,1.85,4943089.0,14382250.672014
801043.SI,20230801,冶钢原料,3078.47,3131.02,3057.64,3113.48,46.94,1.53,23259.0,147858.0,23.71,1.88,5018754.0,14610973.932714
801043.SI,20230802,冶钢原料,3109.83,3157.26,3078.61,3114.3,0.82,0.03,24352.0,151629.0,23.72,1.88,5020075.0,14536416.572253
801043.SI,20230803,冶钢原料,3093.14,3112.16,3065.23,3099.6,-14.7,-0.47,13518.0,84494.0,23.61,1.87,4996383.0,14484839.727687
801043.SI,20230804,冶钢原料,3102.55,3137.63,3077.59,3088.4,-11.2,-0.36,15055.0,92017.0,23.52,1.86,4978333.0,14428107.662396
801043.SI,20230807,冶钢原料,3088.6,3093.13,3040.81,3052.08,-36.33,-1.18,11617.0,71103.0,23.25,1.84,4919773.0,14263787.610776
801043.SI,20230808,冶钢原料,3049.07,3064.12,3016.82,3042.88,-9.19,-0.3,9706.0,59657.0,23.18,1.83,4904955.0,14232158.440283
801043.SI,20230809,冶钢原料,3036.88,3047.49,3010.37,3022.08,-20.8,-0.68,7420.0,44974.0,23.02,1.82,4871423.0,14138467.239712
801043.SI,20230810,冶钢原料,3017.93,3040.58,3006.06,3019.32,-2.76,-0.09,6793.0,39833.0,23.0,1.82,4866975.0,14149245.552306
801043.SI,20230811,冶钢原料,3022.56,3044.65,2971.43,2976.35,-42.97,-1.42,10982.0,67018.0,22.67,1.79,4797702.0,13922789.058102
801043.SI,20230814,冶钢原料,2970.4,3004.78,2938.04,2983.17,6.83,0.23,12236.0,89233.0,22.72,1.82,4808705.0,13986000.267601
801043.SI,20230815,冶钢原料,2984.33,3004.99,2926.19,2951.03,-32.14,-1.08,9931.0,66978.0,22.48,1.8,4756899.0,13810323.180897
801043.SI,20230816,冶钢原料,2945.1,2991.7,2933.39,2955.36,4.32,0.15,7872.0,54958.0,22.51,1.8,4763866.0,13834125.532536
801043.SI,20230817,冶钢原料,2944.31,2980.1,2914.07,2967.77,12.42,0.42,9451.0,60436.0,22.6,1.81,4783884.0,13854099.361055
801043.SI,20230818,冶钢原料,2960.53,3001.57,2932.29,2939.09,-28.69,-0.97,11368.0,74947.0,22.39,1.79,4737643.0,13740289.531888
801043.SI,20230821,冶钢原料,2938.7,2990.39,2918.89,2928.92,-10.17,-0.35,11777.0,75431.0,22.31,1.78,4721255.0,13673450.827183
801043.SI,20230822,冶钢原料,2928.51,2958.59,2883.45,2924.57,-4.35,-0.15,14301.0,89769.0,22.27,1.72,4714248.0,13649652.125429
801043.SI,20230823,冶钢原料,2939.76,2951.68,2885.25,2889.29,-35.29,-1.21,12679.0,86591.0,22.01,1.7,4657364.0,13499924.170428
801043.SI,20230824,冶钢原料,2895.76,2913.59,2839.17,2854.89,-34.39,-1.19,12104.0,76227.0,21.74,1.68,4601927.0,13371359.117142
801043.SI,20230825,冶钢原料,2851.07,2881.26,2805.77,2827.34,-27.56,-0.97,10795.0,65542.0,21.53,1.66,4557508.0,13189823.03707
801043.SI,20230828,冶钢原料,2939.92,2971.26,2863.85,2875.34,48.0,1.7,19666.0,117374.0,21.9,1.69,4634887.0,13397090.174949
801043.SI,20230829,冶钢原料,2868.72,2914.56,2851.16,2897.53,22.18,0.77,14569.0,88633.0,22.07,1.7,4670647.0,13531181.427631
801043.SI,20230830,冶钢原料,2891.99,2932.79,2872.9,2884.68,-12.84,-0.44,11263.0,72618.0,21.97,1.68,4649944.0,13457623.999474
801043.SI,20230831,冶钢原料,2884.99,2915.63,2849.7,2867.77,-16.91,-0.59,11672.0,75577.0,21.84,1.67,4622688.0,13298199.422218
801043.SI,20230901,冶钢原料,2869.25,2943.33,2857.91,2928.65,60.88,2.12,16975.0,145679.0,27.53,1.71,4720824.0,13606431.923261
801043.SI,20230904,冶钢原料,2942.0,3055.32,2931.82,3018.15,89.5,3.06,28538.0,251408.0,28.37,1.76,4865089.0,14048012.471979
801043.SI,20230905,冶钢原料,3010.67,3033.31,2964.18,2993.32,-24.83,-0.82,21251.0,186171.0,28.14,1.75,4825063.0,13941417.664394
801043.SI,20230906,冶钢原料,2990.99,3002.71,2950.03,2969.99,-23.34,-0.78,13232.0,112266.0,27.92,1.73,4787447.0,13820434.186476
801043.SI,20230907,冶钢原料,2970.93,2977.64,2910.47,2914.02,-55.97,-1.88,12529.0,93263.0,27.39,1.7,4697230.0,13565182.275684
801043.SI,20230908,冶钢原料,2917.42,2926.31,2880.68,2896.7,-17.32,-0.59,9649.0,70931.0,27.23,1.69,4669309.0,13418467.599795
801043.SI,20230911,冶钢原料,2901.0,2961.0,2883.13,2942.8,46.11,1.59,12339.0,95410.0,27.66,1.72,4743634.0,13611450.866476
801043.SI,20230912,冶钢原料,2940.96,2967.18,2918.78,2935.47,-7.34,-0.25,9334.0,70493.0,27.59,1.71,4731807.0,13612158.20282
801043.SI,20230913,冶钢原料,2930.98,2963.52,2905.18,2926.82,-8.65,-0.29,10313.0,76252.0,27.51,1.71,4717867.0,13577399.569052
801043.SI,20230914,冶钢原料,2924.78,2961.43,2907.57,2952.17,25.35,0.87,12342.0,106087.0,27.75,1.72,4758729.0,13697175.978573
801043.SI,20230915,冶钢原料,2961.59,2997.78,2939.34,2970.2,18.03,0.61,13868.0,114346.0,27.92,1.73,4787791.0,13742218.709049
801043.SI,20230918,冶钢原料,2957.81,2984.68,2921.92,2970.03,-0.17,-0.01,12503.0,84896.0,27.92,1.74,4787519.0,13758959.927413
801043.SI,20230919,冶钢原料,2969.98,2990.92,2946.86,2966.91,-3.12,-0.1,9409.0,70801.0,27.89,1.74,4782495.0,13746436.541366
801043.SI,20230920,冶钢原料,2964.0,2982.06,2933.7,2948.14,-18.77,-0.63,8986.0,62369.0,27.71,1.72,4752235.0,13660427.082835
801043.SI,20230921,冶钢原料,2943.41,2962.59,2910.35,2923.07,-25.07,-0.85,9444.0,65256.0,27.47,1.71,4711823.0,13551764.168246
801043.SI,20230922,冶钢原料,2914.45,2943.71,2887.36,2932.7,9.63,0.33,9820.0,68089.0,27.54,1.71,4720662.0,13572983.217253
801043.SI,20230925,冶钢原料,2923.96,2939.38,2889.17,2896.9,-35.8,-1.22,9147.0,59845.0,27.2,1.69,4663032.0,13419046.342204
801043.SI,20230926,冶钢原料,2891.8,2902.29,2862.87,2871.06,-25.84,-0.89,8532.0,53752.0,26.96,1.68,4621432.0,13297713.96928
801043.SI,20230927,冶钢原料,2870.14,2898.19,2849.87,2868.79,-2.26,-0.08,9318.0,59454.0,26.94,1.68,4617789.0,13273954.935845
801043.SI,20230928,冶钢原料,2874.65,2907.67,2862.38,2888.52,19.73,0.69,8749.0,57755.0,27.12,1.69,4649548.0,13372430.43648
801043.SI,20231009,冶钢原料,2878.95,2901.54,2837.01,2865.43,-23.1,-0.8,11421.0,70016.0,26.9,1.67,4612366.0,13276309.654241
801043.SI,20231010,冶钢原料,2865.9,2895.71,2850.26,2864.15,-1.28,-0.04,8827.0,59475.0,26.89,1.67,4610313.0,13275448.747747
801043.SI,20231011,冶钢原料,2870.93,2884.68,2835.71,2843.34,-20.81,-0.73,9523.0,56108.0,26.7,1.66,4576811.0,13205557.798648
801043.SI,20231012,冶钢原料,2852.58,2909.84,2848.73,2901.63,58.3,2.05,12853.0,82514.0,27.24,1.7,4670650.0,13511946.582725
801043.SI,20231013,冶钢原料,2896.21,2904.75,2854.07,2870.9,-30.74,-1.06,9216.0,59806.0,26.96,1.68,4621175.0,13355196.632829
801043.SI,20231016,冶钢原料,2870.92,2896.97,2837.48,2851.36,-19.54,-0.68,9706.0,64600.0,26.77,1.67,4589722.0,13278226.633409
801043.SI,20231017,冶钢原料,2853.64,2877.38,2835.5,2857.56,6.2,0.22,8074.0,54376.0,26.83,1.67,4599701.0,13305516.860174
801043.SI,20231018,冶钢原料,2873.11,2915.18,2822.45,2829.93,-27.62,-0.97,13154.0,78927.0,26.57,1.65,4555236.0,13118172.070203
801043.SI,20231019,冶钢原料,2815.47,2862.49,2789.27,2811.64,-18.29,-0.65,11244.0,67491.0,26.41,1.64,4518932.0,12981919.682711
801043.SI,20231020,冶钢原料,2801.49,2849.2,2777.25,2809.79,-1.86,-0.07,12967.0,78356.0,26.39,1.64,4515948.0,13000084.49568
801043.SI,20231023,冶钢原料,2802.16,2818.75,2710.67,2722.73,-87.06,-3.1,14417.0,88361.0,25.57,1.58,4376026.0,12653700.692254
801043.SI,20231024,冶钢原料,2732.82,2814.77,2712.04,2785.88,63.15,2.32,14864.0,88859.0,26.16,1.62,4477525.0,12851859.076714
801043.SI,20231025,冶钢原料,2818.52,2861.9,2802.99,2827.46,41.58,1.49,13704.0,91081.0,26.56,1.64,4544347.0,13089224.497078
801043.SI,20231026,冶钢原料,2814.55,2830.92,2772.6,2820.58,-6.87,-0.24,10578.0,64570.0,26.49,1.63,4533298.0,13072829.606278
801043.SI,20231027,冶钢原料,2811.48,2881.11,2798.56,2857.76,37.17,1.32,11790.0,76746.0,26.3,1.65,4593046.0,13285388.647419
801043.SI,20231030,冶钢原料,2853.56,2910.95,2843.67,2886.6,28.84,1.01,12123.0,83766.0,26.56,1.67,4639399.0,13404547.187094
801043.SI,20231031,冶钢原料,2883.38,2901.86,2852.46,2876.89,-9.71,-0.34,9626.0,59300.0,26.48,1.65,4623792.0,13378535.252832
801043.SI,20231101,冶钢原料,2886.88,2900.0,2854.04,2876.31,-0.58,-0.02,9432.0,64192.0,23.14,1.65,4622861.0,13374579.134108
801043.SI,20231102,冶钢原料,2883.77,2894.82,2830.88,2841.03,-35.28,-1.23,7941.0,51985.0,22.85,1.63,4566155.0,13224571.384611
801043.SI,20231103,冶钢原料,2844.74,2875.44,2834.29,2846.4,5.37,0.19,7522.0,48196.0,22.9,1.64,4574793.0,13229327.067521
801043.SI,20231106,冶钢原料,2856.2,2886.59,2839.95,2870.82,24.42,0.86,11218.0,65044.0,23.09,1.65,4614044.0,13336110.606594
801043.SI,20231107,冶钢原料,2866.51,2880.57,2841.86,2862.88,-7.95,-0.28,8670.0,52304.0,23.03,1.65,4601273.0,13296095.053695
801043.SI,20231108,冶钢原料,2859.14,2866.63,2822.59,2834.01,-28.86,-1.01,9872.0,60824.0,22.8,1.63,4554884.0,13148390.999681
801043.SI,20231109,冶钢原料,2835.49,2890.7,2823.72,2857.64,23.63,0.83,16582.0,81857.0,22.99,1.64,4592867.0,13267855.557284
801043.SI,20231110,冶钢原料,2858.74,2870.49,2824.92,2848.54,-9.11,-0.32,10790.0,60629.0,22.91,1.64,4578229.0,13209644.912329
801043.SI,20231113,冶钢原料,2854.93,2931.84,2843.76,2920.73,72.19,2.53,17947.0,105100.0,23.5,1.68,4694251.0,13523305.52621
801043.SI,20231114,冶钢原料,2923.14,2926.72,2886.07,2902.09,-18.63,-0.64,10733.0,63019.0,23.35,1.67,4664302.0,13416627.430693
801043.SI,20231115,冶钢原料,2941.13,2965.02,2918.98,2939.44,37.35,1.29,14678.0,100242.0,23.65,1.69,4724331.0,13582683.956115
801043.SI,20231116,冶钢原料,2932.37,2939.32,2895.52,2900.18,-39.26,-1.34,10219.0,65929.0,23.33,1.67,4661236.0,13406263.590163
801043.SI,20231117,冶钢原料,2888.98,2911.79,2871.72,2899.47,-0.71,-0.02,7954.0,50742.0,23.32,1.67,4660094.0,13442011.308822
801043.SI,20231120,冶钢原料,2901.99,2915.19,2872.08,2894.97,-4.5,-0.16,9126.0,56121.0,23.29,1.66,4652853.0,13444236.337792
801043.SI,20231121,冶钢原料,2905.3,2931.46,2892.11,2898.52,3.55,0.12,9539.0,62826.0,23.32,1.67,4658561.0,13467671.470279
801043.SI,20231122,冶钢原料,2895.17,2911.84,2870.56,2877.49,-21.03,-0.73,8290.0,51762.0,23.15,1.65,4624766.0,13361389.470564
801043.SI,20231123,冶钢原料,2869.37,2899.96,2852.47,2892.37,14.88,0.52,8487.0,51504.0,23.27,1.66,4648681.0,13426897.082764
801043.SI,20231124,冶钢原料,2885.27,2894.96,2852.99,2864.13,-28.24,-0.98,8975.0,50565.0,23.04,1.65,4603287.0,13310166.423646
801043.SI,20231127,冶钢原料,2861.11,2876.78,2835.14,2857.59,-6.54,-0.23,8658.0,50849.0,22.99,1.64,4592778.0,13261083.334607
801043.SI,20231128,冶钢原料,2855.82,2870.32,2823.52,2856.33,-1.26,-0.04,8928.0,55580.0,22.98,1.64,4590747.0,13282870.226149
801043.SI,20231129,冶钢原料,2857.91,2871.78,2830.44,2841.14,-15.19,-0.53,7489.0,47109.0,22.86,1.63,4566340.0,13205283.608683
801043.SI,20231130,冶钢原料,2836.2,2852.25,2810.49,2827.99,-13.15,-0.46,7566.0,45274.0,22.75,1.63,4545201.0,13123619.40623
801043.SI,20231201,冶钢原料,2827.36,2846.22,2810.3,2833.85,5.86,0.21,6431.0,39581.0,22.8,1.63,4554620.0,13158700.005009
801043.SI,20231204,冶钢原料,2836.6,2864.12,2826.26,2835.41,1.56,0.05,7428.0,47385.0,22.81,1.63,4557124.0,13170443.14374
801043.SI,20231205,冶钢原料,2828.15,2832.95,2781.57,2786.64,-48.77,-1.72,8468.0,49907.0,22.42,1.6,4478743.0,12938138.501442
801043.SI,20231206,冶钢原料,2782.18,2829.5,2773.23,2805.62,18.98,0.68,8791.0,58536.0,22.57,1.61,4509244.0,13069985.601597
801043.SI,20231207,冶钢原料,2806.11,2816.43,2773.41,2804.49,-1.12,-0.04,10759.0,73683.0,22.56,1.61,4507442.0,13123606.389564
801043.SI,20231208,冶钢原料,2813.83,2823.3,2778.87,2784.69,-19.81,-0.71,11423.0,82540.0,22.4,1.6,4475607.0,13074917.55114
801043.SI,20231211,冶钢原料,2779.84,2813.86,2736.82,2803.68,18.99,0.68,11838.0,76581.0,22.55,1.61,4506127.0,13198193.389824
801043.SI,20231212,冶钢原料,2803.81,2807.97,2776.13,2795.96,-7.72,-0.28,6640.0,44351.0,22.49,1.61,4493724.0,13163508.07493
801043.SI,20231213,冶钢原料,2787.97,2795.75,2745.97,2753.27,-42.69,-1.53,7671.0,56109.0,22.15,1.58,4425109.0,12946165.027648
801043.SI,20231214,冶钢原料,2761.29,2783.9,2740.51,2751.29,-1.98,-0.07,7242.0,49766.0,22.13,1.58,4421928.0,12925453.556873
801043.SI,20231215,冶钢原料,2762.16,2786.28,2740.84,2752.17,0.89,0.03,8062.0,51483.0,22.14,1.58,4423351.0,12922478.911898
801043.SI,20231218,冶钢原料,2743.03,2747.2,2690.0,2702.28,-49.89,-1.81,9189.0,54159.0,21.74,1.55,4343166.0,12697800.785538
801043.SI,20231219,冶钢原料,2694.07,2705.62,2651.7,2679.3,-22.99,-0.85,7639.0,44952.0,21.55,1.54,4306224.0,12629289.053385
801043.SI,20231220,冶钢原料,2691.2,2713.45,2661.25,2666.07,-13.23,-0.49,7199.0,42546.0,21.45,1.53,4284962.0,12600036.953425
801043.SI,20231221,冶钢原料,2657.89,2696.35,2626.47,2685.84,19.77,0.74,7404.0,45165.0,21.61,1.54,4316744.0,12664414.228328
801043.SI,20231222,冶钢原料,2686.96,2712.01,2652.2,2690.1,4.26,0.16,9543.0,60312.0,21.64,1.55,4323591.0,12709337.670378
801043.SI,20231225,冶钢原料,2688.59,2699.78,2646.53,2667.8,-22.3,-0.83,7002.0,44232.0,21.46,1.53,4287750.0,12610243.885879
801043.SI,20231226,冶钢原料,2669.08,2675.28,2618.4,2633.65,-34.16,-1.28,6776.0,42617.0,21.19,1.51,4232850.0,12480942.682262
801043.SI,20231227,冶钢原料,2633.32,2660.91,2588.19,2629.5,-4.15,-0.16,9317.0,56602.0,21.15,1.51,4226186.0,12515614.056026
801043.SI,20231228,冶钢原料,2633.07,2720.02,2620.09,2708.07,78.57,2.99,12880.0,78292.0,21.78,1.56,4352460.0,12824772.284905
801043.SI,20231229,冶钢原料,2702.64,2725.38,2689.19,2715.72,7.66,0.28,8752.0,52447.0,21.85,1.56,4364769.0,12871953.427373
801043.SI,20240102,冶钢原料,2717.53,2751.87,2703.65,2731.56,15.84,0.58,9500.0,60470.0,21.97,1.57,4390224.0,12978590.152579
801043.SI,20240103,冶钢原料,2726.57,2761.5,2720.42,2746.9,15.34,0.56,9917.0,68276.0,22.1,1.58,4414877.0,13103455.416915
801043.SI,20240104,冶钢原料,2750.67,2773.81,2716.19,2734.96,-11.94,-0.43,12872.0,75783.0,22.0,1.57,4395692.0,13045039.977055
801043.SI,20240105,冶钢原料,2738.27,2768.73,2691.47,2706.9,-28.06,-1.03,13577.0,91262.0,21.78,1.56,4350593.0,12974799.788668
801043.SI,20240108,冶钢原料,2702.88,2713.96,2652.38,2656.76,-50.14,-1.85,11097.0,70305.0,21.37,1.53,4270000.0,12765844.754982
801043.SI,20240109,冶钢原料,2655.91,2684.39,2636.4,2661.08,4.32,0.16,8537.0,55807.0,21.41,1.53,4276946.0,12776457.034044
801043.SI,20240110,冶钢原料,2653.47,2675.65,2618.11,2644.9,-16.19,-0.61,7907.0,51601.0,21.28,1.52,4250931.0,12694616.579968
801043.SI,20240111,冶钢原料,2640.09,2694.28,2626.86,2674.86,29.96,1.13,10475.0,59130.0,21.52,1.54,4299084.0,12828151.616313
801043.SI,20240112,冶钢原料,2668.67,2703.98,2658.07,2664.65,-10.2,-0.38,7474.0,46557.0,21.44,1.53,4282683.0,12793536.752036
801043.SI,20240115,冶钢原料,2659.45,2671.3,2636.59,2651.71,-12.94,-0.49,6580.0,39112.0,21.33,1.52,4261879.0,12745065.71962
801043.SI,20240116,冶钢原料,2647.77,2658.24,2604.29,2633.23,-18.48,-0.7,8192.0,47479.0,21.18,1.51,4232180.0,12680248.400448
801043.SI,20240117,冶钢原料,2634.35,2644.69,2563.15,2567.21,-66.02,-2.51,9389.0,51903.0,20.65,1.48,4126075.0,12380633.907232
801043.SI,20240118,冶钢原料,2554.59,2561.98,2445.15,2515.54,-51.67,-2.01,15841.0,92020.0,20.24,1.45,4043029.0,12138827.674482
801043.SI,20240119,冶钢原料,2506.28,2531.24,2473.89,2489.99,-25.55,-1.02,8811.0,52929.0,20.03,1.43,4001957.0,12010648.264191
801043.SI,20240122,冶钢原料,2488.13,2492.41,2317.64,2340.91,-149.07,-5.99,28464.0,114896.0,18.83,1.35,3762366.0,11347621.134671
801043.SI,20240123,冶钢原料,2343.69,2391.6,2297.23,2369.18,28.27,1.21,19208.0,83921.0,19.06,1.36,3807800.0,11465626.249408
801043.SI,20240124,冶钢原料,2382.74,2435.78,2329.89,2426.97,57.79,2.44,16258.0,73680.0,19.52,1.4,3900684.0,11757057.505525
801043.SI,20240125,冶钢原料,2433.79,2540.49,2423.98,2528.68,101.7,4.19,20414.0,94641.0,20.6,1.48,4263176.0,12202927.867608
801043.SI,20240126,冶钢原料,2525.6,2580.16,2504.48,2545.54,16.86,0.67,16536.0,88605.0,20.74,1.49,4291599.0,12317114.263175
801043.SI,20240129,冶钢原料,2555.68,2571.73,2485.13,2495.45,-50.08,-1.97,14486.0,77636.0,20.33,1.46,4207165.0,12046018.749286
801043.SI,20240130,冶钢原料,2491.44,2528.12,2429.44,2447.01,-48.45,-1.94,12865.0,72442.0,19.94,1.43,4125485.0,11815031.421348
801043.SI,20240131,冶钢原料,2426.43,2466.9,2359.3,2371.19,-75.82,-3.1,14677.0,75135.0,19.32,1.39,3997662.0,11524396.541359
801043.SI,20240201,冶钢原料,2360.87,2401.51,2308.59,2344.63,-26.56,-1.12,16655.0,82734.0,19.11,1.37,3954043.0,11427201.902019
801043.SI,20240202,冶钢原料,2347.22,2378.93,2183.53,2254.79,-89.85,-3.83,19562.0,100328.0,18.37,1.32,3802522.0,11054196.267551
801043.SI,20240205,冶钢原料,2239.27,2264.38,2065.19,2139.09,-115.69,-5.13,24237.0,115412.0,17.43,1.25,3607417.0,10583621.759991
801043.SI,20240206,冶钢原料,2103.47,2317.76,2086.06,2300.34,161.25,7.54,26533.0,122818.0,18.75,1.35,3879349.0,11267543.336729
801043.SI,20240207,冶钢原料,2306.33,2469.65,2280.78,2447.75,147.41,6.41,36087.0,173536.0,19.95,1.43,4127937.0,11916302.798778
801043.SI,20240208,冶钢原料,2454.51,2588.77,2430.24,2494.05,46.3,1.89,32657.0,166068.0,20.32,1.46,4206018.0,12037647.774764
801043.SI,20240219,冶钢原料,2533.91,2587.64,2472.44,2525.9,31.85,1.28,25109.0,134275.0,20.58,1.48,4259731.0,12212922.643362
801043.SI,20240220,冶钢原料,2507.76,2528.69,2467.46,2508.43,-17.47,-0.69,13417.0,78525.0,20.44,1.47,4230276.0,12154273.048435
801043.SI,20240221,冶钢原料,2495.33,2559.56,2462.39,2501.43,-7.0,-0.28,18662.0,103657.0,20.38,1.46,4218466.0,12129057.485922
801043.SI,20240222,冶钢原料,2499.25,2533.58,2482.96,2521.32,19.89,0.8,13005.0,67288.0,20.55,1.48,4252005.0,12210106.268252
801043.SI,20240223,冶钢原料,2520.11,2536.3,2483.5,2522.43,1.12,0.04,15172.0,81971.0,20.56,1.48,4253893.0,12228836.562
801043.SI,20240226,冶钢原料,2516.86,2552.57,2490.8,2515.59,-6.84,-0.27,16173.0,89053.0,20.5,1.47,4242353.0,12180935.495529
801043.SI,20240227,冶钢原料,2508.51,2540.56,2486.21,2534.48,18.89,0.75,14449.0,79177.0,20.65,1.48,4274213.0,12271333.81375
801043.SI,20240228,冶钢原料,2536.2,2626.1,2494.01,2502.35,-32.13,-1.27,28014.0,140051.0,20.39,1.46,4220023.0,12116890.550016
801043.SI,20240229,冶钢原料,2485.95,2572.88,2471.4,2568.79,66.44,2.66,19689.0,100928.0,20.93,1.5,4332068.0,12428457.290496
801043.SI,20240301,冶钢原料,2563.18,2596.53,2541.49,2567.61,-1.18,-0.05,14802.0,80885.0,20.92,1.5,4330081.0,12452502.316677
801043.SI,20240304,冶钢原料,2564.43,2587.09,2513.79,2543.03,-24.58,-0.96,14320.0,84417.0,20.72,1.49,4288629.0,12358555.422972
801043.SI,20240305,冶钢原料,2534.51,2544.88,2495.44,2507.39,-35.64,-1.4,13109.0,70296.0,20.43,1.47,4228522.0,12210064.788366
801043.SI,20240306,冶钢原料,2501.37,2537.21,2483.82,2508.77,1.38,0.06,11433.0,64714.0,20.4,1.46,4184201.0,12215471.436797
801043.SI,20240307,冶钢原料,2513.01,2605.8,2508.02,2557.12,48.35,1.93,23263.0,138931.0,20.79,1.49,4264842.0,12456449.304006
801043.SI,20240308,冶钢原料,2553.48,2581.76,2520.55,2556.08,-1.04,-0.04,15923.0,100824.0,20.79,1.49,4263106.0,12491895.964398
801043.SI,20240311,冶钢原料,2556.89,2595.69,2531.3,2587.61,31.52,1.23,17694.0,105880.0,21.05,1.51,4325144.0,12623159.124025
801043.SI,20240312,冶钢原料,2592.04,2599.84,2532.72,2553.66,-33.95,-1.31,16860.0,110144.0,20.78,1.49,4268398.0,12383087.810834
801043.SI,20240313,冶钢原料,2542.82,2565.93,2523.36,2548.58,-5.07,-0.2,13110.0,79000.0,20.73,1.49,4259919.0,12396984.934061
801043.SI,20240314,冶钢原料,2564.62,2610.25,2540.99,2563.82,15.23,0.6,19228.0,116934.0,20.86,1.5,4285382.0,12435601.564644
801043.SI,20240315,冶钢原料,2559.47,2636.74,2528.5,2634.01,70.19,2.74,25325.0,155429.0,21.43,1.54,4402701.0,12707701.487227
801043.SI,20240318,冶钢原料,2645.29,2673.24,2599.79,2650.35,16.35,0.62,23591.0,150719.0,21.56,1.55,4430023.0,12731781.379016
801043.SI,20240319,冶钢原料,2648.65,2720.89,2630.2,2659.32,8.96,0.34,27769.0,153145.0,20.93,1.55,4445007.0,12760103.610919
801043.SI,20240320,冶钢原料,2651.19,2668.66,2619.72,2645.69,-13.63,-0.51,16962.0,98799.0,20.82,1.54,4422232.0,12706583.236464
801043.SI,20240321,冶钢原料,2654.1,2667.04,2610.41,2640.47,-5.22,-0.2,15191.0,91991.0,20.78,1.54,4413510.0,12687627.899775
801043.SI,20240322,冶钢原料,2632.61,2649.79,2568.15,2582.15,-58.32,-2.21,16154.0,89624.0,20.32,1.5,4316024.0,12491228.896716
801043.SI,20240325,冶钢原料,2575.1,2619.22,2548.53,2564.56,-17.59,-0.68,14421.0,88128.0,19.98,1.49,4286620.0,12450255.241035
801043.SI,20240326,冶钢原料,2555.48,2583.67,2492.92,2536.94,-27.62,-1.08,19879.0,101054.0,19.24,1.47,4240452.0,12333071.064404
801043.SI,20240327,冶钢原料,2536.88,2560.82,2469.94,2477.77,-59.16,-2.33,15599.0,88395.0,18.79,1.44,4141560.0,12117051.776679
801043.SI,20240328,冶钢原料,2470.69,2558.48,2463.68,2523.63,45.86,1.85,16271.0,92063.0,19.14,1.46,4218216.0,12328931.182757
801043.SI,20240329,冶钢原料,2522.47,2575.59,2515.72,2564.25,40.62,1.61,12709.0,79697.0,19.45,1.49,4286113.0,12532771.775107
801043.SI,20240401,冶钢原料,2571.43,2640.76,2558.03,2619.42,55.16,2.15,19797.0,115512.0,19.86,1.52,4378317.0,12759583.38829
801043.SI,20240402,冶钢原料,2617.16,2692.28,2609.76,2679.0,59.59,2.27,27437.0,151389.0,22.46,1.56,4477913.0,13046813.338479
801043.SI,20240403,冶钢原料,2677.78,2763.59,2657.84,2732.43,53.43,1.99,36775.0,231685.0,22.91,1.59,4567215.0,13337595.951153
801043.SI,20240408,冶钢原料,2754.19,2827.29,2695.42,2719.98,-12.45,-0.46,45067.0,293724.0,22.8,1.59,4546405.0,13275773.753046
801043.SI,20240409,冶钢原料,2698.24,2796.93,2686.73,2766.58,46.6,1.71,34759.0,206773.0,23.19,1.61,4624304.0,13472553.971934
801043.SI,20240410,冶钢原料,2752.9,2790.25,2704.56,2731.52,-35.07,-1.27,25866.0,159849.0,22.9,1.59,4565687.0,13345069.662165
801043.SI,20240411,冶钢原料,2707.06,2854.26,2689.86,2785.11,53.59,1.96,46584.0,259994.0,23.34,1.62,4659327.0,13600358.257153
801043.SI,20240412,冶钢原料,2789.4,2813.26,2725.19,2760.8,-24.31,-0.87,35308.0,209924.0,23.12,1.61,4618665.0,13541255.388719
801043.SI,20240415,冶钢原料,2722.01,2748.93,2624.23,2710.61,-50.2,-1.82,33786.0,196967.0,22.7,1.58,4534690.0,13339965.431101
801043.SI,20240416,冶钢原料,2697.9,2727.46,2548.48,2564.39,-146.22,-5.39,33552.0,203263.0,21.42,1.49,4290074.0,12918491.116239
801043.SI,20240417,冶钢原料,2574.03,2697.26,2572.19,2694.17,129.79,5.06,26246.0,162827.0,22.51,1.57,4507199.0,13456575.54716
801043.SI,20240418,冶钢原料,2703.77,2742.88,2659.19,2702.47,8.29,0.31,25124.0,167537.0,22.58,1.58,4521070.0,13536474.785667
801043.SI,20240419,冶钢原料,2683.53,2792.08,2666.59,2708.27,5.8,0.21,29430.0,192737.0,22.63,1.58,4530773.0,13614064.025328
801043.SI,20240422,冶钢原料,2706.85,2763.62,2637.82,2669.98,-38.29,-1.41,27158.0,185690.0,22.31,1.56,4466716.0,13365654.520815
801043.SI,20240423,冶钢原料,2650.04,2664.74,2578.94,2596.91,-73.06,-2.74,24745.0,154454.0,21.7,1.51,4344484.0,13015909.062883
801043.SI,20240424,冶钢原料,2600.32,2660.35,2571.63,2650.62,53.71,2.07,18890.0,126091.0,22.14,1.54,4434339.0,13293284.301654
801043.SI,20240425,冶钢原料,2631.13,2720.93,2604.82,2673.73,23.11,0.87,28668.0,144571.0,22.61,1.57,4472996.0,13422018.417471
801043.SI,20240426,冶钢原料,2655.88,2704.25,2629.11,2691.51,17.78,0.66,26436.0,149763.0,22.76,1.58,4502737.0,13518719.767268
801043.SI,20240429,冶钢原料,2687.62,2770.2,2659.62,2751.45,59.94,2.23,28073.0,184724.0,23.34,1.6,4630324.0,13672301.470854
801043.SI,20240430,冶钢原料,2723.68,2752.11,2681.46,2696.56,-54.88,-1.99,26622.0,150075.0,22.87,1.56,4537961.0,13422613.597943
801043.SI,20240506,冶钢原料,2735.93,2802.43,2693.7,2773.83,77.27,2.87,37156.0,213023.0,25.19,1.6,4667995.0,13598481.378674
801043.SI,20240507,冶钢原料,2768.14,2819.7,2754.6,2782.37,8.53,0.31,25465.0,154277.0,25.27,1.61,4682357.0,13599115.59089
801043.SI,20240508,冶钢原料,2776.05,2786.43,2714.22,2726.13,-56.24,-2.02,21484.0,124079.0,24.76,1.58,4587719.0,13441246.557989
801043.SI,20240509,冶钢原料,2725.54,2815.78,2720.37,2791.58,65.45,2.4,28964.0,157484.0,25.36,1.61,4697861.0,13748477.471867
801043.SI,20240510,冶钢原料,2796.17,2814.27,2741.29,2778.65,-12.93,-0.46,22796.0,132522.0,25.24,1.61,4676097.0,13738087.952864
801043.SI,20240513,冶钢原料,2757.52,2785.33,2713.64,2760.17,-18.48,-0.67,19768.0,127017.0,25.07,1.6,4644998.0,13647396.759948
801043.SI,20240514,冶钢原料,2753.87,2802.78,2736.7,2765.13,4.96,0.18,16639.0,114877.0,25.12,1.6,4653348.0,13635734.219508
801043.SI,20240515,冶钢原料,2762.18,2782.69,2725.74,2732.69,-32.44,-1.17,13703.0,95432.0,24.81,1.58,4602164.0,13498549.38087
801043.SI,20240516,冶钢原料,2749.64,2772.97,2706.77,2720.03,-12.66,-0.46,15976.0,103518.0,24.69,1.57,4580841.0,13411351.109452
801043.SI,20240517,冶钢原料,2724.9,2764.64,2695.32,2758.84,38.81,1.43,14895.0,95165.0,25.04,1.6,4646196.0,13582785.763054
801043.SI,20240520,冶钢原料,2785.7,2852.89,2767.05,2827.05,68.21,2.47,27769.0,182878.0,25.66,1.64,4761068.0,13911776.015686
801043.SI,20240521,冶钢原料,2819.4,2837.49,2751.7,2768.55,-58.49,-2.07,20089.0,124865.0,25.13,1.6,4662557.0,13620239.238733
801043.SI,20240522,冶钢原料,2769.71,2811.43,2749.93,2770.29,1.74,0.06,15829.0,109752.0,25.15,1.6,4665484.0,13644182.695887
801043.SI,20240523,冶钢原料,2734.93,2742.93,2648.55,2668.41,-101.88,-3.68,23986.0,145881.0,24.22,1.54,4493905.0,13125765.261328
801043.SI,20240524,冶钢原料,2659.88,2699.61,2650.38,2662.66,-5.75,-0.22,12085.0,75236.0,24.17,1.54,4484228.0,13134732.322157
801043.SI,20240527,冶钢原料,2663.55,2691.11,2627.94,2675.86,13.19,0.5,11918.0,71284.0,24.29,1.55,4506448.0,13229817.010747
801043.SI,20240528,冶钢原料,2680.65,2721.71,2653.43,2666.56,-9.3,-0.35,13228.0,87562.0,24.21,1.54,4490784.0,13191026.395716
801043.SI,20240529,冶钢原料,2660.64,2722.31,2646.5,2685.78,19.22,0.72,14122.0,96692.0,24.38,1.55,4523158.0,13321250.828809
801043.SI,20240530,冶钢原料,2685.24,2719.7,2637.94,2646.64,-39.14,-1.46,17769.0,140644.0,24.03,1.53,4457240.0,13389614.719451
801043.SI,20240531,冶钢原料,2640.74,2664.99,2617.18,2627.43,-19.21,-0.73,19240.0,154323.0,23.85,1.52,4424888.0,13101776.598068
801043.SI,20240603,冶钢原料,2605.52,2616.1,2515.29,2541.89,-85.54,-3.26,21562.0,144301.0,23.07,1.48,4280836.0,12621398.816438
801043.SI,20240604,冶钢原料,2538.69,2583.13,2517.54,2572.76,30.87,1.21,12541.0,81974.0,23.35,1.5,4332821.0,12766258.375464
801043.SI,20240605,冶钢原料,2563.12,2582.56,2520.78,2527.38,-45.38,-1.76,11293.0,78022.0,22.94,1.47,4256394.0,12470833.520897
801043.SI,20240606,冶钢原料,2537.98,2561.73,2470.25,2483.02,-44.36,-1.76,16716.0,90751.0,22.54,1.45,4181689.0,12263371.594038
801043.SI,20240607,冶钢原料,2503.89,2531.07,2470.14,2501.17,18.14,0.73,12645.0,78378.0,22.7,1.46,4212246.0,12429463.598101
801043.SI,20240611,冶钢原料,2476.75,2496.23,2436.44,2477.73,-23.44,-0.94,10818.0,70435.0,22.49,1.45,4172774.0,12290194.42752
801043.SI,20240612,冶钢原料,2476.72,2502.83,2455.83,2473.74,-3.99,-0.16,9353.0,56680.0,22.46,1.44,4166052.0,12342311.05644
801043.SI,20240613,冶钢原料,2473.31,2480.74,2406.7,2426.14,-47.59,-1.92,12864.0,75960.0,22.02,1.42,4085899.0,12076878.833984
801043.SI,20240614,冶钢原料,2426.93,2453.09,2401.58,2442.03,15.89,0.65,11044.0,60985.0,22.17,1.42,4112657.0,12166177.452916
801043.SI,20240617,冶钢原料,2430.28,2461.57,2407.15,2424.16,-17.87,-0.73,9205.0,56990.0,22.01,1.41,4082557.0,12075054.812555
801043.SI,20240618,冶钢原料,2430.03,2465.55,2414.89,2450.38,26.22,1.08,9258.0,49942.0,22.24,1.43,4126718.0,12203972.153342
801043.SI,20240619,冶钢原料,2450.6,2468.19,2417.51,2430.16,-20.22,-0.83,8428.0,50193.0,22.06,1.42,4092666.0,12113145.004233
801043.SI,20240620,冶钢原料,2434.21,2454.98,2381.88,2386.11,-44.05,-1.81,11127.0,61671.0,21.66,1.39,4018478.0,11953943.520039
801043.SI,20240621,冶钢原料,2385.63,2426.66,2373.1,2389.78,3.67,0.15,9330.0,52196.0,21.69,1.39,4024666.0,11966158.744763
801043.SI,20240624,冶钢原料,2375.99,2380.48,2298.39,2323.61,-66.17,-2.77,12631.0,70638.0,21.09,1.36,3913229.0,11639308.933677
801043.SI,20240625,冶钢原料,2329.02,2366.46,2308.1,2332.46,8.85,0.38,9603.0,52733.0,21.17,1.36,3932538.0,11734990.198248
801043.SI,20240626,冶钢原料,2327.45,2369.95,2298.42,2365.53,33.07,1.42,11587.0,59957.0,21.47,1.38,3988291.0,11646301.718643
801043.SI,20240627,冶钢原料,2362.95,2367.95,2299.09,2306.83,-58.7,-2.48,10304.0,55793.0,20.94,1.35,3889325.0,11349999.569721
801043.SI,20240628,冶钢原料,2303.42,2355.01,2294.2,2320.51,13.68,0.59,10458.0,56001.0,21.07,1.35,3916197.0,11417565.075013
801043.SI,20240701,冶钢原料,2319.36,2367.63,2309.56,2362.97,42.47,1.83,10480.0,51001.0,21.45,1.38,3987867.0,11594679.083572
801043.SI,20240702,冶钢原料,2366.58,2378.23,2334.77,2348.71,-14.26,-0.6,8979.0,45751.0,21.32,1.37,3963798.0,11525840.453568
801043.SI,20240703,冶钢原料,2346.26,2370.94,2333.74,2340.52,-8.19,-0.35,7194.0,38218.0,21.25,1.37,3949972.0,11464334.001881
801043.SI,20240704,冶钢原料,2351.23,2367.39,2283.23,2294.32,-46.2,-1.97,10035.0,46210.0,20.83,1.34,3872011.0,11265487.399479
801043.SI,20240705,冶钢原料,2291.78,2334.15,2274.66,2327.78,33.46,1.46,8235.0,43021.0,21.13,1.36,3928478.0,11438998.379502
801043.SI,20240708,冶钢原料,2331.78,2336.81,2261.56,2272.23,-55.55,-2.39,8933.0,48739.0,20.63,1.33,3834724.0,11183657.706262
801043.SI,20240709,冶钢原料,2265.97,2310.27,2231.98,2298.09,25.86,1.14,10750.0,53469.0,20.87,1.34,3884865.0,11315814.688486
801043.SI,20240710,冶钢原料,2282.84,2302.95,2227.6,2235.97,-62.12,-2.7,13550.0,66260.0,20.3,1.3,3779852.0,11024497.477058
801043.SI,20240711,冶钢原料,2266.07,2341.12,2254.39,2331.22,95.24,4.26,17592.0,83861.0,21.17,1.36,3940855.0,11430941.392063
801043.SI,20240712,冶钢原料,2331.97,2338.5,2271.22,2287.55,-43.66,-1.87,11091.0,69186.0,20.77,1.33,3867046.0,11217828.688748
801043.SI,20240715,冶钢原料,2278.02,2295.18,2248.58,2263.56,-23.99,-1.05,8084.0,46475.0,20.55,1.32,3826486.0,11123344.626203
801043.SI,20240716,冶钢原料,2260.64,2278.03,2238.34,2258.35,-5.21,-0.23,7373.0,37685.0,20.51,1.32,3817677.0,11080913.716994
801043.SI,20240717,冶钢原料,2268.86,2274.51,2216.89,2226.16,-32.19,-1.43,10475.0,60518.0,20.21,1.3,3763260.0,10886923.733058
801043.SI,20240718,冶钢原料,2218.01,2235.84,2180.05,2230.76,4.6,0.21,10638.0,54449.0,20.26,1.3,3771043.0,10910066.115391
801043.SI,20240719,冶钢原料,2214.86,2234.83,2186.74,2209.3,-21.46,-0.96,9246.0,49129.0,20.06,1.29,3734760.0,10783454.089503
801043.SI,20240722,冶钢原料,2208.4,2222.11,2180.6,2195.82,-13.48,-0.61,8727.0,53688.0,19.94,1.28,3711968.0,10696464.378876
801043.SI,20240723,冶钢原料,2191.3,2209.1,2131.62,2132.55,-63.27,-2.88,12623.0,63298.0,19.36,1.24,3605013.0,10387371.161949
801043.SI,20240724,冶钢原料,2130.91,2139.75,2085.39,2098.91,-33.63,-1.58,11129.0,52161.0,19.06,1.22,3548154.0,10243358.584842
801043.SI,20240725,冶钢原料,2086.15,2132.52,2069.37,2108.33,9.41,0.45,11319.0,55139.0,19.14,1.23,3564065.0,10266911.476471
801043.SI,20240726,冶钢原料,2114.39,2159.27,2108.72,2134.87,26.54,1.26,9170.0,47408.0,19.39,1.25,3608934.0,10379596.157573
801043.SI,20240729,冶钢原料,2136.64,2147.99,2099.92,2119.25,-15.62,-0.73,8424.0,45753.0,19.24,1.24,3582535.0,10265862.127817
801043.SI,20240730,冶钢原料,2115.16,2142.97,2100.18,2131.43,12.18,0.57,8925.0,43448.0,19.35,1.24,3603117.0,10281819.078923
801043.SI,20240731,冶钢原料,2135.89,2207.76,2123.66,2204.61,73.18,3.43,15230.0,75054.0,20.02,1.29,3726825.0,10634979.137449
801043.SI,20240801,冶钢原料,2207.38,2233.25,2182.68,2199.37,-5.24,-0.24,11287.0,60187.0,19.97,1.28,3718706.0,10567524.194139
801043.SI,20240802,冶钢原料,2183.22,2214.29,2161.11,2181.96,-17.41,-0.79,10348.0,46555.0,19.79,1.27,3672822.0,10488134.780767
801043.SI,20240805,冶钢原料,2170.26,2214.22,2139.44,2146.25,-35.72,-1.64,12071.0,61006.0,19.46,1.25,3612702.0,10326296.060048
801043.SI,20240806,冶钢原料,2160.37,2190.86,2149.79,2173.29,27.04,1.26,9669.0,55561.0,19.71,1.27,3658219.0,10464098.746878
801043.SI,20240807,冶钢原料,2172.93,2189.41,2150.32,2166.41,-6.88,-0.32,7601.0,38081.0,19.65,1.26,3646634.0,10431069.390542
801043.SI,20240808,冶钢原料,2161.56,2187.36,2142.43,2174.74,8.33,0.38,8576.0,41309.0,19.72,1.27,3660661.0,10473863.234677
801043.SI,20240809,冶钢原料,2182.48,2203.02,2166.71,2168.97,-5.77,-0.27,8157.0,38329.0,19.67,1.26,3650945.0,10449621.181674
801043.SI,20240812,冶钢原料,2164.43,2181.42,2146.48,2162.04,-6.92,-0.32,6968.0,32153.0,19.61,1.26,3639293.0,10414587.524325
801043.SI,20240813,冶钢原料,2166.77,2184.34,2143.14,2173.7,11.65,0.54,8181.0,37119.0,19.71,1.27,3658912.0,10462732.237113
801043.SI,20240814,冶钢原料,2173.08,2180.87,2123.17,2126.55,-47.15,-2.17,9007.0,45995.0,19.29,1.24,3579549.0,10250063.859311
801043.SI,20240815,冶钢原料,2122.65,2161.73,2107.25,2145.13,18.58,0.87,9874.0,46853.0,19.45,1.25,3610829.0,10328754.667939
801043.SI,20240816,冶钢原料,2146.6,2155.77,2111.11,2116.42,-28.71,-1.34,8692.0,39495.0,19.19,1.23,3562501.0,10180708.523727
801043.SI,20240819,冶钢原料,2116.83,2155.54,2110.17,2128.77,12.35,0.58,7682.0,37816.0,19.31,1.24,3583282.0,10257179.579181
801043.SI,20240820,冶钢原料,2127.87,2152.11,2086.65,2098.77,-30.0,-1.41,13160.0,53273.0,19.03,1.22,3532788.0,10113568.21863
801043.SI,20240821,冶钢原料,2092.78,2112.69,2077.63,2099.37,0.6,0.03,7938.0,32620.0,19.04,1.22,3533794.0,10122703.249951
801043.SI,20240822,冶钢原料,2102.44,2110.54,2053.86,2063.11,-36.26,-1.73,8595.0,36750.0,18.71,1.2,3472759.0,9966666.510797
801043.SI,20240823,冶钢原料,2061.58,2085.55,2040.46,2061.17,-1.94,-0.09,8323.0,35624.0,18.69,1.2,3469490.0,9959318.754676
801043.SI,20240826,冶钢原料,2065.28,2102.75,2055.22,2083.69,22.52,1.09,8250.0,37741.0,18.9,1.21,3507398.0,10046627.388551
801043.SI,20240827,冶钢原料,2078.03,2089.23,2048.72,2057.24,-26.45,-1.27,7976.0,34601.0,18.66,1.19,3462881.0,9944813.930069
801043.SI,20240828,冶钢原料,2053.0,2082.46,2038.37,2061.27,4.03,0.2,8494.0,38544.0,18.69,1.2,3469665.0,9945577.046562
801043.SI,20240829,冶钢原料,2059.94,2096.91,2012.85,2061.67,0.4,0.02,15748.0,75836.0,18.7,1.2,3470340.0,10020288.681019
801043.SI,20240830,冶钢原料,2060.73,2128.41,2035.91,2087.07,25.4,1.23,18603.0,92199.0,18.93,1.21,3513087.0,10194546.964297
801043.SI,20240902,冶钢原料,2083.99,2099.84,2039.61,2045.2,-41.87,-2.01,13023.0,63075.0,20.4,1.19,3442516.0,10056107.620885
801043.SI,20240903,冶钢原料,2044.03,2081.67,2030.0,2055.43,10.23,0.5,11623.0,54054.0,20.5,1.2,3459734.0,10136566.910592
801043.SI,20240904,冶钢原料,2050.35,2067.2,2019.2,2026.36,-29.07,-1.41,11047.0,55008.0,20.21,1.18,3410801.0,10015375.415092
801043.SI,20240905,冶钢原料,2025.34,2052.04,2010.23,2022.31,-4.05,-0.2,9285.0,44498.0,20.17,1.18,3403991.0,10016925.805528
801043.SI,20240906,冶钢原料,2026.65,2033.57,1988.17,1992.57,-29.74,-1.47,8931.0,42959.0,19.81,1.16,3385497.0,9868130.008145
801043.SI,20240909,冶钢原料,1984.17,2004.44,1963.31,1976.16,-16.41,-0.82,8918.0,41169.0,19.65,1.15,3357614.0,9775717.575796
801043.SI,20240910,冶钢原料,1980.17,1998.65,1941.31,1977.29,1.13,0.06,10228.0,45663.0,19.66,1.15,3359539.0,9772207.522668
801043.SI,20240911,冶钢原料,1969.27,1994.02,1951.69,1979.6,2.31,0.12,9495.0,46110.0,19.68,1.15,3363464.0,9789666.367846
801043.SI,20240912,冶钢原料,1977.87,2014.71,1968.25,1988.9,9.3,0.47,11635.0,57151.0,19.77,1.16,3379266.0,9758785.848647
801043.SI,20240913,冶钢原料,1992.82,2013.55,1969.18,1983.5,-5.4,-0.27,11284.0,57907.0,19.62,1.16,3345102.0,9760536.729135
801043.SI,20240918,冶钢原料,1979.56,1989.24,1928.26,1961.44,-22.06,-1.11,11251.0,52743.0,19.4,1.15,3307894.0,9646431.150607
801043.SI,20240919,冶钢原料,1994.34,2052.9,1971.62,2027.06,65.62,3.35,21226.0,90741.0,20.05,1.19,3418555.0,9936742.206741
801043.SI,20240920,冶钢原料,2022.51,2037.06,1995.53,2019.0,-8.06,-0.4,12253.0,58345.0,19.97,1.19,3404961.0,9866500.298581
801043.SI,20240923,冶钢原料,2014.33,2036.09,1995.06,2014.49,-4.51,-0.22,10193.0,46581.0,19.63,1.2,3596889.0,9845665.444226
801043.SI,20240924,冶钢原料,2021.32,2116.69,2020.57,2113.06,98.58,4.89,25674.0,116679.0,20.59,1.26,3772898.0,10340277.125488
801043.SI,20240925,冶钢原料,2144.17,2212.41,2126.93,2151.35,38.29,1.81,26411.0,132242.0,20.94,1.28,3841266.0,10502310.680837
801043.SI,20240926,冶钢原料,2141.94,2241.58,2136.12,2240.8,89.45,4.16,24823.0,120718.0,21.81,1.33,4000977.0,10934390.775645
801043.SI,20240927,冶钢原料,2277.53,2365.73,2254.76,2340.85,100.05,4.47,29076.0,141243.0,22.78,1.39,4179622.0,11371714.342063
801043.SI,20240930,冶钢原料,2478.31,2569.72,2412.42,2564.91,224.06,9.57,56062.0,299355.0,24.97,1.53,4579677.0,12382844.119618
801043.SI,20241008,冶钢原料,2809.82,2821.64,2558.99,2682.58,117.67,4.59,71462.0,401449.0,26.11,1.6,4789771.0,12855997.777484
801043.SI,20241009,冶钢原料,2627.69,2649.07,2452.21,2479.88,-202.7,-7.56,50295.0,276510.0,24.14,1.48,4427850.0,11805022.6906
801043.SI,20241010,冶钢原料,2492.94,2572.95,2438.11,2491.45,11.57,0.47,33055.0,186158.0,24.25,1.48,4448514.0,11873866.562177
801043.SI,20241011,冶钢原料,2494.18,2513.65,2402.0,2432.75,-58.71,-2.36,23847.0,131999.0,23.68,1.45,4343694.0,11605252.870853
801043.SI,20241014,冶钢原料,2450.41,2490.71,2407.17,2474.65,41.9,1.72,21772.0,118457.0,24.09,1.47,4418513.0,11851017.838248
801043.SI,20241015,冶钢原料,2461.07,2500.24,2413.98,2429.84,-44.81,-1.81,21886.0,113446.0,23.65,1.45,4338506.0,11593005.261819
801043.SI,20241016,冶钢原料,2407.13,2497.19,2388.15,2448.29,18.45,0.76,26348.0,112085.0,23.83,1.46,4371453.0,11711245.374573
801043.SI,20241017,冶钢原料,2459.05,2477.45,2392.92,2396.73,-51.56,-2.11,21386.0,97571.0,23.33,1.43,4279393.0,11477836.029036
801043.SI,20241018,冶钢原料,2385.43,2468.5,2357.51,2428.8,32.07,1.34,30387.0,147263.0,23.64,1.44,4336651.0,11647554.66667
801043.SI,20241021,冶钢原料,2439.59,2457.42,2397.21,2422.1,-6.7,-0.28,25359.0,129974.0,23.58,1.44,4324687.0,11602437.905789
801043.SI,20241022,冶钢原料,2416.79,2474.89,2399.44,2469.65,47.55,1.96,27520.0,121175.0,24.04,1.47,4409580.0,11791764.434642
801043.SI,20241023,冶钢原料,2473.71,2515.0,2457.68,2485.85,16.21,0.66,24639.0,121820.0,24.19,1.48,4443322.0,11866426.199146
801043.SI,20241024,冶钢原料,2475.93,2493.81,2440.28,2466.25,-19.6,-0.79,15612.0,78562.0,24.0,1.47,4408291.0,11761744.207821
801043.SI,20241025,冶钢原料,2467.09,2535.96,2462.09,2517.25,51.0,2.07,25692.0,124319.0,24.5,1.5,4499447.0,11996924.673426
801043.SI,20241028,冶钢原料,2538.14,2610.39,2531.61,2604.24,86.99,3.46,36602.0,203744.0,25.34,1.54,4654931.0,12379951.223919
801043.SI,20241029,冶钢原料,2600.9,2608.41,2497.43,2509.14,-95.09,-3.65,31296.0,168526.0,24.42,1.49,4484956.0,11934779.119994
801043.SI,20241030,冶钢原料,2496.95,2542.23,2475.94,2506.61,-2.53,-0.1,23664.0,116361.0,24.39,1.49,4480427.0,11914067.238407
801043.SI,20241031,冶钢原料,2489.04,2541.31,2469.57,2514.57,7.96,0.32,25731.0,136985.0,24.47,1.49,4494655.0,11955558.011398
801043.SI,20241101,冶钢原料,2509.15,2643.92,2497.26,2599.63,85.06,3.38,72858.0,316283.0,30.19,1.53,4646703.0,12325014.265681
801043.SI,20241104,冶钢原料,2598.93,2626.32,2527.52,2598.85,-0.78,-0.03,47924.0,210484.0,30.18,1.53,4645305.0,12295144.567229
801043.SI,20241105,冶钢原料,2590.77,2696.4,2578.62,2669.5,70.65,2.72,48708.0,233953.0,31.0,1.57,4771592.0,12618465.470512
801043.SI,20241106,冶钢原料,2675.83,2744.55,2656.57,2688.39,18.89,0.71,42386.0,222380.0,31.22,1.58,4805348.0,12660273.787365
801043.SI,20241107,冶钢原料,2678.9,2747.0,2652.23,2727.22,38.83,1.44,40155.0,205912.0,31.67,1.61,4874752.0,12851718.602805
801043.SI,20241108,冶钢原料,2751.72,2776.81,2665.08,2675.58,-51.64,-1.89,40133.0,207659.0,31.07,1.58,4782457.0,12626443.574527
801043.SI,20241111,冶钢原料,2667.84,2700.37,2633.85,2679.63,4.04,0.15,27809.0,155757.0,31.12,1.58,4789687.0,12651686.693765
801043.SI,20241112,冶钢原料,2685.78,2730.25,2614.9,2653.1,-26.53,-0.99,36510.0,215219.0,30.81,1.56,4742267.0,12616254.504738
801043.SI,20241113,冶钢原料,2635.87,2700.54,2608.49,2664.21,11.11,0.42,26789.0,167633.0,30.94,1.57,4762125.0,12699327.695283
801043.SI,20241114,冶钢原料,2668.72,2712.6,2593.31,2606.75,-57.45,-2.16,33755.0,179685.0,30.27,1.53,4659430.0,12413644.869707
801043.SI,20241115,冶钢原料,2584.77,2621.94,2539.83,2549.6,-57.16,-2.19,26149.0,133453.0,29.61,1.5,4557266.0,12166359.571674
801043.SI,20241118,冶钢原料,2568.25,2622.44,2524.68,2543.9,-5.7,-0.22,25517.0,140277.0,29.54,1.5,4547077.0,12133501.764838
801043.SI,20241119,冶钢原料,2542.34,2599.22,2506.96,2596.6,52.7,2.07,23206.0,129797.0,30.15,1.53,4641272.0,12436778.71942
801043.SI,20241120,冶钢原料,2593.74,2648.95,2567.66,2621.51,24.92,0.96,24027.0,150738.0,30.44,1.54,4685813.0,12553879.963158
801043.SI,20241121,冶钢原料,2620.73,2669.98,2601.38,2630.6,9.09,0.35,24185.0,142095.0,30.55,1.55,4702055.0,12578426.030215
801043.SI,20241122,冶钢原料,2621.37,2641.65,2519.88,2526.49,-104.12,-3.96,28138.0,158567.0,29.34,1.49,4515955.0,12081625.12727
801043.SI,20241125,冶钢原料,2533.47,2571.13,2499.44,2536.12,9.64,0.38,18389.0,101597.0,29.45,1.49,4533184.0,12158853.56159
801043.SI,20241126,冶钢原料,2537.16,2561.37,2501.66,2508.34,-27.78,-1.1,14675.0,82781.0,29.13,1.48,4483525.0,12021188.658463
801043.SI,20241127,冶钢原料,2503.74,2531.97,2448.7,2526.73,18.39,0.73,17453.0,94979.0,29.34,1.49,4516392.0,12128861.05828
801043.SI,20241128,冶钢原料,2523.61,2562.63,2509.13,2528.64,1.91,0.08,15757.0,86169.0,29.36,1.49,4519805.0,12126896.860687
801043.SI,20241129,冶钢原料,2528.23,2579.41,2505.04,2564.89,36.25,1.43,17934.0,102497.0,29.78,1.51,4584606.0,12284083.310754
801043.SI,20241202,冶钢原料,2578.0,2659.17,2568.37,2647.71,82.81,3.23,29637.0,170689.0,30.74,1.56,4732629.0,12647044.812463
801043.SI,20241203,冶钢原料,2680.1,2694.89,2619.68,2653.28,5.57,0.21,24179.0,154243.0,30.81,1.56,4742587.0,12642948.345442
801043.SI,20241204,冶钢原料,2693.39,2716.74,2609.23,2630.06,-23.22,-0.88,35261.0,200548.0,30.54,1.55,4701086.0,12510320.431639
801043.SI,20241205,冶钢原料,2601.99,2632.04,2578.98,2607.32,-22.74,-0.86,24166.0,130095.0,30.28,1.53,4660439.0,12432441.578174
801043.SI,20241206,冶钢原料,2607.61,2661.61,2585.75,2642.0,34.68,1.33,32150.0,157751.0,30.68,1.56,4722431.0,12610423.731491
801043.SI,20241209,冶钢原料,2661.73,2742.8,2632.78,2708.8,66.8,2.53,50278.0,227729.0,31.45,1.59,4841831.0,12944923.049397
801043.SI,20241210,冶钢原料,2807.04,2839.73,2713.76,2726.21,17.41,0.64,91614.0,403692.0,31.66,1.6,4872953.0,12998731.116782
801043.SI,20241211,冶钢原料,2699.23,2780.76,2691.07,2752.8,26.59,0.98,45788.0,211800.0,31.96,1.62,4923184.0,13131847.853575
801043.SI,20241212,冶钢原料,2756.35,2778.29,2713.73,2749.32,-3.48,-0.13,32076.0,161976.0,31.92,1.62,4916961.0,13081703.387216
801043.SI,20241213,冶钢原料,2740.55,2762.35,2664.41,2682.6,-66.72,-2.43,38729.0,213527.0,31.15,1.58,4797643.0,12793076.951068
801043.SI,20241216,冶钢原料,2700.25,2735.14,2652.19,2673.49,-9.11,-0.34,30864.0,175430.0,31.04,1.57,4781344.0,12749044.601579
801043.SI,20241217,冶钢原料,2679.28,2726.18,2605.4,2649.59,-23.9,-0.89,29490.0,166227.0,30.76,1.56,4766513.0,12644327.256684
801043.SI,20241218,冶钢原料,2656.54,2704.9,2627.54,2639.97,-9.62,-0.36,23189.0,141008.0,30.65,1.56,4749199.0,12611431.588514
801043.SI,20241219,冶钢原料,2626.4,2646.78,2584.98,2625.29,-14.68,-0.56,19480.0,110216.0,30.48,1.55,4722792.0,12527049.102802
801043.SI,20241220,冶钢原料,2621.16,2641.19,2594.23,2604.74,-20.55,-0.78,17697.0,101064.0,30.24,1.53,4685829.0,12414981.769045
801043.SI,20241223,冶钢原料,2608.82,2623.18,2531.0,2540.89,-63.85,-2.45,20977.0,111134.0,29.5,1.5,4570968.0,12148739.37763
801043.SI,20241224,冶钢原料,2539.01,2570.14,2525.61,2558.34,17.45,0.69,14694.0,75119.0,29.7,1.51,4602354.0,12243465.001822
801043.SI,20241225,冶钢原料,2559.8,2569.26,2495.86,2523.75,-34.59,-1.35,14696.0,75085.0,29.3,1.49,4540120.0,12093782.707097
801043.SI,20241226,冶钢原料,2525.16,2549.69,2513.05,2528.68,4.93,0.2,12412.0,66786.0,29.36,1.49,4548991.0,12132090.203848
801043.SI,20241227,冶钢原料,2533.93,2580.82,2518.93,2556.09,27.42,1.08,15910.0,82854.0,29.68,1.51,4598310.0,12277954.676991
801043.SI,20241230,冶钢原料,2549.96,2564.69,2511.49,2528.44,-27.65,-1.08,15718.0,81127.0,29.35,1.49,4548565.0,12193895.667715
801043.SI,20241231,冶钢原料,2535.02,2545.89,2455.37,2466.86,-61.58,-2.44,17315.0,88393.0,28.64,1.45,4437783.0,11906656.985091
801043.SI,20250102,冶钢原料,2462.93,2486.97,2380.13,2406.68,-60.18,-2.44,18786.0,96323.0,27.94,1.42,4329522.0,11634915.439063
801043.SI,20250103,冶钢原料,2410.62,2446.93,2347.37,2358.28,-48.4,-2.01,18442.0,94831.0,27.38,1.39,4242458.0,11430918.068956
801043.SI,20250106,冶钢原料,2352.33,2418.28,2332.76,2385.36,27.08,1.15,17074.0,86816.0,27.69,1.41,4291175.0,11548796.510132
801043.SI,20250107,冶钢原料,2385.09,2413.65,2349.2,2395.43,10.07,0.42,12464.0,62247.0,27.81,1.41,4309294.0,11574534.352448
801043.SI,20250108,冶钢原料,2385.04,2401.64,2302.82,2351.58,-43.85,-1.83,15986.0,79343.0,27.3,1.39,4230409.0,11342558.512528
801043.SI,20250109,冶钢原料,2333.17,2368.38,2315.52,2348.58,-3.01,-0.13,9809.0,49590.0,27.27,1.38,4225002.0,11310643.184933
801043.SI,20250110,冶钢原料,2346.28,2374.53,2304.31,2312.87,-35.71,-1.52,10447.0,47662.0,26.85,1.36,4160765.0,11135833.573353
801043.SI,20250113,冶钢原料,2299.44,2349.45,2274.92,2337.26,24.39,1.05,14663.0,71077.0,27.13,1.38,4204645.0,11239887.213867
801043.SI,20250114,冶钢原料,2340.14,2395.19,2322.63,2387.14,49.88,2.13,18891.0,94727.0,27.71,1.41,4294375.0,11455688.697144
801043.SI,20250115,冶钢原料,2389.89,2398.97,2346.39,2361.0,-26.14,-1.1,13621.0,67742.0,27.41,1.39,4247347.0,11358421.680172
801043.SI,20250116,冶钢原料,2371.1,2424.36,2364.88,2396.19,35.19,1.49,18209.0,97852.0,27.82,1.41,4310646.0,11609453.781517
801043.SI,20250117,冶钢原料,2389.56,2408.95,2367.81,2397.21,1.02,0.04,11443.0,61143.0,27.83,1.41,4312485.0,11555148.610532
801043.SI,20250120,冶钢原料,2408.5,2428.78,2380.84,2401.83,4.62,0.19,13945.0,70049.0,27.88,1.42,4320793.0,11536792.230906
801043.SI,20250121,冶钢原料,2410.08,2425.46,2359.85,2373.9,-27.93,-1.16,14212.0,72541.0,28.23,1.37,4018806.0,11412248.008121
801043.SI,20250122,冶钢原料,2371.2,2390.4,2339.1,2366.21,-7.69,-0.32,11407.0,62412.0,28.14,1.37,4005790.0,11389283.524317
801043.SI,20250123,冶钢原料,2380.06,2411.27,2352.37,2355.17,-11.04,-0.47,14267.0,74134.0,27.98,1.36,3980473.0,11383345.924336
801043.SI,20250124,冶钢原料,2348.95,2400.91,2337.26,2377.17,22.0,0.93,14646.0,75905.0,28.24,1.37,4017655.0,11491040.44228
801043.SI,20250127,冶钢原料,2386.1,2426.19,2363.46,2370.0,-7.17,-0.3,14144.0,74435.0,28.15,1.37,4005543.0,11495429.924356
801043.SI,20250205,冶钢原料,2381.7,2394.8,2342.49,2368.23,-1.77,-0.07,12356.0,64832.0,28.13,1.37,4002551.0,11431771.452988
801043.SI,20250206,冶钢原料,2369.26,2404.96,2349.66,2400.85,32.63,1.38,15345.0,71093.0,28.52,1.39,4057691.0,11558768.873601
801043.SI,20250207,冶钢原料,2404.15,2448.69,2390.8,2433.34,32.49,1.35,19436.0,99125.0,28.91,1.4,4112597.0,11755245.651092
801043.SI,20250210,冶钢原料,2439.5,2460.91,2418.43,2438.97,5.63,0.23,16875.0,83850.0,28.97,1.41,4122105.0,11750828.0
801043.SI,20250211,冶钢原料,2438.59,2450.5,2400.6,2419.21,-19.75,-0.81,14669.0,69423.0,28.74,1.4,4088718.0,11669417.0
801043.SI,20250212,冶钢原料,2422.29,2501.53,2396.52,2492.27,73.06,3.02,25283.0,123891.0,29.61,1.44,4212199.0,11864215.0
801043.SI,20250213,冶钢原料,2495.06,2569.98,2475.71,2499.95,7.67,0.31,34249.0,173254.0,29.7,1.44,4225165.0,11850155.0
801043.SI,20250214,冶钢原料,2498.76,2511.95,2461.96,2493.38,-6.57,-0.26,19102.0,95140.0,29.62,1.44,4214063.0,11819126.0
801043.SI,20250217,冶钢原料,2485.86,2509.84,2451.49,2472.03,-21.34,-0.86,20063.0,104412.0,29.37,1.43,4177989.0,11723445.0
801043.SI,20250218,冶钢原料,2479.03,2518.44,2441.95,2450.79,-21.24,-0.86,30779.0,125925.0,29.11,1.42,4142094.0,11642087.0
801043.SI,20250219,冶钢原料,2444.79,2492.76,2437.96,2474.66,23.86,0.97,22689.0,96571.0,29.4,1.43,4182423.0,11733195.0
801043.SI,20250220,冶钢原料,2480.08,2512.32,2456.0,2488.65,13.99,0.57,25148.0,102850.0,29.56,1.44,4206066.0,11780356.0
801043.SI,20250221,冶钢原料,2497.39,2535.07,2469.79,2492.25,3.6,0.14,24615.0,115441.0,29.61,1.44,4212156.0,11772059.0
801043.SI,20250224,冶钢原料,2495.85,2516.82,2464.92,2477.2,-15.05,-0.6,19250.0,94044.0,29.44,1.43,4178398.0,11674538.0
801043.SI,20250225,冶钢原料,2467.97,2494.32,2442.67,2467.2,-10.0,-0.4,18729.0,85131.0,29.33,1.42,4161533.0,11659902.0
801043.SI,20250226,冶钢原料,2468.61,2535.42,2464.72,2526.76,59.56,2.41,27092.0,134871.0,30.03,1.46,4261994.0,11935666.0
801043.SI,20250227,冶钢原料,2526.62,2543.13,2474.79,2501.26,-25.5,-1.01,22583.0,113792.0,29.73,1.44,4218978.0,11847925.0
801043.SI,20250228,冶钢原料,2497.44,2508.05,2444.96,2451.41,-49.85,-1.99,18108.0,89834.0,29.14,1.42,4134896.0,11620133.0
801043.SI,20250303,冶钢原料,2454.17,2521.41,2450.93,2487.27,35.86,1.46,22951.0,110245.0,29.56,1.44,4195378.0,11810234.0
801043.SI,20250304,冶钢原料,2480.42,2522.23,2465.09,2501.89,14.63,0.59,16186.0,78823.0,29.74,1.44,4220050.0,11861377.0
801043.SI,20250305,冶钢原料,2505.89,2519.46,2461.97,2495.32,-6.57,-0.26,16862.0,83019.0,29.66,1.44,4208964.0,11801470.0
801043.SI,20250306,冶钢原料,2512.99,2523.87,2488.69,2504.84,9.52,0.38,19539.0,96978.0,29.77,1.45,4225017.0,11825315.0
801043.SI,20250307,冶钢原料,2502.52,2554.95,2489.15,2524.29,19.46,0.78,26965.0,135646.0,30.0,1.46,4257836.0,11901561.0
801043.SI,20250310,冶钢原料,2525.86,2551.22,2498.81,2521.57,-2.73,-0.11,17615.0,93979.0,29.97,1.46,4253239.0,11900801.0
801043.SI,20250311,冶钢原料,2502.98,2566.35,2485.42,2564.28,42.71,1.69,27447.0,145791.0,30.48,1.48,4325278.0,12100194.0
801043.SI,20250312,冶钢原料,2567.53,2586.01,2536.25,2550.99,-13.29,-0.52,24744.0,128755.0,30.32,1.47,4302859.0,12033861.0
801043.SI,20250313,冶钢原料,2553.85,2570.71,2508.13,2552.54,1.56,0.06,20969.0,110069.0,30.34,1.47,4305486.0,12043896.0
801043.SI,20250314,冶钢原料,2572.44,2608.05,2548.33,2589.61,37.07,1.45,27206.0,148000.0,30.78,1.5,4368008.0,12218051.0
801043.SI,20250317,冶钢原料,2589.31,2608.35,2561.14,2570.0,-19.61,-0.76,22697.0,120217.0,30.55,1.48,4334923.0,12150866.0
801043.SI,20250318,冶钢原料,2573.21,2603.07,2548.37,2570.91,0.91,0.04,19296.0,113258.0,30.56,1.48,4336463.0,12164552.0
801043.SI,20250319,冶钢原料,2577.82,2583.15,2544.59,2560.43,-10.48,-0.41,15362.0,79966.0,30.43,1.48,4318783.0,12108981.0
801043.SI,20250320,冶钢原料,2562.09,2595.04,2549.69,2559.63,-0.8,-0.03,17236.0,95346.0,30.42,1.48,4317438.0,12124355.0
801043.SI,20250321,冶钢原料,2560.1,2611.19,2532.71,2557.71,-1.92,-0.08,26026.0,172294.0,30.4,1.48,4314192.0,12121564.0
801043.SI,20250324,冶钢原料,2557.6,2606.28,2523.22,2588.61,30.9,1.21,26914.0,198081.0,30.77,1.49,4366321.0,12237510.0
801043.SI,20250325,冶钢原料,2584.21,2634.77,2562.34,2613.75,25.13,0.97,27613.0,167019.0,31.07,1.51,4408717.0,12346985.0
801043.SI,20250326,冶钢原料,2620.99,2663.4,2596.66,2609.39,-4.35,-0.17,25800.0,161090.0,30.47,1.5,4451387.0,12337716.0
801043.SI,20250327,冶钢原料,2594.72,2612.37,2553.18,2568.91,-40.48,-1.55,18912.0,122150.0,29.99,1.47,4382327.0,12172183.0
801043.SI,20250328,冶钢原料,2570.02,2582.41,2519.24,2535.01,-33.9,-1.32,17415.0,99114.0,29.6,1.45,4324499.0,12004760.0
801043.SI,20250331,冶钢原料,2522.33,2543.02,2469.16,2494.58,-40.43,-1.59,18987.0,104937.0,30.38,1.43,4255533.0,11820734.0
801043.SI,20250401,冶钢原料,2500.7,2553.05,2490.83,2534.42,39.83,1.6,15647.0,94588.0,30.86,1.45,4323486.0,12028183.0
801043.SI,20250402,冶钢原料,2529.06,2548.42,2511.5,2526.79,-7.62,-0.3,9468.0,59610.0,30.77,1.45,4310479.0,11997969.0
801043.SI,20250403,冶钢原料,2509.41,2537.24,2489.21,2510.93,-15.86,-0.63,11648.0,76315.0,30.57,1.44,4283422.0,11956864.0
801043.SI,20250407,冶钢原料,2401.11,2422.8,2261.56,2262.19,-248.74,-9.91,30958.0,169355.0,27.58,1.3,3849150.0,10797652.0
801043.SI,20250408,冶钢原料,2253.25,2312.02,2208.76,2269.59,7.39,0.33,27362.0,149731.0,27.67,1.3,3861732.0,10950012.0
801043.SI,20250409,冶钢原料,2247.05,2332.08,2164.58,2320.47,50.88,2.24,25004.0,130969.0,28.29,1.33,3948310.0,11099133.0
801043.SI,20250410,冶钢原料,2345.21,2397.27,2330.17,2351.78,31.31,1.35,20461.0,112736.0,28.67,1.35,4001580.0,11240689.0
801043.SI,20250411,冶钢原料,2339.02,2393.18,2324.78,2358.51,6.73,0.29,14605.0,80204.0,28.76,1.35,4013038.0,11257466.0
801043.SI,20250414,冶钢原料,2378.52,2416.67,2362.01,2392.27,33.76,1.43,18779.0,104930.0,29.17,1.37,4070479.0,11488358.0
801043.SI,20250415,冶钢原料,2403.0,2421.63,2354.15,2371.83,-20.44,-0.85,17342.0,96196.0,29.07,1.36,4035705.0,11350958.0
801043.SI,20250416,冶钢原料,2367.49,2374.89,2313.59,2347.19,-24.64,-1.04,12770.0,67582.0,28.77,1.34,3993780.0,11244751.0
801043.SI,20250417,冶钢原料,2339.95,2372.54,2328.02,2342.34,-4.85,-0.21,9928.0,55523.0,28.71,1.34,3985532.0,11217457.0
801043.SI,20250418,冶钢原料,2337.84,2356.65,2319.2,2342.85,0.51,0.02,8718.0,44161.0,28.71,1.34,3986393.0,11212783.0
801043.SI,20250421,冶钢原料,2338.25,2375.7,2325.19,2362.89,20.04,0.86,10966.0,61802.0,27.64,1.34,4353867.0,11306139.0
801043.SI,20250422,冶钢原料,2371.93,2384.65,2343.71,2361.6,-1.29,-0.05,10369.0,56199.0,27.62,1.34,4351488.0,11306518.0
801043.SI,20250423,冶钢原料,2364.64,2386.83,2353.03,2369.53,7.93,0.34,11047.0,61528.0,27.71,1.34,4366108.0,11369344.0
801043.SI,20250424,冶钢原料,2371.16,2383.92,2344.65,2361.82,-7.71,-0.33,10964.0,60958.0,27.62,1.34,4351900.0,11346915.0
801043.SI,20250425,冶钢原料,2353.82,2391.31,2341.23,2368.64,6.82,0.29,14891.0,87086.0,30.57,1.33,4364466.0,11402211.0
801043.SI,20250428,冶钢原料,2360.36,2372.37,2306.42,2316.89,-51.75,-2.18,19302.0,81889.0,31.29,1.33,4269115.0,11181652.0
801043.SI,20250429,冶钢原料,2317.19,2362.62,2306.58,2333.05,16.16,0.7,14256.0,72284.0,31.51,1.34,4298897.0,11245928.0
801043.SI,20250430,冶钢原料,2330.2,2352.86,2295.33,2309.11,-23.94,-1.03,17626.0,96172.0,31.19,1.32,4254780.0,11173792.0
801043.SI,20250506,冶钢原料,2320.44,2360.39,2313.94,2356.03,46.91,2.03,17084.0,83413.0,38.39,1.35,4341226.0,11376363.0
801043.SI,20250507,冶钢原料,2374.76,2391.43,2352.47,2369.76,13.73,0.58,13733.0,76857.0,38.61,1.35,4366522.0,11426753.0
801043.SI,20250508,冶钢原料,2366.68,2389.81,2351.85,2376.62,6.87,0.29,11830.0,61483.0,38.73,1.36,4379178.0,11459405.0
801043.SI,20250509,冶钢原料,2379.34,2387.73,2353.63,2359.59,-17.03,-0.72,9979.0,51349.0,38.45,1.35,4347794.0,11398694.0
801043.SI,20250512,冶钢原料,2370.58,2392.2,2355.56,2383.76,24.17,1.02,11686.0,64044.0,38.84,1.36,4392323.0,11515685.0
801043.SI,20250513,冶钢原料,2400.53,2408.6,2358.52,2367.3,-16.46,-0.69,12810.0,66198.0,38.57,1.35,4361998.0,11433275.0
801043.SI,20250514,冶钢原料,2369.82,2399.28,2356.91,2391.71,24.41,1.03,14143.0,67266.0,38.67,1.37,4436656.0,11551616.0
801043.SI,20250515,冶钢原料,2390.05,2401.05,2365.55,2372.8,-18.9,-0.79,12009.0,58293.0,38.36,1.36,4401591.0,11476932.0
801043.SI,20250516,冶钢原料,2371.82,2402.52,2353.97,2372.61,-0.19,-0.01,12263.0,58142.0,38.36,1.36,4401238.0,11462647.0
801043.SI,20250519,冶钢原料,2371.04,2385.73,2350.71,2375.39,2.78,0.12,11024.0,51667.0,38.4,1.36,4406396.0,11486526.0
801043.SI,20250520,冶钢原料,2376.2,2383.63,2354.51,2369.39,-6.0,-0.25,10753.0,52920.0,38.31,1.36,4395266.0,11461213.0
801043.SI,20250521,冶钢原料,2372.16,2386.45,2358.29,2374.91,5.51,0.23,10410.0,54595.0,38.4,1.36,4405493.0,11491918.0
801043.SI,20250522,冶钢原料,2368.3,2378.56,2338.22,2342.0,-32.91,-1.39,11718.0,57338.0,37.86,1.34,4344443.0,11354015.0
801043.SI,20250523,冶钢原料,2343.53,2363.82,2324.22,2326.97,-15.03,-0.64,9987.0,49598.0,37.62,1.33,4316567.0,11291829.0
801043.SI,20250526,冶钢原料,2327.21,2357.12,2317.19,2343.65,16.68,0.72,8992.0,48784.0,37.89,1.34,4347510.0,11350029.0
801043.SI,20250527,冶钢原料,2339.73,2356.16,2317.1,2345.37,1.72,0.07,10047.0,53696.0,37.92,1.34,4350698.0,11343184.0
801043.SI,20250528,冶钢原料,2341.91,2356.97,2325.39,2337.07,-8.3,-0.35,8506.0,42882.0,37.78,1.34,4335302.0,11328944.0
801043.SI,20250529,冶钢原料,2333.01,2362.83,2326.91,2355.51,18.44,0.79,9575.0,49375.0,38.08,1.35,4369507.0,11423214.0
801043.SI,20250530,冶钢原料,2354.87,2365.51,2325.72,2336.69,-18.82,-0.8,15546.0,64991.0,37.78,1.34,4334592.0,11344059.0
801043.SI,20250603,冶钢原料,2333.07,2343.76,2317.62,2331.79,-4.9,-0.21,11410.0,55419.0,37.7,1.33,4325502.0,11331673.0
801043.SI,20250604,冶钢原料,2332.87,2372.3,2324.85,2361.45,29.66,1.27,12684.0,67919.0,38.18,1.35,4380522.0,11463287.0
801043.SI,20250605,冶钢原料,2361.48,2376.28,2343.0,2357.32,-4.13,-0.17,9563.0,52905.0,38.11,1.35,4372870.0,11454258.0
801043.SI,20250606,冶钢原料,2363.15,2401.88,2354.74,2379.51,22.19,0.94,14102.0,76916.0,38.47,1.36,4414035.0,11560982.0
801043.SI,20250609,冶钢原料,2386.89,2405.7,2369.29,2395.09,15.58,0.65,12195.0,68169.0,38.72,1.37,4442938.0,11639840.0
801043.SI,20250610,冶钢原料,2399.34,2414.0,2360.77,2390.43,-4.66,-0.19,14006.0,75077.0,38.65,1.37,4434291.0,11634910.0
801043.SI,20250611,冶钢原料,2389.45,2436.14,2380.14,2411.83,21.4,0.9,16183.0,92628.0,38.99,1.38,4473980.0,11773856.0
801043.SI,20250612,冶钢原料,2413.31,2428.07,2388.57,2399.92,-11.91,-0.49,13443.0,71904.0,38.8,1.37,4451883.0,11728299.0
801043.SI,20250613,冶钢原料,2401.04,2429.39,2381.17,2393.18,-6.74,-0.28,17916.0,105053.0,38.69,1.37,4439380.0,11744834.0
801043.SI,20250616,冶钢原料,2373.42,2413.91,2361.53,2389.42,-3.75,-0.16,16339.0,101706.0,38.63,1.37,4432422.0,11729539.0
801043.SI,20250617,冶钢原料,2389.25,2416.95,2380.3,2403.34,13.92,0.58,14343.0,81586.0,38.86,1.38,4458237.0,11811997.0
801043.SI,20250618,冶钢原料,2403.87,2423.17,2376.16,2388.3,-15.04,-0.63,13008.0,78848.0,38.61,1.37,4430331.0,11755249.0
801043.SI,20250619,冶钢原料,2387.16,2398.37,2340.02,2354.39,-33.91,-1.42,14415.0,80603.0,38.09,1.35,4371535.0,11594452.0
801043.SI,20250620,冶钢原料,2355.41,2389.64,2344.72,2370.04,15.66,0.66,14914.0,95866.0,38.35,1.36,4400604.0,11672111.0
801043.SI,20250623,冶钢原料,2346.53,2389.03,2325.15,2368.34,-1.71,-0.07,18082.0,113431.0,38.32,1.36,4397430.0,11519688.0
801043.SI,20250624,冶钢原料,2361.63,2387.99,2342.17,2376.21,7.87,0.33,17570.0,107738.0,38.45,1.36,4412046.0,11528794.0
801043.SI,20250625,冶钢原料,2369.48,2390.43,2356.97,2378.94,2.73,0.12,15361.0,87905.0,38.56,1.37,4409060.0,11562771.0
801043.SI,20250626,冶钢原料,2376.52,2399.56,2357.89,2373.67,-5.27,-0.22,14073.0,85918.0,38.47,1.38,4399299.0,11525463.0
801043.SI,20250627,冶钢原料,2383.29,2419.68,2376.71,2395.13,21.45,0.9,17008.0,102045.0,38.82,1.39,4439060.0,11589098.0
801043.SI,20250630,冶钢原料,2400.64,2413.65,2373.26,2390.79,-4.34,-0.18,13789.0,83191.0,38.75,1.39,4431019.0,11555310.0
801043.SI,20250701,冶钢原料,2388.12,2408.83,2370.99,2401.56,10.77,0.45,12811.0,70647.0,38.92,1.39,4450981.0,11599897.0
801043.SI,20250702,冶钢原料,2400.84,2454.01,2386.7,2446.75,45.19,1.88,25620.0,136220.0,39.65,1.42,4534734.0,11835236.0
801043.SI,20250703,冶钢原料,2444.61,2465.14,2413.71,2437.0,-9.75,-0.4,17587.0,100417.0,39.5,1.41,4516662.0,11786251.0
801043.SI,20250704,冶钢原料,2435.97,2448.2,2408.0,2414.91,-22.09,-0.91,15237.0,82490.0,39.14,1.4,4475717.0,11688075.0
801043.SI,20250707,冶钢原料,2408.35,2426.35,2394.85,2414.97,0.06,0.0,10421.0,58543.0,39.14,1.4,4475831.0,11680668.0
801043.SI,20250708,冶钢原料,2424.61,2463.31,2413.46,2454.41,39.44,1.63,16920.0,91918.0,39.78,1.42,4548934.0,11882869.0
801043.SI,20250709,冶钢原料,2492.96,2516.99,2463.39,2477.94,23.53,0.96,17824.0,112269.0,40.16,1.44,4592535.0,12042715.0
801043.SI,20250710,冶钢原料,2503.29,2554.55,2460.91,2527.18,49.24,1.99,38568.0,287409.0,40.96,1.47,4683795.0,12286903.0
801043.SI,20250711,冶钢原料,2522.43,2592.23,2491.72,2546.61,19.44,0.77,49086.0,341278.0,41.27,1.48,4719817.0,12367491.0
801043.SI,20250714,冶钢原料,2524.1,2583.67,2506.84,2527.64,-18.98,-0.75,34542.0,247413.0,40.97,1.47,4684648.0,12328627.0
801043.SI,20250715,冶钢原料,2515.48,2536.25,2456.49,2469.64,-58.0,-2.29,30326.0,201099.0,40.03,1.43,4577152.0,12019250.0
801043.SI,20250716,冶钢原料,2461.96,2479.99,2440.09,2457.59,-12.05,-0.49,19181.0,122146.0,39.83,1.42,4554825.0,11952524.0
801043.SI,20250717,冶钢原料,2463.22,2513.03,2452.72,2503.26,45.67,1.86,22995.0,163388.0,40.57,1.45,4639468.0,12207144.0
801043.SI,20250718,冶钢原料,2512.22,2545.19,2488.02,2515.41,12.15,0.49,27231.0,185392.0,40.77,1.46,4661985.0,12241979.0
801043.SI,20250721,冶钢原料,2539.32,2643.18,2535.06,2600.08,84.67,3.37,51409.0,281136.0,42.14,1.51,4818907.0,12681220.0
801043.SI,20250722,冶钢原料,2607.59,2686.67,2586.98,2674.71,74.64,2.87,50750.0,304047.0,43.36,1.55,4958789.0,13064985.0
801043.SI,20250723,冶钢原料,2688.61,2707.44,2622.25,2632.2,-42.51,-1.59,42571.0,241682.0,42.67,1.53,4879982.0,12843906.0
801043.SI,20250724,冶钢原料,2615.58,2723.71,2603.6,2716.93,84.73,3.22,42168.0,264890.0,44.04,1.58,5037063.0,13338132.0
801043.SI,20250725,冶钢原料,2735.11,2764.93,2669.65,2684.6,-32.33,-1.19,40263.0,293353.0,43.52,1.56,4977121.0,13216864.0
801043.SI,20250728,冶钢原料,2667.35,2676.97,2607.38,2632.66,-51.94,-1.93,31136.0,205538.0,42.66,1.53,4877765.0,12903684.0
801043.SI,20250729,冶钢原料,2635.34,2664.63,2603.88,2646.08,13.43,0.51,25674.0,159824.0,43.01,1.53,4924386.0,12985849.0
801043.SI,20250730,冶钢原料,2648.16,2683.42,2609.4,2632.9,-13.18,-0.5,25176.0,158810.0,42.8,1.53,4899862.0,12920234.0
801043.SI,20250731,冶钢原料,2612.19,2620.3,2537.09,2553.69,-79.21,-3.01,29200.0,174600.0,41.51,1.48,4752446.0,12550742.0
801043.SI,20250801,冶钢原料,2550.97,2571.9,2536.02,2545.89,-7.8,-0.31,14331.0,86292.0,41.38,1.47,4737924.0,12503691.0
801043.SI,20250804,冶钢原料,2539.62,2562.57,2525.12,2557.46,11.58,0.45,13639.0,82586.0,41.57,1.48,4759467.0,12583923.0
801043.SI,20250805,冶钢原料,2561.92,2596.01,2553.97,2579.17,21.71,0.85,17268.0,101976.0,41.92,1.49,4799862.0,12682036.0
801043.SI,20250806,冶钢原料,2580.81,2605.71,2560.46,2586.03,6.86,0.27,15783.0,95690.0,42.03,1.5,4812626.0,12697193.0
801043.SI,20250807,冶钢原料,2586.22,2604.44,2549.74,2581.65,-4.38,-0.17,17460.0,114033.0,41.96,1.5,4804474.0,12697129.0
801043.SI,20250808,冶钢原料,2578.97,2624.75,2568.91,2604.06,22.41,0.87,18192.0,119266.0,42.33,1.51,4846176.0,12806212.0
801043.SI,20250811,冶钢原料,2622.34,2660.3,2604.14,2637.39,33.33,1.28,25079.0,164698.0,42.87,1.53,4908200.0,12973314.0
801043.SI,20250812,冶钢原料,2635.05,2653.0,2601.86,2625.61,-11.77,-0.45,17819.0,118985.0,42.68,1.52,4886291.0,12894964.0
801043.SI,20250813,冶钢原料,2627.59,2667.38,2612.88,2636.9,11.28,0.43,20829.0,132021.0,42.86,1.53,4907291.0,12937759.0
801043.SI,20250814,冶钢原料,2640.71,2655.01,2585.88,2591.97,-44.93,-1.7,21869.0,130369.0,42.13,1.5,4823680.0,12717566.0
801043.SI,20250815,冶钢原料,2586.77,2643.4,2579.53,2627.65,35.68,1.38,23243.0,129020.0,42.71,1.52,4890079.0,12873960.0
801043.SI,20250818,冶钢原料,2633.49,2655.52,2607.0,2627.56,-0.09,0.0,24219.0,149645.0,42.71,1.52,4889909.0,12900007.0
801043.SI,20250819,冶钢原料,2631.61,2642.89,2605.8,2615.89,-11.67,-0.44,18572.0,109408.0,42.52,1.52,4868200.0,12820752.0
801043.SI,20250820,冶钢原料,2612.3,2680.27,2598.24,2653.8,37.91,1.45,29181.0,158568.0,43.13,1.54,4938749.0,13011189.0
801043.SI,20250821,冶钢原料,2652.02,2685.91,2637.28,2659.92,6.12,0.23,24644.0,148052.0,43.23,1.54,4950143.0,13030889.0
801043.SI,20250822,冶钢原料,2656.47,2676.8,2634.97,2657.08,-2.85,-0.11,21712.0,127937.0,43.19,1.53,4944849.0,13010586.0
801043.SI,20250825,冶钢原料,2669.48,2728.08,2658.41,2700.76,43.69,1.64,36229.0,214962.0,43.9,1.56,5026147.0,13231163.0
801043.SI,20250826,冶钢原料,2698.61,2731.4,2663.85,2704.29,3.52,0.13,30022.0,180150.0,43.96,1.56,5032703.0,13220959.0
801043.SI,20250827,冶钢原料,2701.13,2716.58,2630.75,2633.23,-71.06,-2.63,32151.0,187476.0,42.8,1.52,4900465.0,12875380.0
801043.SI,20250828,冶钢原料,2632.99,2668.7,2570.49,2646.21,12.98,0.49,27792.0,156304.0,43.01,1.53,4924625.0,12925779.0
801043.SI,20250829,冶钢原料,2647.89,2698.72,2634.23,2664.21,18.0,0.68,25428.0,161038.0,43.3,1.53,4958116.0,13051470.0
801043.SI,20250901,冶钢原料,2677.19,2732.66,2628.03,2699.62,35.41,1.33,35413.0,202921.0,46.92,1.56,5024012.0,13156921.0
801043.SI,20250902,冶钢原料,2706.28,2744.84,2667.81,2692.22,-7.4,-0.27,34029.0,187790.0,46.79,1.56,5010247.0,13086233.0
801043.SI,20250903,冶钢原料,2706.03,2725.83,2622.18,2634.4,-57.82,-2.15,24949.0,138321.0,45.78,1.52,4902644.0,12798220.0
801043.SI,20250904,冶钢原料,2630.03,2671.65,2584.1,2618.98,-15.42,-0.59,25769.0,142654.0,45.51,1.52,4873955.0,12762957.0
801043.SI,20250905,冶钢原料,2623.27,2694.33,2600.65,2679.05,60.07,2.29,28659.0,159834.0,46.56,1.55,4985746.0,12989980.0
801043.SI,20250908,冶钢原料,2706.31,2812.44,2695.06,2795.64,116.58,4.35,42875.0,249381.0,48.58,1.62,5202707.0,13485374.0
801043.SI,20250909,冶钢原料,2790.66,2855.77,2761.57,2794.55,-1.08,-0.04,54824.0,312789.0,48.57,1.62,5200691.0,13483057.0
801043.SI,20250910,冶钢原料,2779.28,2794.82,2726.11,2761.98,-32.58,-1.17,30318.0,168637.0,48.0,1.6,5140068.0,13333356.0
801043.SI,20250911,冶钢原料,2756.86,2790.5,2726.87,2778.62,16.64,0.6,28408.0,166961.0,48.29,1.61,5171036.0,13407701.0
801043.SI,20250912,冶钢原料,2780.22,2846.8,2754.41,2817.42,38.8,1.4,42584.0,255742.0,48.96,1.63,5243244.0,13597348.0
801043.SI,20250915,冶钢原料,2824.96,2854.32,2783.49,2798.74,-18.68,-0.66,31855.0,185370.0,48.64,1.62,5208488.0,13504760.0
801043.SI,20250916,冶钢原料,2807.35,2827.42,2731.12,2786.54,-12.21,-0.44,30499.0,181027.0,48.43,1.61,5185769.0,13446454.0
801043.SI,20250917,冶钢原料,2773.1,2825.68,2740.78,2804.39,17.86,0.64,32948.0,166634.0,48.74,1.62,5219001.0,13528422.0
801043.SI,20250918,冶钢原料,2792.76,2807.62,2701.53,2723.91,-80.48,-2.87,35741.0,205183.0,47.34,1.58,5069222.0,13143723.0
801043.SI,20250919,冶钢原料,2721.29,2762.09,2696.43,2717.01,-6.9,-0.25,21633.0,119949.0,47.22,1.57,5056388.0,13135582.0
801043.SI,20250922,冶钢原料,2721.35,2738.37,2666.84,2699.73,-17.28,-0.64,18940.0,105984.0,46.92,1.56,5024230.0,13061054.0
801043.SI,20250923,冶钢原料,2690.08,2697.33,2601.06,2646.36,-53.37,-1.98,24400.0,132644.0,45.99,1.53,4924909.0,12788930.0
801043.SI,20250924,冶钢原料,2636.18,2685.52,2623.89,2678.0,31.64,1.2,14632.0,90217.0,46.54,1.55,4983791.0,12951772.0
801043.SI,20250925,冶钢原料,2685.64,2740.09,2664.41,2683.94,5.93,0.22,20030.0,124431.0,46.64,1.55,4994831.0,12986680.0
801043.SI,20250926,冶钢原料,2680.34,2742.16,2665.89,2700.2,16.26,0.61,18025.0,115783.0,46.93,1.56,5025099.0,13061515.0
801043.SI,20250929,冶钢原料,2710.36,2815.94,2676.36,2812.18,111.98,4.15,39851.0,204791.0,48.87,1.63,5233501.0,13561875.0
801043.SI,20250930,冶钢原料,2815.98,2880.05,2785.14,2857.75,45.57,1.62,56737.0,319976.0,49.66,1.65,5318304.0,13776771.0
801043.SI,20251009,冶钢原料,2918.76,2999.89,2903.2,2974.42,116.67,4.08,55335.0,372767.0,51.69,1.72,5535423.0,14335885.0
801043.SI,20251010,冶钢原料,2985.71,3061.49,2944.37,2985.67,11.25,0.38,55456.0,435191.0,51.89,1.73,5556353.0,14357958.0
801043.SI,20251013,冶钢原料,2886.18,3020.75,2872.61,2994.77,9.11,0.31,52419.0,368089.0,52.05,1.73,5573304.0,14354889.0
801043.SI,20251014,冶钢原料,3049.58,3087.9,2931.95,2958.87,-35.9,-1.2,55305.0,385370.0,51.42,1.71,5506493.0,14249809.0
801043.SI,20251015,冶钢原料,2959.79,2994.25,2906.43,2946.97,-11.9,-0.4,35444.0,242345.0,51.21,1.7,5484341.0,14198349.0
801043.SI,20251016,冶钢原料,2935.81,2975.68,2883.82,2901.97,-45.0,-1.53,35204.0,231436.0,50.41,1.68,5404275.0,14046065.0
801043.SI,20251017,冶钢原料,2910.39,2993.05,2858.69,2902.97,1.0,0.03,42367.0,307752.0,50.43,1.68,5406131.0,14090103.0
801043.SI,20251020,冶钢原料,2909.39,2991.39,2861.3,2925.56,22.59,0.78,45868.0,320851.0,50.82,1.69,5448199.0,14109627.0
801043.SI,20251021,冶钢原料,2923.38,3009.77,2885.54,2959.23,33.67,1.15,39404.0,310221.0,51.4,1.71,5510900.0,14317867.0
801043.SI,20251022,冶钢原料,2935.6,2957.62,2885.85,2914.77,-44.45,-1.5,26842.0,194378.0,50.63,1.69,5428113.0,14106325.0
801043.SI,20251023,冶钢原料,2906.52,2966.0,2867.43,2932.82,18.05,0.62,34065.0,263304.0,50.94,1.7,5461726.0,14215688.0
801043.SI,20251024,冶钢原料,2938.88,2994.01,2890.37,2928.18,-4.64,-0.16,31250.0,236742.0,50.86,1.69,5453097.0,14239276.0
801043.SI,20251027,冶钢原料,2943.97,3032.82,2927.14,2974.11,45.93,1.57,41663.0,287825.0,51.66,1.72,5538637.0,14454272.0
801043.SI,20251028,冶钢原料,2977.61,3055.82,2927.25,3007.28,33.16,1.12,41775.0,288625.0,52.24,1.74,5600188.0,14473295.0
801043.SI,20251029,冶钢原料,3061.06,3186.11,3035.76,3170.81,163.54,5.44,71045.0,489757.0,55.08,1.83,5904729.0,15215355.0
801043.SI,20251030,冶钢原料,3196.01,3256.9,3132.11,3196.6,25.79,0.81,69449.0,505555.0,55.52,1.84,5952759.0,15563545.0
801043.SI,20251031,冶钢原料,3245.33,3362.33,3203.41,3245.52,48.91,1.53,78987.0,667545.0,56.37,1.85,6043843.0,15811586.0
801043.SI,20251103,冶钢原料,3298.83,3375.45,3192.62,3290.9,45.38,1.4,67721.0,624817.0,51.02,1.88,6128356.0,16082132.0
801043.SI,20251104,冶钢原料,3255.01,3361.39,3161.24,3236.48,-54.42,-1.65,64385.0,526910.0,50.18,1.85,6027011.0,15733279.0
801043.SI,20251105,冶钢原料,3175.51,3342.13,3148.56,3304.45,67.98,2.1,66344.0,495385.0,51.23,1.88,6153599.0,16107782.0
801043.SI,20251106,冶钢原料,3307.14,3440.92,3266.74,3387.71,83.25,2.52,83556.0,561903.0,52.52,1.93,6308630.0,16510090.0
801043.SI,20251107,冶钢原料,3384.93,3515.29,3360.88,3453.13,65.43,1.93,66419.0,581516.0,53.54,1.97,6430471.0,17023975.0
801043.SI,20251110,冶钢原料,3455.03,3569.82,3415.44,3469.78,16.65,0.48,83497.0,758095.0,53.79,1.98,6461475.0,17262151.0
801043.SI,20251111,冶钢原料,3454.78,3611.44,3416.26,3542.16,72.38,2.09,75381.0,645127.0,54.92,2.02,6596265.0,17416753.0
801043.SI,20251112,冶钢原料,3536.73,3588.16,3410.04,3466.38,-75.78,-2.14,72447.0,577186.0,53.74,1.98,6455149.0,17124024.0
801043.SI,20251113,冶钢原料,3466.37,3666.12,3444.03,3610.97,144.58,4.17,82341.0,611654.0,55.98,2.06,6724394.0,17921253.0
801043.SI,20251114,冶钢原料,3593.55,3728.78,3549.67,3655.83,44.86,1.24,64282.0,508390.0,56.68,2.08,6807935.0,18375546.0
801043.SI,20251117,冶钢原料,3692.23,3778.58,3620.5,3735.69,79.86,2.18,61615.0,624220.0,57.92,2.13,6956643.0,19008519.0
801043.SI,20251118,冶钢原料,3766.74,3858.24,3603.61,3656.18,-79.51,-2.13,77439.0,836586.0,56.68,2.08,6808585.0,18459169.0
801043.SI,20251119,冶钢原料,3662.78,3835.0,3602.84,3735.94,79.76,2.18,75047.0,764834.0,57.92,2.13,6957114.0,18810789.0
801043.SI,20251120,冶钢原料,3715.74,3898.86,3680.88,3785.73,49.79,1.33,66892.0,742844.0,58.69,2.16,7049839.0,19219631.0
801043.SI,20251121,冶钢原料,3632.57,3671.82,3479.4,3484.39,-301.34,-7.96,63576.0,429536.0,54.02,1.99,6488679.0,17705933.0
801043.SI,20251124,冶钢原料,3413.7,3474.96,3333.86,3372.14,-112.25,-3.22,42672.0,374962.0,52.28,1.92,6279652.0,17014444.0
801043.SI,20251125,冶钢原料,3413.12,3542.74,3377.67,3500.64,128.5,3.81,53012.0,556674.0,54.27,2.0,6518946.0,17548714.0
801043.SI,20251126,冶钢原料,3504.58,3573.36,3440.16,3468.61,-32.03,-0.92,43245.0,462081.0,53.78,1.98,6459292.0,17430807.0
801043.SI,20251127,冶钢原料,3465.86,3515.12,3410.14,3435.42,-33.19,-0.96,32400.0,327197.0,53.26,1.96,6397492.0,17242231.0
801043.SI,20251128,冶钢原料,3445.68,3608.97,3433.53,3568.47,133.05,3.87,38845.0,337542.0,55.32,2.03,6645250.0,18000371.0
801043.SI,20251201,冶钢原料,3620.28,3696.35,3505.08,3556.38,-12.09,-0.34,39577.0,450526.0,55.14,2.03,6622738.0,17862240.0
801043.SI,20251202,冶钢原料,3542.51,3586.6,3459.05,3503.92,-52.46,-1.48,29494.0,296322.0,54.32,2.0,6525041.0,17607027.0
801043.SI,20251203,冶钢原料,3504.0,3536.73,3405.58,3433.8,-70.11,-2.0,29430.0,292955.0,53.24,1.96,6394475.0,17195503.0
801043.SI,20251204,冶钢原料,3459.95,3488.65,3379.03,3401.58,-32.22,-0.94,26185.0,259557.0,52.74,1.94,6334467.0,16975447.0
801043.SI,20251205,冶钢原料,3393.67,3486.94,3361.54,3451.81,50.23,1.48,32208.0,276300.0,53.52,1.97,6428013.0,17161200.0
801043.SI,20251208,冶钢原料,3460.39,3529.25,3393.88,3489.12,37.31,1.08,29255.0,280430.0,54.09,1.99,6497488.0,17459809.0
801043.SI,20251209,冶钢原料,3471.17,3479.92,3369.79,3378.11,-111.01,-3.18,32104.0,276511.0,52.37,1.93,6290763.0,16902473.0
801043.SI,20251210,冶钢原料,3390.79,3474.7,3353.56,3429.04,50.93,1.51,28822.0,310017.0,53.16,1.96,6385611.0,17229283.0
801043.SI,20251211,冶钢原料,3441.43,3463.97,3340.63,3351.71,-77.33,-2.26,27832.0,268097.0,51.96,1.91,6241602.0,16839967.0
801043.SI,20251212,冶钢原料,3382.85,3426.31,3313.26,3347.16,-4.55,-0.14,25403.0,260025.0,51.89,1.91,6233132.0,16748741.0
801043.SI,20251215,冶钢原料,3337.24,3403.19,3296.13,3342.5,-4.67,-0.14,23011.0,222267.0,51.82,1.91,6224445.0,16738066.0
801043.SI,20251216,冶钢原料,3335.29,3365.54,3228.12,3271.42,-71.08,-2.13,29551.0,238657.0,50.72,1.87,6092087.0,16445667.0
801043.SI,20251217,冶钢原料,3319.47,3392.84,3273.16,3373.53,102.11,3.12,25258.0,249951.0,52.3,1.92,6282235.0,17024662.0
801043.SI,20251218,冶钢原料,3380.98,3430.19,3300.74,3334.71,-38.83,-1.15,25804.0,309495.0,51.7,1.9,6209934.0,16783475.0
801043.SI,20251219,冶钢原料,3325.93,3444.47,3276.88,3408.34,73.63,2.21,33549.0,333095.0,52.84,1.94,6347055.0,17208272.0
801043.SI,20251222,冶钢原料,3436.3,3510.02,3395.47,3459.03,50.69,1.49,32020.0,321152.0,53.63,1.97,6441459.0,17539371.0
801043.SI,20251223,冶钢原料,3470.83,3560.04,3416.05,3503.8,44.76,1.29,33686.0,402541.0,54.32,2.0,6524815.0,17863695.0
801043.SI,20251224,冶钢原料,3527.76,3582.32,3480.83,3528.05,24.25,0.69,27995.0,336876.0,54.7,2.01,6569981.0,17946358.0
801043.SI,20251225,冶钢原料,3481.95,3532.57,3434.68,3506.53,-21.52,-0.61,23973.0,250234.0,54.36,2.0,6529914.0,17785931.0
801043.SI,20251226,冶钢原料,3558.05,3682.83,3525.98,3656.04,149.51,4.26,39758.0,393270.0,56.68,2.08,6808335.0,18660678.0
801043.SI,20251229,冶钢原料,3694.54,3730.55,3562.92,3587.29,-68.75,-1.88,42512.0,474545.0,55.62,2.05,6680300.0,18320090.0
801043.SI,20251230,冶钢原料,3559.84,3663.6,3494.87,3596.1,8.81,0.25,33530.0,355399.0,55.75,2.05,6696714.0,18382997.0
801043.SI,20251231,冶钢原料,3599.58,3671.27,3548.0,3575.86,-20.24,-0.56,28870.0,295970.0,55.44,2.04,6659019.0,18265010.0
801043.SI,20260105,冶钢原料,3599.43,3674.14,3531.98,3626.57,50.71,1.42,40977.0,372310.0,56.22,2.07,6753444.0,18534529.0
801043.SI,20260106,冶钢原料,3666.71,3833.47,3557.01,3768.43,141.86,3.91,72862.0,651686.0,58.42,2.15,7017620.0,19182501.0
801043.SI,20260107,冶钢原料,3773.64,3888.09,3705.44,3795.34,26.92,0.71,76327.0,592242.0,58.84,2.16,7067741.0,19305435.0
801043.SI,20260108,冶钢原料,3780.36,3866.79,3682.26,3746.37,-48.98,-1.29,51225.0,444654.0,58.08,2.14,6976533.0,19042830.0
801043.SI,20260109,冶钢原料,3725.4,3846.36,3702.55,3796.59,50.22,1.34,59983.0,446943.0,58.86,2.17,7070062.0,19249600.0
801043.SI,20260112,冶钢原料,3834.72,3917.77,3761.56,3845.76,49.17,1.3,61156.0,517863.0,59.62,2.19,7161631.0,19463933.0
801043.SI,20260113,冶钢原料,3819.58,3947.88,3756.05,3808.99,-36.77,-0.96,58613.0,518986.0,59.05,2.17,7093151.0,19288237.0
801043.SI,20260114,冶钢原料,3790.89,3881.57,3703.05,3772.22,-36.77,-0.97,58960.0,511791.0,58.48,2.15,7024670.0,19022337.0
801043.SI,20260115,冶钢原料,3757.42,3860.22,3702.68,3762.04,-10.18,-0.27,49963.0,396966.0,58.33,2.15,7005714.0,18977301.0
801043.SI,20260116,冶钢原料,3765.44,3865.62,3692.08,3732.3,-29.73,-0.79,48423.0,432761.0,57.86,2.13,6950346.0,18725480.0
801043.SI,20260119,冶钢原料,3713.05,3856.35,3657.1,3822.13,89.82,2.41,48709.0,435007.0,59.26,2.18,7117615.0,19284338.0
801043.SI,20260120,冶钢原料,3835.2,3873.52,3639.21,3748.07,-74.05,-1.94,57692.0,481781.0,58.11,2.14,6979711.0,18943975.0
801043.SI,20260121,冶钢原料,3747.33,3936.48,3726.01,3892.62,144.55,3.86,62054.0,473783.0,60.35,2.22,7248892.0,19794328.0
801043.SI,20260122,冶钢原料,3915.78,4013.41,3832.96,3905.18,12.56,0.32,52148.0,470262.0,60.54,2.23,7272278.0,19788257.0
801043.SI,20260123,冶钢原料,3928.06,4106.43,3892.09,4082.97,177.79,4.55,63298.0,581463.0,63.3,2.33,7603356.0,20701952.0
801043.SI,20260126,冶钢原料,4102.35,4296.11,4044.63,4177.06,94.1,2.3,62623.0,698157.0,64.76,2.38,7778585.0,21053047.0
801043.SI,20260127,冶钢原料,4141.04,4184.46,3916.41,4042.5,-134.56,-3.22,97154.0,731742.0,62.67,2.31,7528004.0,20401940.0
801043.SI,20260128,冶钢原料,4049.96,4250.64,3965.58,4191.83,149.33,3.69,107152.0,787398.0,64.99,2.39,7806084.0,21095092.0
801043.SI,20260129,冶钢原料,4166.43,4322.63,4066.9,4166.02,-25.81,-0.62,83967.0,648696.0,64.59,2.38,7758021.0,21009077.0
801043.SI,20260130,冶钢原料,4040.94,4117.89,3826.0,3945.38,-220.64,-5.3,74863.0,546231.0,61.14,2.25,7365054.0,20040103.0
801043.SI,20260202,冶钢原料,3817.42,3957.92,3710.48,3757.19,-188.19,-4.77,58646.0,452336.0,58.22,2.14,7013743.0,19183999.0
801043.SI,20260203,冶钢原料,3815.27,3908.22,3750.65,3880.66,123.47,3.29,40350.0,321386.0,60.13,2.21,7244233.0,19766577.0
801043.SI,20260204,冶钢原料,3881.71,4008.72,3810.47,3968.36,87.7,2.26,40438.0,331879.0,61.49,2.26,7407945.0,20084802.0
801043.SI,20260205,冶钢原料,3895.13,3954.32,3768.57,3832.16,-136.19,-3.43,38697.0,331421.0,59.38,2.19,7153705.0,19445101.0
801043.SI,20260206,冶钢原料,3743.46,3944.9,3703.92,3861.59,29.42,0.77,35832.0,372414.0,59.84,2.2,7208634.0,19672014.0
801043.SI,20260209,冶钢原料,3897.27,3967.97,3840.76,3900.1,38.51,1.0,27029.0,255323.0,60.46,2.23,7297194.0,19923702.0
801043.SI,20260210,冶钢原料,3935.54,3948.45,3805.21,3853.44,-46.65,-1.2,32395.0,327724.0,59.74,2.2,7209904.0,19695644.0
801043.SI,20260211,冶钢原料,3836.52,4025.92,3802.4,3981.0,127.56,3.31,37268.0,407975.0,61.72,2.27,7448572.0,20453672.0
801043.SI,20260212,冶钢原料,3973.61,4042.5,3909.07,3967.33,-13.67,-0.34,34227.0,354858.0,61.51,2.26,7422990.0,20437863.0
801043.SI,20260213,冶钢原料,3953.01,4027.18,3872.35,3921.21,-46.12,-1.16,31856.0,340183.0,60.79,2.24,7336699.0,20244328.0
801043.SI,20260224,冶钢原料,3996.03,4144.96,3972.34,4076.95,155.74,3.97,46499.0,405793.0,63.2,2.33,7628088.0,21067793.0
801043.SI,20260225,冶钢原料,4101.18,4374.64,4084.03,4307.09,230.14,5.65,73352.0,598344.0,66.77,2.46,8058694.0,22300983.0
801043.SI,20260226,冶钢原料,4387.06,4455.08,4258.82,4331.32,24.22,0.56,49943.0,598618.0,67.41,2.48,8104018.0,22516060.0
801043.SI,20260227,冶钢原料,4272.28,4500.14,4254.34,4441.48,110.16,2.54,70291.0,622769.0,69.14,2.55,8305810.0,23010108.0
801043.SI,20260302,冶钢原料,4449.44,4523.65,4253.42,4410.71,-30.77,-0.69,80984.0,775951.0,68.66,2.53,8248266.0,22756162.0
801043.SI,20260303,冶钢原料,4392.63,4464.73,4216.07,4251.42,-159.29,-3.61,74313.0,684655.0,66.18,2.44,7950392.0,22076787.0
801043.SI,20260304,冶钢原料,4184.85,4334.63,4137.34,4204.56,-46.86,-1.1,49736.0,474266.0,64.5,2.44,7733922.0,21812099.0
801043.SI,20260305,冶钢原料,4265.14,4398.34,4173.84,4279.05,74.48,1.77,77352.0,659294.0,65.64,2.48,7870928.0,22040552.0
801043.SI,20260306,冶钢原料,4241.72,4323.06,4154.56,4236.86,-42.18,-0.99,60841.0,511987.0,64.99,2.45,7793574.0,21791693.0
801043.SI,20260309,冶钢原料,4208.38,4372.53,4087.81,4310.02,73.16,1.73,63932.0,615499.0,66.11,2.5,7928148.0,22423548.0
801043.SI,20260310,冶钢原料,4317.21,4369.66,4199.9,4250.91,-59.12,-1.37,61537.0,547662.0,65.21,2.46,7819404.0,21960295.0
801043.SI,20260311,冶钢原料,4248.79,4394.14,4200.03,4303.34,52.43,1.23,65327.0,590424.0,66.01,2.49,7915856.0,22203677.0
801043.SI,20260312,冶钢原料,4309.62,4431.92,4249.7,4342.24,38.9,0.9,64674.0,559961.0,66.61,2.51,7987416.0,22468957.0
801043.SI,20260313,冶钢原料,4333.13,4489.01,4225.63,4278.38,-63.86,-1.47,72910.0,697049.0,65.63,2.48,7869940.0,22244323.0
801043.SI,20260316,冶钢原料,4255.01,4319.35,4076.16,4182.92,-95.45,-2.23,57483.0,528613.0,64.16,2.42,7694356.0,21764261.0
801043.SI,20260317,冶钢原料,4199.92,4282.64,4072.7,4081.51,-101.41,-2.42,39561.0,352192.0,62.61,2.36,7507811.0,21244200.0
801043.SI,20260318,冶钢原料,4079.32,4129.98,3929.53,3993.07,-88.44,-2.17,38005.0,356819.0,61.26,2.31,7337208.0,20746079.0
801043.SI,20260319,冶钢原料,3967.51,3985.56,3777.61,3811.01,-182.07,-4.56,43023.0,393191.0,58.47,2.21,7002662.0,19856320.0
801043.SI,20260320,冶钢原料,3808.71,3917.41,3735.43,3781.03,-29.97,-0.79,35375.0,369281.0,58.01,2.19,6947586.0,19751578.0
801043.SI,20260323,冶钢原料,3710.72,3849.93,3603.18,3693.94,-87.09,-2.3,45975.0,425217.0,56.67,2.14,6787555.0,19470196.0
801043.SI,20260324,冶钢原料,3758.75,3872.91,3656.9,3859.04,165.1,4.47,41133.0,481992.0,59.21,2.23,7090924.0,20360456.0
801043.SI,20260325,冶钢原料,3891.68,3961.8,3843.57,3907.56,48.52,1.26,37177.0,384942.0,60.4,2.26,7180079.0,20617122.0
801043.SI,20260326,冶钢原料,3884.74,4019.87,3834.92,3878.84,-28.72,-0.73,31783.0,356665.0,59.95,2.25,7127311.0,20433553.0
801043.SI,20260327,冶钢原料,3842.42,4056.72,3822.71,3983.28,104.44,2.69,36142.0,412097.0,61.57,2.31,7319210.0,21039156.0
801043.SI,20260330,冶钢原料,3977.93,4035.9,3875.03,3962.7,-20.58,-0.52,31148.0,347266.0,61.39,2.3,7281398.0,21022522.0
801043.SI,20260331,冶钢原料,3956.9,4003.05,3827.13,3850.93,-111.78,-2.82,31639.0,336386.0,59.65,2.23,7076013.0,20361257.0
801043.SI,20260401,冶钢原料,3912.12,3943.31,3837.85,3871.66,20.73,0.54,23735.0,228623.0,59.98,2.24,7114108.0,20426098.0
801043.SI,20260402,冶钢原料,3865.12,3925.29,3771.23,3835.83,-35.83,-0.93,25670.0,266213.0,59.42,2.22,7048276.0,20375161.0
801043.SI,20260403,冶钢原料,3834.5,3864.79,3716.48,3749.58,-86.25,-2.25,21696.0,203082.0,58.19,2.18,6889802.0,19897206.0
801043.SI,20260407,冶钢原料,3756.77,3840.43,3683.46,3764.64,15.06,0.4,20648.0,194055.0,58.43,2.19,6917469.0,19878388.0
801043.SI,20260408,冶钢原料,3804.28,3884.03,3764.17,3873.78,109.14,2.9,27820.0,285567.0,60.12,2.25,7118012.0,20381799.0
801043.SI,20260409,冶钢原料,3848.54,3908.78,3771.68,3810.1,-63.68,-1.64,21600.0,239385.0,59.13,2.21,7001002.0,20033481.0
801043.SI,20260410,冶钢原料,3872.6,3972.17,3815.98,3849.21,39.1,1.03,26038.0,301814.0,59.74,2.24,7072857.0,20232981.0
801043.SI,20260413,冶钢原料,3826.16,3973.61,3792.48,3943.21,94.0,2.44,25880.0,329306.0,61.2,2.29,7245578.0,20828638.0
801043.SI,20260414,冶钢原料,3979.79,4020.16,3884.99,3981.34,38.13,0.97,25423.0,296422.0,61.79,2.31,7315646.0,20976182.0
801043.SI,20260415,冶钢原料,4010.53,4052.91,3875.13,3917.73,-63.61,-1.6,30192.0,316151.0,56.67,2.27,7198766.0,20729070.0
801043.SI,20260416,冶钢原料,3942.11,4099.81,3916.02,4084.29,166.56,4.25,29193.0,287142.0,59.08,2.36,7504817.0,21707461.0
801043.SI,20260417,冶钢原料,4129.53,4211.2,4035.13,4104.21,19.92,0.49,31125.0,385057.0,59.37,2.37,7541415.0,21833454.0
801043.SI,20260420,冶钢原料,4098.37,4141.56,4021.49,4061.03,-43.18,-1.05,26513.0,295833.0,57.81,2.35,7462080.0,21564247.0
801043.SI,20260421,冶钢原料,4072.17,4103.99,3970.04,4025.67,-35.36,-0.87,23160.0,242746.0,57.3,2.33,7397100.0,21469717.0
801043.SI,20260422,冶钢原料,4004.66,4145.76,3968.97,4055.4,29.73,0.74,29179.0,296765.0,58.63,2.33,7451727.0,21617548.0
801043.SI,20260423,冶钢原料,4047.72,4084.57,3917.36,3986.4,-69.0,-1.7,27041.0,277891.0,57.63,2.29,7324946.0,21309962.0
801043.SI,20260424,冶钢原料,3949.27,4122.38,3912.03,4074.66,88.26,2.21,29641.0,314933.0,58.18,2.33,7487126.0,21843179.0
801043.SI,20260427,冶钢原料,4101.97,4214.77,4001.08,4096.94,22.28,0.55,47748.0,387456.0,58.5,2.34,7528068.0,21901834.0
801043.SI,20260428,冶钢原料,4094.6,4126.92,4002.86,4045.88,-51.06,-1.25,30549.0,258190.0,57.77,2.31,7434246.0,21709602.0
801043.SI,20260429,冶钢原料,4018.32,4224.06,3979.03,4208.2,162.32,4.01,37287.0,409551.0,57.74,2.38,7732508.0,22746183.0
801043.SI,20260430,冶钢原料,4214.36,4336.81,4149.85,4217.43,9.23,0.22,38127.0,483106.0,57.87,2.37,7749463.0,22856192.0
801043.SI,20260506,冶钢原料,4247.82,4365.07,4194.61,4329.16,111.72,2.65,50022.0,473687.0,59.38,2.43,7954755.0,23424523.0
801043.SI,20260507,冶钢原料,4330.61,4371.15,4161.15,4254.69,-74.47,-1.72,44226.0,513105.0,58.36,2.39,7817922.0,22837164.0
801043.SI,20260508,冶钢原料,4248.81,4318.64,4120.31,4169.61,-85.08,-2.0,36925.0,411016.0,57.19,2.34,7661592.0,22267619.0
801043.SI,20260511,冶钢原料,4176.03,4264.77,4095.62,4160.92,-8.69,-0.21,44016.0,465074.0,57.08,2.33,7645630.0,22171275.0
801043.SI,20260512,冶钢原料,4192.38,4227.8,4080.3,4114.2,-46.72,-1.12,35298.0,364843.0,56.43,2.31,7559780.0,21925186.0
801043.SI,20260513,冶钢原料,4125.87,4188.24,4044.62,4081.19,-33.01,-0.8,33948.0,379063.0,55.98,2.29,7499120.0,21689077.0
801043.SI,20260514,冶钢原料,4076.75,4105.64,3942.08,3970.54,-110.65,-2.71,37698.0,331726.0,54.46,2.23,7295798.0,21098939.0
801043.SI,20260515,冶钢原料,3967.1,4037.11,3843.54,3882.79,-87.75,-2.21,38162.0,364476.0,53.26,2.18,7134562.0,20699949.0
801043.SI,20260518,冶钢原料,3835.77,3905.54,3746.64,3821.45,-61.34,-1.58,35181.0,342580.0,52.42,2.14,7021847.0,20349987.0
801043.SI,20260519,冶钢原料,3815.97,3846.79,3707.34,3783.76,-37.69,-0.99,29899.0,306359.0,51.9,2.12,6952593.0,20099342.0
801043.SI,20260520,冶钢原料,3783.55,3873.11,3688.51,3798.98,15.22,0.4,31013.0,381263.0,52.11,2.13,6980566.0,20266582.0
801043.SI,20260521,冶钢原料,3810.47,3903.43,3680.95,3703.57,-95.41,-2.51,36784.0,343308.0,50.8,2.08,6805256.0,19747646.0
