ts_code,trade_date,name,open,high,low,close,change,pct_change,vol,amount,pe,pb,float_mv,total_mv
801113.SI,20180102,小家电,5375.82,5443.35,5312.46,5381.57,27.69,0.52,1615.0,31294.0,28.21,3.28,3003036.0,13017432.0
801113.SI,20180103,小家电,5407.37,5468.65,5325.21,5422.2,40.63,0.75,1668.0,32155.0,28.45,3.31,3025707.0,13151538.0
801113.SI,20180104,小家电,5433.14,5503.05,5357.8,5439.65,17.45,0.32,1822.0,35465.0,28.63,3.32,3030075.0,13167812.0
801113.SI,20180105,小家电,5451.87,5493.89,5356.52,5426.86,-12.79,-0.24,1173.0,26261.0,28.51,3.31,3022947.0,13152337.0
801113.SI,20180108,小家电,5465.9,5491.59,5331.2,5381.96,-44.9,-0.83,1900.0,32296.0,28.22,3.28,2997934.0,12995813.0
801113.SI,20180109,小家电,5399.95,5439.76,5315.54,5366.09,-15.87,-0.29,1601.0,31251.0,28.11,3.27,2989097.0,12957725.0
801113.SI,20180110,小家电,5385.19,5470.39,5280.11,5343.97,-22.12,-0.41,2574.0,55157.0,28.01,3.26,2976778.0,12856517.0
801113.SI,20180111,小家电,5356.26,5399.31,5282.9,5326.01,-17.96,-0.34,1545.0,32731.0,27.88,3.25,2966775.0,12801212.0
801113.SI,20180112,小家电,5351.5,5406.63,5266.48,5334.76,8.75,0.16,1557.0,34112.0,27.94,3.25,2971647.0,12808775.0
801113.SI,20180115,小家电,5346.87,5479.46,5226.87,5326.34,-8.42,-0.16,2467.0,58934.0,27.94,3.25,2966954.0,12814891.0
801113.SI,20180116,小家电,5352.59,5478.39,5290.06,5377.53,51.19,0.96,2330.0,55262.0,28.31,3.28,2995469.0,12946963.0
801113.SI,20180117,小家电,5404.18,5439.22,5273.86,5342.71,-34.82,-0.65,2003.0,43704.0,28.09,3.26,2976074.0,12850252.0
801113.SI,20180118,小家电,5370.58,5444.95,5287.98,5379.32,36.61,0.69,1647.0,38562.0,28.33,3.28,2996465.0,12986925.0
801113.SI,20180119,小家电,5406.27,5428.62,5249.7,5282.99,-96.33,-1.79,1524.0,39077.0,27.66,3.22,2942809.0,12678392.0
801113.SI,20180122,小家电,5266.11,5430.54,5187.07,5360.96,77.97,1.48,2058.0,58031.0,28.2,3.27,2986240.0,12805717.0
801113.SI,20180123,小家电,5374.19,5486.02,5282.8,5387.5,26.54,0.5,1803.0,54044.0,28.4,3.29,3001021.0,12902182.0
801113.SI,20180124,小家电,5402.25,5454.9,5301.47,5377.24,-10.26,-0.19,1661.0,44019.0,28.32,3.28,2995756.0,12883076.0
801113.SI,20180125,小家电,5402.38,5442.73,5286.83,5315.54,-61.7,-1.15,1635.0,42052.0,27.89,3.24,2961382.0,12637682.0
801113.SI,20180126,小家电,5342.63,5406.01,5239.75,5313.05,-2.49,-0.05,1849.0,44940.0,27.89,3.24,2959993.0,12621719.0
801113.SI,20180129,小家电,5358.49,5382.67,5138.3,5175.1,-137.95,-2.6,2424.0,63273.0,26.95,3.16,2883140.0,12122613.0
801113.SI,20180130,小家电,5194.58,5250.45,5092.18,5146.08,-29.02,-0.56,1472.0,41364.0,26.75,3.14,2866974.0,12019277.0
801113.SI,20180131,小家电,5171.37,5243.72,5047.49,5108.52,-37.56,-0.73,2322.0,48860.0,26.54,3.12,2846049.0,12006593.0
801113.SI,20180201,小家电,5129.76,5217.66,4968.49,5054.89,-53.63,-1.05,2128.0,45915.0,26.21,3.08,2816169.0,11976645.0
801113.SI,20180202,小家电,5071.48,5133.18,4926.54,5040.34,-14.55,-0.29,1526.0,29219.0,26.15,3.07,2808063.0,11942447.0
801113.SI,20180205,小家电,5027.98,5095.17,4932.6,5026.87,-13.47,-0.27,1508.0,30933.0,26.04,3.07,2800556.0,11897608.0
801113.SI,20180206,小家电,4946.65,5000.76,4804.77,4850.34,-176.53,-3.51,1795.0,36234.0,24.85,2.96,2702210.0,11383080.0
801113.SI,20180207,小家电,4929.61,4986.19,4736.21,4801.04,-49.3,-1.02,1578.0,34918.0,24.52,2.93,2674743.0,11150032.0
801113.SI,20180208,小家电,4787.02,4945.71,4735.93,4873.88,72.84,1.52,1446.0,28566.0,25.01,2.97,2715322.0,11370150.0
801113.SI,20180209,小家电,4817.03,4883.55,4668.77,4735.14,-138.74,-2.85,1671.0,34083.0,24.08,2.89,2638026.0,11005377.0
801113.SI,20180212,小家电,4764.51,4924.69,4720.66,4862.2,127.06,2.68,1026.0,24146.0,24.95,2.97,2708812.0,11433047.0
801113.SI,20180213,小家电,4910.39,4989.35,4830.63,4914.1,51.9,1.07,1437.0,31143.0,25.31,3.0,2737725.0,11520384.0
801113.SI,20180214,小家电,4934.57,5013.84,4853.54,4954.41,40.31,0.82,908.0,20923.0,25.59,3.02,2760184.0,11571571.0
801113.SI,20180222,小家电,5000.22,5099.89,4941.18,5027.55,73.14,1.48,1092.0,25510.0,26.07,3.07,2800930.0,11797032.0
801113.SI,20180223,小家电,5039.75,5099.41,4956.18,5004.07,-23.48,-0.47,1174.0,27440.0,25.88,3.05,2787847.0,11714172.0
801113.SI,20180226,小家电,5042.58,5140.76,4976.23,5085.75,81.68,1.63,1346.0,30878.0,26.44,3.1,2833350.0,11953140.0
801113.SI,20180227,小家电,5101.2,5136.79,4986.9,5030.4,-55.35,-1.09,1231.0,28076.0,26.07,3.07,2802512.0,11762278.0
801113.SI,20180228,小家电,5044.0,5083.87,4902.59,4998.15,-32.25,-0.64,1525.0,36323.0,25.87,3.05,2777026.0,11669763.0
801113.SI,20180301,小家电,5004.77,5098.87,4937.44,5035.57,37.42,0.75,1506.0,32050.0,26.12,3.07,2797819.0,11743106.0
801113.SI,20180302,小家电,5040.04,5117.56,4963.12,5011.82,-23.75,-0.47,1460.0,36760.0,25.96,3.06,2784621.0,11697133.0
801113.SI,20180305,小家电,5025.38,5097.14,4927.27,4996.4,-15.42,-0.31,1533.0,37920.0,25.88,3.05,2776052.0,11676494.0
801113.SI,20180306,小家电,5017.83,5119.14,4954.73,5062.66,66.26,1.33,1360.0,32825.0,26.33,3.09,2812866.0,11849717.0
801113.SI,20180307,小家电,5089.99,5156.56,4989.42,5059.29,-3.37,-0.07,1452.0,35143.0,26.32,3.08,2810992.0,11883985.0
801113.SI,20180308,小家电,5091.22,5185.52,5005.76,5131.14,71.85,1.42,1843.0,45341.0,26.81,3.13,2850914.0,12110310.0
801113.SI,20180309,小家电,5184.74,5277.16,5093.03,5194.6,63.46,1.24,2236.0,49628.0,27.23,3.17,2886170.0,12258589.0
801113.SI,20180312,小家电,5233.07,5300.99,5159.68,5224.27,29.67,0.57,1994.0,41223.0,27.42,3.19,2902657.0,12316067.0
801113.SI,20180313,小家电,5248.66,5294.36,5133.76,5167.72,-56.55,-1.08,1684.0,34684.0,27.0,3.15,2871237.0,12138455.0
801113.SI,20180314,小家电,5185.69,5238.21,5094.64,5139.54,-28.18,-0.55,1589.0,32439.0,26.83,3.13,2855579.0,12032641.0
801113.SI,20180315,小家电,5168.56,5210.51,5073.01,5146.94,7.4,0.14,1330.0,27008.0,26.9,3.14,2859691.0,12064473.0
801113.SI,20180316,小家电,5177.88,5218.49,5080.59,5111.7,-35.24,-0.68,1083.0,24314.0,26.66,3.12,2840111.0,11936270.0
801113.SI,20180319,小家电,5125.17,5186.13,5046.31,5105.79,-5.91,-0.12,1172.0,28073.0,26.61,3.11,2836827.0,11885588.0
801113.SI,20180320,小家电,5119.97,5145.58,5020.93,5069.21,-36.58,-0.72,1174.0,33771.0,26.35,3.09,2816503.0,11725891.0
801113.SI,20180321,小家电,5109.7,5157.27,5011.53,5030.14,-39.07,-0.77,1375.0,29719.0,26.08,3.07,2794793.0,11632457.0
801113.SI,20180322,小家电,5058.71,5093.3,4940.8,4975.79,-54.35,-1.08,1300.0,31563.0,25.71,3.03,2764599.0,11451323.0
801113.SI,20180323,小家电,4867.21,4941.78,4680.95,4784.87,-190.92,-3.84,2257.0,45086.0,24.42,2.92,2658525.0,10928540.0
801113.SI,20180326,小家电,4766.21,4881.6,4653.6,4834.0,49.13,1.03,1837.0,39438.0,24.79,2.95,2685822.0,11063228.0
801113.SI,20180327,小家电,4888.46,4962.82,4814.75,4892.14,58.14,1.2,1832.0,37108.0,25.18,2.98,2718125.0,11180947.0
801113.SI,20180328,小家电,4881.62,4943.3,4783.38,4823.27,-68.87,-1.41,1681.0,32003.0,24.7,2.94,2679860.0,10920259.0
801113.SI,20180329,小家电,4854.42,4984.24,4787.94,4921.8,98.53,2.04,1960.0,38988.0,25.38,3.0,2734608.0,11212265.0
801113.SI,20180330,小家电,4919.8,5032.01,4840.77,4945.25,23.45,0.48,2365.0,42015.0,25.54,3.02,2747635.0,11258364.0
801113.SI,20180402,小家电,5009.49,5104.89,4920.29,5005.19,59.94,1.21,2158.0,44370.0,25.97,3.04,2780938.0,11447774.0
801113.SI,20180403,小家电,5009.35,5093.12,4928.05,4988.58,-16.61,-0.33,1816.0,47122.0,25.78,3.01,2845500.0,11429699.0
801113.SI,20180404,小家电,4998.11,5130.03,4913.96,4991.53,2.95,0.06,2270.0,49382.0,25.81,3.01,2847184.0,11480087.0
801113.SI,20180409,小家电,5014.72,5113.19,4928.29,5043.38,51.85,1.04,1677.0,37003.0,26.16,3.04,2876762.0,11629060.0
801113.SI,20180410,小家电,5083.46,5144.27,4968.71,5053.18,9.8,0.19,1895.0,40146.0,26.23,3.05,2882351.0,11723352.0
801113.SI,20180411,小家电,5112.38,5149.91,5035.78,5074.8,21.62,0.43,1531.0,36071.0,26.38,3.06,2894680.0,11770745.0
801113.SI,20180412,小家电,5093.59,5123.96,4979.28,5024.31,-50.49,-0.99,1324.0,28261.0,26.03,3.03,2865878.0,11632142.0
801113.SI,20180413,小家电,5055.47,5108.91,4945.26,4985.06,-39.25,-0.78,1199.0,27575.0,25.77,3.0,2843488.0,11507147.0
801113.SI,20180416,小家电,4987.31,5045.03,4899.51,4938.4,-46.66,-0.94,1318.0,24901.0,25.48,2.97,2816876.0,11385928.0
801113.SI,20180417,小家电,4961.04,5018.54,4870.12,4904.48,-33.92,-0.69,1422.0,25055.0,25.22,2.95,2797528.0,11306384.0
801113.SI,20180418,小家电,4943.69,4991.32,4808.72,4913.32,8.84,0.18,1335.0,25577.0,25.29,2.96,2802573.0,11295351.0
801113.SI,20180419,小家电,4954.17,5004.53,4859.18,4940.74,27.42,0.56,1297.0,26227.0,25.49,2.97,2818214.0,11367678.0
801113.SI,20180420,小家电,4964.53,4994.66,4839.29,4884.21,-56.53,-1.14,1238.0,22833.0,25.13,2.94,2785970.0,11246338.0
801113.SI,20180423,小家电,4854.43,4991.42,4779.98,4919.54,35.33,0.72,915.0,21570.0,25.38,2.94,2806122.0,11412116.0
801113.SI,20180424,小家电,4960.04,5137.73,4903.66,5053.65,134.11,2.73,1585.0,46461.0,26.29,3.02,2882618.0,11789079.0
801113.SI,20180425,小家电,5083.28,5119.82,4968.87,5048.94,-4.71,-0.09,1238.0,29130.0,26.23,3.02,2879931.0,11753252.0
801113.SI,20180426,小家电,5029.06,5062.7,4905.14,4934.67,-114.27,-2.26,1891.0,41936.0,25.44,2.9,2814751.0,11309164.0
801113.SI,20180427,小家电,4935.05,5024.94,4859.11,4964.01,29.34,0.59,1428.0,37640.0,25.65,2.89,2831487.0,11359427.0
801113.SI,20180502,小家电,5015.85,5151.87,4939.68,5093.81,129.8,2.61,2345.0,49845.0,26.46,2.97,2905529.0,11735690.0
801113.SI,20180503,小家电,5117.09,5223.75,4986.55,5117.87,24.06,0.47,3243.0,58833.0,26.63,2.99,2919252.0,11737930.0
801113.SI,20180504,小家电,5125.27,5194.29,5045.6,5098.02,-19.85,-0.39,2559.0,40251.0,26.5,2.98,2907929.0,11669241.0
801113.SI,20180507,小家电,5126.91,5218.13,5023.48,5154.77,56.75,1.11,2827.0,52493.0,26.88,3.01,2940300.0,11848023.0
801113.SI,20180508,小家电,5167.98,5281.07,5109.9,5221.27,66.5,1.29,3145.0,50931.0,27.34,3.05,2978231.0,11991710.0
801113.SI,20180509,小家电,5244.12,5294.89,5144.3,5202.74,-18.53,-0.35,2512.0,41606.0,27.2,3.04,2967661.0,11956545.0
801113.SI,20180510,小家电,5224.18,5269.01,5135.48,5187.56,-15.18,-0.29,2030.0,36142.0,27.07,3.03,2959000.0,11906734.0
801113.SI,20180511,小家电,5217.59,5264.63,5125.97,5150.69,-36.87,-0.71,1775.0,32328.0,26.78,3.01,2937968.0,11806502.0
801113.SI,20180514,小家电,5190.97,5268.08,5092.51,5155.19,4.5,0.09,1729.0,29427.0,26.85,3.01,2940534.0,11862660.0
801113.SI,20180515,小家电,5179.5,5243.08,5097.13,5153.74,-1.45,-0.03,1463.0,30276.0,26.84,3.01,2939704.0,11863496.0
801113.SI,20180516,小家电,5179.61,5293.92,5078.08,5211.72,57.98,1.13,2105.0,42140.0,27.23,3.05,2972779.0,12112898.0
801113.SI,20180517,小家电,5214.39,5238.34,5067.34,5100.77,-110.95,-2.13,1968.0,42349.0,26.48,3.0,2909494.0,11730577.0
801113.SI,20180518,小家电,5119.78,5187.19,5035.79,5135.82,35.05,0.69,1824.0,33036.0,26.7,3.02,2929485.0,11839028.0
801113.SI,20180521,小家电,5187.2,5324.88,5100.49,5218.77,82.95,1.62,2735.0,46639.0,27.26,3.08,2976800.0,12024003.0
801113.SI,20180522,小家电,5262.98,5299.01,5128.21,5214.08,-4.69,-0.09,1797.0,34256.0,27.22,3.07,2974126.0,12000365.0
801113.SI,20180523,小家电,5233.91,5289.76,5135.86,5162.88,-51.2,-0.98,1658.0,30486.0,26.88,3.04,2944919.0,11878735.0
801113.SI,20180524,小家电,5171.88,5216.8,5068.12,5147.04,-15.84,-0.31,1460.0,29074.0,26.77,3.07,2935883.0,11824336.0
801113.SI,20180525,小家电,5158.29,5192.89,5007.38,5079.17,-67.87,-1.32,1709.0,33756.0,26.32,3.02,2897169.0,11664744.0
801113.SI,20180528,小家电,5077.64,5161.87,4963.67,5067.22,-11.95,-0.24,1695.0,35706.0,26.27,3.08,2890352.0,11676221.0
801113.SI,20180529,小家电,5095.43,5169.14,4985.75,5051.05,-16.17,-0.32,1332.0,28005.0,26.17,3.07,2881127.0,11636818.0
801113.SI,20180530,小家电,5052.51,5155.74,4937.09,5031.81,-19.24,-0.38,1562.0,30841.0,26.07,3.05,2870150.0,11626387.0
801113.SI,20180531,小家电,5076.04,5201.09,5018.26,5147.67,115.86,2.3,1629.0,34646.0,26.85,3.13,2936239.0,11950350.0
801113.SI,20180601,小家电,5162.83,5289.59,5081.46,5196.31,48.64,0.94,1463.0,37214.0,27.2,3.17,2963982.0,12110097.0
801113.SI,20180604,小家电,5256.95,5429.15,5179.94,5275.9,79.59,1.53,1652.0,44551.0,28.53,3.34,3181235.0,14125505.0
801113.SI,20180605,小家电,5283.2,5370.23,5232.81,5333.12,57.22,1.08,1719.0,37359.0,29.06,3.39,3215734.0,14391482.0
801113.SI,20180606,小家电,5333.03,5383.04,5280.35,5336.22,3.1,0.06,1415.0,29712.0,29.21,3.41,3217604.0,14549411.0
801113.SI,20180607,小家电,5344.93,5400.86,5276.01,5305.94,-30.28,-0.57,1349.0,27955.0,29.12,3.4,3199349.0,14629763.0
801113.SI,20180608,小家电,5311.51,5376.45,5238.29,5315.24,9.3,0.18,1445.0,35305.0,29.31,3.42,3204955.0,14784559.0
801113.SI,20180611,小家电,5324.19,5388.04,5266.81,5320.55,5.31,0.1,1707.0,43832.0,29.46,3.43,3208158.0,14938298.0
801113.SI,20180612,小家电,5380.58,5518.41,5304.81,5458.17,137.62,2.59,5005.0,288408.0,30.52,3.54,3291136.0,15509241.0
801113.SI,20180613,小家电,5382.18,5476.72,5311.33,5354.07,-104.1,-1.91,4202.0,198349.0,29.91,3.5,3228364.0,15098656.0
801113.SI,20180614,小家电,5301.79,5408.87,5233.96,5343.21,-10.86,-0.2,3635.0,166243.0,29.94,3.51,3221813.0,14995460.0
801113.SI,20180615,小家电,5330.54,5358.64,5162.74,5251.18,-92.03,-1.72,3747.0,153134.0,29.46,3.45,3160280.0,14860111.0
801113.SI,20180619,小家电,5173.71,5278.76,4939.59,5057.34,-193.84,-3.69,4103.0,167051.0,28.23,3.33,3043620.0,14268567.0
801113.SI,20180620,小家电,5011.59,5138.88,4926.67,5046.82,-10.52,-0.21,3274.0,141255.0,28.26,3.33,3037289.0,14257735.0
801113.SI,20180621,小家电,5023.4,5105.66,4898.53,4931.43,-115.39,-2.29,2844.0,109274.0,27.54,3.26,2967846.0,13836632.0
801113.SI,20180622,小家电,4862.75,4979.84,4801.65,4922.5,-8.93,-0.18,2650.0,102501.0,27.55,3.26,2962473.0,13703960.0
801113.SI,20180625,小家电,4938.62,5003.12,4875.57,4906.81,-15.69,-0.32,2261.0,83272.0,27.51,3.25,2953031.0,13685612.0
801113.SI,20180626,小家电,4862.4,5000.84,4770.3,4959.06,52.25,1.06,2705.0,99476.0,27.92,3.3,2984478.0,13850153.0
801113.SI,20180627,小家电,4952.74,5090.03,4854.19,4923.94,-35.12,-0.71,2949.0,108295.0,27.74,3.28,2963342.0,13752375.0
801113.SI,20180628,小家电,4880.51,4964.58,4772.37,4828.64,-95.3,-1.94,2629.0,101345.0,27.14,3.22,2905988.0,13421102.0
801113.SI,20180629,小家电,4809.0,5016.31,4774.71,4974.32,145.68,3.02,2578.0,74381.0,28.19,3.32,2993661.0,14005769.0
801113.SI,20180702,小家电,4950.08,5003.55,4814.72,4876.37,-97.95,-1.97,3886.0,184102.0,28.06,3.26,2934714.0,13989570.0
801113.SI,20180703,小家电,4799.23,4875.13,4671.81,4831.29,-45.08,-0.92,3572.0,158497.0,28.17,3.23,2907983.0,13970050.0
801113.SI,20180704,小家电,4751.54,4824.99,4604.82,4643.22,-188.07,-3.89,8170.0,146347.0,27.23,3.11,2794781.0,13388587.0
801113.SI,20180705,小家电,4618.08,4734.45,4519.14,4569.88,-73.34,-1.58,4573.0,106795.0,26.9,3.06,2750639.0,13199948.0
801113.SI,20180706,小家电,4555.22,4665.18,4460.26,4553.92,-15.96,-0.35,4676.0,124421.0,26.95,3.06,2732958.0,13269483.0
801113.SI,20180709,小家电,4564.95,4703.83,4530.27,4677.24,123.32,2.71,3059.0,65097.0,27.78,3.15,2806965.0,13736734.0
801113.SI,20180710,小家电,4702.02,4773.05,4597.55,4671.47,-5.77,-0.12,12287.0,181046.0,27.52,3.15,2787389.0,13630427.0
801113.SI,20180711,小家电,4586.67,4691.07,4468.63,4593.73,-77.74,-1.66,7562.0,166581.0,27.11,3.1,2741003.0,13550238.0
801113.SI,20180712,小家电,4585.42,4812.42,4560.84,4767.75,174.02,3.79,7632.0,169949.0,28.23,3.22,2844836.0,14111879.0
801113.SI,20180713,小家电,4789.44,4907.47,4699.3,4810.82,43.07,0.9,5715.0,141345.0,28.53,3.25,2870537.0,14161541.0
801113.SI,20180716,小家电,4849.0,4887.82,4713.04,4806.99,-3.83,-0.08,4612.0,101881.0,28.49,3.25,2868248.0,14180332.0
801113.SI,20180717,小家电,4801.88,4855.57,4705.67,4799.37,-7.62,-0.16,6105.0,107543.0,28.37,3.24,2863698.0,14074961.0
801113.SI,20180718,小家电,4807.08,4881.61,4734.41,4748.19,-51.18,-1.07,6443.0,114705.0,28.08,3.21,2833162.0,13909999.0
801113.SI,20180719,小家电,4746.09,4799.3,4635.18,4684.52,-63.67,-1.34,5931.0,115394.0,27.72,3.17,2795171.0,13600695.0
801113.SI,20180720,小家电,4696.76,4770.93,4633.49,4732.14,47.62,1.02,4292.0,79805.0,28.01,3.2,2823584.0,13765658.0
801113.SI,20180723,小家电,4748.43,4829.48,4692.47,4796.76,64.62,1.37,4477.0,76179.0,28.46,3.25,2862140.0,13970402.0
801113.SI,20180724,小家电,4807.62,4907.54,4747.63,4839.5,42.74,0.89,6017.0,108879.0,28.68,3.28,2887641.0,14123391.0
801113.SI,20180725,小家电,4848.71,4964.49,4801.51,4908.65,69.15,1.43,5432.0,112351.0,29.15,3.31,2929106.0,14344308.0
801113.SI,20180726,小家电,4904.1,4953.76,4741.57,4827.99,-80.66,-1.64,7110.0,98759.0,28.45,3.25,2880974.0,14018070.0
801113.SI,20180727,小家电,4831.88,4913.99,4762.13,4801.06,-26.93,-0.56,5687.0,65210.0,28.22,3.24,2864905.0,13930347.0
801113.SI,20180730,小家电,4800.26,4933.98,4728.27,4836.51,35.45,0.74,4444.0,68525.0,28.57,3.27,2886059.0,14034504.0
801113.SI,20180731,小家电,4807.08,4901.04,4752.89,4835.1,-1.41,-0.03,2901.0,52976.0,28.53,3.26,2885219.0,14051910.0
801113.SI,20180801,小家电,4831.26,4858.63,4684.19,4707.26,-127.84,-2.64,3733.0,56612.0,27.86,3.18,2808938.0,13722735.0
801113.SI,20180802,小家电,4704.87,4750.82,4514.47,4648.68,-58.58,-1.24,4765.0,84034.0,27.57,3.14,2773983.0,13688126.0
801113.SI,20180803,小家电,4625.03,4679.14,4528.67,4557.95,-90.73,-1.95,3175.0,64749.0,27.01,3.08,2719842.0,13313190.0
801113.SI,20180806,小家电,4537.97,4641.03,4402.62,4458.86,-99.09,-2.17,3482.0,60558.0,26.37,3.01,2660711.0,12980161.0
801113.SI,20180807,小家电,4452.55,4545.19,4377.71,4509.97,51.11,1.15,3386.0,54405.0,26.65,3.05,2691208.0,13129383.0
801113.SI,20180808,小家电,4504.15,4522.98,4356.81,4379.91,-130.06,-2.88,3908.0,62052.0,25.77,2.96,2613599.0,12649838.0
801113.SI,20180809,小家电,4359.54,4508.6,4340.57,4450.28,70.37,1.61,3525.0,56716.0,26.21,3.0,2655589.0,12877565.0
801113.SI,20180810,小家电,4447.41,4546.22,4421.92,4520.55,70.27,1.58,2900.0,48282.0,26.63,3.05,2697518.0,13098343.0
801113.SI,20180813,小家电,4486.41,4562.97,4391.5,4519.51,-1.04,-0.02,4183.0,58975.0,26.68,3.05,2696898.0,13122025.0
801113.SI,20180814,小家电,4492.79,4545.83,4421.76,4470.91,-48.6,-1.08,3808.0,53768.0,26.28,3.01,2667895.0,12950976.0
801113.SI,20180815,小家电,4492.31,4531.33,4376.44,4432.0,-38.91,-0.87,4363.0,52634.0,26.12,2.99,2644677.0,12774849.0
801113.SI,20180816,小家电,4373.04,4450.58,4320.5,4379.6,-52.4,-1.18,3038.0,38964.0,25.76,2.95,2613406.0,12628617.0
801113.SI,20180817,小家电,4410.84,4448.45,4284.26,4311.5,-68.1,-1.55,2736.0,38847.0,25.31,2.91,2572770.0,12369608.0
801113.SI,20180820,小家电,4309.95,4364.05,4197.94,4332.22,20.72,0.48,2732.0,49229.0,25.47,2.92,2585132.0,12427268.0
801113.SI,20180821,小家电,4347.68,4404.97,4279.51,4367.41,35.19,0.81,2474.0,41659.0,25.62,2.94,2606129.0,12516389.0
801113.SI,20180822,小家电,4345.28,4398.97,4268.52,4342.51,-24.9,-0.57,4224.0,43752.0,25.46,2.91,2591270.0,12432297.0
801113.SI,20180823,小家电,4310.05,4398.45,4260.12,4339.92,-2.59,-0.06,4343.0,55106.0,25.42,2.89,2589724.0,12496029.0
801113.SI,20180824,小家电,4324.83,4374.86,4279.56,4326.37,-13.55,-0.31,3043.0,38959.0,25.32,2.88,2581640.0,12410442.0
801113.SI,20180827,小家电,4322.22,4487.38,4303.87,4470.12,143.75,3.32,3149.0,48291.0,26.27,2.98,2667936.0,12869038.0
801113.SI,20180828,小家电,4463.04,4512.75,4431.13,4478.04,7.92,0.18,3651.0,46481.0,26.29,2.96,2672663.0,12875029.0
801113.SI,20180829,小家电,4487.86,4541.16,4413.21,4487.21,9.17,0.2,3662.0,70762.0,26.38,2.96,2678133.0,12949108.0
801113.SI,20180830,小家电,4475.98,4523.51,4386.11,4426.78,-60.43,-1.35,3048.0,52716.0,25.98,2.93,2642068.0,12731336.0
801113.SI,20180831,小家电,4391.41,4435.89,4308.78,4355.81,-70.97,-1.6,3803.0,48229.0,25.55,2.88,2599708.0,12522372.0
801113.SI,20180903,小家电,4351.35,4393.18,4240.42,4344.22,-11.59,-0.27,3473.0,42722.0,22.46,2.88,2592791.0,12467386.0
801113.SI,20180904,小家电,4326.82,4390.37,4271.0,4336.92,-7.3,-0.17,2969.0,38207.0,22.41,2.87,2588433.0,12432667.0
801113.SI,20180905,小家电,4316.17,4346.7,4242.87,4257.27,-79.65,-1.84,2841.0,35814.0,21.98,2.82,2540893.0,12175898.0
801113.SI,20180906,小家电,4244.12,4300.08,4214.02,4255.71,-1.56,-0.04,2147.0,30592.0,21.98,2.82,2539961.0,12166690.0
801113.SI,20180907,小家电,4254.63,4324.46,4201.81,4246.3,-9.41,-0.22,2923.0,38767.0,21.91,2.81,2534348.0,12143105.0
801113.SI,20180910,小家电,4244.64,4260.61,4132.46,4167.82,-78.48,-1.85,3265.0,34058.0,21.48,2.75,2487509.0,11872691.0
801113.SI,20180911,小家电,4171.03,4227.37,4118.3,4185.74,17.92,0.43,3009.0,30225.0,21.58,2.76,2498205.0,11935887.0
801113.SI,20180912,小家电,4182.14,4229.9,4138.87,4189.96,4.22,0.1,2370.0,30245.0,21.61,2.77,2500721.0,11969577.0
801113.SI,20180913,小家电,4220.5,4270.68,4143.21,4237.35,47.39,1.13,2749.0,32399.0,21.87,2.8,2529005.0,12132554.0
801113.SI,20180914,小家电,4232.42,4265.37,4180.29,4209.98,-27.37,-0.65,2276.0,27339.0,21.73,2.79,2512914.0,12022486.0
801113.SI,20180917,小家电,4196.51,4209.31,4085.29,4105.88,-104.1,-2.47,2370.0,25134.0,21.2,2.72,2450775.0,11709391.0
801113.SI,20180918,小家电,4087.53,4199.89,4058.93,4178.41,72.53,1.77,2884.0,31877.0,21.56,2.76,2494066.0,11933346.0
801113.SI,20180919,小家电,4169.26,4286.28,4133.48,4235.29,56.88,1.36,2620.0,35018.0,21.86,2.8,2528019.0,12123291.0
801113.SI,20180920,小家电,4228.55,4292.36,4183.94,4230.46,-4.83,-0.11,2457.0,25572.0,21.83,2.8,2525133.0,12093301.0
801113.SI,20180921,小家电,4239.03,4330.89,4221.19,4300.21,69.75,1.65,3052.0,37015.0,22.19,2.84,2566769.0,12289356.0
801113.SI,20180925,小家电,4271.73,4355.91,4222.64,4323.45,23.24,0.54,1886.0,27475.0,22.32,2.86,2580643.0,12419183.0
801113.SI,20180926,小家电,4341.2,4400.42,4289.21,4363.68,40.23,0.93,2543.0,38270.0,22.53,2.89,2604655.0,12571177.0
801113.SI,20180927,小家电,4365.95,4409.35,4267.62,4329.3,-34.38,-0.79,4311.0,39570.0,22.37,2.87,2584136.0,12454525.0
801113.SI,20180928,小家电,4323.85,4384.9,4277.39,4350.47,21.17,0.49,2481.0,31209.0,22.47,2.88,2596775.0,12565571.0
801113.SI,20181008,小家电,4282.98,4340.52,4194.99,4234.21,-116.26,-2.67,2753.0,31573.0,21.85,2.8,2527382.0,12206362.0
801113.SI,20181009,小家电,4229.43,4314.12,4165.91,4225.88,-8.33,-0.2,1816.0,27286.0,21.8,2.79,2522408.0,12160496.0
801113.SI,20181010,小家电,4242.1,4284.56,4160.25,4202.39,-23.49,-0.56,1644.0,25291.0,21.68,2.78,2508390.0,12106636.0
801113.SI,20181011,小家电,4102.08,4153.59,3912.39,3946.36,-256.03,-6.09,3951.0,50699.0,20.35,2.61,2355566.0,11440234.0
801113.SI,20181012,小家电,3892.11,4002.97,3802.32,3917.44,-28.92,-0.73,4966.0,42222.0,20.22,2.59,2338305.0,11404337.0
801113.SI,20181015,小家电,3935.19,3986.34,3830.19,3871.92,-45.52,-1.16,4102.0,29370.0,20.0,2.56,2311136.0,11341477.0
801113.SI,20181016,小家电,3854.39,3890.87,3693.59,3757.78,-114.14,-2.95,5616.0,35874.0,19.41,2.49,2243010.0,10999546.0
801113.SI,20181017,小家电,3799.98,3846.02,3675.07,3788.09,30.31,0.81,3860.0,32659.0,19.57,2.51,2261100.0,11054155.0
801113.SI,20181018,小家电,3779.45,3800.68,3655.41,3707.55,-80.54,-2.13,3618.0,28764.0,19.16,2.45,2213027.0,10826954.0
801113.SI,20181019,小家电,3673.98,3865.76,3619.04,3837.06,129.51,3.49,4232.0,39621.0,19.85,2.54,2290331.0,11215279.0
801113.SI,20181022,小家电,3878.77,4028.31,3841.15,3975.27,138.21,3.6,4869.0,61314.0,20.56,2.61,2372829.0,11588791.0
801113.SI,20181023,小家电,3975.51,4015.91,3868.75,3908.66,-66.61,-1.68,3696.0,42476.0,20.18,2.56,2333070.0,11369914.0
801113.SI,20181024,小家电,3893.04,3953.12,3815.27,3877.66,-31.0,-0.79,4271.0,39132.0,19.99,2.53,2314566.0,11227454.0
801113.SI,20181025,小家电,3767.61,3889.49,3726.69,3848.79,-28.87,-0.74,3682.0,34893.0,19.84,2.51,2297337.0,11115990.0
801113.SI,20181026,小家电,3849.18,3903.95,3751.47,3799.29,-49.5,-1.29,3944.0,33210.0,19.57,2.5,2267790.0,10897518.0
801113.SI,20181029,小家电,3797.41,3877.57,3679.89,3788.31,-10.98,-0.29,5172.0,58750.0,19.48,2.46,2261233.0,10855511.0
801113.SI,20181030,小家电,3744.55,3849.84,3691.36,3794.03,5.72,0.15,5318.0,60982.0,19.48,2.46,2264650.0,10818999.0
801113.SI,20181031,小家电,3800.57,3980.1,3768.74,3925.27,131.24,3.46,5426.0,68129.0,20.15,2.54,2342990.0,11238143.0
801113.SI,20181101,小家电,3962.1,4018.77,3875.3,3907.98,-17.29,-0.44,5878.0,62696.0,20.07,2.53,2332667.0,11187735.0
801113.SI,20181102,小家电,3960.53,4073.47,3909.62,4026.85,118.87,3.04,5234.0,64848.0,20.67,2.6,2403618.0,11548788.0
801113.SI,20181105,小家电,4034.78,4107.94,3953.64,4042.63,15.78,0.39,6350.0,64619.0,20.77,2.61,2413035.0,11528573.0
801113.SI,20181106,小家电,4022.02,4079.85,3918.84,4023.88,-18.75,-0.46,5062.0,54740.0,20.69,2.6,2401845.0,11516634.0
801113.SI,20181107,小家电,4025.05,4085.34,3960.2,4007.19,-16.69,-0.41,4356.0,46369.0,21.45,2.59,2361744.0,11451725.0
801113.SI,20181108,小家电,4060.04,4095.3,3977.96,4012.24,5.05,0.13,4741.0,45340.0,21.45,2.59,2364720.0,11453313.0
801113.SI,20181109,小家电,4006.37,4042.05,3926.33,3982.28,-29.96,-0.75,3268.0,40035.0,21.25,2.56,2347060.0,11328312.0
801113.SI,20181112,小家电,3981.48,4139.09,3956.65,4107.24,124.96,3.14,5559.0,54644.0,21.9,2.64,2420710.0,11652973.0
801113.SI,20181113,小家电,4078.41,4256.86,4047.32,4218.98,111.74,2.72,6963.0,71962.0,22.48,2.71,2486566.0,11936043.0
801113.SI,20181114,小家电,4210.66,4255.58,4117.26,4163.31,-55.67,-1.32,9421.0,64157.0,22.13,2.71,2453755.0,11727126.0
801113.SI,20181115,小家电,4141.86,4218.0,4086.38,4197.52,34.21,0.82,3826.0,49279.0,22.32,2.73,2473918.0,11907736.0
801113.SI,20181116,小家电,4186.68,4296.64,4149.48,4227.44,29.92,0.71,7101.0,67986.0,22.51,2.76,2491552.0,11987528.0
801113.SI,20181119,小家电,4203.41,4295.9,4145.06,4222.68,-4.76,-0.11,4909.0,48235.0,22.53,2.76,2486680.0,11986833.0
801113.SI,20181120,小家电,4185.58,4280.42,4137.27,4178.53,-44.15,-1.05,6867.0,61132.0,22.32,2.73,2460682.0,11863445.0
801113.SI,20181121,小家电,4145.33,4306.62,4113.09,4269.94,91.41,2.19,7978.0,72199.0,22.82,2.79,2514512.0,12102679.0
801113.SI,20181122,小家电,4268.1,4310.58,4195.3,4239.44,-30.5,-0.71,6011.0,46796.0,22.66,2.77,2496548.0,12041672.0
801113.SI,20181123,小家电,4230.9,4275.74,4059.58,4104.26,-135.18,-3.19,5949.0,51871.0,21.95,2.69,2416941.0,11690953.0
801113.SI,20181126,小家电,4084.16,4196.99,4023.47,4115.76,11.5,0.28,5478.0,49528.0,22.05,2.7,2423711.0,11744090.0
801113.SI,20181127,小家电,4140.3,4205.81,4091.38,4156.38,40.62,0.99,4266.0,43588.0,22.24,2.72,2447633.0,11874567.0
801113.SI,20181128,小家电,4186.1,4299.0,4130.37,4227.99,71.61,1.72,7537.0,60604.0,22.62,2.77,2489800.0,12074635.0
801113.SI,20181129,小家电,4236.53,4293.58,4123.87,4149.69,-78.3,-1.85,5598.0,46776.0,22.21,2.72,2443688.0,11886944.0
801113.SI,20181130,小家电,4141.54,4201.23,4069.34,4179.63,29.94,0.72,4616.0,36555.0,23.06,2.5,2550675.0,12018386.0
801113.SI,20181203,小家电,4257.28,4370.4,4228.64,4309.49,129.86,3.11,5807.0,59300.0,23.76,2.58,2629922.0,12421697.0
801113.SI,20181204,小家电,4308.1,4404.37,4268.24,4361.35,51.86,1.2,6163.0,56509.0,24.02,2.61,2661571.0,12517658.0
801113.SI,20181205,小家电,4301.09,4426.73,4266.75,4373.25,11.9,0.27,5783.0,57744.0,24.05,2.61,2668833.0,12540821.0
801113.SI,20181206,小家电,4353.78,4396.33,4264.18,4300.47,-72.78,-1.66,4954.0,43074.0,23.65,2.57,2624417.0,12349817.0
801113.SI,20181207,小家电,4297.17,4360.16,4240.7,4277.26,-23.21,-0.54,3331.0,30594.0,23.52,2.55,2610251.0,12266550.0
801113.SI,20181210,小家电,4266.7,4359.48,4220.03,4310.45,33.19,0.78,3789.0,39044.0,23.67,2.57,2630504.0,12330211.0
801113.SI,20181211,小家电,4315.24,4376.47,4260.57,4330.66,20.21,0.47,4142.0,37104.0,23.82,2.59,2642836.0,12400650.0
801113.SI,20181212,小家电,4341.39,4372.6,4282.6,4318.89,-11.77,-0.27,4243.0,38737.0,23.79,2.58,2635656.0,12396562.0
801113.SI,20181213,小家电,4318.95,4486.7,4287.98,4432.31,113.42,2.63,4764.0,56083.0,24.45,2.66,2704870.0,12766988.0
801113.SI,20181214,小家电,4408.26,4473.78,4271.35,4299.59,-132.72,-2.99,4944.0,61864.0,23.69,2.57,2623878.0,12265264.0
801113.SI,20181217,小家电,4308.4,4369.57,4233.57,4322.7,23.11,0.54,4109.0,46007.0,23.44,2.68,3123232.0,12348381.0
801113.SI,20181218,小家电,4301.72,4365.71,4181.64,4266.73,-55.97,-1.29,4685.0,50056.0,23.1,2.64,3082789.0,12088937.0
801113.SI,20181219,小家电,4272.81,4333.18,4189.4,4220.89,-45.84,-1.07,3537.0,39309.0,22.84,2.61,3049670.0,11983762.0
801113.SI,20181220,小家电,4232.61,4315.21,4185.0,4254.67,33.78,0.8,4194.0,43673.0,23.01,2.63,3074074.0,12085469.0
801113.SI,20181221,小家电,4245.4,4303.31,4145.69,4184.54,-70.13,-1.65,3511.0,41489.0,22.65,2.59,3023403.0,11952462.0
801113.SI,20181224,小家电,4187.4,4304.87,4134.77,4259.38,74.84,1.79,4133.0,47577.0,23.09,2.64,3077476.0,12208873.0
801113.SI,20181225,小家电,4242.09,4275.69,4085.37,4188.17,-71.21,-1.67,4541.0,49825.0,22.72,2.6,3026024.0,11986171.0
801113.SI,20181226,小家电,4178.99,4242.0,4130.99,4186.65,-1.52,-0.04,2986.0,35513.0,22.72,2.59,3024925.0,11983485.0
801113.SI,20181227,小家电,4251.64,4292.69,4096.9,4144.16,-42.49,-1.01,4354.0,50306.0,22.51,2.57,2994229.0,11853693.0
801113.SI,20181228,小家电,4132.05,4191.48,4059.61,4125.37,-18.79,-0.45,3734.0,46959.0,22.41,2.56,2980650.0,11819739.0
801113.SI,20190102,小家电,4146.25,4187.8,4032.25,4116.15,-9.22,-0.22,4158.0,41531.0,22.38,2.56,2973991.0,11745598.0
801113.SI,20190103,小家电,4104.91,4148.66,3946.68,3980.99,-135.16,-3.28,4005.0,48441.0,21.66,2.47,2877483.0,11214743.0
801113.SI,20190104,小家电,3958.57,4125.14,3912.41,4095.79,114.8,2.88,5206.0,49913.0,22.28,2.54,2962375.0,11602268.0
801113.SI,20190107,小家电,4130.21,4198.1,4069.34,4163.38,67.59,1.65,4514.0,43203.0,22.65,2.58,3011813.0,11778006.0
801113.SI,20190108,小家电,4156.03,4246.24,4111.86,4191.64,28.26,0.68,3685.0,37286.0,22.85,2.6,3021723.0,11822486.0
801113.SI,20190109,小家电,4221.13,4327.99,4169.86,4231.86,40.22,0.96,4818.0,58903.0,23.08,2.62,3051147.0,12021424.0
801113.SI,20190110,小家电,4216.59,4265.38,4153.85,4191.15,-40.71,-0.96,3178.0,34462.0,22.86,2.6,3021795.0,11849651.0
801113.SI,20190111,小家电,4188.87,4261.51,4147.96,4214.94,23.79,0.57,4416.0,39473.0,22.99,2.61,3038950.0,11857027.0
801113.SI,20190114,小家电,4205.89,4284.44,4168.25,4227.64,12.7,0.3,4227.0,33968.0,23.07,2.62,3048111.0,11876203.0
801113.SI,20190115,小家电,4222.58,4293.16,4152.01,4257.28,29.64,0.7,3689.0,37910.0,23.23,2.64,3069482.0,12013950.0
801113.SI,20190116,小家电,4248.8,4296.31,4183.28,4237.36,-19.92,-0.47,3321.0,33940.0,23.12,2.63,3055123.0,11951804.0
801113.SI,20190117,小家电,4236.87,4265.75,4175.37,4205.6,-31.76,-0.75,2766.0,26845.0,22.94,2.61,3032225.0,11875810.0
801113.SI,20190118,小家电,4198.52,4248.75,4158.61,4220.73,15.13,0.36,3147.0,32758.0,23.03,2.62,3043132.0,11929700.0
801113.SI,20190121,小家电,4226.01,4311.54,4193.01,4246.75,26.02,0.62,3111.0,38079.0,23.16,2.63,3061890.0,11986943.0
801113.SI,20190122,小家电,4235.96,4266.84,4159.42,4190.31,-56.44,-1.33,2712.0,29483.0,22.86,2.61,3021199.0,11800188.0
801113.SI,20190123,小家电,4183.63,4251.52,4141.75,4205.41,15.1,0.36,3753.0,33445.0,22.96,2.62,3036210.0,11796808.0
801113.SI,20190124,小家电,4214.45,4285.08,4169.2,4244.31,38.9,0.92,4258.0,44236.0,23.18,2.64,3064297.0,11967412.0
801113.SI,20190125,小家电,4263.77,4369.64,4213.85,4314.85,70.54,1.66,4632.0,53990.0,23.57,2.69,3103835.0,12171839.0
801113.SI,20190128,小家电,4323.17,4433.14,4225.35,4269.59,-45.26,-1.05,4053.0,48170.0,23.33,2.66,3071277.0,12196133.0
801113.SI,20190129,小家电,4276.87,4322.59,4131.42,4216.29,-53.3,-1.25,4271.0,41140.0,23.05,2.63,3032938.0,12057739.0
801113.SI,20190130,小家电,4144.49,4230.85,4118.31,4161.82,-54.47,-1.29,2990.0,28897.0,22.75,2.6,2993758.0,11963205.0
801113.SI,20190131,小家电,4122.87,4210.88,4077.26,4130.88,-30.94,-0.74,6033.0,37015.0,22.59,2.58,2971501.0,11912976.0
801113.SI,20190201,小家电,4138.32,4229.16,4098.95,4194.35,63.47,1.54,4192.0,33750.0,22.94,2.62,3017154.0,12115738.0
801113.SI,20190211,小家电,4206.61,4336.41,4181.02,4316.27,121.92,2.91,3815.0,38070.0,23.59,2.69,3104855.0,12462144.0
801113.SI,20190212,小家电,4324.92,4421.24,4279.28,4374.15,57.88,1.34,4736.0,49795.0,23.9,2.73,3146492.0,12644091.0
801113.SI,20190213,小家电,4383.43,4456.11,4330.32,4413.48,39.33,0.9,5581.0,57815.0,24.12,2.75,3174781.0,12758691.0
801113.SI,20190214,小家电,4415.74,4509.79,4366.64,4469.77,56.29,1.28,5048.0,58220.0,24.44,2.79,3215276.0,13049385.0
801113.SI,20190215,小家电,4458.12,4488.37,4374.93,4402.17,-67.6,-1.51,4462.0,47105.0,24.06,2.75,3166653.0,12765545.0
801113.SI,20190218,小家电,4422.45,4533.4,4404.32,4507.84,105.67,2.4,5632.0,62445.0,24.63,2.81,3242666.0,13028256.0
801113.SI,20190219,小家电,4564.21,4582.19,4470.49,4511.65,3.81,0.08,4149.0,58260.0,24.65,2.81,3245408.0,12897235.0
801113.SI,20190220,小家电,4540.66,4588.73,4448.37,4524.9,13.25,0.29,16667.0,76807.0,24.71,2.82,3254938.0,12873684.0
801113.SI,20190221,小家电,4510.74,4601.9,4435.55,4485.44,-39.46,-0.87,12261.0,81607.0,24.5,2.8,3226553.0,12717647.0
801113.SI,20190222,小家电,4467.29,4540.49,4387.74,4518.44,33.0,0.74,9283.0,67762.0,24.68,2.82,3250294.0,12888111.0
801113.SI,20190225,小家电,4542.89,4788.61,4524.85,4763.77,245.33,5.43,13572.0,121759.0,26.03,2.97,3426771.0,13649777.0
801113.SI,20190226,小家电,4787.98,4983.34,4702.37,4775.09,11.32,0.24,17533.0,136004.0,26.1,2.98,3434916.0,13623515.0
801113.SI,20190227,小家电,4818.91,4895.14,4698.84,4782.29,7.2,0.15,11991.0,92091.0,26.13,2.98,3440091.0,13703278.0
801113.SI,20190228,小家电,4785.9,4870.37,4750.79,4819.62,37.33,0.78,9479.0,72875.0,26.34,3.01,3466944.0,13800143.0
801113.SI,20190301,小家电,4848.18,4959.08,4774.89,4917.1,97.48,2.02,9611.0,86140.0,26.86,3.06,3537062.0,14130259.0
801113.SI,20190304,小家电,4924.31,5136.65,4874.84,4994.82,77.72,1.58,12851.0,122689.0,27.29,3.11,3592970.0,14394950.0
801113.SI,20190305,小家电,4974.29,5110.47,4930.92,5068.0,73.18,1.47,12469.0,95364.0,27.69,3.16,3645610.0,14576186.0
801113.SI,20190306,小家电,5084.86,5179.77,4979.43,5100.97,32.97,0.65,15181.0,116825.0,27.85,3.18,3669325.0,14533347.0
801113.SI,20190307,小家电,5081.98,5185.05,4982.22,5092.7,-8.27,-0.16,13049.0,107484.0,27.78,3.17,3663375.0,14361775.0
801113.SI,20190308,小家电,5028.41,5178.65,4873.58,4957.46,-135.24,-2.66,17021.0,134965.0,27.06,3.09,3566092.0,13995889.0
801113.SI,20190311,小家电,4974.07,5119.25,4921.38,5072.18,114.72,2.31,11035.0,98998.0,27.69,3.16,3648616.0,14308538.0
801113.SI,20190312,小家电,5100.59,5206.09,5019.83,5106.3,34.12,0.67,12543.0,119093.0,27.88,3.18,3673159.0,14407849.0
801113.SI,20190313,小家电,5110.81,5212.1,4949.05,5041.29,-65.01,-1.27,12289.0,110511.0,27.55,3.14,3626394.0,14281319.0
801113.SI,20190314,小家电,5017.81,5116.58,4874.96,4977.93,-63.36,-1.26,8538.0,77223.0,27.21,3.1,3580818.0,14132047.0
801113.SI,20190315,小家电,4992.66,5157.14,4946.68,5096.86,118.93,2.39,7479.0,85603.0,27.86,3.18,3666370.0,14534900.0
801113.SI,20190318,小家电,5093.03,5345.66,5042.66,5325.81,228.95,4.49,8741.0,109425.0,29.12,3.32,3831062.0,15246133.0
801113.SI,20190319,小家电,5334.78,5396.27,5214.24,5277.15,-48.66,-0.91,7659.0,80826.0,28.85,3.29,3796059.0,15080385.0
801113.SI,20190320,小家电,5268.32,5370.34,5173.99,5292.43,15.28,0.29,10027.0,105193.0,28.91,3.3,3807048.0,15069983.0
801113.SI,20190321,小家电,5290.67,5412.93,5219.65,5330.77,38.34,0.72,10507.0,103531.0,29.12,3.32,3834627.0,15140201.0
801113.SI,20190322,小家电,5320.73,5389.59,5206.62,5313.8,-16.97,-0.32,9887.0,102789.0,29.04,3.31,3822417.0,15077463.0
801113.SI,20190325,小家电,5222.31,5330.0,5157.7,5199.65,-114.15,-2.15,8537.0,87017.0,28.39,3.24,3740302.0,14792938.0
801113.SI,20190326,小家电,5210.52,5371.05,5066.67,5183.05,-16.6,-0.32,10472.0,92185.0,28.32,3.23,3728362.0,14706091.0
801113.SI,20190327,小家电,5185.39,5336.85,5082.46,5256.2,73.15,1.41,8263.0,93201.0,28.75,3.28,3780979.0,15119356.0
801113.SI,20190328,小家电,5238.44,5457.75,5151.19,5305.44,49.24,0.94,8365.0,93614.0,29.05,3.26,3816399.0,15312782.0
801113.SI,20190329,小家电,5312.44,5541.95,5213.37,5491.28,185.84,3.5,7260.0,106678.0,30.07,3.37,3950082.0,15872001.0
801113.SI,20190401,小家电,5531.49,5752.2,5459.15,5671.71,180.43,3.29,10181.0,140590.0,31.05,3.46,4079869.0,16259596.0
801113.SI,20190402,小家电,5693.76,5784.98,5543.88,5656.8,-14.91,-0.26,9610.0,119280.0,30.97,3.45,4069148.0,16196250.0
801113.SI,20190403,小家电,5623.4,5700.91,5548.22,5633.52,-23.28,-0.41,7571.0,93236.0,30.97,3.37,4075950.0,16030839.0
801113.SI,20190404,小家电,5644.77,5720.57,5551.19,5626.25,-7.27,-0.13,8473.0,100459.0,30.93,3.37,4070690.0,16011714.0
801113.SI,20190408,小家电,5631.13,5705.69,5457.56,5584.02,-42.23,-0.75,8210.0,116464.0,30.71,3.34,4040136.0,15939508.0
801113.SI,20190409,小家电,5562.76,5737.14,5496.16,5596.96,12.94,0.23,6976.0,85617.0,30.78,3.35,4049496.0,15893330.0
801113.SI,20190410,小家电,5581.18,5751.48,5492.4,5691.61,94.65,1.69,9521.0,115204.0,31.29,3.41,4117978.0,16259194.0
801113.SI,20190411,小家电,5675.75,5732.46,5433.8,5505.69,-185.92,-3.27,9896.0,98253.0,30.25,3.29,3983464.0,15640517.0
801113.SI,20190412,小家电,5478.85,5571.68,5399.23,5468.5,-37.19,-0.68,7177.0,69285.0,30.02,3.27,3956560.0,15544048.0
801113.SI,20190415,小家电,5547.55,5592.32,5357.12,5369.27,-99.23,-1.81,7398.0,79981.0,29.48,3.21,3884766.0,15238818.0
801113.SI,20190416,小家电,5365.35,5499.31,5288.41,5485.54,116.27,2.17,6477.0,69211.0,30.1,3.28,3968890.0,15601922.0
801113.SI,20190417,小家电,5496.21,5566.66,5407.26,5471.72,-13.82,-0.25,6382.0,66129.0,30.0,3.27,3958887.0,15584509.0
801113.SI,20190418,小家电,5509.83,5613.3,5439.67,5499.03,27.31,0.5,5465.0,57693.0,30.17,3.29,3978647.0,15725655.0
801113.SI,20190419,小家电,5488.52,5692.65,5326.45,5552.57,53.54,0.97,8590.0,88202.0,30.44,3.32,4017383.0,15918545.0
801113.SI,20190422,小家电,5548.11,5579.84,5317.15,5358.34,-194.23,-3.5,7480.0,75181.0,29.36,3.2,3876850.0,15343506.0
801113.SI,20190423,小家电,5329.34,5400.82,5244.9,5300.78,-57.56,-1.07,5081.0,62280.0,29.06,3.16,3835204.0,15157575.0
801113.SI,20190424,小家电,5295.96,5348.74,5212.57,5315.71,14.93,0.28,4301.0,55941.0,29.17,3.17,3846007.0,15167603.0
801113.SI,20190425,小家电,5233.43,5263.4,5007.84,5041.23,-274.48,-5.16,7368.0,83671.0,27.67,2.98,3647413.0,14354765.0
801113.SI,20190426,小家电,5003.59,5174.18,4900.95,5038.71,-2.52,-0.05,6626.0,68766.0,27.67,2.98,3645589.0,14428736.0
801113.SI,20190429,小家电,5058.99,5149.99,4902.24,4938.87,-99.84,-1.98,3194.0,65418.0,26.12,2.95,3613353.0,14071075.0
801113.SI,20190430,小家电,4928.32,5003.88,4871.75,4932.07,-6.8,-0.14,2403.0,50135.0,26.08,2.94,3608382.0,14085228.0
801113.SI,20190506,小家电,4782.55,4877.71,4556.55,4697.69,-234.38,-4.75,3341.0,72602.0,23.0,2.8,3436909.0,13487020.0
801113.SI,20190507,小家电,4666.31,4779.61,4599.62,4728.58,30.89,0.66,2790.0,58335.0,,2.94,3459507.0,13641249.0
801113.SI,20190508,小家电,4642.09,4758.92,4571.86,4633.84,-94.74,-2.0,8754.0,66523.0,22.85,2.78,3390195.0,13347263.0
801113.SI,20190509,小家电,4525.29,4657.12,4473.99,4538.87,-94.97,-2.05,6000.0,52849.0,22.43,2.72,3320718.0,13061264.0
801113.SI,20190510,小家电,4578.87,4767.14,4519.18,4736.27,197.4,4.35,5244.0,55780.0,23.49,2.84,3465144.0,13677021.0
801113.SI,20190513,小家电,4703.96,4766.62,4637.23,4681.24,-55.03,-1.16,3304.0,37216.0,23.21,2.81,3424887.0,13489846.0
801113.SI,20190514,小家电,4624.19,4734.61,4533.18,4597.36,-83.88,-1.79,4358.0,51386.0,22.84,2.76,3363519.0,13281597.0
801113.SI,20190515,小家电,4594.95,4714.82,4551.76,4694.9,97.54,2.12,4645.0,57929.0,23.27,2.86,3370607.0,13469407.0
801113.SI,20190516,小家电,4691.3,4748.91,4648.61,4711.53,16.63,0.35,3777.0,40707.0,23.36,2.87,3382545.0,13558934.0
801113.SI,20190517,小家电,4703.2,4749.03,4568.74,4585.55,-125.98,-2.67,3791.0,41764.0,22.76,2.8,3292104.0,13245669.0
801113.SI,20190520,小家电,4565.13,4642.0,4487.94,4586.3,0.75,0.02,3828.0,38702.0,22.86,2.8,3292642.0,13287732.0
801113.SI,20190521,小家电,4584.78,4694.54,4520.03,4637.02,50.72,1.11,3020.0,34802.0,23.13,2.83,3329056.0,13424557.0
801113.SI,20190522,小家电,4632.7,4691.7,4567.01,4631.11,-5.91,-0.13,3511.0,33000.0,23.18,2.82,3324813.0,13489905.0
801113.SI,20190523,小家电,4628.11,4730.08,4525.64,4636.49,5.38,0.12,3842.0,55108.0,23.28,2.83,3328674.0,13663275.0
801113.SI,20190524,小家电,4583.63,4654.81,4500.88,4550.04,-86.45,-1.86,2794.0,41016.0,22.8,2.81,3266611.0,13364956.0
801113.SI,20190527,小家电,4551.53,4663.58,4468.45,4622.0,71.96,1.58,2937.0,36517.0,23.13,2.85,3318274.0,13538268.0
801113.SI,20190528,小家电,4613.85,4727.53,4561.04,4646.67,24.67,0.53,3545.0,36502.0,23.24,2.87,3335982.0,13604962.0
801113.SI,20190529,小家电,4633.17,4674.63,4575.86,4610.39,-36.28,-0.78,2275.0,26805.0,23.65,2.96,3546399.0,13495043.0
801113.SI,20190530,小家电,4594.07,4615.49,4485.4,4557.31,-53.08,-1.15,2631.0,33122.0,23.38,2.93,3505565.0,13357129.0
801113.SI,20190531,小家电,4567.04,4670.35,4521.91,4598.92,41.61,0.91,3122.0,39177.0,23.64,2.95,3537572.0,13503188.0
801113.SI,20190603,小家电,4581.03,4648.8,4440.29,4539.3,-59.62,-1.3,3591.0,47895.0,23.37,2.91,3491707.0,13414405.0
801113.SI,20190604,小家电,4548.17,4601.51,4419.9,4471.18,-68.12,-1.5,2974.0,47183.0,22.99,2.87,3439309.0,13174043.0
801113.SI,20190605,小家电,4506.96,4528.76,4412.34,4444.39,-26.79,-0.6,1979.0,28468.0,22.85,2.87,3418701.0,13108457.0
801113.SI,20190606,小家电,4443.18,4458.77,4299.36,4321.35,-123.04,-2.77,2738.0,30962.0,22.23,2.79,3324054.0,12809557.0
801113.SI,20190610,小家电,4346.58,4422.33,4285.55,4353.41,32.06,0.74,2511.0,33414.0,22.41,2.81,3348719.0,12911650.0
801113.SI,20190611,小家电,4355.66,4546.58,4336.01,4521.3,167.89,3.86,3652.0,51338.0,23.26,2.92,3477864.0,13395431.0
801113.SI,20190612,小家电,4530.53,4565.89,4448.04,4478.86,-42.44,-0.94,2871.0,36118.0,22.23,2.8,3445218.0,13296761.0
801113.SI,20190613,小家电,4462.88,4539.12,4371.26,4485.03,6.17,0.14,3092.0,39628.0,22.99,2.92,3449965.0,13297055.0
801113.SI,20190614,小家电,4476.74,4537.62,4414.87,4441.57,-43.46,-0.97,3404.0,35549.0,22.78,2.9,3416539.0,13183365.0
801113.SI,20190617,小家电,4432.03,4508.5,4371.24,4439.52,-2.05,-0.05,2512.0,29648.0,22.78,2.9,3414525.0,13128910.0
801113.SI,20190618,小家电,4445.34,4493.55,4403.58,4458.57,19.05,0.43,1955.0,25848.0,22.89,2.91,3429179.0,13221316.0
801113.SI,20190619,小家电,4549.09,4643.85,4507.57,4542.39,83.82,1.88,3341.0,43558.0,23.34,2.96,3493646.0,13483531.0
801113.SI,20190620,小家电,4572.5,4707.33,4513.98,4656.08,113.69,2.5,3964.0,59752.0,23.96,3.04,3581087.0,13839468.0
801113.SI,20190621,小家电,4680.72,4789.89,4614.88,4746.89,90.81,1.95,5638.0,70707.0,24.41,3.1,3650931.0,14074842.0
801113.SI,20190624,小家电,4711.78,4816.8,4641.71,4741.22,-5.67,-0.12,3871.0,52599.0,24.39,3.1,3646570.0,14052135.0
801113.SI,20190625,小家电,4747.86,4760.91,4629.94,4711.13,-30.09,-0.63,3291.0,39886.0,24.23,3.08,3623427.0,13972604.0
801113.SI,20190626,小家电,4684.47,4777.21,4645.17,4698.74,-12.39,-0.26,3047.0,40610.0,24.13,3.07,3613902.0,13938982.0
801113.SI,20190627,小家电,4713.18,4809.22,4658.9,4764.29,65.55,1.4,3467.0,49688.0,24.5,3.12,3664318.0,14090096.0
801113.SI,20190628,小家电,4753.82,4827.42,4694.76,4749.23,-15.06,-0.32,2679.0,34635.0,24.44,3.11,3652740.0,13558226.0
801113.SI,20190701,小家电,4835.15,4921.24,4774.2,4879.99,130.76,2.75,3525.0,53220.0,25.12,3.19,3753309.0,13885338.0
801113.SI,20190702,小家电,4882.46,4936.38,4816.62,4872.05,-7.94,-0.16,5314.0,52770.0,25.0,3.19,3747197.0,13874075.0
801113.SI,20190703,小家电,4858.83,4893.52,4751.2,4792.57,-79.48,-1.63,3699.0,46141.0,24.63,3.14,3686070.0,13639400.0
801113.SI,20190704,小家电,4825.01,4872.79,4738.55,4777.72,-14.85,-0.31,2749.0,38711.0,24.54,3.13,3677701.0,13573928.0
801113.SI,20190705,小家电,4798.75,4852.98,4747.74,4818.37,40.65,0.85,2345.0,39511.0,24.78,3.15,3708991.0,13701516.0
801113.SI,20190708,小家电,4795.33,4819.95,4622.27,4659.83,-158.54,-3.29,2995.0,38145.0,23.99,3.05,3586952.0,13278113.0
801113.SI,20190709,小家电,4657.36,4711.85,4591.82,4649.25,-10.58,-0.23,2315.0,30718.0,23.94,3.04,3578809.0,13225900.0
801113.SI,20190710,小家电,4668.97,4694.03,4566.74,4592.58,-56.67,-1.22,2084.0,29164.0,23.63,3.01,3535182.0,13097352.0
801113.SI,20190711,小家电,4617.68,4686.08,4563.31,4610.91,18.33,0.4,2392.0,32218.0,23.75,3.02,3549290.0,13163409.0
801113.SI,20190712,小家电,4601.17,4681.54,4575.64,4641.63,30.72,0.67,2247.0,28009.0,23.93,3.04,3572934.0,13244013.0
801113.SI,20190715,小家电,4635.1,4705.5,4525.23,4623.99,-17.64,-0.38,3267.0,40765.0,23.85,3.03,3559356.0,13136068.0
801113.SI,20190716,小家电,4623.59,4665.6,4522.67,4551.16,-72.83,-1.58,3333.0,46126.0,23.45,2.98,3503296.0,12881488.0
801113.SI,20190717,小家电,4558.42,4578.17,4483.14,4511.18,-39.98,-0.88,3059.0,46913.0,23.24,2.95,3472518.0,12783167.0
801113.SI,20190718,小家电,4500.84,4509.71,4395.53,4419.77,-91.41,-2.03,2909.0,35603.0,22.78,2.89,3402155.0,12531075.0
801113.SI,20190719,小家电,4425.61,4483.52,4382.79,4406.86,-12.91,-0.29,2193.0,37915.0,22.69,2.88,3392222.0,12492186.0
801113.SI,20190722,小家电,4434.89,4478.19,4303.11,4336.08,-70.78,-1.61,2960.0,36376.0,23.28,3.09,3774974.0,12737655.0
801113.SI,20190723,小家电,4338.55,4389.15,4307.84,4359.83,23.75,0.55,1837.0,25805.0,23.4,3.11,3795648.0,12800049.0
801113.SI,20190724,小家电,4369.71,4490.94,4355.34,4418.74,58.91,1.35,2396.0,44197.0,23.72,3.15,3846940.0,12959696.0
801113.SI,20190725,小家电,4420.76,4455.08,4348.6,4405.11,-13.63,-0.31,2729.0,32800.0,23.6,3.14,3835074.0,12917794.0
801113.SI,20190726,小家电,4400.66,4509.89,4372.44,4471.26,66.15,1.5,3085.0,38748.0,23.95,3.19,3892666.0,13112025.0
801113.SI,20190729,小家电,4473.18,4525.96,4393.03,4470.48,-0.78,-0.02,2264.0,38368.0,23.95,3.19,3891989.0,13081883.0
801113.SI,20190730,小家电,4475.42,4541.61,4428.36,4476.06,5.58,0.12,2310.0,36850.0,23.99,3.19,3896851.0,13097752.0
801113.SI,20190731,小家电,4450.19,4521.09,4408.87,4456.07,-19.99,-0.45,1994.0,32055.0,23.9,3.18,3879446.0,13031176.0
801113.SI,20190801,小家电,4436.7,4493.3,4392.57,4462.59,6.52,0.15,1986.0,32759.0,23.96,3.18,3885124.0,13047342.0
801113.SI,20190802,小家电,4394.67,4426.81,4297.07,4362.44,-100.15,-2.24,2701.0,40705.0,23.41,3.11,3797930.0,12792240.0
801113.SI,20190805,小家电,4333.91,4372.26,4244.0,4271.04,-91.4,-2.1,2355.0,34637.0,22.92,3.05,3718358.0,12518789.0
801113.SI,20190806,小家电,4198.15,4296.78,4090.87,4218.0,-53.04,-1.24,3459.0,44816.0,22.67,3.01,3672181.0,12401637.0
801113.SI,20190807,小家电,4246.68,4323.21,4198.47,4243.81,25.81,0.61,2126.0,31914.0,22.82,3.03,3694655.0,12489018.0
801113.SI,20190808,小家电,4262.29,4332.64,4216.98,4279.15,35.34,0.83,2047.0,30599.0,23.0,3.05,3725420.0,12622214.0
801113.SI,20190809,小家电,4289.36,4346.39,4226.93,4257.68,-21.47,-0.5,2062.0,30191.0,22.88,3.04,3706725.0,12590283.0
801113.SI,20190812,小家电,4255.44,4333.51,4215.08,4310.69,53.01,1.25,2510.0,27378.0,23.12,3.07,3752878.0,12722753.0
801113.SI,20190813,小家电,4283.33,4341.89,4246.02,4299.77,-10.92,-0.25,1984.0,23506.0,22.99,3.07,3743373.0,12667137.0
801113.SI,20190814,小家电,4340.61,4415.89,4287.34,4348.87,49.1,1.14,4787.0,41044.0,23.3,3.1,3786121.0,12811161.0
801113.SI,20190815,小家电,4309.16,4406.63,4241.73,4366.24,17.37,0.4,4280.0,52928.0,23.36,3.09,3801245.0,12857781.0
801113.SI,20190816,小家电,4363.77,4431.6,4332.1,4369.51,3.27,0.07,3234.0,44601.0,23.41,3.09,3804092.0,12874803.0
801113.SI,20190819,小家电,4395.47,4486.11,4355.75,4463.25,93.74,2.15,3519.0,52107.0,23.91,3.16,3885706.0,13122737.0
801113.SI,20190820,小家电,4463.15,4505.61,4366.57,4423.21,-40.04,-0.9,3061.0,50622.0,23.7,3.13,3850852.0,13011632.0
801113.SI,20190821,小家电,4402.24,4491.43,4367.85,4431.06,7.85,0.18,3029.0,48026.0,23.74,3.14,3857683.0,12984872.0
801113.SI,20190822,小家电,4436.82,4490.74,4363.56,4428.72,-2.34,-0.05,2603.0,41483.0,23.73,3.14,3855649.0,12989863.0
801113.SI,20190823,小家电,4418.29,4498.66,4378.11,4468.65,39.93,0.9,2291.0,46069.0,23.98,3.16,3890411.0,13092962.0
801113.SI,20190826,小家电,4381.02,4442.52,4319.8,4408.25,-60.4,-1.35,2777.0,53842.0,23.67,3.12,3837828.0,12932504.0
801113.SI,20190827,小家电,4414.7,4590.0,4397.63,4547.68,139.43,3.16,3125.0,59234.0,24.43,3.21,3959219.0,13325821.0
801113.SI,20190828,小家电,4560.18,4632.84,4501.68,4571.22,23.54,0.52,3116.0,46966.0,24.57,3.22,3979713.0,13418169.0
801113.SI,20190829,小家电,4567.11,4630.26,4437.67,4507.52,-63.7,-1.39,3070.0,47975.0,24.21,3.15,3924256.0,13227575.0
801113.SI,20190830,小家电,4520.84,4658.91,4429.52,4531.56,24.04,0.53,4785.0,145063.0,24.92,3.25,4145088.0,14068891.0
801113.SI,20190902,小家电,4526.24,4692.75,4466.26,4641.14,109.58,2.42,4488.0,116428.0,27.06,3.33,4245322.0,14371211.0
801113.SI,20190903,小家电,4636.63,4682.06,4535.93,4605.79,-35.35,-0.76,4228.0,120456.0,26.86,3.3,4212991.0,14258367.0
801113.SI,20190904,小家电,4594.95,4639.23,4525.55,4584.4,-21.39,-0.46,3561.0,100484.0,26.72,3.29,4193420.0,14190591.0
801113.SI,20190905,小家电,4603.17,4740.43,4573.15,4683.49,99.09,2.16,5955.0,154816.0,27.31,3.36,4284058.0,14395147.0
801113.SI,20190906,小家电,4711.17,4773.1,4606.02,4675.07,-8.42,-0.18,5287.0,126962.0,27.27,3.35,4276356.0,14306562.0
801113.SI,20190909,小家电,4686.6,4750.34,4607.11,4705.17,30.1,0.64,4788.0,108466.0,27.44,3.38,4303892.0,14453589.0
801113.SI,20190910,小家电,4694.21,4756.03,4648.01,4718.33,13.16,0.28,4095.0,93228.0,27.52,3.38,4315925.0,14542348.0
801113.SI,20190911,小家电,4715.52,4746.1,4618.47,4638.51,-79.82,-1.69,3668.0,86162.0,27.05,3.33,4242913.0,14290063.0
801113.SI,20190912,小家电,4641.76,4705.41,4615.41,4675.74,37.23,0.8,3061.0,72172.0,27.26,3.35,4276969.0,14409357.0
801113.SI,20190916,小家电,4702.53,4763.67,4629.56,4719.45,43.71,0.93,6083.0,83674.0,27.46,3.39,4316956.0,14541772.0
801113.SI,20190917,小家电,4715.34,4752.25,4599.58,4650.96,-68.49,-1.45,4433.0,90753.0,27.03,3.34,4254309.0,14311144.0
801113.SI,20190918,小家电,4653.8,4804.65,4625.6,4752.63,101.67,2.19,4477.0,125416.0,27.67,3.41,4347305.0,14592067.0
801113.SI,20190919,小家电,4769.65,4830.99,4688.12,4769.98,17.35,0.37,4330.0,133411.0,27.76,3.42,4363171.0,14715881.0
801113.SI,20190920,小家电,4788.55,4857.81,4692.23,4767.9,-2.08,-0.04,4994.0,142962.0,27.75,3.42,4361264.0,14713222.0
801113.SI,20190923,小家电,4760.01,4853.34,4637.21,4767.9,0.0,0.0,4167.0,124944.0,27.77,3.42,4361261.0,14704568.0
801113.SI,20190924,小家电,4750.8,4878.57,4719.73,4786.53,18.63,0.39,5015.0,122179.0,27.85,3.43,4378304.0,14758097.0
801113.SI,20190925,小家电,4790.59,4829.68,4690.89,4732.67,-53.86,-1.13,3476.0,96792.0,27.56,3.4,4329034.0,14561378.0
801113.SI,20190926,小家电,4742.85,4821.52,4609.96,4672.02,-60.65,-1.28,4645.0,108374.0,27.26,3.35,4273553.0,14431313.0
801113.SI,20190927,小家电,4652.73,4718.6,4568.65,4640.2,-31.82,-0.68,3098.0,71737.0,27.07,3.33,4243758.0,14318039.0
801113.SI,20190930,小家电,4633.07,4682.96,4563.18,4582.08,-58.12,-1.25,2577.0,57110.0,26.73,3.29,4200227.0,14158377.0
801113.SI,20191008,小家电,4586.63,4676.45,4532.19,4603.28,21.2,0.46,3022.0,73384.0,26.85,3.3,4219663.0,14247435.0
801113.SI,20191009,小家电,4587.73,4634.31,4500.28,4597.58,-5.7,-0.12,2351.0,54070.0,26.79,3.3,4214437.0,14199587.0
801113.SI,20191010,小家电,4587.47,4654.58,4529.55,4602.72,5.14,0.11,4684.0,79576.0,26.85,3.34,4219145.0,14210730.0
801113.SI,20191011,小家电,4609.15,4679.93,4564.55,4608.82,6.1,0.13,3779.0,70001.0,26.87,3.34,4224735.0,14220203.0
801113.SI,20191014,小家电,4639.67,4739.88,4612.77,4698.96,90.14,1.96,4249.0,76703.0,27.44,3.41,4307365.0,14502343.0
801113.SI,20191015,小家电,4697.3,4778.94,4629.71,4706.4,7.44,0.16,3471.0,64495.0,27.54,3.41,4314182.0,14550283.0
801113.SI,20191016,小家电,4714.72,4824.55,4677.04,4747.09,40.69,0.86,3158.0,85592.0,27.81,3.44,4351479.0,14680679.0
801113.SI,20191017,小家电,4754.37,4791.01,4652.58,4711.42,-35.67,-0.75,2901.0,65375.0,27.61,3.42,4318782.0,14600068.0
801113.SI,20191018,小家电,4732.56,4815.5,4661.42,4723.4,11.98,0.25,4154.0,98356.0,27.68,3.42,4329763.0,14663444.0
801113.SI,20191021,小家电,4731.54,4838.31,4657.13,4761.25,37.85,0.8,4709.0,111137.0,27.92,3.45,4364457.0,14752655.0
801113.SI,20191022,小家电,4753.92,4847.29,4688.93,4813.05,51.8,1.09,4521.0,89631.0,28.24,3.49,4411938.0,14904254.0
801113.SI,20191023,小家电,4796.39,4885.8,4751.62,4783.5,-29.55,-0.61,3595.0,82004.0,28.07,3.47,4384854.0,14826479.0
801113.SI,20191024,小家电,4779.12,4836.5,4679.88,4744.48,-39.02,-0.82,3384.0,78229.0,27.85,3.44,4349082.0,14677746.0
801113.SI,20191025,小家电,4738.29,4800.48,4664.44,4737.83,-6.65,-0.14,3832.0,79255.0,27.84,3.45,4342984.0,14673297.0
801113.SI,20191028,小家电,4738.68,4848.89,4703.35,4785.06,47.23,1.0,5143.0,97008.0,28.16,3.49,4386278.0,14819916.0
801113.SI,20191029,小家电,4791.04,4825.06,4673.54,4712.1,-72.96,-1.52,4979.0,89167.0,27.68,3.41,4319398.0,14591829.0
801113.SI,20191030,小家电,4670.61,4776.47,4584.82,4696.53,-15.57,-0.33,5008.0,99142.0,27.63,3.33,4305122.0,14486435.0
801113.SI,20191031,小家电,4709.12,4805.09,4614.94,4676.1,-20.43,-0.44,4969.0,107616.0,27.49,3.32,4286389.0,14487594.0
801113.SI,20191101,小家电,4700.59,4918.42,4654.23,4872.99,196.89,4.21,6268.0,134220.0,28.67,3.46,4466870.0,15114888.0
801113.SI,20191104,小家电,4894.39,5020.91,4823.28,4921.83,48.84,1.0,5178.0,117687.0,28.98,3.49,4511643.0,15241095.0
801113.SI,20191105,小家电,4914.19,5057.22,4864.96,4995.37,73.54,1.49,5076.0,121842.0,29.44,3.55,4579050.0,15434122.0
801113.SI,20191106,小家电,5011.14,5049.01,4894.16,4944.44,-50.93,-1.02,4370.0,103285.0,29.15,3.51,4532368.0,15309535.0
801113.SI,20191107,小家电,4934.78,4986.07,4876.33,4951.63,7.19,0.15,3771.0,78908.0,29.19,3.51,4538964.0,15326388.0
801113.SI,20191108,小家电,4980.13,5007.52,4877.55,4905.86,-45.77,-0.92,3500.0,80199.0,28.9,3.48,4497006.0,15161694.0
801113.SI,20191111,小家电,4887.21,4916.41,4772.17,4814.49,-91.37,-1.86,4360.0,88591.0,28.34,3.42,4413253.0,14868640.0
801113.SI,20191112,小家电,4819.46,4886.77,4738.57,4818.71,4.22,0.09,4435.0,70531.0,28.29,3.42,4417125.0,14854155.0
801113.SI,20191113,小家电,4836.75,4899.9,4743.38,4830.38,11.67,0.24,5182.0,66515.0,28.31,3.43,4427819.0,14865670.0
801113.SI,20191114,小家电,4846.25,4913.11,4773.24,4836.09,5.71,0.12,5563.0,70776.0,28.37,3.43,4433710.0,14908873.0
801113.SI,20191115,小家电,4826.33,4863.43,4700.98,4736.53,-99.56,-2.06,4114.0,75159.0,27.78,3.36,4342439.0,14630740.0
801113.SI,20191118,小家电,4738.66,4837.36,4684.75,4807.14,70.61,1.49,4417.0,63472.0,28.16,4.18,4407830.0,14797179.0
801113.SI,20191119,小家电,4813.26,4903.21,4773.76,4851.84,44.7,0.93,5050.0,79898.0,28.45,4.22,4448820.0,14959895.0
801113.SI,20191120,小家电,4853.5,4874.23,4715.42,4748.31,-103.53,-2.13,6990.0,95205.0,27.74,4.13,4353893.0,14612156.0
801113.SI,20191121,小家电,4743.78,4788.63,4662.89,4730.67,-17.64,-0.37,4135.0,59532.0,27.66,4.11,4337721.0,14564540.0
801113.SI,20191122,小家电,4746.78,4828.9,4635.68,4679.19,-51.48,-1.09,3672.0,70595.0,27.34,4.07,4290512.0,14391465.0
801113.SI,20191125,小家电,4683.1,4737.19,4565.28,4617.52,-61.67,-1.32,3396.0,62368.0,26.97,4.02,4233963.0,14221999.0
801113.SI,20191126,小家电,4645.9,4671.71,4536.46,4573.65,-43.87,-0.95,3083.0,71927.0,26.72,3.98,4193736.0,14101641.0
801113.SI,20191127,小家电,4586.69,4612.23,4490.94,4521.19,-52.46,-1.15,2600.0,51709.0,26.4,3.93,4145639.0,13935791.0
801113.SI,20191128,小家电,4530.57,4596.15,4494.57,4545.59,24.4,0.54,2964.0,44820.0,26.51,3.96,4168011.0,13996837.0
801113.SI,20191129,小家电,4551.45,4620.52,4483.0,4559.36,13.77,0.3,3442.0,49708.0,26.57,3.97,4180634.0,14046935.0
801113.SI,20191202,小家电,4550.71,4608.33,4474.91,4540.17,-19.19,-0.42,2473.0,44267.0,26.46,3.95,4163037.0,14013511.0
801113.SI,20191203,小家电,4515.0,4583.14,4473.65,4560.18,20.01,0.44,3404.0,50378.0,26.55,3.97,4181389.0,14056361.0
801113.SI,20191204,小家电,4543.13,4615.67,4519.71,4577.04,16.86,0.37,2781.0,45957.0,26.66,3.98,4196854.0,14126286.0
801113.SI,20191205,小家电,4601.94,4643.63,4562.57,4614.28,37.24,0.81,2561.0,44969.0,26.88,4.02,4230999.0,14263384.0
801113.SI,20191206,小家电,4619.16,4726.8,4600.38,4683.52,69.24,1.5,3839.0,65490.0,27.3,4.08,4294487.0,14491691.0
801113.SI,20191209,小家电,4696.2,4806.83,4666.01,4753.64,70.12,1.5,4007.0,76878.0,27.73,4.14,4358783.0,14695158.0
801113.SI,20191210,小家电,4759.88,4796.19,4675.06,4733.48,-20.16,-0.42,3821.0,50612.0,27.65,4.12,4340294.0,14609512.0
801113.SI,20191211,小家电,4737.23,4763.09,4651.88,4691.66,-41.82,-0.88,2865.0,49319.0,27.41,4.08,4301951.0,14496517.0
801113.SI,20191212,小家电,4692.67,4742.37,4652.62,4685.29,-6.37,-0.14,2753.0,44580.0,27.34,4.08,4296111.0,14499175.0
801113.SI,20191213,小家电,4709.77,4780.88,4675.23,4754.11,68.82,1.47,4289.0,68663.0,27.75,4.14,4359217.0,14691991.0
801113.SI,20191216,小家电,4770.42,4848.42,4718.27,4805.42,51.31,1.08,4887.0,99118.0,28.03,4.18,4406260.0,14855894.0
801113.SI,20191217,小家电,4790.39,4892.25,4748.43,4835.0,29.58,0.62,5914.0,107449.0,28.15,4.21,4433387.0,14881403.0
801113.SI,20191218,小家电,4841.73,4927.79,4788.79,4865.86,30.86,0.64,6231.0,102409.0,28.25,4.23,4461681.0,14933411.0
801113.SI,20191219,小家电,4859.24,4925.35,4818.02,4890.58,24.72,0.51,4711.0,74261.0,28.31,4.26,4484352.0,14963395.0
801113.SI,20191220,小家电,4902.23,4948.75,4848.19,4885.92,-4.66,-0.1,3475.0,77253.0,28.2,4.25,4480077.0,14916480.0
801113.SI,20191223,小家电,4885.03,4925.32,4769.16,4792.72,-93.2,-1.91,3055.0,76827.0,27.56,4.17,4394617.0,14569966.0
801113.SI,20191224,小家电,4805.8,4871.5,4781.43,4842.52,49.8,1.04,2108.0,53000.0,27.76,4.21,4444856.0,14687758.0
801113.SI,20191225,小家电,4869.22,4900.88,4775.95,4815.9,-26.62,-0.55,6820.0,64469.0,27.69,4.19,4420420.0,14622853.0
801113.SI,20191226,小家电,4819.15,4944.7,4767.86,4909.4,93.5,1.94,7125.0,60868.0,28.18,4.27,4506240.0,14907991.0
801113.SI,20191227,小家电,4896.59,4983.88,4831.62,4873.62,-35.78,-0.73,6740.0,84280.0,28.05,4.24,4473397.0,14845010.0
801113.SI,20191230,小家电,4825.9,5039.55,4790.48,4948.49,74.87,1.54,6282.0,106753.0,28.61,4.31,4546745.0,15087041.0
801113.SI,20191231,小家电,4946.18,5012.21,4883.1,4989.2,40.71,0.82,4945.0,77495.0,28.8,4.35,4589970.0,15191618.0
801113.SI,20200102,小家电,5006.47,5133.21,4966.86,5088.51,99.31,1.99,7067.0,103656.0,29.37,4.43,4681332.0,15492585.0
801113.SI,20200103,小家电,5091.18,5171.71,5024.19,5089.01,0.5,0.01,5338.0,88157.0,29.35,4.43,4681797.0,15466740.0
801113.SI,20200106,小家电,5062.43,5154.16,4941.94,5056.51,-32.5,-0.64,5995.0,107652.0,29.2,4.4,4651899.0,15293175.0
801113.SI,20200107,小家电,5042.51,5149.97,5012.32,5102.16,45.65,0.9,4942.0,86550.0,29.49,4.44,4693895.0,15443826.0
801113.SI,20200108,小家电,5073.43,5136.26,4991.89,5034.98,-67.18,-1.32,4937.0,89031.0,29.12,4.39,4632090.0,15285494.0
801113.SI,20200109,小家电,5065.36,5148.29,5028.02,5111.04,76.06,1.51,7076.0,83384.0,29.49,4.45,4702068.0,15461970.0
801113.SI,20200110,小家电,5124.7,5182.19,5036.31,5080.19,-30.85,-0.6,7504.0,82012.0,29.39,4.42,4673690.0,15402371.0
801113.SI,20200113,小家电,5073.11,5175.33,5026.76,5135.57,55.38,1.09,4975.0,77596.0,29.74,4.47,4724640.0,15597251.0
801113.SI,20200114,小家电,5148.16,5218.13,5071.23,5108.11,-27.46,-0.53,4436.0,86463.0,29.57,4.45,4699379.0,15496823.0
801113.SI,20200115,小家电,5104.56,5186.59,5057.79,5142.75,34.64,0.68,4229.0,69428.0,29.71,4.48,4731251.0,15567255.0
801113.SI,20200116,小家电,5153.05,5205.29,5047.48,5121.41,-21.34,-0.41,5157.0,78823.0,29.59,4.46,4711615.0,15494907.0
801113.SI,20200117,小家电,5103.5,5198.7,5043.71,5113.63,-7.78,-0.15,5530.0,78955.0,29.58,4.45,4704457.0,15487661.0
801113.SI,20200120,小家电,5110.26,5189.7,5034.83,5144.39,30.76,0.6,4803.0,79369.0,29.81,4.48,4732756.0,15596443.0
801113.SI,20200121,小家电,5136.8,5201.34,5028.33,5105.06,-39.33,-0.76,4339.0,77212.0,29.78,4.46,4778386.0,15472936.0
801113.SI,20200122,小家电,5092.41,5198.46,4976.52,5146.81,41.75,0.82,4625.0,84397.0,30.05,4.49,4817468.0,15599859.0
801113.SI,20200123,小家电,5127.2,5158.67,4907.95,4977.05,-169.76,-3.3,6027.0,92304.0,29.09,4.34,4658574.0,15093090.0
801113.SI,20200203,小家电,4493.79,4593.58,4493.48,4516.55,-460.5,-9.25,2731.0,66421.0,26.33,3.94,4227544.0,13667854.0
801113.SI,20200204,小家电,4407.99,4726.84,4395.41,4668.42,151.87,3.36,4520.0,95534.0,27.36,4.07,4369695.0,14143847.0
801113.SI,20200205,小家电,4655.18,4851.53,4596.46,4741.49,73.07,1.57,6627.0,101587.0,27.83,4.14,4438095.0,14395335.0
801113.SI,20200206,小家电,4785.49,4930.31,4701.01,4885.0,143.51,3.03,6784.0,117947.0,28.73,4.26,4572419.0,14829054.0
801113.SI,20200207,小家电,4891.97,4980.25,4777.25,4931.35,46.35,0.95,5761.0,92246.0,29.04,4.3,4615802.0,14976248.0
801113.SI,20200210,小家电,4955.09,5110.42,4861.98,5035.25,103.9,2.11,6549.0,103938.0,29.61,4.39,4713053.0,15246620.0
801113.SI,20200211,小家电,5017.01,5113.99,4949.6,5029.17,-6.08,-0.12,5946.0,79437.0,29.55,4.39,4707362.0,15259362.0
801113.SI,20200212,小家电,5027.45,5144.69,4957.16,5101.62,72.45,1.44,4376.0,72190.0,29.98,4.45,4766973.0,15469820.0
801113.SI,20200213,小家电,5124.09,5176.98,4995.41,5065.16,-36.46,-0.71,4547.0,70435.0,29.8,4.42,4732907.0,15379409.0
801113.SI,20200214,小家电,5051.72,5140.34,4980.39,5045.28,-19.88,-0.39,4043.0,61607.0,29.6,4.4,4714332.0,15287405.0
801113.SI,20200217,小家电,5077.08,5170.82,5025.98,5117.73,72.45,1.44,5620.0,83783.0,30.02,4.46,4782029.0,15504706.0
801113.SI,20200218,小家电,5125.21,5229.76,5052.72,5183.72,65.99,1.29,5959.0,106359.0,30.38,4.52,4843694.0,15687707.0
801113.SI,20200219,小家电,5178.71,5246.24,5077.69,5128.72,-55.0,-1.06,5038.0,95258.0,30.08,4.47,4792305.0,15532370.0
801113.SI,20200220,小家电,5128.2,5269.12,5080.2,5247.15,118.43,2.31,4587.0,92771.0,30.77,4.58,4902964.0,15857304.0
801113.SI,20200221,小家电,5245.61,5310.73,5150.93,5202.98,-44.17,-0.84,5248.0,103228.0,30.5,4.54,4861695.0,15743091.0
801113.SI,20200224,小家电,5152.97,5281.9,5057.44,5201.67,-1.31,-0.03,6375.0,130849.0,30.49,4.54,4860469.0,15739115.0
801113.SI,20200225,小家电,5148.72,5275.06,5022.94,5209.3,7.63,0.15,7258.0,160840.0,30.6,4.54,4867597.0,15828246.0
801113.SI,20200226,小家电,5166.68,5271.2,5050.5,5152.96,-56.34,-1.08,5688.0,131293.0,30.28,4.5,4814956.0,15698892.0
801113.SI,20200227,小家电,5150.97,5248.99,5061.85,5157.55,4.59,0.09,6125.0,124765.0,30.22,4.5,4819248.0,15640296.0
801113.SI,20200228,小家电,5011.43,5146.7,4883.16,4967.43,-190.12,-3.69,6886.0,118715.0,29.12,4.33,4641595.0,15159107.0
801113.SI,20200302,小家电,4974.28,5148.94,4958.34,5088.55,121.12,2.44,4963.0,118808.0,29.85,4.44,4754765.0,15508411.0
801113.SI,20200303,小家电,5136.17,5189.18,5019.65,5088.43,-0.12,0.0,4734.0,105270.0,29.82,4.44,4754653.0,15491132.0
801113.SI,20200304,小家电,5065.52,5139.71,4993.88,5084.9,-3.53,-0.07,5984.0,74554.0,29.71,4.44,4751360.0,15454144.0
801113.SI,20200305,小家电,5111.78,5339.4,5064.99,5297.8,212.9,4.19,8548.0,140772.0,30.99,4.62,4950294.0,16142693.0
801113.SI,20200306,小家电,5248.02,5361.41,5163.79,5234.85,-62.95,-1.19,6652.0,120351.0,30.62,4.57,4891472.0,15911011.0
801113.SI,20200309,小家电,5182.57,5275.9,5050.59,5127.46,-107.39,-2.05,8503.0,137785.0,30.04,4.47,4791126.0,15623413.0
801113.SI,20200310,小家电,5085.2,5341.3,5027.25,5286.51,159.05,3.1,8496.0,128277.0,31.0,4.61,4939744.0,16087722.0
801113.SI,20200311,小家电,5279.58,5376.74,5181.86,5222.96,-63.55,-1.2,6953.0,104499.0,30.63,4.56,4880357.0,15840595.0
801113.SI,20200312,小家电,5154.75,5226.11,5027.89,5117.11,-105.85,-2.03,7125.0,97822.0,30.0,4.46,4781449.0,15549461.0
801113.SI,20200313,小家电,4845.12,5115.54,4800.73,5025.67,-91.44,-1.79,8914.0,126982.0,29.47,4.38,4696002.0,15294510.0
801113.SI,20200316,小家电,5034.51,5075.24,4701.49,4744.58,-281.09,-5.59,7232.0,104196.0,27.73,4.14,4433246.0,14432201.0
801113.SI,20200317,小家电,4743.8,4902.13,4612.26,4756.98,12.4,0.26,5559.0,83934.0,27.83,4.15,4444833.0,14542390.0
801113.SI,20200318,小家电,4808.31,4929.53,4686.54,4702.55,-54.43,-1.14,5611.0,87578.0,27.52,4.1,4393975.0,14395713.0
801113.SI,20200319,小家电,4695.55,4776.89,4511.87,4644.07,-58.48,-1.24,6001.0,96059.0,27.13,4.05,4339333.0,14211835.0
801113.SI,20200320,小家电,4698.81,4792.19,4596.7,4728.07,84.0,1.81,4713.0,83097.0,27.62,4.13,4417817.0,14459364.0
801113.SI,20200323,小家电,4647.15,4699.85,4489.8,4536.19,-191.88,-4.06,4781.0,81259.0,26.46,3.96,4238525.0,13900965.0
801113.SI,20200324,小家电,4613.57,4747.2,4534.97,4673.45,137.26,3.03,4424.0,92577.0,27.3,4.08,4366773.0,14350533.0
801113.SI,20200325,小家电,4775.8,4833.38,4664.29,4784.29,110.84,2.37,4427.0,95458.0,27.96,4.17,4470345.0,14677961.0
801113.SI,20200326,小家电,4748.04,4849.48,4699.12,4782.03,-2.26,-0.05,3382.0,70507.0,27.97,4.17,4468230.0,14685180.0
801113.SI,20200327,小家电,4845.22,4964.58,4784.42,4848.22,66.19,1.38,5241.0,82679.0,28.37,4.23,4530080.0,14866125.0
801113.SI,20200330,小家电,4786.82,4816.64,4623.24,4697.29,-150.93,-3.11,4082.0,69268.0,27.51,4.1,4389054.0,14431159.0
801113.SI,20200331,小家电,4744.97,4873.96,4682.11,4790.22,92.93,1.98,3443.0,68490.0,28.1,4.18,4475887.0,14754200.0
801113.SI,20200401,小家电,4776.36,4900.49,4726.69,4813.16,22.94,0.48,3246.0,65505.0,28.27,4.2,4497316.0,14817683.0
801113.SI,20200402,小家电,4805.71,4900.05,4745.71,4882.32,69.16,1.44,2989.0,56289.0,28.67,4.26,4561933.0,15018733.0
801113.SI,20200403,小家电,4884.56,4992.18,4811.35,4875.54,-6.78,-0.14,3598.0,96216.0,28.62,4.25,4555595.0,15021595.0
801113.SI,20200407,小家电,4919.69,5014.34,4853.15,4926.49,50.95,1.05,3944.0,85456.0,28.9,4.3,4603207.0,15146872.0
801113.SI,20200408,小家电,4887.16,4957.9,4830.97,4921.46,-5.03,-0.1,4251.0,68042.0,28.8,4.29,4598508.0,15113473.0
801113.SI,20200409,小家电,4912.73,5030.51,4878.01,4971.03,49.57,1.01,4289.0,69513.0,29.1,4.34,4644823.0,15239946.0
801113.SI,20200410,小家电,4975.76,5042.48,4882.67,4921.65,-49.38,-0.99,4305.0,65607.0,28.84,4.29,4598685.0,15119912.0
801113.SI,20200413,小家电,4905.67,4965.18,4813.14,4880.81,-40.84,-0.83,2621.0,44693.0,28.58,4.26,4560518.0,14965950.0
801113.SI,20200414,小家电,4938.03,5025.45,4850.65,4953.18,72.37,1.48,3910.0,83268.0,29.01,4.32,4628137.0,15179158.0
801113.SI,20200415,小家电,4959.5,5032.29,4889.64,4915.82,-37.36,-0.75,4342.0,87071.0,28.77,4.29,4593233.0,15065959.0
801113.SI,20200416,小家电,4920.06,5011.17,4866.83,4962.78,46.96,0.96,3224.0,70315.0,29.09,4.33,4637112.0,15224087.0
801113.SI,20200417,小家电,4969.9,5065.74,4922.91,4991.59,28.81,0.58,3553.0,70709.0,29.29,4.36,4664035.0,15345686.0
801113.SI,20200420,小家电,5013.18,5095.91,4957.2,5050.03,58.44,1.17,2941.0,63945.0,29.61,4.41,4718641.0,15503388.0
801113.SI,20200421,小家电,5030.05,5078.05,4919.0,4973.45,-76.58,-1.52,2788.0,55234.0,29.13,4.34,4647089.0,15250015.0
801113.SI,20200422,小家电,4943.21,5032.09,4910.31,4999.5,26.05,0.52,3032.0,53388.0,29.28,4.36,4671426.0,15331920.0
801113.SI,20200423,小家电,5009.95,5140.85,4985.49,5048.12,48.62,0.97,4006.0,70657.0,29.55,4.4,4716858.0,15507056.0
801113.SI,20200424,小家电,5034.46,5096.63,4952.96,5008.65,-39.47,-0.78,3348.0,56415.0,29.32,4.37,4679977.0,15329738.0
801113.SI,20200427,小家电,5015.69,5162.19,4961.04,5061.75,53.1,1.06,3882.0,84286.0,29.67,4.42,4729589.0,15454038.0
801113.SI,20200428,小家电,5063.55,5234.11,4939.74,5156.97,95.22,1.88,5873.0,123989.0,30.38,4.5,4818562.0,15800977.0
801113.SI,20200429,小家电,5103.45,5228.71,5038.44,5128.87,-28.1,-0.54,4177.0,104144.0,30.19,4.47,4792305.0,15675027.0
801113.SI,20200430,小家电,5103.35,5179.09,4966.94,5089.28,-39.59,-0.77,5251.0,115446.0,29.97,4.44,4755310.0,15570046.0
801113.SI,20200506,小家电,5033.91,5187.18,4932.82,5131.15,41.87,0.82,5648.0,114030.0,26.39,4.48,4794431.0,15695123.0
801113.SI,20200507,小家电,5099.23,5220.81,5029.71,5138.22,7.07,0.14,4194.0,86345.0,26.44,4.48,4801038.0,15738895.0
801113.SI,20200508,小家电,5165.16,5348.27,5128.47,5290.09,151.87,2.96,4129.0,105664.0,27.24,4.62,4942935.0,16167344.0
801113.SI,20200511,小家电,5330.74,5479.82,5234.59,5328.64,38.55,0.73,4231.0,116504.0,27.44,4.65,4978956.0,16318113.0
801113.SI,20200512,小家电,5332.23,5446.16,5269.86,5396.87,68.23,1.28,3073.0,95028.0,27.81,4.71,5042710.0,16550990.0
801113.SI,20200513,小家电,5405.21,5554.63,5291.98,5471.24,74.37,1.38,3182.0,106631.0,28.22,4.77,5112782.0,16813627.0
801113.SI,20200514,小家电,5450.76,5558.15,5356.41,5402.48,-68.76,-1.26,3012.0,85308.0,27.86,4.71,5048532.0,16608469.0
801113.SI,20200515,小家电,5421.6,5487.54,5327.32,5405.78,3.3,0.06,3026.0,75506.0,27.87,4.72,5051614.0,16615066.0
801113.SI,20200518,小家电,5405.53,5571.39,5282.58,5470.07,64.29,1.19,4001.0,90846.0,28.22,4.77,5111695.0,16856025.0
801113.SI,20200519,小家电,5474.1,5571.93,5401.56,5501.62,31.55,0.58,3932.0,81183.0,28.39,4.8,5141177.0,16978643.0
801113.SI,20200520,小家电,5552.02,5635.85,5415.31,5488.25,-13.37,-0.24,4796.0,109217.0,28.33,4.79,5128685.0,16958633.0
801113.SI,20200521,小家电,5499.29,5593.26,5397.19,5462.05,-26.2,-0.48,3780.0,102835.0,28.2,4.77,5104199.0,16928695.0
801113.SI,20200522,小家电,5515.64,5567.43,5306.77,5377.53,-84.52,-1.55,3216.0,89243.0,27.76,4.69,5025217.0,16685250.0
801113.SI,20200525,小家电,5399.31,5547.01,5276.36,5400.15,22.62,0.42,2907.0,103785.0,27.89,4.71,5046355.0,16860420.0
801113.SI,20200526,小家电,5463.05,5617.23,5395.95,5558.93,158.78,2.94,3608.0,124605.0,28.51,4.85,5194735.0,17318299.0
801113.SI,20200527,小家电,5573.84,5734.58,5459.97,5629.99,71.06,1.28,5519.0,110384.0,28.88,4.91,5261139.0,17469415.0
801113.SI,20200528,小家电,5619.55,5713.58,5481.76,5627.99,-2.0,-0.04,5105.0,93610.0,28.86,4.91,5259273.0,17463281.0
801113.SI,20200529,小家电,5583.68,5777.08,5506.68,5719.42,91.43,1.62,5728.0,123958.0,29.33,4.99,5344710.0,17725329.0
801113.SI,20200601,小家电,5749.18,5912.02,5706.87,5824.32,104.9,1.83,6312.0,139909.0,29.87,5.08,5442738.0,18110046.0
801113.SI,20200602,小家电,5830.95,5876.49,5615.9,5730.74,-93.58,-1.61,5476.0,139327.0,29.39,5.0,5355291.0,17695004.0
801113.SI,20200603,小家电,5749.91,5794.49,5589.68,5667.59,-63.15,-1.1,5474.0,123969.0,29.05,4.94,5296277.0,17556255.0
801113.SI,20200604,小家电,5670.89,5830.4,5607.41,5753.32,85.73,1.51,4786.0,111131.0,29.5,5.02,5376394.0,17822003.0
801113.SI,20200605,小家电,5729.3,5828.13,5643.31,5776.66,23.34,0.41,6144.0,99331.0,29.63,5.04,5398201.0,17902507.0
801113.SI,20200608,小家电,5792.03,5889.17,5643.48,5683.74,-92.92,-1.61,6069.0,115424.0,29.16,4.96,5311372.0,17613618.0
801113.SI,20200609,小家电,5709.71,5807.49,5630.32,5737.03,53.29,0.94,5012.0,91516.0,29.43,5.01,5361167.0,17799472.0
801113.SI,20200610,小家电,5724.77,5817.16,5661.19,5763.62,26.59,0.46,3893.0,72768.0,29.55,5.03,5386016.0,17919605.0
801113.SI,20200611,小家电,5791.73,5830.28,5609.21,5643.15,-120.47,-2.09,4098.0,91606.0,28.93,4.92,5273436.0,17543307.0
801113.SI,20200612,小家电,5532.97,5662.41,5468.09,5610.12,-33.03,-0.59,4235.0,95466.0,28.76,4.89,5242571.0,17464926.0
801113.SI,20200615,小家电,5598.08,5683.62,5493.97,5530.48,-79.64,-1.42,3510.0,91556.0,28.36,4.83,5168150.0,17229506.0
801113.SI,20200616,小家电,5571.44,5792.96,5551.92,5749.11,218.63,3.95,3992.0,122720.0,29.5,5.02,5372452.0,17945224.0
801113.SI,20200617,小家电,5793.21,5897.2,5679.1,5829.34,80.23,1.4,4313.0,108849.0,29.91,5.09,5447424.0,18166007.0
801113.SI,20200618,小家电,5828.17,5893.25,5691.49,5823.67,-5.67,-0.1,4101.0,101016.0,29.88,5.08,5442130.0,18125967.0
801113.SI,20200619,小家电,5817.04,6072.61,5782.78,6018.4,194.73,3.34,5477.0,137567.0,30.89,5.25,5624100.0,18856627.0
801113.SI,20200622,小家电,6007.86,6145.67,5911.33,5992.37,-26.03,-0.43,6193.0,144539.0,30.75,5.23,5599775.0,18702590.0
801113.SI,20200623,小家电,5971.26,6138.55,5881.63,6068.26,75.89,1.27,4269.0,128896.0,31.15,5.37,5670697.0,18947360.0
801113.SI,20200624,小家电,6080.82,6209.33,5977.72,6103.09,34.83,0.57,5790.0,116214.0,31.34,5.4,5703241.0,19034380.0
801113.SI,20200629,小家电,6081.94,6193.9,5978.65,6107.12,4.03,0.07,9349.0,122556.0,31.37,5.4,5707006.0,19106584.0
801113.SI,20200630,小家电,6150.93,6293.47,6048.95,6191.96,84.84,1.39,7948.0,101247.0,31.89,5.47,5854950.0,19634113.0
801113.SI,20200701,小家电,6225.21,6395.01,6116.59,6289.89,97.93,1.58,6069.0,115952.0,32.4,5.55,5947551.0,20118865.0
801113.SI,20200702,小家电,6322.13,6507.28,6177.57,6349.03,59.14,0.94,6780.0,169595.0,32.7,5.6,6003467.0,20403120.0
801113.SI,20200703,小家电,6346.85,6461.33,6201.47,6286.26,-62.77,-0.99,5775.0,166653.0,32.37,5.53,5944116.0,20175357.0
801113.SI,20200706,小家电,6318.16,6423.75,6169.29,6322.36,36.1,0.57,8939.0,200186.0,32.5,5.54,5987550.0,20261572.0
801113.SI,20200707,小家电,6337.56,6531.31,6254.55,6408.41,86.05,1.36,8479.0,214939.0,32.95,5.61,6073791.0,20667856.0
801113.SI,20200708,小家电,6394.19,6514.53,6277.17,6412.34,3.93,0.06,7504.0,151194.0,32.98,5.6,6077514.0,20648430.0
801113.SI,20200709,小家电,6411.9,6560.03,6316.77,6489.05,76.71,1.2,8258.0,175249.0,33.36,5.65,6148651.0,20874994.0
801113.SI,20200710,小家电,6482.57,6590.05,6371.42,6453.17,-35.88,-0.55,7171.0,158378.0,33.17,5.61,6114648.0,20813340.0
801113.SI,20200713,小家电,6481.09,6805.19,6449.78,6730.91,277.74,4.3,9352.0,214365.0,34.61,5.84,6377820.0,21651670.0
801113.SI,20200714,小家电,6799.05,7046.29,6506.75,6912.59,181.68,2.7,11176.0,304053.0,35.56,5.99,6549968.0,22351482.0
801113.SI,20200715,小家电,6986.6,7209.72,6798.55,7023.3,110.71,1.6,11628.0,364195.0,36.14,6.09,6654874.0,22787136.0
801113.SI,20200716,小家电,6984.64,7080.9,6546.17,6588.71,-434.59,-6.19,10749.0,279763.0,33.91,5.72,6243075.0,21253659.0
801113.SI,20200717,小家电,6598.13,6936.55,6511.32,6775.73,187.02,2.84,7877.0,239335.0,34.89,5.9,6420285.0,21866875.0
801113.SI,20200720,小家电,6849.94,6951.47,6510.43,6758.84,-16.89,-0.25,8902.0,221960.0,34.78,5.88,6404287.0,21928440.0
801113.SI,20200721,小家电,6737.44,6994.82,6607.2,6919.06,160.22,2.37,6734.0,181612.0,35.6,6.02,6556101.0,22473574.0
801113.SI,20200722,小家电,6896.78,7069.69,6801.08,6943.71,24.65,0.36,6328.0,174285.0,35.74,6.04,6579462.0,22480061.0
801113.SI,20200723,小家电,6899.91,7346.34,6823.98,7229.05,285.34,4.11,7463.0,232229.0,37.22,6.28,6849842.0,23401539.0
801113.SI,20200724,小家电,7194.46,7317.46,6800.01,6844.91,-384.14,-5.31,7748.0,262477.0,35.22,5.95,6485849.0,22191775.0
801113.SI,20200727,小家电,6835.85,7081.09,6650.69,6892.84,47.93,0.7,5858.0,189152.0,35.49,6.01,6531269.0,22416182.0
801113.SI,20200728,小家电,6890.17,7149.21,6775.68,7076.03,183.19,2.66,5841.0,158942.0,36.46,6.17,6704849.0,22985177.0
801113.SI,20200729,小家电,7036.58,7371.22,6968.38,7258.62,182.59,2.58,7264.0,194356.0,37.43,6.33,6877858.0,23509497.0
801113.SI,20200730,小家电,7238.69,7316.46,7078.62,7206.22,-52.4,-0.72,6216.0,167399.0,37.17,6.28,6828204.0,23356941.0
801113.SI,20200731,小家电,7136.09,7380.65,7031.19,7223.26,17.04,0.24,6484.0,180451.0,37.27,6.29,6844346.0,23411596.0
801113.SI,20200803,小家电,7252.12,7345.95,7093.28,7200.8,-22.46,-0.31,6530.0,177347.0,37.16,6.27,6823069.0,23309908.0
801113.SI,20200804,小家电,7178.76,7410.97,7096.58,7267.93,67.13,0.93,8025.0,208203.0,37.51,6.32,6886675.0,23519676.0
801113.SI,20200805,小家电,7234.72,7461.66,7128.89,7359.22,91.29,1.26,6723.0,186970.0,37.98,6.41,6973171.0,23786100.0
801113.SI,20200806,小家电,7368.49,7445.31,7083.81,7261.93,-97.29,-1.32,7351.0,239523.0,37.48,6.31,6880982.0,23487186.0
801113.SI,20200807,小家电,7198.66,7355.46,7001.48,7204.57,-57.36,-0.79,7152.0,181915.0,37.18,6.27,6826631.0,23263925.0
801113.SI,20200810,小家电,7141.34,7298.17,6961.2,7171.82,-32.75,-0.45,5555.0,174734.0,37.22,6.02,6273002.0,23109860.0
801113.SI,20200811,小家电,7198.21,7332.07,7005.99,7057.72,-114.1,-1.59,5207.0,142149.0,36.61,5.92,6173204.0,22766136.0
801113.SI,20200812,小家电,7033.26,7087.06,6688.83,6881.63,-176.09,-2.49,5589.0,160684.0,35.68,5.77,6019181.0,22148975.0
801113.SI,20200813,小家电,6925.77,7117.97,6805.99,6953.24,71.61,1.04,4912.0,149112.0,36.06,5.82,6081816.0,22403201.0
801113.SI,20200814,小家电,6984.22,7177.12,6883.35,7114.4,161.16,2.32,4573.0,143292.0,36.89,5.95,6222781.0,23015582.0
801113.SI,20200817,小家电,7155.94,7253.12,6994.79,7154.08,39.68,0.56,5736.0,162261.0,37.08,5.98,6257487.0,23119492.0
801113.SI,20200818,小家电,7159.5,7353.09,7068.75,7228.59,74.51,1.04,5390.0,161878.0,37.48,6.05,6322661.0,23323953.0
801113.SI,20200819,小家电,7263.16,7385.92,7088.55,7129.46,-99.13,-1.37,5078.0,160826.0,36.95,5.97,6235952.0,22971990.0
801113.SI,20200820,小家电,7107.18,7249.07,6915.31,7057.69,-71.77,-1.01,4883.0,148859.0,36.58,5.92,6173176.0,22692050.0
801113.SI,20200821,小家电,7090.5,7350.35,7040.8,7227.64,169.95,2.41,5552.0,166870.0,37.48,6.05,6321829.0,23202732.0
801113.SI,20200824,小家电,7289.24,7416.01,7124.23,7282.9,55.26,0.76,5401.0,161099.0,37.77,6.1,6370166.0,23290844.0
801113.SI,20200825,小家电,7322.46,7523.48,7183.37,7340.89,57.99,0.8,6924.0,194212.0,38.09,6.14,6420884.0,23472575.0
801113.SI,20200826,小家电,7324.62,7430.54,7042.58,7148.4,-192.49,-2.62,8896.0,209537.0,37.09,5.98,6252521.0,22933837.0
801113.SI,20200827,小家电,7213.64,7411.11,6990.43,7261.51,113.11,1.58,9098.0,209120.0,37.69,6.06,6351456.0,23237666.0
801113.SI,20200828,小家电,7305.81,7552.7,7124.11,7472.7,211.19,2.91,12111.0,254772.0,38.78,6.23,6536174.0,23880040.0
801113.SI,20200831,小家电,7459.23,7672.56,7319.94,7455.09,-17.61,-0.24,8525.0,222588.0,38.69,6.22,6520766.0,23756419.0
801113.SI,20200901,小家电,7427.3,7652.47,7337.39,7567.34,112.25,1.51,7080.0,209031.0,40.5,6.32,6618947.0,23931229.0
801113.SI,20200902,小家电,7558.74,7701.45,7336.97,7580.89,13.55,0.18,8349.0,231123.0,40.58,6.32,6630796.0,23901075.0
801113.SI,20200903,小家电,7549.25,7748.59,7419.61,7514.88,-66.01,-0.87,7420.0,208151.0,40.24,6.28,6573054.0,23806922.0
801113.SI,20200904,小家电,7394.55,7581.34,7278.36,7487.89,-26.99,-0.36,6421.0,156703.0,40.08,6.26,6549450.0,23712083.0
801113.SI,20200907,小家电,7483.62,7589.07,7169.86,7231.71,-256.18,-3.42,8682.0,184940.0,38.66,6.05,6325382.0,22874795.0
801113.SI,20200908,小家电,7204.23,7302.45,7012.18,7185.34,-46.37,-0.64,8204.0,141292.0,38.37,6.01,6284826.0,22690965.0
801113.SI,20200909,小家电,7120.15,7188.93,6798.7,6888.59,-296.75,-4.13,8938.0,172132.0,36.75,5.77,6025260.0,21772875.0
801113.SI,20200910,小家电,6932.98,7061.12,6764.35,6812.43,-76.16,-1.11,7111.0,117506.0,36.36,5.71,5958644.0,21599075.0
801113.SI,20200911,小家电,6766.2,7010.9,6714.87,6970.31,157.88,2.32,6486.0,110776.0,37.24,5.84,6096739.0,22012328.0
801113.SI,20200914,小家电,7024.92,7184.73,6889.87,7130.24,159.93,2.29,6473.0,128041.0,38.11,5.97,6236630.0,22481523.0
801113.SI,20200915,小家电,7124.14,7326.14,7036.38,7251.92,121.68,1.71,5464.0,111362.0,38.8,6.08,6343058.0,22785663.0
801113.SI,20200916,小家电,7243.28,7327.36,7068.7,7181.98,-69.94,-0.96,5412.0,90785.0,38.4,6.02,6281882.0,22467544.0
801113.SI,20200917,小家电,7173.56,7385.62,7081.53,7330.68,148.7,2.07,4700.0,113270.0,39.23,6.15,6411942.0,22911455.0
801113.SI,20200918,小家电,7332.51,7505.5,7238.86,7406.38,75.7,1.03,4778.0,129914.0,42.3,6.57,5759529.0,23063218.0
801113.SI,20200921,小家电,7417.39,7459.68,7170.73,7263.53,-142.85,-1.93,4089.0,114261.0,41.46,6.44,5648447.0,22592384.0
801113.SI,20200922,小家电,7220.94,7408.39,7150.62,7266.49,2.96,0.04,3913.0,99360.0,41.49,6.45,5652132.0,22608843.0
801113.SI,20200923,小家电,7314.64,7461.44,7209.46,7338.44,71.95,0.99,4346.0,106937.0,41.92,6.51,5708098.0,22828861.0
801113.SI,20200924,小家电,7328.11,7418.75,7178.44,7255.25,-83.19,-1.13,3855.0,90857.0,41.48,6.44,5643394.0,22596395.0
801113.SI,20200925,小家电,7279.18,7366.55,7090.69,7212.34,-42.91,-0.59,3118.0,90714.0,41.22,6.41,5610015.0,22514108.0
801113.SI,20200928,小家电,7231.31,7314.76,7072.12,7135.75,-76.59,-1.06,3154.0,88191.0,40.85,6.35,5550443.0,22290414.0
801113.SI,20200929,小家电,7161.65,7341.55,7039.65,7213.89,78.14,1.1,3027.0,91971.0,41.31,6.42,5611221.0,22561880.0
801113.SI,20200930,小家电,7221.41,7376.56,7127.45,7212.98,-0.91,-0.01,3762.0,81390.0,41.29,6.42,5610512.0,22542114.0
801113.SI,20201009,小家电,7310.79,7509.77,7148.33,7376.44,163.46,2.27,4464.0,127585.0,42.24,6.56,5737657.0,22895851.0
801113.SI,20201012,小家电,7384.16,7537.38,7253.18,7424.73,48.29,0.65,6133.0,164644.0,42.52,6.6,5775216.0,23035841.0
801113.SI,20201013,小家电,7414.75,7551.79,7292.5,7489.72,64.99,0.88,4003.0,119608.0,42.9,6.66,5825763.0,23205673.0
801113.SI,20201014,小家电,7452.12,7656.9,7355.65,7513.93,24.21,0.32,5360.0,152523.0,43.08,6.68,5844598.0,23241373.0
801113.SI,20201015,小家电,7587.99,7885.81,7485.28,7817.59,303.66,4.04,6271.0,172008.0,44.86,6.95,6080796.0,24062800.0
801113.SI,20201016,小家电,7771.78,8017.95,7645.56,7878.27,60.68,0.78,5333.0,197930.0,45.22,6.99,6127996.0,24165111.0
801113.SI,20201019,小家电,7894.01,7966.74,7711.27,7780.47,-97.8,-1.24,4164.0,132694.0,44.64,6.91,6051922.0,23819781.0
801113.SI,20201020,小家电,7780.31,7954.39,7670.83,7866.88,86.41,1.11,3854.0,123772.0,45.16,6.98,6119134.0,24126797.0
801113.SI,20201021,小家电,7882.18,8000.63,7764.31,7876.42,9.54,0.12,4901.0,131002.0,45.19,6.98,6126558.0,24145266.0
801113.SI,20201022,小家电,7852.44,7896.91,7604.58,7746.86,-129.56,-1.64,4232.0,125378.0,44.44,6.86,6025781.0,23752591.0
801113.SI,20201023,小家电,7743.75,7871.86,7389.86,7443.25,-303.61,-3.92,4879.0,154835.0,42.65,6.6,5789619.0,22917237.0
801113.SI,20201026,小家电,7465.31,7703.18,7272.71,7627.16,183.91,2.47,4135.0,117022.0,43.71,6.77,5932668.0,23335820.0
801113.SI,20201027,小家电,7568.57,7770.12,7332.29,7485.58,-141.58,-1.86,7032.0,195876.0,42.85,6.64,5822538.0,22869235.0
801113.SI,20201028,小家电,7471.24,7681.85,7302.28,7529.48,43.9,0.59,8011.0,228754.0,43.09,6.67,5856684.0,23157042.0
801113.SI,20201029,小家电,7419.11,7656.89,7315.58,7526.38,-3.1,-0.04,8114.0,195151.0,43.08,6.68,5854272.0,23227585.0
801113.SI,20201030,小家电,7619.7,7705.85,7297.71,7418.43,-107.95,-1.43,7338.0,188413.0,42.44,6.57,5770306.0,22891439.0
801113.SI,20201102,小家电,7422.57,7840.02,7367.78,7753.17,334.74,4.51,8302.0,235887.0,44.37,6.86,6030679.0,23721618.0
801113.SI,20201103,小家电,7839.16,8021.48,7642.11,7845.64,92.47,1.19,12843.0,261361.0,44.84,6.95,6102607.0,23961625.0
801113.SI,20201104,小家电,7836.88,7987.56,7679.52,7872.23,26.59,0.34,9515.0,227721.0,45.05,6.96,6123290.0,24100267.0
801113.SI,20201105,小家电,7901.18,8126.48,7809.94,7977.35,105.12,1.34,8284.0,221690.0,45.54,7.05,6247861.0,24410705.0
801113.SI,20201106,小家电,7983.18,8090.76,7753.01,7959.41,-17.94,-0.22,7862.0,201022.0,45.46,7.05,6233807.0,24348094.0
801113.SI,20201109,小家电,7990.72,8175.4,7794.4,7952.26,-7.15,-0.09,7964.0,231849.0,45.39,7.06,6263248.0,24313923.0
801113.SI,20201110,小家电,7852.91,7900.24,7497.79,7629.18,-323.08,-4.06,6906.0,216559.0,43.51,6.78,6008784.0,23515429.0
801113.SI,20201111,小家电,7597.62,7764.33,7431.82,7493.61,-135.57,-1.78,5059.0,156956.0,42.68,6.66,5902008.0,23073446.0
801113.SI,20201112,小家电,7504.67,7781.9,7440.06,7656.63,163.02,2.18,4831.0,137850.0,43.64,6.81,6030409.0,23536841.0
801113.SI,20201113,小家电,7683.8,7787.73,7506.35,7649.85,-6.78,-0.09,5644.0,112090.0,43.58,6.81,6025073.0,23508021.0
801113.SI,20201116,小家电,7688.62,7757.87,7459.89,7593.05,-56.8,-0.74,5811.0,129652.0,43.22,6.76,5978714.0,23399971.0
801113.SI,20201117,小家电,7585.25,7690.09,7412.04,7581.17,-11.88,-0.16,5132.0,136133.0,43.17,6.74,5970215.0,23353900.0
801113.SI,20201118,小家电,7533.02,7665.8,7401.03,7487.27,-93.9,-1.24,4902.0,137960.0,42.63,6.66,5896268.0,23095566.0
801113.SI,20201119,小家电,7461.52,7702.5,7310.9,7668.93,181.66,2.43,4189.0,138646.0,43.71,6.83,6039332.0,23629232.0
801113.SI,20201120,小家电,7655.56,7800.74,7547.92,7715.49,46.56,0.61,4021.0,139330.0,43.98,6.87,6075994.0,23770436.0
801113.SI,20201123,小家电,7693.35,7785.71,7513.18,7595.5,-119.99,-1.56,4007.0,126861.0,43.28,6.76,5981501.0,23413630.0
801113.SI,20201124,小家电,7575.82,7661.63,7302.79,7435.37,-160.13,-2.11,4474.0,139557.0,42.35,6.62,5855400.0,23013270.0
801113.SI,20201125,小家电,7462.86,7522.46,7257.58,7325.66,-109.71,-1.48,4135.0,122958.0,41.71,6.52,5769004.0,22638907.0
801113.SI,20201126,小家电,7297.2,7413.0,7087.12,7185.79,-139.87,-1.91,4887.0,118501.0,40.86,6.39,5658856.0,22281201.0
801113.SI,20201127,小家电,7146.46,7243.23,7031.02,7166.7,-19.09,-0.27,4095.0,96999.0,40.76,6.38,5643828.0,22200002.0
801113.SI,20201130,小家电,7133.43,7238.78,6910.68,7076.1,-90.6,-1.26,4566.0,150290.0,40.25,6.3,5572480.0,21935511.0
801113.SI,20201201,小家电,7048.0,7255.98,6972.38,7191.7,115.6,1.63,4045.0,138502.0,40.94,6.4,5663520.0,22284222.0
801113.SI,20201202,小家电,7197.94,7341.33,7099.39,7239.57,47.87,0.67,4445.0,131261.0,41.18,6.43,5701219.0,22390764.0
801113.SI,20201203,小家电,7222.99,7288.0,7087.47,7216.46,-23.11,-0.32,3519.0,96866.0,41.07,6.42,5683023.0,22354671.0
801113.SI,20201204,小家电,7200.87,7363.29,7125.29,7309.79,93.33,1.29,2885.0,95609.0,41.62,6.5,5756523.0,22690341.0
801113.SI,20201207,小家电,7311.95,7429.09,7207.04,7321.04,11.25,0.15,2938.0,97719.0,41.7,6.51,5765380.0,22697643.0
801113.SI,20201208,小家电,7314.12,7426.18,7207.6,7278.82,-42.22,-0.58,2810.0,88864.0,41.44,6.48,5732134.0,22521131.0
801113.SI,20201209,小家电,7300.0,7446.12,7208.4,7278.84,0.02,0.0,4086.0,110549.0,41.45,6.48,5732154.0,22431403.0
801113.SI,20201210,小家电,7284.89,7340.01,7145.12,7278.18,-0.66,-0.01,3503.0,88711.0,41.41,6.48,5731637.0,22385524.0
801113.SI,20201211,小家电,7274.37,7434.06,7119.98,7215.11,-63.07,-0.87,4727.0,112556.0,41.02,6.43,5681973.0,22161695.0
801113.SI,20201214,小家电,7208.04,7362.18,7085.25,7246.42,31.31,0.43,5451.0,102356.0,41.23,6.45,5706634.0,22313222.0
801113.SI,20201215,小家电,7244.91,7436.05,7184.16,7342.44,96.02,1.33,4513.0,121702.0,41.82,6.54,5782252.0,22622883.0
801113.SI,20201216,小家电,7357.08,7463.3,7206.58,7319.86,-22.58,-0.31,5399.0,121265.0,41.75,6.51,5764470.0,22601051.0
801113.SI,20201217,小家电,7324.87,7745.28,7259.54,7655.36,335.5,4.58,5984.0,218934.0,43.77,6.81,6028676.0,23541423.0
801113.SI,20201218,小家电,7657.24,7732.79,7399.92,7561.38,-93.98,-1.23,5509.0,200618.0,42.56,6.73,6035475.0,23568454.0
801113.SI,20201221,小家电,7516.15,7865.87,7390.64,7785.49,224.11,2.96,5984.0,204782.0,43.86,6.94,6214358.0,24228684.0
801113.SI,20201222,小家电,7721.94,7824.47,7477.93,7556.45,-229.04,-2.94,6017.0,157741.0,42.59,6.74,6031536.0,23506458.0
801113.SI,20201223,小家电,7560.06,7718.6,7425.68,7613.41,56.96,0.75,4459.0,151819.0,42.92,6.79,6077001.0,23582820.0
801113.SI,20201224,小家电,7593.48,7683.6,7320.37,7464.34,-149.07,-1.96,4139.0,140157.0,42.04,6.66,5958015.0,23119274.0
801113.SI,20201225,小家电,7437.97,7686.06,7290.56,7534.77,70.43,0.94,3978.0,145209.0,42.45,6.72,6014231.0,23424747.0
801113.SI,20201228,小家电,7619.39,7822.77,7477.86,7651.31,116.54,1.55,4136.0,150457.0,43.08,6.83,6125091.0,23734017.0
801113.SI,20201229,小家电,7707.19,7772.58,7511.32,7630.32,-20.99,-0.27,4197.0,141079.0,42.96,6.82,6108292.0,23606335.0
801113.SI,20201230,小家电,7610.74,7780.91,7503.49,7669.91,39.59,0.52,4520.0,128110.0,42.78,6.96,6361898.0,23755495.0
801113.SI,20201231,小家电,7688.97,7863.7,7565.64,7751.53,81.62,1.06,4247.0,134346.0,43.24,7.03,6432852.0,24093553.0
801113.SI,20210104,小家电,7742.22,7959.04,7594.62,7757.7,6.17,0.08,4830.0,172776.0,43.3,7.04,6437974.0,24097395.0
801113.SI,20210105,小家电,7740.07,7879.59,7543.39,7719.8,-37.9,-0.49,5629.0,199157.0,43.11,7.0,6406521.0,23992280.0
801113.SI,20210106,小家电,7771.58,7891.09,7458.67,7709.16,-10.64,-0.14,5809.0,209291.0,43.08,6.99,6397690.0,24002557.0
801113.SI,20210107,小家电,7661.56,8017.49,7489.91,7841.8,132.64,1.72,6881.0,215790.0,43.91,7.14,6507765.0,24482800.0
801113.SI,20210108,小家电,7852.54,8191.66,7752.78,7989.51,147.71,1.88,6143.0,199961.0,44.8,7.29,6630347.0,24963880.0
801113.SI,20210111,小家电,7982.77,8214.5,7775.03,8066.57,77.06,0.96,5994.0,204065.0,45.28,7.38,6694294.0,25099748.0
801113.SI,20210112,小家电,7987.39,8360.33,7821.27,8260.23,193.66,2.4,6199.0,208149.0,46.72,7.58,6857485.0,25799376.0
801113.SI,20210113,小家电,8432.59,8638.91,8234.41,8395.85,135.62,1.64,6981.0,263989.0,47.55,7.72,6970069.0,26109498.0
801113.SI,20210114,小家电,8376.36,8685.43,8225.81,8402.94,7.09,0.08,8376.0,226860.0,47.58,7.73,6975952.0,26140061.0
801113.SI,20210115,小家电,8410.51,8697.09,8199.42,8580.07,177.13,2.11,5076.0,186018.0,48.6,7.89,7122996.0,26573797.0
801113.SI,20210118,小家电,8528.38,8800.05,8221.22,8506.39,-73.68,-0.86,5371.0,191629.0,48.11,7.81,7072627.0,26293364.0
801113.SI,20210119,小家电,8406.87,8725.4,8205.33,8454.21,-52.18,-0.61,7326.0,209538.0,47.79,7.77,7029247.0,26066298.0
801113.SI,20210120,小家电,8357.56,8827.35,8268.94,8731.58,277.37,3.28,4497.0,170393.0,49.41,8.03,7259871.0,26786790.0
801113.SI,20210121,小家电,8805.12,9006.77,8541.63,8851.95,120.37,1.38,4361.0,176167.0,50.12,8.15,7359954.0,27077912.0
801113.SI,20210122,小家电,8825.1,9126.41,8659.09,8960.08,108.13,1.22,4174.0,174079.0,50.74,8.25,7449857.0,27283739.0
801113.SI,20210125,小家电,8939.79,9052.56,8606.86,8835.34,-124.74,-1.39,5016.0,212653.0,50.02,8.14,7346142.0,27070401.0
801113.SI,20210126,小家电,8701.99,8876.04,8501.68,8691.09,-144.25,-1.63,4631.0,161771.0,49.21,8.0,7226202.0,26694225.0
801113.SI,20210127,小家电,8575.86,8740.18,8354.41,8435.29,-255.8,-2.94,5389.0,196162.0,47.67,7.77,7013516.0,26029979.0
801113.SI,20210128,小家电,8303.65,8479.94,8102.82,8195.23,-240.06,-2.85,5801.0,159198.0,46.25,7.54,6813922.0,25284613.0
801113.SI,20210129,小家电,8267.33,8389.25,7915.06,8072.13,-123.1,-1.5,5372.0,198309.0,45.57,7.43,6711571.0,25042524.0
801113.SI,20210201,小家电,8054.78,8298.98,7937.94,8202.92,130.79,1.62,4044.0,169953.0,46.4,7.54,6820319.0,25489130.0
801113.SI,20210202,小家电,8156.23,8543.41,8054.04,8422.2,219.28,2.67,5530.0,148387.0,47.71,7.76,7002642.0,26048693.0
801113.SI,20210203,小家电,8478.24,8612.56,8219.84,8422.12,-0.08,0.0,4426.0,154039.0,47.7,7.77,7002582.0,25998309.0
801113.SI,20210204,小家电,8335.28,8530.72,8167.15,8371.38,-50.74,-0.6,3963.0,119446.0,47.42,7.72,6967887.0,26013416.0
801113.SI,20210205,小家电,8408.74,8633.03,8178.34,8361.95,-9.43,-0.11,4350.0,142224.0,47.39,7.71,6960037.0,26103950.0
801113.SI,20210208,小家电,8333.41,8440.49,8053.46,8312.06,-49.89,-0.6,4350.0,143634.0,47.09,7.67,6918515.0,25925424.0
801113.SI,20210209,小家电,8273.23,8620.65,8218.3,8529.5,217.44,2.62,3852.0,137099.0,48.32,7.87,7099502.0,26630139.0
801113.SI,20210210,小家电,8635.25,8723.59,8284.32,8479.73,-49.77,-0.58,4442.0,142432.0,48.04,7.83,7058078.0,26507491.0
801113.SI,20210218,小家电,8571.68,8693.46,8209.62,8354.54,-125.19,-1.48,4130.0,170809.0,47.29,7.7,6953875.0,26209463.0
801113.SI,20210219,小家电,8298.26,8435.44,7951.62,8248.32,-106.22,-1.27,4388.0,164413.0,46.63,7.6,6865463.0,25778029.0
801113.SI,20210222,小家电,8242.68,8296.51,7891.11,7982.82,-265.5,-3.22,6066.0,181663.0,45.05,7.35,6644481.0,25007571.0
801113.SI,20210223,小家电,7934.28,8218.9,7791.9,8029.37,46.55,0.58,4152.0,135616.0,45.35,7.4,6683224.0,25148555.0
801113.SI,20210224,小家电,8032.32,8235.21,7834.74,7947.9,-81.47,-1.01,5310.0,124935.0,44.83,7.31,6615413.0,24983540.0
801113.SI,20210225,小家电,7970.59,8199.52,7808.33,7940.72,-7.18,-0.09,5885.0,136789.0,44.81,7.3,6609432.0,24837961.0
801113.SI,20210226,小家电,7783.12,7880.85,7555.05,7705.96,-234.76,-2.96,4913.0,147701.0,43.42,7.08,6414033.0,24073522.0
801113.SI,20210301,小家电,7732.45,7884.56,7550.26,7822.5,116.54,1.51,4650.0,119113.0,44.08,7.18,6511032.0,24353492.0
801113.SI,20210302,小家电,7959.31,8012.29,7696.92,7814.38,-8.12,-0.1,5541.0,138596.0,44.05,7.18,6504274.0,24287071.0
801113.SI,20210303,小家电,7821.96,8021.03,7698.32,7792.25,-22.13,-0.28,5852.0,123169.0,43.86,7.16,6485853.0,24209059.0
801113.SI,20210304,小家电,7778.21,7860.56,7417.71,7584.95,-207.3,-2.66,7593.0,144503.0,42.6,6.97,6313312.0,23601651.0
801113.SI,20210305,小家电,7421.77,7733.69,7347.86,7669.74,84.79,1.12,6849.0,147736.0,43.12,7.04,6383887.0,23803621.0
801113.SI,20210308,小家电,7735.9,7843.04,7346.62,7440.52,-229.22,-2.99,6095.0,135060.0,41.83,6.83,6193101.0,23142232.0
801113.SI,20210309,小家电,7343.77,7529.98,7125.41,7383.71,-56.81,-0.76,6333.0,141578.0,41.5,6.79,6145818.0,22971597.0
801113.SI,20210310,小家电,7410.14,7585.0,7303.04,7387.62,3.91,0.05,4339.0,111105.0,41.54,6.79,6149066.0,22944723.0
801113.SI,20210311,小家电,7359.57,7565.45,7207.19,7441.87,54.25,0.73,5208.0,137120.0,41.85,6.84,6194220.0,23115414.0
801113.SI,20210312,小家电,7432.58,7544.88,7279.92,7403.06,-38.81,-0.52,5041.0,95961.0,41.64,6.8,6161920.0,23005627.0
801113.SI,20210315,小家电,7352.67,7460.15,7117.83,7279.28,-123.78,-1.67,4509.0,114334.0,40.89,6.69,6058892.0,22616812.0
801113.SI,20210316,小家电,7269.37,7455.12,7142.85,7351.05,71.77,0.99,4574.0,102184.0,41.26,6.76,6118633.0,22825571.0
801113.SI,20210317,小家电,7329.49,7522.48,7186.0,7447.5,96.45,1.31,4342.0,94667.0,41.83,6.85,6198918.0,23204312.0
801113.SI,20210318,小家电,7477.24,7551.82,7290.34,7452.18,4.68,0.06,4856.0,88053.0,41.8,6.84,6202813.0,23248569.0
801113.SI,20210319,小家电,7346.17,7506.19,7252.39,7383.49,-68.69,-0.92,8089.0,102796.0,41.35,6.78,6145641.0,23019616.0
801113.SI,20210322,小家电,7408.23,7633.37,7334.83,7527.96,144.47,1.96,6360.0,104614.0,42.21,6.91,6265894.0,23412314.0
801113.SI,20210323,小家电,7517.36,7597.59,7339.6,7448.43,-79.53,-1.06,5890.0,87359.0,41.69,6.83,6199701.0,23188209.0
801113.SI,20210324,小家电,7410.41,7676.98,7351.87,7555.75,107.32,1.44,5426.0,103394.0,42.3,6.94,6289027.0,23508713.0
801113.SI,20210325,小家电,7530.61,7669.29,7397.43,7543.43,-12.32,-0.16,4738.0,85766.0,42.23,6.93,6278776.0,23467893.0
801113.SI,20210326,小家电,7585.88,7938.12,7490.49,7910.51,367.08,4.87,6406.0,134306.0,44.28,7.26,6584312.0,24427344.0
801113.SI,20210329,小家电,7963.42,8195.78,7868.51,8078.49,167.98,2.12,2958.0,144101.0,45.19,7.43,6724133.0,24889020.0
801113.SI,20210330,小家电,8066.23,8291.8,7937.81,8147.96,69.47,0.86,3420.0,142731.0,45.58,7.5,6781952.0,25183952.0
801113.SI,20210331,小家电,8231.4,8328.15,7965.04,8197.2,49.24,0.6,3208.0,147225.0,45.79,7.54,6822933.0,25355720.0
801113.SI,20210401,小家电,8081.33,8342.26,7830.1,8084.18,-113.02,-1.38,4597.0,182266.0,45.05,7.44,6728856.0,25028947.0
801113.SI,20210402,小家电,8120.7,8350.64,7991.62,8209.87,125.69,1.55,11515.0,157074.0,45.69,7.56,6833479.0,25404786.0
801113.SI,20210406,小家电,8253.9,8422.27,8139.06,8233.15,23.28,0.28,11134.0,119393.0,45.84,7.58,6852857.0,25501502.0
801113.SI,20210407,小家电,8287.48,8368.12,7967.34,8155.03,-78.12,-0.95,9466.0,138395.0,45.47,7.51,6787835.0,25336366.0
801113.SI,20210408,小家电,8087.25,8325.66,8022.09,8225.06,70.03,0.86,7054.0,107645.0,45.79,7.56,6846125.0,25478332.0
801113.SI,20210409,小家电,8189.09,8373.77,8053.95,8148.96,-76.1,-0.93,8291.0,109192.0,45.26,7.49,6782785.0,25207437.0
801113.SI,20210412,小家电,8171.35,8337.36,7906.92,7991.61,-157.35,-1.93,11422.0,119595.0,44.39,7.34,6651813.0,24748829.0
801113.SI,20210413,小家电,7971.97,8172.51,7844.86,7967.27,-24.34,-0.3,9336.0,109781.0,44.33,7.32,6631555.0,24691233.0
801113.SI,20210414,小家电,7966.26,8156.8,7835.09,7986.3,19.03,0.24,12852.0,140459.0,44.36,7.33,6647392.0,24737525.0
801113.SI,20210415,小家电,8006.76,8095.97,7736.58,7898.21,-88.09,-1.1,12554.0,149373.0,43.86,7.26,6574070.0,24513194.0
801113.SI,20210416,小家电,7932.83,8033.33,7709.85,7901.7,3.49,0.04,9240.0,125066.0,43.93,7.26,6576978.0,24560756.0
801113.SI,20210419,小家电,7872.65,8131.54,7810.41,8047.9,146.2,1.85,8893.0,119630.0,44.85,7.4,6698667.0,25025652.0
801113.SI,20210420,小家电,8055.16,8292.58,7932.97,8145.99,98.09,1.22,10294.0,140065.0,45.44,7.49,6780310.0,25217010.0
801113.SI,20210421,小家电,8074.77,8259.3,7968.53,8160.42,14.43,0.18,10129.0,129675.0,45.53,7.5,6792315.0,25247001.0
801113.SI,20210422,小家电,8152.62,8312.72,7981.48,8205.06,44.64,0.55,9313.0,155729.0,45.82,7.53,6829469.0,25302989.0
801113.SI,20210423,小家电,8250.7,8411.18,8103.92,8291.65,86.59,1.06,11183.0,144233.0,46.25,7.62,6901543.0,25608829.0
801113.SI,20210426,小家电,8473.31,8692.15,8284.25,8473.9,182.25,2.2,11682.0,171250.0,47.27,7.8,7053242.0,26049447.0
801113.SI,20210427,小家电,8559.1,8885.0,8417.19,8783.75,309.85,3.66,10978.0,241976.0,49.15,8.08,7311142.0,26915924.0
801113.SI,20210428,小家电,8912.19,9197.33,8721.4,9058.47,274.72,3.13,11982.0,268091.0,50.78,8.05,7539804.0,27824299.0
801113.SI,20210429,小家电,9124.34,9399.3,8899.91,9219.25,160.78,1.77,12515.0,303590.0,51.74,8.21,7673627.0,28351387.0
801113.SI,20210430,小家电,9061.31,9347.41,8901.66,9027.4,-191.85,-2.08,11373.0,236047.0,50.64,8.03,7513937.0,27917854.0
801113.SI,20210506,小家电,9150.85,9332.94,8821.58,9074.97,47.57,0.53,10442.0,221115.0,45.18,8.08,7553533.0,28172280.0
801113.SI,20210507,小家电,9057.57,9297.4,8804.23,8868.47,-206.5,-2.28,9749.0,199384.0,44.08,7.89,7381655.0,27657377.0
801113.SI,20210510,小家电,8902.0,9058.49,8575.57,8801.62,-66.85,-0.75,8813.0,178808.0,43.73,7.85,7326008.0,27497691.0
801113.SI,20210511,小家电,8775.76,8926.17,8403.44,8740.85,-60.77,-0.69,15600.0,224587.0,43.41,7.79,7275431.0,27368848.0
801113.SI,20210512,小家电,8780.85,9085.03,8567.0,8970.56,229.71,2.63,17554.0,254883.0,44.53,8.0,7466629.0,27960564.0
801113.SI,20210513,小家电,8972.37,9248.68,8710.17,8965.91,-4.65,-0.05,20969.0,283581.0,44.43,7.99,7462760.0,27817918.0
801113.SI,20210514,小家电,8920.42,9132.53,8718.84,8968.99,3.08,0.03,15643.0,226870.0,44.53,7.98,7433597.0,27888114.0
801113.SI,20210517,小家电,8937.54,9201.17,8705.89,8966.41,-2.58,-0.03,11603.0,214170.0,44.6,7.98,7431456.0,27872243.0
801113.SI,20210518,小家电,8968.49,9088.25,8747.37,9001.45,35.04,0.39,9629.0,150481.0,44.76,8.01,7460501.0,27990083.0
801113.SI,20210519,小家电,8992.7,9038.68,8720.64,8867.32,-134.13,-1.49,9042.0,142438.0,44.0,7.89,7349328.0,27570515.0
801113.SI,20210520,小家电,8885.2,9171.26,8800.0,9003.39,136.07,1.53,9055.0,178198.0,44.72,8.02,7462101.0,28040084.0
801113.SI,20210521,小家电,9059.14,9148.43,8735.78,8886.79,-116.6,-1.3,7632.0,148511.0,44.09,7.91,7365462.0,27706373.0
801113.SI,20210524,小家电,8742.62,9024.26,8560.27,8791.36,-95.43,-1.07,8543.0,184813.0,43.62,7.83,7286375.0,27466943.0
801113.SI,20210525,小家电,8812.15,9024.41,8680.44,8929.75,138.39,1.57,12180.0,188473.0,44.34,7.94,7401077.0,27841370.0
801113.SI,20210526,小家电,8840.68,9025.01,8704.66,8914.02,-15.73,-0.18,9591.0,158491.0,44.31,7.93,7388045.0,27825468.0
801113.SI,20210527,小家电,8905.23,9307.42,8778.38,9258.9,344.88,3.87,7977.0,179496.0,46.11,8.24,7673887.0,28727580.0
801113.SI,20210528,小家电,9269.16,9437.08,8984.11,9186.58,-72.32,-0.78,8177.0,204424.0,51.96,9.31,9117870.0,28407034.0
801113.SI,20210531,小家电,9284.93,9533.22,9086.29,9314.27,127.69,1.39,8540.0,189184.0,52.74,9.44,9244612.0,28590697.0
801113.SI,20210601,小家电,9277.42,9407.59,9015.41,9127.28,-186.99,-2.01,8701.0,200500.0,51.64,9.24,9058571.0,28236016.0
801113.SI,20210602,小家电,9206.37,9251.49,8869.27,8981.13,-146.15,-1.6,7997.0,159980.0,50.81,9.1,8913528.0,27851114.0
801113.SI,20210603,小家电,8974.68,9376.69,8904.09,9155.37,174.24,1.94,6759.0,167990.0,51.76,9.28,9086457.0,28151610.0
801113.SI,20210604,小家电,9236.83,9389.34,9070.36,9259.67,104.3,1.14,7438.0,145787.0,52.34,9.38,9189969.0,28486483.0
801113.SI,20210607,小家电,9335.45,9520.08,9144.01,9259.95,0.28,0.0,6794.0,158677.0,52.3,9.39,9190244.0,28415760.0
801113.SI,20210608,小家电,9292.59,9541.28,9076.85,9255.09,-4.86,-0.05,6722.0,170098.0,52.3,9.39,9185423.0,28407450.0
801113.SI,20210609,小家电,9279.25,9403.24,9034.96,9206.34,-48.75,-0.53,6916.0,155801.0,52.03,9.34,9137044.0,28251622.0
801113.SI,20210610,小家电,9251.46,9624.49,9180.36,9525.15,318.81,3.46,6499.0,169986.0,53.89,9.67,9453451.0,28948577.0
801113.SI,20210611,小家电,9500.52,9761.2,9327.02,9553.28,28.13,0.3,8408.0,214566.0,53.99,9.7,9481364.0,28858859.0
801113.SI,20210615,小家电,9565.9,9711.35,9312.11,9507.22,-46.06,-0.48,6372.0,139740.0,54.54,9.7,9308563.0,28621221.0
801113.SI,20210616,小家电,9579.15,9634.03,9075.35,9284.01,-223.21,-2.35,5380.0,133200.0,53.22,9.47,9090012.0,27963816.0
801113.SI,20210617,小家电,9278.87,9543.15,9185.43,9380.66,96.65,1.04,6286.0,125376.0,53.78,9.57,9184637.0,28190492.0
801113.SI,20210618,小家电,9348.14,9486.62,9190.06,9354.96,-25.7,-0.27,6698.0,142879.0,53.67,9.54,9159468.0,28063316.0
801113.SI,20210621,小家电,9412.43,9769.91,9252.68,9682.77,327.81,3.5,7339.0,190596.0,55.62,9.87,9480423.0,28920215.0
801113.SI,20210622,小家电,9679.9,10253.7,9539.03,10114.25,431.48,4.46,7035.0,171661.0,58.11,10.32,9947679.0,29830540.0
801113.SI,20210623,小家电,10129.95,10306.2,9971.36,10191.86,77.61,0.77,7230.0,169236.0,58.54,10.4,10024007.0,30162371.0
801113.SI,20210624,小家电,10234.41,10376.53,9933.7,10105.59,-86.27,-0.85,9422.0,159503.0,57.95,10.31,9939154.0,30018584.0
801113.SI,20210625,小家电,10075.77,10473.91,9931.57,10309.36,203.77,2.02,9146.0,173261.0,59.08,10.52,10139569.0,30326184.0
801113.SI,20210628,小家电,10399.45,10455.89,10068.67,10230.98,-78.38,-0.76,12183.0,173401.0,58.65,10.43,10062478.0,30132472.0
801113.SI,20210629,小家电,10254.4,10321.88,9949.13,10213.53,-17.45,-0.17,11126.0,160265.0,58.6,10.42,10045307.0,30050206.0
801113.SI,20210630,小家电,10120.66,10498.79,9962.53,10300.86,87.33,0.86,7861.0,138981.0,59.17,10.51,10131195.0,30238332.0
801113.SI,20210701,小家电,10315.39,10511.93,10114.36,10415.87,115.01,1.12,10257.0,158233.0,59.85,10.63,10244305.0,30464773.0
801113.SI,20210702,小家电,10387.68,10503.45,9916.37,10148.98,-266.89,-2.56,8753.0,182118.0,58.31,10.36,9981814.0,29847686.0
801113.SI,20210705,小家电,10169.19,10404.36,9923.91,10181.06,32.08,0.32,8234.0,173681.0,58.47,10.38,10013368.0,29788316.0
801113.SI,20210706,小家电,10229.99,10631.02,10072.94,10274.02,92.96,0.91,8062.0,166180.0,59.03,10.48,10104799.0,29901980.0
801113.SI,20210707,小家电,10189.3,10488.54,10092.02,10288.45,14.43,0.14,8507.0,163108.0,59.05,10.49,10119000.0,29999225.0
801113.SI,20210708,小家电,10354.44,10498.48,10103.24,10208.75,-79.7,-0.77,7454.0,153208.0,57.98,10.31,10040609.0,29639992.0
801113.SI,20210709,小家电,10177.97,10222.01,9619.06,9912.29,-296.46,-2.9,7775.0,250510.0,56.83,10.12,9749032.0,28680610.0
801113.SI,20210712,小家电,9808.89,9969.27,9407.05,9794.22,-118.07,-1.19,6847.0,211315.0,56.16,9.99,9632909.0,28375404.0
801113.SI,20210713,小家电,9782.78,10149.2,9622.61,10052.65,258.43,2.64,6978.0,178508.0,56.82,10.18,9952062.0,28927761.0
801113.SI,20210714,小家电,9809.48,10173.47,9645.02,10017.25,-35.4,-0.35,10822.0,176213.0,56.65,10.15,9917019.0,28811105.0
801113.SI,20210715,小家电,9973.27,10626.52,9834.91,10458.56,441.31,4.41,8693.0,203280.0,59.23,10.61,10353915.0,29592266.0
801113.SI,20210716,小家电,10330.3,10412.8,9713.95,9751.38,-707.18,-6.76,7546.0,190139.0,55.1,9.88,9653813.0,28005416.0
801113.SI,20210719,小家电,9337.1,9616.36,9135.72,9461.61,-289.77,-2.97,8307.0,230902.0,53.41,9.58,9366940.0,27274610.0
801113.SI,20210720,小家电,9369.8,9568.38,9203.4,9513.21,51.6,0.55,6789.0,151300.0,53.73,9.63,9418032.0,27362729.0
801113.SI,20210721,小家电,9524.5,10023.54,9431.49,9943.53,430.32,4.52,7194.0,137826.0,56.2,10.08,9844049.0,28273296.0
801113.SI,20210722,小家电,9920.64,10067.14,9262.61,9293.74,-649.79,-6.53,7287.0,181357.0,52.41,9.4,9204810.0,26786287.0
801113.SI,20210723,小家电,9130.06,9263.08,8587.82,8611.47,-682.27,-7.34,7612.0,201336.0,48.44,8.7,8529063.0,25094767.0
801113.SI,20210726,小家电,8345.06,8565.89,8028.84,8143.49,-467.98,-5.43,7018.0,227426.0,45.75,8.27,8054078.0,23860668.0
801113.SI,20210727,小家电,8282.86,8458.73,7970.4,8012.79,-130.7,-1.6,6636.0,183154.0,45.03,8.14,7924811.0,23488974.0
801113.SI,20210728,小家电,7950.47,8218.09,7770.78,7982.16,-30.63,-0.38,7987.0,181721.0,44.86,8.11,7894518.0,23459741.0
801113.SI,20210729,小家电,8165.16,8520.92,8089.07,8465.5,483.34,6.06,6248.0,157280.0,47.67,8.61,8372545.0,24573678.0
801113.SI,20210730,小家电,8475.2,8601.02,7868.35,7986.12,-479.38,-5.66,6882.0,175998.0,44.88,8.11,7898430.0,23591728.0
801113.SI,20210802,小家电,8073.86,8280.54,7560.01,7973.96,-12.16,-0.15,7134.0,233267.0,44.8,8.1,7886405.0,23618785.0
801113.SI,20210803,小家电,7806.43,8197.54,7769.82,8113.93,139.97,1.76,6613.0,189502.0,45.61,8.24,8024840.0,24029655.0
801113.SI,20210804,小家电,8191.8,8387.24,8042.78,8203.07,89.14,1.1,5754.0,149152.0,46.13,8.34,8113001.0,24181153.0
801113.SI,20210805,小家电,8157.58,8432.27,8015.56,8277.53,74.46,0.91,5570.0,142600.0,46.55,8.42,8186642.0,24254796.0
801113.SI,20210806,小家电,8287.45,8334.27,7917.42,8055.72,-221.81,-2.68,4196.0,121507.0,45.27,8.19,7967264.0,23724353.0
801113.SI,20210809,小家电,8034.63,8752.17,8000.35,8672.8,617.08,7.66,6903.0,190322.0,48.8,8.81,8577572.0,25425683.0
801113.SI,20210810,小家电,8575.56,8825.91,8307.87,8672.87,0.07,0.0,8473.0,223809.0,48.76,8.81,8577643.0,25420179.0
801113.SI,20210811,小家电,8575.23,8984.44,8423.63,8791.44,118.57,1.37,6263.0,169010.0,49.44,8.87,8704043.0,25597493.0
801113.SI,20210812,小家电,8763.25,8865.33,8521.56,8568.03,-223.41,-2.54,7500.0,128687.0,48.13,8.64,8482852.0,25081297.0
801113.SI,20210813,小家电,8558.31,8694.38,8252.55,8484.0,-84.03,-0.98,6348.0,127137.0,47.68,8.55,8399656.0,24841441.0
801113.SI,20210816,小家电,8384.19,8810.01,8352.25,8634.34,150.34,1.77,7299.0,136121.0,48.56,8.71,8548511.0,25247163.0
801113.SI,20210817,小家电,8602.08,8662.57,8223.97,8293.84,-340.5,-3.94,8505.0,150894.0,46.59,8.37,8211398.0,24324387.0
801113.SI,20210818,小家电,8293.28,8499.79,8182.06,8421.71,127.87,1.54,7842.0,134187.0,47.34,8.5,8337998.0,24697209.0
801113.SI,20210819,小家电,8443.83,8669.88,8170.32,8272.47,-149.24,-1.77,8500.0,174213.0,46.47,8.35,8190237.0,24317997.0
801113.SI,20210820,小家电,8247.35,8379.17,7908.45,8089.15,-183.32,-2.22,7599.0,159918.0,45.41,8.16,8008739.0,23817243.0
801113.SI,20210823,小家电,8149.07,8306.1,7971.32,8168.56,79.41,0.98,8163.0,163787.0,45.88,8.23,8087360.0,24180458.0
801113.SI,20210824,小家电,8249.4,8447.48,8083.24,8301.99,133.43,1.63,6241.0,123873.0,46.64,8.37,8219463.0,24519587.0
801113.SI,20210825,小家电,8297.89,8430.84,8046.99,8344.48,42.49,0.51,6156.0,129186.0,46.85,8.41,8261531.0,24601165.0
801113.SI,20210826,小家电,8314.38,8369.45,7924.45,7997.42,-347.06,-4.16,5598.0,139562.0,44.84,8.06,7917920.0,23676039.0
801113.SI,20210827,小家电,8036.71,8316.32,7899.99,8086.66,89.24,1.12,8280.0,174299.0,45.36,8.16,8006268.0,23753212.0
801113.SI,20210830,小家电,7920.17,7968.06,7507.98,7563.94,-522.72,-6.46,7258.0,147411.0,42.31,7.62,7488747.0,22548070.0
801113.SI,20210831,小家电,7306.88,7431.19,7029.52,7180.02,-383.92,-5.08,8190.0,298608.0,40.11,7.22,7108645.0,21601546.0
801113.SI,20210901,小家电,7253.83,7475.54,6958.89,7347.46,167.44,2.33,7421.0,219320.0,34.76,7.39,7274419.0,21968841.0
801113.SI,20210902,小家电,7290.38,7545.64,7190.49,7295.31,-52.15,-0.71,7375.0,155358.0,34.51,7.34,7222784.0,21733983.0
801113.SI,20210903,小家电,7286.86,7427.49,7034.55,7333.72,38.41,0.53,10785.0,156215.0,32.63,6.51,6144737.0,21816049.0
801113.SI,20210906,小家电,7385.26,7643.69,7261.45,7592.49,258.77,3.53,10003.0,167807.0,33.85,6.75,6361554.0,22546180.0
801113.SI,20210907,小家电,7604.13,7836.39,7456.65,7749.43,156.94,2.07,7789.0,153420.0,34.59,6.89,6493045.0,22958412.0
801113.SI,20210908,小家电,7753.12,7834.0,7454.49,7518.81,-230.62,-2.98,6635.0,146630.0,33.5,6.68,6299812.0,22361337.0
801113.SI,20210909,小家电,7512.45,7635.81,7409.53,7542.25,23.44,0.31,8932.0,131108.0,33.54,6.7,6319448.0,22381007.0
801113.SI,20210910,小家电,7523.03,7616.77,7334.15,7411.72,-130.53,-1.73,7243.0,129567.0,32.97,6.58,6210078.0,22062607.0
801113.SI,20210913,小家电,7466.78,7505.49,7253.55,7288.2,-123.52,-1.67,6442.0,106883.0,32.41,6.47,6106582.0,21704504.0
801113.SI,20210914,小家电,7353.06,7476.8,7219.85,7280.07,-8.13,-0.11,8302.0,122587.0,32.36,6.46,6099769.0,21597564.0
801113.SI,20210915,小家电,7182.23,7353.61,7016.14,7132.88,-147.19,-2.02,9960.0,133431.0,31.63,6.33,5976442.0,21129184.0
801113.SI,20210916,小家电,7186.63,7533.22,7080.5,7397.3,264.42,3.71,14383.0,222276.0,32.79,6.58,6197997.0,21779206.0
801113.SI,20210917,小家电,7286.16,7434.26,7026.14,7320.49,-76.81,-1.04,15914.0,220147.0,32.36,6.51,6133638.0,21529680.0
801113.SI,20210922,小家电,7268.47,7307.77,6973.97,7101.91,-218.58,-2.99,8530.0,133318.0,31.24,6.31,5957183.0,20915536.0
801113.SI,20210923,小家电,7145.42,7333.76,7009.57,7200.75,98.84,1.39,16014.0,154681.0,31.78,6.4,6040097.0,21208454.0
801113.SI,20210924,小家电,7143.32,7583.97,7072.97,7444.73,243.98,3.39,14919.0,195656.0,32.98,6.62,6244756.0,21893936.0
801113.SI,20210927,小家电,7357.07,7741.55,7279.43,7469.78,25.05,0.34,15044.0,241040.0,33.18,6.65,6265768.0,22090312.0
801113.SI,20210928,小家电,7397.03,7601.94,7225.46,7294.99,-174.79,-2.34,9988.0,151693.0,32.34,6.5,6119148.0,21628961.0
801113.SI,20210929,小家电,7287.46,7427.53,7046.52,7256.93,-38.06,-0.52,10440.0,148055.0,32.16,6.47,6087226.0,21536486.0
801113.SI,20210930,小家电,7273.61,7402.43,7077.73,7221.95,-34.98,-0.48,8685.0,136113.0,31.92,6.44,6057887.0,21363481.0
801113.SI,20211008,小家电,7308.66,7460.08,7152.27,7357.35,135.4,1.87,9954.0,151996.0,32.46,6.55,6171468.0,21804364.0
801113.SI,20211011,小家电,7335.4,7503.84,7179.67,7272.0,-85.35,-1.16,7161.0,145521.0,32.0,6.47,6060070.0,21572000.0
801113.SI,20211012,小家电,7287.19,7426.06,7075.6,7228.27,-43.73,-0.6,16482.0,191313.0,31.75,6.43,6023631.0,21346378.0
801113.SI,20211013,小家电,7230.93,7518.22,7091.26,7444.81,216.54,3.0,16833.0,181580.0,32.71,6.63,6204089.0,21900796.0
801113.SI,20211014,小家电,7410.4,7506.94,7164.41,7305.88,-138.93,-1.87,13051.0,165861.0,32.08,6.5,6088314.0,21540619.0
801113.SI,20211015,小家电,7317.06,7542.31,7134.88,7409.85,103.97,1.42,12751.0,185039.0,32.64,6.6,6174959.0,21872679.0
801113.SI,20211018,小家电,7378.06,7418.74,6938.58,7210.4,-199.45,-2.69,9566.0,206247.0,31.65,6.41,6008745.0,21222962.0
801113.SI,20211019,小家电,7171.41,7579.57,7123.89,7443.22,232.82,3.23,6573.0,155318.0,32.71,6.57,6263526.0,21865549.0
801113.SI,20211020,小家电,7459.18,7646.71,7355.26,7476.96,33.74,0.45,8154.0,150184.0,32.91,6.6,6291921.0,21888153.0
801113.SI,20211021,小家电,7512.18,7827.1,7387.68,7577.94,100.98,1.35,7386.0,185406.0,33.38,6.69,6376894.0,22230820.0
801113.SI,20211022,小家电,7563.91,7915.54,7436.93,7723.19,145.25,1.92,10067.0,237638.0,34.01,6.82,6499120.0,22756814.0
801113.SI,20211025,小家电,7687.64,7986.16,7572.51,7838.03,114.84,1.49,7745.0,216809.0,34.55,6.92,6595755.0,23038648.0
801113.SI,20211026,小家电,7762.79,7842.04,7582.2,7679.09,-158.94,-2.03,7406.0,157783.0,33.78,6.79,6462008.0,22567514.0
801113.SI,20211027,小家电,7848.52,7891.85,7319.56,7609.36,-69.73,-0.91,8479.0,187442.0,33.46,6.73,6403324.0,22239619.0
801113.SI,20211028,小家电,7582.26,7946.63,7411.8,7821.43,212.07,2.79,12236.0,289219.0,33.87,6.92,6749478.0,23649461.0
801113.SI,20211029,小家电,7771.0,8037.53,7629.24,7977.43,156.0,1.99,12286.0,292936.0,34.61,7.06,6884098.0,24133185.0
801113.SI,20211101,小家电,8215.25,8527.0,8043.38,8284.11,306.68,3.84,9714.0,330984.0,36.01,7.34,7156348.0,24976561.0
801113.SI,20211102,小家电,8328.63,8747.31,8191.56,8506.24,222.13,2.68,10308.0,295789.0,37.08,7.55,7351624.0,25583181.0
801113.SI,20211103,小家电,8519.65,8708.79,8392.93,8516.35,10.11,0.12,7874.0,222371.0,37.13,7.55,7344122.0,25689044.0
801113.SI,20211104,小家电,8497.0,8782.43,8290.62,8715.09,198.74,2.33,10013.0,265193.0,37.95,7.75,7504570.0,26319396.0
801113.SI,20211105,小家电,8668.01,8842.61,8465.31,8644.37,-70.72,-0.81,9380.0,240351.0,37.63,7.67,7460575.0,26036424.0
801113.SI,20211108,小家电,8529.85,8825.58,8385.63,8518.46,-125.91,-1.46,8049.0,232868.0,37.02,7.56,7351901.0,25639527.0
801113.SI,20211109,小家电,8477.7,8695.02,8372.4,8522.56,4.1,0.05,7265.0,195338.0,36.99,7.56,7355439.0,25659451.0
801113.SI,20211110,小家电,8498.61,8557.96,8226.08,8381.95,-140.61,-1.65,7924.0,208830.0,36.34,7.43,7234080.0,25219437.0
801113.SI,20211111,小家电,8380.96,8546.33,8158.96,8349.87,-32.08,-0.38,10074.0,213954.0,36.3,7.42,7206394.0,25175787.0
801113.SI,20211112,小家电,8470.95,8545.85,7992.5,8124.27,-225.6,-2.7,8449.0,226608.0,35.23,7.18,7011694.0,24597625.0
801113.SI,20211115,小家电,8118.52,8377.93,7965.46,8213.3,89.03,1.1,10245.0,275258.0,35.65,7.25,7088532.0,24888961.0
801113.SI,20211116,小家电,8223.56,8744.08,8121.5,8567.86,354.56,4.32,12086.0,326627.0,37.26,7.59,7395687.0,26138274.0
801113.SI,20211117,小家电,8593.64,8813.17,8393.02,8601.17,33.31,0.39,8952.0,307367.0,37.31,7.6,7424444.0,26235280.0
801113.SI,20211118,小家电,8607.82,8695.44,8335.32,8463.32,-137.85,-1.6,10115.0,230341.0,36.67,7.49,7305450.0,25878841.0
801113.SI,20211119,小家电,8502.78,8632.38,8338.25,8466.03,2.71,0.03,6939.0,168264.0,36.75,7.49,7307785.0,25888845.0
801113.SI,20211122,小家电,8451.47,8615.1,8325.95,8440.91,-25.12,-0.3,6269.0,174928.0,36.67,7.47,7286101.0,25829586.0
801113.SI,20211123,小家电,8418.47,8493.51,8220.55,8322.28,-118.63,-1.41,7138.0,192894.0,36.16,7.37,7190055.0,25516484.0
801113.SI,20211124,小家电,8306.51,8481.89,8188.62,8356.9,34.62,0.42,9417.0,193653.0,36.32,7.4,7219964.0,25705359.0
801113.SI,20211125,小家电,8366.7,8507.89,8230.62,8391.49,34.59,0.41,9659.0,230058.0,36.5,7.41,7249844.0,25934600.0
801113.SI,20211126,小家电,8418.67,8563.21,8248.26,8344.15,-47.34,-0.56,8443.0,205544.0,36.3,7.38,7208943.0,25737251.0
801113.SI,20211129,小家电,8245.18,8473.02,8105.15,8311.97,-32.18,-0.39,8007.0,199919.0,36.17,7.34,7263516.0,26472092.0
801113.SI,20211130,小家电,8310.29,8414.49,8134.09,8224.69,-87.28,-1.05,7596.0,183510.0,35.76,7.25,7187252.0,26227902.0
801113.SI,20211201,小家电,8229.23,8295.33,8029.19,8161.53,-63.16,-0.77,8162.0,234925.0,35.49,7.17,7132064.0,26019908.0
801113.SI,20211202,小家电,8165.67,8426.24,8098.35,8265.88,104.35,1.28,10840.0,227126.0,35.94,7.28,7223251.0,26284410.0
801113.SI,20211203,小家电,8244.86,8373.17,8027.53,8130.11,-135.77,-1.64,12019.0,246989.0,35.37,7.16,7104608.0,25865185.0
801113.SI,20211206,小家电,8096.36,8225.47,7867.78,8010.37,-119.74,-1.47,8589.0,198593.0,34.82,7.05,6999971.0,25499630.0
801113.SI,20211207,小家电,8060.51,8362.57,7944.53,8185.82,175.45,2.19,10182.0,236015.0,35.6,7.23,7153295.0,26033018.0
801113.SI,20211208,小家电,8172.82,8563.83,8069.25,8429.09,243.27,2.97,10686.0,259301.0,36.71,7.48,7360751.0,26754102.0
801113.SI,20211209,小家电,8435.12,8787.87,8304.9,8634.32,205.23,2.43,12549.0,318453.0,37.64,7.67,7539974.0,27412184.0
801113.SI,20211210,小家电,8582.26,8816.18,8509.98,8645.86,11.54,0.13,9296.0,260536.0,37.68,7.67,7550050.0,27454758.0
801113.SI,20211213,小家电,8613.27,8731.46,8242.8,8318.38,-327.48,-3.79,10438.0,263380.0,39.98,6.57,7264077.0,26568458.555457
801113.SI,20211214,小家电,8273.23,8390.53,7943.25,8046.59,-271.79,-3.27,10147.0,307064.0,38.67,6.36,7026731.0,25852660.876141
801113.SI,20211215,小家电,8008.08,8257.84,7928.26,8169.85,123.26,1.53,8898.0,257746.0,39.26,6.45,7134373.0,26217369.202134
801113.SI,20211216,小家电,8121.68,8179.83,7891.31,8035.75,-134.1,-1.64,7502.0,199623.0,38.29,6.22,7068862.0,25705195.934139
801113.SI,20211217,小家电,7978.04,8091.29,7827.02,7917.83,-117.92,-1.47,7992.0,174529.0,37.73,6.13,6965131.0,25273591.962739
801113.SI,20211220,小家电,7891.44,8037.56,7749.04,7854.1,-63.73,-0.8,7623.0,169648.0,37.43,6.08,6909300.0,25088387.754482
801113.SI,20211221,小家电,7836.35,8015.5,7751.39,7937.28,83.18,1.06,6203.0,135344.0,37.82,6.14,6982474.0,25426420.20214
801113.SI,20211222,小家电,7931.74,8011.66,7812.73,7887.28,-50.0,-0.63,7287.0,146876.0,37.58,6.1,6938492.0,25327138.564234
801113.SI,20211223,小家电,7840.55,7935.85,7718.09,7842.81,-44.47,-0.56,6209.0,155114.0,37.37,6.07,6899372.0,25145984.295848
801113.SI,20211224,小家电,7828.05,7866.6,7539.94,7647.91,-194.9,-2.49,5931.0,155703.0,36.44,5.92,6727917.0,24596365.065796
801113.SI,20211227,小家电,7680.83,7848.53,7543.41,7795.96,148.04,1.94,4656.0,129299.0,37.15,6.03,6858153.0,25061021.582474
801113.SI,20211228,小家电,7814.89,8134.27,7753.51,8089.82,293.86,3.77,7829.0,236601.0,38.55,6.26,7116661.0,25913105.33504
801113.SI,20211229,小家电,8058.16,8231.71,7889.96,8070.91,-18.9,-0.23,10022.0,229322.0,38.46,6.25,7100032.0,25828877.242185
801113.SI,20211230,小家电,8066.66,8172.17,7917.86,8034.96,-35.95,-0.45,8864.0,168857.0,38.29,6.22,7068408.0,25695534.056293
801113.SI,20211231,小家电,8043.45,8149.62,7870.85,7960.23,-74.73,-0.93,6801.0,148638.0,37.91,6.16,7010370.0,25458068.116908
801113.SI,20220104,小家电,7991.36,8085.77,7811.9,7919.35,-40.88,-0.51,6741.0,154676.0,37.72,6.13,6974364.0,25319041.544974
801113.SI,20220105,小家电,7912.66,8270.22,7775.91,8143.26,223.91,2.83,10580.0,315524.0,38.83,6.33,7211063.0,26049219.963404
801113.SI,20220106,小家电,8033.8,8253.4,7932.16,8024.76,-118.5,-1.46,7346.0,202302.0,38.27,6.23,7106126.0,25654334.719911
801113.SI,20220107,小家电,8024.92,8337.45,7934.04,8137.15,112.4,1.4,9789.0,258868.0,38.8,6.32,7205655.0,26091076.448713
801113.SI,20220110,小家电,8163.81,8410.5,7947.8,8245.82,108.67,1.34,8838.0,246989.0,39.32,6.41,7301883.0,26278800.454541
801113.SI,20220111,小家电,8231.48,8328.31,7920.06,7963.63,-282.19,-3.42,8665.0,207463.0,37.97,6.19,7051997.0,25370752.340726
801113.SI,20220112,小家电,7938.31,8052.01,7822.91,7985.83,22.2,0.28,6950.0,159182.0,38.08,6.2,7071656.0,25440593.144672
801113.SI,20220113,小家电,7954.41,8028.46,7670.3,7757.67,-228.16,-2.86,7869.0,167417.0,36.99,6.03,6869610.0,24743778.157794
801113.SI,20220114,小家电,7712.7,7860.01,7558.99,7688.09,-69.58,-0.9,9244.0,167725.0,36.66,5.97,6807995.0,24526928.282446
801113.SI,20220117,小家电,7661.6,7745.49,7439.87,7617.25,-70.83,-0.92,9500.0,189974.0,36.32,5.92,6745271.0,24302596.363474
801113.SI,20220118,小家电,7624.78,7885.27,7478.4,7717.77,100.51,1.32,8435.0,178858.0,36.82,6.0,6834278.0,24623156.021942
801113.SI,20220119,小家电,7649.58,7814.19,7471.73,7629.6,-88.17,-1.14,6811.0,156494.0,36.4,5.93,6756199.0,24336010.86546
801113.SI,20220120,小家电,7619.67,7745.07,7468.23,7588.39,-41.21,-0.54,5868.0,139092.0,36.2,5.9,6719708.0,24285461.431057
801113.SI,20220121,小家电,7563.95,7634.87,7298.96,7422.85,-165.54,-2.18,5153.0,132650.0,35.41,5.77,6573118.0,23733610.507586
801113.SI,20220124,小家电,7481.55,7562.71,7249.65,7340.96,-81.89,-1.1,3879.0,112569.0,35.02,5.7,6500603.0,23512354.098181
801113.SI,20220125,小家电,7351.95,7460.5,7145.42,7188.43,-152.53,-2.08,5233.0,123673.0,34.3,5.59,6365536.0,23012781.409554
801113.SI,20220126,小家电,7181.75,7376.29,7046.51,7138.03,-50.4,-0.7,4482.0,116109.0,34.06,5.55,6320907.0,22939036.236259
801113.SI,20220127,小家电,7144.62,7199.8,6899.73,6954.5,-183.53,-2.57,4755.0,98704.0,33.18,5.4,6158389.0,22382786.490494
801113.SI,20220128,小家电,6969.93,7201.22,6823.31,7043.69,89.19,1.28,5422.0,103493.0,33.61,5.47,6237368.0,22517156.169876
801113.SI,20220207,小家电,7134.79,7258.07,6930.4,7012.84,-30.86,-0.44,4120.0,99699.0,33.46,5.45,6210044.0,22542993.739716
801113.SI,20220208,小家电,6975.11,7082.0,6783.64,6950.38,-62.45,-0.89,3862.0,110873.0,33.16,5.4,6154740.0,22408250.516918
801113.SI,20220209,小家电,6955.4,7088.08,6847.4,7044.62,94.24,1.36,4446.0,118442.0,33.61,5.47,6238191.0,22619349.264729
801113.SI,20220210,小家电,7041.52,7100.61,6846.61,6957.66,-86.96,-1.23,7521.0,117585.0,33.21,5.41,6155623.0,22359285.150979
801113.SI,20220211,小家电,6953.64,7187.37,6804.41,6974.31,16.65,0.24,12121.0,186902.0,33.29,5.42,6170354.0,22289665.464311
801113.SI,20220214,小家电,6912.06,7017.41,6734.1,6859.56,-114.75,-1.65,8224.0,133790.0,32.74,5.33,6068829.0,22061528.941815
801113.SI,20220215,小家电,6852.83,7083.32,6765.01,7019.96,160.4,2.34,7007.0,128901.0,33.51,5.45,6210739.0,22461960.963977
801113.SI,20220216,小家电,7028.26,7118.71,6919.45,6990.03,-29.93,-0.43,5353.0,102598.0,33.38,5.43,6184260.0,22381437.403607
801113.SI,20220217,小家电,6996.71,7074.82,6896.51,6984.82,-5.21,-0.07,5843.0,107401.0,33.36,5.43,6179652.0,22316993.292943
801113.SI,20220218,小家电,6928.41,7028.29,6854.36,6953.61,-31.21,-0.45,4446.0,92032.0,33.21,5.4,6152039.0,22184017.135602
801113.SI,20220221,小家电,6951.95,7225.6,6876.92,7106.09,152.49,2.19,6799.0,127019.0,33.95,5.52,6288447.0,22553658.270198
801113.SI,20220222,小家电,7080.08,7132.02,6853.47,6934.53,-171.57,-2.41,7211.0,130502.0,33.13,5.39,6136622.0,22060676.27334
801113.SI,20220223,小家电,6940.21,7123.22,6856.27,7084.36,149.83,2.16,6938.0,101578.0,33.84,5.51,6269211.0,22496521.458747
801113.SI,20220224,小家电,7037.5,7086.62,6774.7,6863.69,-220.67,-3.11,8540.0,129276.0,32.79,5.34,6073935.0,21868221.751745
801113.SI,20220225,小家电,6928.67,7125.86,6852.0,7054.74,191.05,2.78,7858.0,152736.0,34.38,5.56,6369438.0,23005137.159124
801113.SI,20220228,小家电,7024.52,7109.97,6837.76,6944.23,-110.52,-1.57,7479.0,174186.0,33.84,5.47,6269657.0,22682659.873703
801113.SI,20220301,小家电,6939.9,7047.17,6841.65,6906.71,-37.51,-0.54,6479.0,146104.0,33.66,5.44,6235787.0,22586905.053241
801113.SI,20220302,小家电,6892.19,6974.91,6752.54,6825.19,-81.52,-1.18,7985.0,136092.0,33.26,5.38,6162182.0,22295207.281106
801113.SI,20220303,小家电,6841.49,6900.19,6668.25,6706.93,-118.25,-1.73,7154.0,137184.0,32.69,5.28,6055415.0,21952781.884746
801113.SI,20220304,小家电,6685.2,6778.63,6577.35,6634.76,-72.18,-1.08,9385.0,155719.0,32.3,5.24,5983554.0,21765309.721361
801113.SI,20220307,小家电,6594.74,6640.02,6305.92,6373.24,-261.52,-3.94,11900.0,195866.0,31.03,5.03,5747702.0,20988757.878719
801113.SI,20220308,小家电,6373.28,6480.46,6130.73,6175.64,-197.6,-3.1,10968.0,183602.0,30.06,4.87,5569497.0,20321780.851896
801113.SI,20220309,小家电,6173.3,6274.13,5851.05,6077.34,-98.3,-1.59,9361.0,157500.0,29.59,4.8,5480849.0,19986668.905619
801113.SI,20220310,小家电,6222.72,6348.5,6148.88,6228.99,151.65,2.5,10324.0,151390.0,30.32,4.92,5617614.0,20422337.766663
801113.SI,20220311,小家电,6147.42,6302.23,6020.26,6268.09,39.1,0.63,9699.0,139503.0,30.51,4.95,5652879.0,20564355.23254
801113.SI,20220314,小家电,6190.93,6246.41,5972.44,6005.86,-262.24,-4.18,7698.0,136588.0,29.24,4.74,5416381.0,19764342.17087
801113.SI,20220315,小家电,5991.48,6020.82,5656.38,5678.57,-327.29,-5.45,9359.0,160448.0,27.64,4.48,5121218.0,18678214.193372
801113.SI,20220316,小家电,5800.57,5912.85,5539.84,5860.16,181.59,3.2,11071.0,179485.0,28.53,4.63,5284987.0,19283994.122052
801113.SI,20220317,小家电,5949.28,6223.12,5871.52,6094.28,234.12,4.0,12103.0,204531.0,29.67,4.81,5496127.0,20060371.827043
801113.SI,20220318,小家电,6078.79,6192.69,5964.61,6097.06,2.78,0.05,10506.0,148550.0,29.68,4.81,5498631.0,20144393.35411
801113.SI,20220321,小家电,6106.66,6256.25,5999.79,6166.54,69.49,1.14,8843.0,136027.0,30.02,4.87,5561297.0,20374201.300542
801113.SI,20220322,小家电,6146.94,6215.39,6024.86,6105.97,-60.57,-0.98,7710.0,128370.0,29.73,4.82,5506672.0,20217156.161747
801113.SI,20220323,小家电,6104.47,6220.26,6047.43,6130.41,24.43,0.4,6770.0,111237.0,29.84,4.84,5528706.0,20329544.180855
801113.SI,20220324,小家电,6109.04,6259.83,6011.0,6178.6,48.2,0.79,8497.0,147936.0,30.03,4.87,5572172.0,20575003.037386
801113.SI,20220325,小家电,6235.44,6481.37,6093.37,6165.86,-12.74,-0.21,11930.0,243113.0,29.97,4.86,5560679.0,20618455.599919
801113.SI,20220328,小家电,6068.53,6161.64,5890.73,6003.42,-162.44,-2.63,10690.0,212042.0,29.18,4.73,5413328.0,20049159.868041
801113.SI,20220329,小家电,5995.15,6121.06,5832.24,5875.96,-127.45,-2.12,8931.0,165232.0,28.56,4.63,5298404.0,19645575.485281
801113.SI,20220330,小家电,5920.77,6163.93,5854.84,6123.0,247.04,4.2,7982.0,148366.0,30.93,4.82,5521163.0,20438235.195137
801113.SI,20220331,小家电,6121.57,6231.51,6002.52,6077.1,-45.9,-0.75,8415.0,153456.0,30.7,4.78,5479773.0,20370660.388135
801113.SI,20220401,小家电,6073.34,6221.85,5998.44,6127.35,50.24,0.83,6928.0,133809.0,31.14,4.77,5525078.0,20644611.126739
801113.SI,20220406,小家电,6124.4,6194.81,5993.45,6090.11,-37.23,-0.61,5762.0,110746.0,30.95,4.74,5491505.0,20432275.39155
801113.SI,20220407,小家电,6094.79,6203.12,5910.64,5933.89,-156.22,-2.57,7228.0,129462.0,30.16,4.62,5350639.0,19985888.246314
801113.SI,20220408,小家电,5918.39,5991.65,5770.67,5852.32,-81.58,-1.37,5497.0,103052.0,29.74,4.56,5277082.0,19730023.246663
801113.SI,20220411,小家电,5803.69,5868.84,5582.21,5639.79,-212.53,-3.63,6279.0,123029.0,28.72,4.38,5085442.0,19146791.449057
801113.SI,20220412,小家电,5604.5,5801.9,5504.45,5779.43,139.64,2.48,6670.0,123366.0,29.43,4.49,5211355.0,19619233.274832
801113.SI,20220413,小家电,5722.95,5921.03,5628.86,5743.39,-36.04,-0.62,6867.0,125224.0,29.24,4.46,5178859.0,19594314.878549
801113.SI,20220414,小家电,5753.53,6091.28,5730.93,6025.95,282.56,4.92,6843.0,130915.0,30.68,4.68,5433649.0,20348239.862671
801113.SI,20220415,小家电,5916.78,6155.26,5853.07,5993.4,-32.55,-0.54,6915.0,147845.0,30.52,4.5,5404301.0,20330962.571327
801113.SI,20220418,小家电,5977.37,6053.6,5855.66,5947.55,-45.86,-0.77,5458.0,110837.0,30.28,4.46,5362950.0,20180127.268521
801113.SI,20220419,小家电,5952.0,6030.82,5774.2,5862.08,-85.47,-1.44,6471.0,131549.0,29.94,4.39,5285881.0,20012167.041444
801113.SI,20220420,小家电,5851.98,6016.01,5772.67,5867.63,5.55,0.09,6775.0,126018.0,29.97,4.39,5290890.0,20066501.372396
801113.SI,20220421,小家电,5809.57,6092.55,5724.3,5849.42,-18.21,-0.31,9019.0,176504.0,29.48,4.36,5274466.0,19957459.992921
801113.SI,20220422,小家电,5801.19,6021.5,5710.43,5901.66,52.25,0.89,10243.0,203501.0,29.74,4.4,5321577.0,20233631.668573
801113.SI,20220425,小家电,5855.92,6107.09,5663.36,5705.63,-196.03,-3.32,11316.0,243294.0,27.29,4.1,5146085.0,19574923.864709
801113.SI,20220426,小家电,5751.75,5943.25,5476.05,5626.53,-79.1,-1.39,11268.0,219541.0,26.91,4.04,5074738.0,19367754.119669
801113.SI,20220427,小家电,5402.13,5819.78,5265.45,5716.08,89.55,1.59,11946.0,220619.0,27.34,4.11,5155505.0,19614527.959597
801113.SI,20220428,小家电,5705.82,5818.76,5535.04,5647.74,-68.34,-1.2,9739.0,161731.0,26.57,4.01,5093868.0,19536836.519598
801113.SI,20220429,小家电,5702.3,6040.67,5604.49,6006.42,358.68,6.35,14653.0,287395.0,26.5,4.23,5534065.0,21370671.426817
801113.SI,20220505,小家电,6076.3,6234.13,5774.86,5965.59,-40.84,-0.68,18828.0,386266.0,25.63,4.19,5522051.0,21380086.765909
801113.SI,20220506,小家电,5793.63,6001.46,5684.9,5867.56,-98.02,-1.64,14352.0,307645.0,25.09,4.1,5431314.0,21235743.475912
801113.SI,20220509,小家电,5829.6,5991.78,5616.26,5812.86,-54.7,-0.93,14126.0,294244.0,24.84,4.06,5380733.0,21026615.384508
801113.SI,20220510,小家电,5661.09,5904.27,5572.74,5786.96,-25.9,-0.45,13432.0,276982.0,24.77,4.05,5356756.0,20928268.130228
801113.SI,20220511,小家电,5797.9,6088.7,5678.07,5901.45,114.49,1.98,14336.0,309571.0,25.28,4.13,5462738.0,21312751.486118
801113.SI,20220512,小家电,5843.37,6029.98,5774.71,5967.92,66.47,1.13,12400.0,260421.0,25.55,4.18,5524267.0,21569812.118661
801113.SI,20220513,小家电,5972.1,6051.11,5825.42,5896.69,-71.23,-1.19,10863.0,225875.0,25.32,4.14,5458330.0,21261052.466969
801113.SI,20220516,小家电,5881.18,6133.0,5812.84,5972.0,75.31,1.28,9878.0,211097.0,25.68,4.2,5528038.0,21609345.489791
801113.SI,20220517,小家电,5937.37,6073.02,5826.04,5988.3,16.3,0.27,9062.0,176289.0,25.78,4.21,5543125.0,21522595.74903
801113.SI,20220518,小家电,6018.86,6081.25,5851.58,5963.01,-25.29,-0.42,7973.0,170792.0,25.65,4.19,5519719.0,21516369.838867
801113.SI,20220519,小家电,5868.61,5992.84,5803.27,5933.74,-29.27,-0.49,8433.0,149063.0,25.53,4.17,5492623.0,21451686.72376
801113.SI,20220520,小家电,5951.07,6204.31,5892.21,6105.45,171.71,2.89,10021.0,200942.0,26.29,4.3,5651678.0,22048216.306052
801113.SI,20220523,小家电,6109.93,6181.89,5962.55,6045.68,-59.77,-0.98,7805.0,157132.0,26.02,4.25,5596348.0,21767434.940124
801113.SI,20220524,小家电,6039.58,6228.84,5870.52,5945.01,-100.67,-1.67,11345.0,201680.0,25.65,4.16,5503163.0,21444993.892175
801113.SI,20220525,小家电,5904.83,6005.17,5776.44,5904.16,-40.85,-0.69,7679.0,145366.0,25.46,4.13,5465351.0,21295794.710573
801113.SI,20220526,小家电,5895.98,6041.22,5724.27,5943.25,39.09,0.66,9714.0,164726.0,25.62,4.15,5501533.0,21406486.134135
801113.SI,20220527,小家电,5992.4,6184.64,5856.73,5974.95,31.7,0.53,9359.0,191499.0,25.77,4.18,5530873.0,21427616.899534
801113.SI,20220530,小家电,5971.63,6222.49,5890.87,6152.72,177.77,2.98,8097.0,194294.0,26.56,4.31,5695432.0,21977071.820019
801113.SI,20220531,小家电,6098.99,6432.0,6036.8,6399.32,246.6,4.01,8386.0,201854.0,27.41,4.44,5832202.0,22392208.171345
801113.SI,20220601,小家电,6401.53,6613.05,6305.09,6427.25,27.93,0.44,10513.0,237403.0,27.73,4.5,5904484.0,22664132.119247
801113.SI,20220602,小家电,6401.97,6456.03,6232.71,6328.11,-99.14,-1.54,8812.0,197534.0,27.3,4.43,5813405.0,22344025.365422
801113.SI,20220606,小家电,6285.91,6483.14,6219.49,6401.29,73.18,1.16,9790.0,235292.0,27.62,4.48,5880631.0,22518017.896334
801113.SI,20220607,小家电,6391.5,6562.03,6280.51,6457.26,55.98,0.87,8360.0,203954.0,27.9,4.52,5932056.0,22729130.187075
801113.SI,20220608,小家电,6460.57,6490.03,6249.48,6371.9,-85.36,-1.32,8124.0,169239.0,27.53,4.46,5853638.0,22428344.76494
801113.SI,20220609,小家电,6401.43,6463.17,6191.3,6261.46,-110.45,-1.73,9568.0,177110.0,27.07,4.39,5752174.0,22097453.400993
801113.SI,20220610,小家电,6217.82,6379.83,6151.69,6322.06,60.61,0.97,8435.0,182345.0,27.33,4.43,5807852.0,22380048.325479
801113.SI,20220613,小家电,6258.82,6360.79,6093.2,6264.96,-57.1,-0.9,9118.0,203877.0,27.06,4.39,5755397.0,22225400.232797
801113.SI,20220614,小家电,6207.39,6400.28,6116.63,6362.73,97.76,1.56,9204.0,184041.0,27.5,4.46,5845208.0,22522065.810236
801113.SI,20220615,小家电,6371.48,6533.29,6246.19,6388.2,25.48,0.4,9080.0,201050.0,27.61,4.48,5868614.0,22655927.801798
801113.SI,20220616,小家电,6385.08,6588.11,6343.52,6454.23,66.02,1.03,7899.0,173870.0,27.88,4.52,5929266.0,22876057.704262
801113.SI,20220617,小家电,6405.79,6669.9,6264.93,6596.37,142.14,2.2,11061.0,243118.0,28.49,4.62,6059843.0,23366590.893097
801113.SI,20220620,小家电,6594.91,6804.13,6519.26,6698.02,101.66,1.54,12292.0,279221.0,28.93,4.69,6153234.0,23830589.806521
801113.SI,20220621,小家电,6688.11,6946.1,6518.28,6684.09,-13.94,-0.21,13111.0,280376.0,28.86,4.68,6140429.0,23598926.172243
801113.SI,20220622,小家电,6679.35,6794.98,6387.24,6418.19,-265.9,-3.98,9863.0,223092.0,27.7,4.49,5896157.0,22728461.444882
801113.SI,20220623,小家电,6441.72,6588.59,6324.15,6500.82,82.63,1.29,10857.0,186110.0,28.06,4.55,5972066.0,23004599.221667
801113.SI,20220624,小家电,6508.37,6738.87,6440.02,6638.22,137.4,2.11,11970.0,251475.0,28.64,4.64,6098293.0,23552485.06381
801113.SI,20220627,小家电,6664.4,6854.79,6557.17,6711.7,73.48,1.11,10547.0,244545.0,28.97,4.7,6165801.0,23748051.400509
801113.SI,20220628,小家电,6711.88,6797.11,6516.82,6710.06,-1.65,-0.02,9001.0,194489.0,28.97,4.7,6164288.0,23827248.100014
801113.SI,20220629,小家电,6702.2,6836.52,6565.63,6668.52,-41.54,-0.62,10168.0,205739.0,28.77,4.66,6126130.0,23676979.383362
801113.SI,20220630,小家电,6676.62,6987.33,6634.26,6856.1,187.58,2.81,10575.0,254691.0,29.58,4.8,6298452.0,24295799.71529
801113.SI,20220701,小家电,6837.73,7020.3,6715.76,6884.68,28.58,0.42,9609.0,218449.0,29.72,4.82,6324704.0,24446513.265838
801113.SI,20220704,小家电,6839.52,7004.42,6716.54,6926.74,42.07,0.61,8523.0,204883.0,29.93,4.85,6363351.0,24830275.148662
801113.SI,20220705,小家电,6953.99,7100.76,6716.75,6855.89,-70.85,-1.02,8224.0,215658.0,29.6,4.8,6298268.0,24540603.642023
801113.SI,20220706,小家电,6837.15,6913.14,6591.82,6693.83,-162.07,-2.36,8604.0,218475.0,28.86,4.68,6149384.0,23984834.381941
801113.SI,20220707,小家电,6698.97,6757.6,6446.91,6548.27,-145.56,-2.17,9314.0,229816.0,28.27,4.58,6015666.0,23588207.064507
801113.SI,20220708,小家电,6538.36,6637.95,6400.85,6509.17,-39.1,-0.6,8179.0,200452.0,28.11,4.56,5979746.0,23623523.045768
801113.SI,20220711,小家电,6494.12,6597.22,6312.67,6460.87,-48.3,-0.74,10040.0,192200.0,27.91,4.53,5935378.0,23296861.914298
801113.SI,20220712,小家电,6456.65,6605.9,6295.36,6365.37,-95.5,-1.48,9637.0,187684.0,27.49,4.46,5847647.0,23017593.68382
801113.SI,20220713,小家电,6390.59,6462.56,6257.77,6349.65,-15.73,-0.25,8284.0,145235.0,27.42,4.45,5833198.0,22853544.520009
801113.SI,20220714,小家电,6442.19,6538.94,6214.16,6291.7,-57.95,-0.91,11666.0,198955.0,27.15,4.4,5779966.0,22791916.178521
801113.SI,20220715,小家电,6286.65,6568.12,6200.51,6392.34,100.64,1.6,15738.0,295663.0,27.58,4.47,5872423.0,23147389.359149
801113.SI,20220718,小家电,6334.69,6501.53,6179.66,6386.49,-5.86,-0.09,13388.0,255871.0,27.56,4.47,5867043.0,23029344.328853
801113.SI,20220719,小家电,6360.82,6482.32,6296.6,6380.7,-5.79,-0.09,8351.0,157973.0,27.53,4.46,5861728.0,23006355.361248
801113.SI,20220720,小家电,6380.21,6482.08,6311.33,6404.84,24.14,0.38,7828.0,146351.0,27.65,4.48,5883907.0,23121876.563408
801113.SI,20220721,小家电,6391.71,6449.16,6222.26,6257.81,-147.04,-2.3,7639.0,173100.0,27.01,4.38,5748831.0,22466563.973747
801113.SI,20220722,小家电,6267.9,6311.53,6051.86,6150.93,-106.88,-1.71,7685.0,189857.0,26.53,4.3,5650646.0,22038683.486018
801113.SI,20220725,小家电,6162.57,6279.63,6053.66,6149.3,-1.63,-0.03,6954.0,169042.0,26.55,4.3,5649149.0,22013839.889022
801113.SI,20220726,小家电,6125.91,6302.69,6078.6,6225.08,75.78,1.23,7534.0,157963.0,26.87,4.36,5718762.0,22330286.025167
801113.SI,20220727,小家电,6223.71,6383.44,6141.77,6317.72,92.64,1.49,11352.0,202673.0,27.25,4.42,5803869.0,22649931.562869
801113.SI,20220728,小家电,6341.25,6470.85,6260.2,6347.78,30.06,0.48,11754.0,213720.0,27.39,4.44,5831485.0,22771270.714097
801113.SI,20220729,小家电,6336.27,6389.13,6139.89,6194.45,-153.33,-2.42,8971.0,202133.0,26.73,4.33,5690624.0,22294017.976095
801113.SI,20220801,小家电,6169.73,6351.11,6096.6,6208.87,14.42,0.23,8561.0,200436.0,26.79,4.34,5703873.0,22337409.424812
801113.SI,20220802,小家电,6129.63,6195.89,5883.51,6011.72,-197.15,-3.18,11227.0,235765.0,25.97,4.21,5522755.0,21871053.545063
801113.SI,20220803,小家电,6007.31,6184.72,5897.48,5961.38,-50.34,-0.84,10941.0,210784.0,25.74,4.17,5476513.0,21732826.485858
801113.SI,20220804,小家电,5998.41,6044.68,5852.14,5957.83,-3.56,-0.06,7613.0,150655.0,25.72,4.17,5473247.0,21733901.473374
801113.SI,20220805,小家电,5978.23,6042.59,5877.4,6004.72,46.9,0.79,6853.0,136656.0,25.93,4.2,5516330.0,21937314.383198
801113.SI,20220808,小家电,5989.18,6069.63,5892.84,5967.31,-37.41,-0.62,6953.0,143228.0,25.76,4.18,5481961.0,21817376.197703
801113.SI,20220809,小家电,5986.14,6078.8,5852.32,6000.38,33.07,0.55,7633.0,166196.0,25.9,4.2,5512341.0,21983666.303617
801113.SI,20220810,小家电,5977.26,6056.33,5830.98,5892.93,-107.46,-1.79,7840.0,176679.0,25.43,4.12,5413625.0,21601003.500265
801113.SI,20220811,小家电,5930.32,6161.26,5873.61,6086.85,193.92,3.29,8153.0,207323.0,26.28,4.26,5591773.0,22164164.920976
801113.SI,20220812,小家电,6086.04,6203.22,5991.65,6076.16,-10.69,-0.18,6816.0,163119.0,26.24,4.25,5581953.0,22122656.223731
801113.SI,20220815,小家电,6021.06,6121.64,5942.3,6084.13,7.97,0.13,6538.0,142238.0,26.28,4.26,5589275.0,22142495.634297
801113.SI,20220816,小家电,6097.53,6145.76,6007.25,6059.32,-24.8,-0.41,5767.0,123174.0,26.16,4.25,5566489.0,22083151.089636
801113.SI,20220817,小家电,6052.14,6134.48,5962.72,6076.84,17.52,0.29,7620.0,132414.0,26.24,4.26,5582580.0,22066692.024582
801113.SI,20220818,小家电,6077.87,6105.89,5930.34,5990.69,-86.15,-1.42,6442.0,127484.0,25.87,4.2,5503440.0,21757304.598883
801113.SI,20220819,小家电,5993.66,6083.53,5887.73,5931.02,-59.67,-1.0,6030.0,131709.0,25.62,4.16,5448625.0,21572301.081048
801113.SI,20220822,小家电,5913.53,6012.02,5822.24,5969.12,38.09,0.64,5424.0,112231.0,25.79,4.19,5483621.0,21712910.803138
801113.SI,20220823,小家电,5932.5,5989.83,5812.95,5886.75,-82.37,-1.38,6139.0,134744.0,25.41,4.13,5407953.0,21408902.69323
801113.SI,20220824,小家电,5877.26,5931.32,5659.05,5688.68,-198.07,-3.36,8556.0,165994.0,24.56,4.0,5225992.0,20688159.518971
801113.SI,20220825,小家电,5703.47,5854.43,5600.63,5806.75,118.07,2.08,6312.0,129553.0,25.1,4.1,5334461.0,21137494.898644
801113.SI,20220826,小家电,5808.32,5933.6,5697.6,5763.86,-42.89,-0.74,6720.0,148625.0,24.91,4.06,5295055.0,21045848.479772
801113.SI,20220829,小家电,5666.99,5827.06,5578.33,5697.29,-66.57,-1.15,6889.0,157927.0,24.61,3.99,5233898.0,20812627.340299
801113.SI,20220830,小家电,5700.86,5815.66,5596.34,5680.04,-17.25,-0.3,7497.0,157421.0,24.54,4.08,5218053.0,20782336.024218
801113.SI,20220831,小家电,5657.51,5791.76,5556.62,5670.35,-9.69,-0.17,6801.0,158492.0,24.5,4.14,5209148.0,20782834.677279
801113.SI,20220901,小家电,5679.06,5794.73,5581.88,5653.82,-16.52,-0.29,5993.0,146933.0,24.08,4.13,5193971.0,20662949.798519
801113.SI,20220902,小家电,5652.14,5705.2,5537.43,5616.64,-37.18,-0.66,4952.0,122934.0,23.91,4.1,5159811.0,20582187.674529
801113.SI,20220905,小家电,5602.54,5642.83,5447.42,5527.7,-88.93,-1.58,5474.0,126517.0,23.52,4.03,5078109.0,20265094.527114
801113.SI,20220906,小家电,5530.93,5637.53,5469.58,5561.22,33.52,0.61,5330.0,116522.0,23.67,4.06,5108901.0,20506562.613631
801113.SI,20220907,小家电,5551.24,5621.85,5458.35,5525.92,-35.31,-0.63,7015.0,173567.0,23.81,4.05,5141357.0,20652318.880201
801113.SI,20220908,小家电,5526.8,5573.61,5401.35,5422.73,-103.19,-1.87,5680.0,144364.0,23.37,3.97,5045352.0,20301591.920932
801113.SI,20220909,小家电,5425.19,5521.73,5367.71,5472.72,49.99,0.92,5349.0,136468.0,23.6,4.01,5091867.0,20428493.891241
801113.SI,20220913,小家电,5481.12,5589.51,5431.16,5512.82,40.1,0.73,5211.0,128096.0,23.77,4.04,5129174.0,20673326.549778
801113.SI,20220914,小家电,5429.39,5543.31,5387.29,5488.05,-24.77,-0.45,5435.0,126499.0,23.66,4.02,5106126.0,20567152.352818
801113.SI,20220915,小家电,5514.71,5583.77,5332.7,5383.65,-104.4,-1.9,6705.0,158659.0,23.21,3.95,5008993.0,20178998.688921
801113.SI,20220916,小家电,5401.19,5477.97,5248.97,5273.82,-109.84,-2.04,6728.0,143953.0,22.74,3.87,4906800.0,19812678.787396
801113.SI,20220919,小家电,5268.07,5349.34,5156.17,5275.26,1.45,0.03,5648.0,136862.0,22.76,3.87,4915713.0,19974192.919013
801113.SI,20220920,小家电,5287.83,5373.43,5226.98,5311.43,36.16,0.69,5694.0,144738.0,22.91,3.9,4949413.0,20080557.010347
801113.SI,20220921,小家电,5284.47,5359.93,5169.59,5288.87,-22.55,-0.42,6516.0,151795.0,22.8,3.88,4928396.0,19961528.456525
801113.SI,20220922,小家电,5282.87,5321.26,5156.55,5201.28,-87.59,-1.66,5869.0,158354.0,22.41,3.81,4846772.0,19575069.231892
801113.SI,20220923,小家电,5190.8,5266.55,5058.09,5137.07,-64.21,-1.23,8066.0,197555.0,22.14,3.76,4786941.0,19407390.748175
801113.SI,20220926,小家电,5121.23,5288.76,5072.56,5184.88,47.81,0.93,6688.0,170989.0,22.34,3.8,4831490.0,19694053.994129
801113.SI,20220927,小家电,5202.86,5373.38,5124.61,5349.13,164.25,3.17,9018.0,227867.0,23.05,3.92,4984544.0,20329792.550886
801113.SI,20220928,小家电,5336.75,5501.28,5237.07,5354.03,4.9,0.09,10866.0,259874.0,23.07,3.92,4989110.0,20471740.919103
801113.SI,20220929,小家电,5394.92,5498.16,5253.55,5321.88,-32.15,-0.6,12473.0,274090.0,22.95,3.9,4959154.0,20230732.24477
801113.SI,20220930,小家电,5324.95,5421.78,5163.42,5272.05,-49.84,-0.94,11119.0,249532.0,22.76,3.87,4912715.0,20005365.955615
801113.SI,20221010,小家电,5286.44,5386.06,5093.12,5148.59,-123.46,-2.34,9726.0,248526.0,22.23,3.78,4797672.0,19591455.838239
801113.SI,20221011,小家电,5149.82,5244.56,5016.08,5173.8,25.22,0.49,9941.0,219627.0,22.35,3.8,4821170.0,19667586.646327
801113.SI,20221012,小家电,5150.45,5308.15,5018.95,5281.99,108.19,2.09,10597.0,235218.0,22.81,3.88,4921986.0,20141760.704678
801113.SI,20221013,小家电,5262.34,5469.25,5215.93,5336.32,54.33,1.03,10260.0,251374.0,23.05,3.92,4972609.0,20310760.257946
801113.SI,20221014,小家电,5343.78,5545.42,5286.53,5418.69,82.37,1.54,10646.0,284088.0,23.4,3.98,5049362.0,20434517.430657
801113.SI,20221017,小家电,5386.85,5546.86,5349.27,5461.38,42.7,0.79,8039.0,207991.0,23.58,4.01,5089149.0,20730798.259053
801113.SI,20221018,小家电,5471.66,5547.03,5367.79,5434.11,-27.28,-0.5,8576.0,216674.0,23.46,3.99,5063731.0,20651996.383826
801113.SI,20221019,小家电,5410.38,5471.52,5284.3,5306.19,-127.92,-2.35,7262.0,176667.0,22.91,3.9,4944532.0,20244550.336053
801113.SI,20221020,小家电,5253.19,5386.72,5211.17,5254.13,-52.06,-0.98,6314.0,126305.0,22.68,3.86,4896021.0,20051813.735108
801113.SI,20221021,小家电,5242.96,5335.14,5141.09,5222.01,-32.12,-0.61,7329.0,172309.0,22.54,3.83,4866089.0,20095761.302394
801113.SI,20221024,小家电,5202.72,5280.33,4998.53,5054.56,-167.44,-3.21,7489.0,177732.0,21.81,3.71,4710059.0,19578954.389523
801113.SI,20221025,小家电,5031.83,5155.7,4929.4,5031.32,-23.24,-0.46,9956.0,173464.0,21.7,3.66,4700622.0,19468081.135705
801113.SI,20221026,小家电,5038.18,5286.08,5013.04,5208.87,177.54,3.53,9190.0,190580.0,22.46,3.79,4866495.0,20092134.398443
801113.SI,20221027,小家电,5223.95,5294.27,5134.54,5169.84,-39.03,-0.75,9173.0,160543.0,22.29,3.76,4830033.0,19889486.598373
801113.SI,20221028,小家电,5164.73,5258.13,4960.33,4997.92,-171.93,-3.33,9492.0,186800.0,21.56,3.55,4669409.0,19286415.188052
801113.SI,20221031,小家电,4899.1,5048.52,4783.67,4898.63,-99.29,-1.99,8679.0,218440.0,21.12,3.43,4576646.0,18780414.569006
801113.SI,20221101,小家电,4913.34,5147.9,4848.16,5124.53,225.9,4.61,8498.0,203433.0,21.97,3.59,4787699.0,19442822.265828
801113.SI,20221102,小家电,5143.23,5299.36,5104.56,5210.0,85.48,1.67,11549.0,224302.0,22.33,3.65,4871830.0,19752820.490026
801113.SI,20221103,小家电,5194.0,5255.65,5121.86,5212.12,2.11,0.04,7645.0,155052.0,22.34,3.65,4873806.0,19785367.677849
801113.SI,20221104,小家电,5201.43,5390.6,5178.02,5336.59,124.47,2.39,8916.0,197119.0,22.88,3.74,4990196.0,20196757.123089
801113.SI,20221107,小家电,5319.17,5436.04,5271.38,5381.83,45.24,0.85,9541.0,192331.0,23.08,3.77,5038347.0,20319123.650885
801113.SI,20221108,小家电,5379.19,5423.29,5253.82,5330.26,-51.57,-0.96,9764.0,208730.0,22.84,3.73,4990073.0,20094300.693302
801113.SI,20221109,小家电,5330.53,5397.8,5262.46,5299.24,-31.02,-0.58,8933.0,162169.0,22.71,3.71,4961030.0,20002542.474919
801113.SI,20221110,小家电,5287.8,5340.23,5188.82,5243.42,-55.82,-1.05,7871.0,160810.0,22.47,3.67,4908770.0,19837347.490033
801113.SI,20221111,小家电,5343.87,5460.78,5255.79,5330.2,86.78,1.66,11119.0,198343.0,22.85,3.73,4990012.0,20098718.332887
801113.SI,20221114,小家电,5400.59,5537.51,5306.63,5354.27,24.07,0.45,10640.0,225410.0,22.95,3.75,5012571.0,20113543.451275
801113.SI,20221115,小家电,5353.6,5563.98,5295.1,5532.88,178.61,3.34,8804.0,209710.0,23.73,3.88,5179787.0,20675848.247327
801113.SI,20221116,小家电,5532.44,5647.27,5462.81,5546.06,13.18,0.24,8174.0,189370.0,23.79,3.89,5192124.0,20655107.756965
801113.SI,20221117,小家电,5534.36,5631.49,5447.93,5602.0,55.95,1.01,8548.0,163488.0,24.04,3.92,5238721.0,20837174.936185
801113.SI,20221118,小家电,5582.78,5624.55,5448.84,5469.41,-132.6,-2.37,7891.0,148367.0,23.47,3.83,5117889.0,20336699.694431
801113.SI,20221121,小家电,5439.09,5488.81,5328.69,5431.62,-37.78,-0.69,5893.0,119809.0,23.3,3.8,5082532.0,20287298.665816
801113.SI,20221122,小家电,5430.36,5483.84,5327.32,5356.62,-75.0,-1.38,6388.0,118172.0,22.98,3.75,5012356.0,20002901.97082
801113.SI,20221123,小家电,5357.68,5393.84,5195.49,5276.31,-80.31,-1.5,6906.0,130870.0,22.66,3.71,4983234.0,19743164.63829
801113.SI,20221124,小家电,5296.46,5384.98,5249.45,5336.5,60.18,1.14,7091.0,119627.0,22.92,3.75,5040076.0,19945415.301739
801113.SI,20221125,小家电,5331.29,5419.01,5257.98,5317.42,-19.08,-0.36,6762.0,119947.0,22.84,3.74,5022055.0,19872444.301558
801113.SI,20221128,小家电,5229.71,5324.57,5159.2,5291.07,-26.34,-0.5,7455.0,119201.0,22.73,3.72,4997174.0,19779603.519633
801113.SI,20221129,小家电,5339.68,5483.35,5279.32,5443.96,152.88,2.89,9794.0,144821.0,23.39,3.83,5141565.0,20297436.741876
801113.SI,20221130,小家电,5420.71,5482.34,5319.46,5361.79,-82.17,-1.51,9260.0,167506.0,23.04,3.77,5063959.0,19990902.943124
801113.SI,20221201,小家电,5435.45,5563.89,5385.32,5459.79,98.01,1.83,12103.0,191509.0,23.46,3.84,5156521.0,20345738.738118
801113.SI,20221202,小家电,5446.33,5535.5,5401.12,5469.14,9.35,0.17,8216.0,140851.0,23.5,3.85,5165351.0,20350175.930045
801113.SI,20221205,小家电,5495.87,5675.6,5447.97,5631.83,162.69,2.97,8765.0,186440.0,24.21,3.96,5319006.0,20868520.348231
801113.SI,20221206,小家电,5596.67,5722.31,5493.3,5589.63,-42.2,-0.75,8460.0,182290.0,24.03,3.93,5279147.0,20693667.694232
801113.SI,20221207,小家电,5570.32,5655.34,5495.65,5587.9,-1.73,-0.03,6708.0,136587.0,24.02,3.93,5277511.0,20652866.543241
801113.SI,20221208,小家电,5585.56,5693.69,5510.64,5652.91,65.01,1.16,7343.0,147865.0,24.29,3.97,5338914.0,20877306.358521
801113.SI,20221209,小家电,5653.78,5822.81,5597.71,5789.28,136.37,2.41,8794.0,210274.0,24.88,4.07,5467710.0,21374850.604723
801113.SI,20221212,小家电,5758.39,5869.96,5642.88,5702.34,-86.94,-1.5,7626.0,181915.0,24.51,4.01,5385601.0,21082287.992131
801113.SI,20221213,小家电,5673.6,5795.14,5607.83,5731.04,28.7,0.5,7515.0,136387.0,24.62,4.03,5412703.0,21168049.015946
801113.SI,20221214,小家电,5689.29,5843.21,5657.56,5784.99,53.95,0.94,7554.0,142582.0,24.86,4.07,5463660.0,21393643.666409
801113.SI,20221215,小家电,5802.53,5918.94,5696.99,5714.54,-70.45,-1.22,6767.0,141279.0,24.56,4.02,5397122.0,21081369.703095
801113.SI,20221216,小家电,5697.93,5763.11,5594.54,5643.05,-71.49,-1.25,6257.0,127703.0,24.26,3.97,5329604.0,20926046.506912
801113.SI,20221219,小家电,5656.86,5700.55,5480.45,5517.64,-125.42,-2.22,6024.0,112343.0,23.73,3.88,5211155.0,20434096.009057
801113.SI,20221220,小家电,5510.91,5569.29,5390.27,5457.92,-59.72,-1.08,5129.0,91074.0,23.46,3.84,5154753.0,20252969.094638
801113.SI,20221221,小家电,5482.8,5547.88,5398.89,5444.1,-13.82,-0.25,4351.0,75404.0,23.41,3.83,5141701.0,20186485.560305
801113.SI,20221222,小家电,5454.01,5593.75,5397.28,5451.18,7.08,0.13,5026.0,103570.0,23.45,3.84,5148391.0,20174896.500723
801113.SI,20221223,小家电,5418.36,5476.39,5315.46,5386.86,-64.32,-1.18,4231.0,87133.0,23.17,3.79,5087640.0,19907614.542152
801113.SI,20221226,小家电,5399.88,5461.13,5325.41,5374.66,-12.2,-0.23,3754.0,77073.0,23.11,3.78,5076122.0,19908717.260357
801113.SI,20221227,小家电,5390.14,5516.25,5331.08,5464.6,89.93,1.67,5277.0,98243.0,23.5,3.84,5161099.0,20161575.758209
801113.SI,20221228,小家电,5453.82,5482.87,5309.71,5366.75,-97.85,-1.79,4426.0,96889.0,23.08,3.78,5068685.0,19928034.43435
801113.SI,20221229,小家电,5376.31,5405.44,5255.48,5286.89,-79.86,-1.49,4028.0,81459.0,22.73,3.72,4993259.0,19693550.373144
801113.SI,20221230,小家电,5299.25,5360.8,5236.6,5282.95,-3.93,-0.07,3970.0,72599.0,22.71,3.72,4989543.0,19634812.47863
801113.SI,20230103,小家电,5270.8,5381.06,5193.95,5325.41,42.46,0.8,5578.0,114922.0,22.89,3.75,5029644.0,19796244.177847
801113.SI,20230104,小家电,5315.23,5485.72,5282.7,5405.19,79.78,1.5,6704.0,132051.0,23.24,3.8,5104997.0,20115870.455274
801113.SI,20230105,小家电,5418.85,5566.22,5368.85,5529.17,123.97,2.29,6249.0,145692.0,23.78,3.89,5222082.0,20494492.836811
801113.SI,20230106,小家电,5532.74,5585.97,5453.04,5489.71,-39.46,-0.71,4622.0,103491.0,23.6,3.86,5184818.0,20387579.313035
801113.SI,20230109,小家电,5503.61,5584.29,5449.65,5535.31,45.6,0.83,4407.0,93698.0,23.8,3.9,5227885.0,20609655.344973
801113.SI,20230110,小家电,5539.83,5618.21,5463.74,5560.15,24.85,0.45,5387.0,98656.0,23.91,3.91,5251351.0,20737345.485125
801113.SI,20230111,小家电,5581.37,5693.53,5491.54,5577.16,17.0,0.31,7430.0,147836.0,23.99,3.93,5267410.0,20799271.007632
801113.SI,20230112,小家电,5571.96,5634.56,5480.66,5545.64,-31.52,-0.57,5875.0,117750.0,23.86,3.9,5237641.0,20658965.203992
801113.SI,20230113,小家电,5551.83,5833.35,5506.11,5806.25,260.61,4.7,8116.0,219971.0,24.99,4.09,5483776.0,21485731.12984
801113.SI,20230116,小家电,5851.76,6056.36,5765.84,5963.09,156.84,2.7,8615.0,254512.0,25.67,4.2,5631904.0,21886828.854217
801113.SI,20230117,小家电,5994.93,6030.92,5850.83,5943.64,-19.45,-0.33,6560.0,159217.0,25.58,4.19,5613534.0,21829598.473969
801113.SI,20230118,小家电,5946.34,6024.31,5786.79,5839.24,-104.4,-1.76,6024.0,149423.0,25.13,4.11,5514934.0,21452584.64013
801113.SI,20230119,小家电,5857.33,5977.76,5748.61,5906.07,66.83,1.14,7193.0,150732.0,25.41,4.16,5578056.0,21611626.042646
801113.SI,20230120,小家电,5922.01,6033.45,5840.31,5893.26,-12.82,-0.22,5366.0,125650.0,25.36,4.15,5565952.0,21579986.953045
801113.SI,20230130,小家电,5984.7,6040.76,5858.19,5911.28,18.02,0.31,9161.0,180532.0,25.42,4.16,5582974.0,21681775.787667
801113.SI,20230131,小家电,5918.84,6005.51,5805.89,5917.58,6.3,0.11,10981.0,200936.0,25.45,4.16,5588928.0,21587800.585532
801113.SI,20230201,小家电,5929.6,6118.85,5871.65,6077.57,159.99,2.7,9688.0,205916.0,26.14,4.28,5740028.0,22154606.44986
801113.SI,20230202,小家电,6094.49,6188.13,5942.26,6027.15,-50.42,-0.83,13362.0,253457.0,25.92,4.24,5692409.0,21982089.362703
801113.SI,20230203,小家电,6000.67,6096.49,5871.08,6045.01,17.86,0.3,11942.0,207044.0,26.0,4.25,5709278.0,22032231.530823
801113.SI,20230206,小家电,6010.97,6040.74,5830.73,5923.76,-121.25,-2.01,9386.0,185884.0,25.48,4.17,5594758.0,21640203.056945
801113.SI,20230207,小家电,5933.27,6088.86,5883.71,6050.04,126.28,2.13,8212.0,182360.0,26.02,4.26,5714028.0,22043018.32203
801113.SI,20230208,小家电,6063.81,6190.71,5957.8,6103.14,53.1,0.88,7533.0,153530.0,26.26,4.3,5764176.0,22173159.876029
801113.SI,20230209,小家电,6064.78,6228.38,6003.8,6159.81,56.67,0.93,7486.0,166316.0,26.5,4.34,5817703.0,22390015.76119
801113.SI,20230210,小家电,6142.28,6206.04,6028.39,6072.09,-87.72,-1.42,6513.0,122001.0,26.11,4.27,5734858.0,22066567.390259
801113.SI,20230213,小家电,6072.67,6241.67,6026.46,6155.16,83.07,1.37,7892.0,173834.0,26.47,4.33,5813313.0,22463274.92855
801113.SI,20230214,小家电,6173.5,6309.99,6127.57,6232.53,77.36,1.26,7976.0,179375.0,26.81,4.39,5886380.0,22927871.954275
801113.SI,20230215,小家电,6221.4,6245.9,6061.04,6112.35,-120.18,-1.93,7400.0,173014.0,26.27,4.3,5772878.0,22496177.170294
801113.SI,20230216,小家电,6108.89,6176.45,5916.0,5966.45,-145.9,-2.39,10617.0,211253.0,25.65,4.2,5635086.0,21903745.571802
801113.SI,20230217,小家电,5999.9,6138.26,5915.17,5992.19,25.73,0.43,8179.0,181368.0,25.76,4.22,5659389.0,22185117.870239
801113.SI,20230220,小家电,5993.38,6292.36,5938.61,6255.69,263.51,4.4,10234.0,258226.0,26.83,4.39,5947665.0,23152180.118916
801113.SI,20230221,小家电,6231.6,6349.21,6158.29,6299.11,43.42,0.69,7926.0,195751.0,27.01,4.42,5988949.0,23285282.104297
801113.SI,20230222,小家电,6258.51,6370.61,6174.18,6314.73,15.61,0.25,6076.0,161536.0,27.08,4.43,6003793.0,23410294.996567
801113.SI,20230223,小家电,6327.18,6501.26,6268.8,6359.86,45.13,0.71,6180.0,165920.0,27.28,4.47,6046702.0,23711398.086658
801113.SI,20230224,小家电,6363.03,6394.51,6252.12,6294.73,-65.13,-1.02,5420.0,133114.0,26.99,4.42,5984781.0,23382920.327754
801113.SI,20230227,小家电,6258.97,6335.63,6162.46,6260.05,-34.68,-0.55,5722.0,131778.0,26.85,4.4,5951810.0,23382673.500706
801113.SI,20230228,小家电,6241.76,6290.17,6116.2,6221.75,-38.3,-0.61,6704.0,153598.0,26.68,4.37,5915398.0,23249156.085587
801113.SI,20230301,小家电,6211.26,6371.72,6134.84,6264.92,43.17,0.69,7488.0,154445.0,26.86,4.4,5956440.0,23360290.859216
801113.SI,20230302,小家电,6246.41,6333.32,6174.83,6222.57,-42.35,-0.68,7242.0,146628.0,26.68,4.37,5916171.0,23172661.675218
801113.SI,20230303,小家电,6226.69,6295.74,6127.22,6172.63,-49.93,-0.8,7693.0,137873.0,26.47,4.33,5869117.0,23018768.117696
801113.SI,20230306,小家电,6180.19,6242.36,6015.36,6094.14,-78.49,-1.27,9724.0,200461.0,26.13,4.28,5794486.0,22852838.680499
801113.SI,20230307,小家电,6103.52,6157.1,5914.17,5940.93,-153.21,-2.51,9959.0,163251.0,25.47,4.17,5648810.0,22272260.901501
801113.SI,20230308,小家电,5925.43,5988.32,5859.98,5918.31,-22.63,-0.38,7808.0,101046.0,25.37,4.15,5627296.0,22162933.762974
801113.SI,20230309,小家电,5932.12,5972.46,5828.6,5870.48,-47.82,-0.81,6995.0,110846.0,25.16,4.12,5581824.0,22011544.612576
801113.SI,20230310,小家电,5840.86,5878.92,5725.91,5764.54,-105.94,-1.8,7044.0,116950.0,24.7,4.04,5481091.0,21647646.102795
801113.SI,20230313,小家电,5756.14,5878.25,5714.53,5809.48,44.94,0.78,7244.0,108341.0,24.89,4.08,5523823.0,21794943.032039
801113.SI,20230314,小家电,5810.06,5866.91,5685.73,5761.67,-47.81,-0.82,9108.0,113354.0,24.7,4.04,5478361.0,21570070.046095
801113.SI,20230315,小家电,5779.81,5866.75,5735.27,5802.37,40.7,0.71,5892.0,87360.0,24.87,4.07,5517061.0,21661140.459364
801113.SI,20230316,小家电,5779.02,5846.72,5692.94,5750.68,-51.69,-0.89,4714.0,87397.0,24.65,4.04,5467915.0,21527022.693141
801113.SI,20230317,小家电,5787.28,5830.27,5650.27,5700.24,-50.44,-0.88,4399.0,102030.0,24.43,4.0,5419955.0,21358022.936737
801113.SI,20230320,小家电,5681.15,5728.65,5562.09,5631.36,-68.89,-1.21,5640.0,116693.0,24.13,3.95,5354457.0,21107377.226771
801113.SI,20230321,小家电,5669.83,5844.69,5628.05,5802.18,170.82,3.03,7931.0,169328.0,24.87,4.07,5516880.0,21683191.048064
801113.SI,20230322,小家电,5801.81,5875.09,5748.0,5788.8,-13.38,-0.23,7079.0,132917.0,24.73,4.06,5504160.0,21634047.78897
801113.SI,20230323,小家电,5767.27,5884.89,5708.8,5819.12,30.31,0.52,6045.0,123394.0,24.87,4.08,5532984.0,21715921.252621
801113.SI,20230324,小家电,5823.72,6019.0,5776.1,5893.21,74.09,1.27,5756.0,136392.0,25.19,4.13,5603434.0,21985298.612434
801113.SI,20230327,小家电,5889.49,6005.97,5817.91,5892.49,-0.72,-0.01,6744.0,123127.0,25.18,4.13,5602753.0,21907867.848777
801113.SI,20230328,小家电,5901.63,5942.01,5775.99,5806.71,-85.79,-1.46,5155.0,95430.0,24.82,4.07,5521184.0,21673560.183595
801113.SI,20230329,小家电,5830.34,5888.64,5736.23,5783.84,-22.87,-0.39,4734.0,91303.0,24.72,4.06,5499441.0,21648436.119602
801113.SI,20230330,小家电,5785.47,6007.32,5728.75,5960.2,176.36,3.05,6282.0,135033.0,25.57,4.18,5667133.0,22442385.792672
801113.SI,20230331,小家电,5971.76,6018.84,5797.11,5850.91,-109.3,-1.83,6139.0,132260.0,24.98,4.11,5563211.0,21966786.333184
801113.SI,20230403,小家电,5849.51,5940.76,5702.1,5751.58,-99.33,-1.7,7333.0,168902.0,24.76,4.08,5468765.0,21613860.955063
801113.SI,20230404,小家电,5730.82,5797.16,5607.69,5694.21,-57.37,-1.0,8054.0,154625.0,24.52,4.04,5414217.0,21393872.545565
801113.SI,20230406,小家电,5672.27,5783.49,5608.03,5691.31,-2.9,-0.05,5727.0,105414.0,24.51,4.04,5411458.0,21453920.406005
801113.SI,20230407,小家电,5708.31,5831.44,5647.59,5758.46,67.15,1.18,4971.0,109973.0,24.64,4.07,5475309.0,21717399.972216
801113.SI,20230410,小家电,5784.69,5858.31,5662.25,5733.59,-24.87,-0.43,5774.0,116305.0,24.53,4.06,5451661.0,21581871.597693
801113.SI,20230411,小家电,5739.66,5871.19,5665.1,5750.01,16.42,0.29,5292.0,121341.0,24.61,4.07,5467277.0,21534250.658416
801113.SI,20230412,小家电,5739.47,5814.71,5632.76,5702.07,-47.95,-0.83,5513.0,115482.0,24.4,4.03,5421688.0,21341336.770823
801113.SI,20230413,小家电,5683.42,5745.9,5606.5,5671.95,-30.11,-0.53,5593.0,105807.0,24.27,4.01,5393056.0,21236110.015311
801113.SI,20230414,小家电,5671.41,5747.13,5600.27,5672.09,0.14,0.0,4642.0,92509.0,24.27,4.01,5393186.0,21167405.082997
801113.SI,20230417,小家电,5714.98,5917.22,5691.57,5841.7,169.61,2.99,9991.0,179094.0,24.98,4.13,5554452.0,21837259.001271
801113.SI,20230418,小家电,5833.95,5955.78,5764.99,5878.98,37.29,0.64,9615.0,185211.0,25.15,4.16,5579880.0,22009090.97327
801113.SI,20230419,小家电,5870.85,5934.96,5752.55,5810.17,-68.81,-1.17,6942.0,173632.0,24.85,4.11,5514568.0,21727094.626617
801113.SI,20230420,小家电,5807.8,5890.29,5728.77,5823.37,13.2,0.23,6287.0,142041.0,24.92,4.12,5527093.0,21749758.79683
801113.SI,20230421,小家电,5816.15,5901.67,5610.19,5638.11,-185.25,-3.18,6639.0,138884.0,24.13,3.99,5351265.0,21242359.000659
801113.SI,20230424,小家电,5625.03,5679.78,5470.64,5516.7,-121.41,-2.15,5954.0,139378.0,23.61,3.9,5236029.0,20745454.344194
801113.SI,20230425,小家电,5544.78,5638.85,5389.47,5518.58,1.88,0.03,8066.0,184159.0,23.51,3.88,5237817.0,20743260.004277
801113.SI,20230426,小家电,5481.69,5554.53,5347.85,5447.25,-71.34,-1.29,7817.0,167205.0,22.81,3.79,5170109.0,20505520.106956
801113.SI,20230427,小家电,5417.33,5571.56,5348.28,5495.48,48.23,0.89,7661.0,169264.0,23.02,3.83,5215890.0,20809131.154999
801113.SI,20230428,小家电,5460.91,5589.94,5367.72,5458.45,-37.03,-0.67,6847.0,148036.0,23.45,3.81,5184218.0,20609610.803288
801113.SI,20230504,小家电,5452.13,5601.41,5360.74,5460.24,1.79,0.03,7020.0,162491.0,24.51,3.74,5185916.0,20441463.742441
801113.SI,20230505,小家电,5432.4,5470.8,5279.14,5343.83,-116.41,-2.13,5786.0,122166.0,23.99,3.66,5075359.0,20013687.514137
801113.SI,20230508,小家电,5345.21,5400.74,5230.36,5268.92,-74.91,-1.4,5733.0,116841.0,23.65,3.61,5004208.0,19741906.309001
801113.SI,20230509,小家电,5266.29,5347.32,5165.6,5219.26,-49.66,-0.94,5708.0,112376.0,23.42,3.57,4957043.0,19586488.823833
801113.SI,20230510,小家电,5211.15,5317.0,5169.85,5260.99,41.73,0.8,4639.0,99796.0,23.61,3.6,4996678.0,19716851.77741
801113.SI,20230511,小家电,5261.67,5311.73,5200.04,5254.74,-6.24,-0.12,3716.0,71213.0,23.58,3.6,4990749.0,19689806.842058
801113.SI,20230512,小家电,5249.19,5361.96,5197.66,5246.83,-7.92,-0.15,4491.0,84113.0,23.55,3.59,4979990.0,19664459.349974
801113.SI,20230515,小家电,5250.46,5324.45,5175.18,5291.45,44.63,0.85,5336.0,95639.0,23.76,3.63,5042617.0,19798193.081525
801113.SI,20230516,小家电,5296.88,5319.76,5216.34,5248.73,-42.72,-0.81,3783.0,70389.0,23.56,3.6,5001906.0,19681199.027797
801113.SI,20230517,小家电,5252.75,5299.28,5171.62,5233.71,-15.02,-0.29,4078.0,82029.0,23.48,3.59,4987594.0,19677694.200197
801113.SI,20230518,小家电,5233.19,5334.46,5193.0,5275.05,41.33,0.79,5755.0,96080.0,23.67,3.62,5026984.0,19786051.140058
801113.SI,20230519,小家电,5288.44,5527.54,5226.27,5436.36,161.31,3.06,9955.0,174189.0,24.4,3.73,5180711.0,20388927.360861
801113.SI,20230522,小家电,5434.81,5641.17,5384.84,5599.75,163.39,3.01,7981.0,179166.0,25.14,3.84,5336417.0,20963965.218081
801113.SI,20230523,小家电,5589.29,5668.49,5524.56,5572.79,-26.96,-0.48,7248.0,128227.0,25.02,3.82,5310721.0,20842434.196955
801113.SI,20230524,小家电,5539.03,5586.36,5442.27,5500.0,-72.79,-1.31,5687.0,109283.0,24.68,3.77,5241355.0,20552177.019508
801113.SI,20230525,小家电,5465.74,5532.21,5363.77,5461.83,-38.17,-0.69,9638.0,163274.0,24.52,3.75,5336945.0,21156560.448117
801113.SI,20230526,小家电,5418.5,5471.41,5283.16,5396.47,-65.36,-1.2,7401.0,128074.0,24.24,3.7,5273080.0,20792266.685805
801113.SI,20230529,小家电,5399.82,5464.02,5281.65,5329.01,-67.46,-1.25,7077.0,135661.0,23.92,3.65,5207165.0,20506728.783295
801113.SI,20230530,小家电,5304.65,5370.08,5151.87,5235.67,-93.35,-1.75,7136.0,124012.0,23.5,3.59,5115954.0,20095386.976115
801113.SI,20230531,小家电,5225.64,5288.71,5090.86,5135.63,-100.04,-1.91,8778.0,116550.0,23.03,3.52,5018202.0,19693513.088599
801113.SI,20230601,小家电,5112.04,5260.0,5047.43,5156.23,20.61,0.4,6851.0,111624.0,23.13,3.53,5038336.0,19699981.317678
801113.SI,20230602,小家电,5162.77,5405.99,5130.86,5349.65,193.41,3.75,7933.0,157412.0,24.01,3.66,5243207.0,20372678.824508
801113.SI,20230605,小家电,5335.75,5387.52,5224.54,5346.16,-3.49,-0.07,6170.0,124132.0,24.0,3.66,5239788.0,20350233.859052
801113.SI,20230606,小家电,5353.6,5440.35,5242.41,5293.6,-52.56,-0.98,7278.0,129092.0,23.75,3.62,5188272.0,20195602.917887
801113.SI,20230607,小家电,5308.07,5363.27,5206.2,5263.58,-30.01,-0.57,5079.0,100769.0,23.62,3.6,5158857.0,20095887.900819
801113.SI,20230608,小家电,5258.41,5330.28,5196.53,5282.31,18.72,0.36,5967.0,106799.0,23.75,3.62,5190022.0,20171595.238673
801113.SI,20230609,小家电,5296.29,5349.04,5116.11,5167.91,-114.4,-2.17,6481.0,139524.0,23.21,3.54,5077618.0,19824206.307994
801113.SI,20230612,小家电,5141.06,5411.15,5069.39,5344.24,176.33,3.41,8478.0,174118.0,24.03,3.67,5250869.0,20502726.338602
801113.SI,20230613,小家电,5339.52,5381.27,5208.95,5268.72,-75.52,-1.41,5566.0,116480.0,23.67,3.61,5176669.0,20243855.106453
801113.SI,20230614,小家电,5280.42,5380.77,5231.35,5313.46,44.75,0.85,7070.0,114653.0,23.86,3.64,5220634.0,20414769.372698
801113.SI,20230615,小家电,5304.29,5513.36,5257.34,5454.21,140.74,2.65,9156.0,174118.0,24.52,3.74,5358918.0,20916678.792712
801113.SI,20230616,小家电,5470.46,5543.26,5363.99,5427.02,-27.19,-0.5,8339.0,167113.0,24.39,3.72,5332202.0,20716105.643859
801113.SI,20230619,小家电,5425.72,5458.82,5303.99,5345.77,-81.25,-1.5,7052.0,131910.0,24.02,3.66,5252372.0,20413089.246596
801113.SI,20230620,小家电,5341.64,5555.87,5289.91,5482.68,136.91,2.56,10234.0,202592.0,24.63,3.76,5386889.0,20817162.351742
801113.SI,20230621,小家电,5474.31,5594.35,5382.24,5458.5,-24.18,-0.44,9354.0,188223.0,24.55,3.75,5368042.0,20727073.661443
801113.SI,20230626,小家电,5482.79,5605.29,5380.97,5434.59,-23.91,-0.44,9696.0,202218.0,24.45,3.73,5344530.0,20628120.046524
801113.SI,20230627,小家电,5428.99,5619.37,5377.39,5573.21,138.63,2.55,7943.0,173442.0,25.08,3.83,5480859.0,21125025.068536
801113.SI,20230628,小家电,5574.19,5654.67,5473.26,5553.58,-19.63,-0.35,8584.0,154781.0,24.99,3.81,5461550.0,21150078.061902
801113.SI,20230629,小家电,5528.4,5670.62,5453.17,5582.91,29.33,0.53,13379.0,221167.0,25.12,3.83,5490398.0,21246523.809107
801113.SI,20230630,小家电,5606.1,5698.65,5507.68,5567.41,-15.51,-0.28,10706.0,191957.0,24.99,3.79,5376527.0,21091485.426632
801113.SI,20230703,小家电,5580.41,5857.14,5502.47,5732.1,164.69,2.96,12919.0,255845.0,25.75,3.9,5535575.0,21677443.725417
801113.SI,20230704,小家电,5751.02,5851.29,5671.8,5756.26,24.16,0.42,7927.0,163411.0,25.86,3.92,5558902.0,21824223.656037
801113.SI,20230705,小家电,5743.81,5783.94,5607.1,5647.56,-108.7,-1.89,10336.0,192813.0,25.38,3.85,5453926.0,21425179.273651
801113.SI,20230706,小家电,5637.42,5739.89,5560.28,5639.56,-8.0,-0.14,10509.0,185822.0,25.34,3.84,5446185.0,21328316.020488
801113.SI,20230707,小家电,5632.96,5738.24,5537.18,5650.25,10.7,0.19,13796.0,244730.0,25.36,3.85,5456517.0,21391057.59848
801113.SI,20230710,小家电,5653.6,5703.38,5528.44,5596.38,-53.88,-0.95,9840.0,181370.0,25.13,3.81,5404486.0,21259308.503778
801113.SI,20230711,小家电,5605.51,5715.89,5532.61,5629.07,32.69,0.58,11858.0,204847.0,25.3,3.84,5436060.0,21519816.268068
801113.SI,20230712,小家电,5626.78,5763.17,5556.33,5641.94,12.86,0.23,12404.0,225816.0,25.35,3.84,5448483.0,21582488.916483
801113.SI,20230713,小家电,5642.5,5720.43,5553.4,5630.29,-11.64,-0.21,9704.0,174956.0,25.26,3.83,5437239.0,21521094.213508
801113.SI,20230714,小家电,5622.8,5660.98,5483.68,5518.84,-111.46,-1.98,10061.0,204842.0,24.72,3.75,5329605.0,21129951.589535
801113.SI,20230717,小家电,5518.95,5582.25,5421.12,5506.4,-12.43,-0.23,8125.0,146307.0,24.67,3.74,5317599.0,21065519.566692
801113.SI,20230718,小家电,5503.12,5608.96,5431.7,5534.55,28.15,0.51,8317.0,136350.0,24.79,3.76,5344779.0,21319712.7021
801113.SI,20230719,小家电,5522.96,5615.13,5463.96,5563.96,29.41,0.53,8481.0,142137.0,24.93,3.78,5373178.0,21408030.943462
801113.SI,20230720,小家电,5553.98,5609.53,5460.24,5496.09,-67.87,-1.22,8770.0,138160.0,24.63,3.74,5307635.0,21234217.487574
801113.SI,20230721,小家电,5487.42,5574.92,5362.05,5437.58,-58.51,-1.06,8424.0,160640.0,24.4,3.7,5251134.0,21214978.493792
801113.SI,20230724,小家电,5430.33,5482.4,5328.64,5363.7,-73.88,-1.36,6444.0,111174.0,24.07,3.65,5179784.0,20880180.666847
801113.SI,20230725,小家电,5426.89,5565.18,5373.74,5504.24,140.55,2.62,8613.0,167703.0,24.68,3.74,5315513.0,21345661.622542
801113.SI,20230726,小家电,5494.6,5536.25,5402.87,5435.49,-68.75,-1.25,6331.0,110919.0,24.41,3.7,5249119.0,21012198.448372
801113.SI,20230727,小家电,5477.1,5547.12,5383.42,5420.64,-14.85,-0.27,6058.0,121307.0,24.37,3.69,5234778.0,20869451.268515
801113.SI,20230728,小家电,5416.19,5603.82,5374.2,5558.69,138.05,2.55,8270.0,167988.0,24.97,3.78,5368091.0,21327950.862352
801113.SI,20230731,小家电,5572.36,5711.23,5505.69,5655.02,96.33,1.73,9006.0,191674.0,25.42,3.85,5461117.0,21820145.254456
801113.SI,20230801,小家电,5647.32,5691.69,5556.05,5601.93,-53.09,-0.94,6495.0,125846.0,25.19,3.82,5409848.0,21562125.651599
801113.SI,20230802,小家电,5583.47,5675.74,5534.56,5612.45,10.52,0.19,6697.0,114392.0,25.25,3.83,5420010.0,21559117.179132
801113.SI,20230803,小家电,5602.7,5650.78,5522.08,5608.92,-3.53,-0.06,5575.0,107542.0,25.24,3.83,5416604.0,21600551.826426
801113.SI,20230804,小家电,5631.92,5681.69,5556.54,5599.56,-9.36,-0.17,6612.0,118172.0,25.22,3.82,5407560.0,21524185.613697
801113.SI,20230807,小家电,5583.37,5642.84,5500.17,5565.0,-34.56,-0.62,5405.0,101548.0,25.06,3.8,5374185.0,21450149.04634
801113.SI,20230808,小家电,5578.91,5630.17,5485.2,5546.65,-18.35,-0.33,4798.0,89699.0,24.97,3.78,5356465.0,21414306.110702
801113.SI,20230809,小家电,5558.38,5594.22,5463.55,5510.96,-35.69,-0.64,4556.0,79543.0,24.82,3.76,5322000.0,21301321.08284
801113.SI,20230810,小家电,5522.26,5574.52,5419.57,5522.76,11.8,0.21,6021.0,123873.0,24.85,3.77,5333393.0,21365812.524369
801113.SI,20230811,小家电,5514.71,5554.14,5408.28,5431.73,-91.03,-1.65,6252.0,118943.0,24.44,3.7,5245486.0,21037677.035287
801113.SI,20230814,小家电,5375.04,5445.4,5306.65,5417.55,-14.18,-0.26,5343.0,93962.0,24.36,3.69,5231790.0,20971084.864881
801113.SI,20230815,小家电,5417.87,5495.65,5320.09,5390.67,-26.87,-0.5,6374.0,105116.0,24.22,3.67,5205838.0,20857902.110147
801113.SI,20230816,小家电,5379.99,5433.86,5288.79,5312.82,-77.86,-1.44,5668.0,103536.0,23.87,3.62,5130649.0,20500316.40645
801113.SI,20230817,小家电,5294.5,5449.52,5246.05,5422.97,110.16,2.07,7069.0,121898.0,24.36,3.69,5237030.0,20890142.132851
801113.SI,20230818,小家电,5415.85,5481.16,5329.59,5351.95,-71.03,-1.31,6034.0,104401.0,24.03,3.64,5168438.0,20573630.244542
801113.SI,20230821,小家电,5351.94,5409.17,5244.64,5256.3,-95.64,-1.79,6170.0,113001.0,23.58,3.58,5076073.0,20269898.363971
801113.SI,20230822,小家电,5277.83,5312.97,5127.98,5223.73,-32.57,-0.62,6609.0,113775.0,23.46,3.56,5044622.0,20123276.541166
801113.SI,20230823,小家电,5222.31,5272.79,5107.76,5147.74,-75.99,-1.45,8152.0,127137.0,23.11,3.51,4971237.0,19875916.716776
801113.SI,20230824,小家电,5151.88,5269.81,5105.22,5174.52,26.77,0.52,8743.0,120686.0,23.26,3.53,4997093.0,20002660.819975
801113.SI,20230825,小家电,5164.36,5216.31,5040.42,5072.98,-101.54,-1.96,8498.0,118996.0,22.79,3.47,4899033.0,19597601.815769
801113.SI,20230828,小家电,5194.23,5249.97,4940.47,4951.77,-121.21,-2.39,9402.0,169180.0,22.21,3.39,4781982.0,19211447.089112
801113.SI,20230829,小家电,4867.89,5032.21,4808.43,4967.19,15.42,0.31,12272.0,292568.0,22.23,3.4,4796870.0,19288921.483245
801113.SI,20230830,小家电,4956.66,5062.95,4920.39,4994.86,27.68,0.56,9732.0,190935.0,22.35,3.44,4823598.0,19424311.927402
801113.SI,20230831,小家电,5014.05,5069.8,4925.13,4966.34,-28.52,-0.57,8645.0,183369.0,22.21,3.51,4796054.0,19326265.344142
801113.SI,20230901,小家电,4977.0,5065.59,4944.15,5013.64,47.29,0.95,8330.0,144860.0,22.71,3.54,4841726.0,19509454.306705
801113.SI,20230904,小家电,5031.95,5119.13,4987.59,5081.56,67.92,1.35,9032.0,175137.0,23.02,3.59,4907318.0,19757335.335283
801113.SI,20230905,小家电,5068.86,5114.39,5015.91,5057.98,-23.58,-0.46,7460.0,132908.0,22.92,3.58,4884548.0,19684244.922164
801113.SI,20230906,小家电,5047.1,5078.07,4979.47,5026.89,-31.09,-0.61,6789.0,112777.0,22.78,3.56,4854525.0,19547429.471447
801113.SI,20230907,小家电,5017.95,5056.1,4945.87,4966.85,-60.04,-1.19,5836.0,110558.0,22.52,3.52,4796547.0,19325631.236851
801113.SI,20230908,小家电,4947.17,5005.04,4909.03,4944.6,-22.25,-0.45,4491.0,81658.0,22.41,3.5,4775061.0,19255930.738748
801113.SI,20230911,小家电,4955.92,5027.21,4897.83,4966.86,22.26,0.45,5146.0,99928.0,22.52,3.51,4796553.0,19371586.65689
801113.SI,20230912,小家电,4968.05,5082.75,4930.13,5023.73,56.87,1.14,5396.0,118642.0,22.79,3.56,4851470.0,19599885.704887
801113.SI,20230913,小家电,5008.48,5047.63,4923.12,4976.75,-46.98,-0.94,5462.0,118698.0,22.58,3.52,4806103.0,19419413.117951
801113.SI,20230914,小家电,4972.42,4992.03,4867.83,4902.69,-74.06,-1.49,4893.0,101229.0,22.24,3.47,4734586.0,19156955.915958
801113.SI,20230915,小家电,4915.54,4949.82,4828.89,4882.73,-19.96,-0.41,4668.0,97499.0,22.14,3.46,4715312.0,19022608.310278
801113.SI,20230918,小家电,4859.39,4991.74,4817.06,4942.05,59.32,1.21,6058.0,120746.0,22.39,3.5,4779242.0,19247018.832736
801113.SI,20230919,小家电,4933.67,4973.36,4854.28,4905.7,-36.35,-0.74,5516.0,92419.0,22.24,3.48,4744090.0,19152373.996107
801113.SI,20230920,小家电,4900.43,4933.71,4842.74,4866.96,-38.74,-0.79,4619.0,83020.0,22.06,3.45,4706624.0,19025416.448048
801113.SI,20230921,小家电,4862.24,4909.16,4800.3,4844.12,-22.83,-0.47,5039.0,87396.0,21.97,3.43,4684542.0,18974942.32656
801113.SI,20230922,小家电,4828.3,4939.25,4807.89,4911.76,67.64,1.4,5198.0,86527.0,22.27,3.48,4749949.0,19195435.582215
801113.SI,20230925,小家电,4904.31,4972.72,4843.22,4873.45,-38.31,-0.78,5453.0,120969.0,22.09,3.45,7249595.0,23061291.753929
801113.SI,20230926,小家电,4862.59,4974.75,4808.97,4912.71,39.26,0.81,5175.0,138317.0,21.89,3.42,7308001.0,23055191.839417
801113.SI,20230927,小家电,4914.96,4993.62,4880.53,4945.77,33.07,0.67,6526.0,129662.0,22.03,3.44,7357188.0,23241519.496874
801113.SI,20230928,小家电,4949.91,5022.97,4915.81,4970.21,24.44,0.49,5722.0,118655.0,22.09,3.45,7393538.0,23304476.778287
801113.SI,20231009,小家电,4959.6,4998.79,4873.18,4911.22,-58.99,-1.19,5850.0,113301.0,21.84,3.41,7305784.0,22958832.136416
801113.SI,20231010,小家电,4939.18,4961.41,4821.27,4856.9,-54.32,-1.11,8094.0,127896.0,21.45,3.35,7224985.0,22579454.620486
801113.SI,20231011,小家电,4851.32,4948.27,4815.61,4879.69,22.79,0.47,8336.0,118372.0,21.39,3.34,7258888.0,22545898.822379
801113.SI,20231012,小家电,4879.43,4942.77,4841.68,4870.24,-9.45,-0.19,7198.0,113534.0,21.39,3.34,7244832.0,22499230.066763
801113.SI,20231013,小家电,4850.6,4907.18,4802.86,4838.25,-31.99,-0.66,6098.0,114644.0,21.12,3.3,7197244.0,22242336.6329
801113.SI,20231016,小家电,4832.15,4885.81,4758.33,4788.81,-49.45,-1.02,5724.0,108718.0,20.91,3.27,7123690.0,22004706.129441
801113.SI,20231017,小家电,4779.81,4857.92,4736.18,4826.24,37.43,0.78,5627.0,100923.0,21.03,3.29,7179376.0,22178071.450351
801113.SI,20231018,小家电,4820.81,4842.73,4739.49,4756.51,-69.73,-1.44,5187.0,98733.0,20.72,3.24,7075648.0,21878266.334077
801113.SI,20231019,小家电,4746.87,4798.58,4680.2,4712.49,-44.02,-0.93,4701.0,99792.0,20.57,3.21,7010165.0,21716950.568186
801113.SI,20231020,小家电,4685.43,4729.79,4609.25,4638.98,-73.51,-1.56,4576.0,100953.0,20.38,3.19,6900818.0,21446365.782432
801113.SI,20231023,小家电,4633.71,4678.47,4493.37,4545.27,-93.72,-2.02,7311.0,132032.0,20.05,3.12,6761410.0,20988134.17411
801113.SI,20231024,小家电,4572.7,4673.8,4518.66,4648.82,103.55,2.28,7420.0,130596.0,20.49,3.18,6915449.0,21486219.353835
801113.SI,20231025,小家电,4670.53,4746.26,4592.82,4637.57,-11.25,-0.24,9881.0,192198.0,20.5,3.18,6898712.0,21470747.132007
801113.SI,20231026,小家电,4618.06,4751.37,4586.02,4657.96,20.39,0.44,8808.0,183845.0,20.52,3.18,6929041.0,21586380.659829
801113.SI,20231027,小家电,4719.94,4894.24,4669.42,4850.93,192.97,4.14,12350.0,266977.0,21.4,3.31,7216100.0,22636812.251997
801113.SI,20231030,小家电,5039.09,5106.42,4832.43,4950.5,99.57,2.05,12340.0,346443.0,21.04,3.24,7364223.0,22512276.893791
801113.SI,20231031,小家电,4952.47,5023.03,4870.43,4928.96,-21.54,-0.44,10114.0,225099.0,20.94,3.21,7332181.0,22383991.80961
801113.SI,20231101,小家电,4925.27,5010.51,4826.71,4908.33,-20.63,-0.42,7889.0,187012.0,22.16,3.23,7301485.0,22372565.891601
801113.SI,20231102,小家电,4922.68,4950.14,4797.19,4815.47,-92.85,-1.89,7498.0,163406.0,21.84,3.18,7163357.0,22015796.129676
801113.SI,20231103,小家电,4836.43,4948.24,4791.0,4886.1,70.63,1.47,8419.0,193575.0,22.09,3.22,7268425.0,22256002.417972
801113.SI,20231106,小家电,4900.37,4970.74,4740.23,4880.99,-5.11,-0.1,10595.0,247135.0,22.37,3.26,7260821.0,22353546.806346
801113.SI,20231107,小家电,4878.31,4954.48,4810.17,4917.0,36.01,0.74,10900.0,190428.0,22.48,3.28,7314389.0,22442860.351837
801113.SI,20231108,小家电,4905.14,4977.0,4839.11,4949.73,32.73,0.67,12964.0,221224.0,22.67,3.3,7362868.0,22600212.159203
801113.SI,20231109,小家电,4944.88,4987.06,4858.97,4932.35,-17.39,-0.35,11938.0,206590.0,22.55,3.29,7337003.0,22517754.963479
801113.SI,20231110,小家电,4897.36,4995.22,4851.62,4951.45,19.1,0.39,8748.0,178463.0,22.49,3.28,7365416.0,22523271.32522
801113.SI,20231113,小家电,4955.42,5002.42,4830.27,4875.13,-76.32,-1.54,8783.0,190988.0,22.38,3.26,7251892.0,22288106.474574
801113.SI,20231114,小家电,4870.56,4926.34,4841.11,4889.74,14.61,0.3,8161.0,170261.0,22.38,3.26,7273271.0,22347481.488128
801113.SI,20231115,小家电,4930.8,4978.05,4878.07,4941.43,51.68,1.06,9256.0,197049.0,22.56,3.29,7361054.0,22514785.421021
801113.SI,20231116,小家电,4929.97,4970.38,4865.45,4909.91,-31.52,-0.64,8098.0,161276.0,22.51,3.28,7314105.0,22412081.270193
801113.SI,20231117,小家电,4902.45,4967.75,4862.29,4946.11,36.2,0.74,8992.0,170970.0,22.68,3.31,7368029.0,22593227.866155
801113.SI,20231120,小家电,4924.94,5013.4,4861.0,4947.45,1.34,0.03,11698.0,237418.0,23.03,3.36,7370025.0,22756895.053059
801113.SI,20231121,小家电,4953.74,5038.93,4895.78,4946.4,-1.05,-0.02,13035.0,240432.0,22.99,3.35,7368459.0,22719356.860413
801113.SI,20231122,小家电,4932.78,4964.17,4834.52,4854.23,-92.16,-1.86,9757.0,182568.0,22.58,3.29,7231167.0,22347488.665368
801113.SI,20231123,小家电,4848.7,4927.12,4814.82,4907.95,53.71,1.11,6796.0,124846.0,22.79,3.32,7311180.0,22576284.493629
801113.SI,20231124,小家电,4883.72,4933.59,4814.94,4866.96,-40.99,-0.84,6290.0,126598.0,22.57,3.29,7250120.0,22420825.581641
801113.SI,20231127,小家电,4818.41,4873.92,4741.15,4788.81,-78.15,-1.61,7216.0,162800.0,22.39,3.26,7133706.0,22144786.115794
801113.SI,20231128,小家电,4791.7,4857.54,4743.86,4834.97,46.16,0.96,7355.0,147949.0,22.57,3.29,7202467.0,22342915.841357
801113.SI,20231129,小家电,4834.82,4919.69,4788.58,4867.4,32.43,0.67,7203.0,159546.0,22.57,3.29,7250782.0,22473392.956305
801113.SI,20231130,小家电,4875.31,4923.43,4794.65,4875.96,8.56,0.18,6726.0,139448.0,22.37,3.26,7263537.0,22439928.152882
801113.SI,20231201,小家电,4839.99,4877.22,4689.05,4774.21,-101.76,-2.09,5918.0,163223.0,22.35,3.26,7111956.0,22210875.14522
801113.SI,20231204,小家电,4772.03,4810.65,4671.78,4708.97,-65.24,-1.37,6147.0,156639.0,22.29,3.25,7014770.0,22036449.397934
801113.SI,20231205,小家电,4697.82,4745.74,4617.7,4635.55,-73.42,-1.56,7361.0,155118.0,21.98,3.2,6905402.0,21756955.929345
801113.SI,20231206,小家电,4636.75,4724.34,4580.36,4672.94,37.39,0.81,7045.0,156481.0,22.13,3.23,6961106.0,21976290.177547
801113.SI,20231207,小家电,4670.82,4704.88,4583.13,4645.88,-27.06,-0.58,6329.0,144776.0,21.87,3.19,6920791.0,21762752.193166
801113.SI,20231208,小家电,4638.54,4758.76,4594.37,4701.43,55.55,1.2,7602.0,179295.0,21.68,3.16,6998607.0,21790267.738125
801113.SI,20231211,小家电,4665.22,4736.21,4564.94,4666.77,-34.67,-0.74,8489.0,178063.0,21.82,3.18,6947002.0,21827097.436877
801113.SI,20231212,小家电,4667.1,4709.69,4557.61,4607.97,-58.79,-1.26,5465.0,134242.0,21.8,3.18,6859480.0,21650198.768746
801113.SI,20231213,小家电,4602.73,4642.53,4535.13,4555.46,-52.51,-1.14,5990.0,138355.0,21.58,3.15,6781308.0,21418163.585833
801113.SI,20231214,小家电,4581.03,4647.98,4533.86,4561.41,5.95,0.13,6158.0,130165.0,21.59,3.15,6790167.0,21485003.591597
801113.SI,20231215,小家电,4568.27,4653.08,4522.3,4556.5,-4.91,-0.11,5370.0,126480.0,21.39,3.12,6782862.0,21362787.793734
801113.SI,20231218,小家电,4553.7,4631.56,4481.63,4571.64,15.13,0.33,5134.0,117562.0,21.28,3.1,6805389.0,21430379.991653
801113.SI,20231219,小家电,4569.17,4613.82,4499.03,4548.53,-23.11,-0.51,4438.0,92951.0,21.31,3.11,6770993.0,21389522.981503
801113.SI,20231220,小家电,4557.19,4608.42,4498.23,4518.87,-29.66,-0.65,3977.0,91508.0,21.02,3.07,6726838.0,21191133.553293
801113.SI,20231221,小家电,4510.63,4627.99,4470.19,4598.67,79.8,1.77,6503.0,122655.0,21.38,3.12,6847446.0,21509175.664488
801113.SI,20231222,小家电,4594.22,4663.6,4524.54,4570.15,-28.52,-0.62,6387.0,136181.0,21.12,3.08,6804986.0,21278713.079523
801113.SI,20231225,小家电,4564.21,4677.56,4519.35,4594.07,23.91,0.52,4701.0,112957.0,21.15,3.08,6840592.0,21337391.06981
801113.SI,20231226,小家电,4591.22,4606.67,4497.01,4545.13,-48.94,-1.07,4507.0,95992.0,20.85,3.04,6753631.0,21049840.904611
801113.SI,20231227,小家电,4545.51,4588.48,4476.57,4546.9,1.77,0.04,3981.0,89935.0,20.89,3.05,6756268.0,21042542.739112
801113.SI,20231228,小家电,4542.36,4686.3,4511.72,4639.84,92.94,2.04,6202.0,143843.0,21.42,3.13,6894366.0,21467640.731398
801113.SI,20231229,小家电,4638.26,4720.01,4624.3,4673.73,33.88,0.73,4939.0,110780.0,21.63,3.16,6944715.0,21612918.092607
801113.SI,20240102,小家电,4676.25,4718.82,4589.33,4606.7,-67.03,-1.43,4883.0,113373.0,21.35,3.11,6845115.0,21278496.33636
801113.SI,20240103,小家电,4604.66,4655.0,4540.46,4610.07,3.38,0.07,5430.0,134986.0,21.22,3.1,6850130.0,21218077.681134
801113.SI,20240104,小家电,4613.2,4651.94,4472.51,4527.56,-82.52,-1.79,6536.0,139775.0,21.16,3.09,6727520.0,21061627.828879
801113.SI,20240105,小家电,4516.41,4650.04,4486.57,4570.16,42.6,0.94,6801.0,151196.0,21.27,3.1,6790822.0,21230042.508263
801113.SI,20240108,小家电,4552.37,4610.73,4436.98,4477.19,-92.97,-2.03,10513.0,188438.0,21.04,3.07,6652675.0,20869678.861357
801113.SI,20240109,小家电,4484.41,4583.23,4458.99,4523.28,46.1,1.03,7584.0,158388.0,21.27,3.1,6731662.0,21026475.862556
801113.SI,20240110,小家电,4519.08,4642.67,4486.72,4590.43,67.15,1.48,10257.0,197263.0,21.49,3.13,6831597.0,21318043.794259
801113.SI,20240111,小家电,4579.16,4707.05,4511.92,4652.14,61.71,1.34,16418.0,282936.0,21.51,3.13,6923432.0,21432397.023518
801113.SI,20240112,小家电,4620.61,4723.77,4578.91,4646.36,-5.78,-0.12,14555.0,246522.0,21.27,3.1,6914828.0,21353953.767366
801113.SI,20240115,小家电,4606.43,4721.16,4565.31,4661.89,15.53,0.33,12549.0,214949.0,21.26,3.09,6923773.0,21393438.770535
801113.SI,20240116,小家电,4668.54,4782.82,4589.93,4719.16,57.27,1.23,12963.0,240525.0,21.26,3.09,7008826.0,21507201.497467
801113.SI,20240117,小家电,4712.08,4765.18,4620.35,4636.75,-82.41,-1.75,11083.0,213526.0,20.85,3.03,6886438.0,21169909.169111
801113.SI,20240118,小家电,4594.24,4648.59,4468.51,4600.8,-35.95,-0.78,12561.0,229322.0,20.62,3.0,6833038.0,20967737.607256
801113.SI,20240119,小家电,4592.92,4693.22,4547.34,4612.31,11.52,0.25,8807.0,174879.0,20.54,2.99,6850141.0,20929741.675747
801113.SI,20240122,小家电,4592.78,4610.42,4336.57,4384.38,-227.93,-4.94,10182.0,187424.0,19.47,2.83,6511624.0,19898527.126426
801113.SI,20240123,小家电,4366.0,4442.68,4251.42,4377.46,-6.93,-0.16,8812.0,163614.0,19.56,2.85,6501339.0,19911182.038681
801113.SI,20240124,小家电,4485.46,4550.58,4330.4,4448.01,70.55,1.61,9126.0,192450.0,19.88,2.89,6606126.0,20261938.500137
801113.SI,20240125,小家电,4452.99,4540.88,4385.97,4499.96,51.95,1.17,8480.0,164668.0,20.25,2.95,6683284.0,20554619.173821
801113.SI,20240126,小家电,4497.84,4622.98,4432.47,4536.83,36.87,0.82,8532.0,173718.0,20.02,2.91,6737497.0,20542858.984475
801113.SI,20240129,小家电,4553.03,4609.78,4346.91,4411.59,-125.24,-2.76,9691.0,184852.0,19.57,2.85,6551512.0,20075636.818356
801113.SI,20240130,小家电,4389.29,4480.69,4295.41,4334.06,-77.53,-1.76,7803.0,164162.0,18.88,2.75,6436376.0,19538447.178234
801113.SI,20240131,小家电,4300.77,4402.75,4182.81,4220.07,-113.99,-2.63,9090.0,169015.0,18.31,2.66,6267093.0,19080824.581856
801113.SI,20240201,小家电,4199.34,4323.19,4122.33,4229.01,8.94,0.21,7776.0,146179.0,18.09,2.63,6280366.0,19004933.759774
801113.SI,20240202,小家电,4261.15,4341.38,4052.21,4166.98,-62.03,-1.47,9290.0,165583.0,17.53,2.55,6188245.0,18630410.250527
801113.SI,20240205,小家电,4153.79,4248.71,3942.16,4091.88,-75.1,-1.8,10944.0,200474.0,16.92,2.46,6076716.0,18332307.327429
801113.SI,20240206,小家电,4055.4,4371.82,3948.81,4281.76,189.88,4.64,15449.0,247272.0,17.84,2.6,6363033.0,19191709.333241
801113.SI,20240207,小家电,4293.32,4607.29,4219.64,4533.4,251.63,5.88,15225.0,301343.0,18.55,2.7,6736982.0,20220527.076703
801113.SI,20240208,小家电,4538.04,4776.5,4387.72,4542.3,8.9,0.2,15416.0,285959.0,19.14,2.79,6750209.0,20506286.968757
801113.SI,20240219,小家电,4570.24,4646.69,4415.06,4532.05,-10.24,-0.23,12359.0,240051.0,19.01,2.77,6734986.0,20273415.646235
801113.SI,20240220,小家电,4508.23,4600.7,4411.0,4562.1,30.05,0.66,7780.0,161719.0,19.07,2.78,6779354.0,20351527.986054
801113.SI,20240221,小家电,4543.08,4674.07,4468.89,4548.51,-13.59,-0.3,9518.0,188542.0,19.22,2.81,6749940.0,20378508.989469
801113.SI,20240222,小家电,4542.29,4598.81,4479.13,4552.09,3.58,0.08,9941.0,163718.0,19.35,2.82,6755248.0,20470519.347749
801113.SI,20240223,小家电,4567.07,4621.84,4443.25,4562.86,10.77,0.24,9893.0,184661.0,19.5,2.85,6771229.0,20523991.412809
801113.SI,20240226,小家电,4632.09,4792.76,4574.17,4721.58,158.72,3.48,12675.0,267291.0,20.12,2.94,7006773.0,21232173.876718
801113.SI,20240227,小家电,4717.72,4783.9,4621.78,4760.43,38.85,0.82,15109.0,272782.0,20.44,2.98,7064426.0,21429506.438153
801113.SI,20240228,小家电,4741.99,4803.62,4560.02,4575.87,-184.56,-3.88,20959.0,327271.0,19.53,2.85,6790540.0,20603758.430945
801113.SI,20240229,小家电,4529.55,4738.72,4515.48,4716.87,141.0,3.08,15093.0,246846.0,20.27,2.96,6999782.0,21276131.136855
801113.SI,20240301,小家电,4720.83,4789.7,4656.27,4730.99,14.12,0.3,16003.0,271520.0,20.46,2.99,7020737.0,21328582.946963
801113.SI,20240304,小家电,4737.29,4838.91,4668.37,4784.98,53.98,1.14,13716.0,243024.0,20.5,2.99,7100848.0,21503985.958151
801113.SI,20240305,小家电,4765.82,4888.7,4707.58,4828.6,43.62,0.91,13379.0,253010.0,20.44,2.98,7165585.0,21573480.67554
801113.SI,20240306,小家电,4807.08,4930.78,4753.28,4874.92,46.32,0.96,12846.0,236555.0,20.63,3.01,7234328.0,21752065.28562
801113.SI,20240307,小家电,4876.73,4955.8,4725.69,4758.83,-116.09,-2.38,11707.0,232148.0,20.38,2.98,7062053.0,21443776.084697
801113.SI,20240308,小家电,4759.86,4829.56,4705.38,4774.73,15.9,0.33,7984.0,161542.0,20.47,2.99,7085643.0,21549730.576773
801113.SI,20240311,小家电,4764.97,4862.23,4726.55,4847.88,73.15,1.53,8597.0,163390.0,20.67,3.02,7194191.0,21845049.029574
801113.SI,20240312,小家电,4844.14,4990.48,4811.99,4953.01,105.13,2.17,13595.0,263870.0,21.04,3.09,7350206.0,22279972.290576
801113.SI,20240313,小家电,4929.04,5034.22,4825.76,4880.56,-72.44,-1.46,10710.0,226230.0,21.01,3.08,7242700.0,22117260.459461
801113.SI,20240314,小家电,4862.24,4975.91,4809.45,4891.06,10.5,0.22,14696.0,245773.0,21.22,3.11,7258281.0,22276174.621329
801113.SI,20240315,小家电,4939.38,4992.31,4803.88,4896.24,5.18,0.11,12562.0,227929.0,21.39,3.14,7265971.0,22408422.405716
801113.SI,20240318,小家电,4909.97,4987.6,4814.97,4903.73,7.48,0.15,14576.0,272375.0,21.18,3.11,7277076.0,22276798.338977
801113.SI,20240319,小家电,4895.62,4936.32,4802.42,4869.63,-34.1,-0.7,10719.0,207928.0,20.95,3.07,7226479.0,22053372.893298
801113.SI,20240320,小家电,4876.08,4910.33,4804.59,4875.63,6.0,0.12,8422.0,167439.0,20.96,3.07,7235385.0,22071417.95196
801113.SI,20240321,小家电,4872.99,4895.6,4727.12,4786.39,-89.24,-1.83,8584.0,184426.0,20.65,3.03,7102952.0,21676078.515336
801113.SI,20240322,小家电,4780.31,4847.22,4704.88,4771.37,-15.02,-0.31,11289.0,207624.0,20.47,3.0,7080662.0,21565812.722879
801113.SI,20240325,小家电,4755.49,4939.09,4712.35,4821.07,49.7,1.04,13307.0,233180.0,20.26,2.97,7154418.0,21582478.122553
801113.SI,20240326,小家电,4809.91,4941.32,4776.55,4873.32,52.25,1.08,10581.0,190251.0,20.43,3.0,7231956.0,21798314.717799
801113.SI,20240327,小家电,4866.56,4950.46,4776.5,4815.93,-57.4,-1.18,9396.0,176273.0,20.14,2.95,7146780.0,21597685.90923
801113.SI,20240328,小家电,4813.1,4939.37,4752.04,4872.44,56.51,1.17,11543.0,186079.0,20.55,3.01,7230646.0,21922413.380831
801113.SI,20240329,小家电,4884.08,4924.85,4785.29,4883.45,11.0,0.23,10369.0,160351.0,20.59,3.02,7246976.0,21978507.182204
801113.SI,20240401,小家电,4900.75,5027.3,4823.97,4927.15,43.71,0.89,14063.0,236913.0,21.04,3.07,7311836.0,22302980.208738
801113.SI,20240402,小家电,4935.97,4979.04,4842.68,4898.42,-28.73,-0.58,12492.0,198209.0,20.85,3.04,7269203.0,22147654.247809
801113.SI,20240403,小家电,4894.88,4995.84,4842.79,4890.88,-7.55,-0.15,10509.0,198050.0,20.72,3.02,7258004.0,22106480.010345
801113.SI,20240408,小家电,4883.49,4972.65,4772.62,4825.04,-65.84,-1.35,10035.0,200733.0,20.38,2.97,7160302.0,21776579.958412
801113.SI,20240409,小家电,4822.68,4920.94,4770.31,4874.35,49.31,1.02,11052.0,186771.0,20.62,2.99,7229766.0,21965837.289301
801113.SI,20240410,小家电,4865.43,4897.07,4739.76,4819.84,-54.51,-1.12,9227.0,164157.0,20.33,2.95,7148915.0,21728484.932627
801113.SI,20240411,小家电,4802.68,4990.93,4749.26,4923.57,103.73,2.15,7147.0,195578.0,20.31,2.94,7302769.0,21968596.114734
801113.SI,20240412,小家电,4944.04,5096.27,4887.14,4977.14,53.57,1.09,15911.0,301393.0,20.93,3.03,7382227.0,22392278.164681
801113.SI,20240415,小家电,4957.2,5115.29,4864.03,4983.32,6.18,0.12,18031.0,309168.0,20.78,3.01,7391390.0,22488158.894811
801113.SI,20240416,小家电,4952.63,5063.43,4832.42,4912.84,-70.48,-1.41,13946.0,263293.0,20.45,2.96,7286857.0,22305199.225523
801113.SI,20240417,小家电,4905.93,5171.24,4840.56,5152.28,239.44,4.87,17596.0,339541.0,21.06,3.05,7641998.0,23019235.957389
801113.SI,20240418,小家电,5117.7,5367.79,5062.21,5222.84,70.56,1.37,22361.0,399150.0,21.5,3.11,7746652.0,23457361.55591
801113.SI,20240419,小家电,5163.65,5291.3,5094.8,5239.04,16.21,0.31,18957.0,326239.0,21.65,3.13,7770689.0,23476806.201414
801113.SI,20240422,小家电,5227.89,5426.74,5175.71,5290.64,51.6,0.98,14804.0,311912.0,21.76,3.14,7847222.0,23581687.118697
801113.SI,20240423,小家电,5258.7,5344.36,5141.43,5242.76,-47.88,-0.91,14078.0,261972.0,21.63,3.11,7776199.0,23397670.448828
801113.SI,20240424,小家电,5245.87,5342.18,5155.07,5308.87,66.11,1.26,14762.0,259607.0,21.72,3.13,7874252.0,23600345.0688
801113.SI,20240425,小家电,5282.72,5367.28,5159.26,5231.67,-77.2,-1.45,12553.0,246035.0,21.73,3.11,7759752.0,23375106.151148
801113.SI,20240426,小家电,5201.26,5343.97,5150.61,5249.69,18.03,0.34,16164.0,273343.0,21.43,3.05,7786488.0,23310225.710398
801113.SI,20240429,小家电,5263.09,5560.35,5218.05,5485.87,236.17,4.5,17055.0,384784.0,23.57,3.14,8136785.0,23894391.96638
801113.SI,20240430,小家电,5471.79,5707.52,5449.45,5630.26,144.4,2.63,17910.0,400778.0,23.77,3.19,8350961.0,24399455.963493
801113.SI,20240506,小家电,5719.74,6019.2,5673.98,5934.57,304.3,5.4,21304.0,460674.0,46.32,3.98,8802311.0,25485712.686881
801113.SI,20240507,小家电,5927.03,5958.3,5749.61,5797.38,-137.19,-2.31,16551.0,352780.0,45.25,3.88,8598830.0,24985054.459534
801113.SI,20240508,小家电,5819.23,5890.51,5729.04,5798.02,0.64,0.01,15388.0,276191.0,45.28,3.89,8599780.0,24816785.884607
801113.SI,20240509,小家电,5806.78,5964.75,5751.98,5898.88,100.86,1.74,20190.0,336515.0,46.08,3.96,8737663.0,25243904.031542
801113.SI,20240510,小家电,5886.49,6147.54,5802.39,6057.83,158.95,2.69,23524.0,409163.0,47.33,4.06,8973106.0,25810455.032423
801113.SI,20240513,小家电,5983.79,6266.03,5896.44,6170.17,112.33,1.85,23952.0,512427.0,48.28,4.13,9111902.0,26442496.200172
801113.SI,20240514,小家电,6136.83,6254.83,6011.55,6128.56,-41.61,-0.67,20548.0,425408.0,47.94,4.1,9048379.0,26308664.885851
801113.SI,20240515,小家电,6125.02,6225.68,5956.07,6062.23,-66.33,-1.08,17971.0,434206.0,47.44,4.06,8950445.0,26294701.251978
801113.SI,20240516,小家电,6031.39,6071.01,5797.81,5879.65,-182.58,-3.01,17326.0,467545.0,45.97,3.93,8680876.0,25606283.99061
801113.SI,20240517,小家电,5834.91,5918.82,5685.14,5807.28,-72.37,-1.23,16270.0,365915.0,45.42,3.89,8574031.0,25214146.304905
801113.SI,20240520,小家电,5779.07,5853.99,5679.57,5772.73,-34.56,-0.6,14369.0,302863.0,45.12,3.86,8523011.0,25091408.629167
801113.SI,20240521,小家电,5738.52,5905.9,5705.1,5833.24,60.52,1.05,10903.0,297179.0,45.63,3.9,8612361.0,25278951.430131
801113.SI,20240522,小家电,5832.41,5874.65,5684.92,5703.35,-129.89,-2.23,12749.0,275747.0,44.6,3.81,8420584.0,24803485.022335
801113.SI,20240523,小家电,5682.91,5764.19,5608.36,5700.3,-3.05,-0.05,12332.0,240979.0,44.65,3.82,8416076.0,24702855.847427
801113.SI,20240524,小家电,5701.71,5771.72,5608.64,5652.26,-48.04,-0.84,10024.0,203950.0,44.29,3.79,8345148.0,24379580.153082
801113.SI,20240527,小家电,5625.71,5712.69,5489.86,5653.31,1.05,0.02,9359.0,265031.0,44.26,3.79,8346705.0,24566506.392612
801113.SI,20240528,小家电,5605.65,5663.86,5505.79,5568.27,-85.04,-1.5,7900.0,182896.0,43.61,3.73,8318380.0,23997569.469747
801113.SI,20240529,小家电,5544.89,5609.78,5476.04,5558.49,-9.79,-0.18,7358.0,171319.0,43.55,3.72,8303762.0,23909307.575926
801113.SI,20240530,小家电,5517.48,5634.26,5474.75,5534.24,-24.25,-0.44,7280.0,160037.0,43.4,3.71,8261567.0,23817231.083758
801113.SI,20240531,小家电,5537.4,5623.46,5471.98,5507.99,-26.25,-0.47,8099.0,161202.0,43.17,3.69,8222375.0,23684409.917367
801113.SI,20240603,小家电,5523.52,5751.03,5451.74,5661.63,153.64,2.79,10562.0,260357.0,44.4,3.8,8451736.0,24131150.591449
801113.SI,20240604,小家电,5642.91,5717.81,5524.15,5667.05,5.42,0.1,9122.0,225654.0,48.14,3.87,9132744.0,24193448.946772
801113.SI,20240605,小家电,5660.52,5699.38,5517.65,5535.9,-131.16,-2.31,9735.0,182814.0,47.02,3.78,8921375.0,23684219.704241
801113.SI,20240606,小家电,5542.06,5567.73,5415.7,5460.42,-75.47,-1.36,11145.0,185253.0,46.43,3.74,8799749.0,23412133.865807
801113.SI,20240607,小家电,5477.85,5508.21,5291.61,5366.74,-93.68,-1.72,8764.0,203246.0,45.59,3.67,8648778.0,23036818.048742
801113.SI,20240611,小家电,5301.3,5376.63,5184.35,5294.8,-71.95,-1.34,7534.0,212091.0,44.95,3.62,8532834.0,22893204.630751
801113.SI,20240612,小家电,5304.63,5433.52,5276.78,5395.06,100.26,1.89,7013.0,176351.0,45.79,3.69,8694406.0,23197873.377394
801113.SI,20240613,小家电,5395.77,5465.65,5327.84,5392.08,-2.98,-0.06,6873.0,168922.0,45.76,3.68,8689606.0,23109050.465587
801113.SI,20240614,小家电,5371.44,5485.47,5270.35,5348.9,-43.17,-0.8,7716.0,253159.0,45.37,3.65,8618967.0,23218529.283243
801113.SI,20240617,小家电,5353.21,5491.08,5266.82,5363.8,14.9,0.28,6547.0,216202.0,45.52,3.67,8642974.0,23041615.440541
801113.SI,20240618,小家电,5389.7,5417.38,5263.53,5359.69,-4.11,-0.08,6639.0,165874.0,45.47,3.66,8636346.0,22961435.458151
801113.SI,20240619,小家电,5360.56,5398.07,5248.93,5280.8,-78.89,-1.47,10305.0,146984.0,44.74,3.6,8509225.0,22685521.173284
801113.SI,20240620,小家电,5291.15,5340.6,5207.67,5254.41,-26.39,-0.5,9343.0,149340.0,22.82,3.59,8466696.0,22444884.834259
801113.SI,20240621,小家电,5245.39,5341.2,5193.03,5286.36,31.96,0.61,9895.0,140246.0,22.95,3.61,8572268.0,22497137.705453
801113.SI,20240624,小家电,5254.53,5342.71,5139.2,5187.29,-99.07,-1.87,7041.0,174084.0,22.54,3.55,8411613.0,22104164.428917
801113.SI,20240625,小家电,5187.77,5315.31,5139.26,5204.51,17.22,0.33,5970.0,163346.0,22.61,3.56,8439543.0,22148139.092897
801113.SI,20240626,小家电,5171.95,5265.29,5099.1,5178.98,-25.54,-0.49,8430.0,163951.0,22.49,3.54,8398133.0,22215068.582188
801113.SI,20240627,小家电,5182.32,5209.72,5066.82,5113.83,-65.15,-1.26,11563.0,164671.0,22.22,3.49,8292489.0,21853702.408988
801113.SI,20240628,小家电,5103.88,5185.85,5038.99,5083.33,-30.49,-0.6,11307.0,162037.0,22.07,3.47,8243041.0,21641524.671809
801113.SI,20240701,小家电,5070.23,5128.22,4967.5,5050.14,-33.19,-0.65,10542.0,160043.0,21.91,3.45,8189214.0,21607358.918451
801113.SI,20240702,小家电,5047.51,5101.15,4896.8,4940.85,-109.29,-2.16,7652.0,176920.0,21.43,3.37,8011995.0,21114421.627808
801113.SI,20240703,小家电,4968.17,4985.02,4855.6,4874.78,-66.07,-1.34,6970.0,116613.0,21.14,3.33,7904858.0,20824355.762604
801113.SI,20240704,小家电,4883.71,5002.8,4805.52,4872.15,-2.63,-0.05,8394.0,139322.0,21.14,3.33,7900594.0,20644521.57343
801113.SI,20240705,小家电,4842.68,4925.94,4758.25,4889.2,17.04,0.35,7065.0,129498.0,21.18,3.33,7925889.0,20703834.762431
801113.SI,20240708,小家电,4880.81,4912.01,4766.67,4830.66,-58.53,-1.2,7326.0,123548.0,20.95,3.3,7831001.0,20339990.965014
801113.SI,20240709,小家电,4804.55,4859.51,4720.77,4825.32,-5.34,-0.11,7745.0,139930.0,20.9,3.29,7819155.0,20453033.109972
801113.SI,20240710,小家电,4802.09,4858.76,4700.36,4778.56,-46.77,-0.97,6807.0,142032.0,20.7,3.26,7743372.0,20352607.121289
801113.SI,20240711,小家电,4820.58,4889.38,4719.85,4829.02,50.47,1.06,9140.0,180733.0,20.9,3.29,7825151.0,20758765.726665
801113.SI,20240712,小家电,4812.94,4936.74,4768.96,4883.32,54.3,1.12,7037.0,143382.0,21.18,3.33,7913140.0,20820870.372731
801113.SI,20240715,小家电,4753.06,4771.53,4473.27,4634.31,-249.01,-5.1,6773.0,216053.0,20.09,3.16,7516665.0,20212689.877874
801113.SI,20240716,小家电,4600.62,4665.86,4518.68,4565.12,-69.19,-1.49,8535.0,169937.0,19.78,3.11,7404447.0,20008111.777379
801113.SI,20240717,小家电,4563.1,4604.5,4457.19,4546.53,-18.59,-0.41,7860.0,149059.0,19.71,3.1,7374286.0,19961917.429984
801113.SI,20240718,小家电,4538.71,4624.12,4472.51,4569.99,23.46,0.52,6696.0,131805.0,19.81,3.12,7412331.0,20080528.532391
801113.SI,20240719,小家电,4556.35,4615.46,4502.61,4561.43,-8.56,-0.19,6115.0,128983.0,19.77,3.11,7398450.0,20085765.359433
801113.SI,20240722,小家电,4552.29,4672.33,4515.44,4593.22,31.79,0.7,6086.0,143190.0,19.92,3.13,7450011.0,20142164.014185
801113.SI,20240723,小家电,4605.53,4619.46,4402.29,4409.53,-183.69,-4.0,6727.0,137531.0,19.12,3.01,7152072.0,19418581.230214
801113.SI,20240724,小家电,4392.18,4412.27,4213.17,4275.97,-133.56,-3.03,7959.0,176431.0,18.54,2.92,6935444.0,18941240.774146
801113.SI,20240725,小家电,4254.32,4342.39,4168.73,4235.16,-40.81,-0.95,7647.0,122966.0,18.34,2.88,6869257.0,19025798.622216
801113.SI,20240726,小家电,4284.17,4420.13,4250.94,4345.77,110.61,2.61,11345.0,196578.0,18.8,2.96,7048668.0,19665840.791673
801113.SI,20240729,小家电,4336.95,4448.79,4287.97,4350.47,4.7,0.11,10229.0,194328.0,18.83,2.96,7056291.0,19510798.197481
801113.SI,20240730,小家电,4331.53,4358.8,4199.22,4266.27,-84.2,-1.94,8492.0,147967.0,18.46,2.9,6919722.0,19238042.935858
801113.SI,20240731,小家电,4272.06,4525.0,4199.89,4510.56,244.29,5.73,11796.0,225659.0,19.54,3.07,7315946.0,20189767.221349
801113.SI,20240801,小家电,4510.33,4551.98,4389.66,4410.86,-99.7,-2.21,9149.0,191466.0,19.09,3.0,7154239.0,19853716.880494
801113.SI,20240802,小家电,4386.78,4457.41,4298.52,4320.08,-90.78,-2.06,9651.0,155224.0,18.69,2.94,7006996.0,19530415.438528
801113.SI,20240805,小家电,4297.12,4412.66,4183.25,4208.32,-111.76,-2.59,9476.0,158707.0,18.22,2.86,6823712.0,19116361.409284
801113.SI,20240806,小家电,4238.6,4292.13,4158.97,4224.9,16.58,0.39,6392.0,121494.0,18.28,2.87,6850595.0,19259630.436026
801113.SI,20240807,小家电,4218.25,4304.92,4145.75,4236.44,11.54,0.27,6042.0,126940.0,18.33,2.88,6869314.0,19251780.101257
801113.SI,20240808,小家电,4202.24,4263.71,4128.9,4228.01,-8.43,-0.2,6999.0,119808.0,18.3,2.88,6855643.0,19306845.259195
801113.SI,20240809,小家电,4219.76,4299.7,4181.02,4200.46,-27.56,-0.65,5909.0,102075.0,18.17,2.86,6808667.0,19075065.540742
801113.SI,20240812,小家电,4212.98,4346.42,4137.42,4291.13,90.68,2.16,5400.0,131063.0,18.58,2.92,6955271.0,19280145.606329
801113.SI,20240813,小家电,4296.3,4350.64,4210.75,4291.25,0.11,0.0,5510.0,107029.0,18.57,2.92,6955453.0,19257298.836681
801113.SI,20240814,小家电,4288.97,4335.53,4198.2,4296.12,4.87,0.11,5075.0,103550.0,18.6,2.93,6963349.0,19275589.117064
801113.SI,20240815,小家电,4293.32,4330.59,4187.93,4226.38,-69.74,-1.62,6174.0,122345.0,18.28,2.88,6850317.0,19136340.636683
801113.SI,20240816,小家电,4227.25,4294.48,4193.69,4253.23,26.85,0.64,6857.0,110830.0,18.4,2.9,6893838.0,19210262.754406
801113.SI,20240819,小家电,4241.43,4288.05,4079.44,4171.28,-81.96,-1.93,6625.0,169798.0,18.04,2.84,6761000.0,19092177.268823
801113.SI,20240820,小家电,4169.17,4205.73,4097.49,4151.94,-19.34,-0.46,6539.0,114388.0,17.97,2.83,6729659.0,18945910.178958
801113.SI,20240821,小家电,4144.53,4205.58,4094.06,4166.8,14.86,0.36,8190.0,117491.0,18.05,2.84,6758748.0,18934901.144954
801113.SI,20240822,小家电,4170.89,4223.3,4112.25,4180.28,13.49,0.32,10665.0,139324.0,18.12,2.86,6780625.0,18951365.627395
801113.SI,20240823,小家电,4170.84,4374.01,4145.19,4336.52,156.23,3.74,9345.0,175729.0,18.82,2.97,7034039.0,19466134.589707
801113.SI,20240826,小家电,4346.0,4449.13,4271.86,4380.78,44.27,1.02,10696.0,173836.0,19.01,3.0,7105844.0,19501606.418131
801113.SI,20240827,小家电,4393.13,4434.74,4300.0,4372.86,-7.93,-0.18,8362.0,128796.0,18.98,3.0,7092988.0,19431747.443721
801113.SI,20240828,小家电,4352.05,4418.13,4284.6,4377.05,4.19,0.1,7460.0,111059.0,18.99,3.01,7099783.0,19342028.497908
801113.SI,20240829,小家电,4307.11,4407.31,4223.93,4366.32,-10.73,-0.25,11297.0,164109.0,18.93,3.01,7082380.0,19436825.318529
801113.SI,20240830,小家电,4306.98,4521.84,4268.55,4439.48,73.16,1.68,15894.0,242122.0,19.24,3.07,7201820.0,19598150.493081
801113.SI,20240902,小家电,4461.43,4527.24,4319.6,4343.77,-95.71,-2.16,14443.0,202233.0,18.37,3.0,7046563.0,19232093.786035
801113.SI,20240903,小家电,4332.55,4525.73,4299.73,4484.13,140.36,3.23,11455.0,197671.0,18.96,3.1,7274255.0,19737395.338983
801113.SI,20240904,小家电,4439.59,4595.56,4416.51,4505.11,20.98,0.47,12457.0,164049.0,19.05,3.11,7317398.0,19794356.643089
801113.SI,20240905,小家电,4512.37,4604.31,4470.6,4584.99,79.88,1.77,8193.0,118501.0,19.4,3.17,7447206.0,20080985.840063
801113.SI,20240906,小家电,4584.69,4666.39,4482.05,4493.61,-91.38,-1.99,9058.0,144284.0,19.02,3.1,7298785.0,19660595.535808
801113.SI,20240909,小家电,4482.94,4553.92,4365.46,4445.28,-48.33,-1.08,14657.0,168573.0,18.81,3.07,7220279.0,19431084.210363
801113.SI,20240910,小家电,4412.53,4492.94,4372.74,4422.07,-23.21,-0.52,10997.0,120759.0,18.71,3.05,7182582.0,19446855.094113
801113.SI,20240911,小家电,4416.94,4560.27,4372.7,4531.77,109.7,2.48,7782.0,127847.0,19.18,3.13,7360767.0,19771907.765362
801113.SI,20240912,小家电,4536.2,4603.47,4477.59,4522.17,-9.6,-0.21,6945.0,112622.0,19.14,3.12,7342037.0,19676415.643517
801113.SI,20240913,小家电,4508.54,4599.72,4464.47,4491.67,-30.5,-0.67,7809.0,124473.0,19.02,3.11,7284688.0,19543942.950505
801113.SI,20240918,小家电,4486.18,4622.14,4423.98,4570.91,79.25,1.76,7811.0,110260.0,19.36,3.16,7417792.0,19753148.094776
801113.SI,20240919,小家电,4580.46,4698.48,4486.4,4556.81,-14.1,-0.31,9279.0,166865.0,19.28,3.15,7394914.0,19917434.714745
801113.SI,20240920,小家电,4542.68,4576.39,4448.71,4541.98,-14.84,-0.33,6339.0,127553.0,19.22,3.14,7370837.0,19911370.829933
801113.SI,20240923,小家电,4543.82,4653.57,4471.51,4527.57,-14.41,-0.32,6728.0,131571.0,19.16,3.13,7347460.0,19889275.579283
801113.SI,20240924,小家电,4546.57,4651.28,4412.01,4607.79,80.21,1.77,11013.0,209058.0,19.49,3.18,7477634.0,20162826.155509
801113.SI,20240925,小家电,4628.72,4700.24,4389.39,4412.01,-195.78,-4.25,13845.0,335566.0,18.65,3.04,7165999.0,19757512.993477
801113.SI,20240926,小家电,4402.09,4551.59,4285.57,4535.71,123.7,2.8,13903.0,291484.0,19.17,3.13,7366907.0,20447443.669242
801113.SI,20240927,小家电,4605.21,4843.26,4545.0,4736.22,200.52,4.42,16129.0,302236.0,20.01,3.27,7692586.0,21237308.361018
801113.SI,20240930,小家电,4977.51,5409.66,4859.52,5391.81,655.59,13.84,28324.0,633433.0,22.79,3.72,8757395.0,23563870.276076
801113.SI,20241008,小家电,6203.8,6213.55,5383.18,5839.46,447.65,8.3,33370.0,995284.0,24.66,4.03,9484470.0,24861824.788933
801113.SI,20241009,小家电,5629.39,5635.03,5040.25,5153.69,-685.78,-11.74,21909.0,649785.0,21.77,3.56,8370629.0,22373418.060147
801113.SI,20241010,小家电,5217.98,5393.16,5072.94,5171.51,17.83,0.35,15714.0,414464.0,21.85,3.57,8399585.0,22626531.196303
801113.SI,20241011,小家电,5189.31,5241.78,4919.03,4976.36,-195.16,-3.77,12966.0,308126.0,21.02,3.43,8082610.0,21978808.406162
801113.SI,20241014,小家电,5008.56,5155.55,4874.92,5097.55,121.19,2.44,12663.0,304524.0,21.53,3.52,8279450.0,22295286.802694
801113.SI,20241015,小家电,5083.66,5164.08,4956.33,4967.2,-130.35,-2.56,11708.0,282357.0,20.96,3.42,8067730.0,21672238.764042
801113.SI,20241016,小家电,4885.45,4992.16,4829.25,4882.35,-84.85,-1.71,11265.0,253399.0,20.58,3.36,7929916.0,21443555.091028
801113.SI,20241017,小家电,4910.0,5066.66,4821.23,4850.87,-31.47,-0.64,11711.0,305728.0,20.44,3.34,7878798.0,21387266.205394
801113.SI,20241018,小家电,4865.92,5248.13,4846.4,5114.34,263.47,5.43,14062.0,454026.0,21.57,3.52,8306730.0,22233318.117968
801113.SI,20241021,小家电,5181.7,5328.99,5089.09,5243.06,128.71,2.52,15115.0,441523.0,22.12,3.61,8515783.0,22506925.305796
801113.SI,20241022,小家电,5260.49,5339.25,5137.34,5211.68,-31.37,-0.6,12581.0,331133.0,21.97,3.59,8464825.0,22642286.833413
801113.SI,20241023,小家电,5208.85,5272.1,5125.17,5176.21,-35.47,-0.68,12396.0,265173.0,21.81,3.56,8407210.0,22574969.656398
801113.SI,20241024,小家电,5133.98,5197.74,5080.51,5117.59,-58.62,-1.13,11307.0,185584.0,21.56,3.52,8311999.0,22330711.09586
801113.SI,20241025,小家电,5110.51,5302.54,5056.31,5234.37,116.78,2.28,17525.0,319069.0,22.02,3.58,8501668.0,22716094.507028
801113.SI,20241028,小家电,5243.36,5432.06,5172.65,5375.46,141.09,2.7,17364.0,362216.0,22.61,3.67,8758935.0,23148426.391099
801113.SI,20241029,小家电,5389.12,5513.04,5258.8,5315.56,-59.89,-1.11,21385.0,414143.0,22.37,3.6,8661341.0,23023028.011915
801113.SI,20241030,小家电,5258.98,5383.55,5127.0,5182.72,-132.84,-2.5,18209.0,404089.0,21.8,3.51,8444882.0,22441716.170059
801113.SI,20241031,小家电,4945.57,5001.57,4636.25,4920.96,-261.75,-5.05,21234.0,588090.0,20.66,3.33,8018371.0,21873372.558946
801113.SI,20241101,小家电,4812.85,4901.07,4716.68,4751.84,-169.13,-3.44,15795.0,352513.0,21.99,3.18,7742791.0,21373208.3849
801113.SI,20241104,小家电,4779.08,4988.06,4736.35,4911.43,159.59,3.36,14544.0,317836.0,22.73,3.29,8002835.0,22036513.46793
801113.SI,20241105,小家电,4918.74,5024.59,4820.51,4967.5,56.07,1.14,19230.0,408897.0,22.98,3.32,8094198.0,22345212.263522
801113.SI,20241106,小家电,4969.74,5099.46,4861.44,4919.75,-47.75,-0.96,17349.0,380323.0,22.77,3.29,8016399.0,22198285.537234
801113.SI,20241107,小家电,4864.56,5002.81,4786.31,4918.11,-1.64,-0.03,24170.0,532611.0,22.74,3.29,8013720.0,22445204.65036
801113.SI,20241108,小家电,4953.05,5029.34,4829.69,4888.2,-29.91,-0.61,25384.0,471361.0,22.59,3.27,7964979.0,22220344.732302
801113.SI,20241111,小家电,4847.7,4973.15,4787.96,4951.69,63.49,1.3,18676.0,404924.0,22.82,3.3,8068433.0,22463261.461433
801113.SI,20241112,小家电,4978.14,5048.24,4869.29,4921.72,-29.96,-0.61,22721.0,414754.0,22.72,3.29,8019609.0,22346639.43529
801113.SI,20241113,小家电,4905.14,5031.09,4835.85,4977.69,55.97,1.14,19054.0,337729.0,22.99,3.33,8111781.0,22404895.054229
801113.SI,20241114,小家电,4972.21,5038.67,4860.73,4885.89,-91.8,-1.84,17817.0,314965.0,22.58,3.27,7962188.0,22057470.415814
801113.SI,20241115,小家电,4841.75,4931.36,4734.78,4778.07,-107.83,-2.21,19473.0,341160.0,22.11,3.2,7786471.0,21729546.784102
801113.SI,20241118,小家电,4791.68,4837.84,4645.0,4713.92,-64.14,-1.34,21113.0,327085.0,21.82,3.16,7681941.0,21337341.849314
801113.SI,20241119,小家电,4696.9,4803.05,4641.61,4766.79,52.86,1.12,19121.0,299470.0,22.05,3.19,7768091.0,21622477.229556
801113.SI,20241120,小家电,4762.64,4835.83,4712.99,4798.46,31.68,0.66,15371.0,269849.0,22.17,3.21,7822057.0,21865901.987474
801113.SI,20241121,小家电,4804.14,4838.7,4719.15,4764.66,-33.8,-0.7,20394.0,328029.0,22.0,3.18,7766960.0,21707368.182147
801113.SI,20241122,小家电,4759.91,4834.57,4564.89,4598.04,-166.63,-3.5,19265.0,335063.0,21.25,3.08,7495340.0,21016372.589023
801113.SI,20241125,小家电,4611.96,4685.25,4467.33,4565.79,-32.25,-0.7,18106.0,347161.0,21.1,3.05,7468342.0,21089405.780511
801113.SI,20241126,小家电,4543.7,4623.09,4488.55,4535.31,-30.47,-0.67,9452.0,176005.0,20.98,3.04,7418499.0,20922271.507082
801113.SI,20241127,小家电,4519.19,4711.36,4450.5,4697.6,162.28,3.58,9996.0,243362.0,21.74,3.15,7683962.0,21513452.320388
801113.SI,20241128,小家电,4696.04,4737.41,4601.74,4630.93,-66.66,-1.42,16571.0,273094.0,21.43,3.1,7574920.0,21189500.502139
801113.SI,20241129,小家电,4608.04,4845.68,4597.35,4815.21,184.28,3.98,20359.0,397610.0,22.28,3.22,7876349.0,21953173.120029
801113.SI,20241202,小家电,4856.54,4972.78,4794.71,4947.56,132.35,2.75,19058.0,401920.0,22.9,3.31,8092838.0,22464094.168302
801113.SI,20241203,小家电,4930.66,5017.1,4876.56,4956.75,9.18,0.19,16806.0,303815.0,22.94,3.32,8107862.0,22475066.291047
801113.SI,20241204,小家电,4937.94,5015.03,4830.32,4894.2,-62.55,-1.26,20512.0,405736.0,22.64,3.28,8005553.0,22286311.993258
801113.SI,20241205,小家电,4857.61,4945.97,4827.82,4890.22,-3.98,-0.08,19082.0,291403.0,22.62,3.27,7999038.0,22261348.034693
801113.SI,20241206,小家电,4883.54,5056.47,4842.63,4993.87,103.65,2.12,20153.0,371156.0,23.1,3.34,8168584.0,22557692.037299
801113.SI,20241209,小家电,4978.8,5077.48,4894.64,4992.43,-1.44,-0.03,21502.0,393269.0,23.09,3.34,8166222.0,22527768.85541
801113.SI,20241210,小家电,5163.13,5215.26,5035.27,5094.72,102.29,2.05,19337.0,420702.0,23.58,3.41,8333537.0,22919089.613004
801113.SI,20241211,小家电,5087.86,5188.86,4990.79,5091.17,-3.55,-0.07,17498.0,395622.0,23.57,3.41,8327738.0,23098172.183351
801113.SI,20241212,小家电,5088.0,5173.08,5009.28,5103.19,12.02,0.24,22844.0,527175.0,23.62,3.42,8347401.0,23198560.11686
801113.SI,20241213,小家电,5092.51,5166.59,4990.31,5056.36,-46.83,-0.92,22399.0,589161.0,23.41,3.39,8270797.0,22837696.101003
801113.SI,20241216,小家电,5039.91,5141.63,4933.88,5022.6,-33.76,-0.67,20220.0,446537.0,23.25,3.37,8215570.0,22711865.637584
801113.SI,20241217,小家电,4986.49,5120.59,4903.32,4955.93,-66.66,-1.33,17963.0,373423.0,22.97,3.32,8106529.0,22375689.454408
801113.SI,20241218,小家电,4952.81,5034.68,4857.64,4951.84,-4.1,-0.08,19381.0,386362.0,22.94,3.32,8099825.0,22445752.712657
801113.SI,20241219,小家电,4885.84,4960.75,4831.2,4905.14,-46.7,-0.94,17617.0,321740.0,22.71,3.29,8023437.0,22288494.520898
801113.SI,20241220,小家电,4903.67,5053.52,4866.94,4941.75,36.61,0.75,20708.0,397819.0,22.84,3.31,8083328.0,22642845.647684
801113.SI,20241223,小家电,4950.48,5024.82,4822.64,4877.0,-64.75,-1.31,20227.0,395762.0,22.51,3.26,7977423.0,22322301.948264
801113.SI,20241224,小家电,4872.18,4991.75,4843.33,4931.49,54.48,1.12,19735.0,370967.0,22.78,3.3,8066543.0,22675826.495484
801113.SI,20241225,小家电,4913.95,4944.15,4766.33,4841.15,-90.33,-1.83,15563.0,320060.0,22.38,3.24,7918781.0,22395497.424431
801113.SI,20241226,小家电,4822.58,4920.44,4787.27,4839.39,-1.76,-0.04,17550.0,277817.0,22.35,3.24,7915903.0,22466043.407585
801113.SI,20241227,小家电,4823.89,4915.45,4760.39,4841.13,1.74,0.04,17134.0,301973.0,22.35,3.23,7918745.0,22381523.481022
801113.SI,20241230,小家电,4829.19,5005.56,4782.05,4916.08,74.95,1.55,13877.0,332192.0,22.73,3.29,8038857.0,22385241.120501
801113.SI,20241231,小家电,4924.78,4978.64,4799.42,4823.58,-92.5,-1.88,14678.0,288255.0,22.28,3.22,7887598.0,21952536.870283
801113.SI,20250102,小家电,4819.22,5008.54,4744.06,4830.61,7.03,0.15,17574.0,373106.0,22.32,3.23,7899088.0,21994620.069392
801113.SI,20250103,小家电,4855.51,5019.84,4781.18,4856.85,26.24,0.54,18050.0,384099.0,22.43,3.25,7942001.0,21933316.754548
801113.SI,20250106,小家电,4873.03,5011.14,4755.92,4930.26,73.41,1.51,17513.0,428844.0,22.83,3.3,8072104.0,22108942.427835
801113.SI,20250107,小家电,4916.18,5122.86,4847.83,4963.44,33.18,0.67,17162.0,429015.0,22.95,3.32,8126424.0,22319485.74813
801113.SI,20250108,小家电,4929.82,5159.19,4870.64,5099.01,135.57,2.73,21585.0,487117.0,23.49,3.4,8348382.0,22935924.280682
801113.SI,20250109,小家电,5072.81,5116.58,4963.1,5013.15,-85.86,-1.68,21006.0,451361.0,23.09,3.34,8207809.0,22578597.838193
801113.SI,20250110,小家电,4986.75,5021.72,4781.77,4793.53,-219.62,-4.38,18745.0,403453.0,22.13,3.2,7848230.0,21664448.063229
801113.SI,20250113,小家电,4749.19,4842.04,4649.05,4707.77,-85.76,-1.79,14172.0,293369.0,21.72,3.14,7707820.0,21273350.374098
801113.SI,20250114,小家电,4706.77,4884.67,4672.37,4875.89,168.12,3.57,15942.0,346365.0,22.49,3.26,7983077.0,22024139.086252
801113.SI,20250115,小家电,4876.44,4955.89,4796.02,4843.33,-32.56,-0.67,19312.0,402299.0,22.3,3.23,7929773.0,21926263.757588
801113.SI,20250116,小家电,4865.37,5091.31,4817.45,4994.51,151.18,3.12,22520.0,457753.0,23.02,3.33,8177291.0,22317378.133639
801113.SI,20250117,小家电,4962.17,5057.48,4881.37,4985.55,-8.96,-0.18,17481.0,352416.0,23.02,3.33,8162617.0,22254930.690141
801113.SI,20250120,小家电,5018.71,5116.12,4946.59,5002.17,16.62,0.33,16283.0,374521.0,23.07,3.34,8189825.0,22373245.875781
801113.SI,20250121,小家电,5012.18,5086.6,4919.68,5035.9,33.73,0.67,15956.0,376118.0,23.25,3.36,8245058.0,22377926.837855
801113.SI,20250122,小家电,4996.88,5029.58,4843.53,4936.14,-99.76,-1.98,11827.0,293142.0,22.79,3.3,8081729.0,21853751.367138
801113.SI,20250123,小家电,4964.64,5032.39,4841.01,4873.61,-62.53,-1.27,13893.0,334636.0,22.48,3.25,7979344.0,21760402.238062
801113.SI,20250124,小家电,4844.03,4910.87,4767.71,4860.9,-12.71,-0.26,13859.0,306479.0,22.43,3.25,7958533.0,21712706.769387
801113.SI,20250127,小家电,4870.3,4967.4,4798.27,4845.93,-14.96,-0.31,11052.0,259594.0,22.36,3.24,7934473.0,21672376.212537
801113.SI,20250205,小家电,4894.62,4931.7,4690.11,4799.48,-46.45,-0.96,10842.0,283118.0,22.14,3.2,7858420.0,21495323.367887
801113.SI,20250206,小家电,4768.18,5037.03,4751.63,5014.12,214.63,4.47,16070.0,417814.0,23.15,3.35,8209846.0,22330668.657476
801113.SI,20250207,小家电,5034.37,5156.38,4971.62,5067.11,52.99,1.06,21917.0,557072.0,23.42,3.39,8296611.0,22525798.907413
801113.SI,20250210,小家电,5080.4,5158.5,5016.24,5083.31,16.2,0.32,15424.0,371619.0,23.46,3.4,8323136.0,22525971.0
801113.SI,20250211,小家电,5101.06,5179.85,5041.42,5096.22,12.91,0.25,14988.0,370947.0,23.54,3.41,8344280.0,22622272.0
801113.SI,20250212,小家电,5077.06,5235.06,5021.42,5137.91,41.69,0.82,16968.0,425041.0,23.74,3.44,8412547.0,22934709.0
801113.SI,20250213,小家电,5127.68,5297.69,5062.04,5164.54,26.63,0.52,19732.0,503914.0,23.92,3.46,8456142.0,22826145.0
801113.SI,20250214,小家电,5136.84,5387.23,5104.28,5281.44,116.9,2.26,15209.0,400799.0,24.46,3.54,8649922.0,23110232.0
801113.SI,20250217,小家电,5309.87,5364.1,5176.25,5278.95,-2.49,-0.05,15009.0,375394.0,24.43,3.54,8645847.0,23154394.0
801113.SI,20250218,小家电,5258.53,5325.34,5123.98,5158.98,-119.97,-2.27,16214.0,404168.0,23.86,3.45,8449366.0,22799656.0
801113.SI,20250219,小家电,5142.26,5302.01,5117.18,5261.83,102.85,1.99,17086.0,454440.0,24.34,3.52,8617813.0,23263732.0
801113.SI,20250220,小家电,5267.86,5429.23,5222.52,5363.76,101.92,1.94,19877.0,471991.0,24.78,3.59,8784743.0,23670301.0
801113.SI,20250221,小家电,5374.69,5633.12,5260.59,5560.7,196.95,3.67,19681.0,576327.0,25.75,3.73,9107299.0,24190292.0
801113.SI,20250224,小家电,5561.79,5641.99,5407.2,5550.94,-9.76,-0.18,19197.0,480622.0,25.72,3.72,9091312.0,24300910.0
801113.SI,20250225,小家电,5465.98,5589.49,5422.84,5474.97,-75.98,-1.37,20553.0,468773.0,25.37,3.67,8966879.0,24031250.0
801113.SI,20250226,小家电,5472.23,5623.29,5427.0,5515.27,40.31,0.74,19819.0,478145.0,25.55,3.7,9032893.0,24270720.0
801113.SI,20250227,小家电,5534.13,5611.63,5370.58,5463.06,-52.21,-0.95,20526.0,482155.0,25.19,3.65,8947382.0,24202452.0
801113.SI,20250228,小家电,5369.63,5439.53,5180.23,5246.27,-216.79,-3.97,18799.0,483317.0,24.15,3.5,8592317.0,23480385.0
801113.SI,20250303,小家电,5259.31,5350.65,5137.34,5203.79,-42.48,-0.81,14750.0,388686.0,23.9,3.46,8522743.0,23390054.0
801113.SI,20250304,小家电,5177.0,5284.02,5143.35,5241.22,37.43,0.72,12678.0,308681.0,24.11,3.49,8584046.0,23555532.0
801113.SI,20250305,小家电,5229.01,5285.3,5172.05,5236.76,-4.45,-0.08,13297.0,299032.0,24.09,3.49,8576749.0,23558171.0
801113.SI,20250306,小家电,5262.55,5410.29,5201.82,5367.31,130.54,2.49,14830.0,402393.0,24.73,3.58,8790555.0,23965236.0
801113.SI,20250307,小家电,5341.97,5401.96,5263.33,5310.16,-57.15,-1.06,16883.0,361720.0,24.49,3.55,8696956.0,23729895.0
801113.SI,20250310,小家电,5312.14,5416.94,5250.93,5383.86,73.7,1.39,13909.0,331223.0,24.83,3.6,8817669.0,24072636.0
801113.SI,20250311,小家电,5317.02,5412.39,5240.19,5355.32,-28.54,-0.53,13842.0,332533.0,24.72,3.58,8770927.0,24105456.0
801113.SI,20250312,小家电,5373.53,5435.74,5287.66,5305.57,-49.75,-0.93,12876.0,324900.0,24.47,3.54,8689452.0,23946024.0
801113.SI,20250313,小家电,5311.66,5415.26,5242.36,5319.34,13.76,0.26,13926.0,334468.0,24.56,3.56,8711996.0,23942153.0
801113.SI,20250314,小家电,5306.94,5436.81,5258.07,5420.87,101.53,1.91,14444.0,326204.0,25.02,3.62,8878283.0,24279033.0
801113.SI,20250317,小家电,5451.61,5515.95,5376.68,5435.08,14.21,0.26,12555.0,281073.0,25.07,3.63,8901553.0,24333016.0
801113.SI,20250318,小家电,5453.13,5591.78,5404.6,5552.5,117.42,2.16,11772.0,326059.0,25.64,3.71,9093868.0,24728960.0
801113.SI,20250319,小家电,5527.9,5674.67,5489.96,5577.67,25.17,0.45,11673.0,326757.0,25.77,3.73,9135090.0,24786025.0
801113.SI,20250320,小家电,5578.27,5659.49,5458.04,5497.74,-79.93,-1.43,11853.0,313960.0,25.37,3.67,9004186.0,24624101.0
801113.SI,20250321,小家电,5546.31,5717.24,5421.95,5464.16,-33.58,-0.61,15086.0,432899.0,25.25,3.66,8949181.0,24403335.0
801113.SI,20250324,小家电,5459.94,5583.79,5353.58,5489.42,25.26,0.46,16344.0,387712.0,25.35,3.67,8990557.0,24426922.0
801113.SI,20250325,小家电,5461.85,5530.35,5374.69,5436.02,-53.4,-0.97,11344.0,288286.0,25.1,3.63,8903099.0,24323181.0
801113.SI,20250326,小家电,5414.84,5483.13,5327.48,5368.64,-67.38,-1.24,9690.0,247977.0,24.77,3.59,8792739.0,24156231.0
801113.SI,20250327,小家电,5360.14,5507.37,5320.02,5410.44,41.8,0.78,9053.0,220554.0,24.96,3.62,8861197.0,24266685.0
801113.SI,20250328,小家电,5393.41,5498.19,5338.74,5390.86,-19.58,-0.36,12220.0,245286.0,24.89,3.58,8829133.0,24330095.0
801113.SI,20250331,小家电,5367.39,5449.46,5272.73,5336.96,-53.9,-1.0,11973.0,251414.0,24.65,3.55,8740859.0,24104298.0
801113.SI,20250401,小家电,5349.48,5408.17,5269.01,5327.49,-9.48,-0.18,10829.0,217938.0,24.61,3.54,8725340.0,23986656.0
801113.SI,20250402,小家电,5325.78,5409.85,5266.45,5369.2,41.71,0.78,8411.0,173153.0,24.79,3.57,8793661.0,24173085.0
801113.SI,20250403,小家电,5248.58,5287.74,4947.76,5046.99,-322.21,-6.0,14238.0,399748.0,23.31,3.36,8265947.0,22994154.0
801113.SI,20250407,小家电,4634.61,4770.49,4311.92,4396.28,-650.71,-12.89,12060.0,314076.0,20.38,2.93,7200210.0,20527942.0
801113.SI,20250408,小家电,4326.06,4455.72,4168.36,4283.93,-112.34,-2.56,15472.0,350369.0,19.8,2.85,7016213.0,20075894.0
801113.SI,20250409,小家电,4158.83,4344.61,4014.28,4314.01,30.08,0.7,16000.0,349084.0,20.89,2.81,7065477.0,20137170.0
801113.SI,20250410,小家电,4503.65,4604.85,4390.38,4482.35,168.33,3.9,14156.0,360487.0,21.64,2.91,7341175.0,20894528.0
801113.SI,20250411,小家电,4431.02,4525.88,4340.63,4473.7,-8.65,-0.19,10575.0,304950.0,21.63,2.91,7327009.0,20936068.0
801113.SI,20250414,小家电,4525.06,4579.5,4432.27,4483.26,9.56,0.21,10901.0,262175.0,21.66,2.92,7342663.0,21020327.0
801113.SI,20250415,小家电,4487.17,4518.51,4383.89,4446.68,-36.57,-0.82,9619.0,209820.0,21.49,2.89,7282763.0,20925432.0
801113.SI,20250416,小家电,4442.76,4466.28,4313.89,4390.89,-55.79,-1.25,9561.0,200463.0,21.19,2.87,7191384.0,20694627.0
801113.SI,20250417,小家电,4354.7,4442.93,4335.47,4393.38,2.5,0.06,7473.0,166922.0,21.2,2.87,7195472.0,20685572.0
801113.SI,20250418,小家电,4391.13,4446.96,4326.94,4377.54,-15.84,-0.36,8413.0,153472.0,21.12,2.86,7168634.0,20613267.0
801113.SI,20250421,小家电,4377.86,4485.5,4325.07,4454.78,77.24,1.76,11445.0,195366.0,21.5,2.91,7295120.0,20921388.0
801113.SI,20250422,小家电,4458.78,4519.13,4407.59,4447.05,-7.73,-0.17,9828.0,181365.0,21.37,2.9,7282463.0,20840509.0
801113.SI,20250423,小家电,4517.19,4611.4,4471.77,4528.95,81.9,1.84,11171.0,258136.0,21.73,2.95,7459405.0,21185748.0
801113.SI,20250424,小家电,4532.17,4640.94,4496.62,4539.39,10.43,0.23,11940.0,231901.0,21.79,2.95,7476591.0,21194168.0
801113.SI,20250425,小家电,4561.81,4669.59,4523.86,4595.83,56.44,1.24,11621.0,246199.0,22.04,2.98,7569554.0,21411107.0
801113.SI,20250428,小家电,4610.67,4638.23,4464.95,4489.47,-106.36,-2.31,14232.0,267359.0,21.16,2.88,7394368.0,20921939.0
801113.SI,20250429,小家电,4482.06,4542.02,4408.15,4474.62,-14.85,-0.33,14021.0,234803.0,21.01,2.85,7369917.0,20931171.0
801113.SI,20250430,小家电,4444.51,4636.58,4415.48,4589.46,114.84,2.57,14190.0,325366.0,21.69,2.89,7559059.0,21358388.0
801113.SI,20250506,小家电,4608.14,4732.75,4543.24,4683.35,93.89,2.05,15171.0,312623.0,22.46,2.94,7713701.0,21723452.0
801113.SI,20250507,小家电,4782.7,4829.51,4671.81,4726.97,43.62,0.93,14126.0,305272.0,22.67,2.97,7785552.0,21899168.0
801113.SI,20250508,小家电,4721.86,4836.62,4695.79,4797.46,70.49,1.49,11879.0,248908.0,23.02,3.02,7901648.0,22187172.0
801113.SI,20250509,小家电,4798.16,4850.54,4731.81,4787.62,-9.84,-0.21,11647.0,241716.0,22.98,3.01,7885437.0,22188804.0
801113.SI,20250512,小家电,4860.2,4998.4,4819.94,4963.31,175.69,3.67,13077.0,315478.0,23.82,3.12,8173712.0,22739786.0
801113.SI,20250513,小家电,5041.43,5079.6,4895.08,4945.01,-18.3,-0.37,14200.0,320098.0,23.72,3.11,8143581.0,22747509.0
801113.SI,20250514,小家电,4933.55,5023.36,4860.82,4962.78,17.77,0.36,10543.0,249342.0,23.83,3.12,8172841.0,22684397.0
801113.SI,20250515,小家电,4943.82,4999.75,4865.6,4955.78,-7.0,-0.14,9181.0,213849.0,23.8,3.12,8161319.0,22581847.0
801113.SI,20250516,小家电,4937.86,5044.03,4890.57,4961.45,5.67,0.11,10029.0,238224.0,23.8,3.12,8170656.0,22675222.0
801113.SI,20250519,小家电,4952.97,5045.09,4868.41,4999.24,37.79,0.76,9673.0,216262.0,23.99,3.15,8232889.0,22878528.0
801113.SI,20250520,小家电,4991.42,5212.89,4963.33,5153.78,154.54,3.09,12587.0,307341.0,24.75,3.24,8490130.0,23433710.0
801113.SI,20250521,小家电,5100.83,5268.77,5057.77,5142.99,-10.78,-0.21,14002.0,341929.0,24.73,3.24,8472369.0,23386261.0
801113.SI,20250522,小家电,5124.85,5273.18,5072.82,5195.98,52.98,1.03,18347.0,391365.0,25.02,3.28,8559650.0,23413625.0
801113.SI,20250523,小家电,5175.77,5298.5,5124.63,5208.81,12.83,0.25,13607.0,305672.0,25.1,3.29,8580793.0,23342241.0
801113.SI,20250526,小家电,5194.27,5243.72,5030.05,5099.09,-109.72,-2.11,11848.0,291541.0,24.54,3.22,8400041.0,23044908.0
801113.SI,20250527,小家电,5077.89,5124.81,4977.24,5024.98,-74.11,-1.45,12356.0,255632.0,24.18,3.17,8277959.0,22582294.0
801113.SI,20250528,小家电,5035.14,5143.2,4987.81,5082.77,57.79,1.15,11729.0,242960.0,24.47,3.21,8373157.0,22699014.0
801113.SI,20250529,小家电,5078.05,5145.3,4958.56,5006.53,-76.24,-1.5,11922.0,265567.0,24.06,3.15,8247570.0,22519868.0
801113.SI,20250530,小家电,5002.69,5056.55,4930.4,4966.1,-40.43,-0.81,10706.0,198662.0,23.88,3.13,8180965.0,22337824.0
801113.SI,20250603,小家电,4932.74,5022.98,4896.8,4987.28,21.18,0.43,9184.0,200330.0,23.99,3.15,8215851.0,22395321.0
801113.SI,20250604,小家电,4998.6,5055.66,4951.08,5023.99,36.71,0.74,9319.0,168923.0,24.18,3.17,8276317.0,22594452.0
801113.SI,20250605,小家电,5021.54,5065.35,4906.24,4954.55,-69.43,-1.38,10616.0,244116.0,23.82,3.12,8164874.0,22480784.0
801113.SI,20250606,小家电,4948.05,4990.13,4895.49,4955.68,1.13,0.02,8349.0,165434.0,23.84,3.13,8166734.0,22418533.0
801113.SI,20250609,小家电,4969.84,5035.52,4885.59,4971.22,15.54,0.31,11631.0,256998.0,23.85,3.13,8192349.0,22566849.0
801113.SI,20250610,小家电,4972.36,5037.07,4890.62,4930.34,-40.88,-0.82,13111.0,250905.0,23.65,3.1,8124976.0,22378064.0
801113.SI,20250611,小家电,4928.48,5026.06,4903.94,4935.59,5.25,0.11,15929.0,240821.0,23.67,3.1,8133634.0,22360577.0
801113.SI,20250612,小家电,4930.93,4990.93,4882.55,4931.25,-4.34,-0.09,17274.0,220682.0,23.66,3.1,8119970.0,22345880.0
801113.SI,20250613,小家电,4903.47,4940.18,4808.35,4842.38,-88.88,-1.8,18614.0,292909.0,23.26,3.05,7973620.0,21955292.0
801113.SI,20250616,小家电,4835.51,4917.43,4778.31,4867.02,24.64,0.51,16552.0,227620.0,23.37,3.06,8014195.0,22063664.0
801113.SI,20250617,小家电,4873.68,4942.89,4805.01,4854.48,-12.54,-0.26,17740.0,255540.0,23.3,3.05,7993552.0,22041189.0
801113.SI,20250618,小家电,4836.84,4876.87,4770.01,4813.11,-41.37,-0.85,13996.0,199515.0,23.1,3.03,7925438.0,21927731.0
801113.SI,20250619,小家电,4804.95,4879.66,4750.72,4789.04,-24.07,-0.5,13658.0,253074.0,23.0,3.01,7885802.0,21817364.0
801113.SI,20250620,小家电,4786.14,4840.72,4722.86,4766.66,-22.38,-0.47,11165.0,201293.0,22.9,3.0,7848838.0,21681566.0
801113.SI,20250623,小家电,4735.81,4788.82,4622.2,4684.45,-82.22,-1.72,12782.0,250485.0,22.49,2.95,7713460.0,21386078.0
801113.SI,20250624,小家电,4691.49,4809.35,4673.13,4761.83,77.38,1.65,14335.0,258610.0,22.83,3.01,7840879.0,21801996.0
801113.SI,20250625,小家电,4777.93,4961.08,4752.07,4938.83,177.0,3.72,17066.0,329536.0,23.71,3.13,8132326.0,22374684.0
801113.SI,20250626,小家电,4951.66,5074.37,4901.61,4985.0,46.18,0.93,15010.0,322806.0,23.98,3.17,8216034.0,22375814.0
801113.SI,20250627,小家电,4996.33,5046.34,4914.02,4957.67,-27.34,-0.55,19811.0,244863.0,23.82,3.15,8170982.0,22312711.0
801113.SI,20250630,小家电,4971.09,5067.11,4928.02,5025.52,67.85,1.37,12285.0,254108.0,24.15,3.19,8282804.0,22637385.0
801113.SI,20250701,小家电,5024.36,5078.73,4954.68,4999.42,-26.1,-0.52,18794.0,259617.0,24.04,3.18,8236673.0,22608430.0
801113.SI,20250702,小家电,4982.24,5062.03,4940.98,4980.98,-18.44,-0.37,14394.0,208741.0,23.95,3.17,8206298.0,22478578.0
801113.SI,20250703,小家电,4992.14,5122.83,4970.28,5035.32,54.34,1.09,13226.0,224365.0,24.17,3.2,8296919.0,22652356.0
801113.SI,20250704,小家电,5031.4,5065.77,4946.31,4988.63,-46.69,-0.93,13061.0,212634.0,23.94,3.17,8219986.0,22500670.0
801113.SI,20250707,小家电,4976.65,5014.95,4905.84,4956.89,-31.74,-0.64,10683.0,165245.0,23.76,3.14,8167679.0,22410960.0
801113.SI,20250708,小家电,4958.0,5016.83,4930.66,4977.71,20.82,0.42,12067.0,196331.0,23.85,3.15,8201988.0,22487540.0
801113.SI,20250709,小家电,5000.01,5048.88,4885.96,4943.21,-34.5,-0.69,12487.0,263415.0,23.67,3.13,8145142.0,22508879.0
801113.SI,20250710,小家电,4934.67,4968.89,4873.21,4918.14,-25.07,-0.51,9774.0,193048.0,23.55,3.11,8103838.0,22422959.0
801113.SI,20250711,小家电,4918.34,4996.12,4884.39,4920.61,2.47,0.05,10677.0,217251.0,23.59,3.12,8107913.0,22442162.0
801113.SI,20250714,小家电,4985.88,5264.25,4975.59,5201.58,280.97,5.71,13772.0,382979.0,24.99,3.31,8570873.0,23354090.0
801113.SI,20250715,小家电,5202.73,5315.66,5151.97,5282.63,81.05,1.56,13985.0,405154.0,25.41,3.36,8704425.0,23760910.0
801113.SI,20250716,小家电,5282.08,5354.0,5204.9,5252.6,-30.03,-0.57,13285.0,306116.0,25.26,3.34,8654936.0,23702812.0
801113.SI,20250717,小家电,5261.85,5396.67,5227.9,5334.31,81.71,1.56,11474.0,290033.0,25.67,3.4,8794895.0,23917922.0
801113.SI,20250718,小家电,5351.54,5392.09,5251.64,5286.63,-47.68,-0.89,11837.0,244190.0,25.49,3.37,8730117.0,23802432.0
801113.SI,20250721,小家电,5293.46,5331.34,5178.62,5234.79,-51.83,-0.98,13824.0,299499.0,25.23,3.33,8644522.0,23648867.0
801113.SI,20250722,小家电,5238.65,5269.49,5174.09,5220.66,-14.13,-0.27,10841.0,245111.0,25.17,3.33,8621180.0,23598520.0
801113.SI,20250723,小家电,5219.18,5336.88,5201.53,5271.06,50.4,0.97,11827.0,273958.0,25.42,3.36,8704411.0,23787136.0
801113.SI,20250724,小家电,5277.75,5321.99,5201.03,5269.14,-1.92,-0.04,12705.0,264751.0,25.41,3.36,8701242.0,23737128.0
801113.SI,20250725,小家电,5270.33,5427.43,5239.94,5370.04,100.9,1.91,15648.0,394013.0,25.92,3.43,8867856.0,24068951.0
801113.SI,20250728,小家电,5377.91,5516.99,5343.29,5428.18,58.14,1.08,16218.0,429022.0,26.18,3.46,8963871.0,24225948.0
801113.SI,20250729,小家电,5422.82,5663.04,5363.95,5598.58,170.4,3.14,14559.0,438762.0,27.0,3.57,9245264.0,24690513.0
801113.SI,20250730,小家电,5563.37,5654.19,5503.99,5579.79,-18.79,-0.34,13487.0,356623.0,26.92,3.56,9214239.0,24761474.0
801113.SI,20250731,小家电,5562.77,5681.55,5458.57,5515.28,-64.51,-1.16,12742.0,352238.0,26.61,3.52,9107709.0,24543029.0
801113.SI,20250801,小家电,5519.87,5633.65,5447.08,5508.69,-6.59,-0.12,11689.0,286185.0,26.57,3.51,9096819.0,24538755.0
801113.SI,20250804,小家电,5471.7,5685.06,5441.03,5646.16,137.47,2.5,13175.0,367652.0,27.22,3.6,9319879.0,25019016.0
801113.SI,20250805,小家电,5658.92,5882.18,5633.43,5758.77,112.62,1.99,17025.0,422135.0,27.77,3.67,9505770.0,25551655.0
801113.SI,20250806,小家电,5757.9,5849.99,5675.35,5788.97,30.2,0.52,22224.0,443210.0,27.9,3.69,9555615.0,25735679.0
801113.SI,20250807,小家电,5792.35,5822.83,5691.95,5739.8,-49.17,-0.85,19349.0,365703.0,27.68,3.66,9474455.0,25517376.0
801113.SI,20250808,小家电,5736.11,5806.85,5672.7,5736.03,-3.77,-0.07,16260.0,313728.0,27.65,3.66,9468232.0,25530791.0
801113.SI,20250811,小家电,5756.98,5882.65,5694.86,5807.95,71.92,1.25,16089.0,363615.0,27.96,3.7,9586943.0,25891413.0
801113.SI,20250812,小家电,5808.88,5964.33,5738.21,5835.36,27.41,0.47,13261.0,338069.0,28.1,3.72,9632184.0,25895075.0
801113.SI,20250813,小家电,5838.26,5916.93,5755.32,5825.1,-10.25,-0.18,15711.0,349389.0,28.03,3.71,9615259.0,25951660.0
801113.SI,20250814,小家电,5812.35,5875.73,5715.97,5757.23,-67.87,-1.17,16342.0,370764.0,27.72,3.67,9503221.0,25778615.0
801113.SI,20250815,小家电,5769.58,5959.69,5754.45,5916.61,159.38,2.77,14549.0,392799.0,28.47,3.77,9766305.0,26411907.0
801113.SI,20250818,小家电,6117.99,6352.7,6012.61,6250.27,333.66,5.64,20176.0,653164.0,30.19,3.92,10317061.0,27140582.0
801113.SI,20250819,小家电,6238.09,6286.18,6075.66,6212.27,-38.0,-0.61,20483.0,527013.0,30.01,3.9,10254337.0,27021401.0
801113.SI,20250820,小家电,6171.9,6286.05,6086.24,6210.81,-1.46,-0.02,18427.0,449136.0,30.01,3.9,10251932.0,27122469.0
801113.SI,20250821,小家电,6217.37,6344.64,6163.5,6249.29,38.47,0.62,18093.0,437396.0,30.22,3.93,10315440.0,27194410.0
801113.SI,20250822,小家电,6236.81,6384.75,6157.46,6317.19,67.91,1.09,16749.0,483236.0,30.56,3.98,10427531.0,27364709.0
801113.SI,20250825,小家电,6355.43,6502.52,6224.7,6370.99,53.8,0.85,18073.0,503140.0,30.84,4.01,10516328.0,27708997.0
801113.SI,20250826,小家电,6374.27,6472.99,6248.9,6322.24,-48.75,-0.77,18622.0,432613.0,30.61,3.98,10435860.0,27544530.0
801113.SI,20250827,小家电,6318.93,6601.74,6243.85,6322.27,0.03,0.0,21613.0,545975.0,30.65,3.99,10435915.0,27410375.0
801113.SI,20250828,小家电,6322.48,6440.28,6117.71,6285.37,-36.9,-0.58,20913.0,512322.0,30.46,3.96,10375005.0,27260864.0
801113.SI,20250829,小家电,6282.2,6434.81,6199.14,6330.44,45.07,0.72,15460.0,413596.0,30.68,4.03,10449402.0,27332476.0
801113.SI,20250901,小家电,6305.43,6440.85,6153.38,6233.71,-96.73,-1.53,17133.0,459829.0,32.45,3.98,10289731.0,26903221.0
801113.SI,20250902,小家电,6203.71,6321.86,6075.44,6196.82,-36.89,-0.59,15885.0,394067.0,32.27,3.96,10228841.0,26855268.0
801113.SI,20250903,小家电,6217.18,6343.17,6108.32,6160.02,-36.81,-0.59,11100.0,286543.0,32.1,3.94,10168088.0,26606608.0
801113.SI,20250904,小家电,6165.22,6203.58,5885.31,6023.52,-136.5,-2.22,12478.0,389105.0,31.36,3.84,9943205.0,26118980.0
801113.SI,20250905,小家电,6045.81,6206.45,5986.32,6180.01,156.48,2.6,15763.0,368768.0,32.19,3.95,10201517.0,26659921.0
801113.SI,20250908,小家电,6179.82,6350.95,6140.33,6265.42,85.42,1.38,17726.0,438109.0,32.64,4.0,10342514.0,27180223.0
801113.SI,20250909,小家电,6269.42,6337.01,6145.8,6206.13,-59.29,-0.95,14923.0,322746.0,32.34,3.96,10244648.0,26972216.0
801113.SI,20250910,小家电,6187.87,6271.66,6130.22,6197.13,-9.01,-0.15,12301.0,277164.0,32.31,3.96,10229782.0,26881109.0
801113.SI,20250911,小家电,6186.58,6253.85,6021.83,6181.7,-15.43,-0.25,11771.0,340991.0,32.22,3.95,10204312.0,26970137.0
801113.SI,20250912,小家电,6208.55,6259.66,6059.23,6075.77,-105.93,-1.71,13165.0,341920.0,31.64,3.88,10029446.0,26589465.0
801113.SI,20250915,小家电,6078.75,6209.73,5975.09,6102.78,27.01,0.44,11877.0,314223.0,31.82,3.9,10074030.0,26475254.0
801113.SI,20250916,小家电,6105.47,6216.67,6032.43,6187.6,84.82,1.39,16165.0,367387.0,32.24,3.95,10214051.0,26848522.0
801113.SI,20250917,小家电,6212.39,6529.22,6177.44,6464.39,276.8,4.47,16438.0,463382.0,33.74,4.14,10670965.0,27813909.0
801113.SI,20250918,小家电,6460.45,6581.86,6287.69,6366.04,-98.35,-1.52,19798.0,533952.0,33.18,4.07,10513701.0,27476528.0
801113.SI,20250919,小家电,6362.84,6475.07,6283.24,6348.35,-17.69,-0.28,13071.0,338422.0,33.09,4.06,10484478.0,27496638.0
801113.SI,20250922,小家电,6318.03,6391.02,6054.97,6185.85,-162.5,-2.56,13478.0,428739.0,32.24,3.95,10216109.0,27037640.0
801113.SI,20250923,小家电,6194.83,6272.57,6044.98,6170.98,-14.88,-0.24,14099.0,358821.0,32.18,3.95,10191541.0,26929548.0
801113.SI,20250924,小家电,6110.88,6271.16,6052.91,6180.92,9.94,0.16,11479.0,312174.0,32.23,3.95,10207958.0,26954389.0
801113.SI,20250925,小家电,6198.35,6415.41,6137.16,6289.98,109.06,1.76,12241.0,328633.0,32.83,4.03,10388081.0,27128521.0
801113.SI,20250926,小家电,6260.52,6335.34,6194.0,6247.85,-42.13,-0.67,8991.0,236687.0,32.61,4.0,10318505.0,26951313.0
801113.SI,20250929,小家电,6245.85,6371.01,6136.91,6239.12,-8.73,-0.14,10940.0,298308.0,32.57,3.99,10304081.0,26840191.0
801113.SI,20250930,小家电,6213.83,6310.91,6163.54,6263.6,24.49,0.39,8504.0,238646.0,32.71,4.01,10344519.0,26933753.0
801113.SI,20251009,小家电,6239.52,6289.28,5990.67,6116.52,-147.08,-2.35,10356.0,345073.0,31.94,3.92,10101673.0,26442172.0
801113.SI,20251010,小家电,6100.11,6227.57,6009.04,6074.55,-41.98,-0.69,10588.0,302258.0,31.71,3.89,10032348.0,26418025.0
801113.SI,20251013,小家电,5852.74,5941.04,5710.96,5842.74,-231.81,-3.82,11280.0,323886.0,30.48,3.74,9636357.0,25630701.0
801113.SI,20251014,小家电,5888.55,5958.14,5733.63,5765.18,-77.56,-1.33,9863.0,272770.0,30.08,3.69,9508443.0,25409614.0
801113.SI,20251015,小家电,5761.81,5849.09,5691.11,5793.24,28.06,0.49,8664.0,229883.0,30.21,3.7,9554725.0,25535627.0
801113.SI,20251016,小家电,5783.72,5829.82,5659.21,5691.8,-101.45,-1.75,8686.0,225130.0,29.68,3.64,9387411.0,25199102.0
801113.SI,20251017,小家电,5684.14,5736.49,5524.95,5547.23,-144.56,-2.54,10045.0,250189.0,28.93,3.55,9148983.0,24649764.0
801113.SI,20251020,小家电,5599.71,5701.98,5531.55,5586.58,39.35,0.71,9080.0,256157.0,29.13,3.57,9213882.0,24708236.0
801113.SI,20251021,小家电,5613.22,5742.11,5563.18,5654.67,68.08,1.22,9070.0,228369.0,29.48,3.62,9326170.0,24925705.0
801113.SI,20251022,小家电,5647.37,5802.0,5606.77,5742.0,87.33,1.54,10963.0,250095.0,29.94,3.67,9470209.0,25257979.0
801113.SI,20251023,小家电,5744.91,5788.59,5647.93,5744.22,2.22,0.04,9452.0,252644.0,29.95,3.67,9473873.0,25267915.0
801113.SI,20251024,小家电,5761.26,5859.85,5712.72,5792.22,48.0,0.84,10449.0,277953.0,30.19,3.69,9553041.0,25409152.0
801113.SI,20251027,小家电,5889.28,6008.59,5771.59,5849.52,57.29,0.99,14507.0,379618.0,30.45,3.7,9647536.0,25824774.0
801113.SI,20251028,小家电,5853.12,5912.07,5783.82,5835.44,-14.08,-0.24,13976.0,297430.0,30.45,3.68,9624311.0,25705230.0
801113.SI,20251029,小家电,5825.12,5936.2,5746.91,5895.57,60.13,1.03,14208.0,298746.0,30.77,3.72,9724436.0,25905763.0
801113.SI,20251030,小家电,5896.08,5957.39,5763.79,5792.02,-103.55,-1.76,14635.0,311482.0,30.24,3.63,9554046.0,25418387.0
801113.SI,20251031,小家电,5613.8,5681.77,5410.22,5517.39,-274.63,-4.74,15634.0,439588.0,28.77,3.41,9124090.0,24880168.0
801113.SI,20251103,小家电,5509.2,5569.71,5340.46,5433.76,-83.63,-1.52,13536.0,372986.0,27.32,3.36,8985791.0,24661845.0
801113.SI,20251104,小家电,5434.2,5460.07,5320.95,5367.46,-66.29,-1.22,12882.0,246982.0,26.97,3.31,8876216.0,24373599.0
801113.SI,20251105,小家电,5315.75,5453.37,5291.79,5387.2,19.73,0.37,9924.0,214981.0,27.07,3.33,8908849.0,24435617.0
801113.SI,20251106,小家电,5396.82,5474.68,5355.9,5436.5,49.3,0.92,12753.0,239379.0,27.33,3.36,8990384.0,24613007.0
801113.SI,20251107,小家电,5417.47,5447.1,5295.93,5318.93,-117.57,-2.16,10452.0,250928.0,26.73,3.28,8795952.0,24133493.0
801113.SI,20251110,小家电,5322.1,5440.36,5282.85,5405.19,86.26,1.62,14121.0,280094.0,27.19,3.34,8950594.0,24532056.0
801113.SI,20251111,小家电,5414.45,5491.19,5327.37,5426.57,21.38,0.4,15308.0,286261.0,27.3,3.36,8986172.0,24633941.0
801113.SI,20251112,小家电,5416.51,5526.32,5378.99,5467.04,40.47,0.75,23641.0,330661.0,27.52,3.38,9053193.0,24740602.0
801113.SI,20251113,小家电,5477.5,5618.6,5444.52,5550.96,83.92,1.53,29774.0,401717.0,27.95,3.44,9192160.0,25061201.0
801113.SI,20251114,小家电,5544.82,5661.27,5511.08,5563.38,12.42,0.22,23660.0,340094.0,28.01,3.44,9212727.0,25075375.0
801113.SI,20251117,小家电,5543.19,5583.17,5395.58,5470.9,-92.49,-1.66,24647.0,373531.0,27.53,3.38,9091208.0,24819837.0
801113.SI,20251118,小家电,5447.34,5502.75,5376.07,5431.13,-39.77,-0.73,20087.0,292759.0,27.37,3.36,9039226.0,24679400.0
801113.SI,20251119,小家电,5424.44,5470.1,5339.63,5378.83,-52.3,-0.96,16092.0,247843.0,27.12,3.33,8952176.0,24387535.0
801113.SI,20251120,小家电,5391.15,5472.82,5348.36,5411.75,32.93,0.61,12319.0,205760.0,27.3,3.35,9006975.0,24525475.0
801113.SI,20251121,小家电,5387.61,5442.52,5269.1,5303.53,-108.22,-2.0,14074.0,253191.0,26.77,3.29,8829066.0,24016798.0
801113.SI,20251124,小家电,5337.69,5381.44,5218.36,5277.33,-26.2,-0.49,11262.0,205526.0,26.62,3.27,8785456.0,24041048.0
801113.SI,20251125,小家电,5304.49,5372.77,5250.49,5308.82,31.48,0.6,10941.0,194139.0,26.77,3.29,8837866.0,24169857.0
801113.SI,20251126,小家电,5309.28,5352.3,5252.61,5284.46,-24.36,-0.46,9930.0,177808.0,26.63,3.27,8797320.0,24097707.0
801113.SI,20251127,小家电,5292.37,5378.48,5245.07,5303.71,19.25,0.36,12237.0,225454.0,26.72,3.28,8836483.0,24309273.0
801113.SI,20251128,小家电,5292.03,5341.73,5222.77,5290.62,-13.1,-0.25,10396.0,211315.0,26.67,3.28,8814659.0,24291705.0
801113.SI,20251201,小家电,5230.63,5321.64,5186.26,5290.45,-0.17,0.0,9769.0,222875.0,26.67,3.28,8814378.0,24240161.0
801113.SI,20251202,小家电,5279.77,5359.22,5223.43,5303.77,13.32,0.25,8923.0,200305.0,26.72,3.28,8836570.0,24283885.0
801113.SI,20251203,小家电,5297.25,5517.98,5268.19,5434.22,130.45,2.46,12605.0,317395.0,27.41,3.37,9053915.0,24761999.0
801113.SI,20251204,小家电,5475.51,5526.07,5339.19,5397.78,-36.44,-0.67,13671.0,267924.0,27.24,3.35,8993210.0,24573937.0
801113.SI,20251205,小家电,5380.34,5455.43,5310.96,5417.85,20.06,0.37,9889.0,199635.0,27.33,3.36,9026640.0,24566241.0
801113.SI,20251208,小家电,5418.17,5476.26,5297.16,5371.97,-45.88,-0.85,12391.0,259285.0,27.09,3.33,8950206.0,24511444.0
801113.SI,20251209,小家电,5364.0,5428.95,5282.42,5309.05,-62.92,-1.17,11405.0,245716.0,26.77,3.29,8845380.0,24259211.0
801113.SI,20251210,小家电,5295.38,5417.32,5240.78,5370.84,61.78,1.16,12056.0,254901.0,27.1,3.33,8948314.0,24493633.0
801113.SI,20251211,小家电,5369.24,5399.68,5233.1,5245.18,-125.65,-2.34,11550.0,253805.0,26.44,3.25,8738966.0,23912413.0
801113.SI,20251212,小家电,5251.18,5376.1,5200.24,5322.57,77.38,1.48,11312.0,318148.0,26.83,3.3,8867894.0,24179285.0
801113.SI,20251215,小家电,5284.69,5351.46,5208.79,5247.43,-75.14,-1.41,8519.0,221637.0,26.46,3.25,8742701.0,23962272.0
801113.SI,20251216,小家电,5238.37,5329.2,5190.99,5247.21,-0.22,0.0,9286.0,226989.0,26.42,3.25,8742339.0,23959228.0
801113.SI,20251217,小家电,5255.68,5326.9,5135.26,5272.08,24.87,0.47,10541.0,253862.0,26.56,3.26,8783781.0,23935404.0
801113.SI,20251218,小家电,5241.92,5302.62,5188.48,5228.72,-43.36,-0.82,10364.0,206373.0,26.34,3.24,8711541.0,23701811.0
801113.SI,20251219,小家电,5231.59,5350.6,5196.28,5301.61,72.89,1.39,11937.0,237939.0,26.69,3.28,8832981.0,23957062.0
801113.SI,20251222,小家电,5324.96,5365.12,5227.74,5277.18,-24.43,-0.46,12702.0,265666.0,26.56,3.26,8792277.0,24022229.0
801113.SI,20251223,小家电,5266.97,5326.23,5186.55,5218.64,-58.54,-1.11,13028.0,250575.0,26.26,3.23,8694744.0,23755480.0
801113.SI,20251224,小家电,5212.46,5264.85,5171.73,5238.54,19.9,0.38,10376.0,193297.0,26.37,3.24,8727902.0,23885700.0
801113.SI,20251225,小家电,5239.31,5327.81,5212.02,5295.02,56.48,1.08,11851.0,247817.0,26.64,3.27,8822643.0,24244349.0
801113.SI,20251226,小家电,5292.96,5330.89,5232.74,5268.62,-26.4,-0.5,11339.0,238797.0,26.53,3.26,8778652.0,24175439.0
801113.SI,20251229,小家电,5275.45,5352.79,5183.44,5214.27,-54.35,-1.03,11393.0,287539.0,26.26,3.23,8688439.0,23923870.0
801113.SI,20251230,小家电,5212.62,5303.83,5163.17,5246.94,32.67,0.63,13366.0,317658.0,26.4,3.24,8748923.0,24065964.0
801113.SI,20251231,小家电,5271.51,5358.16,5205.87,5250.3,3.36,0.06,12622.0,318377.0,26.44,3.25,8756760.0,24168123.0
801113.SI,20260105,小家电,5255.31,5397.21,5229.49,5351.71,101.41,1.93,14367.0,356357.0,26.98,3.31,8925900.0,24497598.0
801113.SI,20260106,小家电,5354.65,5465.23,5317.72,5432.71,81.0,1.51,14583.0,371115.0,27.41,3.36,9060994.0,24736453.0
801113.SI,20260107,小家电,5433.7,5511.53,5314.64,5351.88,-80.84,-1.49,12684.0,336770.0,26.99,3.31,8926171.0,24433376.0
801113.SI,20260108,小家电,5345.84,5438.16,5273.06,5391.91,40.03,0.75,13768.0,310075.0,27.19,3.34,8992773.0,24568806.0
801113.SI,20260109,小家电,5396.92,5492.27,5352.13,5457.84,65.94,1.22,13179.0,325265.0,27.53,3.38,9102741.0,24714768.0
801113.SI,20260112,小家电,5477.32,5549.17,5365.24,5503.04,45.2,0.83,19321.0,450584.0,27.77,3.41,9178123.0,24958570.0
801113.SI,20260113,小家电,5524.0,5601.69,5380.7,5453.76,-49.28,-0.9,19576.0,417936.0,27.48,3.37,9095925.0,24913836.0
801113.SI,20260114,小家电,5454.12,5605.94,5405.32,5482.96,29.21,0.54,22765.0,506945.0,27.64,3.39,9146222.0,24958629.0
801113.SI,20260115,小家电,5449.94,5499.17,5362.72,5397.17,-85.79,-1.56,14379.0,340575.0,27.22,3.34,9003114.0,24647364.0
801113.SI,20260116,小家电,5415.64,5502.9,5345.45,5411.63,14.45,0.27,13588.0,349409.0,27.29,3.35,9027223.0,24811998.0
801113.SI,20260119,小家电,5400.95,5509.59,5356.51,5445.67,34.05,0.63,13351.0,324442.0,27.45,3.37,9088554.0,24893775.0
801113.SI,20260120,小家电,5444.98,5497.52,5337.19,5383.91,-61.76,-1.13,14720.0,309123.0,27.14,3.33,8985480.0,24666182.0
801113.SI,20260121,小家电,5363.09,5445.41,5283.42,5399.95,16.03,0.3,13672.0,300649.0,27.22,3.34,9012235.0,24786096.0
801113.SI,20260122,小家电,5399.08,5482.91,5318.16,5357.88,-42.06,-0.78,12573.0,284604.0,27.01,3.31,8943316.0,24716675.0
801113.SI,20260123,小家电,5367.86,5439.52,5334.18,5407.16,49.27,0.92,14177.0,291294.0,27.26,3.34,9025561.0,24876583.0
801113.SI,20260126,小家电,5413.88,5457.86,5257.5,5285.89,-121.27,-2.24,16966.0,377647.0,26.64,3.27,8823138.0,24378206.0
801113.SI,20260127,小家电,5289.97,5328.35,5139.38,5250.7,-35.18,-0.67,13680.0,305143.0,26.48,3.25,8764414.0,24180196.0
801113.SI,20260128,小家电,5247.07,5264.67,5104.02,5124.06,-126.64,-2.41,11879.0,292168.0,25.83,3.17,8553024.0,23603843.0
801113.SI,20260129,小家电,5118.37,5199.77,5040.1,5116.45,-7.62,-0.15,12706.0,267491.0,25.79,3.16,8540313.0,23583534.0
801113.SI,20260130,小家电,5114.2,5151.1,5012.83,5049.45,-67.0,-1.31,10844.0,240381.0,25.43,3.12,8428478.0,23299958.0
801113.SI,20260202,小家电,5044.35,5147.41,4998.4,5029.12,-20.33,-0.4,9907.0,240622.0,25.35,3.11,8394545.0,23211932.0
801113.SI,20260203,小家电,5062.6,5118.26,4981.82,5087.94,58.82,1.17,8400.0,219308.0,25.65,3.15,8492731.0,23472530.0
801113.SI,20260204,小家电,5078.29,5159.14,5038.21,5137.08,49.14,0.97,8719.0,218089.0,25.9,3.18,8574751.0,23678169.0
801113.SI,20260205,小家电,5143.37,5257.58,5099.79,5188.18,51.1,0.99,10006.0,293750.0,26.17,3.21,8660049.0,23803179.0
801113.SI,20260206,小家电,5162.43,5232.47,5106.28,5162.88,-25.3,-0.49,7649.0,190789.0,26.04,3.19,8617817.0,23634884.0
801113.SI,20260209,小家电,5204.61,5238.04,5155.1,5199.37,36.49,0.71,7671.0,181127.0,26.22,3.22,8678731.0,23802051.0
801113.SI,20260210,小家电,5196.33,5255.92,5164.79,5210.62,11.25,0.22,8532.0,193064.0,26.28,3.22,8697507.0,23804787.0
801113.SI,20260211,小家电,5203.5,5263.04,5167.21,5188.5,-22.13,-0.42,7723.0,179849.0,26.16,3.21,8665322.0,23657539.0
801113.SI,20260212,小家电,5192.28,5224.92,5095.95,5127.52,-60.97,-1.18,7981.0,187656.0,25.85,3.17,8563491.0,23460912.0
801113.SI,20260213,小家电,5127.28,5172.6,5089.01,5103.69,-23.83,-0.46,6750.0,149897.0,25.81,3.16,8548722.0,23343865.0
801113.SI,20260224,小家电,5163.33,5245.01,5124.79,5201.15,97.46,1.91,8872.0,218231.0,26.31,3.23,8711971.0,23716764.0
801113.SI,20260225,小家电,5219.96,5262.21,5172.67,5192.36,-8.79,-0.17,9727.0,182154.0,26.26,3.22,8697245.0,23672361.0
801113.SI,20260226,小家电,5195.41,5218.43,5067.04,5094.91,-97.45,-1.88,10881.0,220631.0,25.74,3.16,8534009.0,23300472.0
801113.SI,20260227,小家电,5086.1,5118.15,5005.76,5050.18,-44.73,-0.88,8798.0,213644.0,25.51,3.13,8459089.0,23159223.0
801113.SI,20260302,小家电,4986.59,5026.46,4857.44,4900.52,-149.66,-2.96,14311.0,304399.0,24.77,3.04,8208408.0,22603853.0
801113.SI,20260303,小家电,4915.2,4986.22,4783.79,4792.22,-108.3,-2.21,11281.0,246421.0,24.22,2.97,8026999.0,22153981.0
801113.SI,20260304,小家电,4755.45,4819.02,4689.33,4725.99,-66.22,-1.38,9623.0,201291.0,23.89,2.93,7916075.0,21870654.0
801113.SI,20260305,小家电,4793.11,4827.3,4724.54,4763.74,37.74,0.8,7891.0,165117.0,24.08,2.95,7979298.0,22030397.0
801113.SI,20260306,小家电,4746.51,4836.83,4728.3,4815.9,52.16,1.09,8674.0,176039.0,24.34,2.98,8066668.0,22294096.0
801113.SI,20260309,小家电,4765.13,4783.4,4636.72,4724.7,-91.2,-1.89,10302.0,233473.0,23.87,2.93,7907897.0,21923929.0
801113.SI,20260310,小家电,4760.91,4835.81,4737.68,4809.1,84.4,1.79,8014.0,176380.0,24.29,2.98,8050611.0,22299562.0
801113.SI,20260311,小家电,4810.78,4861.05,4772.78,4816.47,7.38,0.15,7426.0,148467.0,24.34,2.98,8062959.0,22304590.0
801113.SI,20260312,小家电,4821.9,4860.27,4760.16,4802.27,-14.2,-0.29,7651.0,181323.0,24.27,2.98,8039192.0,22255508.0
801113.SI,20260313,小家电,4789.35,4857.34,4717.59,4799.08,-3.19,-0.07,9435.0,234365.0,24.25,2.97,8033850.0,22336087.0
801113.SI,20260316,小家电,4765.39,4802.86,4693.05,4745.35,-53.74,-1.12,8943.0,216447.0,23.97,2.94,7943889.0,22167867.0
801113.SI,20260317,小家电,4747.12,4806.88,4713.56,4734.67,-10.67,-0.22,9653.0,186328.0,23.93,2.93,7926025.0,22099069.0
801113.SI,20260318,小家电,4743.86,4793.61,4688.62,4737.27,2.6,0.05,13821.0,211251.0,23.94,2.94,7930371.0,22150998.0
801113.SI,20260319,小家电,4684.99,4724.1,4619.83,4649.87,-87.4,-1.84,11379.0,197911.0,23.51,2.88,7784059.0,21747565.0
801113.SI,20260320,小家电,4655.74,4722.55,4591.04,4603.76,-46.11,-0.99,10760.0,184355.0,23.29,2.86,7706865.0,21529825.0
801113.SI,20260323,小家电,4551.23,4578.43,4348.15,4404.83,-198.92,-4.32,14376.0,270422.0,22.37,2.73,7373861.0,20478241.0
801113.SI,20260324,小家电,4461.38,4524.26,4401.04,4502.92,98.08,2.23,12350.0,201380.0,22.86,2.79,7538052.0,20943123.0
801113.SI,20260325,小家电,4519.57,4611.57,4493.8,4584.48,81.57,1.81,10206.0,181652.0,23.27,2.84,7674602.0,21280071.0
801113.SI,20260326,小家电,4608.78,4683.82,4528.54,4580.32,-4.17,-0.09,15355.0,262635.0,23.23,2.84,7667624.0,21336911.0
801113.SI,20260327,小家电,4530.0,4629.31,4490.72,4596.15,15.84,0.35,14584.0,233770.0,23.4,2.85,7694134.0,21372566.0
801113.SI,20260330,小家电,4531.83,4627.99,4492.22,4577.28,-18.87,-0.41,11370.0,200666.0,23.3,2.84,7662549.0,21360239.0
801113.SI,20260331,小家电,4564.99,4626.18,4495.72,4520.54,-56.74,-1.24,9823.0,180211.0,23.01,2.8,7567557.0,21103569.0
801113.SI,20260401,小家电,4559.52,4634.21,4508.79,4592.33,71.79,1.59,12826.0,226933.0,23.37,2.85,7687737.0,21518668.0
801113.SI,20260402,小家电,4576.56,4601.43,4475.33,4506.95,-85.38,-1.86,11874.0,213202.0,22.94,2.79,7544804.0,21170465.0
801113.SI,20260403,小家电,4520.97,4545.15,4385.73,4411.75,-95.2,-2.11,10234.0,194955.0,22.55,2.72,7385441.0,20864990.0
801113.SI,20260407,小家电,4410.16,4473.53,4367.65,4418.72,6.97,0.16,8099.0,155349.0,22.56,2.72,7397109.0,20903564.0
801113.SI,20260408,小家电,4506.53,4576.35,4469.19,4561.88,143.16,3.24,10707.0,229900.0,23.3,2.81,7636768.0,21462689.0
801113.SI,20260409,小家电,4525.6,4552.51,4424.69,4445.25,-116.63,-2.56,9668.0,221751.0,22.61,2.74,7441518.0,20987692.0
801113.SI,20260410,小家电,4466.11,4564.26,4451.39,4500.87,55.62,1.25,10711.0,214481.0,22.89,2.77,7534632.0,21202244.0
801113.SI,20260413,小家电,4482.24,4536.2,4408.91,4466.36,-34.52,-0.77,9764.0,214129.0,22.73,2.75,7479578.0,21100191.0
801113.SI,20260414,小家电,4506.08,4553.8,4435.06,4508.21,41.86,0.94,13563.0,234014.0,22.96,2.78,7549676.0,21293659.0
801113.SI,20260415,小家电,4520.32,4603.71,4474.5,4534.29,26.08,0.58,13482.0,265009.0,23.1,2.8,7593342.0,21467198.0
801113.SI,20260416,小家电,4550.3,4625.02,4466.65,4538.85,4.56,0.1,18714.0,404340.0,23.35,2.79,7600977.0,21512420.0
801113.SI,20260417,小家电,4514.88,4585.73,4459.93,4522.68,-16.17,-0.36,15209.0,304057.0,23.27,2.78,7573900.0,21468279.0
801113.SI,20260420,小家电,4520.66,4743.84,4491.93,4690.43,167.75,3.71,17312.0,409909.0,24.17,2.89,7854826.0,21970807.0
801113.SI,20260421,小家电,4691.16,4739.07,4587.94,4660.98,-29.45,-0.63,18276.0,369286.0,24.1,2.87,7814796.0,21948018.0
801113.SI,20260422,小家电,4639.38,4696.34,4580.22,4652.52,-8.46,-0.18,16039.0,301855.0,24.05,2.87,7800608.0,21969918.0
801113.SI,20260423,小家电,4719.3,4862.24,4622.61,4705.98,53.47,1.15,23661.0,497406.0,25.5,2.85,7890255.0,22303162.0
801113.SI,20260424,小家电,4700.02,4760.74,4560.88,4650.57,-55.41,-1.18,23105.0,455243.0,25.19,2.81,7797352.0,22202647.0
801113.SI,20260427,小家电,4674.32,4820.8,4608.48,4733.15,82.57,1.78,20485.0,435980.0,25.64,2.84,7935799.0,22472973.0
801113.SI,20260428,小家电,4742.98,4796.29,4623.8,4662.21,-70.94,-1.5,20135.0,455128.0,25.26,2.8,7816866.0,22175646.0
801113.SI,20260429,小家电,4635.61,4712.31,4572.12,4656.59,-5.63,-0.12,16943.0,332838.0,25.39,2.8,7807432.0,22141671.0
801113.SI,20260430,小家电,4626.81,4712.92,4554.75,4606.5,-50.09,-1.08,17234.0,352510.0,25.19,2.77,7723455.0,21992283.0
801113.SI,20260506,小家电,4605.34,4686.06,4539.28,4615.32,8.82,0.19,16751.0,378848.0,26.62,2.77,7738253.0,22027714.0
801113.SI,20260507,小家电,4630.01,4726.0,4591.27,4667.85,52.52,1.14,14664.0,352133.0,26.93,2.81,7826319.0,22252086.0
801113.SI,20260508,小家电,4678.32,4798.02,4628.54,4756.6,88.75,1.9,16768.0,404032.0,27.44,2.86,7975122.0,22691728.0
801113.SI,20260511,小家电,4759.75,4812.82,4671.9,4739.66,-16.93,-0.36,16172.0,391785.0,27.34,2.85,7946732.0,22768235.0
801113.SI,20260512,小家电,4746.49,4784.87,4606.23,4632.29,-107.38,-2.27,13288.0,320093.0,26.72,2.78,7766698.0,22364591.0
801113.SI,20260513,小家电,4634.83,4765.93,4566.08,4703.78,71.5,1.54,14394.0,356143.0,27.16,2.83,7878431.0,22531416.0
801113.SI,20260514,小家电,4717.49,4763.03,4586.06,4610.05,-93.74,-1.99,14638.0,319488.0,26.59,2.77,7721431.0,22185319.0
801113.SI,20260515,小家电,4619.16,4832.85,4573.31,4736.3,126.25,2.74,14933.0,452150.0,27.37,2.85,7932891.0,22632811.0
801113.SI,20260518,小家电,4726.26,4888.36,4650.75,4832.68,96.38,2.03,15022.0,497003.0,27.93,2.91,8094317.0,22915367.0
801113.SI,20260519,小家电,4849.53,4962.66,4793.86,4844.63,11.96,0.25,11208.0,400666.0,28.0,2.92,8114347.0,22990020.0
801113.SI,20260520,小家电,4833.32,4930.89,4737.86,4856.08,11.45,0.24,12554.0,397446.0,28.09,2.93,8133519.0,23077897.0
801113.SI,20260521,小家电,4858.99,5028.9,4794.23,4868.56,12.48,0.26,15178.0,481590.0,28.19,2.94,8154428.0,23049962.0
