ts_code,trade_date,name,open,high,low,close,change,pct_change,vol,amount,pe,pb,float_mv,total_mv
801101.SI,20180102,计算机设备,3017.22,3065.27,2976.19,3028.89,32.44,1.08,33771.0,534769.0,70.62,3.11,22617904.0,49359268.545628
801101.SI,20180103,计算机设备,3036.95,3086.87,3003.61,3053.63,24.74,0.82,36106.0,604683.0,70.96,3.12,22810622.0,49665907.564973
801101.SI,20180104,计算机设备,3057.83,3092.13,3017.94,3041.54,-12.09,-0.4,31615.0,540857.0,70.7,3.11,22728614.0,49446975.842783
801101.SI,20180105,计算机设备,3069.22,3106.59,3017.66,3033.11,-8.42,-0.28,33474.0,550378.0,70.47,3.1,22665684.0,49227015.913652
801101.SI,20180108,计算机设备,3032.17,3062.44,2952.48,3009.25,-23.87,-0.79,40819.0,595860.0,70.05,3.08,22487005.0,48859488.168814
801101.SI,20180109,计算机设备,3013.75,3050.05,2968.59,3008.44,-0.81,-0.03,31699.0,476752.0,70.0,3.08,22480962.0,48903602.832791
801101.SI,20180110,计算机设备,3017.76,3075.17,2947.56,3018.26,9.82,0.33,52410.0,741752.0,70.63,3.11,22554314.0,49158361.527954
801101.SI,20180111,计算机设备,3023.35,3142.4,2980.58,3096.6,78.34,2.6,87130.0,1162866.0,72.4,3.19,23133911.0,50494868.389753
801101.SI,20180112,计算机设备,3100.85,3145.49,3022.62,3048.77,-47.83,-1.54,71233.0,959450.0,71.39,3.14,22776583.0,49741915.070989
801101.SI,20180115,计算机设备,3033.71,3072.14,2899.39,2936.38,-112.39,-3.69,66510.0,973968.0,68.97,3.03,21932315.0,47821759.606577
801101.SI,20180116,计算机设备,2943.45,2990.45,2887.85,2937.22,0.84,0.03,49648.0,733648.0,68.9,3.03,21938576.0,47879876.697823
801101.SI,20180117,计算机设备,2921.71,2964.91,2837.33,2911.03,-26.19,-0.89,49386.0,653912.0,68.19,3.0,21746260.0,47422731.422774
801101.SI,20180118,计算机设备,2913.45,2957.9,2879.93,2909.03,-2.0,-0.07,31511.0,468032.0,68.26,3.0,21733037.0,47410724.198063
801101.SI,20180119,计算机设备,2921.22,2965.4,2880.97,2908.39,-0.63,-0.02,32237.0,509760.0,68.25,3.0,21728327.0,47483235.334812
801101.SI,20180122,计算机设备,2914.48,2976.69,2860.25,2936.65,28.25,0.97,34713.0,544053.0,68.89,3.03,21939412.0,47910587.757201
801101.SI,20180123,计算机设备,2945.66,2979.83,2903.24,2929.88,-6.77,-0.23,26684.0,429918.0,68.64,3.02,21881217.0,47740068.774708
801101.SI,20180124,计算机设备,2939.61,3030.75,2894.32,2992.68,62.8,2.14,42988.0,700726.0,69.75,3.07,22346700.0,48669510.626281
801101.SI,20180125,计算机设备,2996.41,3062.49,2961.14,2981.13,-11.55,-0.39,40442.0,653140.0,69.52,3.06,22258358.0,48390862.172434
801101.SI,20180126,计算机设备,2987.68,3041.82,2950.01,2988.05,6.92,0.23,33355.0,497773.0,69.64,3.06,22310054.0,48420125.990226
801101.SI,20180129,计算机设备,2992.77,3024.74,2897.45,2923.94,-64.11,-2.15,34248.0,554069.0,68.25,3.0,21831353.0,47302406.850059
801101.SI,20180130,计算机设备,2927.76,2977.1,2885.29,2916.91,-7.03,-0.24,25342.0,386796.0,67.93,2.99,21778890.0,47084328.463953
801101.SI,20180131,计算机设备,2910.41,2943.61,2814.96,2845.61,-71.3,-2.44,36215.0,492931.0,66.4,2.92,21246552.0,45889159.222107
801101.SI,20180201,计算机设备,2855.36,2885.54,2693.68,2726.69,-118.92,-4.18,40530.0,537218.0,63.33,2.78,20359782.0,44139781.591501
801101.SI,20180202,计算机设备,2725.47,2794.43,2644.16,2740.03,13.34,0.49,27468.0,402651.0,63.38,2.79,20459379.0,44313763.711341
801101.SI,20180205,计算机设备,2711.01,2764.71,2654.69,2699.88,-40.16,-1.47,20663.0,321581.0,62.66,2.76,20159547.0,43619375.07084
801101.SI,20180206,计算机设备,2658.44,2695.52,2518.68,2547.92,-151.95,-5.63,37132.0,507846.0,59.42,2.61,19024932.0,41094054.271942
801101.SI,20180207,计算机设备,2606.22,2645.06,2507.93,2582.17,34.25,1.34,28671.0,389114.0,60.15,2.64,19282151.0,41709778.843014
801101.SI,20180208,计算机设备,2594.9,2678.13,2565.36,2644.45,62.28,2.41,25949.0,351288.0,61.52,2.7,19743490.0,42678518.989962
801101.SI,20180209,计算机设备,2597.98,2654.26,2532.35,2586.71,-57.74,-2.18,34377.0,454193.0,60.08,2.64,19408503.0,42171364.463345
801101.SI,20180212,计算机设备,2621.94,2710.26,2595.49,2673.11,86.4,3.34,30185.0,419469.0,61.93,2.72,20056798.0,43589158.281391
801101.SI,20180213,计算机设备,2699.86,2752.18,2648.8,2675.68,2.57,0.1,32293.0,505442.0,62.08,2.73,20076046.0,43543368.832076
801101.SI,20180214,计算机设备,2687.85,2718.88,2645.06,2678.65,2.97,0.11,19483.0,316429.0,62.05,2.72,20093690.0,43586579.879672
801101.SI,20180222,计算机设备,2711.47,2768.68,2673.79,2730.73,52.08,1.94,23930.0,396623.0,63.14,2.77,20482570.0,44534079.695162
801101.SI,20180223,计算机设备,2738.69,2769.95,2696.29,2726.58,-4.15,-0.15,22529.0,363438.0,63.08,2.76,20452292.0,44493151.192233
801101.SI,20180226,计算机设备,2750.83,2850.08,2721.06,2811.61,85.03,3.12,39245.0,652057.0,65.56,2.81,21299810.0,45781856.871335
801101.SI,20180227,计算机设备,2825.44,2902.59,2791.96,2830.28,18.67,0.66,44772.0,754273.0,66.02,2.83,21441234.0,46086515.919856
801101.SI,20180228,计算机设备,2817.03,2901.77,2777.25,2848.49,18.21,0.64,38812.0,630971.0,66.32,2.84,21579206.0,46280869.042972
801101.SI,20180301,计算机设备,2839.48,3004.36,2809.77,2968.75,120.26,4.22,65639.0,1103062.0,69.12,2.96,22488265.0,48404443.062252
801101.SI,20180302,计算机设备,2971.21,3030.57,2905.59,2941.84,-26.91,-0.91,56891.0,1014023.0,68.43,2.93,22284434.0,48057674.038846
801101.SI,20180305,计算机设备,2971.98,3050.82,2923.11,3009.36,67.52,2.3,50261.0,911034.0,69.49,2.98,22795892.0,49131646.212828
801101.SI,20180306,计算机设备,3008.1,3084.86,2959.21,3024.79,15.43,0.51,59882.0,1057885.0,70.09,3.0,22912758.0,49182162.646193
801101.SI,20180307,计算机设备,3010.06,3050.88,2960.95,2985.34,-39.45,-1.3,47346.0,766660.0,69.15,2.96,22613931.0,48517119.72553
801101.SI,20180308,计算机设备,2971.26,3030.32,2937.5,2987.99,2.66,0.09,44483.0,778210.0,69.2,2.96,22634059.0,48598853.732174
801101.SI,20180309,计算机设备,2983.37,3097.87,2960.65,3051.74,63.75,2.13,64755.0,1086216.0,70.5,3.02,23116959.0,49583501.339803
801101.SI,20180312,计算机设备,3070.3,3172.66,3039.0,3109.47,57.73,1.89,87160.0,1458357.0,71.84,3.08,23572373.0,50525064.578211
801101.SI,20180313,计算机设备,3097.34,3199.7,3055.45,3114.04,4.57,0.15,76723.0,1332710.0,72.01,3.07,23607021.0,50630900.583974
801101.SI,20180314,计算机设备,3103.75,3148.48,3015.43,3029.5,-84.54,-2.71,56483.0,1028648.0,70.33,3.0,22966158.0,49279298.757006
801101.SI,20180315,计算机设备,3017.91,3067.72,2950.51,3035.42,5.92,0.2,50281.0,886902.0,70.52,3.01,23011009.0,49388738.209454
801101.SI,20180316,计算机设备,3035.66,3095.88,2990.85,3021.69,-13.73,-0.45,47660.0,816966.0,70.4,3.0,22906929.0,49102455.192423
801101.SI,20180319,计算机设备,3033.25,3117.42,2998.28,3051.1,29.41,0.97,52125.0,945896.0,70.87,3.02,23139502.0,49552600.422031
801101.SI,20180320,计算机设备,3022.64,3102.47,2984.67,3074.72,23.61,0.77,52041.0,891776.0,71.43,3.05,23318586.0,49919984.696827
801101.SI,20180321,计算机设备,3077.89,3143.22,3016.31,3031.85,-42.87,-1.39,54202.0,968185.0,70.64,3.01,22982147.0,49294622.399333
801101.SI,20180322,计算机设备,3036.66,3111.99,2996.73,3047.88,16.04,0.53,47411.0,862557.0,71.35,3.02,23103706.0,49406240.636515
801101.SI,20180323,计算机设备,2953.28,3014.07,2809.07,2872.67,-175.21,-5.75,72245.0,1120897.0,67.25,2.85,21775557.0,46348885.425597
801101.SI,20180326,计算机设备,2836.71,3008.39,2796.26,2992.72,120.05,4.18,57912.0,989632.0,69.73,2.95,22685570.0,48239930.557558
801101.SI,20180327,计算机设备,3031.38,3175.88,3001.89,3140.67,147.95,4.94,91933.0,1636508.0,73.11,3.1,23807056.0,50599700.330437
801101.SI,20180328,计算机设备,3090.75,3186.98,3058.58,3120.99,-19.68,-0.63,74391.0,1307707.0,68.04,3.07,23669082.0,50380988.434789
801101.SI,20180329,计算机设备,3128.75,3196.87,3070.8,3131.08,10.09,0.32,56777.0,1069028.0,68.39,3.09,23778205.0,50640674.677949
801101.SI,20180330,计算机设备,3153.7,3264.24,3130.67,3225.77,94.7,3.02,74344.0,1412888.0,70.52,3.18,24497174.0,52324711.934186
801101.SI,20180402,计算机设备,3242.88,3350.3,3186.32,3271.68,45.91,1.42,91015.0,1603271.0,72.79,3.23,24845820.0,53548478.85009
801101.SI,20180403,计算机设备,3212.93,3267.34,3134.6,3227.38,-44.3,-1.35,69020.0,1254615.0,73.35,3.21,24809284.0,53026946.507031
801101.SI,20180404,计算机设备,3229.47,3276.91,3145.52,3175.4,-51.97,-1.61,51771.0,972287.0,67.09,3.16,24409764.0,52083952.256616
801101.SI,20180409,计算机设备,3171.48,3276.87,3115.04,3227.63,52.22,1.64,57873.0,1131969.0,68.3,3.22,24870592.0,52770810.829922
801101.SI,20180410,计算机设备,3239.52,3270.45,3131.69,3200.0,-27.63,-0.86,57296.0,1083415.0,67.82,3.19,24661676.0,52473668.710279
801101.SI,20180411,计算机设备,3214.72,3281.46,3167.63,3210.38,10.37,0.32,67210.0,1199833.0,68.01,3.21,24741626.0,52627890.367197
801101.SI,20180412,计算机设备,3205.76,3272.31,3159.66,3203.1,-7.28,-0.23,63374.0,1131569.0,66.58,3.21,24679081.0,52451806.290978
801101.SI,20180413,计算机设备,3226.0,3290.17,3176.83,3225.39,22.29,0.7,63451.0,1079994.0,68.7,3.22,24868669.0,52697815.677113
801101.SI,20180416,计算机设备,3210.43,3349.23,3175.86,3313.91,88.52,2.74,83398.0,1548326.0,70.0,3.29,25551148.0,54050469.496305
801101.SI,20180417,计算机设备,3324.52,3388.55,3172.57,3215.17,-98.73,-2.98,77985.0,1470716.0,68.45,3.19,24789881.0,52376112.500259
801101.SI,20180418,计算机设备,3238.03,3412.74,3154.99,3371.79,156.62,4.87,92885.0,1737894.0,71.46,3.33,25997581.0,55011811.729524
801101.SI,20180419,计算机设备,3351.69,3462.74,3305.98,3361.3,-10.5,-0.31,99276.0,1749332.0,71.41,3.32,25933302.0,54689354.03731
801101.SI,20180420,计算机设备,3336.46,3430.84,3262.38,3307.06,-54.24,-1.61,80148.0,1384615.0,69.96,3.27,25490574.0,53737982.944515
801101.SI,20180423,计算机设备,3324.24,3374.81,3135.51,3206.94,-100.12,-3.03,81384.0,1410416.0,66.62,3.16,24715956.0,52160599.49215
801101.SI,20180424,计算机设备,3193.92,3318.4,3137.71,3299.1,92.16,2.87,69343.0,1188536.0,69.53,3.25,25426355.0,53602962.083269
801101.SI,20180425,计算机设备,3264.07,3379.91,3217.96,3304.64,5.54,0.17,86419.0,1411457.0,69.69,3.27,25469057.0,53965311.096414
801101.SI,20180426,计算机设备,3297.11,3375.47,3212.24,3251.63,-53.01,-1.6,89169.0,1328106.0,65.41,3.2,25060523.0,52903324.545997
801101.SI,20180427,计算机设备,3264.96,3310.41,3144.47,3215.41,-36.22,-1.11,73940.0,1076983.0,64.8,3.17,24781342.0,52310263.035279
801101.SI,20180502,计算机设备,3216.12,3291.1,3136.49,3190.57,-24.83,-0.77,65098.0,959673.0,61.86,3.16,24573201.0,51838416.322986
801101.SI,20180503,计算机设备,3183.25,3265.9,3084.98,3241.69,51.12,1.6,64355.0,1001104.0,62.9,3.22,24887522.0,52542646.642913
801101.SI,20180504,计算机设备,3226.51,3296.31,3182.97,3210.02,-31.67,-0.98,50906.0,867961.0,62.25,3.18,24648976.0,52074367.447025
801101.SI,20180507,计算机设备,3211.34,3289.93,3186.89,3258.32,48.3,1.5,49398.0,807680.0,63.22,3.23,25021005.0,52983033.407031
801101.SI,20180508,计算机设备,3252.34,3306.65,3204.82,3266.71,8.39,0.26,53259.0,856910.0,63.58,3.25,25085426.0,53062211.820832
801101.SI,20180509,计算机设备,3251.43,3304.38,3201.3,3248.15,-18.56,-0.57,60123.0,831701.0,63.06,3.22,24944296.0,52825035.973851
801101.SI,20180510,计算机设备,3243.75,3269.62,3163.4,3206.62,-41.53,-1.28,53786.0,790439.0,62.31,3.18,24625376.0,52133444.222478
801101.SI,20180511,计算机设备,3205.11,3243.33,3139.33,3164.97,-41.65,-1.3,45800.0,697230.0,61.47,3.14,24305525.0,51419820.362347
801101.SI,20180514,计算机设备,3148.07,3198.18,3079.24,3105.01,-59.96,-1.89,46964.0,750380.0,60.26,3.08,23845072.0,50644089.416584
801101.SI,20180515,计算机设备,3104.56,3168.66,3062.77,3153.26,48.25,1.55,41842.0,689535.0,61.19,3.13,24215615.0,51527556.05696
801101.SI,20180516,计算机设备,3138.28,3182.97,3084.8,3117.95,-35.32,-1.12,43403.0,672844.0,60.54,3.1,23944404.0,51012905.200666
801101.SI,20180517,计算机设备,3114.67,3166.29,3076.04,3123.47,5.52,0.18,42587.0,637868.0,60.62,3.1,23945700.0,50885567.165055
801101.SI,20180518,计算机设备,3114.87,3157.47,3054.3,3112.6,-10.87,-0.35,42284.0,649745.0,60.59,3.1,23903319.0,50854083.861236
801101.SI,20180521,计算机设备,3120.05,3208.32,3100.3,3176.17,63.57,2.04,47210.0,796130.0,61.71,3.16,24395252.0,52024401.621459
801101.SI,20180522,计算机设备,3169.36,3213.1,3139.49,3187.32,11.15,0.35,41625.0,666821.0,61.89,3.16,24464227.0,52246957.871466
801101.SI,20180523,计算机设备,3180.55,3264.29,3141.14,3188.87,1.55,0.05,58964.0,941644.0,61.91,3.16,24476142.0,52238940.526256
801101.SI,20180524,计算机设备,3193.9,3237.54,3148.27,3175.65,-13.22,-0.41,41172.0,660173.0,61.76,3.15,24374233.0,52095624.014076
801101.SI,20180525,计算机设备,3175.84,3202.47,3082.26,3109.05,-66.6,-2.1,46667.0,761780.0,60.51,3.09,23857419.0,50963021.159117
801101.SI,20180528,计算机设备,3097.83,3147.31,3020.61,3062.23,-46.82,-1.51,44487.0,725658.0,59.67,3.05,23541750.0,50149804.922667
801101.SI,20180529,计算机设备,3061.93,3116.31,3011.29,3046.5,-15.73,-0.51,38943.0,610590.0,59.4,3.04,23420828.0,49885480.413312
801101.SI,20180530,计算机设备,3013.32,3071.28,2928.14,2956.65,-89.85,-2.95,46475.0,661815.0,57.64,2.95,22752583.0,48434655.971737
801101.SI,20180531,计算机设备,2984.21,3026.04,2913.82,2976.02,19.38,0.66,47526.0,686345.0,58.11,2.97,22901692.0,48696299.382859
801101.SI,20180601,计算机设备,2957.81,3009.55,2895.06,2934.51,-41.52,-1.4,41245.0,586252.0,57.36,2.93,22582211.0,47931669.753827
801101.SI,20180604,计算机设备,2944.97,2985.73,2872.55,2922.36,-12.15,-0.41,35127.0,516089.0,57.06,2.92,22517532.0,47788230.070338
801101.SI,20180605,计算机设备,2923.77,3016.92,2906.73,3003.33,80.97,2.77,41245.0,611088.0,58.53,3.0,23141423.0,49091912.168739
801101.SI,20180606,计算机设备,2997.3,3043.3,2960.51,2997.61,-5.72,-0.19,35553.0,538952.0,58.35,2.99,23097380.0,49043911.693351
801101.SI,20180607,计算机设备,3006.75,3040.74,2948.07,2979.25,-18.36,-0.61,32407.0,464309.0,58.01,2.97,23051576.0,48714333.967657
801101.SI,20180608,计算机设备,2970.72,3017.44,2897.53,2959.22,-20.03,-0.67,36333.0,555722.0,57.39,2.94,22896576.0,48340618.256021
801101.SI,20180611,计算机设备,2945.07,2989.61,2890.5,2924.83,-34.39,-1.16,30021.0,448153.0,56.65,2.9,22630486.0,47706953.246263
801101.SI,20180612,计算机设备,2923.23,2981.77,2850.41,2945.0,20.17,0.69,37933.0,545593.0,57.05,2.92,22786543.0,48056722.265596
801101.SI,20180613,计算机设备,2929.02,2977.45,2862.37,2887.14,-57.85,-1.96,38325.0,548122.0,55.84,2.86,22347162.0,47218941.793882
801101.SI,20180614,计算机设备,2870.86,2927.06,2833.45,2871.97,-15.17,-0.53,31329.0,484819.0,55.57,2.85,22229719.0,46982685.745788
801101.SI,20180615,计算机设备,2870.18,2902.7,2739.92,2793.1,-78.87,-2.75,46514.0,651597.0,54.06,2.78,21619236.0,45675457.947425
801101.SI,20180619,计算机设备,2739.78,2792.08,2532.87,2584.51,-208.59,-7.47,48985.0,638516.0,50.06,2.57,20004698.0,42273900.892488
801101.SI,20180620,计算机设备,2553.61,2650.52,2517.14,2612.03,27.52,1.06,42466.0,546180.0,50.56,2.6,20217723.0,42818167.978867
801101.SI,20180621,计算机设备,2605.07,2636.61,2461.78,2484.5,-127.53,-4.88,45004.0,556200.0,48.25,2.47,19235421.0,40803463.753317
801101.SI,20180622,计算机设备,2471.36,2563.38,2419.37,2522.32,37.82,1.52,35121.0,445777.0,48.97,2.51,19528243.0,41418559.996167
801101.SI,20180625,计算机设备,2539.3,2581.02,2485.25,2502.61,-19.71,-0.78,31780.0,428172.0,48.47,2.49,19373474.0,41081315.025456
801101.SI,20180626,计算机设备,2456.17,2624.13,2433.66,2590.79,88.18,3.52,42424.0,590302.0,50.06,2.57,20056085.0,42429826.605243
801101.SI,20180627,计算机设备,2593.02,2653.96,2552.74,2591.36,0.57,0.02,40873.0,568284.0,50.04,2.57,20060513.0,42362728.651657
801101.SI,20180628,计算机设备,2582.48,2643.49,2544.93,2562.73,-28.63,-1.1,34106.0,481110.0,49.5,2.54,19779998.0,41836365.546864
801101.SI,20180629,计算机设备,2569.76,2711.95,2552.34,2691.94,129.21,5.04,48240.0,708421.0,51.81,2.66,20692632.0,43812504.291765
801101.SI,20180702,计算机设备,2689.42,2739.59,2621.74,2669.55,-22.39,-0.83,47105.0,689867.0,51.33,2.64,20661396.0,43639231.270063
801101.SI,20180703,计算机设备,2661.63,2785.24,2619.94,2748.22,78.67,2.95,51210.0,778401.0,52.74,2.71,21270274.0,44953817.70117
801101.SI,20180704,计算机设备,2725.49,2757.83,2640.6,2673.2,-75.02,-2.73,40985.0,610779.0,51.25,2.63,20689633.0,43631292.398798
801101.SI,20180705,计算机设备,2660.64,2731.6,2588.01,2619.94,-53.26,-1.99,43420.0,616696.0,50.23,2.58,20277392.0,42603882.122118
801101.SI,20180706,计算机设备,2626.13,2732.88,2579.67,2649.55,29.61,1.13,52193.0,739338.0,50.78,2.61,20506628.0,43060164.761326
801101.SI,20180709,计算机设备,2649.23,2726.11,2623.23,2703.35,53.8,2.03,40971.0,617203.0,51.94,2.66,20923138.0,43992317.689832
801101.SI,20180710,计算机设备,2696.01,2730.5,2658.6,2701.17,-2.18,-0.08,34790.0,525139.0,51.88,2.66,20906260.0,43991021.701865
801101.SI,20180711,计算机设备,2651.99,2678.47,2536.57,2601.14,-100.03,-3.7,45723.0,640057.0,50.06,2.57,20132027.0,42301688.020287
801101.SI,20180712,计算机设备,2602.94,2736.74,2594.35,2710.33,109.19,4.2,48396.0,769488.0,51.78,2.65,20978055.0,44020686.417841
801101.SI,20180713,计算机设备,2720.53,2756.52,2675.0,2720.98,10.65,0.39,38594.0,639147.0,51.9,2.66,21060498.0,44199960.009957
801101.SI,20180716,计算机设备,2730.22,2809.13,2695.81,2754.79,33.8,1.24,44843.0,720936.0,53.58,2.65,20391361.0,42529754.47001
801101.SI,20180717,计算机设备,2748.41,2788.81,2691.81,2763.23,8.44,0.31,41019.0,641188.0,53.54,2.65,20453860.0,42620858.052204
801101.SI,20180718,计算机设备,2764.88,2814.95,2712.08,2735.7,-27.53,-1.0,38977.0,583284.0,53.19,2.63,20250063.0,42173075.848524
801101.SI,20180719,计算机设备,2732.08,2768.21,2669.65,2710.09,-25.61,-0.94,36703.0,491195.0,52.68,2.61,20063412.0,41744119.52231
801101.SI,20180720,计算机设备,2703.55,2815.63,2674.51,2787.74,77.66,2.87,46759.0,800237.0,54.13,2.68,20651424.0,42958955.11716
801101.SI,20180723,计算机设备,2788.07,2877.18,2763.66,2843.43,55.68,2.0,50109.0,855573.0,55.21,2.73,21064004.0,43984916.714687
801101.SI,20180724,计算机设备,2846.15,2903.08,2799.54,2860.35,16.92,0.6,48488.0,745730.0,55.59,2.75,21189344.0,44236073.381444
801101.SI,20180725,计算机设备,2858.06,2940.24,2833.3,2873.88,13.53,0.47,46185.0,729629.0,55.94,2.77,21283669.0,44743833.393885
801101.SI,20180726,计算机设备,2862.73,2888.9,2774.67,2813.56,-60.33,-2.1,47317.0,704224.0,55.01,2.72,20836906.0,43694482.930341
801101.SI,20180727,计算机设备,2805.02,2831.2,2743.93,2772.89,-40.67,-1.45,35064.0,492155.0,54.19,2.68,20535725.0,43036498.494156
801101.SI,20180730,计算机设备,2769.79,2812.83,2707.29,2750.23,-22.66,-0.82,31330.0,438497.0,53.9,2.67,20367897.0,42701268.674672
801101.SI,20180731,计算机设备,2747.31,2784.91,2697.57,2739.37,-10.85,-0.39,26933.0,394471.0,53.61,2.65,20289999.0,42740415.499829
801101.SI,20180801,计算机设备,2743.25,2818.91,2693.28,2714.5,-24.88,-0.91,34362.0,538324.0,53.01,2.62,20105735.0,42222580.35268
801101.SI,20180802,计算机设备,2705.21,2732.87,2567.93,2654.59,-59.9,-2.21,40975.0,569064.0,51.68,2.56,19662052.0,41366074.830493
801101.SI,20180803,计算机设备,2650.35,2687.24,2581.64,2597.82,-56.78,-2.14,27073.0,406471.0,50.85,2.52,19241527.0,40418487.701978
801101.SI,20180806,计算机设备,2592.26,2637.46,2521.4,2553.34,-44.48,-1.71,27825.0,420544.0,50.06,2.48,18912073.0,39394470.895556
801101.SI,20180807,计算机设备,2562.56,2651.83,2521.33,2639.07,85.73,3.36,33083.0,527993.0,51.65,2.56,19547063.0,40679597.941609
801101.SI,20180808,计算机设备,2628.59,2666.83,2560.33,2578.76,-60.31,-2.29,30885.0,467922.0,50.47,2.5,19100350.0,39653156.836069
801101.SI,20180809,计算机设备,2569.7,2740.09,2556.09,2703.52,124.76,4.84,50875.0,795060.0,52.71,2.61,20024425.0,41610684.841271
801101.SI,20180810,计算机设备,2701.18,2756.23,2674.7,2732.27,28.75,1.06,40845.0,640923.0,53.23,2.63,20237911.0,42138558.456563
801101.SI,20180813,计算机设备,2700.5,2813.45,2673.21,2788.75,56.48,2.07,49946.0,801740.0,54.36,2.69,20656236.0,43203619.908447
801101.SI,20180814,计算机设备,2775.7,2796.68,2718.28,2743.9,-44.85,-1.61,33200.0,562822.0,53.62,2.65,20324042.0,42599822.346441
801101.SI,20180815,计算机设备,2745.3,2774.12,2678.56,2698.51,-45.39,-1.65,30627.0,502834.0,52.76,2.61,19982915.0,41885146.337792
801101.SI,20180816,计算机设备,2654.84,2730.67,2620.5,2661.5,-37.01,-1.37,30774.0,497815.0,52.17,2.58,19708598.0,41412533.069685
801101.SI,20180817,计算机设备,2693.71,2727.06,2574.36,2592.95,-68.55,-2.58,32740.0,520527.0,50.87,2.51,19196822.0,40347691.562007
801101.SI,20180820,计算机设备,2587.93,2675.95,2548.07,2660.19,67.24,2.59,33328.0,499251.0,52.23,2.58,19727109.0,41445950.023587
801101.SI,20180821,计算机设备,2662.05,2704.78,2624.24,2675.88,15.69,0.59,30814.0,478139.0,52.54,2.59,19843432.0,41740335.511104
801101.SI,20180822,计算机设备,2668.04,2703.31,2605.19,2626.01,-49.86,-1.86,32963.0,418871.0,51.49,2.54,19473653.0,40938672.102323
801101.SI,20180823,计算机设备,2628.76,2718.2,2612.58,2676.62,50.61,1.93,33652.0,571479.0,52.15,2.57,19848987.0,41670707.734274
801101.SI,20180824,计算机设备,2672.97,2719.15,2644.26,2680.4,3.78,0.14,27773.0,433965.0,52.27,2.57,19854952.0,41574728.930939
801101.SI,20180827,计算机设备,2680.97,2762.82,2665.1,2733.45,53.05,1.98,34986.0,567622.0,53.38,2.63,20247921.0,42529566.461781
801101.SI,20180828,计算机设备,2737.74,2779.37,2707.45,2737.63,4.18,0.15,27542.0,470036.0,53.33,2.63,20292918.0,42559814.67971
801101.SI,20180829,计算机设备,2745.0,2757.08,2676.15,2709.58,-28.05,-1.02,26953.0,429330.0,52.73,2.59,20086773.0,42112029.174923
801101.SI,20180830,计算机设备,2700.6,2721.18,2620.81,2647.97,-61.61,-2.27,30380.0,471533.0,51.46,2.55,19644451.0,41049282.095493
801101.SI,20180831,计算机设备,2639.78,2686.23,2602.02,2629.82,-18.15,-0.69,25664.0,423711.0,50.99,2.53,19509671.0,40719867.692568
801101.SI,20180903,计算机设备,2620.53,2686.82,2549.94,2662.65,32.83,1.25,33409.0,567517.0,51.51,2.55,19753210.0,39656464.021486
801101.SI,20180904,计算机设备,2654.76,2753.51,2639.25,2721.0,58.35,2.19,42783.0,735342.0,52.85,2.62,20187171.0,42038702.012359
801101.SI,20180905,计算机设备,2709.35,2748.39,2665.19,2675.76,-45.24,-1.66,32656.0,544803.0,51.93,2.57,19886167.0,41149557.019745
801101.SI,20180906,计算机设备,2667.42,2740.7,2644.43,2691.17,15.41,0.58,34308.0,539100.0,52.4,2.59,20041708.0,41373930.406754
801101.SI,20180907,计算机设备,2687.43,2751.98,2592.74,2629.35,-61.82,-2.3,43300.0,806905.0,51.61,2.56,19581303.0,40482610.85811
801101.SI,20180910,计算机设备,2617.86,2619.69,2569.61,2573.92,-55.43,-2.11,29248.0,477460.0,50.67,2.51,19168504.0,39656464.021486
801101.SI,20180911,计算机设备,2576.01,2632.35,2556.39,2606.1,32.18,1.25,24433.0,370951.0,51.27,2.54,19408190.0,40134421.031028
801101.SI,20180912,计算机设备,2603.59,2645.82,2571.79,2596.16,-9.94,-0.38,23141.0,359854.0,51.16,2.53,19334135.0,40041587.774764
801101.SI,20180913,计算机设备,2621.21,2651.7,2558.49,2619.95,23.79,0.92,26700.0,459411.0,51.66,2.56,19511517.0,40420106.021169
801101.SI,20180914,计算机设备,2618.48,2631.27,2533.04,2544.88,-75.07,-2.87,27294.0,483460.0,50.3,2.49,18952468.0,39306167.577288
801101.SI,20180917,计算机设备,2528.15,2555.15,2482.2,2507.29,-37.59,-1.48,21770.0,326067.0,49.47,2.45,18672553.0,38660249.924164
801101.SI,20180918,计算机设备,2502.89,2571.19,2477.92,2555.83,48.53,1.94,25790.0,399197.0,50.4,2.49,19012659.0,39392456.273675
801101.SI,20180919,计算机设备,2548.62,2623.65,2526.38,2587.06,31.24,1.22,38098.0,488826.0,51.06,2.53,19245019.0,39886502.7823
801101.SI,20180920,计算机设备,2585.3,2618.64,2549.18,2570.2,-16.87,-0.65,31975.0,360697.0,50.74,2.51,19187079.0,39593402.418063
801101.SI,20180921,计算机设备,2576.75,2607.5,2534.96,2594.27,24.07,0.94,30877.0,407868.0,51.22,2.54,19361885.0,39994437.264438
801101.SI,20180925,计算机设备,2581.87,2632.8,2565.52,2597.64,3.37,0.13,23606.0,340986.0,51.19,2.53,19429221.0,40043095.838954
801101.SI,20180926,计算机设备,2595.8,2628.67,2572.71,2603.12,5.48,0.21,24660.0,330452.0,51.26,2.54,19470195.0,40158528.605951
801101.SI,20180927,计算机设备,2602.91,2626.0,2550.16,2559.82,-43.3,-1.66,24108.0,340722.0,50.56,2.5,19146757.0,39470209.509314
801101.SI,20180928,计算机设备,2569.05,2591.99,2519.19,2571.74,11.92,0.47,20397.0,294236.0,50.77,2.51,19235938.0,39659941.138283
801101.SI,20181008,计算机设备,2517.34,2533.4,2418.59,2436.8,-134.94,-5.25,26162.0,375507.0,48.34,2.39,18226648.0,37542267.99169
801101.SI,20181009,计算机设备,2447.17,2479.91,2388.7,2428.41,-8.4,-0.34,23327.0,323197.0,48.02,2.38,18163842.0,37383102.391603
801101.SI,20181010,计算机设备,2427.55,2461.27,2382.58,2429.61,1.2,0.05,19890.0,285409.0,47.84,2.38,18249767.0,37457500.365267
801101.SI,20181011,计算机设备,2343.64,2372.89,2215.18,2235.94,-193.67,-7.97,40438.0,466795.0,43.9,2.19,16800479.0,34401178.103771
801101.SI,20181012,计算机设备,2214.48,2273.52,2118.59,2221.16,-14.78,-0.66,37935.0,409152.0,43.46,2.16,16689388.0,34139829.428719
801101.SI,20181015,计算机设备,2227.67,2268.84,2164.79,2180.94,-40.21,-1.81,30733.0,401702.0,42.55,2.12,16387242.0,33517837.059903
801101.SI,20181016,计算机设备,2183.83,2221.89,2081.27,2115.03,-65.92,-3.02,33440.0,407776.0,41.32,2.06,15891965.0,32419561.300038
801101.SI,20181017,计算机设备,2149.54,2206.34,2100.34,2175.66,60.63,2.87,37181.0,448949.0,42.49,2.12,16355058.0,33377113.679941
801101.SI,20181018,计算机设备,2158.83,2182.99,2100.49,2128.33,-47.33,-2.18,30550.0,339906.0,41.49,2.07,15999235.0,32706657.366613
801101.SI,20181019,计算机设备,2096.14,2221.4,2076.98,2202.05,73.72,3.46,36647.0,428058.0,42.81,2.14,16553412.0,33719063.884058
801101.SI,20181022,计算机设备,2229.12,2344.42,2208.28,2301.34,99.29,4.51,49701.0,612305.0,44.68,2.22,17299830.0,35071526.958743
801101.SI,20181023,计算机设备,2303.61,2323.85,2229.7,2251.78,-49.56,-2.15,36560.0,453456.0,43.71,2.18,16927272.0,34413061.466226
801101.SI,20181024,计算机设备,2244.13,2283.02,2210.81,2236.94,-14.84,-0.66,26868.0,305715.0,43.44,2.16,16815751.0,34187312.43344
801101.SI,20181025,计算机设备,2164.89,2220.6,2115.51,2196.23,-40.72,-1.82,34011.0,427521.0,42.84,2.13,16509662.0,33677268.637748
801101.SI,20181026,计算机设备,2215.64,2258.05,2166.84,2192.59,-3.64,-0.17,27819.0,345764.0,42.89,2.13,16482321.0,33723662.915397
801101.SI,20181029,计算机设备,2184.0,2216.93,2131.26,2157.35,-35.24,-1.61,23291.0,279345.0,42.11,2.09,16217441.0,33154276.422128
801101.SI,20181030,计算机设备,2158.39,2210.44,2096.62,2175.68,18.32,0.85,30271.0,376079.0,42.51,2.11,16405102.0,33277567.793679
801101.SI,20181031,计算机设备,2184.49,2239.5,2165.04,2210.44,34.76,1.6,31068.0,360617.0,43.0,2.13,16701613.0,33810338.176173
801101.SI,20181101,计算机设备,2254.92,2316.33,2234.88,2264.49,54.05,2.45,46647.0,599047.0,45.3,2.16,17111756.0,34720048.955305
801101.SI,20181102,计算机设备,2311.36,2363.93,2280.22,2333.92,69.43,3.07,51393.0,631243.0,46.71,2.23,17636402.0,35827137.078835
801101.SI,20181105,计算机设备,2328.52,2389.16,2286.07,2344.45,10.53,0.45,44429.0,506964.0,47.07,2.25,17715984.0,35926251.550514
801101.SI,20181106,计算机设备,2347.45,2347.91,2313.17,2345.38,0.93,0.04,37787.0,422812.0,47.18,2.25,17723001.0,36009141.290742
801101.SI,20181107,计算机设备,2339.44,2392.88,2310.94,2334.37,-11.01,-0.47,43546.0,521483.0,46.9,2.24,17639825.0,35784795.255644
801101.SI,20181108,计算机设备,2355.07,2383.67,2299.75,2325.01,-9.36,-0.4,36875.0,389673.0,46.82,2.23,17563556.0,35602534.488572
801101.SI,20181109,计算机设备,2316.03,2355.98,2285.86,2317.74,-7.27,-0.31,31408.0,312009.0,46.65,2.23,17508612.0,35494101.112848
801101.SI,20181112,计算机设备,2302.88,2402.79,2282.05,2389.77,72.03,3.11,48421.0,518178.0,48.25,2.3,18053059.0,36617032.927125
801101.SI,20181113,计算机设备,2354.96,2449.27,2340.1,2414.93,25.16,1.05,55926.0,585812.0,48.96,2.34,18243101.0,36978845.433968
801101.SI,20181114,计算机设备,2417.19,2465.86,2386.87,2418.98,4.05,0.17,48370.0,513121.0,49.06,2.34,18276749.0,37028639.433458
801101.SI,20181115,计算机设备,2414.56,2509.38,2398.85,2490.4,71.42,2.95,55212.0,631599.0,50.36,2.4,18816352.0,38091532.013533
801101.SI,20181116,计算机设备,2495.43,2578.86,2467.0,2530.41,40.01,1.61,61339.0,713731.0,51.09,2.44,19131728.0,38642450.318778
801101.SI,20181119,计算机设备,2521.04,2550.73,2463.73,2510.54,-19.88,-0.79,65656.0,651425.0,50.66,2.42,18981457.0,38291103.560501
801101.SI,20181120,计算机设备,2479.13,2527.81,2418.15,2434.17,-76.36,-3.04,59683.0,626500.0,49.14,2.35,18406277.0,37156968.921672
801101.SI,20181121,计算机设备,2401.04,2456.22,2369.82,2430.0,-4.18,-0.17,61137.0,576595.0,49.06,2.34,18374681.0,37023493.896307
801101.SI,20181122,计算机设备,2440.3,2476.75,2407.88,2440.16,10.16,0.42,54461.0,480907.0,49.18,2.37,18602100.0,37167921.328906
801101.SI,20181123,计算机设备,2436.23,2447.59,2317.24,2334.28,-105.88,-4.34,55418.0,564010.0,47.05,2.26,17797999.0,35512578.873031
801101.SI,20181126,计算机设备,2325.47,2372.9,2296.7,2326.13,-8.15,-0.35,35616.0,339459.0,46.92,2.26,17735842.0,35334244.67896
801101.SI,20181127,计算机设备,2346.38,2391.57,2321.33,2357.36,31.23,1.34,40094.0,411449.0,47.54,2.29,17976849.0,35832440.835251
801101.SI,20181128,计算机设备,2355.35,2398.22,2307.99,2384.29,26.94,1.14,43777.0,435228.0,48.12,2.31,18180821.0,36292957.686942
801101.SI,20181129,计算机设备,2399.91,2425.73,2315.88,2322.6,-61.69,-2.59,40818.0,436739.0,46.93,2.26,17710413.0,35370163.555414
801101.SI,20181130,计算机设备,2315.62,2352.97,2264.6,2326.56,3.96,0.17,33563.0,376687.0,47.14,2.27,17740599.0,35440114.3906
801101.SI,20181203,计算机设备,2389.27,2432.61,2363.99,2410.82,84.26,3.62,49138.0,562137.0,48.72,2.34,18383098.0,36751969.196319
801101.SI,20181204,计算机设备,2404.72,2431.94,2376.63,2407.69,-3.13,-0.13,38754.0,408836.0,48.75,2.34,18356944.0,36712813.58176
801101.SI,20181205,计算机设备,2360.49,2412.76,2342.86,2385.87,-21.82,-0.91,41639.0,426220.0,48.35,2.33,18189732.0,36363412.097876
801101.SI,20181206,计算机设备,2372.43,2402.75,2322.29,2340.05,-45.82,-1.92,43532.0,424116.0,47.5,2.28,17839001.0,35601964.723656
801101.SI,20181207,计算机设备,2350.49,2384.7,2328.69,2352.54,12.49,0.53,30714.0,296563.0,47.74,2.3,17937028.0,35842626.986274
801101.SI,20181210,计算机设备,2322.84,2353.27,2289.16,2315.06,-37.48,-1.59,28969.0,302781.0,47.01,2.26,17651271.0,35231431.228377
801101.SI,20181211,计算机设备,2322.38,2348.71,2306.01,2332.82,17.76,0.77,23193.0,239470.0,47.28,2.27,17786670.0,35511670.470189
801101.SI,20181212,计算机设备,2337.25,2353.14,2307.3,2319.61,-13.21,-0.57,22243.0,222703.0,47.02,2.26,17685947.0,35290806.040196
801101.SI,20181213,计算机设备,2329.36,2372.46,2301.0,2347.21,27.6,1.19,33764.0,369954.0,47.54,2.29,17896378.0,35713982.267883
801101.SI,20181214,计算机设备,2339.51,2353.78,2262.72,2272.52,-74.69,-3.18,35931.0,359292.0,45.95,2.21,17326904.0,34547492.202295
801101.SI,20181217,计算机设备,2265.33,2300.88,2235.8,2276.26,3.75,0.16,24478.0,256591.0,45.96,2.21,17355467.0,34554428.30553
801101.SI,20181218,计算机设备,2266.18,2311.2,2240.15,2274.33,-1.93,-0.08,28183.0,305260.0,45.9,2.21,17340740.0,34490265.116022
801101.SI,20181219,计算机设备,2282.6,2296.04,2227.47,2241.47,-32.86,-1.44,26171.0,253522.0,45.24,2.18,17090195.0,33991361.408071
801101.SI,20181220,计算机设备,2237.88,2278.29,2217.94,2252.57,11.1,0.5,27492.0,263737.0,45.51,2.19,17174805.0,34151527.847942
801101.SI,20181221,计算机设备,2247.94,2277.13,2219.75,2244.63,-7.94,-0.35,26957.0,279751.0,45.36,2.18,17114291.0,33975532.301351
801101.SI,20181224,计算机设备,2243.72,2279.36,2223.1,2263.56,18.93,0.84,25563.0,288156.0,45.7,2.19,17258595.0,34333994.522759
801101.SI,20181225,计算机设备,2239.82,2268.03,2166.79,2245.41,-18.15,-0.8,39700.0,394793.0,45.35,2.18,17120187.0,34132327.933138
801101.SI,20181226,计算机设备,2236.01,2270.28,2209.47,2227.59,-17.81,-0.79,28610.0,325646.0,45.26,2.17,16984924.0,33837727.924588
801101.SI,20181227,计算机设备,2261.03,2277.34,2177.01,2182.94,-44.66,-2.0,32653.0,367490.0,44.45,2.13,16646555.0,33150835.175643
801101.SI,20181228,计算机设备,2193.17,2219.87,2141.14,2161.5,-21.44,-0.98,33044.0,385324.0,44.14,2.11,16483066.0,32888378.227296
801101.SI,20190102,计算机设备,2180.76,2204.34,2129.76,2157.45,-4.04,-0.19,27465.0,318256.0,44.03,2.11,16468076.0,32823147.605384
801101.SI,20190103,计算机设备,2156.06,2203.44,2120.17,2144.85,-12.61,-0.58,29389.0,318114.0,43.82,2.1,16400032.0,32656450.239794
801101.SI,20190104,计算机设备,2126.1,2229.85,2106.1,2216.0,71.16,3.32,41423.0,450375.0,45.28,2.17,16944105.0,33687301.812945
801101.SI,20190107,计算机设备,2226.94,2299.99,2214.18,2276.31,60.31,2.72,49334.0,562406.0,46.48,2.23,17405129.0,34591064.484734
801101.SI,20190108,计算机设备,2270.84,2305.45,2243.77,2265.72,-10.59,-0.47,43056.0,432071.0,46.38,2.22,17341300.0,34405464.002988
801101.SI,20190109,计算机设备,2270.27,2319.09,2250.33,2271.4,5.68,0.25,44850.0,462256.0,46.4,2.22,17384747.0,34464141.648992
801101.SI,20190110,计算机设备,2268.69,2300.83,2239.58,2256.56,-14.84,-0.65,32409.0,341909.0,46.18,2.21,17285555.0,34210279.497555
801101.SI,20190111,计算机设备,2261.89,2306.24,2244.27,2284.95,28.4,1.26,37066.0,384388.0,46.85,2.24,17503076.0,34690905.39382
801101.SI,20190114,计算机设备,2283.64,2299.04,2233.95,2252.25,-32.7,-1.43,30520.0,332145.0,46.26,2.21,17256476.0,34219489.60109
801101.SI,20190115,计算机设备,2250.74,2305.31,2238.14,2294.7,42.45,1.88,32783.0,350453.0,47.16,2.26,17582728.0,34865987.653811
801101.SI,20190116,计算机设备,2292.56,2353.35,2270.05,2299.77,5.07,0.22,40138.0,462025.0,47.15,2.26,17621059.0,34917879.999635
801101.SI,20190117,计算机设备,2298.85,2315.44,2254.8,2267.38,-32.39,-1.41,30313.0,309159.0,46.5,2.23,17372880.0,34356708.367242
801101.SI,20190118,计算机设备,2271.25,2300.88,2244.38,2284.72,17.33,0.76,27852.0,284335.0,46.83,2.24,17505697.0,34606914.044976
801101.SI,20190121,计算机设备,2290.33,2333.66,2270.83,2311.75,27.03,1.18,31647.0,355499.0,47.21,2.26,17712825.0,34996840.293135
801101.SI,20190122,计算机设备,2308.84,2324.14,2260.61,2275.98,-35.77,-1.55,26646.0,281968.0,46.5,2.23,17444879.0,34473574.459781
801101.SI,20190123,计算机设备,2275.2,2298.02,2248.33,2270.15,-5.83,-0.26,22776.0,220047.0,46.37,2.22,17400196.0,34338038.344911
801101.SI,20190124,计算机设备,2272.3,2349.16,2254.74,2316.22,46.07,2.03,37472.0,456263.0,47.26,2.26,17753687.0,35066308.716729
801101.SI,20190125,计算机设备,2318.22,2350.7,2287.09,2298.44,-17.78,-0.77,35576.0,366186.0,46.91,2.25,17620453.0,34754248.480827
801101.SI,20190128,计算机设备,2319.69,2348.94,2272.74,2291.99,-6.46,-0.28,37605.0,391416.0,46.74,2.24,17570952.0,34648246.175796
801101.SI,20190129,计算机设备,2281.12,2296.35,2195.69,2242.54,-49.45,-2.16,37398.0,362473.0,45.72,2.19,17191844.0,33893670.878154
801101.SI,20190130,计算机设备,2229.12,2277.26,2194.08,2212.4,-30.13,-1.34,27064.0,298965.0,45.08,2.16,17001590.0,33345159.863681
801101.SI,20190131,计算机设备,2211.61,2242.32,2143.28,2170.73,-41.68,-1.88,36458.0,381808.0,44.02,2.11,16681319.0,32723793.457782
801101.SI,20190201,计算机设备,2176.58,2252.46,2161.95,2242.84,72.12,3.32,30174.0,361505.0,45.48,2.18,17235516.0,33787678.370962
801101.SI,20190211,计算机设备,2251.02,2340.29,2240.7,2329.11,86.27,3.85,39327.0,478996.0,47.2,2.26,17929248.0,35156534.09388
801101.SI,20190212,计算机设备,2328.69,2377.41,2307.23,2353.22,24.11,1.04,40773.0,460426.0,47.7,2.29,18114844.0,35494290.182956
801101.SI,20190213,计算机设备,2360.24,2447.82,2346.44,2412.17,58.94,2.5,57887.0,661480.0,48.96,2.35,18568789.0,36531942.465834
801101.SI,20190214,计算机设备,2409.77,2442.84,2380.55,2416.84,4.67,0.19,47718.0,514428.0,48.98,2.35,18604774.0,36581247.700363
801101.SI,20190215,计算机设备,2415.71,2470.29,2391.05,2412.43,-4.41,-0.18,50534.0,551352.0,48.96,2.35,18573661.0,36566801.252398
801101.SI,20190218,计算机设备,2432.22,2524.7,2421.3,2508.79,96.36,3.99,65083.0,734345.0,50.93,2.44,19315577.0,38069771.801632
801101.SI,20190219,计算机设备,2518.78,2579.81,2465.27,2533.23,24.44,0.97,81208.0,894886.0,51.56,2.47,19532033.0,38458938.437711
801101.SI,20190220,计算机设备,2526.88,2554.66,2467.11,2507.55,-25.67,-1.01,61585.0,677583.0,51.07,2.45,19334311.0,38070955.104478
801101.SI,20190221,计算机设备,2501.0,2576.26,2463.52,2494.21,-13.34,-0.53,75748.0,817909.0,50.71,2.43,19231425.0,37823012.878369
801101.SI,20190222,计算机设备,2483.9,2599.65,2471.23,2588.57,94.36,3.78,78479.0,838646.0,52.78,2.52,20034125.0,39205110.271492
801101.SI,20190225,计算机设备,2650.41,2777.01,2620.32,2741.43,152.86,5.91,118865.0,1418120.0,55.9,2.67,21217211.0,41545319.388041
801101.SI,20190226,计算机设备,2754.78,2823.07,2676.31,2726.99,-14.44,-0.53,118526.0,1364168.0,55.44,2.65,21105445.0,41364348.318388
801101.SI,20190227,计算机设备,2721.11,2803.84,2661.49,2709.49,-17.5,-0.64,102654.0,1141676.0,55.2,2.63,20969994.0,41046852.574079
801101.SI,20190228,计算机设备,2703.28,2764.58,2661.43,2708.03,-1.47,-0.05,79086.0,809755.0,55.25,2.64,20958655.0,41065441.987837
801101.SI,20190301,计算机设备,2720.37,2752.29,2654.27,2715.75,7.73,0.29,68741.0,745649.0,55.4,2.64,21018459.0,41135674.505945
801101.SI,20190304,计算机设备,2776.24,2873.05,2732.8,2800.9,85.15,3.14,124555.0,1533605.0,57.23,2.73,21677463.0,42344951.321282
801101.SI,20190305,计算机设备,2793.39,2965.31,2766.74,2942.9,141.99,5.07,137142.0,1684182.0,59.86,2.86,22776420.0,44577811.129585
801101.SI,20190306,计算机设备,2974.42,3082.8,2900.56,3022.82,79.92,2.72,151508.0,2056633.0,61.26,2.92,23394971.0,45783369.401986
801101.SI,20190307,计算机设备,3036.0,3193.15,2973.77,3108.18,85.36,2.82,158599.0,2157150.0,63.12,3.01,24055649.0,46856750.860529
801101.SI,20190308,计算机设备,3006.67,3271.43,2937.01,3064.04,-44.15,-1.42,180424.0,2549954.0,61.58,2.94,23714355.0,46392299.824706
801101.SI,20190311,计算机设备,3160.76,3243.6,3012.29,3178.48,114.45,3.74,138697.0,2028043.0,63.99,3.05,24600135.0,48089530.675605
801101.SI,20190312,计算机设备,3200.3,3337.95,3143.09,3275.7,97.22,3.06,153486.0,2171570.0,64.66,3.13,25352543.0,49514805.666518
801101.SI,20190313,计算机设备,3275.73,3346.9,3065.31,3122.7,-153.0,-4.67,149674.0,2073755.0,61.96,3.0,24168406.0,47118185.214049
801101.SI,20190314,计算机设备,3091.85,3146.15,2922.42,3011.43,-111.27,-3.56,105214.0,1388329.0,59.55,2.88,23307218.0,45427154.280874
801101.SI,20190315,计算机设备,3034.97,3108.42,2968.26,3023.45,12.01,0.4,89018.0,1080914.0,59.42,2.89,23474679.0,45592135.178373
801101.SI,20190318,计算机设备,3031.89,3099.55,2967.79,3081.77,58.32,1.93,83663.0,1066113.0,60.51,2.94,23927520.0,46446585.454803
801101.SI,20190319,计算机设备,3091.33,3230.46,3056.38,3149.08,67.31,2.18,90281.0,1311019.0,61.71,3.0,24450158.0,47331037.820336
801101.SI,20190320,计算机设备,3177.29,3225.86,3051.92,3144.98,-4.11,-0.13,126787.0,1470002.0,61.36,3.0,24418273.0,47097725.609992
801101.SI,20190321,计算机设备,3148.21,3288.46,3112.97,3210.7,65.72,2.09,145148.0,1770967.0,62.9,3.08,24928529.0,48100603.183163
801101.SI,20190322,计算机设备,3216.16,3275.84,3123.19,3209.46,-1.23,-0.04,132351.0,1612289.0,62.88,3.08,24918946.0,48079866.776442
801101.SI,20190325,计算机设备,3152.31,3326.08,3106.83,3236.22,26.75,0.83,130837.0,1801529.0,62.98,3.08,25126670.0,48299623.806312
801101.SI,20190326,计算机设备,3229.34,3339.35,3132.29,3169.57,-66.65,-2.06,135163.0,1800355.0,61.81,3.03,24596085.0,47176070.033226
801101.SI,20190327,计算机设备,3185.1,3214.53,3004.88,3104.87,-64.7,-2.04,111456.0,1461762.0,60.9,2.98,24093992.0,46370599.830596
801101.SI,20190328,计算机设备,3081.94,3195.37,3017.7,3061.37,-43.5,-1.4,107450.0,1306860.0,60.18,2.95,23756410.0,45889932.556102
801101.SI,20190329,计算机设备,3063.06,3204.13,2995.01,3176.54,115.17,3.76,130232.0,1611909.0,61.0,3.02,24650144.0,47651666.684419
801101.SI,20190401,计算机设备,3210.85,3365.21,3186.12,3329.81,153.28,4.83,145492.0,2073250.0,63.89,3.16,25839573.0,49822199.512341
801101.SI,20190402,计算机设备,3339.33,3457.57,3275.43,3342.71,12.89,0.39,157533.0,2153495.0,64.12,3.17,25939628.0,50172166.239195
801101.SI,20190403,计算机设备,3328.53,3404.77,3273.14,3355.91,13.2,0.39,138299.0,1646657.0,64.43,3.19,26042063.0,50207614.994072
801101.SI,20190404,计算机设备,3382.29,3461.65,3302.9,3387.71,31.8,0.95,138964.0,1804713.0,65.07,3.22,26249388.0,50550921.846412
801101.SI,20190408,计算机设备,3390.84,3422.33,3196.39,3270.8,-116.91,-3.45,136977.0,1803731.0,62.82,3.1,25343506.0,48815727.414457
801101.SI,20190409,计算机设备,3255.94,3337.71,3211.44,3278.07,7.27,0.22,97909.0,1237365.0,63.24,3.13,25399851.0,48989032.93348
801101.SI,20190410,计算机设备,3252.97,3304.94,3174.22,3240.8,-37.27,-1.14,101566.0,1197291.0,62.54,3.09,25111263.0,48480237.066355
801101.SI,20190411,计算机设备,3235.81,3285.47,3144.2,3167.3,-73.5,-2.27,85887.0,1031831.0,60.77,3.02,24631935.0,47349309.687932
801101.SI,20190412,计算机设备,3167.72,3227.1,3118.07,3178.82,11.52,0.36,69031.0,816548.0,60.78,3.02,24721555.0,47570279.207157
801101.SI,20190415,计算机设备,3229.17,3308.01,3145.58,3164.68,-14.15,-0.45,86105.0,1270105.0,60.62,3.01,24611538.0,47399925.001037
801101.SI,20190416,计算机设备,3144.66,3262.7,3072.68,3246.83,82.15,2.6,86953.0,1277292.0,62.21,3.09,25250409.0,48736627.491295
801101.SI,20190417,计算机设备,3232.84,3255.14,3208.78,3233.84,-12.99,-0.4,83823.0,1124174.0,61.96,3.08,25177006.0,48530286.27353
801101.SI,20190418,计算机设备,3230.85,3280.48,3178.28,3211.71,-22.13,-0.68,74046.0,933970.0,61.64,3.06,25004686.0,48132697.488337
801101.SI,20190419,计算机设备,3205.35,3258.93,3164.49,3225.9,14.19,0.44,65648.0,853539.0,61.83,3.07,25115123.0,48400415.507849
801101.SI,20190422,计算机设备,3235.06,3270.47,3144.76,3179.22,-46.68,-1.45,70280.0,968336.0,63.11,3.01,24751735.0,47792556.742313
801101.SI,20190423,计算机设备,3163.95,3200.29,3050.22,3083.26,-95.97,-3.02,73874.0,901404.0,60.41,2.92,23241263.0,45183580.017008
801101.SI,20190424,计算机设备,3086.66,3192.85,3018.08,3159.32,76.07,2.47,69063.0,1033528.0,61.6,2.97,24596835.0,47360098.410303
801101.SI,20190425,计算机设备,3142.86,3185.45,3003.19,3013.33,-146.0,-4.62,80368.0,1234183.0,60.01,2.84,23460173.0,45215977.768094
801101.SI,20190426,计算机设备,2998.81,3118.09,2968.06,3033.28,19.96,0.66,75307.0,1196260.0,61.28,2.97,23606107.0,45312696.996761
801101.SI,20190429,计算机设备,3039.7,3071.72,2855.77,2893.24,-140.05,-4.62,91343.0,1290149.0,57.95,2.82,22659534.0,43863402.805808
801101.SI,20190430,计算机设备,2888.41,2978.21,2831.2,2894.4,1.16,0.04,68391.0,892601.0,53.31,2.83,22668632.0,43948683.227824
801101.SI,20190506,计算机设备,2778.59,2828.12,2617.12,2633.03,-261.36,-9.03,80556.0,997981.0,49.35,2.58,20629145.0,39991765.201181
801101.SI,20190507,计算机设备,2647.65,2710.71,2581.52,2667.94,34.91,1.33,68587.0,829857.0,48.75,2.58,21599514.0,40592684.290817
801101.SI,20190508,计算机设备,2599.57,2757.8,2570.55,2688.96,21.01,0.79,69231.0,844309.0,49.63,2.59,21978313.0,40887388.349462
801101.SI,20190509,计算机设备,2666.77,2768.91,2648.51,2696.9,7.95,0.3,64896.0,760907.0,49.78,2.59,22061772.0,40924111.803862
801101.SI,20190510,计算机设备,2732.8,2872.96,2662.52,2858.15,161.25,5.98,92125.0,1192065.0,52.56,2.74,23380868.0,43275074.07776
801101.SI,20190513,计算机设备,2832.17,2894.04,2784.38,2822.92,-35.23,-1.23,74194.0,912594.0,51.8,2.7,23094497.0,42763208.056598
801101.SI,20190514,计算机设备,2795.56,2875.01,2765.92,2807.82,-15.1,-0.53,65852.0,804037.0,51.62,2.69,22970948.0,42523079.690194
801101.SI,20190515,计算机设备,2836.18,2879.79,2803.52,2849.07,41.25,1.47,77812.0,895358.0,52.42,2.73,23309351.0,43155225.286501
801101.SI,20190516,计算机设备,2846.42,2882.08,2790.28,2836.14,-12.93,-0.45,67712.0,831632.0,52.27,2.72,23198808.0,42982634.026795
801101.SI,20190517,计算机设备,2855.33,2921.89,2731.7,2758.8,-77.34,-2.73,82240.0,1079134.0,50.64,2.65,22527250.0,41897594.677741
801101.SI,20190520,计算机设备,2785.69,2873.53,2725.63,2836.71,77.9,2.82,86728.0,1077547.0,52.09,2.72,23163381.0,42988064.959537
801101.SI,20190521,计算机设备,2839.65,2927.15,2786.5,2884.42,47.71,1.68,101590.0,1226097.0,53.07,2.77,23552964.0,43657690.366593
801101.SI,20190522,计算机设备,2884.77,2988.77,2841.63,2940.94,56.53,1.96,108613.0,1416515.0,54.03,2.82,24014544.0,44499578.347661
801101.SI,20190523,计算机设备,2930.73,2964.23,2803.01,2826.26,-114.69,-3.9,100720.0,1316974.0,52.09,2.72,23094825.0,42833394.262324
801101.SI,20190524,计算机设备,2790.42,2844.71,2719.13,2742.2,-84.06,-2.97,68462.0,825494.0,50.57,2.64,22407925.0,41540686.140937
801101.SI,20190527,计算机设备,2750.44,2897.58,2731.45,2875.03,132.84,4.84,89792.0,1052095.0,53.03,2.77,23493394.0,43529702.530466
801101.SI,20190528,计算机设备,2871.98,2932.96,2826.66,2867.33,-7.7,-0.27,82543.0,1026640.0,52.88,2.77,23438879.0,43413731.075805
801101.SI,20190529,计算机设备,2844.88,2912.57,2822.54,2861.91,-5.43,-0.19,69668.0,847926.0,52.83,2.77,23396802.0,43375563.821282
801101.SI,20190530,计算机设备,2847.29,2863.13,2752.32,2811.1,-50.81,-1.78,69294.0,819334.0,51.91,2.72,22981407.0,42674995.46468
801101.SI,20190531,计算机设备,2811.87,2865.56,2778.23,2812.98,1.89,0.07,64145.0,774421.0,52.04,2.73,22996833.0,42779171.633864
801101.SI,20190603,计算机设备,2833.13,2861.42,2743.75,2771.76,-41.22,-1.47,62125.0,766883.0,51.16,2.68,22659855.0,42179680.813157
801101.SI,20190604,计算机设备,2770.26,2804.83,2684.85,2720.46,-51.3,-1.85,55617.0,631458.0,50.07,2.62,22240425.0,41251386.448136
801101.SI,20190605,计算机设备,2753.61,2787.05,2700.55,2726.48,6.02,0.22,49750.0,587843.0,50.18,2.63,22289605.0,41301371.329148
801101.SI,20190606,计算机设备,2719.46,2734.65,2600.1,2627.73,-98.75,-3.62,56893.0,656645.0,48.43,2.54,21350536.0,39620965.182997
801101.SI,20190610,计算机设备,2633.71,2693.84,2613.67,2666.59,38.87,1.48,40464.0,467370.0,49.14,2.57,21805345.0,40410148.339028
801101.SI,20190611,计算机设备,2667.93,2788.38,2632.62,2776.19,109.59,4.11,64533.0,821662.0,50.97,2.67,22701514.0,42021802.992474
801101.SI,20190612,计算机设备,2769.09,2804.98,2730.77,2759.29,-16.9,-0.61,59429.0,725423.0,50.65,2.65,22563320.0,41766594.493723
801101.SI,20190613,计算机设备,2756.54,2812.02,2729.94,2767.79,8.5,0.31,58615.0,777079.0,50.83,2.66,22632863.0,41916001.79139
801101.SI,20190614,计算机设备,2771.27,2811.64,2681.53,2692.12,-75.67,-2.73,59407.0,752940.0,49.36,2.59,22012202.0,40766044.993873
801101.SI,20190617,计算机设备,2685.67,2724.36,2629.36,2678.48,-13.63,-0.51,44229.0,523822.0,49.11,2.58,21900734.0,40583794.169269
801101.SI,20190618,计算机设备,2680.15,2721.67,2648.87,2687.41,8.93,0.33,42257.0,486955.0,49.28,2.58,21973746.0,40736913.484575
801101.SI,20190619,计算机设备,2763.33,2791.97,2708.45,2721.6,34.19,1.27,63435.0,814228.0,49.84,2.62,22253292.0,41270191.388699
801101.SI,20190620,计算机设备,2716.97,2792.13,2682.82,2767.47,45.87,1.69,62279.0,757479.0,50.61,2.66,22588748.0,41845408.694785
801101.SI,20190621,计算机设备,2788.85,2889.52,2776.02,2854.22,86.75,3.13,86665.0,1102866.0,52.31,2.75,23341661.0,43388296.134557
801101.SI,20190624,计算机设备,2867.0,2916.46,2810.59,2850.69,-3.53,-0.12,75222.0,874304.0,52.22,2.74,23341622.0,43289024.647755
801101.SI,20190625,计算机设备,2853.96,2886.23,2763.07,2819.7,-30.98,-1.09,79513.0,976702.0,51.5,2.7,23088162.0,42791044.553121
801101.SI,20190626,计算机设备,2799.41,2858.41,2776.47,2811.58,-8.12,-0.29,58123.0,667164.0,51.34,2.69,23021678.0,42735503.266808
801101.SI,20190627,计算机设备,2793.38,2834.79,2776.23,2800.29,-11.29,-0.4,57639.0,657603.0,51.7,2.72,22937223.0,42713636.497664
801101.SI,20190628,计算机设备,2759.75,2819.31,2692.69,2742.74,-57.55,-2.06,74930.0,1064599.0,50.79,2.67,22465822.0,41866304.364379
801101.SI,20190701,计算机设备,2803.18,2879.07,2775.16,2864.04,121.3,4.42,90949.0,1363956.0,52.73,2.77,23459385.0,43730295.968171
801101.SI,20190702,计算机设备,2856.07,2885.98,2803.59,2831.45,-32.59,-1.14,65807.0,952606.0,52.38,2.75,23192404.0,43274789.62185
801101.SI,20190703,计算机设备,2822.87,2840.24,2745.07,2780.53,-50.92,-1.8,53715.0,715998.0,51.35,2.7,22775302.0,42453482.706128
801101.SI,20190704,计算机设备,2789.38,2814.34,2739.89,2771.49,-9.04,-0.33,45946.0,590246.0,51.21,2.69,22724630.0,42318835.028595
801101.SI,20190705,计算机设备,2771.97,2803.47,2739.76,2783.03,11.54,0.42,40832.0,523173.0,51.46,2.71,22819217.0,42534494.218349
801101.SI,20190708,计算机设备,2777.14,2787.28,2644.03,2669.22,-113.81,-4.09,57761.0,700109.0,49.19,2.79,19288909.0,34229350.936016
801101.SI,20190709,计算机设备,2672.15,2710.02,2624.59,2671.47,2.25,0.08,42202.0,521272.0,49.32,2.8,19305182.0,34265836.177315
801101.SI,20190710,计算机设备,2680.93,2712.76,2634.18,2658.27,-13.2,-0.49,47641.0,523286.0,48.98,2.78,19229634.0,34097804.196889
801101.SI,20190711,计算机设备,2668.46,2698.3,2618.66,2644.11,-14.16,-0.53,48301.0,495726.0,48.8,2.77,19069446.0,33768699.597333
801101.SI,20190712,计算机设备,2646.47,2679.43,2615.13,2649.46,5.35,0.2,35390.0,395479.0,48.81,2.77,19169966.0,33931861.42574
801101.SI,20190715,计算机设备,2646.75,2742.36,2596.88,2712.17,62.71,2.37,51683.0,637089.0,50.0,2.84,19623713.0,34765066.957973
801101.SI,20190716,计算机设备,2709.38,2745.04,2680.74,2713.13,0.96,0.04,38175.0,457881.0,50.11,2.84,19630656.0,34808475.511675
801101.SI,20190717,计算机设备,2711.35,2761.85,2688.89,2723.85,10.72,0.4,39929.0,514610.0,50.34,2.86,19710115.0,34983631.448348
801101.SI,20190718,计算机设备,2682.03,2703.75,2621.19,2639.4,-84.45,-3.1,47280.0,662890.0,48.89,2.78,19099037.0,33935146.086449
801101.SI,20190719,计算机设备,2644.88,2690.32,2620.05,2646.17,6.77,0.26,40862.0,527726.0,49.06,2.79,19148021.0,34050241.919683
801101.SI,20190722,计算机设备,2647.14,2665.49,2544.16,2578.32,-67.86,-2.56,37731.0,450688.0,47.79,2.72,18656992.0,33210608.743636
801101.SI,20190723,计算机设备,2580.03,2640.51,2563.3,2625.22,46.9,1.82,28898.0,395339.0,48.46,2.76,18996376.0,33783085.09218
801101.SI,20190724,计算机设备,2632.51,2718.28,2623.94,2683.54,58.32,2.22,43036.0,579511.0,49.7,2.83,19418389.0,34547251.597729
801101.SI,20190725,计算机设备,2690.9,2753.71,2670.09,2725.5,41.96,1.56,51410.0,691008.0,50.49,2.87,19748504.0,35104358.898268
801101.SI,20190726,计算机设备,2708.81,2744.45,2680.85,2717.16,-8.34,-0.31,41809.0,534539.0,50.35,2.86,19688067.0,35030254.032281
801101.SI,20190729,计算机设备,2720.5,2750.24,2681.9,2714.71,-2.45,-0.09,34688.0,453259.0,50.32,2.86,19670307.0,35006331.669463
801101.SI,20190730,计算机设备,2712.11,2761.29,2693.8,2719.03,4.32,0.16,37992.0,486057.0,50.39,2.86,19701604.0,35055374.71829
801101.SI,20190731,计算机设备,2716.94,2744.12,2676.47,2706.34,-12.69,-0.47,36771.0,485035.0,50.1,2.84,19609657.0,34879156.769685
801101.SI,20190801,计算机设备,2690.87,2723.89,2659.28,2688.6,-17.74,-0.66,40207.0,495341.0,49.77,2.82,19481636.0,34686610.154858
801101.SI,20190802,计算机设备,2623.09,2671.65,2594.48,2643.16,-45.44,-1.69,40365.0,504924.0,49.0,2.78,19152401.0,34118883.818288
801101.SI,20190805,计算机设备,2639.66,2717.65,2613.62,2633.91,-9.26,-0.35,39383.0,509541.0,48.91,2.78,19096070.0,33999183.857472
801101.SI,20190806,计算机设备,2582.12,2609.82,2471.45,2551.17,-82.74,-3.14,52814.0,637620.0,47.32,2.69,18496225.0,32956161.922414
801101.SI,20190807,计算机设备,2564.38,2585.57,2481.02,2496.0,-55.17,-2.16,35062.0,447901.0,46.32,2.64,18096206.0,32280104.014138
801101.SI,20190808,计算机设备,2511.98,2550.11,2483.63,2512.02,16.02,0.64,32978.0,410938.0,46.59,2.65,18212354.0,32457185.17903
801101.SI,20190809,计算机设备,2532.68,2553.48,2440.74,2465.03,-46.98,-1.87,41260.0,479796.0,45.78,2.61,17871722.0,31896781.027488
801101.SI,20190812,计算机设备,2475.09,2534.24,2447.04,2526.93,61.9,2.51,40699.0,451045.0,46.82,2.67,18330094.0,32706125.421621
801101.SI,20190813,计算机设备,2502.5,2539.94,2472.26,2503.97,-22.96,-0.91,34419.0,401379.0,46.46,2.65,18163188.0,32415835.0913
801101.SI,20190814,计算机设备,2544.94,2573.77,2499.01,2515.16,11.19,0.45,35491.0,464090.0,46.58,2.65,18244384.0,32560911.223785
801101.SI,20190815,计算机设备,2445.09,2549.01,2426.33,2539.63,24.46,0.97,38756.0,485136.0,46.96,2.67,18421833.0,32835590.757692
801101.SI,20190816,计算机设备,2538.3,2626.36,2522.31,2588.64,49.01,1.93,47870.0,656757.0,47.97,2.73,18779734.0,33539292.016243
801101.SI,20190819,计算机设备,2648.84,2755.98,2612.4,2736.97,148.33,5.73,75135.0,1034445.0,50.63,2.88,19867892.0,35411529.734224
801101.SI,20190820,计算机设备,2749.17,2804.04,2716.55,2744.15,7.18,0.26,76285.0,1030920.0,50.9,2.89,19920034.0,35502711.531651
801101.SI,20190821,计算机设备,2739.23,2797.47,2713.31,2757.6,13.45,0.49,70529.0,878674.0,51.19,2.91,20017659.0,35644999.855097
801101.SI,20190822,计算机设备,2760.9,2789.27,2712.62,2755.84,-1.76,-0.06,61804.0,765300.0,51.16,2.9,20004868.0,35619377.408917
801101.SI,20190823,计算机设备,2762.41,2808.17,2712.29,2741.91,-13.93,-0.51,65529.0,811704.0,50.9,2.89,19903773.0,35437153.674817
801101.SI,20190826,计算机设备,2694.87,2781.19,2666.06,2728.53,-13.38,-0.49,63977.0,770094.0,50.6,2.87,19806621.0,35224029.403477
801101.SI,20190827,计算机设备,2751.96,2856.96,2727.51,2807.61,79.08,2.9,80617.0,1074333.0,52.24,2.96,20384507.0,36204411.244775
801101.SI,20190828,计算机设备,2794.76,2835.04,2742.84,2782.28,-25.33,-0.9,72930.0,921864.0,51.92,2.92,20200582.0,35917662.98365
801101.SI,20190829,计算机设备,2787.34,2885.59,2756.66,2834.9,52.62,1.89,96889.0,1276930.0,52.96,2.96,20582611.0,36570395.786512
801101.SI,20190830,计算机设备,2848.42,2923.48,2760.28,2789.34,-45.56,-1.61,97881.0,1384794.0,52.07,2.91,20251837.0,35996896.349974
801101.SI,20190902,计算机设备,2806.04,2928.46,2771.11,2906.86,117.52,4.21,92317.0,1315100.0,54.78,3.03,21105105.0,37515220.505315
801101.SI,20190903,计算机设备,2904.13,2984.05,2865.11,2944.73,37.86,1.3,96957.0,1417044.0,55.48,3.06,21380009.0,38043834.044935
801101.SI,20190904,计算机设备,2929.37,3015.2,2894.66,2973.96,29.23,0.99,85575.0,1316263.0,55.73,3.07,21592264.0,38374144.385091
801101.SI,20190905,计算机设备,2989.7,3092.78,2955.53,2997.12,23.16,0.78,117045.0,1652366.0,56.24,3.11,21760429.0,38730487.243093
801101.SI,20190906,计算机设备,3013.77,3082.65,2954.63,3022.54,25.42,0.85,89383.0,1325581.0,57.05,3.14,22054771.0,39438156.214803
801101.SI,20190909,计算机设备,3067.11,3157.01,3026.16,3138.02,115.48,3.82,113074.0,1618914.0,59.24,3.26,22897376.0,40966544.81352
801101.SI,20190910,计算机设备,3134.14,3189.76,3042.9,3102.67,-35.34,-1.13,109121.0,1534279.0,58.74,3.23,22639476.0,40628453.198329
801101.SI,20190911,计算机设备,3113.72,3147.88,3035.69,3054.62,-48.05,-1.55,78790.0,1095176.0,57.81,3.18,22288841.0,39971038.389214
801101.SI,20190912,计算机设备,3072.67,3130.05,3025.76,3092.79,38.17,1.25,79996.0,1054472.0,58.6,3.23,22567370.0,40426063.711286
801101.SI,20190916,计算机设备,3110.84,3219.52,3074.74,3157.58,64.79,2.09,120893.0,1650054.0,59.93,3.3,23040142.0,41235474.314896
801101.SI,20190917,计算机设备,3143.04,3165.27,2993.52,3038.02,-119.56,-3.79,105594.0,1462522.0,57.74,3.18,22187920.0,39746542.707822
801101.SI,20190918,计算机设备,3045.15,3074.85,2961.18,2996.43,-41.59,-1.37,81776.0,1077456.0,56.91,3.13,21892359.0,39257041.794914
801101.SI,20190919,计算机设备,3003.68,3071.89,2966.41,3052.84,56.41,1.88,73575.0,1008090.0,58.04,3.19,22306656.0,40001145.155621
801101.SI,20190920,计算机设备,3106.91,3175.7,3040.46,3104.7,51.86,1.7,102870.0,1587044.0,59.1,3.25,22685599.0,40679112.905164
801101.SI,20190923,计算机设备,3091.19,3156.68,3004.44,3100.12,-4.58,-0.15,112321.0,1657771.0,59.26,3.26,22657484.0,40667126.251805
801101.SI,20190924,计算机设备,3094.94,3213.66,3054.14,3130.71,30.59,0.99,118835.0,1781650.0,59.67,3.29,22895513.0,41040496.612549
801101.SI,20190925,计算机设备,3104.86,3184.17,3003.93,3085.84,-44.87,-1.43,129654.0,1787443.0,59.02,3.25,22567351.0,40523199.374526
801101.SI,20190926,计算机设备,3080.02,3106.73,2894.08,2912.41,-173.43,-5.62,121581.0,1644666.0,55.59,3.06,21299016.0,38290110.706951
801101.SI,20190927,计算机设备,2906.85,2998.88,2882.27,2940.18,27.78,0.95,80416.0,1053632.0,56.19,3.1,21502159.0,38701285.660278
801101.SI,20190930,计算机设备,2940.6,2988.62,2856.95,2878.43,-61.76,-2.1,74228.0,921842.0,55.0,3.03,21053331.0,37966779.105356
801101.SI,20191008,计算机设备,2891.12,2949.66,2824.42,2861.23,-17.2,-0.6,69556.0,873961.0,54.55,3.01,20970822.0,37728831.153313
801101.SI,20191009,计算机设备,2855.16,2921.09,2797.09,2893.96,32.73,1.14,81410.0,960323.0,55.23,3.05,21210731.0,38164446.392181
801101.SI,20191010,计算机设备,2893.03,2982.89,2867.87,2960.49,66.53,2.3,89258.0,1095671.0,56.54,3.12,21698349.0,39070008.458463
801101.SI,20191011,计算机设备,2961.12,3003.9,2908.87,2950.74,-9.75,-0.33,97286.0,1198191.0,56.42,3.12,21626877.0,38936281.35144
801101.SI,20191014,计算机设备,2987.08,3076.83,2958.53,3041.65,90.91,3.08,109975.0,1394573.0,58.23,3.21,22291563.0,40163745.422929
801101.SI,20191015,计算机设备,3022.38,3053.9,2922.05,2964.1,-77.55,-2.55,103381.0,1228947.0,56.81,3.14,21723184.0,39146765.494601
801101.SI,20191016,计算机设备,2968.0,3014.02,2917.18,2951.55,-12.55,-0.42,84914.0,988744.0,56.46,3.12,21631228.0,38988863.455918
801101.SI,20191017,计算机设备,2945.89,3014.13,2910.92,2962.45,10.9,0.37,78531.0,933190.0,56.78,3.14,21711085.0,39181152.338023
801101.SI,20191018,计算机设备,2960.38,2995.95,2872.96,2902.97,-59.48,-2.01,78679.0,926557.0,55.58,3.07,21275189.0,38429869.277997
801101.SI,20191021,计算机设备,2897.37,2934.25,2803.99,2878.07,-24.9,-0.86,70431.0,813445.0,55.18,3.05,21092711.0,38078376.826924
801101.SI,20191022,计算机设备,2875.88,2970.15,2860.88,2950.69,72.62,2.52,79107.0,966493.0,56.62,3.13,21624902.0,39056947.544218
801101.SI,20191023,计算机设备,2947.77,3011.51,2886.36,2929.28,-21.41,-0.73,91939.0,1160072.0,56.12,3.1,21484069.0,38672501.987256
801101.SI,20191024,计算机设备,2917.05,2959.52,2854.14,2919.07,-10.2,-0.35,77081.0,944957.0,55.94,3.09,21409223.0,38573564.054401
801101.SI,20191025,计算机设备,2920.0,2971.96,2861.64,2942.91,23.84,0.82,75467.0,1002873.0,56.69,3.1,21619806.0,38997582.850332
801101.SI,20191028,计算机设备,3105.33,3149.54,3046.04,3127.44,184.53,6.27,102428.0,1456159.0,60.44,3.3,22975459.0,41384580.343995
801101.SI,20191029,计算机设备,3164.81,3224.18,3043.32,3059.23,-68.21,-2.18,158735.0,2275680.0,57.99,3.22,22474328.0,40553880.01926
801101.SI,20191030,计算机设备,3016.91,3094.69,2944.14,3013.84,-45.39,-1.48,138059.0,1715225.0,57.23,3.18,22140845.0,40011180.787452
801101.SI,20191031,计算机设备,3017.58,3073.01,2933.87,2954.51,-59.32,-1.97,113536.0,1433918.0,56.03,3.11,21705038.0,39183095.362907
801101.SI,20191101,计算机设备,2946.15,3014.56,2915.03,2980.08,25.56,0.87,87443.0,1089997.0,53.5,3.12,21892846.0,39608219.736349
801101.SI,20191104,计算机设备,2991.22,3068.64,2949.52,2997.22,17.15,0.58,94352.0,1328226.0,53.81,3.14,22018807.0,39785493.463796
801101.SI,20191105,计算机设备,3005.67,3055.85,2960.72,3018.36,21.14,0.71,85394.0,1148206.0,54.28,3.17,22174109.0,40012775.667125
801101.SI,20191106,计算机设备,3009.79,3049.3,2940.73,2979.21,-39.15,-1.3,81622.0,1039927.0,53.56,3.13,21877068.0,39516249.081076
801101.SI,20191107,计算机设备,2981.87,3048.42,2955.71,3017.38,38.17,1.28,90381.0,1096613.0,54.32,3.17,22157354.0,40022464.253593
801101.SI,20191108,计算机设备,3032.04,3085.41,2985.09,3019.05,1.67,0.06,84351.0,1120263.0,54.34,3.17,22176496.0,40098516.416058
801101.SI,20191111,计算机设备,2991.08,3021.44,2897.04,2929.59,-89.47,-2.96,76102.0,1045313.0,52.8,3.08,21519148.0,38887606.195413
801101.SI,20191112,计算机设备,2929.64,2964.44,2853.92,2923.31,-6.28,-0.21,65067.0,863763.0,52.72,3.08,21528024.0,38816757.663234
801101.SI,20191113,计算机设备,2914.19,2972.07,2870.8,2932.44,9.13,0.31,60431.0,882856.0,52.92,3.1,21599444.0,38934836.682436
801101.SI,20191114,计算机设备,2927.97,3014.24,2904.32,2991.74,59.31,2.02,65474.0,975164.0,53.96,3.16,22036279.0,39732404.00557
801101.SI,20191115,计算机设备,2977.19,3053.05,2930.05,2964.15,-27.6,-0.92,72630.0,1138049.0,53.32,3.12,21832997.0,39343442.576494
801101.SI,20191118,计算机设备,2952.79,3020.47,2929.6,2986.11,21.96,0.74,54222.0,846118.0,53.75,3.14,21994763.0,39632486.893202
801101.SI,20191119,计算机设备,2979.97,3055.69,2962.56,3042.43,56.32,1.89,59212.0,889509.0,54.81,3.21,22409580.0,40378496.24724
801101.SI,20191120,计算机设备,3043.18,3090.94,2982.0,3003.62,-38.8,-1.28,68399.0,1021160.0,54.13,3.16,22155962.0,39898719.991355
801101.SI,20191121,计算机设备,2993.54,3046.77,2959.02,3008.8,5.18,0.17,63299.0,813684.0,54.24,3.16,22196752.0,39938115.322333
801101.SI,20191122,计算机设备,3007.29,3045.08,2902.75,2935.11,-73.69,-2.45,73745.0,1058199.0,52.87,3.09,21665916.0,38970977.921125
801101.SI,20191125,计算机设备,2943.36,2965.92,2830.44,2866.63,-68.48,-2.33,61386.0,804304.0,51.76,3.02,21244480.0,37971203.079261
801101.SI,20191126,计算机设备,2870.54,2905.09,2827.35,2860.7,-5.93,-0.21,45397.0,609352.0,51.58,3.01,21201793.0,37929747.323045
801101.SI,20191127,计算机设备,2852.91,2916.7,2820.32,2881.13,20.43,0.71,46339.0,637190.0,51.89,3.02,21353226.0,38186384.726165
801101.SI,20191128,计算机设备,2874.43,2906.78,2832.15,2860.11,-21.02,-0.73,43648.0,546347.0,51.42,3.0,21197436.0,37903213.782457
801101.SI,20191129,计算机设备,2858.04,2897.63,2824.81,2871.23,11.12,0.39,41411.0,522524.0,51.53,3.0,21279855.0,38048145.698087
801101.SI,20191202,计算机设备,2880.24,2914.03,2844.16,2882.08,10.85,0.38,40950.0,541364.0,51.75,3.02,21360664.0,38184993.822713
801101.SI,20191203,计算机设备,2866.23,2916.92,2838.35,2902.32,20.24,0.7,41240.0,547370.0,52.09,3.04,21538721.0,38453035.578954
801101.SI,20191204,计算机设备,2883.05,2951.42,2864.56,2918.46,16.13,0.56,46439.0,667690.0,52.41,3.05,21667847.0,38631685.092256
801101.SI,20191205,计算机设备,2925.58,2988.69,2902.57,2967.77,49.31,1.69,60372.0,875290.0,53.28,3.1,22033943.0,39363663.307152
801101.SI,20191206,计算机设备,2964.75,3001.84,2916.67,2968.94,1.17,0.04,59784.0,898250.0,53.34,3.11,22045468.0,39399659.707922
801101.SI,20191209,计算机设备,2978.12,3082.14,2946.88,3046.88,77.95,2.63,83359.0,1219299.0,54.82,3.19,22624263.0,40398563.642919
801101.SI,20191210,计算机设备,3040.11,3125.42,3008.65,3098.25,51.36,1.69,87959.0,1306269.0,55.84,3.25,23005661.0,41145756.791668
801101.SI,20191211,计算机设备,3090.3,3135.29,3034.54,3068.51,-29.74,-0.96,75670.0,1042744.0,55.4,3.23,22784813.0,40762125.550995
801101.SI,20191212,计算机设备,3068.17,3130.19,3034.18,3068.11,-0.4,-0.01,67242.0,957940.0,55.31,3.22,22784914.0,40807353.045881
801101.SI,20191213,计算机设备,3099.44,3131.86,3044.29,3102.19,34.08,1.11,70748.0,1020587.0,55.88,3.26,23037990.0,41279060.657817
801101.SI,20191216,计算机设备,3112.67,3207.5,3088.98,3193.39,91.21,2.94,88618.0,1319215.0,57.57,3.35,23715730.0,42553107.743298
801101.SI,20191217,计算机设备,3198.34,3250.53,3158.38,3206.23,12.83,0.4,93759.0,1370757.0,57.82,3.37,23814615.0,42738824.127296
801101.SI,20191218,计算机设备,3204.94,3279.94,3168.4,3217.95,11.72,0.37,93864.0,1335178.0,58.14,3.39,23911157.0,42855243.784515
801101.SI,20191219,计算机设备,3230.56,3294.75,3180.57,3226.46,8.51,0.26,92468.0,1267875.0,58.15,3.39,23987114.0,42973938.557741
801101.SI,20191220,计算机设备,3223.46,3249.31,3125.33,3140.8,-85.65,-2.65,79107.0,1138794.0,56.69,3.3,23353745.0,41903350.506118
801101.SI,20191223,计算机设备,3107.71,3143.85,3013.65,3040.53,-100.28,-3.19,71317.0,1006205.0,54.92,3.2,22608116.0,40582763.532648
801101.SI,20191224,计算机设备,3046.78,3094.42,3006.56,3074.21,33.68,1.11,52507.0,725969.0,55.53,3.23,22858582.0,41047465.490319
801101.SI,20191225,计算机设备,3069.78,3151.96,3044.72,3108.43,34.22,1.11,66123.0,916511.0,56.07,3.27,23113014.0,41534014.558617
801101.SI,20191226,计算机设备,3112.56,3147.04,3069.74,3119.77,11.34,0.36,57466.0,789188.0,56.03,3.28,23260932.0,42044026.050442
801101.SI,20191227,计算机设备,3129.16,3176.48,3054.18,3072.01,-47.76,-1.53,77416.0,979913.0,55.21,3.2,22905572.0,41418471.455427
801101.SI,20191230,计算机设备,3062.17,3128.77,2997.88,3095.36,23.35,0.76,68401.0,902991.0,55.66,3.23,23079642.0,41772460.329915
801101.SI,20191231,计算机设备,3095.12,3144.87,3064.87,3103.01,7.65,0.25,53345.0,724823.0,55.9,3.23,23136698.0,41905951.724319
801101.SI,20200102,计算机设备,3132.51,3203.47,3099.13,3171.73,68.72,2.21,81126.0,1092998.0,57.13,3.31,23652459.0,42816875.02452
801101.SI,20200103,计算机设备,3178.02,3244.71,3137.56,3207.23,35.5,1.12,87027.0,1138320.0,57.84,3.35,23917183.0,43297830.74545
801101.SI,20200106,计算机设备,3187.53,3275.47,3152.24,3225.34,18.11,0.56,95976.0,1357969.0,58.08,3.37,24048563.0,43502809.620403
801101.SI,20200107,计算机设备,3224.25,3323.57,3191.06,3298.68,73.34,2.27,107565.0,1508489.0,59.41,3.44,24595389.0,44523483.040902
801101.SI,20200108,计算机设备,3286.84,3374.01,3223.13,3270.32,-28.36,-0.86,120601.0,1810482.0,58.85,3.41,24387867.0,44093560.555447
801101.SI,20200109,计算机设备,3295.78,3414.01,3260.68,3367.97,97.65,2.99,115409.0,1839871.0,60.5,3.51,25116081.0,45451598.5452
801101.SI,20200110,计算机设备,3380.91,3423.95,3298.94,3339.69,-28.28,-0.84,96201.0,1432832.0,60.02,3.48,24905197.0,45132580.203705
801101.SI,20200113,计算机设备,3338.15,3435.51,3298.93,3420.92,81.23,2.43,91045.0,1632724.0,61.03,3.54,25510972.0,46144500.81781
801101.SI,20200114,计算机设备,3437.03,3475.77,3357.21,3390.32,-30.61,-0.89,85431.0,1521408.0,60.2,3.49,25282720.0,45718816.855694
801101.SI,20200115,计算机设备,3390.23,3474.47,3354.44,3436.48,46.16,1.36,93136.0,1442138.0,60.97,3.54,25645764.0,46373855.538029
801101.SI,20200116,计算机设备,3431.19,3497.77,3369.17,3417.0,-19.48,-0.57,94449.0,1532419.0,60.64,3.52,25500395.0,46110758.533619
801101.SI,20200117,计算机设备,3442.13,3485.31,3379.77,3417.59,0.59,0.02,73918.0,1322976.0,60.55,3.51,25504806.0,46280835.677681
801101.SI,20200120,计算机设备,3417.77,3511.81,3339.92,3471.78,54.19,1.59,83344.0,1418088.0,61.61,3.49,25910655.0,47106415.661522
801101.SI,20200121,计算机设备,3448.65,3508.92,3369.57,3405.43,-66.35,-1.91,81089.0,1294071.0,60.51,3.43,25415473.0,46227953.672139
801101.SI,20200122,计算机设备,3381.71,3498.53,3304.21,3459.89,54.46,1.6,90262.0,1482408.0,61.03,3.46,25821902.0,46907128.88331
801101.SI,20200123,计算机设备,3406.32,3483.96,3220.53,3288.64,-171.25,-4.95,105233.0,1607513.0,58.42,3.33,24526024.0,44643762.965784
801101.SI,20200203,计算机设备,2966.62,3010.07,2964.17,2986.11,-302.53,-9.2,29826.0,579310.0,53.0,3.02,22269811.0,40496786.939913
801101.SI,20200204,计算机设备,2831.1,3049.53,2822.21,3001.81,15.7,0.53,114861.0,1543436.0,52.73,3.0,22386874.0,40629506.492277
801101.SI,20200205,计算机设备,3021.49,3170.65,2999.87,3081.48,79.67,2.65,101715.0,1491714.0,54.23,3.09,22981065.0,41684097.104351
801101.SI,20200206,计算机设备,3100.18,3259.74,3069.44,3231.29,149.81,4.86,106192.0,1745294.0,56.75,3.23,24098318.0,43601893.673826
801101.SI,20200207,计算机设备,3265.57,3455.95,3217.22,3415.34,184.05,5.7,142480.0,2443541.0,59.91,3.41,25470945.0,45966783.068048
801101.SI,20200210,计算机设备,3454.77,3511.51,3337.47,3427.8,12.46,0.36,113872.0,2006206.0,60.13,3.42,25563869.0,46182406.153081
801101.SI,20200211,计算机设备,3449.51,3493.93,3334.78,3399.1,-28.71,-0.84,106335.0,1758011.0,59.88,3.41,25352128.0,45928360.15774
801101.SI,20200212,计算机设备,3386.27,3583.67,3363.52,3559.25,160.15,4.71,122211.0,2144348.0,62.71,3.57,26546601.0,48093600.99736
801101.SI,20200213,计算机设备,3569.05,3666.15,3480.96,3547.47,-11.78,-0.33,129550.0,2221930.0,62.82,3.58,26466244.0,48118240.203252
801101.SI,20200214,计算机设备,3531.34,3684.83,3484.35,3572.33,24.86,0.7,111507.0,2048408.0,63.06,3.59,26651706.0,48509720.594968
801101.SI,20200217,计算机设备,3600.27,3741.79,3560.6,3707.86,135.53,3.79,120882.0,2060251.0,65.59,3.73,27662869.0,50392505.27052
801101.SI,20200218,计算机设备,3705.29,3829.75,3649.13,3779.37,71.5,1.93,137114.0,2316104.0,66.72,3.8,28196325.0,51259179.721944
801101.SI,20200219,计算机设备,3760.29,3844.39,3659.07,3709.67,-69.7,-1.84,130169.0,2261780.0,65.73,3.74,27676338.0,50469177.867632
801101.SI,20200220,计算机设备,3710.56,3815.15,3627.51,3760.61,50.94,1.37,132955.0,2163292.0,66.72,3.8,28056408.0,51111907.773725
801101.SI,20200221,计算机设备,3760.02,3974.66,3736.66,3883.45,122.84,3.27,167862.0,2788686.0,68.61,3.9,28972883.0,52607528.58147
801101.SI,20200224,计算机设备,3860.87,4043.29,3817.93,3989.41,105.96,2.73,164600.0,2822165.0,70.38,4.01,29763408.0,53971510.046099
801101.SI,20200225,计算机设备,3878.74,4014.03,3708.09,3949.82,-39.59,-0.99,181952.0,3089492.0,69.65,3.96,29468047.0,53526844.459547
801101.SI,20200226,计算机设备,3873.97,4012.68,3739.67,3793.34,-156.48,-3.96,161071.0,2853920.0,67.31,3.83,28300604.0,51479440.045907
801101.SI,20200227,计算机设备,3825.02,3902.62,3656.23,3765.55,-27.79,-0.73,114656.0,2103850.0,66.69,3.8,28093239.0,51028531.291261
801101.SI,20200228,计算机设备,3575.84,3674.62,3428.29,3452.63,-312.92,-8.31,128429.0,2098610.0,60.97,3.47,25772387.0,46840776.605915
801101.SI,20200302,计算机设备,3517.0,3668.61,3449.61,3615.97,163.34,4.73,105665.0,1768749.0,63.87,3.64,26991667.0,48966431.57025
801101.SI,20200303,计算机设备,3701.87,3823.71,3616.02,3682.26,66.29,1.83,127194.0,2243282.0,65.08,3.71,27486525.0,49843214.283041
801101.SI,20200304,计算机设备,3668.68,3765.8,3563.13,3678.4,-3.86,-0.1,106613.0,1819429.0,65.14,3.71,27457703.0,49739808.971783
801101.SI,20200305,计算机设备,3779.74,3820.68,3609.38,3686.41,8.01,0.22,113542.0,1901035.0,65.29,3.72,27517474.0,49843688.672801
801101.SI,20200306,计算机设备,3614.99,3706.43,3573.98,3627.0,-59.41,-1.61,92603.0,1551476.0,64.35,3.67,27074371.0,49087741.779347
801101.SI,20200309,计算机设备,3542.23,3589.82,3387.76,3401.18,-225.82,-6.23,106979.0,1721070.0,60.51,3.45,25388672.0,46028394.811168
801101.SI,20200310,计算机设备,3365.96,3579.7,3333.51,3565.81,164.63,4.84,109754.0,1744158.0,63.55,3.62,26617594.0,48206666.51359
801101.SI,20200311,计算机设备,3556.04,3642.77,3453.05,3501.41,-64.4,-1.81,101640.0,1454388.0,62.53,3.56,26137254.0,47346915.82895
801101.SI,20200312,计算机设备,3417.67,3535.65,3368.24,3465.02,-36.39,-1.04,82901.0,1151547.0,61.88,3.52,25865581.0,46765538.726056
801101.SI,20200313,计算机设备,3270.08,3520.83,3235.22,3473.62,8.6,0.25,101857.0,1656391.0,61.39,3.5,25929809.0,46678729.833138
801101.SI,20200316,计算机设备,3475.42,3548.99,3249.29,3307.29,-166.34,-4.79,94278.0,1537076.0,57.99,3.3,24688146.0,44293904.166211
801101.SI,20200317,计算机设备,3326.86,3407.72,3163.8,3329.26,21.97,0.66,76137.0,1222424.0,58.21,3.32,24852168.0,44571341.394165
801101.SI,20200318,计算机设备,3333.1,3453.46,3238.13,3296.24,-33.02,-0.99,80488.0,1342746.0,57.49,3.27,24605699.0,44157577.657269
801101.SI,20200319,计算机设备,3265.73,3364.48,3191.42,3326.18,29.93,0.91,79569.0,1418969.0,57.44,3.27,24594191.0,44227925.50464
801101.SI,20200320,计算机设备,3359.07,3412.05,3255.01,3339.47,13.29,0.4,65318.0,1115401.0,57.86,3.3,24681872.0,44425667.952911
801101.SI,20200323,计算机设备,3236.15,3313.59,3128.11,3162.82,-176.65,-5.29,76583.0,1195024.0,54.57,3.16,23612417.0,42094145.687286
801101.SI,20200324,计算机设备,3229.88,3282.78,3078.04,3208.12,45.3,1.43,85335.0,1247536.0,55.38,3.21,23962489.0,42690328.838233
801101.SI,20200325,计算机设备,3289.59,3333.78,3218.08,3273.69,65.57,2.04,70958.0,1103765.0,56.51,3.28,24445037.0,43549647.506578
801101.SI,20200326,计算机设备,3246.29,3299.16,3186.06,3213.12,-60.57,-1.85,61617.0,879227.0,55.49,3.22,24018670.0,42780856.272354
801101.SI,20200327,计算机设备,3247.94,3290.64,3154.9,3174.97,-38.15,-1.19,61022.0,1004285.0,55.65,3.24,24468496.0,42823313.811539
801101.SI,20200330,计算机设备,3124.25,3159.96,2993.69,3061.48,-113.49,-3.57,63967.0,1033779.0,53.79,3.13,23600372.0,41239660.416893
801101.SI,20200331,计算机设备,3102.63,3132.67,3025.9,3057.02,-4.47,-0.15,48045.0,770123.0,53.38,3.12,23565915.0,41141004.512909
801101.SI,20200401,计算机设备,3042.7,3129.34,3010.66,3044.79,-12.23,-0.4,46655.0,763590.0,53.14,3.1,23471667.0,41150041.201329
801101.SI,20200402,计算机设备,3037.08,3182.21,3016.08,3177.91,133.13,4.37,58419.0,1013393.0,55.0,3.23,24589643.0,42936315.795476
801101.SI,20200403,计算机设备,3171.84,3215.12,3114.41,3145.5,-32.41,-1.02,48888.0,837668.0,54.45,3.2,24338849.0,42532175.555907
801101.SI,20200407,计算机设备,3233.26,3313.26,3202.38,3278.02,132.52,4.21,67688.0,1079089.0,56.93,3.34,25364255.0,44383694.348872
801101.SI,20200408,计算机设备,3271.4,3356.42,3235.07,3302.44,24.41,0.74,84324.0,1437719.0,57.39,3.37,25553150.0,44783839.863184
801101.SI,20200409,计算机设备,3321.79,3378.86,3264.3,3310.89,8.46,0.26,75990.0,1261023.0,57.63,3.38,25618575.0,44880878.034087
801101.SI,20200410,计算机设备,3307.27,3326.31,3160.2,3181.71,-129.18,-3.9,77683.0,1217404.0,55.19,3.25,24619018.0,43124128.875206
801101.SI,20200413,计算机设备,3148.78,3181.83,3050.27,3085.09,-96.62,-3.04,53722.0,914679.0,53.4,3.14,23623667.0,41806151.122123
801101.SI,20200414,计算机设备,3115.66,3180.07,3084.91,3163.95,78.86,2.56,58013.0,962811.0,56.21,3.21,24232662.0,42870793.602881
801101.SI,20200415,计算机设备,3183.43,3256.89,3128.84,3160.45,-3.5,-0.11,78226.0,1224248.0,56.2,3.21,24205832.0,42888799.06544
801101.SI,20200416,计算机设备,3141.39,3239.48,3104.88,3210.79,50.34,1.59,89561.0,1271075.0,57.13,3.26,24591371.0,43581463.589218
801101.SI,20200417,计算机设备,3262.73,3340.31,3196.19,3228.79,18.0,0.56,130822.0,1867738.0,57.23,3.28,24729231.0,43850160.687769
801101.SI,20200420,计算机设备,3230.04,3360.19,3189.67,3337.13,108.35,3.36,120754.0,1769645.0,59.04,3.43,25559048.0,45345235.636169
801101.SI,20200421,计算机设备,3314.33,3413.82,3263.05,3357.5,20.37,0.61,131722.0,1939593.0,59.31,3.45,25719435.0,45564246.142859
801101.SI,20200422,计算机设备,3302.71,3402.38,3264.07,3372.27,14.77,0.44,106039.0,1491265.0,59.93,3.46,25832570.0,45842111.648021
801101.SI,20200423,计算机设备,3369.37,3419.33,3286.61,3326.48,-45.79,-1.36,121282.0,1706633.0,59.31,3.43,25481797.0,45324946.056027
801101.SI,20200424,计算机设备,3312.71,3360.44,3192.02,3223.45,-103.03,-3.1,102011.0,1479811.0,57.62,3.36,24694137.0,43923304.054465
801101.SI,20200427,计算机设备,3215.89,3270.71,3135.62,3175.46,-47.99,-1.49,87184.0,1181670.0,55.23,3.29,24326473.0,43279369.649354
801101.SI,20200428,计算机设备,3164.92,3230.34,3001.83,3137.19,-38.27,-1.21,94430.0,1313738.0,53.91,3.28,24152355.0,42655128.705127
801101.SI,20200429,计算机设备,3116.83,3183.8,3083.35,3124.55,-12.63,-0.4,62072.0,868373.0,50.55,3.23,24289060.0,42440291.834676
801101.SI,20200430,计算机设备,3162.47,3300.23,3144.03,3265.46,140.9,4.51,85921.0,1394864.0,53.57,3.3,25384398.0,44421449.256379
801101.SI,20200506,计算机设备,3239.15,3412.27,3223.29,3394.28,128.82,3.94,90305.0,1545739.0,66.94,3.41,26385793.0,46122671.018308
801101.SI,20200507,计算机设备,3397.96,3432.67,3326.42,3356.88,-37.4,-1.1,78030.0,1263892.0,66.02,3.36,26095061.0,45555242.269853
801101.SI,20200508,计算机设备,3415.82,3547.84,3395.42,3485.68,128.8,3.84,114202.0,1875319.0,67.96,3.46,25955632.0,45737358.296624
801101.SI,20200511,计算机设备,3514.74,3556.28,3392.84,3440.53,-45.15,-1.3,92390.0,1588084.0,67.4,3.43,26745337.0,46721253.44725
801101.SI,20200512,计算机设备,3437.66,3484.68,3346.91,3443.52,2.99,0.09,76227.0,1272363.0,67.4,3.44,26767359.0,46750666.948803
801101.SI,20200513,计算机设备,3418.03,3473.09,3379.29,3436.87,-6.65,-0.19,66986.0,1070612.0,67.27,3.43,26718637.0,46703080.974974
801101.SI,20200514,计算机设备,3414.97,3493.17,3385.04,3419.07,-17.81,-0.52,80011.0,1180674.0,66.94,3.41,26580184.0,46452675.741781
801101.SI,20200515,计算机设备,3445.53,3528.81,3413.66,3458.34,39.28,1.15,81070.0,1395704.0,67.49,3.44,26879819.0,46959419.453521
801101.SI,20200518,计算机设备,3462.34,3518.98,3328.25,3384.54,-73.8,-2.13,102513.0,1696646.0,66.06,3.37,26306221.0,45901250.099315
801101.SI,20200519,计算机设备,3407.51,3490.03,3356.37,3456.37,71.82,2.12,83180.0,1473457.0,67.16,3.42,26864446.0,46777571.526814
801101.SI,20200520,计算机设备,3442.87,3500.71,3347.26,3392.13,-64.23,-1.86,85061.0,1555087.0,66.21,3.37,26365206.0,45932478.659662
801101.SI,20200521,计算机设备,3399.1,3432.86,3289.73,3320.01,-72.12,-2.13,75322.0,1272899.0,64.96,3.31,25816114.0,44964610.276507
801101.SI,20200522,计算机设备,3315.73,3359.27,3207.11,3252.44,-67.57,-2.04,71298.0,1122046.0,63.53,3.24,25290691.0,43970152.697382
801101.SI,20200525,计算机设备,3242.08,3282.39,3129.97,3186.12,-66.32,-2.04,60752.0,1013586.0,62.51,3.18,24786100.0,43140809.364213
801101.SI,20200526,计算机设备,3206.21,3296.95,3187.39,3275.22,89.1,2.8,60334.0,1004985.0,63.83,3.25,25479002.0,44296134.773143
801101.SI,20200527,计算机设备,3271.06,3304.09,3177.63,3210.02,-65.2,-1.99,61652.0,944770.0,62.65,3.19,24978682.0,43420256.983577
801101.SI,20200528,计算机设备,3203.28,3258.86,3135.01,3215.34,5.32,0.17,60428.0,872326.0,63.48,3.2,24966399.0,43472376.061563
801101.SI,20200529,计算机设备,3196.71,3247.5,3161.27,3194.88,-20.46,-0.64,48689.0,710255.0,63.11,3.19,24813896.0,43203423.10415
801101.SI,20200601,计算机设备,3237.18,3358.75,3219.16,3335.94,141.06,4.42,76192.0,1300601.0,66.68,3.36,26165237.0,46143248.362251
801101.SI,20200602,计算机设备,3350.67,3407.32,3305.65,3357.35,21.41,0.64,77452.0,1231624.0,67.04,3.38,26333150.0,46455181.606044
801101.SI,20200603,计算机设备,3371.34,3411.54,3280.5,3308.89,-48.46,-1.44,87975.0,1540314.0,66.01,3.33,25953034.0,45826701.678628
801101.SI,20200604,计算机设备,3316.49,3339.7,3244.46,3277.31,-31.57,-0.95,63641.0,1040881.0,65.46,3.3,25706788.0,45395016.984259
801101.SI,20200605,计算机设备,3275.6,3317.31,3238.12,3281.53,4.21,0.13,50812.0,795049.0,65.52,3.3,25739834.0,45458869.194382
801101.SI,20200608,计算机设备,3299.55,3341.38,3237.56,3262.66,-18.86,-0.57,53630.0,929366.0,65.33,3.29,25591877.0,45273703.467694
801101.SI,20200609,计算机设备,3262.93,3298.01,3224.72,3270.74,8.07,0.25,46868.0,746739.0,65.53,3.3,25655212.0,45358016.24346
801101.SI,20200610,计算机设备,3268.29,3321.26,3217.19,3280.72,9.98,0.31,55701.0,944458.0,65.62,3.31,25733522.0,45486483.790898
801101.SI,20200611,计算机设备,3283.83,3352.68,3245.88,3289.48,8.76,0.27,66901.0,1116292.0,65.73,3.31,25802225.0,45633058.720552
801101.SI,20200612,计算机设备,3215.67,3335.72,3194.91,3303.65,14.16,0.43,67670.0,1259144.0,65.59,3.31,25913326.0,45805160.067562
801101.SI,20200615,计算机设备,3299.26,3383.89,3249.92,3307.93,4.28,0.13,72002.0,1266881.0,65.7,3.31,25946923.0,45929536.089568
801101.SI,20200616,计算机设备,3332.18,3386.39,3294.88,3358.41,50.48,1.53,64779.0,1117039.0,66.83,3.37,26343837.0,46633222.915371
801101.SI,20200617,计算机设备,3355.85,3402.53,3290.46,3356.41,-2.0,-0.06,68481.0,1127033.0,67.06,3.38,26328149.0,46645229.554308
801101.SI,20200618,计算机设备,3344.55,3419.18,3313.32,3379.33,22.92,0.68,67051.0,1089067.0,67.46,3.4,26507965.0,46883224.115753
801101.SI,20200619,计算机设备,3375.59,3421.34,3340.78,3384.86,5.53,0.16,59215.0,959597.0,67.68,3.41,26565459.0,46961573.173461
801101.SI,20200622,计算机设备,3397.25,3480.71,3367.19,3433.29,48.43,1.43,71319.0,1241839.0,68.46,3.45,26945641.0,47615392.157731
801101.SI,20200623,计算机设备,3436.23,3473.63,3357.66,3399.66,-33.63,-0.98,75660.0,1296986.0,68.01,3.43,26677521.0,47193623.008632
801101.SI,20200624,计算机设备,3396.92,3443.43,3348.74,3376.48,-23.18,-0.68,59943.0,1003543.0,67.46,3.4,26497976.0,46870867.383324
801101.SI,20200629,计算机设备,3344.63,3368.53,3248.92,3273.24,-103.24,-3.06,61589.0,1195824.0,65.33,3.3,25610025.0,45492559.652436
801101.SI,20200630,计算机设备,3289.33,3382.51,3276.26,3348.58,75.34,2.3,70637.0,1134765.0,66.96,3.38,26199512.0,46624105.479441
801101.SI,20200701,计算机设备,3362.88,3403.99,3223.64,3317.67,-30.91,-0.92,91801.0,1864802.0,66.25,3.34,25970675.0,46186444.143366
801101.SI,20200702,计算机设备,3299.49,3420.32,3264.21,3396.59,78.92,2.38,92279.0,1728862.0,66.95,3.38,26588451.0,47139304.495401
801101.SI,20200703,计算机设备,3431.9,3488.34,3359.25,3429.08,32.49,0.96,100333.0,1865094.0,68.05,3.43,26842758.0,47629533.272385
801101.SI,20200706,计算机设备,3448.04,3645.9,3437.23,3606.73,177.65,5.18,137439.0,2361776.0,71.58,3.61,28233371.0,50028752.337241
801101.SI,20200707,计算机设备,3654.56,3809.88,3598.03,3687.75,81.03,2.25,164854.0,2911057.0,72.99,3.68,28867660.0,51183411.451309
801101.SI,20200708,计算机设备,3707.3,3894.26,3662.36,3855.58,167.83,4.55,157824.0,2810161.0,76.73,3.86,30235572.0,53503112.647402
801101.SI,20200709,计算机设备,3872.61,4069.06,3827.54,4010.66,155.08,4.02,188617.0,3533076.0,78.97,3.98,31451718.0,55524477.552249
801101.SI,20200710,计算机设备,4005.7,4121.84,3884.4,3931.25,-79.42,-1.98,153379.0,3109500.0,77.53,3.9,30913058.0,54772608.383289
801101.SI,20200713,计算机设备,3926.24,4091.84,3896.78,4061.19,129.94,3.31,136952.0,2647906.0,79.91,4.02,31935369.0,56529615.099789
801101.SI,20200714,计算机设备,4051.84,4119.77,3878.43,3982.5,-78.69,-1.94,140115.0,2839714.0,78.14,3.96,31187332.0,55575441.444002
801101.SI,20200715,计算机设备,3966.83,4003.46,3740.93,3770.65,-211.85,-5.32,129322.0,2551879.0,74.42,3.77,29528332.0,52670534.021969
801101.SI,20200716,计算机设备,3782.2,3862.61,3559.06,3589.92,-180.73,-4.79,118689.0,2115042.0,71.04,3.6,28113024.0,50170245.873782
801101.SI,20200717,计算机设备,3609.63,3673.4,3514.29,3584.04,-5.88,-0.16,89733.0,1546479.0,70.7,3.58,28066982.0,50046618.497707
801101.SI,20200720,计算机设备,3626.53,3720.54,3542.73,3708.4,124.36,3.47,93887.0,1685180.0,73.32,3.71,29040833.0,51728048.916129
801101.SI,20200721,计算机设备,3741.67,3805.48,3663.73,3704.18,-4.22,-0.11,98959.0,1648429.0,73.25,3.7,29007795.0,51666552.368067
801101.SI,20200722,计算机设备,3688.67,3844.09,3653.36,3771.98,67.8,1.83,116643.0,1959784.0,74.77,3.78,29538740.0,52714589.994317
801101.SI,20200723,计算机设备,3723.7,3790.62,3603.96,3714.49,-57.49,-1.52,129931.0,2096508.0,73.89,3.74,29099710.0,51944405.931626
801101.SI,20200724,计算机设备,3679.46,3752.14,3491.12,3525.27,-189.21,-5.09,114928.0,1831908.0,70.21,3.55,27617378.0,49327830.081655
801101.SI,20200727,计算机设备,3547.27,3634.22,3464.68,3546.72,21.44,0.61,90197.0,1449479.0,70.64,3.57,27781670.0,49617410.444481
801101.SI,20200728,计算机设备,3566.62,3631.68,3500.19,3578.1,31.38,0.88,88164.0,1372942.0,71.32,3.62,28111395.0,50150831.66759
801101.SI,20200729,计算机设备,3576.92,3726.94,3535.69,3705.29,127.19,3.55,109685.0,1926300.0,73.77,3.74,29110681.0,51925420.149782
801101.SI,20200730,计算机设备,3716.35,3754.58,3621.8,3659.76,-45.52,-1.23,102187.0,1701167.0,72.95,3.7,28753015.0,51285131.585898
801101.SI,20200731,计算机设备,3652.81,3776.52,3620.52,3725.19,65.43,1.79,100608.0,1777142.0,74.29,3.77,29267051.0,52270383.396725
801101.SI,20200803,计算机设备,3744.24,3920.36,3718.34,3895.22,170.03,4.56,129378.0,2413595.0,77.65,3.94,30602869.0,54686020.100961
801101.SI,20200804,计算机设备,3929.37,4014.98,3824.39,3870.96,-24.26,-0.62,148242.0,2645401.0,77.31,3.92,30412261.0,54438953.229868
801101.SI,20200805,计算机设备,3916.21,3984.84,3817.9,3911.92,40.96,1.06,130962.0,2285671.0,77.78,3.94,30734056.0,54876842.464173
801101.SI,20200806,计算机设备,3921.35,4067.33,3846.64,3974.77,62.85,1.61,150993.0,2757776.0,79.13,4.01,31227867.0,55693944.988142
801101.SI,20200807,计算机设备,3926.02,4007.11,3793.97,3908.45,-66.32,-1.67,128153.0,2322681.0,78.0,3.95,30706792.0,54809791.599546
801101.SI,20200810,计算机设备,3909.66,4057.8,3853.94,3939.02,30.57,0.78,108554.0,1985264.0,78.74,4.03,31624881.0,55293588.923953
801101.SI,20200811,计算机设备,3920.8,3966.55,3775.62,3792.85,-146.17,-3.71,97590.0,1747711.0,75.85,3.88,30451319.0,53335326.782748
801101.SI,20200812,计算机设备,3771.19,3821.22,3628.11,3742.72,-50.13,-1.32,90158.0,1608099.0,74.65,3.82,30048879.0,52612494.05421
801101.SI,20200813,计算机设备,3751.24,3797.92,3696.57,3727.02,-15.7,-0.42,62512.0,1050618.0,74.52,3.81,29922826.0,52387731.250769
801101.SI,20200814,计算机设备,3720.43,3811.51,3674.49,3790.1,63.08,1.69,73290.0,1182457.0,75.73,3.88,30427866.0,53262316.783817
801101.SI,20200817,计算机设备,3814.97,3924.82,3775.85,3879.58,89.48,2.36,98393.0,1627839.0,77.46,3.97,31165262.0,54501789.463127
801101.SI,20200818,计算机设备,3890.13,3957.81,3839.29,3875.93,-3.65,-0.09,98411.0,1601009.0,77.3,3.96,31135943.0,54581279.919148
801101.SI,20200819,计算机设备,3869.47,3892.24,3726.43,3742.07,-133.86,-3.45,107422.0,1568908.0,74.58,3.82,30060603.0,52717779.871122
801101.SI,20200820,计算机设备,3705.22,3824.26,3659.79,3748.16,6.09,0.16,89582.0,1267460.0,74.59,3.82,30109515.0,52716681.461633
801101.SI,20200821,计算机设备,3761.64,3826.99,3690.78,3742.1,-6.06,-0.16,88773.0,1334757.0,74.29,3.8,30060853.0,52623147.512481
801101.SI,20200824,计算机设备,3748.03,3836.77,3676.83,3789.08,46.98,1.26,86266.0,1315100.0,75.19,3.85,30438238.0,53294703.40754
801101.SI,20200825,计算机设备,3782.94,3873.03,3719.26,3788.6,-0.47,-0.01,96660.0,1515453.0,75.36,3.86,30434425.0,53429241.097158
801101.SI,20200826,计算机设备,3779.11,3843.3,3663.05,3699.56,-89.04,-2.35,93007.0,1561567.0,73.32,3.74,29719118.0,52069273.476714
801101.SI,20200827,计算机设备,3692.06,3748.95,3612.28,3694.05,-5.51,-0.15,76653.0,1230123.0,73.28,3.74,29650885.0,51995197.189503
801101.SI,20200828,计算机设备,3677.29,3776.29,3639.03,3746.99,52.94,1.43,77390.0,1250488.0,74.33,3.77,30080575.0,52782975.603648
801101.SI,20200831,计算机设备,3784.7,3879.59,3740.37,3775.63,28.64,0.76,100012.0,1701350.0,75.09,3.79,30310469.0,53316621.894598
801101.SI,20200901,计算机设备,3763.81,3823.45,3704.56,3778.24,2.61,0.07,82077.0,1403974.0,74.67,3.8,30331399.0,53368459.267825
801101.SI,20200902,计算机设备,3791.06,3843.84,3701.03,3770.59,-7.65,-0.2,95013.0,1534016.0,74.59,3.79,30276238.0,53299895.487115
801101.SI,20200903,计算机设备,3764.65,3804.14,3665.64,3717.48,-53.11,-1.41,88965.0,1475117.0,73.73,3.75,29849825.0,52552438.450655
801101.SI,20200904,计算机设备,3649.77,3754.19,3617.41,3713.09,-4.4,-0.12,79456.0,1261027.0,73.77,3.75,29814519.0,52444021.28148
801101.SI,20200907,计算机设备,3720.09,3799.68,3636.22,3670.35,-42.74,-1.15,96937.0,1586572.0,73.09,3.72,29471321.0,51824724.906502
801101.SI,20200908,计算机设备,3683.26,3729.83,3568.61,3643.13,-27.22,-0.74,88871.0,1458225.0,72.5,3.69,29263144.0,51425501.093317
801101.SI,20200909,计算机设备,3594.32,3696.25,3461.11,3536.61,-106.51,-2.92,115500.0,1866261.0,70.59,3.59,28413593.0,50075819.514988
801101.SI,20200910,计算机设备,3558.07,3601.14,3354.86,3382.36,-154.25,-4.36,88705.0,1405136.0,67.2,3.42,27174309.0,47764375.448905
801101.SI,20200911,计算机设备,3355.91,3441.42,3320.42,3411.63,29.27,0.87,53005.0,846353.0,67.8,3.45,27409496.0,48172212.901602
801101.SI,20200914,计算机设备,3430.36,3503.93,3382.03,3447.42,35.79,1.05,59264.0,976850.0,68.6,3.49,27697044.0,48727061.010073
801101.SI,20200915,计算机设备,3454.61,3524.06,3396.08,3471.92,24.49,0.71,60650.0,982371.0,68.97,3.51,27893815.0,49041151.395179
801101.SI,20200916,计算机设备,3453.0,3488.99,3386.01,3423.94,-47.98,-1.38,47932.0,767841.0,68.04,3.46,27497568.0,48344125.749527
801101.SI,20200917,计算机设备,3426.16,3506.56,3375.2,3465.3,41.36,1.21,53860.0,871566.0,68.89,3.5,27829720.0,48908998.133183
801101.SI,20200918,计算机设备,3458.45,3539.34,3425.22,3511.84,46.54,1.34,59485.0,969462.0,69.82,3.55,28207758.0,49576915.133538
801101.SI,20200921,计算机设备,3527.35,3589.33,3483.54,3509.76,-2.08,-0.06,57472.0,990038.0,69.79,3.55,28191076.0,49547064.052019
801101.SI,20200922,计算机设备,3471.13,3514.97,3414.7,3444.27,-65.5,-1.87,52669.0,863308.0,68.5,3.48,27665006.0,48654412.460893
801101.SI,20200923,计算机设备,3454.6,3481.22,3406.98,3442.76,-1.51,-0.04,40804.0,661577.0,68.38,3.48,27652907.0,48630796.057069
801101.SI,20200924,计算机设备,3416.34,3449.1,3322.66,3343.4,-99.36,-2.89,57556.0,915982.0,66.39,3.38,26871730.0,47266287.599034
801101.SI,20200925,计算机设备,3360.02,3391.24,3301.93,3331.09,-12.32,-0.37,43949.0,659870.0,66.07,3.36,26772745.0,47057332.766514
801101.SI,20200928,计算机设备,3338.08,3366.33,3257.85,3273.24,-57.84,-1.74,40487.0,601381.0,65.01,3.31,26390084.0,46224407.589406
801101.SI,20200929,计算机设备,3297.34,3361.53,3273.67,3313.72,40.47,1.24,39180.0,615721.0,65.93,3.36,26767275.0,46815451.287049
801101.SI,20200930,计算机设备,3326.77,3350.22,3256.13,3283.3,-30.41,-0.92,35309.0,541174.0,65.39,3.33,26521598.0,46386316.518322
801101.SI,20201009,计算机设备,3345.47,3419.31,3325.66,3383.58,100.28,3.05,47289.0,759260.0,67.43,3.43,27349932.0,47839165.342278
801101.SI,20201012,计算机设备,3436.49,3549.03,3420.16,3517.98,134.4,3.97,78137.0,1281304.0,70.19,3.57,28438232.0,49749672.373436
801101.SI,20201013,计算机设备,3517.37,3562.22,3466.11,3522.45,4.47,0.13,61010.0,1013875.0,70.3,3.58,28478873.0,49825062.15485
801101.SI,20201014,计算机设备,3511.53,3532.65,3443.58,3465.81,-56.64,-1.61,50136.0,807383.0,69.17,3.52,28020951.0,49071542.00209
801101.SI,20201015,计算机设备,3468.92,3511.98,3412.86,3432.27,-33.55,-0.97,46968.0,757432.0,68.53,3.49,27749713.0,48597115.120686
801101.SI,20201016,计算机设备,3429.15,3465.92,3365.25,3404.72,-27.54,-0.8,50878.0,766332.0,67.94,3.46,27527040.0,48200479.717315
801101.SI,20201019,计算机设备,3464.34,3511.9,3391.7,3418.97,14.24,0.42,52094.0,819363.0,68.17,3.47,27642202.0,48364692.463048
801101.SI,20201020,计算机设备,3402.65,3470.49,3369.17,3457.61,38.64,1.13,44925.0,700130.0,69.0,3.5,27954584.0,48923174.974034
801101.SI,20201021,计算机设备,3455.55,3468.5,3351.57,3382.52,-75.09,-2.17,42456.0,692736.0,67.46,3.42,27347480.0,47872204.71292
801101.SI,20201022,计算机设备,3370.94,3425.35,3337.08,3390.45,7.94,0.23,41165.0,599975.0,67.72,3.44,27486656.0,48020053.493845
801101.SI,20201023,计算机设备,3394.78,3452.47,3338.84,3363.18,-27.27,-0.8,48687.0,779933.0,67.26,3.41,27265585.0,47614038.005634
801101.SI,20201026,计算机设备,3361.72,3417.13,3304.67,3362.36,-0.83,-0.02,51054.0,830580.0,66.94,3.42,27258887.0,47730390.600127
801101.SI,20201027,计算机设备,3343.25,3390.3,3304.42,3343.52,-18.84,-0.56,43911.0,680341.0,65.25,3.38,27195144.0,47427706.784864
801101.SI,20201028,计算机设备,3335.93,3359.57,3223.37,3283.47,-60.04,-1.8,53475.0,872229.0,63.33,3.33,26706758.0,46585208.363906
801101.SI,20201029,计算机设备,3228.77,3303.69,3199.2,3271.97,-11.5,-0.35,50951.0,787725.0,63.19,3.32,26613213.0,46471636.450711
801101.SI,20201030,计算机设备,3265.0,3325.48,3182.82,3198.33,-73.64,-2.25,59322.0,893818.0,61.48,3.23,26014273.0,45286093.014237
801101.SI,20201102,计算机设备,3190.4,3222.89,3035.24,3092.8,-105.53,-3.3,59867.0,1005150.0,62.3,3.11,25155907.0,43941802.354928
801101.SI,20201103,计算机设备,3093.2,3232.85,3075.48,3198.86,106.06,3.43,55966.0,872910.0,64.4,3.21,26018083.0,45378990.408753
801101.SI,20201104,计算机设备,3203.27,3258.73,3150.05,3200.71,1.85,0.06,47889.0,790950.0,64.38,3.21,26033138.0,45392468.083027
801101.SI,20201105,计算机设备,3230.21,3276.89,3186.28,3253.09,52.38,1.64,50421.0,821664.0,65.32,3.26,26459178.0,46136068.239916
801101.SI,20201106,计算机设备,3265.98,3305.62,3184.92,3217.68,-35.42,-1.09,51578.0,889082.0,64.32,3.21,26175936.0,46108204.03061
801101.SI,20201109,计算机设备,3234.58,3366.62,3222.61,3322.43,104.75,3.26,68022.0,1161414.0,66.52,3.32,27028091.0,47503463.423818
801101.SI,20201110,计算机设备,3325.85,3354.38,3243.95,3277.44,-44.99,-1.35,56981.0,949314.0,65.62,3.27,26662131.0,46855855.384024
801101.SI,20201111,计算机设备,3269.05,3292.03,3189.95,3201.35,-76.1,-2.32,43343.0,695065.0,64.07,3.2,26043068.0,45755898.810391
801101.SI,20201112,计算机设备,3215.07,3251.9,3154.97,3182.28,-19.07,-0.6,40580.0,610670.0,63.58,3.17,25868029.0,45527823.111083
801101.SI,20201113,计算机设备,3168.86,3219.6,3116.68,3192.33,10.06,0.32,36063.0,549523.0,63.87,3.18,25999067.0,45722462.195353
801101.SI,20201116,计算机设备,3195.07,3221.97,3142.2,3176.45,-15.89,-0.5,34106.0,521980.0,63.61,3.17,25869661.0,45512559.105696
801101.SI,20201117,计算机设备,3178.07,3187.24,3087.69,3128.55,-47.9,-1.51,38540.0,569463.0,62.67,3.12,25479589.0,44787242.585733
801101.SI,20201118,计算机设备,3131.9,3174.17,3104.43,3137.78,9.23,0.29,30980.0,466939.0,62.92,3.13,25554737.0,44911531.714062
801101.SI,20201119,计算机设备,3121.6,3187.02,3088.53,3163.64,25.87,0.82,37230.0,606562.0,64.03,3.18,25965926.0,46141787.349107
801101.SI,20201120,计算机设备,3161.06,3206.93,3126.72,3173.44,9.8,0.31,35581.0,655155.0,64.04,3.19,26046351.0,46332008.29895
801101.SI,20201123,计算机设备,3171.51,3209.03,3114.24,3165.87,-7.57,-0.24,45677.0,749195.0,63.88,3.18,25984198.0,46186030.651609
801101.SI,20201124,计算机设备,3163.43,3206.86,3137.61,3155.51,-10.36,-0.33,37776.0,622554.0,63.72,3.17,25899132.0,46028051.210097
801101.SI,20201125,计算机设备,3157.3,3186.12,3096.79,3108.91,-46.59,-1.48,38846.0,631887.0,62.68,3.14,25630590.0,45381372.764611
801101.SI,20201126,计算机设备,3106.74,3141.42,3064.91,3094.43,-14.48,-0.47,34370.0,536725.0,62.43,3.12,25511176.0,45201344.854002
801101.SI,20201127,计算机设备,3091.18,3116.23,3041.68,3082.61,-11.82,-0.38,35501.0,544340.0,62.1,3.11,25420154.0,44980076.785759
801101.SI,20201130,计算机设备,3078.71,3128.05,3036.99,3077.78,-4.83,-0.16,36797.0,598352.0,61.86,3.1,25380298.0,44893166.308489
801101.SI,20201201,计算机设备,3081.64,3154.37,3068.29,3137.68,59.9,1.95,42727.0,683564.0,63.21,3.16,25874266.0,45768926.832864
801101.SI,20201202,计算机设备,3135.71,3169.52,3104.99,3133.67,-4.02,-0.13,37882.0,612728.0,63.19,3.16,25841149.0,45717492.820655
801101.SI,20201203,计算机设备,3138.47,3203.99,3113.1,3160.94,27.27,0.87,43532.0,726826.0,63.59,3.18,26164614.0,46398458.475719
801101.SI,20201204,计算机设备,3167.66,3199.79,3133.68,3158.61,-2.32,-0.07,38672.0,581990.0,63.55,3.18,26145379.0,46434171.93197
801101.SI,20201207,计算机设备,3174.91,3212.81,3119.06,3132.02,-26.6,-0.84,39242.0,619233.0,63.27,3.16,25926793.0,46018756.890118
801101.SI,20201208,计算机设备,3139.23,3170.76,3098.01,3116.49,-15.53,-0.5,34198.0,590476.0,63.04,3.15,25803269.0,45840197.096972
801101.SI,20201209,计算机设备,3113.02,3150.9,3034.95,3044.48,-72.0,-2.31,42323.0,687142.0,61.66,3.08,25207097.0,44733954.99089
801101.SI,20201210,计算机设备,3032.41,3055.63,2982.8,3003.49,-40.99,-1.35,34114.0,534177.0,60.86,3.04,24867721.0,44133545.888483
801101.SI,20201211,计算机设备,3002.85,3014.21,2887.53,2927.67,-75.82,-2.52,45595.0,696676.0,59.45,2.97,24239935.0,42996785.919576
801101.SI,20201214,计算机设备,2928.03,2959.81,2887.87,2935.27,7.6,0.26,29790.0,429598.0,59.63,2.98,24332242.0,43125902.569894
801101.SI,20201215,计算机设备,2932.99,3020.95,2904.9,2990.86,55.59,1.89,39786.0,638733.0,60.64,3.03,24793077.0,43794958.996475
801101.SI,20201216,计算机设备,2994.32,3013.77,2919.35,2941.01,-49.85,-1.67,44230.0,691641.0,59.71,2.99,24379881.0,43008752.16576
801101.SI,20201217,计算机设备,2942.96,3004.15,2883.99,2986.53,45.51,1.55,49007.0,703557.0,60.73,3.04,24757174.0,43675543.500852
801101.SI,20201218,计算机设备,2992.55,3020.1,2930.77,2947.65,-38.88,-1.3,40739.0,568093.0,59.99,3.0,24434894.0,43107187.678134
801101.SI,20201221,计算机设备,2947.88,3017.91,2920.83,2982.41,34.76,1.18,40604.0,609634.0,60.57,3.03,24723004.0,43573535.307692
801101.SI,20201222,计算机设备,2971.79,3004.78,2892.17,2904.99,-77.41,-2.6,44051.0,673679.0,58.88,2.95,24078545.0,42425794.823218
801101.SI,20201223,计算机设备,2908.9,2956.69,2838.2,2913.52,8.53,0.29,49846.0,720539.0,59.01,2.95,24157745.0,42419143.98049
801101.SI,20201224,计算机设备,2909.1,2961.82,2831.29,2857.55,-55.98,-1.92,55063.0,756100.0,57.88,2.9,23727893.0,41513059.280076
801101.SI,20201225,计算机设备,2853.75,2898.95,2813.39,2857.77,0.22,0.01,40719.0,532860.0,57.95,2.9,23729749.0,41534529.407737
801101.SI,20201228,计算机设备,2852.78,2901.39,2781.46,2825.81,-31.96,-1.12,50862.0,674808.0,57.36,2.87,23464394.0,41040680.250118
801101.SI,20201229,计算机设备,2825.44,2965.07,2809.08,2911.95,86.14,3.05,66977.0,907959.0,59.05,2.95,24179673.0,42311657.002442
801101.SI,20201230,计算机设备,2894.44,2961.91,2854.11,2917.66,5.7,0.2,59856.0,779073.0,58.91,2.95,24227031.0,42351482.461438
801101.SI,20201231,计算机设备,2925.8,3032.97,2908.16,2989.4,71.75,2.46,59029.0,839658.0,60.47,3.03,24822775.0,43364098.051313
801101.SI,20210104,计算机设备,3001.91,3104.44,2975.78,3067.74,78.34,2.62,66650.0,1017506.0,62.16,3.11,25473239.0,44394476.952197
801101.SI,20210105,计算机设备,3037.83,3134.46,3007.03,3078.79,11.05,0.36,73842.0,1074440.0,62.43,3.13,25564890.0,44566493.799879
801101.SI,20210106,计算机设备,3078.07,3108.45,2979.25,3012.32,-66.47,-2.16,59434.0,866115.0,60.93,3.05,25012973.0,43551887.013963
801101.SI,20210107,计算机设备,3004.16,3023.4,2853.4,2900.52,-111.8,-3.71,72462.0,1054287.0,58.53,2.94,24118942.0,41866512.271536
801101.SI,20210108,计算机设备,2892.97,3038.84,2857.3,2986.25,85.73,2.96,71035.0,1089398.0,60.01,3.01,24886006.0,43008762.898676
801101.SI,20210111,计算机设备,2995.65,3078.72,2920.92,2967.19,-19.06,-0.64,82469.0,1281145.0,59.68,2.99,24727204.0,42687500.706684
801101.SI,20210112,计算机设备,2953.57,3022.58,2914.37,2985.74,18.55,0.63,59737.0,890677.0,60.05,3.01,24881773.0,42933691.090215
801101.SI,20210113,计算机设备,2975.49,3019.47,2870.15,2939.84,-45.9,-1.54,66735.0,1057689.0,58.77,2.95,24499267.0,42258905.117677
801101.SI,20210114,计算机设备,2932.8,3030.92,2882.86,2977.24,37.4,1.27,64356.0,1004685.0,59.62,2.99,24804313.0,42842548.140071
801101.SI,20210115,计算机设备,2980.01,3029.37,2896.24,2939.42,-37.82,-1.27,63341.0,905882.0,59.34,2.95,24572777.0,42456381.963297
801101.SI,20210118,计算机设备,2934.25,3032.01,2913.32,2997.13,57.71,1.96,52967.0,792974.0,60.37,3.01,25055177.0,43216059.609619
801101.SI,20210119,计算机设备,3002.92,3072.95,2952.92,2988.74,-8.39,-0.28,55155.0,811796.0,60.43,3.01,24985050.0,43152856.910823
801101.SI,20210120,计算机设备,2977.24,3025.52,2919.51,2975.9,-12.84,-0.43,47043.0,681582.0,60.2,3.0,24882246.0,42990739.169297
801101.SI,20210121,计算机设备,2983.08,3052.94,2950.74,2996.08,20.18,0.68,56136.0,808893.0,60.6,3.02,25051008.0,43245054.037833
801101.SI,20210122,计算机设备,2984.0,3004.03,2874.89,2918.54,-77.54,-2.59,59488.0,911618.0,59.14,2.94,24402639.0,42189362.162714
801101.SI,20210125,计算机设备,2911.65,2978.04,2840.11,2909.31,-9.23,-0.32,54770.0,824385.0,59.24,2.95,24325456.0,41927802.688763
801101.SI,20210126,计算机设备,2907.89,2961.32,2816.72,2844.0,-65.31,-2.24,60508.0,790043.0,57.8,2.88,23779392.0,41176713.73757
801101.SI,20210127,计算机设备,2839.11,2887.72,2774.28,2814.85,-29.15,-1.02,50807.0,645378.0,57.11,2.84,23535675.0,40800628.73273
801101.SI,20210128,计算机设备,2787.05,2850.17,2710.64,2739.09,-75.76,-2.69,48570.0,649759.0,55.83,2.78,22902191.0,39673154.801812
801101.SI,20210129,计算机设备,2756.89,2780.45,2625.84,2677.68,-61.41,-2.24,51443.0,619789.0,54.65,2.72,22388737.0,38815394.711721
801101.SI,20210201,计算机设备,2704.0,2772.16,2671.16,2714.53,36.86,1.38,41235.0,507082.0,55.43,2.76,22696896.0,39334560.12989
801101.SI,20210202,计算机设备,2739.62,2803.97,2684.2,2774.7,60.16,2.22,47882.0,849051.0,56.64,2.82,23149068.0,40113617.335314
801101.SI,20210203,计算机设备,2776.74,2791.24,2672.09,2682.16,-92.54,-3.34,47350.0,733221.0,54.77,2.72,22416916.0,38771462.607678
801101.SI,20210204,计算机设备,2684.34,2709.79,2550.81,2619.82,-62.34,-2.32,47198.0,681238.0,53.27,2.69,22167460.0,38794336.180573
801101.SI,20210205,计算机设备,2622.76,2675.7,2552.06,2570.32,-49.5,-1.89,38488.0,523793.0,52.27,2.64,21748581.0,38111437.154651
801101.SI,20210208,计算机设备,2576.32,2647.25,2528.38,2588.28,17.97,0.7,39653.0,553651.0,52.71,2.66,21900615.0,38360330.319723
801101.SI,20210209,计算机设备,2597.06,2671.4,2570.75,2634.9,46.62,1.8,40542.0,540535.0,53.39,2.71,22295061.0,39030839.5089
801101.SI,20210210,计算机设备,2641.34,2679.28,2600.21,2644.26,9.36,0.36,35648.0,485550.0,53.54,2.71,22374280.0,39155226.7081
801101.SI,20210218,计算机设备,2689.9,2802.32,2667.53,2750.23,105.97,4.01,60667.0,883262.0,55.83,2.83,23270898.0,40736303.46587
801101.SI,20210219,计算机设备,2733.14,2829.83,2704.33,2810.64,60.41,2.2,56934.0,842357.0,56.97,2.89,23799383.0,41616508.431243
801101.SI,20210222,计算机设备,2821.18,2897.42,2774.68,2806.41,-4.23,-0.15,65626.0,955952.0,56.96,2.89,23768875.0,41675994.817259
801101.SI,20210223,计算机设备,2785.42,2845.17,2730.25,2784.76,-21.65,-0.77,48878.0,772353.0,57.02,2.88,23767077.0,42071626.500363
801101.SI,20210224,计算机设备,2783.18,2913.95,2769.18,2844.53,59.77,2.15,65993.0,1050928.0,58.2,2.94,24277200.0,42907996.438114
801101.SI,20210225,计算机设备,2848.01,2894.06,2781.32,2824.42,-20.12,-0.71,55519.0,825948.0,57.87,2.92,24105493.0,42530574.251369
801101.SI,20210226,计算机设备,2778.32,2854.88,2749.73,2810.92,-13.5,-0.48,46212.0,704117.0,57.53,2.9,24004491.0,42308953.495505
801101.SI,20210301,计算机设备,2822.38,2907.79,2807.57,2882.43,71.52,2.54,48241.0,717002.0,59.15,2.99,24617638.0,43441621.664928
801101.SI,20210302,计算机设备,2888.84,2920.06,2812.81,2857.33,-25.1,-0.87,50410.0,729597.0,58.76,2.97,24403269.0,43102791.510074
801101.SI,20210303,计算机设备,2848.63,2889.98,2817.18,2869.13,11.79,0.41,37709.0,560639.0,59.01,2.98,24503980.0,43334985.785765
801101.SI,20210304,计算机设备,2849.87,2892.55,2792.28,2817.81,-51.31,-1.79,45996.0,668492.0,58.04,2.93,24065728.0,42598274.469121
801101.SI,20210305,计算机设备,2797.8,2889.38,2780.06,2856.49,38.68,1.37,43161.0,629835.0,58.82,2.97,24396047.0,43163623.055086
801101.SI,20210308,计算机设备,2863.39,2911.67,2784.26,2806.67,-49.82,-1.74,49157.0,738175.0,57.79,2.92,23970554.0,42463701.641054
801101.SI,20210309,计算机设备,2806.0,2843.94,2693.09,2740.06,-66.6,-2.37,45998.0,681074.0,56.34,2.84,23401728.0,41364911.154193
801101.SI,20210310,计算机设备,2769.75,2788.42,2637.31,2647.52,-92.54,-3.38,40286.0,646642.0,54.26,2.74,22611353.0,40023564.785783
801101.SI,20210311,计算机设备,2655.47,2734.45,2606.29,2709.51,61.99,2.34,37776.0,608176.0,57.3,3.03,23353643.0,40883416.197976
801101.SI,20210312,计算机设备,2709.38,2718.84,2631.7,2661.73,-47.78,-1.76,29934.0,460958.0,56.29,2.97,22941820.0,40155913.1513
801101.SI,20210315,计算机设备,2649.66,2682.63,2598.69,2628.15,-33.58,-1.26,29172.0,391845.0,55.58,2.94,22652356.0,39685072.874083
801101.SI,20210316,计算机设备,2633.11,2684.07,2601.98,2661.23,33.09,1.26,36250.0,431164.0,56.29,2.97,22922949.0,40195061.321795
801101.SI,20210317,计算机设备,2668.22,2708.64,2633.16,2681.26,20.02,0.75,35516.0,437858.0,56.71,3.0,23095429.0,40519245.092884
801101.SI,20210318,计算机设备,2678.4,2695.23,2633.22,2648.18,-33.08,-1.23,30464.0,386509.0,55.13,2.95,22810510.0,40042447.440343
801101.SI,20210319,计算机设备,2620.66,2682.48,2601.44,2638.85,-9.33,-0.35,31741.0,398030.0,54.94,2.94,22730152.0,39952987.988921
801101.SI,20210322,计算机设备,2642.05,2688.55,2627.87,2673.28,34.43,1.3,27441.0,369975.0,55.66,2.97,23026756.0,40477588.037083
801101.SI,20210323,计算机设备,2674.81,2751.74,2646.32,2712.21,38.93,1.46,62515.0,764543.0,55.63,3.01,23362058.0,41146418.808548
801101.SI,20210324,计算机设备,2695.52,2748.0,2659.21,2696.3,-15.9,-0.59,66055.0,752766.0,55.31,2.99,23225059.0,40913712.778
801101.SI,20210325,计算机设备,2685.62,2791.1,2665.75,2746.35,50.05,1.86,76240.0,911387.0,56.33,3.05,23656137.0,41695137.234444
801101.SI,20210326,计算机设备,2740.57,2792.39,2707.65,2762.96,16.61,0.6,75725.0,877474.0,56.86,3.07,23800207.0,42047625.802078
801101.SI,20210329,计算机设备,2772.47,2828.12,2720.41,2749.47,-13.49,-0.49,62532.0,807617.0,57.11,3.06,23683993.0,41833298.234825
801101.SI,20210330,计算机设备,2742.3,2777.17,2690.4,2718.13,-31.34,-1.14,74775.0,838764.0,56.63,3.03,23414020.0,41318061.176618
801101.SI,20210331,计算机设备,2708.19,2773.35,2685.99,2733.06,14.94,0.55,70214.0,786420.0,56.18,3.04,23542698.0,41597072.833532
801101.SI,20210401,计算机设备,2730.96,2766.13,2687.75,2724.12,-8.94,-0.33,65525.0,685413.0,56.0,3.03,23465685.0,41300967.400421
801101.SI,20210402,计算机设备,2741.15,2796.94,2708.44,2753.28,29.16,1.07,67200.0,795096.0,56.6,3.06,23716838.0,41787063.874034
801101.SI,20210406,计算机设备,2754.3,2802.28,2728.68,2762.9,9.62,0.35,58020.0,663668.0,56.79,3.07,23799721.0,41921821.932417
801101.SI,20210407,计算机设备,2753.58,2777.04,2703.97,2742.44,-20.46,-0.74,57742.0,654857.0,56.51,3.05,23623441.0,41640060.528847
801101.SI,20210408,计算机设备,2735.23,2773.9,2697.62,2728.04,-14.4,-0.53,66410.0,679383.0,56.22,3.03,23499399.0,41395398.150361
801101.SI,20210409,计算机设备,2728.72,2749.55,2642.54,2669.83,-58.21,-2.13,63298.0,752570.0,55.02,2.97,22997968.0,40636133.155018
801101.SI,20210412,计算机设备,2662.11,2717.63,2613.14,2644.4,-25.42,-0.95,68074.0,770980.0,53.26,2.81,22778962.0,40271667.8562
801101.SI,20210413,计算机设备,2636.23,2695.98,2599.51,2652.64,8.24,0.31,62034.0,741761.0,53.43,2.82,22852070.0,40433521.982254
801101.SI,20210414,计算机设备,2653.37,2694.71,2618.07,2671.89,19.25,0.73,66777.0,749993.0,53.82,2.84,23017883.0,40679314.925512
801101.SI,20210415,计算机设备,2671.8,2732.46,2638.62,2673.73,1.84,0.07,81981.0,992154.0,53.73,2.83,23033721.0,40666903.994928
801101.SI,20210416,计算机设备,2661.59,2760.74,2640.42,2738.7,64.97,2.43,90299.0,1060737.0,54.47,2.89,23467397.0,41512310.043136
801101.SI,20210419,计算机设备,2734.91,2810.81,2702.22,2782.59,43.89,1.6,111782.0,1282370.0,55.88,2.95,23971543.0,42274830.235059
801101.SI,20210420,计算机设备,2772.46,2812.58,2725.49,2744.93,-37.66,-1.35,93548.0,1069488.0,54.94,2.9,23647070.0,41716612.784979
801101.SI,20210421,计算机设备,2726.35,2787.83,2701.66,2744.31,-0.62,-0.02,81986.0,915841.0,54.86,2.9,23641763.0,41781963.915277
801101.SI,20210422,计算机设备,2736.79,2797.35,2709.21,2757.4,13.09,0.48,84560.0,983027.0,54.55,2.91,23754543.0,41976695.669415
801101.SI,20210423,计算机设备,2745.74,2759.68,2670.85,2698.82,-58.58,-2.12,74728.0,850156.0,53.41,2.85,23249854.0,41087192.15075
801101.SI,20210426,计算机设备,2708.36,2752.69,2646.3,2670.19,-28.63,-1.06,74077.0,905138.0,51.09,2.8,23003206.0,40667682.74071
801101.SI,20210427,计算机设备,2661.26,2700.87,2584.54,2625.22,-44.96,-1.68,70268.0,863616.0,52.41,2.73,22615859.0,40064347.196936
801101.SI,20210428,计算机设备,2614.28,2656.5,2554.03,2613.79,-11.43,-0.44,62737.0,753550.0,50.16,2.69,22517378.0,39750206.9296
801101.SI,20210429,计算机设备,2604.13,2656.34,2580.56,2608.5,-5.29,-0.2,52462.0,652423.0,50.04,2.66,22471777.0,39691704.596308
801101.SI,20210430,计算机设备,2590.85,2629.84,2524.6,2563.58,-44.92,-1.72,64529.0,773028.0,47.95,2.62,22084785.0,39049092.556004
801101.SI,20210506,计算机设备,2560.47,2614.18,2515.03,2560.17,-3.41,-0.13,66476.0,738219.0,40.99,2.61,22055704.0,38997131.922102
801101.SI,20210507,计算机设备,2557.93,2616.35,2520.55,2566.96,6.79,0.27,83218.0,952655.0,41.2,2.63,22380878.0,39115135.914235
801101.SI,20210510,计算机设备,2575.96,2632.89,2531.34,2586.15,19.19,0.75,82625.0,995097.0,41.51,2.65,22548216.0,39425825.393898
801101.SI,20210511,计算机设备,2579.02,2660.99,2525.79,2598.89,12.74,0.49,91215.0,1087012.0,41.96,2.65,22262420.0,39507894.643824
801101.SI,20210512,计算机设备,2576.1,2627.6,2545.51,2608.66,9.77,0.38,66136.0,748372.0,42.11,2.66,22346093.0,39658005.172289
801101.SI,20210513,计算机设备,2581.81,2644.77,2557.76,2590.42,-18.23,-0.7,64858.0,749414.0,41.82,2.64,22189892.0,39377189.267417
801101.SI,20210514,计算机设备,2590.58,2639.79,2564.36,2621.1,30.68,1.18,61875.0,708034.0,42.37,2.68,22503134.0,39850324.127098
801101.SI,20210517,计算机设备,2612.28,2671.09,2566.67,2616.72,-4.38,-0.17,64823.0,777983.0,42.32,2.67,22489915.0,39847143.371213
801101.SI,20210518,计算机设备,2612.03,2684.75,2581.48,2663.11,46.39,1.77,62710.0,794576.0,43.07,2.72,22888661.0,40497133.213315
801101.SI,20210519,计算机设备,2660.31,2707.37,2620.72,2665.53,2.42,0.09,74379.0,984370.0,43.68,2.75,23279221.0,41033443.641999
801101.SI,20210520,计算机设备,2652.54,2683.65,2605.66,2631.81,-33.72,-1.27,64146.0,813610.0,43.18,2.71,22947622.0,40530404.413991
801101.SI,20210521,计算机设备,2636.12,2680.37,2584.36,2617.29,-14.52,-0.55,62352.0,776875.0,42.94,2.7,22821018.0,40332438.505921
801101.SI,20210524,计算机设备,2614.87,2730.66,2583.52,2695.77,78.48,3.0,74740.0,1061531.0,44.23,2.78,23505324.0,41485131.678947
801101.SI,20210525,计算机设备,2693.63,2740.61,2656.84,2716.17,20.4,0.76,70203.0,996940.0,44.56,2.8,23683179.0,41810439.766806
801101.SI,20210526,计算机设备,2718.86,2759.4,2664.14,2686.62,-29.55,-1.09,68298.0,975927.0,44.07,2.77,23429268.0,41395891.220716
801101.SI,20210527,计算机设备,2683.37,2746.73,2666.57,2720.06,33.44,1.24,60407.0,830641.0,44.62,2.8,23720909.0,41882431.542627
801101.SI,20210528,计算机设备,2716.88,2754.48,2669.3,2698.93,-21.13,-0.78,62625.0,850349.0,44.27,2.79,23536632.0,41518921.122145
801101.SI,20210531,计算机设备,2706.53,2761.53,2678.1,2739.89,40.96,1.52,57546.0,796577.0,44.95,2.83,23893810.0,42178975.226578
801101.SI,20210601,计算机设备,2733.17,2795.51,2703.88,2764.17,24.28,0.89,68519.0,902385.0,45.34,2.85,24105580.0,42602888.814918
801101.SI,20210602,计算机设备,2759.22,2777.01,2684.29,2698.26,-65.91,-2.38,56593.0,735802.0,44.26,2.79,23530819.0,41608831.235551
801101.SI,20210603,计算机设备,2702.34,2764.63,2674.07,2690.07,-8.19,-0.3,52049.0,705129.0,44.13,2.78,23465479.0,41439316.814687
801101.SI,20210604,计算机设备,2682.76,2734.17,2649.7,2682.98,-7.1,-0.26,50470.0,680986.0,44.02,2.77,23403556.0,41307091.691374
801101.SI,20210607,计算机设备,2690.15,2774.3,2669.67,2749.01,66.04,2.46,64026.0,863680.0,45.1,2.84,23979608.0,42294229.36163
801101.SI,20210608,计算机设备,2751.12,2789.55,2706.43,2738.77,-10.24,-0.37,59033.0,773011.0,44.93,2.83,23890287.0,42135805.065623
801101.SI,20210609,计算机设备,2736.15,2778.94,2690.23,2727.06,-11.71,-0.43,53383.0,670668.0,44.69,2.81,23762557.0,41929012.983839
801101.SI,20210610,计算机设备,2726.13,2838.04,2709.35,2821.13,94.07,3.45,94960.0,1236628.0,46.29,2.91,24612019.0,43422527.5211
801101.SI,20210611,计算机设备,2823.63,2871.61,2756.53,2781.48,-39.65,-1.41,100295.0,1258635.0,45.64,2.87,24266065.0,42855792.306301
801101.SI,20210615,计算机设备,2778.24,2821.17,2710.54,2750.4,-31.07,-1.12,82329.0,992429.0,45.13,2.84,23994970.0,42462116.590133
801101.SI,20210616,计算机设备,2746.92,2802.83,2692.28,2734.12,-16.29,-0.59,74517.0,868956.0,44.86,2.82,23852895.0,42165085.348524
801101.SI,20210617,计算机设备,2735.23,2823.65,2696.12,2788.41,54.29,1.99,79630.0,960947.0,45.75,2.88,24326573.0,42957237.768857
801101.SI,20210618,计算机设备,2786.13,2849.5,2744.81,2798.51,10.09,0.36,80754.0,1020899.0,45.92,2.89,24414636.0,43121416.010263
801101.SI,20210621,计算机设备,2784.57,2898.22,2759.75,2848.09,49.58,1.77,78180.0,1029910.0,46.73,2.94,24847223.0,43880772.965204
801101.SI,20210622,计算机设备,2845.5,2882.52,2783.49,2815.27,-32.82,-1.15,68150.0,879368.0,46.19,2.91,24560922.0,43394877.225487
801101.SI,20210623,计算机设备,2809.15,2891.77,2767.32,2852.44,37.17,1.32,71876.0,1007490.0,46.8,2.95,24885161.0,43930444.130747
801101.SI,20210624,计算机设备,2846.36,2874.31,2771.82,2791.17,-61.26,-2.15,61839.0,805774.0,45.86,2.88,24277663.0,43014115.771716
801101.SI,20210625,计算机设备,2787.08,2842.23,2744.39,2792.59,1.41,0.05,53139.0,747503.0,45.89,2.88,24289934.0,43040398.284294
801101.SI,20210628,计算机设备,2790.42,2837.9,2759.87,2795.18,2.6,0.09,45620.0,607269.0,45.93,2.89,24312531.0,43083567.785615
801101.SI,20210629,计算机设备,2794.25,2837.97,2728.22,2750.58,-44.61,-1.6,59103.0,778635.0,45.19,2.84,23929399.0,42495849.077965
801101.SI,20210630,计算机设备,2757.42,2823.75,2728.38,2789.26,38.69,1.41,69626.0,881343.0,45.83,2.88,24265756.0,43069197.428049
801101.SI,20210701,计算机设备,2798.14,2822.59,2699.5,2711.96,-77.3,-2.77,68370.0,881913.0,44.57,2.8,23593267.0,41854205.613013
801101.SI,20210702,计算机设备,2708.2,2749.26,2658.21,2686.83,-25.13,-0.93,52326.0,700122.0,44.15,2.77,23374629.0,41478313.731428
801101.SI,20210705,计算机设备,2696.72,2761.35,2668.53,2731.71,44.88,1.67,54837.0,719973.0,44.93,2.82,23765096.0,42137208.923615
801101.SI,20210706,计算机设备,2727.73,2772.18,2684.46,2739.75,8.03,0.29,58800.0,759155.0,45.02,2.83,23832727.0,42299611.049321
801101.SI,20210707,计算机设备,2716.91,2765.56,2677.44,2739.84,0.09,0.0,51882.0,724596.0,45.0,2.83,23867347.0,42236277.726938
801101.SI,20210708,计算机设备,2736.44,2827.36,2690.53,2784.24,44.39,1.62,80136.0,1146584.0,45.74,2.87,24260393.0,42774737.932434
801101.SI,20210709,计算机设备,2762.02,2807.62,2717.3,2764.62,-19.62,-0.7,57948.0,853991.0,45.41,2.85,24089417.0,42466333.980502
801101.SI,20210712,计算机设备,2775.6,2884.2,2749.68,2849.75,85.14,3.08,83965.0,1211893.0,46.81,2.94,24831281.0,43748476.680318
801101.SI,20210713,计算机设备,2865.05,2954.16,2818.55,2881.07,31.32,1.1,99910.0,1573514.0,47.33,2.97,25104182.0,44237111.95972
801101.SI,20210714,计算机设备,2858.57,2911.43,2797.86,2835.91,-45.16,-1.57,84232.0,1222487.0,46.59,2.93,24710641.0,43567638.823074
801101.SI,20210715,计算机设备,2847.1,2897.1,2779.58,2836.85,0.94,0.03,90767.0,1456583.0,46.6,2.93,24719542.0,43394882.306478
801101.SI,20210716,计算机设备,2836.23,2912.03,2798.26,2850.1,13.25,0.47,79342.0,1383856.0,46.82,2.94,24834999.0,43511241.436164
801101.SI,20210719,计算机设备,2848.03,2929.48,2801.49,2890.62,40.52,1.42,76780.0,1248821.0,47.49,2.98,25188082.0,44055518.093116
801101.SI,20210720,计算机设备,2858.39,2905.0,2817.74,2868.15,-22.47,-0.78,59087.0,910610.0,47.12,2.96,24992292.0,43748952.093126
801101.SI,20210721,计算机设备,2869.56,2934.85,2842.48,2899.28,31.13,1.09,66726.0,1018673.0,47.63,2.99,25263552.0,44227692.373271
801101.SI,20210722,计算机设备,2914.29,2956.63,2860.57,2897.78,-1.5,-0.05,70543.0,1130455.0,47.6,2.99,25257944.0,44192657.119272
801101.SI,20210723,计算机设备,2895.0,2917.41,2805.49,2830.68,-67.1,-2.32,73063.0,1043939.0,46.5,2.92,24673048.0,43171636.615721
801101.SI,20210726,计算机设备,2820.78,2877.66,2740.09,2800.08,-30.6,-1.08,64261.0,967914.0,45.99,2.89,24406325.0,42701915.671039
801101.SI,20210727,计算机设备,2812.87,2924.23,2763.72,2811.24,11.16,0.4,84807.0,1368128.0,46.18,2.9,24503596.0,42835080.145992
801101.SI,20210728,计算机设备,2786.06,2851.82,2661.21,2732.45,-78.79,-2.8,73446.0,1062271.0,44.88,2.82,23816828.0,41597647.121298
801101.SI,20210729,计算机设备,2767.52,2851.92,2742.31,2812.94,80.49,2.95,66805.0,1057486.0,46.19,2.91,24503360.0,42782854.092103
801101.SI,20210730,计算机设备,2813.56,2879.11,2759.01,2840.19,27.26,0.97,73365.0,1151914.0,46.64,2.93,24740801.0,43255968.945196
801101.SI,20210802,计算机设备,2839.99,2944.03,2805.35,2917.1,76.91,2.71,78459.0,1304405.0,47.89,3.01,25458022.0,44441912.701641
801101.SI,20210803,计算机设备,2914.05,2979.81,2840.26,2887.62,-29.48,-1.01,78800.0,1312008.0,47.41,2.98,25200724.0,44083802.58731
801101.SI,20210804,计算机设备,2878.13,2967.57,2851.55,2922.58,34.96,1.21,66168.0,1094264.0,47.98,3.02,25505824.0,44614874.531854
801101.SI,20210805,计算机设备,2908.09,2952.18,2837.28,2887.48,-35.1,-1.2,67102.0,1041531.0,47.41,2.98,25199522.0,44128204.825738
801101.SI,20210806,计算机设备,2895.13,2970.62,2825.91,2920.2,32.72,1.13,65451.0,1170709.0,47.95,3.02,25485058.0,44491821.849095
801101.SI,20210809,计算机设备,2938.79,2999.8,2881.85,2939.03,18.83,0.64,64916.0,1204164.0,48.25,3.04,25649405.0,44830357.99914
801101.SI,20210810,计算机设备,2926.29,3017.1,2886.72,2973.92,34.88,1.19,66348.0,1213838.0,48.83,3.07,25953825.0,45342705.511304
801101.SI,20210811,计算机设备,2970.23,3007.18,2907.61,2955.71,-18.21,-0.61,61857.0,1020623.0,48.52,3.05,25801834.0,45080871.17597
801101.SI,20210812,计算机设备,2969.5,3052.06,2922.15,2965.47,9.76,0.33,77300.0,1215923.0,48.69,3.06,25980040.0,45624378.859923
801101.SI,20210813,计算机设备,2955.69,2974.17,2873.57,2904.55,-60.92,-2.05,67125.0,1035640.0,47.69,3.0,25446306.0,44720541.483149
801101.SI,20210816,计算机设备,2899.5,2953.6,2859.39,2890.39,-14.16,-0.49,50692.0,785125.0,47.45,2.99,25322274.0,44536496.580158
801101.SI,20210817,计算机设备,2886.07,2912.33,2771.16,2794.94,-95.45,-3.3,63112.0,943936.0,45.88,2.89,24486020.0,43079269.564501
801101.SI,20210818,计算机设备,2789.0,2867.81,2759.8,2837.46,42.52,1.52,60965.0,824064.0,46.58,2.93,24858570.0,43772870.262181
801101.SI,20210819,计算机设备,2831.07,2896.19,2798.39,2834.71,-2.75,-0.1,54441.0,796698.0,46.54,2.93,24834509.0,43712446.112305
801101.SI,20210820,计算机设备,2829.11,2884.45,2776.67,2848.35,13.64,0.48,52471.0,757867.0,46.76,2.94,24954012.0,43839610.756232
801101.SI,20210823,计算机设备,2855.14,2946.24,2834.61,2916.4,68.05,2.39,62558.0,987610.0,47.88,3.0,25550177.0,44976872.093402
801101.SI,20210824,计算机设备,2912.64,2974.21,2865.65,2934.89,18.49,0.63,60978.0,992029.0,48.19,3.02,25712179.0,45289126.549607
801101.SI,20210825,计算机设备,2933.93,2993.74,2897.26,2953.37,18.47,0.63,51303.0,844443.0,48.49,3.04,25874031.0,45608208.585987
801101.SI,20210826,计算机设备,2955.19,3013.97,2884.13,2902.97,-50.39,-1.71,57878.0,970373.0,47.67,2.99,25432535.0,45072718.825004
801101.SI,20210827,计算机设备,2890.52,2956.31,2819.64,2896.93,-6.04,-0.21,58145.0,852293.0,47.59,3.0,25289586.0,44926041.553669
801101.SI,20210830,计算机设备,2947.94,3021.95,2876.87,2933.5,36.56,1.26,72508.0,1193059.0,48.16,3.05,25584300.0,45492477.756636
801101.SI,20210831,计算机设备,2917.98,2954.62,2837.46,2895.83,-37.67,-1.28,61434.0,927136.0,47.58,3.01,25271816.0,44958857.095756
801101.SI,20210901,计算机设备,2896.15,2967.81,2830.01,2924.4,28.57,0.99,64011.0,967742.0,51.85,3.09,25432839.0,45437908.150056
801101.SI,20210902,计算机设备,2908.68,2962.44,2864.14,2918.49,-5.91,-0.2,56982.0,823934.0,51.72,3.08,25396573.0,45362133.729817
801101.SI,20210903,计算机设备,2929.12,2988.68,2877.48,2927.77,9.28,0.32,73153.0,1028762.0,51.98,3.1,25531709.0,45514828.745343
801101.SI,20210906,计算机设备,2933.47,3012.25,2877.65,2954.26,26.49,0.9,67503.0,969801.0,52.46,3.12,25754015.0,45934181.88529
801101.SI,20210907,计算机设备,2953.0,3012.73,2913.36,2972.09,17.83,0.6,66099.0,911277.0,52.77,3.14,25909428.0,46212683.520713
801101.SI,20210908,计算机设备,2976.1,3017.51,2924.5,2974.51,2.42,0.08,63269.0,870827.0,52.84,3.14,25967102.0,46253761.139241
801101.SI,20210909,计算机设备,2969.63,3011.26,2926.15,2968.87,-5.64,-0.19,57824.0,810764.0,52.74,3.14,25917861.0,46142038.894047
801101.SI,20210910,计算机设备,2973.33,3014.05,2923.94,2953.97,-14.9,-0.5,57682.0,843335.0,52.47,3.12,25778980.0,45898573.247308
801101.SI,20210913,计算机设备,2954.1,2996.78,2888.0,2930.81,-23.15,-0.78,47160.0,725942.0,52.06,3.1,25576917.0,45587718.120811
801101.SI,20210914,计算机设备,2937.99,3004.48,2880.57,2926.88,-3.94,-0.13,56392.0,770143.0,51.99,3.09,25542551.0,45507934.687114
801101.SI,20210915,计算机设备,2929.22,2956.76,2853.49,2885.2,-41.68,-1.42,45738.0,788107.0,51.25,3.05,25178848.0,44901080.756153
801101.SI,20210916,计算机设备,2877.36,2918.94,2804.87,2825.71,-59.49,-2.06,51246.0,725748.0,50.19,2.99,24659666.0,44022177.2449
801101.SI,20210917,计算机设备,2828.13,2867.11,2765.09,2828.97,3.26,0.12,42434.0,594046.0,50.26,2.99,24688093.0,44056135.685718
801101.SI,20210922,计算机设备,2786.66,2869.88,2770.16,2841.37,12.41,0.44,37249.0,505113.0,50.52,3.0,24826903.0,44243823.928604
801101.SI,20210923,计算机设备,2845.53,2910.43,2818.94,2873.01,31.63,1.11,42893.0,577198.0,51.08,3.03,25104500.0,44704719.34183
801101.SI,20210924,计算机设备,2866.29,2926.18,2823.48,2867.97,-5.03,-0.18,37919.0,600307.0,50.99,3.03,25072357.0,44602114.075505
801101.SI,20210927,计算机设备,2883.55,2925.8,2768.64,2805.46,-62.51,-2.18,42875.0,705583.0,49.88,2.96,24525859.0,43585888.110826
801101.SI,20210928,计算机设备,2800.42,2827.75,2747.79,2787.35,-18.11,-0.65,25299.0,399857.0,49.56,2.94,24369828.0,43328994.945479
801101.SI,20210929,计算机设备,2771.19,2786.95,2675.84,2696.55,-90.79,-3.26,34057.0,519939.0,47.95,2.85,23573760.0,41950916.357085
801101.SI,20210930,计算机设备,2711.42,2763.55,2697.23,2733.13,36.58,1.36,22973.0,345628.0,48.6,2.89,23896507.0,42535546.741765
801101.SI,20211008,计算机设备,2762.71,2823.85,2728.1,2780.9,47.77,1.75,30443.0,440221.0,49.45,2.94,24314201.0,43272935.164334
801101.SI,20211011,计算机设备,2788.07,2833.7,2755.83,2791.79,10.89,0.39,26103.0,394997.0,49.65,2.95,24410589.0,
801101.SI,20211012,计算机设备,2782.0,2798.12,2701.73,2732.55,-59.24,-2.12,27220.0,409602.0,48.59,2.89,23892585.0,
801101.SI,20211013,计算机设备,2739.55,2769.56,2704.06,2748.45,15.9,0.58,22645.0,338999.0,48.87,2.9,24031621.0,42760352.931319
801101.SI,20211014,计算机设备,2748.16,2772.3,2708.63,2740.42,-8.03,-0.29,21114.0,301019.0,48.73,2.89,23961430.0,42638227.67312
801101.SI,20211015,计算机设备,2759.19,2813.01,2723.64,2762.92,22.5,0.82,35006.0,607691.0,49.13,2.92,24155733.0,42901003.83256
801101.SI,20211018,计算机设备,2755.63,2800.59,2712.15,2753.9,-9.02,-0.33,27509.0,459747.0,48.97,2.91,24088265.0,42737653.946102
801101.SI,20211019,计算机设备,2749.52,2799.31,2728.4,2769.46,15.56,0.57,25682.0,448901.0,49.28,2.92,24240251.0,42976216.457137
801101.SI,20211020,计算机设备,2792.82,2864.42,2748.15,2784.9,15.44,0.56,39375.0,608731.0,49.55,2.94,24375399.0,43220817.41004
801101.SI,20211021,计算机设备,2763.52,2806.24,2736.95,2765.5,-19.4,-0.7,31973.0,438765.0,49.27,2.92,24236896.0,42877215.501624
801101.SI,20211022,计算机设备,2758.85,2813.69,2734.24,2774.1,8.6,0.31,28832.0,451337.0,49.42,2.93,24312241.0,42985431.7751
801101.SI,20211025,计算机设备,2763.28,2797.55,2726.86,2771.88,-2.23,-0.08,28864.0,414053.0,49.38,2.92,24292737.0,42978057.777904
801101.SI,20211026,计算机设备,2770.24,2819.09,2735.59,2770.14,-1.74,-0.06,30750.0,488805.0,49.34,2.92,24277502.0,42961298.13601
801101.SI,20211027,计算机设备,2765.89,2802.72,2678.3,2724.06,-46.07,-1.66,36945.0,593119.0,48.53,2.86,23871000.0,42252267.312352
801101.SI,20211028,计算机设备,2718.18,2753.95,2669.59,2700.18,-23.88,-0.88,27067.0,436890.0,47.99,2.83,23661727.0,41863593.900501
801101.SI,20211029,计算机设备,2704.94,2783.02,2681.21,2760.71,60.53,2.24,28401.0,512900.0,49.08,2.88,24141316.0,42799612.720394
801101.SI,20211101,计算机设备,2766.73,2816.82,2707.5,2767.59,6.88,0.25,29298.0,541640.0,48.6,2.83,24201491.0,42938296.665045
801101.SI,20211102,计算机设备,2764.35,2817.12,2705.6,2745.25,-22.34,-0.81,33819.0,513617.0,48.21,2.81,24006136.0,42596307.979875
801101.SI,20211103,计算机设备,2751.06,2818.9,2729.55,2780.55,35.3,1.29,27253.0,475907.0,48.82,2.85,24314798.0,43140142.270914
801101.SI,20211104,计算机设备,2778.23,2831.08,2746.64,2791.87,11.32,0.41,30816.0,562150.0,49.36,2.89,24486624.0,43995640.895856
801101.SI,20211105,计算机设备,2795.27,2862.01,2772.06,2818.9,27.03,0.97,41583.0,654530.0,49.85,2.91,24704017.0,44405130.266781
801101.SI,20211108,计算机设备,2815.55,2858.97,2771.12,2821.75,2.84,0.1,32020.0,532223.0,49.9,2.92,24729878.0,44410836.57598
801101.SI,20211109,计算机设备,2821.59,2895.57,2797.18,2871.56,49.81,1.77,39151.0,632218.0,50.78,2.97,25166441.0,45184862.718943
801101.SI,20211110,计算机设备,2877.51,2943.62,2844.46,2887.34,15.78,0.55,46339.0,720329.0,51.07,2.98,25304729.0,45458288.048851
801101.SI,20211111,计算机设备,2879.0,2942.22,2857.82,2905.55,18.21,0.63,41000.0,591888.0,51.39,3.0,25464342.0,45734413.478152
801101.SI,20211112,计算机设备,2904.59,2973.55,2879.86,2956.7,51.15,1.76,40402.0,655680.0,52.29,3.06,25912589.0,46526250.78788
801101.SI,20211115,计算机设备,2965.28,3027.36,2904.4,2951.87,-4.83,-0.16,48589.0,801684.0,52.12,3.05,25921307.0,46488838.503206
801101.SI,20211116,计算机设备,2951.2,3025.45,2906.11,2946.47,-5.4,-0.18,54728.0,944835.0,52.03,3.04,25873908.0,46304961.223416
801101.SI,20211117,计算机设备,2941.77,2986.47,2901.92,2960.03,13.56,0.46,44458.0,688365.0,52.16,3.06,25936880.0,46528547.947322
801101.SI,20211118,计算机设备,2956.9,2995.64,2901.51,2913.13,-46.9,-1.58,43317.0,655268.0,51.33,3.01,25525923.0,45809028.588703
801101.SI,20211119,计算机设备,2921.19,2991.02,2897.96,2958.29,45.16,1.55,39491.0,635794.0,52.1,3.06,25909763.0,46556340.478452
801101.SI,20211122,计算机设备,2960.32,3038.15,2920.67,3004.13,45.84,1.55,47069.0,821371.0,52.91,3.1,26311247.0,47358027.342222
801101.SI,20211123,计算机设备,3008.58,3068.14,2975.07,3033.57,29.44,0.98,48700.0,822887.0,53.43,3.13,26569090.0,47863527.580994
801101.SI,20211124,计算机设备,3038.44,3076.08,2962.17,2999.84,-33.73,-1.11,50816.0,937510.0,52.83,3.1,26273634.0,47344622.232337
801101.SI,20211125,计算机设备,2998.83,3051.2,2947.61,2986.35,-13.48,-0.45,47509.0,868425.0,52.59,3.08,26155535.0,47122176.414964
801101.SI,20211126,计算机设备,2979.57,3097.02,2919.93,3022.93,36.57,1.22,103360.0,1424132.0,53.24,3.12,26475847.0,47768865.725015
801101.SI,20211129,计算机设备,2975.39,3032.15,2933.04,2985.96,-36.97,-1.22,82991.0,1076473.0,52.56,3.08,26174674.0,47182087.557998
801101.SI,20211130,计算机设备,2994.65,3089.39,2968.77,3042.67,56.72,1.9,94222.0,1246078.0,53.59,3.15,26670657.0,48170962.725513
801101.SI,20211201,计算机设备,3036.01,3091.19,2996.7,3051.83,9.16,0.3,71393.0,996863.0,53.75,3.16,26750830.0,48341712.675363
801101.SI,20211202,计算机设备,3049.59,3073.22,2977.25,3008.42,-43.41,-1.42,61123.0,869163.0,52.88,3.12,26404149.0,47677890.720799
801101.SI,20211203,计算机设备,3014.65,3086.82,2986.95,3041.42,33.0,1.1,62613.0,887203.0,53.45,3.15,26693822.0,48283561.776808
801101.SI,20211206,计算机设备,3036.97,3076.49,2975.89,3000.13,-41.29,-1.36,63280.0,930697.0,52.73,3.11,26331420.0,47648992.94665
801101.SI,20211207,计算机设备,3005.32,3056.14,2930.73,2987.49,-12.64,-0.42,63914.0,960393.0,52.51,3.09,26220513.0,47415242.416904
801101.SI,20211208,计算机设备,2989.21,3083.37,2966.6,3049.01,61.52,2.06,64529.0,1023459.0,53.61,3.16,26773299.0,48347716.451071
801101.SI,20211209,计算机设备,3049.16,3138.07,3022.67,3082.31,33.3,1.09,68212.0,1156567.0,54.2,3.19,27067669.0,48890322.650637
801101.SI,20211210,计算机设备,3074.73,3108.26,3018.94,3047.12,-35.19,-1.14,56759.0,892594.0,53.58,3.16,26760442.0,48354064.174674
801101.SI,20211213,计算机设备,3055.86,3129.81,3018.14,3063.1,15.98,0.52,79916.0,1373294.0,38.25,4.06,47491658.0,105911190.130491
801101.SI,20211214,计算机设备,3060.55,3152.15,3032.85,3108.34,45.24,1.48,108080.0,1704294.0,38.82,4.12,48193087.0,107424812.862929
801101.SI,20211215,计算机设备,3099.39,3149.25,3040.76,3064.79,-43.55,-1.4,100217.0,1691094.0,38.27,4.06,47517855.0,105477995.421367
801101.SI,20211216,计算机设备,3065.27,3108.11,3013.31,3063.1,-1.69,-0.06,82139.0,1298822.0,38.25,4.06,47491679.0,105608771.814075
801101.SI,20211217,计算机设备,3056.46,3104.08,2989.64,3030.89,-32.21,-1.05,107656.0,1612781.0,37.85,4.01,46992348.0,104737713.127369
801101.SI,20211220,计算机设备,3013.58,3055.54,2958.64,2980.0,-50.89,-1.68,79362.0,1201166.0,37.22,3.95,46206461.0,102967869.95387
801101.SI,20211221,计算机设备,2978.67,3040.09,2961.94,3004.07,24.06,0.81,80074.0,1080673.0,37.52,3.98,46603750.0,103761049.364895
801101.SI,20211222,计算机设备,3009.81,3049.79,2961.25,2990.88,-13.18,-0.44,79484.0,1201070.0,37.35,3.96,46399240.0,103234981.706414
801101.SI,20211223,计算机设备,2990.54,3043.89,2953.69,2992.26,1.37,0.05,78913.0,1260976.0,37.37,3.96,46430795.0,103142760.839992
801101.SI,20211224,计算机设备,2988.19,3026.75,2917.47,2961.18,-31.07,-1.04,87348.0,1282817.0,36.98,3.92,45949925.0,102181757.17466
801101.SI,20211227,计算机设备,2963.21,3001.25,2923.84,2972.59,11.41,0.39,65791.0,1013776.0,37.12,3.94,46126928.0,102560428.348017
801101.SI,20211228,计算机设备,2975.82,3095.22,2957.45,3051.91,79.32,2.67,92286.0,1470737.0,38.12,4.04,47359446.0,105481825.876602
801101.SI,20211229,计算机设备,3043.62,3078.85,2988.97,3029.0,-22.92,-0.75,89808.0,1300069.0,37.83,4.01,47005475.0,104675582.167111
801101.SI,20211230,计算机设备,3027.93,3115.33,2998.31,3040.98,11.98,0.4,99134.0,1470160.0,38.01,4.03,47194786.0,104921322.321801
801101.SI,20211231,计算机设备,3053.6,3113.99,3000.3,3076.41,35.43,1.17,97053.0,1469782.0,38.45,4.08,47744081.0,106217062.463706
801101.SI,20220104,计算机设备,3100.2,3168.21,3040.82,3117.55,41.14,1.34,132158.0,2030049.0,38.97,4.13,48382549.0,107342574.066224
801101.SI,20220105,计算机设备,3110.91,3151.7,3026.27,3062.84,-54.71,-1.76,136418.0,2091742.0,38.28,4.06,47535352.0,105352850.269226
801101.SI,20220106,计算机设备,3044.89,3095.21,2987.33,3038.13,-24.71,-0.81,104999.0,1671042.0,37.98,4.03,47151801.0,104140010.25397
801101.SI,20220107,计算机设备,3047.84,3108.29,2980.97,3000.21,-37.91,-1.25,141144.0,2049668.0,37.46,3.97,46488337.0,103003685.189114
801101.SI,20220110,计算机设备,2986.24,3091.74,2936.27,3042.92,42.71,1.42,128338.0,2088548.0,38.17,4.04,46921332.0,104320382.229826
801101.SI,20220111,计算机设备,3038.36,3070.65,2972.52,2994.91,-48.0,-1.58,106294.0,1597949.0,37.57,3.97,46182119.0,102770124.237551
801101.SI,20220112,计算机设备,2997.53,3036.35,2948.11,2997.55,2.64,0.09,93375.0,1400374.0,37.6,3.98,46222783.0,102685819.299975
801101.SI,20220113,计算机设备,3018.65,3061.13,2930.65,2956.72,-40.83,-1.36,116062.0,1732675.0,37.09,3.92,45595832.0,101187673.168563
801101.SI,20220114,计算机设备,2943.73,2998.59,2908.94,2948.09,-8.63,-0.29,102209.0,1563885.0,36.99,3.91,45453393.0,101079658.682184
801101.SI,20220117,计算机设备,2973.54,3098.9,2955.45,3070.36,122.27,4.15,160213.0,2583022.0,38.52,4.08,47341436.0,104609580.222043
801101.SI,20220118,计算机设备,3081.43,3220.36,3027.85,3094.65,24.29,0.79,194505.0,3301035.0,38.83,4.11,47715899.0,105839741.725851
801101.SI,20220119,计算机设备,3074.22,3157.52,3030.24,3084.23,-10.42,-0.34,134071.0,2100659.0,38.7,4.09,47562598.0,105325954.485605
801101.SI,20220120,计算机设备,3091.42,3129.33,3002.78,3058.0,-26.23,-0.85,145242.0,2222980.0,38.38,4.06,47158034.0,104313503.856109
801101.SI,20220121,计算机设备,3043.76,3099.56,2977.82,3024.4,-33.6,-1.1,143970.0,1971213.0,37.96,4.01,46639890.0,103298763.584997
801101.SI,20220124,计算机设备,2999.26,3105.48,2970.6,3028.42,4.02,0.13,130489.0,2010982.0,38.01,4.02,46831123.0,103818309.972975
801101.SI,20220125,计算机设备,3007.96,3046.8,2890.78,2906.05,-122.37,-4.04,151708.0,2155227.0,36.47,3.86,44942016.0,100105566.549344
801101.SI,20220126,计算机设备,2912.61,2980.81,2859.34,2926.32,20.27,0.7,115977.0,1695695.0,36.72,3.88,45253952.0,101150549.422505
801101.SI,20220127,计算机设备,2926.17,2940.7,2765.86,2792.54,-133.78,-4.57,128367.0,1769607.0,35.05,3.71,43185111.0,96959907.98281
801101.SI,20220128,计算机设备,2798.19,2872.27,2745.64,2791.95,-0.58,-0.02,108563.0,1510035.0,35.05,3.71,43177054.0,96617955.08258
801101.SI,20220207,计算机设备,2832.88,2853.82,2712.95,2738.07,-53.88,-1.93,101384.0,1564759.0,34.36,3.63,42347412.0,94629598.725988
801101.SI,20220208,计算机设备,2728.91,2798.06,2674.2,2780.6,42.53,1.55,111157.0,1559361.0,34.9,3.69,43007551.0,95926391.797283
801101.SI,20220209,计算机设备,2782.5,2904.6,2770.19,2883.45,102.85,3.7,150124.0,2242248.0,36.37,3.84,44598632.0,99469145.663573
801101.SI,20220210,计算机设备,2879.51,2910.75,2821.13,2866.0,-17.44,-0.6,127710.0,2006526.0,36.14,3.82,44328817.0,98950729.038939
801101.SI,20220211,计算机设备,2850.2,2898.02,2792.6,2821.93,-44.08,-1.54,152397.0,2220170.0,35.61,3.76,43729902.0,97706704.676849
801101.SI,20220214,计算机设备,2790.64,2847.67,2743.47,2804.68,-17.25,-0.61,124167.0,1673579.0,35.39,3.74,43462588.0,97175187.192482
801101.SI,20220215,计算机设备,2803.11,2849.59,2761.01,2808.98,4.3,0.15,115201.0,1559199.0,35.45,3.75,43529285.0,97481702.905012
801101.SI,20220216,计算机设备,2830.85,2864.39,2785.39,2810.61,1.62,0.06,111896.0,1651919.0,33.87,4.11,52538214.0,97608354.811287
801101.SI,20220217,计算机设备,2790.04,2843.54,2767.67,2795.4,-15.2,-0.54,116777.0,1616366.0,33.69,4.09,52254006.0,97067132.814715
801101.SI,20220218,计算机设备,2798.66,2859.16,2779.68,2841.1,45.7,1.63,109980.0,1574718.0,34.25,4.16,53113075.0,98512685.594444
801101.SI,20220221,计算机设备,2857.95,2965.54,2845.43,2942.2,101.1,3.56,145886.0,2242630.0,35.47,4.3,55003114.0,101907039.302155
801101.SI,20220222,计算机设备,2915.43,2956.23,2855.88,2902.45,-39.75,-1.35,153245.0,2263685.0,34.99,4.24,54262046.0,100485985.045165
801101.SI,20220223,计算机设备,2936.95,3017.52,2899.84,2981.61,79.17,2.73,149819.0,2341015.0,35.94,4.36,55742092.0,103242179.217806
801101.SI,20220224,计算机设备,2958.44,3004.71,2836.07,2888.0,-93.61,-3.14,183501.0,2657718.0,34.81,4.22,53991977.0,100022598.049295
801101.SI,20220225,计算机设备,2903.64,2962.61,2872.91,2898.72,10.72,0.37,110605.0,1629001.0,34.95,4.24,54232562.0,100361025.141403
801101.SI,20220228,计算机设备,2907.85,2937.93,2829.1,2895.55,-3.18,-0.11,104184.0,1563292.0,34.91,4.23,54173159.0,100285618.313659
801101.SI,20220301,计算机设备,2898.1,2946.49,2855.47,2902.04,6.49,0.22,101832.0,1672398.0,34.98,4.24,54296031.0,100470512.595709
801101.SI,20220302,计算机设备,2884.89,2932.82,2851.9,2901.18,-0.86,-0.03,101880.0,1646851.0,34.98,4.24,54287555.0,100439377.544808
801101.SI,20220303,计算机设备,2912.89,2924.26,2840.81,2857.98,-43.2,-1.49,97106.0,1587207.0,34.46,4.18,53500713.0,99032930.833176
801101.SI,20220304,计算机设备,2836.93,2872.31,2785.6,2811.2,-46.78,-1.64,91261.0,1439617.0,33.89,4.11,52625023.0,97395232.454267
801101.SI,20220307,计算机设备,2794.76,2806.91,2688.67,2716.53,-94.67,-3.37,82037.0,1358012.0,32.76,3.97,50857451.0,94121329.169423
801101.SI,20220308,计算机设备,2720.0,2764.05,2639.21,2671.1,-45.43,-1.67,100129.0,1485431.0,32.21,3.9,50006907.0,92529904.861755
801101.SI,20220309,计算机设备,2670.81,2701.29,2482.88,2641.05,-30.05,-1.12,115762.0,1730139.0,31.85,3.86,49438696.0,91455892.255339
801101.SI,20220310,计算机设备,2697.98,2734.01,2643.22,2678.8,37.75,1.43,93706.0,1471205.0,32.31,3.92,50147593.0,92759752.797291
801101.SI,20220311,计算机设备,2633.97,2758.08,2582.94,2742.67,63.86,2.38,105258.0,1635559.0,33.08,4.01,51343107.0,94949050.628968
801101.SI,20220314,计算机设备,2711.69,2767.37,2632.93,2647.76,-94.9,-3.46,95038.0,1530345.0,31.94,3.87,49566501.0,91586202.375053
801101.SI,20220315,计算机设备,2623.02,2673.38,2529.25,2542.23,-105.54,-3.99,107873.0,1692031.0,30.67,3.72,47591746.0,87919445.330124
801101.SI,20220316,计算机设备,2581.96,2651.65,2459.16,2622.68,80.45,3.16,130607.0,1992752.0,31.61,3.84,49097767.0,90628628.95744
801101.SI,20220317,计算机设备,2665.85,2747.66,2626.2,2700.52,77.85,2.97,156930.0,2364711.0,32.55,3.95,50555065.0,93359923.180253
801101.SI,20220318,计算机设备,2675.8,2705.03,2626.43,2676.2,-24.32,-0.9,119187.0,1583806.0,32.26,3.91,50099796.0,92543216.743324
801101.SI,20220321,计算机设备,2680.17,2704.65,2615.79,2647.02,-29.18,-1.09,104555.0,1456357.0,31.91,3.87,49553562.0,91631589.317173
801101.SI,20220322,计算机设备,2637.42,2685.48,2609.69,2652.45,5.43,0.2,99951.0,1463598.0,31.97,3.88,49655981.0,91762858.235835
801101.SI,20220323,计算机设备,2648.42,2705.29,2625.04,2664.4,11.95,0.45,88436.0,1308345.0,32.12,3.9,49879664.0,92208044.855096
801101.SI,20220324,计算机设备,2647.69,2658.49,2579.57,2596.92,-67.48,-2.53,85011.0,1151750.0,31.31,3.8,48616370.0,89903798.996838
801101.SI,20220325,计算机设备,2603.18,2628.55,2540.94,2556.35,-40.57,-1.56,85536.0,1163960.0,30.82,3.74,47856940.0,88514562.468126
801101.SI,20220328,计算机设备,2523.38,2559.59,2478.88,2518.7,-37.65,-1.47,67501.0,962125.0,30.39,3.68,47152113.0,87197769.446346
801101.SI,20220329,计算机设备,2520.15,2544.44,2448.55,2491.84,-26.86,-1.07,73551.0,1051198.0,30.03,3.64,46649197.0,86290941.315265
801101.SI,20220330,计算机设备,2513.12,2578.48,2487.02,2558.04,66.2,2.66,72216.0,1104683.0,30.72,3.74,47930442.0,88559267.548141
801101.SI,20220331,计算机设备,2546.67,2598.71,2518.59,2570.29,12.25,0.48,105238.0,1544482.0,30.97,3.75,48160044.0,88942980.420756
801101.SI,20220401,计算机设备,2546.91,2604.03,2520.7,2566.47,-3.82,-0.15,86210.0,1301933.0,30.94,3.75,48060364.0,88850297.821155
801101.SI,20220406,计算机设备,2559.63,2603.06,2534.78,2572.28,5.81,0.23,91977.0,1226387.0,31.01,3.75,48169201.0,89063934.130151
801101.SI,20220407,计算机设备,2558.49,2594.1,2508.8,2515.5,-56.78,-2.21,87980.0,1174173.0,30.33,3.67,47137411.0,87159317.392331
801101.SI,20220408,计算机设备,2519.48,2534.0,2430.42,2465.15,-50.35,-2.0,77835.0,1091552.0,29.73,3.6,46184987.0,85404093.022924
801101.SI,20220411,计算机设备,2455.4,2468.57,2332.82,2354.01,-111.14,-4.51,89789.0,1023037.0,28.73,3.44,44102762.0,81567394.47421
801101.SI,20220412,计算机设备,2355.77,2419.87,2308.37,2412.92,58.91,2.5,73536.0,975623.0,29.43,3.53,45208308.0,83602044.713201
801101.SI,20220413,计算机设备,2391.85,2449.57,2342.27,2376.95,-35.97,-1.49,67856.0,891678.0,28.99,3.47,44534458.0,82408815.119238
801101.SI,20220414,计算机设备,2402.55,2443.43,2360.4,2412.69,35.74,1.5,55954.0,763475.0,29.45,3.52,45203425.0,83609643.565087
801101.SI,20220415,计算机设备,2392.5,2436.72,2350.89,2398.2,-14.49,-0.6,72108.0,837084.0,29.0,3.49,44931958.0,83012114.948159
801101.SI,20220418,计算机设备,2421.13,2480.22,2384.88,2459.18,60.98,2.54,63070.0,872697.0,28.88,3.46,46074450.0,85170412.827803
801101.SI,20220419,计算机设备,2458.97,2485.16,2423.57,2450.75,-8.43,-0.34,50663.0,665722.0,28.78,3.44,45916533.0,84930833.417331
801101.SI,20220420,计算机设备,2467.46,2517.24,2421.11,2445.46,-5.29,-0.22,67612.0,807353.0,28.75,3.45,45820318.0,84796754.65423
801101.SI,20220421,计算机设备,2428.22,2457.95,2359.35,2379.98,-65.48,-2.68,75023.0,835137.0,27.98,3.37,44593499.0,82499170.277131
801101.SI,20220422,计算机设备,2368.07,2405.4,2325.41,2355.71,-24.27,-1.02,70284.0,829133.0,27.75,3.33,44160382.0,81660776.300065
801101.SI,20220425,计算机设备,2320.87,2334.32,2217.8,2220.74,-134.98,-5.73,84947.0,937093.0,26.23,3.12,41630119.0,76958394.636328
801101.SI,20220426,计算机设备,2219.18,2264.71,2131.29,2144.56,-76.18,-3.43,91665.0,1023578.0,25.35,3.0,40202079.0,74467419.085607
801101.SI,20220427,计算机设备,2113.01,2274.53,2087.15,2253.24,108.68,5.07,105856.0,1100769.0,26.15,3.15,42242407.0,78218584.87023
801101.SI,20220428,计算机设备,2239.77,2263.38,2172.39,2198.48,-54.76,-2.43,85329.0,847688.0,25.63,3.1,41216450.0,76342567.212343
801101.SI,20220429,计算机设备,2214.63,2325.9,2192.66,2296.1,97.62,4.44,70539.0,949852.0,26.79,3.25,43054178.0,79739647.074163
801101.SI,20220505,计算机设备,2177.54,2229.06,2150.23,2185.48,-110.62,-4.82,76893.0,1246263.0,26.1,3.02,41012304.0,75845509.027482
801101.SI,20220506,计算机设备,2093.17,2176.98,2039.49,2096.73,-88.75,-4.06,95307.0,1719792.0,25.03,2.9,39346912.0,72718774.5135
801101.SI,20220509,计算机设备,2063.11,2136.02,2049.67,2098.06,1.32,0.06,68906.0,1082601.0,25.05,2.9,39375309.0,72815786.047387
801101.SI,20220510,计算机设备,2061.57,2118.81,2030.36,2101.68,3.62,0.17,75855.0,988546.0,25.09,2.91,39443275.0,72968809.202294
801101.SI,20220511,计算机设备,2100.08,2190.8,2073.5,2130.68,29.0,1.38,91813.0,1341681.0,25.44,2.95,39987465.0,73982761.428427
801101.SI,20220512,计算机设备,2105.02,2143.75,2072.01,2104.14,-26.53,-1.25,69989.0,1125989.0,25.12,2.91,39492567.0,73085082.107916
801101.SI,20220513,计算机设备,2110.24,2124.87,2004.8,2046.88,-57.26,-2.72,74295.0,1279338.0,24.43,2.83,38417830.0,71091643.672246
801101.SI,20220516,计算机设备,2052.78,2104.99,2028.45,2062.68,15.8,0.77,70836.0,1093003.0,24.61,2.85,38732376.0,71660521.174492
801101.SI,20220517,计算机设备,2054.92,2086.57,2000.82,2046.3,-16.39,-0.79,60343.0,947677.0,24.42,2.83,38424676.0,71081509.766986
801101.SI,20220518,计算机设备,2060.71,2136.96,2027.31,2088.08,41.78,2.04,81578.0,1230763.0,24.92,2.89,39209272.0,72581386.833274
801101.SI,20220519,计算机设备,2047.58,2089.29,2031.6,2075.23,-12.85,-0.62,68341.0,836767.0,24.76,2.87,38960678.0,72151394.779
801101.SI,20220520,计算机设备,2081.86,2119.74,2068.35,2097.22,21.99,1.06,65196.0,873972.0,25.03,2.9,39373559.0,72886607.989977
801101.SI,20220523,计算机设备,2104.76,2142.28,2085.52,2121.5,24.28,1.16,69181.0,887560.0,26.56,2.78,35112890.0,73678911.789127
801101.SI,20220524,计算机设备,2122.05,2132.79,2008.92,2013.64,-107.86,-5.08,77649.0,1010491.0,25.2,2.64,33327712.0,70078602.037957
801101.SI,20220525,计算机设备,2015.08,2059.58,2001.68,2043.23,29.59,1.47,50437.0,657676.0,25.57,2.68,33831144.0,71052474.626009
801101.SI,20220526,计算机设备,2027.04,2065.72,1987.28,2042.46,-0.77,-0.04,55648.0,782683.0,25.56,2.68,33816830.0,70933863.180279
801101.SI,20220527,计算机设备,2090.48,2117.17,2030.19,2056.0,13.54,0.66,64342.0,999825.0,25.73,2.7,34041045.0,71508295.186121
801101.SI,20220530,计算机设备,2056.53,2092.9,2035.48,2073.57,17.57,0.85,65366.0,843917.0,25.95,2.72,34331946.0,72201677.442494
801101.SI,20220531,计算机设备,2070.71,2114.14,2045.06,2103.3,29.73,1.43,63557.0,897922.0,26.32,2.76,34824191.0,73180659.593093
801101.SI,20220601,计算机设备,2100.5,2131.53,2074.48,2103.41,0.11,0.01,61509.0,821787.0,26.34,2.75,34902241.0,73211832.460523
801101.SI,20220602,计算机设备,2098.15,2121.89,2065.62,2106.79,3.38,0.16,56436.0,766628.0,26.38,2.76,34958556.0,73211853.956246
801101.SI,20220606,计算机设备,2106.82,2203.88,2097.22,2185.81,79.02,3.75,81974.0,1307133.0,27.34,2.87,36269725.0,76134810.510925
801101.SI,20220607,计算机设备,2190.0,2212.57,2141.14,2187.2,1.39,0.06,64839.0,964281.0,27.38,2.88,36322127.0,76107891.241766
801101.SI,20220608,计算机设备,2185.39,2286.9,2163.79,2215.78,28.58,1.31,86602.0,1468860.0,27.74,2.91,36796765.0,77148417.727768
801101.SI,20220609,计算机设备,2212.37,2227.17,2137.66,2150.53,-65.25,-2.94,66781.0,982345.0,26.91,2.83,35698551.0,74869742.318229
801101.SI,20220610,计算机设备,2132.29,2187.78,2124.16,2168.98,18.45,0.86,57240.0,820625.0,27.1,2.85,35944042.0,75272370.889682
801101.SI,20220613,计算机设备,2167.91,2199.8,2124.45,2166.19,-2.79,-0.13,62637.0,887478.0,27.11,2.85,35912342.0,75126846.09227
801101.SI,20220614,计算机设备,2138.1,2171.61,2080.95,2155.21,-10.97,-0.51,76029.0,928248.0,27.01,2.83,35774884.0,74807914.609321
801101.SI,20220615,计算机设备,2158.43,2249.64,2149.99,2210.53,55.32,2.57,105134.0,1443013.0,27.7,2.91,36701125.0,76822050.683981
801101.SI,20220616,计算机设备,2212.58,2249.29,2184.9,2204.3,-6.24,-0.28,81718.0,1083795.0,27.63,2.9,36597560.0,76478684.815918
801101.SI,20220617,计算机设备,2189.56,2209.68,2142.73,2186.48,-17.82,-0.81,70182.0,987866.0,27.4,2.88,36301755.0,75795741.16065
801101.SI,20220620,计算机设备,2210.05,2249.93,2188.4,2216.41,29.93,1.37,67694.0,997008.0,27.78,2.92,36798679.0,76922778.70173
801101.SI,20220621,计算机设备,2216.12,2273.99,2183.16,2241.08,24.67,1.11,87158.0,1320617.0,28.09,2.95,37208306.0,77934300.646309
801101.SI,20220622,计算机设备,2244.94,2260.17,2172.5,2180.83,-60.26,-2.69,69951.0,1052895.0,27.34,2.87,36196427.0,75737819.012795
801101.SI,20220623,计算机设备,2190.74,2225.68,2161.11,2217.83,37.0,1.7,64348.0,992668.0,27.8,2.92,36818421.0,77025179.188291
801101.SI,20220624,计算机设备,2224.72,2273.49,2203.38,2243.68,25.85,1.17,79897.0,1253971.0,28.12,2.95,37247584.0,77923726.817344
801101.SI,20220627,计算机设备,2247.17,2293.22,2213.77,2258.0,14.33,0.64,78962.0,1202241.0,28.3,2.97,37486376.0,78405585.07479
801101.SI,20220628,计算机设备,2255.34,2318.26,2225.91,2300.67,42.67,1.89,90621.0,1272080.0,28.84,3.03,38194779.0,79949705.63586
801101.SI,20220629,计算机设备,2295.24,2345.27,2258.62,2268.93,-31.74,-1.38,84389.0,1258002.0,28.44,2.99,37667837.0,78858169.747808
801101.SI,20220630,计算机设备,2273.62,2311.01,2256.85,2281.51,12.58,0.55,75831.0,1057725.0,28.6,3.0,37876656.0,79218364.480784
801101.SI,20220701,计算机设备,2286.51,2321.93,2248.76,2267.87,-13.64,-0.6,87447.0,1061080.0,28.43,2.98,37650236.0,78663610.260856
801101.SI,20220704,计算机设备,2279.35,2296.13,2234.25,2266.14,-1.73,-0.08,71830.0,995739.0,28.41,2.98,37621515.0,78521153.187361
801101.SI,20220705,计算机设备,2267.2,2297.91,2196.67,2247.69,-18.45,-0.81,91135.0,1162563.0,28.18,2.96,37315158.0,78159348.714477
801101.SI,20220706,计算机设备,2234.38,2261.79,2178.28,2209.39,-38.3,-1.7,68965.0,942291.0,27.7,2.91,36679373.0,76638620.315165
801101.SI,20220707,计算机设备,2208.73,2236.59,2169.84,2197.15,-12.24,-0.55,83806.0,1041960.0,27.54,2.89,36476562.0,75983642.596635
801101.SI,20220708,计算机设备,2200.64,2244.9,2187.08,2211.15,13.99,0.64,83246.0,983268.0,27.8,2.92,36821498.0,76926816.72957
801101.SI,20220711,计算机设备,2211.04,2222.83,2143.27,2163.32,-47.83,-2.16,69118.0,989296.0,27.21,2.85,36029568.0,75131729.434192
801101.SI,20220712,计算机设备,2160.7,2177.51,2110.21,2119.87,-43.45,-2.01,59078.0,735586.0,26.66,2.8,35305994.0,73661279.725484
801101.SI,20220713,计算机设备,2122.8,2153.71,2107.62,2137.33,17.46,0.82,49193.0,608644.0,26.88,2.82,35596717.0,74294088.328433
801101.SI,20220714,计算机设备,2132.91,2163.25,2113.0,2135.93,-1.4,-0.07,53339.0,626272.0,26.97,2.82,35746599.0,74172993.556992
801101.SI,20220715,计算机设备,2123.92,2142.03,2063.3,2075.98,-59.95,-2.81,73737.0,908515.0,26.21,2.74,34743364.0,72219557.326932
801101.SI,20220718,计算机设备,2076.84,2125.82,2057.31,2111.8,35.81,1.73,69572.0,831119.0,26.65,2.79,35487990.0,73414624.508725
801101.SI,20220719,计算机设备,2112.23,2161.52,2096.07,2146.61,34.81,1.65,76109.0,918805.0,27.09,2.84,36078885.0,74452236.511545
801101.SI,20220720,计算机设备,2155.86,2182.35,2128.53,2159.62,13.01,0.61,72946.0,946185.0,27.25,2.85,36304442.0,74849894.89307
801101.SI,20220721,计算机设备,2158.48,2184.12,2136.91,2145.42,-14.2,-0.66,80261.0,878661.0,27.07,2.84,36065749.0,74406340.678859
801101.SI,20220722,计算机设备,2148.97,2174.68,2108.0,2137.64,-7.78,-0.36,65388.0,810438.0,26.95,2.83,36032168.0,74093063.514617
801101.SI,20220725,计算机设备,2150.78,2188.52,2106.14,2151.49,13.85,0.65,72205.0,909060.0,27.13,2.84,36265616.0,74725088.215368
801101.SI,20220726,计算机设备,2152.15,2204.75,2135.84,2183.75,32.27,1.5,78709.0,1037800.0,27.53,2.89,36809493.0,75601603.847136
801101.SI,20220727,计算机设备,2180.0,2224.02,2160.01,2195.55,11.8,0.54,66820.0,939451.0,27.67,2.9,37008339.0,76152195.796643
801101.SI,20220728,计算机设备,2202.14,2254.84,2184.73,2216.24,20.69,0.94,90734.0,1160806.0,27.93,2.93,37357126.0,76801554.872658
801101.SI,20220729,计算机设备,2215.37,2238.73,2161.83,2182.46,-33.78,-1.52,84757.0,1062055.0,27.5,2.88,36787673.0,75697688.584559
801101.SI,20220801,计算机设备,2176.75,2210.92,2143.52,2186.2,3.75,0.17,73420.0,922220.0,27.63,2.89,37034518.0,76039043.019535
801101.SI,20220802,计算机设备,2164.33,2176.39,2069.13,2097.51,-88.69,-4.06,98941.0,1228848.0,26.5,2.77,35520757.0,73027020.775505
801101.SI,20220803,计算机设备,2101.79,2188.73,2093.45,2129.93,32.42,1.55,96607.0,1309425.0,26.9,2.81,36069756.0,74157672.874888
801101.SI,20220804,计算机设备,2143.41,2179.77,2115.01,2160.3,30.37,1.43,91151.0,1065631.0,27.29,2.85,36584145.0,75153586.477174
801101.SI,20220805,计算机设备,2168.0,2261.19,2152.18,2248.3,88.0,4.07,122176.0,1574768.0,28.41,2.97,38074381.0,78078664.748933
801101.SI,20220808,计算机设备,2256.23,2289.16,2222.6,2258.69,10.39,0.46,91974.0,1272962.0,28.56,2.98,38304035.0,78400333.240129
801101.SI,20220809,计算机设备,2255.8,2290.09,2216.14,2255.64,-3.05,-0.14,109040.0,1304592.0,28.53,2.98,38257512.0,78392304.262726
801101.SI,20220810,计算机设备,2246.46,2287.62,2218.37,2255.69,0.05,0.0,103498.0,1235928.0,28.53,2.98,38258397.0,78401348.219409
801101.SI,20220811,计算机设备,2271.95,2313.32,2247.98,2279.48,23.79,1.05,111313.0,1373743.0,28.84,3.01,38661860.0,79315947.633335
801101.SI,20220812,计算机设备,2279.08,2309.46,2216.38,2246.17,-33.31,-1.46,115892.0,1626363.0,28.42,2.97,38097948.0,78384828.497906
801101.SI,20220815,计算机设备,2224.44,2234.62,2150.11,2184.39,-61.77,-2.75,102440.0,1625744.0,27.72,2.93,37165371.0,76526907.250765
801101.SI,20220816,计算机设备,2176.81,2206.7,2153.1,2172.23,-12.16,-0.56,93233.0,1208775.0,27.56,2.91,36958396.0,76035870.08281
801101.SI,20220817,计算机设备,2176.75,2194.59,2144.22,2176.21,3.98,0.18,73942.0,1004933.0,27.67,2.92,37281547.0,76620098.97175
801101.SI,20220818,计算机设备,2168.82,2184.72,2138.95,2163.88,-12.33,-0.57,83662.0,979150.0,27.51,2.9,37070291.0,76209605.014374
801101.SI,20220819,计算机设备,2165.48,2194.69,2124.28,2132.64,-31.24,-1.44,92588.0,1183942.0,27.12,2.86,36535040.0,75190095.319054
801101.SI,20220822,计算机设备,2125.7,2171.75,2097.69,2141.99,9.36,0.44,73837.0,1018574.0,27.37,2.88,36863055.0,76131658.513951
801101.SI,20220823,计算机设备,2137.5,2164.72,2112.66,2138.54,-3.45,-0.16,65005.0,863376.0,27.32,2.87,36803645.0,75864052.330449
801101.SI,20220824,计算机设备,2136.5,2143.81,2055.39,2067.04,-71.5,-3.34,90367.0,1217795.0,26.41,2.78,35718189.0,74083714.272994
801101.SI,20220825,计算机设备,2070.75,2088.83,2020.88,2049.95,-17.09,-0.83,73523.0,958534.0,26.19,2.76,35419180.0,73184018.098338
801101.SI,20220826,计算机设备,2052.23,2083.18,2015.68,2040.95,-9.0,-0.44,59182.0,827856.0,26.08,2.75,35263669.0,73027900.095443
801101.SI,20220829,计算机设备,2014.68,2053.67,1994.46,2043.87,2.93,0.14,52889.0,702535.0,26.11,2.74,35314226.0,73158789.05203
801101.SI,20220830,计算机设备,2039.56,2069.71,2024.04,2048.8,4.93,0.24,52458.0,676095.0,26.18,2.76,35336369.0,73277725.466701
801101.SI,20220831,计算机设备,2043.56,2067.65,2007.27,2026.23,-22.57,-1.1,61266.0,775439.0,25.9,2.71,34947176.0,72504192.880164
801101.SI,20220901,计算机设备,2028.3,2069.18,2013.14,2026.0,-0.23,-0.01,56786.0,765500.0,26.9,2.71,34944359.0,72400026.99842
801101.SI,20220902,计算机设备,2027.36,2063.95,2007.98,2044.61,18.6,0.92,74382.0,818164.0,27.14,2.74,35265234.0,73076340.010273
801101.SI,20220905,计算机设备,2040.83,2054.21,1986.13,2011.11,-33.5,-1.64,65758.0,873808.0,26.68,2.69,34687488.0,71763535.725389
801101.SI,20220906,计算机设备,2011.33,2036.48,1977.64,2016.2,5.09,0.25,59862.0,900421.0,26.75,2.7,34775273.0,72191499.970059
801101.SI,20220907,计算机设备,2008.81,2034.94,1988.46,2009.1,-7.1,-0.35,57350.0,789326.0,26.65,2.69,34651897.0,71820900.421347
801101.SI,20220908,计算机设备,2008.41,2024.92,1975.77,1991.12,-17.97,-0.89,56844.0,752976.0,26.42,2.66,34341883.0,71301056.045657
801101.SI,20220909,计算机设备,1991.91,2020.89,1975.32,2002.0,10.88,0.55,51839.0,662471.0,26.56,2.68,34530022.0,71693143.522681
801101.SI,20220913,计算机设备,2008.38,2045.69,1998.02,2020.79,18.78,0.94,55275.0,754176.0,26.82,2.7,34857337.0,72469703.762099
801101.SI,20220914,计算机设备,1989.78,2015.66,1972.72,2002.58,-18.21,-0.9,55701.0,708689.0,26.58,2.68,34543253.0,71817331.332634
801101.SI,20220915,计算机设备,2006.32,2027.87,1948.94,1970.02,-32.55,-1.63,65409.0,833135.0,26.15,2.64,33981714.0,70665204.044869
801101.SI,20220916,计算机设备,1992.36,2048.34,1960.63,1983.7,13.68,0.69,86096.0,1256797.0,26.32,2.65,34217689.0,71287120.762249
801101.SI,20220919,计算机设备,1973.65,1996.2,1909.67,1941.5,-42.2,-2.13,70008.0,896310.0,25.76,2.6,33581130.0,70471259.866303
801101.SI,20220920,计算机设备,1947.49,1981.68,1929.3,1958.32,16.82,0.87,50443.0,660918.0,25.99,2.62,33872034.0,71203438.124581
801101.SI,20220921,计算机设备,1953.26,1983.66,1906.2,1961.54,3.21,0.16,58419.0,760131.0,26.03,2.62,33927623.0,71339404.287403
801101.SI,20220922,计算机设备,1947.87,1999.29,1930.72,1955.28,-6.25,-0.32,56459.0,736697.0,25.95,2.62,33830755.0,70927559.416049
801101.SI,20220923,计算机设备,1951.32,1963.62,1890.37,1907.16,-48.13,-2.46,54908.0,705456.0,25.31,2.55,33049264.0,69228102.116614
801101.SI,20220926,计算机设备,1891.07,1913.0,1856.54,1868.7,-38.46,-2.02,48948.0,585195.0,24.81,2.5,32382751.0,67954428.576206
801101.SI,20220927,计算机设备,1873.69,1918.41,1861.51,1912.48,43.79,2.34,45524.0,578479.0,25.39,2.56,33141507.0,69529170.557193
801101.SI,20220928,计算机设备,1904.53,1938.41,1865.96,1887.89,-24.59,-1.29,48145.0,694982.0,25.08,2.53,32707795.0,68875200.798311
801101.SI,20220929,计算机设备,1904.07,1926.38,1867.46,1886.82,-1.07,-0.06,55162.0,682921.0,25.07,2.53,32689314.0,68857220.811445
801101.SI,20220930,计算机设备,1882.08,1912.13,1859.95,1875.25,-11.58,-0.61,52067.0,644654.0,24.93,2.51,32494755.0,68428239.802314
801101.SI,20221010,计算机设备,1874.99,1889.97,1787.55,1798.91,-76.34,-4.07,62682.0,812992.0,23.9,2.41,31171890.0,65699587.84538
801101.SI,20221011,计算机设备,1797.02,1832.95,1766.36,1804.34,5.43,0.3,49474.0,626141.0,23.98,2.42,31268074.0,65958438.446971
801101.SI,20221012,计算机设备,1799.67,1868.26,1773.83,1865.57,61.23,3.39,75040.0,875736.0,24.82,2.5,32363308.0,67928732.818091
801101.SI,20221013,计算机设备,1861.5,1940.93,1846.57,1905.4,39.83,2.14,102403.0,1230782.0,25.34,2.55,33054353.0,69282321.242366
801101.SI,20221014,计算机设备,1911.86,1966.08,1893.58,1944.21,38.81,2.04,102652.0,1222992.0,25.86,2.61,33727634.0,70738265.158942
801101.SI,20221017,计算机设备,1935.17,2015.32,1924.35,1997.25,53.04,2.73,97575.0,1266545.0,26.57,2.68,34647704.0,72765230.582609
801101.SI,20221018,计算机设备,1999.98,2015.89,1963.11,1988.08,-9.16,-0.46,93751.0,1062479.0,26.45,2.66,34488745.0,72417405.027381
801101.SI,20221019,计算机设备,1981.16,2004.86,1944.4,1965.94,-22.15,-1.11,81590.0,993767.0,26.16,2.63,34104545.0,71506728.530689
801101.SI,20221020,计算机设备,1958.1,2031.09,1942.73,1996.57,30.63,1.56,103086.0,1258067.0,26.56,2.68,34636443.0,72561970.09937
801101.SI,20221021,计算机设备,1995.56,2024.53,1954.14,1988.29,-8.28,-0.41,113019.0,1241208.0,26.45,2.66,34492883.0,72239972.009902
801101.SI,20221024,计算机设备,1988.6,2031.33,1944.72,1961.33,-26.96,-1.36,103749.0,1226524.0,26.08,2.63,34025189.0,71172662.359779
801101.SI,20221025,计算机设备,1945.81,1970.4,1901.34,1927.92,-33.41,-1.7,88143.0,981372.0,25.65,2.58,33445513.0,69852213.971223
801101.SI,20221026,计算机设备,1934.13,2022.89,1924.22,1994.44,66.52,3.45,112541.0,1420272.0,26.54,2.67,34599521.0,72019768.113981
801101.SI,20221027,计算机设备,1992.93,2060.23,1976.8,2019.8,25.36,1.27,106493.0,1415432.0,26.82,2.66,35039520.0,72911682.931747
801101.SI,20221028,计算机设备,2006.11,2042.99,1929.87,1949.68,-70.12,-3.47,112950.0,1525807.0,25.73,2.56,33823077.0,70238176.676752
801101.SI,20221031,计算机设备,1919.71,2038.15,1904.84,2015.84,66.16,3.39,134841.0,1813166.0,26.57,2.61,34970817.0,72398069.943303
801101.SI,20221101,计算机设备,2021.11,2055.1,1979.36,2039.31,23.46,1.16,126245.0,1714656.0,29.17,2.64,35387469.0,73272496.785104
801101.SI,20221102,计算机设备,2031.06,2085.71,2007.08,2055.24,15.93,0.78,120496.0,1656913.0,29.4,2.66,35663921.0,73967707.42667
801101.SI,20221103,计算机设备,2036.71,2068.16,1998.14,2035.95,-19.29,-0.94,95700.0,1292251.0,29.12,2.63,35325129.0,73379170.299799
801101.SI,20221104,计算机设备,2031.09,2077.39,2013.05,2061.63,25.69,1.26,91605.0,1241846.0,29.49,2.67,35770831.0,74425183.959736
801101.SI,20221107,计算机设备,2056.71,2101.14,2035.96,2055.78,-5.86,-0.28,92346.0,1257595.0,29.41,2.66,35669242.0,74252901.221265
801101.SI,20221108,计算机设备,2049.72,2097.9,2016.19,2077.62,21.85,1.06,131376.0,1654627.0,29.72,2.69,36049413.0,74863817.967722
801101.SI,20221109,计算机设备,2067.98,2086.96,2021.31,2041.4,-36.23,-1.74,109501.0,1327505.0,29.2,2.64,35420802.0,73603578.214259
801101.SI,20221110,计算机设备,2026.55,2062.25,2005.73,2025.59,-15.81,-0.77,102031.0,1222469.0,28.98,2.62,35146875.0,73031321.096264
801101.SI,20221111,计算机设备,2070.75,2096.93,2007.71,2039.19,13.6,0.67,125702.0,1524736.0,29.18,2.64,35382778.0,73763546.928827
801101.SI,20221114,计算机设备,2035.95,2086.84,2018.98,2072.65,33.46,1.64,101755.0,1238270.0,29.67,2.68,35963366.0,74967580.835189
801101.SI,20221115,计算机设备,2065.93,2140.78,2051.37,2122.69,50.04,2.41,116730.0,1570544.0,30.39,2.75,36831658.0,76912702.290982
801101.SI,20221116,计算机设备,2118.82,2156.91,2092.4,2113.76,-8.92,-0.42,113330.0,1326613.0,30.26,2.73,36676827.0,76502895.235304
801101.SI,20221117,计算机设备,2122.33,2186.02,2088.03,2175.33,61.57,2.91,133889.0,1765656.0,31.14,2.81,37745150.0,78419006.741858
801101.SI,20221118,计算机设备,2181.5,2243.99,2144.64,2171.32,-4.02,-0.18,150270.0,2151997.0,31.1,2.81,37675433.0,78512001.49441
801101.SI,20221121,计算机设备,2158.05,2203.96,2105.25,2183.66,12.35,0.57,119255.0,1636768.0,31.28,2.83,37889693.0,78980828.250289
801101.SI,20221122,计算机设备,2170.69,2214.88,2128.75,2153.44,-30.23,-1.38,117890.0,1638550.0,30.82,2.79,37365223.0,77929572.054451
801101.SI,20221123,计算机设备,2149.65,2187.9,2084.55,2120.76,-32.68,-1.52,108163.0,1462985.0,30.35,2.74,36798165.0,76700814.217255
801101.SI,20221124,计算机设备,2119.97,2137.59,2071.51,2085.61,-35.15,-1.66,84290.0,1121983.0,29.81,2.7,36146794.0,75654281.891722
801101.SI,20221125,计算机设备,2082.86,2105.3,2047.05,2057.94,-27.67,-1.33,70708.0,882682.0,29.42,2.66,35667221.0,74637853.527242
801101.SI,20221128,计算机设备,2006.82,2064.57,1984.27,2026.34,-31.6,-1.54,73532.0,945087.0,28.97,2.62,35119630.0,73469111.421958
801101.SI,20221129,计算机设备,2025.2,2091.68,2017.23,2076.57,50.22,2.48,67915.0,889925.0,29.69,2.69,35990725.0,75406080.039683
801101.SI,20221130,计算机设备,2074.28,2110.12,2045.87,2075.97,-0.6,-0.03,69791.0,861004.0,29.69,2.68,35980326.0,75344481.084783
801101.SI,20221201,计算机设备,2100.74,2147.72,2080.43,2124.25,48.28,2.33,92633.0,1226454.0,30.37,2.75,36828618.0,77140738.774129
801101.SI,20221202,计算机设备,2113.24,2164.2,2100.4,2126.89,2.64,0.12,87611.0,1135861.0,30.4,2.75,36874405.0,77305787.616874
801101.SI,20221205,计算机设备,2145.63,2193.78,2117.88,2173.33,46.44,2.18,89993.0,1211751.0,31.07,2.81,37679546.0,79188173.99449
801101.SI,20221206,计算机设备,2165.14,2220.61,2143.39,2181.1,7.77,0.36,96465.0,1212355.0,31.19,2.82,37814269.0,79669136.62573
801101.SI,20221207,计算机设备,2179.47,2196.68,2142.77,2161.31,-19.8,-0.91,76919.0,940096.0,30.91,2.79,37472884.0,78982303.978925
801101.SI,20221208,计算机设备,2154.96,2168.99,2116.32,2132.89,-28.42,-1.31,72658.0,878495.0,30.49,2.76,37107161.0,78623607.495749
801101.SI,20221209,计算机设备,2131.14,2175.71,2106.07,2138.54,5.65,0.26,75351.0,1001166.0,30.58,2.76,37205476.0,79005848.66876
801101.SI,20221212,计算机设备,2137.81,2184.53,2123.55,2154.37,15.83,0.74,69514.0,955154.0,30.79,2.78,37480939.0,79478962.101432
801101.SI,20221213,计算机设备,2151.65,2174.81,2111.03,2122.8,-31.57,-1.47,65908.0,835335.0,30.36,2.74,36948003.0,78547510.022191
801101.SI,20221214,计算机设备,2128.12,2172.91,2113.91,2133.54,10.74,0.51,60260.0,790030.0,30.52,2.76,37134951.0,78977947.600647
801101.SI,20221215,计算机设备,2132.59,2171.28,2108.25,2144.59,11.05,0.52,71030.0,828668.0,30.67,2.77,37327280.0,79336864.504411
801101.SI,20221216,计算机设备,2127.59,2156.79,2090.05,2100.49,-44.11,-2.06,66197.0,759331.0,30.04,2.72,36559604.0,77722002.50618
801101.SI,20221219,计算机设备,2112.94,2131.48,2058.51,2075.83,-24.66,-1.17,66305.0,731423.0,29.7,2.68,36130352.0,76877329.780572
801101.SI,20221220,计算机设备,2090.88,2109.28,2026.08,2047.04,-28.79,-1.39,72753.0,837183.0,29.28,2.65,35629252.0,75752193.379282
801101.SI,20221221,计算机设备,2042.63,2066.25,2008.29,2033.01,-14.02,-0.69,55229.0,613556.0,29.09,2.63,35391184.0,75318314.183975
801101.SI,20221222,计算机设备,2045.95,2077.2,2012.24,2025.71,-7.3,-0.36,58303.0,643201.0,28.99,2.62,35264134.0,75183588.201666
801101.SI,20221223,计算机设备,2021.51,2077.05,2001.12,2054.03,28.31,1.4,57512.0,676568.0,29.4,2.66,35757873.0,76300290.737236
801101.SI,20221226,计算机设备,2055.78,2092.89,2043.44,2076.62,22.59,1.1,46630.0,599938.0,29.73,2.69,36151108.0,77177549.284081
801101.SI,20221227,计算机设备,2085.29,2102.94,2046.78,2069.25,-7.37,-0.35,66137.0,794465.0,29.14,2.74,37902291.0,76903287.421117
801101.SI,20221228,计算机设备,2067.46,2073.96,2012.58,2034.08,-35.17,-1.7,66842.0,815839.0,28.64,2.69,37258159.0,75691234.569278
801101.SI,20221229,计算机设备,2022.47,2070.3,2007.74,2044.14,10.05,0.49,67061.0,855476.0,28.78,2.71,37442310.0,76006697.792346
801101.SI,20221230,计算机设备,2052.36,2082.67,2035.6,2065.32,21.19,1.04,51934.0,671250.0,29.08,2.74,37830391.0,76856859.641242
801101.SI,20230103,计算机设备,2064.91,2135.9,2044.54,2115.17,49.84,2.41,84801.0,1114110.0,29.78,2.8,38743363.0,78568843.446452
801101.SI,20230104,计算机设备,2116.2,2143.69,2084.15,2120.17,5.0,0.24,98083.0,1290854.0,29.84,2.81,38835024.0,78705069.518244
801101.SI,20230105,计算机设备,2121.73,2154.15,2100.41,2130.67,10.49,0.49,70312.0,999751.0,30.01,2.82,39055370.0,79064862.326179
801101.SI,20230106,计算机设备,2126.93,2138.7,2088.29,2100.55,-30.11,-1.41,72630.0,1015351.0,29.58,2.78,38523766.0,77960325.874752
801101.SI,20230109,计算机设备,2098.93,2127.33,2074.36,2090.63,-9.93,-0.47,72330.0,1051644.0,29.43,2.77,38341729.0,77605835.080921
801101.SI,20230110,计算机设备,2091.72,2119.52,2053.65,2096.56,5.93,0.28,66548.0,980040.0,29.52,2.78,38459091.0,77916531.584137
801101.SI,20230111,计算机设备,2095.75,2112.58,2052.91,2063.96,-32.6,-1.55,72806.0,1034280.0,29.07,2.73,37861167.0,76720484.043131
801101.SI,20230112,计算机设备,2065.76,2100.42,2043.83,2069.34,5.38,0.26,73018.0,1021145.0,29.15,2.74,37963130.0,76822924.673741
801101.SI,20230113,计算机设备,2070.46,2105.05,2048.71,2087.15,17.8,0.86,56775.0,795084.0,29.4,2.76,38289721.0,77526723.17844
801101.SI,20230116,计算机设备,2089.57,2171.84,2079.89,2142.24,55.09,2.64,89886.0,1307597.0,30.18,2.84,39300376.0,79612289.813698
801101.SI,20230117,计算机设备,2143.79,2172.13,2121.34,2136.22,-6.02,-0.28,66636.0,930348.0,30.09,2.83,39189998.0,79218419.655664
801101.SI,20230118,计算机设备,2137.11,2191.82,2121.68,2167.51,31.29,1.46,77528.0,1094169.0,30.53,2.87,39763961.0,80370471.269563
801101.SI,20230119,计算机设备,2164.94,2252.45,2154.88,2239.36,71.85,3.32,95046.0,1470275.0,31.53,2.96,41180391.0,83292736.890645
801101.SI,20230120,计算机设备,2235.99,2298.62,2221.15,2247.48,8.12,0.36,94129.0,1453305.0,31.65,2.98,41329715.0,83526967.00967
801101.SI,20230130,计算机设备,2278.58,2337.42,2253.99,2277.61,30.13,1.34,115665.0,1695786.0,32.04,3.0,41640945.0,84565731.910125
801101.SI,20230131,计算机设备,2270.55,2308.19,2223.26,2244.4,-33.21,-1.46,96219.0,1379384.0,31.6,2.96,41085967.0,83161723.086338
801101.SI,20230201,计算机设备,2244.73,2305.76,2232.39,2290.63,46.23,2.06,111721.0,1518443.0,32.25,3.02,41932327.0,84820744.944759
801101.SI,20230202,计算机设备,2297.59,2360.01,2277.12,2310.05,19.41,0.85,124795.0,1711945.0,32.54,3.05,42292576.0,85405332.033964
801101.SI,20230203,计算机设备,2307.33,2356.95,2271.67,2336.6,26.55,1.15,136748.0,1902863.0,32.91,3.08,42778644.0,86364924.123223
801101.SI,20230206,计算机设备,2335.07,2399.37,2306.51,2342.79,6.2,0.27,171237.0,2286942.0,32.99,3.09,42880066.0,86474026.84714
801101.SI,20230207,计算机设备,2338.18,2412.75,2312.72,2377.95,35.16,1.5,161140.0,2316484.0,33.49,3.14,43523573.0,87657777.270226
801101.SI,20230208,计算机设备,2382.5,2404.09,2325.55,2343.31,-34.65,-1.46,160999.0,2194241.0,33.01,3.09,42907629.0,86455459.886187
801101.SI,20230209,计算机设备,2329.35,2435.14,2306.43,2416.21,72.9,3.11,156073.0,2348434.0,34.11,3.19,44341765.0,88966740.062832
801101.SI,20230210,计算机设备,2419.91,2456.06,2359.64,2387.47,-28.74,-1.19,151820.0,2338946.0,33.69,3.16,43814318.0,87775266.161768
801101.SI,20230213,计算机设备,2378.33,2442.36,2350.85,2416.57,29.1,1.22,139828.0,2238910.0,34.1,3.19,44356087.0,88617030.54681
801101.SI,20230214,计算机设备,2423.99,2466.83,2382.02,2414.18,-2.38,-0.1,139850.0,2358406.0,34.06,3.19,44312322.0,88378004.019447
801101.SI,20230215,计算机设备,2415.9,2498.87,2392.53,2482.52,68.34,2.83,174081.0,2846237.0,35.04,3.28,45566625.0,90470154.842608
801101.SI,20230216,计算机设备,2482.51,2578.15,2416.84,2468.07,-14.45,-0.58,217000.0,3957289.0,34.85,3.26,45301309.0,90305624.154326
801101.SI,20230217,计算机设备,2462.95,2494.98,2387.14,2400.46,-67.6,-2.74,160959.0,2733900.0,33.89,3.17,44060443.0,88041400.500576
801101.SI,20230220,计算机设备,2392.16,2515.05,2363.14,2494.98,94.52,3.94,148040.0,2715544.0,35.23,3.3,45803062.0,91402294.709526
801101.SI,20230221,计算机设备,2483.23,2556.54,2449.71,2485.07,-9.91,-0.4,144079.0,2578434.0,35.09,3.29,45621099.0,91116501.05162
801101.SI,20230222,计算机设备,2469.85,2522.26,2429.11,2485.74,0.67,0.03,125109.0,2145376.0,35.08,3.29,45633461.0,90994024.708586
801101.SI,20230223,计算机设备,2478.8,2506.33,2419.75,2441.65,-44.09,-1.77,125282.0,2064942.0,34.46,3.23,44824046.0,89515688.171743
801101.SI,20230224,计算机设备,2452.08,2511.98,2427.64,2468.23,26.58,1.09,142633.0,2498965.0,34.84,3.26,45312074.0,90207392.602157
801101.SI,20230227,计算机设备,2461.02,2508.3,2425.76,2445.49,-22.74,-0.92,136285.0,2258995.0,34.52,3.23,44894535.0,89380027.662288
801101.SI,20230228,计算机设备,2493.08,2547.89,2452.71,2513.01,67.52,2.76,149983.0,2609526.0,35.47,3.32,46134079.0,91837807.962745
801101.SI,20230301,计算机设备,2509.47,2654.49,2499.35,2629.9,116.89,4.65,216952.0,3997846.0,37.14,3.48,48280003.0,95893958.350447
801101.SI,20230302,计算机设备,2624.13,2697.04,2596.3,2637.42,7.52,0.29,205817.0,3553985.0,37.27,3.49,48432464.0,95987697.07972
801101.SI,20230303,计算机设备,2597.98,2636.03,2545.67,2599.72,-37.7,-1.43,175217.0,2738926.0,36.74,3.44,47740197.0,94848672.553398
801101.SI,20230306,计算机设备,2582.16,2637.61,2550.05,2584.78,-14.94,-0.57,172900.0,3309864.0,36.52,3.42,47465779.0,94524974.937515
801101.SI,20230307,计算机设备,2578.54,2623.74,2500.54,2519.7,-65.08,-2.52,157410.0,2755682.0,35.6,3.33,46270590.0,92183539.632144
801101.SI,20230308,计算机设备,2517.46,2563.32,2482.61,2551.32,31.62,1.26,136267.0,2483367.0,36.04,3.37,46851323.0,93302747.507065
801101.SI,20230309,计算机设备,2545.66,2577.14,2492.33,2537.06,-14.26,-0.56,128761.0,2277702.0,35.83,3.36,46589413.0,92774607.019468
801101.SI,20230310,计算机设备,2513.03,2576.88,2478.85,2507.94,-29.12,-1.15,146202.0,2665489.0,35.41,3.32,46062741.0,91825573.767422
801101.SI,20230313,计算机设备,2502.92,2632.08,2484.95,2613.89,105.96,4.22,189229.0,3525457.0,36.92,3.46,48008796.0,95522088.146367
801101.SI,20230314,计算机设备,2603.22,2643.77,2540.91,2582.95,-30.95,-1.18,174363.0,3156903.0,36.47,3.41,47440404.0,94587776.321269
801101.SI,20230315,计算机设备,2607.31,2660.48,2547.85,2566.68,-16.27,-0.63,131770.0,2413577.0,36.25,3.39,47141629.0,93996629.071697
801101.SI,20230316,计算机设备,2548.71,2584.6,2491.14,2513.33,-53.35,-2.08,114477.0,2094611.0,35.5,3.32,46161748.0,92015965.473432
801101.SI,20230317,计算机设备,2536.14,2660.48,2527.3,2628.71,115.39,4.59,159502.0,3067500.0,37.18,3.48,48281050.0,96288167.669288
801101.SI,20230320,计算机设备,2632.89,2740.17,2596.74,2636.31,7.6,0.29,167259.0,3452760.0,36.94,3.53,52189201.0,103372997.300837
801101.SI,20230321,计算机设备,2630.2,2693.43,2589.95,2649.84,13.52,0.51,135948.0,2469234.0,37.14,3.55,52458628.0,103796274.60261
801101.SI,20230322,计算机设备,2647.57,2766.55,2628.2,2745.4,95.56,3.61,192520.0,3717874.0,38.53,3.68,54350493.0,107466838.862899
801101.SI,20230323,计算机设备,2724.03,2850.33,2699.04,2827.86,82.46,3.0,195425.0,4097187.0,39.71,3.79,55983414.0,110724831.053856
801101.SI,20230324,计算机设备,2823.27,2887.91,2758.47,2853.04,25.18,0.89,203671.0,4019412.0,40.08,3.83,56481307.0,111419599.759554
801101.SI,20230327,计算机设备,2832.75,2933.18,2766.02,2824.29,-28.75,-1.01,218363.0,4244632.0,39.66,3.79,55932723.0,110336538.407205
801101.SI,20230328,计算机设备,2810.01,2849.61,2719.16,2756.08,-68.2,-2.41,189099.0,3798972.0,38.69,3.69,54582004.0,107751880.506055
801101.SI,20230329,计算机设备,2755.28,2847.08,2688.56,2778.25,22.16,0.8,201512.0,4073101.0,39.01,3.73,55020912.0,108452253.937038
801101.SI,20230330,计算机设备,2761.34,2797.65,2657.05,2711.41,-66.83,-2.41,181489.0,3551995.0,38.07,3.64,53697357.0,105875204.45281
801101.SI,20230331,计算机设备,2711.08,2806.72,2659.54,2772.49,61.08,2.25,164441.0,3017869.0,38.98,3.72,54906939.0,108365104.673059
801101.SI,20230403,计算机设备,2787.86,2903.38,2723.67,2859.67,87.17,3.14,221066.0,4514180.0,40.21,3.83,56633355.0,111256662.384504
801101.SI,20230404,计算机设备,2859.65,2999.64,2802.93,2912.42,52.76,1.84,220059.0,4447539.0,40.98,3.91,57678156.0,113577275.982105
801101.SI,20230406,计算机设备,2858.4,2962.48,2821.01,2884.5,-27.92,-0.96,190703.0,3927513.0,40.59,3.87,57125181.0,112258280.175445
801101.SI,20230407,计算机设备,2888.19,3009.24,2850.25,2954.01,69.51,2.41,169354.0,3342121.0,41.86,3.97,58501733.0,115246421.083643
801101.SI,20230410,计算机设备,3018.25,3075.91,2824.97,2864.57,-89.44,-3.03,205292.0,4190863.0,40.62,3.85,56733006.0,112091282.252826
801101.SI,20230411,计算机设备,2857.48,2962.89,2795.06,2894.77,30.2,1.05,194868.0,4074505.0,41.05,3.89,57331066.0,112804757.3295
801101.SI,20230412,计算机设备,2892.75,3045.92,2871.0,3001.76,106.99,3.7,220053.0,4765383.0,42.76,4.02,59450065.0,117076505.6757
801101.SI,20230413,计算机设备,2969.06,3017.94,2867.98,2900.69,-101.07,-3.37,198603.0,4182839.0,41.32,3.88,57448292.0,113354411.976995
801101.SI,20230414,计算机设备,2903.63,2956.41,2801.57,2900.18,-0.51,-0.02,156412.0,3352930.0,41.67,3.91,57523670.0,113902458.444807
801101.SI,20230417,计算机设备,2870.05,2936.22,2787.56,2872.79,-27.39,-0.94,144191.0,3135204.0,43.88,3.82,56980433.0,112597918.568695
801101.SI,20230418,计算机设备,2867.14,2939.91,2790.67,2893.46,20.67,0.72,144527.0,3415722.0,43.76,3.82,57390431.0,112971510.666823
801101.SI,20230419,计算机设备,2882.31,3012.06,2858.04,2907.86,14.4,0.5,187948.0,4507703.0,43.98,3.84,57676138.0,113331606.05179
801101.SI,20230420,计算机设备,2920.65,2998.91,2840.22,2937.45,29.58,1.02,156904.0,4005861.0,44.43,3.88,58262941.0,113829364.087027
801101.SI,20230421,计算机设备,2925.15,2974.95,2768.04,2804.46,-132.99,-4.53,222656.0,4686606.0,42.26,3.71,55625154.0,108497937.59157
801101.SI,20230424,计算机设备,2797.67,2893.49,2724.39,2794.16,-10.3,-0.37,162177.0,3733844.0,42.27,3.7,55420941.0,107883006.461013
801101.SI,20230425,计算机设备,2776.23,2861.93,2658.58,2748.82,-45.35,-1.62,178933.0,4110111.0,41.74,3.64,54521496.0,105469281.194813
801101.SI,20230426,计算机设备,2730.1,2774.67,2606.57,2652.83,-95.98,-3.49,167201.0,3815941.0,40.16,3.51,52617761.0,102320299.666184
801101.SI,20230427,计算机设备,2626.5,2706.19,2561.73,2616.35,-36.49,-1.38,140421.0,3233268.0,39.54,3.46,51894029.0,101515094.053268
801101.SI,20230428,计算机设备,2593.74,2707.89,2575.43,2679.14,62.79,2.4,149048.0,3225971.0,41.57,3.48,53071424.0,103683459.280397
801101.SI,20230504,计算机设备,2670.71,2728.12,2602.3,2672.89,-6.25,-0.23,143409.0,2861082.0,43.94,3.49,52949394.0,103246182.216647
801101.SI,20230505,计算机设备,2668.0,2720.09,2576.99,2629.74,-43.15,-1.61,148073.0,2968699.0,43.22,3.43,52094652.0,101613970.332157
801101.SI,20230508,计算机设备,2638.56,2727.41,2584.1,2666.14,36.41,1.38,147494.0,2803404.0,43.82,3.48,52819728.0,102845670.485779
801101.SI,20230509,计算机设备,2654.26,2742.21,2609.93,2659.45,-6.7,-0.25,143415.0,2899472.0,43.73,3.47,52691207.0,102351665.158955
801101.SI,20230510,计算机设备,2650.05,2708.02,2584.19,2631.94,-27.5,-1.03,117883.0,2448942.0,43.27,3.43,52146268.0,101622482.490465
801101.SI,20230511,计算机设备,2629.03,2668.03,2570.63,2597.68,-34.26,-1.3,109746.0,2180604.0,42.69,3.39,51467399.0,100626470.917567
801101.SI,20230512,计算机设备,2595.52,2638.28,2543.05,2560.57,-37.11,-1.43,95000.0,1826607.0,42.06,3.34,50732101.0,99216110.876117
801101.SI,20230515,计算机设备,2562.92,2590.49,2476.48,2555.9,-4.67,-0.18,110789.0,2051405.0,41.99,3.33,50639659.0,98971806.826954
801101.SI,20230516,计算机设备,2554.03,2582.78,2487.04,2518.12,-37.78,-1.48,101735.0,1819507.0,41.33,3.28,50115346.0,97700728.57301
801101.SI,20230517,计算机设备,2511.4,2582.14,2488.3,2547.63,29.52,1.17,98864.0,2009627.0,41.81,3.32,50702769.0,98643574.496664
801101.SI,20230518,计算机设备,2544.31,2642.5,2523.02,2613.71,66.07,2.59,139021.0,2743893.0,42.9,3.41,52017753.0,101120420.160464
801101.SI,20230519,计算机设备,2604.5,2675.04,2557.35,2610.11,-3.6,-0.14,120408.0,2367229.0,42.83,3.4,51946179.0,101111467.054321
801101.SI,20230522,计算机设备,2605.46,2664.12,2561.71,2610.81,0.7,0.03,103972.0,2074444.0,42.84,3.4,51960058.0,101252794.965078
801101.SI,20230523,计算机设备,2601.25,2659.09,2559.42,2595.35,-15.46,-0.59,100813.0,1929491.0,42.59,3.38,51652376.0,100917370.904847
801101.SI,20230524,计算机设备,2580.56,2629.55,2535.81,2582.1,-13.25,-0.51,107345.0,2036043.0,42.37,3.37,51388657.0,100345116.574322
801101.SI,20230525,计算机设备,2610.42,2656.42,2517.16,2576.56,-5.53,-0.21,122163.0,2579397.0,42.28,3.36,51278546.0,99713960.493098
801101.SI,20230526,计算机设备,2580.43,2667.74,2548.16,2641.21,64.64,2.51,117339.0,2622563.0,43.34,3.44,52565237.0,102116379.188795
801101.SI,20230529,计算机设备,2652.72,2699.46,2560.78,2590.93,-50.27,-1.9,135091.0,2990648.0,42.49,3.38,51564705.0,100016693.185511
801101.SI,20230530,计算机设备,2580.98,2691.52,2534.75,2669.78,78.84,3.04,142320.0,3191718.0,43.8,3.48,53144922.0,102888730.574939
801101.SI,20230531,计算机设备,2672.13,2724.88,2628.38,2682.13,12.35,0.46,150042.0,3123049.0,44.0,3.5,53390747.0,103352631.640433
801101.SI,20230601,计算机设备,2662.05,2796.47,2632.48,2732.74,50.61,1.89,182363.0,3620475.0,44.84,3.56,54410684.0,105488569.028542
801101.SI,20230602,计算机设备,2737.92,2774.43,2688.64,2715.35,-17.39,-0.64,144303.0,2813187.0,44.57,3.54,54081111.0,104987452.836134
801101.SI,20230605,计算机设备,2715.47,2777.61,2688.98,2732.47,17.12,0.63,129217.0,2454133.0,44.85,3.56,54432854.0,105660504.005718
801101.SI,20230606,计算机设备,2734.42,2758.0,2634.92,2652.76,-79.71,-2.92,126389.0,2493167.0,43.54,3.46,52845203.0,102607360.479794
801101.SI,20230607,计算机设备,2648.5,2701.95,2615.53,2659.2,6.44,0.24,110018.0,2162572.0,43.65,3.47,52989805.0,102884265.797056
801101.SI,20230608,计算机设备,2650.84,2689.14,2593.51,2643.95,-15.25,-0.57,115937.0,2236861.0,43.4,3.45,52694626.0,102139516.873392
801101.SI,20230609,计算机设备,2642.82,2711.78,2545.53,2643.54,-0.42,-0.02,148598.0,3163828.0,43.38,3.45,52680099.0,101514538.779865
801101.SI,20230612,计算机设备,2625.66,2680.99,2578.55,2619.26,-24.28,-0.92,122857.0,2602235.0,42.97,3.41,52196266.0,100630529.3927
801101.SI,20230613,计算机设备,2618.96,2756.84,2585.54,2724.79,105.53,4.03,163940.0,3725163.0,44.73,3.55,54341184.0,104582954.413132
801101.SI,20230614,计算机设备,2718.39,2811.21,2677.1,2753.22,28.44,1.04,170293.0,3827378.0,45.18,3.59,54908328.0,105387740.725835
801101.SI,20230615,计算机设备,2745.25,2791.64,2690.53,2721.57,-31.66,-1.15,141355.0,2788432.0,44.68,3.55,54276967.0,104189340.956704
801101.SI,20230616,计算机设备,2723.77,2862.77,2683.92,2834.32,112.76,4.14,169652.0,3640497.0,46.55,3.7,56524137.0,108524863.578962
801101.SI,20230619,计算机设备,2850.74,2977.98,2807.24,2946.81,112.49,3.97,189213.0,4408944.0,48.41,3.85,58767848.0,112540801.258329
801101.SI,20230620,计算机设备,2925.49,3005.19,2873.12,2964.13,17.32,0.59,166278.0,4033137.0,48.69,3.87,59113287.0,113195315.65061
801101.SI,20230621,计算机设备,2935.81,2951.72,2815.34,2825.21,-138.92,-4.69,164898.0,3613321.0,46.41,3.69,56342824.0,108143710.082577
801101.SI,20230626,计算机设备,2783.73,2830.11,2661.6,2680.03,-145.19,-5.14,148759.0,3267570.0,44.02,3.5,53447403.0,102815632.298108
801101.SI,20230627,计算机设备,2688.16,2736.41,2650.64,2696.36,16.33,0.61,105532.0,2260487.0,44.29,3.52,53807189.0,103560741.58649
801101.SI,20230628,计算机设备,2667.73,2686.62,2543.0,2622.53,-73.83,-2.74,131439.0,2364318.0,43.07,3.42,52333911.0,100935716.14379
801101.SI,20230629,计算机设备,2606.91,2673.72,2571.6,2633.11,10.58,0.4,121686.0,2877326.0,43.23,3.44,52716751.0,101370795.767133
801101.SI,20230630,计算机设备,2615.13,2682.57,2579.83,2644.49,11.38,0.43,118410.0,2595074.0,43.39,3.45,52944535.0,101705023.661105
801101.SI,20230703,计算机设备,2642.8,2695.44,2591.12,2654.7,10.21,0.39,113562.0,2361769.0,43.57,3.46,53148969.0,102148986.31809
801101.SI,20230704,计算机设备,2644.71,2744.64,2619.94,2707.23,52.53,1.98,108442.0,2253275.0,44.44,3.53,54200636.0,104346134.151952
801101.SI,20230705,计算机设备,2710.6,2739.97,2652.24,2670.86,-36.36,-1.34,107205.0,2212353.0,43.83,3.48,53472627.0,103142336.619929
801101.SI,20230706,计算机设备,2657.01,2738.52,2629.03,2674.93,4.06,0.15,106102.0,2336816.0,43.99,3.49,53720034.0,103192581.976165
801101.SI,20230707,计算机设备,2660.08,2675.6,2568.78,2613.42,-61.51,-2.3,106224.0,2197333.0,42.97,3.41,52484718.0,100803313.46109
801101.SI,20230710,计算机设备,2625.26,2661.19,2584.07,2623.27,9.86,0.38,79954.0,1596658.0,43.14,3.42,52682657.0,101320561.476091
801101.SI,20230711,计算机设备,2620.01,2703.65,2602.04,2669.38,46.11,1.76,104744.0,2199230.0,43.9,3.49,53608611.0,103033477.890733
801101.SI,20230712,计算机设备,2653.75,2692.4,2561.58,2583.15,-86.22,-3.23,155024.0,3161295.0,42.48,3.37,51877024.0,100322246.654877
801101.SI,20230713,计算机设备,2581.43,2655.85,2558.15,2629.15,46.0,1.78,128054.0,2488196.0,44.05,3.4,51226769.0,102122639.446352
801101.SI,20230714,计算机设备,2634.7,2722.44,2608.74,2670.59,41.44,1.58,143414.0,2997005.0,44.73,3.46,52034854.0,103305041.656432
801101.SI,20230717,计算机设备,2669.4,2742.02,2629.23,2684.85,14.26,0.53,142092.0,2882514.0,44.97,3.47,52312788.0,103459029.685016
801101.SI,20230718,计算机设备,2691.53,2722.2,2640.48,2655.28,-29.58,-1.1,116933.0,2499855.0,44.5,3.44,51754097.0,102363865.10539
801101.SI,20230719,计算机设备,2653.25,2687.25,2609.46,2635.19,-20.09,-0.76,89179.0,1804019.0,44.16,3.41,51362593.0,101753266.889484
801101.SI,20230720,计算机设备,2640.45,2654.27,2551.99,2560.23,-74.96,-2.84,96091.0,1933468.0,42.93,3.31,49904299.0,98980377.042283
801101.SI,20230721,计算机设备,2553.14,2580.14,2502.42,2524.57,-35.66,-1.39,77569.0,1505371.0,42.34,3.27,49209173.0,97598472.247318
801101.SI,20230724,计算机设备,2530.44,2616.78,2501.9,2562.88,38.31,1.52,88867.0,2060486.0,43.0,3.32,50022149.0,98847064.814796
801101.SI,20230725,计算机设备,2590.0,2652.95,2550.65,2615.54,52.66,2.05,110018.0,2099106.0,43.89,3.39,51051594.0,101131249.993146
801101.SI,20230726,计算机设备,2610.39,2621.51,2532.27,2551.52,-64.02,-2.45,94777.0,1691713.0,42.83,3.31,49804026.0,98818381.689805
801101.SI,20230727,计算机设备,2549.53,2600.62,2516.99,2543.89,-7.63,-0.3,83003.0,1502672.0,42.71,3.3,49686568.0,98700849.622647
801101.SI,20230728,计算机设备,2537.14,2619.47,2513.29,2593.36,49.47,1.94,111191.0,2000064.0,43.56,3.36,50652877.0,100546223.702599
801101.SI,20230731,计算机设备,2586.9,2671.69,2555.92,2617.8,24.44,0.94,120091.0,2236679.0,43.93,3.39,51080287.0,101751748.268056
801101.SI,20230801,计算机设备,2611.26,2678.78,2572.47,2638.08,20.28,0.77,100106.0,2000460.0,44.28,3.42,51475057.0,102182014.857677
801101.SI,20230802,计算机设备,2627.13,2665.1,2599.97,2632.79,-5.29,-0.2,86370.0,1494684.0,44.19,3.41,51412676.0,101948543.100234
801101.SI,20230803,计算机设备,2616.51,2666.64,2584.28,2622.11,-10.68,-0.41,89343.0,1709854.0,44.02,3.4,51208004.0,101455174.698639
801101.SI,20230804,计算机设备,2624.05,2741.32,2617.18,2710.09,87.98,3.36,162446.0,2795477.0,45.51,3.51,52926110.0,104747823.158322
801101.SI,20230807,计算机设备,2716.84,2774.02,2677.01,2707.61,-2.48,-0.09,137105.0,2519289.0,45.47,3.51,52876232.0,104754887.140096
801101.SI,20230808,计算机设备,2703.84,2734.83,2660.89,2676.34,-31.27,-1.15,109248.0,1764574.0,44.93,3.47,52265582.0,103684945.252556
801101.SI,20230809,计算机设备,2668.19,2716.74,2616.16,2633.54,-42.8,-1.6,114637.0,2037914.0,44.21,3.41,51429801.0,102188220.636941
801101.SI,20230810,计算机设备,2622.43,2668.99,2592.23,2638.54,5.0,0.19,122510.0,1782109.0,44.28,3.42,51539492.0,102444215.67993
801101.SI,20230811,计算机设备,2635.95,2652.47,2549.18,2558.47,-80.07,-3.03,115394.0,1769970.0,42.93,3.32,49977488.0,99489420.241763
801101.SI,20230814,计算机设备,2536.97,2591.58,2506.76,2581.53,23.06,0.9,110399.0,1679355.0,43.31,3.34,50439106.0,100231080.270952
801101.SI,20230815,计算机设备,2592.3,2621.9,2514.59,2548.36,-33.16,-1.28,115106.0,1857352.0,42.76,3.3,49791789.0,99104886.809199
801101.SI,20230816,计算机设备,2536.66,2553.94,2460.18,2472.06,-76.3,-2.99,114650.0,1780265.0,41.47,3.2,48300906.0,96170123.886123
801101.SI,20230817,计算机设备,2464.16,2525.52,2426.35,2496.33,24.27,0.98,97157.0,1549381.0,41.87,3.23,48796876.0,97263312.232057
801101.SI,20230818,计算机设备,2493.86,2529.42,2430.57,2435.83,-60.49,-2.42,94807.0,1494416.0,40.89,3.15,47671163.0,95086879.035387
801101.SI,20230821,计算机设备,2434.6,2511.46,2418.09,2442.92,7.08,0.29,94794.0,1391361.0,40.96,3.18,47811671.0,95506347.5898
801101.SI,20230822,计算机设备,2470.92,2533.73,2425.72,2520.7,77.78,3.18,141845.0,2110996.0,42.28,3.28,49334012.0,98416451.168232
801101.SI,20230823,计算机设备,2501.43,2528.25,2437.96,2449.77,-70.93,-2.81,110807.0,1693954.0,41.09,3.19,48005873.0,95719638.17158
801101.SI,20230824,计算机设备,2470.38,2516.56,2426.26,2461.75,11.98,0.49,125128.0,1953041.0,41.31,3.21,48239715.0,96053988.151197
801101.SI,20230825,计算机设备,2433.03,2449.32,2331.03,2356.52,-105.23,-4.27,145880.0,2324142.0,39.55,3.07,46177600.0,92213503.599653
801101.SI,20230828,计算机设备,2498.94,2514.93,2362.35,2380.0,23.48,1.0,158402.0,2437729.0,39.97,3.09,46637731.0,93186541.559469
801101.SI,20230829,计算机设备,2372.83,2502.37,2354.27,2481.07,101.07,4.25,163694.0,2453838.0,41.64,3.22,48618255.0,97191244.352216
801101.SI,20230830,计算机设备,2483.89,2544.16,2457.19,2514.89,33.82,1.36,161621.0,2422473.0,42.18,3.26,49280961.0,98478380.282608
801101.SI,20230831,计算机设备,2501.51,2547.73,2474.87,2508.39,-6.49,-0.26,110041.0,1777263.0,42.07,3.26,49153720.0,98217770.771856
801101.SI,20230901,计算机设备,2505.27,2537.71,2463.41,2489.0,-19.39,-0.77,94065.0,1460985.0,43.23,3.23,48774292.0,97619150.9526
801101.SI,20230904,计算机设备,2500.36,2539.72,2475.15,2525.25,36.25,1.46,100926.0,1641429.0,43.88,3.28,49484596.0,98865418.064482
801101.SI,20230905,计算机设备,2517.87,2549.58,2480.31,2497.63,-27.62,-1.09,106033.0,1681293.0,43.39,3.24,48943350.0,97896671.797828
801101.SI,20230906,计算机设备,2484.69,2528.07,2446.92,2503.99,6.36,0.25,100397.0,1512958.0,43.48,3.25,49067985.0,98071846.53261
801101.SI,20230907,计算机设备,2499.3,2524.5,2442.04,2457.12,-46.87,-1.87,116207.0,1735736.0,42.67,3.19,48149622.0,96258019.118853
801101.SI,20230908,计算机设备,2451.05,2491.14,2410.97,2446.49,-10.63,-0.43,129488.0,1802295.0,42.46,3.17,47941331.0,95945540.088038
801101.SI,20230911,计算机设备,2447.0,2530.17,2421.11,2491.36,44.87,1.83,132609.0,2263156.0,43.26,3.23,48820577.0,97392389.5531
801101.SI,20230912,计算机设备,2488.21,2524.64,2460.4,2485.4,-5.96,-0.24,130813.0,2069207.0,43.16,3.23,48703718.0,97065161.882704
801101.SI,20230913,计算机设备,2474.83,2488.55,2398.92,2428.46,-56.94,-2.29,125450.0,1900390.0,42.18,3.15,47655373.0,94874041.457215
801101.SI,20230914,计算机设备,2424.25,2449.22,2385.78,2406.73,-21.73,-0.89,92166.0,1420648.0,41.81,3.12,47229045.0,94122654.951437
801101.SI,20230915,计算机设备,2414.24,2436.42,2349.55,2376.38,-30.35,-1.26,103158.0,1515393.0,41.28,3.08,46633392.0,92884956.808388
801101.SI,20230918,计算机设备,2360.24,2410.69,2335.94,2367.83,-8.55,-0.36,90823.0,1260242.0,41.12,3.07,46465586.0,92595891.136518
801101.SI,20230919,计算机设备,2363.79,2375.08,2310.44,2325.06,-42.77,-1.81,83015.0,1208586.0,40.38,3.02,45626273.0,90941211.208696
801101.SI,20230920,计算机设备,2326.97,2364.5,2309.4,2325.24,0.18,0.01,69757.0,1105183.0,40.39,3.02,45629792.0,90940019.411075
801101.SI,20230921,计算机设备,2316.56,2367.73,2296.42,2328.0,2.76,0.12,81199.0,1321785.0,40.45,3.02,45690120.0,90981547.016979
801101.SI,20230922,计算机设备,2324.29,2428.56,2310.4,2419.56,91.56,3.93,115853.0,2076272.0,42.04,3.14,47488245.0,94510741.871158
801101.SI,20230925,计算机设备,2421.12,2445.85,2383.19,2403.66,-15.89,-0.66,124411.0,1726503.0,41.73,3.12,50039492.0,103147387.159259
801101.SI,20230926,计算机设备,2409.21,2478.48,2390.1,2435.35,31.68,1.32,118984.0,1992524.0,42.27,3.16,50699084.0,104638549.47722
801101.SI,20230927,计算机设备,2423.22,2454.61,2391.63,2419.26,-16.09,-0.66,104791.0,1736478.0,42.02,3.14,50364138.0,103886647.322307
801101.SI,20230928,计算机设备,2423.02,2471.59,2406.4,2447.18,27.93,1.15,99906.0,1645311.0,42.52,3.18,50945511.0,104979524.686543
801101.SI,20231009,计算机设备,2446.56,2496.89,2415.29,2475.82,28.64,1.17,141648.0,1829169.0,42.96,3.21,51541651.0,106213849.975827
801101.SI,20231010,计算机设备,2486.33,2524.46,2451.43,2481.92,6.1,0.25,147832.0,2137117.0,43.15,3.23,51669586.0,106289584.332622
801101.SI,20231011,计算机设备,2484.2,2555.0,2456.86,2516.1,34.18,1.38,175240.0,2610366.0,43.75,3.27,52382373.0,107651330.013275
801101.SI,20231012,计算机设备,2523.73,2556.59,2480.53,2516.94,0.84,0.03,158495.0,2346806.0,43.8,3.27,52399891.0,107749616.672701
801101.SI,20231013,计算机设备,2500.27,2534.44,2457.87,2490.26,-26.68,-1.06,147462.0,2223834.0,43.28,3.23,51846650.0,106892906.154172
801101.SI,20231016,计算机设备,2487.97,2520.72,2435.29,2471.99,-18.27,-0.73,152058.0,2088570.0,42.96,3.21,51466241.0,105991183.844981
801101.SI,20231017,计算机设备,2479.66,2516.23,2436.72,2471.15,-0.84,-0.03,150245.0,2078507.0,42.97,3.21,51463646.0,106105815.809492
801101.SI,20231018,计算机设备,2464.67,2490.58,2389.82,2428.9,-42.25,-1.71,174193.0,2423225.0,42.19,3.15,50584334.0,104439404.702472
801101.SI,20231019,计算机设备,2410.65,2482.05,2381.92,2405.47,-23.43,-0.96,167187.0,2318144.0,41.79,3.12,50096393.0,103304652.936371
801101.SI,20231020,计算机设备,2390.62,2425.73,2325.56,2339.86,-65.61,-2.73,138886.0,1882968.0,40.61,3.04,48730041.0,100676376.395424
801101.SI,20231023,计算机设备,2340.8,2381.57,2270.53,2308.54,-31.33,-1.34,128722.0,1856498.0,40.15,2.97,48076325.0,99804312.136265
801101.SI,20231024,计算机设备,2312.45,2360.79,2257.53,2318.89,10.35,0.45,130527.0,1893627.0,40.32,2.98,48291994.0,100230682.938746
801101.SI,20231025,计算机设备,2343.77,2425.66,2324.07,2376.98,58.09,2.51,139966.0,2175952.0,41.36,3.05,49501802.0,102797277.019512
801101.SI,20231026,计算机设备,2356.91,2422.38,2327.16,2399.04,22.06,0.93,157980.0,2436736.0,41.72,3.08,49961131.0,103713319.755666
801101.SI,20231027,计算机设备,2387.21,2450.67,2350.11,2411.9,12.86,0.54,138513.0,2151171.0,41.9,3.09,50230122.0,104449257.526878
801101.SI,20231030,计算机设备,2398.3,2479.33,2373.61,2457.27,45.37,1.88,135901.0,2163446.0,42.66,3.15,51206094.0,106447717.810174
801101.SI,20231031,计算机设备,2458.41,2479.77,2401.04,2431.58,-25.69,-1.05,121691.0,1792491.0,42.24,3.12,50670810.0,105430826.588337
801101.SI,20231101,计算机设备,2434.39,2468.18,2395.48,2415.78,-15.8,-0.65,106630.0,1734249.0,42.37,3.11,50341592.0,104623523.64533
801101.SI,20231102,计算机设备,2415.6,2444.3,2374.54,2382.05,-33.73,-1.4,95311.0,1444166.0,41.83,3.07,49638651.0,103228042.113128
801101.SI,20231103,计算机设备,2387.45,2455.23,2376.5,2429.37,47.32,1.99,104045.0,1669398.0,42.63,3.13,50624752.0,105119268.429317
801101.SI,20231106,计算机设备,2443.12,2522.7,2428.45,2507.13,77.76,3.2,128200.0,2179837.0,44.02,3.23,52245087.0,108342054.382937
801101.SI,20231107,计算机设备,2501.29,2562.85,2481.1,2532.75,25.62,1.02,140057.0,2440504.0,44.55,3.26,52843288.0,109212624.613921
801101.SI,20231108,计算机设备,2531.51,2587.0,2507.16,2544.18,11.43,0.45,154336.0,2577005.0,44.78,3.28,53081791.0,109716583.078719
801101.SI,20231109,计算机设备,2539.31,2595.68,2511.16,2553.89,9.71,0.38,135613.0,2615858.0,44.98,3.3,53283018.0,109852258.68344
801101.SI,20231110,计算机设备,2533.01,2574.01,2502.01,2534.01,-19.88,-0.78,127381.0,2305773.0,44.6,3.27,52868260.0,109301835.762212
801101.SI,20231113,计算机设备,2541.61,2606.47,2524.6,2570.73,36.72,1.45,144764.0,2382121.0,45.23,3.31,53634323.0,110675001.019996
801101.SI,20231114,计算机设备,2574.55,2623.28,2540.03,2583.42,12.69,0.49,150242.0,2512809.0,45.47,3.33,53924838.0,110856897.505559
801101.SI,20231115,计算机设备,2618.27,2657.27,2570.07,2604.55,21.13,0.82,202215.0,2836038.0,45.84,3.36,54365903.0,111752292.529249
801101.SI,20231116,计算机设备,2591.96,2635.27,2558.24,2575.52,-29.03,-1.11,165408.0,2491465.0,45.34,3.32,53759985.0,110401799.659888
801101.SI,20231117,计算机设备,2569.18,2620.45,2541.8,2582.81,7.29,0.28,135917.0,2455152.0,45.45,3.33,53912111.0,110572065.243596
801101.SI,20231120,计算机设备,2581.38,2650.81,2552.58,2618.24,35.43,1.37,150581.0,2844913.0,46.11,3.38,54651684.0,111843259.636118
801101.SI,20231121,计算机设备,2618.44,2645.41,2561.02,2574.66,-43.59,-1.66,151763.0,2758889.0,45.34,3.32,53741900.0,110292173.98404
801101.SI,20231122,计算机设备,2573.33,2607.99,2525.23,2541.4,-33.25,-1.29,127740.0,2422391.0,44.78,3.28,53047773.0,108988557.457532
801101.SI,20231123,计算机设备,2535.03,2597.64,2503.47,2581.19,39.79,1.57,126067.0,2387619.0,45.48,3.33,53860545.0,110553085.045958
801101.SI,20231124,计算机设备,2590.4,2600.54,2506.48,2527.85,-53.34,-2.07,119415.0,2195571.0,44.54,3.26,52747535.0,108554174.279081
801101.SI,20231127,计算机设备,2519.13,2558.09,2485.43,2516.49,-11.36,-0.45,102651.0,1934891.0,44.34,3.25,52510548.0,108049561.708979
801101.SI,20231128,计算机设备,2515.24,2551.8,2492.85,2526.95,10.46,0.42,88991.0,1651530.0,44.5,3.26,52728786.0,108505328.770825
801101.SI,20231129,计算机设备,2523.42,2550.56,2486.56,2507.04,-19.91,-0.79,89585.0,1732074.0,44.15,3.23,52313353.0,107665958.154807
801101.SI,20231130,计算机设备,2496.49,2521.61,2453.39,2484.55,-22.49,-0.9,95242.0,1767103.0,43.74,3.2,51843995.0,106768227.864456
801101.SI,20231201,计算机设备,2484.58,2555.44,2459.92,2542.18,57.63,2.32,105862.0,2131947.0,44.78,3.28,53046453.0,109104308.957116
801101.SI,20231204,计算机设备,2544.75,2602.43,2510.96,2542.72,0.54,0.02,120136.0,2337876.0,44.82,3.28,53164670.0,108738408.02648
801101.SI,20231205,计算机设备,2527.24,2546.76,2446.39,2455.03,-87.69,-3.45,125850.0,2183891.0,43.22,3.17,51331126.0,105232699.616574
801101.SI,20231206,计算机设备,2445.84,2486.02,2417.47,2449.71,-5.32,-0.22,100336.0,1687472.0,43.09,3.16,51219989.0,105004519.704668
801101.SI,20231207,计算机设备,2447.82,2492.78,2424.62,2460.17,10.46,0.43,105453.0,1724319.0,43.23,3.17,51438675.0,105310265.294987
801101.SI,20231208,计算机设备,2463.38,2537.6,2438.17,2487.22,27.05,1.1,134781.0,2641547.0,43.69,3.2,52004179.0,106212019.407729
801101.SI,20231211,计算机设备,2480.81,2547.72,2449.94,2537.42,50.21,2.02,115792.0,2122634.0,44.62,3.27,53053915.0,108555105.435553
801101.SI,20231212,计算机设备,2534.86,2580.71,2507.67,2543.64,6.22,0.25,125202.0,2324620.0,44.71,3.28,53183898.0,108880640.069174
801101.SI,20231213,计算机设备,2540.73,2558.65,2489.76,2497.68,-45.96,-1.81,100862.0,1846769.0,43.88,3.22,52202020.0,106979490.988986
801101.SI,20231214,计算机设备,2511.45,2543.12,2471.92,2484.32,-13.37,-0.54,104712.0,1793548.0,43.65,3.2,51922677.0,106352749.909512
801101.SI,20231215,计算机设备,2484.07,2511.85,2436.06,2460.93,-23.39,-0.94,120419.0,1816787.0,43.21,3.17,51439185.0,105536274.541414
801101.SI,20231218,计算机设备,2453.52,2486.14,2413.28,2431.13,-29.8,-1.21,94606.0,1431197.0,42.69,3.13,50822567.0,104256814.192303
801101.SI,20231219,计算机设备,2427.58,2459.14,2398.39,2442.83,11.71,0.48,104600.0,1413398.0,42.96,3.15,51077194.0,104792755.147996
801101.SI,20231220,计算机设备,2444.66,2461.33,2375.36,2383.72,-59.11,-2.42,105043.0,1594953.0,41.85,3.07,49841163.0,102527834.810249
801101.SI,20231221,计算机设备,2372.4,2423.16,2345.1,2399.95,16.23,0.68,102410.0,1517191.0,42.15,3.09,50180484.0,103064983.252786
801101.SI,20231222,计算机设备,2397.04,2416.62,2338.12,2357.73,-42.22,-1.76,103337.0,1509469.0,41.43,3.04,49297785.0,101305559.731794
801101.SI,20231225,计算机设备,2353.93,2392.79,2321.02,2356.44,-1.29,-0.05,90691.0,1210505.0,41.39,3.03,49270789.0,101441053.218644
801101.SI,20231226,计算机设备,2352.81,2362.5,2287.99,2304.99,-51.45,-2.18,88569.0,1232190.0,40.49,2.97,48195081.0,99451174.848614
801101.SI,20231227,计算机设备,2306.15,2350.08,2293.34,2327.69,22.69,0.98,93473.0,1324737.0,40.87,2.99,48669608.0,100496629.214017
801101.SI,20231228,计算机设备,2323.06,2394.6,2298.04,2375.8,48.12,2.07,124162.0,1670459.0,41.74,3.06,49681339.0,102647604.970215
801101.SI,20231229,计算机设备,2373.93,2441.96,2360.23,2425.13,49.32,2.08,122484.0,1770901.0,42.6,3.12,50712741.0,104980819.782103
801101.SI,20240102,计算机设备,2425.48,2446.88,2366.28,2386.8,-38.33,-1.58,118351.0,1629502.0,41.91,3.07,49909387.0,103223169.525216
801101.SI,20240103,计算机设备,2377.96,2400.43,2324.4,2353.55,-33.25,-1.39,116205.0,1687060.0,41.29,3.02,49214138.0,101959021.8809
801101.SI,20240104,计算机设备,2348.76,2374.03,2303.77,2339.82,-13.73,-0.58,102753.0,1433742.0,41.03,3.01,48927116.0,101316744.284497
801101.SI,20240105,计算机设备,2333.26,2358.21,2270.22,2292.11,-47.71,-2.04,104494.0,1611006.0,40.2,2.95,47929378.0,99398341.175974
801101.SI,20240108,计算机设备,2288.52,2305.08,2223.43,2241.39,-50.72,-2.21,98991.0,1501376.0,39.32,2.88,46881403.0,97130492.978234
801101.SI,20240109,计算机设备,2248.81,2271.54,2183.83,2216.53,-24.85,-1.11,111586.0,1617250.0,38.88,2.85,46361848.0,96064127.602122
801101.SI,20240110,计算机设备,2206.98,2220.97,2146.67,2169.39,-47.14,-2.13,94324.0,1348291.0,38.02,2.79,45375770.0,93960339.415365
801101.SI,20240111,计算机设备,2170.34,2252.44,2161.96,2231.42,62.03,2.86,110091.0,1670948.0,39.13,2.86,46710125.0,96609554.870393
801101.SI,20240112,计算机设备,2233.28,2259.03,2191.42,2200.04,-31.38,-1.41,99695.0,1551438.0,38.56,2.82,46053457.0,95333878.628281
801101.SI,20240115,计算机设备,2192.92,2220.19,2159.39,2187.59,-12.45,-0.57,78983.0,1306796.0,38.34,2.81,45792895.0,94952599.712739
801101.SI,20240116,计算机设备,2184.49,2204.9,2141.24,2185.72,-1.87,-0.09,93201.0,1378914.0,38.51,2.8,45464503.0,94896196.761311
801101.SI,20240117,计算机设备,2185.12,2212.86,2147.04,2155.69,-30.03,-1.37,81225.0,1328002.0,38.04,2.76,44839796.0,93634864.768084
801101.SI,20240118,计算机设备,2140.32,2201.0,2095.03,2182.83,27.14,1.26,108545.0,1707433.0,38.54,2.8,45404379.0,94769830.423061
801101.SI,20240119,计算机设备,2177.99,2202.86,2134.91,2150.37,-32.46,-1.49,89192.0,1485908.0,37.99,2.76,44729257.0,93456330.040935
801101.SI,20240122,计算机设备,2153.56,2170.82,2032.99,2054.28,-96.1,-4.47,99104.0,1450243.0,36.29,2.64,42726025.0,89396862.924751
801101.SI,20240123,计算机设备,2050.21,2104.22,2014.78,2077.54,23.26,1.13,91297.0,1426649.0,36.74,2.67,43205742.0,90114054.88733
801101.SI,20240124,计算机设备,2082.99,2116.45,2017.41,2103.03,25.49,1.23,96624.0,1362581.0,37.19,2.7,43738326.0,91331550.664286
801101.SI,20240125,计算机设备,2102.81,2185.34,2082.26,2173.11,70.08,3.33,107236.0,1652222.0,38.45,2.79,45195880.0,94219703.590102
801101.SI,20240126,计算机设备,2169.49,2204.18,2136.81,2152.96,-20.15,-0.93,89534.0,1328747.0,38.09,2.77,44776836.0,93360851.80001
801101.SI,20240129,计算机设备,2158.25,2179.97,2080.81,2091.26,-61.7,-2.87,88072.0,1250061.0,37.02,2.69,43493560.0,90883682.692716
801101.SI,20240130,计算机设备,2087.25,2129.65,2043.62,2051.83,-39.43,-1.89,73555.0,1054599.0,36.3,2.64,42673549.0,89474797.849698
801101.SI,20240131,计算机设备,2031.77,2071.92,1944.16,1983.19,-68.64,-3.35,101258.0,1289152.0,35.04,2.55,41230242.0,86903180.743788
801101.SI,20240201,计算机设备,1972.18,2038.25,1925.15,1988.58,5.39,0.27,88682.0,1208290.0,35.15,2.56,41342344.0,87042894.906295
801101.SI,20240202,计算机设备,1987.56,2023.76,1837.27,1914.58,-74.0,-3.72,102568.0,1302681.0,33.83,2.46,39803868.0,84004357.594204
801101.SI,20240205,计算机设备,1896.73,1937.81,1773.08,1829.32,-85.26,-4.45,124657.0,1402966.0,32.26,2.35,38031302.0,80710848.388296
801101.SI,20240206,计算机设备,1797.36,1954.26,1765.86,1926.09,96.76,5.29,133797.0,1504659.0,33.89,2.47,40043027.0,84823710.760386
801101.SI,20240207,计算机设备,1927.16,2002.09,1880.46,1944.56,18.47,0.96,139450.0,1661174.0,34.23,2.49,40427081.0,85571740.377359
801101.SI,20240208,计算机设备,1963.43,2066.58,1932.01,2035.73,91.17,4.69,150558.0,1803038.0,35.89,2.61,42322522.0,89248022.54233
801101.SI,20240219,计算机设备,2099.96,2154.02,2045.31,2115.99,80.25,3.94,145887.0,2117224.0,37.38,2.72,44049434.0,92263492.593898
801101.SI,20240220,计算机设备,2099.85,2152.56,2069.47,2124.63,8.65,0.41,121086.0,1832939.0,37.55,2.73,44243173.0,92622419.007956
801101.SI,20240221,计算机设备,2097.75,2181.03,2080.11,2124.03,-0.6,-0.03,138934.0,1890108.0,37.52,2.73,44222141.0,92703812.313264
801101.SI,20240222,计算机设备,2153.96,2226.09,2144.72,2195.67,71.63,3.37,152564.0,2389465.0,38.82,2.82,45713523.0,95401391.600623
801101.SI,20240223,计算机设备,2217.58,2258.37,2175.56,2236.38,40.71,1.85,158660.0,2439953.0,39.53,2.87,46898404.0,99359147.411456
801101.SI,20240226,计算机设备,2241.9,2317.1,2212.86,2273.6,37.23,1.66,166987.0,2781960.0,40.13,2.92,47679083.0,100803327.109257
801101.SI,20240227,计算机设备,2255.82,2379.34,2233.08,2368.01,94.41,4.15,177940.0,3074315.0,41.84,3.04,49658939.0,104324782.207005
801101.SI,20240228,计算机设备,2393.36,2440.66,2263.17,2269.14,-98.87,-4.18,232038.0,4385180.0,40.14,2.92,47585583.0,99983622.679648
801101.SI,20240229,计算机设备,2259.99,2380.35,2249.99,2360.17,91.03,4.01,168710.0,3440206.0,41.78,3.04,49494478.0,103556883.593462
801101.SI,20240301,计算机设备,2367.13,2473.28,2348.57,2452.99,92.82,3.93,192013.0,3974854.0,43.53,3.17,51446015.0,107182039.680555
801101.SI,20240304,计算机设备,2485.42,2523.35,2402.81,2464.12,11.13,0.45,204101.0,4375456.0,43.75,3.18,51698549.0,107336021.128522
801101.SI,20240305,计算机设备,2435.82,2550.66,2398.6,2464.31,0.19,0.01,197548.0,4132633.0,43.76,3.18,51702101.0,107644413.324053
801101.SI,20240306,计算机设备,2433.55,2483.95,2388.54,2440.2,-24.11,-0.98,167460.0,3438300.0,43.32,3.15,51196366.0,106235691.078667
801101.SI,20240307,计算机设备,2435.95,2470.92,2364.77,2380.42,-59.78,-2.45,151117.0,3050936.0,42.24,3.07,49942125.0,103941833.885964
801101.SI,20240308,计算机设备,2387.17,2444.0,2350.59,2426.72,46.3,1.94,128366.0,2737468.0,43.1,3.14,50913435.0,105679042.550103
801101.SI,20240311,计算机设备,2400.85,2478.74,2379.93,2469.12,42.4,1.75,156828.0,2968285.0,43.83,3.19,51803034.0,107365014.314466
801101.SI,20240312,计算机设备,2471.63,2507.44,2421.18,2464.7,-4.42,-0.18,175342.0,3031881.0,43.71,3.18,51710375.0,107446062.279119
801101.SI,20240313,计算机设备,2474.54,2519.74,2425.75,2450.56,-14.14,-0.57,167548.0,3086855.0,43.45,3.16,51413698.0,106923121.375416
801101.SI,20240314,计算机设备,2430.31,2469.92,2381.15,2421.63,-28.93,-1.18,140493.0,2656153.0,42.92,3.12,50806689.0,105626531.775245
801101.SI,20240315,计算机设备,2416.07,2452.95,2377.41,2440.76,19.13,0.79,123889.0,2407473.0,43.07,3.14,51208116.0,106500244.516828
801101.SI,20240318,计算机设备,2445.63,2497.82,2424.4,2487.79,47.03,1.93,155053.0,3112992.0,43.94,3.21,52194774.0,108349222.819068
801101.SI,20240319,计算机设备,2476.88,2524.59,2445.07,2466.46,-21.33,-0.86,157156.0,2959938.0,43.53,3.18,51747255.0,107624973.694218
801101.SI,20240320,计算机设备,2459.62,2514.91,2439.7,2487.18,20.72,0.84,144648.0,2822347.0,43.95,3.21,52182069.0,108394522.010488
801101.SI,20240321,计算机设备,2491.47,2522.64,2450.01,2473.49,-13.7,-0.55,155001.0,2633439.0,43.75,3.19,51895291.0,107869770.462197
801101.SI,20240322,计算机设备,2466.82,2506.54,2412.8,2453.5,-19.98,-0.81,170542.0,3076949.0,43.41,3.17,51476054.0,106656786.000263
801101.SI,20240325,计算机设备,2450.6,2511.26,2392.13,2407.58,-45.93,-1.87,178168.0,3065343.0,42.64,3.11,50528844.0,104773455.14801
801101.SI,20240326,计算机设备,2395.25,2449.38,2334.6,2372.59,-34.98,-1.45,157002.0,2994792.0,41.95,3.06,49794602.0,103485275.508389
801101.SI,20240327,计算机设备,2363.35,2396.92,2278.36,2299.91,-72.69,-3.06,133844.0,2487835.0,40.63,2.96,48269090.0,100867410.939065
801101.SI,20240328,计算机设备,2297.11,2402.43,2287.38,2367.63,67.72,2.94,152413.0,2931674.0,40.8,3.05,49690391.0,103523534.504582
801101.SI,20240329,计算机设备,2357.5,2387.19,2301.23,2351.52,-16.11,-0.68,123463.0,2523178.0,40.56,3.03,49352299.0,102870283.76815
801101.SI,20240401,计算机设备,2360.33,2431.23,2344.2,2406.99,55.47,2.36,116106.0,2429239.0,41.37,3.1,50516396.0,105179516.363906
801101.SI,20240402,计算机设备,2406.2,2424.68,2331.36,2357.63,-49.35,-2.05,113954.0,2231436.0,40.39,3.03,49482215.0,103443367.692533
801101.SI,20240403,计算机设备,2346.76,2363.11,2278.31,2303.66,-53.97,-2.29,96179.0,1833643.0,39.43,2.96,48358200.0,101275798.552375
801101.SI,20240408,计算机设备,2298.06,2331.04,2263.12,2282.5,-21.16,-0.92,82853.0,1504822.0,39.03,2.93,47914082.0,100482801.976973
801101.SI,20240409,计算机设备,2280.93,2310.82,2241.28,2284.26,1.75,0.08,76795.0,1515147.0,38.98,2.92,47950859.0,100700031.044061
801101.SI,20240410,计算机设备,2280.97,2290.4,2200.93,2218.02,-66.24,-2.9,89246.0,1589308.0,37.81,2.84,46560432.0,97827222.891309
801101.SI,20240411,计算机设备,2209.39,2266.1,2196.38,2230.22,12.2,0.55,72171.0,1414670.0,38.03,2.85,46828717.0,98199812.248326
801101.SI,20240412,计算机设备,2239.33,2275.94,2210.28,2224.47,-5.75,-0.26,71528.0,1445236.0,37.92,2.85,46707902.0,97949721.736062
801101.SI,20240415,计算机设备,2214.23,2269.59,2159.76,2211.5,-12.96,-0.58,109952.0,1788191.0,37.65,2.83,46435702.0,97584324.130155
801101.SI,20240416,计算机设备,2195.97,2236.44,2114.3,2138.5,-73.0,-3.3,118141.0,1927139.0,30.78,2.72,44902828.0,94555586.028905
801101.SI,20240417,计算机设备,2158.46,2243.19,2139.65,2230.82,92.32,4.32,109167.0,1895052.0,32.14,2.84,46841373.0,98304739.780453
801101.SI,20240418,计算机设备,2222.51,2268.71,2184.28,2219.49,-11.33,-0.51,99461.0,1891820.0,31.57,2.8,46603441.0,97964503.11734
801101.SI,20240419,计算机设备,2207.77,2230.74,2148.51,2177.79,-41.7,-1.88,88962.0,1718661.0,30.92,2.75,45727799.0,96434649.483225
801101.SI,20240422,计算机设备,2141.56,2210.85,2106.28,2175.64,-2.15,-0.1,85938.0,1585145.0,29.15,2.68,45682628.0,96677571.744279
801101.SI,20240423,计算机设备,2182.17,2215.27,2145.26,2173.29,-2.34,-0.11,80089.0,1332609.0,27.89,2.68,45633431.0,96484167.026574
801101.SI,20240424,计算机设备,2181.51,2247.11,2160.8,2228.7,55.41,2.55,110434.0,1877434.0,28.56,2.74,46796895.0,98676308.071569
801101.SI,20240425,计算机设备,2213.79,2248.89,2187.58,2218.65,-10.06,-0.45,91256.0,1536213.0,28.63,2.73,46579062.0,98191731.246177
801101.SI,20240426,计算机设备,2213.17,2300.23,2203.22,2276.61,57.97,2.61,134453.0,2341360.0,29.38,2.8,47796011.0,100420554.001366
801101.SI,20240429,计算机设备,2284.27,2356.9,2266.25,2334.36,57.75,2.54,130253.0,2321067.0,30.89,2.95,49008441.0,102888535.744091
801101.SI,20240430,计算机设备,2342.6,2384.1,2300.09,2333.01,-1.35,-0.06,114638.0,2387578.0,30.86,2.95,48980022.0,102791696.083059
801101.SI,20240506,计算机设备,2365.33,2391.24,2324.72,2349.59,16.58,0.71,97803.0,1978075.0,32.87,3.05,49337155.0,103871714.235841
801101.SI,20240507,计算机设备,2347.6,2375.42,2310.76,2335.46,-14.13,-0.6,97300.0,1829571.0,32.66,3.03,49040419.0,103356075.406706
801101.SI,20240508,计算机设备,2325.29,2341.82,2269.83,2281.9,-53.56,-2.29,86316.0,1560624.0,31.91,2.96,47915696.0,101012518.928585
801101.SI,20240509,计算机设备,2278.68,2316.36,2266.76,2297.97,16.07,0.7,73291.0,1372166.0,32.14,2.98,48253117.0,101671012.549493
801101.SI,20240510,计算机设备,2297.03,2317.59,2245.31,2266.52,-31.45,-1.37,76013.0,1488222.0,31.71,2.94,47592716.0,100539007.17307
801101.SI,20240513,计算机设备,2252.66,2289.37,2212.72,2246.27,-20.25,-0.89,73403.0,1332612.0,31.44,2.92,47167490.0,99676596.764052
801101.SI,20240514,计算机设备,2252.35,2295.06,2234.37,2271.92,25.65,1.14,70368.0,1406517.0,31.81,2.95,47706082.0,100735066.140743
801101.SI,20240515,计算机设备,2262.29,2290.79,2233.17,2245.02,-26.89,-1.18,62186.0,1200124.0,31.42,2.92,47141370.0,99693579.3356
801101.SI,20240516,计算机设备,2260.13,2295.55,2233.8,2256.72,11.69,0.52,93199.0,1599441.0,31.57,2.93,47386935.0,100080854.456635
801101.SI,20240517,计算机设备,2250.93,2286.38,2224.68,2274.66,17.95,0.8,97884.0,1450286.0,31.82,2.95,47765302.0,101043216.213385
801101.SI,20240520,计算机设备,2269.56,2329.86,2250.57,2301.65,26.99,1.19,102482.0,1730912.0,32.18,2.99,48332014.0,102220600.154928
801101.SI,20240521,计算机设备,2286.74,2308.8,2249.41,2264.72,-36.93,-1.6,78195.0,1310820.0,31.66,2.94,47517105.0,100515002.52913
801101.SI,20240522,计算机设备,2254.49,2285.81,2237.33,2270.52,5.8,0.26,77312.0,1210839.0,31.83,2.95,47773922.0,101051655.08021
801101.SI,20240523,计算机设备,2268.66,2288.75,2208.85,2222.95,-47.57,-2.1,88164.0,1403658.0,31.15,2.88,46772998.0,99106380.478995
801101.SI,20240524,计算机设备,2219.6,2246.36,2171.46,2181.34,-41.6,-1.87,87465.0,1454063.0,30.63,2.83,45945062.0,97283168.093492
801101.SI,20240527,计算机设备,2184.52,2213.8,2138.93,2198.88,17.53,0.8,77941.0,1295555.0,30.87,2.85,46316703.0,98028411.030325
801101.SI,20240528,计算机设备,2195.02,2218.5,2151.89,2167.61,-31.27,-1.42,71081.0,1198946.0,30.42,2.81,45658051.0,96917169.210465
801101.SI,20240529,计算机设备,2170.0,2193.99,2141.4,2160.63,-6.97,-0.32,67211.0,1073521.0,30.34,2.81,45575736.0,96682832.335941
801101.SI,20240530,计算机设备,2146.95,2178.76,2120.32,2157.1,-3.53,-0.16,64833.0,1029639.0,30.3,2.8,45507125.0,96513551.737174
801101.SI,20240531,计算机设备,2158.36,2204.84,2143.62,2177.59,20.49,0.95,87985.0,1351473.0,30.58,2.83,45952288.0,97376725.641989
801101.SI,20240603,计算机设备,2179.79,2209.2,2136.9,2168.5,-9.09,-0.42,101585.0,1629620.0,30.46,2.82,45760078.0,97115807.550464
801101.SI,20240604,计算机设备,2160.82,2196.38,2124.83,2165.32,-3.17,-0.15,94761.0,1501326.0,30.42,2.82,45693094.0,97123116.015161
801101.SI,20240605,计算机设备,2165.6,2203.49,2140.42,2159.47,-5.85,-0.27,104814.0,1515136.0,30.35,2.81,45567368.0,96979232.24613
801101.SI,20240606,计算机设备,2161.7,2191.68,2102.14,2118.08,-41.39,-1.92,117679.0,1743805.0,29.85,2.76,44770536.0,95086609.202777
801101.SI,20240607,计算机设备,2125.16,2153.51,2077.28,2104.72,-13.36,-0.63,97632.0,1481091.0,29.65,2.74,44488112.0,94729678.962119
801101.SI,20240611,计算机设备,2094.08,2151.41,2069.76,2139.66,34.94,1.66,91542.0,1315650.0,30.14,2.79,45226642.0,96150501.909531
801101.SI,20240612,计算机设备,2134.79,2176.6,2113.91,2141.41,1.75,0.08,84441.0,1342968.0,30.16,2.79,45282589.0,96003046.238841
801101.SI,20240613,计算机设备,2143.87,2169.45,2107.32,2136.47,-4.94,-0.23,88450.0,1472071.0,30.09,2.79,45178115.0,95659104.526722
801101.SI,20240614,计算机设备,2127.65,2181.68,2109.64,2165.1,28.63,1.34,86546.0,1623164.0,30.51,2.83,45880806.0,96789643.493719
801101.SI,20240617,计算机设备,2157.73,2192.88,2125.47,2149.62,-15.48,-0.71,80020.0,1451340.0,30.29,2.81,45552792.0,95970402.266374
801101.SI,20240618,计算机设备,2150.13,2207.72,2132.44,2183.8,34.18,1.59,96636.0,1690799.0,30.76,2.85,46277050.0,97394901.534642
801101.SI,20240619,计算机设备,2196.87,2231.2,2169.48,2187.22,3.42,0.16,120406.0,2143347.0,30.81,2.85,46349486.0,97320811.283269
801101.SI,20240620,计算机设备,2177.31,2196.83,2113.14,2131.42,-55.8,-2.55,123295.0,2020672.0,28.84,2.78,45167100.0,95108804.732849
801101.SI,20240621,计算机设备,2112.59,2155.01,2081.01,2133.69,2.27,0.11,91724.0,1489642.0,28.87,2.79,45215109.0,95186191.795397
801101.SI,20240624,计算机设备,2118.68,2139.46,2052.79,2071.57,-62.11,-2.91,106274.0,1572413.0,28.05,2.71,43898915.0,92503955.641059
801101.SI,20240625,计算机设备,2073.37,2098.12,2007.38,2034.22,-37.35,-1.8,117522.0,1594969.0,27.56,2.66,43146814.0,90928835.064298
801101.SI,20240626,计算机设备,2031.65,2121.11,2010.7,2108.37,74.15,3.65,122363.0,1748882.0,28.56,2.75,44735836.0,93686270.155458
801101.SI,20240627,计算机设备,2099.13,2127.88,2060.98,2075.45,-32.92,-1.56,112310.0,1594167.0,28.11,2.71,44037303.0,92243205.663938
801101.SI,20240628,计算机设备,2066.29,2121.28,2053.0,2081.57,6.12,0.29,107076.0,1525623.0,28.19,2.72,44167125.0,92591514.742964
801101.SI,20240701,计算机设备,2073.58,2104.31,2035.62,2082.6,1.03,0.05,102675.0,1435878.0,28.22,2.72,44190916.0,92536610.951818
801101.SI,20240702,计算机设备,2081.1,2120.45,2048.68,2072.3,-10.29,-0.49,118608.0,1464527.0,28.08,2.71,43972472.0,91797799.124213
801101.SI,20240703,计算机设备,2072.34,2092.03,2032.42,2050.72,-21.58,-1.04,127274.0,1391564.0,27.79,2.68,43513730.0,90912140.759861
801101.SI,20240704,计算机设备,2054.89,2080.79,1998.28,2008.53,-42.19,-2.06,115779.0,1339007.0,27.22,2.63,42618454.0,89055597.045581
801101.SI,20240705,计算机设备,2012.78,2047.73,1982.11,2026.46,17.93,0.89,105207.0,1368832.0,27.47,2.65,43000921.0,89688684.792527
801101.SI,20240708,计算机设备,2018.85,2033.1,1958.27,1975.67,-50.78,-2.51,89994.0,1186257.0,26.77,2.58,41923343.0,87622207.250182
801101.SI,20240709,计算机设备,1972.77,2033.92,1944.11,2024.63,48.96,2.48,109940.0,1698491.0,27.44,2.65,42962217.0,89473477.92485
801101.SI,20240710,计算机设备,2015.59,2063.09,2000.72,2032.14,7.51,0.37,101766.0,1516585.0,27.54,2.66,43124812.0,89770225.511382
801101.SI,20240711,计算机设备,2067.81,2096.98,2032.59,2073.03,40.89,2.01,113272.0,1868998.0,28.1,2.71,43992629.0,91566660.369159
801101.SI,20240712,计算机设备,2064.63,2080.37,2027.87,2048.21,-24.83,-1.2,101335.0,1482929.0,27.77,2.68,43465783.0,90530555.509142
801101.SI,20240715,计算机设备,2045.4,2065.76,2005.18,2026.68,-21.53,-1.05,85764.0,1240133.0,27.47,2.65,43009546.0,89683113.316453
801101.SI,20240716,计算机设备,2019.36,2073.43,1999.52,2058.03,31.35,1.55,94074.0,1695505.0,27.92,2.69,43693053.0,90752939.351279
801101.SI,20240717,计算机设备,2052.95,2076.63,2018.54,2028.79,-29.24,-1.42,84416.0,1414042.0,27.53,2.65,43075565.0,89492240.748572
801101.SI,20240718,计算机设备,2010.71,2028.05,1959.87,2011.65,-17.14,-0.84,90379.0,1387424.0,26.87,2.62,42923926.0,88819399.363635
801101.SI,20240719,计算机设备,2002.25,2070.4,1991.78,2048.02,36.37,1.81,89381.0,1599071.0,27.34,2.67,43724484.0,90212404.665439
801101.SI,20240722,计算机设备,2060.43,2102.65,2036.87,2072.22,24.2,1.18,102973.0,1796268.0,27.66,2.7,44241111.0,91092646.456347
801101.SI,20240723,计算机设备,2064.66,2085.25,2004.07,2010.5,-61.72,-2.98,105474.0,1695428.0,26.82,2.62,42923425.0,88345753.690611
801101.SI,20240724,计算机设备,1999.52,2033.26,1968.86,1988.12,-22.38,-1.11,95193.0,1481640.0,26.52,2.59,42445589.0,87278579.761678
801101.SI,20240725,计算机设备,1976.25,2013.32,1952.71,1984.59,-3.53,-0.18,96048.0,1402417.0,26.48,2.58,42370259.0,87164708.63953
801101.SI,20240726,计算机设备,1979.59,2017.35,1959.72,1997.55,12.96,0.65,101713.0,1322810.0,26.66,2.6,42646891.0,87811182.812173
801101.SI,20240729,计算机设备,1998.14,2024.4,1966.83,1989.01,-8.54,-0.43,100567.0,1271878.0,26.53,2.59,42464612.0,87424128.954153
801101.SI,20240730,计算机设备,1979.51,2005.57,1939.72,1979.78,-9.23,-0.46,122863.0,1514168.0,26.41,2.58,42267594.0,86951568.847587
801101.SI,20240731,计算机设备,1971.64,2053.16,1959.75,2043.33,63.55,3.21,141906.0,2034305.0,27.2,2.64,43461134.0,89265060.326253
801101.SI,20240801,计算机设备,2045.25,2068.7,2016.19,2033.86,-9.47,-0.46,120191.0,1702905.0,27.08,2.63,43285357.0,88786532.192872
801101.SI,20240802,计算机设备,2011.31,2044.62,1982.43,1989.52,-44.34,-2.18,107926.0,1511111.0,26.49,2.57,42341612.0,86897621.437731
801101.SI,20240805,计算机设备,1967.85,1998.2,1903.35,1907.34,-82.18,-4.13,108672.0,1502829.0,25.4,2.46,40592612.0,83507318.137227
801101.SI,20240806,计算机设备,1931.84,1952.87,1902.52,1934.35,27.01,1.42,81311.0,1050316.0,25.75,2.5,41168793.0,84682742.438982
801101.SI,20240807,计算机设备,1932.23,1958.26,1898.72,1918.46,-15.88,-0.82,94740.0,1208008.0,25.53,2.48,40832812.0,84151618.3858
801101.SI,20240808,计算机设备,1906.69,1927.26,1864.33,1902.64,-15.82,-0.82,95000.0,1225682.0,25.34,2.46,40607243.0,84093580.328336
801101.SI,20240809,计算机设备,1911.71,1932.47,1879.58,1887.33,-15.31,-0.8,78555.0,943771.0,25.13,2.44,40350843.0,83458806.982981
801101.SI,20240812,计算机设备,1878.03,1895.47,1855.53,1870.46,-16.87,-0.89,64325.0,801059.0,24.9,2.41,39990118.0,82736909.780669
801101.SI,20240813,计算机设备,1870.19,1890.02,1853.3,1880.7,10.24,0.55,53845.0,719124.0,25.03,2.43,40209152.0,83142424.662425
801101.SI,20240814,计算机设备,1883.59,1902.44,1863.85,1877.61,-3.09,-0.16,58425.0,813388.0,24.99,2.42,40143025.0,83036214.810428
801101.SI,20240815,计算机设备,1868.4,1923.13,1855.43,1902.26,24.66,1.31,93472.0,1177802.0,25.35,2.46,40709411.0,84025255.971495
801101.SI,20240816,计算机设备,1904.2,1930.25,1886.47,1902.15,-0.12,-0.01,87078.0,1158437.0,25.25,2.45,40762020.0,84142465.828705
801101.SI,20240819,计算机设备,1889.14,1932.49,1868.03,1895.34,-6.81,-0.36,104333.0,1374355.0,25.18,2.48,40618794.0,83237787.745604
801101.SI,20240820,计算机设备,1891.29,1903.87,1846.35,1860.34,-35.0,-1.85,86444.0,1095263.0,24.7,2.43,39868690.0,81807594.10026
801101.SI,20240821,计算机设备,1854.66,1884.16,1839.99,1855.82,-4.52,-0.24,72673.0,928717.0,24.64,2.43,39774986.0,81636167.786138
801101.SI,20240822,计算机设备,1856.58,1877.09,1803.26,1815.59,-40.23,-2.17,87195.0,1150687.0,24.1,2.37,38912750.0,80091524.904883
801101.SI,20240823,计算机设备,1812.6,1852.85,1796.5,1833.9,18.32,1.01,85034.0,1081807.0,23.78,2.42,41314381.0,80922050.288444
801101.SI,20240826,计算机设备,1839.04,1859.79,1804.56,1831.03,-2.88,-0.16,80455.0,1078343.0,23.73,2.42,41254505.0,80844914.048766
801101.SI,20240827,计算机设备,1820.46,1831.97,1785.42,1796.9,-34.12,-1.86,75078.0,915111.0,23.29,2.37,40485914.0,79384537.025134
801101.SI,20240828,计算机设备,1790.17,1817.53,1776.83,1803.0,6.1,0.34,66052.0,780368.0,23.37,2.38,40623350.0,79674416.225119
801101.SI,20240829,计算机设备,1794.44,1837.05,1782.74,1823.47,20.46,1.14,70809.0,887175.0,23.63,2.41,41084437.0,80526272.206211
801101.SI,20240830,计算机设备,1823.09,1901.41,1815.62,1876.62,53.15,2.91,113533.0,1499576.0,24.33,2.48,42282010.0,82760539.801146
801101.SI,20240902,计算机设备,1873.11,1887.28,1825.77,1829.37,-47.25,-2.52,88478.0,1127525.0,23.79,2.42,41221516.0,80745166.426634
801101.SI,20240903,计算机设备,1828.35,1863.91,1819.92,1853.06,23.69,1.29,78079.0,900958.0,24.16,2.44,41852830.0,81786647.76053
801101.SI,20240904,计算机设备,1836.87,1863.56,1821.89,1842.15,-10.91,-0.59,69868.0,803914.0,24.02,2.43,41606432.0,81391468.845299
801101.SI,20240905,计算机设备,1850.81,1882.98,1840.09,1864.44,22.29,1.21,96059.0,1087143.0,24.31,2.46,42109793.0,82333072.009322
801101.SI,20240906,计算机设备,1865.69,1884.67,1822.27,1831.38,-33.06,-1.77,122639.0,1274393.0,23.89,2.41,41363262.0,80967044.880052
801101.SI,20240909,计算机设备,1817.7,1837.12,1784.39,1802.34,-29.04,-1.59,91420.0,941743.0,23.51,2.38,40715977.0,79589070.958864
801101.SI,20240910,计算机设备,1805.43,1852.96,1775.59,1837.88,35.54,1.97,92450.0,1060471.0,23.97,2.42,41518853.0,81097074.432084
801101.SI,20240911,计算机设备,1827.87,1848.94,1811.79,1832.61,-5.27,-0.29,77365.0,796149.0,23.91,2.42,41399768.0,80827939.42435
801101.SI,20240912,计算机设备,1837.81,1864.25,1811.64,1819.83,-12.78,-0.7,95149.0,921055.0,23.75,2.4,41111123.0,80204647.605986
801101.SI,20240913,计算机设备,1818.83,1835.88,1788.92,1795.4,-24.43,-1.34,82845.0,834332.0,23.44,2.37,40559281.0,79145464.677485
801101.SI,20240918,计算机设备,1796.73,1813.13,1758.73,1790.74,-4.66,-0.26,73079.0,762717.0,23.38,2.36,40454088.0,78981277.320637
801101.SI,20240919,计算机设备,1802.49,1841.2,1776.32,1823.56,32.81,1.83,99002.0,1089695.0,23.81,2.41,41195491.0,80319315.166166
801101.SI,20240920,计算机设备,1823.88,1862.55,1808.04,1844.04,20.48,1.12,116306.0,1364191.0,24.08,2.43,41745960.0,81445469.21632
801101.SI,20240923,计算机设备,1841.74,1884.5,1828.42,1854.17,10.13,0.55,111197.0,1361320.0,24.21,2.45,41975260.0,81805709.788592
801101.SI,20240924,计算机设备,1863.0,1924.31,1832.16,1915.63,61.46,3.31,158231.0,2039016.0,25.02,2.53,43366662.0,84453351.625704
801101.SI,20240925,计算机设备,1933.79,1994.29,1919.4,1938.22,22.59,1.18,181576.0,2343880.0,25.32,2.56,43878042.0,85475186.534179
801101.SI,20240926,计算机设备,1933.55,2009.56,1922.46,2006.62,68.41,3.53,151793.0,1953581.0,26.22,2.65,45424278.0,88550417.859182
801101.SI,20240927,计算机设备,2043.15,2167.73,2032.15,2139.11,132.48,6.6,223629.0,3158013.0,27.92,2.84,48400500.0,94255459.466693
801101.SI,20240930,计算机设备,2241.64,2380.93,2205.05,2369.09,229.99,10.75,322239.0,5175132.0,30.88,3.14,53604305.0,104599529.917775
801101.SI,20241008,计算机设备,2658.08,2661.28,2428.67,2603.57,234.48,9.9,373540.0,6815794.0,33.87,3.45,58909662.0,114913576.222363
801101.SI,20241009,计算机设备,2546.53,2633.77,2390.85,2452.38,-151.19,-5.81,343594.0,6633583.0,31.99,3.26,55488821.0,107604633.584487
801101.SI,20241010,计算机设备,2465.33,2525.38,2344.39,2392.48,-59.9,-2.44,240623.0,4375829.0,31.2,3.18,54133423.0,105212436.885943
801101.SI,20241011,计算机设备,2366.16,2406.28,2240.63,2273.66,-118.81,-4.97,188189.0,3295567.0,29.7,3.02,51500636.0,99738860.306278
801101.SI,20241014,计算机设备,2281.51,2370.12,2230.97,2352.79,79.13,3.48,203065.0,3455511.0,30.72,3.13,53293009.0,103133344.931722
801101.SI,20241015,计算机设备,2354.03,2435.76,2294.77,2311.13,-41.67,-1.77,232107.0,4228102.0,30.17,3.07,52349257.0,101162233.845799
801101.SI,20241016,计算机设备,2262.03,2327.94,2228.41,2272.03,-39.1,-1.69,186738.0,3128442.0,29.66,3.02,51463683.0,99505094.880589
801101.SI,20241017,计算机设备,2312.79,2374.37,2275.95,2301.5,29.47,1.3,241148.0,4076965.0,30.04,3.06,52131206.0,100505581.251063
801101.SI,20241018,计算机设备,2297.1,2459.76,2270.78,2393.79,92.29,4.01,293605.0,5166246.0,31.22,3.18,54221593.0,104599316.629536
801101.SI,20241021,计算机设备,2454.96,2564.07,2418.46,2496.61,102.82,4.3,345794.0,6431754.0,32.58,3.31,56550622.0,108991890.945911
801101.SI,20241022,计算机设备,2484.26,2513.98,2405.91,2448.49,-48.12,-1.93,257179.0,4400549.0,31.95,3.25,55460559.0,107071098.006376
801101.SI,20241023,计算机设备,2445.26,2518.89,2411.53,2453.83,5.34,0.22,242690.0,4215641.0,32.01,3.26,55581542.0,107354346.410334
801101.SI,20241024,计算机设备,2438.33,2469.66,2389.57,2421.01,-32.82,-1.34,208144.0,3242671.0,31.6,3.21,54838232.0,105902784.900069
801101.SI,20241025,计算机设备,2428.03,2477.33,2397.77,2443.21,22.19,0.92,199522.0,3265928.0,31.9,3.24,55340956.0,106788119.466308
801101.SI,20241028,计算机设备,2433.09,2489.72,2397.92,2462.22,19.02,0.78,224317.0,3625595.0,32.15,3.24,55771671.0,107318890.459116
801101.SI,20241029,计算机设备,2466.99,2549.66,2421.5,2487.03,24.81,1.01,277790.0,5182770.0,32.5,3.27,56346601.0,107890062.149367
801101.SI,20241030,计算机设备,2476.05,2534.56,2426.75,2496.7,9.67,0.39,240456.0,4402424.0,32.64,3.28,56565695.0,108222998.988564
801101.SI,20241031,计算机设备,2509.21,2599.29,2461.67,2554.1,57.4,2.3,326419.0,5848598.0,33.42,3.36,57882765.0,110293201.155417
801101.SI,20241101,计算机设备,2537.79,2607.03,2430.34,2472.64,-81.46,-3.19,337936.0,6121790.0,32.57,3.24,56036669.0,106965076.312495
801101.SI,20241104,计算机设备,2465.13,2573.85,2430.72,2540.05,67.41,2.73,219202.0,4341014.0,33.45,3.33,57564267.0,109622809.198474
801101.SI,20241105,计算机设备,2547.51,2680.48,2524.33,2647.15,107.1,4.22,295971.0,6157406.0,34.95,3.47,60132656.0,113902242.072135
801101.SI,20241106,计算机设备,2651.58,2727.88,2590.48,2665.76,18.61,0.7,344282.0,6522490.0,35.21,3.5,60566130.0,114471662.547631
801101.SI,20241107,计算机设备,2634.99,2759.75,2598.78,2738.15,72.39,2.72,320814.0,6092721.0,36.18,3.6,62210768.0,117327207.59434
801101.SI,20241108,计算机设备,2762.94,2876.4,2726.83,2795.26,57.11,2.09,308093.0,6556991.0,36.94,3.67,63508198.0,119381534.557271
801101.SI,20241111,计算机设备,2798.96,2969.03,2766.25,2924.32,129.06,4.62,342754.0,8146517.0,38.66,3.84,66440528.0,124559919.83546
801101.SI,20241112,计算机设备,2936.62,2982.53,2805.17,2865.8,-58.52,-2.0,339809.0,7628695.0,37.88,3.77,65110893.0,122288569.505844
801101.SI,20241113,计算机设备,2842.04,2925.01,2795.16,2865.01,-0.79,-0.03,253923.0,5736402.0,37.85,3.76,65092933.0,122410642.323939
801101.SI,20241114,计算机设备,2838.74,2874.3,2727.28,2743.78,-121.23,-4.23,229019.0,5318489.0,36.25,3.6,62338644.0,117521763.13409
801101.SI,20241115,计算机设备,2729.3,2816.94,2648.88,2678.53,-65.25,-2.38,270498.0,5867743.0,35.39,3.52,60856200.0,114973049.50788
801101.SI,20241118,计算机设备,2678.2,2705.4,2536.03,2566.92,-111.61,-4.17,219733.0,4337668.0,33.93,3.37,58323933.0,110313394.36765
801101.SI,20241119,计算机设备,2563.74,2682.71,2527.79,2666.64,99.72,3.88,205705.0,4496349.0,35.24,3.5,60589726.0,114229513.610712
801101.SI,20241120,计算机设备,2652.79,2743.18,2627.4,2695.3,28.66,1.07,221270.0,4754220.0,35.62,3.54,61262068.0,115394012.943326
801101.SI,20241121,计算机设备,2682.68,2746.6,2645.55,2696.75,1.45,0.05,199551.0,4199732.0,35.63,3.54,61294939.0,115401435.732395
801101.SI,20241122,计算机设备,2687.39,2744.23,2580.82,2589.79,-106.96,-3.97,222579.0,4433819.0,34.23,3.4,58867482.0,110843996.631123
801101.SI,20241125,计算机设备,2587.85,2641.16,2500.59,2585.83,-3.95,-0.15,184295.0,3820478.0,34.17,3.4,58777617.0,110530953.658981
801101.SI,20241126,计算机设备,2577.99,2625.09,2535.02,2550.48,-35.35,-1.37,149344.0,2873161.0,33.7,3.35,57974011.0,109187272.420108
801101.SI,20241127,计算机设备,2537.19,2621.74,2490.86,2613.98,63.5,2.49,175689.0,3391685.0,34.57,3.44,59483695.0,111842838.11474
801101.SI,20241128,计算机设备,2619.12,2712.41,2587.46,2628.5,14.52,0.56,211910.0,4513652.0,34.78,3.46,59814063.0,112134921.435293
801101.SI,20241129,计算机设备,2612.85,2720.87,2587.81,2683.95,55.45,2.11,246479.0,4656719.0,35.52,3.53,61075920.0,114233784.767991
801101.SI,20241202,计算机设备,2677.94,2741.29,2649.91,2702.11,18.17,0.68,242225.0,4448527.0,35.74,3.55,61497025.0,115154327.437954
801101.SI,20241203,计算机设备,2694.7,2732.67,2607.08,2660.52,-41.59,-1.54,235147.0,4650973.0,35.17,3.49,60555232.0,113853303.836571
801101.SI,20241204,计算机设备,2653.43,2704.93,2606.38,2645.69,-14.83,-0.56,239005.0,4268437.0,35.02,3.48,60266534.0,113049278.559305
801101.SI,20241205,计算机设备,2629.81,2684.07,2606.23,2651.76,6.07,0.23,209906.0,3651434.0,35.07,3.48,60404793.0,113584998.193172
801101.SI,20241206,计算机设备,2674.16,2751.61,2644.29,2704.35,52.6,1.98,266896.0,4484174.0,35.76,3.55,61603491.0,115871025.348063
801101.SI,20241209,计算机设备,2696.2,2760.35,2644.48,2691.03,-13.33,-0.49,219138.0,3793342.0,35.56,3.53,61371807.0,115775290.060292
801101.SI,20241210,计算机设备,2796.1,2826.33,2701.63,2721.52,30.49,1.13,258789.0,4813666.0,35.95,3.57,62027202.0,117130412.140101
801101.SI,20241211,计算机设备,2712.93,2757.72,2676.21,2718.66,-2.86,-0.11,210810.0,3700706.0,35.91,3.57,61962037.0,116901543.793422
801101.SI,20241212,计算机设备,2721.42,2775.72,2681.2,2740.84,22.18,0.82,221664.0,3832474.0,36.21,3.6,62467557.0,117703621.344812
801101.SI,20241213,计算机设备,2717.72,2751.5,2658.42,2673.22,-67.62,-2.47,249955.0,4021886.0,35.3,3.51,60926360.0,114937105.249668
801101.SI,20241216,计算机设备,2675.93,2710.85,2605.0,2627.62,-45.59,-1.71,186267.0,3098324.0,34.69,3.45,59895585.0,112913987.235974
801101.SI,20241217,计算机设备,2622.52,2664.94,2564.7,2583.28,-44.34,-1.69,166120.0,2816075.0,34.13,3.39,58884779.0,111109843.86031
801101.SI,20241218,计算机设备,2595.47,2664.83,2568.5,2630.22,46.94,1.82,153832.0,2897671.0,34.73,3.45,59953755.0,113150225.709602
801101.SI,20241219,计算机设备,2597.16,2719.59,2580.84,2697.26,67.04,2.55,202971.0,4497496.0,35.63,3.54,61481940.0,115588407.841103
801101.SI,20241220,计算机设备,2682.59,2755.24,2661.64,2712.25,14.99,0.56,201397.0,4346400.0,35.79,3.56,61823714.0,116286273.711714
801101.SI,20241223,计算机设备,2718.07,2761.45,2641.4,2660.62,-51.63,-1.9,184791.0,3910581.0,35.13,3.49,60646821.0,113975425.947191
801101.SI,20241224,计算机设备,2669.0,2723.21,2609.47,2676.66,16.04,0.6,161724.0,3650451.0,35.34,3.51,61012427.0,114701438.548419
801101.SI,20241225,计算机设备,2670.03,2726.94,2612.06,2663.15,-13.51,-0.5,155712.0,3635556.0,35.15,3.49,60717942.0,114240599.152374
801101.SI,20241226,计算机设备,2653.34,2742.05,2630.58,2710.29,47.13,1.77,154262.0,3739991.0,35.78,3.56,61792583.0,116213107.680243
801101.SI,20241227,计算机设备,2707.93,2751.87,2640.25,2668.25,-42.04,-1.55,163873.0,3880771.0,35.23,3.5,60834113.0,114600785.995842
801101.SI,20241230,计算机设备,2667.62,2722.76,2625.11,2670.19,1.94,0.07,145886.0,3222863.0,35.23,3.5,60906985.0,114873961.6903
801101.SI,20241231,计算机设备,2675.13,2697.0,2583.27,2598.76,-71.43,-2.68,149390.0,3215448.0,34.29,3.41,59277613.0,111924380.027278
801101.SI,20250102,计算机设备,2591.45,2611.17,2456.85,2491.86,-106.9,-4.11,155301.0,3347756.0,32.89,3.27,56861845.0,107539972.326626
801101.SI,20250103,计算机设备,2495.72,2518.18,2374.95,2387.7,-104.16,-4.18,148565.0,2932801.0,31.51,3.13,54485065.0,103503962.308556
801101.SI,20250106,计算机设备,2379.16,2419.98,2321.55,2357.39,-30.31,-1.27,123687.0,2211082.0,31.12,3.09,53793318.0,102099929.319631
801101.SI,20250107,计算机设备,2367.08,2428.33,2348.57,2420.12,62.73,2.66,126387.0,2562412.0,31.91,3.17,55224783.0,104709222.839294
801101.SI,20250108,计算机设备,2404.87,2436.17,2325.16,2404.95,-15.17,-0.63,152716.0,2756497.0,31.72,3.15,54878693.0,104096515.560523
801101.SI,20250109,计算机设备,2393.28,2462.52,2376.66,2420.26,15.31,0.64,127865.0,2534873.0,31.91,3.17,55227945.0,104775272.271016
801101.SI,20250110,计算机设备,2399.12,2438.84,2337.49,2344.82,-75.44,-3.12,123970.0,2625075.0,30.9,3.07,53506494.0,101652620.49383
801101.SI,20250113,计算机设备,2312.76,2378.19,2287.84,2344.44,-0.37,-0.02,106404.0,1940742.0,30.86,3.07,53497953.0,101747569.881265
801101.SI,20250114,计算机设备,2360.08,2469.62,2337.64,2463.39,118.95,5.07,154867.0,3112241.0,32.44,3.22,56212418.0,106690772.97387
801101.SI,20250115,计算机设备,2461.69,2493.91,2422.54,2445.73,-17.66,-0.72,132004.0,2624218.0,32.19,3.2,55809425.0,105865975.247989
801101.SI,20250116,计算机设备,2454.48,2502.26,2406.49,2438.49,-7.24,-0.3,141411.0,2755605.0,32.11,3.19,55644309.0,105594759.443341
801101.SI,20250117,计算机设备,2425.04,2473.36,2401.94,2438.67,0.18,0.01,111598.0,2162291.0,32.15,3.19,55648379.0,105491886.417789
801101.SI,20250120,计算机设备,2465.43,2495.46,2432.2,2456.01,17.34,0.71,113785.0,2184164.0,32.35,3.21,56045135.0,106287568.677426
801101.SI,20250121,计算机设备,2468.76,2505.92,2434.04,2479.82,23.81,0.97,111192.0,2458131.0,32.67,3.25,56588530.0,107486204.614765
801101.SI,20250122,计算机设备,2469.16,2513.64,2433.73,2473.72,-6.1,-0.25,112994.0,2634655.0,32.63,3.24,56474597.0,107132803.814185
801101.SI,20250123,计算机设备,2500.43,2545.88,2447.46,2464.1,-9.62,-0.39,139632.0,2973816.0,32.5,3.23,56261618.0,106827264.194669
801101.SI,20250124,计算机设备,2454.19,2528.7,2442.62,2515.65,51.55,2.09,122788.0,2509743.0,33.99,3.29,55453716.0,108930568.986998
801101.SI,20250127,计算机设备,2552.9,2575.03,2469.77,2481.41,-34.25,-1.36,122106.0,2783386.0,33.52,3.24,54699166.0,107612111.810091
801101.SI,20250205,计算机设备,2540.69,2620.92,2511.73,2586.62,105.21,4.24,167482.0,4008992.0,34.97,3.38,57018384.0,111750548.84371
801101.SI,20250206,计算机设备,2580.98,2663.42,2543.42,2649.15,62.53,2.42,180805.0,3893967.0,35.82,3.47,58403551.0,114431821.980337
801101.SI,20250207,计算机设备,2658.78,2780.31,2632.88,2719.8,70.65,2.67,257700.0,6224921.0,36.8,3.56,59970864.0,117154868.907869
801101.SI,20250210,计算机设备,2733.01,2825.67,2706.8,2778.42,58.62,2.16,250814.0,6060941.0,37.58,3.64,61263415.0,119650548.0
801101.SI,20250211,计算机设备,2769.04,2833.7,2722.04,2774.52,-3.9,-0.14,221883.0,5176599.0,37.55,3.63,61346166.0,119419354.0
801101.SI,20250212,计算机设备,2763.04,2839.06,2736.34,2799.34,24.82,0.89,223322.0,4841322.0,37.89,3.67,61894954.0,120303298.0
801101.SI,20250213,计算机设备,2796.07,2825.12,2710.02,2744.67,-54.67,-1.95,238885.0,4982271.0,37.16,3.6,60686061.0,117929629.0
801101.SI,20250214,计算机设备,2739.4,2851.27,2715.49,2814.19,69.52,2.53,247477.0,5265088.0,38.12,3.69,62223151.0,121102439.0
801101.SI,20250217,计算机设备,2859.47,2923.25,2801.96,2856.49,42.31,1.5,261678.0,6079618.0,38.7,3.75,63176613.0,122668042.0
801101.SI,20250218,计算机设备,2837.03,2890.15,2740.09,2765.02,-91.47,-3.2,229722.0,5015341.0,37.47,3.63,61154349.0,119306543.0
801101.SI,20250219,计算机设备,2765.38,2839.02,2742.87,2818.55,53.53,1.94,181620.0,3981474.0,38.17,3.69,62338272.0,121619996.0
801101.SI,20250220,计算机设备,2817.22,2865.12,2771.38,2810.87,-7.68,-0.27,184151.0,4042874.0,38.05,3.68,62168389.0,121514483.0
801101.SI,20250221,计算机设备,2833.1,2942.95,2802.63,2915.74,104.87,3.73,270687.0,6499625.0,39.51,3.82,64492763.0,125829005.0
801101.SI,20250224,计算机设备,2918.12,2971.71,2849.99,2905.19,-10.56,-0.36,258774.0,5783933.0,39.37,3.81,64259284.0,124847782.0
801101.SI,20250225,计算机设备,2848.72,2949.32,2813.72,2876.87,-28.32,-0.97,325111.0,5722866.0,39.03,3.77,63708030.0,123579117.0
801101.SI,20250226,计算机设备,2878.43,2940.67,2828.56,2912.42,35.54,1.24,267251.0,5324190.0,39.52,3.82,64496185.0,125050302.0
801101.SI,20250227,计算机设备,2920.69,2954.52,2811.6,2869.19,-43.23,-1.48,264530.0,5383301.0,38.92,3.76,63538903.0,123257439.0
801101.SI,20250228,计算机设备,2855.39,2896.74,2724.72,2745.2,-123.99,-4.32,263378.0,5114984.0,37.23,3.6,60793108.0,117893298.0
801101.SI,20250303,计算机设备,2767.32,2832.75,2697.52,2756.83,11.63,0.42,256080.0,4610936.0,37.38,3.61,61050768.0,118549399.0
801101.SI,20250304,计算机设备,2718.04,2827.7,2701.85,2804.0,47.17,1.71,238800.0,3982832.0,38.01,3.67,62095273.0,120546950.0
801101.SI,20250305,计算机设备,2797.04,2851.07,2761.32,2816.59,12.59,0.45,230677.0,4035033.0,38.08,3.67,62382976.0,121195219.0
801101.SI,20250306,计算机设备,2839.38,2966.82,2821.66,2935.68,119.1,4.23,296730.0,5855283.0,39.68,3.82,65009012.0,126681513.0
801101.SI,20250307,计算机设备,2925.47,2986.99,2864.7,2907.8,-27.89,-0.95,289054.0,5650261.0,39.29,3.79,64391484.0,125743721.0
801101.SI,20250310,计算机设备,2897.69,2933.48,2826.82,2876.91,-30.88,-1.06,208965.0,3952109.0,38.88,3.75,63707639.0,124494905.0
801101.SI,20250311,计算机设备,2831.01,2891.71,2805.04,2866.51,-10.41,-0.36,167157.0,3380456.0,38.67,3.73,63276069.0,124194144.0
801101.SI,20250312,计算机设备,2888.04,2970.08,2867.01,2916.24,49.74,1.74,223707.0,4622998.0,39.34,3.79,64375471.0,126019464.0
801101.SI,20250313,计算机设备,2907.5,2958.12,2828.6,2874.23,-42.01,-1.44,217782.0,4356536.0,38.78,3.74,63449192.0,124373396.0
801101.SI,20250314,计算机设备,2867.95,2944.17,2836.5,2913.26,39.03,1.36,195562.0,4045490.0,39.32,3.79,64300512.0,125898566.0
801101.SI,20250317,计算机设备,2916.5,2968.67,2882.15,2925.02,11.76,0.4,176970.0,3648631.0,39.5,3.8,64616865.0,126476524.0
801101.SI,20250318,计算机设备,2932.4,2991.91,2897.68,2933.17,8.14,0.28,177444.0,3703884.0,39.63,3.82,64796796.0,126673054.0
801101.SI,20250319,计算机设备,2920.51,2953.48,2867.16,2895.86,-37.31,-1.27,155559.0,3261106.0,39.14,3.77,63972626.0,125235529.0
801101.SI,20250320,计算机设备,2890.75,2923.5,2825.1,2846.07,-49.78,-1.72,147627.0,3020827.0,38.46,3.7,62872861.0,122915881.0
801101.SI,20250321,计算机设备,2830.25,2851.83,2751.21,2765.82,-80.25,-2.82,157043.0,3054560.0,37.38,3.6,61100034.0,119591298.0
801101.SI,20250324,计算机设备,2763.9,2795.06,2666.04,2728.95,-36.87,-1.33,157426.0,2773363.0,36.88,3.55,60285452.0,118094589.0
801101.SI,20250325,计算机设备,2727.2,2744.28,2662.7,2679.49,-49.46,-1.81,109390.0,2069354.0,36.2,3.49,59192801.0,116174405.0
801101.SI,20250326,计算机设备,2676.51,2711.31,2652.84,2670.53,-8.96,-0.33,89158.0,1863587.0,36.08,3.48,58994954.0,115832396.0
801101.SI,20250327,计算机设备,2662.19,2709.49,2632.27,2671.08,0.55,0.02,92936.0,1860550.0,36.09,3.48,59007040.0,115911814.0
801101.SI,20250328,计算机设备,2673.24,2700.0,2639.9,2653.17,-17.91,-0.67,82572.0,1582438.0,35.75,3.45,58611470.0,115205624.0
801101.SI,20250331,计算机设备,2634.5,2674.25,2570.99,2641.91,-11.26,-0.42,113227.0,2125253.0,42.26,3.41,58362750.0,114643707.0
801101.SI,20250401,计算机设备,2648.6,2671.08,2611.9,2627.48,-14.44,-0.55,84887.0,1629492.0,42.06,3.39,58037454.0,114104784.0
801101.SI,20250402,计算机设备,2627.16,2663.32,2608.12,2630.75,3.28,0.12,73754.0,1468931.0,42.09,3.39,58109798.0,114406591.0
801101.SI,20250403,计算机设备,2599.15,2640.27,2562.45,2586.43,-44.33,-1.68,81102.0,1684188.0,41.39,3.34,57130697.0,112293016.0
801101.SI,20250407,计算机设备,2414.17,2472.18,2272.75,2303.96,-282.46,-10.92,147949.0,2612777.0,37.0,2.98,50909059.0,100130785.0
801101.SI,20250408,计算机设备,2296.76,2382.97,2241.8,2317.83,13.87,0.6,166086.0,2814894.0,37.18,3.0,51215521.0,100737620.0
801101.SI,20250409,计算机设备,2292.54,2423.61,2218.62,2401.58,83.75,3.61,196462.0,3331495.0,38.53,3.11,53066188.0,103957060.0
801101.SI,20250410,计算机设备,2452.64,2522.67,2425.67,2463.39,61.81,2.57,190384.0,3457515.0,39.51,3.19,54431920.0,106619667.0
801101.SI,20250411,计算机设备,2442.06,2519.93,2422.0,2478.01,14.62,0.59,152309.0,2745989.0,39.74,3.2,54754952.0,107139475.0
801101.SI,20250414,计算机设备,2509.26,2544.48,2473.95,2495.36,17.35,0.7,141650.0,2581505.0,38.54,3.23,55138261.0,107907984.0
801101.SI,20250415,计算机设备,2491.09,2511.41,2442.43,2474.88,-20.48,-0.82,105174.0,1864396.0,38.42,3.2,54671314.0,107137519.0
801101.SI,20250416,计算机设备,2465.41,2490.59,2408.42,2452.66,-22.22,-0.9,105483.0,1895617.0,38.08,3.17,54180433.0,106130008.0
801101.SI,20250417,计算机设备,2432.88,2481.11,2422.95,2443.08,-9.58,-0.39,95567.0,1637376.0,37.92,3.16,53971360.0,105819572.0
801101.SI,20250418,计算机设备,2437.26,2470.14,2406.45,2446.23,3.15,0.13,92271.0,1552326.0,37.95,3.16,54040986.0,106088067.0
801101.SI,20250421,计算机设备,2446.3,2516.56,2428.78,2498.09,51.86,2.12,118626.0,1953759.0,40.39,3.19,55186723.0,108340128.0
801101.SI,20250422,计算机设备,2501.53,2526.56,2465.79,2485.06,-13.03,-0.52,128369.0,2095459.0,40.06,3.17,54898802.0,107760071.0
801101.SI,20250423,计算机设备,2501.75,2544.42,2472.66,2502.3,17.24,0.69,137460.0,2511981.0,40.29,3.19,55253147.0,108564826.0
801101.SI,20250424,计算机设备,2496.87,2511.97,2439.51,2453.78,-48.52,-1.94,121982.0,2049169.0,39.54,3.13,54190776.0,106729624.0
801101.SI,20250425,计算机设备,2456.42,2484.18,2433.44,2452.78,-1.0,-0.04,100568.0,1687878.0,39.48,3.11,54168637.0,106679209.0
801101.SI,20250428,计算机设备,2454.65,2490.0,2425.23,2439.31,-13.47,-0.55,101406.0,1664304.0,39.18,3.1,53907412.0,106052454.0
801101.SI,20250429,计算机设备,2428.47,2465.47,2404.3,2443.44,4.13,0.17,99052.0,1600230.0,38.82,3.09,53998737.0,106207210.0
801101.SI,20250430,计算机设备,2447.45,2504.64,2434.09,2481.94,38.5,1.58,114962.0,2071840.0,39.44,3.14,54857717.0,107783269.0
801101.SI,20250506,计算机设备,2507.37,2566.72,2493.94,2557.94,76.0,3.06,135951.0,2491284.0,40.28,3.24,56557128.0,110878773.0
801101.SI,20250507,计算机设备,2595.93,2618.15,2529.08,2554.56,-3.39,-0.13,159395.0,2621001.0,40.23,3.24,56577942.0,110796431.0
801101.SI,20250508,计算机设备,2544.69,2601.0,2535.74,2583.56,29.0,1.14,136885.0,2315816.0,40.67,3.27,57216913.0,111937968.0
801101.SI,20250509,计算机设备,2579.48,2591.31,2522.63,2541.07,-42.49,-1.64,116074.0,1930875.0,40.02,3.22,56275836.0,110102286.0
801101.SI,20250512,计算机设备,2561.34,2600.78,2542.83,2588.21,47.14,1.86,119596.0,2067432.0,40.77,3.28,57319919.0,112015185.0
801101.SI,20250513,计算机设备,2615.18,2625.64,2553.35,2563.98,-24.23,-0.94,114035.0,1972114.0,40.38,3.25,56783513.0,111040317.0
801101.SI,20250514,计算机设备,2563.73,2598.87,2539.64,2573.61,9.63,0.38,116743.0,1987850.0,40.54,3.26,56996813.0,111394201.0
801101.SI,20250515,计算机设备,2568.66,2576.59,2507.82,2517.71,-55.9,-2.17,95411.0,1668077.0,39.65,3.19,55758738.0,109182469.0
801101.SI,20250516,计算机设备,2510.29,2543.81,2495.67,2517.68,-0.04,0.0,80572.0,1401471.0,39.63,3.19,55757939.0,109253726.0
801101.SI,20250519,计算机设备,2520.18,2545.4,2484.59,2527.01,9.34,0.37,102308.0,1539390.0,39.79,3.2,55994262.0,109562905.0
801101.SI,20250520,计算机设备,2518.81,2546.78,2491.3,2528.36,1.35,0.05,123117.0,1656118.0,39.81,3.2,56028642.0,109468580.0
801101.SI,20250521,计算机设备,2525.64,2551.54,2494.77,2521.48,-6.88,-0.27,109499.0,1609089.0,39.71,3.2,55898889.0,109234180.0
801101.SI,20250522,计算机设备,2515.72,2542.1,2487.07,2498.92,-22.56,-0.89,108409.0,1542798.0,39.37,3.17,55431852.0,108259637.0
801101.SI,20250523,计算机设备,2497.25,2520.0,2454.0,2458.25,-40.67,-1.63,100471.0,1536950.0,38.73,3.12,54529726.0,106597408.0
801101.SI,20250526,计算机设备,2472.64,2523.01,2455.06,2491.26,33.01,1.34,105799.0,1581957.0,39.24,3.16,55261924.0,107931153.0
801101.SI,20250527,计算机设备,2488.64,2520.13,2455.37,2482.68,-8.59,-0.34,122809.0,1850878.0,39.11,3.15,55071467.0,107549648.0
801101.SI,20250528,计算机设备,2481.95,2521.88,2458.53,2478.87,-3.81,-0.15,135098.0,1981811.0,39.03,3.14,54985007.0,107461052.0
801101.SI,20250529,计算机设备,2483.42,2569.11,2472.88,2548.01,69.14,2.79,191485.0,2904858.0,40.12,3.23,56518561.0,110232352.0
801101.SI,20250530,计算机设备,2543.11,2564.85,2498.7,2510.78,-37.23,-1.46,148161.0,2344566.0,39.55,3.18,55702050.0,108565000.0
801101.SI,20250603,计算机设备,2517.32,2554.18,2490.84,2507.96,-2.82,-0.11,125282.0,2050667.0,39.5,3.18,55640497.0,108489130.0
801101.SI,20250604,计算机设备,2511.46,2557.43,2495.0,2529.06,21.1,0.84,163993.0,2324684.0,39.84,3.21,56109240.0,109358811.0
801101.SI,20250605,计算机设备,2531.75,2591.32,2516.65,2572.82,43.76,1.73,193316.0,2832290.0,40.54,3.26,57080108.0,111243903.0
801101.SI,20250606,计算机设备,2573.7,2609.24,2547.05,2572.67,-0.15,-0.01,175142.0,2556232.0,40.53,3.26,57076309.0,111328664.0
801101.SI,20250609,计算机设备,2578.77,2610.38,2553.5,2584.35,11.68,0.45,165330.0,2387274.0,40.7,3.28,57337726.0,111693097.0
801101.SI,20250610,计算机设备,2616.48,2638.55,2548.72,2579.92,-4.43,-0.17,182891.0,2797912.0,40.65,3.27,57239421.0,111014552.0
801101.SI,20250611,计算机设备,2601.18,2643.48,2566.24,2596.16,16.24,0.63,172386.0,3265488.0,40.89,3.29,57599829.0,111614191.0
801101.SI,20250612,计算机设备,2585.41,2638.07,2560.01,2604.93,8.76,0.34,183925.0,3019530.0,41.02,3.3,57794283.0,111957259.0
801101.SI,20250613,计算机设备,2596.0,2616.01,2540.07,2556.28,-48.65,-1.87,202303.0,3122132.0,40.27,3.24,56714977.0,109925026.0
801101.SI,20250616,计算机设备,2544.68,2612.78,2532.13,2587.23,30.95,1.21,187215.0,3013685.0,40.76,3.28,57401790.0,111051830.0
801101.SI,20250617,计算机设备,2584.1,2625.33,2555.4,2591.02,3.79,0.15,200172.0,3263523.0,40.8,3.29,57485920.0,111344609.0
801101.SI,20250618,计算机设备,2582.95,2626.62,2560.11,2596.64,5.62,0.22,205230.0,3108619.0,40.88,3.29,57611880.0,111634190.0
801101.SI,20250619,计算机设备,2594.91,2627.79,2541.65,2558.26,-38.38,-1.48,185672.0,2892489.0,40.26,3.24,56763470.0,110053767.0
801101.SI,20250620,计算机设备,2550.9,2581.77,2505.84,2526.13,-32.13,-1.26,156083.0,2440656.0,39.8,3.21,56244984.0,108599753.0
801101.SI,20250623,计算机设备,2505.95,2582.17,2494.56,2565.94,39.81,1.58,174372.0,2793378.0,40.43,3.26,57131352.0,110211753.0
801101.SI,20250624,计算机设备,2576.12,2640.57,2561.71,2619.88,53.95,2.1,204547.0,3577859.0,41.26,3.32,58349023.0,112419842.0
801101.SI,20250625,计算机设备,2614.19,2691.55,2595.39,2671.81,51.93,1.98,251700.0,4371602.0,42.11,3.39,59505510.0,114386700.0
801101.SI,20250626,计算机设备,2668.62,2731.42,2636.3,2671.48,-0.33,-0.01,253962.0,4776778.0,42.11,3.39,59498177.0,114172922.0
801101.SI,20250627,计算机设备,2682.55,2720.97,2645.52,2660.72,-10.76,-0.4,201271.0,3599095.0,41.92,3.38,59256214.0,113793580.0
801101.SI,20250630,计算机设备,2660.38,2711.69,2641.82,2688.02,27.3,1.03,190399.0,3363015.0,42.35,3.41,59869402.0,114938332.0
801101.SI,20250701,计算机设备,2689.42,2705.16,2638.09,2662.29,-25.73,-0.96,185850.0,3036018.0,41.95,3.38,59324859.0,113945043.0
801101.SI,20250702,计算机设备,2659.46,2679.11,2610.58,2628.44,-33.85,-1.27,192963.0,2675394.0,41.42,3.34,58570490.0,112575000.0
801101.SI,20250703,计算机设备,2625.84,2676.21,2613.61,2655.8,27.36,1.04,185941.0,2522996.0,41.82,3.37,59182497.0,113742470.0
801101.SI,20250704,计算机设备,2656.6,2686.13,2622.2,2642.03,-13.77,-0.52,177900.0,2813995.0,41.6,3.35,58876891.0,113163618.0
801101.SI,20250707,计算机设备,2640.0,2674.87,2615.19,2646.81,4.78,0.18,153774.0,2555254.0,41.67,3.36,58983345.0,113372401.0
801101.SI,20250708,计算机设备,2643.6,2698.06,2631.8,2686.17,39.37,1.49,170590.0,3105110.0,42.3,3.41,59860616.0,114966141.0
801101.SI,20250709,计算机设备,2684.46,2711.34,2649.67,2670.36,-15.82,-0.59,165566.0,2768530.0,42.05,3.39,59510233.0,114399867.0
801101.SI,20250710,计算机设备,2664.41,2702.4,2636.13,2664.13,-6.23,-0.23,165827.0,2872074.0,41.96,3.38,59371350.0,114204277.0
801101.SI,20250711,计算机设备,2666.41,2715.28,2644.8,2687.62,23.49,0.88,174054.0,3108621.0,42.33,3.41,59894898.0,115108409.0
801101.SI,20250714,计算机设备,2690.47,2713.92,2659.29,2682.53,-5.09,-0.19,141267.0,2510988.0,42.24,3.4,59781538.0,114928282.0
801101.SI,20250715,计算机设备,2675.49,2743.44,2644.38,2711.68,29.15,1.09,173292.0,3546170.0,42.72,3.44,60431372.0,116040549.0
801101.SI,20250716,计算机设备,2707.82,2739.38,2681.0,2702.82,-8.86,-0.33,137451.0,2715324.0,42.58,3.43,60239992.0,115698095.0
801101.SI,20250717,计算机设备,2700.9,2742.42,2682.88,2724.83,22.01,0.81,129283.0,2645122.0,42.9,3.46,60756668.0,116779148.0
801101.SI,20250718,计算机设备,2729.3,2769.3,2704.47,2732.75,7.92,0.29,158035.0,3087415.0,43.02,3.47,60933239.0,117219006.0
801101.SI,20250721,计算机设备,2726.37,2758.42,2700.15,2733.57,0.82,0.03,134829.0,2769563.0,43.02,3.47,60961487.0,117396029.0
801101.SI,20250722,计算机设备,2729.13,2761.05,2696.75,2725.98,-7.59,-0.28,137837.0,2685588.0,42.91,3.46,60792260.0,117184597.0
801101.SI,20250723,计算机设备,2721.58,2755.47,2692.18,2712.7,-13.28,-0.49,142246.0,2522523.0,42.7,3.44,60496115.0,116631135.0
801101.SI,20250724,计算机设备,2710.13,2758.06,2700.02,2742.77,30.07,1.11,132079.0,2467661.0,43.19,3.48,61166693.0,117896605.0
801101.SI,20250725,计算机设备,2747.5,2783.15,2722.6,2759.56,16.79,0.61,146227.0,2795178.0,43.45,3.5,61547133.0,118500338.0
801101.SI,20250728,计算机设备,2769.71,2794.46,2726.66,2757.49,-2.08,-0.08,137163.0,2753900.0,43.38,3.5,61521526.0,118650821.0
801101.SI,20250729,计算机设备,2746.13,2782.81,2711.62,2766.91,9.42,0.34,140438.0,2902414.0,43.53,3.51,61731755.0,119008424.0
801101.SI,20250730,计算机设备,2759.74,2781.2,2704.56,2731.34,-35.57,-1.29,146421.0,2738007.0,42.96,3.46,60938178.0,117621909.0
801101.SI,20250731,计算机设备,2723.52,2776.68,2694.91,2718.89,-12.45,-0.46,161563.0,3304899.0,42.77,3.45,60665928.0,116913318.0
801101.SI,20250801,计算机设备,2729.41,2778.88,2683.14,2732.45,13.56,0.5,142756.0,3018188.0,42.97,3.46,60968547.0,117838534.0
801101.SI,20250804,计算机设备,2711.64,2767.69,2692.31,2743.67,11.21,0.41,122550.0,2577062.0,43.13,3.5,61218766.0,118187700.0
801101.SI,20250805,计算机设备,2745.24,2794.68,2727.88,2777.9,34.23,1.25,137290.0,2794046.0,43.67,3.55,62054939.0,119816154.0
801101.SI,20250806,计算机设备,2774.39,2825.95,2756.03,2802.62,24.73,0.89,154000.0,3081262.0,44.02,3.58,62609160.0,120868276.0
801101.SI,20250807,计算机设备,2802.74,2854.79,2773.03,2802.94,0.31,0.01,177182.0,3232324.0,43.99,3.58,62612975.0,120781655.0
801101.SI,20250808,计算机设备,2803.57,2833.7,2756.01,2777.05,-25.88,-0.92,175697.0,3410844.0,43.61,3.55,62034748.0,119590703.0
801101.SI,20250811,计算机设备,2776.74,2824.89,2762.72,2806.71,29.66,1.07,155088.0,3090337.0,44.05,3.58,62698410.0,120811166.0
801101.SI,20250812,计算机设备,2807.1,2872.63,2783.76,2839.86,33.15,1.18,208151.0,4255682.0,44.62,3.63,63451984.0,121980082.0
801101.SI,20250813,计算机设备,2842.39,2904.07,2820.91,2881.77,41.91,1.48,228858.0,4832614.0,45.3,3.68,64391141.0,123625758.0
801101.SI,20250814,计算机设备,2888.35,2976.1,2840.7,2893.0,11.23,0.39,284750.0,6470422.0,45.5,3.7,64646665.0,123549311.0
801101.SI,20250815,计算机设备,2883.75,2948.27,2860.57,2922.35,29.35,1.01,241383.0,4944490.0,45.97,3.74,65302569.0,124887864.0
801101.SI,20250818,计算机设备,2935.64,3036.38,2913.63,2991.74,69.39,2.37,303005.0,6336959.0,47.1,3.83,66853096.0,127651119.0
801101.SI,20250819,计算机设备,2983.58,3037.71,2937.21,2971.33,-20.4,-0.68,286653.0,5658209.0,46.77,3.8,66409673.0,126921503.0
801101.SI,20250820,计算机设备,2956.31,3045.03,2915.48,3030.13,58.8,1.98,242229.0,5433317.0,47.71,3.88,67745947.0,129082546.0
801101.SI,20250821,计算机设备,3051.55,3118.22,2998.49,3033.37,3.25,0.11,246870.0,6225713.0,47.76,3.88,67818513.0,129297286.0
801101.SI,20250822,计算机设备,3039.72,3164.46,3018.44,3139.25,105.88,3.49,288724.0,6825145.0,49.45,4.02,70187276.0,133371286.0
801101.SI,20250825,计算机设备,3214.37,3260.22,3147.82,3196.2,56.95,1.81,318502.0,6618906.0,50.35,4.1,71460584.0,135301679.0
801101.SI,20250826,计算机设备,3197.63,3273.06,3137.09,3192.9,-3.3,-0.1,290134.0,7574299.0,50.3,4.1,71386699.0,135236632.0
801101.SI,20250827,计算机设备,3208.3,3278.23,3108.3,3123.25,-69.65,-2.18,318089.0,7638583.0,49.21,4.0,69829511.0,132503984.0
801101.SI,20250828,计算机设备,3108.83,3210.53,3058.03,3192.61,69.36,2.22,286593.0,6499952.0,50.29,4.09,71389366.0,135155886.0
801101.SI,20250829,计算机设备,3182.5,3218.24,3101.94,3140.31,-52.29,-1.64,220252.0,5389810.0,49.44,4.02,70223284.0,133371827.0
801101.SI,20250901,计算机设备,3176.63,3251.28,3117.82,3193.83,53.51,1.7,249922.0,6082532.0,49.59,4.08,71420050.0,135228732.0
801101.SI,20250902,计算机设备,3177.02,3219.07,3042.18,3075.93,-117.9,-3.69,274889.0,5978731.0,47.77,3.93,68795234.0,130351605.0
801101.SI,20250903,计算机设备,3078.68,3111.57,2969.97,2992.68,-83.25,-2.71,186370.0,4027403.0,46.45,3.82,66933965.0,126939318.0
801101.SI,20250904,计算机设备,2997.0,3026.89,2827.64,2878.01,-114.67,-3.83,196017.0,4455726.0,44.65,3.68,64363750.0,122559165.0
801101.SI,20250905,计算机设备,2883.27,2955.92,2842.11,2944.5,66.49,2.31,143171.0,3218496.0,45.62,3.76,65850809.0,125328748.0
801101.SI,20250908,计算机设备,2954.28,3009.25,2918.89,2974.62,30.11,1.02,135824.0,3075674.0,46.11,3.8,66526680.0,126678182.0
801101.SI,20250909,计算机设备,2961.67,2988.62,2897.21,2922.25,-52.36,-1.76,130278.0,2661191.0,45.32,3.73,65372691.0,124343956.0
801101.SI,20250910,计算机设备,2938.19,3009.66,2919.31,2958.85,36.59,1.25,121300.0,3029166.0,45.89,3.78,66197207.0,125547516.0
801101.SI,20250911,计算机设备,2970.38,3094.45,2932.62,3085.77,126.92,4.29,175471.0,4365112.0,47.88,3.94,69046561.0,130336756.0
801101.SI,20250912,计算机设备,3106.43,3186.23,3072.41,3124.8,39.03,1.26,190002.0,5171733.0,48.51,3.99,69993090.0,131357939.0
801101.SI,20250915,计算机设备,3147.86,3196.19,3082.65,3123.68,-1.12,-0.04,150377.0,4250193.0,48.51,3.99,69788021.0,131059532.0
801101.SI,20250916,计算机设备,3142.17,3243.7,3123.23,3219.94,96.26,3.08,156327.0,4682092.0,50.02,4.11,71938731.0,134432246.0
801101.SI,20250917,计算机设备,3200.26,3268.95,3148.13,3229.82,9.88,0.31,178950.0,4780883.0,50.15,4.12,72159515.0,134964620.0
801101.SI,20250918,计算机设备,3239.21,3367.79,3162.96,3224.98,-4.85,-0.15,246197.0,6812809.0,50.05,4.11,72027918.0,134772557.0
801101.SI,20250919,计算机设备,3227.78,3277.23,3159.55,3187.0,-37.97,-1.18,162429.0,4160418.0,49.44,4.06,71178050.0,133312982.0
801101.SI,20250922,计算机设备,3194.97,3295.28,3150.92,3265.87,78.86,2.47,164616.0,4683373.0,50.67,4.16,72940933.0,135689949.0
801101.SI,20250923,计算机设备,3268.56,3306.18,3133.54,3211.83,-54.04,-1.65,180732.0,4903363.0,49.82,4.09,71737380.0,133645179.0
801101.SI,20250924,计算机设备,3198.0,3314.15,3165.48,3291.19,79.36,2.47,167467.0,4678662.0,51.08,4.2,73510006.0,137000765.0
801101.SI,20250925,计算机设备,3299.29,3442.53,3270.33,3386.37,95.18,2.89,185479.0,5485104.0,52.63,4.32,75635886.0,140183778.0
801101.SI,20250926,计算机设备,3369.05,3413.32,3269.45,3284.42,-101.95,-3.01,166231.0,4964791.0,51.06,4.19,73406230.0,136239798.0
801101.SI,20250929,计算机设备,3284.46,3344.97,3212.58,3313.6,29.18,0.89,145333.0,4184211.0,51.5,4.23,74054708.0,137458362.0
801101.SI,20250930,计算机设备,3339.44,3399.8,3293.55,3337.74,24.14,0.73,145928.0,4153461.0,51.9,4.26,74594180.0,138518926.0
801101.SI,20251009,计算机设备,3374.44,3526.92,3337.0,3423.95,86.21,2.58,210298.0,6342715.0,53.27,4.37,76520907.0,142639673.0
801101.SI,20251010,计算机设备,3386.21,3428.89,3258.71,3304.31,-119.64,-3.49,179860.0,5352302.0,51.37,4.22,73892522.0,138437514.0
801101.SI,20251013,计算机设备,3158.33,3335.95,3136.72,3307.6,3.3,0.1,164686.0,4403630.0,51.41,4.22,73966286.0,138247643.0
801101.SI,20251014,计算机设备,3330.5,3384.54,3166.37,3194.39,-113.22,-3.42,176228.0,4812920.0,49.69,4.08,71467982.0,134085320.0
801101.SI,20251015,计算机设备,3189.6,3271.16,3139.03,3236.97,42.58,1.33,136978.0,3467358.0,50.34,4.13,72420621.0,135630134.0
801101.SI,20251016,计算机设备,3208.19,3272.85,3161.36,3195.8,-41.17,-1.27,125096.0,3065267.0,49.68,4.08,71499496.0,134140920.0
801101.SI,20251017,计算机设备,3196.11,3232.1,3086.89,3110.79,-85.0,-2.66,140866.0,3316186.0,48.36,3.97,69597726.0,130691638.0
801101.SI,20251020,计算机设备,3167.94,3203.13,3084.85,3120.18,9.39,0.3,122995.0,2970913.0,48.49,3.98,69807773.0,130821818.0
801101.SI,20251021,计算机设备,3130.77,3206.92,3101.62,3182.42,62.24,1.99,125496.0,3146449.0,49.5,4.06,71232137.0,133142951.0
801101.SI,20251022,计算机设备,3160.5,3232.83,3131.62,3193.94,11.52,0.36,101491.0,2734013.0,49.68,4.08,71489882.0,133799100.0
801101.SI,20251023,计算机设备,3179.88,3217.35,3104.26,3182.77,-11.17,-0.35,108972.0,2530195.0,49.51,4.06,71239844.0,133504330.0
801101.SI,20251024,计算机设备,3211.88,3291.7,3188.4,3258.26,75.49,2.37,132947.0,3463258.0,50.68,4.16,72929575.0,136246192.0
801101.SI,20251027,计算机设备,3297.75,3355.71,3240.67,3305.93,47.67,1.46,185714.0,4435319.0,51.43,4.21,73996659.0,138293103.0
801101.SI,20251028,计算机设备,3289.14,3346.51,3246.92,3281.18,-24.75,-0.75,158551.0,3739364.0,51.05,4.17,73443506.0,137110475.0
801101.SI,20251029,计算机设备,3293.98,3356.81,3259.43,3314.5,33.32,1.02,179755.0,3965724.0,51.62,4.22,74189962.0,138412583.0
801101.SI,20251030,计算机设备,3318.18,3377.52,3244.46,3275.24,-39.26,-1.18,206975.0,4396624.0,51.03,4.19,73311265.0,136851155.0
801101.SI,20251031,计算机设备,3255.05,3309.03,3190.93,3225.61,-49.63,-1.52,175402.0,3808809.0,50.22,4.11,72206274.0,135083874.0
801101.SI,20251103,计算机设备,3220.96,3274.07,3163.02,3242.63,17.02,0.53,148349.0,3314166.0,47.32,4.13,72587213.0,135742891.0
801101.SI,20251104,计算机设备,3241.76,3284.77,3168.86,3209.61,-33.02,-1.02,146959.0,3229071.0,46.83,4.09,71848099.0,134151285.0
801101.SI,20251105,计算机设备,3157.61,3234.75,3126.92,3206.46,-3.15,-0.1,148922.0,3058507.0,46.78,4.08,71778551.0,133938857.0
801101.SI,20251106,计算机设备,3217.88,3314.34,3191.49,3279.0,72.54,2.26,133411.0,3458996.0,47.87,4.18,73403860.0,136380037.0
801101.SI,20251107,计算机设备,3253.19,3288.97,3206.6,3234.34,-44.66,-1.36,134677.0,3107775.0,47.21,4.12,72422277.0,134666705.0
801101.SI,20251110,计算机设备,3233.71,3270.88,3162.57,3207.54,-26.81,-0.83,123352.0,2877896.0,46.81,4.09,71822025.0,134089043.0
801101.SI,20251111,计算机设备,3215.01,3260.04,3152.52,3174.04,-33.5,-1.04,138376.0,2955255.0,46.28,4.04,71071879.0,132867853.0
801101.SI,20251112,计算机设备,3160.41,3203.12,3111.43,3154.1,-19.94,-0.63,134073.0,2779679.0,45.95,4.01,70625397.0,132277165.0
801101.SI,20251113,计算机设备,3152.34,3221.27,3130.01,3190.17,36.07,1.14,136477.0,2950976.0,46.46,4.05,71435872.0,133757530.0
801101.SI,20251114,计算机设备,3154.35,3188.62,3111.95,3124.38,-65.78,-2.06,126271.0,2618585.0,45.49,3.97,69962813.0,131316524.0
801101.SI,20251117,计算机设备,3120.5,3187.0,3084.78,3134.49,10.11,0.32,153014.0,2824701.0,45.67,3.99,70189191.0,131308469.0
801101.SI,20251118,计算机设备,3127.11,3180.52,3092.82,3137.21,2.71,0.09,162619.0,2923947.0,45.72,3.99,70249986.0,131395782.0
801101.SI,20251119,计算机设备,3137.48,3173.73,3079.07,3109.87,-27.33,-0.87,148849.0,2598588.0,45.32,3.96,69637897.0,130090579.0
801101.SI,20251120,计算机设备,3138.77,3164.17,3064.43,3085.94,-23.93,-0.77,126432.0,2298354.0,44.98,3.93,69109213.0,129120437.0
801101.SI,20251121,计算机设备,3036.57,3079.66,2958.17,2971.64,-114.3,-3.7,138864.0,2738825.0,43.32,3.78,66548478.0,124750142.0
801101.SI,20251124,计算机设备,2989.01,3049.23,2923.57,3007.91,36.27,1.22,131556.0,2722702.0,43.83,3.82,67360631.0,126396031.0
801101.SI,20251125,计算机设备,3028.64,3093.58,3007.16,3044.41,36.51,1.21,138139.0,2994122.0,44.33,3.87,68178203.0,127887872.0
801101.SI,20251126,计算机设备,3041.19,3117.33,3008.15,3062.45,18.04,0.59,133372.0,3266194.0,44.59,3.89,68582172.0,128275940.0
801101.SI,20251127,计算机设备,3066.55,3134.42,3038.52,3060.32,-2.13,-0.07,134123.0,3063609.0,44.56,3.89,68534416.0,128099501.0
801101.SI,20251128,计算机设备,3053.89,3095.22,3019.94,3078.69,18.37,0.6,111959.0,2353247.0,44.81,3.91,68945862.0,129010495.0
801101.SI,20251201,计算机设备,3089.88,3139.16,3046.6,3107.87,29.18,0.95,136911.0,2911283.0,45.27,3.95,69599252.0,130190274.0
801101.SI,20251202,计算机设备,3097.99,3129.22,3046.4,3077.74,-30.13,-0.97,129181.0,2514748.0,44.84,3.91,68962831.0,129110638.0
801101.SI,20251203,计算机设备,3077.24,3100.2,3005.92,3030.58,-47.16,-1.53,126606.0,2454521.0,44.16,3.85,67905749.0,127356348.0
801101.SI,20251204,计算机设备,3021.96,3078.7,2984.1,3042.13,11.55,0.38,116667.0,2323256.0,44.32,3.86,68164614.0,127716022.0
801101.SI,20251205,计算机设备,3039.73,3095.67,2992.94,3066.11,23.98,0.79,145122.0,2817938.0,44.65,3.89,68702009.0,128694439.0
801101.SI,20251208,计算机设备,3071.07,3160.75,3058.19,3119.22,53.11,1.73,150402.0,3327798.0,45.44,3.96,69892077.0,130611965.0
801101.SI,20251209,计算机设备,3122.68,3175.67,3081.38,3110.88,-8.34,-0.27,131336.0,3236244.0,45.3,3.95,69705100.0,130030324.0
801101.SI,20251210,计算机设备,3045.63,3091.64,2997.62,3046.7,-64.17,-2.06,158759.0,3120357.0,44.38,3.87,68306044.0,127998485.0
801101.SI,20251211,计算机设备,3037.95,3073.42,2978.26,2995.28,-51.43,-1.69,133715.0,3217325.0,43.6,3.8,67153027.0,125840241.0
801101.SI,20251212,计算机设备,2988.78,3048.56,2946.91,3010.59,15.32,0.51,153932.0,3452196.0,43.77,3.82,67468730.0,126639218.0
801101.SI,20251215,计算机设备,2986.42,3036.61,2935.79,2966.86,-43.73,-1.45,133180.0,2852352.0,43.15,3.76,66488641.0,124890051.0
801101.SI,20251216,计算机设备,2966.33,2999.61,2879.94,2927.25,-39.61,-1.34,147428.0,3008069.0,42.61,3.71,65600864.0,123315928.0
801101.SI,20251217,计算机设备,2922.01,3009.25,2886.95,2983.0,55.76,1.9,142890.0,3053239.0,43.41,3.78,66850372.0,125376443.0
801101.SI,20251218,计算机设备,2954.99,3018.89,2934.45,2960.3,-22.7,-0.76,115727.0,2474509.0,43.06,3.75,66360916.0,124630950.0
801101.SI,20251219,计算机设备,2975.53,3036.85,2959.91,2991.5,31.2,1.05,120073.0,2661312.0,43.52,3.79,67070246.0,125920783.0
801101.SI,20251222,计算机设备,3007.58,3062.7,2988.38,3023.24,31.74,1.06,117876.0,2937790.0,43.99,3.83,67781923.0,126998279.0
801101.SI,20251223,计算机设备,3024.18,3060.58,2977.31,3009.31,-13.93,-0.46,112744.0,2676088.0,43.8,3.82,67469500.0,126284834.0
801101.SI,20251224,计算机设备,3005.9,3074.34,2985.4,3050.52,41.22,1.37,113734.0,2734093.0,44.39,3.87,68393616.0,128024217.0
801101.SI,20251225,计算机设备,3049.35,3099.19,3023.72,3071.45,20.93,0.69,132041.0,2815457.0,44.7,3.9,68869808.0,129009448.0
801101.SI,20251226,计算机设备,3071.55,3129.89,3040.07,3082.45,11.0,0.36,168306.0,3401726.0,44.85,3.91,69116363.0,129518800.0
801101.SI,20251229,计算机设备,3079.52,3129.76,3040.84,3077.95,-4.5,-0.15,156680.0,3305126.0,44.8,3.9,69015410.0,129291691.0
801101.SI,20251230,计算机设备,3074.29,3150.71,3053.72,3099.3,21.36,0.69,164270.0,3429774.0,45.11,3.93,69515630.0,130171625.0
801101.SI,20251231,计算机设备,3101.2,3160.3,3063.38,3112.61,13.31,0.43,181683.0,3525090.0,45.28,3.95,69814099.0,130807626.0
801101.SI,20260105,计算机设备,3126.86,3184.8,3093.94,3155.56,42.95,1.38,196395.0,4107109.0,45.88,4.0,70780174.0,132712740.0
801101.SI,20260106,计算机设备,3156.76,3245.4,3132.81,3207.0,51.44,1.63,211084.0,4793686.0,46.55,4.06,71932084.0,134954908.0
801101.SI,20260107,计算机设备,3206.72,3252.88,3153.08,3196.42,-10.58,-0.33,191460.0,4240311.0,46.42,4.05,71694849.0,134310403.0
801101.SI,20260108,计算机设备,3194.63,3287.35,3155.06,3219.38,22.96,0.72,182768.0,4733421.0,46.75,4.07,72209786.0,135165310.0
801101.SI,20260109,计算机设备,3214.42,3294.06,3179.1,3263.29,43.91,1.36,217020.0,4933349.0,47.4,4.13,73194680.0,136957323.0
801101.SI,20260112,计算机设备,3294.37,3441.39,3274.98,3412.68,149.39,4.58,275497.0,6529755.0,49.57,4.32,76545432.0,143263168.0
801101.SI,20260113,计算机设备,3432.96,3471.17,3281.01,3314.35,-98.33,-2.88,291929.0,6573959.0,48.12,4.19,74341851.0,139214744.0
801101.SI,20260114,计算机设备,3324.8,3475.48,3295.78,3385.12,70.77,2.14,323530.0,7387766.0,49.14,4.28,75962985.0,142195669.0
801101.SI,20260115,计算机设备,3370.01,3415.32,3280.31,3329.82,-55.3,-1.63,212228.0,4786617.0,48.37,4.22,74722074.0,140081404.0
801101.SI,20260116,计算机设备,3344.63,3390.12,3255.91,3312.83,-16.99,-0.51,188240.0,4452717.0,48.13,4.19,74342037.0,139338266.0
801101.SI,20260119,计算机设备,3303.85,3342.16,3250.49,3289.81,-23.02,-0.7,139554.0,3549514.0,47.81,4.17,73825351.0,138546292.0
801101.SI,20260120,计算机设备,3281.14,3325.46,3190.67,3225.14,-64.67,-1.97,155372.0,3624002.0,46.88,4.09,72374226.0,136147791.0
801101.SI,20260121,计算机设备,3216.76,3360.81,3199.76,3317.94,92.8,2.88,152829.0,4593494.0,48.28,4.21,74456614.0,139902431.0
801101.SI,20260122,计算机设备,3370.31,3407.92,3286.04,3319.18,1.25,0.04,195113.0,4949979.0,48.29,4.21,74484556.0,139985953.0
801101.SI,20260123,计算机设备,3316.02,3372.45,3277.24,3331.29,12.11,0.36,211810.0,4662487.0,48.43,4.22,74756210.0,140588975.0
801101.SI,20260126,计算机设备,3329.87,3372.6,3213.54,3255.05,-76.24,-2.29,198941.0,4638453.0,47.36,4.13,73045372.0,137637032.0
801101.SI,20260127,计算机设备,3230.73,3261.41,3145.91,3219.83,-35.22,-1.08,151570.0,3450947.0,46.81,4.08,72255058.0,136364454.0
801101.SI,20260128,计算机设备,3221.58,3267.49,3169.54,3197.3,-22.53,-0.7,158622.0,3431401.0,46.5,4.05,71749448.0,135501338.0
801101.SI,20260129,计算机设备,3178.91,3243.37,3119.8,3155.54,-41.76,-1.31,156525.0,3727049.0,45.9,4.0,70815394.0,133984669.0
801101.SI,20260130,计算机设备,3134.69,3184.04,3058.69,3118.48,-37.07,-1.17,141055.0,3234236.0,45.34,3.95,69983578.0,132220650.0
801101.SI,20260202,计算机设备,3106.66,3150.6,3042.62,3056.53,-61.95,-1.99,121569.0,2669785.0,44.43,3.87,68593291.0,129996830.0
801101.SI,20260203,计算机设备,3084.08,3136.32,3036.99,3118.6,62.07,2.03,120488.0,2681157.0,45.31,3.95,69988827.0,132624133.0
801101.SI,20260204,计算机设备,3102.12,3131.87,3053.05,3100.3,-18.3,-0.59,104018.0,2380979.0,45.04,3.92,69578209.0,132035413.0
801101.SI,20260205,计算机设备,3071.97,3125.07,3053.3,3090.52,-9.78,-0.32,91181.0,2091822.0,44.91,3.91,69358704.0,131951077.0
801101.SI,20260206,计算机设备,3071.4,3132.61,3045.01,3092.48,1.95,0.06,104450.0,2274314.0,44.94,3.92,69402522.0,131920128.0
801101.SI,20260209,计算机设备,3144.44,3181.33,3100.21,3149.34,56.86,1.84,112670.0,2663224.0,45.78,3.99,70680607.0,133974196.0
801101.SI,20260210,计算机设备,3152.79,3210.43,3124.76,3161.5,12.16,0.39,113891.0,2618432.0,45.96,4.01,70953488.0,134564060.0
801101.SI,20260211,计算机设备,3159.54,3189.28,3121.11,3138.16,-23.34,-0.74,101405.0,2142824.0,45.63,3.98,70429727.0,133625995.0
801101.SI,20260212,计算机设备,3155.3,3215.97,3126.64,3181.98,43.82,1.4,119246.0,2935042.0,46.28,4.03,71413233.0,135225617.0
801101.SI,20260213,计算机设备,3164.28,3233.4,3143.68,3180.41,-1.57,-0.05,125993.0,2872091.0,46.27,4.03,71377943.0,135064696.0
801101.SI,20260224,计算机设备,3216.46,3246.45,3146.82,3174.32,-6.09,-0.19,119385.0,2719602.0,46.17,4.02,71244369.0,134848755.0
801101.SI,20260225,计算机设备,3173.24,3212.74,3134.61,3169.86,-4.45,-0.14,124528.0,2705104.0,46.1,4.02,71144448.0,134593314.0
801101.SI,20260226,计算机设备,3177.2,3223.17,3129.59,3183.07,13.2,0.42,131460.0,2936725.0,46.27,4.03,71440776.0,135123583.0
801101.SI,20260227,计算机设备,3164.32,3230.62,3133.42,3198.21,15.14,0.48,131120.0,3097416.0,46.49,4.05,71780668.0,135502361.0
801101.SI,20260302,计算机设备,3143.98,3202.08,3092.81,3135.34,-62.87,-1.97,162044.0,3651201.0,45.57,3.97,70369599.0,133072744.0
801101.SI,20260303,计算机设备,3130.58,3159.22,2970.0,2981.39,-153.95,-4.91,166931.0,3904437.0,43.31,3.77,66916671.0,127112547.0
801101.SI,20260304,计算机设备,2941.78,3014.69,2916.43,2956.55,-24.84,-0.83,103866.0,2312798.0,42.95,3.74,66359078.0,126075785.0
801101.SI,20260305,计算机设备,3009.8,3060.88,2979.39,3016.24,59.69,2.02,113599.0,2628385.0,43.8,3.82,67698858.0,128527919.0
801101.SI,20260306,计算机设备,2997.81,3059.3,2978.17,3032.17,15.92,0.53,93027.0,2080481.0,44.02,3.84,68056266.0,129386465.0
801101.SI,20260309,计算机设备,2991.54,3083.05,2933.03,3064.53,32.37,1.07,135350.0,3111540.0,44.5,3.88,68782694.0,130442943.0
801101.SI,20260310,计算机设备,3101.82,3150.62,3063.54,3110.83,46.3,1.51,137446.0,3288330.0,45.14,3.93,69821879.0,132455786.0
801101.SI,20260311,计算机设备,3112.67,3155.66,3082.35,3111.24,0.41,0.01,145893.0,2909085.0,45.15,3.93,69831241.0,132567233.0
801101.SI,20260312,计算机设备,3101.97,3176.43,3066.43,3118.11,6.87,0.22,154193.0,3333619.0,45.28,3.95,69985502.0,132612222.0
801101.SI,20260313,计算机设备,3107.3,3147.65,3041.53,3069.86,-48.25,-1.55,145528.0,2883728.0,44.59,3.89,68903079.0,130793900.0
801101.SI,20260316,计算机设备,3056.4,3100.24,2998.94,3069.19,-0.66,-0.02,123185.0,2619007.0,44.6,3.89,68894206.0,130699677.0
801101.SI,20260317,计算机设备,3078.32,3106.4,2991.99,3004.31,-64.88,-2.11,116135.0,2569458.0,43.67,3.81,67438830.0,128119857.0
801101.SI,20260318,计算机设备,3010.83,3093.67,2978.05,3079.79,75.48,2.51,120318.0,2773793.0,44.84,3.9,69133072.0,131026820.0
801101.SI,20260319,计算机设备,3035.25,3088.62,2984.2,3011.18,-68.6,-2.23,123951.0,2852546.0,43.86,3.82,67593102.0,128156364.0
801101.SI,20260320,计算机设备,3022.61,3062.1,2931.3,2940.92,-70.27,-2.33,130867.0,2832304.0,42.83,3.73,66015819.0,125450445.0
801101.SI,20260323,计算机设备,2877.73,2911.96,2752.49,2775.71,-165.21,-5.62,141646.0,2925680.0,40.26,3.51,62307307.0,118522654.0
801101.SI,20260324,计算机设备,2823.93,2865.91,2751.22,2847.16,71.46,2.57,122942.0,2447470.0,41.29,3.6,63911293.0,121381632.0
801101.SI,20260325,计算机设备,2856.29,2935.19,2842.52,2899.74,52.57,1.85,114747.0,2472079.0,42.05,3.67,65091453.0,123543751.0
801101.SI,20260326,计算机设备,2901.05,2938.81,2829.86,2848.71,-51.03,-1.76,110711.0,2140924.0,41.3,3.6,63946008.0,121422551.0
801101.SI,20260327,计算机设备,2804.6,2877.45,2787.29,2849.05,0.34,0.01,88490.0,1738454.0,41.29,3.6,63953594.0,121575870.0
801101.SI,20260330,计算机设备,2804.23,2861.85,2771.65,2839.73,-9.32,-0.33,82015.0,1765598.0,40.9,3.59,63744348.0,121413379.0
801101.SI,20260331,计算机设备,2831.87,2877.36,2792.25,2806.06,-33.66,-1.19,87591.0,1793856.0,40.35,3.55,62988713.0,120134701.0
801101.SI,20260401,计算机设备,2860.63,2892.25,2825.75,2860.93,54.87,1.96,84041.0,1965520.0,41.14,3.62,64220343.0,122361960.0
801101.SI,20260402,计算机设备,2854.04,2868.59,2772.3,2792.75,-68.18,-2.38,91071.0,1793627.0,40.17,3.53,62689821.0,119748610.0
801101.SI,20260403,计算机设备,2812.22,2841.02,2753.61,2776.01,-16.74,-0.6,81457.0,1636033.0,39.94,3.51,62314158.0,118994272.0
801101.SI,20260407,计算机设备,2780.59,2837.05,2750.65,2792.34,16.34,0.59,78984.0,1849648.0,40.17,3.53,62688219.0,119537387.0
801101.SI,20260408,计算机设备,2851.12,2943.91,2837.47,2933.84,141.5,5.07,126813.0,3001578.0,42.21,3.71,65864817.0,125226719.0
801101.SI,20260409,计算机设备,2903.15,2970.21,2873.3,2931.85,-1.99,-0.07,109195.0,2987250.0,42.2,3.71,65820224.0,125006496.0
801101.SI,20260410,计算机设备,2956.01,3045.81,2938.13,2990.27,58.41,1.99,137690.0,3498354.0,42.95,3.78,67131579.0,127566923.0
801101.SI,20260413,计算机设备,2966.88,3070.2,2946.58,3027.34,37.07,1.24,124482.0,3406342.0,43.7,3.82,67963866.0,129138119.0
801101.SI,20260414,计算机设备,3051.59,3100.15,3004.84,3058.53,31.19,1.03,137555.0,3368162.0,44.14,3.86,68664156.0,130785974.0
801101.SI,20260415,计算机设备,3072.9,3121.37,3016.3,3052.3,-6.23,-0.2,123292.0,3322638.0,43.9,3.83,68524651.0,130597684.0
801101.SI,20260416,计算机设备,3057.25,3112.59,3030.49,3087.89,35.6,1.17,116069.0,2906216.0,44.42,3.88,69323784.0,132189052.0
801101.SI,20260417,计算机设备,3093.53,3142.76,3054.43,3094.71,6.82,0.22,114547.0,3140753.0,44.39,3.89,69476016.0,132317726.0
801101.SI,20260420,计算机设备,3125.23,3218.39,3099.36,3158.6,63.88,2.06,144691.0,4402733.0,44.42,3.9,70910205.0,135136082.0
801101.SI,20260421,计算机设备,3136.52,3161.56,3058.36,3102.81,-55.79,-1.77,116764.0,3222321.0,43.62,3.83,69665873.0,132853848.0
801101.SI,20260422,计算机设备,3093.51,3171.65,3067.18,3146.67,43.86,1.41,114837.0,3267183.0,44.25,3.88,70663037.0,134433436.0
801101.SI,20260423,计算机设备,3152.63,3200.5,3088.79,3120.58,-26.09,-0.83,135536.0,3599086.0,43.88,3.86,70077198.0,133207560.0
801101.SI,20260424,计算机设备,3131.66,3188.96,3068.07,3130.1,9.52,0.31,138300.0,3966033.0,44.1,3.87,70291024.0,133623795.0
801101.SI,20260427,计算机设备,3140.7,3205.05,3085.35,3152.3,22.19,0.71,136738.0,3809795.0,44.39,3.89,70805419.0,134732455.0
801101.SI,20260428,计算机设备,3136.67,3209.56,3067.16,3120.67,-31.63,-1.0,155350.0,4232854.0,43.98,3.86,70110415.0,133912012.0
801101.SI,20260429,计算机设备,3099.29,3188.98,3066.17,3153.66,32.99,1.06,137199.0,3611104.0,44.03,3.89,70851579.0,135230079.0
801101.SI,20260430,计算机设备,3151.39,3250.88,3093.42,3196.4,42.74,1.36,169190.0,4799469.0,44.65,3.93,71858336.0,137442568.0
801101.SI,20260506,计算机设备,3257.61,3364.89,3221.59,3293.09,96.69,3.03,160215.0,5306283.0,44.45,4.05,73998804.0,140832980.0
801101.SI,20260507,计算机设备,3313.16,3376.67,3260.79,3343.87,50.78,1.54,185071.0,5510145.0,45.14,4.12,75139795.0,143132771.0
801101.SI,20260508,计算机设备,3322.67,3410.73,3268.34,3349.05,5.18,0.15,205525.0,6084345.0,45.2,4.12,75256203.0,143243227.0
801101.SI,20260511,计算机设备,3402.09,3486.98,3341.48,3400.92,51.87,1.55,220513.0,6631458.0,45.92,4.19,76421711.0,144859790.0
801101.SI,20260512,计算机设备,3408.93,3459.75,3311.53,3360.27,-40.65,-1.2,220450.0,6400375.0,45.39,4.14,75508378.0,143142340.0
801101.SI,20260513,计算机设备,3336.69,3445.78,3283.88,3412.56,52.29,1.56,208459.0,6244198.0,46.11,4.2,76683340.0,145104847.0
801101.SI,20260514,计算机设备,3450.28,3485.12,3275.48,3298.13,-114.43,-3.35,216686.0,6580176.0,44.55,4.06,74111950.0,140542393.0
801101.SI,20260515,计算机设备,3294.66,3362.13,3199.3,3234.72,-63.41,-1.92,193628.0,5471067.0,43.65,3.98,72687042.0,138214739.0
801101.SI,20260518,计算机设备,3230.09,3361.53,3194.49,3285.76,51.04,1.58,156407.0,4891088.0,44.35,4.04,73833920.0,139850910.0
801101.SI,20260519,计算机设备,3281.81,3369.49,3215.65,3340.83,55.07,1.68,164969.0,5111724.0,45.09,4.11,75087813.0,142184877.0
801101.SI,20260520,计算机设备,3307.86,3396.86,3257.41,3313.09,-27.73,-0.83,165215.0,4724174.0,44.7,4.08,74464458.0,140917609.0
801101.SI,20260521,计算机设备,3356.97,3400.9,3161.84,3176.07,-137.02,-4.14,187399.0,5505911.0,42.85,3.91,71438041.0,135373625.0
