ts_code,trade_date,name,open,high,low,close,change,pct_change,vol,amount,pe,pb,float_mv,total_mv
801143.SI,20180102,造纸,2867.49,2940.9,2836.45,2909.8,56.86,1.99,27633.0,234432.0,18.28,1.97,10382364.0,19069086.573737
801143.SI,20180103,造纸,2921.69,2973.09,2887.62,2920.29,10.49,0.36,26728.0,230875.0,18.35,1.98,10419800.0,19154775.268597
801143.SI,20180104,造纸,2940.51,2985.69,2897.86,2942.69,22.4,0.77,25644.0,241135.0,18.49,1.99,10498769.0,19294715.738717
801143.SI,20180105,造纸,2945.47,3008.8,2910.72,2950.17,7.48,0.25,31727.0,259748.0,18.54,2.0,10525462.0,19321116.688415
801143.SI,20180108,造纸,2961.7,3046.76,2924.28,3005.96,55.8,1.89,38662.0,346061.0,18.9,2.04,10721297.0,19657142.126427
801143.SI,20180109,造纸,3023.97,3081.57,2969.53,2998.82,-7.14,-0.24,29004.0,255195.0,18.86,2.03,10695824.0,19620823.036118
801143.SI,20180110,造纸,3014.73,3036.2,2935.62,2972.54,-26.28,-0.88,25890.0,245974.0,18.7,2.01,10602103.0,19453743.844321
801143.SI,20180111,造纸,2979.46,3011.33,2927.61,2964.49,-8.05,-0.27,25528.0,246326.0,18.64,2.01,10573383.0,19408493.523543
801143.SI,20180112,造纸,2978.22,3073.61,2961.95,2993.13,28.64,0.97,35241.0,335107.0,18.83,2.03,10675524.0,19608872.141922
801143.SI,20180115,造纸,3007.19,3067.34,2935.5,2977.9,-15.23,-0.51,51130.0,526620.0,18.75,2.02,10621187.0,19461871.167792
801143.SI,20180116,造纸,2975.91,3068.92,2937.57,3048.52,70.62,2.37,38799.0,416241.0,19.21,2.07,10873067.0,19903578.469965
801143.SI,20180117,造纸,3040.04,3051.06,2955.63,2995.82,-52.69,-1.73,27138.0,259745.0,18.86,2.03,10685124.0,19598157.675351
801143.SI,20180118,造纸,2987.59,3064.13,2967.05,3043.51,47.69,1.59,42167.0,414077.0,19.16,2.06,10870867.0,19888251.882278
801143.SI,20180119,造纸,3039.04,3119.91,3006.36,3048.39,4.88,0.16,50596.0,488612.0,19.2,2.07,10888309.0,19921277.251011
801143.SI,20180122,造纸,3037.14,3080.3,2994.26,3057.69,9.3,0.31,33221.0,332729.0,19.26,2.07,10921521.0,19990432.40236
801143.SI,20180123,造纸,3050.83,3086.5,3013.94,3041.23,-16.46,-0.54,29244.0,288357.0,19.15,2.06,10862734.0,19881252.044304
801143.SI,20180124,造纸,3039.66,3054.28,2976.81,3012.29,-28.94,-0.95,31935.0,306323.0,18.96,2.04,10759372.0,19714145.556819
801143.SI,20180125,造纸,3007.41,3081.19,2985.43,3042.67,30.38,1.01,37424.0,325808.0,19.16,2.06,10867879.0,19898019.360984
801143.SI,20180126,造纸,3038.39,3094.69,3016.8,3061.17,18.5,0.61,38224.0,329537.0,19.29,2.08,10933943.0,19989020.390278
801143.SI,20180129,造纸,3058.56,3113.08,3011.93,3066.85,5.68,0.19,49124.0,439792.0,19.33,2.08,10954242.0,19975323.114418
801143.SI,20180130,造纸,3064.33,3120.05,3019.53,3066.39,-0.46,-0.02,37105.0,342059.0,19.33,2.08,10952582.0,19987319.980987
801143.SI,20180131,造纸,3051.57,3089.92,2988.64,3024.59,-41.8,-1.36,33612.0,298708.0,19.05,2.05,10803279.0,19747685.804264
801143.SI,20180201,造纸,3029.59,3066.77,2873.1,2927.67,-96.92,-3.2,40622.0,346082.0,18.43,1.99,10457106.0,19103474.076345
801143.SI,20180202,造纸,2931.06,2994.23,2815.81,2946.47,18.81,0.64,28958.0,245614.0,18.56,2.0,10524278.0,19194728.167331
801143.SI,20180205,造纸,2923.68,3082.48,2882.21,3040.58,94.11,3.19,44624.0,417701.0,19.2,2.07,10860410.0,19706024.472392
801143.SI,20180206,造纸,3007.13,3047.34,2875.17,2891.66,-148.92,-4.9,46439.0,407631.0,18.28,1.97,10327938.0,18697933.36546
801143.SI,20180207,造纸,2969.28,3038.61,2866.33,2921.03,29.37,1.02,58976.0,480004.0,18.49,1.99,10432841.0,18844997.731203
801143.SI,20180208,造纸,2909.69,2968.92,2821.73,2905.66,-15.37,-0.53,38307.0,317998.0,18.39,1.98,10377935.0,18771742.047234
801143.SI,20180209,造纸,2844.9,2877.29,2689.32,2727.73,-177.93,-6.12,45781.0,346144.0,17.27,1.86,9742439.0,17667598.434957
801143.SI,20180212,造纸,2752.32,2850.59,2725.52,2795.62,67.89,2.49,21858.0,184374.0,17.7,1.91,9984029.0,18097163.469826
801143.SI,20180213,造纸,2816.38,2886.26,2779.35,2825.2,29.58,1.06,24470.0,199395.0,17.89,1.93,10089670.0,18320308.105783
801143.SI,20180214,造纸,2837.22,2865.76,2772.6,2812.11,-13.09,-0.46,18084.0,163462.0,17.8,1.92,10042939.0,18275299.045705
801143.SI,20180222,造纸,2843.47,2907.31,2810.9,2878.1,65.99,2.35,23922.0,198683.0,18.22,1.96,10278619.0,18719484.50532
801143.SI,20180223,造纸,2893.46,3021.5,2856.7,2980.35,102.25,3.55,53581.0,384572.0,18.86,2.03,10643784.0,19312266.489167
801143.SI,20180226,造纸,3021.51,3082.25,2983.18,3045.06,64.71,2.17,56787.0,434604.0,19.28,2.08,10874866.0,19711743.151893
801143.SI,20180227,造纸,3063.97,3093.56,2976.59,3019.68,-25.38,-0.83,45114.0,371412.0,19.11,2.06,10784242.0,19549688.049814
801143.SI,20180228,造纸,3009.86,3104.7,2956.05,3021.2,1.52,0.05,49844.0,393520.0,19.21,2.06,10789667.0,19543742.881289
801143.SI,20180301,造纸,3005.97,3097.14,2979.7,3054.36,33.16,1.1,39035.0,331695.0,19.42,2.08,10908097.0,19793776.357868
801143.SI,20180302,造纸,3045.24,3093.48,2983.61,3022.97,-31.4,-1.03,41808.0,335680.0,19.2,2.06,10795965.0,19624896.338053
801143.SI,20180305,造纸,3042.83,3072.61,2945.3,2981.12,-41.85,-1.38,34844.0,282877.0,18.92,2.03,10646503.0,19369729.835591
801143.SI,20180306,造纸,3006.0,3065.73,2951.57,3035.93,54.81,1.84,42212.0,333214.0,19.31,2.07,10864401.0,19688091.41074
801143.SI,20180307,造纸,3051.21,3091.94,2976.27,2993.64,-42.29,-1.39,37057.0,300505.0,19.07,2.04,10713059.0,19478340.652531
801143.SI,20180308,造纸,2999.79,3069.75,2961.85,3039.12,45.48,1.52,34819.0,306908.0,19.37,2.07,10875807.0,19741349.577484
801143.SI,20180309,造纸,3053.08,3081.06,2985.84,3036.47,-2.65,-0.09,34419.0,305229.0,19.34,2.07,10866340.0,19743230.916144
801143.SI,20180312,造纸,3054.71,3115.67,3009.24,3078.84,42.37,1.4,47802.0,403829.0,19.61,2.09,11017973.0,20002399.417265
801143.SI,20180313,造纸,3085.52,3112.46,3003.01,3021.18,-57.66,-1.87,38399.0,324109.0,19.25,2.06,10811625.0,19628951.282475
801143.SI,20180314,造纸,3026.34,3058.25,2973.77,3001.73,-19.45,-0.64,26662.0,221686.0,19.12,2.04,10742010.0,19487315.341035
801143.SI,20180315,造纸,2999.9,3044.88,2928.27,2978.87,-22.86,-0.76,41258.0,314432.0,19.03,2.03,10660193.0,19347486.461139
801143.SI,20180316,造纸,2982.48,3012.17,2932.15,2950.13,-28.74,-0.96,26942.0,230770.0,18.83,2.01,10557357.0,19181836.469599
801143.SI,20180319,造纸,2968.52,2995.57,2911.04,2943.01,-7.12,-0.24,23185.0,179195.0,18.58,1.99,10531866.0,19165061.920524
801143.SI,20180320,造纸,2941.08,2989.33,2901.26,2958.26,15.25,0.52,24749.0,203706.0,17.53,1.99,10583296.0,19262143.002666
801143.SI,20180321,造纸,2976.82,3004.52,2905.07,2918.34,-39.93,-1.35,25328.0,207416.0,17.28,1.96,10439455.0,19022781.331982
801143.SI,20180322,造纸,2934.15,2961.17,2870.96,2891.41,-26.92,-0.92,19736.0,163960.0,17.12,1.94,10343154.0,18845786.037977
801143.SI,20180323,造纸,2810.34,2852.95,2678.35,2737.27,-154.14,-5.33,40100.0,302196.0,16.21,1.84,9791764.0,17848146.777103
801143.SI,20180326,造纸,2704.86,2794.3,2653.71,2768.81,31.53,1.15,24244.0,181987.0,16.62,1.86,9904563.0,18043179.003677
801143.SI,20180327,造纸,2817.31,2868.13,2772.93,2818.22,49.41,1.78,25295.0,202093.0,16.92,1.9,10081306.0,18382413.51916
801143.SI,20180328,造纸,2808.31,2854.92,2761.33,2796.15,-22.06,-0.78,20216.0,166666.0,16.15,1.87,10002389.0,18230056.541423
801143.SI,20180329,造纸,2808.11,2853.5,2764.37,2822.63,26.47,0.95,19582.0,156555.0,16.31,1.88,10097088.0,18393762.923077
801143.SI,20180330,造纸,2847.06,2865.85,2805.22,2829.45,6.82,0.24,16902.0,142482.0,16.35,1.89,10125758.0,18453482.342853
801143.SI,20180402,造纸,2837.19,2850.99,2760.3,2786.67,-42.78,-1.51,25081.0,220135.0,15.81,1.85,9972657.0,18191648.449975
801143.SI,20180403,造纸,2759.2,2812.91,2725.09,2772.1,-14.56,-0.52,18894.0,143455.0,15.73,1.84,9920211.0,18085631.940315
801143.SI,20180404,造纸,2796.88,2825.31,2745.79,2768.83,-3.27,-0.12,16042.0,139774.0,15.72,1.84,9908507.0,18058081.431984
801143.SI,20180409,造纸,2759.62,2808.11,2719.32,2769.11,0.28,0.01,19418.0,174141.0,15.73,1.84,9909502.0,18036156.455533
801143.SI,20180410,造纸,2788.81,2855.4,2762.53,2827.15,58.04,2.1,26012.0,211682.0,16.06,1.88,10117189.0,18402170.174723
801143.SI,20180411,造纸,2857.85,2923.57,2834.12,2879.8,52.66,1.86,30269.0,252620.0,16.27,1.91,10305625.0,18761045.894052
801143.SI,20180412,造纸,2899.51,2919.94,2832.88,2850.25,-29.56,-1.03,22832.0,198776.0,16.08,1.88,10199852.0,18603807.499266
801143.SI,20180413,造纸,2873.19,2897.47,2799.34,2816.98,-33.27,-1.17,27274.0,292825.0,15.9,1.86,10080794.0,18390571.04841
801143.SI,20180416,造纸,2828.93,2854.61,2746.35,2778.43,-38.55,-1.37,31763.0,316657.0,15.68,1.83,9942844.0,18152601.733163
801143.SI,20180417,造纸,2783.94,2812.21,2711.47,2728.54,-49.89,-1.8,22461.0,194704.0,15.37,1.79,9764297.0,17819166.80392
801143.SI,20180418,造纸,2751.42,2778.51,2664.71,2732.62,4.08,0.15,26867.0,246097.0,15.4,1.8,9778909.0,17835635.232912
801143.SI,20180419,造纸,2747.62,2775.13,2712.49,2739.31,6.69,0.24,20329.0,181738.0,15.45,1.8,9802858.0,17874042.428956
801143.SI,20180420,造纸,2744.44,2763.0,2643.35,2664.27,-75.04,-2.74,24540.0,213730.0,15.0,1.75,9534330.0,17423135.627398
801143.SI,20180423,造纸,2670.61,2711.48,2619.49,2669.03,4.76,0.18,21067.0,189425.0,15.15,1.76,9550600.0,17478975.869038
801143.SI,20180424,造纸,2673.92,2765.29,2652.41,2733.5,64.47,2.42,26936.0,236120.0,15.52,1.8,9781290.0,17907289.301734
801143.SI,20180425,造纸,2738.47,2768.57,2699.04,2733.3,-0.2,-0.01,18942.0,184317.0,15.52,1.8,9780802.0,17908473.406711
801143.SI,20180426,造纸,2743.38,2766.3,2663.99,2672.18,-61.12,-2.24,22773.0,191869.0,14.87,1.73,9562095.0,17534030.253193
801143.SI,20180427,造纸,2690.76,2706.25,2597.83,2640.27,-31.91,-1.19,21672.0,201827.0,14.67,1.69,9623492.0,19185539.915001
801143.SI,20180502,造纸,2650.08,2690.89,2592.34,2637.29,-2.98,-0.11,28225.0,312789.0,13.89,1.68,9612625.0,19119314.673633
801143.SI,20180503,造纸,2648.33,2673.78,2591.78,2652.83,15.54,0.59,22405.0,256513.0,13.94,1.69,9669256.0,19380191.129543
801143.SI,20180504,造纸,2662.18,2699.14,2618.3,2650.36,-2.47,-0.09,24293.0,294451.0,13.96,1.69,9661737.0,19188567.246691
801143.SI,20180507,造纸,2674.05,2794.61,2665.86,2753.28,102.91,3.88,44267.0,411282.0,14.52,1.76,10036905.0,19901242.698929
801143.SI,20180508,造纸,2753.69,2801.69,2728.0,2770.55,17.27,0.63,34013.0,331281.0,14.61,1.77,10099877.0,19993001.608818
801143.SI,20180509,造纸,2769.72,2791.04,2732.24,2766.39,-4.16,-0.15,21895.0,258046.0,14.58,1.77,10084710.0,20036145.289541
801143.SI,20180510,造纸,2780.75,2815.22,2746.23,2776.64,10.25,0.37,26961.0,283472.0,14.64,1.78,10122067.0,20076859.141811
801143.SI,20180511,造纸,2788.14,2830.5,2749.47,2774.34,-2.3,-0.08,26804.0,314158.0,14.63,1.77,10113677.0,20099836.256324
801143.SI,20180514,造纸,2779.95,2802.58,2729.01,2753.33,-21.01,-0.76,22675.0,263930.0,14.5,1.76,10037103.0,20038195.276305
801143.SI,20180515,造纸,2759.8,2791.47,2727.46,2775.47,22.13,0.8,22978.0,275351.0,14.6,1.77,10117784.0,20295851.296379
801143.SI,20180516,造纸,2765.49,2785.24,2724.81,2744.65,-30.82,-1.11,19972.0,241827.0,14.46,1.75,10004930.0,19982036.58859
801143.SI,20180517,造纸,2741.24,2774.61,2704.49,2726.41,-18.24,-0.66,20628.0,224348.0,14.36,1.74,9938448.0,19856087.304334
801143.SI,20180518,造纸,2727.1,2786.86,2708.55,2770.3,43.89,1.61,27402.0,325118.0,14.57,1.77,10098454.0,20309086.941604
801143.SI,20180521,造纸,2791.27,2828.0,2758.65,2790.4,20.09,0.73,31238.0,418948.0,14.65,1.78,10171703.0,20574922.165744
801143.SI,20180522,造纸,2788.79,2810.99,2754.49,2782.1,-8.29,-0.3,24175.0,327499.0,14.6,1.77,10140538.0,20550293.432041
801143.SI,20180523,造纸,2775.08,2801.31,2706.9,2727.05,-55.05,-1.98,30396.0,345728.0,14.31,1.74,9939656.0,20104733.537455
801143.SI,20180524,造纸,2726.37,2760.12,2691.9,2722.39,-4.66,-0.17,24619.0,279230.0,14.28,1.73,9922658.0,20038709.109579
801143.SI,20180525,造纸,2711.16,2740.06,2659.27,2677.16,-45.23,-1.66,23694.0,252388.0,14.05,1.71,9757806.0,19682498.406113
801143.SI,20180528,造纸,2667.59,2700.03,2626.1,2669.52,-7.64,-0.29,16808.0,181246.0,13.88,1.69,9624650.0,19245064.921633
801143.SI,20180529,造纸,2655.09,2688.98,2608.47,2631.15,-38.37,-1.44,20581.0,210919.0,13.83,1.68,9589680.0,19249926.585504
801143.SI,20180530,造纸,2596.64,2621.69,2527.61,2553.54,-77.61,-2.95,25227.0,226122.0,13.44,1.63,9306819.0,18589388.799003
801143.SI,20180531,造纸,2569.14,2621.74,2549.78,2606.99,53.45,2.09,21625.0,202906.0,13.73,1.67,9514676.0,18994130.041908
801143.SI,20180601,造纸,2589.82,2641.34,2557.5,2594.81,-12.18,-0.47,19431.0,189953.0,13.67,1.66,9470234.0,18945600.180792
801143.SI,20180604,造纸,2597.6,2633.34,2570.23,2611.21,16.4,0.63,18053.0,178230.0,13.74,1.67,9530097.0,19127643.889538
801143.SI,20180605,造纸,2611.04,2655.87,2591.22,2640.34,29.13,1.12,19282.0,192595.0,13.89,1.69,9596564.0,19199444.535671
801143.SI,20180606,造纸,2636.35,2656.51,2604.97,2628.82,-11.52,-0.44,19246.0,187354.0,13.83,1.68,9593760.0,19250770.918893
801143.SI,20180607,造纸,2629.16,2666.3,2596.49,2632.71,3.89,0.15,23152.0,197801.0,13.87,1.69,9607945.0,19200130.81211
801143.SI,20180608,造纸,2612.34,2627.25,2530.33,2561.02,-71.69,-2.72,24583.0,187740.0,13.48,1.65,9346328.0,18698966.877683
801143.SI,20180611,造纸,2542.96,2574.05,2508.88,2532.97,-28.05,-1.1,22218.0,169553.0,13.33,1.63,9243761.0,18464153.288215
801143.SI,20180612,造纸,2526.88,2575.31,2484.78,2557.32,24.35,0.96,20768.0,166175.0,12.71,1.57,8826150.0,17687537.889976
801143.SI,20180613,造纸,2555.18,2569.35,2504.63,2521.66,-35.66,-1.39,17199.0,136206.0,12.54,1.55,8703079.0,17394443.380497
801143.SI,20180614,造纸,2511.14,2554.0,2489.86,2522.18,0.52,0.02,15299.0,120211.0,12.55,1.55,8704871.0,17387082.372314
801143.SI,20180615,造纸,2523.14,2550.03,2454.54,2479.15,-43.03,-1.71,21631.0,155597.0,12.35,1.53,8524432.0,16956594.503436
801143.SI,20180619,造纸,2444.39,2459.07,2245.34,2275.54,-203.62,-8.21,33264.0,213367.0,11.35,1.41,7853612.0,15674379.980501
801143.SI,20180620,造纸,2268.06,2337.62,2229.02,2296.6,21.06,0.93,28752.0,178034.0,11.45,1.42,7926310.0,15792916.263779
801143.SI,20180621,造纸,2300.33,2362.56,2253.28,2276.51,-20.08,-0.87,26653.0,170545.0,11.37,1.41,7856992.0,15593716.50034
801143.SI,20180622,造纸,2257.02,2319.48,2217.0,2299.74,23.23,1.02,20842.0,129719.0,11.49,1.43,7937165.0,15746554.21409
801143.SI,20180625,造纸,2318.56,2338.31,2253.68,2263.76,-35.99,-1.56,17482.0,118471.0,11.31,1.41,7812965.0,15488030.160731
801143.SI,20180626,造纸,2229.14,2288.62,2181.12,2268.15,4.39,0.19,21319.0,146987.0,11.32,1.41,7827788.0,15543620.424996
801143.SI,20180627,造纸,2263.86,2352.32,2237.13,2283.29,15.15,0.67,29720.0,205473.0,11.38,1.42,7880063.0,15685984.52726
801143.SI,20180628,造纸,2267.72,2312.32,2235.08,2262.23,-21.06,-0.92,21100.0,161370.0,11.26,1.4,7807380.0,15568499.859013
801143.SI,20180629,造纸,2266.15,2334.41,2243.81,2322.29,60.05,2.65,22763.0,166257.0,11.56,1.44,8014628.0,15982201.259508
801143.SI,20180702,造纸,2346.34,2399.49,2275.24,2315.19,-7.1,-0.31,31338.0,203986.0,11.54,1.44,7990136.0,15881578.18479
801143.SI,20180703,造纸,2312.97,2345.23,2251.97,2322.23,7.04,0.3,24283.0,169189.0,11.55,1.44,8015731.0,15976994.879125
801143.SI,20180704,造纸,2307.06,2327.42,2249.84,2268.94,-53.29,-2.29,20095.0,137731.0,11.3,1.41,7831779.0,15531377.480115
801143.SI,20180705,造纸,2266.49,2289.5,2187.55,2207.62,-61.31,-2.7,20389.0,139079.0,11.01,1.37,7620140.0,15099619.352304
801143.SI,20180706,造纸,2209.49,2260.66,2148.16,2219.12,11.5,0.52,24260.0,157635.0,11.06,1.38,7659821.0,15187540.04061
801143.SI,20180709,造纸,2223.01,2279.24,2211.62,2264.97,45.85,2.07,21308.0,141868.0,11.28,1.4,7818095.0,15540397.095285
801143.SI,20180710,造纸,2268.74,2311.62,2248.25,2292.43,27.46,1.21,20464.0,145403.0,11.41,1.42,7912876.0,15777218.05091
801143.SI,20180711,造纸,2252.17,2275.13,2190.85,2234.79,-57.64,-2.51,26362.0,172561.0,11.11,1.38,7713912.0,15402088.2575
801143.SI,20180712,造纸,2227.44,2312.36,2220.07,2297.49,62.71,2.81,27285.0,191867.0,11.43,1.42,7930311.0,15849076.308743
801143.SI,20180713,造纸,2296.09,2325.39,2266.02,2297.14,-0.35,-0.02,20684.0,158402.0,11.41,1.42,7929086.0,15886968.532836
801143.SI,20180716,造纸,2295.18,2312.91,2259.12,2285.04,-12.1,-0.53,18468.0,139566.0,11.35,1.41,7887319.0,15788050.368583
801143.SI,20180717,造纸,2281.13,2296.02,2222.74,2266.04,-19.0,-0.83,20473.0,148673.0,11.25,1.4,7821727.0,15672731.89458
801143.SI,20180718,造纸,2268.08,2290.77,2240.34,2250.92,-15.12,-0.67,16872.0,121005.0,11.18,1.39,7769542.0,15532917.324506
801143.SI,20180719,造纸,2247.12,2270.07,2210.42,2227.74,-23.17,-1.03,15851.0,108682.0,11.08,1.38,7689555.0,15339955.970833
801143.SI,20180720,造纸,2222.84,2264.35,2193.92,2250.21,22.47,1.01,15972.0,109811.0,11.19,1.39,7767106.0,15485566.058506
801143.SI,20180723,造纸,2244.22,2301.2,2221.26,2279.39,29.18,1.3,25354.0,167742.0,11.34,1.41,7875946.0,15677774.354477
801143.SI,20180724,造纸,2278.18,2378.9,2267.77,2362.46,83.07,3.64,45775.0,299155.0,11.75,1.46,8255057.0,16252159.140233
801143.SI,20180725,造纸,2351.6,2383.34,2324.88,2355.94,-6.52,-0.28,26361.0,190453.0,11.72,1.46,8232265.0,16194610.031614
801143.SI,20180726,造纸,2353.53,2393.77,2320.73,2347.68,-8.26,-0.35,28812.0,185358.0,11.69,1.45,8203397.0,16080868.48809
801143.SI,20180727,造纸,2346.27,2388.21,2317.68,2341.54,-6.13,-0.26,24236.0,150618.0,11.65,1.45,8181970.0,16064905.149069
801143.SI,20180730,造纸,2337.93,2375.24,2301.35,2329.34,-12.2,-0.52,22095.0,152253.0,11.59,1.44,8145010.0,16017509.165496
801143.SI,20180731,造纸,2326.52,2353.68,2304.77,2329.47,0.13,0.01,15448.0,106476.0,11.59,1.44,8145471.0,15992220.867634
801143.SI,20180801,造纸,2338.69,2390.98,2311.98,2327.07,-2.4,-0.1,35239.0,247809.0,11.57,1.44,8137076.0,16020641.67059
801143.SI,20180802,造纸,2310.25,2318.91,2187.99,2247.03,-80.04,-3.44,31385.0,207606.0,11.17,1.39,7857207.0,15482725.812861
801143.SI,20180803,造纸,2241.52,2302.09,2223.72,2257.89,10.85,0.48,24667.0,186039.0,11.2,1.39,7895153.0,15650405.631719
801143.SI,20180806,造纸,2260.93,2288.52,2184.16,2215.38,-42.51,-1.88,28670.0,228036.0,11.0,1.37,7746520.0,15315825.839554
801143.SI,20180807,造纸,2213.73,2275.15,2161.01,2262.93,47.56,2.15,28092.0,213808.0,11.25,1.39,7912806.0,15692175.237009
801143.SI,20180808,造纸,2250.89,2266.64,2190.06,2207.22,-55.71,-2.46,23046.0,178337.0,10.97,1.36,7717989.0,15224546.914088
801143.SI,20180809,造纸,2196.1,2272.18,2179.01,2244.68,37.46,1.7,27107.0,194800.0,11.21,1.39,7848927.0,15462407.18723
801143.SI,20180810,造纸,2224.64,2260.64,2205.99,2241.54,-3.14,-0.14,21619.0,153429.0,10.75,1.4,7837931.0,15272360.936428
801143.SI,20180813,造纸,2217.5,2254.68,2182.57,2239.34,-2.2,-0.1,21375.0,138560.0,10.74,1.4,7830246.0,15284905.024402
801143.SI,20180814,造纸,2230.81,2273.84,2218.3,2240.71,1.37,0.06,18605.0,134446.0,10.74,1.4,7835022.0,15304587.283427
801143.SI,20180815,造纸,2243.9,2257.92,2174.61,2184.18,-56.52,-2.52,19497.0,145139.0,10.66,1.38,7637373.0,15109048.342074
801143.SI,20180816,造纸,2154.73,2203.72,2132.43,2166.53,-17.66,-0.81,16340.0,115603.0,10.58,1.37,7575639.0,14971334.326555
801143.SI,20180817,造纸,2186.01,2206.41,2119.49,2130.79,-35.74,-1.65,16572.0,114774.0,10.41,1.35,7450472.0,14665798.587154
801143.SI,20180820,造纸,2129.35,2161.1,2100.07,2148.68,17.89,0.84,15805.0,110708.0,10.51,1.36,7512639.0,14741107.828043
801143.SI,20180821,造纸,2149.43,2245.48,2140.42,2215.23,66.55,3.1,30005.0,190003.0,10.84,1.4,7745323.0,15192154.092568
801143.SI,20180822,造纸,2213.06,2227.27,2175.62,2191.27,-23.95,-1.08,20743.0,148972.0,10.74,1.39,7661696.0,14997874.411604
801143.SI,20180823,造纸,2190.13,2222.55,2163.78,2194.01,2.74,0.13,18765.0,134207.0,10.76,1.39,7671280.0,15023270.803107
801143.SI,20180824,造纸,2180.94,2208.42,2158.8,2178.66,-15.35,-0.7,16753.0,113486.0,10.67,1.38,7616162.0,14914106.907983
801143.SI,20180827,造纸,2197.0,2241.11,2187.28,2231.9,53.24,2.44,21533.0,139924.0,10.94,1.41,7802410.0,15275673.04719
801143.SI,20180828,造纸,2219.66,2243.08,2185.17,2206.69,-25.21,-1.13,26653.0,177169.0,10.79,1.33,7714307.0,15084558.142883
801143.SI,20180829,造纸,2203.35,2221.18,2173.84,2191.81,-14.88,-0.67,19402.0,128112.0,10.71,1.32,7662302.0,14967642.571855
801143.SI,20180830,造纸,2187.08,2209.79,2150.19,2163.29,-28.52,-1.3,17825.0,115481.0,10.58,1.3,7562596.0,14812903.871726
801143.SI,20180831,造纸,2157.36,2175.16,2118.72,2141.77,-21.52,-0.99,14847.0,95378.0,10.49,1.27,7487357.0,14585546.524178
801143.SI,20180903,造纸,2138.41,2162.54,2096.7,2144.28,2.51,0.12,18489.0,109314.0,9.57,1.28,7495483.0,13738313.446393
801143.SI,20180904,造纸,2143.22,2186.7,2123.49,2170.77,26.5,1.24,20550.0,127619.0,9.69,1.29,7588102.0,14750925.367144
801143.SI,20180905,造纸,2163.24,2173.39,2114.28,2120.55,-50.23,-2.31,16498.0,105159.0,9.46,1.26,7412531.0,14389943.005114
801143.SI,20180906,造纸,2117.77,2138.74,2070.87,2094.01,-26.53,-1.25,16542.0,103954.0,9.34,1.25,7319789.0,14196183.58389
801143.SI,20180907,造纸,2094.04,2128.97,2073.59,2093.29,-0.73,-0.03,14010.0,86736.0,9.33,1.24,7317249.0,14174230.485557
801143.SI,20180910,造纸,2094.55,2094.59,2034.49,2035.23,-58.06,-2.77,15507.0,96759.0,9.08,1.21,7114313.0,13738313.446393
801143.SI,20180911,造纸,2037.01,2062.11,2002.15,2033.93,-1.3,-0.06,13527.0,81211.0,9.07,1.21,7108716.0,13746037.368239
801143.SI,20180912,造纸,2033.75,2067.06,2016.76,2050.24,16.31,0.8,11276.0,72562.0,9.12,1.22,7165721.0,13886985.618428
801143.SI,20180913,造纸,2069.9,2089.27,2036.45,2068.59,18.35,0.89,13631.0,89245.0,9.2,1.23,7229852.0,14006984.170701
801143.SI,20180914,造纸,2067.09,2078.53,2024.05,2037.35,-31.24,-1.51,14068.0,95026.0,9.07,1.21,7120662.0,13753319.381787
801143.SI,20180917,造纸,2024.81,2029.43,1963.52,1983.95,-53.4,-2.62,16641.0,103538.0,8.82,1.18,6933813.0,13353521.072789
801143.SI,20180918,造纸,1977.56,2027.56,1960.15,2013.16,29.21,1.47,16614.0,96230.0,8.95,1.19,7035900.0,13560762.820827
801143.SI,20180919,造纸,2008.57,2066.69,1995.06,2046.0,32.84,1.63,20139.0,122915.0,9.1,1.21,7150661.0,13788840.152214
801143.SI,20180920,造纸,2043.95,2068.91,2029.43,2043.56,-2.44,-0.12,12326.0,76005.0,9.1,1.21,7142148.0,13766865.161275
801143.SI,20180921,造纸,2047.13,2088.98,2030.77,2079.46,35.9,1.76,17238.0,101475.0,9.25,1.23,7267607.0,14004335.908035
801143.SI,20180925,造纸,2066.99,2093.59,2047.73,2069.01,-10.45,-0.5,12473.0,78399.0,9.19,1.23,7231098.0,13967168.372443
801143.SI,20180926,造纸,2072.88,2105.38,2055.83,2076.83,7.81,0.38,15072.0,97658.0,9.22,1.23,7258404.0,14023340.004857
801143.SI,20180927,造纸,2078.1,2088.05,2033.7,2043.71,-33.12,-1.59,15488.0,96067.0,9.08,1.21,7142650.0,13765735.896859
801143.SI,20180928,造纸,2047.23,2081.36,2038.3,2072.66,28.95,1.42,12299.0,79060.0,9.19,1.23,7243833.0,13984756.486168
801143.SI,20181008,造纸,2044.02,2050.03,1985.02,1994.88,-77.78,-3.75,14532.0,90190.0,8.84,1.18,6971995.0,13439013.907193
801143.SI,20181009,造纸,2000.97,2027.46,1982.21,2001.64,6.77,0.34,10677.0,64989.0,8.88,1.18,6995646.0,13517219.121942
801143.SI,20181010,造纸,2011.21,2027.64,1988.84,2007.44,5.79,0.29,9500.0,58074.0,8.9,1.19,7015892.0,13577900.024434
801143.SI,20181011,造纸,1954.33,1961.71,1820.49,1840.86,-166.58,-8.3,27315.0,139393.0,8.17,1.09,6433717.0,12445221.315355
801143.SI,20181012,造纸,1816.28,1864.76,1724.71,1831.55,-9.32,-0.51,26634.0,126379.0,8.12,1.08,6401159.0,12373108.617484
801143.SI,20181015,造纸,1830.45,1847.86,1766.68,1781.5,-50.05,-2.73,16869.0,83003.0,7.9,1.05,6226061.0,12035646.784464
801143.SI,20181016,造纸,1779.13,1803.03,1723.12,1745.98,-35.52,-1.99,15277.0,76205.0,7.74,1.03,6101938.0,11832618.714437
801143.SI,20181017,造纸,1773.04,1790.71,1723.85,1760.62,14.64,0.84,15142.0,76183.0,7.81,1.04,6153109.0,11925438.152169
801143.SI,20181018,造纸,1750.28,1760.54,1700.0,1719.61,-41.01,-2.33,17277.0,82300.0,7.63,1.02,6009774.0,11614953.011907
801143.SI,20181019,造纸,1692.01,1760.24,1674.06,1746.54,26.92,1.57,17632.0,84869.0,7.75,1.04,6103869.0,11804984.529657
801143.SI,20181022,造纸,1759.78,1851.47,1752.35,1825.23,78.69,4.51,30752.0,156963.0,8.11,1.08,6378883.0,12333730.551763
801143.SI,20181023,造纸,1827.12,1841.52,1764.22,1779.51,-45.72,-2.5,22654.0,113506.0,7.92,1.05,6219110.0,12049562.748817
801143.SI,20181024,造纸,1767.03,1809.48,1752.19,1782.3,2.79,0.16,15336.0,77354.0,7.94,1.05,6228867.0,12071109.939207
801143.SI,20181025,造纸,1725.91,1772.5,1695.5,1764.87,-17.44,-0.98,18759.0,86181.0,7.86,1.04,6167929.0,11921514.133698
801143.SI,20181026,造纸,1771.66,1797.6,1749.83,1766.87,2.01,0.11,16773.0,76746.0,7.88,1.06,6174951.0,11934893.346424
801143.SI,20181029,造纸,1759.41,1775.04,1707.85,1723.36,-43.52,-2.46,17704.0,89231.0,7.68,1.03,6022177.0,11640272.497952
801143.SI,20181030,造纸,1717.29,1748.68,1683.02,1733.17,9.81,0.57,20186.0,96016.0,7.72,1.03,6055870.0,11697589.602425
801143.SI,20181031,造纸,1733.65,1769.97,1722.61,1758.21,25.04,1.44,20934.0,99729.0,7.83,1.04,6143358.0,11872395.492184
801143.SI,20181101,造纸,1764.74,1791.13,1749.71,1759.14,0.93,0.05,25398.0,122399.0,8.1,1.04,6146615.0,11893795.939809
801143.SI,20181102,造纸,1796.6,1881.21,1776.11,1861.18,102.04,5.8,49935.0,238719.0,8.58,1.11,6503153.0,12580231.020246
801143.SI,20181105,造纸,1843.88,1881.53,1828.92,1862.04,0.86,0.05,37070.0,189465.0,8.57,1.11,6506103.0,12577482.858741
801143.SI,20181106,造纸,1855.36,1884.15,1848.65,1884.08,22.05,1.18,28658.0,146155.0,8.68,1.12,6583130.0,12690001.253004
801143.SI,20181107,造纸,1885.88,1909.01,1856.47,1866.22,-17.86,-0.95,31770.0,154116.0,8.6,1.11,6520715.0,12576385.188444
801143.SI,20181108,造纸,1881.37,1903.62,1848.91,1867.63,1.41,0.08,26190.0,130658.0,8.61,1.11,6525652.0,12573057.864699
801143.SI,20181109,造纸,1860.1,1950.27,1844.74,1896.75,29.11,1.56,40045.0,196928.0,8.75,1.13,6627379.0,12708717.444591
801143.SI,20181112,造纸,1911.08,1969.02,1901.27,1957.49,60.74,3.2,36491.0,187054.0,9.04,1.17,6839477.0,13085271.336629
801143.SI,20181113,造纸,1935.99,2021.05,1925.63,1990.79,33.3,1.7,59362.0,289469.0,9.2,1.19,6955844.0,13298755.631744
801143.SI,20181114,造纸,1987.92,2029.79,1967.55,1993.21,2.41,0.12,52091.0,295457.0,9.21,1.19,6964282.0,13310971.676414
801143.SI,20181115,造纸,1987.09,2036.01,1968.16,2017.87,24.67,1.24,50447.0,316202.0,9.33,1.2,7050463.0,13504659.366995
801143.SI,20181116,造纸,2017.4,2056.88,1993.06,2030.05,12.18,0.6,53947.0,339260.0,9.38,1.21,7093033.0,13587467.383313
801143.SI,20181119,造纸,2024.91,2074.96,2002.02,2052.11,22.06,1.09,49477.0,303316.0,9.49,1.22,7170108.0,13704273.299494
801143.SI,20181120,造纸,2025.11,2037.91,1957.98,1970.98,-81.13,-3.95,44489.0,256475.0,9.12,1.18,6886637.0,13176532.714878
801143.SI,20181121,造纸,1940.69,1980.21,1914.83,1959.18,-11.81,-0.6,32808.0,203060.0,9.05,1.17,6845386.0,13102920.796217
801143.SI,20181122,造纸,1964.46,1987.22,1939.56,1960.52,1.35,0.07,26542.0,160555.0,9.05,1.17,6850097.0,13124064.372689
801143.SI,20181123,造纸,1956.08,1962.14,1858.73,1878.83,-81.69,-4.17,33494.0,180551.0,8.68,1.12,6564658.0,12546459.584596
801143.SI,20181126,造纸,1872.79,1910.95,1855.55,1881.3,2.47,0.13,23031.0,129306.0,8.7,1.12,6572310.0,12543812.293983
801143.SI,20181127,造纸,1890.72,1910.06,1860.96,1882.19,0.89,0.05,20376.0,119644.0,8.71,1.12,6579222.0,12556925.31214
801143.SI,20181128,造纸,1878.32,1908.31,1840.35,1899.09,16.9,0.9,25468.0,145466.0,8.78,1.13,6638301.0,12671978.469663
801143.SI,20181129,造纸,1906.01,1929.3,1856.3,1864.77,-34.33,-1.81,24021.0,136159.0,8.63,1.11,6518309.0,12435984.491291
801143.SI,20181130,造纸,1857.68,1890.85,1829.94,1877.49,12.73,0.68,23772.0,135865.0,8.69,1.12,6562796.0,12504326.938467
801143.SI,20181203,造纸,1926.72,1968.67,1903.55,1949.97,72.48,3.86,42761.0,242670.0,9.03,1.16,6816053.0,12997779.552242
801143.SI,20181204,造纸,1944.04,1995.19,1927.46,1982.58,32.61,1.67,40889.0,224104.0,9.19,1.18,6935093.0,13222507.448611
801143.SI,20181205,造纸,1943.48,1983.67,1924.42,1955.42,-27.15,-1.37,41282.0,236101.0,9.06,1.17,6839801.0,13041135.769161
801143.SI,20181206,造纸,1939.24,1952.57,1898.84,1908.65,-46.77,-2.39,33349.0,189711.0,8.83,1.14,6676204.0,12754297.413277
801143.SI,20181207,造纸,1916.42,1929.8,1890.39,1910.94,2.29,0.12,18917.0,105084.0,8.85,1.14,6683893.0,12761078.752552
801143.SI,20181210,造纸,1898.46,1913.56,1869.27,1887.52,-23.42,-1.23,19082.0,101400.0,8.73,1.13,6615459.0,12592828.188953
801143.SI,20181211,造纸,1889.93,1911.28,1875.71,1900.68,13.16,0.7,16001.0,85903.0,8.79,1.13,6661586.0,12678232.23324
801143.SI,20181212,造纸,1905.93,1923.73,1886.97,1900.0,-0.69,-0.04,20110.0,111700.0,8.78,1.13,6659181.0,12683398.699227
801143.SI,20181213,造纸,1905.06,1936.07,1888.64,1918.1,18.11,0.95,22016.0,119404.0,8.88,1.14,6722638.0,12797889.509734
801143.SI,20181214,造纸,1912.83,1925.74,1866.97,1876.19,-41.91,-2.19,23514.0,121501.0,8.69,1.12,6575735.0,12515059.791466
801143.SI,20181217,造纸,1867.54,1891.47,1842.17,1875.85,-0.33,-0.02,18522.0,94307.0,8.69,1.12,6574565.0,12516986.273536
801143.SI,20181218,造纸,1862.86,1879.91,1832.82,1853.19,-22.66,-1.21,17511.0,94710.0,8.58,1.11,6495144.0,12393949.863904
801143.SI,20181219,造纸,1855.86,1867.38,1823.74,1831.84,-21.36,-1.15,18113.0,102860.0,8.5,1.09,6402229.0,12237577.313006
801143.SI,20181220,造纸,1823.96,1846.27,1801.16,1827.56,-4.28,-0.23,18932.0,109594.0,8.48,1.09,6387265.0,12235945.45065
801143.SI,20181221,造纸,1819.29,1832.58,1794.85,1812.75,-14.81,-0.81,15489.0,91567.0,8.41,1.08,6335509.0,12152672.357444
801143.SI,20181224,造纸,1813.21,1842.91,1803.2,1833.27,20.53,1.13,12595.0,77465.0,8.51,1.09,6407248.0,12286556.856113
801143.SI,20181225,造纸,1816.98,1825.02,1756.45,1800.93,-32.34,-1.76,20752.0,112109.0,8.35,1.07,6294206.0,12057496.650949
801143.SI,20181226,造纸,1801.83,1835.65,1785.77,1806.77,5.85,0.32,21775.0,141645.0,8.38,1.08,6308995.0,12139084.439563
801143.SI,20181227,造纸,1830.3,1843.66,1771.44,1782.38,-24.4,-1.35,22694.0,136346.0,8.27,1.06,6223808.0,11973047.109876
801143.SI,20181228,造纸,1780.26,1801.09,1760.07,1783.81,1.43,0.08,15361.0,86746.0,8.28,1.06,6228794.0,11955086.326945
801143.SI,20190102,造纸,1787.84,1799.05,1752.43,1768.26,-15.54,-0.87,13713.0,76413.0,8.21,1.06,6174522.0,11827179.773929
801143.SI,20190103,造纸,1764.97,1788.37,1742.62,1754.14,-14.12,-0.8,16398.0,89169.0,8.16,1.05,6125200.0,11709239.238996
801143.SI,20190104,造纸,1740.19,1802.29,1729.0,1793.52,39.38,2.25,21191.0,110215.0,8.33,1.07,6262722.0,11972393.931586
801143.SI,20190107,造纸,1800.7,1823.14,1780.96,1811.9,18.38,1.02,24654.0,130588.0,8.42,1.09,6326903.0,12103351.599058
801143.SI,20190108,造纸,1805.81,1823.32,1792.1,1804.53,-7.37,-0.41,18433.0,97558.0,8.38,1.08,6299524.0,12040979.343215
801143.SI,20190109,造纸,1809.03,1855.72,1798.52,1818.03,13.5,0.75,31633.0,169172.0,8.45,1.09,6346647.0,12127821.304133
801143.SI,20190110,造纸,1816.4,1858.51,1799.88,1824.92,6.89,0.38,26967.0,143173.0,8.48,1.09,6370694.0,12201294.086053
801143.SI,20190111,造纸,1827.99,1870.68,1816.01,1853.47,28.55,1.56,29951.0,157687.0,8.61,1.11,6470335.0,12421672.455182
801143.SI,20190114,造纸,1852.33,1877.44,1825.3,1843.13,-10.33,-0.56,29330.0,153473.0,8.57,1.1,6434256.0,12323014.664734
801143.SI,20190115,造纸,1840.61,1872.54,1825.69,1858.51,15.38,0.83,29460.0,146823.0,8.64,1.11,6487932.0,12423342.274088
801143.SI,20190116,造纸,1853.19,1864.37,1829.78,1839.04,-19.46,-1.05,22234.0,112894.0,8.55,1.1,6419981.0,12284032.730904
801143.SI,20190117,造纸,1841.1,1859.92,1816.61,1830.87,-8.17,-0.44,24878.0,130265.0,8.51,1.1,6391444.0,12232589.713019
801143.SI,20190118,造纸,1833.24,1871.12,1815.59,1853.11,22.24,1.21,27277.0,136322.0,8.62,1.11,6469099.0,12382193.792779
801143.SI,20190121,造纸,1852.74,1876.8,1840.9,1855.76,2.65,0.14,22935.0,115918.0,8.63,1.11,6478347.0,12394994.623463
801143.SI,20190122,造纸,1858.55,1866.24,1817.69,1830.06,-25.7,-1.38,20642.0,104906.0,8.5,1.1,6388572.0,12253433.542144
801143.SI,20190123,造纸,1822.48,1852.88,1809.38,1835.13,5.07,0.28,22107.0,111400.0,8.51,1.1,6406254.0,12285916.1815
801143.SI,20190124,造纸,1837.71,1856.24,1815.53,1835.57,0.44,0.02,23326.0,127070.0,8.51,1.1,6407804.0,12281582.208078
801143.SI,20190125,造纸,1833.68,1865.28,1812.21,1836.8,1.23,0.07,30868.0,162663.0,8.53,1.1,6416645.0,12259391.030166
801143.SI,20190128,造纸,1847.05,1865.36,1811.95,1824.87,-11.92,-0.65,26772.0,139786.0,8.48,1.09,6374906.0,12147313.671318
801143.SI,20190129,造纸,1818.71,1834.65,1758.91,1803.15,-21.72,-1.19,20818.0,106940.0,8.37,1.08,6299036.0,12020129.16899
801143.SI,20190130,造纸,1790.58,1809.14,1763.07,1769.77,-33.38,-1.85,15635.0,82200.0,8.21,1.06,6182419.0,11828745.746414
801143.SI,20190131,造纸,1765.61,1791.89,1730.29,1753.67,-16.1,-0.91,27219.0,119222.0,8.13,1.05,6126182.0,11741544.747113
801143.SI,20190201,造纸,1759.9,1791.69,1743.75,1784.81,31.14,1.78,18736.0,89198.0,8.28,1.07,6234960.0,11961591.213602
801143.SI,20190211,造纸,1787.93,1830.31,1778.33,1823.47,38.66,2.17,23016.0,111340.0,8.44,1.09,6370012.0,12231338.055623
801143.SI,20190212,造纸,1822.21,1876.84,1815.33,1861.76,38.29,2.1,32103.0,163576.0,8.63,1.11,6503765.0,12490200.444056
801143.SI,20190213,造纸,1858.31,1903.78,1847.76,1889.47,27.71,1.49,35855.0,187744.0,8.75,1.13,6600560.0,12691011.107331
801143.SI,20190214,造纸,1885.01,1916.82,1864.78,1890.91,1.45,0.08,34514.0,185283.0,8.74,1.13,6605615.0,12703445.745298
801143.SI,20190215,造纸,1884.37,1907.87,1857.22,1873.9,-17.01,-0.9,33229.0,186265.0,8.65,1.12,6547898.0,12606384.102433
801143.SI,20190218,造纸,1882.35,1933.39,1871.58,1926.06,52.16,2.78,43001.0,241011.0,8.89,1.15,6730154.0,12963273.062461
801143.SI,20190219,造纸,1927.41,1967.68,1902.11,1929.73,3.67,0.19,45139.0,267997.0,8.91,1.15,6742979.0,12978712.848451
801143.SI,20190220,造纸,1932.14,1975.66,1908.04,1959.86,30.13,1.56,40662.0,244516.0,9.07,1.17,6848264.0,13153395.920253
801143.SI,20190221,造纸,1958.37,2002.37,1925.83,1950.73,-9.13,-0.47,51610.0,302330.0,9.04,1.16,6816367.0,13081902.943859
801143.SI,20190222,造纸,1948.77,1985.9,1916.56,1975.57,24.84,1.27,49031.0,278520.0,9.16,1.18,6903170.0,13232540.807229
801143.SI,20190225,造纸,1995.57,2080.09,1971.84,2066.19,90.62,4.59,79787.0,455891.0,9.58,1.24,7219811.0,13829917.505849
801143.SI,20190226,造纸,2069.81,2126.7,2020.87,2052.95,-13.24,-0.64,81738.0,473080.0,9.51,1.23,7173535.0,13763312.288626
801143.SI,20190227,造纸,2043.69,2100.71,2011.75,2049.7,-3.25,-0.16,65987.0,371387.0,9.5,1.22,7162192.0,13723056.912344
801143.SI,20190228,造纸,2050.0,2144.84,2030.19,2116.76,67.06,3.27,78389.0,445001.0,9.81,1.26,7396518.0,14179432.15679
801143.SI,20190301,造纸,2110.18,2130.41,2052.02,2096.68,-20.08,-0.95,62852.0,345373.0,9.71,1.25,7326365.0,14063429.535554
801143.SI,20190304,造纸,2102.2,2195.18,2087.02,2144.65,47.96,2.29,95578.0,530947.0,9.94,1.28,7493958.0,14329468.229403
801143.SI,20190305,造纸,2132.99,2204.82,2111.88,2187.11,42.46,1.98,76222.0,432144.0,10.14,1.31,7642334.0,14607392.503172
801143.SI,20190306,造纸,2189.29,2226.77,2151.63,2208.53,21.42,0.98,82311.0,477590.0,10.24,1.32,7717180.0,14726798.743102
801143.SI,20190307,造纸,2219.43,2267.86,2179.37,2229.55,21.02,0.95,84446.0,502287.0,10.34,1.33,7790627.0,14870306.911887
801143.SI,20190308,造纸,2189.36,2208.35,2082.48,2096.31,-133.23,-5.98,76140.0,443313.0,9.7,1.25,7325071.0,13989456.484532
801143.SI,20190311,造纸,2098.69,2184.72,2087.96,2171.36,75.04,3.58,54348.0,328286.0,10.04,1.29,7587294.0,14475173.284092
801143.SI,20190312,造纸,2183.09,2255.11,2164.42,2216.09,44.73,2.06,77205.0,475720.0,10.24,1.32,7743607.0,14793243.897036
801143.SI,20190313,造纸,2209.52,2246.54,2156.27,2185.03,-31.06,-1.4,63609.0,399964.0,10.11,1.3,7635065.0,14554320.30855
801143.SI,20190314,造纸,2167.98,2199.31,2098.83,2135.73,-49.3,-2.26,54051.0,303912.0,9.88,1.27,7463306.0,14223500.97808
801143.SI,20190315,造纸,2145.64,2210.51,2128.58,2176.57,40.84,1.91,51663.0,289334.0,10.09,1.3,7606524.0,14494886.048731
801143.SI,20190318,造纸,2185.96,2241.64,2148.12,2223.85,47.28,2.17,60073.0,349113.0,10.39,1.33,7771740.0,14799589.485447
801143.SI,20190319,造纸,2227.81,2261.96,2190.25,2217.22,-6.62,-0.3,55127.0,319052.0,10.05,1.3,7748594.0,14768930.974094
801143.SI,20190320,造纸,2215.52,2242.4,2171.14,2220.87,3.64,0.16,49982.0,300479.0,10.08,1.31,7761331.0,14781654.995197
801143.SI,20190321,造纸,2219.54,2282.17,2208.34,2243.05,22.19,1.0,58025.0,377686.0,10.17,1.32,7838865.0,14954718.919887
801143.SI,20190322,造纸,2242.69,2294.75,2202.43,2274.44,31.38,1.4,57687.0,382944.0,10.3,1.34,7948543.0,15150085.284277
801143.SI,20190325,造纸,2237.17,2332.9,2215.49,2265.07,-9.36,-0.41,58660.0,391291.0,10.24,1.33,7915825.0,15155945.233634
801143.SI,20190326,造纸,2270.83,2299.14,2182.96,2199.51,-65.56,-2.89,53151.0,364550.0,9.94,1.29,7686707.0,14748643.354382
801143.SI,20190327,造纸,2213.06,2266.94,2156.97,2234.11,34.59,1.57,50441.0,361823.0,10.06,1.31,7807599.0,15082548.950165
801143.SI,20190328,造纸,2228.56,2271.55,2179.35,2198.31,-35.79,-1.6,53174.0,369108.0,9.91,1.29,7682517.0,14765007.985725
801143.SI,20190329,造纸,2192.77,2265.76,2156.74,2250.89,52.57,2.39,58193.0,368308.0,10.17,1.32,7866245.0,15086162.897287
801143.SI,20190401,造纸,2271.65,2353.54,2258.73,2325.51,74.62,3.32,77063.0,487778.0,11.34,1.36,8127063.0,15581885.842882
801143.SI,20190402,造纸,2356.79,2396.72,2317.56,2348.93,23.42,1.01,69420.0,455224.0,11.48,1.38,8208899.0,15657811.752399
801143.SI,20190403,造纸,2340.96,2411.38,2308.89,2390.32,41.39,1.76,88877.0,611969.0,11.69,1.4,8353553.0,15915500.879616
801143.SI,20190404,造纸,2400.44,2495.7,2371.77,2419.18,28.86,1.21,93702.0,626514.0,11.83,1.42,8454406.0,16111797.558787
801143.SI,20190408,造纸,2457.86,2521.72,2380.64,2456.58,37.4,1.55,101794.0,704950.0,12.17,1.47,8585801.0,16263446.453294
801143.SI,20190409,造纸,2441.65,2502.22,2378.26,2455.44,-1.14,-0.05,67946.0,481439.0,12.15,1.46,8581831.0,16284522.163545
801143.SI,20190410,造纸,2435.92,2526.93,2400.18,2472.35,16.91,0.69,73497.0,509220.0,12.25,1.47,8640917.0,16430160.134113
801143.SI,20190411,造纸,2470.49,2513.28,2392.08,2429.2,-43.15,-1.75,73640.0,501308.0,12.05,1.45,8490119.0,16119773.402609
801143.SI,20190412,造纸,2411.3,2459.62,2364.02,2418.22,-10.99,-0.45,61289.0,431495.0,12.0,1.44,8451716.0,15992115.368126
801143.SI,20190415,造纸,2418.74,2446.55,2319.05,2338.08,-80.14,-3.31,84063.0,548335.0,11.64,1.38,8171630.0,15527722.87663
801143.SI,20190416,造纸,2332.19,2379.44,2289.91,2369.09,31.02,1.33,52874.0,341072.0,11.99,1.39,8280031.0,15737780.285776
801143.SI,20190417,造纸,2376.48,2419.46,2374.9,2411.87,42.78,1.81,58120.0,377309.0,12.18,1.42,8363108.0,15869531.125064
801143.SI,20190418,造纸,2416.83,2437.73,2370.96,2388.0,-23.87,-0.99,45283.0,302186.0,12.08,1.41,8344584.0,15865988.7052
801143.SI,20190419,造纸,2401.29,2440.11,2359.8,2414.28,26.28,1.1,59262.0,413361.0,12.22,1.42,8436412.0,16043011.98921
801143.SI,20190422,造纸,2420.38,2445.7,2356.86,2375.13,-39.15,-1.62,67195.0,464510.0,12.03,1.4,8299615.0,15773920.118584
801143.SI,20190423,造纸,2363.58,2392.77,2287.25,2316.54,-58.59,-2.47,61962.0,419487.0,11.75,1.37,8094875.0,15382917.080224
801143.SI,20190424,造纸,2314.94,2368.12,2276.03,2351.79,35.25,1.52,52439.0,328763.0,11.93,1.39,8218059.0,15617803.571931
801143.SI,20190425,造纸,2349.5,2378.67,2241.66,2252.5,-99.29,-4.22,59854.0,371987.0,11.42,1.33,7871086.0,15006952.427531
801143.SI,20190426,造纸,2248.4,2290.85,2215.06,2240.36,-12.14,-0.54,44626.0,274411.0,11.41,1.32,7828655.0,14967688.710502
801143.SI,20190429,造纸,2240.26,2273.66,2143.49,2181.93,-58.43,-2.61,52692.0,336160.0,12.08,1.28,7624489.0,14592021.653991
801143.SI,20190430,造纸,2165.11,2235.18,2140.38,2196.58,14.65,0.67,41676.0,307013.0,12.06,1.29,7675667.0,14716666.663564
801143.SI,20190506,造纸,2121.84,2137.62,1998.34,2021.17,-175.4,-7.99,48473.0,274405.0,12.54,1.19,7062750.0,13536696.187581
801143.SI,20190507,造纸,2027.16,2087.91,1995.6,2063.83,42.65,2.11,42424.0,283142.0,12.78,1.21,7211801.0,13863608.846477
801143.SI,20190508,造纸,2021.58,2123.02,1993.92,2084.04,20.22,0.98,45349.0,326510.0,12.89,1.22,7282442.0,14007274.200321
801143.SI,20190509,造纸,2063.62,2116.94,2025.29,2057.08,-26.97,-1.29,39430.0,281911.0,12.73,1.2,7188202.0,13789615.392037
801143.SI,20190510,造纸,2075.34,2138.48,2025.94,2119.46,62.39,3.03,47453.0,336297.0,13.12,1.24,7406207.0,14230744.958588
801143.SI,20190513,造纸,2098.06,2152.01,2066.51,2116.55,-2.92,-0.14,40051.0,283680.0,13.1,1.24,7396017.0,14162892.803095
801143.SI,20190514,造纸,2075.38,2130.25,2052.03,2086.22,-30.33,-1.43,34010.0,257891.0,12.92,1.22,7289699.0,13970515.702761
801143.SI,20190515,造纸,2099.35,2174.49,2088.46,2154.55,68.34,3.28,38251.0,278415.0,13.33,1.26,7528478.0,14480485.578245
801143.SI,20190516,造纸,2150.16,2188.39,2129.03,2158.21,3.66,0.17,36409.0,306603.0,13.35,1.26,7541271.0,14525533.479566
801143.SI,20190517,造纸,2150.68,2163.88,2051.17,2064.29,-93.92,-4.35,37018.0,273483.0,12.82,1.21,7213099.0,13880615.227318
801143.SI,20190520,造纸,2059.57,2079.1,1983.59,2043.14,-21.15,-1.02,26283.0,181232.0,12.68,1.2,7139192.0,13718683.450735
801143.SI,20190521,造纸,2041.85,2099.92,2028.96,2078.81,35.66,1.75,25206.0,182617.0,12.88,1.22,7263808.0,13971548.44108
801143.SI,20190522,造纸,2075.89,2094.13,2037.65,2062.75,-16.05,-0.77,24066.0,179915.0,12.79,1.21,7207711.0,13854486.590267
801143.SI,20190523,造纸,2047.9,2067.99,1995.12,2021.56,-41.19,-2.0,27835.0,192419.0,12.53,1.19,7063779.0,13576658.16802
801143.SI,20190524,造纸,2014.8,2042.93,1983.39,1998.52,-23.03,-1.14,19750.0,136682.0,12.39,1.17,6983290.0,13383787.248574
801143.SI,20190527,造纸,2004.5,2045.49,1977.49,2034.15,35.63,1.78,23026.0,149471.0,12.62,1.19,7122878.0,13651265.312713
801143.SI,20190528,造纸,2031.11,2063.61,2012.45,2025.35,-8.81,-0.43,23747.0,160533.0,12.57,1.19,7092038.0,13603604.748941
801143.SI,20190529,造纸,2016.22,2052.57,2004.28,2026.67,1.33,0.07,20736.0,144697.0,12.59,1.19,7096684.0,13620999.863563
801143.SI,20190530,造纸,2023.5,2036.52,1988.64,2016.73,-9.95,-0.49,19346.0,126774.0,12.53,1.19,7061859.0,13555572.747367
801143.SI,20190531,造纸,2016.69,2040.86,1997.22,2010.72,-6.01,-0.3,18156.0,123830.0,12.49,1.18,7040818.0,13544647.33128
801143.SI,20190603,造纸,2011.0,2039.68,1965.21,1988.34,-22.38,-1.11,24250.0,150332.0,12.24,1.16,6899687.0,13253475.274371
801143.SI,20190604,造纸,1983.93,1998.67,1937.01,1959.64,-28.7,-1.44,19252.0,115381.0,12.18,1.15,6861944.0,13171082.733742
801143.SI,20190605,造纸,1972.72,1990.14,1941.98,1951.59,-8.05,-0.41,21866.0,126455.0,12.14,1.15,6833765.0,13092987.911518
801143.SI,20190606,造纸,1950.73,1961.77,1890.61,1912.88,-38.71,-1.98,22774.0,128221.0,11.9,1.13,6698231.0,12827281.705051
801143.SI,20190610,造纸,1915.73,1943.06,1889.17,1916.23,3.35,0.17,20058.0,126956.0,11.93,1.13,6709948.0,12883268.638121
801143.SI,20190611,造纸,1916.49,1989.92,1904.4,1978.98,62.75,3.27,30876.0,183660.0,12.31,1.17,6929669.0,13307002.716398
801143.SI,20190612,造纸,1977.51,1996.87,1948.46,1962.12,-16.86,-0.85,23404.0,148925.0,12.2,1.15,6870648.0,13198330.990774
801143.SI,20190613,造纸,1955.84,1996.51,1939.98,1980.66,18.54,0.94,24230.0,142919.0,12.32,1.17,6935570.0,13336154.961222
801143.SI,20190614,造纸,1976.32,1994.3,1933.09,1945.01,-35.66,-1.8,24916.0,140469.0,12.1,1.15,6810712.0,13071399.516148
801143.SI,20190617,造纸,1943.11,1968.18,1916.63,1938.86,-6.14,-0.32,17626.0,106799.0,12.07,1.15,6789196.0,12999202.121945
801143.SI,20190618,造纸,1937.33,1959.44,1917.23,1942.89,4.03,0.21,15497.0,94461.0,12.08,1.15,6803303.0,13036249.600508
801143.SI,20190619,造纸,1983.16,2003.27,1956.94,1974.79,31.9,1.64,27124.0,174192.0,12.28,1.17,6914990.0,13250583.386293
801143.SI,20190620,造纸,1974.4,2024.88,1954.95,2011.58,36.79,1.86,34542.0,206802.0,12.51,1.19,7043821.0,13512573.941538
801143.SI,20190621,造纸,2017.22,2080.5,2009.06,2055.53,43.95,2.18,39893.0,246288.0,12.79,1.21,7197719.0,13789686.688002
801143.SI,20190624,造纸,2065.48,2095.25,2035.05,2065.6,10.08,0.49,28907.0,188146.0,12.83,1.22,7235043.0,13855429.199185
801143.SI,20190625,造纸,2059.35,2074.38,2004.96,2041.91,-23.7,-1.15,26309.0,166548.0,12.67,1.2,7152040.0,13672843.203752
801143.SI,20190626,造纸,2035.74,2087.13,2020.14,2064.52,22.61,1.11,27524.0,193687.0,12.82,1.22,7231252.0,13855298.258342
801143.SI,20190627,造纸,2069.73,2109.65,2051.71,2080.13,15.61,0.76,31082.0,224001.0,12.89,1.22,7285777.0,13952740.621125
801143.SI,20190628,造纸,2075.31,2088.89,2031.99,2052.3,-27.83,-1.34,27414.0,180582.0,12.69,1.21,7294839.0,14220061.429678
801143.SI,20190701,造纸,2090.6,2127.39,2069.3,2112.33,60.03,2.92,35068.0,232143.0,13.34,1.26,7665984.0,14654296.489668
801143.SI,20190702,造纸,2108.52,2136.87,2081.96,2105.45,-6.88,-0.33,30792.0,267372.0,13.25,1.25,7641011.0,14665369.479372
801143.SI,20190703,造纸,2100.99,2118.91,2064.91,2083.94,-21.5,-1.02,25069.0,248826.0,13.11,1.24,7562980.0,14517620.178191
801143.SI,20190704,造纸,2094.03,2134.9,2070.03,2098.22,14.27,0.68,31765.0,279119.0,13.18,1.24,7614785.0,14618050.02812
801143.SI,20190705,造纸,2102.54,2125.96,2077.14,2101.09,2.87,0.14,24923.0,220392.0,13.19,1.25,7625205.0,14636532.552767
801143.SI,20190708,造纸,2098.13,2109.67,2023.32,2042.84,-58.25,-2.77,32628.0,258489.0,12.81,1.21,7143323.0,13571294.822076
801143.SI,20190709,造纸,2040.08,2074.32,2021.78,2060.63,17.79,0.87,24409.0,217538.0,12.92,1.22,7205545.0,13685349.649452
801143.SI,20190710,造纸,2063.79,2087.78,2027.26,2041.77,-18.86,-0.92,27206.0,235645.0,12.82,1.21,7139608.0,13549166.387
801143.SI,20190711,造纸,2051.81,2083.66,2028.08,2045.78,4.01,0.2,22497.0,196561.0,12.87,1.22,7153627.0,13549776.090181
801143.SI,20190712,造纸,2047.46,2069.81,2025.93,2048.18,2.39,0.12,21383.0,181287.0,12.89,1.22,7161997.0,13551145.701478
801143.SI,20190715,造纸,2045.51,2070.95,1996.19,2057.52,9.34,0.46,24561.0,183005.0,12.94,1.22,7194664.0,13626105.799906
801143.SI,20190716,造纸,2052.1,2089.76,2039.39,2066.36,8.84,0.43,23267.0,195949.0,13.0,1.23,7225574.0,13680344.954296
801143.SI,20190717,造纸,2060.99,2082.75,2040.93,2054.68,-11.68,-0.57,21155.0,169018.0,12.94,1.22,7184745.0,13577614.665235
801143.SI,20190718,造纸,2039.74,2055.05,2002.72,2021.46,-33.23,-1.62,23241.0,171578.0,12.75,1.2,7068558.0,13328382.817189
801143.SI,20190719,造纸,2022.91,2065.42,2011.96,2041.24,19.79,0.98,19687.0,144509.0,12.88,1.22,7137749.0,13464400.252857
801143.SI,20190722,造纸,2043.72,2066.78,1979.77,2007.0,-34.24,-1.68,22506.0,159647.0,12.68,1.2,7018024.0,13230578.615169
801143.SI,20190723,造纸,2004.15,2026.1,1982.56,2008.33,1.33,0.07,14511.0,107427.0,12.69,1.2,7022664.0,13239701.95478
801143.SI,20190724,造纸,2012.08,2050.91,2003.45,2033.45,25.12,1.25,18929.0,128135.0,12.85,1.21,7110514.0,13410083.454936
801143.SI,20190725,造纸,2033.61,2073.76,2018.95,2055.98,22.53,1.11,23457.0,150018.0,13.0,1.23,7189280.0,13549395.656209
801143.SI,20190726,造纸,2046.7,2075.57,2033.57,2063.79,7.81,0.38,19911.0,149396.0,13.04,1.23,7216576.0,13598405.38186
801143.SI,20190729,造纸,2059.09,2084.52,2038.08,2064.46,0.67,0.03,18083.0,129092.0,13.05,1.23,7218920.0,13606026.026172
801143.SI,20190730,造纸,2058.71,2092.68,2048.2,2062.83,-1.62,-0.08,17318.0,124177.0,13.05,1.23,7213251.0,13588448.202152
801143.SI,20190731,造纸,2063.9,2079.33,2033.71,2059.09,-3.75,-0.18,21746.0,134907.0,13.04,1.23,7200151.0,13553999.033556
801143.SI,20190801,造纸,2054.84,2073.03,2029.13,2049.54,-9.54,-0.46,16094.0,115207.0,12.97,1.23,7166780.0,13507880.942951
801143.SI,20190802,造纸,2020.45,2048.5,1989.54,2020.25,-29.3,-1.43,33131.0,176577.0,12.73,1.21,7011632.0,13320673.901503
801143.SI,20190805,造纸,2014.47,2042.2,1973.0,1996.7,-23.55,-1.17,26129.0,149080.0,12.58,1.2,6929881.0,13170907.426935
801143.SI,20190806,造纸,1960.83,1991.5,1889.6,1952.81,-43.89,-2.2,35051.0,215851.0,12.29,1.17,6777556.0,12910835.625384
801143.SI,20190807,造纸,1956.28,1985.35,1933.17,1957.9,5.1,0.26,20342.0,139724.0,12.33,1.17,6795244.0,12931080.015962
801143.SI,20190808,造纸,1959.71,1983.2,1940.51,1959.98,2.08,0.11,17777.0,111812.0,12.35,1.17,6802449.0,12949728.12336
801143.SI,20190809,造纸,1959.47,1980.67,1914.3,1937.75,-22.23,-1.13,18515.0,117314.0,12.22,1.21,6725309.0,12792559.95193
801143.SI,20190812,造纸,1939.78,1975.07,1919.59,1962.1,24.35,1.26,17105.0,105570.0,12.36,1.22,6809806.0,12960868.97496
801143.SI,20190813,造纸,1948.47,1973.94,1917.43,1949.43,-12.67,-0.65,17182.0,102894.0,12.28,1.21,6765840.0,12887134.471131
801143.SI,20190814,造纸,1969.86,1984.56,1938.62,1947.14,-2.29,-0.12,16075.0,103431.0,12.26,1.21,6757892.0,12878664.061269
801143.SI,20190815,造纸,1907.22,1954.36,1887.08,1944.74,-2.4,-0.12,17698.0,100989.0,12.25,1.21,6749568.0,12859980.422183
801143.SI,20190816,造纸,1941.75,1969.72,1927.97,1947.03,2.29,0.12,15955.0,98765.0,12.27,1.17,6757506.0,12857544.965763
801143.SI,20190819,造纸,1953.36,2002.07,1942.16,1991.28,44.25,2.27,23478.0,146653.0,12.55,1.2,6910305.0,13138894.455659
801143.SI,20190820,造纸,1995.56,2022.6,1966.07,1986.77,-4.51,-0.23,24032.0,169251.0,12.52,1.19,6894643.0,13109938.146746
801143.SI,20190821,造纸,1990.38,2028.79,1976.32,2006.57,19.8,1.0,23218.0,153061.0,12.64,1.2,6963262.0,13252265.997485
801143.SI,20190822,造纸,2016.23,2037.87,1993.63,2022.42,15.85,0.79,21923.0,143510.0,12.75,1.21,7017552.0,13366115.86514
801143.SI,20190823,造纸,2026.39,2045.51,2000.74,2020.92,-1.5,-0.07,29164.0,152683.0,12.75,1.22,7012340.0,13348898.794671
801143.SI,20190826,造纸,1976.67,2019.02,1960.72,1997.82,-23.1,-1.14,29834.0,152030.0,12.59,1.2,6932198.0,13230526.099854
801143.SI,20190827,造纸,2005.42,2049.95,1981.58,2017.4,19.58,0.98,30614.0,177877.0,12.7,1.21,7000134.0,13410268.986968
801143.SI,20190828,造纸,2010.84,2043.19,1978.18,2015.85,-1.55,-0.08,29353.0,195397.0,12.69,1.2,6994752.0,13362642.187772
801143.SI,20190829,造纸,2022.64,2049.92,1991.14,2009.39,-6.46,-0.32,24555.0,151586.0,12.65,1.2,6972343.0,13320730.440817
801143.SI,20190830,造纸,2018.84,2033.35,1956.42,1971.21,-38.18,-1.9,27900.0,153868.0,12.4,1.17,6839863.0,13076513.584776
801143.SI,20190902,造纸,1973.17,2020.85,1956.99,2007.31,36.1,1.83,25049.0,148914.0,15.57,1.19,6965136.0,13297678.256567
801143.SI,20190903,造纸,2007.06,2026.81,1984.66,2010.21,2.9,0.14,21074.0,133800.0,15.59,1.19,6975198.0,13311802.280363
801143.SI,20190904,造纸,2003.32,2029.64,1986.5,2016.36,6.15,0.31,25013.0,155281.0,15.63,1.19,6996537.0,13349899.609062
801143.SI,20190905,造纸,2024.07,2063.43,2013.35,2031.06,14.7,0.73,34858.0,207796.0,15.75,1.2,7047126.0,13427804.37604
801143.SI,20190906,造纸,2036.82,2059.68,2013.22,2037.69,6.63,0.33,26515.0,170935.0,15.8,1.2,7070005.0,13462940.469374
801143.SI,20190909,造纸,2050.36,2085.81,2031.73,2069.72,32.04,1.57,29276.0,193283.0,16.05,1.22,7181154.0,13673608.402962
801143.SI,20190910,造纸,2071.54,2125.26,2051.49,2112.76,43.03,2.08,34007.0,224681.0,16.39,1.25,7330457.0,13969247.502102
801143.SI,20190911,造纸,2127.31,2202.57,2092.14,2121.8,9.05,0.43,55220.0,355187.0,16.45,1.25,7361843.0,14036375.941516
801143.SI,20190912,造纸,2121.61,2151.21,2085.56,2128.44,6.64,0.31,33877.0,230589.0,16.51,1.26,7384874.0,14058613.655838
801143.SI,20190916,造纸,2128.79,2152.02,2093.56,2116.38,-12.06,-0.57,30039.0,209144.0,16.41,1.25,7343023.0,13971853.279457
801143.SI,20190917,造纸,2111.07,2118.84,2042.93,2061.14,-55.24,-2.61,28756.0,186158.0,15.98,1.22,7151356.0,13615083.427891
801143.SI,20190918,造纸,2065.46,2084.48,2037.74,2053.08,-8.05,-0.39,19995.0,151485.0,15.91,1.21,7123414.0,13569175.083818
801143.SI,20190919,造纸,2058.04,2094.85,2039.28,2076.05,22.97,1.12,20382.0,148198.0,16.09,1.22,7203108.0,13719933.274878
801143.SI,20190920,造纸,2074.81,2086.48,2045.53,2057.84,-18.21,-0.88,17880.0,134165.0,15.93,1.21,7139915.0,13617221.701185
801143.SI,20190923,造纸,2053.91,2072.67,2012.13,2041.53,-16.31,-0.79,23701.0,185433.0,15.8,1.2,7083328.0,13520852.321102
801143.SI,20190924,造纸,2046.36,2067.4,2016.54,2029.17,-12.36,-0.61,22430.0,183454.0,15.72,1.2,7040051.0,13410909.487036
801143.SI,20190925,造纸,2024.14,2048.96,1986.56,2009.15,-20.02,-0.99,25515.0,186085.0,15.56,1.18,6950131.0,13250688.428528
801143.SI,20190926,造纸,2009.99,2020.14,1944.42,1967.69,-41.47,-2.06,25598.0,182436.0,15.23,1.16,6806693.0,13001012.3016
801143.SI,20190927,造纸,1966.52,2005.5,1946.2,1977.66,9.97,0.51,18359.0,132720.0,15.31,1.16,6841192.0,13055005.282796
801143.SI,20190930,造纸,1967.69,1998.28,1938.22,1965.44,-12.22,-0.62,15610.0,109953.0,15.22,1.16,6798857.0,12987425.681326
801143.SI,20191008,造纸,1966.71,1999.58,1938.18,1971.8,6.37,0.32,18494.0,118118.0,15.28,1.16,6829882.0,13038836.892424
801143.SI,20191009,造纸,1970.77,2000.53,1953.91,1990.13,18.33,0.93,19113.0,105097.0,15.43,1.17,6893368.0,13159403.190646
801143.SI,20191010,造纸,1994.04,2035.34,1972.63,2013.13,23.0,1.16,22840.0,126901.0,15.61,1.2,6973026.0,13294495.994679
801143.SI,20191011,造纸,2015.44,2049.17,1986.67,2026.69,13.55,0.67,27941.0,171311.0,15.72,1.21,7019975.0,13353516.418004
801143.SI,20191014,造纸,2041.44,2076.22,2022.49,2047.95,21.26,1.05,34387.0,216221.0,15.88,1.22,7093624.0,13486343.338246
801143.SI,20191015,造纸,2044.71,2060.9,2009.04,2027.8,-20.15,-0.98,26032.0,167993.0,15.73,1.21,7023842.0,13342018.327577
801143.SI,20191016,造纸,2034.72,2051.97,1997.59,2015.14,-12.67,-0.62,21825.0,149305.0,15.62,1.2,6979971.0,13262268.537839
801143.SI,20191017,造纸,2011.57,2061.53,1997.71,2040.46,25.32,1.26,22335.0,167723.0,15.82,1.21,7067687.0,13463852.989169
801143.SI,20191018,造纸,2042.52,2064.28,2001.88,2017.47,-22.99,-1.13,21942.0,155656.0,15.59,1.2,6959621.0,13302681.441994
801143.SI,20191021,造纸,2016.5,2034.89,1977.11,2006.18,-11.29,-0.56,20844.0,141817.0,15.51,1.19,6920677.0,13204893.021391
801143.SI,20191022,造纸,2009.7,2067.28,1996.61,2055.27,49.1,2.45,24473.0,187785.0,15.9,1.23,7090044.0,13529764.229732
801143.SI,20191023,造纸,2053.42,2067.61,2025.86,2041.88,-13.39,-0.65,18737.0,135154.0,15.8,1.22,7043847.0,13444335.133352
801143.SI,20191024,造纸,2035.37,2055.6,2000.34,2024.93,-16.95,-0.83,22074.0,177000.0,15.67,1.21,6985369.0,13319917.385972
801143.SI,20191025,造纸,2019.37,2055.2,2000.04,2039.13,14.2,0.7,20687.0,127918.0,15.78,1.21,7034371.0,13409899.107312
801143.SI,20191028,造纸,2057.4,2087.81,2031.99,2066.85,27.71,1.36,34430.0,191337.0,16.0,1.23,7129978.0,13551694.801983
801143.SI,20191029,造纸,2073.14,2095.31,2045.62,2066.56,-0.29,-0.01,24217.0,142544.0,16.0,1.22,7128968.0,13560783.805822
801143.SI,20191030,造纸,2053.39,2083.71,2017.18,2042.04,-24.52,-1.19,34583.0,279011.0,15.82,1.2,7044386.0,13380606.959792
801143.SI,20191031,造纸,2036.39,2062.07,2002.23,2016.14,-25.9,-1.27,29086.0,220892.0,15.62,1.18,6955036.0,13233354.690177
801143.SI,20191101,造纸,2011.12,2054.01,1992.11,2039.53,23.39,1.16,28406.0,202991.0,16.76,1.19,7044597.0,13378542.341892
801143.SI,20191104,造纸,2044.09,2104.6,2029.69,2066.74,27.21,1.33,38772.0,268390.0,17.0,1.21,7143348.0,13557530.784728
801143.SI,20191105,造纸,2066.37,2108.1,2045.47,2086.74,20.0,0.97,38591.0,273013.0,17.17,1.22,7212465.0,13655369.990784
801143.SI,20191106,造纸,2089.26,2120.94,2050.21,2076.09,-10.65,-0.51,34705.0,260795.0,17.08,1.21,7175663.0,13593555.980498
801143.SI,20191107,造纸,2065.83,2112.38,2049.69,2082.37,6.28,0.3,34587.0,294660.0,17.13,1.22,7197370.0,13616660.120671
801143.SI,20191108,造纸,2094.9,2120.53,2063.58,2081.61,-0.76,-0.04,30670.0,261450.0,17.13,1.22,7194741.0,13638321.807567
801143.SI,20191111,造纸,2063.36,2102.7,2021.54,2058.77,-22.84,-1.1,31355.0,233305.0,16.94,1.2,7115801.0,13491394.830781
801143.SI,20191112,造纸,2055.89,2104.3,2033.14,2090.09,31.32,1.52,34851.0,258295.0,17.2,1.22,7224040.0,13674512.336559
801143.SI,20191113,造纸,2082.77,2111.95,2040.6,2077.62,-12.48,-0.6,33309.0,241015.0,17.09,1.21,7180921.0,13586070.867792
801143.SI,20191114,造纸,2074.0,2105.2,2050.53,2079.41,1.8,0.09,28303.0,215858.0,17.11,1.22,7187128.0,13594712.273105
801143.SI,20191115,造纸,2075.71,2085.62,2016.86,2032.87,-46.54,-2.24,28148.0,217969.0,16.73,1.19,7026280.0,13316149.700104
801143.SI,20191118,造纸,2025.79,2068.91,2004.47,2056.67,23.8,1.17,21183.0,161464.0,16.92,1.2,7108535.0,13484072.657818
801143.SI,20191119,造纸,2051.84,2102.41,2038.05,2086.7,30.03,1.46,24036.0,196236.0,17.17,1.22,7219950.0,13694304.045982
801143.SI,20191120,造纸,2088.17,2126.4,2065.07,2085.21,-1.5,-0.07,26308.0,185946.0,17.17,1.22,7214770.0,13681421.658722
801143.SI,20191121,造纸,2080.97,2137.18,2064.54,2108.42,23.21,1.11,31228.0,200530.0,17.28,1.23,7262839.0,13812859.83434
801143.SI,20191122,造纸,2112.37,2135.65,2056.53,2076.85,-31.57,-1.5,28198.0,196484.0,17.01,1.21,7154096.0,13604315.131958
801143.SI,20191125,造纸,2066.22,2108.52,2039.13,2088.91,12.06,0.58,25006.0,146542.0,17.15,1.22,7209518.0,13666320.43074
801143.SI,20191126,造纸,2077.03,2099.68,2037.36,2052.13,-36.79,-1.76,28069.0,185567.0,16.84,1.2,7082557.0,13455577.82391
801143.SI,20191127,造纸,2054.72,2089.51,2032.23,2064.66,12.53,0.61,24092.0,156631.0,16.96,1.21,7125802.0,13525845.299675
801143.SI,20191128,造纸,2058.1,2089.92,2033.14,2053.51,-11.15,-0.54,19731.0,131632.0,16.87,1.2,7087333.0,13451914.723879
801143.SI,20191129,造纸,2049.69,2066.46,2006.69,2031.05,-22.46,-1.09,19993.0,131683.0,16.66,1.19,7029906.0,13294041.929113
801143.SI,20191202,造纸,2030.42,2048.97,1997.03,2014.06,-16.98,-0.84,19543.0,117905.0,16.51,1.18,6971123.0,13191831.47735
801143.SI,20191203,造纸,2008.48,2033.35,1987.25,2022.28,8.22,0.41,19547.0,116426.0,16.58,1.18,6999567.0,13229616.569768
801143.SI,20191204,造纸,2014.75,2035.51,1988.71,2014.18,-8.1,-0.4,19595.0,128229.0,16.51,1.18,6971542.0,13171423.354878
801143.SI,20191205,造纸,2014.23,2044.66,2005.43,2033.21,19.03,0.94,22340.0,148179.0,16.67,1.19,7037408.0,13303909.226561
801143.SI,20191206,造纸,2031.02,2060.38,2004.48,2049.18,15.96,0.79,23543.0,163311.0,16.81,1.2,7092664.0,13402602.740119
801143.SI,20191209,造纸,2051.32,2084.03,2029.09,2062.96,13.78,0.67,26271.0,177739.0,16.92,1.21,7140365.0,13486584.892242
801143.SI,20191210,造纸,2059.25,2075.79,2040.29,2061.76,-1.2,-0.06,20432.0,136970.0,16.91,1.21,7136205.0,13485300.194925
801143.SI,20191211,造纸,2061.13,2089.51,2039.08,2057.8,-3.95,-0.19,25469.0,176329.0,16.88,1.21,7122516.0,13456614.801139
801143.SI,20191212,造纸,2056.28,2074.18,2033.27,2047.73,-10.07,-0.49,22160.0,144706.0,16.8,1.2,7087647.0,13390060.74605
801143.SI,20191213,造纸,2061.99,2090.73,2044.9,2076.44,28.71,1.4,33055.0,190077.0,17.04,1.22,7187031.0,13570007.117279
801143.SI,20191216,造纸,2081.68,2105.3,2058.95,2086.81,10.37,0.5,33177.0,210022.0,17.12,1.22,7222921.0,13632442.732678
801143.SI,20191217,造纸,2090.54,2132.98,2068.97,2116.5,29.69,1.42,46966.0,280600.0,17.36,1.24,7325698.0,13812528.816135
801143.SI,20191218,造纸,2114.31,2154.23,2094.4,2123.22,6.72,0.32,44079.0,241522.0,17.42,1.24,7348945.0,13840524.615354
801143.SI,20191219,造纸,2121.89,2160.13,2105.52,2132.5,9.28,0.44,32861.0,198119.0,17.49,1.25,7381073.0,13893575.188533
801143.SI,20191220,造纸,2135.68,2150.68,2095.72,2100.06,-32.45,-1.52,28479.0,176247.0,17.22,1.23,7268765.0,13707616.441943
801143.SI,20191223,造纸,2098.32,2128.38,2058.17,2069.99,-30.07,-1.43,28705.0,170332.0,16.98,1.21,7164694.0,13499852.856905
801143.SI,20191224,造纸,2080.05,2128.11,2066.42,2114.24,44.25,2.14,28605.0,167560.0,17.36,1.24,7325678.0,13772602.288482
801143.SI,20191225,造纸,2118.48,2142.25,2096.89,2128.11,13.87,0.66,24694.0,155556.0,17.48,1.25,7373731.0,13852218.932634
801143.SI,20191226,造纸,2126.52,2151.98,2104.32,2134.11,6.0,0.28,26302.0,162681.0,17.52,1.25,7394536.0,13904071.038055
801143.SI,20191227,造纸,2133.67,2158.65,2102.37,2113.12,-20.99,-0.98,31531.0,186760.0,17.34,1.24,7321803.0,13799616.195428
801143.SI,20191230,造纸,2108.44,2213.69,2081.04,2196.69,83.57,3.95,55463.0,299770.0,18.04,1.29,7616079.0,14313892.405571
801143.SI,20191231,造纸,2177.07,2209.43,2145.88,2187.55,-9.14,-0.42,30522.0,185268.0,17.97,1.28,7584388.0,14257354.03578
801143.SI,20200102,造纸,2228.74,2305.78,2212.88,2261.55,74.0,3.38,57479.0,360433.0,18.59,1.33,7840943.0,14742324.761366
801143.SI,20200103,造纸,2270.86,2295.06,2216.14,2241.82,-19.73,-0.87,53004.0,329004.0,18.43,1.32,7772523.0,14606366.750396
801143.SI,20200106,造纸,2230.78,2267.66,2202.46,2230.66,-11.15,-0.5,50747.0,318747.0,18.34,1.32,7733848.0,14534730.575146
801143.SI,20200107,造纸,2229.43,2263.36,2210.56,2248.0,17.34,0.78,46004.0,297053.0,18.48,1.33,7793957.0,14645720.651451
801143.SI,20200108,造纸,2238.86,2248.78,2173.75,2185.92,-62.08,-2.76,47796.0,275437.0,17.96,1.29,7578728.0,14263312.961402
801143.SI,20200109,造纸,2204.34,2247.09,2192.54,2234.71,48.79,2.23,37104.0,239641.0,18.36,1.32,7747889.0,14586307.245391
801143.SI,20200110,造纸,2250.12,2280.11,2210.68,2249.43,14.72,0.66,46440.0,332206.0,18.48,1.33,7798934.0,14663651.253543
801143.SI,20200113,造纸,2254.8,2287.23,2218.46,2272.61,23.18,1.03,40437.0,317812.0,18.68,1.34,7879290.0,14793565.876372
801143.SI,20200114,造纸,2284.68,2325.59,2258.82,2290.18,17.57,0.77,39642.0,286495.0,18.83,1.35,7940198.0,14883736.557892
801143.SI,20200115,造纸,2292.82,2389.86,2265.68,2343.39,53.21,2.32,79694.0,587280.0,19.26,1.38,8124685.0,15227494.749399
801143.SI,20200116,造纸,2324.9,2354.94,2263.83,2288.64,-54.75,-2.34,58341.0,427327.0,18.81,1.35,7934858.0,14886661.574576
801143.SI,20200117,造纸,2287.88,2311.67,2244.27,2260.46,-28.17,-1.23,40533.0,306335.0,18.58,1.33,7837181.0,14732150.213624
801143.SI,20200120,造纸,2288.31,2332.28,2259.06,2297.69,37.23,1.65,43503.0,315832.0,18.88,1.36,7966254.0,14968147.637828
801143.SI,20200121,造纸,2289.2,2304.36,2232.1,2253.31,-44.39,-1.93,37305.0,271783.0,18.52,1.33,7812362.0,14679052.807
801143.SI,20200122,造纸,2236.95,2263.13,2182.31,2238.66,-14.65,-0.65,31916.0,218139.0,18.4,1.32,7761579.0,14590162.791132
801143.SI,20200123,造纸,2222.18,2232.98,2111.89,2142.24,-96.42,-4.31,37616.0,261586.0,17.6,1.26,7427282.0,13978622.864838
801143.SI,20200203,造纸,1929.26,1969.29,1929.23,1942.24,-200.0,-9.34,19584.0,118049.0,15.97,1.14,6758333.0,12785365.504019
801143.SI,20200204,造纸,1841.91,1977.21,1834.95,1949.33,7.08,0.36,59799.0,322202.0,16.02,1.15,6782985.0,12911880.597349
801143.SI,20200205,造纸,1944.81,2030.45,1932.93,1996.3,46.97,2.41,46339.0,284144.0,16.39,1.17,6935434.0,13209799.23655
801143.SI,20200206,造纸,2005.41,2074.2,1977.54,2053.67,57.37,2.87,44841.0,298115.0,16.87,1.21,7134744.0,13604246.031659
801143.SI,20200207,造纸,2057.2,2096.59,2008.64,2070.31,16.64,0.81,45543.0,297012.0,16.93,1.21,7161897.0,13689658.748533
801143.SI,20200210,造纸,2092.29,2152.8,2050.41,2108.22,37.91,1.83,49368.0,368131.0,17.25,1.24,7293044.0,13904257.913829
801143.SI,20200211,造纸,2112.39,2146.13,2066.62,2094.39,-13.84,-0.66,38186.0,262048.0,17.15,1.23,7245183.0,13777415.85893
801143.SI,20200212,造纸,2088.78,2123.2,2071.38,2110.15,15.76,0.75,36372.0,255427.0,17.27,1.24,7299706.0,13895978.352496
801143.SI,20200213,造纸,2113.8,2140.89,2068.63,2088.31,-21.84,-1.04,40275.0,296760.0,17.1,1.23,7224151.0,13742594.856073
801143.SI,20200214,造纸,2077.47,2101.68,2057.33,2080.06,-8.25,-0.39,31255.0,226802.0,17.03,1.22,7195629.0,13683341.179926
801143.SI,20200217,造纸,2079.98,2159.15,2071.86,2146.66,66.6,3.2,43776.0,275054.0,17.58,1.26,7426022.0,14107781.011617
801143.SI,20200218,造纸,2145.69,2191.41,2118.79,2165.65,18.99,0.88,43980.0,317251.0,17.73,1.27,7491717.0,14236845.533697
801143.SI,20200219,造纸,2159.43,2203.68,2131.68,2164.53,-1.12,-0.05,44770.0,285247.0,17.73,1.27,7487830.0,14210893.243323
801143.SI,20200220,造纸,2176.94,2224.68,2146.35,2207.69,43.16,1.99,53433.0,326724.0,18.09,1.3,7637140.0,14462044.274135
801143.SI,20200221,造纸,2199.42,2246.91,2178.06,2212.38,4.69,0.21,55819.0,385987.0,18.13,1.3,7653376.0,14497660.023902
801143.SI,20200224,造纸,2212.58,2248.43,2170.08,2222.21,9.83,0.44,59253.0,410045.0,18.19,1.31,7687387.0,14586957.337687
801143.SI,20200225,造纸,2174.91,2226.67,2124.38,2199.4,-22.81,-1.03,64191.0,449860.0,18.0,1.29,7608480.0,14449201.590959
801143.SI,20200226,造纸,2172.76,2246.88,2136.92,2199.98,0.58,0.03,58789.0,360736.0,18.02,1.29,7610478.0,14410997.966568
801143.SI,20200227,造纸,2215.76,2286.26,2183.22,2259.19,59.21,2.69,69581.0,401833.0,18.52,1.33,7815299.0,14762492.353507
801143.SI,20200228,造纸,2195.23,2268.7,2142.27,2158.28,-100.91,-4.47,69012.0,399173.0,17.7,1.27,7466220.0,14125035.73334
801143.SI,20200302,造纸,2185.21,2295.86,2170.54,2272.31,114.03,5.28,60399.0,356163.0,18.64,1.34,7860694.0,14860964.725952
801143.SI,20200303,造纸,2304.22,2342.5,2243.1,2274.79,2.47,0.11,67013.0,404557.0,18.66,1.34,7869254.0,14880030.289599
801143.SI,20200304,造纸,2261.45,2349.83,2237.84,2327.87,53.09,2.33,56847.0,360795.0,19.1,1.37,8052898.0,15231415.341643
801143.SI,20200305,造纸,2347.47,2443.96,2309.41,2383.64,55.77,2.4,83497.0,490885.0,19.56,1.4,8245828.0,15581864.172644
801143.SI,20200306,造纸,2358.74,2449.09,2331.4,2400.9,17.26,0.72,80403.0,451214.0,19.67,1.41,8305532.0,15761655.023249
801143.SI,20200309,造纸,2384.42,2436.51,2292.65,2323.95,-76.95,-3.21,79724.0,487001.0,18.93,1.37,8039330.0,15298765.582181
801143.SI,20200310,造纸,2277.02,2391.88,2220.31,2368.6,44.65,1.92,79392.0,432171.0,19.31,1.39,8193793.0,15557134.221986
801143.SI,20200311,造纸,2359.27,2408.88,2296.65,2316.82,-51.78,-2.19,59330.0,331318.0,18.33,1.36,8014661.0,15279318.481872
801143.SI,20200312,造纸,2282.89,2324.32,2228.05,2252.74,-64.08,-2.77,48089.0,283137.0,17.81,1.32,7792970.0,14845429.068018
801143.SI,20200313,造纸,2133.77,2303.79,2108.65,2260.92,8.18,0.36,62265.0,328247.0,17.9,1.33,7821278.0,14846797.55389
801143.SI,20200316,造纸,2288.54,2339.29,2180.68,2200.08,-60.84,-2.69,76141.0,402168.0,17.43,1.29,7610820.0,14416612.922153
801143.SI,20200317,造纸,2210.77,2249.18,2102.38,2159.76,-40.32,-1.83,56472.0,288795.0,17.1,1.27,7471325.0,14180521.998543
801143.SI,20200318,造纸,2181.03,2213.21,2116.25,2122.32,-37.43,-1.73,40875.0,220764.0,16.81,1.25,7345158.0,13923794.279159
801143.SI,20200319,造纸,2110.82,2151.44,2063.96,2119.28,-3.04,-0.14,40438.0,219727.0,16.79,1.24,7334631.0,13884419.289848
801143.SI,20200320,造纸,2148.45,2177.55,2101.86,2163.3,44.01,2.08,29147.0,179641.0,17.15,1.27,7486953.0,14197313.06035
801143.SI,20200323,造纸,2107.2,2149.66,2069.13,2095.32,-67.98,-3.14,30258.0,182555.0,16.62,1.23,7251695.0,13747803.252722
801143.SI,20200324,造纸,2127.44,2159.63,2088.91,2145.52,50.2,2.4,29955.0,182505.0,17.03,1.26,7434424.0,14080430.328016
801143.SI,20200325,造纸,2183.17,2202.52,2137.19,2176.36,30.84,1.44,35026.0,214757.0,17.28,1.28,7541285.0,14282103.066899
801143.SI,20200326,造纸,2164.81,2201.6,2128.87,2156.25,-20.11,-0.92,29896.0,175062.0,17.12,1.27,7471604.0,14152792.166868
801143.SI,20200327,造纸,2177.06,2203.13,2145.63,2157.66,1.42,0.07,26051.0,159174.0,17.13,1.27,7476508.0,14168898.083971
801143.SI,20200330,造纸,2137.12,2159.68,2087.23,2127.76,-29.9,-1.39,28700.0,162987.0,16.01,1.25,7372896.0,13976769.461643
801143.SI,20200331,造纸,2137.49,2176.89,2095.8,2131.14,3.38,0.16,30256.0,178713.0,16.02,1.25,7384620.0,14016994.990575
801143.SI,20200401,造纸,2125.88,2150.46,2087.2,2107.66,-23.48,-1.1,26231.0,160721.0,15.84,1.23,7303244.0,13867155.216019
801143.SI,20200402,造纸,2093.17,2143.28,2065.0,2132.96,25.3,1.2,28117.0,159223.0,16.03,1.25,7390915.0,14032183.011932
801143.SI,20200403,造纸,2129.99,2157.91,2091.17,2116.59,-16.37,-0.77,27239.0,165505.0,15.72,1.24,7334953.0,13929554.352167
801143.SI,20200407,造纸,2146.17,2187.99,2128.06,2168.38,51.79,2.45,38784.0,238465.0,16.1,1.27,7515108.0,14287932.650536
801143.SI,20200408,造纸,2156.29,2189.12,2133.24,2166.86,-1.52,-0.07,30945.0,194805.0,16.08,1.26,7509839.0,14294494.610527
801143.SI,20200409,造纸,2173.51,2247.13,2156.48,2213.62,46.76,2.16,46895.0,259282.0,16.41,1.29,7671916.0,14597268.623823
801143.SI,20200410,造纸,2211.37,2231.86,2160.5,2174.21,-39.42,-1.78,37257.0,211753.0,16.11,1.27,7535299.0,14352699.053051
801143.SI,20200413,造纸,2166.22,2201.76,2130.25,2173.66,-0.55,-0.03,28087.0,168606.0,16.11,1.27,7533398.0,14364682.577104
801143.SI,20200414,造纸,2188.06,2219.42,2156.86,2195.78,22.12,1.02,27571.0,175477.0,16.2,1.28,7610074.0,14515459.854539
801143.SI,20200415,造纸,2197.63,2225.78,2161.5,2174.22,-21.56,-0.98,30265.0,195898.0,16.04,1.27,7534992.0,14391325.041407
801143.SI,20200416,造纸,2163.83,2212.2,2148.42,2200.17,25.96,1.19,27140.0,183481.0,16.24,1.28,7624943.0,14537208.758535
801143.SI,20200417,造纸,2201.18,2231.2,2169.59,2187.32,-12.86,-0.58,29612.0,204351.0,16.15,1.28,7580391.0,14445732.706915
801143.SI,20200420,造纸,2186.63,2212.89,2125.33,2172.57,-14.75,-0.67,34878.0,234669.0,16.03,1.27,7529284.0,14359916.453934
801143.SI,20200421,造纸,2164.99,2188.6,2115.22,2138.37,-34.2,-1.57,31947.0,204006.0,15.32,1.24,7410757.0,14134999.775635
801143.SI,20200422,造纸,2124.1,2165.19,2106.53,2155.2,16.83,0.79,30482.0,192674.0,15.45,1.25,7469093.0,14246838.814659
801143.SI,20200423,造纸,2156.02,2189.66,2121.61,2150.26,-4.95,-0.23,34058.0,246920.0,15.41,1.24,7451950.0,14207374.861574
801143.SI,20200424,造纸,2146.6,2169.77,2095.42,2124.98,-25.27,-1.18,30362.0,190173.0,15.21,1.23,7364357.0,14018411.035642
801143.SI,20200427,造纸,2123.32,2152.8,2090.13,2118.15,-6.84,-0.32,27777.0,171644.0,14.89,1.22,7340664.0,13994631.677407
801143.SI,20200428,造纸,2118.63,2140.89,2033.17,2095.57,-22.57,-1.07,38368.0,214976.0,14.53,1.21,7262441.0,13841043.260616
801143.SI,20200429,造纸,2089.96,2123.66,2062.87,2090.93,-4.64,-0.22,20183.0,138091.0,14.65,1.21,7246351.0,13811168.154976
801143.SI,20200430,造纸,2110.48,2159.55,2073.86,2120.69,29.76,1.42,30743.0,234995.0,16.7,1.21,7349477.0,13996807.595122
801143.SI,20200506,造纸,2099.12,2159.68,2089.95,2144.13,23.44,1.11,26734.0,185165.0,16.57,1.23,7430725.0,14145686.902465
801143.SI,20200507,造纸,2142.55,2178.63,2120.05,2152.42,8.29,0.39,22181.0,175766.0,16.63,1.23,7459455.0,14231833.088759
801143.SI,20200508,造纸,2155.85,2197.4,2142.49,2178.08,25.66,1.19,26862.0,197939.0,16.83,1.25,7549038.0,14400203.235383
801143.SI,20200511,造纸,2178.61,2212.03,2153.34,2172.82,-5.26,-0.24,24727.0,178318.0,16.78,1.24,7529624.0,14380548.469071
801143.SI,20200512,造纸,2186.78,2248.07,2166.0,2192.21,19.39,0.89,33848.0,223529.0,16.93,1.25,7596816.0,14503519.510932
801143.SI,20200513,造纸,2175.87,2198.43,2150.3,2174.7,-17.52,-0.8,30448.0,169231.0,16.61,1.23,7463243.0,14268947.699149
801143.SI,20200514,造纸,2162.09,2201.0,2138.45,2165.09,-9.6,-0.44,27369.0,165515.0,16.71,1.24,7502844.0,14360021.459815
801143.SI,20200515,造纸,2168.15,2186.24,2134.63,2148.24,-16.85,-0.78,24802.0,153371.0,16.59,1.23,7444457.0,14204647.397749
801143.SI,20200518,造纸,2146.01,2175.41,2117.93,2152.26,4.02,0.19,21106.0,146411.0,16.63,1.23,7458389.0,14266032.779831
801143.SI,20200519,造纸,2163.73,2188.26,2142.06,2172.99,20.72,0.96,17670.0,124432.0,16.8,1.24,7509076.0,14318890.411546
801143.SI,20200520,造纸,2166.56,2178.59,2126.42,2141.22,-31.77,-1.46,20258.0,138569.0,16.55,1.22,7417438.0,14193632.281931
801143.SI,20200521,造纸,2145.82,2157.48,2107.81,2118.6,-22.62,-1.06,22619.0,151331.0,16.38,1.21,7358805.0,14056859.703384
801143.SI,20200522,造纸,2114.2,2129.57,2077.74,2100.48,-18.12,-0.86,23468.0,130976.0,16.28,1.2,7310524.0,13921889.783043
801143.SI,20200525,造纸,2099.77,2128.17,2069.44,2102.29,1.81,0.09,17577.0,117578.0,16.29,1.2,7316812.0,13958679.408053
801143.SI,20200526,造纸,2108.79,2138.12,2095.76,2123.43,21.14,1.01,14467.0,100682.0,16.45,1.21,7390390.0,14097198.024545
801143.SI,20200527,造纸,2127.23,2153.96,2108.35,2127.83,4.39,0.21,15521.0,110472.0,16.49,1.22,7405685.0,14125724.193679
801143.SI,20200528,造纸,2129.8,2162.73,2101.43,2137.95,10.12,0.48,25255.0,133779.0,16.57,1.22,7440911.0,14194054.396176
801143.SI,20200529,造纸,2130.54,2165.76,2116.7,2139.67,1.72,0.08,22557.0,135919.0,16.58,1.22,7446905.0,14223044.380765
801143.SI,20200601,造纸,2145.47,2211.0,2137.1,2191.17,51.5,2.41,28377.0,169305.0,16.98,1.25,7626162.0,14561440.765816
801143.SI,20200602,造纸,2194.59,2229.22,2171.22,2201.91,10.74,0.49,28565.0,183878.0,17.06,1.26,7663536.0,14638232.294509
801143.SI,20200603,造纸,2204.15,2228.4,2179.81,2203.31,1.4,0.06,23180.0,151103.0,17.07,1.26,7668393.0,14654584.551167
801143.SI,20200604,造纸,2209.6,2234.98,2187.29,2218.3,15.0,0.68,23990.0,139551.0,17.19,1.27,7720589.0,14757149.978525
801143.SI,20200605,造纸,2222.92,2254.63,2188.76,2229.91,11.61,0.52,26766.0,172389.0,17.29,1.28,7760990.0,14830134.575681
801143.SI,20200608,造纸,2234.34,2252.82,2190.05,2209.4,-20.52,-0.92,33149.0,222123.0,17.12,1.26,7689583.0,14690585.75893
801143.SI,20200609,造纸,2208.73,2229.16,2181.73,2209.44,0.05,0.0,29474.0,172320.0,17.12,1.26,7689751.0,14686810.776665
801143.SI,20200610,造纸,2213.54,2259.4,2189.45,2226.82,17.37,0.79,32054.0,178624.0,17.26,1.27,7750212.0,14812051.597936
801143.SI,20200611,造纸,2219.39,2234.62,2180.53,2192.16,-34.65,-1.56,28619.0,182306.0,16.99,1.25,7629600.0,14577602.686989
801143.SI,20200612,造纸,2160.78,2216.08,2146.81,2184.65,-7.51,-0.34,25602.0,178136.0,16.92,1.25,7603466.0,14539852.259245
801143.SI,20200615,造纸,2191.14,2220.61,2164.25,2179.71,-4.94,-0.23,20805.0,149955.0,16.82,1.24,7566039.0,14483673.207084
801143.SI,20200616,造纸,2194.13,2243.67,2182.16,2229.04,49.33,2.26,22206.0,156101.0,17.25,1.27,7757963.0,14841753.013109
801143.SI,20200617,造纸,2228.15,2257.85,2203.17,2232.04,2.99,0.13,17743.0,135287.0,17.24,1.27,7768377.0,14938141.981496
801143.SI,20200618,造纸,2234.42,2258.51,2203.02,2237.87,5.84,0.26,19988.0,164948.0,17.3,1.28,7788690.0,14957157.819328
801143.SI,20200619,造纸,2237.17,2267.11,2221.1,2247.3,9.42,0.42,20673.0,157019.0,17.39,1.28,7821488.0,15005711.532463
801143.SI,20200622,造纸,2255.91,2284.85,2224.77,2239.98,-7.31,-0.33,22461.0,165558.0,17.35,1.28,7796036.0,14912879.630263
801143.SI,20200623,造纸,2235.45,2257.25,2207.44,2232.53,-7.45,-0.33,21406.0,157030.0,17.31,1.28,7847430.0,14883393.682286
801143.SI,20200624,造纸,2235.74,2253.8,2208.08,2230.35,-2.18,-0.1,17826.0,130629.0,17.31,1.28,7839749.0,14867318.602886
801143.SI,20200629,造纸,2236.51,2286.13,2215.84,2250.55,20.21,0.91,26838.0,203529.0,17.47,1.29,7910777.0,15001523.831547
801143.SI,20200630,造纸,2258.8,2298.09,2237.81,2273.55,23.0,1.02,21327.0,165439.0,17.65,1.3,7991607.0,15166794.884299
801143.SI,20200701,造纸,2283.93,2308.83,2250.45,2288.75,15.2,0.67,23488.0,169920.0,17.77,1.31,8045035.0,15285862.56294
801143.SI,20200702,造纸,2293.76,2331.64,2263.68,2306.23,17.48,0.76,33152.0,216682.0,17.91,1.32,8106471.0,15396716.455384
801143.SI,20200703,造纸,2312.0,2341.88,2281.4,2324.61,18.38,0.8,37349.0,236445.0,17.88,1.33,8171083.0,15497515.446137
801143.SI,20200706,造纸,2332.67,2423.4,2316.68,2405.85,81.24,3.49,59288.0,379647.0,18.51,1.38,8456637.0,16026071.012388
801143.SI,20200707,造纸,2433.18,2477.66,2378.54,2409.59,3.74,0.16,64918.0,408648.0,18.54,1.38,8469784.0,16065891.859567
801143.SI,20200708,造纸,2408.24,2497.71,2390.79,2477.44,67.86,2.82,54997.0,393808.0,19.08,1.43,8708299.0,16508706.214157
801143.SI,20200709,造纸,2470.08,2523.19,2439.04,2508.89,31.44,1.27,64279.0,417445.0,19.31,1.45,8818823.0,16710007.07619
801143.SI,20200710,造纸,2488.85,2534.65,2433.04,2457.8,-51.09,-2.04,50938.0,343893.0,18.91,1.42,8568348.0,16268526.012527
801143.SI,20200713,造纸,2468.22,2576.89,2445.28,2539.86,82.06,3.34,60511.0,434329.0,19.53,1.46,8854433.0,16861615.690058
801143.SI,20200714,造纸,2552.5,2603.57,2492.08,2555.14,15.28,0.6,63814.0,471366.0,19.65,1.47,8907709.0,16945627.511719
801143.SI,20200715,造纸,2559.78,2621.65,2494.99,2552.76,-2.38,-0.09,52232.0,379248.0,19.8,1.48,8923535.0,16974125.989436
801143.SI,20200716,造纸,2553.49,2605.8,2433.99,2451.05,-101.71,-3.98,53923.0,396445.0,19.01,1.42,8567999.0,16264490.216248
801143.SI,20200717,造纸,2455.11,2542.14,2414.95,2507.63,56.58,2.31,40866.0,323539.0,19.47,1.46,8765767.0,16674062.942362
801143.SI,20200720,造纸,2525.14,2683.7,2506.97,2669.27,161.64,6.45,86718.0,573792.0,20.72,1.55,9330814.0,17710771.528397
801143.SI,20200721,造纸,2651.35,2706.49,2598.28,2668.06,-1.22,-0.05,70638.0,495065.0,20.71,1.55,9326563.0,17718286.646943
801143.SI,20200722,造纸,2657.74,2691.89,2615.46,2637.44,-30.62,-1.15,53726.0,409023.0,20.46,1.53,9219541.0,17574662.038206
801143.SI,20200723,造纸,2620.99,2654.37,2538.95,2615.01,-22.43,-0.85,51175.0,408988.0,20.29,1.52,9141124.0,17415177.42348
801143.SI,20200724,造纸,2602.69,2631.39,2483.22,2513.78,-101.23,-3.87,47102.0,377244.0,19.51,1.46,8787270.0,16691733.871512
801143.SI,20200727,造纸,2525.54,2563.61,2456.19,2506.16,-7.62,-0.3,31089.0,255921.0,19.43,1.45,8760635.0,16707094.855345
801143.SI,20200728,造纸,2521.68,2586.57,2502.01,2549.0,42.84,1.71,31034.0,270478.0,19.78,1.48,8910389.0,16978071.713605
801143.SI,20200729,造纸,2545.54,2612.31,2516.9,2593.25,44.25,1.74,36795.0,316126.0,20.11,1.51,9065066.0,17311843.643013
801143.SI,20200730,造纸,2591.29,2651.07,2556.24,2610.9,17.65,0.68,36198.0,344340.0,20.24,1.52,9126755.0,17479750.462106
801143.SI,20200731,造纸,2603.3,2659.66,2573.2,2625.87,14.97,0.57,36703.0,325346.0,20.32,1.52,9179094.0,17677723.430069
801143.SI,20200803,造纸,2644.28,2699.83,2611.76,2674.52,48.65,1.85,48269.0,427330.0,20.66,1.55,9349150.0,18091239.874091
801143.SI,20200804,造纸,2682.35,2734.56,2628.22,2679.73,5.21,0.19,54587.0,463183.0,20.66,1.55,9367375.0,18235069.184775
801143.SI,20200805,造纸,2668.59,2744.46,2634.9,2713.84,34.11,1.27,48032.0,521727.0,20.94,1.57,9486617.0,18463297.878804
801143.SI,20200806,造纸,2718.19,2777.79,2664.78,2717.61,3.77,0.14,45091.0,469546.0,20.99,1.57,9499796.0,18586436.371893
801143.SI,20200807,造纸,2712.49,2774.04,2624.87,2700.83,-16.78,-0.62,45768.0,475578.0,20.89,1.56,9441137.0,18421587.590365
801143.SI,20200810,造纸,2701.8,2785.98,2666.75,2731.62,30.79,1.14,38043.0,396920.0,21.13,1.58,9548773.0,18654405.507657
801143.SI,20200811,造纸,2732.39,2759.85,2651.51,2668.28,-63.34,-2.32,43137.0,386611.0,20.65,1.55,9471150.0,18183842.203257
801143.SI,20200812,造纸,2661.91,2696.93,2582.21,2648.5,-19.79,-0.74,41067.0,356151.0,20.49,1.53,9400921.0,18054521.768254
801143.SI,20200813,造纸,2663.87,2727.44,2625.7,2676.24,27.75,1.05,41274.0,313527.0,20.79,1.56,9535618.0,18188230.645466
801143.SI,20200814,造纸,2668.08,2708.77,2626.03,2681.52,5.28,0.2,33615.0,263484.0,20.83,1.56,9554426.0,18211869.334076
801143.SI,20200817,造纸,2678.58,2748.16,2644.51,2724.38,42.86,1.6,41115.0,338564.0,21.14,1.58,9707127.0,18530562.394295
801143.SI,20200818,造纸,2720.3,2755.61,2686.88,2728.36,3.99,0.15,34019.0,286652.0,21.18,1.59,9721336.0,18557502.060582
801143.SI,20200819,造纸,2723.96,2763.28,2679.7,2701.21,-27.15,-1.0,35388.0,286183.0,20.98,1.57,9624587.0,18350418.113448
801143.SI,20200820,造纸,2690.23,2773.28,2666.16,2722.41,21.2,0.78,40762.0,330160.0,21.14,1.58,9700119.0,18495843.154207
801143.SI,20200821,造纸,2736.23,2839.21,2710.16,2801.42,79.01,2.9,55312.0,428996.0,21.74,1.63,9981653.0,19062409.392581
801143.SI,20200824,造纸,2811.89,2874.19,2770.43,2807.62,6.19,0.22,53428.0,409888.0,21.8,1.63,10003726.0,19112054.481702
801143.SI,20200825,造纸,2815.4,2842.98,2728.54,2750.08,-57.54,-2.05,42300.0,347236.0,21.39,1.6,9798694.0,18665476.060731
801143.SI,20200826,造纸,2742.55,2785.6,2657.18,2685.42,-64.66,-2.35,43338.0,390887.0,20.9,1.57,9568304.0,18148877.613714
801143.SI,20200827,造纸,2696.74,2767.85,2637.17,2693.48,8.07,0.3,42491.0,369218.0,20.96,1.57,9597043.0,18224619.54442
801143.SI,20200828,造纸,2696.43,2741.37,2644.2,2724.2,30.72,1.14,34950.0,292656.0,21.21,1.59,9706491.0,18444295.746574
801143.SI,20200831,造纸,2708.38,2850.83,2695.04,2772.2,48.0,1.76,78849.0,511056.0,21.58,1.6,9877508.0,18741920.996927
801143.SI,20200901,造纸,2778.14,2815.85,2736.24,2781.55,9.35,0.34,49873.0,354388.0,22.56,1.6,9910821.0,18834909.175955
801143.SI,20200902,造纸,2791.42,2823.07,2727.79,2773.04,-8.51,-0.31,42504.0,318996.0,22.51,1.6,9880515.0,18760553.046181
801143.SI,20200903,造纸,2769.88,2821.99,2727.54,2761.09,-11.95,-0.43,45476.0,342706.0,22.42,1.59,9837943.0,18655734.524518
801143.SI,20200904,造纸,2714.53,2761.67,2667.77,2724.27,-36.83,-1.33,41403.0,315073.0,22.11,1.57,9706730.0,18370747.971521
801143.SI,20200907,造纸,2723.24,2771.25,2631.11,2649.62,-74.64,-2.74,49580.0,378773.0,21.52,1.53,9440772.0,17806023.067815
801143.SI,20200908,造纸,2664.15,2708.6,2611.84,2684.05,34.43,1.3,48740.0,312674.0,21.8,1.55,9563455.0,17996145.884912
801143.SI,20200909,造纸,2646.19,2700.16,2572.68,2618.99,-65.06,-2.42,61009.0,375936.0,21.29,1.51,9331644.0,17530933.241426
801143.SI,20200910,造纸,2637.66,2705.82,2548.62,2574.62,-44.37,-1.69,63207.0,386254.0,20.93,1.49,9173548.0,17249757.528807
801143.SI,20200911,造纸,2556.6,2630.8,2528.29,2603.21,28.59,1.11,43412.0,268115.0,21.16,1.5,9275399.0,17454198.701481
801143.SI,20200914,造纸,2613.72,2689.71,2572.05,2649.65,46.44,1.78,48549.0,344034.0,21.56,1.53,9440867.0,17743909.770505
801143.SI,20200915,造纸,2648.81,2692.36,2592.63,2644.53,-5.12,-0.19,39653.0,281973.0,21.52,1.53,9422619.0,17764104.768665
801143.SI,20200916,造纸,2643.94,2687.96,2590.97,2625.48,-19.04,-0.72,39841.0,292599.0,21.36,1.52,9348192.0,17652998.961514
801143.SI,20200917,造纸,2615.9,2645.16,2545.79,2584.95,-40.54,-1.54,40757.0,333826.0,21.01,1.49,9203857.0,17412764.068006
801143.SI,20200918,造纸,2589.52,2636.14,2560.77,2615.19,30.25,1.17,36740.0,310741.0,21.19,1.51,9665725.0,19099967.780148
801143.SI,20200921,造纸,2637.88,2690.32,2609.68,2644.72,29.53,1.13,39436.0,435638.0,21.34,1.52,9774862.0,19419712.959961
801143.SI,20200922,造纸,2627.93,2657.48,2585.56,2613.53,-31.2,-1.18,30637.0,429467.0,20.97,1.49,9659555.0,19303433.249887
801143.SI,20200923,造纸,2645.38,2685.77,2617.55,2646.52,33.0,1.26,25163.0,193604.0,21.15,1.5,9781514.0,19622184.308052
801143.SI,20200924,造纸,2631.66,2648.99,2564.25,2585.64,-60.88,-2.3,37816.0,470933.0,20.57,1.46,9561591.0,19269331.115957
801143.SI,20200925,造纸,2586.71,2626.12,2546.29,2584.66,-0.99,-0.04,23793.0,349150.0,20.51,1.46,9557944.0,19336486.098236
801143.SI,20200928,造纸,2600.39,2632.64,2540.2,2565.19,-19.47,-0.75,22529.0,321251.0,20.45,1.45,9545136.0,19752707.540156
801143.SI,20200929,造纸,2574.23,2632.97,2535.81,2583.76,18.57,0.72,23209.0,338718.0,20.65,1.47,9618426.0,19904613.473068
801143.SI,20200930,造纸,2587.74,2621.99,2532.96,2567.57,-16.19,-0.63,22350.0,351601.0,20.52,1.46,9594366.0,19832361.725734
801143.SI,20201009,造纸,2605.69,2657.4,2571.06,2623.47,55.91,2.18,28912.0,397884.0,20.96,1.49,9806839.0,20265668.816119
801143.SI,20201012,造纸,2635.51,2676.17,2577.08,2638.26,14.79,0.56,35611.0,414447.0,21.06,1.5,9862129.0,20366785.879063
801143.SI,20201013,造纸,2635.79,2656.25,2575.89,2614.19,-24.08,-0.91,28407.0,356289.0,20.84,1.48,9772124.0,20245893.395678
801143.SI,20201014,造纸,2607.46,2642.72,2567.91,2599.57,-14.62,-0.56,26708.0,366585.0,20.61,1.46,9717468.0,20278835.184342
801143.SI,20201015,造纸,2588.11,2608.36,2536.7,2560.0,-39.57,-1.52,22861.0,336507.0,20.41,1.45,9569568.0,19807027.672198
801143.SI,20201016,造纸,2559.43,2605.94,2533.45,2573.21,13.21,0.52,26413.0,319155.0,20.49,1.46,9618933.0,19928338.438402
801143.SI,20201019,造纸,2580.4,2619.36,2534.31,2568.78,-4.43,-0.17,26442.0,306750.0,20.4,1.45,9602377.0,19912385.492351
801143.SI,20201020,造纸,2561.94,2614.15,2541.96,2602.72,33.94,1.32,24057.0,238979.0,20.67,1.47,9729246.0,20183928.626193
801143.SI,20201021,造纸,2605.13,2636.95,2562.32,2602.09,-0.63,-0.02,21449.0,247893.0,20.7,1.47,9726895.0,20189686.895113
801143.SI,20201022,造纸,2592.2,2634.38,2561.4,2613.43,11.34,0.44,18499.0,259433.0,20.74,1.47,9769281.0,20359606.81707
801143.SI,20201023,造纸,2613.83,2642.95,2544.43,2556.17,-57.26,-2.19,22347.0,284541.0,20.31,1.46,9555247.0,19851576.809069
801143.SI,20201026,造纸,2549.05,2576.15,2485.17,2529.84,-26.33,-1.03,19918.0,210714.0,20.09,1.44,9456836.0,19631561.623287
801143.SI,20201027,造纸,2513.66,2566.98,2484.46,2539.95,10.11,0.4,18325.0,269685.0,20.27,1.45,9494614.0,19629442.981276
801143.SI,20201028,造纸,2539.05,2567.04,2493.44,2535.9,-4.05,-0.16,18147.0,187261.0,20.24,1.45,9479471.0,19615393.242358
801143.SI,20201029,造纸,2498.58,2598.52,2484.98,2578.61,42.71,1.68,25923.0,276104.0,20.64,1.48,9639123.0,19939648.260798
801143.SI,20201030,造纸,2576.46,2601.2,2494.05,2508.1,-70.51,-2.73,29641.0,351159.0,20.16,1.44,9375553.0,19340442.237921
801143.SI,20201102,造纸,2508.85,2553.47,2458.9,2502.88,-5.22,-0.21,25672.0,264970.0,19.03,1.42,9356035.0,19320582.449323
801143.SI,20201103,造纸,2504.58,2570.68,2485.66,2537.6,34.73,1.39,21540.0,231329.0,19.27,1.43,9485843.0,19593572.563186
801143.SI,20201104,造纸,2541.44,2572.58,2505.2,2550.26,12.66,0.5,18271.0,211740.0,19.34,1.44,9533160.0,19692419.92534
801143.SI,20201105,造纸,2582.59,2635.73,2557.22,2606.23,55.97,2.19,26625.0,270730.0,19.81,1.47,9740052.0,20116825.180928
801143.SI,20201106,造纸,2612.2,2644.16,2567.71,2605.52,-0.71,-0.03,26314.0,293868.0,19.79,1.47,9737397.0,20137691.835689
801143.SI,20201109,造纸,2610.75,2677.83,2574.0,2633.17,27.65,1.06,38358.0,398982.0,20.01,1.49,9840721.0,20359448.872627
801143.SI,20201110,造纸,2638.55,2693.81,2588.58,2636.33,3.16,0.12,32415.0,332480.0,20.09,1.49,9852529.0,20351112.658133
801143.SI,20201111,造纸,2636.34,2675.66,2604.05,2630.18,-6.14,-0.23,29483.0,257854.0,20.05,1.49,9829564.0,20287413.379736
801143.SI,20201112,造纸,2634.45,2703.79,2613.95,2671.23,41.05,1.56,33182.0,286114.0,20.4,1.52,9982964.0,20575416.117553
801143.SI,20201113,造纸,2665.28,2683.17,2617.16,2653.12,-18.11,-0.68,25254.0,218903.0,20.26,1.51,9920235.0,20448193.362485
801143.SI,20201116,造纸,2663.54,2765.81,2648.19,2742.4,89.27,3.36,46429.0,413628.0,20.96,1.56,10254035.0,21084505.607393
801143.SI,20201117,造纸,2750.96,2793.93,2703.24,2740.0,-2.39,-0.09,41786.0,371218.0,20.87,1.55,10330114.0,22038761.827591
801143.SI,20201118,造纸,2746.8,2818.37,2717.87,2774.5,34.5,1.26,49050.0,403897.0,21.06,1.57,10460190.0,22446792.126192
801143.SI,20201119,造纸,2769.94,2824.0,2736.59,2776.93,2.42,0.09,40513.0,402637.0,21.08,1.57,10469317.0,22522270.735659
801143.SI,20201120,造纸,2766.09,2831.21,2735.86,2812.46,35.54,1.28,40934.0,394642.0,21.34,1.59,10603294.0,22757683.11063
801143.SI,20201123,造纸,2820.26,2909.38,2778.36,2866.16,53.7,1.91,74788.0,617645.0,21.75,1.62,10805756.0,23214765.340449
801143.SI,20201124,造纸,2862.43,2914.18,2817.42,2847.4,-18.76,-0.65,55830.0,485392.0,21.63,1.61,10735010.0,23014215.948418
801143.SI,20201125,造纸,2847.47,2877.22,2748.36,2762.45,-84.95,-2.98,52942.0,495109.0,20.92,1.56,10414738.0,22453318.171036
801143.SI,20201126,造纸,2766.8,2792.44,2692.52,2742.47,-19.98,-0.72,38798.0,338062.0,20.76,1.54,10339411.0,22298917.498942
801143.SI,20201127,造纸,2741.95,2781.13,2686.35,2748.54,6.07,0.22,47891.0,337229.0,20.83,1.55,10362281.0,22301900.760837
801143.SI,20201130,造纸,2750.02,2819.98,2702.21,2746.57,-1.96,-0.07,53214.0,449639.0,20.8,1.55,10354888.0,22363650.442113
801143.SI,20201201,造纸,2756.45,2817.57,2730.42,2791.8,45.23,1.65,45099.0,394035.0,21.17,1.58,10525396.0,22708660.156802
801143.SI,20201202,造纸,2784.0,2836.47,2731.36,2779.34,-12.46,-0.45,61650.0,493447.0,21.07,1.57,10478419.0,22563192.374281
801143.SI,20201203,造纸,2779.03,2816.26,2720.93,2764.14,-15.2,-0.55,59717.0,466102.0,20.95,1.56,10475921.0,22533890.04483
801143.SI,20201204,造纸,2759.65,2806.45,2725.85,2781.43,17.29,0.63,45140.0,346404.0,21.09,1.57,10539598.0,22653837.720438
801143.SI,20201207,造纸,2784.11,2825.93,2738.63,2775.35,-6.08,-0.22,43680.0,331439.0,21.0,1.57,10522463.0,22674929.396482
801143.SI,20201208,造纸,2764.13,2786.7,2699.49,2741.55,-33.81,-1.22,37688.0,315321.0,20.75,1.55,10392429.0,22431923.597388
801143.SI,20201209,造纸,2750.67,2801.48,2695.82,2704.19,-37.36,-1.36,46553.0,378901.0,20.46,1.53,10250827.0,22134521.053495
801143.SI,20201210,造纸,2698.56,2758.13,2673.19,2723.4,19.21,0.71,37465.0,368574.0,20.52,1.53,10323646.0,22440008.092063
801143.SI,20201211,造纸,2719.44,2749.27,2628.44,2681.37,-42.03,-1.54,39780.0,415188.0,20.06,1.5,10164329.0,22273585.181309
801143.SI,20201214,造纸,2689.28,2731.75,2641.52,2709.96,28.59,1.07,32182.0,358046.0,20.26,1.51,10272687.0,22541443.282528
801143.SI,20201215,造纸,2694.5,2730.4,2646.21,2692.53,-17.43,-0.64,31640.0,371392.0,20.13,1.5,10206631.0,22508016.704671
801143.SI,20201216,造纸,2691.91,2738.91,2655.31,2677.77,-14.76,-0.55,33919.0,387585.0,19.97,1.49,10150688.0,22468971.798203
801143.SI,20201217,造纸,2678.44,2730.88,2633.11,2706.14,28.36,1.06,36116.0,382333.0,20.16,1.5,10258206.0,22751613.323333
801143.SI,20201218,造纸,2699.33,2731.39,2659.91,2674.67,-31.46,-1.16,30392.0,293328.0,19.92,1.49,10138932.0,22502362.630203
801143.SI,20201221,造纸,2665.08,2725.02,2632.3,2706.51,31.84,1.19,31198.0,354132.0,20.03,1.49,10259615.0,22933706.192881
801143.SI,20201222,造纸,2695.99,2723.24,2605.94,2628.44,-78.07,-2.88,38658.0,402271.0,19.42,1.45,9963663.0,22244296.678876
801143.SI,20201223,造纸,2638.85,2676.7,2591.04,2620.05,-8.38,-0.32,32461.0,351191.0,19.37,1.44,9931879.0,22026924.718406
801143.SI,20201224,造纸,2622.68,2639.92,2536.74,2554.91,-65.14,-2.49,35852.0,326776.0,18.92,1.41,9684939.0,21414171.43612
801143.SI,20201225,造纸,2575.2,2636.77,2533.62,2608.83,53.93,2.11,38121.0,330085.0,19.32,1.44,9889356.0,21860977.805095
801143.SI,20201228,造纸,2605.97,2658.73,2533.19,2573.63,-35.21,-1.35,44023.0,416899.0,19.21,1.43,9755897.0,21402527.401223
801143.SI,20201229,造纸,2578.66,2658.15,2544.01,2606.54,32.92,1.28,41100.0,447625.0,19.61,1.46,9984787.0,21952982.98055
801143.SI,20201230,造纸,2604.28,2665.07,2573.5,2636.33,29.79,1.14,30767.0,329735.0,19.86,1.48,10098884.0,22206346.655796
801143.SI,20201231,造纸,2638.85,2694.76,2614.83,2671.03,34.71,1.32,39670.0,360485.0,20.15,1.5,10235032.0,22487028.824042
801143.SI,20210104,造纸,2689.52,2772.34,2651.49,2734.44,63.41,2.37,55641.0,524484.0,20.64,1.54,10478005.0,22986968.760816
801143.SI,20210105,造纸,2733.92,2832.29,2704.18,2796.84,62.4,2.28,48442.0,515464.0,21.21,1.58,10819218.0,23814138.912587
801143.SI,20210106,造纸,2824.36,2953.75,2786.86,2873.12,76.28,2.73,85032.0,723307.0,21.86,1.63,11114308.0,24392928.497737
801143.SI,20210107,造纸,2875.26,2963.04,2813.7,2900.11,26.99,0.94,95942.0,711521.0,22.2,1.66,11218731.0,24465122.332148
801143.SI,20210108,造纸,2901.06,2998.31,2843.81,2927.49,27.38,0.94,78526.0,604107.0,22.47,1.68,11324639.0,24610349.132118
801143.SI,20210111,造纸,2917.73,2985.22,2843.23,2891.07,-36.42,-1.24,72402.0,605865.0,22.2,1.66,11192969.0,24273536.341313
801143.SI,20210112,造纸,2882.49,3062.17,2857.25,3019.19,128.12,4.43,76752.0,625176.0,23.28,1.74,11695843.0,25223802.729484
801143.SI,20210113,造纸,3019.95,3057.55,2899.73,2985.82,-33.37,-1.11,84851.0,649272.0,23.08,1.72,11566570.0,24863790.266246
801143.SI,20210114,造纸,2965.84,3047.6,2876.84,2959.9,-25.92,-0.87,70577.0,562463.0,22.82,1.7,11466145.0,24716243.524294
801143.SI,20210115,造纸,2950.76,3022.54,2893.06,2976.71,16.81,0.57,61285.0,514217.0,22.91,1.71,11531264.0,24918333.273317
801143.SI,20210118,造纸,2955.57,3062.23,2901.69,2968.7,-8.01,-0.27,75940.0,625555.0,22.76,1.7,11500241.0,24902030.173723
801143.SI,20210119,造纸,2965.92,3029.74,2859.47,2904.33,-64.36,-2.17,90223.0,803611.0,22.15,1.65,11250906.0,24458139.361698
801143.SI,20210120,造纸,2887.16,2928.13,2814.9,2886.15,-18.19,-0.63,62021.0,561801.0,22.02,1.64,11180451.0,24310409.603852
801143.SI,20210121,造纸,2880.11,2937.87,2839.65,2888.61,2.46,0.09,56271.0,517926.0,22.07,1.65,11189998.0,24307393.577324
801143.SI,20210122,造纸,2900.06,2965.88,2837.74,2901.51,12.9,0.45,59088.0,535145.0,22.25,1.66,11239955.0,24330417.034726
801143.SI,20210125,造纸,2888.59,2970.28,2840.84,2924.07,22.57,0.78,59494.0,542907.0,22.52,1.68,11327378.0,24419745.727655
801143.SI,20210126,造纸,2920.36,2952.44,2824.13,2866.92,-57.15,-1.95,50284.0,474382.0,22.03,1.64,11105993.0,24011166.974326
801143.SI,20210127,造纸,2867.94,2972.74,2826.54,2907.07,40.14,1.4,62394.0,563740.0,22.34,1.67,11261500.0,24350666.855204
801143.SI,20210128,造纸,2852.9,2907.93,2785.89,2817.54,-89.53,-3.08,57996.0,521633.0,21.63,1.61,10914667.0,23654659.042966
801143.SI,20210129,造纸,2841.89,2901.03,2772.9,2838.76,21.23,0.75,60651.0,491616.0,21.91,1.63,10996903.0,23664454.233163
801143.SI,20210201,造纸,2842.09,2973.92,2802.52,2949.55,110.78,3.9,70016.0,548859.0,22.73,1.7,11426052.0,24681780.334565
801143.SI,20210202,造纸,2941.58,3024.44,2870.65,2981.11,31.57,1.07,65611.0,575348.0,23.02,1.72,11548343.0,24969588.37109
801143.SI,20210203,造纸,2972.82,3120.58,2932.43,3056.04,74.93,2.51,73894.0,661902.0,23.72,1.77,11838607.0,25476118.057141
801143.SI,20210204,造纸,3032.55,3091.24,2944.14,3013.06,-42.98,-1.41,70781.0,624477.0,23.42,1.75,11672095.0,25065200.24456
801143.SI,20210205,造纸,3014.93,3070.68,2897.9,2936.94,-76.12,-2.53,57553.0,512282.0,22.85,1.7,11377229.0,24391221.975147
801143.SI,20210208,造纸,2928.09,3053.78,2868.73,2999.1,62.16,2.12,53229.0,500760.0,23.51,1.75,11618032.0,24666757.006786
801143.SI,20210209,造纸,2991.47,3095.16,2941.62,3024.95,25.85,0.86,50651.0,476152.0,23.7,1.77,11737960.0,24904905.057239
801143.SI,20210210,造纸,3032.35,3125.73,2966.2,3093.87,68.92,2.28,51527.0,499876.0,24.27,1.81,12005393.0,25421596.616658
801143.SI,20210218,造纸,3160.04,3252.39,3062.86,3167.83,73.95,2.39,74031.0,697550.0,24.88,1.85,12292365.0,25969166.299872
801143.SI,20210219,造纸,3169.38,3333.14,3121.74,3256.72,88.89,2.81,109102.0,842972.0,25.57,1.91,12637286.0,26678059.676561
801143.SI,20210222,造纸,3276.25,3449.97,3211.94,3295.19,38.47,1.18,107343.0,979299.0,25.92,1.93,12786564.0,26907062.387367
801143.SI,20210223,造纸,3290.97,3442.26,3230.46,3344.28,49.09,1.49,148625.0,1041623.0,26.33,1.96,12977066.0,27317149.669432
801143.SI,20210224,造纸,3345.66,3409.33,3170.55,3221.41,-122.87,-3.67,115966.0,875552.0,25.29,1.89,12500269.0,26264454.479437
801143.SI,20210225,造纸,3244.76,3334.53,3139.85,3181.45,-39.95,-1.24,85322.0,688565.0,24.99,1.86,12345238.0,25925520.819807
801143.SI,20210226,造纸,3098.51,3205.73,3022.85,3082.62,-98.83,-3.11,82310.0,648992.0,24.13,1.8,11961728.0,25200193.982858
801143.SI,20210301,造纸,3146.21,3281.27,3118.44,3230.18,147.56,4.79,90745.0,723177.0,25.31,1.89,12523135.0,26404877.495626
801143.SI,20210302,造纸,3243.24,3288.98,3108.86,3142.24,-87.95,-2.72,79526.0,633349.0,24.56,1.83,12182179.0,25791202.504404
801143.SI,20210303,造纸,3170.56,3238.43,3113.55,3194.91,52.67,1.68,72225.0,538650.0,24.95,1.86,12386368.0,26252384.562718
801143.SI,20210304,造纸,3171.82,3215.34,3044.07,3073.08,-121.83,-3.81,74917.0,562734.0,23.96,1.79,11910265.0,25281873.907885
801143.SI,20210305,造纸,3032.31,3125.21,2998.5,3066.45,-6.64,-0.22,61602.0,470401.0,23.84,1.78,11884548.0,25312070.011761
801143.SI,20210308,造纸,3098.04,3145.14,2987.88,3003.44,-63.01,-2.05,63756.0,514611.0,23.38,1.74,11640350.0,24754201.887264
801143.SI,20210309,造纸,2986.79,3046.69,2831.72,2928.44,-75.0,-2.5,80694.0,570643.0,22.78,1.7,11349680.0,24160771.147039
801143.SI,20210310,造纸,2963.65,3006.04,2863.29,2909.29,-19.15,-0.65,65035.0,417896.0,22.65,1.69,11275452.0,23999879.440358
801143.SI,20210311,造纸,2907.75,3032.8,2873.39,3002.59,93.3,3.21,58845.0,432123.0,24.82,1.85,11637048.0,24684288.892138
801143.SI,20210312,造纸,3007.9,3056.69,2923.9,3010.99,8.41,0.28,64899.0,468282.0,24.89,1.86,11669626.0,24685324.085443
801143.SI,20210315,造纸,2996.6,3056.37,2927.21,2981.09,-29.9,-0.99,57000.0,410918.0,24.64,1.84,11553728.0,24450076.741744
801143.SI,20210316,造纸,2975.02,3020.71,2906.06,2978.37,-2.72,-0.09,55684.0,381132.0,24.62,1.84,11543195.0,24425432.968443
801143.SI,20210317,造纸,2973.93,3051.25,2929.18,2997.75,19.38,0.65,55867.0,385256.0,24.79,1.85,11618323.0,24650227.196232
801143.SI,20210318,造纸,2998.03,3200.29,2968.57,3139.54,141.79,4.73,102199.0,766255.0,25.96,1.93,12167856.0,25826531.126267
801143.SI,20210319,造纸,3105.27,3164.2,3010.16,3063.66,-75.89,-2.42,81259.0,634136.0,25.33,1.89,11873745.0,25278726.56597
801143.SI,20210322,造纸,3056.67,3148.56,3012.91,3107.37,43.72,1.43,75889.0,529134.0,25.7,1.91,12043173.0,25662916.662934
801143.SI,20210323,造纸,3096.0,3125.41,2973.54,3009.39,-97.99,-3.15,72181.0,535205.0,24.89,1.85,11663403.0,24891059.085112
801143.SI,20210324,造纸,3006.46,3099.75,2902.88,2970.87,-38.52,-1.28,74185.0,582806.0,24.57,1.83,11514116.0,24604828.702433
801143.SI,20210325,造纸,2948.08,3057.28,2903.53,3021.99,51.12,1.72,74115.0,516967.0,24.99,1.86,11712257.0,24989856.226755
801143.SI,20210326,造纸,3030.17,3129.86,2983.78,3054.92,32.93,1.09,93201.0,715548.0,25.16,1.87,11839897.0,25295321.387666
801143.SI,20210329,造纸,3078.91,3212.66,3052.8,3155.99,101.07,3.31,104003.0,802792.0,25.94,1.93,12231598.0,26146055.130977
801143.SI,20210330,造纸,3129.54,3170.86,3035.13,3095.51,-60.48,-1.92,87448.0,666752.0,25.34,1.89,11997197.0,25730359.684165
801143.SI,20210331,造纸,3119.38,3155.98,3026.62,3087.99,-7.52,-0.24,60019.0,510644.0,24.42,1.88,11968039.0,25584149.222678
801143.SI,20210401,造纸,3093.29,3155.94,3047.53,3130.26,42.28,1.37,53872.0,423368.0,24.76,1.91,12131755.0,25874426.784055
801143.SI,20210402,造纸,3142.71,3231.49,3089.11,3153.86,23.6,0.75,62837.0,557815.0,24.94,1.92,12223217.0,26150554.19341
801143.SI,20210406,造纸,3159.49,3286.04,3133.25,3251.86,98.0,3.11,63909.0,583614.0,25.72,1.98,12603028.0,26911498.212424
801143.SI,20210407,造纸,3262.55,3367.9,3218.15,3291.07,39.21,1.21,76719.0,689934.0,26.03,2.01,12754997.0,27281357.928197
801143.SI,20210408,造纸,3304.61,3349.78,3200.12,3250.4,-40.68,-1.24,60856.0,583308.0,25.71,1.98,12597341.0,26898616.448094
801143.SI,20210409,造纸,3240.23,3293.19,3183.78,3223.04,-27.35,-0.84,44236.0,418308.0,25.5,1.96,12491333.0,26715374.071601
801143.SI,20210412,造纸,3226.26,3254.47,3052.47,3075.0,-148.04,-4.59,56010.0,532896.0,24.46,1.87,11917569.0,25537835.32872
801143.SI,20210413,造纸,3058.21,3123.0,2996.24,3052.45,-22.55,-0.73,44530.0,405050.0,24.33,1.86,11858270.0,25277703.823997
801143.SI,20210414,造纸,3050.28,3108.3,3019.13,3079.01,26.56,0.87,35269.0,320926.0,24.54,1.87,11961451.0,25540254.544021
801143.SI,20210415,造纸,3079.17,3117.24,3000.37,3074.13,-4.87,-0.16,39229.0,371083.0,24.51,1.87,11942512.0,25536548.24407
801143.SI,20210416,造纸,3077.02,3128.34,3029.9,3093.42,19.29,0.63,43964.0,390481.0,24.66,1.87,12017449.0,25677286.260601
801143.SI,20210419,造纸,3073.99,3125.38,3025.63,3093.43,0.01,0.0,45235.0,403719.0,24.6,1.87,12017481.0,25651975.952085
801143.SI,20210420,造纸,3093.2,3163.46,3060.65,3119.64,26.21,0.85,46884.0,431865.0,25.14,1.9,12119311.0,25853578.130455
801143.SI,20210421,造纸,3087.73,3165.45,3051.61,3123.03,3.39,0.11,42539.0,391040.0,24.84,1.89,12132462.0,25996512.940181
801143.SI,20210422,造纸,3130.52,3185.78,3090.65,3131.22,8.19,0.26,39330.0,354069.0,24.63,1.9,12256754.0,26016884.405482
801143.SI,20210423,造纸,3132.83,3166.03,3055.95,3109.47,-21.75,-0.69,38983.0,337901.0,24.46,1.89,12171609.0,25891766.547045
801143.SI,20210426,造纸,3107.69,3144.97,3020.32,3039.3,-70.17,-2.26,46528.0,422646.0,23.89,1.84,11896939.0,25442489.535763
801143.SI,20210427,造纸,3039.42,3114.5,3013.36,3082.68,43.39,1.43,41494.0,333096.0,23.57,1.87,12066772.0,25781374.444543
801143.SI,20210428,造纸,3078.06,3096.88,3019.26,3057.07,-25.62,-0.83,32768.0,292669.0,23.37,1.85,11966494.0,25531534.38173
801143.SI,20210429,造纸,3047.33,3127.92,3017.51,3101.03,43.96,1.44,32593.0,352519.0,22.89,1.87,12138573.0,25809374.540235
801143.SI,20210430,造纸,3112.15,3183.26,3054.9,3133.97,32.95,1.06,43982.0,440423.0,22.13,1.84,12267535.0,26012834.808347
801143.SI,20210506,造纸,3154.84,3211.45,3103.07,3155.13,21.15,0.67,41190.0,363688.0,17.17,1.85,12350337.0,26130267.53508
801143.SI,20210507,造纸,3165.62,3305.64,3133.81,3228.26,73.13,2.32,83982.0,636583.0,17.57,1.89,12636592.0,26577424.625446
801143.SI,20210510,造纸,3251.66,3340.59,3201.95,3295.78,67.52,2.09,73622.0,589019.0,17.77,1.92,12780918.0,26621560.767948
801143.SI,20210511,造纸,3274.92,3309.37,3171.22,3256.34,-39.44,-1.2,57350.0,488633.0,17.72,1.91,12746529.0,26767136.554112
801143.SI,20210512,造纸,3238.67,3289.46,3191.88,3256.05,-0.29,-0.01,43684.0,364165.0,17.72,1.91,12745408.0,26795386.646288
801143.SI,20210513,造纸,3228.97,3266.42,3170.34,3197.82,-58.24,-1.79,51080.0,391003.0,17.4,1.88,12517439.0,26263497.92957
801143.SI,20210514,造纸,3188.25,3236.26,3121.54,3180.03,-17.78,-0.56,51419.0,436062.0,17.3,1.87,12447836.0,26212871.141959
801143.SI,20210517,造纸,3171.44,3257.55,3131.97,3212.8,32.77,1.03,46356.0,396254.0,17.48,1.88,12580442.0,26497157.075615
801143.SI,20210518,造纸,3208.23,3243.12,3146.74,3198.19,-14.61,-0.45,43803.0,345973.0,17.4,1.88,12523231.0,26420819.758451
801143.SI,20210519,造纸,3203.7,3228.86,3114.23,3139.17,-59.03,-1.85,40827.0,350977.0,17.08,1.84,12292100.0,25909091.922067
801143.SI,20210520,造纸,3117.36,3163.46,3023.48,3091.88,-47.28,-1.51,53990.0,475033.0,16.83,1.81,12106946.0,25539082.797626
801143.SI,20210521,造纸,3091.04,3211.08,3064.65,3167.71,75.82,2.45,81645.0,565773.0,17.24,1.86,12403852.0,26118114.746556
801143.SI,20210524,造纸,3252.5,3366.65,3195.53,3241.94,74.24,2.34,98135.0,775973.0,17.64,1.9,12694541.0,26604132.713258
801143.SI,20210525,造纸,3276.15,3333.23,3164.86,3269.96,28.01,0.86,136478.0,1003792.0,18.11,1.95,13027878.0,27823669.604472
801143.SI,20210526,造纸,3283.0,3421.61,3256.07,3385.68,115.73,3.54,123720.0,993168.0,18.75,2.02,13488942.0,28863880.440623
801143.SI,20210527,造纸,3362.97,3381.18,3247.75,3302.93,-82.75,-2.44,121122.0,1057627.0,18.24,1.96,13125244.0,28034816.380176
801143.SI,20210528,造纸,3287.55,3340.12,3211.66,3249.08,-53.86,-1.63,100485.0,912601.0,17.99,1.93,12945973.0,27748550.166276
801143.SI,20210531,造纸,3251.87,3304.9,3195.79,3254.65,5.57,0.17,85719.0,737143.0,18.02,1.94,12968185.0,27732603.345905
801143.SI,20210601,造纸,3270.07,3312.98,3172.41,3250.63,-4.02,-0.12,79736.0,723648.0,18.0,1.94,12946078.0,27734713.908175
801143.SI,20210602,造纸,3236.02,3332.03,3187.89,3247.77,-2.87,-0.09,73883.0,682924.0,17.98,1.93,12934667.0,27643123.128571
801143.SI,20210603,造纸,3230.14,3302.48,3192.56,3238.08,-9.68,-0.3,68809.0,629481.0,17.93,1.93,12896095.0,27671499.885214
801143.SI,20210604,造纸,3238.61,3279.46,3185.66,3241.54,3.46,0.11,58159.0,534798.0,17.95,1.93,12909856.0,27745070.075341
801143.SI,20210607,造纸,3243.46,3299.42,3201.25,3256.09,14.55,0.45,57833.0,577808.0,18.03,1.94,12967814.0,27947932.13228
801143.SI,20210608,造纸,3251.57,3306.97,3180.19,3231.48,-24.61,-0.76,66373.0,623810.0,17.89,1.92,12869797.0,27769564.079102
801143.SI,20210609,造纸,3204.09,3253.01,3149.15,3192.91,-38.57,-1.19,57903.0,531651.0,17.68,1.9,12716184.0,27364063.01538
801143.SI,20210610,造纸,3189.02,3214.56,3082.88,3134.65,-58.25,-1.82,60736.0,584447.0,17.36,1.87,12484179.0,26909252.166089
801143.SI,20210611,造纸,3134.57,3179.93,3056.36,3097.58,-37.07,-1.18,57552.0,558383.0,17.15,1.84,12336545.0,26583010.918014
801143.SI,20210615,造纸,3091.69,3141.2,3004.95,3057.61,-39.97,-1.29,53547.0,476573.0,16.93,1.82,12177339.0,26248209.005223
801143.SI,20210616,造纸,3045.53,3103.14,2988.23,3040.76,-16.85,-0.55,46304.0,445690.0,16.84,1.81,12110246.0,26042108.769637
801143.SI,20210617,造纸,3029.17,3094.94,2983.05,3033.47,-7.29,-0.24,44380.0,399179.0,16.8,1.81,12081216.0,26064495.711565
801143.SI,20210618,造纸,3024.33,3080.05,2952.82,3016.34,-17.14,-0.56,54351.0,534485.0,16.7,1.8,12012966.0,25867127.568283
801143.SI,20210621,造纸,3007.31,3079.03,2961.28,3018.71,2.37,0.08,50446.0,511933.0,16.71,1.8,12022420.0,26045444.361371
801143.SI,20210622,造纸,3036.13,3081.04,2978.39,3031.54,12.83,0.43,49706.0,489968.0,16.78,1.8,12073532.0,26093146.145691
801143.SI,20210623,造纸,3033.7,3088.08,2987.68,3051.47,19.92,0.66,47378.0,465652.0,16.89,1.82,12152872.0,26240825.75724
801143.SI,20210624,造纸,3061.93,3086.86,2985.63,3021.42,-30.05,-0.98,40866.0,455016.0,16.75,1.8,12212693.0,26761964.609507
801143.SI,20210625,造纸,3018.84,3090.25,2975.12,3065.69,44.27,1.47,48668.0,538812.0,16.96,1.82,12391639.0,27237181.88725
801143.SI,20210628,造纸,3069.55,3108.31,3018.42,3059.71,-5.98,-0.19,45216.0,520297.0,16.91,1.82,12367480.0,27259611.766324
801143.SI,20210629,造纸,3062.78,3091.71,2968.69,3021.04,-38.67,-1.26,49109.0,545613.0,16.7,1.8,12211166.0,27004682.143712
801143.SI,20210630,造纸,3012.13,3052.39,2946.96,2988.2,-32.84,-1.09,43359.0,475793.0,16.58,1.78,12155174.0,26725699.239776
801143.SI,20210701,造纸,2990.28,3044.21,2929.99,2951.82,-36.37,-1.22,48685.0,524970.0,16.39,1.76,12007212.0,26411602.063419
801143.SI,20210702,造纸,2940.11,2978.18,2862.57,2898.78,-53.04,-1.8,41808.0,435320.0,16.1,1.73,11799590.0,26016484.587934
801143.SI,20210705,造纸,2894.2,2940.49,2810.06,2874.23,-24.55,-0.85,43395.0,494348.0,15.97,1.71,11699677.0,25981689.304327
801143.SI,20210706,造纸,2875.76,2936.28,2819.82,2885.54,11.31,0.39,46884.0,523979.0,16.03,1.72,11742758.0,25953142.843627
801143.SI,20210707,造纸,2883.5,2935.27,2839.41,2891.83,6.29,0.22,39965.0,440614.0,16.05,1.72,11768339.0,26101414.134193
801143.SI,20210708,造纸,2907.56,2944.38,2827.08,2856.29,-35.54,-1.23,48857.0,517782.0,15.86,1.7,11623718.0,25670667.161145
801143.SI,20210709,造纸,2840.56,2905.58,2800.63,2881.96,25.67,0.9,49998.0,473754.0,16.02,1.72,11728166.0,25851222.970441
801143.SI,20210712,造纸,2901.98,2946.32,2844.94,2888.41,6.45,0.22,50343.0,502259.0,16.05,1.72,11754421.0,25948994.696344
801143.SI,20210713,造纸,2892.57,2992.73,2862.93,2966.46,78.05,2.7,57465.0,592409.0,16.49,1.77,12070197.0,26603092.077359
801143.SI,20210714,造纸,2974.84,3018.63,2907.07,2941.95,-24.51,-0.83,54136.0,594012.0,16.34,1.75,11970484.0,26407035.35986
801143.SI,20210715,造纸,2930.67,2966.75,2860.49,2911.61,-30.34,-1.03,47354.0,491372.0,16.17,1.74,11847032.0,26160374.227323
801143.SI,20210716,造纸,2907.55,2997.98,2857.71,2926.46,14.85,0.51,64064.0,627368.0,16.26,1.75,11907465.0,26135496.059216
801143.SI,20210719,造纸,2920.05,2940.11,2835.82,2865.27,-61.19,-2.09,45921.0,453703.0,15.93,1.71,11658475.0,25556747.073483
801143.SI,20210720,造纸,2840.86,2878.05,2805.24,2847.37,-17.9,-0.62,35899.0,360580.0,15.83,1.7,11585644.0,25454139.611472
801143.SI,20210721,造纸,2854.14,2912.59,2814.7,2855.31,7.94,0.28,45449.0,450730.0,15.88,1.7,11617940.0,25579201.451504
801143.SI,20210722,造纸,2848.51,2901.62,2813.21,2865.5,10.19,0.36,46046.0,449137.0,15.95,1.71,11659391.0,25618784.770492
801143.SI,20210723,造纸,2858.18,2867.04,2753.8,2774.89,-90.61,-3.16,51257.0,507061.0,15.43,1.66,11290705.0,24818826.517085
801143.SI,20210726,造纸,2760.07,2793.72,2679.14,2718.76,-56.12,-2.02,47091.0,431779.0,15.12,1.62,11062355.0,24299305.956088
801143.SI,20210727,造纸,2720.42,2745.74,2592.98,2600.7,-118.07,-4.34,50413.0,439857.0,14.46,1.55,10581960.0,23262873.098408
801143.SI,20210728,造纸,2585.64,2673.66,2515.92,2610.26,9.56,0.37,46871.0,411138.0,14.49,1.56,10620843.0,23444618.680925
801143.SI,20210729,造纸,2637.48,2677.43,2592.03,2629.89,19.63,0.75,34683.0,337485.0,14.61,1.57,10700720.0,23644837.71598
801143.SI,20210730,造纸,2620.31,2660.76,2557.88,2619.71,-10.18,-0.39,36043.0,340012.0,14.56,1.56,10659301.0,23652840.950233
801143.SI,20210802,造纸,2603.72,2708.86,2556.53,2683.82,64.11,2.45,42495.0,407391.0,14.92,1.6,10920155.0,24161951.706077
801143.SI,20210803,造纸,2661.49,2718.37,2635.04,2685.04,1.22,0.05,34969.0,355621.0,14.92,1.6,10925123.0,24342895.490146
801143.SI,20210804,造纸,2700.55,2744.48,2661.99,2713.49,28.46,1.06,38678.0,364316.0,15.19,1.62,10829177.0,24531217.483644
801143.SI,20210805,造纸,2703.02,2730.96,2643.63,2665.76,-47.73,-1.76,35821.0,354535.0,14.93,1.59,10638692.0,24117195.350517
801143.SI,20210806,造纸,2675.15,2714.62,2622.45,2675.55,9.78,0.37,32177.0,303933.0,14.99,1.6,10676594.0,24124219.762779
801143.SI,20210809,造纸,2670.11,2792.16,2657.34,2751.06,75.51,2.82,44695.0,448470.0,15.42,1.64,10977930.0,24756627.717017
801143.SI,20210810,造纸,2748.72,2810.15,2711.86,2784.81,33.75,1.23,44636.0,427962.0,15.61,1.66,11112614.0,24997055.766284
801143.SI,20210811,造纸,2786.14,2851.22,2757.73,2819.43,34.62,1.24,49066.0,483029.0,15.81,1.68,11250744.0,25267974.139877
801143.SI,20210812,造纸,2804.2,2847.8,2765.25,2787.25,-32.18,-1.14,40490.0,383921.0,15.62,1.66,11122332.0,24970440.06059
801143.SI,20210813,造纸,2793.56,2874.27,2767.57,2848.52,61.27,2.2,53900.0,475874.0,15.96,1.7,11366825.0,25515405.098781
801143.SI,20210816,造纸,2849.91,2891.75,2796.06,2830.3,-18.21,-0.64,45540.0,438470.0,15.84,1.69,11294139.0,25446736.626567
801143.SI,20210817,造纸,2818.41,2858.03,2740.2,2753.87,-76.43,-2.7,45593.0,429763.0,15.42,1.64,10989138.0,24742250.913135
801143.SI,20210818,造纸,2742.7,2791.22,2700.71,2758.26,4.39,0.16,37290.0,340259.0,15.45,1.64,11006675.0,24807423.667975
801143.SI,20210819,造纸,2753.26,2795.45,2688.1,2737.86,-20.41,-0.74,42497.0,409480.0,15.33,1.63,10925248.0,24686731.156004
801143.SI,20210820,造纸,2736.47,2775.12,2660.91,2714.28,-23.57,-0.86,43585.0,410246.0,15.21,1.62,10831176.0,24437245.335034
801143.SI,20210823,造纸,2711.45,2753.22,2678.04,2714.66,0.38,0.01,46247.0,403336.0,15.22,1.62,10832676.0,24411276.359503
801143.SI,20210824,造纸,2714.96,2755.54,2679.72,2708.99,-5.67,-0.21,42735.0,372397.0,15.19,1.61,10810062.0,24336437.90706
801143.SI,20210825,造纸,2706.64,2755.28,2664.47,2726.54,17.54,0.65,45179.0,401561.0,15.29,1.62,10880074.0,24527948.945846
801143.SI,20210826,造纸,2721.63,2767.11,2667.82,2696.69,-29.85,-1.09,57839.0,465196.0,15.13,1.6,10760962.0,24142189.783599
801143.SI,20210827,造纸,2686.87,2734.17,2641.28,2694.97,-1.72,-0.06,45755.0,371230.0,14.73,1.57,10297295.0,23493096.568999
801143.SI,20210830,造纸,2698.99,2763.15,2660.42,2704.93,9.97,0.37,51207.0,427931.0,15.11,1.6,10654940.0,24529144.627874
801143.SI,20210831,造纸,2679.52,2750.66,2643.6,2702.65,-2.28,-0.08,53423.0,479264.0,15.1,1.58,10645957.0,24417856.749289
801143.SI,20210901,造纸,2711.92,2788.95,2657.45,2732.43,29.77,1.1,84879.0,693372.0,12.95,1.6,10763239.0,24571620.166162
801143.SI,20210902,造纸,2747.3,2792.89,2694.58,2751.81,19.38,0.71,82767.0,666065.0,13.05,1.61,10837918.0,24579602.98951
801143.SI,20210903,造纸,2740.3,2790.08,2699.05,2741.78,-10.03,-0.36,72736.0,561813.0,13.0,1.61,10798430.0,24453528.685308
801143.SI,20210906,造纸,2745.29,2780.1,2692.79,2742.48,0.7,0.03,64003.0,499294.0,13.0,1.61,10801168.0,24524849.69454
801143.SI,20210907,造纸,2739.85,2794.94,2716.85,2778.79,36.31,1.32,63246.0,485060.0,13.18,1.63,10944166.0,24816493.397291
801143.SI,20210908,造纸,2780.67,2921.03,2756.99,2890.18,111.39,4.01,112567.0,851255.0,13.71,1.69,11382879.0,25660677.938558
801143.SI,20210909,造纸,2885.02,2937.44,2841.19,2894.71,4.53,0.16,94928.0,731283.0,13.74,1.7,11400705.0,25618825.05947
801143.SI,20210910,造纸,2892.29,2995.11,2857.99,2910.78,16.07,0.56,104978.0,822811.0,13.82,1.71,11464000.0,25731551.550148
801143.SI,20210913,造纸,2914.97,2955.95,2846.77,2893.57,-17.2,-0.59,81248.0,668780.0,13.73,1.7,11396243.0,25512364.021312
801143.SI,20210914,造纸,2884.36,2920.51,2802.12,2822.62,-70.96,-2.45,77731.0,592750.0,13.41,1.66,11149467.0,24973735.802814
801143.SI,20210915,造纸,2820.24,2864.76,2779.03,2824.08,1.46,0.05,58481.0,450601.0,13.41,1.66,11155251.0,24929465.653957
801143.SI,20210916,造纸,2821.77,2922.14,2792.29,2825.55,1.47,0.05,76837.0,589132.0,13.42,1.66,11161053.0,24832766.977191
801143.SI,20210917,造纸,2821.9,2845.04,2697.66,2762.17,-63.38,-2.24,73190.0,566729.0,13.12,1.62,10910711.0,24334579.188514
801143.SI,20210922,造纸,2726.17,2785.37,2689.55,2757.19,-4.98,-0.18,53752.0,400487.0,13.1,1.62,10891039.0,24168143.798646
801143.SI,20210923,造纸,2782.31,3021.71,2775.7,3013.86,256.67,9.31,115329.0,1013963.0,14.31,1.77,11904904.0,26359146.550442
801143.SI,20210924,造纸,3043.5,3068.3,2834.47,2890.57,-123.3,-4.09,187456.0,1408865.0,13.77,1.7,11466366.0,25250066.704014
801143.SI,20210927,造纸,2867.91,2913.22,2721.93,2756.3,-134.26,-4.64,104995.0,753046.0,13.13,1.62,10933776.0,24245004.989155
801143.SI,20210928,造纸,2747.0,2817.57,2708.05,2774.02,17.72,0.64,68586.0,493164.0,13.23,1.64,11004057.0,24328082.347452
801143.SI,20210929,造纸,2732.87,2754.55,2626.94,2642.59,-131.44,-4.74,63424.0,460873.0,12.6,1.56,10482672.0,23236517.837836
801143.SI,20210930,造纸,2650.99,2717.58,2625.71,2686.4,43.82,1.66,49898.0,352063.0,12.81,1.58,10656488.0,23654194.191931
801143.SI,20211008,造纸,2700.5,2762.47,2670.2,2714.84,28.43,1.06,46721.0,364119.0,12.95,1.6,10769277.0,23892864.121848
801143.SI,20211011,造纸,2716.83,2747.0,2665.86,2708.04,-6.79,-0.25,44962.0,331777.0,12.92,1.6,10742323.0,
801143.SI,20211012,造纸,2696.23,2726.18,2595.63,2645.88,-62.16,-2.3,50492.0,396081.0,12.61,1.56,10495759.0,
801143.SI,20211013,造纸,2638.91,2675.0,2587.42,2642.63,-3.25,-0.12,37802.0,306130.0,12.6,1.56,10482854.0,23386484.730737
801143.SI,20211014,造纸,2631.92,2679.63,2599.85,2641.61,-1.03,-0.04,32851.0,279103.0,12.59,1.56,10478789.0,23430916.661639
801143.SI,20211015,造纸,2623.22,2643.58,2565.98,2580.04,-61.57,-2.33,40722.0,313139.0,12.33,1.53,10275117.0,22922303.00298
801143.SI,20211018,造纸,2576.8,2621.97,2555.66,2600.78,20.75,0.8,31244.0,232025.0,12.44,1.54,10357754.0,23096925.610799
801143.SI,20211019,造纸,2601.18,2649.96,2573.63,2623.47,22.68,0.87,34799.0,269125.0,12.54,1.55,10448082.0,23278514.74931
801143.SI,20211020,造纸,2637.17,2669.7,2590.57,2630.36,6.9,0.26,33705.0,269090.0,12.58,1.56,10475550.0,23428223.874092
801143.SI,20211021,造纸,2624.43,2652.54,2588.55,2612.41,-17.96,-0.68,34790.0,278655.0,12.5,1.54,10404034.0,23265714.776626
801143.SI,20211022,造纸,2608.06,2660.57,2580.21,2614.5,2.09,0.08,41537.0,326692.0,12.45,1.55,10412378.0,23339374.268178
801143.SI,20211025,造纸,2615.98,2636.95,2565.25,2606.5,-8.0,-0.31,34413.0,284132.0,12.42,1.54,10380521.0,23263976.727717
801143.SI,20211026,造纸,2600.99,2632.0,2565.44,2584.6,-21.9,-0.84,29625.0,244772.0,12.31,1.53,10293291.0,23154126.773555
801143.SI,20211027,造纸,2576.89,2586.66,2484.37,2499.87,-84.73,-3.28,37911.0,312292.0,11.91,1.48,9955844.0,22324349.471901
801143.SI,20211028,造纸,2462.21,2511.67,2409.91,2468.61,-31.25,-1.25,37599.0,290532.0,11.77,1.45,9831376.0,22064632.381876
801143.SI,20211029,造纸,2467.06,2537.4,2432.98,2514.74,46.13,1.87,33170.0,258830.0,11.99,1.47,10015083.0,22468607.360556
801143.SI,20211101,造纸,2491.78,2540.7,2461.91,2519.62,4.88,0.19,31518.0,245029.0,12.51,1.47,10034521.0,22509653.122425
801143.SI,20211102,造纸,2522.3,2567.56,2457.57,2490.04,-29.58,-1.17,37623.0,304543.0,12.36,1.45,9916711.0,22304962.962655
801143.SI,20211103,造纸,2494.22,2539.57,2468.64,2511.16,21.12,0.85,24986.0,214744.0,12.46,1.46,9998628.0,22484666.241272
801143.SI,20211104,造纸,2520.5,2562.72,2490.88,2544.42,33.25,1.32,29301.0,287706.0,12.63,1.48,10131034.0,22779909.84963
801143.SI,20211105,造纸,2550.61,2661.85,2525.9,2585.01,40.59,1.6,63077.0,483076.0,12.83,1.51,10292670.0,23073952.643313
801143.SI,20211108,造纸,2572.29,2619.65,2528.04,2590.0,4.99,0.19,39984.0,321934.0,12.86,1.51,10312520.0,23112716.38668
801143.SI,20211109,造纸,2586.6,2624.11,2563.69,2587.09,-2.91,-0.11,31806.0,246154.0,12.84,1.51,10300946.0,23085926.538397
801143.SI,20211110,造纸,2579.98,2605.05,2531.99,2569.73,-17.36,-0.67,32386.0,261211.0,12.75,1.5,10253074.0,23003258.91777
801143.SI,20211111,造纸,2563.02,2600.01,2546.13,2577.81,8.09,0.31,28391.0,223478.0,12.79,1.5,10285334.0,23067951.996822
801143.SI,20211112,造纸,2582.46,2613.84,2549.23,2579.23,1.41,0.05,28352.0,237291.0,12.81,1.51,10363684.0,23188894.892107
801143.SI,20211115,造纸,2579.67,2636.59,2556.02,2610.06,30.84,1.2,33591.0,281867.0,13.0,1.53,10529663.0,23417006.038581
801143.SI,20211116,造纸,2608.56,2633.46,2563.06,2585.05,-25.01,-0.96,32290.0,278858.0,12.87,1.52,10428762.0,23220364.286634
801143.SI,20211117,造纸,2576.84,2610.51,2550.48,2585.76,0.71,0.03,27463.0,223199.0,12.88,1.52,10431626.0,23166159.916536
801143.SI,20211118,造纸,2583.42,2614.62,2551.75,2574.1,-11.66,-0.45,35251.0,250187.0,12.82,1.51,10384581.0,23057257.549944
801143.SI,20211119,造纸,2569.71,2602.32,2540.93,2580.68,6.58,0.26,32157.0,234787.0,12.85,1.51,10411127.0,23095421.243888
801143.SI,20211122,造纸,2579.23,2604.73,2550.31,2579.53,-1.15,-0.04,29727.0,235568.0,12.84,1.51,10406490.0,23087065.963004
801143.SI,20211123,造纸,2576.46,2633.21,2558.02,2604.24,24.71,0.96,37191.0,289876.0,12.97,1.53,10506181.0,23318510.559017
801143.SI,20211124,造纸,2601.37,2628.43,2562.58,2602.43,-1.81,-0.07,30944.0,311529.0,12.95,1.53,10498862.0,23383317.315633
801143.SI,20211125,造纸,2601.55,2629.36,2572.27,2589.14,-13.28,-0.51,26434.0,263226.0,12.88,1.52,10445271.0,23276872.579903
801143.SI,20211126,造纸,2588.74,2617.25,2558.07,2575.97,-13.17,-0.51,30174.0,263815.0,12.82,1.51,10392131.0,23143007.895029
801143.SI,20211129,造纸,2543.17,2569.97,2511.45,2539.45,-36.52,-1.42,29918.0,243705.0,12.63,1.49,10244808.0,22800428.785353
801143.SI,20211130,造纸,2546.21,2617.35,2531.09,2566.29,26.83,1.06,40004.0,299430.0,12.77,1.5,10353057.0,23015947.96398
801143.SI,20211201,造纸,2564.93,2698.12,2557.91,2677.65,111.36,4.34,87536.0,633934.0,13.33,1.57,10802329.0,23954880.821172
801143.SI,20211202,造纸,2693.54,2751.88,2651.17,2674.8,-2.85,-0.11,79075.0,613197.0,13.32,1.57,10800186.0,23940932.365275
801143.SI,20211203,造纸,2663.1,2691.0,2606.14,2654.77,-20.03,-0.75,61092.0,452741.0,13.22,1.56,10719295.0,23816216.966386
801143.SI,20211206,造纸,2642.2,2670.76,2590.64,2602.95,-51.82,-1.95,47486.0,369953.0,12.97,1.53,10510060.0,23296308.523436
801143.SI,20211207,造纸,2612.87,2632.88,2561.28,2606.01,3.06,0.12,38895.0,294118.0,12.98,1.53,10522423.0,23323738.250898
801143.SI,20211208,造纸,2620.5,2654.52,2593.06,2628.25,22.24,0.85,38715.0,286872.0,13.09,1.54,10612218.0,23486245.047006
801143.SI,20211209,造纸,2629.01,2687.7,2606.27,2646.81,18.56,0.71,47923.0,396172.0,13.19,1.55,10687156.0,23612292.697865
801143.SI,20211210,造纸,2631.02,2667.18,2602.62,2638.69,-8.12,-0.31,43074.0,342339.0,13.15,1.55,10654367.0,23551154.864173
801143.SI,20211213,造纸,2637.53,2686.95,2618.42,2657.13,18.44,0.7,41764.0,306533.0,11.97,1.4,8957279.0,18730102.45265
801143.SI,20211214,造纸,2649.32,2680.74,2622.33,2652.92,-4.21,-0.16,36386.0,266683.0,11.95,1.39,8943095.0,18717373.535842
801143.SI,20211215,造纸,2656.71,2702.88,2628.31,2662.91,9.99,0.38,53466.0,345876.0,11.99,1.4,8976769.0,18742804.352509
801143.SI,20211216,造纸,2665.85,2714.88,2641.15,2687.7,24.79,0.93,47593.0,324873.0,12.11,1.41,9060342.0,18952615.098254
801143.SI,20211217,造纸,2686.76,2723.04,2650.87,2687.07,-0.63,-0.02,44524.0,303836.0,12.1,1.41,9058213.0,18998803.773056
801143.SI,20211220,造纸,2673.1,2695.26,2617.05,2637.13,-49.94,-1.86,47115.0,338963.0,11.88,1.39,8889849.0,18647001.594419
801143.SI,20211221,造纸,2634.95,2687.18,2620.15,2668.89,31.76,1.2,43541.0,267088.0,12.02,1.4,8996916.0,18863240.319141
801143.SI,20211222,造纸,2679.36,2714.7,2646.51,2681.28,12.39,0.46,48311.0,332119.0,12.08,1.41,9038683.0,19035513.604414
801143.SI,20211223,造纸,2684.5,2706.38,2648.61,2670.01,-11.27,-0.42,39279.0,279517.0,12.03,1.4,9000704.0,18983971.701913
801143.SI,20211224,造纸,2674.19,2692.04,2620.45,2641.47,-28.55,-1.07,38503.0,254159.0,11.9,1.39,8904471.0,18746442.385337
801143.SI,20211227,造纸,2638.75,2667.75,2596.53,2629.83,-11.64,-0.44,37285.0,236620.0,11.85,1.38,8865239.0,18665990.081594
801143.SI,20211228,造纸,2630.16,2665.96,2610.29,2651.62,21.8,0.83,28856.0,204309.0,11.94,1.39,8938717.0,18907653.539974
801143.SI,20211229,造纸,2651.26,2696.0,2617.7,2666.04,14.42,0.54,34325.0,248062.0,12.01,1.41,9093715.0,19090053.343251
801143.SI,20211230,造纸,2667.28,2703.04,2646.73,2672.06,6.02,0.23,36181.0,242038.0,12.04,1.41,9114257.0,19118516.180492
801143.SI,20211231,造纸,2681.19,2707.4,2653.56,2682.6,10.53,0.39,35066.0,236513.0,12.08,1.41,9150186.0,19156797.760929
801143.SI,20220104,造纸,2685.94,2756.38,2666.82,2724.26,41.66,1.55,56022.0,349334.0,12.27,1.44,9292301.0,19385229.060717
801143.SI,20220105,造纸,2724.3,2757.25,2666.96,2689.62,-34.64,-1.27,47787.0,322935.0,12.11,1.42,9174153.0,19125920.919523
801143.SI,20220106,造纸,2678.86,2769.64,2661.48,2749.27,59.65,2.22,50875.0,340923.0,12.38,1.45,9377601.0,19581822.822422
801143.SI,20220107,造纸,2760.35,2796.07,2706.52,2723.32,-25.95,-0.94,55764.0,394174.0,12.27,1.44,9288402.0,19347691.556033
801143.SI,20220110,造纸,2724.06,2778.04,2702.83,2743.42,20.1,0.74,41772.0,284820.0,12.36,1.45,9356960.0,19463174.032725
801143.SI,20220111,造纸,2743.71,2769.28,2702.26,2717.43,-25.99,-0.95,36323.0,254631.0,12.24,1.43,9268372.0,19302519.815757
801143.SI,20220112,造纸,2718.07,2757.2,2693.94,2736.21,18.78,0.69,35314.0,246034.0,12.32,1.44,9332427.0,19436312.51534
801143.SI,20220113,造纸,2736.73,2775.75,2709.86,2726.71,-9.5,-0.35,37118.0,255758.0,12.28,1.44,9300023.0,19344864.549278
801143.SI,20220114,造纸,2719.01,2729.41,2646.6,2659.65,-67.07,-2.46,43691.0,274789.0,11.98,1.4,9071278.0,18918274.919487
801143.SI,20220117,造纸,2657.28,2707.82,2639.72,2681.55,21.9,0.82,33757.0,221613.0,12.08,1.41,9145983.0,19068505.813642
801143.SI,20220118,造纸,2687.96,2713.28,2637.63,2661.97,-19.58,-0.73,37223.0,248198.0,11.99,1.4,9079187.0,18965788.497093
801143.SI,20220119,造纸,2666.21,2707.69,2645.55,2685.23,23.26,0.87,30687.0,214471.0,12.09,1.42,9158526.0,19084100.33262
801143.SI,20220120,造纸,2695.22,2718.74,2644.76,2658.01,-27.22,-1.01,35193.0,250662.0,11.97,1.4,9065699.0,18874856.401488
801143.SI,20220121,造纸,2666.18,2689.64,2620.58,2640.82,-17.19,-0.65,40352.0,285379.0,11.89,1.39,9007060.0,18708827.271914
801143.SI,20220124,造纸,2635.94,2672.97,2590.6,2632.16,-8.65,-0.33,47823.0,357613.0,11.85,1.39,8977543.0,18604443.614085
801143.SI,20220125,造纸,2622.64,2645.4,2513.41,2533.55,-98.62,-3.75,57160.0,411705.0,11.41,1.34,8641185.0,17884093.315255
801143.SI,20220126,造纸,2546.97,2590.74,2504.06,2540.86,7.32,0.29,50428.0,380095.0,11.44,1.34,8666139.0,17989282.722617
801143.SI,20220127,造纸,2514.7,2526.99,2445.58,2452.84,-88.02,-3.46,26839.0,176065.0,11.05,1.29,8365917.0,17375908.510239
801143.SI,20220128,造纸,2460.99,2521.51,2431.19,2483.0,30.17,1.23,43186.0,274773.0,11.18,1.31,8468803.0,17594762.546524
801143.SI,20220207,造纸,2504.1,2548.92,2474.54,2514.3,31.3,1.26,36700.0,228350.0,11.32,1.33,8575550.0,17745648.176941
801143.SI,20220208,造纸,2516.63,2566.25,2481.67,2547.05,32.75,1.3,42521.0,272265.0,11.47,1.34,8687250.0,17859504.329794
801143.SI,20220209,造纸,2541.38,2587.28,2522.51,2560.44,13.39,0.53,46633.0,314297.0,11.53,1.35,8732906.0,17904022.766195
801143.SI,20220210,造纸,2557.83,2584.95,2528.11,2566.74,6.31,0.25,39777.0,267374.0,11.56,1.35,8754416.0,17928109.406374
801143.SI,20220211,造纸,2554.95,2590.97,2519.81,2533.53,-33.21,-1.29,37535.0,255123.0,11.41,1.34,8641140.0,17667347.826742
801143.SI,20220214,造纸,2525.06,2565.3,2497.03,2528.71,-4.82,-0.19,33394.0,217255.0,11.39,1.33,8624685.0,17620441.354823
801143.SI,20220215,造纸,2530.0,2553.21,2484.59,2517.13,-11.58,-0.46,29786.0,197136.0,11.34,1.33,8585180.0,17600521.317499
801143.SI,20220216,造纸,2533.68,2567.39,2515.92,2542.54,25.41,1.01,30793.0,207365.0,11.45,1.34,8671848.0,17769031.848189
801143.SI,20220217,造纸,2541.67,2576.23,2516.23,2541.51,-1.03,-0.04,38411.0,252781.0,11.45,1.34,8668338.0,17754305.270127
801143.SI,20220218,造纸,2533.86,2571.53,2514.8,2556.52,15.01,0.59,31618.0,203416.0,11.51,1.35,8719547.0,17831666.693418
801143.SI,20220221,造纸,2562.81,2606.97,2544.66,2598.16,41.64,1.63,32485.0,230278.0,11.7,1.37,8861559.0,18120356.041055
801143.SI,20220222,造纸,2590.46,2626.82,2565.57,2583.6,-14.56,-0.56,33602.0,228482.0,11.64,1.36,8811898.0,18030661.194948
801143.SI,20220223,造纸,2605.68,2632.3,2584.2,2614.11,30.51,1.18,27794.0,193932.0,11.77,1.38,8915954.0,18302716.503328
801143.SI,20220224,造纸,2622.39,2669.93,2548.88,2583.23,-30.88,-1.18,47667.0,312193.0,11.63,1.36,8810632.0,18109082.960515
801143.SI,20220225,造纸,2603.95,2652.97,2594.56,2621.96,38.74,1.5,30443.0,205250.0,11.81,1.38,8942752.0,18400568.956225
801143.SI,20220228,造纸,2643.44,2680.1,2581.86,2645.7,23.73,0.91,52082.0,488823.0,11.92,1.39,9023705.0,18591805.393587
801143.SI,20220301,造纸,2639.97,2698.75,2611.09,2669.81,24.11,0.91,48515.0,460770.0,12.02,1.41,9105937.0,18736128.616625
801143.SI,20220302,造纸,2650.83,2689.44,2624.63,2677.86,8.05,0.3,40971.0,392769.0,12.06,1.41,9133385.0,18770833.119428
801143.SI,20220303,造纸,2690.62,2770.81,2674.89,2739.37,61.52,2.3,65119.0,629630.0,12.34,1.44,9343195.0,19196925.815239
801143.SI,20220304,造纸,2728.76,2762.83,2675.58,2724.43,-14.95,-0.55,55204.0,539752.0,12.27,1.44,9292220.0,19089203.196953
801143.SI,20220307,造纸,2707.58,2731.77,2652.66,2683.4,-41.03,-1.51,47126.0,420134.0,12.09,1.41,9152289.0,18735988.469313
801143.SI,20220308,造纸,2686.87,2711.79,2562.76,2578.01,-105.39,-3.93,55683.0,511858.0,11.61,1.36,8792845.0,17997392.05051
801143.SI,20220309,造纸,2586.86,2628.51,2435.99,2562.54,-15.47,-0.6,57427.0,491580.0,11.54,1.35,8740079.0,17869444.850451
801143.SI,20220310,造纸,2604.88,2661.19,2566.87,2605.33,42.78,1.67,52830.0,485365.0,11.73,1.37,8886003.0,18146061.823362
801143.SI,20220311,造纸,2574.94,2639.77,2529.61,2627.26,21.94,0.84,45300.0,453917.0,11.9,1.39,8960826.0,18277288.685339
801143.SI,20220314,造纸,2612.54,2656.67,2546.09,2554.76,-72.5,-2.76,44810.0,470473.0,11.58,1.35,8713549.0,17728570.37829
801143.SI,20220315,造纸,2538.33,2563.77,2379.28,2417.53,-137.23,-5.37,55560.0,504612.0,10.95,1.27,8245483.0,16765313.153946
801143.SI,20220316,造纸,2455.18,2503.49,2353.6,2484.5,66.97,2.77,48204.0,468285.0,11.26,1.31,8473906.0,17232948.391893
801143.SI,20220317,造纸,2516.75,2574.17,2482.68,2508.95,24.45,0.98,50504.0,599671.0,11.5,1.32,8689045.0,17414564.621282
801143.SI,20220318,造纸,2495.39,2563.7,2473.4,2531.6,22.65,0.9,43543.0,470073.0,11.6,1.33,8767480.0,17511312.054369
801143.SI,20220321,造纸,2520.78,2569.88,2494.79,2534.86,3.26,0.13,46427.0,417212.0,11.79,1.34,8778781.0,17547026.113836
801143.SI,20220322,造纸,2528.25,2591.08,2504.17,2555.81,20.95,0.83,40532.0,408953.0,11.89,1.35,8851322.0,17654478.742287
801143.SI,20220323,造纸,2551.18,2568.73,2512.34,2529.91,-25.9,-1.01,34972.0,347723.0,11.77,1.33,8761638.0,17490619.159951
801143.SI,20220324,造纸,2517.55,2537.33,2478.45,2501.46,-28.45,-1.12,32386.0,310356.0,11.64,1.32,8663093.0,17291622.723066
801143.SI,20220325,造纸,2498.97,2535.97,2465.84,2479.33,-22.12,-0.88,32156.0,285009.0,11.52,1.31,8574301.0,17187361.889848
801143.SI,20220328,造纸,2475.26,2501.6,2419.11,2475.25,-4.09,-0.16,31367.0,235300.0,11.5,1.31,8560168.0,17092918.545294
801143.SI,20220329,造纸,2474.48,2503.15,2438.4,2463.65,-11.6,-0.47,28616.0,231788.0,11.5,1.3,8520055.0,17014516.218542
801143.SI,20220330,造纸,2474.05,2520.5,2454.15,2510.78,47.13,1.91,29144.0,234756.0,11.72,1.32,8683042.0,17383963.892014
801143.SI,20220331,造纸,2498.3,2537.99,2464.34,2495.0,-15.77,-0.63,39926.0,334634.0,12.35,1.33,8628497.0,17234065.006857
801143.SI,20220401,造纸,2475.98,2507.68,2442.39,2481.35,-13.65,-0.55,39121.0,309521.0,12.28,1.33,8581291.0,17163255.76817
801143.SI,20220406,造纸,2471.4,2542.44,2458.53,2526.59,45.23,1.82,45219.0,315970.0,12.51,1.35,8737721.0,17438970.953028
801143.SI,20220407,造纸,2519.48,2541.86,2473.14,2478.24,-48.34,-1.91,36460.0,277956.0,12.27,1.32,8570540.0,17093429.938743
801143.SI,20220408,造纸,2475.43,2502.03,2431.87,2466.92,-11.33,-0.46,34470.0,255676.0,12.21,1.32,8531372.0,16988692.304396
801143.SI,20220411,造纸,2461.76,2487.7,2397.49,2416.62,-50.3,-2.04,36479.0,255110.0,11.96,1.29,8357427.0,16612733.338689
801143.SI,20220412,造纸,2414.69,2457.53,2373.94,2450.79,34.17,1.41,33099.0,234388.0,12.13,1.31,8475597.0,16832776.845748
801143.SI,20220413,造纸,2442.23,2459.23,2392.93,2409.51,-41.28,-1.68,26834.0,191558.0,11.93,1.29,8332851.0,16544231.287126
801143.SI,20220414,造纸,2413.09,2449.22,2391.05,2421.8,12.28,0.51,28861.0,208015.0,11.99,1.29,8375328.0,16634933.180841
801143.SI,20220415,造纸,2410.53,2436.41,2362.8,2384.98,-36.82,-1.52,37740.0,296303.0,11.81,1.27,8247990.0,16391714.237181
801143.SI,20220418,造纸,2369.04,2397.67,2312.72,2370.76,-14.21,-0.6,31061.0,223977.0,12.81,1.27,8198840.0,16344596.278059
801143.SI,20220419,造纸,2371.55,2405.78,2347.63,2385.18,14.41,0.61,25551.0,192236.0,12.89,1.28,8248687.0,16425895.630469
801143.SI,20220420,造纸,2391.61,2412.42,2332.98,2352.4,-32.77,-1.37,30266.0,233942.0,12.71,1.26,8135350.0,16204249.526768
801143.SI,20220421,造纸,2347.27,2357.45,2242.66,2257.93,-94.47,-4.02,36530.0,241834.0,12.2,1.21,7808640.0,15561325.330378
801143.SI,20220422,造纸,2239.27,2284.42,2196.1,2249.52,-8.42,-0.37,26119.0,174443.0,12.2,1.21,7779536.0,15538008.680798
801143.SI,20220425,造纸,2209.3,2220.15,2083.89,2088.62,-160.9,-7.15,38193.0,218605.0,11.39,1.12,7223089.0,14425624.152531
801143.SI,20220426,造纸,2091.91,2131.2,2013.5,2033.35,-55.27,-2.65,31464.0,181473.0,11.09,1.09,7031943.0,14035924.927109
801143.SI,20220427,造纸,2009.53,2101.57,1974.0,2089.21,55.87,2.75,33279.0,199093.0,11.37,1.11,7225146.0,14444286.735905
801143.SI,20220428,造纸,2085.41,2120.54,2023.29,2074.12,-15.09,-0.72,28232.0,184694.0,11.38,1.1,7194224.0,14299698.793129
801143.SI,20220429,造纸,2079.43,2160.34,2067.11,2138.54,64.43,3.11,32657.0,217407.0,11.73,1.13,7417695.0,14783966.658341
801143.SI,20220505,造纸,2143.64,2190.46,2118.32,2168.38,29.84,1.4,27533.0,183771.0,15.19,1.14,7521193.0,15032936.757824
801143.SI,20220506,造纸,2126.35,2175.05,2104.52,2148.47,-19.92,-0.92,23596.0,151628.0,15.05,1.13,7452114.0,14887990.451915
801143.SI,20220509,造纸,2184.56,2318.81,2174.58,2299.54,151.07,7.03,51830.0,339728.0,16.11,1.21,7976116.0,15883918.25935
801143.SI,20220510,造纸,2313.9,2364.2,2262.05,2303.65,4.12,0.18,82145.0,554941.0,16.14,1.21,7990391.0,15881727.039235
801143.SI,20220511,造纸,2286.31,2385.44,2246.47,2291.36,-12.29,-0.53,74016.0,514064.0,16.05,1.2,7947750.0,15829333.456429
801143.SI,20220512,造纸,2258.12,2307.81,2234.64,2277.48,-13.88,-0.61,43215.0,302365.0,15.95,1.2,7899591.0,15737410.960694
801143.SI,20220513,造纸,2278.38,2293.37,2235.69,2263.27,-14.2,-0.62,28698.0,198831.0,15.85,1.19,7850323.0,15629234.326823
801143.SI,20220516,造纸,2272.67,2306.26,2239.63,2262.22,-1.05,-0.05,34153.0,230279.0,15.85,1.19,7848321.0,15611296.701907
801143.SI,20220517,造纸,2258.55,2285.2,2207.91,2257.46,-4.76,-0.21,30234.0,220227.0,15.82,1.19,7831797.0,15602133.679049
801143.SI,20220518,造纸,2263.46,2287.05,2240.56,2253.98,-3.48,-0.15,27031.0,205759.0,15.79,1.18,7819736.0,15565782.274707
801143.SI,20220519,造纸,2222.02,2273.06,2201.65,2257.37,3.39,0.15,28660.0,193117.0,15.81,1.19,7831489.0,15588868.892724
801143.SI,20220520,造纸,2262.05,2292.53,2243.9,2270.9,13.53,0.6,28685.0,198571.0,15.91,1.19,7878426.0,15692515.025888
801143.SI,20220523,造纸,2276.12,2300.81,2252.81,2277.42,6.52,0.29,27331.0,199277.0,15.96,1.2,7901047.0,15725173.871983
801143.SI,20220524,造纸,2280.99,2292.6,2169.98,2178.06,-99.37,-4.36,36235.0,256572.0,15.26,1.14,7556315.0,15043316.769589
801143.SI,20220525,造纸,2177.91,2220.76,2165.79,2207.96,29.9,1.37,22007.0,148546.0,15.47,1.16,7660051.0,15216201.029561
801143.SI,20220526,造纸,2213.49,2268.1,2175.61,2245.78,37.82,1.71,35514.0,223838.0,15.73,1.18,7791271.0,15468364.356322
801143.SI,20220527,造纸,2250.91,2277.59,2214.38,2246.98,1.2,0.05,32665.0,217785.0,15.74,1.18,7795421.0,15458646.654656
801143.SI,20220530,造纸,2253.16,2283.77,2224.23,2256.6,9.63,0.43,31382.0,217909.0,15.81,1.19,7828822.0,15520498.267629
801143.SI,20220531,造纸,2254.37,2315.63,2235.75,2303.68,47.08,2.09,39704.0,251016.0,16.14,1.21,7992148.0,15873222.410599
801143.SI,20220601,造纸,2295.6,2350.58,2268.01,2308.73,5.05,0.22,40080.0,262222.0,16.17,1.21,8008718.0,15957712.665612
801143.SI,20220602,造纸,2293.61,2309.47,2247.52,2288.02,-20.71,-0.9,34723.0,220731.0,16.03,1.2,7936865.0,15868682.499012
801143.SI,20220606,造纸,2283.09,2312.06,2262.95,2300.27,12.25,0.54,33404.0,211562.0,16.11,1.21,7979353.0,15951364.957972
801143.SI,20220607,造纸,2299.06,2321.55,2263.42,2292.51,-7.75,-0.34,28273.0,192159.0,16.06,1.21,7952453.0,15905861.553941
801143.SI,20220608,造纸,2294.77,2312.38,2246.72,2291.05,-1.46,-0.06,30714.0,211633.0,16.05,1.2,7947394.0,15874501.415081
801143.SI,20220609,造纸,2283.38,2295.21,2240.31,2255.72,-35.34,-1.54,25150.0,175625.0,15.8,1.19,7824819.0,15614842.176853
801143.SI,20220610,造纸,2244.11,2279.51,2234.57,2268.97,13.25,0.59,21410.0,136334.0,15.89,1.19,7870788.0,15708768.856988
801143.SI,20220613,造纸,2252.41,2276.69,2219.03,2241.95,-27.02,-1.19,22270.0,147666.0,15.7,1.18,7777051.0,15507429.766836
801143.SI,20220614,造纸,2226.09,2260.18,2179.86,2253.85,11.9,0.53,28383.0,172797.0,15.79,1.18,7818336.0,15585644.446703
801143.SI,20220615,造纸,2261.57,2306.3,2239.2,2256.52,2.67,0.12,35266.0,220510.0,15.81,1.19,7827607.0,15599038.049747
801143.SI,20220616,造纸,2260.88,2384.98,2254.81,2342.93,86.41,3.83,60907.0,426670.0,16.41,1.23,8127360.0,16283447.717513
801143.SI,20220617,造纸,2326.54,2356.65,2286.81,2327.33,-15.61,-0.67,42925.0,318339.0,16.3,1.22,8073228.0,16182744.778233
801143.SI,20220620,造纸,2323.08,2349.86,2301.93,2329.13,1.8,0.08,29743.0,234118.0,16.32,1.22,8079461.0,16273406.283559
801143.SI,20220621,造纸,2322.75,2359.04,2301.74,2329.28,0.15,0.01,28108.0,212679.0,16.32,1.22,8079994.0,16287422.531452
801143.SI,20220622,造纸,2324.5,2348.3,2286.47,2298.0,-31.28,-1.34,24075.0,180065.0,16.1,1.21,7973817.0,16082268.393985
801143.SI,20220623,造纸,2311.45,2339.62,2283.8,2324.97,26.97,1.17,30826.0,214336.0,16.29,1.22,8067688.0,16276193.834432
801143.SI,20220624,造纸,2327.16,2365.95,2311.47,2334.6,9.63,0.41,31114.0,227290.0,16.35,1.23,8101105.0,16354185.98818
801143.SI,20220627,造纸,2335.32,2368.66,2317.02,2344.45,9.84,0.42,32397.0,213123.0,16.42,1.23,8135264.0,16423539.374504
801143.SI,20220628,造纸,2353.07,2399.29,2337.62,2379.64,35.19,1.5,34235.0,232399.0,16.67,1.25,8257379.0,16713099.08717
801143.SI,20220629,造纸,2371.29,2400.8,2332.51,2343.19,-36.45,-1.53,31778.0,237575.0,16.41,1.23,8130902.0,16483521.867392
801143.SI,20220630,造纸,2347.59,2382.22,2326.0,2360.12,16.93,0.72,28299.0,206962.0,16.53,1.24,8189665.0,16613975.261462
801143.SI,20220701,造纸,2359.15,2389.98,2328.9,2355.61,-4.51,-0.19,24092.0,166271.0,16.5,1.24,8174001.0,16578259.970872
801143.SI,20220704,造纸,2356.5,2389.44,2327.66,2373.73,18.12,0.77,22482.0,167739.0,16.63,1.25,8236881.0,16735169.870819
801143.SI,20220705,造纸,2375.44,2394.94,2328.28,2360.61,-13.12,-0.55,27671.0,191596.0,16.54,1.24,8191341.0,16610848.552781
801143.SI,20220706,造纸,2352.55,2359.93,2291.66,2310.57,-50.04,-2.12,25490.0,173091.0,16.13,1.21,7991324.0,16184757.30924
801143.SI,20220707,造纸,2313.72,2349.97,2299.7,2327.22,16.66,0.72,20855.0,141929.0,16.3,1.22,8075500.0,16430482.156541
801143.SI,20220708,造纸,2339.4,2362.32,2311.85,2331.03,3.81,0.16,21430.0,151112.0,16.33,1.23,8088704.0,16435603.019307
801143.SI,20220711,造纸,2325.49,2356.69,2282.91,2316.85,-14.18,-0.61,26766.0,190995.0,16.23,1.22,8039504.0,16306516.424664
801143.SI,20220712,造纸,2322.53,2358.72,2291.56,2312.84,-4.01,-0.17,26507.0,180235.0,16.2,1.22,8025601.0,16248642.481661
801143.SI,20220713,造纸,2313.47,2371.96,2294.62,2351.31,38.46,1.66,34336.0,205793.0,16.47,1.24,8159066.0,16472207.214649
801143.SI,20220714,造纸,2347.82,2369.3,2311.4,2341.27,-10.03,-0.43,31081.0,190155.0,16.4,1.23,8124254.0,16407269.550834
801143.SI,20220715,造纸,2324.49,2359.99,2264.51,2281.98,-59.29,-2.53,36630.0,214023.0,15.98,1.2,7918515.0,16041287.492201
801143.SI,20220718,造纸,2273.17,2368.58,2265.86,2339.77,57.79,2.53,32114.0,196659.0,16.39,1.23,8119032.0,16433170.28926
801143.SI,20220719,造纸,2343.44,2379.36,2319.18,2351.26,11.49,0.49,25055.0,166980.0,16.47,1.24,8158910.0,16528562.120282
801143.SI,20220720,造纸,2354.16,2378.9,2328.97,2354.51,3.25,0.14,22286.0,159958.0,16.49,1.24,8170173.0,16600783.656486
801143.SI,20220721,造纸,2355.85,2384.29,2330.63,2349.49,-5.01,-0.21,24948.0,181420.0,16.46,1.24,8152774.0,16582948.579699
801143.SI,20220722,造纸,2351.09,2378.6,2321.63,2346.4,-3.09,-0.13,22582.0,152306.0,16.44,1.23,8142059.0,16557258.570062
801143.SI,20220725,造纸,2345.61,2376.04,2318.97,2340.86,-5.55,-0.24,20768.0,135099.0,16.4,1.23,8127081.0,16489021.249137
801143.SI,20220726,造纸,2342.01,2374.88,2316.09,2362.61,21.76,0.93,25606.0,152863.0,16.55,1.24,8202616.0,16633458.680214
801143.SI,20220727,造纸,2362.2,2407.35,2352.06,2380.77,18.16,0.77,27801.0,182946.0,16.68,1.25,8265672.0,16774624.431543
801143.SI,20220728,造纸,2385.01,2402.93,2357.98,2367.9,-12.88,-0.54,22022.0,147529.0,16.59,1.24,8220968.0,16643326.325371
801143.SI,20220729,造纸,2370.5,2389.23,2338.07,2347.43,-20.47,-0.86,21918.0,137056.0,16.44,1.23,8159186.0,16477598.845245
801143.SI,20220801,造纸,2345.74,2357.9,2299.12,2325.27,-22.16,-0.94,20901.0,136196.0,16.29,1.22,8082176.0,16322338.248874
801143.SI,20220802,造纸,2310.86,2316.92,2194.88,2234.25,-91.02,-3.91,34056.0,209480.0,15.65,1.17,7765810.0,15705655.299434
801143.SI,20220803,造纸,2230.12,2290.37,2206.53,2217.31,-16.94,-0.76,25445.0,168518.0,15.53,1.16,7706923.0,15584700.259385
801143.SI,20220804,造纸,2232.75,2261.1,2206.74,2243.63,26.32,1.19,18232.0,117577.0,15.72,1.18,7798409.0,15767350.282016
801143.SI,20220805,造纸,2244.5,2285.17,2223.03,2275.79,32.16,1.43,17924.0,116796.0,15.94,1.2,7911100.0,16005416.070623
801143.SI,20220808,造纸,2274.44,2298.51,2254.66,2279.08,3.29,0.14,15739.0,100977.0,15.96,1.2,7922528.0,16047240.87177
801143.SI,20220809,造纸,2280.55,2293.4,2255.84,2272.17,-6.91,-0.3,13307.0,88131.0,15.92,1.19,7898515.0,16012245.851306
801143.SI,20220810,造纸,2270.62,2287.86,2241.29,2263.69,-8.48,-0.37,14099.0,96516.0,15.86,1.19,7869030.0,15930624.117741
801143.SI,20220811,造纸,2273.91,2304.52,2260.82,2292.84,29.15,1.29,18768.0,121862.0,16.06,1.2,7970358.0,16096771.059104
801143.SI,20220812,造纸,2291.49,2332.1,2277.58,2312.6,19.76,0.86,20766.0,140307.0,16.18,1.22,8066220.0,16231076.046746
801143.SI,20220815,造纸,2312.32,2324.16,2281.91,2301.33,-11.27,-0.49,16124.0,111136.0,16.1,1.21,8026924.0,16154868.595699
801143.SI,20220816,造纸,2304.16,2321.68,2282.09,2304.74,3.41,0.15,15644.0,107376.0,16.13,1.21,8038827.0,16219844.676009
801143.SI,20220817,造纸,2307.21,2321.66,2285.03,2306.8,2.06,0.09,15492.0,97478.0,16.14,1.21,8046001.0,16207592.494731
801143.SI,20220818,造纸,2301.09,2315.63,2269.59,2284.5,-22.3,-0.97,16883.0,117654.0,15.99,1.2,7968231.0,16089133.578163
801143.SI,20220819,造纸,2281.95,2316.18,2265.19,2278.32,-6.18,-0.27,18735.0,130463.0,15.94,1.2,7946676.0,16034504.491469
801143.SI,20220822,造纸,2277.7,2306.35,2258.79,2294.14,15.82,0.69,16109.0,108980.0,16.05,1.21,8001844.0,16126724.441077
801143.SI,20220823,造纸,2291.87,2305.05,2265.91,2285.13,-9.01,-0.39,16370.0,109455.0,15.99,1.2,7970416.0,16032781.578996
801143.SI,20220824,造纸,2288.55,2309.83,2239.21,2257.82,-27.31,-1.2,26569.0,181837.0,15.8,1.19,7875164.0,15835161.796199
801143.SI,20220825,造纸,2257.62,2269.05,2210.42,2243.31,-14.51,-0.64,21148.0,143304.0,15.7,1.18,7824557.0,15732533.508154
801143.SI,20220826,造纸,2250.86,2294.14,2232.67,2266.7,23.39,1.04,21492.0,141863.0,15.86,1.2,7906153.0,15911177.668113
801143.SI,20220829,造纸,2255.58,2303.48,2229.07,2290.25,23.55,1.04,22660.0,162884.0,16.03,1.2,7988282.0,16075264.818572
801143.SI,20220830,造纸,2296.76,2350.63,2279.33,2320.5,30.25,1.32,41663.0,286981.0,16.25,1.22,8100535.0,16317519.573249
801143.SI,20220831,造纸,2310.83,2325.42,2258.63,2271.53,-48.96,-2.11,33343.0,209943.0,15.91,1.19,7932902.0,15936386.166518
801143.SI,20220901,造纸,2276.25,2304.61,2248.33,2262.36,-9.18,-0.4,23639.0,146223.0,21.09,1.19,7900847.0,15877446.382675
801143.SI,20220902,造纸,2266.15,2298.97,2242.41,2272.27,9.92,0.44,20652.0,133523.0,21.18,1.19,7935486.0,15900732.285219
801143.SI,20220905,造纸,2266.41,2297.05,2243.11,2277.43,5.15,0.23,18750.0,119614.0,21.23,1.2,7953478.0,15885928.335108
801143.SI,20220906,造纸,2280.82,2309.96,2266.37,2300.03,22.6,0.99,20534.0,124882.0,21.44,1.21,8032414.0,16070950.129205
801143.SI,20220907,造纸,2298.88,2312.62,2269.61,2288.84,-11.19,-0.49,19523.0,118920.0,21.34,1.2,7993319.0,16005419.602123
801143.SI,20220908,造纸,2292.23,2308.91,2263.86,2273.95,-14.89,-0.65,16740.0,99982.0,21.2,1.2,7941330.0,15912350.946829
801143.SI,20220909,造纸,2271.82,2297.64,2257.24,2285.71,11.77,0.52,15603.0,96944.0,21.31,1.2,7982423.0,15981088.166835
801143.SI,20220913,造纸,2290.44,2327.51,2273.53,2303.46,17.75,0.78,25148.0,161866.0,21.47,1.21,8044399.0,16103363.002361
801143.SI,20220914,造纸,2276.5,2309.7,2258.36,2293.0,-10.46,-0.45,21322.0,137596.0,21.38,1.21,8007873.0,16012217.712793
801143.SI,20220915,造纸,2301.56,2318.25,2251.36,2277.17,-15.84,-0.69,22893.0,145753.0,21.23,1.2,7952566.0,15928165.002083
801143.SI,20220916,造纸,2275.05,2296.89,2207.26,2215.97,-61.19,-2.69,25205.0,149254.0,20.66,1.16,7738862.0,15520346.606613
801143.SI,20220919,造纸,2217.68,2231.12,2158.0,2184.08,-31.89,-1.44,18682.0,115346.0,20.36,1.15,7627497.0,15307509.324386
801143.SI,20220920,造纸,2196.27,2223.68,2174.39,2189.98,5.89,0.27,13262.0,89256.0,20.42,1.15,7648081.0,15341266.961596
801143.SI,20220921,造纸,2190.57,2217.29,2146.53,2195.61,5.63,0.26,14747.0,93519.0,20.47,1.15,7667749.0,15346548.314183
801143.SI,20220922,造纸,2188.49,2202.09,2145.61,2154.35,-41.26,-1.88,15506.0,96632.0,20.09,1.13,7525382.0,15032806.668262
801143.SI,20220923,造纸,2152.47,2174.65,2109.55,2132.51,-21.84,-1.01,17017.0,108352.0,19.79,1.12,7509064.0,14907378.618733
801143.SI,20220926,造纸,2116.57,2143.81,2064.41,2075.15,-57.36,-2.69,19687.0,107802.0,19.26,1.09,7307091.0,14547099.985179
801143.SI,20220927,造纸,2078.08,2136.1,2069.75,2126.12,50.97,2.46,14484.0,84127.0,19.74,1.12,7486584.0,14904065.27103
801143.SI,20220928,造纸,2124.29,2134.12,2078.45,2083.43,-42.69,-2.01,13614.0,79122.0,19.34,1.1,7336247.0,14575843.792035
801143.SI,20220929,造纸,2098.46,2121.6,2046.74,2060.91,-22.52,-1.08,13939.0,80811.0,19.13,1.09,7256941.0,14450006.778633
801143.SI,20220930,造纸,2064.83,2087.99,2045.07,2060.99,0.08,0.0,10685.0,61220.0,19.13,1.09,7257239.0,14438716.854884
801143.SI,20221010,造纸,2063.55,2100.53,2035.88,2053.3,-7.69,-0.37,13587.0,75621.0,19.06,1.08,7230154.0,14357136.53571
801143.SI,20221011,造纸,2058.14,2082.61,2021.93,2066.61,13.31,0.65,12583.0,71115.0,19.18,1.09,7277020.0,14452515.184407
801143.SI,20221012,造纸,2060.36,2115.77,2037.32,2111.24,44.63,2.16,16339.0,94282.0,19.6,1.11,7434171.0,14760591.428957
801143.SI,20221013,造纸,2106.08,2133.53,2086.52,2112.69,1.45,0.07,19465.0,127532.0,19.61,1.11,7439272.0,14774438.748986
801143.SI,20221014,造纸,2118.49,2163.14,2113.0,2139.37,26.68,1.26,19250.0,125721.0,19.86,1.13,7533218.0,14963124.189471
801143.SI,20221017,造纸,2131.37,2181.42,2122.5,2161.06,21.69,1.01,15837.0,104433.0,20.06,1.14,7609603.0,15104684.139682
801143.SI,20221018,造纸,2164.41,2181.26,2139.06,2152.97,-8.09,-0.37,14841.0,98941.0,19.98,1.13,7581107.0,15035375.212139
801143.SI,20221019,造纸,2151.93,2170.18,2125.43,2136.32,-16.64,-0.77,16378.0,115134.0,19.83,1.13,7522504.0,14915807.211963
801143.SI,20221020,造纸,2132.01,2163.93,2106.24,2132.17,-4.15,-0.19,21613.0,137663.0,19.79,1.12,7507886.0,14871594.625206
801143.SI,20221021,造纸,2136.25,2171.02,2115.82,2144.61,12.43,0.58,19398.0,122158.0,19.91,1.13,7551671.0,14943191.704318
801143.SI,20221024,造纸,2154.69,2180.89,2095.75,2113.2,-31.41,-1.46,30307.0,186570.0,19.62,1.11,7441080.0,14735070.377873
801143.SI,20221025,造纸,2103.03,2130.93,2072.01,2115.05,1.85,0.09,22327.0,129714.0,19.63,1.11,7447596.0,14742247.90262
801143.SI,20221026,造纸,2121.02,2182.94,2114.36,2161.7,46.65,2.21,26522.0,164376.0,20.07,1.14,7611878.0,15111404.336658
801143.SI,20221027,造纸,2164.42,2222.75,2143.2,2193.95,32.25,1.49,31073.0,201000.0,20.36,1.15,7725734.0,15347308.770272
801143.SI,20221028,造纸,2188.86,2206.26,2101.46,2132.67,-61.29,-2.79,32695.0,223367.0,19.8,1.13,7509920.0,14897473.754565
801143.SI,20221031,造纸,2115.08,2147.72,2047.68,2077.06,-55.61,-2.61,23463.0,157071.0,19.28,1.09,7314112.0,14542558.833298
801143.SI,20221101,造纸,2072.28,2131.04,2040.17,2109.29,32.22,1.55,24942.0,156238.0,22.71,1.11,7427583.0,14758871.548354
801143.SI,20221102,造纸,2098.51,2141.45,2074.41,2127.61,18.32,0.87,21364.0,140064.0,22.91,1.12,7492098.0,14951822.814499
801143.SI,20221103,造纸,2105.42,2140.78,2088.29,2121.51,-6.09,-0.29,21167.0,134472.0,22.84,1.11,7470644.0,14899878.17018
801143.SI,20221104,造纸,2112.42,2165.43,2099.6,2152.63,31.11,1.47,22763.0,143720.0,23.18,1.13,7580205.0,15141050.436418
801143.SI,20221107,造纸,2143.26,2201.6,2131.14,2184.35,31.72,1.47,29470.0,179697.0,23.52,1.15,7691918.0,15389640.411952
801143.SI,20221108,造纸,2170.92,2198.46,2147.23,2177.07,-7.28,-0.33,18942.0,130543.0,23.44,1.14,7666277.0,15347733.669375
801143.SI,20221109,造纸,2163.72,2202.7,2151.02,2177.33,0.27,0.01,17159.0,113005.0,23.44,1.14,7667211.0,15360607.184191
801143.SI,20221110,造纸,2153.85,2194.75,2133.76,2178.22,0.88,0.04,21639.0,136962.0,23.45,1.14,7670322.0,15349930.086711
801143.SI,20221111,造纸,2201.69,2234.65,2172.58,2200.01,21.8,1.0,31046.0,191459.0,23.69,1.15,7747074.0,15522801.066244
801143.SI,20221114,造纸,2216.85,2270.99,2197.38,2239.47,39.46,1.79,28373.0,198182.0,24.11,1.17,7886020.0,15810875.028337
801143.SI,20221115,造纸,2248.43,2288.56,2234.8,2275.2,35.73,1.6,23257.0,160713.0,24.5,1.19,8011827.0,16065053.784038
801143.SI,20221116,造纸,2287.16,2312.49,2268.79,2288.73,13.53,0.59,24314.0,156113.0,24.64,1.2,8059472.0,16171683.044322
801143.SI,20221117,造纸,2302.36,2312.03,2271.72,2289.3,0.57,0.02,22887.0,151719.0,24.65,1.2,8061471.0,16137086.502666
801143.SI,20221118,造纸,2305.97,2336.29,2282.52,2302.46,13.17,0.58,32562.0,256183.0,24.79,1.21,8107838.0,16224194.351135
801143.SI,20221121,造纸,2304.66,2335.76,2255.41,2296.96,-5.51,-0.24,38838.0,409314.0,24.73,1.2,8088440.0,16218667.469859
801143.SI,20221122,造纸,2304.4,2354.68,2283.14,2319.43,22.47,0.98,38467.0,424163.0,24.97,1.22,8167566.0,16405415.889076
801143.SI,20221123,造纸,2309.28,2343.41,2272.33,2302.21,-17.22,-0.74,32362.0,333344.0,24.79,1.21,8106932.0,16230618.700274
801143.SI,20221124,造纸,2307.16,2330.31,2277.67,2299.66,-2.55,-0.11,26664.0,266778.0,24.76,1.21,8097949.0,16183676.177893
801143.SI,20221125,造纸,2297.83,2337.22,2274.37,2314.45,14.8,0.64,26718.0,280234.0,24.92,1.21,8150060.0,16266467.088768
801143.SI,20221128,造纸,2292.13,2327.15,2257.97,2314.1,-0.35,-0.02,27476.0,287847.0,24.92,1.21,8148823.0,16306352.845195
801143.SI,20221129,造纸,2321.68,2366.96,2299.79,2335.49,21.38,0.92,33267.0,345206.0,25.11,1.22,8179575.0,16432664.012718
801143.SI,20221130,造纸,2334.95,2380.48,2305.4,2351.37,15.88,0.68,37106.0,382770.0,25.28,1.23,8235192.0,16516866.937832
801143.SI,20221201,造纸,2367.06,2404.03,2334.35,2368.94,17.57,0.75,34395.0,394482.0,25.47,1.24,8296731.0,16703768.851328
801143.SI,20221202,造纸,2367.08,2416.09,2343.18,2381.67,12.73,0.54,36379.0,378256.0,25.61,1.25,8341316.0,16842438.537993
801143.SI,20221205,造纸,2396.37,2421.25,2360.67,2386.64,4.97,0.21,31924.0,301143.0,25.68,1.25,8364108.0,16785875.067109
801143.SI,20221206,造纸,2380.74,2398.22,2331.96,2346.96,-39.68,-1.66,42792.0,347460.0,25.25,1.23,8225038.0,16525691.379206
801143.SI,20221207,造纸,2338.86,2374.35,2316.58,2354.5,7.55,0.32,32473.0,271262.0,25.33,1.23,8251492.0,16626597.328458
801143.SI,20221208,造纸,2352.26,2373.98,2323.66,2345.35,-9.16,-0.39,27135.0,229856.0,25.23,1.23,8219400.0,16534531.80078
801143.SI,20221209,造纸,2349.97,2387.03,2323.02,2366.42,21.07,0.9,29883.0,233908.0,25.46,1.24,8293258.0,16704049.040299
801143.SI,20221212,造纸,2365.06,2419.64,2339.2,2375.52,9.1,0.38,32090.0,276714.0,25.56,1.24,8325132.0,16827807.357877
801143.SI,20221213,造纸,2378.8,2475.83,2345.27,2446.12,70.6,2.97,45001.0,359552.0,26.32,1.28,8572553.0,17445487.836911
801143.SI,20221214,造纸,2438.7,2501.4,2405.77,2454.97,8.85,0.36,42063.0,336500.0,26.41,1.29,8603584.0,17472553.223717
801143.SI,20221215,造纸,2455.34,2497.61,2395.01,2420.8,-34.17,-1.39,36115.0,312418.0,26.05,1.27,8483830.0,17186944.116762
801143.SI,20221216,造纸,2410.05,2456.85,2375.82,2421.29,0.49,0.02,35380.0,330561.0,26.05,1.27,8485543.0,17198165.347269
801143.SI,20221219,造纸,2413.97,2455.31,2346.67,2392.02,-29.27,-1.21,32515.0,308722.0,25.74,1.25,8382978.0,17023181.041184
801143.SI,20221220,造纸,2411.02,2431.32,2347.15,2377.03,-14.99,-0.63,34661.0,358090.0,25.57,1.24,8330452.0,16895951.16043
801143.SI,20221221,造纸,2361.07,2426.57,2344.17,2381.3,4.26,0.18,36304.0,324886.0,25.62,1.25,8345385.0,16909287.955313
801143.SI,20221222,造纸,2388.85,2426.97,2337.72,2356.46,-24.84,-1.04,32072.0,286550.0,25.35,1.23,8258344.0,16858970.797043
801143.SI,20221223,造纸,2355.25,2389.25,2292.01,2318.76,-37.7,-1.6,39731.0,330414.0,24.95,1.21,8126221.0,16562825.441618
801143.SI,20221226,造纸,2320.72,2367.94,2295.73,2338.98,20.22,0.87,35192.0,316750.0,25.16,1.22,8197081.0,16653208.824103
801143.SI,20221227,造纸,2346.57,2376.88,2311.54,2347.94,8.97,0.38,28174.0,269188.0,25.26,1.23,8228504.0,16734533.402007
801143.SI,20221228,造纸,2343.53,2370.71,2305.04,2341.66,-6.28,-0.27,26244.0,248112.0,25.19,1.23,8206492.0,16672020.930082
801143.SI,20221229,造纸,2338.27,2369.66,2309.85,2337.12,-4.55,-0.19,20921.0,206176.0,25.14,1.22,8190553.0,16667035.009776
801143.SI,20221230,造纸,2346.38,2394.78,2329.45,2378.2,41.08,1.76,35978.0,311487.0,25.59,1.25,8334529.0,16931539.281067
801143.SI,20230103,造纸,2393.09,2435.36,2367.73,2405.98,27.78,1.17,24334.0,233532.0,25.89,1.26,8431878.0,17058621.897973
801143.SI,20230104,造纸,2420.89,2544.54,2398.63,2496.14,90.17,3.75,53807.0,471205.0,26.86,1.31,8747869.0,17664761.200047
801143.SI,20230105,造纸,2504.99,2545.71,2462.04,2506.96,10.81,0.43,80228.0,713808.0,26.97,1.31,8785771.0,17709779.173449
801143.SI,20230106,造纸,2488.97,2537.16,2444.78,2461.42,-45.54,-1.82,70958.0,668620.0,26.48,1.29,8626183.0,17412005.280159
801143.SI,20230109,造纸,2467.65,2499.55,2422.84,2453.86,-7.55,-0.31,52986.0,476035.0,26.4,1.29,8599708.0,17364683.937673
801143.SI,20230110,造纸,2455.49,2490.24,2417.87,2458.9,5.04,0.21,49668.0,465459.0,26.45,1.29,8617368.0,17364116.422853
801143.SI,20230111,造纸,2455.19,2501.04,2419.54,2465.25,6.35,0.26,51972.0,515432.0,26.52,1.29,8639609.0,17450880.725059
801143.SI,20230112,造纸,2467.84,2488.41,2411.5,2427.31,-37.94,-1.54,44947.0,435758.0,26.11,1.27,8506662.0,17196746.268471
801143.SI,20230113,造纸,2439.0,2464.41,2404.59,2434.25,6.93,0.29,41454.0,370041.0,26.19,1.27,8530954.0,17241281.313188
801143.SI,20230116,造纸,2435.47,2478.5,2416.9,2455.5,21.26,0.87,45834.0,412814.0,26.42,1.29,8605454.0,17373927.882477
801143.SI,20230117,造纸,2458.97,2489.83,2412.97,2435.29,-20.21,-0.82,44973.0,387969.0,26.2,1.28,8534611.0,17273218.701662
801143.SI,20230118,造纸,2438.77,2482.56,2410.4,2444.91,9.62,0.39,47642.0,432152.0,26.3,1.28,8568310.0,17325813.224664
801143.SI,20230119,造纸,2442.42,2479.36,2408.04,2430.67,-14.23,-0.58,41191.0,371111.0,26.15,1.27,8518437.0,17241059.738481
801143.SI,20230120,造纸,2428.48,2460.64,2405.35,2435.58,4.91,0.2,33935.0,289959.0,26.2,1.28,8535635.0,17267892.002887
801143.SI,20230130,造纸,2450.38,2506.27,2430.82,2468.18,32.59,1.34,45524.0,359272.0,26.55,1.29,8649862.0,17526281.74494
801143.SI,20230131,造纸,2457.21,2511.74,2423.97,2471.52,3.35,0.14,48600.0,426967.0,26.59,1.29,8661598.0,17513038.870304
801143.SI,20230201,造纸,2469.29,2524.79,2441.49,2508.97,37.45,1.52,54763.0,446911.0,26.99,1.31,8792835.0,17708789.423496
801143.SI,20230202,造纸,2512.16,2555.97,2484.17,2523.48,14.51,0.58,54742.0,485957.0,27.15,1.32,8843687.0,17794735.256575
801143.SI,20230203,造纸,2517.09,2557.42,2466.04,2527.51,4.03,0.16,55393.0,552803.0,27.19,1.32,8857795.0,17748792.183039
801143.SI,20230206,造纸,2515.09,2548.43,2474.05,2509.82,-17.69,-0.7,52232.0,515570.0,27.0,1.31,8795804.0,17616405.732745
801143.SI,20230207,造纸,2506.39,2529.23,2470.51,2491.2,-18.62,-0.74,38262.0,359606.0,26.25,1.32,9003274.0,17476134.907985
801143.SI,20230208,造纸,2493.01,2554.77,2460.29,2512.69,21.49,0.86,49510.0,512748.0,26.48,1.33,9080947.0,17609947.363839
801143.SI,20230209,造纸,2504.05,2550.69,2486.67,2527.43,14.74,0.59,46340.0,428398.0,26.63,1.33,9134204.0,17704714.385012
801143.SI,20230210,造纸,2526.39,2593.13,2508.45,2548.79,21.36,0.84,53249.0,448090.0,26.86,1.35,9211388.0,17857287.463224
801143.SI,20230213,造纸,2544.64,2584.9,2521.64,2560.23,11.44,0.45,37466.0,320644.0,26.98,1.35,9252730.0,17946485.278204
801143.SI,20230214,造纸,2561.51,2629.62,2545.35,2603.57,43.34,1.69,45578.0,389305.0,27.44,1.38,9409373.0,18313844.587172
801143.SI,20230215,造纸,2605.35,2623.05,2555.4,2585.09,-18.48,-0.71,39055.0,357346.0,27.24,1.37,9342598.0,18180113.396325
801143.SI,20230216,造纸,2591.23,2619.08,2509.01,2535.24,-49.85,-1.93,46264.0,405681.0,26.72,1.34,9162431.0,17789270.253526
801143.SI,20230217,造纸,2535.67,2568.26,2495.67,2512.91,-22.33,-0.88,36159.0,318193.0,26.48,1.33,9081729.0,17624814.883859
801143.SI,20230220,造纸,2518.09,2587.4,2496.78,2578.9,65.99,2.63,34143.0,273565.0,27.18,1.36,9320207.0,18054094.400674
801143.SI,20230221,造纸,2574.55,2606.5,2541.7,2576.0,-2.9,-0.11,31096.0,251237.0,27.15,1.36,9309740.0,18026068.414169
801143.SI,20230222,造纸,2562.87,2640.33,2541.15,2617.68,41.68,1.62,37186.0,318254.0,27.59,1.38,9460377.0,18427596.172224
801143.SI,20230223,造纸,2622.85,2652.76,2584.04,2609.23,-8.45,-0.32,29987.0,275797.0,27.5,1.38,9429827.0,18364461.028697
801143.SI,20230224,造纸,2614.09,2685.65,2596.09,2634.24,25.01,0.96,41470.0,400809.0,27.76,1.39,9520212.0,18534718.484949
801143.SI,20230227,造纸,2625.96,2648.72,2579.13,2597.02,-37.21,-1.41,33489.0,307285.0,27.37,1.37,9385720.0,18255453.226778
801143.SI,20230228,造纸,2612.27,2654.28,2584.25,2630.91,33.88,1.3,38403.0,360515.0,27.73,1.39,9508174.0,18500311.914631
801143.SI,20230301,造纸,2629.08,2661.98,2600.8,2636.52,5.62,0.21,40325.0,361132.0,27.79,1.39,9528471.0,18491809.65813
801143.SI,20230302,造纸,2631.62,2680.16,2604.45,2643.46,6.94,0.26,51447.0,350745.0,27.86,1.4,9553557.0,18498620.250393
801143.SI,20230303,造纸,2637.39,2655.8,2594.08,2616.41,-27.05,-1.02,48432.0,299041.0,27.57,1.38,9455787.0,18272949.778767
801143.SI,20230306,造纸,2618.38,2634.5,2576.1,2594.7,-21.71,-0.83,36167.0,240575.0,27.34,1.37,9377330.0,18141371.432157
801143.SI,20230307,造纸,2595.63,2620.72,2542.26,2556.48,-38.23,-1.47,37751.0,300727.0,26.94,1.35,9239177.0,17878772.502511
801143.SI,20230308,造纸,2556.57,2606.1,2543.51,2589.1,32.62,1.28,46105.0,395441.0,27.25,1.37,9357071.0,18068998.519062
801143.SI,20230309,造纸,2594.76,2612.42,2542.84,2560.82,-28.28,-1.09,52205.0,400936.0,26.96,1.35,9254870.0,17865023.357224
801143.SI,20230310,造纸,2547.88,2573.23,2501.88,2513.7,-47.12,-1.84,39171.0,289504.0,26.46,1.33,9084569.0,17581103.799775
801143.SI,20230313,造纸,2508.88,2545.67,2476.92,2522.59,8.89,0.35,34647.0,258337.0,25.02,1.33,9116701.0,17650542.305219
801143.SI,20230314,造纸,2516.91,2540.01,2466.11,2489.11,-33.48,-1.33,31348.0,244105.0,24.69,1.31,8995711.0,17394783.310103
801143.SI,20230315,造纸,2513.18,2586.14,2494.04,2556.28,67.17,2.7,39696.0,353512.0,25.17,1.35,9238467.0,17831731.307649
801143.SI,20230316,造纸,2536.71,2555.8,2485.32,2494.14,-62.14,-2.43,30631.0,262914.0,24.56,1.31,9013883.0,17423313.942996
801143.SI,20230317,造纸,2510.93,2547.58,2492.73,2517.59,23.46,0.94,26112.0,221524.0,24.79,1.33,9096324.0,17588027.734997
801143.SI,20230320,造纸,2521.58,2558.28,2473.87,2490.78,-26.82,-1.07,32117.0,264756.0,24.53,1.31,8999433.0,17377836.231529
801143.SI,20230321,造纸,2498.32,2526.26,2475.51,2512.88,22.1,0.89,21680.0,174365.0,24.76,1.32,9083857.0,17563509.012444
801143.SI,20230322,造纸,2514.63,2567.33,2500.89,2540.04,27.16,1.08,30726.0,264401.0,25.03,1.34,9182038.0,17735525.44333
801143.SI,20230323,造纸,2532.6,2556.19,2497.02,2527.56,-12.48,-0.49,28729.0,233319.0,24.91,1.33,9138038.0,17653363.889119
801143.SI,20230324,造纸,2527.12,2555.99,2496.86,2522.47,-5.09,-0.2,32438.0,274481.0,24.86,1.33,9119622.0,17558110.569693
801143.SI,20230327,造纸,2522.32,2536.3,2463.41,2484.92,-37.54,-1.49,31605.0,244973.0,24.49,1.31,8983898.0,17314567.214913
801143.SI,20230328,造纸,2483.12,2512.73,2445.27,2481.28,-3.65,-0.15,29038.0,247425.0,24.66,1.31,8970705.0,17282002.725752
801143.SI,20230329,造纸,2477.7,2498.77,2442.17,2458.31,-22.96,-0.93,29310.0,213382.0,24.43,1.3,8887682.0,17122262.935375
801143.SI,20230330,造纸,2453.77,2479.49,2410.91,2446.4,-11.91,-0.48,27177.0,218847.0,24.27,1.29,8844611.0,16990956.596861
801143.SI,20230331,造纸,2444.21,2488.58,2432.04,2465.37,18.97,0.78,20627.0,168221.0,24.29,1.3,8913197.0,17111538.760054
801143.SI,20230403,造纸,2469.54,2512.12,2443.56,2489.81,24.44,0.99,32841.0,252108.0,24.53,1.31,9001549.0,17263711.875587
801143.SI,20230404,造纸,2490.92,2512.82,2460.27,2479.04,-10.77,-0.43,29454.0,235808.0,24.43,1.31,8962606.0,17194143.992444
801143.SI,20230406,造纸,2473.24,2501.98,2439.37,2464.5,-14.53,-0.59,27076.0,216983.0,24.29,1.3,8910058.0,17138833.670115
801143.SI,20230407,造纸,2467.05,2498.82,2447.25,2477.01,12.51,0.51,20137.0,165205.0,24.41,1.31,8955287.0,17251757.094042
801143.SI,20230410,造纸,2476.86,2489.09,2406.84,2428.99,-48.02,-1.94,29686.0,222918.0,23.94,1.28,8781673.0,16921538.053314
801143.SI,20230411,造纸,2432.93,2465.64,2410.31,2447.76,18.77,0.77,21758.0,163144.0,24.12,1.29,8849528.0,17048835.386551
801143.SI,20230412,造纸,2447.9,2474.28,2410.2,2429.72,-18.04,-0.74,23128.0,174349.0,23.95,1.28,8784320.0,16889962.569729
801143.SI,20230413,造纸,2424.3,2444.12,2376.9,2402.98,-26.75,-1.1,25378.0,189957.0,23.68,1.27,8687621.0,16709867.487917
801143.SI,20230414,造纸,2401.39,2416.28,2368.61,2378.56,-24.42,-1.02,20923.0,152210.0,23.44,1.25,8599348.0,16546033.830773
801143.SI,20230417,造纸,2376.37,2424.58,2357.01,2406.21,27.65,1.16,22526.0,180990.0,23.71,1.27,8699320.0,16753931.435787
801143.SI,20230418,造纸,2407.42,2426.17,2379.03,2398.92,-7.29,-0.3,21180.0,146102.0,23.64,1.26,8672968.0,16706385.406447
801143.SI,20230419,造纸,2396.44,2426.86,2358.2,2384.31,-14.61,-0.61,33150.0,191692.0,23.5,1.26,8620147.0,16606642.490676
801143.SI,20230420,造纸,2377.97,2395.98,2339.71,2362.66,-21.66,-0.91,22870.0,160430.0,23.29,1.25,8541851.0,16441789.078262
801143.SI,20230421,造纸,2357.46,2382.66,2298.9,2308.5,-54.16,-2.29,28451.0,199767.0,23.45,1.23,8346055.0,16104827.193776
801143.SI,20230424,造纸,2303.05,2364.56,2273.38,2313.57,5.07,0.22,32772.0,209388.0,22.73,1.22,8364401.0,16145141.799831
801143.SI,20230425,造纸,2321.13,2337.17,2247.13,2280.81,-32.76,-1.42,29737.0,190162.0,22.53,1.2,8245962.0,15907364.87284
801143.SI,20230426,造纸,2270.53,2314.41,2246.34,2288.14,7.32,0.32,21373.0,145444.0,22.6,1.21,8272442.0,15972341.482997
801143.SI,20230427,造纸,2290.24,2334.61,2272.1,2309.45,21.31,0.93,23084.0,162230.0,22.81,1.22,8349488.0,16138881.272446
801143.SI,20230428,造纸,2304.88,2349.0,2277.17,2329.51,20.06,0.87,25867.0,183902.0,23.01,1.22,8422028.0,16224362.032845
801143.SI,20230504,造纸,2319.35,2358.54,2296.43,2339.7,10.19,0.44,26704.0,177871.0,28.32,1.26,8458872.0,16310631.529669
801143.SI,20230505,造纸,2339.93,2356.21,2292.72,2320.22,-19.49,-0.83,23482.0,170149.0,28.08,1.25,8388423.0,16167636.066035
801143.SI,20230508,造纸,2329.29,2362.72,2307.28,2330.86,10.64,0.46,22301.0,154037.0,28.21,1.26,8426900.0,16211107.601576
801143.SI,20230509,造纸,2329.64,2369.17,2306.97,2323.98,-6.88,-0.3,23974.0,152891.0,28.13,1.25,8402020.0,16162237.582902
801143.SI,20230510,造纸,2324.94,2374.31,2308.9,2345.6,21.62,0.93,22727.0,152481.0,28.39,1.26,8480195.0,16329627.839807
801143.SI,20230511,造纸,2349.18,2369.78,2316.19,2336.41,-9.19,-0.39,21372.0,149888.0,28.28,1.26,8446981.0,16241376.287761
801143.SI,20230512,造纸,2332.16,2367.34,2311.43,2324.81,-11.6,-0.5,20566.0,137588.0,28.14,1.25,8405034.0,16161444.733658
801143.SI,20230515,造纸,2326.85,2355.22,2283.5,2339.9,15.09,0.65,21538.0,152919.0,28.32,1.26,8459577.0,16308917.545671
801143.SI,20230516,造纸,2339.69,2356.26,2294.29,2306.08,-33.82,-1.45,19072.0,149052.0,27.91,1.24,8337294.0,16046809.206638
801143.SI,20230517,造纸,2300.13,2323.59,2272.72,2297.71,-8.37,-0.36,15956.0,118073.0,27.81,1.24,8307037.0,15957084.165395
801143.SI,20230518,造纸,2294.06,2324.61,2271.22,2300.37,2.66,0.12,24493.0,158618.0,27.84,1.24,8316665.0,15946070.056927
801143.SI,20230519,造纸,2303.85,2333.16,2260.39,2312.37,12.0,0.52,22068.0,148628.0,27.99,1.25,8360057.0,16063716.159024
801143.SI,20230522,造纸,2302.28,2328.99,2273.18,2307.98,-4.39,-0.19,21747.0,148897.0,27.93,1.24,8344178.0,16058819.654886
801143.SI,20230523,造纸,2303.24,2319.33,2268.06,2276.18,-31.8,-1.38,19498.0,127377.0,27.55,1.23,8229215.0,15814780.416119
801143.SI,20230524,造纸,2262.95,2286.46,2233.52,2260.2,-15.98,-0.7,17156.0,108749.0,27.35,1.22,8171434.0,15697881.362194
801143.SI,20230525,造纸,2258.49,2271.13,2202.59,2232.33,-27.87,-1.23,20286.0,125259.0,27.02,1.2,8070684.0,15507021.923505
801143.SI,20230526,造纸,2232.45,2249.5,2199.48,2232.16,-0.17,-0.01,16146.0,100440.0,27.02,1.2,8070061.0,15476813.132269
801143.SI,20230529,造纸,2236.6,2273.94,2208.89,2235.39,3.23,0.14,36555.0,172271.0,27.11,1.21,8099431.0,15469510.199374
801143.SI,20230530,造纸,2233.16,2243.56,2185.05,2220.63,-14.76,-0.66,36044.0,168175.0,26.93,1.2,8045935.0,15317513.000554
801143.SI,20230531,造纸,2217.11,2246.63,2182.8,2217.25,-3.38,-0.15,29030.0,178939.0,26.89,1.2,8033696.0,15261618.991068
801143.SI,20230601,造纸,2204.72,2235.23,2178.84,2206.25,-11.0,-0.5,26689.0,166132.0,26.86,1.19,8023708.0,15167743.238363
801143.SI,20230602,造纸,2206.17,2245.93,2197.41,2236.69,30.43,1.38,22835.0,141277.0,27.23,1.21,8134382.0,15397118.26861
801143.SI,20230605,造纸,2235.61,2252.11,2204.27,2226.13,-10.56,-0.47,20965.0,134852.0,26.99,1.2,8063503.0,15295874.220783
801143.SI,20230606,造纸,2224.18,2248.2,2188.54,2196.49,-29.64,-1.33,27421.0,168848.0,26.63,1.19,7956131.0,15083403.682118
801143.SI,20230607,造纸,2197.46,2238.33,2182.42,2220.69,24.21,1.1,25613.0,160906.0,26.93,1.2,8043815.0,15243239.582802
801143.SI,20230608,造纸,2214.23,2254.49,2193.26,2239.17,18.48,0.83,26349.0,168026.0,27.15,1.21,8110737.0,15387509.724383
801143.SI,20230609,造纸,2240.74,2278.87,2214.16,2246.36,7.19,0.32,32852.0,210908.0,27.24,1.21,8136792.0,15427419.392592
801143.SI,20230612,造纸,2242.23,2287.28,2212.66,2269.69,23.33,1.04,35632.0,216030.0,27.52,1.23,8221306.0,15601580.958892
801143.SI,20230613,造纸,2261.27,2290.59,2240.07,2264.36,-5.34,-0.24,30098.0,201062.0,27.46,1.22,8201975.0,15555169.898925
801143.SI,20230614,造纸,2260.26,2307.61,2243.6,2277.48,13.12,0.58,46172.0,249470.0,27.62,1.23,8249509.0,15630273.251005
801143.SI,20230615,造纸,2277.08,2314.97,2253.34,2292.71,15.23,0.67,45078.0,251960.0,27.8,1.24,8304678.0,15723190.45219
801143.SI,20230616,造纸,2296.8,2323.78,2273.48,2294.39,1.68,0.07,38314.0,247422.0,27.82,1.24,8310751.0,15708592.836741
801143.SI,20230619,造纸,2305.54,2338.55,2273.47,2299.01,4.63,0.2,49469.0,349969.0,27.88,1.24,8327504.0,15702414.147545
801143.SI,20230620,造纸,2293.24,2316.78,2256.98,2275.16,-23.86,-1.04,43428.0,307446.0,27.59,1.23,8241096.0,15552823.546918
801143.SI,20230621,造纸,2273.69,2320.07,2240.79,2264.32,-10.84,-0.48,55645.0,332662.0,27.46,1.22,8201839.0,15459376.836698
801143.SI,20230626,造纸,2250.26,2282.77,2208.86,2226.94,-37.38,-1.65,45491.0,281466.0,27.0,1.2,8066448.0,15267744.495138
801143.SI,20230627,造纸,2222.69,2278.82,2209.66,2265.29,38.35,1.72,31477.0,201429.0,27.47,1.22,8205370.0,15521089.914566
801143.SI,20230628,造纸,2267.32,2281.76,2218.54,2261.08,-4.21,-0.19,31100.0,187929.0,27.42,1.22,8190122.0,15484954.58958
801143.SI,20230629,造纸,2253.56,2290.33,2231.44,2264.37,3.29,0.15,26508.0,182733.0,27.48,1.22,8209786.0,15489034.814455
801143.SI,20230630,造纸,2267.91,2333.59,2258.19,2317.33,52.96,2.34,51378.0,284455.0,28.13,1.25,8401801.0,15836877.232589
801143.SI,20230703,造纸,2317.98,2364.08,2302.62,2342.2,24.87,1.07,50982.0,286425.0,28.43,1.27,8491965.0,16015904.849904
801143.SI,20230704,造纸,2341.38,2368.16,2312.52,2336.85,-5.35,-0.23,35058.0,229853.0,28.36,1.26,8472569.0,15989079.859854
801143.SI,20230705,造纸,2338.51,2364.81,2314.91,2332.3,-4.55,-0.19,31035.0,208274.0,28.31,1.26,8456083.0,15970817.534786
801143.SI,20230706,造纸,2326.49,2357.19,2306.14,2330.35,-1.95,-0.08,29287.0,178010.0,28.28,1.26,8449017.0,15941204.021135
801143.SI,20230707,造纸,2318.39,2353.61,2297.33,2317.75,-12.6,-0.54,28250.0,176102.0,28.13,1.25,8403332.0,15863041.246114
801143.SI,20230710,造纸,2323.86,2339.04,2286.72,2303.61,-14.15,-0.61,25412.0,149601.0,27.96,1.24,8352040.0,15788904.876758
801143.SI,20230711,造纸,2304.28,2324.08,2284.88,2309.79,6.18,0.27,19452.0,120883.0,28.03,1.25,8374451.0,15825738.26161
801143.SI,20230712,造纸,2310.57,2333.3,2271.36,2280.56,-29.23,-1.27,28365.0,167717.0,27.68,1.23,8268479.0,15620047.205543
801143.SI,20230713,造纸,2278.28,2338.78,2265.58,2310.95,30.39,1.33,30171.0,182335.0,28.05,1.25,8378654.0,15828966.18397
801143.SI,20230714,造纸,2312.94,2332.16,2284.49,2307.38,-3.56,-0.15,24870.0,149499.0,28.0,1.25,8365737.0,15792377.571717
801143.SI,20230717,造纸,2302.26,2328.3,2272.63,2308.3,0.92,0.04,20943.0,144648.0,28.01,1.25,8378496.0,15801753.713632
801143.SI,20230718,造纸,2305.18,2338.91,2282.12,2315.16,6.86,0.3,18571.0,125825.0,28.09,1.25,8403394.0,15870822.128837
801143.SI,20230719,造纸,2317.96,2361.66,2306.05,2337.66,22.5,0.97,24471.0,157965.0,28.36,1.26,8485076.0,16052534.399491
801143.SI,20230720,造纸,2339.06,2355.12,2302.1,2310.09,-27.57,-1.18,22986.0,140372.0,28.03,1.25,8385005.0,15860040.046701
801143.SI,20230721,造纸,2311.34,2342.76,2298.36,2322.92,12.83,0.56,16449.0,103149.0,28.18,1.26,8431570.0,15950811.937813
801143.SI,20230724,造纸,2325.31,2353.04,2301.06,2335.2,12.28,0.53,18684.0,118749.0,28.33,1.26,8476151.0,16009374.298703
801143.SI,20230725,造纸,2342.45,2380.97,2330.77,2362.25,27.05,1.16,21834.0,143212.0,28.66,1.28,8574321.0,16200876.45566
801143.SI,20230726,造纸,2359.96,2414.51,2348.24,2393.53,31.27,1.32,33102.0,190911.0,29.04,1.29,8687838.0,16434474.671207
801143.SI,20230727,造纸,2390.0,2409.55,2359.88,2377.63,-15.9,-0.66,23575.0,148344.0,28.85,1.28,8630135.0,16336340.183129
801143.SI,20230728,造纸,2371.9,2419.03,2360.06,2406.52,28.9,1.22,23128.0,146580.0,29.19,1.3,8736080.0,16526384.453697
801143.SI,20230731,造纸,2414.03,2457.78,2396.18,2428.66,22.13,0.92,30970.0,200804.0,29.46,1.31,8816417.0,16669217.72129
801143.SI,20230801,造纸,2428.64,2462.63,2402.06,2441.76,13.1,0.54,42482.0,222592.0,29.62,1.32,8863990.0,16719833.523152
801143.SI,20230802,造纸,2439.1,2453.32,2406.5,2427.26,-14.5,-0.59,33984.0,171962.0,29.45,1.31,8811350.0,16626593.939759
801143.SI,20230803,造纸,2419.32,2432.93,2396.98,2417.55,-9.71,-0.4,23542.0,126493.0,29.33,1.31,8776114.0,16557613.543036
801143.SI,20230804,造纸,2420.7,2447.44,2388.1,2404.63,-12.93,-0.53,29266.0,172840.0,29.17,1.3,8729184.0,16459450.67699
801143.SI,20230807,造纸,2405.92,2432.62,2362.08,2388.49,-16.14,-0.67,40858.0,228481.0,28.97,1.29,8670596.0,16316826.935675
801143.SI,20230808,造纸,2390.98,2410.63,2361.15,2377.98,-10.51,-0.44,43406.0,267939.0,28.85,1.28,8632457.0,16234435.251569
801143.SI,20230809,造纸,2371.04,2390.05,2343.94,2358.83,-19.15,-0.81,27524.0,176317.0,28.61,1.27,8562927.0,16119312.474251
801143.SI,20230810,造纸,2353.6,2390.15,2342.66,2374.74,15.92,0.67,22091.0,149468.0,28.81,1.28,8620712.0,16227832.781385
801143.SI,20230811,造纸,2374.93,2386.32,2326.7,2331.67,-43.08,-1.81,26518.0,158085.0,28.29,1.26,8464337.0,15939047.624132
801143.SI,20230814,造纸,2317.15,2362.68,2289.99,2352.61,20.94,0.9,25124.0,164396.0,28.54,1.27,8540359.0,16044986.966089
801143.SI,20230815,造纸,2356.85,2394.0,2334.93,2359.08,6.47,0.28,35573.0,251336.0,28.5,1.28,8589117.0,16080561.934871
801143.SI,20230816,造纸,2358.06,2394.99,2335.52,2367.71,8.63,0.37,35117.0,270119.0,28.61,1.29,8620526.0,16111100.904456
801143.SI,20230817,造纸,2357.34,2397.7,2331.75,2382.29,14.59,0.62,40201.0,317630.0,28.78,1.29,8673633.0,16203642.437371
801143.SI,20230818,造纸,2374.31,2395.93,2329.46,2339.4,-42.9,-1.8,35095.0,267994.0,28.26,1.27,8517441.0,15890755.45909
801143.SI,20230821,造纸,2332.21,2376.62,2309.36,2327.27,-12.12,-0.52,35525.0,258038.0,28.12,1.26,8473295.0,15783528.007465
801143.SI,20230822,造纸,2332.0,2366.72,2273.78,2317.23,-10.04,-0.43,55518.0,383977.0,28.0,1.26,8436740.0,15695998.874164
801143.SI,20230823,造纸,2310.28,2326.15,2256.26,2266.96,-50.27,-2.17,41802.0,305104.0,27.39,1.23,8253724.0,15356058.660548
801143.SI,20230824,造纸,2266.95,2298.6,2231.74,2254.01,-12.95,-0.57,35298.0,261233.0,27.23,1.22,8206569.0,15291620.118061
801143.SI,20230825,造纸,2246.73,2304.6,2220.45,2255.37,1.36,0.06,37671.0,284399.0,27.25,1.22,8211515.0,15281244.596771
801143.SI,20230828,造纸,2360.29,2375.55,2269.34,2287.3,31.93,1.42,44236.0,316687.0,27.63,1.23,8327775.0,15506019.079507
801143.SI,20230829,造纸,2281.17,2340.86,2252.76,2323.03,35.73,1.56,38453.0,369547.0,28.06,1.25,8584184.0,16330511.367142
801143.SI,20230830,造纸,2321.5,2360.14,2283.71,2315.15,-7.88,-0.34,38252.0,352958.0,28.0,1.25,8555060.0,16269521.396544
801143.SI,20230831,造纸,2310.22,2330.14,2262.56,2274.87,-40.28,-1.74,31978.0,269991.0,27.54,1.23,8406217.0,15984965.269398
801143.SI,20230901,造纸,2276.47,2341.17,2261.9,2311.02,36.16,1.59,30770.0,262855.0,32.78,1.25,8539825.0,16268459.968909
801143.SI,20230904,造纸,2322.83,2372.13,2302.76,2355.28,44.26,1.92,35027.0,257041.0,33.43,1.28,8703378.0,16541073.148896
801143.SI,20230905,造纸,2356.03,2363.28,2311.94,2328.37,-26.92,-1.14,37116.0,293042.0,33.05,1.26,8603906.0,16348814.840234
801143.SI,20230906,造纸,2321.02,2347.45,2299.28,2328.12,-0.25,-0.01,27626.0,213600.0,33.04,1.26,8602985.0,16360686.168514
801143.SI,20230907,造纸,2325.66,2353.32,2290.88,2303.34,-24.77,-1.06,35347.0,286550.0,32.72,1.25,8512255.0,16163965.326848
801143.SI,20230908,造纸,2296.25,2312.71,2266.77,2284.31,-19.04,-0.83,25067.0,196235.0,32.44,1.24,8441901.0,16048102.824957
801143.SI,20230911,造纸,2286.72,2329.56,2263.29,2305.39,21.09,0.92,36512.0,283084.0,32.75,1.25,8519832.0,16170417.16214
801143.SI,20230912,造纸,2304.0,2335.95,2285.08,2311.06,5.67,0.25,29545.0,236269.0,32.83,1.25,8540792.0,16201063.347052
801143.SI,20230913,造纸,2309.86,2340.6,2287.68,2305.54,-5.52,-0.24,37998.0,284908.0,32.75,1.25,8520377.0,16149294.820328
801143.SI,20230914,造纸,2302.45,2319.52,2273.74,2299.82,-5.72,-0.25,28191.0,212373.0,32.68,1.25,8499220.0,16106352.357664
801143.SI,20230915,造纸,2303.96,2352.02,2284.19,2322.34,22.53,0.98,34681.0,245481.0,33.01,1.26,8582477.0,16261830.218806
801143.SI,20230918,造纸,2321.65,2356.29,2297.36,2341.32,18.97,0.82,28319.0,224051.0,33.27,1.27,8652592.0,16411735.200075
801143.SI,20230919,造纸,2338.99,2368.65,2318.64,2336.84,-4.47,-0.19,25715.0,200175.0,33.21,1.27,8636062.0,16369680.779366
801143.SI,20230920,造纸,2333.44,2356.24,2311.05,2326.84,-10.0,-0.43,24275.0,198664.0,33.05,1.26,8599107.0,16307927.788586
801143.SI,20230921,造纸,2325.04,2353.69,2298.91,2321.44,-5.41,-0.23,22275.0,177297.0,33.01,1.26,8579132.0,16236258.252567
801143.SI,20230922,造纸,2322.24,2344.14,2280.44,2321.32,-0.12,-0.01,29555.0,205469.0,33.01,1.26,8578678.0,16253850.369041
801143.SI,20230925,造纸,2319.82,2346.76,2296.81,2313.82,-7.5,-0.32,22069.0,163982.0,32.9,1.26,8550961.0,16195344.167609
801143.SI,20230926,造纸,2320.56,2340.55,2280.18,2297.17,-16.64,-0.72,31380.0,222526.0,32.66,1.25,8489459.0,16061072.963111
801143.SI,20230927,造纸,2288.64,2328.92,2269.88,2308.56,11.39,0.5,32401.0,233707.0,32.83,1.25,8531553.0,16139198.737637
801143.SI,20230928,造纸,2307.06,2354.72,2299.19,2335.24,26.68,1.16,28087.0,218535.0,33.21,1.27,8629394.0,16301439.95133
801143.SI,20231009,造纸,2341.47,2353.8,2288.57,2308.28,-26.97,-1.15,28127.0,220094.0,32.82,1.25,8529749.0,16109374.31382
801143.SI,20231010,造纸,2319.02,2348.17,2282.25,2301.18,-7.1,-0.31,34201.0,284635.0,32.73,1.25,8503498.0,16032668.810187
801143.SI,20231011,造纸,2300.8,2323.32,2268.89,2285.53,-15.64,-0.68,29697.0,236304.0,32.5,1.24,8445700.0,15947351.941566
801143.SI,20231012,造纸,2291.56,2355.69,2277.59,2330.74,45.21,1.98,41027.0,355283.0,33.15,1.27,8612764.0,16226438.328267
801143.SI,20231013,造纸,2322.64,2342.3,2290.72,2313.97,-16.77,-0.72,30827.0,264506.0,32.91,1.26,8550791.0,16096971.534488
801143.SI,20231016,造纸,2312.16,2357.33,2292.1,2342.99,29.01,1.25,39840.0,336645.0,33.33,1.27,8658002.0,16239216.480695
801143.SI,20231017,造纸,2344.42,2374.9,2317.4,2348.06,5.08,0.22,27437.0,255220.0,33.41,1.28,8676758.0,16285608.172394
801143.SI,20231018,造纸,2345.69,2369.83,2300.31,2317.94,-30.12,-1.28,33504.0,291058.0,32.99,1.26,8565451.0,16063579.137162
801143.SI,20231019,造纸,2304.07,2337.53,2263.52,2286.3,-31.64,-1.36,29522.0,268524.0,32.53,1.24,8448536.0,15874898.396609
801143.SI,20231020,造纸,2280.87,2311.91,2247.93,2278.39,-7.91,-0.35,24678.0,209826.0,32.42,1.24,8419300.0,15822140.037689
801143.SI,20231023,造纸,2270.35,2304.02,2204.64,2235.72,-42.67,-1.87,27099.0,210411.0,31.82,1.21,8261606.0,15510851.872401
801143.SI,20231024,造纸,2238.79,2303.58,2225.23,2282.99,47.27,2.11,34570.0,277039.0,32.49,1.24,8436298.0,15845610.981725
801143.SI,20231025,造纸,2287.9,2336.4,2264.78,2301.25,18.26,0.8,31930.0,254355.0,32.75,1.25,8503762.0,15980163.54676
801143.SI,20231026,造纸,2290.06,2326.05,2260.07,2298.47,-2.78,-0.12,24344.0,208960.0,32.71,1.25,8493484.0,15946259.780988
801143.SI,20231027,造纸,2297.75,2364.78,2280.13,2337.93,39.46,1.72,27964.0,244413.0,33.27,1.27,8639318.0,16277236.199242
801143.SI,20231030,造纸,2349.18,2435.38,2323.47,2394.62,56.69,2.42,39086.0,360745.0,34.08,1.29,8848799.0,16661236.443424
801143.SI,20231031,造纸,2385.09,2422.35,2349.14,2385.59,-9.03,-0.38,28530.0,255070.0,33.96,1.29,8815447.0,16565423.306896
801143.SI,20231101,造纸,2384.05,2411.45,2356.42,2380.73,-4.87,-0.2,23716.0,209719.0,32.6,1.29,8797457.0,16580851.167149
801143.SI,20231102,造纸,2375.07,2406.23,2349.56,2369.09,-11.64,-0.49,24514.0,192830.0,32.45,1.28,8754454.0,16502700.873505
801143.SI,20231103,造纸,2365.88,2409.18,2353.69,2380.65,11.56,0.49,23433.0,195157.0,32.6,1.29,8797190.0,16594191.404628
801143.SI,20231106,造纸,2391.61,2413.78,2344.69,2379.5,-1.15,-0.05,31586.0,248796.0,32.58,1.29,8792941.0,16589550.124385
801143.SI,20231107,造纸,2376.77,2415.05,2350.2,2393.27,13.76,0.58,32515.0,281373.0,32.77,1.3,8843803.0,16654845.564552
801143.SI,20231108,造纸,2400.56,2422.22,2362.93,2383.65,-9.62,-0.4,40953.0,372396.0,32.63,1.29,8808257.0,16587302.662198
801143.SI,20231109,造纸,2382.94,2408.41,2357.08,2372.47,-11.18,-0.47,30475.0,247312.0,32.48,1.29,8766933.0,16509429.566404
801143.SI,20231110,造纸,2362.73,2396.98,2342.15,2374.45,1.99,0.08,26752.0,198453.0,32.51,1.29,8774284.0,16533810.505331
801143.SI,20231113,造纸,2378.12,2404.62,2342.09,2371.02,-3.43,-0.14,30963.0,233320.0,32.46,1.28,8761542.0,16509422.774399
801143.SI,20231114,造纸,2372.33,2397.16,2343.53,2370.98,-0.04,0.0,30419.0,244981.0,32.46,1.28,8761398.0,16512437.893706
801143.SI,20231115,造纸,2381.49,2394.02,2347.71,2368.66,-2.33,-0.1,27243.0,224827.0,32.43,1.28,8752804.0,16506253.855826
801143.SI,20231116,造纸,2366.95,2395.1,2344.44,2367.24,-1.42,-0.06,28579.0,246494.0,32.42,1.28,8747571.0,16486527.521792
801143.SI,20231117,造纸,2363.72,2380.17,2340.05,2360.52,-6.72,-0.28,22473.0,179628.0,32.32,1.28,8722737.0,16445668.272486
801143.SI,20231120,造纸,2367.35,2393.6,2344.53,2379.41,18.89,0.8,29187.0,234961.0,32.57,1.29,8792536.0,16595004.412899
801143.SI,20231121,造纸,2382.01,2437.0,2369.16,2403.04,23.63,0.99,49026.0,328504.0,32.89,1.3,8879845.0,16697793.653716
801143.SI,20231122,造纸,2401.57,2430.46,2363.41,2373.84,-29.2,-1.22,49323.0,343878.0,32.5,1.29,8771952.0,16491552.397554
801143.SI,20231123,造纸,2365.95,2397.83,2344.04,2384.05,10.21,0.43,31598.0,221039.0,32.65,1.29,8809675.0,16562930.604859
801143.SI,20231124,造纸,2386.21,2402.56,2350.07,2373.06,-10.98,-0.46,28732.0,210129.0,32.51,1.29,8769087.0,16474810.569786
801143.SI,20231127,造纸,2378.49,2403.02,2337.47,2365.57,-7.49,-0.32,31728.0,256622.0,32.4,1.28,8741412.0,16389770.430098
801143.SI,20231128,造纸,2365.76,2400.03,2344.52,2383.56,17.98,0.76,30889.0,252088.0,32.65,1.29,8807862.0,16516457.953749
801143.SI,20231129,造纸,2383.41,2401.2,2349.67,2362.2,-21.35,-0.9,26176.0,198423.0,32.36,1.28,8728950.0,16385422.99092
801143.SI,20231130,造纸,2361.3,2386.04,2329.16,2356.75,-5.45,-0.23,27571.0,205021.0,32.29,1.28,8708813.0,16349360.812671
801143.SI,20231201,造纸,2360.71,2389.22,2331.23,2354.38,-2.37,-0.1,29277.0,208306.0,32.26,1.28,8700063.0,16321839.487808
801143.SI,20231204,造纸,2351.35,2378.31,2327.42,2345.95,-8.44,-0.36,30413.0,225758.0,32.14,1.27,8668893.0,16241014.683297
801143.SI,20231205,造纸,2341.79,2363.73,2308.78,2313.63,-32.31,-1.38,27659.0,205373.0,31.7,1.25,8549481.0,16023052.384246
801143.SI,20231206,造纸,2307.49,2348.2,2291.49,2316.42,2.78,0.12,30375.0,225819.0,31.74,1.26,8559765.0,16034656.533502
801143.SI,20231207,造纸,2313.72,2338.1,2291.99,2318.14,1.72,0.07,27668.0,210251.0,31.77,1.26,8566116.0,16039645.391903
801143.SI,20231208,造纸,2318.28,2340.53,2279.29,2293.37,-24.76,-1.07,29029.0,207031.0,31.43,1.24,8474614.0,15865757.79235
801143.SI,20231211,造纸,2289.49,2327.32,2257.26,2312.74,19.36,0.84,30197.0,194816.0,31.7,1.25,8546159.0,16002211.802135
801143.SI,20231212,造纸,2308.5,2350.78,2290.07,2335.96,23.22,1.0,25873.0,196429.0,32.02,1.27,8631967.0,16151587.087237
801143.SI,20231213,造纸,2328.76,2351.48,2300.23,2312.12,-23.84,-1.02,27483.0,195340.0,31.69,1.25,8543876.0,15989070.527279
801143.SI,20231214,造纸,2314.4,2357.97,2303.37,2330.93,18.82,0.81,30727.0,239947.0,31.95,1.26,8613406.0,16082698.619509
801143.SI,20231215,造纸,2337.55,2350.17,2300.58,2312.05,-18.88,-0.81,30960.0,249832.0,31.69,1.25,8543643.0,15958026.42347
801143.SI,20231218,造纸,2308.59,2328.77,2264.95,2279.9,-32.16,-1.39,26708.0,213124.0,31.26,1.24,8423690.0,15726158.116997
801143.SI,20231219,造纸,2276.23,2302.41,2255.28,2278.91,-0.99,-0.04,19749.0,157756.0,31.24,1.24,8420040.0,15725369.790754
801143.SI,20231220,造纸,2281.13,2301.46,2249.7,2261.14,-17.77,-0.78,19905.0,151186.0,31.0,1.23,8354402.0,15604084.726918
801143.SI,20231221,造纸,2256.56,2284.06,2212.17,2264.59,3.45,0.15,24448.0,171861.0,31.04,1.23,8367143.0,15636159.230997
801143.SI,20231222,造纸,2264.12,2274.81,2206.74,2225.97,-38.62,-1.71,25724.0,211840.0,30.51,1.21,8224463.0,15401416.43255
801143.SI,20231225,造纸,2220.08,2238.43,2184.74,2211.45,-14.52,-0.65,21351.0,142275.0,30.32,1.2,8170809.0,15319043.050262
801143.SI,20231226,造纸,2210.24,2224.3,2170.74,2188.48,-22.97,-1.04,17837.0,137321.0,30.14,1.19,8121526.0,15164697.574343
801143.SI,20231227,造纸,2192.15,2221.88,2164.93,2198.34,9.86,0.45,17572.0,136951.0,30.27,1.2,8158101.0,15235558.472165
801143.SI,20231228,造纸,2194.95,2244.82,2167.2,2229.04,30.71,1.4,22217.0,176138.0,30.69,1.21,8272054.0,15460970.550991
801143.SI,20231229,造纸,2230.53,2276.04,2210.26,2257.92,28.88,1.3,24393.0,198776.0,31.09,1.23,8379232.0,15646019.971394
801143.SI,20240102,造纸,2261.88,2303.66,2246.46,2278.72,20.79,0.92,22903.0,173469.0,31.38,1.24,8456395.0,15782802.583991
801143.SI,20240103,造纸,2271.17,2300.41,2256.19,2285.15,6.43,0.28,19440.0,131992.0,31.47,1.24,8480259.0,15811435.534378
801143.SI,20240104,造纸,2280.12,2302.78,2261.63,2287.71,2.56,0.11,18424.0,128814.0,31.5,1.25,8489777.0,15834290.518883
801143.SI,20240105,造纸,2286.55,2313.32,2253.91,2270.37,-17.34,-0.76,19768.0,149699.0,31.25,1.24,8425426.0,15714633.315955
801143.SI,20240108,造纸,2268.53,2284.92,2222.54,2229.43,-40.94,-1.8,19418.0,147325.0,30.7,1.21,8273478.0,15419445.243529
801143.SI,20240109,造纸,2227.86,2253.26,2196.41,2222.92,-6.51,-0.29,18199.0,136177.0,30.61,1.21,8249337.0,15387135.206355
801143.SI,20240110,造纸,2217.91,2241.71,2185.87,2214.71,-8.21,-0.37,16891.0,116051.0,30.5,1.21,8218852.0,15347262.85114
801143.SI,20240111,造纸,2214.53,2249.32,2196.8,2233.04,18.33,0.83,18759.0,137428.0,30.75,1.22,8286882.0,15466721.405728
801143.SI,20240112,造纸,2233.24,2271.7,2214.51,2231.23,-1.81,-0.08,19589.0,140575.0,30.72,1.21,8280162.0,15469046.669314
801143.SI,20240115,造纸,2228.54,2256.64,2211.09,2237.26,6.03,0.27,17442.0,123414.0,30.81,1.22,8302532.0,15498207.079152
801143.SI,20240116,造纸,2233.65,2251.6,2191.55,2228.77,-8.49,-0.38,26871.0,177665.0,30.7,1.21,8271034.0,15433128.455601
801143.SI,20240117,造纸,2225.26,2236.73,2171.0,2179.74,-49.02,-2.2,27333.0,179092.0,30.02,1.19,8089106.0,15090777.97993
801143.SI,20240118,造纸,2172.28,2185.83,2089.4,2154.76,-24.99,-1.15,38606.0,233657.0,29.68,1.17,7996368.0,14916312.02061
801143.SI,20240119,造纸,2156.49,2189.55,2121.7,2155.24,0.48,0.02,24347.0,167744.0,29.69,1.17,7998156.0,14911389.02032
801143.SI,20240122,造纸,2156.23,2169.47,2018.42,2036.09,-119.14,-5.53,35465.0,222461.0,28.05,1.11,7556012.0,14081119.03052
801143.SI,20240123,造纸,2025.11,2064.14,1975.34,2042.99,6.89,0.34,30251.0,176933.0,28.15,1.11,7581592.0,14130940.275285
801143.SI,20240124,造纸,2046.83,2096.94,2005.96,2081.6,38.61,1.89,30893.0,171571.0,28.68,1.13,7724889.0,14385474.566991
801143.SI,20240125,造纸,2081.72,2152.98,2065.6,2143.0,61.4,2.95,27606.0,166144.0,29.53,1.17,7952752.0,14810568.34775
801143.SI,20240126,造纸,2144.38,2203.64,2130.75,2165.77,22.77,1.06,27599.0,189404.0,29.85,1.18,8037260.0,14933834.35416
801143.SI,20240129,造纸,2170.53,2195.45,2108.64,2126.23,-39.54,-1.83,23369.0,155191.0,29.3,1.16,7890520.0,14673655.825394
801143.SI,20240130,造纸,2109.8,2141.35,2056.42,2073.93,-52.3,-2.46,21477.0,136746.0,28.63,1.13,7707575.0,14295588.056323
801143.SI,20240131,造纸,2057.13,2091.37,1987.27,2000.55,-73.39,-3.54,30358.0,166788.0,27.62,1.09,7434842.0,13792878.641278
801143.SI,20240201,造纸,1992.63,2026.52,1936.96,1973.68,-26.87,-1.34,28119.0,148690.0,27.26,1.08,7334992.0,13597499.819673
801143.SI,20240202,造纸,1976.3,2012.51,1857.67,1922.83,-50.85,-2.58,34284.0,186401.0,26.51,1.05,7146010.0,13257256.117876
801143.SI,20240205,造纸,1895.11,1922.38,1781.93,1824.97,-97.85,-5.09,40495.0,201801.0,25.17,0.99,6782346.0,12587112.355087
801143.SI,20240206,造纸,1772.09,1929.93,1742.1,1888.36,63.38,3.47,48577.0,258389.0,26.06,1.03,7017909.0,13055496.111411
801143.SI,20240207,造纸,1887.11,1974.52,1839.02,1927.66,39.3,2.08,46658.0,258142.0,26.63,1.05,7163961.0,13369754.548578
801143.SI,20240208,造纸,1937.47,2049.82,1901.09,2002.92,75.26,3.9,45384.0,262057.0,27.67,1.09,7443652.0,13887692.195232
801143.SI,20240219,造纸,2022.32,2062.86,1976.39,2022.82,19.9,0.99,41818.0,237795.0,27.94,1.1,7517621.0,14022936.118522
801143.SI,20240220,造纸,2023.12,2067.07,1986.83,2044.42,21.6,1.07,30472.0,191814.0,28.23,1.12,7595636.0,14174106.640416
801143.SI,20240221,造纸,2025.98,2098.65,2002.56,2046.67,2.25,0.11,39413.0,231319.0,28.26,1.12,7603996.0,14187637.189401
801143.SI,20240222,造纸,2051.41,2089.78,2034.0,2071.42,24.76,1.21,25941.0,150967.0,28.6,1.13,7696151.0,14340918.205474
801143.SI,20240223,造纸,2082.78,2119.09,2064.11,2107.88,36.45,1.76,29787.0,178079.0,29.09,1.15,7831589.0,14586334.683038
801143.SI,20240226,造纸,2114.91,2160.96,2092.0,2133.78,25.9,1.23,39098.0,262055.0,29.46,1.16,7927836.0,14771335.897083
801143.SI,20240227,造纸,2122.68,2191.48,2105.71,2172.81,39.03,1.83,37711.0,270812.0,29.99,1.19,8072833.0,15040893.350005
801143.SI,20240228,造纸,2179.35,2219.39,2081.56,2092.94,-79.87,-3.68,50814.0,338428.0,28.82,1.14,7776072.0,14488467.648253
801143.SI,20240229,造纸,2068.26,2158.83,2058.96,2150.87,57.94,2.77,33511.0,221440.0,29.62,1.17,7991337.0,14878083.647532
801143.SI,20240301,造纸,2149.23,2171.88,2111.02,2139.39,-11.49,-0.53,30195.0,200807.0,29.46,1.17,7948660.0,14821160.332828
801143.SI,20240304,造纸,2143.86,2182.41,2108.71,2152.03,12.64,0.59,31398.0,232612.0,29.64,1.17,7995621.0,14877383.584246
801143.SI,20240305,造纸,2138.76,2168.72,2102.24,2136.18,-15.84,-0.74,28266.0,219198.0,29.41,1.17,7949271.0,14744083.107834
801143.SI,20240306,造纸,2130.29,2165.41,2108.31,2137.5,1.32,0.06,23010.0,189701.0,29.41,1.17,7956540.0,14764661.644409
801143.SI,20240307,造纸,2137.83,2183.47,2120.79,2141.94,4.44,0.21,29413.0,196258.0,29.48,1.17,7973055.0,14787662.073575
801143.SI,20240308,造纸,2143.63,2175.41,2114.98,2161.36,19.42,0.91,22538.0,155776.0,29.75,1.18,8045347.0,14924225.728769
801143.SI,20240311,造纸,2157.51,2198.21,2139.91,2174.49,13.13,0.61,29942.0,230147.0,29.93,1.19,8094214.0,15024985.186375
801143.SI,20240312,造纸,2178.02,2218.12,2154.52,2200.04,25.56,1.18,34327.0,250296.0,30.28,1.2,8189345.0,15211534.686066
801143.SI,20240313,造纸,2197.74,2220.2,2163.44,2183.15,-16.89,-0.77,28007.0,207905.0,30.05,1.19,8126470.0,15155559.256285
801143.SI,20240314,造纸,2180.49,2211.67,2157.44,2181.5,-1.66,-0.08,23800.0,168408.0,30.03,1.19,8120308.0,15152628.740751
801143.SI,20240315,造纸,2176.53,2218.45,2163.16,2210.67,29.17,1.34,23684.0,156549.0,30.33,1.21,8228901.0,15349250.729759
801143.SI,20240318,造纸,2217.12,2259.46,2203.34,2250.86,40.19,1.82,28287.0,204427.0,30.86,1.23,8374121.0,15643033.507621
801143.SI,20240319,造纸,2248.96,2287.2,2225.03,2252.99,2.14,0.09,29082.0,220136.0,30.89,1.23,8382071.0,15632220.089548
801143.SI,20240320,造纸,2254.84,2300.7,2239.01,2276.3,23.3,1.03,30844.0,230683.0,31.19,1.24,8468772.0,15794534.743357
801143.SI,20240321,造纸,2280.65,2312.35,2249.33,2274.02,-2.28,-0.1,28554.0,206545.0,31.6,1.24,8460888.0,15774253.811118
801143.SI,20240322,造纸,2276.78,2303.1,2231.53,2267.55,-6.47,-0.28,29223.0,215801.0,31.52,1.24,8436805.0,15746313.947749
801143.SI,20240325,造纸,2266.28,2327.25,2241.42,2262.04,-5.51,-0.24,44139.0,298341.0,31.44,1.24,8416298.0,15674662.565186
801143.SI,20240326,造纸,2252.72,2274.26,2195.08,2230.6,-31.44,-1.39,34987.0,239004.0,31.0,1.22,8299320.0,15467440.038293
801143.SI,20240327,造纸,2231.4,2276.95,2176.64,2189.96,-40.63,-1.82,31004.0,213142.0,30.44,1.2,8148133.0,15215399.468254
801143.SI,20240328,造纸,2183.97,2249.52,2177.31,2221.28,31.31,1.43,30088.0,204910.0,30.94,1.22,8264632.0,15404722.430412
801143.SI,20240329,造纸,2219.92,2273.72,2195.44,2255.11,33.84,1.52,28283.0,192483.0,31.26,1.24,8390528.0,15642472.348132
801143.SI,20240401,造纸,2263.85,2308.66,2236.3,2291.18,36.07,1.6,30026.0,220475.0,31.75,1.26,8524738.0,15905783.216099
801143.SI,20240402,造纸,2290.04,2332.44,2267.43,2312.66,21.48,0.94,30112.0,206489.0,32.05,1.27,8604649.0,16063719.160817
801143.SI,20240403,造纸,2303.89,2341.66,2279.93,2318.03,5.37,0.23,24550.0,178002.0,32.14,1.27,8624632.0,16104707.595088
801143.SI,20240408,造纸,2309.1,2333.71,2264.92,2280.81,-37.23,-1.61,24569.0,175967.0,33.37,1.26,8485425.0,15820875.59704
801143.SI,20240409,造纸,2293.97,2351.82,2277.24,2327.93,47.13,2.07,34296.0,234590.0,33.55,1.28,8660751.0,16216882.031735
801143.SI,20240410,造纸,2327.02,2354.94,2271.61,2306.38,-21.56,-0.93,32818.0,228275.0,30.64,1.26,8580553.0,16046107.536403
801143.SI,20240411,造纸,2303.55,2360.69,2281.82,2319.89,13.52,0.59,29762.0,210599.0,30.81,1.27,8630838.0,16154814.758754
801143.SI,20240412,造纸,2314.65,2338.36,2276.49,2296.06,-23.84,-1.03,26380.0,177521.0,30.49,1.25,8542158.0,15976786.988012
801143.SI,20240415,造纸,2283.8,2308.11,2185.28,2237.17,-58.88,-2.56,37806.0,232102.0,29.15,1.22,8323088.0,15611208.5741
801143.SI,20240416,造纸,2234.47,2265.69,2146.2,2165.52,-71.65,-3.2,41622.0,254454.0,28.24,1.18,8056520.0,15119076.498423
801143.SI,20240417,造纸,2176.13,2260.55,2160.78,2251.12,85.6,3.95,40413.0,246226.0,29.35,1.23,8376081.0,15704818.983565
801143.SI,20240418,造纸,2247.8,2279.08,2209.95,2244.87,-6.25,-0.28,30792.0,197326.0,29.28,1.23,8352829.0,15667213.891745
801143.SI,20240419,造纸,2235.99,2288.64,2210.71,2248.32,3.46,0.15,24841.0,165224.0,29.33,1.23,8365686.0,15690213.523905
801143.SI,20240422,造纸,2252.51,2297.49,2214.93,2256.03,7.7,0.34,31275.0,188957.0,29.29,1.23,8386474.0,15768922.942648
801143.SI,20240423,造纸,2254.59,2281.36,2199.4,2219.38,-36.65,-1.62,32150.0,200123.0,28.72,1.21,8250240.0,15525220.845223
801143.SI,20240424,造纸,2220.9,2262.17,2191.39,2238.36,18.97,0.85,29449.0,172090.0,27.97,1.22,8320776.0,15649315.330849
801143.SI,20240425,造纸,2231.21,2274.91,2218.16,2248.01,9.65,0.43,23007.0,147644.0,28.09,1.23,8356657.0,15708293.475539
801143.SI,20240426,造纸,2242.22,2290.74,2220.37,2272.11,24.1,1.07,28481.0,184738.0,28.39,1.24,8446249.0,15851586.427161
801143.SI,20240429,造纸,2276.41,2336.45,2238.39,2311.15,39.04,1.72,35988.0,264084.0,28.09,1.25,8591392.0,16127403.658444
801143.SI,20240430,造纸,2313.96,2341.89,2268.15,2306.44,-4.71,-0.2,32657.0,232516.0,27.2,1.24,8573884.0,16070559.99313
801143.SI,20240506,造纸,2326.7,2380.03,2303.65,2364.84,58.4,2.53,36618.0,255572.0,21.85,1.27,8790979.0,16507231.855344
801143.SI,20240507,造纸,2363.51,2393.18,2317.81,2355.61,-9.24,-0.39,27484.0,219996.0,21.76,1.27,8756637.0,16450339.888765
801143.SI,20240508,造纸,2357.28,2388.61,2326.02,2351.99,-3.62,-0.15,23104.0,177953.0,21.73,1.26,8743189.0,16410448.584591
801143.SI,20240509,造纸,2352.3,2394.88,2338.87,2377.74,25.75,1.09,22265.0,167904.0,21.97,1.28,8840050.0,16615957.702674
801143.SI,20240510,造纸,2378.67,2422.89,2357.63,2396.09,18.35,0.77,23179.0,174378.0,22.14,1.29,8908279.0,16728342.577921
801143.SI,20240513,造纸,2384.68,2394.49,2324.98,2355.96,-40.13,-1.67,23629.0,177742.0,21.77,1.27,8759079.0,16461950.514161
801143.SI,20240514,造纸,2368.0,2423.25,2361.28,2395.96,39.99,1.7,31145.0,190444.0,22.14,1.29,8907773.0,16720145.449428
801143.SI,20240515,造纸,2388.9,2438.83,2364.74,2396.25,0.29,0.01,40464.0,215138.0,22.14,1.29,8908865.0,16725444.030404
801143.SI,20240516,造纸,2391.32,2421.09,2360.64,2378.08,-18.17,-0.76,33286.0,184881.0,21.97,1.28,8841301.0,16594284.18566
801143.SI,20240517,造纸,2373.06,2407.2,2351.12,2397.76,19.69,0.83,25753.0,166936.0,22.14,1.29,8905579.0,16733520.753006
801143.SI,20240520,造纸,2390.71,2435.45,2362.77,2402.68,4.92,0.21,30014.0,209620.0,22.18,1.29,8923836.0,16783132.77044
801143.SI,20240521,造纸,2400.99,2440.76,2362.35,2382.39,-20.29,-0.84,30824.0,201926.0,22.0,1.28,8848484.0,16649137.319004
801143.SI,20240522,造纸,2378.03,2404.67,2352.0,2375.95,-6.44,-0.27,24458.0,164648.0,21.94,1.28,8824572.0,16568001.226871
801143.SI,20240523,造纸,2369.57,2382.99,2295.26,2310.52,-65.43,-2.75,30928.0,218516.0,21.32,1.24,8581549.0,16161749.191371
801143.SI,20240524,造纸,2302.28,2336.66,2267.21,2288.77,-21.75,-0.94,21083.0,162195.0,21.13,1.23,8500773.0,16016517.504789
801143.SI,20240527,造纸,2295.28,2329.86,2264.74,2313.33,24.55,1.07,23980.0,146350.0,21.35,1.24,8591970.0,16193088.026987
801143.SI,20240528,造纸,2308.91,2316.83,2251.08,2258.34,-54.98,-2.38,20900.0,152669.0,20.84,1.21,8387757.0,15832542.738982
801143.SI,20240529,造纸,2254.57,2284.86,2230.8,2258.41,0.07,0.0,17740.0,117093.0,20.84,1.21,8388007.0,15840723.286268
801143.SI,20240530,造纸,2255.18,2273.71,2220.6,2233.12,-25.29,-1.12,16600.0,103218.0,20.61,1.2,8294067.0,15668982.10677
801143.SI,20240531,造纸,2236.43,2267.76,2203.32,2242.33,9.22,0.41,17659.0,133077.0,20.69,1.21,8328296.0,15723010.361032
801143.SI,20240603,造纸,2235.71,2253.12,2158.57,2177.54,-64.79,-2.89,32008.0,191286.0,20.09,1.17,8087664.0,15288249.86408
801143.SI,20240604,造纸,2168.48,2192.71,2134.15,2169.58,-7.96,-0.37,21071.0,131831.0,20.02,1.17,8058084.0,15260157.850114
801143.SI,20240605,造纸,2156.93,2166.78,2114.16,2121.57,-48.01,-2.21,20042.0,107504.0,19.58,1.14,7879762.0,14950519.366907
801143.SI,20240606,造纸,2115.12,2134.94,2046.52,2068.76,-52.81,-2.49,31950.0,163027.0,19.1,1.11,7683626.0,14617118.117754
801143.SI,20240607,造纸,2076.59,2114.69,2057.86,2088.94,20.18,0.98,23259.0,157677.0,19.28,1.12,7758592.0,14765602.68481
801143.SI,20240611,造纸,2078.99,2099.91,2028.73,2056.63,-32.32,-1.55,20712.0,138261.0,18.98,1.11,7638580.0,14575247.677107
801143.SI,20240612,造纸,2047.77,2089.6,2034.88,2061.44,4.81,0.23,20332.0,144013.0,19.03,1.11,7656454.0,14590944.09231
801143.SI,20240613,造纸,2056.38,2078.31,2019.94,2039.64,-21.8,-1.06,18721.0,138968.0,18.82,1.1,7575476.0,14448344.469239
801143.SI,20240614,造纸,2034.5,2066.68,2010.66,2054.27,14.63,0.72,16041.0,120998.0,18.96,1.11,7629799.0,14531578.336203
801143.SI,20240617,造纸,2049.76,2074.28,2012.66,2028.5,-25.77,-1.25,18216.0,141993.0,18.72,1.09,7534098.0,14354390.618023
801143.SI,20240618,造纸,2021.27,2044.07,1994.69,2021.43,-7.07,-0.35,18416.0,134237.0,18.65,1.09,7507850.0,14304492.909602
801143.SI,20240619,造纸,2024.2,2048.35,2000.63,2015.16,-6.27,-0.31,22039.0,131750.0,18.59,1.08,7479736.0,14260067.706693
801143.SI,20240620,造纸,2012.28,2021.9,1946.53,1958.92,-56.23,-2.79,24549.0,135502.0,18.07,1.05,7271015.0,13893302.653238
801143.SI,20240621,造纸,1957.66,1986.91,1926.56,1948.63,-10.3,-0.53,27492.0,115157.0,17.98,1.05,7232790.0,13843775.477656
801143.SI,20240624,造纸,1952.17,1964.62,1893.52,1922.01,-26.61,-1.37,38841.0,144370.0,17.74,1.03,7131439.0,13615522.946062
801143.SI,20240625,造纸,1915.34,1980.47,1906.73,1951.28,29.27,1.52,33900.0,141624.0,18.01,1.05,7240026.0,13813138.458873
801143.SI,20240626,造纸,1946.34,1991.19,1920.13,1976.91,25.63,1.31,26324.0,130925.0,18.24,1.06,7335118.0,13999131.399189
801143.SI,20240627,造纸,1964.29,1985.71,1927.35,1945.6,-31.3,-1.58,25651.0,132550.0,17.95,1.05,7218966.0,13753132.959994
801143.SI,20240628,造纸,1940.72,1982.59,1926.97,1948.67,3.07,0.16,22578.0,110786.0,17.98,1.05,7230359.0,13765073.558186
801143.SI,20240701,造纸,1948.82,1999.28,1928.44,1976.6,27.93,1.43,22448.0,113766.0,18.24,1.06,7333985.0,13969048.641432
801143.SI,20240702,造纸,1978.55,2014.91,1961.07,1991.12,14.52,0.73,24504.0,140516.0,18.37,1.07,7387862.0,14074218.319279
801143.SI,20240703,造纸,1987.51,2016.44,1971.87,1992.58,1.45,0.07,18840.0,109318.0,18.39,1.07,7393259.0,14081978.854766
801143.SI,20240704,造纸,1990.26,2010.05,1946.72,1958.41,-34.17,-1.71,20566.0,114957.0,18.08,1.05,7266471.0,13843420.424832
801143.SI,20240705,造纸,1954.16,1982.03,1924.8,1971.23,12.82,0.65,18625.0,105708.0,18.19,1.06,7314056.0,13923219.443538
801143.SI,20240708,造纸,1961.34,1976.86,1909.99,1920.55,-50.68,-2.57,20695.0,105762.0,17.72,1.03,7125995.0,13572362.669348
801143.SI,20240709,造纸,1922.36,1958.81,1877.84,1942.81,22.27,1.16,24874.0,146666.0,17.93,1.05,7208608.0,13749177.166678
801143.SI,20240710,造纸,1936.14,1961.57,1903.82,1931.23,-11.58,-0.6,19199.0,121329.0,17.82,1.04,7165637.0,13716545.931678
801143.SI,20240711,造纸,1953.03,2000.48,1933.22,1986.03,54.8,2.84,24676.0,144501.0,18.32,1.07,7368962.0,14098976.41287
801143.SI,20240712,造纸,1975.33,2003.81,1951.07,1965.69,-20.34,-1.02,19731.0,117429.0,18.14,1.06,7293494.0,13972966.922188
801143.SI,20240715,造纸,1962.82,1981.21,1928.79,1948.99,-16.7,-0.85,16195.0,87737.0,17.99,1.05,7231545.0,13849200.012164
801143.SI,20240716,造纸,1945.68,1951.97,1908.67,1923.23,-25.76,-1.32,14953.0,84725.0,17.75,1.03,7135973.0,13651599.666971
801143.SI,20240717,造纸,1921.15,1929.99,1879.22,1897.2,-26.04,-1.35,14818.0,85554.0,17.51,1.02,7039361.0,13475329.688481
801143.SI,20240718,造纸,1891.72,1911.83,1859.23,1903.72,6.52,0.34,14454.0,81889.0,17.57,1.02,7063560.0,13517891.370991
801143.SI,20240719,造纸,1896.48,1910.45,1872.44,1895.67,-8.05,-0.42,13821.0,77304.0,17.49,1.02,7033708.0,13442006.702782
801143.SI,20240722,造纸,1892.75,1915.67,1868.05,1890.72,-4.96,-0.26,14199.0,89631.0,17.44,1.02,7015319.0,13380739.678704
801143.SI,20240723,造纸,1892.41,1919.02,1849.27,1853.14,-37.58,-1.99,18914.0,127975.0,17.1,1.0,6875882.0,13090626.6657
801143.SI,20240724,造纸,1848.12,1866.18,1813.73,1820.74,-32.39,-1.75,19889.0,116131.0,16.8,0.98,6756567.0,12869312.320663
801143.SI,20240725,造纸,1815.46,1849.33,1797.77,1827.68,6.93,0.38,15500.0,97288.0,16.86,0.98,6782295.0,12901432.725902
801143.SI,20240726,造纸,1834.15,1878.71,1824.92,1865.71,38.03,2.08,18128.0,110126.0,17.21,1.0,6923430.0,13161324.175477
801143.SI,20240729,造纸,1865.98,1886.23,1837.95,1864.4,-1.31,-0.07,16139.0,101205.0,17.18,1.0,6911667.0,13120792.024927
801143.SI,20240730,造纸,1864.55,1888.22,1841.89,1874.4,10.0,0.54,14985.0,105155.0,17.27,1.01,6948752.0,13174181.008923
801143.SI,20240731,造纸,1873.13,1942.13,1862.6,1935.33,60.93,3.25,22650.0,135161.0,17.11,1.01,6890867.0,13095189.560088
801143.SI,20240801,造纸,1937.6,1959.34,1887.08,1898.2,-37.12,-1.92,18538.0,117966.0,16.73,0.99,6739459.0,12827922.523908
801143.SI,20240802,造纸,1886.15,1914.98,1866.16,1885.03,-13.18,-0.69,16722.0,112548.0,16.61,0.98,6692677.0,12724427.037557
801143.SI,20240805,造纸,1901.63,1942.86,1862.44,1870.11,-14.92,-0.79,28829.0,157916.0,16.48,0.98,6639708.0,12623985.205102
801143.SI,20240806,造纸,1883.22,1921.12,1864.23,1897.34,27.23,1.46,24246.0,155151.0,16.71,0.99,6736389.0,12800187.169682
801143.SI,20240807,造纸,1896.18,1908.5,1866.01,1885.73,-11.61,-0.61,15958.0,108963.0,16.61,0.98,6695174.0,12710771.387674
801143.SI,20240808,造纸,1882.84,1923.71,1866.09,1911.02,25.29,1.34,17962.0,112805.0,16.84,1.0,6784962.0,12872118.508999
801143.SI,20240809,造纸,1913.89,1936.22,1896.97,1905.89,-5.13,-0.27,15197.0,88654.0,16.8,1.0,6766733.0,12831589.175881
801143.SI,20240812,造纸,1903.54,1930.58,1877.21,1902.4,-3.48,-0.18,19734.0,115666.0,16.77,0.99,6754366.0,12828100.384461
801143.SI,20240813,造纸,1899.54,1925.31,1877.77,1910.16,7.76,0.41,16347.0,92811.0,16.84,1.0,6781923.0,12860243.856797
801143.SI,20240814,造纸,1908.18,1918.72,1867.03,1874.73,-35.44,-1.86,13144.0,79263.0,16.53,0.98,6656101.0,12614252.249544
801143.SI,20240815,造纸,1869.48,1904.33,1852.36,1881.4,6.68,0.36,16852.0,102316.0,16.57,0.98,6692915.0,12628652.626918
801143.SI,20240816,造纸,1884.71,1890.16,1840.65,1856.38,-25.02,-1.33,17805.0,106856.0,16.35,0.97,6603901.0,12445710.099525
801143.SI,20240819,造纸,1858.44,1890.27,1843.2,1874.12,17.74,0.96,15909.0,88550.0,16.49,0.98,6658676.0,12548318.243325
801143.SI,20240820,造纸,1875.85,1895.99,1832.48,1850.38,-23.73,-1.27,21638.0,94384.0,16.28,0.97,6574350.0,12370602.059481
801143.SI,20240821,造纸,1844.88,1872.5,1827.27,1842.8,-7.58,-0.41,18705.0,89225.0,16.22,0.96,6547407.0,12320793.196575
801143.SI,20240822,造纸,1841.1,1854.25,1812.79,1820.49,-22.31,-1.21,15768.0,73922.0,16.02,0.95,6468147.0,12182090.159561
801143.SI,20240823,造纸,1821.9,1834.86,1792.75,1808.5,-11.99,-0.66,14488.0,71811.0,15.92,0.95,6425545.0,12122662.214664
801143.SI,20240826,造纸,1807.49,1840.52,1783.94,1819.02,10.52,0.58,16053.0,79133.0,16.01,0.95,6464799.0,12186019.645173
801143.SI,20240827,造纸,1816.91,1830.36,1793.84,1805.21,-13.8,-0.76,11554.0,58252.0,15.89,0.94,6415743.0,12104358.840712
801143.SI,20240828,造纸,1800.09,1837.44,1785.37,1809.62,4.4,0.24,13508.0,65850.0,15.92,0.95,6431392.0,12127861.340049
801143.SI,20240829,造纸,1811.29,1857.04,1793.58,1848.11,38.49,2.13,15047.0,87871.0,16.26,0.96,6568203.0,12391018.288048
801143.SI,20240830,造纸,1841.09,1898.59,1812.36,1876.4,28.28,1.53,25589.0,138419.0,16.51,0.97,6668726.0,12558788.71188
801143.SI,20240902,造纸,1872.11,1895.8,1834.56,1839.66,-36.73,-1.96,20028.0,112402.0,15.55,0.96,6538183.0,12320780.418889
801143.SI,20240903,造纸,1838.08,1867.56,1828.18,1851.67,12.0,0.65,14783.0,83129.0,15.65,0.96,6580848.0,12409171.057733
801143.SI,20240904,造纸,1843.57,1856.91,1808.81,1817.76,-33.91,-1.83,15662.0,89827.0,15.36,0.95,6460346.0,12190462.197921
801143.SI,20240905,造纸,1817.84,1844.99,1801.46,1835.66,17.9,0.98,12896.0,79212.0,15.51,0.95,6523952.0,12301056.981349
801143.SI,20240906,造纸,1835.27,1843.39,1798.48,1806.01,-29.65,-1.62,12086.0,71666.0,15.26,0.94,6418559.0,12102259.284718
801143.SI,20240909,造纸,1798.25,1827.02,1776.87,1798.04,-7.96,-0.44,14880.0,77822.0,15.19,0.94,6390255.0,12040039.003954
801143.SI,20240910,造纸,1797.89,1814.1,1762.38,1794.89,-3.15,-0.18,16174.0,81028.0,15.16,0.93,6380172.0,12024533.019167
801143.SI,20240911,造纸,1788.73,1808.59,1771.17,1791.43,-3.46,-0.19,12915.0,69347.0,15.13,0.93,6367882.0,12007295.669185
801143.SI,20240912,造纸,1788.95,1818.16,1778.41,1790.72,-0.71,-0.04,13024.0,66264.0,15.13,0.93,6365373.0,11992384.928341
801143.SI,20240913,造纸,1791.53,1803.94,1764.69,1771.62,-19.1,-1.07,13992.0,76097.0,14.97,0.92,6297464.0,11848884.448744
801143.SI,20240918,造纸,1771.31,1794.6,1738.38,1777.88,6.26,0.35,14640.0,74516.0,15.03,0.92,6319727.0,11880609.523755
801143.SI,20240919,造纸,1787.53,1843.54,1774.19,1818.49,40.6,2.28,20453.0,111042.0,15.37,0.95,6464057.0,12156999.189407
801143.SI,20240920,造纸,1816.59,1828.0,1789.54,1812.22,-6.27,-0.34,14777.0,80917.0,15.32,0.94,6441771.0,12100553.973206
801143.SI,20240923,造纸,1811.75,1857.5,1800.51,1839.54,27.32,1.51,16703.0,98041.0,15.55,0.96,6538882.0,12288934.175873
801143.SI,20240924,造纸,1848.98,1919.67,1837.87,1910.68,71.14,3.87,31767.0,164062.0,16.15,0.99,6791760.0,12771854.6885
801143.SI,20240925,造纸,1931.8,1996.41,1919.04,1945.21,34.54,1.81,40990.0,200216.0,16.44,1.01,6914526.0,12981251.73989
801143.SI,20240926,造纸,1939.7,2031.83,1922.58,2022.65,77.44,3.98,42342.0,213721.0,17.1,1.05,7189780.0,13520515.664918
801143.SI,20240927,造纸,2052.52,2114.22,2023.65,2092.91,70.26,3.47,41633.0,229762.0,17.69,1.09,7439537.0,14014258.418569
801143.SI,20240930,造纸,2156.5,2277.51,2110.32,2258.21,165.3,7.9,86257.0,469473.0,19.08,1.17,8027112.0,15134176.913054
801143.SI,20241008,造纸,2471.85,2477.43,2206.88,2304.14,45.93,2.03,139844.0,709452.0,19.46,1.2,8190366.0,15496378.219277
801143.SI,20241009,造纸,2260.3,2280.15,2114.85,2140.57,-163.57,-7.1,88352.0,429071.0,18.08,1.11,7608945.0,14368175.068902
801143.SI,20241010,造纸,2142.09,2230.05,2120.1,2171.19,30.62,1.43,63473.0,320364.0,18.35,1.13,7717784.0,14643698.007303
801143.SI,20241011,造纸,2164.92,2203.5,2100.84,2132.09,-39.09,-1.8,54421.0,275537.0,18.02,1.11,7578817.0,14357782.136863
801143.SI,20241014,造纸,2126.42,2182.29,2088.09,2149.75,17.66,0.83,51799.0,265033.0,18.17,1.12,7641584.0,14493255.643704
801143.SI,20241015,造纸,2149.02,2159.11,2087.76,2092.53,-57.22,-2.66,43171.0,212503.0,17.68,1.09,7438181.0,14117360.735377
801143.SI,20241016,造纸,2071.18,2123.13,2057.13,2094.91,2.38,0.11,32291.0,164527.0,17.7,1.09,7444868.0,14111565.293132
801143.SI,20241017,造纸,2098.52,2136.22,2061.03,2070.57,-24.34,-1.16,36309.0,186334.0,17.5,1.08,7358376.0,13936690.806226
801143.SI,20241018,造纸,2066.15,2131.0,2036.11,2098.47,27.9,1.35,51725.0,261204.0,17.73,1.09,7457523.0,14133751.909816
801143.SI,20241021,造纸,2113.82,2147.81,2070.26,2113.25,14.78,0.7,86651.0,318282.0,17.85,1.1,7510062.0,14230456.599742
801143.SI,20241022,造纸,2110.96,2163.67,2094.93,2143.43,30.18,1.43,66929.0,290866.0,18.11,1.11,7617303.0,14425259.766761
801143.SI,20241023,造纸,2140.84,2186.23,2117.39,2150.53,7.1,0.33,68062.0,278754.0,18.17,1.12,7642525.0,14478763.31512
801143.SI,20241024,造纸,2144.98,2178.08,2116.87,2144.2,-6.32,-0.29,53006.0,224553.0,18.12,1.12,7620055.0,14431841.094579
801143.SI,20241025,造纸,2144.1,2184.01,2115.43,2164.72,20.51,0.96,63163.0,292482.0,18.29,1.13,7692959.0,14572989.740608
801143.SI,20241028,造纸,2164.17,2243.89,2147.05,2227.13,62.41,2.88,80309.0,355180.0,18.82,1.16,7914767.0,15053666.892968
801143.SI,20241029,造纸,2235.07,2255.73,2160.87,2183.28,-43.85,-1.97,66990.0,325929.0,18.45,1.14,7758927.0,14740681.18035
801143.SI,20241030,造纸,2175.1,2218.79,2140.59,2183.82,0.54,0.02,55564.0,270289.0,18.46,1.14,7754119.0,14712333.602212
801143.SI,20241031,造纸,2172.71,2215.43,2131.29,2168.68,-15.15,-0.69,89992.0,379261.0,18.33,1.13,7700343.0,14610878.744944
801143.SI,20241101,造纸,2169.16,2212.32,2111.07,2142.74,-25.94,-1.2,78315.0,362719.0,20.41,1.12,7608246.0,14452073.5269
801143.SI,20241104,造纸,2146.61,2189.93,2102.39,2171.22,28.48,1.33,82023.0,299104.0,20.68,1.13,7709379.0,14643521.537868
801143.SI,20241105,造纸,2165.57,2221.84,2141.78,2204.85,33.62,1.55,95922.0,373482.0,21.0,1.15,7828771.0,14865286.051986
801143.SI,20241106,造纸,2210.52,2267.31,2189.98,2230.79,25.94,1.18,89585.0,410284.0,21.25,1.16,7920887.0,15043607.269918
801143.SI,20241107,造纸,2211.71,2326.92,2197.12,2306.82,76.03,3.41,108967.0,446492.0,21.98,1.2,8190842.0,15537078.198163
801143.SI,20241108,造纸,2325.01,2385.2,2274.14,2336.44,29.62,1.28,99640.0,474854.0,22.26,1.22,8296014.0,15753157.931986
801143.SI,20241111,造纸,2323.38,2382.58,2284.68,2352.9,16.47,0.7,78768.0,414427.0,22.41,1.23,8354482.0,15893477.800092
801143.SI,20241112,造纸,2354.17,2434.9,2309.36,2349.7,-3.2,-0.14,93105.0,479779.0,22.39,1.22,8343112.0,15863442.037943
801143.SI,20241113,造纸,2342.72,2386.28,2284.57,2330.48,-19.23,-0.82,70635.0,359867.0,22.2,1.21,8274848.0,15746228.389107
801143.SI,20241114,造纸,2327.24,2359.22,2262.81,2279.36,-51.11,-2.19,58895.0,300857.0,21.7,1.19,8089028.0,15393549.659625
801143.SI,20241115,造纸,2279.42,2312.6,2232.04,2241.39,-37.97,-1.67,54051.0,262779.0,21.34,1.17,7953721.0,15134889.934149
801143.SI,20241118,造纸,2256.6,2313.52,2210.11,2232.78,-8.61,-0.38,75188.0,330479.0,21.26,1.16,7923162.0,15080102.670763
801143.SI,20241119,造纸,2233.33,2272.64,2198.14,2255.36,22.58,1.01,54974.0,236730.0,21.47,1.18,8003288.0,15249712.072531
801143.SI,20241120,造纸,2265.7,2357.44,2257.75,2311.46,56.1,2.49,67460.0,366892.0,22.0,1.2,8202358.0,15637905.268862
801143.SI,20241121,造纸,2308.51,2348.66,2269.94,2307.95,-3.51,-0.15,70531.0,363884.0,21.97,1.2,8189905.0,15611105.772803
801143.SI,20241122,造纸,2299.22,2329.73,2227.73,2239.36,-68.58,-2.97,75238.0,361065.0,21.32,1.17,7946528.0,15158208.396953
801143.SI,20241125,造纸,2235.94,2293.12,2198.22,2264.45,25.09,1.12,59613.0,304873.0,21.56,1.18,8035564.0,15333064.966696
801143.SI,20241126,造纸,2267.77,2314.7,2243.62,2273.78,9.32,0.41,55326.0,301503.0,21.65,1.18,8068650.0,15382391.384173
801143.SI,20241127,造纸,2257.17,2291.31,2201.11,2271.22,-2.56,-0.11,62490.0,304941.0,21.62,1.18,8059579.0,15383608.527
801143.SI,20241128,造纸,2266.31,2303.27,2224.28,2241.59,-29.63,-1.3,63833.0,307948.0,21.34,1.17,7954448.0,15163854.274867
801143.SI,20241129,造纸,2241.28,2292.88,2219.09,2265.82,24.23,1.08,58065.0,303352.0,21.56,1.18,8040430.0,15322417.442138
801143.SI,20241202,造纸,2274.35,2336.09,2257.91,2307.84,42.01,1.85,78591.0,343450.0,21.97,1.2,8189513.0,15567394.188391
801143.SI,20241203,造纸,2315.29,2349.97,2276.23,2313.76,5.93,0.26,76467.0,367983.0,22.02,1.21,8210549.0,15590121.534577
801143.SI,20241204,造纸,2301.76,2330.51,2246.73,2272.12,-41.64,-1.8,66813.0,313632.0,21.63,1.18,8062776.0,15314567.320372
801143.SI,20241205,造纸,2262.22,2307.46,2234.33,2266.46,-5.66,-0.25,66659.0,308079.0,21.57,1.18,8042680.0,15295805.326436
801143.SI,20241206,造纸,2261.14,2323.38,2245.99,2304.8,38.34,1.69,109582.0,412769.0,21.94,1.2,8178734.0,15557305.687664
801143.SI,20241209,造纸,2316.64,2366.46,2266.91,2308.45,3.65,0.16,128339.0,482523.0,21.97,1.2,8191704.0,15574817.949459
801143.SI,20241210,造纸,2362.21,2388.46,2285.91,2298.42,-10.03,-0.43,97137.0,431008.0,21.88,1.2,8156110.0,15528249.274474
801143.SI,20241211,造纸,2298.06,2381.24,2287.88,2366.63,68.21,2.97,122961.0,450713.0,22.62,1.24,8398140.0,16052880.850347
801143.SI,20241212,造纸,2370.95,2418.19,2338.42,2397.41,30.78,1.3,125035.0,482832.0,22.92,1.25,8507374.0,16278015.867689
801143.SI,20241213,造纸,2400.19,2443.05,2340.57,2367.76,-29.66,-1.24,128986.0,613361.0,22.62,1.24,8402141.0,16067800.003457
801143.SI,20241216,造纸,2377.27,2428.2,2336.3,2379.92,12.16,0.51,122928.0,501680.0,22.74,1.25,8445300.0,16143408.551598
801143.SI,20241217,造纸,2380.88,2415.57,2296.56,2339.29,-40.63,-1.71,105500.0,558247.0,22.36,1.22,8301138.0,15883383.460786
801143.SI,20241218,造纸,2331.3,2386.68,2301.56,2331.59,-7.7,-0.33,87536.0,485026.0,22.29,1.22,8273804.0,15818035.065632
801143.SI,20241219,造纸,2304.41,2348.18,2264.08,2311.23,-20.36,-0.87,83239.0,426254.0,22.1,1.21,8201568.0,15693081.234892
801143.SI,20241220,造纸,2301.16,2340.21,2270.59,2293.84,-17.39,-0.75,62003.0,337889.0,21.93,1.2,8139861.0,15592626.501853
801143.SI,20241223,造纸,2293.64,2325.13,2221.44,2242.11,-51.73,-2.26,78404.0,353733.0,21.44,1.17,7956282.0,15291505.694624
801143.SI,20241224,造纸,2265.1,2303.07,2232.68,2270.03,27.92,1.25,57382.0,338410.0,21.71,1.19,8055347.0,15475027.188795
801143.SI,20241225,造纸,2280.25,2300.98,2211.17,2246.4,-23.62,-1.04,73376.0,392234.0,21.48,1.18,7971513.0,15355816.320251
801143.SI,20241226,造纸,2250.6,2317.33,2234.22,2283.31,36.91,1.64,58207.0,343892.0,21.83,1.19,8100902.0,15593266.814256
801143.SI,20241227,造纸,2289.06,2350.3,2247.3,2290.07,6.76,0.3,98753.0,488557.0,21.89,1.2,8124881.0,15633115.139907
801143.SI,20241230,造纸,2283.95,2335.22,2250.57,2290.33,0.26,0.01,112055.0,500112.0,21.9,1.2,8125804.0,15730575.423265
801143.SI,20241231,造纸,2284.34,2328.03,2226.41,2245.47,-44.86,-1.96,102725.0,466496.0,21.47,1.17,7966641.0,15453815.379396
801143.SI,20250102,造纸,2232.93,2286.55,2181.58,2205.9,-39.57,-1.76,78898.0,364317.0,21.09,1.15,7826260.0,15226233.6337
801143.SI,20250103,造纸,2211.75,2229.9,2106.81,2114.09,-91.81,-4.16,76071.0,336697.0,20.21,1.11,7500524.0,14657795.230911
801143.SI,20250106,造纸,2108.95,2143.76,2054.39,2094.57,-19.52,-0.92,55889.0,244910.0,20.29,1.09,7342932.0,14531343.283631
801143.SI,20250107,造纸,2101.3,2135.67,2060.14,2111.53,16.96,0.81,57714.0,225803.0,20.47,1.1,7409993.0,14632437.594446
801143.SI,20250108,造纸,2100.3,2127.03,2041.32,2100.11,-11.41,-0.54,57606.0,242512.0,20.36,1.09,7369936.0,14506103.413152
801143.SI,20250109,造纸,2088.3,2132.81,2067.71,2101.67,1.55,0.07,54454.0,220092.0,20.37,1.09,7375388.0,14512001.048846
801143.SI,20250110,造纸,2103.15,2131.7,2047.54,2055.89,-45.78,-2.18,58958.0,223367.0,19.93,1.07,7212065.0,14220151.589686
801143.SI,20250113,造纸,2036.64,2081.06,2008.68,2055.35,-0.54,-0.03,43335.0,185487.0,19.92,1.07,7210162.0,14285040.267736
801143.SI,20250114,造纸,2060.06,2120.42,2038.6,2114.63,59.28,2.88,56122.0,277388.0,20.5,1.1,7418106.0,14685402.732566
801143.SI,20250115,造纸,2110.91,2126.36,2072.99,2092.29,-22.33,-1.06,41323.0,209748.0,20.28,1.09,7339766.0,14555767.941792
801143.SI,20250116,造纸,2099.63,2147.95,2082.92,2117.79,25.5,1.22,53171.0,224997.0,20.53,1.1,7429212.0,14707499.981312
801143.SI,20250117,造纸,2114.77,2145.48,2093.01,2123.38,5.59,0.26,42337.0,183884.0,20.58,1.11,7448824.0,14755023.188714
801143.SI,20250120,造纸,2127.08,2166.69,2083.5,2130.23,6.84,0.32,61925.0,262005.0,20.63,1.11,7472826.0,14798485.483948
801143.SI,20250121,造纸,2138.7,2155.83,2093.13,2122.19,-8.04,-0.38,42961.0,211154.0,20.56,1.1,7444634.0,14749333.032493
801143.SI,20250122,造纸,2113.64,2125.9,2071.34,2091.88,-30.31,-1.43,30934.0,154940.0,20.27,1.09,7338321.0,14571869.54524
801143.SI,20250123,造纸,2110.74,2130.01,2071.04,2074.68,-17.2,-0.82,36884.0,172213.0,20.1,1.08,7277972.0,14475277.15096
801143.SI,20250124,造纸,2057.19,2090.58,2040.52,2069.78,-4.9,-0.24,40455.0,181535.0,20.05,1.08,7260778.0,14435249.156597
801143.SI,20250127,造纸,2072.33,2134.07,2060.05,2094.37,24.59,1.19,44523.0,231495.0,20.3,1.09,7347032.0,14632034.072115
801143.SI,20250205,造纸,2110.6,2130.2,2066.62,2092.22,-2.14,-0.1,38305.0,212059.0,20.28,1.09,7341264.0,14541311.470024
801143.SI,20250206,造纸,2100.58,2131.7,2071.61,2111.24,19.02,0.91,65965.0,298521.0,20.46,1.1,7407991.0,14642470.952362
801143.SI,20250207,造纸,2106.6,2156.46,2088.18,2131.27,20.03,0.95,70686.0,315066.0,20.66,1.11,7478265.0,14760867.834784
801143.SI,20250210,造纸,2132.42,2166.25,2116.54,2148.94,17.67,0.83,57182.0,258236.0,20.83,1.12,7540277.0,14867914.0
801143.SI,20250211,造纸,2152.9,2202.8,2125.53,2174.24,25.31,1.18,56580.0,293572.0,21.08,1.13,7629068.0,15055398.0
801143.SI,20250212,造纸,2169.93,2193.03,2147.19,2177.56,3.32,0.15,46123.0,221875.0,21.11,1.13,7640706.0,15089231.0
801143.SI,20250213,造纸,2178.38,2203.09,2151.56,2162.6,-14.96,-0.69,56817.0,239360.0,20.97,1.13,7588201.0,14962588.0
801143.SI,20250214,造纸,2162.13,2177.0,2125.94,2143.13,-19.46,-0.9,54745.0,230596.0,20.77,1.12,7519908.0,14839606.0
801143.SI,20250217,造纸,2145.08,2187.79,2113.87,2167.16,24.03,1.12,61277.0,268852.0,21.01,1.13,7604214.0,14958641.0
801143.SI,20250218,造纸,2170.29,2184.54,2108.67,2118.55,-48.62,-2.24,77977.0,355273.0,20.54,1.1,7433629.0,14635962.0
801143.SI,20250219,造纸,2114.67,2138.49,2099.02,2126.34,7.8,0.37,56801.0,264666.0,20.61,1.11,7460995.0,14677298.0
801143.SI,20250220,造纸,2125.17,2156.81,2099.93,2130.67,4.33,0.2,51443.0,282122.0,20.65,1.11,7471250.0,14712783.0
801143.SI,20250221,造纸,2122.12,2145.18,2081.45,2104.95,-25.72,-1.21,53152.0,292480.0,20.4,1.1,7381047.0,14535719.0
801143.SI,20250224,造纸,2097.57,2138.07,2073.55,2109.57,4.62,0.22,58366.0,288938.0,20.44,1.1,7397256.0,14564845.0
801143.SI,20250225,造纸,2091.52,2116.72,2063.58,2074.24,-35.33,-1.67,43808.0,217194.0,20.09,1.08,7273388.0,14338281.0
801143.SI,20250226,造纸,2072.57,2130.78,2064.81,2111.0,36.75,1.77,44394.0,232385.0,20.45,1.1,7402256.0,14577150.0
801143.SI,20250227,造纸,2110.31,2154.68,2080.05,2126.98,15.98,0.76,79845.0,382677.0,20.6,1.11,7458301.0,14729727.0
801143.SI,20250228,造纸,2123.07,2154.34,2081.55,2102.49,-24.48,-1.15,59750.0,306249.0,20.38,1.1,7375487.0,14630123.0
801143.SI,20250303,造纸,2103.92,2130.5,2069.68,2090.16,-12.34,-0.59,59936.0,274827.0,20.26,1.09,7332208.0,14554165.0
801143.SI,20250304,造纸,2083.99,2113.93,2065.28,2096.81,6.65,0.32,41935.0,199846.0,20.32,1.09,7355546.0,14594857.0
801143.SI,20250305,造纸,2095.91,2114.27,2066.05,2094.73,-2.08,-0.1,41193.0,198612.0,20.3,1.09,7348252.0,14585787.0
801143.SI,20250306,造纸,2098.18,2132.95,2074.81,2119.49,24.76,1.18,48196.0,237252.0,20.54,1.1,7435094.0,14736439.0
801143.SI,20250307,造纸,2117.54,2151.97,2090.43,2122.4,2.91,0.14,46948.0,225101.0,20.57,1.11,7445309.0,14781069.0
801143.SI,20250310,造纸,2123.58,2138.27,2093.5,2117.03,-5.37,-0.25,34238.0,164806.0,20.52,1.1,7426480.0,14764640.0
801143.SI,20250311,造纸,2097.01,2132.65,2083.39,2123.21,6.18,0.29,37137.0,173405.0,20.3,1.11,7448175.0,14808441.0
801143.SI,20250312,造纸,2123.99,2143.95,2097.25,2112.64,-10.57,-0.5,41184.0,198501.0,19.71,1.1,7411091.0,14726572.0
801143.SI,20250313,造纸,2113.21,2129.8,2074.48,2099.84,-12.8,-0.61,45017.0,206257.0,19.59,1.1,7365145.0,14644238.0
801143.SI,20250314,造纸,2097.96,2131.35,2086.0,2126.85,27.01,1.29,41758.0,197197.0,19.84,1.11,7459881.0,14841459.0
801143.SI,20250317,造纸,2131.73,2158.01,2114.94,2135.43,8.58,0.4,49876.0,202122.0,19.92,1.12,7489967.0,14877807.0
801143.SI,20250318,造纸,2136.6,2153.87,2115.48,2135.04,-0.39,-0.02,38157.0,164746.0,19.92,1.11,7488603.0,14880503.0
801143.SI,20250319,造纸,2129.31,2154.55,2111.44,2136.52,1.48,0.07,37392.0,166811.0,19.94,1.12,7493789.0,14888822.0
801143.SI,20250320,造纸,2135.28,2157.06,2118.02,2130.09,-6.43,-0.3,33902.0,148157.0,19.87,1.11,7471245.0,14847141.0
801143.SI,20250321,造纸,2127.13,2159.58,2102.91,2116.13,-13.95,-0.66,43704.0,185230.0,19.75,1.11,7422305.0,14746527.0
801143.SI,20250324,造纸,2114.22,2129.37,2058.05,2090.02,-26.11,-1.23,49008.0,189928.0,19.5,1.09,7330710.0,14599622.0
801143.SI,20250325,造纸,2089.16,2128.39,2071.85,2115.63,25.61,1.23,55841.0,188680.0,19.72,1.11,7420537.0,14774463.0
801143.SI,20250326,造纸,2105.62,2131.57,2092.97,2121.9,6.27,0.3,40933.0,161456.0,19.83,1.11,7442522.0,14816068.0
801143.SI,20250327,造纸,2116.28,2155.94,2092.38,2128.96,7.06,0.33,37703.0,163739.0,19.9,1.11,7467281.0,14867959.0
801143.SI,20250328,造纸,2126.5,2143.53,2093.65,2108.08,-20.88,-0.98,32305.0,146822.0,19.7,1.1,7394051.0,14725600.0
801143.SI,20250331,造纸,2098.51,2120.75,2060.49,2080.27,-27.8,-1.32,38170.0,161482.0,19.79,1.1,7465570.0,14516247.0
801143.SI,20250401,造纸,2081.72,2130.67,2076.46,2109.1,28.83,1.39,45474.0,177014.0,20.06,1.16,7569016.0,14703463.0
801143.SI,20250402,造纸,2105.14,2130.68,2087.33,2105.38,-3.72,-0.18,32234.0,127531.0,20.02,1.16,7551336.0,14697957.0
801143.SI,20250403,造纸,2087.86,2118.15,2073.0,2096.9,-8.48,-0.4,31278.0,126325.0,19.94,1.15,7520936.0,14640045.0
801143.SI,20250407,造纸,2006.67,2042.29,1894.98,1911.91,-184.99,-8.82,53717.0,238099.0,18.19,1.05,6857430.0,13329639.0
801143.SI,20250408,造纸,1896.06,1952.36,1871.08,1919.83,7.92,0.41,47485.0,208887.0,18.27,1.06,6885845.0,13423447.0
801143.SI,20250409,造纸,1901.46,1958.3,1834.78,1932.65,12.81,0.67,51948.0,233043.0,18.39,1.06,6931804.0,13515217.0
801143.SI,20250410,造纸,1946.39,2002.78,1933.61,1971.93,39.28,2.03,41226.0,198611.0,19.62,1.08,7072693.0,13801609.0
801143.SI,20250411,造纸,1959.98,2005.4,1948.05,1976.09,4.16,0.21,32780.0,155099.0,19.68,1.08,7087613.0,13822476.0
801143.SI,20250414,造纸,1990.06,2022.26,1978.94,2000.34,24.25,1.23,34382.0,155550.0,20.18,1.09,7172840.0,13959867.0
801143.SI,20250415,造纸,2001.04,2013.83,1970.22,1985.0,-15.34,-0.77,28931.0,134650.0,20.16,1.08,7117841.0,13863087.0
801143.SI,20250416,造纸,1980.16,1995.69,1943.12,1972.73,-12.28,-0.62,26657.0,119045.0,20.03,1.08,7073809.0,13773792.0
801143.SI,20250417,造纸,1964.11,2008.1,1954.09,1987.7,14.98,0.76,24577.0,121509.0,20.18,1.08,7127512.0,13893799.0
801143.SI,20250418,造纸,1991.79,2012.18,1965.69,1987.22,-0.48,-0.02,22110.0,122787.0,20.18,1.08,7125796.0,13883525.0
801143.SI,20250421,造纸,1982.56,2078.69,1969.32,2056.02,68.8,3.46,52599.0,251360.0,21.42,1.12,7372504.0,14385128.0
801143.SI,20250422,造纸,2059.87,2100.44,2043.25,2058.61,2.59,0.13,55442.0,275451.0,21.44,1.12,7381777.0,14390721.0
801143.SI,20250423,造纸,2058.59,2076.29,2017.19,2032.58,-26.03,-1.26,46781.0,235105.0,21.17,1.11,7288444.0,14207756.0
801143.SI,20250424,造纸,2030.39,2077.82,2011.42,2047.52,14.94,0.74,50618.0,258539.0,21.33,1.12,7342018.0,14336399.0
801143.SI,20250425,造纸,2043.03,2064.74,2012.97,2029.75,-17.77,-0.87,42272.0,207371.0,21.14,1.11,7278290.0,14203770.0
801143.SI,20250428,造纸,2028.12,2040.12,1981.05,2007.0,-22.75,-1.12,36887.0,163617.0,20.9,1.09,7196729.0,14052249.0
801143.SI,20250429,造纸,1997.43,2036.57,1980.87,2011.44,4.44,0.22,32104.0,156173.0,21.22,1.09,7212645.0,14036560.0
801143.SI,20250430,造纸,2007.95,2039.71,1980.82,2002.52,-8.92,-0.44,35808.0,223411.0,24.14,1.08,7180647.0,13983399.0
801143.SI,20250506,造纸,2015.17,2048.04,2002.27,2032.06,29.54,1.48,39254.0,218222.0,26.73,1.09,7286584.0,14164526.0
801143.SI,20250507,造纸,2043.82,2076.9,2023.84,2051.47,19.41,0.96,47575.0,229903.0,26.98,1.1,7356189.0,14296911.0
801143.SI,20250508,造纸,2044.5,2072.57,2028.9,2051.65,0.18,0.01,35814.0,190523.0,26.98,1.1,7356836.0,14291807.0
801143.SI,20250509,造纸,2052.67,2076.03,2024.62,2045.89,-5.76,-0.28,39730.0,199369.0,26.9,1.1,7336179.0,14233727.0
801143.SI,20250512,造纸,2049.76,2066.28,2023.43,2047.37,1.48,0.07,34916.0,184896.0,26.92,1.1,7341474.0,14231325.0
801143.SI,20250513,造纸,2056.21,2078.72,2033.83,2057.46,10.09,0.49,33593.0,194961.0,27.06,1.1,7377639.0,14315243.0
801143.SI,20250514,造纸,2054.31,2070.13,2030.98,2050.04,-7.41,-0.36,32611.0,176418.0,26.96,1.1,7351054.0,14270038.0
801143.SI,20250515,造纸,2047.44,2069.59,2028.75,2040.08,-9.97,-0.49,27392.0,147590.0,26.82,1.09,7315316.0,14204259.0
801143.SI,20250516,造纸,2038.97,2058.19,2018.84,2036.2,-3.87,-0.19,24767.0,137295.0,26.77,1.09,7301426.0,14187771.0
801143.SI,20250519,造纸,2036.54,2083.56,2025.65,2068.36,32.16,1.58,46333.0,195003.0,27.19,1.11,7416746.0,14382411.0
801143.SI,20250520,造纸,2073.9,2102.94,2058.99,2087.76,19.39,0.94,39329.0,220780.0,27.44,1.12,7486291.0,14539035.0
801143.SI,20250521,造纸,2090.52,2105.44,2066.9,2089.35,1.59,0.08,38620.0,231394.0,27.47,1.12,7491997.0,14553943.0
801143.SI,20250522,造纸,2084.24,2107.2,2047.65,2071.19,-18.16,-0.87,39728.0,241618.0,27.23,1.11,7426869.0,14444536.0
801143.SI,20250523,造纸,2074.96,2121.52,2052.17,2071.71,0.53,0.03,43735.0,298698.0,27.23,1.11,7428756.0,14432458.0
801143.SI,20250526,造纸,2074.82,2102.12,2055.63,2081.83,10.12,0.49,31357.0,202943.0,27.37,1.12,7465039.0,14482747.0
801143.SI,20250527,造纸,2083.93,2109.76,2061.99,2082.15,0.32,0.02,35338.0,296348.0,27.37,1.12,7466190.0,14482699.0
801143.SI,20250528,造纸,2081.7,2091.6,2048.09,2058.38,-23.77,-1.14,28754.0,230487.0,27.06,1.1,7380947.0,14311800.0
801143.SI,20250529,造纸,2055.58,2098.06,2041.03,2080.78,22.4,1.09,42537.0,256793.0,27.35,1.12,7461278.0,14435185.0
801143.SI,20250530,造纸,2080.85,2102.97,2052.51,2061.03,-19.75,-0.95,48535.0,245554.0,27.1,1.11,7390441.0,14294840.0
801143.SI,20250603,造纸,2055.58,2098.62,2042.67,2074.07,13.04,0.63,39664.0,207287.0,27.27,1.11,7437201.0,14363611.0
801143.SI,20250604,造纸,2073.19,2101.19,2058.39,2090.07,16.0,0.77,33707.0,206758.0,27.48,1.12,7494573.0,14473749.0
801143.SI,20250605,造纸,2090.98,2113.52,2068.85,2087.66,-2.4,-0.11,44676.0,248245.0,27.51,1.12,7502320.0,14449434.0
801143.SI,20250606,造纸,2086.07,2121.42,2074.12,2097.68,10.02,0.48,41444.0,226770.0,27.64,1.13,7538333.0,14507944.0
801143.SI,20250609,造纸,2100.04,2125.24,2080.55,2104.26,6.58,0.31,47059.0,226092.0,27.72,1.13,7561969.0,14539596.0
801143.SI,20250610,造纸,2105.56,2116.55,2066.22,2086.88,-17.38,-0.83,43902.0,216499.0,27.5,1.12,7499527.0,14418127.0
801143.SI,20250611,造纸,2085.67,2109.2,2076.95,2094.28,7.4,0.35,29874.0,161979.0,27.59,1.13,7526108.0,14491188.0
801143.SI,20250612,造纸,2090.67,2108.67,2066.11,2085.6,-8.68,-0.41,36124.0,200529.0,27.47,1.12,7494902.0,14450464.0
801143.SI,20250613,造纸,2090.51,2103.58,2050.59,2060.67,-24.93,-1.2,34731.0,187623.0,27.15,1.11,7405310.0,14273574.0
801143.SI,20250616,造纸,2055.15,2081.2,2043.19,2065.23,4.56,0.22,48644.0,305039.0,27.21,1.11,7421696.0,14287111.0
801143.SI,20250617,造纸,2062.81,2085.19,2038.37,2056.1,-9.13,-0.44,44604.0,278599.0,27.09,1.11,7388882.0,14204675.0
801143.SI,20250618,造纸,2050.34,2077.75,2026.63,2052.92,-3.17,-0.15,49802.0,324039.0,27.05,1.1,7377478.0,14161449.0
801143.SI,20250619,造纸,2048.97,2070.22,2010.51,2033.02,-19.91,-0.97,53154.0,346140.0,26.79,1.09,7305945.0,14017549.0
801143.SI,20250620,造纸,2039.58,2073.51,2023.86,2046.97,13.95,0.69,57424.0,350306.0,26.97,1.1,7356081.0,14055005.0
801143.SI,20250623,造纸,2041.89,2082.68,2018.41,2065.07,18.1,0.88,62501.0,419132.0,27.21,1.11,7421135.0,14146494.0
801143.SI,20250624,造纸,2068.93,2119.45,2053.33,2097.36,32.29,1.56,72789.0,528194.0,27.64,1.13,7537185.0,14375258.0
801143.SI,20250625,造纸,2107.26,2136.37,2084.02,2104.85,7.48,0.36,88722.0,473586.0,27.73,1.13,7564073.0,14438989.0
801143.SI,20250626,造纸,2096.05,2129.97,2077.85,2099.21,-5.64,-0.27,67525.0,444501.0,27.71,1.13,7529434.0,14378320.0
801143.SI,20250627,造纸,2095.34,2130.38,2084.49,2105.5,6.29,0.3,55984.0,408121.0,27.79,1.13,7552008.0,14421763.0
801143.SI,20250630,造纸,2110.67,2140.05,2088.6,2121.7,16.2,0.77,53845.0,408845.0,28.0,1.14,7610115.0,14543076.0
801143.SI,20250701,造纸,2120.6,2154.08,2100.47,2138.4,16.7,0.79,54907.0,464116.0,28.22,1.15,7670026.0,14615870.0
801143.SI,20250702,造纸,2126.97,2165.04,2109.23,2143.08,4.68,0.22,54023.0,403973.0,28.29,1.15,7686802.0,14687070.0
801143.SI,20250703,造纸,2127.3,2157.11,2108.6,2130.23,-12.85,-0.6,55464.0,411808.0,28.11,1.14,7640707.0,14635870.0
801143.SI,20250704,造纸,2132.88,2163.72,2108.78,2126.94,-3.29,-0.15,64357.0,490490.0,28.05,1.14,7628924.0,14676320.0
801143.SI,20250707,造纸,2129.25,2165.0,2109.08,2152.08,25.14,1.18,58266.0,469407.0,28.37,1.16,7719088.0,14858078.0
801143.SI,20250708,造纸,2153.44,2181.19,2132.57,2162.09,10.01,0.47,53696.0,398646.0,28.51,1.16,7754982.0,14941257.0
801143.SI,20250709,造纸,2164.52,2200.11,2142.64,2162.3,0.21,0.01,73355.0,485520.0,28.52,1.16,7755727.0,14966488.0
801143.SI,20250710,造纸,2149.09,2180.23,2123.42,2156.86,-5.44,-0.25,62137.0,437057.0,28.45,1.16,7736223.0,14945441.0
801143.SI,20250711,造纸,2155.65,2184.18,2129.71,2149.02,-7.83,-0.36,62509.0,428964.0,28.35,1.15,7708122.0,14857226.0
801143.SI,20250714,造纸,2154.12,2202.33,2138.67,2183.17,34.15,1.59,77615.0,507892.0,28.8,1.17,7830612.0,15100298.0
801143.SI,20250715,造纸,2180.26,2206.18,2131.49,2160.41,-22.77,-1.04,81095.0,546467.0,28.5,1.16,7748954.0,14930444.0
801143.SI,20250716,造纸,2159.45,2186.73,2135.39,2157.05,-3.35,-0.16,55611.0,392549.0,28.46,1.16,7736923.0,14940971.0
801143.SI,20250717,造纸,2151.61,2180.91,2134.33,2158.28,1.23,0.06,51937.0,393038.0,28.48,1.16,7741340.0,14970624.0
801143.SI,20250718,造纸,2157.42,2175.44,2135.67,2151.0,-7.28,-0.34,43461.0,346366.0,28.38,1.16,7715211.0,14922930.0
801143.SI,20250721,造纸,2157.67,2216.63,2140.37,2198.92,47.92,2.23,85214.0,527828.0,29.01,1.18,7887104.0,15211281.0
801143.SI,20250722,造纸,2195.1,2248.45,2165.84,2225.29,26.36,1.2,91500.0,531169.0,29.37,1.2,7981661.0,15370152.0
801143.SI,20250723,造纸,2221.15,2257.27,2181.94,2199.15,-26.14,-1.17,82502.0,444024.0,29.02,1.18,7887920.0,15217687.0
801143.SI,20250724,造纸,2202.97,2240.3,2186.97,2229.26,30.11,1.37,70150.0,365474.0,29.42,1.2,7995906.0,15389301.0
801143.SI,20250725,造纸,2234.09,2275.86,2213.54,2229.36,0.1,0.0,65993.0,357314.0,29.42,1.2,7996278.0,15401490.0
801143.SI,20250728,造纸,2231.36,2264.73,2199.05,2225.52,-3.84,-0.17,71304.0,355517.0,29.37,1.2,7982507.0,15338273.0
801143.SI,20250729,造纸,2239.47,2256.11,2191.26,2220.84,-4.68,-0.21,69202.0,348782.0,29.31,1.19,7965729.0,15306582.0
801143.SI,20250730,造纸,2216.2,2246.76,2190.12,2211.96,-8.88,-0.4,59346.0,325454.0,29.19,1.19,7933860.0,15277883.0
801143.SI,20250731,造纸,2208.16,2216.89,2150.47,2165.31,-46.65,-2.11,56766.0,293668.0,28.57,1.16,7766539.0,14966528.0
801143.SI,20250801,造纸,2177.37,2219.85,2162.59,2200.23,34.92,1.61,72146.0,310194.0,29.03,1.18,7891793.0,15184465.0
801143.SI,20250804,造纸,2197.94,2221.25,2169.88,2199.09,-1.14,-0.05,59728.0,309033.0,29.02,1.18,7887693.0,15203384.0
801143.SI,20250805,造纸,2203.47,2238.05,2192.91,2228.02,28.93,1.32,61802.0,303912.0,29.4,1.2,7991456.0,15411932.0
801143.SI,20250806,造纸,2229.93,2271.29,2209.47,2253.43,25.42,1.14,65477.0,340827.0,29.73,1.21,8082625.0,15626863.0
801143.SI,20250807,造纸,2257.85,2288.08,2233.95,2259.75,6.32,0.28,48527.0,326536.0,29.82,1.21,8105286.0,15665773.0
801143.SI,20250808,造纸,2261.77,2288.7,2236.05,2269.17,9.42,0.42,59346.0,305686.0,29.94,1.22,8139079.0,15758207.0
801143.SI,20250811,造纸,2270.7,2292.12,2241.48,2263.88,-5.29,-0.23,55590.0,308383.0,29.86,1.22,8120089.0,15775591.0
801143.SI,20250812,造纸,2262.79,2296.95,2240.23,2273.06,9.18,0.41,54746.0,317325.0,29.99,1.22,8153001.0,15848034.0
801143.SI,20250813,造纸,2270.48,2296.41,2244.73,2265.13,-7.92,-0.35,57731.0,326375.0,29.88,1.22,8124577.0,15787055.0
801143.SI,20250814,造纸,2262.41,2287.82,2223.06,2243.24,-21.89,-0.97,71681.0,444360.0,29.58,1.2,8046065.0,15637418.0
801143.SI,20250815,造纸,2235.11,2287.0,2226.49,2262.9,19.65,0.88,94176.0,435660.0,29.85,1.22,8116560.0,15764872.0
801143.SI,20250818,造纸,2270.19,2296.41,2246.98,2272.63,9.74,0.43,67252.0,392536.0,29.96,1.22,8151481.0,15863676.0
801143.SI,20250819,造纸,2271.78,2296.58,2246.09,2274.81,2.18,0.1,56494.0,327792.0,29.99,1.22,8159289.0,15913374.0
801143.SI,20250820,造纸,2270.83,2304.82,2248.43,2290.3,15.49,0.68,61568.0,373703.0,30.2,1.23,8214866.0,15993686.0
801143.SI,20250821,造纸,2292.19,2317.95,2268.44,2288.01,-2.29,-0.1,60616.0,382193.0,30.17,1.23,8206647.0,15961096.0
801143.SI,20250822,造纸,2283.99,2307.24,2259.58,2289.63,1.62,0.07,59250.0,323641.0,30.2,1.23,8212466.0,15978312.0
801143.SI,20250825,造纸,2296.0,2339.33,2277.57,2313.13,23.5,1.03,75085.0,410410.0,30.51,1.25,8296744.0,16126182.0
801143.SI,20250826,造纸,2321.67,2355.95,2291.68,2324.07,10.94,0.47,65280.0,374663.0,30.66,1.25,8335987.0,16162636.0
801143.SI,20250827,造纸,2324.11,2340.71,2250.29,2257.16,-66.91,-2.88,80895.0,443490.0,29.78,1.22,8095987.0,15711704.0
801143.SI,20250828,造纸,2258.93,2307.18,2210.72,2275.7,18.54,0.82,73700.0,421128.0,30.02,1.22,8162477.0,15819174.0
801143.SI,20250829,造纸,2280.85,2323.23,2254.93,2285.24,9.54,0.42,45933.0,293444.0,30.15,1.22,8196711.0,15925084.0
801143.SI,20250901,造纸,2285.43,2335.0,2259.37,2295.51,10.27,0.45,77921.0,385849.0,29.42,1.25,8233538.0,15958220.0
801143.SI,20250902,造纸,2294.58,2317.79,2248.59,2286.65,-8.86,-0.39,91031.0,394138.0,29.31,1.24,8201748.0,15879530.0
801143.SI,20250903,造纸,2303.79,2330.69,2245.5,2263.95,-22.69,-0.99,104786.0,441524.0,29.02,1.23,8120354.0,15707428.0
801143.SI,20250904,造纸,2282.56,2327.1,2239.12,2286.37,22.42,0.99,119442.0,596665.0,29.31,1.24,8200761.0,15846908.0
801143.SI,20250905,造纸,2285.6,2322.09,2257.43,2309.66,23.29,1.02,93308.0,511329.0,29.61,1.26,8284294.0,15990074.0
801143.SI,20250908,造纸,2319.0,2378.2,2303.07,2351.95,42.29,1.83,126296.0,583343.0,30.15,1.28,8435982.0,16248114.0
801143.SI,20250909,造纸,2344.29,2402.32,2320.72,2376.27,24.31,1.03,117810.0,572845.0,30.46,1.29,8523194.0,16414246.0
801143.SI,20250910,造纸,2374.28,2413.17,2348.41,2382.65,6.38,0.27,108574.0,548593.0,30.55,1.3,8546083.0,16418792.0
801143.SI,20250911,造纸,2400.0,2422.41,2353.41,2406.13,23.48,0.99,92335.0,501182.0,30.85,1.31,8630312.0,16579410.0
801143.SI,20250912,造纸,2422.32,2460.08,2379.79,2413.35,7.22,0.3,126757.0,572511.0,30.94,1.31,8656218.0,16554754.0
801143.SI,20250915,造纸,2419.29,2470.45,2381.97,2438.96,25.61,1.06,192419.0,845281.0,31.27,1.33,8748078.0,16651027.0
801143.SI,20250916,造纸,2433.73,2479.04,2387.06,2448.63,9.67,0.4,151045.0,672681.0,31.4,1.33,8782760.0,16697847.0
801143.SI,20250917,造纸,2463.55,2521.54,2435.16,2479.4,30.77,1.26,124923.0,593636.0,31.79,1.35,8893135.0,16876130.0
801143.SI,20250918,造纸,2486.03,2533.7,2425.63,2466.22,-13.18,-0.53,144963.0,700144.0,31.63,1.34,8845858.0,16695096.0
801143.SI,20250919,造纸,2472.68,2514.47,2376.69,2409.79,-56.43,-2.29,178794.0,967220.0,30.9,1.31,8643454.0,16434795.0
801143.SI,20250922,造纸,2384.71,2413.22,2324.77,2345.49,-64.3,-2.67,131407.0,686601.0,30.07,1.28,8412810.0,16054850.0
801143.SI,20250923,造纸,2335.46,2362.58,2248.46,2306.36,-39.13,-1.67,140130.0,647526.0,29.57,1.25,8272471.0,15875090.0
801143.SI,20250924,造纸,2291.4,2343.96,2251.63,2328.57,22.21,0.96,122002.0,607531.0,29.86,1.27,8352136.0,16065426.0
801143.SI,20250925,造纸,2312.88,2360.6,2272.53,2311.29,-17.28,-0.74,118698.0,579677.0,29.64,1.26,8290143.0,15938766.0
801143.SI,20250926,造纸,2297.44,2358.06,2270.92,2305.74,-5.55,-0.24,89373.0,454588.0,29.57,1.25,8270240.0,15921057.0
801143.SI,20250929,造纸,2300.01,2349.9,2257.23,2323.2,17.45,0.76,90336.0,468355.0,29.79,1.26,8332844.0,16018347.0
801143.SI,20250930,造纸,2327.8,2354.06,2287.81,2317.24,-5.96,-0.26,91501.0,494488.0,29.71,1.26,8311478.0,15965841.0
801143.SI,20251009,造纸,2321.49,2360.22,2290.54,2334.21,16.97,0.73,90157.0,497416.0,29.93,1.27,8372336.0,16026992.0
801143.SI,20251010,造纸,2321.58,2379.03,2304.57,2344.99,10.78,0.46,87332.0,484649.0,30.07,1.28,8411008.0,16165938.0
801143.SI,20251013,造纸,2277.52,2347.98,2256.64,2330.31,-14.68,-0.63,72400.0,397806.0,29.88,1.27,8358371.0,16070651.0
801143.SI,20251014,造纸,2341.67,2398.04,2316.35,2339.95,9.64,0.41,103619.0,546133.0,30.01,1.27,8392933.0,16091643.0
801143.SI,20251015,造纸,2337.51,2390.19,2322.5,2365.69,25.74,1.1,86258.0,477964.0,30.33,1.29,8485271.0,16250914.0
801143.SI,20251016,造纸,2360.29,2378.76,2299.08,2315.16,-50.53,-2.14,74275.0,416129.0,29.68,1.26,8304031.0,15934197.0
801143.SI,20251017,造纸,2310.83,2344.06,2271.76,2284.25,-30.91,-1.34,63190.0,335766.0,29.29,1.24,8193155.0,15748825.0
801143.SI,20251020,造纸,2300.62,2347.67,2277.5,2329.55,45.3,1.98,86225.0,424945.0,29.76,1.27,8441334.0,16002137.0
801143.SI,20251021,造纸,2330.41,2363.52,2311.13,2350.91,21.35,0.92,108211.0,545157.0,30.03,1.28,8518709.0,16156749.0
801143.SI,20251022,造纸,2348.7,2377.48,2325.77,2347.12,-3.79,-0.16,82989.0,426352.0,29.98,1.28,8504978.0,16145538.0
801143.SI,20251023,造纸,2343.75,2378.4,2314.12,2366.37,19.26,0.82,65001.0,357594.0,30.23,1.29,8574755.0,16275060.0
801143.SI,20251024,造纸,2366.91,2384.69,2327.57,2344.67,-21.7,-0.92,63983.0,347448.0,29.95,1.28,8496114.0,16139536.0
801143.SI,20251027,造纸,2351.08,2374.87,2325.86,2345.83,1.15,0.05,68208.0,363034.0,29.96,1.28,8500297.0,16147713.0
801143.SI,20251028,造纸,2338.33,2367.08,2306.33,2332.82,-13.01,-0.55,73115.0,398162.0,29.81,1.27,8460517.0,16037883.0
801143.SI,20251029,造纸,2331.53,2347.94,2292.84,2325.53,-7.28,-0.31,67529.0,362894.0,29.72,1.27,8434100.0,16037004.0
801143.SI,20251030,造纸,2321.02,2344.23,2284.78,2300.8,-24.74,-1.06,67443.0,354963.0,29.4,1.26,8344393.0,15881353.0
801143.SI,20251031,造纸,2297.02,2347.18,2280.5,2313.14,12.34,0.54,78151.0,379381.0,29.55,1.26,8389134.0,15996307.0
801143.SI,20251103,造纸,2333.88,2387.43,2309.95,2352.38,39.24,1.7,90356.0,470924.0,30.27,1.28,8531455.0,16255688.0
801143.SI,20251104,造纸,2355.92,2386.12,2327.78,2361.68,9.3,0.4,94638.0,475084.0,30.39,1.29,8565187.0,16269325.0
801143.SI,20251105,造纸,2342.66,2408.34,2323.87,2380.77,19.09,0.81,114093.0,569762.0,30.63,1.3,8634434.0,16387715.0
801143.SI,20251106,造纸,2376.03,2408.71,2338.2,2375.97,-4.81,-0.2,91779.0,445634.0,30.57,1.3,8617373.0,16390983.0
801143.SI,20251107,造纸,2371.37,2405.66,2344.46,2369.52,-6.45,-0.27,76090.0,383625.0,30.49,1.29,8593983.0,16390818.0
801143.SI,20251110,造纸,2370.62,2450.57,2358.69,2430.26,60.75,2.56,92060.0,460048.0,31.28,1.33,8814306.0,16777027.0
801143.SI,20251111,造纸,2433.77,2468.19,2411.77,2437.61,7.35,0.3,94476.0,457337.0,31.37,1.33,8840958.0,16829687.0
801143.SI,20251112,造纸,2438.46,2468.97,2405.17,2431.41,-6.2,-0.25,74895.0,363780.0,31.28,1.33,8816313.0,16781872.0
801143.SI,20251113,造纸,2429.53,2478.49,2404.3,2462.35,30.94,1.27,109919.0,487911.0,31.68,1.34,8928487.0,16983451.0
801143.SI,20251114,造纸,2449.12,2500.56,2421.81,2445.1,-17.25,-0.7,104579.0,512690.0,31.46,1.33,8865928.0,16841530.0
801143.SI,20251117,造纸,2448.28,2482.42,2410.43,2440.14,-4.96,-0.2,96143.0,497765.0,31.39,1.33,8847960.0,16785275.0
801143.SI,20251118,造纸,2436.18,2449.77,2365.99,2385.58,-54.56,-2.24,92096.0,424603.0,30.69,1.3,8638584.0,16444089.0
801143.SI,20251119,造纸,2380.45,2409.29,2334.92,2348.83,-36.74,-1.54,67511.0,318186.0,30.21,1.28,8505529.0,16214771.0
801143.SI,20251120,造纸,2353.24,2388.86,2317.65,2347.07,-1.76,-0.08,65840.0,338022.0,30.19,1.28,8499141.0,16197559.0
801143.SI,20251121,造纸,2331.98,2362.51,2257.16,2281.49,-65.58,-2.79,99093.0,513487.0,29.36,1.24,8261677.0,15746178.0
801143.SI,20251124,造纸,2290.63,2327.0,2254.61,2284.34,2.84,0.12,66850.0,380200.0,29.4,1.25,8276964.0,15771783.0
801143.SI,20251125,造纸,2296.23,2336.54,2274.35,2308.8,24.46,1.07,66482.0,393016.0,29.72,1.26,8365605.0,15933812.0
801143.SI,20251126,造纸,2310.57,2354.39,2277.78,2311.29,2.49,0.11,72091.0,386436.0,29.76,1.26,8374618.0,15937071.0
801143.SI,20251127,造纸,2327.36,2414.79,2314.04,2385.8,74.51,3.22,113590.0,605020.0,30.72,1.3,8644592.0,16408013.0
801143.SI,20251128,造纸,2370.58,2395.08,2330.09,2371.62,-14.17,-0.59,86608.0,510514.0,30.53,1.29,8593233.0,16342910.0
801143.SI,20251201,造纸,2378.24,2419.49,2352.03,2388.31,16.69,0.7,58454.0,307156.0,30.75,1.3,8653701.0,16471010.0
801143.SI,20251202,造纸,2390.11,2420.05,2350.28,2382.04,-6.27,-0.26,59783.0,284073.0,30.66,1.3,8630976.0,16415994.0
801143.SI,20251203,造纸,2389.21,2430.67,2355.92,2395.37,13.34,0.56,71230.0,335008.0,30.84,1.31,8679296.0,16515460.0
801143.SI,20251204,造纸,2402.86,2424.96,2360.25,2385.61,-9.77,-0.41,66932.0,302533.0,30.72,1.3,8643902.0,16454052.0
801143.SI,20251205,造纸,2387.83,2434.7,2351.45,2399.67,14.07,0.59,92603.0,446358.0,30.9,1.31,8694868.0,16530179.0
801143.SI,20251208,造纸,2406.58,2432.96,2368.92,2400.22,0.55,0.02,89564.0,442186.0,30.9,1.31,8698192.0,16471355.0
801143.SI,20251209,造纸,2407.86,2422.89,2360.63,2375.72,-24.5,-1.02,68373.0,326317.0,30.59,1.3,8609416.0,16282495.0
801143.SI,20251210,造纸,2380.21,2422.25,2360.82,2394.14,18.42,0.78,65881.0,314662.0,30.83,1.31,8676172.0,16355667.0
801143.SI,20251211,造纸,2417.66,2442.2,2356.52,2375.07,-19.08,-0.8,74869.0,459004.0,30.59,1.3,8607045.0,16224400.0
801143.SI,20251212,造纸,2364.19,2395.5,2320.44,2342.11,-32.96,-1.39,75720.0,573878.0,30.18,1.28,8501098.0,16035070.0
801143.SI,20251215,造纸,2337.6,2381.21,2317.7,2353.38,11.27,0.48,57627.0,434324.0,30.32,1.28,8542016.0,16125343.0
801143.SI,20251216,造纸,2345.84,2365.76,2285.31,2316.2,-37.17,-1.58,66948.0,456298.0,29.84,1.26,8407085.0,15982070.0
801143.SI,20251217,造纸,2308.92,2346.22,2277.11,2321.74,5.54,0.24,64478.0,403404.0,29.92,1.27,8427186.0,16041737.0
801143.SI,20251218,造纸,2310.25,2375.82,2302.34,2337.11,15.36,0.66,75542.0,393275.0,30.11,1.28,8482955.0,16149282.0
801143.SI,20251219,造纸,2337.21,2401.03,2318.75,2376.92,39.81,1.7,77132.0,448270.0,30.62,1.3,8627467.0,16391589.0
801143.SI,20251222,造纸,2385.59,2423.55,2350.22,2376.32,-0.6,-0.03,80889.0,466631.0,30.62,1.3,8625286.0,16391069.0
801143.SI,20251223,造纸,2372.94,2397.18,2345.12,2366.63,-9.69,-0.41,64753.0,394915.0,30.49,1.29,8590097.0,16344631.0
801143.SI,20251224,造纸,2364.54,2456.5,2346.06,2442.32,75.69,3.2,109292.0,575123.0,31.46,1.33,8864835.0,16878631.0
801143.SI,20251225,造纸,2450.43,2573.28,2409.77,2532.2,89.88,3.68,173945.0,1060124.0,32.58,1.38,9191083.0,17561203.0
801143.SI,20251226,造纸,2526.0,2543.31,2457.46,2483.06,-49.14,-1.94,120507.0,796175.0,31.96,1.35,9012723.0,17310567.0
801143.SI,20251229,造纸,2471.11,2516.71,2422.58,2471.23,-11.83,-0.48,91871.0,591139.0,31.81,1.35,8969778.0,17182050.0
801143.SI,20251230,造纸,2458.46,2513.8,2428.25,2472.11,0.88,0.04,91447.0,630491.0,31.82,1.35,8972966.0,17154730.0
801143.SI,20251231,造纸,2467.87,2484.28,2419.86,2452.46,-19.65,-0.79,72267.0,480547.0,31.58,1.34,8901659.0,17031573.0
801143.SI,20260105,造纸,2449.81,2480.07,2411.49,2432.88,-19.58,-0.8,66502.0,437191.0,31.32,1.33,8830579.0,16912128.0
801143.SI,20260106,造纸,2431.1,2489.06,2419.09,2464.45,31.57,1.3,72840.0,436256.0,31.73,1.34,8945168.0,17142864.0
801143.SI,20260107,造纸,2459.06,2480.44,2427.78,2449.22,-15.23,-0.62,57200.0,362554.0,31.54,1.34,8889874.0,17038786.0
801143.SI,20260108,造纸,2439.72,2472.98,2423.32,2448.37,-0.84,-0.03,53359.0,326236.0,31.53,1.34,8886819.0,17029100.0
801143.SI,20260109,造纸,2451.02,2479.22,2411.58,2448.79,0.42,0.02,70287.0,434687.0,31.53,1.34,8888334.0,17018555.0
801143.SI,20260112,造纸,2448.76,2483.7,2429.05,2470.09,21.29,0.87,83798.0,518894.0,31.8,1.35,8965624.0,17121165.0
801143.SI,20260113,造纸,2465.21,2496.84,2413.62,2427.5,-42.58,-1.72,89314.0,513532.0,31.24,1.32,8811060.0,16881539.0
801143.SI,20260114,造纸,2425.21,2468.96,2391.97,2427.02,-0.48,-0.02,77319.0,453628.0,31.24,1.32,8809314.0,16820434.0
801143.SI,20260115,造纸,2424.57,2456.71,2392.1,2407.86,-19.16,-0.79,64523.0,446237.0,31.0,1.31,8739774.0,16716294.0
801143.SI,20260116,造纸,2418.3,2442.11,2368.65,2396.73,-11.13,-0.46,67063.0,422997.0,30.84,1.31,8699366.0,16658750.0
801143.SI,20260119,造纸,2388.59,2471.58,2376.08,2449.36,52.63,2.2,89995.0,520657.0,31.52,1.34,8890388.0,17015771.0
801143.SI,20260120,造纸,2448.75,2493.25,2415.08,2457.26,7.9,0.32,78220.0,462914.0,31.63,1.34,8919078.0,17087287.0
801143.SI,20260121,造纸,2448.02,2482.99,2413.89,2460.09,2.83,0.12,56912.0,344512.0,31.67,1.34,8929341.0,17090263.0
801143.SI,20260122,造纸,2461.02,2532.39,2441.31,2509.67,49.58,2.02,75087.0,460892.0,32.3,1.37,9109308.0,17442097.0
801143.SI,20260123,造纸,2508.6,2540.24,2485.67,2515.36,5.69,0.23,64457.0,394473.0,32.38,1.37,9129944.0,17457842.0
801143.SI,20260126,造纸,2506.03,2542.8,2466.2,2497.37,-17.99,-0.72,64342.0,401757.0,32.15,1.36,9064657.0,17389881.0
801143.SI,20260127,造纸,2495.45,2537.95,2449.64,2484.36,-13.01,-0.52,53270.0,325419.0,31.98,1.36,9017442.0,17283915.0
801143.SI,20260128,造纸,2481.02,2534.99,2449.36,2506.24,21.88,0.88,59655.0,359927.0,32.27,1.37,9096854.0,17464516.0
801143.SI,20260129,造纸,2514.84,2581.11,2477.19,2506.73,0.49,0.02,68399.0,435235.0,32.28,1.37,9098642.0,17468049.0
801143.SI,20260130,造纸,2494.62,2575.26,2462.25,2547.89,41.16,1.64,81123.0,516305.0,32.8,1.39,9248029.0,17764195.0
801143.SI,20260202,造纸,2527.99,2551.72,2431.4,2446.17,-101.72,-3.99,67546.0,438737.0,31.49,1.33,8878833.0,17026552.0
801143.SI,20260203,造纸,2463.2,2521.93,2450.83,2495.56,49.39,2.02,51709.0,339252.0,32.12,1.36,9058085.0,17375480.0
801143.SI,20260204,造纸,2502.12,2555.78,2475.89,2529.83,34.27,1.37,53186.0,354345.0,32.55,1.38,9182469.0,17652315.0
801143.SI,20260205,造纸,2523.16,2557.86,2484.86,2499.95,-29.88,-1.18,47655.0,298047.0,32.17,1.36,9074021.0,17456185.0
801143.SI,20260206,造纸,2482.6,2556.3,2462.95,2517.47,17.52,0.7,46147.0,309789.0,32.4,1.37,9137598.0,17577562.0
801143.SI,20260209,造纸,2543.98,2571.22,2503.01,2543.59,26.12,1.04,47572.0,305768.0,32.74,1.39,9232412.0,17727210.0
801143.SI,20260210,造纸,2546.91,2585.04,2511.35,2549.79,6.21,0.24,60020.0,429267.0,32.82,1.39,9254939.0,17762070.0
801143.SI,20260211,造纸,2553.45,2648.3,2535.72,2596.48,46.69,1.83,78264.0,528625.0,33.42,1.42,9424409.0,18092011.0
801143.SI,20260212,造纸,2596.49,2658.25,2569.06,2590.27,-6.21,-0.24,65087.0,459752.0,33.33,1.41,9401869.0,18073408.0
801143.SI,20260213,造纸,2587.92,2638.48,2559.72,2584.29,-5.99,-0.23,62310.0,431013.0,33.23,1.41,9380133.0,18086711.0
801143.SI,20260224,造纸,2601.75,2656.86,2566.83,2619.1,34.81,1.35,61920.0,443847.0,33.66,1.43,9506497.0,18309207.0
801143.SI,20260225,造纸,2622.98,2711.76,2601.29,2656.23,37.13,1.42,99828.0,608044.0,34.48,1.45,9736575.0,19011101.0
801143.SI,20260226,造纸,2666.8,2717.39,2620.94,2667.29,11.06,0.42,95390.0,614230.0,34.62,1.46,9777132.0,19127511.0
801143.SI,20260227,造纸,2647.52,2674.91,2604.91,2642.92,-24.38,-0.91,67297.0,447653.0,34.33,1.45,9687774.0,18882213.0
801143.SI,20260302,造纸,2592.59,2682.57,2553.37,2629.3,-13.61,-0.52,88145.0,614383.0,34.17,1.44,9637876.0,18812665.0
801143.SI,20260303,造纸,2628.04,2669.74,2544.63,2559.01,-70.29,-2.67,77766.0,518744.0,33.25,1.4,9380216.0,18326423.0
801143.SI,20260304,造纸,2529.38,2579.7,2492.59,2518.74,-40.27,-1.57,59875.0,368641.0,32.73,1.38,9232605.0,18035106.0
801143.SI,20260305,造纸,2565.76,2604.95,2534.19,2563.97,45.23,1.8,56143.0,363496.0,33.32,1.4,9398387.0,18339104.0
801143.SI,20260306,造纸,2551.57,2625.31,2531.06,2601.44,37.47,1.46,60008.0,389790.0,33.81,1.42,9535743.0,18595397.0
801143.SI,20260309,造纸,2575.04,2611.35,2503.15,2574.92,-26.52,-1.02,68038.0,466214.0,33.47,1.41,9438544.0,18431170.0
801143.SI,20260310,造纸,2589.4,2644.0,2575.26,2617.26,42.34,1.64,58477.0,425464.0,34.02,1.43,9593738.0,18718326.0
801143.SI,20260311,造纸,2626.1,2668.56,2593.8,2639.34,22.08,0.84,81661.0,498080.0,37.55,1.45,9674656.0,18910362.0
801143.SI,20260312,造纸,2632.49,2662.53,2584.46,2611.96,-27.38,-1.04,80643.0,460809.0,37.16,1.44,9574307.0,18693063.0
801143.SI,20260313,造纸,2605.69,2641.78,2550.35,2576.12,-35.84,-1.37,71341.0,431424.0,36.78,1.42,9442939.0,18449026.0
801143.SI,20260316,造纸,2574.32,2627.43,2528.82,2588.17,12.05,0.47,64814.0,429677.0,36.96,1.43,9487105.0,18450703.0
801143.SI,20260317,造纸,2593.09,2617.71,2535.76,2547.31,-40.86,-1.58,63279.0,410621.0,36.38,1.41,9337318.0,18134058.0
801143.SI,20260318,造纸,2551.87,2586.73,2505.82,2552.88,5.57,0.22,61723.0,356110.0,36.45,1.41,9357733.0,18166897.0
801143.SI,20260319,造纸,2530.7,2550.21,2444.48,2463.89,-88.99,-3.49,70348.0,397698.0,35.18,1.36,9031542.0,17523511.0
801143.SI,20260320,造纸,2466.74,2506.79,2406.81,2422.31,-41.58,-1.69,65396.0,383944.0,34.59,1.34,8879110.0,17246149.0
801143.SI,20260323,造纸,2385.25,2416.42,2273.61,2295.44,-126.86,-5.24,84376.0,511136.0,32.78,1.27,8414092.0,16421974.0
801143.SI,20260324,造纸,2335.27,2365.64,2279.37,2347.31,51.86,2.26,58262.0,347572.0,33.51,1.3,8604206.0,16783884.0
801143.SI,20260325,造纸,2354.7,2410.73,2341.26,2395.82,48.51,2.07,57112.0,336439.0,34.21,1.32,8782020.0,17118915.0
801143.SI,20260326,造纸,2400.62,2434.69,2334.93,2351.82,-44.0,-1.84,56718.0,345584.0,33.32,1.3,8620742.0,16863838.0
801143.SI,20260327,造纸,2326.11,2406.64,2305.96,2387.22,35.4,1.51,46872.0,295288.0,33.82,1.32,8750494.0,17117584.0
801143.SI,20260330,造纸,2356.89,2411.05,2319.68,2383.37,-3.85,-0.16,46739.0,299996.0,33.87,1.32,8736376.0,17064172.0
801143.SI,20260331,造纸,2384.18,2413.91,2330.09,2345.23,-38.14,-1.6,41569.0,260269.0,33.33,1.31,8596582.0,16811296.0
801143.SI,20260401,造纸,2379.98,2408.71,2342.75,2373.86,28.63,1.22,42498.0,281679.0,33.65,1.33,8701540.0,17006477.0
801143.SI,20260402,造纸,2367.21,2399.82,2326.98,2359.15,-14.71,-0.62,37324.0,257912.0,33.44,1.32,8647604.0,16892828.0
801143.SI,20260403,造纸,2363.06,2380.39,2300.57,2319.88,-39.27,-1.66,36532.0,248370.0,32.89,1.3,8503657.0,16643870.0
801143.SI,20260407,造纸,2318.4,2374.04,2298.97,2349.6,29.73,1.28,31011.0,227496.0,33.3,1.32,8612621.0,16826251.0
801143.SI,20260408,造纸,2394.06,2447.78,2373.0,2429.9,80.3,3.42,52956.0,352712.0,34.43,1.36,8906949.0,17400715.0
801143.SI,20260409,造纸,2415.38,2433.44,2367.09,2393.44,-36.46,-1.5,40855.0,288530.0,33.92,1.34,8773313.0,17144501.0
801143.SI,20260410,造纸,2430.1,2471.14,2397.64,2423.81,30.37,1.27,52166.0,373876.0,34.35,1.36,8884623.0,17358107.0
801143.SI,20260413,造纸,2428.07,2450.01,2365.28,2385.57,-38.24,-1.58,79542.0,456641.0,33.05,1.33,8744454.0,17077887.0
801143.SI,20260414,造纸,2397.85,2434.14,2344.86,2398.51,12.94,0.54,75082.0,455374.0,33.3,1.34,8791887.0,17150679.0
801143.SI,20260415,造纸,2403.86,2423.56,2359.36,2376.03,-22.48,-0.94,54921.0,320551.0,32.66,1.33,8709472.0,17012687.0
801143.SI,20260416,造纸,2377.21,2428.87,2356.79,2395.98,19.96,0.84,62469.0,378057.0,32.94,1.34,8782629.0,17134787.0
801143.SI,20260417,造纸,2387.92,2430.42,2341.66,2383.21,-12.77,-0.53,88990.0,497900.0,32.74,1.33,8738770.0,17064910.0
801143.SI,20260420,造纸,2378.05,2437.34,2355.67,2419.16,35.95,1.51,93636.0,534959.0,33.18,1.35,8874072.0,17311279.0
801143.SI,20260421,造纸,2417.78,2482.65,2381.69,2464.6,45.44,1.88,87977.0,512388.0,33.81,1.38,9040764.0,17622373.0
801143.SI,20260422,造纸,2473.33,2518.34,2423.86,2483.1,18.5,0.75,117564.0,682160.0,34.05,1.39,9108629.0,17740581.0
801143.SI,20260423,造纸,2469.79,2529.12,2433.9,2465.35,-17.75,-0.71,111295.0,660241.0,33.74,1.38,9043516.0,17659731.0
801143.SI,20260424,造纸,2464.4,2487.29,2374.61,2408.07,-57.28,-2.32,111795.0,587261.0,32.9,1.34,8833385.0,17252237.0
801143.SI,20260427,造纸,2401.35,2450.66,2367.89,2414.78,6.71,0.28,83039.0,467912.0,32.99,1.34,8858017.0,17274946.0
801143.SI,20260428,造纸,2407.44,2442.7,2362.8,2395.27,-19.51,-0.81,82106.0,458500.0,32.73,1.33,8786453.0,17176723.0
801143.SI,20260429,造纸,2395.24,2480.53,2384.3,2456.84,61.57,2.57,82632.0,474124.0,32.67,1.35,9012289.0,17585866.0
801143.SI,20260430,造纸,2443.2,2493.23,2396.88,2448.51,-8.33,-0.34,85542.0,517625.0,32.56,1.35,8981732.0,17496415.0
801143.SI,20260506,造纸,2449.49,2509.93,2424.55,2475.38,26.87,1.1,97790.0,609444.0,32.38,1.36,9080292.0,17635679.0
801143.SI,20260507,造纸,2478.86,2529.43,2447.71,2494.56,19.18,0.77,97265.0,606115.0,32.63,1.37,9150662.0,17748513.0
801143.SI,20260508,造纸,2489.62,2554.57,2457.66,2518.11,23.55,0.94,83086.0,533079.0,32.93,1.39,9237043.0,17909412.0
801143.SI,20260511,造纸,2519.1,2539.81,2465.92,2495.3,-22.81,-0.91,71446.0,476575.0,32.64,1.37,9153380.0,17730568.0
801143.SI,20260512,造纸,2497.86,2519.57,2417.77,2446.56,-48.74,-1.95,74845.0,470976.0,32.0,1.35,8974589.0,17381175.0
801143.SI,20260513,造纸,2437.76,2474.27,2398.57,2443.83,-2.73,-0.11,69478.0,442872.0,31.96,1.35,8964570.0,17388120.0
801143.SI,20260514,造纸,2447.91,2477.04,2386.62,2397.8,-46.03,-1.88,60509.0,383077.0,31.35,1.32,8795734.0,17085006.0
801143.SI,20260515,造纸,2402.86,2440.07,2351.82,2376.59,-21.22,-0.88,64339.0,388656.0,31.07,1.31,8717903.0,16937585.0
801143.SI,20260518,造纸,2372.11,2389.51,2291.14,2327.44,-49.15,-2.07,62595.0,371059.0,30.41,1.28,8537622.0,16585008.0
801143.SI,20260519,造纸,2341.62,2380.49,2312.32,2357.31,29.87,1.28,51050.0,302790.0,30.81,1.3,8647199.0,16777780.0
801143.SI,20260520,造纸,2347.37,2371.85,2289.69,2338.39,-18.92,-0.8,56287.0,342388.0,30.56,1.29,8577799.0,16657042.0
801143.SI,20260521,造纸,2342.55,2399.65,2256.08,2274.61,-63.78,-2.73,80468.0,514405.0,29.73,1.25,8343826.0,16258720.0
