ts_code,trade_date,name,open,high,low,close,change,pct_change,vol,amount,pe,pb,float_mv,total_mv
801193.SI,20180102,券商,5968.59,6073.1,5950.01,6044.28,88.45,1.49,90819.0,1141173.0,23.95,1.59,85689845.0,192849306.9808
801193.SI,20180103,券商,6036.16,6184.51,6015.84,6131.81,87.54,1.45,121265.0,1486028.0,24.31,1.6,87022476.0,195672058.491395
801193.SI,20180104,券商,6126.21,6153.08,6072.69,6113.11,-18.71,-0.31,75655.0,916600.0,24.24,1.6,86756964.0,194833217.246409
801193.SI,20180105,券商,6110.81,6206.0,6084.38,6136.87,23.76,0.39,102272.0,1247189.0,24.34,1.61,87132992.0,195512711.228136
801193.SI,20180108,券商,6139.54,6364.42,6109.93,6268.96,132.09,2.15,149105.0,1943048.0,24.95,1.65,89012408.0,199271513.73035
801193.SI,20180109,券商,6260.84,6320.96,6187.26,6218.02,-50.93,-0.81,82525.0,1085811.0,24.75,1.63,88289187.0,197385261.867058
801193.SI,20180110,券商,6223.58,6286.91,6139.73,6203.88,-14.15,-0.23,97442.0,1284063.0,24.69,1.63,88088328.0,196812058.709474
801193.SI,20180111,券商,6178.0,6220.28,6120.13,6175.43,-28.45,-0.46,79976.0,994412.0,24.58,1.62,87684350.0,196168418.825713
801193.SI,20180112,券商,6176.32,6249.04,6131.46,6160.36,-15.07,-0.24,77429.0,1017089.0,24.52,1.62,87470421.0,195763846.021716
801193.SI,20180115,券商,6145.43,6197.13,6017.12,6060.72,-99.64,-1.62,109001.0,1436307.0,24.12,1.59,86055673.0,191978119.280393
801193.SI,20180116,券商,6042.32,6228.24,6012.7,6213.65,152.93,2.52,103785.0,1446253.0,24.73,1.63,88227093.0,197129132.487231
801193.SI,20180117,券商,6250.67,6597.05,6246.37,6410.67,197.02,3.17,297815.0,4101476.0,25.52,1.69,91024530.0,203997160.606287
801193.SI,20180118,券商,6427.38,6549.67,6368.4,6458.8,48.13,0.75,158927.0,2313735.0,25.71,1.7,91707951.0,205416410.55683
801193.SI,20180119,券商,6459.37,6751.8,6413.2,6618.23,159.43,2.47,301684.0,3909560.0,26.34,1.74,93971653.0,211796076.247268
801193.SI,20180122,券商,6571.22,6680.43,6502.53,6601.82,-16.41,-0.25,174523.0,2277048.0,26.28,1.74,93738668.0,211176163.455018
801193.SI,20180123,券商,6603.44,6717.5,6538.36,6634.56,32.74,0.5,175065.0,2471101.0,26.4,1.75,94793930.0,212084272.578545
801193.SI,20180124,券商,6667.32,6932.54,6572.72,6889.44,254.88,3.84,296359.0,4265892.0,27.42,1.81,98435663.0,219119064.005453
801193.SI,20180125,券商,6813.45,6875.35,6716.38,6736.98,-152.46,-2.21,175515.0,2494705.0,26.81,1.77,96257306.0,214039626.264093
801193.SI,20180126,券商,6718.41,6823.99,6687.35,6730.3,-6.68,-0.1,129881.0,1878361.0,26.78,1.77,96161842.0,213715353.150856
801193.SI,20180129,券商,6736.98,6814.33,6587.11,6624.3,-106.0,-1.57,141106.0,2030129.0,26.36,1.74,94647360.0,210593878.459008
801193.SI,20180130,券商,6609.41,6681.16,6500.36,6540.38,-83.92,-1.27,119946.0,1736870.0,26.15,1.72,93460070.0,209656964.864074
801193.SI,20180131,券商,6493.51,6548.79,6333.98,6400.02,-140.35,-2.15,142831.0,1929211.0,25.58,1.68,91454471.0,203477720.545111
801193.SI,20180201,券商,6415.11,6468.79,6221.45,6330.12,-69.9,-1.09,170579.0,2232263.0,25.3,1.66,90455623.0,200804422.985192
801193.SI,20180202,券商,6266.84,6356.75,6145.91,6312.14,-17.99,-0.28,117939.0,1460891.0,25.23,1.66,90198590.0,200028830.844778
801193.SI,20180205,券商,6194.08,6382.95,6157.95,6342.94,30.81,0.49,99686.0,1363217.0,25.36,1.66,90638811.0,201011967.798592
801193.SI,20180206,券商,6214.88,6313.71,5998.68,6043.32,-299.62,-4.72,165469.0,2208113.0,24.16,1.59,86357338.0,191402333.877035
801193.SI,20180207,券商,6154.0,6193.51,5898.69,5956.65,-86.67,-1.43,125040.0,1604320.0,23.81,1.56,85118795.0,189486315.977702
801193.SI,20180208,券商,5940.37,6028.74,5857.4,5928.01,-28.64,-0.48,86309.0,1104945.0,23.7,1.56,84709538.0,188955788.545679
801193.SI,20180209,券商,5774.99,5820.6,5393.83,5498.19,-429.82,-7.25,165615.0,1964801.0,21.98,1.44,78606644.0,175990279.021196
801193.SI,20180212,券商,5516.82,5566.34,5438.07,5483.92,-14.27,-0.26,96098.0,1173515.0,22.15,1.44,79227887.0,179673901.063722
801193.SI,20180213,券商,5531.15,5635.2,5498.74,5521.04,37.12,0.68,98941.0,1255522.0,22.3,1.45,79764124.0,180475339.974869
801193.SI,20180214,券商,5523.78,5551.89,5449.75,5517.12,-3.92,-0.07,60767.0,724262.0,22.28,1.45,79723378.0,180039034.327963
801193.SI,20180222,券商,5579.1,5624.9,5521.17,5573.32,56.2,1.02,90612.0,1060426.0,22.51,1.47,80535444.0,181928244.8007
801193.SI,20180223,券商,5585.13,5657.37,5548.43,5610.51,37.19,0.67,79307.0,981805.0,22.66,1.48,81106862.0,183040685.731478
801193.SI,20180226,券商,5647.47,5795.81,5584.79,5751.53,141.02,2.51,123031.0,1502818.0,23.23,1.52,83146597.0,187908744.084749
801193.SI,20180227,券商,5744.0,5752.11,5651.16,5679.95,-71.58,-1.24,83690.0,1035750.0,22.94,1.5,82111773.0,185747694.29885
801193.SI,20180228,券商,5615.17,5742.06,5552.42,5649.04,-30.91,-0.54,105441.0,1218728.0,22.82,1.49,81664907.0,184873044.699554
801193.SI,20180301,券商,5601.26,5690.21,5578.31,5668.43,19.39,0.34,75813.0,882673.0,22.9,1.49,81945206.0,185608757.414632
801193.SI,20180302,券商,5618.25,5683.48,5589.15,5603.95,-64.47,-1.14,67555.0,784016.0,22.63,1.48,81013159.0,183770399.70598
801193.SI,20180305,券商,5600.79,5655.21,5578.85,5608.08,4.12,0.07,53998.0,609297.0,22.65,1.48,81072779.0,184015236.904143
801193.SI,20180306,券商,5637.02,5751.03,5607.53,5728.8,120.72,2.15,122368.0,1427610.0,23.14,1.51,82817943.0,188012758.744407
801193.SI,20180307,券商,5703.79,5770.01,5644.84,5666.05,-62.75,-1.1,88580.0,1017765.0,22.89,1.49,81910835.0,185819684.142615
801193.SI,20180308,券商,5662.77,5706.39,5641.64,5686.18,20.13,0.36,58427.0,648682.0,22.97,1.5,82201830.0,186360500.201827
801193.SI,20180309,券商,5697.82,5805.8,5668.23,5785.4,99.22,1.74,122074.0,1382525.0,23.37,1.52,83636160.0,189599848.705678
801193.SI,20180312,券商,5827.05,5914.84,5783.13,5871.39,86.0,1.49,137986.0,1594373.0,23.71,1.55,84879363.0,192332004.50659
801193.SI,20180313,券商,5852.64,5861.33,5759.07,5770.61,-100.79,-1.72,87708.0,996166.0,23.31,1.52,83422362.0,188912781.097545
801193.SI,20180314,券商,5748.0,5799.97,5708.34,5723.03,-47.58,-0.82,67356.0,767194.0,23.12,1.51,82734579.0,187469419.167639
801193.SI,20180315,券商,5701.46,5746.02,5652.45,5705.87,-17.16,-0.3,72738.0,806387.0,23.05,1.5,82486474.0,186476383.313236
801193.SI,20180316,券商,5703.77,5746.52,5621.25,5630.45,-75.42,-1.32,71285.0,845449.0,22.75,1.48,81396228.0,184350988.721145
801193.SI,20180319,券商,5634.0,5692.15,5594.63,5647.22,16.77,0.3,56293.0,660113.0,22.82,1.49,81638624.0,184804244.596045
801193.SI,20180320,券商,5608.21,5670.12,5571.48,5644.06,-3.16,-0.06,58665.0,669675.0,22.8,1.49,81592969.0,184671022.17496
801193.SI,20180321,券商,5653.29,5800.08,5627.7,5656.61,12.55,0.22,122798.0,1375799.0,22.85,1.49,81774476.0,185331390.786814
801193.SI,20180322,券商,5666.05,5748.28,5624.36,5652.55,-4.06,-0.07,82448.0,954419.0,22.87,1.49,81715797.0,184938984.925782
801193.SI,20180323,券商,5489.88,5548.12,5237.14,5346.66,-305.89,-5.41,158796.0,1656482.0,21.23,1.4,77417711.0,175485282.979179
801193.SI,20180326,券商,5279.85,5397.19,5225.1,5382.92,36.26,0.68,75469.0,803007.0,21.47,1.41,77942749.0,176369069.191051
801193.SI,20180327,券商,5450.04,5495.84,5405.08,5461.97,79.04,1.47,80175.0,898550.0,21.76,1.43,79087273.0,179055599.715923
801193.SI,20180328,券商,5401.9,5485.07,5365.22,5398.3,-63.67,-1.17,65288.0,747386.0,21.26,1.41,78164714.0,177386295.875679
801193.SI,20180329,券商,5431.62,5555.99,5385.48,5517.79,119.49,2.21,103204.0,1165095.0,21.14,1.44,79894913.0,181234275.172463
801193.SI,20180330,券商,5531.58,5581.77,5495.81,5547.06,29.26,0.53,74034.0,870032.0,21.05,1.45,80318648.0,181961045.414136
801193.SI,20180402,券商,5563.4,5729.93,5531.88,5609.65,62.6,1.13,116456.0,1388829.0,21.06,1.46,81225021.0,183476526.524276
801193.SI,20180403,券商,5545.19,5666.3,5511.39,5614.78,5.13,0.09,93767.0,1119403.0,21.11,1.46,81299242.0,183039507.596211
801193.SI,20180404,券商,5627.66,5694.1,5551.93,5560.32,-54.46,-0.97,80618.0,977006.0,20.91,1.45,80510680.0,181207779.878807
801193.SI,20180409,券商,5544.44,5619.53,5498.13,5592.54,32.22,0.58,72005.0,860566.0,21.03,1.46,80977209.0,182065508.890581
801193.SI,20180410,券商,5610.49,5718.35,5581.01,5694.4,101.86,1.82,99081.0,1219850.0,21.41,1.49,82452083.0,185483533.070384
801193.SI,20180411,券商,5664.49,5711.11,5625.7,5654.88,-39.52,-0.69,82670.0,991247.0,21.26,1.48,81879867.0,184505106.310448
801193.SI,20180412,券商,5652.82,5712.06,5588.58,5606.43,-48.45,-0.86,70785.0,825792.0,21.1,1.47,81178389.0,183193785.592315
801193.SI,20180413,券商,5633.87,5663.65,5540.56,5546.75,-59.68,-1.06,55864.0,657330.0,20.87,1.45,80314256.0,181267079.453915
801193.SI,20180416,券商,5522.2,5561.84,5409.61,5422.05,-124.71,-2.25,70961.0,815705.0,20.4,1.42,78508578.0,177149730.749263
801193.SI,20180417,券商,5433.02,5548.98,5402.57,5424.13,2.09,0.04,74584.0,846431.0,20.4,1.42,78538778.0,177065547.760933
801193.SI,20180418,券商,5498.46,5537.25,5421.29,5505.59,81.46,1.5,71539.0,840747.0,20.71,1.44,79718251.0,179681237.24837
801193.SI,20180419,券商,5508.79,5589.23,5478.57,5536.48,30.89,0.56,71498.0,806748.0,20.83,1.45,80165459.0,180426660.187229
801193.SI,20180420,券商,5513.23,5530.16,5332.88,5346.03,-190.45,-3.44,75482.0,813827.0,20.15,1.4,77407827.0,174071715.438911
801193.SI,20180423,券商,5345.95,5435.17,5320.63,5397.85,51.83,0.97,50957.0,558196.0,20.49,1.42,78158231.0,175555520.498785
801193.SI,20180424,券商,5403.24,5557.71,5397.5,5541.71,143.86,2.67,83331.0,984732.0,21.0,1.45,80241240.0,179959275.945186
801193.SI,20180425,券商,5507.6,5547.03,5472.02,5508.04,-33.67,-0.61,56448.0,620993.0,20.87,1.44,79753692.0,178845343.297412
801193.SI,20180426,券商,5518.97,5540.0,5374.83,5386.43,-121.61,-2.21,59460.0,657919.0,20.52,1.41,77982878.0,174747748.987266
801193.SI,20180427,券商,5426.51,5521.34,5394.81,5468.94,82.51,1.53,65394.0,726265.0,20.81,1.43,79177432.0,177257299.76786
801193.SI,20180502,券商,5544.39,5584.11,5451.13,5491.47,22.53,0.41,67249.0,730452.0,21.48,1.41,79503616.0,178009362.454362
801193.SI,20180503,券商,5483.81,5659.26,5465.01,5631.08,139.62,2.54,127215.0,1380763.0,21.99,1.45,82144797.0,182699028.719506
801193.SI,20180504,券商,5606.08,5644.24,5559.07,5584.45,-46.64,-0.83,69325.0,783616.0,21.8,1.44,81471308.0,181181315.815387
801193.SI,20180507,券商,5616.04,5674.02,5594.95,5646.08,61.64,1.1,74797.0,843785.0,22.04,1.45,82370544.0,183101707.996763
801193.SI,20180508,券商,5637.61,5690.1,5600.9,5668.83,22.75,0.4,75714.0,905644.0,22.13,1.46,82702415.0,183871660.137113
801193.SI,20180509,券商,5656.26,5670.86,5585.12,5609.3,-59.53,-1.05,58557.0,675531.0,21.9,1.44,81833951.0,181757767.486429
801193.SI,20180510,券商,5626.62,5668.14,5576.4,5649.48,40.17,0.72,61428.0,728715.0,22.06,1.46,82420045.0,183288981.454494
801193.SI,20180511,券商,5653.87,5660.83,5562.75,5572.8,-76.67,-1.36,51782.0,604804.0,21.76,1.44,81301459.0,180799863.21327
801193.SI,20180514,券商,5578.18,5643.45,5560.87,5599.83,27.02,0.48,53471.0,665068.0,21.86,1.44,81695712.0,181414290.586536
801193.SI,20180515,券商,5604.61,5624.52,5511.74,5579.12,-20.71,-0.37,62494.0,715303.0,21.78,1.44,81393568.0,180739195.021958
801193.SI,20180516,券商,5555.18,5579.69,5500.11,5509.66,-69.46,-1.24,51457.0,578192.0,21.51,1.42,80380222.0,178466761.910311
801193.SI,20180517,券商,5513.33,5535.96,5457.79,5469.26,-40.4,-0.73,40591.0,473431.0,21.35,1.41,79790870.0,177375389.360265
801193.SI,20180518,券商,5468.32,5551.55,5457.03,5540.61,71.35,1.3,50865.0,595853.0,21.63,1.43,80831863.0,179392135.734749
801193.SI,20180521,券商,5582.64,5618.36,5551.59,5578.11,37.49,0.68,63643.0,737428.0,21.78,1.44,81480567.0,180723573.583052
801193.SI,20180522,券商,5576.75,5584.43,5496.91,5544.43,-33.68,-0.6,55031.0,649381.0,21.65,1.43,80988652.0,179877801.904712
801193.SI,20180523,券商,5528.82,5550.65,5466.56,5479.73,-64.7,-1.17,48722.0,561062.0,21.4,1.41,80043628.0,177710411.817862
801193.SI,20180524,券商,5473.97,5502.9,5422.44,5439.44,-40.29,-0.74,42771.0,490439.0,21.24,1.4,79455054.0,176427669.73591
801193.SI,20180525,券商,5439.16,5467.85,5364.44,5377.0,-62.44,-1.15,45545.0,507018.0,21.0,1.39,78542951.0,174506448.516066
801193.SI,20180528,券商,5376.93,5426.12,5335.88,5377.21,0.21,0.0,44635.0,493217.0,21.0,1.39,78546010.0,174569426.856302
801193.SI,20180529,券商,5366.03,5394.0,5267.57,5291.49,-85.72,-1.59,55493.0,606227.0,20.66,1.36,77293882.0,171815110.486811
801193.SI,20180530,券商,5224.75,5248.9,5063.22,5083.13,-208.35,-3.94,78429.0,798935.0,19.85,1.31,74250420.0,164735145.536586
801193.SI,20180531,券商,5121.88,5185.56,5090.89,5167.86,84.73,1.67,59139.0,616523.0,20.18,1.33,75488023.0,167217405.27614
801193.SI,20180601,券商,5144.18,5272.4,5095.79,5185.64,17.78,0.34,77962.0,767267.0,20.25,1.34,75747771.0,167933589.688042
801193.SI,20180604,券商,5191.38,5230.39,5133.09,5159.2,-26.44,-0.51,52804.0,509757.0,20.15,1.33,75361487.0,166673988.516349
801193.SI,20180605,券商,5160.26,5199.7,5116.02,5185.71,26.51,0.51,49578.0,495119.0,20.25,1.34,75748788.0,167729682.293859
801193.SI,20180606,券商,5169.99,5223.55,5125.38,5178.67,-7.04,-0.14,57831.0,557849.0,20.22,1.33,75645966.0,167680287.84769
801193.SI,20180607,券商,5201.49,5309.36,5180.39,5218.89,40.21,0.78,89559.0,919268.0,20.38,1.35,76245949.0,168820508.637224
801193.SI,20180608,券商,5201.99,5214.19,5056.07,5101.19,-117.69,-2.26,77519.0,745030.0,19.92,1.32,74526510.0,165059882.134986
801193.SI,20180611,券商,5082.12,5160.87,5056.71,5117.79,16.59,0.33,50314.0,498481.0,19.98,1.32,74768909.0,165645628.966664
801193.SI,20180612,券商,5114.0,5155.76,5068.12,5139.17,21.38,0.42,44461.0,455374.0,20.07,1.32,75079741.0,166377048.707382
801193.SI,20180613,券商,5121.17,5134.16,5033.15,5044.51,-94.66,-1.84,46679.0,456522.0,19.7,1.3,73696880.0,163199365.549693
801193.SI,20180614,券商,5032.84,5124.29,5022.54,5081.45,36.94,0.73,51419.0,516689.0,19.84,1.31,74236520.0,164512717.064906
801193.SI,20180615,券商,5072.4,5119.31,4983.33,5017.68,-63.77,-1.25,74607.0,732037.0,19.59,1.29,73304853.0,162164196.091226
801193.SI,20180619,券商,4958.74,5002.38,4576.85,4670.68,-347.0,-6.92,125350.0,1168837.0,18.24,1.2,68235446.0,150496223.604886
801193.SI,20180620,券商,4648.39,4733.44,4551.94,4657.53,-13.15,-0.28,84181.0,776320.0,18.19,1.2,68091009.0,150155333.531008
801193.SI,20180621,券商,4649.15,4685.11,4480.09,4509.4,-148.13,-3.18,76792.0,724852.0,17.67,1.17,66138431.0,147603266.893056
801193.SI,20180622,券商,4491.42,4593.67,4450.7,4581.74,72.34,1.6,65813.0,575850.0,17.95,1.18,67199401.0,150115190.387308
801193.SI,20180625,券商,4608.25,4630.43,4501.96,4519.88,-61.86,-1.35,75530.0,688765.0,17.71,1.17,66292182.0,148433629.80816
801193.SI,20180626,券商,4461.19,4590.38,4436.82,4565.52,45.64,1.01,72030.0,640921.0,17.94,1.18,67770112.0,150102085.696717
801193.SI,20180627,券商,4553.3,4581.63,4478.49,4520.35,-45.17,-0.99,94037.0,934922.0,17.88,1.18,67551863.0,156215083.433066
801193.SI,20180628,券商,4507.43,4698.02,4495.12,4567.93,47.58,1.05,130267.0,1195340.0,18.07,1.19,68260782.0,157382587.90671
801193.SI,20180629,券商,4553.77,4690.21,4535.05,4659.37,91.44,2.0,103042.0,957307.0,18.43,1.22,69627216.0,160165596.873089
801193.SI,20180702,券商,4643.86,4659.65,4485.0,4538.14,-121.23,-2.6,92397.0,886637.0,17.95,1.18,67815666.0,156077563.595189
801193.SI,20180703,券商,4538.94,4622.07,4501.4,4605.84,67.7,1.49,82539.0,772389.0,18.22,1.2,68827304.0,158154918.84382
801193.SI,20180704,券商,4590.29,4608.6,4511.34,4536.17,-69.67,-1.51,69422.0,634618.0,17.94,1.18,67786216.0,154999959.530171
801193.SI,20180705,券商,4535.15,4607.77,4468.38,4488.2,-47.97,-1.06,72990.0,665214.0,17.75,1.17,67069333.0,153746504.298268
801193.SI,20180706,券商,4493.11,4600.73,4393.18,4516.75,28.55,0.64,104859.0,964570.0,17.86,1.18,67495948.0,154397616.654858
801193.SI,20180709,券商,4523.0,4611.72,4513.61,4602.32,85.57,1.89,74119.0,686184.0,18.2,1.2,68774719.0,157203978.734825
801193.SI,20180710,券商,4594.84,4630.22,4556.03,4599.02,-3.31,-0.07,73339.0,655183.0,18.19,1.2,68747604.0,157263051.311063
801193.SI,20180711,券商,4510.53,4530.42,4402.47,4457.68,-141.34,-3.07,84735.0,759070.0,17.63,1.17,66634874.0,152265956.903252
801193.SI,20180712,券商,4454.93,4639.25,4448.98,4598.91,141.23,3.17,98643.0,906688.0,18.19,1.2,68746049.0,157677484.14355
801193.SI,20180713,券商,4603.43,4630.36,4557.91,4583.84,-15.07,-0.33,74729.0,734389.0,18.13,1.2,68520749.0,156995440.8632
801193.SI,20180716,券商,4590.58,4613.94,4532.02,4562.81,-21.04,-0.46,57644.0,561427.0,18.04,1.19,68206308.0,156092951.131086
801193.SI,20180717,券商,4558.07,4571.14,4488.5,4527.42,-35.39,-0.78,55251.0,521914.0,17.9,1.18,67677335.0,155104053.227567
801193.SI,20180718,券商,4536.94,4568.81,4483.49,4492.12,-35.3,-0.78,54548.0,514036.0,17.76,1.18,67149677.0,153581319.904035
801193.SI,20180719,券商,4494.98,4541.96,4445.85,4474.07,-18.05,-0.4,50870.0,476886.0,17.69,1.17,66879891.0,152681906.997232
801193.SI,20180720,券商,4467.46,4653.86,4442.2,4619.59,145.52,3.25,121335.0,1180979.0,18.27,1.21,69054678.0,157765939.590534
801193.SI,20180723,券商,4590.0,4705.53,4556.42,4682.39,62.8,1.36,107829.0,1046468.0,18.52,1.23,69993437.0,159691786.152534
801193.SI,20180724,券商,4681.89,4851.6,4662.58,4763.65,81.25,1.74,171580.0,1583832.0,18.84,1.25,71208049.0,162775174.417042
801193.SI,20180725,券商,4753.38,4775.85,4704.82,4735.26,-28.39,-0.6,91317.0,822533.0,18.72,1.24,70752102.0,161803590.321061
801193.SI,20180726,券商,4739.6,4773.07,4669.95,4695.97,-39.29,-0.83,84668.0,767572.0,18.56,1.23,70165109.0,160542724.394216
801193.SI,20180727,券商,4687.73,4725.75,4646.06,4668.54,-27.43,-0.58,65242.0,570426.0,18.46,1.22,69755202.0,159447460.520669
801193.SI,20180730,券商,4658.24,4716.73,4607.68,4645.46,-23.08,-0.49,68442.0,581003.0,18.36,1.22,69410406.0,158553672.041912
801193.SI,20180731,券商,4631.64,4682.83,4604.8,4651.81,6.34,0.14,50244.0,460567.0,18.39,1.22,69479195.0,158907669.878768
801193.SI,20180801,券商,4650.44,4697.23,4532.96,4542.94,-108.86,-2.34,68436.0,633235.0,17.96,1.19,67853218.0,155166770.150094
801193.SI,20180802,券商,4525.25,4546.16,4342.76,4414.34,-128.6,-2.83,86695.0,735785.0,17.45,1.16,65931267.0,150443225.095926
801193.SI,20180803,券商,4409.2,4446.79,4364.95,4377.64,-36.7,-0.83,44853.0,384550.0,17.3,1.15,65383086.0,149000003.102814
801193.SI,20180806,券商,4383.32,4438.74,4298.73,4324.63,-53.01,-1.21,62769.0,562140.0,17.09,1.14,64591324.0,148840025.326566
801193.SI,20180807,券商,4342.68,4465.51,4315.37,4458.24,133.62,3.09,70711.0,643915.0,17.62,1.16,66586961.0,153368315.875837
801193.SI,20180808,券商,4440.81,4458.11,4359.23,4376.61,-81.63,-1.83,58577.0,522536.0,17.3,1.14,65367718.0,150387347.590099
801193.SI,20180809,券商,4368.05,4496.63,4357.02,4461.53,84.92,1.94,72537.0,634973.0,17.63,1.16,66636022.0,153160205.589353
801193.SI,20180810,券商,4457.67,4491.47,4422.93,4463.94,2.41,0.05,47486.0,415572.0,17.9,1.17,66701939.0,153346585.833093
801193.SI,20180813,券商,4417.1,4458.16,4363.62,4438.17,-25.77,-0.58,53156.0,473949.0,17.79,1.17,66314343.0,152539666.373462
801193.SI,20180814,券商,4428.98,4452.82,4395.47,4431.47,-6.7,-0.15,39967.0,344989.0,17.77,1.16,66220837.0,152428165.706692
801193.SI,20180815,券商,4425.38,4432.68,4326.15,4334.24,-97.23,-2.19,49795.0,433553.0,17.38,1.14,64767903.0,149020976.700087
801193.SI,20180816,券商,4300.94,4459.1,4266.56,4377.22,42.98,0.99,84825.0,710012.0,17.55,1.15,65410135.0,150586727.129054
801193.SI,20180817,券商,4404.07,4432.75,4310.46,4326.2,-51.02,-1.17,64873.0,547801.0,17.34,1.14,64647682.0,148653639.696726
801193.SI,20180820,券商,4329.14,4419.96,4312.08,4405.55,79.35,1.83,63120.0,544228.0,17.66,1.16,65833436.0,151367583.397807
801193.SI,20180821,券商,4404.56,4466.0,4382.92,4431.91,26.37,0.6,64717.0,571164.0,17.77,1.17,66227449.0,152251638.907161
801193.SI,20180822,券商,4424.43,4434.76,4382.47,4404.2,-27.71,-0.63,40621.0,340688.0,17.66,1.16,65813302.0,151092057.603865
801193.SI,20180823,券商,4403.58,4478.76,4376.31,4438.06,33.86,0.77,65968.0,581282.0,17.79,1.17,66319335.0,152397126.383108
801193.SI,20180824,券商,4406.83,4488.08,4375.37,4442.16,4.1,0.09,62572.0,568647.0,17.81,1.18,66380587.0,152740573.295953
801193.SI,20180827,券商,4446.44,4520.51,4430.73,4501.83,59.67,1.34,75613.0,681739.0,18.05,1.19,67272267.0,154691730.929541
801193.SI,20180828,券商,4501.22,4520.39,4455.87,4472.25,-29.58,-0.66,48192.0,432356.0,17.93,1.19,66830249.0,153737119.763825
801193.SI,20180829,券商,4468.94,4485.26,4425.47,4447.05,-25.2,-0.56,41850.0,376106.0,17.83,1.18,66453634.0,152898609.13911
801193.SI,20180830,券商,4438.2,4461.58,4372.94,4382.19,-64.86,-1.46,48562.0,404879.0,17.57,1.16,65506510.0,150397070.761123
801193.SI,20180831,券商,4382.4,4432.17,4357.97,4398.48,16.29,0.37,48367.0,413569.0,17.64,1.17,65749944.0,150926139.049049
801193.SI,20180903,券商,4383.01,4413.31,4332.64,4383.58,-14.89,-0.34,42514.0,359366.0,19.02,1.17,65527294.0,144661939.615664
801193.SI,20180904,券商,4382.07,4449.42,4353.38,4425.34,41.75,0.95,53687.0,472566.0,19.21,1.18,66151457.0,151626084.975831
801193.SI,20180905,券商,4408.28,4435.37,4347.79,4353.96,-71.38,-1.61,47156.0,404331.0,18.9,1.16,65084496.0,149224733.262132
801193.SI,20180906,券商,4347.56,4387.06,4325.2,4340.98,-12.98,-0.3,38580.0,331391.0,18.84,1.16,64872867.0,148888007.950648
801193.SI,20180907,券商,4339.87,4409.82,4319.27,4347.7,6.72,0.15,49829.0,407160.0,18.87,1.16,64973280.0,149173830.978541
801193.SI,20180910,券商,4333.54,4340.78,4218.79,4219.25,-128.46,-2.95,62089.0,502281.0,18.31,1.13,63053582.0,144661939.615664
801193.SI,20180911,券商,4217.82,4272.78,4202.13,4241.86,22.62,0.54,39594.0,317378.0,18.41,1.13,63391643.0,145372606.258162
801193.SI,20180912,券商,4235.91,4302.88,4222.18,4260.01,18.14,0.43,44824.0,366832.0,18.49,1.14,63662750.0,146069784.972562
801193.SI,20180913,券商,4299.04,4333.53,4268.59,4319.93,59.93,1.41,54562.0,451624.0,18.75,1.15,64558302.0,147932377.635444
801193.SI,20180914,券商,4321.04,4342.85,4282.29,4296.85,-23.09,-0.53,43852.0,357761.0,18.65,1.15,64213307.0,146915320.19139
801193.SI,20180917,券商,4286.53,4321.78,4244.91,4277.01,-19.83,-0.46,46002.0,356772.0,18.56,1.14,63915886.0,146086935.324242
801193.SI,20180918,券商,4262.63,4369.33,4255.41,4359.3,82.28,1.92,63390.0,527245.0,18.92,1.16,65135924.0,148929224.379314
801193.SI,20180919,券商,4346.84,4428.22,4329.87,4388.2,28.91,0.66,71554.0,650493.0,19.04,1.17,65567830.0,149729366.823573
801193.SI,20180920,券商,4394.82,4429.18,4364.72,4382.24,-5.97,-0.14,54084.0,478172.0,19.02,1.17,65478702.0,149343408.068451
801193.SI,20180921,券商,4385.25,4500.69,4359.32,4489.22,106.98,2.44,99232.0,919076.0,19.48,1.2,67077205.0,152910100.051153
801193.SI,20180925,券商,4444.35,4469.97,4409.99,4436.26,-52.95,-1.18,50708.0,458433.0,19.25,1.18,66285960.0,151124678.633129
801193.SI,20180926,券商,4447.84,4521.83,4422.92,4461.19,24.93,0.56,78191.0,724309.0,19.36,1.19,66658472.0,151880101.869794
801193.SI,20180927,券商,4457.61,4477.86,4401.2,4430.15,-31.05,-0.7,55772.0,512910.0,19.23,1.18,66194554.0,150547991.836643
801193.SI,20180928,券商,4439.34,4493.16,4426.17,4469.79,39.64,0.89,52547.0,508627.0,19.4,1.19,66786921.0,151907789.723083
801193.SI,20181008,券商,4394.92,4415.03,4284.42,4296.56,-173.23,-3.88,66132.0,580514.0,18.65,1.15,64198510.0,145904145.235688
801193.SI,20181009,券商,4301.79,4331.17,4267.8,4290.5,-6.05,-0.14,41740.0,354770.0,18.62,1.15,64108040.0,145567701.951191
801193.SI,20181010,券商,4296.77,4333.23,4268.81,4305.64,15.14,0.35,37293.0,334515.0,18.68,1.15,64334221.0,145969172.520788
801193.SI,20181011,券商,4177.99,4209.21,3949.98,3995.11,-310.53,-7.21,107231.0,824527.0,17.34,1.07,59690951.0,134822753.028264
801193.SI,20181012,券商,3964.42,4010.49,3849.62,3919.77,-75.34,-1.89,81311.0,587158.0,17.01,1.05,58565308.0,131914234.63974
801193.SI,20181015,券商,3945.44,3975.06,3856.85,3867.69,-52.08,-1.33,54359.0,412629.0,16.79,1.03,57800577.0,130136018.109434
801193.SI,20181016,券商,3874.01,3947.07,3809.63,3837.93,-29.76,-0.77,59557.0,446821.0,16.66,1.02,57355762.0,129197601.5454
801193.SI,20181017,券商,3897.11,3928.42,3806.62,3883.81,45.89,1.2,63552.0,467869.0,16.86,1.04,58041078.0,130666814.999976
801193.SI,20181018,券商,3867.68,3907.74,3797.95,3814.31,-69.5,-1.79,59725.0,438746.0,16.55,1.02,57002451.0,128175388.007
801193.SI,20181019,券商,3772.85,3964.21,3750.96,3943.97,129.66,3.4,93967.0,735486.0,17.12,1.05,58940124.0,132384565.403516
801193.SI,20181022,券商,4007.85,4338.38,3998.68,4338.38,394.41,10.0,183531.0,1622270.0,18.83,1.16,64834266.0,145629880.554598
801193.SI,20181023,券商,4500.42,4556.37,4271.84,4326.84,-11.54,-0.27,309394.0,2570129.0,18.78,1.15,64661763.0,145907348.795415
801193.SI,20181024,券商,4250.41,4558.98,4220.98,4419.25,92.41,2.14,329309.0,2432665.0,19.24,1.18,67490898.0,148915541.907141
801193.SI,20181025,券商,4274.23,4608.07,4235.05,4593.66,174.41,3.95,346331.0,2384731.0,20.0,1.23,70154543.0,155146431.676545
801193.SI,20181026,券商,4597.09,4637.01,4418.73,4471.82,-121.85,-2.65,309457.0,2083649.0,19.53,1.2,68483821.0,153129977.489494
801193.SI,20181029,券商,4448.74,4557.23,4378.86,4427.88,-43.94,-0.98,182597.0,1267112.0,19.34,1.18,67810894.0,152088873.827846
801193.SI,20181030,券商,4445.21,4756.68,4358.59,4647.39,219.52,4.96,362992.0,2652875.0,20.29,1.24,71500036.0,160303447.320879
801193.SI,20181031,券商,4603.52,4704.98,4513.95,4604.27,-43.12,-0.93,276620.0,2051949.0,20.09,1.2,70837695.0,158919392.28384
801193.SI,20181101,券商,4649.1,4921.09,4605.05,4654.69,50.41,1.09,325154.0,2659258.0,24.1,1.22,71613306.0,161097943.372656
801193.SI,20181102,券商,4780.71,4835.24,4671.56,4782.22,127.54,2.74,265196.0,2300300.0,24.9,1.25,73999862.0,170093811.62301
801193.SI,20181105,券商,4749.02,4831.63,4680.07,4786.13,3.91,0.08,246499.0,2046744.0,24.92,1.26,74060363.0,170908406.583301
801193.SI,20181106,券商,4775.43,4844.08,4700.85,4744.1,-42.03,-0.88,228238.0,1871294.0,24.7,1.24,73409941.0,169252282.442568
801193.SI,20181107,券商,4715.37,4754.36,4624.04,4654.8,-89.29,-1.88,182889.0,1474158.0,24.24,1.22,72028211.0,165888154.794618
801193.SI,20181108,券商,4700.67,4736.33,4550.16,4578.8,-76.0,-1.63,215086.0,1634168.0,23.84,1.2,70852175.0,163290965.864652
801193.SI,20181109,券商,4565.61,4650.55,4533.23,4576.28,-2.52,-0.05,155357.0,1166561.0,23.83,1.2,70813236.0,163105574.926607
801193.SI,20181112,券商,4579.32,4676.27,4550.16,4661.02,84.74,1.85,172215.0,1303961.0,24.27,1.22,72124479.0,166203660.299442
801193.SI,20181113,券商,4603.42,4892.47,4582.68,4780.51,119.49,2.56,358046.0,2632133.0,24.9,1.25,73928632.0,170415424.6643
801193.SI,20181114,券商,4748.25,4828.67,4674.32,4703.52,-76.99,-1.61,264708.0,1830240.0,24.5,1.23,72738017.0,167357579.241119
801193.SI,20181115,券商,4683.79,4869.29,4667.41,4838.5,134.98,2.87,267277.0,2072780.0,25.2,1.27,74825474.0,172683161.93357
801193.SI,20181116,券商,4833.07,5098.56,4798.76,4960.99,122.49,2.53,391405.0,3133905.0,25.84,1.3,76719693.0,177226794.415945
801193.SI,20181119,券商,4943.82,5168.11,4921.02,5113.86,152.87,3.08,383732.0,3239900.0,26.63,1.34,79083739.0,183425045.551386
801193.SI,20181120,券商,5049.75,5130.81,4860.86,4883.08,-230.78,-4.51,300991.0,2564531.0,25.43,1.28,75514864.0,175300683.866219
801193.SI,20181121,券商,4829.57,4947.13,4782.61,4890.25,7.17,0.15,212038.0,1800817.0,25.47,1.28,75625683.0,175838543.172649
801193.SI,20181122,券商,4900.01,4931.01,4762.14,4839.46,-50.79,-1.04,175152.0,1408813.0,25.2,1.27,74840222.0,173511552.676312
801193.SI,20181123,券商,4824.37,4895.19,4638.54,4681.43,-158.03,-3.27,184789.0,1460769.0,24.38,1.23,72396347.0,167333503.855077
801193.SI,20181126,券商,4677.62,4743.3,4608.99,4660.57,-20.85,-0.45,119538.0,920742.0,24.27,1.22,72073841.0,166535519.124483
801193.SI,20181127,券商,4697.39,4742.78,4625.75,4676.61,16.03,0.34,113519.0,880914.0,24.36,1.23,72321800.0,166957276.284409
801193.SI,20181128,券商,4664.5,4825.91,4635.19,4798.35,121.75,2.6,187120.0,1456722.0,24.99,1.26,74204558.0,171652164.334345
801193.SI,20181129,券商,4818.4,4876.83,4622.15,4636.0,-162.36,-3.38,181952.0,1413094.0,24.14,1.22,71693782.0,165230227.344285
801193.SI,20181130,券商,4614.53,4735.34,4559.85,4711.36,75.36,1.63,157038.0,1163509.0,24.54,1.24,72859235.0,168092370.586736
801193.SI,20181203,券商,4945.07,5001.85,4820.04,4852.57,141.21,3.0,224364.0,1935402.0,25.27,1.27,75043041.0,172790873.860129
801193.SI,20181204,券商,4844.28,4920.95,4814.35,4906.36,53.79,1.11,143415.0,1197617.0,25.55,1.29,75874832.0,174951061.521169
801193.SI,20181205,券商,4816.33,4887.32,4788.4,4837.93,-68.43,-1.39,123314.0,1028688.0,25.2,1.27,74816557.0,172197508.189382
801193.SI,20181206,券商,4790.6,4808.12,4686.18,4712.84,-125.09,-2.59,114959.0,976131.0,24.54,1.24,72882127.0,168102995.35065
801193.SI,20181207,券商,4737.78,4780.52,4703.4,4727.23,14.39,0.31,82605.0,652715.0,24.62,1.24,73102225.0,168386514.984944
801193.SI,20181210,券商,4680.74,4726.45,4612.53,4658.83,-68.4,-1.45,89582.0,721557.0,24.26,1.22,72044443.0,165801612.621509
801193.SI,20181211,券商,4679.0,4706.38,4634.12,4677.23,18.4,0.39,66661.0,508050.0,24.36,1.23,72328995.0,166506083.759589
801193.SI,20181212,券商,4707.6,4769.49,4670.74,4694.23,17.0,0.36,93464.0,730887.0,24.45,1.23,72591939.0,167079725.047253
801193.SI,20181213,券商,4706.61,4800.11,4648.56,4749.01,54.77,1.17,144719.0,1164966.0,24.73,1.25,73438951.0,168928902.845486
801193.SI,20181214,券商,4726.67,4748.62,4601.23,4615.95,-133.06,-2.8,122445.0,955129.0,24.04,1.21,71381379.0,164001413.033025
801193.SI,20181217,券商,4595.49,4669.42,4563.13,4640.83,24.88,0.54,92435.0,724136.0,24.17,1.22,71766095.0,165031990.312503
801193.SI,20181218,券商,4606.87,4659.71,4519.19,4562.37,-78.46,-1.69,93612.0,747033.0,23.76,1.2,70552849.0,162369375.499381
801193.SI,20181219,券商,4572.65,4594.67,4503.31,4520.97,-41.41,-0.91,73296.0,581414.0,23.54,1.19,69912539.0,160948953.059553
801193.SI,20181220,券商,4511.12,4606.82,4467.34,4566.98,46.02,1.02,138041.0,993808.0,23.78,1.2,70624121.0,162879917.519421
801193.SI,20181221,券商,4536.28,4568.21,4430.87,4486.67,-80.31,-1.76,118709.0,922602.0,23.37,1.18,69382138.0,160343094.304282
801193.SI,20181224,券商,4464.97,4509.12,4408.53,4445.99,-40.68,-0.91,97104.0,737157.0,23.15,1.17,68753089.0,158383124.271856
801193.SI,20181225,券商,4399.13,4417.8,4250.19,4355.04,-90.95,-2.05,128553.0,879012.0,22.68,1.14,67346618.0,154971150.616792
801193.SI,20181226,券商,4349.71,4386.94,4289.11,4327.26,-27.78,-0.64,79906.0,531940.0,22.54,1.14,66917020.0,153689039.987709
801193.SI,20181227,券商,4394.85,4423.81,4301.58,4317.24,-10.02,-0.23,101795.0,694906.0,22.48,1.13,66762088.0,153164737.796517
801193.SI,20181228,券商,4329.08,4461.66,4310.67,4398.61,81.37,1.88,126747.0,805581.0,22.92,1.16,68187079.0,156216649.945054
801193.SI,20190102,券商,4398.04,4435.84,4325.09,4387.07,-11.54,-0.26,102753.0,657086.0,22.86,1.15,68008262.0,155687368.188089
801193.SI,20190103,券商,4383.26,4586.86,4365.64,4481.83,94.75,2.16,182615.0,1193629.0,23.35,1.18,69477149.0,159258710.201614
801193.SI,20190104,券商,4442.6,4828.29,4426.86,4777.64,295.81,6.6,358017.0,2474488.0,24.9,1.26,74083676.0,170935998.809236
801193.SI,20190107,券商,4800.72,4863.3,4727.48,4786.23,8.59,0.18,318645.0,2229688.0,24.95,1.26,74216909.0,171168865.53183
801193.SI,20190108,券商,4776.31,4890.57,4716.3,4802.64,16.41,0.34,277308.0,1893878.0,25.04,1.26,74494098.0,171804489.418691
801193.SI,20190109,券商,4797.44,4914.03,4765.08,4811.57,8.93,0.19,267901.0,1916381.0,25.09,1.27,74633983.0,172379922.985147
801193.SI,20190110,券商,4857.7,4890.23,4741.94,4762.67,-48.9,-1.02,223957.0,1759908.0,24.81,1.25,74018429.0,169885031.90288
801193.SI,20190111,券商,4773.17,4847.86,4733.52,4793.74,31.07,0.65,165937.0,1274829.0,24.97,1.26,74501273.0,170927074.111971
801193.SI,20190114,券商,4826.0,4867.14,4751.8,4777.01,-16.73,-0.35,138873.0,1094642.0,24.88,1.26,74241336.0,170212789.758811
801193.SI,20190115,券商,4779.37,4949.22,4764.48,4904.12,127.11,2.66,250463.0,2071135.0,25.54,1.29,76216858.0,175387001.062511
801193.SI,20190116,券商,4897.76,4924.14,4827.5,4858.5,-45.63,-0.93,154540.0,1265840.0,25.31,1.28,75507729.0,173350869.82435
801193.SI,20190117,券商,4869.37,4909.06,4787.61,4807.45,-51.05,-1.05,128006.0,1069684.0,25.04,1.26,74714355.0,171580460.93785
801193.SI,20190118,券商,4824.46,4894.69,4785.95,4869.98,62.53,1.3,131654.0,1127596.0,25.37,1.28,75686215.0,173414094.783384
801193.SI,20190121,券商,4867.52,4924.84,4797.69,4842.01,-27.97,-0.57,122130.0,1088961.0,25.22,1.27,75251470.0,172196462.584782
801193.SI,20190122,券商,4824.05,4864.21,4741.85,4768.97,-73.04,-1.51,124394.0,1037684.0,24.84,1.25,74116328.0,169380705.663975
801193.SI,20190123,券商,4766.44,4804.93,4721.56,4760.17,-8.79,-0.18,80327.0,651081.0,24.79,1.25,73979649.0,168899598.441185
801193.SI,20190124,券商,4778.29,4907.03,4759.6,4839.0,78.83,1.66,186355.0,1534515.0,25.27,1.28,75405969.0,173890657.161461
801193.SI,20190125,券商,4837.4,4903.09,4794.56,4821.39,-17.61,-0.36,142342.0,1208228.0,25.18,1.27,75131542.0,173047977.315683
801193.SI,20190128,券商,4873.97,4943.18,4762.46,4807.96,-13.43,-0.28,167192.0,1394931.0,25.11,1.27,74922293.0,172812526.796385
801193.SI,20190129,券商,4780.01,4829.73,4663.46,4764.32,-43.65,-0.91,125502.0,1058090.0,24.88,1.26,74242142.0,170925713.013157
801193.SI,20190130,券商,4735.17,4792.67,4692.62,4705.44,-58.87,-1.24,75673.0,651371.0,24.58,1.24,73324734.0,168680252.193214
801193.SI,20190131,券商,4726.8,4823.84,4686.94,4759.5,54.05,1.15,117557.0,1031421.0,24.86,1.25,74167045.0,170147044.662556
801193.SI,20190201,券商,4833.13,4905.73,4803.32,4886.24,126.74,2.66,129339.0,1151069.0,25.52,1.29,76142041.0,175074338.819154
801193.SI,20190211,券商,4881.27,4983.92,4854.27,4971.73,85.49,1.75,128851.0,1150853.0,25.97,1.31,77474291.0,178055482.496875
801193.SI,20190212,券商,4967.76,5056.61,4929.51,5006.15,34.42,0.69,143727.0,1302962.0,26.13,1.32,78391277.0,179148848.398426
801193.SI,20190213,券商,5005.43,5221.25,4964.49,5181.1,174.95,3.49,272871.0,2400723.0,27.04,1.37,81130803.0,185918282.541051
801193.SI,20190214,券商,5163.81,5225.13,5110.62,5161.64,-19.46,-0.38,191200.0,1691323.0,26.94,1.36,80826060.0,185425414.481854
801193.SI,20190215,券商,5145.57,5206.44,5031.28,5051.12,-110.52,-2.14,191053.0,1780183.0,26.36,1.33,79095436.0,181859945.396915
801193.SI,20190218,券商,5104.21,5383.13,5097.13,5343.89,292.77,5.8,313150.0,2861696.0,27.88,1.41,84053141.0,192173055.343705
801193.SI,20190219,券商,5357.24,5565.58,5284.34,5376.06,32.17,0.6,370641.0,3364549.0,28.05,1.42,84559141.0,193686217.869767
801193.SI,20190220,券商,5377.9,5479.76,5311.27,5407.3,31.24,0.58,222820.0,2042954.0,28.21,1.43,85050548.0,194637789.431191
801193.SI,20190221,券商,5374.56,5681.75,5329.97,5449.49,42.19,0.78,375047.0,3453763.0,28.43,1.44,85714143.0,196226516.49929
801193.SI,20190222,券商,5496.28,5987.67,5407.52,5979.15,529.66,9.72,579745.0,5568142.0,31.19,1.58,94045087.0,215324743.958137
801193.SI,20190225,券商,6261.78,6577.03,6129.56,6577.03,597.88,10.0,729759.0,7725430.0,34.31,1.73,103449119.0,236868587.134557
801193.SI,20190226,券商,6724.89,6959.07,6410.52,6459.49,-117.54,-1.79,811135.0,8695863.0,33.7,1.7,101600367.0,235097908.68401
801193.SI,20190227,券商,6417.67,6660.16,6225.28,6423.21,-36.29,-0.56,646009.0,6932939.0,33.51,1.69,101029606.0,235955520.266262
801193.SI,20190228,券商,6361.83,6393.21,6090.22,6192.67,-230.53,-3.59,464926.0,4490186.0,32.36,1.63,97403568.0,225702218.964563
801193.SI,20190301,券商,6263.65,6491.7,6148.96,6404.71,212.03,3.42,506346.0,5261733.0,33.47,1.69,100738601.0,234303673.496148
801193.SI,20190304,券商,6467.83,6838.52,6278.84,6454.33,49.62,0.77,715159.0,7750694.0,33.73,1.7,101519084.0,237297633.318908
801193.SI,20190305,券商,6380.17,6516.94,6309.0,6478.39,24.06,0.37,429886.0,4668083.0,33.85,1.71,101897546.0,239364667.079817
801193.SI,20190306,券商,6488.47,6966.94,6435.36,6848.54,370.15,5.71,736287.0,8292066.0,35.79,1.81,107719605.0,254157167.837373
801193.SI,20190307,券商,6923.98,7329.12,6762.93,7111.36,262.81,3.84,884929.0,10510081.0,37.16,1.87,111853380.0,265849288.468832
801193.SI,20190308,券商,6716.18,6972.02,6478.79,6508.24,-603.12,-8.48,767995.0,9347939.0,34.01,1.72,102367012.0,242823732.656414
801193.SI,20190311,券商,6496.01,6703.04,6295.01,6579.74,71.51,1.1,497906.0,5890452.0,34.38,1.73,103491751.0,244685794.909355
801193.SI,20190312,券商,6631.15,6866.24,6547.14,6667.26,87.52,1.33,528095.0,6450295.0,34.84,1.76,104868315.0,248234907.913997
801193.SI,20190313,券商,6662.82,6749.16,6415.38,6523.06,-144.21,-2.16,475671.0,5609147.0,34.08,1.72,102569859.0,243543731.303677
801193.SI,20190314,券商,6424.85,6598.59,6210.21,6307.62,-215.44,-3.3,378160.0,4438516.0,32.96,1.66,99182298.0,235902088.759521
801193.SI,20190315,券商,6381.25,6533.41,6283.35,6386.89,79.27,1.26,316471.0,3850953.0,33.37,1.68,100428718.0,237574292.681104
801193.SI,20190318,券商,6363.18,6563.96,6233.91,6546.97,160.08,2.51,338824.0,4042390.0,34.23,1.73,102945915.0,242691669.074214
801193.SI,20190319,券商,6540.56,6604.45,6424.51,6475.68,-71.29,-1.09,265819.0,3141166.0,33.87,1.71,101824557.0,240271936.699713
801193.SI,20190320,券商,6451.27,6675.09,6410.77,6571.91,96.23,1.49,416202.0,4412053.0,34.37,1.73,103337700.0,243728986.952526
801193.SI,20190321,券商,6576.54,6840.48,6503.52,6670.89,98.98,1.51,554502.0,6196019.0,35.75,1.76,104894090.0,246828018.569509
801193.SI,20190322,券商,6633.38,6708.57,6458.56,6595.99,-74.9,-1.12,334744.0,3724002.0,36.49,1.74,103716349.0,243104702.018093
801193.SI,20190325,券商,6440.17,6554.36,6310.68,6336.97,-259.03,-3.93,306353.0,3504426.0,35.01,1.67,99643391.0,233753611.339174
801193.SI,20190326,券商,6381.93,6418.39,6091.43,6137.79,-199.17,-3.14,278667.0,3190677.0,33.83,1.62,96511543.0,227697827.455166
801193.SI,20190327,券商,6195.02,6252.44,6088.21,6167.39,29.6,0.48,229011.0,2622821.0,34.88,1.63,96976942.0,228892000.124554
801193.SI,20190328,券商,6116.39,6275.37,6033.48,6123.72,-43.67,-0.71,227862.0,2532739.0,36.03,1.62,96290313.0,226696267.241783
801193.SI,20190329,券商,6158.9,6630.95,6149.43,6609.15,485.43,7.93,542508.0,6342132.0,39.45,1.74,103923770.0,244794639.320065
801193.SI,20190401,券商,6639.73,6877.92,6541.21,6739.79,130.64,1.98,565940.0,6879880.0,42.83,1.78,105980894.0,249802006.775647
801193.SI,20190402,券商,6763.7,6907.03,6663.9,6718.2,-21.59,-0.32,421082.0,5128986.0,42.69,1.77,105641472.0,248886445.387355
801193.SI,20190403,券商,6653.67,7089.45,6620.69,7045.06,326.85,4.87,570156.0,6977293.0,45.8,1.86,110781138.0,259839525.752004
801193.SI,20190404,券商,7082.06,7175.05,6918.91,7044.17,-0.88,-0.01,475751.0,5925742.0,45.79,1.88,110767237.0,259322895.692629
801193.SI,20190408,券商,7104.89,7166.56,6750.17,6878.42,-165.75,-2.35,407682.0,5031643.0,44.71,1.83,108160857.0,253308677.940234
801193.SI,20190409,券商,6858.21,6997.0,6735.81,6887.99,9.57,0.14,317475.0,3821127.0,44.78,1.83,108311325.0,254163158.751101
801193.SI,20190410,券商,6856.35,6933.8,6625.07,6786.3,-101.69,-1.48,442000.0,4891476.0,44.11,1.81,106712275.0,250368367.103692
801193.SI,20190411,券商,6733.88,6816.57,6597.35,6631.2,-155.09,-2.29,283824.0,3206748.0,43.1,1.77,104273468.0,244536404.109462
801193.SI,20190412,券商,6623.47,6755.54,6571.72,6660.98,29.78,0.45,243331.0,2781067.0,43.3,1.77,104741702.0,245846765.287873
801193.SI,20190415,券商,6817.21,6862.56,6504.82,6522.73,-138.24,-2.08,284089.0,3328880.0,42.4,1.74,102567846.0,240711907.165406
801193.SI,20190416,券商,6468.89,6717.97,6371.62,6701.33,178.59,2.74,304642.0,3578577.0,43.57,1.79,105376151.0,247010408.303933
801193.SI,20190417,券商,6670.48,6716.45,6617.34,6639.27,-62.06,-0.93,218605.0,2579745.0,43.17,1.77,104400200.0,244738565.598076
801193.SI,20190418,券商,6629.33,6700.17,6561.53,6593.38,-45.88,-0.69,174603.0,2071054.0,42.87,1.76,103678713.0,242747942.487658
801193.SI,20190419,券商,6616.49,6736.67,6574.85,6675.77,82.39,1.25,192166.0,2346315.0,43.41,1.78,104974205.0,245974515.523311
801193.SI,20190422,券商,6760.71,6788.53,6487.27,6516.07,-159.69,-2.39,238608.0,2972489.0,42.44,1.73,102463073.0,242320995.150487
801193.SI,20190423,券商,6489.1,6719.66,6427.16,6556.3,40.22,0.62,275967.0,3287884.0,42.59,1.74,103095574.0,244803175.783976
801193.SI,20190424,券商,6553.46,6664.82,6499.34,6616.53,60.23,0.92,198112.0,2362245.0,43.1,1.76,104042738.0,246553723.613695
801193.SI,20190425,券商,6592.74,6698.24,6389.77,6410.81,-205.72,-3.11,283395.0,3233723.0,41.66,1.7,100807868.0,239029999.624112
801193.SI,20190426,券商,6376.26,6580.99,6341.76,6446.69,35.87,0.56,273329.0,3152231.0,42.12,1.7,101371983.0,239529249.388988
801193.SI,20190429,券商,6442.9,6485.51,6104.04,6173.7,-272.98,-4.23,300984.0,3264746.0,40.58,1.61,97079422.0,227593594.809686
801193.SI,20190430,券商,6168.4,6283.35,6124.24,6202.31,28.61,0.46,176872.0,1946247.0,40.77,1.6,97529281.0,227662452.035834
801193.SI,20190506,券商,5866.04,5973.91,5590.31,5609.48,-592.83,-9.56,299099.0,3133803.0,28.07,1.44,88207167.0,206144674.044627
801193.SI,20190507,券商,5650.86,5742.89,5492.48,5688.76,79.28,1.41,264522.0,2697395.0,28.6,1.47,89453893.0,210023172.328439
801193.SI,20190508,券商,5535.55,5720.24,5496.93,5599.78,-88.98,-1.56,170555.0,1771376.0,28.15,1.45,88054679.0,206902587.970749
801193.SI,20190509,券商,5520.2,5658.94,5473.09,5521.42,-78.36,-1.4,190631.0,1915212.0,27.76,1.43,86822822.0,204332339.237271
801193.SI,20190510,券商,5620.67,5835.73,5497.91,5778.33,256.91,4.65,295322.0,3121879.0,29.05,1.5,90862688.0,213834046.019385
801193.SI,20190513,券商,5675.2,5733.25,5599.21,5640.48,-137.85,-2.39,158887.0,1655389.0,28.36,1.46,88695024.0,209007043.341658
801193.SI,20190514,券商,5575.0,5705.98,5543.69,5583.08,-57.4,-1.02,159368.0,1654481.0,28.05,1.45,87890934.0,207270277.742266
801193.SI,20190515,券商,5638.09,5720.48,5602.09,5683.54,100.46,1.8,167172.0,1805484.0,28.56,1.48,89472454.0,211181723.512807
801193.SI,20190516,券商,5671.47,5728.42,5624.66,5683.08,-0.46,-0.01,131289.0,1340899.0,28.56,1.48,89465250.0,211054564.346175
801193.SI,20190517,券商,5693.6,5709.3,5390.79,5444.16,-238.92,-4.2,191682.0,1890914.0,27.36,1.41,85704061.0,201713102.61972
801193.SI,20190520,券商,5412.18,5584.53,5377.28,5504.09,59.93,1.1,153981.0,1540180.0,27.66,1.42,86647549.0,204168589.824823
801193.SI,20190521,券商,5493.9,5650.05,5474.71,5585.54,81.44,1.48,145267.0,1543810.0,28.07,1.45,87929657.0,207256966.944427
801193.SI,20190522,券商,5586.34,5625.37,5483.21,5525.51,-60.03,-1.07,112724.0,1140555.0,27.78,1.43,87038809.0,204753044.675778
801193.SI,20190523,券商,5496.14,5627.06,5452.7,5514.4,-11.11,-0.2,141524.0,1455966.0,27.73,1.43,86863879.0,204718324.67446
801193.SI,20190524,券商,5506.56,5588.09,5479.07,5518.47,4.07,0.07,112923.0,1183561.0,27.75,1.43,86927997.0,205347437.982829
801193.SI,20190527,券商,5526.77,5724.06,5473.96,5680.66,162.18,2.94,208739.0,2211641.0,28.56,1.47,89482748.0,212198253.069591
801193.SI,20190528,券商,5657.37,5740.87,5612.72,5682.6,1.95,0.03,178061.0,1857872.0,28.57,1.47,89513400.0,212327399.345082
801193.SI,20190529,券商,5636.84,5739.83,5613.01,5659.14,-23.46,-0.41,150142.0,1602226.0,28.45,1.47,89143802.0,212037192.776796
801193.SI,20190530,券商,5625.85,5645.34,5527.58,5581.91,-77.23,-1.36,123704.0,1326156.0,28.07,1.45,87927314.0,209059841.830928
801193.SI,20190531,券商,5587.67,5634.46,5540.43,5551.61,-30.31,-0.54,104829.0,1100983.0,27.91,1.44,87449917.0,207836760.816798
801193.SI,20190603,券商,5588.69,5684.67,5521.51,5556.38,4.77,0.09,147258.0,1596837.0,27.94,1.44,87525099.0,208227563.520376
801193.SI,20190604,券商,5543.4,5594.44,5474.19,5541.83,-14.55,-0.26,130142.0,1353904.0,27.86,1.43,87295949.0,207839779.15948
801193.SI,20190605,券商,5613.93,5680.81,5553.24,5585.59,43.76,0.79,154385.0,1704931.0,28.08,1.45,87985265.0,209168247.06017
801193.SI,20190606,券商,5581.7,5651.38,5507.53,5532.13,-53.46,-0.96,139996.0,1510338.0,27.81,1.43,87102539.0,207070300.801475
801193.SI,20190610,券商,5526.93,5561.39,5313.37,5459.47,-72.66,-1.31,162199.0,1692805.0,27.44,1.41,85958477.0,203192322.724683
801193.SI,20190611,券商,5458.49,5779.54,5440.98,5752.18,292.71,5.36,277930.0,2927162.0,28.91,1.49,90567101.0,214513383.363896
801193.SI,20190612,券商,5720.02,5778.36,5654.29,5682.67,-69.51,-1.21,199475.0,2193432.0,28.56,1.47,89472732.0,211930055.300554
801193.SI,20190613,券商,5672.4,5786.8,5644.43,5721.27,38.6,0.68,189216.0,2066317.0,28.92,1.49,90809699.0,213132526.121384
801193.SI,20190614,券商,5725.81,5779.5,5587.19,5609.65,-111.62,-1.95,175522.0,1886155.0,28.35,1.46,89037977.0,208552268.202119
801193.SI,20190617,券商,5613.1,5702.58,5586.37,5647.07,37.42,0.67,118221.0,1256060.0,28.54,1.47,89631981.0,209772232.827699
801193.SI,20190618,券商,5663.72,5691.05,5575.69,5639.51,-7.56,-0.13,107424.0,1147482.0,28.5,1.47,89511917.0,209578182.931961
801193.SI,20190619,券商,5996.46,6074.08,5755.52,5766.36,126.86,2.25,279297.0,3229154.0,29.14,1.5,91525425.0,214272523.27342
801193.SI,20190620,券商,5753.53,6257.18,5736.3,6117.0,350.64,6.08,462227.0,5400976.0,30.92,1.58,97200615.0,229452187.824999
801193.SI,20190621,券商,6140.83,6314.51,6095.45,6212.25,95.25,1.56,365066.0,4562791.0,31.41,1.61,98714127.0,233926215.564294
801193.SI,20190624,券商,6288.83,6336.08,6148.95,6196.39,-15.86,-0.26,243305.0,3269314.0,31.33,1.6,98462170.0,233293782.311875
801193.SI,20190625,券商,6183.7,6274.21,6024.61,6210.57,14.17,0.23,280185.0,3629596.0,31.4,1.61,98687413.0,235910071.875589
801193.SI,20190626,券商,6073.88,6158.75,6014.22,6073.32,-137.25,-2.21,173715.0,2100063.0,30.7,1.57,96506529.0,228498392.201254
801193.SI,20190627,券商,6110.19,6283.18,6091.75,6165.1,91.78,1.51,232173.0,3064107.0,31.42,1.61,99919010.0,230770739.896651
801193.SI,20190628,券商,6149.48,6200.97,6066.72,6142.32,-22.78,-0.37,160381.0,2009119.0,31.31,1.6,99549863.0,229372552.580547
801193.SI,20190701,券商,6346.98,6383.57,6231.1,6280.26,137.94,2.25,275088.0,3514437.0,32.02,1.64,101825991.0,234777258.69424
801193.SI,20190702,券商,6253.51,6282.2,6185.23,6221.93,-58.33,-0.93,167588.0,2093389.0,31.72,1.62,100880176.0,232328453.927463
801193.SI,20190703,券商,6200.0,6216.11,6053.07,6103.56,-118.37,-1.9,152596.0,1961250.0,31.12,1.59,98960985.0,228615838.251553
801193.SI,20190704,券商,6115.6,6202.78,6054.82,6112.88,9.32,0.15,151112.0,1746127.0,31.16,1.59,99112058.0,228505596.363178
801193.SI,20190705,券商,6115.1,6154.3,6045.69,6106.96,-5.92,-0.1,119869.0,1406680.0,31.13,1.59,99021434.0,227884137.193992
801193.SI,20190708,券商,6089.5,6134.78,5896.73,5950.38,-156.58,-2.56,186919.0,2137587.0,30.49,1.56,97058119.0,224126662.276642
801193.SI,20190709,券商,5969.36,6037.24,5884.27,5992.19,41.81,0.7,159307.0,1767642.0,30.71,1.57,97740115.0,225571275.037715
801193.SI,20190710,券商,5999.44,6062.5,5926.24,5980.78,-11.41,-0.19,149770.0,1665853.0,30.65,1.56,97554008.0,224308445.454022
801193.SI,20190711,券商,6017.21,6090.1,5914.65,5973.77,-7.01,-0.12,162318.0,1925795.0,30.61,1.56,97439742.0,223595066.277216
801193.SI,20190712,券商,5962.99,6042.87,5903.5,5999.77,26.0,0.44,136722.0,1549350.0,30.83,1.57,98130330.0,227024518.501157
801193.SI,20190715,券商,5972.94,6214.3,5909.32,6120.48,120.71,2.01,240802.0,2533942.0,31.45,1.6,100104591.0,232020770.923583
801193.SI,20190716,券商,6095.05,6145.79,6056.16,6089.2,-31.28,-0.51,137122.0,1403777.0,31.29,1.59,99592948.0,231196156.642917
801193.SI,20190717,券商,6070.42,6140.84,6034.61,6070.28,-18.92,-0.31,161767.0,1597026.0,31.19,1.59,99283486.0,230847715.657496
801193.SI,20190718,券商,6029.41,6069.82,5966.75,5986.53,-83.74,-1.38,139491.0,1400398.0,30.75,1.57,98072673.0,228190459.056088
801193.SI,20190719,券商,6024.69,6164.8,6011.69,6108.19,121.65,2.03,184208.0,1980445.0,31.38,1.6,100065635.0,233222780.906582
801193.SI,20190722,券商,6139.2,6159.56,5940.68,5968.57,-139.62,-2.29,183232.0,2029195.0,30.66,1.56,97816092.0,227812293.588059
801193.SI,20190723,券商,5984.63,6044.82,5948.04,5999.77,31.2,0.52,110909.0,1234951.0,30.82,1.57,98327403.0,229091775.51899
801193.SI,20190724,券商,6024.93,6121.44,6007.01,6046.81,47.04,0.78,153402.0,1825405.0,31.06,1.58,99098355.0,230599464.861232
801193.SI,20190725,券商,6043.14,6094.42,6001.9,6074.91,28.1,0.46,132081.0,1465329.0,31.2,1.59,99558856.0,231269259.149101
801193.SI,20190726,券商,6044.37,6069.67,6002.15,6045.91,-28.99,-0.48,112985.0,1163988.0,31.05,1.59,99083696.0,229687456.703599
801193.SI,20190729,券商,6032.05,6043.76,5923.6,5951.22,-94.69,-1.57,124191.0,1367646.0,30.56,1.56,97497594.0,226662987.263159
801193.SI,20190730,券商,5958.38,6079.5,5949.25,6005.2,53.98,0.91,154740.0,1680277.0,30.79,1.57,98220353.0,228333812.577785
801193.SI,20190731,券商,5988.63,6017.71,5942.06,5973.82,-31.38,-0.52,102056.0,1093522.0,30.68,1.57,97867751.0,227242957.350148
801193.SI,20190801,券商,5935.59,5981.78,5863.94,5893.22,-80.59,-1.35,116445.0,1317945.0,30.27,1.55,96547416.0,223619508.737696
801193.SI,20190802,券商,5732.98,5762.29,5634.58,5697.14,-196.08,-3.33,160767.0,1733363.0,29.26,1.5,94414575.0,216597918.032632
801193.SI,20190805,券商,5659.94,5719.87,5565.09,5577.46,-119.68,-2.1,133039.0,1492990.0,28.65,1.47,92431187.0,212634524.887392
801193.SI,20190806,券商,5445.48,5629.85,5359.46,5545.84,-31.63,-0.57,222321.0,2364059.0,28.49,1.46,91907043.0,212452486.182724
801193.SI,20190807,券商,5564.87,5590.41,5442.36,5456.27,-89.57,-1.62,124587.0,1364059.0,28.03,1.44,90422668.0,208911669.470946
801193.SI,20190808,券商,5613.36,5652.13,5509.58,5531.19,74.93,1.37,146105.0,1691937.0,28.41,1.46,91664353.0,211418844.53132
801193.SI,20190809,券商,5570.82,5594.23,5439.96,5459.73,-71.46,-1.29,112952.0,1242551.0,28.04,1.44,90480117.0,208083858.045844
801193.SI,20190812,券商,5524.44,5593.04,5499.6,5583.14,123.41,2.26,133802.0,1484135.0,28.68,1.47,92563307.0,213186205.990717
801193.SI,20190813,券商,5518.78,5545.21,5475.73,5511.34,-71.8,-1.29,89359.0,950095.0,28.31,1.46,91372890.0,210145078.842267
801193.SI,20190814,券商,5604.27,5633.46,5514.33,5519.37,8.03,0.15,98592.0,1094593.0,28.36,1.46,91506022.0,210346505.117223
801193.SI,20190815,券商,5374.29,5538.5,5347.73,5515.63,-3.74,-0.07,108648.0,1147705.0,28.34,1.46,91443996.0,210203202.275478
801193.SI,20190816,券商,5505.89,5610.21,5475.05,5528.94,13.31,0.24,131045.0,1478836.0,28.4,1.46,91664633.0,210997655.467936
801193.SI,20190819,券商,5622.89,5925.18,5578.82,5909.23,380.29,6.88,308016.0,3525483.0,30.36,1.56,97969543.0,225746104.708751
801193.SI,20190820,券商,5891.16,5960.66,5827.4,5858.97,-50.26,-0.85,239434.0,2709977.0,30.1,1.55,97136313.0,224276441.784285
801193.SI,20190821,券商,5847.05,5900.03,5801.48,5841.09,-17.88,-0.31,157877.0,1722869.0,30.01,1.55,96839854.0,223772115.634944
801193.SI,20190822,券商,5862.19,5880.07,5778.94,5830.73,-10.36,-0.18,124242.0,1334859.0,29.96,1.54,96668138.0,223135802.708981
801193.SI,20190823,券商,5834.19,5899.8,5780.23,5807.08,-23.65,-0.41,128544.0,1409473.0,29.83,1.52,96273358.0,222141614.603041
801193.SI,20190826,券商,5681.14,5770.03,5654.93,5715.74,-91.35,-1.57,134306.0,1493648.0,29.36,1.5,94758978.0,219100324.536729
801193.SI,20190827,券商,5749.44,5928.44,5735.43,5826.12,110.38,1.93,205159.0,2339120.0,29.93,1.53,96588909.0,223626038.576196
801193.SI,20190828,券商,5800.87,5826.4,5725.79,5747.4,-78.71,-1.35,123439.0,1398516.0,29.53,1.5,95283926.0,220320347.609047
801193.SI,20190829,券商,5758.16,5785.73,5690.04,5711.73,-35.67,-0.62,106193.0,1225441.0,29.36,1.49,94802063.0,218876767.3601
801193.SI,20190830,券商,5776.25,5825.8,5653.93,5689.51,-22.22,-0.39,124957.0,1452464.0,29.25,1.48,94433257.0,217880618.747005
801193.SI,20190902,券商,5693.9,5859.04,5678.63,5816.02,126.51,2.22,173427.0,2027896.0,29.07,1.51,96533029.0,223148777.68266
801193.SI,20190903,券商,5812.32,5865.65,5768.57,5828.0,11.98,0.21,148013.0,1717676.0,29.13,1.52,96731870.0,223752209.525131
801193.SI,20190904,券商,5809.43,5980.89,5790.85,5932.18,104.19,1.79,237574.0,2780550.0,29.66,1.55,98486014.0,228006589.751033
801193.SI,20190905,券商,6042.55,6329.24,6026.93,6100.53,168.35,2.84,446549.0,5268047.0,30.5,1.59,101280945.0,234928918.835192
801193.SI,20190906,券商,6183.59,6224.41,6078.2,6161.48,60.95,1.0,241443.0,2909990.0,30.8,1.61,102292807.0,237551664.521564
801193.SI,20190909,券商,6283.11,6349.93,6189.05,6243.76,82.28,1.34,286410.0,3443804.0,31.22,1.63,103658758.0,241180443.459967
801193.SI,20190910,券商,6238.69,6329.25,6129.64,6261.96,18.21,0.29,277787.0,3395789.0,31.31,1.63,103961006.0,243301664.993003
801193.SI,20190911,券商,6339.04,6438.64,6245.88,6310.99,49.03,0.78,310769.0,3848306.0,31.55,1.64,104786387.0,244305881.81599
801193.SI,20190912,券商,6332.59,6426.65,6254.04,6400.92,89.93,1.43,248148.0,3068730.0,32.0,1.67,106279644.0,247272548.231511
801193.SI,20190916,券商,6420.31,6445.71,6254.14,6304.45,-96.47,-1.51,221237.0,2716079.0,31.52,1.64,104677858.0,243292976.194886
801193.SI,20190917,券商,6271.96,6301.68,6085.3,6123.97,-180.48,-2.86,229439.0,2846778.0,30.62,1.6,101681159.0,236693051.108319
801193.SI,20190918,券商,6139.76,6169.47,6058.23,6083.99,-39.98,-0.65,141596.0,1734920.0,30.42,1.59,101017301.0,234778423.154656
801193.SI,20190919,券商,6113.74,6153.47,6048.58,6134.6,50.61,0.83,143522.0,1690561.0,30.67,1.6,101857634.0,237036539.11924
801193.SI,20190920,券商,6129.98,6151.23,6025.63,6095.57,-39.03,-0.64,155162.0,1878063.0,30.48,1.59,101209575.0,236005771.694791
801193.SI,20190923,券商,6057.78,6079.88,5940.12,6006.37,-89.2,-1.46,144370.0,1713493.0,30.03,1.57,99728484.0,232442559.361853
801193.SI,20190924,券商,6026.88,6108.24,5978.46,6011.59,5.22,0.09,144364.0,1759261.0,30.07,1.57,99859461.0,232165828.539627
801193.SI,20190925,券商,5968.23,6051.44,5932.68,5968.29,-43.3,-0.72,129257.0,1522985.0,29.85,1.56,99140278.0,230333816.526336
801193.SI,20190926,券商,5995.21,6043.18,5859.05,5891.54,-76.75,-1.29,166236.0,1907503.0,29.46,1.54,97876443.0,226199245.91057
801193.SI,20190927,券商,5889.98,5959.51,5868.84,5932.07,40.53,0.69,101953.0,1158626.0,29.67,1.55,98549776.0,227459086.104977
801193.SI,20190930,券商,5927.85,5947.12,5785.66,5793.38,-138.69,-2.34,98990.0,1138267.0,28.97,1.51,96245666.0,222262062.150941
801193.SI,20191008,券商,5794.67,5839.76,5728.83,5755.01,-38.37,-0.66,91896.0,1092994.0,28.78,1.5,95608281.0,221314927.035083
801193.SI,20191009,券商,5718.56,5784.79,5672.17,5768.43,13.42,0.23,84831.0,1037901.0,28.85,1.5,95831163.0,222694910.160832
801193.SI,20191010,券商,5769.81,5837.7,5744.27,5810.68,42.25,0.73,93608.0,1143221.0,29.06,1.51,96533080.0,224356145.709304
801193.SI,20191011,券商,5825.95,5977.75,5762.31,5921.15,110.47,1.9,168072.0,2087501.0,29.61,1.54,98368366.0,228681254.831154
801193.SI,20191014,券商,6015.5,6105.89,5955.46,6003.49,82.34,1.39,214614.0,2533188.0,30.02,1.56,99789959.0,231698852.132806
801193.SI,20191015,券商,5993.45,6015.81,5905.54,5922.68,-80.81,-1.35,132587.0,1501229.0,29.61,1.54,98446719.0,228561922.495129
801193.SI,20191016,券商,5947.44,6019.13,5875.71,5892.57,-30.11,-0.51,126373.0,1453535.0,29.46,1.54,97976536.0,226702455.718659
801193.SI,20191017,券商,5885.72,5936.01,5836.18,5865.0,-27.57,-0.47,91905.0,1025038.0,29.32,1.53,97518182.0,225678062.250568
801193.SI,20191018,券商,5882.44,5904.57,5726.21,5735.36,-129.64,-2.21,116482.0,1342828.0,28.67,1.5,95362632.0,220319033.736978
801193.SI,20191021,券商,5675.01,5711.25,5579.43,5662.8,-72.56,-1.27,122172.0,1525569.0,28.63,1.49,95444971.0,217101611.13894
801193.SI,20191022,券商,5665.0,5712.01,5620.3,5693.89,31.09,0.55,93257.0,1137912.0,28.8,1.5,96067161.0,217919110.588254
801193.SI,20191023,券商,5700.32,5728.73,5626.14,5650.25,-43.64,-0.77,91222.0,1031525.0,28.58,1.48,95353258.0,216128541.244229
801193.SI,20191024,券商,5658.33,5728.14,5619.23,5672.63,22.39,0.4,92175.0,1035957.0,28.7,1.49,95731080.0,217050014.377645
801193.SI,20191025,券商,5671.59,5761.42,5625.95,5738.88,66.25,1.17,123196.0,1369738.0,29.03,1.51,96849122.0,219848659.857976
801193.SI,20191028,券商,5744.48,5852.43,5711.77,5823.15,84.27,1.47,169431.0,1813468.0,29.46,1.53,98271182.0,223256466.446723
801193.SI,20191029,券商,5814.99,5822.93,5689.1,5695.31,-127.84,-2.2,122312.0,1336595.0,28.82,1.49,96126500.0,218009484.612005
801193.SI,20191030,券商,5706.23,5738.39,5624.42,5650.51,-44.79,-0.79,97198.0,980990.0,28.63,1.47,95714675.0,216086650.131763
801193.SI,20191031,券商,5667.84,5706.91,5604.48,5643.94,-6.57,-0.12,92366.0,1008212.0,28.6,1.45,95603348.0,215905688.491573
801193.SI,20191101,券商,5623.48,5748.7,5599.49,5723.2,79.26,1.4,118537.0,1292009.0,25.29,1.47,97129153.0,218654651.27388
801193.SI,20191104,券商,5728.78,5784.63,5698.35,5732.19,8.99,0.16,117845.0,1304946.0,25.33,1.48,97281680.0,219116134.423242
801193.SI,20191105,券商,5742.56,5872.52,5721.83,5808.97,76.78,1.34,200134.0,2240387.0,25.67,1.5,98584746.0,222157980.887796
801193.SI,20191106,券商,5807.16,5828.42,5717.3,5742.42,-66.55,-1.15,131363.0,1349694.0,25.37,1.48,97455281.0,219314626.071148
801193.SI,20191107,券商,5729.61,5811.65,5708.14,5772.45,30.03,0.52,107811.0,1198323.0,25.5,1.49,97964860.0,220033980.227959
801193.SI,20191108,券商,5829.4,5859.56,5685.03,5694.87,-77.58,-1.34,134871.0,1529686.0,25.16,1.47,96648258.0,217386394.651705
801193.SI,20191111,券商,5663.38,5699.62,5565.64,5586.62,-108.25,-1.9,134645.0,1370445.0,24.68,1.44,94811189.0,213373677.086195
801193.SI,20191112,券商,5585.05,5626.48,5540.53,5602.82,16.2,0.29,97679.0,1006476.0,24.76,1.44,95102267.0,214148913.328843
801193.SI,20191113,券商,5592.64,5611.88,5513.3,5543.3,-59.53,-1.06,89462.0,903208.0,24.49,1.43,94091859.0,211755015.000905
801193.SI,20191114,券商,5544.54,5599.54,5516.12,5550.61,7.31,0.13,90690.0,936827.0,24.53,1.43,94215939.0,212332241.729545
801193.SI,20191115,券商,5551.39,5587.21,5477.6,5492.55,-58.06,-1.05,99834.0,1011381.0,24.27,1.41,93230447.0,210128874.812035
801193.SI,20191118,券商,5491.34,5599.92,5468.49,5563.47,70.92,1.29,125241.0,1132349.0,24.58,1.43,94434428.0,212722661.950824
801193.SI,20191119,券商,5553.53,5617.26,5532.07,5611.9,48.43,0.87,109658.0,1106614.0,24.8,1.44,95256423.0,214751057.248761
801193.SI,20191120,券商,5601.72,5621.17,5506.8,5519.98,-91.92,-1.64,100177.0,1088340.0,24.39,1.42,93696238.0,211265199.821762
801193.SI,20191121,券商,5489.47,5554.74,5472.82,5521.61,1.63,0.03,77011.0,780210.0,24.4,1.42,93723852.0,211365426.436222
801193.SI,20191122,券商,5521.16,5587.68,5472.65,5503.15,-18.46,-0.33,113886.0,1194965.0,24.32,1.42,93410505.0,210922821.767184
801193.SI,20191125,券商,5505.97,5549.0,5460.36,5534.52,31.38,0.57,91363.0,982982.0,24.46,1.43,93943069.0,212231943.485716
801193.SI,20191126,券商,5541.76,5574.53,5483.21,5529.71,-4.82,-0.09,102902.0,1068615.0,24.43,1.42,93861309.0,211940700.357754
801193.SI,20191127,券商,5507.59,5528.33,5457.71,5485.42,-44.29,-0.8,69343.0,725847.0,24.25,1.41,93135441.0,210091992.055701
801193.SI,20191128,券商,5482.69,5516.32,5457.78,5482.09,-3.33,-0.06,60815.0,601464.0,24.25,1.41,93215725.0,209864369.388827
801193.SI,20191129,券商,5480.07,5552.47,5461.02,5504.14,22.05,0.4,89446.0,857074.0,24.35,1.42,93590655.0,210822450.28248
801193.SI,20191202,券商,5597.5,5639.63,5526.93,5546.75,42.61,0.77,122764.0,1309019.0,24.54,1.43,94336978.0,212339060.454315
801193.SI,20191203,券商,5511.24,5598.59,5493.43,5585.7,38.95,0.7,97568.0,1027865.0,24.72,1.44,94999406.0,214054823.417064
801193.SI,20191204,券商,5550.77,5589.02,5531.34,5570.67,-15.03,-0.27,78081.0,802331.0,24.65,1.44,94743772.0,213336710.836986
801193.SI,20191205,券商,5589.13,5684.0,5578.64,5661.33,90.66,1.63,157502.0,1715942.0,25.05,1.46,96285721.0,216533990.568689
801193.SI,20191206,券商,5661.82,5707.14,5625.05,5684.79,23.46,0.41,122063.0,1362500.0,25.16,1.47,96684765.0,217227110.745879
801193.SI,20191209,券商,5708.56,5726.47,5647.39,5674.8,-9.99,-0.18,105315.0,1138505.0,25.11,1.46,96514878.0,216763415.567792
801193.SI,20191210,券商,5664.96,5687.14,5614.23,5663.61,-11.19,-0.2,100477.0,1035503.0,25.06,1.46,96399100.0,216045777.027104
801193.SI,20191211,券商,5679.22,5746.58,5632.7,5675.9,12.29,0.22,151736.0,1469339.0,25.11,1.46,96608268.0,216606510.72641
801193.SI,20191212,券商,5672.49,5696.99,5623.28,5646.09,-29.81,-0.53,114121.0,1097208.0,24.98,1.46,96100900.0,215157657.062683
801193.SI,20191213,券商,5738.46,5929.19,5704.75,5868.67,222.57,3.94,374804.0,4017761.0,25.96,1.51,99889281.0,224911704.197376
801193.SI,20191216,券商,5882.07,6017.73,5816.79,5970.44,101.77,1.73,326423.0,3642772.0,26.42,1.54,101621496.0,230075496.492066
801193.SI,20191217,券商,5961.3,6339.23,5929.9,6136.47,166.04,2.78,520374.0,5710130.0,27.15,1.58,104447545.0,236414088.714722
801193.SI,20191218,券商,6120.57,6282.67,6092.49,6164.19,27.72,0.45,444508.0,4788639.0,27.27,1.59,104919366.0,238105690.134637
801193.SI,20191219,券商,6161.72,6199.58,6072.37,6132.76,-31.43,-0.51,298487.0,3211955.0,27.13,1.58,104384441.0,236824091.241789
801193.SI,20191220,券商,6149.58,6316.37,6108.18,6159.43,26.66,0.43,414254.0,4526430.0,27.25,1.59,104838299.0,238077980.640058
801193.SI,20191223,券商,6147.17,6255.62,5976.65,6002.86,-156.57,-2.54,349170.0,3770612.0,26.56,1.55,102173327.0,231075672.314376
801193.SI,20191224,券商,6027.36,6086.57,5959.48,6065.54,62.68,1.04,222096.0,2396277.0,26.84,1.56,103240184.0,234800673.417723
801193.SI,20191225,券商,6033.51,6158.17,5987.42,6072.66,7.12,0.12,262173.0,2804666.0,26.87,1.57,103370534.0,234919916.488336
801193.SI,20191226,券商,6078.76,6251.18,6046.16,6235.51,162.85,2.68,336626.0,3607708.0,27.59,1.61,106167532.0,242339363.066048
801193.SI,20191227,券商,6219.87,6338.89,6081.54,6099.64,-135.87,-2.18,423784.0,4859127.0,26.98,1.57,103854141.0,236419016.318753
801193.SI,20191230,券商,6057.18,6530.13,6023.34,6459.05,359.41,5.89,528071.0,6663570.0,28.66,1.67,110442907.0,249425140.768815
801193.SI,20191231,券商,6438.2,6523.31,6342.41,6432.83,-26.22,-0.41,369636.0,4504273.0,28.55,1.66,109994608.0,248814004.839954
801193.SI,20200102,券商,6560.62,6632.11,6429.4,6471.19,38.36,0.6,444197.0,5537649.0,28.72,1.67,110650536.0,251100486.650181
801193.SI,20200103,券商,6435.78,6543.69,6389.34,6458.57,-12.63,-0.2,304287.0,3602016.0,28.66,1.69,110434612.0,250184481.10585
801193.SI,20200106,券商,6378.53,6582.69,6349.46,6457.38,-1.19,-0.02,320661.0,3846639.0,28.66,1.69,110418908.0,249686652.09118
801193.SI,20200107,券商,6476.38,6554.82,6390.28,6506.06,48.69,0.75,286642.0,3471143.0,28.87,1.7,111251445.0,252110335.29715
801193.SI,20200108,券商,6426.69,6460.62,6268.78,6296.87,-209.19,-3.22,292737.0,3479515.0,27.95,1.64,107674299.0,243686126.002044
801193.SI,20200109,券商,6397.6,6462.1,6347.17,6394.77,97.9,1.55,212786.0,2518012.0,28.38,1.67,109348373.0,247252072.673619
801193.SI,20200110,券商,6497.59,6547.17,6351.86,6402.3,7.53,0.12,228679.0,2765129.0,28.42,1.67,109390664.0,247535628.836444
801193.SI,20200113,券商,6366.73,6496.3,6267.41,6490.32,88.01,1.37,237991.0,2887848.0,28.81,1.69,110894500.0,251434962.974108
801193.SI,20200114,券商,6497.07,6536.56,6397.48,6410.99,-79.33,-1.22,212329.0,2603676.0,28.42,1.67,109415416.0,248195065.719781
801193.SI,20200115,券商,6391.02,6455.32,6336.15,6377.72,-33.27,-0.52,161772.0,2007589.0,28.28,1.66,108892106.0,247129712.998663
801193.SI,20200116,券商,6383.29,6414.03,6312.33,6341.41,-36.31,-0.57,148934.0,1824070.0,28.12,1.65,108288666.0,246265894.141673
801193.SI,20200117,券商,6371.54,6475.3,6337.12,6369.87,28.46,0.45,192036.0,2374408.0,28.25,1.66,108778784.0,247503083.528398
801193.SI,20200120,券商,6359.85,6482.23,6319.28,6464.17,94.3,1.48,201968.0,2413464.0,28.66,1.69,110386276.0,251045288.840752
801193.SI,20200121,券商,6425.94,6479.88,6316.13,6340.05,-124.12,-1.92,221985.0,2738882.0,28.12,1.65,108285772.0,246713947.498392
801193.SI,20200122,券商,6298.7,6443.06,6184.57,6386.1,46.05,0.73,240505.0,3127008.0,28.32,1.67,109071203.0,250614673.026388
801193.SI,20200123,券商,6292.18,6351.66,6042.55,6111.94,-274.16,-4.29,273446.0,3428192.0,27.19,1.59,104694054.0,240860379.703081
801193.SI,20200203,券商,5501.42,5515.84,5501.42,5501.42,-610.52,-9.99,66969.0,818672.0,24.47,1.43,94328357.0,216795328.198487
801193.SI,20200204,券商,5224.41,5576.93,5219.02,5493.72,-7.7,-0.14,366164.0,3976869.0,24.44,1.43,94209519.0,216328852.437586
801193.SI,20200205,券商,5498.27,5736.98,5459.07,5573.0,79.28,1.44,268363.0,3001753.0,24.79,1.45,95569075.0,219053043.083219
801193.SI,20200206,券商,5568.91,5767.16,5515.31,5715.04,142.04,2.55,301136.0,3417016.0,25.42,1.49,98004912.0,225289738.903888
801193.SI,20200207,券商,5687.15,5779.48,5635.19,5733.27,18.23,0.32,265776.0,3051552.0,25.5,1.49,98317501.0,226025803.156465
801193.SI,20200210,券商,5681.4,5835.63,5661.81,5793.01,59.74,1.04,226099.0,2598855.0,25.77,1.51,99342621.0,228354031.316084
801193.SI,20200211,券商,5834.3,5931.75,5764.04,5781.67,-11.34,-0.2,216023.0,2565204.0,25.72,1.51,99148143.0,227705495.44131
801193.SI,20200212,券商,5753.16,5912.73,5732.32,5866.65,84.98,1.47,239560.0,2701283.0,26.09,1.53,100605481.0,231232277.885732
801193.SI,20200213,券商,5856.17,5906.24,5745.65,5769.73,-96.93,-1.65,216528.0,2433639.0,25.66,1.5,98943304.0,226994007.237399
801193.SI,20200214,券商,5752.8,5939.35,5738.2,5864.42,94.69,1.64,262277.0,2967378.0,26.08,1.53,100567160.0,230537001.813203
801193.SI,20200217,券商,6026.82,6200.13,5950.45,6161.0,296.59,5.06,403067.0,4720193.0,27.4,1.61,105653231.0,241714199.612564
801193.SI,20200218,券商,6144.58,6211.66,6061.39,6124.29,-36.71,-0.6,279937.0,3177592.0,27.24,1.6,105023635.0,240062068.14356
801193.SI,20200219,券商,6106.51,6291.55,6083.36,6138.99,14.7,0.24,356645.0,4049092.0,27.31,1.6,105275759.0,240138416.622263
801193.SI,20200220,券商,6155.93,6560.23,6122.31,6515.24,376.25,6.13,591807.0,6907322.0,28.98,1.7,111727986.0,255652441.950322
801193.SI,20200221,券商,6492.21,6710.7,6394.2,6490.19,-25.05,-0.38,598886.0,7086882.0,28.87,1.69,111298402.0,254704439.968106
801193.SI,20200224,券商,6436.43,6579.22,6384.71,6484.93,-5.26,-0.08,427784.0,5148704.0,28.84,1.69,111208214.0,255429744.086205
801193.SI,20200225,券商,6337.82,6564.14,6217.17,6525.96,41.02,0.63,610258.0,6418262.0,29.03,1.7,111911722.0,257005240.480939
801193.SI,20200226,券商,6411.44,6635.45,6345.44,6418.64,-107.32,-1.64,560888.0,5956685.0,28.55,1.67,110071397.0,252594069.598137
801193.SI,20200227,券商,6472.79,6587.13,6375.46,6417.79,-0.85,-0.01,384321.0,4295881.0,28.55,1.67,110056775.0,253054743.798015
801193.SI,20200228,券商,6211.92,6304.33,5977.64,6020.13,-397.66,-6.2,426501.0,4799030.0,26.78,1.57,103237382.0,236544439.703336
801193.SI,20200302,券商,6115.41,6397.54,6054.15,6314.76,294.63,4.89,393172.0,4364281.0,28.13,1.65,108289870.0,247852726.426004
801193.SI,20200303,券商,6435.89,6549.44,6302.53,6375.41,60.66,0.96,420743.0,4759928.0,28.4,1.66,109330101.0,250373261.419686
801193.SI,20200304,券商,6346.75,6561.21,6311.66,6553.59,178.18,2.79,454103.0,5414240.0,29.28,1.71,112715408.0,261978050.733423
801193.SI,20200305,券商,6643.88,6858.27,6498.0,6727.6,174.0,2.66,664932.0,8235497.0,30.06,1.76,115708080.0,270909646.654672
801193.SI,20200306,券商,6620.65,6695.14,6482.53,6502.9,-224.69,-3.34,450103.0,5527578.0,29.03,1.7,111843558.0,261350566.382327
801193.SI,20200309,券商,6367.76,6501.13,6242.88,6325.27,-177.63,-2.73,443725.0,5229882.0,28.24,1.65,108788427.0,255634514.105255
801193.SI,20200310,券商,6326.68,6573.01,6247.61,6527.29,202.02,3.19,494548.0,5757293.0,29.14,1.7,112263004.0,264708181.970131
801193.SI,20200311,券商,6507.82,6538.89,6329.62,6345.23,-182.06,-2.79,332315.0,4048155.0,28.33,1.66,109131726.0,257598705.866863
801193.SI,20200312,券商,6262.27,6374.72,6190.4,6268.5,-76.73,-1.21,287553.0,3453615.0,27.99,1.64,107812092.0,255247028.263433
801193.SI,20200313,券商,5959.54,6328.09,5904.01,6238.4,-30.1,-0.48,376203.0,4764195.0,27.93,1.63,107709563.0,256332856.990061
801193.SI,20200316,券商,6246.86,6276.02,5855.7,5879.54,-358.86,-5.75,347816.0,4286161.0,26.32,1.52,101513693.0,240238628.270357
801193.SI,20200317,券商,5970.78,6055.37,5742.67,5904.66,25.12,0.43,268351.0,3317924.0,26.43,1.52,101947351.0,240856873.068689
801193.SI,20200318,券商,5935.27,5996.77,5697.39,5720.94,-183.72,-3.11,263394.0,3182998.0,25.61,1.48,98775317.0,232871371.750536
801193.SI,20200319,券商,5712.84,5858.93,5575.44,5778.64,57.7,1.01,311496.0,3659342.0,26.16,1.51,99626612.0,235737494.402835
801193.SI,20200320,券商,5816.18,5864.97,5700.67,5823.41,44.77,0.77,207676.0,2408655.0,26.56,1.53,100399522.0,237486873.401699
801193.SI,20200323,券商,5625.25,5742.34,5556.64,5598.42,-224.99,-3.86,199593.0,2233203.0,25.49,1.47,96316793.0,227566982.82527
801193.SI,20200324,券商,5709.17,5750.56,5564.7,5709.86,111.44,1.99,211574.0,2420442.0,26.0,1.5,98247093.0,232260867.261705
801193.SI,20200325,券商,5831.42,5870.54,5756.4,5809.3,99.44,1.74,216791.0,2510234.0,26.19,1.51,99955143.0,236648041.105022
801193.SI,20200326,券商,5756.94,5809.22,5706.74,5720.81,-88.5,-1.52,140087.0,1601445.0,25.79,1.49,98430258.0,232872362.30557
801193.SI,20200327,券商,5787.49,5877.52,5722.2,5747.59,26.78,0.47,177045.0,2090271.0,25.69,1.49,98895952.0,234168676.900023
801193.SI,20200330,券商,5670.9,5735.04,5605.49,5688.13,-59.46,-1.03,157205.0,1790789.0,24.87,1.48,97888386.0,232075105.270033
801193.SI,20200331,券商,5752.93,5781.02,5650.92,5664.51,-23.62,-0.42,144044.0,1659087.0,24.2,1.48,98266215.0,231584381.047476
801193.SI,20200401,券商,5645.86,5765.14,5611.42,5642.71,-21.8,-0.38,154865.0,1791132.0,24.11,1.47,97886449.0,230317257.182881
801193.SI,20200402,券商,5615.3,5749.9,5600.29,5747.54,104.83,1.86,166432.0,1922579.0,24.53,1.51,100118887.0,235716347.234035
801193.SI,20200403,券商,5718.15,5740.47,5633.37,5659.3,-88.24,-1.54,144195.0,1622538.0,24.16,1.49,98605066.0,231875533.456928
801193.SI,20200407,券商,5764.22,5830.62,5713.7,5797.23,137.93,2.44,253221.0,2827682.0,24.96,1.53,98822263.0,237681387.400825
801193.SI,20200408,券商,5752.27,5815.82,5727.73,5774.9,-22.34,-0.39,182999.0,1943622.0,24.86,1.53,98441510.0,236327112.620102
801193.SI,20200409,券商,5826.1,5916.28,5792.34,5813.5,38.6,0.67,225066.0,2471919.0,25.02,1.54,99185210.0,238017751.552098
801193.SI,20200410,券商,5816.76,5845.88,5703.96,5723.85,-89.65,-1.54,179033.0,1966067.0,24.6,1.51,97655667.0,234064139.020702
801193.SI,20200413,券商,5685.43,5726.25,5626.92,5667.65,-56.19,-0.98,125895.0,1336072.0,24.36,1.5,96696931.0,231423150.696442
801193.SI,20200414,券商,5693.7,5892.16,5663.68,5821.85,154.2,2.72,211966.0,2504599.0,25.02,1.54,99327806.0,238553933.817096
801193.SI,20200415,券商,5780.13,5876.66,5732.17,5753.97,-67.89,-1.17,174360.0,2157331.0,24.73,1.52,98169553.0,235854558.664871
801193.SI,20200416,券商,5717.98,5890.97,5705.58,5820.19,66.23,1.15,185158.0,2461210.0,25.01,1.54,99299477.0,239472917.181548
801193.SI,20200417,券商,5853.73,5885.01,5777.56,5792.78,-27.41,-0.47,181003.0,2244829.0,24.9,1.53,98831836.0,237924353.823729
801193.SI,20200420,券商,5811.69,5842.1,5769.82,5816.25,23.46,0.41,122045.0,1458980.0,24.99,1.54,99232122.0,239125633.798241
801193.SI,20200421,券商,5779.23,5796.08,5672.93,5716.08,-100.16,-1.72,152159.0,1722116.0,24.55,1.51,97523256.0,234901578.319083
801193.SI,20200422,券商,5677.23,5748.57,5654.48,5733.03,16.95,0.3,123038.0,1395653.0,24.61,1.51,97812389.0,235751092.151654
801193.SI,20200423,券商,5734.86,5753.19,5666.83,5678.02,-55.01,-0.96,107229.0,1236213.0,24.4,1.5,96873836.0,233096035.720412
801193.SI,20200424,券商,5665.33,5700.06,5548.54,5578.54,-99.48,-1.75,139575.0,1575054.0,23.97,1.47,95176633.0,228540089.146326
801193.SI,20200427,券商,5584.82,5644.96,5545.16,5563.1,-15.44,-0.28,106656.0,1261461.0,23.62,1.47,94913170.0,227701812.058047
801193.SI,20200428,券商,5628.5,5687.53,5506.91,5623.73,60.63,1.09,165412.0,1933494.0,23.88,1.48,95947529.0,230369868.954227
801193.SI,20200429,券商,5585.88,5676.49,5570.77,5632.56,8.84,0.16,103404.0,1191644.0,23.7,1.44,96098286.0,230441221.690783
801193.SI,20200430,券商,5667.47,5788.35,5654.3,5754.59,122.03,2.17,184532.0,2128926.0,23.82,1.45,98180206.0,236116057.122862
801193.SI,20200506,券商,5647.44,5778.95,5625.16,5768.71,14.12,0.25,172092.0,1982998.0,26.18,1.45,98399186.0,237287428.159098
801193.SI,20200507,券商,5758.31,5818.92,5712.56,5734.23,-34.48,-0.6,159643.0,1914109.0,26.03,1.44,97811048.0,236247459.448815
801193.SI,20200508,券商,5786.8,5924.38,5743.6,5851.1,116.87,2.04,256711.0,2946768.0,26.56,1.47,99804560.0,241012531.240533
801193.SI,20200511,券商,5861.35,5901.42,5772.66,5809.17,-41.93,-0.72,187451.0,2030721.0,26.37,1.46,99089351.0,239664531.252828
801193.SI,20200512,券商,5834.11,5860.07,5741.83,5790.5,-18.68,-0.32,136132.0,1557236.0,26.28,1.45,98772555.0,239313055.496379
801193.SI,20200513,券商,5759.67,5831.29,5738.71,5803.26,12.76,0.22,123003.0,1432382.0,26.34,1.46,98990266.0,239880035.699864
801193.SI,20200514,券商,5769.44,5792.82,5709.52,5726.59,-76.66,-1.32,118596.0,1372624.0,25.99,1.44,97682547.0,236579045.330767
801193.SI,20200515,券商,5763.01,5793.75,5720.2,5733.82,7.23,0.13,121703.0,1435728.0,26.05,1.44,97909425.0,237095859.075694
801193.SI,20200518,券商,5723.65,5769.45,5669.79,5694.43,-39.39,-0.69,133841.0,1601183.0,25.82,1.43,96960340.0,235554008.070984
801193.SI,20200519,券商,5752.58,5776.77,5701.16,5726.29,31.86,0.56,114530.0,1344777.0,25.97,1.44,97502793.0,237154003.690432
801193.SI,20200520,券商,5713.06,5759.79,5675.08,5701.47,-24.82,-0.43,130466.0,1498097.0,25.86,1.43,97080136.0,236015243.100366
801193.SI,20200521,券商,5716.14,5740.21,5635.08,5649.91,-51.56,-0.9,118075.0,1315631.0,25.62,1.42,96202297.0,233282318.333466
801193.SI,20200522,券商,5641.09,5671.44,5497.69,5507.55,-142.36,-2.52,161114.0,1756925.0,24.98,1.38,93778312.0,227094513.207282
801193.SI,20200525,券商,5504.65,5547.48,5449.17,5484.78,-22.77,-0.41,106344.0,1087622.0,24.93,1.38,93305015.0,226164854.191513
801193.SI,20200526,券商,5509.13,5561.57,5493.83,5547.5,62.72,1.14,96764.0,1068665.0,25.21,1.39,94372018.0,229097960.880269
801193.SI,20200527,券商,5542.8,5556.35,5465.44,5483.38,-64.12,-1.16,88272.0,949550.0,24.92,1.37,93281242.0,226245903.063489
801193.SI,20200528,券商,5496.81,5637.87,5483.14,5561.39,78.01,1.42,165721.0,1796162.0,25.27,1.39,94608319.0,229688306.005571
801193.SI,20200529,券商,5523.27,5564.28,5493.16,5519.48,-41.9,-0.75,102732.0,1112740.0,25.08,1.38,93895466.0,227674322.019726
801193.SI,20200601,券商,5661.23,5794.35,5621.96,5751.33,231.85,4.2,284404.0,3124006.0,26.14,1.44,97839591.0,238156972.187115
801193.SI,20200602,券商,5738.91,5800.57,5702.78,5737.95,-13.39,-0.23,204273.0,2324549.0,26.08,1.44,97611860.0,237619162.928671
801193.SI,20200603,券商,5768.04,5798.87,5666.7,5676.47,-61.48,-1.07,179821.0,2101306.0,25.8,1.42,96565965.0,235007215.983077
801193.SI,20200604,券商,5709.9,5732.1,5638.5,5654.66,-21.81,-0.38,135678.0,1478979.0,25.7,1.42,96194940.0,234029433.402605
801193.SI,20200605,券商,5667.75,5731.89,5621.96,5713.52,58.87,1.04,177385.0,1997728.0,25.96,1.43,97196346.0,237056605.999798
801193.SI,20200608,券商,5736.3,5758.1,5667.64,5686.06,-27.47,-0.48,142051.0,1646680.0,25.84,1.43,96729108.0,235324259.168357
801193.SI,20200609,券商,5688.38,5786.04,5671.8,5736.65,50.6,0.89,158710.0,1908369.0,26.07,1.44,97589865.0,237270925.084106
801193.SI,20200610,券商,5724.79,5738.16,5656.86,5683.49,-53.16,-0.93,119863.0,1357517.0,25.84,1.43,97332627.0,242101694.642052
801193.SI,20200611,券商,5684.61,5762.5,5634.99,5650.97,-32.52,-0.57,164216.0,1876133.0,25.7,1.42,96775658.0,241236557.348366
801193.SI,20200612,券商,5564.97,5672.86,5540.22,5625.99,-24.98,-0.44,179654.0,1958042.0,25.58,1.41,96347809.0,240635759.155423
801193.SI,20200615,券商,5647.6,5754.31,5606.98,5618.63,-7.36,-0.13,193354.0,2152584.0,25.55,1.41,96221782.0,240655005.507369
801193.SI,20200616,券商,5671.2,5714.18,5636.95,5682.67,64.04,1.14,185824.0,2194885.0,25.84,1.43,97318536.0,243877374.283185
801193.SI,20200617,券商,5679.89,5694.92,5616.64,5662.39,-20.28,-0.36,147404.0,1673971.0,25.75,1.42,96971301.0,242960594.965257
801193.SI,20200618,券商,5657.0,5767.23,5629.28,5712.76,50.37,0.89,205790.0,2279396.0,25.98,1.43,97833890.0,244723911.793435
801193.SI,20200619,券商,5713.8,5948.24,5689.17,5892.75,179.98,3.15,414302.0,4928376.0,26.79,1.48,100875041.0,253847371.519908
801193.SI,20200622,券商,5893.73,6245.4,5863.37,6027.13,134.39,2.28,519164.0,6138567.0,27.41,1.51,103175570.0,259710321.538427
801193.SI,20200623,券商,6002.72,6107.16,5941.33,6072.8,45.67,0.76,324541.0,3754356.0,27.61,1.53,103957324.0,261829505.268833
801193.SI,20200624,券商,6095.01,6205.92,6013.4,6070.18,-2.62,-0.04,261046.0,3168118.0,27.6,1.52,103912426.0,260772832.622519
801193.SI,20200629,券商,6003.02,6053.88,5829.64,5879.99,-190.19,-3.13,316149.0,3679891.0,26.72,1.48,100616833.0,252525865.476747
801193.SI,20200630,券商,5908.11,6136.61,5860.1,6049.74,169.75,2.89,317424.0,3635981.0,27.5,1.52,103523028.0,260125164.051049
801193.SI,20200701,券商,6033.39,6205.61,5980.53,6179.93,130.19,2.15,337697.0,3921475.0,28.09,1.55,105754334.0,264860092.489999
801193.SI,20200702,券商,6156.9,6667.94,6134.6,6613.29,433.36,7.01,743619.0,8745393.0,30.06,1.66,113161684.0,284323056.951187
801193.SI,20200703,券商,6765.4,7201.61,6644.27,7152.28,538.99,8.15,1018512.0,12672819.0,32.5,1.79,122378412.0,308019399.008878
801193.SI,20200706,券商,7438.08,7860.95,7330.94,7847.26,694.98,9.72,1018063.0,13465761.0,35.67,1.97,134283204.0,337825813.260298
801193.SI,20200707,券商,8018.54,8100.93,7515.99,7699.98,-147.28,-1.88,1110144.0,15247386.0,34.99,1.93,131743089.0,332023085.475601
801193.SI,20200708,券商,7678.99,8393.39,7657.17,8198.13,498.15,6.47,1100720.0,15301309.0,37.26,2.06,140272176.0,353672294.384886
801193.SI,20200709,券商,8086.93,8442.53,7917.1,8216.51,18.39,0.22,1041773.0,14831205.0,37.34,2.06,140599047.0,354346390.020938
801193.SI,20200710,券商,8089.62,8354.53,7915.9,8042.28,-174.23,-2.12,903757.0,12992341.0,36.75,2.03,138365037.0,352964999.270839
801193.SI,20200713,券商,8017.67,8410.5,7852.64,8164.01,121.73,1.51,933791.0,13716015.0,37.31,2.06,140459399.0,358800965.745853
801193.SI,20200714,券商,8063.86,8267.26,7893.29,8131.93,-32.08,-0.39,765551.0,11324191.0,37.16,2.05,139907408.0,359154366.327975
801193.SI,20200715,券商,8227.94,8358.6,7839.93,7900.65,-231.28,-2.84,747606.0,11434718.0,36.1,1.99,135928337.0,349348810.046898
801193.SI,20200716,券商,7861.74,8107.44,7404.34,7481.01,-419.64,-5.31,863727.0,11093707.0,34.2,1.89,128816223.0,329075710.897079
801193.SI,20200717,券商,7546.48,7612.66,7112.87,7246.05,-234.96,-3.14,689257.0,8274170.0,33.13,1.83,124770360.0,319058722.626544
801193.SI,20200720,券商,7375.0,7748.63,7292.13,7632.41,386.36,5.33,680354.0,8702878.0,34.84,1.93,132054057.0,332552491.012687
801193.SI,20200721,券商,7627.15,7722.3,7413.7,7503.35,-129.06,-1.69,552846.0,6664795.0,34.26,1.9,129854891.0,326016226.788843
801193.SI,20200722,券商,7519.35,7866.29,7456.29,7567.5,64.15,0.85,701413.0,8952339.0,34.65,1.92,131236209.0,329110333.750191
801193.SI,20200723,券商,7435.46,7674.43,7306.07,7585.11,17.6,0.23,595764.0,7745619.0,34.74,1.92,131558867.0,329697154.719749
801193.SI,20200724,券商,7507.44,7575.34,7009.29,7075.33,-509.78,-6.72,667848.0,9252996.0,34.75,1.96,137283736.0,329071680.948204
801193.SI,20200727,券商,7101.71,7186.14,6906.92,7078.45,3.12,0.04,394749.0,5332430.0,34.77,1.96,137347592.0,329745904.004767
801193.SI,20200728,券商,7161.01,7202.99,6978.4,7076.98,-1.47,-0.02,321677.0,4509892.0,34.76,1.96,137311052.0,330458917.66273
801193.SI,20200729,券商,7048.39,7433.11,7010.86,7388.08,311.11,4.4,529357.0,7688230.0,36.29,2.05,143337478.0,344981067.673112
801193.SI,20200730,券商,7393.89,7458.9,7248.23,7301.84,-86.25,-1.17,443697.0,6460011.0,35.91,2.03,141366585.0,339895152.587183
801193.SI,20200731,券商,7290.92,7579.74,7260.62,7425.78,123.94,1.7,538248.0,7520402.0,36.77,2.08,144965085.0,349194309.710973
801193.SI,20200803,券商,7567.52,7675.66,7396.48,7599.32,173.54,2.34,584703.0,8542176.0,37.63,2.12,148352910.0,357889579.601056
801193.SI,20200804,券商,7604.29,7721.46,7465.27,7544.19,-55.13,-0.73,510096.0,7216865.0,37.32,2.11,147543978.0,354981228.535744
801193.SI,20200805,券商,7499.26,7590.75,7378.09,7501.32,-42.88,-0.57,367090.0,5419160.0,37.11,2.1,146705420.0,352723756.676015
801193.SI,20200806,券商,7513.89,7892.9,7346.05,7777.4,276.08,3.68,552497.0,8494256.0,38.48,2.17,152105155.0,366191656.868475
801193.SI,20200807,券商,7579.11,7814.75,7333.0,7530.3,-247.1,-3.18,579094.0,9197541.0,37.36,2.11,147687369.0,359831161.005164
801193.SI,20200810,券商,7418.55,7801.61,7359.32,7624.61,94.3,1.25,474883.0,8127615.0,37.83,2.13,149536895.0,365766928.403193
801193.SI,20200811,券商,7601.75,7731.09,7311.97,7342.51,-282.1,-3.7,420927.0,6989586.0,36.43,2.05,144004319.0,352043515.713014
801193.SI,20200812,券商,7297.92,7429.13,7131.51,7304.93,-37.58,-0.51,355654.0,5701167.0,36.24,2.04,143166641.0,350771511.476304
801193.SI,20200813,券商,7339.41,7478.52,7246.93,7345.96,41.04,0.56,325286.0,4810345.0,37.07,2.09,143115970.0,352165053.526681
801193.SI,20200814,券商,7291.11,7475.41,7256.76,7448.95,102.98,1.4,300665.0,4378284.0,37.77,2.13,144325269.0,358379979.237997
801193.SI,20200817,券商,7596.97,8020.15,7548.73,7813.7,364.75,4.9,736451.0,11059275.0,39.62,2.25,151392467.0,376937425.937222
801193.SI,20200818,券商,7797.59,7930.03,7700.04,7784.28,-29.43,-0.38,477300.0,7236086.0,39.47,2.24,150822342.0,375494663.937659
801193.SI,20200819,券商,7757.36,7878.35,7599.61,7639.2,-145.08,-1.86,464350.0,6733053.0,38.73,2.2,148011400.0,369411295.80276
801193.SI,20200820,券商,7556.98,7649.95,7440.78,7497.35,-141.85,-1.86,365217.0,4967544.0,38.08,2.16,145263106.0,361324692.295042
801193.SI,20200821,券商,7546.3,7680.08,7470.7,7602.62,105.27,1.4,396659.0,5075107.0,38.61,2.2,147302756.0,365684393.877116
801193.SI,20200824,券商,7625.08,7670.3,7480.62,7543.46,-59.16,-0.78,315695.0,4155152.0,38.31,2.19,146156507.0,362909492.654198
801193.SI,20200825,券商,7560.97,7712.47,7465.07,7510.6,-32.87,-0.44,331134.0,4901657.0,38.13,2.16,145562829.0,360179444.709626
801193.SI,20200826,券商,7478.86,7561.61,7283.89,7310.46,-200.14,-2.66,357695.0,5346820.0,37.11,2.1,141683959.0,350547568.269478
801193.SI,20200827,券商,7320.23,7418.63,7233.59,7347.98,37.52,0.51,255162.0,3705195.0,37.3,2.11,142411224.0,352365081.09858
801193.SI,20200828,券商,7327.68,7601.04,7281.99,7562.91,214.92,2.92,352908.0,5464554.0,38.39,2.17,146576600.0,362729960.388589
801193.SI,20200831,券商,7614.71,7803.49,7497.37,7516.16,-46.75,-0.62,465336.0,6968044.0,38.15,2.15,145670569.0,359549469.398193
801193.SI,20200901,券商,7489.88,7600.92,7442.44,7569.37,53.22,0.71,262485.0,3769285.0,30.59,2.17,147494868.0,361942125.36365
801193.SI,20200902,券商,7586.91,7671.1,7445.03,7567.78,-1.59,-0.02,320748.0,5029895.0,30.59,2.17,147463880.0,361863580.660111
801193.SI,20200903,券商,7554.64,7691.58,7457.62,7509.42,-58.37,-0.77,296649.0,4744245.0,30.35,2.15,146326527.0,359602767.928938
801193.SI,20200904,券商,7357.64,7481.88,7326.97,7427.41,-82.01,-1.09,227168.0,3456092.0,30.02,2.13,144728535.0,355596918.650962
801193.SI,20200907,券商,7400.88,7462.08,7149.23,7172.81,-254.59,-3.43,300077.0,4585845.0,28.99,2.06,139767565.0,344196193.9736
801193.SI,20200908,券商,7196.33,7396.52,7121.76,7324.22,151.4,2.11,285928.0,4290969.0,29.6,2.1,142734626.0,351172060.419165
801193.SI,20200909,券商,7210.48,7318.96,7104.46,7157.39,-166.82,-2.28,287904.0,3938058.0,28.93,2.05,139483571.0,342892192.457274
801193.SI,20200910,券商,7223.58,7272.68,6986.74,7009.17,-148.22,-2.07,268158.0,3679563.0,28.33,2.01,136594987.0,335992071.198935
801193.SI,20200911,券商,6977.75,7074.96,6913.93,7026.13,16.96,0.24,195223.0,2704718.0,28.4,2.01,136925436.0,337019449.079339
801193.SI,20200914,券商,7050.8,7096.73,6967.19,7039.32,13.19,0.19,164511.0,2295916.0,28.45,2.02,137182573.0,337810970.125378
801193.SI,20200915,券商,7033.13,7095.47,6983.74,7052.15,12.82,0.18,141969.0,2075818.0,28.5,2.02,137432507.0,338325173.240339
801193.SI,20200916,券商,7046.38,7145.81,6981.15,7026.05,-26.1,-0.37,177964.0,2574440.0,28.4,2.01,136923892.0,337091663.961124
801193.SI,20200917,券商,6990.79,7062.31,6877.02,6964.8,-61.25,-0.87,192854.0,2827146.0,28.15,2.0,135730218.0,334174881.774399
801193.SI,20200918,券商,6957.69,7386.22,6932.39,7326.81,362.02,5.2,435198.0,6421472.0,29.61,2.1,142785184.0,352196581.003577
801193.SI,20200921,券商,7505.55,7585.99,7266.45,7304.5,-22.31,-0.3,410277.0,5892392.0,29.52,2.09,142350456.0,351048551.953299
801193.SI,20200922,券商,7211.93,7544.38,7183.24,7313.03,8.53,0.12,470066.0,5734500.0,29.56,2.1,142516719.0,351357122.679425
801193.SI,20200923,券商,7298.82,7371.79,7189.58,7243.83,-69.2,-0.95,287573.0,3564711.0,29.28,2.08,141168068.0,347662696.870349
801193.SI,20200924,券商,7186.65,7313.22,7118.81,7161.52,-82.31,-1.14,266965.0,3277747.0,28.94,2.05,139540141.0,343710144.691139
801193.SI,20200925,券商,7174.74,7358.02,7123.61,7279.43,117.91,1.65,315055.0,3990154.0,29.42,2.09,141870824.0,349572616.334121
801193.SI,20200928,券商,7218.46,7336.25,7181.27,7261.8,-17.63,-0.24,210026.0,2607896.0,29.56,2.1,142559480.0,348962001.781072
801193.SI,20200929,券商,7275.56,7377.65,7231.56,7280.01,18.21,0.25,214573.0,2902014.0,29.64,2.1,142916996.0,349773239.555342
801193.SI,20200930,券商,7285.2,7339.46,7117.18,7194.63,-85.38,-1.17,220439.0,2829170.0,29.29,2.08,141240893.0,345488672.718535
801193.SI,20201009,券商,7283.69,7358.34,7213.74,7304.92,110.29,1.53,214342.0,3020991.0,29.74,2.11,143413689.0,350404549.482312
801193.SI,20201012,券商,7343.68,7625.26,7315.31,7583.97,279.05,3.82,418646.0,5744718.0,30.88,2.19,148892134.0,363575493.950308
801193.SI,20201013,券商,7495.17,7541.55,7398.55,7481.74,-102.23,-1.35,342646.0,4621342.0,30.46,2.16,146885025.0,357592487.206842
801193.SI,20201014,券商,7465.64,7501.47,7350.55,7390.82,-90.92,-1.22,222184.0,3002302.0,30.04,2.13,144861419.0,352822703.522901
801193.SI,20201015,券商,7403.82,7517.59,7350.99,7375.19,-15.63,-0.21,217889.0,2877511.0,29.98,2.13,144562309.0,352207827.939279
801193.SI,20201016,券商,7383.32,7464.09,7345.93,7404.56,29.37,0.4,190443.0,2690210.0,30.1,2.14,145137923.0,353549435.399393
801193.SI,20201019,券商,7482.08,7548.21,7308.76,7321.55,-83.01,-1.12,243697.0,3480671.0,29.77,2.11,143623673.0,349438540.441609
801193.SI,20201020,券商,7291.66,7364.58,7208.11,7336.92,15.37,0.21,175929.0,2729414.0,29.84,2.12,143925273.0,349268023.241115
801193.SI,20201021,券商,7325.75,7364.83,7235.77,7289.01,-47.91,-0.65,144308.0,2193903.0,29.64,2.1,142985395.0,346734245.101522
801193.SI,20201022,券商,7264.84,7414.88,7217.14,7334.74,45.73,0.63,209934.0,2926333.0,29.79,2.1,143724399.0,348780709.739732
801193.SI,20201023,券商,7320.49,7392.59,7194.62,7203.01,-131.73,-1.8,187632.0,2695377.0,29.26,2.06,141142946.0,341718001.80812
801193.SI,20201026,券商,7149.09,7171.54,6898.33,6962.51,-240.5,-3.34,243086.0,3535011.0,28.29,1.99,136300399.0,329481563.650164
801193.SI,20201027,券商,6935.74,7009.58,6880.62,6966.18,3.66,0.05,145756.0,2097537.0,28.3,1.99,136373140.0,330168037.409672
801193.SI,20201028,券商,6953.9,7049.9,6900.98,7005.72,39.55,0.57,152765.0,2157545.0,28.46,1.99,137150264.0,331834857.269431
801193.SI,20201029,券商,6919.05,7141.97,6888.83,7063.3,57.58,0.82,200957.0,2835882.0,28.7,1.98,138278845.0,334212763.602823
801193.SI,20201030,券商,7034.77,7104.18,6805.8,6820.18,-243.13,-3.44,233768.0,3023740.0,27.79,1.85,133974281.0,323648823.696285
801193.SI,20201102,券商,6819.84,6977.97,6666.12,6776.75,-43.43,-0.64,232335.0,3216384.0,24.11,1.82,133134430.0,321393306.370674
801193.SI,20201103,券商,6797.18,7040.51,6771.67,6960.12,183.37,2.71,249909.0,3338856.0,24.76,1.87,136736900.0,330083219.417561
801193.SI,20201104,券商,6948.84,6994.77,6843.79,6918.77,-41.35,-0.59,171327.0,2265778.0,24.61,1.86,135782962.0,328166402.835202
801193.SI,20201105,券商,7031.26,7109.31,6954.69,7028.32,109.54,1.58,225199.0,3214822.0,25.0,1.89,137932739.0,332878698.200631
801193.SI,20201106,券商,7033.61,7149.47,6967.43,7063.7,35.38,0.5,272254.0,3876868.0,25.12,1.9,138627163.0,334154659.083579
801193.SI,20201109,券商,7128.67,7460.06,7069.21,7349.94,286.24,4.05,459657.0,6960684.0,26.24,1.98,145896818.0,375465629.099412
801193.SI,20201110,券商,7378.33,7423.06,7191.87,7231.54,-118.41,-1.61,320190.0,5256345.0,25.84,1.95,143760945.0,370785703.24574
801193.SI,20201111,券商,7206.51,7262.32,7051.34,7074.83,-156.71,-2.17,234160.0,3909570.0,25.28,1.91,140645621.0,363419020.97972
801193.SI,20201112,券商,7084.51,7143.78,6992.92,7034.41,-40.41,-0.57,166952.0,2604808.0,25.14,1.9,139842187.0,360074974.522419
801193.SI,20201113,券商,6996.66,7033.68,6894.95,6960.76,-73.65,-1.05,169084.0,2726720.0,24.89,1.88,138209076.0,357505227.123068
801193.SI,20201116,券商,7016.32,7061.54,6924.74,7019.56,58.8,0.84,168647.0,2636374.0,25.12,1.9,139344155.0,361524721.748929
801193.SI,20201117,券商,7010.45,7050.25,6907.54,7026.76,7.2,0.1,172917.0,2758147.0,25.14,1.9,139540454.0,360868165.898258
801193.SI,20201118,券商,7030.09,7169.71,7006.61,7062.81,36.05,0.51,223401.0,3477305.0,25.27,1.91,140256345.0,363262640.821623
801193.SI,20201119,券商,6995.87,7126.79,6899.31,7079.57,16.77,0.24,229058.0,3469763.0,25.33,1.92,140589307.0,363066397.875546
801193.SI,20201120,券商,7059.52,7125.0,7015.7,7084.81,5.24,0.07,168850.0,2592878.0,25.35,1.92,140693372.0,364184921.20738
801193.SI,20201123,券商,7043.48,7362.52,7004.85,7234.29,149.47,2.11,410766.0,6171478.0,25.88,1.96,143661691.0,372777190.182131
801193.SI,20201124,券商,7211.32,7282.17,7141.56,7170.48,-63.8,-0.88,241117.0,3765670.0,25.66,1.94,142394658.0,370058340.064366
801193.SI,20201125,券商,7229.63,7292.47,7051.83,7056.38,-114.1,-1.59,229232.0,3525675.0,25.25,1.91,140128760.0,363163224.427568
801193.SI,20201126,券商,7053.04,7142.35,7006.24,7087.69,31.3,0.44,182193.0,2829754.0,25.36,1.92,140750387.0,365790092.980282
801193.SI,20201127,券商,7083.54,7251.98,7044.75,7244.51,156.82,2.21,249481.0,3882083.0,25.92,1.96,143864683.0,373640667.223623
801193.SI,20201130,券商,7299.18,7593.6,7230.02,7291.25,46.74,0.65,597890.0,9705375.0,26.09,1.97,144792790.0,376918268.489231
801193.SI,20201201,券商,7260.68,7643.11,7213.08,7563.51,272.27,3.73,554343.0,8656533.0,27.06,2.05,150199604.0,390808147.379104
801193.SI,20201202,券商,7549.74,7713.21,7449.08,7553.89,-9.62,-0.13,521274.0,7991054.0,27.03,2.04,150035883.0,391663136.678329
801193.SI,20201203,券商,7524.31,7672.21,7456.05,7565.35,11.45,0.15,488026.0,6533454.0,27.07,2.05,150263396.0,390654386.850343
801193.SI,20201204,券商,7513.68,7550.77,7341.18,7425.94,-139.4,-1.84,362074.0,5291139.0,26.57,2.01,147494553.0,383628296.864862
801193.SI,20201207,券商,7427.95,7467.51,7278.36,7296.15,-129.79,-1.75,265433.0,3855697.0,26.11,1.97,144916700.0,377105285.517344
801193.SI,20201208,券商,7298.37,7398.44,7248.62,7306.1,9.95,0.14,237610.0,3592556.0,26.09,1.98,144540936.0,376950697.901553
801193.SI,20201209,券商,7316.35,7381.14,7033.85,7054.96,-251.14,-3.44,337958.0,5163790.0,25.2,1.91,139594830.0,363808801.297644
801193.SI,20201210,券商,7027.17,7129.43,6959.27,7046.53,-8.44,-0.12,260002.0,3910328.0,25.17,1.91,139433577.0,364052894.638785
801193.SI,20201211,券商,7040.03,7091.84,6870.87,6966.34,-80.19,-1.14,287113.0,4290556.0,24.88,1.88,137895984.0,361253357.564277
801193.SI,20201214,券商,6962.7,7006.25,6875.11,6954.87,-11.47,-0.16,169704.0,2625326.0,24.84,1.88,137668959.0,359788657.962348
801193.SI,20201215,券商,6935.78,7017.04,6878.29,6970.86,15.99,0.23,161488.0,2581876.0,24.9,1.89,137985411.0,361088898.136485
801193.SI,20201216,券商,6978.57,7011.89,6877.44,6895.48,-75.38,-1.08,163650.0,2489710.0,24.62,1.87,136518811.0,356032481.617717
801193.SI,20201217,券商,6881.27,7116.77,6829.89,7090.19,194.7,2.82,294863.0,4586509.0,25.32,1.92,140389458.0,368371770.219379
801193.SI,20201218,券商,7050.65,7116.33,6971.14,7012.43,-77.76,-1.1,214208.0,3140287.0,25.04,1.9,138849771.0,363639854.283437
801193.SI,20201221,券商,6985.55,7127.08,6925.7,7076.29,63.86,0.91,227667.0,3369829.0,25.27,1.91,140114319.0,367356869.250435
801193.SI,20201222,券商,7042.1,7073.29,6763.3,6775.67,-300.63,-4.25,290928.0,4264593.0,24.2,1.83,134161784.0,351889792.864655
801193.SI,20201223,券商,6791.4,6906.14,6749.01,6836.67,61.01,0.9,215846.0,3199233.0,24.41,1.85,135369733.0,356401929.038398
801193.SI,20201224,券商,6829.2,6912.53,6736.18,6775.38,-61.29,-0.9,186551.0,2650244.0,24.2,1.83,134156063.0,353064050.265083
801193.SI,20201225,券商,6750.76,6914.87,6691.52,6847.48,72.1,1.06,230129.0,3248690.0,24.45,1.85,135583674.0,357681798.331654
801193.SI,20201228,券商,6816.72,6954.42,6733.87,6828.4,-19.08,-0.28,271559.0,3664581.0,24.38,1.85,135345461.0,355745612.483976
801193.SI,20201229,券商,6858.4,7009.41,6818.68,6861.82,33.42,0.49,307489.0,4101613.0,24.5,1.85,136007931.0,357794518.821225
801193.SI,20201230,券商,6845.95,7025.18,6797.83,7010.72,148.9,2.17,353970.0,4871670.0,25.03,1.9,138972255.0,366155407.156332
801193.SI,20201231,券商,7083.09,7429.01,7063.53,7328.99,318.27,4.54,565580.0,8313303.0,26.17,1.98,145281259.0,383893651.098863
801193.SI,20210104,券商,7415.45,7503.2,7210.03,7380.37,51.38,0.7,541941.0,7841417.0,26.35,2.0,146299744.0,385266425.626559
801193.SI,20210105,券商,7310.74,7502.77,7201.52,7373.84,-6.52,-0.09,556447.0,7777551.0,26.32,1.99,146195496.0,383296144.050077
801193.SI,20210106,券商,7372.57,7546.5,7268.53,7372.92,-0.92,-0.01,406584.0,6151261.0,26.33,1.99,146177160.0,383046063.056807
801193.SI,20210107,券商,7374.85,7519.94,7213.79,7458.73,85.81,1.16,441797.0,6334955.0,26.64,2.02,147932578.0,386555899.214017
801193.SI,20210108,券商,7456.29,7562.4,7313.12,7393.08,-65.65,-0.88,367635.0,5622036.0,26.4,2.0,146647571.0,382296512.944033
801193.SI,20210111,券商,7436.2,7494.87,7178.32,7207.25,-185.83,-2.51,348035.0,5256866.0,25.75,1.95,142997770.0,371975540.89691
801193.SI,20210112,券商,7165.02,7782.56,7102.72,7721.91,514.65,7.14,600121.0,9742132.0,27.58,2.09,153347722.0,395857817.906182
801193.SI,20210113,券商,7688.0,7801.69,7450.75,7545.85,-176.06,-2.28,489387.0,8239973.0,26.95,2.04,149851393.0,384553576.708753
801193.SI,20210114,券商,7486.25,7553.34,7299.38,7331.37,-214.48,-2.84,339237.0,5512098.0,26.18,1.98,145592130.0,373980630.812479
801193.SI,20210115,券商,7317.94,7489.22,7237.73,7320.51,-10.86,-0.15,272985.0,4488860.0,26.14,1.98,145376536.0,373920458.819507
801193.SI,20210118,券商,7289.15,7535.51,7252.11,7397.24,76.73,1.05,271156.0,4531089.0,26.42,2.0,146900309.0,376701302.552104
801193.SI,20210119,券商,7388.86,7576.61,7303.44,7388.74,-8.5,-0.11,303575.0,4949685.0,26.43,2.0,146693175.0,378525942.391011
801193.SI,20210120,券商,7410.01,7547.49,7334.24,7404.48,15.73,0.21,247505.0,4222126.0,26.49,2.01,147005554.0,378051403.762031
801193.SI,20210121,券商,7428.52,7678.51,7362.45,7524.87,120.39,1.63,353357.0,5982524.0,26.92,2.04,149395795.0,383334347.52833
801193.SI,20210122,券商,7471.23,7545.36,7293.18,7366.47,-158.39,-2.1,346443.0,5333019.0,26.35,2.0,146251089.0,373895088.148615
801193.SI,20210125,券商,7375.16,7474.48,7233.82,7326.89,-39.59,-0.54,324765.0,5023524.0,26.21,1.99,145465167.0,371832718.856928
801193.SI,20210126,券商,7272.15,7334.97,7016.88,7042.37,-284.52,-3.88,305332.0,4993178.0,25.2,1.91,139918457.0,358415832.295304
801193.SI,20210127,券商,7057.55,7156.55,6998.72,7053.88,11.51,0.16,190048.0,3057795.0,25.24,1.91,140147148.0,358342057.65004
801193.SI,20210128,券商,6981.5,7120.23,6914.84,7017.66,-36.22,-0.51,222698.0,3587408.0,25.11,1.9,139427450.0,357857181.848723
801193.SI,20210129,券商,7059.81,7122.92,6816.78,6953.24,-64.42,-0.92,238671.0,3991228.0,24.88,1.88,138147547.0,354008101.422965
801193.SI,20210201,券商,6988.61,7075.39,6849.09,6914.22,-39.02,-0.56,239007.0,3251618.0,24.79,1.87,137624284.0,350385003.636461
801193.SI,20210202,券商,6920.06,7003.52,6788.57,6927.56,13.34,0.19,234698.0,3441904.0,24.84,1.88,137889735.0,350789288.916125
801193.SI,20210203,券商,6903.52,6987.91,6791.6,6835.17,-92.39,-1.33,201560.0,2969809.0,24.5,1.85,136050709.0,345205601.924576
801193.SI,20210204,券商,6782.68,6863.09,6568.83,6676.93,-158.24,-2.32,232436.0,3416314.0,23.94,1.81,132901059.0,336591955.393987
801193.SI,20210205,券商,6701.66,6792.44,6590.68,6625.99,-50.94,-0.76,182899.0,2707626.0,23.78,1.8,133404741.0,333297611.560844
801193.SI,20210208,券商,6638.68,6743.09,6515.52,6641.23,15.25,0.23,183167.0,2837887.0,23.85,1.8,133817819.0,334965134.560745
801193.SI,20210209,券商,6641.77,6880.43,6556.33,6843.7,202.46,3.05,247012.0,3951500.0,24.58,1.86,137897374.0,343426907.393342
801193.SI,20210210,券商,6833.25,6903.93,6745.8,6841.79,-1.9,-0.03,191484.0,3095088.0,24.57,1.86,137858993.0,342957910.484062
801193.SI,20210218,券商,6977.32,7042.9,6829.56,6863.72,21.93,0.32,231340.0,3655035.0,24.65,1.86,138300939.0,344721094.786856
801193.SI,20210219,券商,6832.16,7026.28,6758.94,6992.95,129.23,1.88,252156.0,3719259.0,25.11,1.9,140904851.0,351445016.05379
801193.SI,20210222,券商,7012.78,7099.06,6768.27,6786.1,-206.85,-2.96,344396.0,5134638.0,24.37,1.84,136736877.0,342369065.600221
801193.SI,20210223,券商,6766.35,6877.14,6701.23,6744.77,-41.34,-0.61,203928.0,2955768.0,24.21,1.83,136053064.0,340030195.989812
801193.SI,20210224,券商,6746.84,6835.18,6634.65,6708.71,-36.05,-0.53,211836.0,3073560.0,24.08,1.82,135325830.0,338637801.788382
801193.SI,20210225,券商,6742.09,6835.32,6636.06,6707.21,-1.5,-0.02,218140.0,3204139.0,24.08,1.82,135159435.0,339070209.927396
801193.SI,20210226,券商,6583.15,6693.58,6537.86,6585.74,-121.46,-1.81,199811.0,2968866.0,23.71,1.79,133346865.0,333392697.957516
801193.SI,20210301,券商,6577.66,6620.72,6432.22,6540.32,-45.43,-0.69,207734.0,3077997.0,23.55,1.78,132427030.0,332424674.500594
801193.SI,20210302,券商,6547.65,6597.05,6428.04,6464.92,-75.4,-1.15,177006.0,2561175.0,23.28,1.76,130920069.0,329254240.356262
801193.SI,20210303,券商,6456.13,6597.19,6436.0,6579.8,114.88,1.78,177388.0,2505574.0,23.69,1.79,133246427.0,334525092.146623
801193.SI,20210304,券商,6526.05,6560.46,6401.31,6426.01,-153.79,-2.34,183116.0,2823469.0,23.14,1.75,130132080.0,326650831.144721
801193.SI,20210305,券商,6382.5,6623.25,6359.82,6562.02,136.01,2.12,279733.0,3815547.0,23.63,1.78,132886418.0,333888709.68447
801193.SI,20210308,券商,6612.61,6667.62,6407.14,6420.15,-141.87,-2.16,245989.0,3566428.0,23.12,1.75,130013484.0,326200079.195971
801193.SI,20210309,券商,6406.16,6480.28,6191.34,6248.04,-172.11,-2.68,253178.0,3602976.0,22.5,1.7,126528095.0,316281910.791947
801193.SI,20210310,券商,6301.66,6342.25,6182.18,6216.78,-31.26,-0.5,179340.0,2449425.0,22.39,1.69,125894985.0,314111612.792552
801193.SI,20210311,券商,6226.72,6353.7,6205.99,6318.76,101.98,1.64,181072.0,2473343.0,22.75,1.72,127960248.0,318854535.79828
801193.SI,20210312,券商,6312.26,6418.49,6191.84,6319.07,0.31,0.0,252508.0,3346673.0,22.76,1.72,127966429.0,319166808.491779
801193.SI,20210315,券商,6249.56,6275.22,6141.5,6180.81,-138.26,-2.19,171997.0,2350663.0,22.26,1.68,125174452.0,311645519.189189
801193.SI,20210316,券商,6203.46,6237.54,6129.55,6193.45,12.64,0.2,126463.0,1718062.0,22.32,1.68,125430498.0,312744950.514245
801193.SI,20210317,券商,6181.53,6263.7,6146.95,6216.43,22.98,0.37,142386.0,1898039.0,22.4,1.69,125895858.0,313708769.371262
801193.SI,20210318,券商,6223.75,6303.24,6185.04,6228.38,11.95,0.19,150688.0,2222184.0,22.4,1.69,126137836.0,314189324.922956
801193.SI,20210319,券商,6178.64,6238.9,6112.5,6173.24,-55.13,-0.89,156767.0,2159472.0,22.07,1.68,125021322.0,311497593.854666
801193.SI,20210322,券商,6198.87,6338.01,6167.67,6280.05,106.81,1.73,191261.0,2551702.0,22.46,1.7,127184424.0,317524701.573458
801193.SI,20210323,券商,6270.29,6386.5,6194.2,6313.54,33.49,0.53,230435.0,2982547.0,22.58,1.71,127862651.0,320012890.687272
801193.SI,20210324,券商,6272.77,6514.09,6258.78,6346.74,33.2,0.53,326426.0,4164579.0,22.81,1.72,128911170.0,323109357.289894
801193.SI,20210325,券商,6281.1,6406.96,6234.13,6286.47,-60.27,-0.95,209052.0,2680292.0,22.6,1.71,127686957.0,319718726.715274
801193.SI,20210326,券商,6293.39,6364.97,6252.35,6318.91,32.44,0.52,172100.0,2470552.0,22.6,1.71,128379625.0,320514106.919128
801193.SI,20210329,券商,6309.83,6396.38,6256.61,6308.11,-10.8,-0.17,151376.0,2110958.0,22.59,1.71,128162686.0,319804085.847928
801193.SI,20210330,券商,6292.27,6355.34,6248.37,6297.58,-10.53,-0.17,141001.0,1855645.0,22.51,1.7,127948748.0,319325841.202729
801193.SI,20210331,券商,6277.81,6302.58,6171.82,6195.29,-102.29,-1.62,146774.0,1915290.0,22.17,1.67,125870517.0,313705808.787195
801193.SI,20210401,券商,6211.28,6278.85,6165.83,6253.93,58.64,0.95,125754.0,1775470.0,22.36,1.68,127061866.0,316089348.974771
801193.SI,20210402,券商,6277.11,6322.61,6230.48,6269.27,15.34,0.25,135035.0,2056449.0,22.44,1.69,127373432.0,317211221.412015
801193.SI,20210406,券商,6307.72,6349.61,6239.01,6263.19,-6.08,-0.1,113541.0,1664103.0,22.19,1.68,127249945.0,317326496.961931
801193.SI,20210407,券商,6242.98,6302.57,6191.98,6246.65,-16.54,-0.26,162472.0,1864831.0,22.13,1.68,126913933.0,316569693.43037
801193.SI,20210408,券商,6218.62,6358.64,6196.02,6272.44,25.79,0.41,270116.0,2639951.0,22.22,1.69,127437883.0,317792030.87315
801193.SI,20210409,券商,6245.56,6281.0,6177.06,6203.69,-68.75,-1.1,177052.0,1808761.0,21.98,1.67,126041166.0,313711880.772133
801193.SI,20210412,券商,6187.72,6237.04,6050.55,6073.49,-130.21,-2.1,198569.0,2170032.0,21.41,1.63,123395737.0,305924156.519437
801193.SI,20210413,券商,6070.84,6125.27,6007.01,6063.17,-10.31,-0.17,156653.0,1747844.0,21.36,1.63,123186216.0,305464787.42717
801193.SI,20210414,券商,6060.34,6171.56,6047.08,6140.94,77.77,1.28,138751.0,1735274.0,21.63,1.65,124766204.0,308711342.999854
801193.SI,20210415,券商,6105.18,6137.05,6033.35,6080.75,-60.19,-0.98,146470.0,1628509.0,21.42,1.63,123543344.0,305280741.546399
801193.SI,20210416,券商,6085.03,6154.44,6052.4,6122.87,42.12,0.69,135876.0,1553958.0,21.57,1.65,124399126.0,307262374.068432
801193.SI,20210419,券商,6103.95,6311.38,6076.25,6287.58,164.7,2.69,244560.0,3060555.0,22.15,1.69,127745413.0,315361787.86605
801193.SI,20210420,券商,6256.98,6339.55,6204.15,6225.74,-61.83,-0.98,181491.0,2291780.0,21.93,1.67,126489134.0,313282425.527153
801193.SI,20210421,券商,6189.26,6269.52,6169.14,6208.85,-16.89,-0.27,130134.0,1544267.0,21.85,1.66,126145909.0,312703673.95144
801193.SI,20210422,券商,6247.28,6315.65,6194.41,6232.33,23.48,0.38,154776.0,1935586.0,21.91,1.67,126623045.0,313318638.101888
801193.SI,20210423,券商,6209.62,6293.29,6160.64,6234.29,1.96,0.03,140716.0,2050840.0,21.92,1.67,126662860.0,312411817.605441
801193.SI,20210426,券商,6239.31,6304.99,6088.5,6110.08,-124.22,-1.99,202881.0,2691589.0,21.47,1.64,124139148.0,304583495.115109
801193.SI,20210427,券商,6080.79,6152.46,5987.99,6062.66,-47.42,-0.78,208893.0,2550375.0,21.04,1.62,123175760.0,302470229.190072
801193.SI,20210428,券商,6047.43,6148.8,5990.32,6094.46,31.8,0.52,154006.0,2003918.0,21.21,1.62,123821776.0,302612523.077565
801193.SI,20210429,券商,6087.98,6321.59,6067.54,6244.81,150.36,2.47,261924.0,3420528.0,21.75,1.64,126876564.0,310060179.23815
801193.SI,20210430,券商,6216.04,6292.2,6120.9,6180.5,-64.31,-1.03,223267.0,2713232.0,21.57,1.62,125569990.0,305120359.860278
801193.SI,20210506,券商,6232.45,6286.3,6075.92,6115.9,-64.6,-1.05,226628.0,2793822.0,19.92,1.6,124869302.0,292340668.795576
801193.SI,20210507,券商,6106.49,6145.76,5974.32,6004.72,-111.18,-1.82,196660.0,2298926.0,19.56,1.57,122599374.0,286798940.689679
801193.SI,20210510,券商,5994.25,6041.04,5891.88,5969.83,-34.9,-0.58,184433.0,2049099.0,19.44,1.57,121886859.0,285121584.397648
801193.SI,20210511,券商,5923.49,6104.18,5888.66,6053.29,83.46,1.4,185477.0,2193871.0,19.71,1.59,123590908.0,289283336.726922
801193.SI,20210512,券商,6010.56,6069.13,5973.98,6044.83,-8.46,-0.14,128478.0,1522021.0,19.7,1.59,123418111.0,288936409.054992
801193.SI,20210513,券商,5995.56,6093.89,5970.84,6015.04,-29.79,-0.49,118744.0,1442688.0,19.6,1.58,122809954.0,287448224.347834
801193.SI,20210514,券商,6047.91,6520.68,6036.96,6473.14,458.1,7.62,492575.0,6457237.0,21.16,1.7,132589750.0,311895996.768337
801193.SI,20210517,券商,6381.74,6476.87,6302.79,6378.84,-94.3,-1.46,343616.0,4792264.0,20.86,1.68,130658451.0,308364605.764695
801193.SI,20210518,券商,6365.1,6511.83,6331.6,6388.34,9.49,0.15,246968.0,3120518.0,20.89,1.68,130852935.0,309088611.116392
801193.SI,20210519,券商,6367.97,6494.59,6331.78,6389.44,1.1,0.02,215540.0,2925328.0,20.89,1.68,130875503.0,309268598.089546
801193.SI,20210520,券商,6390.01,6573.39,6366.62,6482.71,93.28,1.46,328848.0,4114958.0,21.2,1.71,132786067.0,314689862.075819
801193.SI,20210521,券商,6483.48,6514.18,6346.61,6367.29,-115.43,-1.78,234178.0,3070305.0,20.8,1.67,130192273.0,309655554.76352
801193.SI,20210524,券商,6418.67,6592.38,6399.98,6497.1,129.81,2.04,325746.0,4453916.0,21.22,1.71,132882291.0,316895343.428642
801193.SI,20210525,券商,6489.02,6861.12,6471.52,6791.4,294.3,4.53,551791.0,7639026.0,22.19,1.79,138901446.0,331825895.314721
801193.SI,20210526,券商,6842.37,6966.73,6731.62,6778.03,-13.37,-0.2,540430.0,7072254.0,22.14,1.78,138627972.0,331373955.172861
801193.SI,20210527,券商,6755.87,6877.13,6686.74,6789.38,11.36,0.17,387488.0,5031422.0,22.18,1.79,138867313.0,332601116.336069
801193.SI,20210528,券商,6781.83,7011.95,6719.08,6883.4,94.01,1.38,505174.0,6428615.0,22.5,1.81,140838633.0,336071280.02123
801193.SI,20210531,券商,6866.2,6951.21,6765.63,6894.67,11.27,0.16,378183.0,4812619.0,22.54,1.81,141069236.0,336691737.319011
801193.SI,20210601,券商,6841.66,6876.0,6697.24,6789.87,-104.8,-1.52,343291.0,4350614.0,22.2,1.79,138924960.0,331339872.844721
801193.SI,20210602,券商,6793.56,6856.62,6627.72,6659.91,-129.96,-1.91,297769.0,3829018.0,21.77,1.75,136265858.0,324772351.378098
801193.SI,20210603,券商,6666.46,6808.24,6616.17,6641.73,-18.17,-0.27,286071.0,3920790.0,21.81,1.75,137736504.0,323590405.616119
801193.SI,20210604,券商,6605.4,6900.25,6571.97,6695.29,53.55,0.81,391596.0,5058778.0,21.98,1.77,138847129.0,326386778.284115
801193.SI,20210607,券商,6693.69,6843.99,6630.89,6742.04,46.76,0.7,271264.0,3731976.0,22.13,1.78,139816766.0,328514818.89217
801193.SI,20210608,券商,6717.51,6860.78,6683.03,6751.0,8.95,0.13,286960.0,3889037.0,22.16,1.78,140002421.0,329004760.637232
801193.SI,20210609,券商,6759.01,6807.25,6623.16,6675.26,-75.73,-1.12,230699.0,3211685.0,21.92,1.76,138431884.0,325410518.774285
801193.SI,20210610,券商,6665.93,6811.03,6641.31,6706.06,30.79,0.46,252647.0,3563939.0,22.02,1.77,139190997.0,326139560.179473
801193.SI,20210611,券商,6714.16,6779.82,6563.78,6606.13,-99.92,-1.49,311705.0,4265850.0,21.7,1.74,137125291.0,321379716.131559
801193.SI,20210615,券商,6592.05,6628.02,6456.01,6499.12,-107.01,-1.62,218022.0,2926229.0,21.31,1.71,135315702.0,316147192.592822
801193.SI,20210616,券商,6481.04,6579.27,6378.54,6439.17,-59.95,-0.92,241184.0,3477819.0,21.12,1.7,134065374.0,314236137.769008
801193.SI,20210617,券商,6434.27,6539.64,6382.91,6468.35,29.18,0.45,208856.0,2885751.0,21.21,1.71,134674394.0,315119747.192453
801193.SI,20210618,券商,6460.17,6596.8,6425.35,6535.1,66.75,1.03,229092.0,3256187.0,21.33,1.72,135459441.0,317477421.646959
801193.SI,20210621,券商,6544.58,6631.87,6487.17,6526.79,-8.31,-0.13,206678.0,2967127.0,21.44,1.73,137114333.0,319722749.214711
801193.SI,20210622,券商,6553.25,6595.72,6466.92,6515.69,-11.1,-0.17,180719.0,2458882.0,21.4,1.73,136883187.0,318950172.680756
801193.SI,20210623,券商,6514.93,6604.55,6457.14,6546.24,30.55,0.47,211486.0,2976366.0,21.5,1.73,137526562.0,319667768.848095
801193.SI,20210624,券商,6545.25,6659.33,6507.15,6575.65,29.41,0.45,224822.0,3071385.0,21.6,1.74,138142878.0,321769888.984763
801193.SI,20210625,券商,6592.22,6875.06,6543.55,6791.19,215.54,3.28,439093.0,6383853.0,22.35,1.8,143026692.0,332213063.455031
801193.SI,20210628,券商,6798.92,6818.89,6656.13,6715.58,-75.61,-1.11,281770.0,4143967.0,22.1,1.78,141434300.0,327760247.474685
801193.SI,20210629,券商,6699.14,6746.23,6588.72,6615.92,-99.66,-1.48,205548.0,3059726.0,21.77,1.76,139335502.0,323398046.02338
801193.SI,20210630,券商,6630.24,6739.41,6575.95,6695.39,79.46,1.2,217192.0,3249741.0,22.01,1.77,140158163.0,327236748.660447
801193.SI,20210701,券商,6800.9,6843.58,6467.27,6498.71,-196.67,-2.94,305895.0,4388751.0,21.36,1.72,136041105.0,316781961.285557
801193.SI,20210702,券商,6464.97,6489.64,6285.05,6308.42,-190.29,-2.93,237869.0,3364860.0,20.74,1.67,132057588.0,307690038.064119
801193.SI,20210705,券商,6298.96,6358.0,6230.94,6308.1,-0.32,-0.01,156161.0,2122018.0,20.74,1.67,132050949.0,307504482.002391
801193.SI,20210706,券商,6319.19,6377.07,6253.36,6349.17,41.07,0.65,157928.0,2194470.0,20.87,1.68,132910714.0,309495206.07816
801193.SI,20210707,券商,6302.63,6417.07,6285.55,6363.41,14.23,0.22,152635.0,2254657.0,20.92,1.68,133208649.0,310358810.06076
801193.SI,20210708,券商,6402.58,6474.03,6319.18,6354.23,-9.18,-0.14,183373.0,2759151.0,20.89,1.68,133016520.0,309276927.189128
801193.SI,20210709,券商,6320.73,6413.75,6284.47,6375.95,21.72,0.34,160348.0,2299540.0,20.96,1.69,133471215.0,310510513.32692
801193.SI,20210712,券商,6463.6,6591.93,6391.83,6516.37,140.42,2.2,283274.0,4212843.0,21.42,1.72,136410661.0,316115412.980936
801193.SI,20210713,券商,6492.6,6544.15,6418.24,6469.17,-47.2,-0.72,187733.0,2549040.0,21.27,1.71,135422620.0,314132708.565518
801193.SI,20210714,券商,6458.59,6519.21,6363.84,6401.4,-67.77,-1.05,199887.0,2758184.0,21.04,1.69,134004040.0,310951451.413908
801193.SI,20210715,券商,6392.03,6532.81,6355.21,6493.19,91.78,1.43,213287.0,2975368.0,21.35,1.72,135925424.0,314441821.511083
801193.SI,20210716,券商,6529.42,6594.76,6435.8,6487.27,-5.92,-0.09,228774.0,3254672.0,21.33,1.72,135801436.0,314514118.12375
801193.SI,20210719,券商,6446.26,6509.28,6367.53,6457.71,-29.55,-0.46,192420.0,2432931.0,21.23,1.71,135182768.0,311806925.998242
801193.SI,20210720,券商,6404.67,6500.17,6383.48,6434.43,-23.28,-0.36,142687.0,1835607.0,21.15,1.7,134695508.0,310888686.194124
801193.SI,20210721,券商,6452.46,6621.9,6433.16,6535.21,100.78,1.57,222298.0,3427124.0,21.48,1.73,136805173.0,315395757.897734
801193.SI,20210722,券商,6533.19,6700.37,6494.85,6658.87,123.65,1.89,287711.0,4115406.0,21.9,1.76,139683754.0,321509804.064904
801193.SI,20210723,券商,6655.31,6895.76,6555.64,6694.89,36.02,0.54,448725.0,6186772.0,22.02,1.77,140439341.0,324469611.617829
801193.SI,20210726,券商,6695.96,6772.39,6459.84,6492.69,-202.2,-3.02,403877.0,5641847.0,21.36,1.71,136218613.0,314188882.578123
801193.SI,20210727,券商,6520.55,6569.94,6245.97,6278.75,-213.93,-3.29,317889.0,4390017.0,20.66,1.65,131730226.0,304172868.305002
801193.SI,20210728,券商,6261.09,6361.07,6133.31,6213.43,-65.32,-1.04,254114.0,3380839.0,20.44,1.64,130359704.0,300465533.310083
801193.SI,20210729,券商,6303.38,6383.81,6212.85,6299.54,86.11,1.39,249358.0,3452064.0,20.72,1.66,132166337.0,303982682.938202
801193.SI,20210730,券商,6255.08,6278.39,6113.08,6150.24,-149.3,-2.37,223033.0,2768421.0,20.22,1.62,128912387.0,296513747.672273
801193.SI,20210802,券商,6128.89,6511.15,6023.29,6388.21,237.98,3.87,339328.0,4618172.0,21.02,1.68,134059719.0,307258172.904372
801193.SI,20210803,券商,6343.45,6576.15,6309.62,6414.94,26.72,0.42,333027.0,4497039.0,21.11,1.69,134620523.0,308282875.41105
801193.SI,20210804,券商,6397.8,6472.66,6331.83,6417.18,2.24,0.03,214552.0,2973360.0,21.11,1.69,134602608.0,307626333.377742
801193.SI,20210805,券商,6396.87,6457.52,6271.97,6300.81,-116.37,-1.81,193013.0,2653707.0,20.73,1.66,132164581.0,301860138.219588
801193.SI,20210806,券商,6303.24,6393.23,6268.1,6317.87,17.07,0.27,164070.0,2219123.0,20.78,1.66,132522203.0,302468640.617665
801193.SI,20210809,券商,6295.17,6526.55,6279.53,6451.61,133.73,2.12,276767.0,3825247.0,21.22,1.7,135326032.0,309173867.47709
801193.SI,20210810,券商,6421.61,6568.1,6366.21,6548.74,97.14,1.51,284872.0,3990373.0,21.48,1.72,137350272.0,314634184.95235
801193.SI,20210811,券商,6542.91,6626.53,6451.3,6490.3,-58.45,-0.89,252265.0,3478266.0,21.29,1.71,136125418.0,312040718.711605
801193.SI,20210812,券商,6476.47,6542.29,6405.63,6446.12,-44.17,-0.68,185591.0,2567906.0,21.15,1.7,135260332.0,310019232.222304
801193.SI,20210813,券商,6429.96,6514.9,6374.59,6449.89,3.77,0.06,174931.0,2347443.0,21.16,1.7,135340986.0,309741787.012925
801193.SI,20210816,券商,6468.2,6622.4,6438.12,6496.58,46.69,0.72,272459.0,3562853.0,21.32,1.71,136319017.0,312075920.047706
801193.SI,20210817,券商,6468.32,6722.39,6397.11,6443.42,-53.16,-0.82,431825.0,5525547.0,21.14,1.7,135203511.0,310456725.387793
801193.SI,20210818,券商,6442.89,6934.75,6406.76,6882.34,438.92,6.81,719147.0,9249658.0,22.58,1.81,144411706.0,332232306.516146
801193.SI,20210819,券商,6895.11,7028.97,6708.37,6749.54,-132.8,-1.93,688917.0,9238503.0,22.15,1.77,141630310.0,325125976.899413
801193.SI,20210820,券商,6707.78,6842.33,6590.59,6717.07,-32.47,-0.48,485818.0,6096159.0,22.04,1.76,141106918.0,324326884.780914
801193.SI,20210823,券商,6770.16,6875.72,6664.31,6737.48,20.41,0.3,439219.0,5361389.0,22.11,1.77,141540971.0,324711874.667005
801193.SI,20210824,券商,6738.05,6984.3,6665.37,6888.47,150.99,2.24,507274.0,6838926.0,22.6,1.81,144716231.0,330880514.982421
801193.SI,20210825,券商,6812.47,6888.66,6706.77,6770.49,-117.98,-1.71,362258.0,4757892.0,22.24,1.78,142403008.0,327048405.924987
801193.SI,20210826,券商,6746.28,6826.94,6647.54,6678.75,-91.74,-1.36,346193.0,4416654.0,21.94,1.75,140473441.0,323003401.725749
801193.SI,20210827,券商,6671.03,6783.81,6602.46,6653.05,-25.7,-0.38,282337.0,3612948.0,21.86,1.74,140015696.0,320519994.380123
801193.SI,20210830,券商,6682.37,6729.81,6473.84,6541.03,-112.02,-1.68,334116.0,4318039.0,21.49,1.7,137698834.0,315730676.172576
801193.SI,20210831,券商,6510.94,6768.88,6448.18,6689.81,148.78,2.27,423885.0,5623076.0,21.98,1.74,140830934.0,323067700.75861
801193.SI,20210901,券商,6661.03,7113.89,6609.34,6937.59,247.78,3.7,702727.0,9541960.0,21.19,1.8,146047084.0,335696742.161588
801193.SI,20210902,券商,6906.42,7128.01,6859.39,7051.16,113.56,1.64,609032.0,8136822.0,21.56,1.83,148374795.0,341110968.849663
801193.SI,20210903,券商,7336.46,7401.77,6957.92,6985.48,-65.68,-0.93,742208.0,9450480.0,21.36,1.81,147019070.0,338852641.186888
801193.SI,20210906,券商,6972.83,7308.98,6951.09,7188.43,202.95,2.91,633071.0,8145807.0,21.99,1.87,151402765.0,348837134.87367
801193.SI,20210907,券商,7141.19,7433.16,7052.26,7365.16,176.73,2.46,633311.0,8391466.0,22.54,1.91,155125143.0,356451090.42517
801193.SI,20210908,券商,7335.47,7600.07,7268.25,7376.94,11.78,0.16,624408.0,8026711.0,22.6,1.91,155663471.0,355772450.677843
801193.SI,20210909,券商,7275.18,7402.19,7181.9,7324.15,-52.79,-0.72,487632.0,5852243.0,22.44,1.9,154549500.0,353461853.880953
801193.SI,20210910,券商,7355.38,7654.68,7293.63,7404.5,80.35,1.1,657443.0,8433979.0,22.69,1.92,156245027.0,357223647.786365
801193.SI,20210913,券商,7390.74,7570.11,7332.01,7430.32,25.82,0.35,428217.0,5732614.0,22.71,1.92,157406880.0,358187100.746514
801193.SI,20210914,券商,7435.73,7485.57,7158.23,7208.03,-222.3,-2.99,446146.0,5814925.0,22.03,1.87,152697626.0,347183665.561127
801193.SI,20210915,券商,7221.25,7318.18,7103.77,7197.45,-10.57,-0.15,387245.0,4452021.0,22.0,1.86,152473670.0,346540538.175477
801193.SI,20210916,券商,7210.97,7264.18,6971.43,7026.6,-170.85,-2.37,381042.0,4722814.0,21.48,1.82,148854226.0,339198937.215317
801193.SI,20210917,券商,7038.88,7181.37,6981.1,7123.1,96.5,1.37,289703.0,3633511.0,21.77,1.84,150898428.0,343782673.830454
801193.SI,20210922,券商,7000.97,7142.46,6943.38,7073.28,-49.82,-0.7,236663.0,3069466.0,21.62,1.83,149843061.0,342064074.411855
801193.SI,20210923,券商,7119.29,7251.7,7051.66,7150.92,77.64,1.1,306233.0,3894847.0,21.86,1.85,151487809.0,345677320.341295
801193.SI,20210924,券商,7147.83,7231.34,7025.26,7052.05,-98.87,-1.38,257617.0,3199740.0,21.55,1.83,149393388.0,340550716.784718
801193.SI,20210927,券商,7037.85,7138.72,6800.49,6862.93,-189.12,-2.68,310990.0,4242689.0,20.98,1.78,145386943.0,331825425.627437
801193.SI,20210928,券商,6889.14,7054.52,6853.44,6982.65,119.72,1.74,232664.0,3282994.0,21.34,1.81,147930887.0,337287567.184107
801193.SI,20210929,券商,6926.97,6973.84,6765.34,6872.12,-110.53,-1.58,254306.0,3305092.0,21.0,1.78,145589231.0,331669373.227539
801193.SI,20210930,券商,6892.53,6946.63,6778.79,6863.71,-8.41,-0.12,189260.0,2501968.0,20.98,1.78,145410990.0,330885698.347909
801193.SI,20211008,券商,6928.93,7027.52,6850.84,6939.87,76.17,1.11,197598.0,2622025.0,21.21,1.8,147024610.0,334149610.382695
801193.SI,20211011,券商,6944.5,7029.1,6864.07,6893.18,-46.69,-0.67,169701.0,2213225.0,21.07,1.79,146035361.0,
801193.SI,20211012,券商,6853.36,6877.16,6586.22,6683.26,-209.91,-3.05,240641.0,3372372.0,20.43,1.73,141588211.0,
801193.SI,20211013,券商,6669.51,6771.9,6603.29,6707.83,24.57,0.37,149413.0,1972593.0,20.56,1.74,141620124.0,322896214.248114
801193.SI,20211014,券商,6708.38,6746.75,6630.85,6702.37,-5.46,-0.08,125217.0,1609972.0,20.54,1.74,141516798.0,322721763.738287
801193.SI,20211015,券商,6657.74,6771.54,6605.35,6700.8,-1.57,-0.02,157200.0,2073455.0,20.55,1.74,141287155.0,321328489.427218
801193.SI,20211018,券商,6710.85,6776.0,6638.89,6709.66,8.86,0.13,136132.0,1883797.0,20.57,1.74,141474022.0,321845505.261171
801193.SI,20211019,券商,6695.72,6822.54,6667.81,6744.97,35.31,0.53,175572.0,2302734.0,20.68,1.75,142218478.0,324581062.987232
801193.SI,20211020,券商,6759.52,6811.38,6698.47,6728.11,-16.86,-0.25,141156.0,1886537.0,20.71,1.74,142555266.0,323516133.635834
801193.SI,20211021,券商,6734.21,6821.36,6662.86,6741.49,13.38,0.2,181199.0,2313003.0,20.75,1.74,142841659.0,323846924.579001
801193.SI,20211022,券商,6746.11,6811.77,6694.31,6743.55,2.06,0.03,149708.0,1933590.0,20.76,1.74,142885205.0,323701037.691445
801193.SI,20211025,券商,6751.13,6887.09,6650.37,6841.24,97.69,1.45,243320.0,3153012.0,21.07,1.78,143703082.0,327961353.566076
801193.SI,20211026,券商,6800.77,6870.52,6737.02,6764.07,-77.17,-1.13,167045.0,2297721.0,20.83,1.76,142082114.0,324231058.053024
801193.SI,20211027,券商,6739.8,6767.12,6548.13,6582.0,-182.07,-2.69,201483.0,2704911.0,20.27,1.71,138257683.0,315123076.892916
801193.SI,20211028,券商,6561.29,6647.14,6489.85,6531.9,-50.1,-0.76,166344.0,2219904.0,20.11,1.7,137116426.0,312853940.159382
801193.SI,20211029,券商,6511.41,6664.29,6405.17,6592.49,60.59,0.93,233748.0,3147404.0,20.29,1.67,138388268.0,314824230.702762
801193.SI,20211101,券商,6565.48,6694.05,6528.49,6621.82,29.33,0.44,210544.0,2526277.0,19.69,1.66,139538256.0,317231037.657054
801193.SI,20211102,券商,6600.11,6655.65,6412.39,6490.18,-131.64,-1.99,216388.0,2739766.0,19.01,1.61,140267821.0,311169165.541262
801193.SI,20211103,券商,6494.63,6565.34,6445.96,6505.79,15.61,0.24,135166.0,1708616.0,19.05,1.62,140524753.0,311534846.034412
801193.SI,20211104,券商,6545.51,6603.77,6480.32,6509.13,3.33,0.05,137797.0,1772661.0,19.04,1.62,140578857.0,311638828.098815
801193.SI,20211105,券商,6485.77,6569.79,6448.34,6491.37,-17.75,-0.27,145462.0,1780369.0,19.0,1.61,140392711.0,310497656.721772
801193.SI,20211108,券商,6479.98,6620.38,6449.48,6560.57,69.2,1.07,151034.0,2015239.0,19.21,1.63,141889281.0,314094190.564485
801193.SI,20211109,券商,6570.32,6630.29,6521.98,6605.61,45.04,0.69,161541.0,1912073.0,19.34,1.64,142863286.0,316223640.001044
801193.SI,20211110,券商,6579.49,6633.91,6506.14,6584.29,-21.31,-0.32,156410.0,2007664.0,19.28,1.64,142402303.0,315774822.689413
801193.SI,20211111,券商,6576.81,6832.02,6565.45,6789.97,205.68,3.12,305821.0,4347822.0,19.88,1.69,146850586.0,325028614.329799
801193.SI,20211112,券商,6775.26,6819.63,6692.32,6760.41,-29.56,-0.44,187363.0,2581842.0,19.79,1.68,146211347.0,323453647.9052
801193.SI,20211115,券商,6769.88,6820.33,6678.15,6717.01,-43.4,-0.64,166263.0,2155435.0,19.67,1.67,145272695.0,321172884.653184
801193.SI,20211116,券商,6705.65,6767.89,6584.23,6615.54,-101.47,-1.51,178538.0,2554687.0,19.37,1.64,143078114.0,316882335.892231
801193.SI,20211117,券商,6617.13,6672.78,6573.63,6614.81,-0.73,-0.01,125574.0,1642409.0,19.37,1.64,143062235.0,316594997.470442
801193.SI,20211118,券商,6603.13,6631.34,6510.55,6543.42,-71.38,-1.08,140017.0,1710203.0,19.16,1.62,141518377.0,312949250.543512
801193.SI,20211119,券商,6535.66,6731.18,6511.11,6677.68,134.26,2.05,236391.0,2966221.0,19.55,1.66,144422130.0,319885502.694429
801193.SI,20211122,券商,6659.25,6783.11,6630.95,6723.75,46.07,0.69,232766.0,3104413.0,19.69,1.67,145629215.0,322033725.45428
801193.SI,20211123,券商,6715.41,6857.61,6688.68,6743.43,19.68,0.29,264319.0,3451324.0,19.75,1.68,146055357.0,323271373.061841
801193.SI,20211124,券商,6732.64,6800.78,6679.97,6726.62,-16.81,-0.25,180240.0,2442855.0,19.7,1.67,145691274.0,322929478.764134
801193.SI,20211125,券商,6726.63,6775.62,6660.77,6692.48,-34.14,-0.51,157901.0,2034665.0,19.6,1.66,144945960.0,321348996.198574
801193.SI,20211126,券商,6682.97,6719.7,6617.53,6643.73,-48.74,-0.73,145951.0,1899599.0,19.45,1.65,143890261.0,319022090.478068
801193.SI,20211129,券商,6567.0,6638.03,6535.86,6591.12,-52.61,-0.79,158237.0,2028802.0,19.3,1.64,142750823.0,316287561.605156
801193.SI,20211130,券商,6619.77,6684.4,6557.64,6595.18,4.06,0.06,150929.0,1926931.0,19.31,1.64,142838689.0,316545584.641299
801193.SI,20211201,证券,6582.34,6724.71,6559.43,6686.68,91.5,1.39,187520.0,2451210.0,19.58,1.66,144796241.0,321174310.000509
801193.SI,20211202,证券,6668.55,6802.63,6642.75,6741.15,54.47,0.81,227451.0,2891658.0,19.74,1.67,145975688.0,323588194.515047
801193.SI,20211203,证券,6749.3,6821.5,6670.08,6778.13,36.98,0.55,199900.0,2721961.0,19.85,1.68,146776377.0,325436430.307327
801193.SI,20211206,证券,6824.44,7100.02,6775.14,6870.89,92.76,1.37,440246.0,6191631.0,20.12,1.71,148785145.0,328429208.690167
801193.SI,20211207,证券,6956.54,7002.55,6825.56,6889.09,18.19,0.26,281963.0,3756020.0,20.17,1.71,149179128.0,328878164.007533
801193.SI,20211208,证券,6918.65,7019.62,6829.44,6990.06,100.98,1.47,284752.0,3771467.0,20.47,1.74,151366724.0,334435094.079448
801193.SI,20211209,证券,6974.86,7268.6,6943.31,7125.81,135.75,1.94,525446.0,6755183.0,20.86,1.77,154306271.0,341016827.937652
801193.SI,20211210,证券,7043.25,7110.26,6972.17,7026.06,-99.75,-1.4,372583.0,4615691.0,20.57,1.75,152146251.0,336969722.741625
801193.SI,20211213,证券Ⅱ,7159.04,7305.76,7044.51,7084.26,58.2,0.83,413443.0,5768921.0,20.95,1.77,151022653.0,330253329.271486
801193.SI,20211214,证券Ⅱ,7038.69,7134.32,6989.07,7049.32,-34.94,-0.49,233443.0,3132417.0,20.84,1.77,150277775.0,327841645.485025
801193.SI,20211215,证券Ⅱ,7049.68,7182.56,7023.69,7084.9,35.58,0.5,223900.0,3087090.0,20.95,1.77,151036243.0,329493120.069985
801193.SI,20211216,证券Ⅱ,7103.68,7171.57,7040.34,7140.82,55.92,0.79,204518.0,2659035.0,21.11,1.79,152228404.0,332243924.120815
801193.SI,20211217,证券Ⅱ,7137.31,7203.4,7031.84,7053.01,-87.81,-1.23,258204.0,3361114.0,20.85,1.77,150356527.0,328607552.47301
801193.SI,20211220,证券Ⅱ,7025.77,7113.03,6917.88,6942.93,-110.08,-1.56,228445.0,3054537.0,20.53,1.74,148009811.0,323197534.986069
801193.SI,20211221,证券Ⅱ,6940.1,7072.97,6891.27,7029.59,86.66,1.25,292074.0,3039186.0,20.79,1.76,149885490.0,326800981.94245
801193.SI,20211222,证券Ⅱ,7017.61,7062.99,6943.27,6966.37,-63.22,-0.9,236839.0,2282471.0,20.6,1.74,148537514.0,323780740.974221
801193.SI,20211223,证券Ⅱ,6976.68,7026.31,6901.43,6965.64,-0.73,-0.01,199205.0,2218750.0,20.58,1.74,148435300.0,323446278.460581
801193.SI,20211224,证券Ⅱ,6965.16,7038.88,6891.25,6913.56,-52.08,-0.75,175719.0,2081573.0,20.43,1.73,147318122.0,320784886.605158
801193.SI,20211227,证券Ⅱ,6936.64,6991.14,6869.1,6931.13,17.58,0.25,139538.0,1706577.0,20.48,1.73,147699771.0,321525826.330257
801193.SI,20211228,证券Ⅱ,6955.11,7017.1,6895.97,6991.1,59.97,0.87,170595.0,2149466.0,20.66,1.75,148987880.0,324845560.45371
801193.SI,20211229,证券Ⅱ,6990.17,7010.31,6874.25,6892.13,-98.97,-1.42,158160.0,2109030.0,20.37,1.72,146872277.0,320431516.44853
801193.SI,20211230,证券Ⅱ,6884.22,7065.74,6854.33,7007.28,115.15,1.67,248099.0,3184331.0,20.71,1.75,149313196.0,325157786.462149
801193.SI,20211231,证券Ⅱ,7020.18,7083.36,6973.78,7020.26,12.97,0.19,214103.0,2534367.0,20.83,1.76,150618931.0,326758778.522876
801193.SI,20220104,证券Ⅱ,7030.27,7071.65,6906.75,6979.58,-40.68,-0.58,208166.0,2506836.0,20.71,1.75,149746163.0,325307798.204927
801193.SI,20220105,证券Ⅱ,6974.33,7037.67,6863.32,6905.1,-74.48,-1.07,228291.0,3033256.0,20.49,1.73,148159742.0,322863117.516419
801193.SI,20220106,证券Ⅱ,6864.5,6902.7,6731.79,6763.29,-141.81,-2.05,248536.0,3387707.0,20.07,1.7,145117040.0,316611339.794226
801193.SI,20220107,证券Ⅱ,6790.91,6870.85,6745.18,6778.79,15.49,0.23,196092.0,2442200.0,20.11,1.7,145449497.0,316917891.204996
801193.SI,20220110,证券Ⅱ,6782.51,6847.85,6733.68,6777.09,-1.7,-0.03,159545.0,1976990.0,20.11,1.7,145412947.0,317204701.988683
801193.SI,20220111,证券Ⅱ,6767.19,6863.41,6733.78,6777.39,0.31,0.0,191805.0,2187580.0,20.09,1.7,145125705.0,317171653.651228
801193.SI,20220112,证券Ⅱ,6786.46,6830.96,6726.06,6805.69,28.3,0.42,155086.0,1910742.0,20.17,1.71,145731663.0,318217180.10816
801193.SI,20220113,证券Ⅱ,6841.61,6894.24,6738.48,6746.88,-58.81,-0.86,183557.0,2404128.0,20.0,1.69,144472278.0,315922669.421163
801193.SI,20220114,证券Ⅱ,6672.25,6720.28,6551.33,6574.02,-172.86,-2.56,234050.0,2864059.0,19.49,1.65,140770718.0,308230009.17369
801193.SI,20220117,证券Ⅱ,6558.72,6692.87,6537.77,6638.13,64.11,0.98,156767.0,2134808.0,19.68,1.66,142145868.0,310311973.96955
801193.SI,20220118,证券Ⅱ,6635.48,6732.12,6590.98,6665.9,27.78,0.42,203508.0,2493190.0,19.76,1.67,142740655.0,311751570.741864
801193.SI,20220119,证券Ⅱ,6680.53,6792.7,6628.58,6690.8,24.89,0.37,193679.0,2413883.0,19.83,1.68,143273741.0,312765273.399732
801193.SI,20220120,证券Ⅱ,6680.81,6878.49,6642.0,6799.18,108.38,1.62,304925.0,3719799.0,20.15,1.7,145594602.0,318322534.56233
801193.SI,20220121,证券Ⅱ,6773.79,6827.76,6697.83,6732.65,-66.54,-0.98,192099.0,2261596.0,19.96,1.69,144169831.0,315052193.325461
801193.SI,20220124,证券Ⅱ,6698.17,6779.2,6639.56,6683.93,-48.71,-0.72,160340.0,1918333.0,19.81,1.68,143126684.0,313022769.848831
801193.SI,20220125,证券Ⅱ,6649.95,6709.49,6491.27,6508.14,-175.79,-2.63,200093.0,2323126.0,19.3,1.63,139499725.0,304104390.509141
801193.SI,20220126,证券Ⅱ,6531.31,6666.31,6481.29,6626.37,118.23,1.82,199794.0,2407667.0,19.66,1.66,142033870.0,309806652.361598
801193.SI,20220127,证券Ⅱ,6613.95,6662.59,6449.37,6476.74,-149.64,-2.26,216525.0,2870534.0,19.05,1.61,137648877.0,300416862.99713
801193.SI,20220128,证券Ⅱ,6528.5,6618.93,6387.56,6421.16,-55.57,-0.86,198557.0,2596319.0,18.87,1.6,136390773.0,297625139.050737
801193.SI,20220207,证券Ⅱ,6525.96,6584.52,6452.98,6523.27,102.11,1.59,165162.0,2173014.0,19.17,1.62,138525794.0,301444460.642639
801193.SI,20220208,证券Ⅱ,6513.21,6635.61,6444.78,6610.34,87.07,1.33,203392.0,2437140.0,19.43,1.64,140403695.0,306370294.228604
801193.SI,20220209,证券Ⅱ,6596.26,6662.79,6553.97,6626.98,16.64,0.25,161720.0,2023275.0,19.48,1.65,140771693.0,307063523.051053
801193.SI,20220210,证券Ⅱ,6624.51,6675.96,6560.77,6622.39,-4.59,-0.07,150089.0,1914895.0,19.47,1.65,140669738.0,307054354.430307
801193.SI,20220211,证券Ⅱ,6600.77,6745.4,6566.21,6622.55,0.16,0.0,206484.0,2649275.0,19.46,1.65,140630964.0,307004382.16904
801193.SI,20220214,证券Ⅱ,6560.36,6591.35,6247.28,6296.49,-326.06,-4.92,266664.0,4022335.0,18.5,1.56,133663070.0,293812234.09334
801193.SI,20220215,证券Ⅱ,6266.84,6332.0,6227.58,6305.01,8.52,0.14,136618.0,2025580.0,18.91,1.6,137698151.0,298297721.256134
801193.SI,20220216,证券Ⅱ,6337.46,6392.69,6288.41,6312.88,7.87,0.12,121389.0,1727438.0,18.94,1.6,137870065.0,298730831.391308
801193.SI,20220217,证券Ⅱ,6298.78,6347.41,6236.25,6264.12,-48.76,-0.77,130507.0,1633359.0,18.79,1.59,136805259.0,296128733.947202
801193.SI,20220218,证券Ⅱ,6229.91,6311.37,6201.94,6286.12,22.0,0.35,121847.0,1603755.0,18.86,1.6,137285774.0,297523328.87499
801193.SI,20220221,证券Ⅱ,6293.0,6330.0,6207.61,6266.58,-19.54,-0.31,155644.0,2300413.0,18.8,1.59,136859058.0,297911633.071503
801193.SI,20220222,证券Ⅱ,6211.75,6240.17,6106.48,6147.33,-119.26,-1.9,171417.0,2345801.0,18.44,1.56,134254562.0,292690804.561679
801193.SI,20220223,证券Ⅱ,6159.35,6249.13,6130.86,6232.81,85.48,1.39,155508.0,2166328.0,18.7,1.58,136121350.0,296146757.129088
801193.SI,20220224,证券Ⅱ,6184.97,6230.57,5986.36,6054.5,-178.31,-2.86,243223.0,2918153.0,18.17,1.54,130983589.0,287251733.702355
801193.SI,20220225,证券Ⅱ,6108.61,6166.13,6039.55,6062.21,7.72,0.13,153079.0,1980029.0,18.19,1.54,131150512.0,287521944.601553
801193.SI,20220228,证券Ⅱ,6049.53,6096.59,5975.26,6055.71,-6.5,-0.11,138581.0,1697414.0,18.17,1.54,131009797.0,286757548.680581
801193.SI,20220301,证券Ⅱ,6069.85,6137.07,6031.17,6115.63,59.92,0.99,143904.0,1984992.0,18.35,1.55,132306095.0,289450640.566066
801193.SI,20220302,证券Ⅱ,6071.24,6114.13,6041.35,6083.64,-31.98,-0.52,103123.0,1294903.0,18.25,1.54,131614143.0,288414605.561025
801193.SI,20220303,证券Ⅱ,6099.5,6143.05,6048.89,6079.31,-4.33,-0.07,124230.0,1491820.0,18.24,1.54,131520406.0,288141990.870687
801193.SI,20220304,证券Ⅱ,6038.12,6067.68,5955.31,5987.39,-91.92,-1.51,135759.0,1765032.0,17.97,1.52,129472017.0,284301748.015161
801193.SI,20220307,证券Ⅱ,5959.89,5977.14,5800.9,5831.11,-156.28,-2.61,162690.0,2186162.0,17.5,1.48,126118791.0,277531179.397827
801193.SI,20220308,证券Ⅱ,5834.33,5897.38,5685.08,5713.82,-117.29,-2.01,191887.0,2306825.0,17.15,1.45,123582064.0,271787216.349751
801193.SI,20220309,证券Ⅱ,5736.62,5766.44,5341.96,5553.02,-160.81,-2.81,257816.0,2947120.0,16.67,1.41,120104059.0,265669648.21283
801193.SI,20220310,证券Ⅱ,5670.97,5706.48,5537.88,5552.44,-0.58,-0.01,183015.0,2300385.0,16.67,1.41,120091554.0,265211648.120441
801193.SI,20220311,证券Ⅱ,5475.89,5718.91,5363.29,5663.48,111.04,2.0,269354.0,3254759.0,17.0,1.44,122493282.0,272112747.168142
801193.SI,20220314,证券Ⅱ,5568.23,5695.61,5530.95,5563.08,-100.4,-1.77,201135.0,2416866.0,16.7,1.41,120321717.0,268232129.616374
801193.SI,20220315,证券Ⅱ,5513.39,5649.18,5349.29,5371.74,-191.34,-3.44,289206.0,3430571.0,16.3,1.38,117653343.0,260263067.754043
801193.SI,20220316,证券Ⅱ,5436.7,5783.57,5329.35,5721.49,349.75,6.51,394678.0,4827634.0,17.36,1.47,125313665.0,276579454.673104
801193.SI,20220317,证券Ⅱ,5795.59,5862.97,5676.2,5715.18,-6.31,-0.11,366679.0,4829292.0,17.34,1.47,125175443.0,275279212.560822
801193.SI,20220318,证券Ⅱ,5704.85,5818.47,5651.91,5779.5,64.32,1.13,249134.0,3065207.0,17.51,1.48,126584252.0,277448060.844622
801193.SI,20220321,证券Ⅱ,5743.41,5764.91,5630.75,5674.0,-105.5,-1.83,213717.0,2657261.0,17.03,1.45,124273499.0,273022784.152487
801193.SI,20220322,证券Ⅱ,5643.79,5747.14,5621.56,5681.8,7.8,0.14,165437.0,1972751.0,17.05,1.45,124470392.0,273090139.127726
801193.SI,20220323,证券Ⅱ,5688.46,5723.47,5645.93,5677.72,-4.08,-0.07,134901.0,1616076.0,17.04,1.45,124381000.0,272676337.970281
801193.SI,20220324,证券Ⅱ,5639.15,5688.27,5581.8,5620.58,-57.14,-1.01,143744.0,1730604.0,16.87,1.44,123132303.0,269628228.629456
801193.SI,20220325,证券Ⅱ,5618.42,5679.52,5536.84,5546.17,-74.41,-1.32,142182.0,1694660.0,16.54,1.42,121502220.0,266372618.173472
801193.SI,20220328,证券Ⅱ,5484.65,5610.19,5449.14,5564.24,18.07,0.33,140984.0,1636335.0,16.54,1.42,121898031.0,267108766.978883
801193.SI,20220329,证券Ⅱ,5572.06,5603.44,5484.8,5504.79,-59.45,-1.07,120242.0,1313537.0,15.97,1.4,120595743.0,264393166.762655
801193.SI,20220330,证券Ⅱ,5548.86,5759.81,5538.83,5732.96,228.17,4.14,265480.0,3268349.0,16.75,1.46,125594409.0,274722027.814939
801193.SI,20220331,证券Ⅱ,5688.11,5744.18,5642.42,5670.95,-62.01,-1.08,189449.0,2198994.0,16.04,1.43,124183017.0,272006711.891214
801193.SI,20220401,证券Ⅱ,5638.86,5803.45,5619.16,5763.43,92.48,1.63,228938.0,2790588.0,16.3,1.45,126208159.0,276223603.859911
801193.SI,20220406,证券Ⅱ,5717.97,5796.17,5688.46,5765.32,1.89,0.03,188070.0,2087004.0,16.3,1.45,128151165.0,276269696.589296
801193.SI,20220407,证券Ⅱ,5741.34,5814.33,5643.92,5651.09,-114.23,-1.98,191122.0,2217484.0,15.98,1.42,125579428.0,270955549.431355
801193.SI,20220408,证券Ⅱ,5661.29,5775.58,5601.04,5738.9,87.81,1.55,199475.0,2376438.0,16.22,1.44,127201239.0,275019732.303563
801193.SI,20220411,证券Ⅱ,5703.56,5722.05,5526.88,5555.8,-183.1,-3.19,203025.0,2432122.0,15.67,1.38,123142896.0,266640751.558628
801193.SI,20220412,证券Ⅱ,5543.48,5810.16,5512.56,5743.12,187.32,3.37,277435.0,3296770.0,16.18,1.43,127231480.0,275750283.604172
801193.SI,20220413,证券Ⅱ,5686.72,5786.18,5640.65,5672.06,-71.06,-1.24,234413.0,2879018.0,15.98,1.41,125648443.0,272865842.85151
801193.SI,20220414,证券Ⅱ,5726.13,5839.64,5692.29,5773.19,101.13,1.78,251897.0,3218007.0,16.27,1.44,127894036.0,277388296.946737
801193.SI,20220415,证券Ⅱ,5731.03,5836.33,5681.81,5740.84,-32.35,-0.56,228175.0,2710441.0,16.17,1.43,127150262.0,275331020.043471
801193.SI,20220418,证券Ⅱ,5645.49,5678.7,5515.99,5591.52,-149.32,-2.6,224491.0,2546566.0,15.77,1.39,124268967.0,267649017.930261
801193.SI,20220419,证券Ⅱ,5571.91,5628.63,5512.81,5546.4,-45.12,-0.81,168090.0,1852683.0,15.61,1.38,123262864.0,265911483.567406
801193.SI,20220420,证券Ⅱ,5538.62,5578.14,5417.53,5441.0,-105.4,-1.9,180719.0,2054939.0,15.31,1.36,120883604.0,262200660.211787
801193.SI,20220421,证券Ⅱ,5415.08,5550.08,5372.06,5425.8,-15.2,-0.28,217755.0,2364659.0,15.27,1.35,120535196.0,261733096.910282
801193.SI,20220422,证券Ⅱ,5393.32,5512.86,5365.27,5434.66,8.86,0.16,190047.0,2098346.0,15.3,1.35,120934822.0,262081867.835849
801193.SI,20220425,证券Ⅱ,5320.26,5466.45,5194.98,5254.06,-180.6,-3.32,301328.0,3108808.0,14.85,1.3,117704262.0,253645438.12377
801193.SI,20220426,证券Ⅱ,5253.79,5315.54,4979.08,5033.4,-220.67,-4.2,329436.0,3253385.0,14.24,1.24,112760795.0,241135989.856621
801193.SI,20220427,证券Ⅱ,4959.53,5171.6,4903.57,5122.03,88.64,1.76,298395.0,2873188.0,14.5,1.27,114746477.0,244395075.793916
801193.SI,20220428,证券Ⅱ,5066.08,5114.83,4946.73,5011.24,-110.8,-2.16,231392.0,2171328.0,14.15,1.24,112264355.0,238301104.149575
801193.SI,20220429,证券Ⅱ,5145.14,5322.14,5048.62,5258.54,247.31,4.94,351156.0,3644035.0,14.7,1.26,117781386.0,249513144.392426
801193.SI,20220505,证券Ⅱ,5161.15,5238.32,5122.07,5179.9,-78.64,-1.5,225368.0,2175103.0,16.04,1.23,116043277.0,245631208.869181
801193.SI,20220506,证券Ⅱ,5084.0,5137.55,5021.12,5035.95,-143.95,-2.78,175967.0,1725759.0,15.6,1.2,112813158.0,239337984.475375
801193.SI,20220509,证券Ⅱ,5009.78,5094.29,4991.74,5048.52,12.58,0.25,115841.0,1114975.0,15.69,1.21,113655680.0,240189692.150793
801193.SI,20220510,证券Ⅱ,4995.47,5155.88,4974.67,5121.7,73.18,1.45,183021.0,1828359.0,15.91,1.22,115306825.0,243547308.930735
801193.SI,20220511,证券Ⅱ,5124.24,5291.72,5098.29,5154.35,32.64,0.64,261197.0,2787509.0,16.01,1.23,116005708.0,244652396.567598
801193.SI,20220512,证券Ⅱ,5122.33,5234.47,5100.06,5159.85,5.51,0.11,160292.0,1669848.0,16.03,1.23,116137047.0,245476049.577627
801193.SI,20220513,证券Ⅱ,5187.14,5238.77,5139.17,5196.08,36.23,0.7,151015.0,1486248.0,16.24,1.25,117709997.0,248502245.448075
801193.SI,20220516,证券Ⅱ,5240.6,5258.56,5122.28,5147.75,-48.33,-0.93,140869.0,1420567.0,16.09,1.24,116615185.0,246655562.288247
801193.SI,20220517,证券Ⅱ,5147.6,5202.81,5097.64,5176.72,28.97,0.56,124252.0,1284918.0,16.18,1.24,117271431.0,247636443.055327
801193.SI,20220518,证券Ⅱ,5192.31,5245.72,5148.91,5190.3,13.58,0.26,166471.0,1757478.0,16.27,1.25,117618028.0,248406416.403671
801193.SI,20220519,证券Ⅱ,5127.28,5191.05,5100.81,5174.91,-15.39,-0.3,141357.0,1418915.0,16.23,1.25,117269242.0,247707293.616486
801193.SI,20220520,证券Ⅱ,5201.01,5312.46,5187.15,5274.37,99.46,1.92,229382.0,2533169.0,16.54,1.27,119523042.0,252185784.282175
801193.SI,20220523,证券Ⅱ,5260.75,5322.63,5216.63,5291.49,17.12,0.32,184752.0,1773832.0,16.59,1.28,119911094.0,253062019.683089
801193.SI,20220524,证券Ⅱ,5284.28,5329.61,5130.06,5138.81,-152.68,-2.89,209459.0,1938214.0,16.11,1.24,116451163.0,245441999.950281
801193.SI,20220525,证券Ⅱ,5142.11,5187.36,5114.8,5169.0,30.19,0.59,125854.0,1192730.0,16.21,1.25,117135283.0,246839011.912959
801193.SI,20220526,证券Ⅱ,5172.8,5318.0,5116.36,5253.21,84.22,1.63,216666.0,2047794.0,16.47,1.27,119043705.0,251205093.834556
801193.SI,20220527,证券Ⅱ,5273.26,5319.06,5198.05,5233.54,-19.67,-0.37,186429.0,1712658.0,16.41,1.26,118597972.0,250413487.939692
801193.SI,20220530,证券Ⅱ,5240.72,5263.2,5181.02,5208.82,-24.72,-0.47,134908.0,1268109.0,16.33,1.26,118037767.0,249366163.425396
801193.SI,20220531,证券Ⅱ,5210.4,5304.82,5181.42,5282.02,73.2,1.41,195057.0,2080957.0,16.12,1.25,124468459.0,252931513.985005
801193.SI,20220601,证券Ⅱ,5275.41,5319.78,5221.86,5261.02,-21.0,-0.4,147791.0,1597516.0,16.06,1.25,123973593.0,251753779.478403
801193.SI,20220602,证券Ⅱ,5237.21,5324.03,5204.85,5295.99,34.97,0.66,170106.0,1669083.0,16.16,1.26,124797717.0,253552727.978666
801193.SI,20220606,证券Ⅱ,5282.28,5446.84,5250.46,5419.28,123.29,2.33,272807.0,2978942.0,16.53,1.29,127587445.0,259223862.742549
801193.SI,20220607,证券Ⅱ,5404.46,5534.14,5379.83,5424.39,5.11,0.09,273572.0,3062445.0,16.54,1.29,127707814.0,259697608.618155
801193.SI,20220608,证券Ⅱ,5434.07,5543.66,5383.87,5504.94,80.55,1.48,303991.0,3169936.0,16.79,1.31,129604239.0,263837815.104331
801193.SI,20220609,证券Ⅱ,5526.25,5657.99,5462.26,5508.73,3.79,0.07,362805.0,3807647.0,16.8,1.31,129693569.0,264331390.346527
801193.SI,20220610,证券Ⅱ,5467.59,5684.55,5426.0,5655.78,147.04,2.67,440564.0,4503269.0,17.25,1.34,133155387.0,271664983.487809
801193.SI,20220613,证券Ⅱ,5569.33,5670.17,5502.16,5577.32,-78.46,-1.39,354097.0,3829400.0,17.01,1.32,131308230.0,268306938.637745
801193.SI,20220614,证券Ⅱ,5497.02,5902.41,5418.33,5843.43,266.11,4.77,525723.0,5688088.0,17.82,1.39,137573289.0,282420392.747748
801193.SI,20220615,证券Ⅱ,5906.09,6299.06,5884.37,6045.05,201.63,3.45,902497.0,10154667.0,18.44,1.44,142320298.0,292456716.291523
801193.SI,20220616,证券Ⅱ,6040.69,6069.65,5767.3,5790.76,-254.3,-4.21,655765.0,7608638.0,17.66,1.37,136333270.0,279515478.7387
801193.SI,20220617,证券Ⅱ,5722.07,5886.43,5640.01,5781.48,-9.27,-0.16,456544.0,5257460.0,17.63,1.37,136114960.0,279850332.620435
801193.SI,20220620,证券Ⅱ,5755.56,5851.07,5702.25,5741.94,-39.54,-0.68,290093.0,3337494.0,17.51,1.36,135184017.0,277483928.488785
801193.SI,20220621,证券Ⅱ,5743.11,5814.47,5665.15,5735.46,-6.48,-0.11,257354.0,2978181.0,17.49,1.36,135031425.0,276848023.985442
801193.SI,20220622,证券Ⅱ,5725.36,5776.57,5613.33,5628.34,-107.12,-1.87,263980.0,3070184.0,17.16,1.34,132509366.0,272219316.694527
801193.SI,20220623,证券Ⅱ,5620.01,5888.85,5609.85,5826.91,198.58,3.53,374994.0,4621387.0,17.77,1.38,137184569.0,282271555.874508
801193.SI,20220624,证券Ⅱ,5840.89,5908.75,5755.09,5828.96,2.04,0.04,298856.0,3835047.0,17.78,1.38,137232644.0,281941640.765642
801193.SI,20220627,证券Ⅱ,5875.91,5943.85,5800.87,5843.19,14.23,0.24,266057.0,3464801.0,17.85,1.39,137642603.0,282759031.040449
801193.SI,20220628,证券Ⅱ,5832.07,5956.78,5753.51,5896.02,52.83,0.9,272423.0,3207892.0,17.98,1.4,138887156.0,284922351.15887
801193.SI,20220629,证券Ⅱ,5854.4,5954.34,5748.44,5764.53,-131.49,-2.23,317769.0,3641729.0,17.58,1.37,135793538.0,278506534.410087
801193.SI,20220630,证券Ⅱ,5777.73,5903.1,5757.66,5817.01,52.48,0.91,256329.0,3011065.0,17.74,1.38,137303409.0,281118856.815347
801193.SI,20220701,证券Ⅱ,5819.22,5860.47,5719.19,5744.49,-72.52,-1.25,199411.0,2248835.0,17.52,1.36,135591763.0,277466824.654418
801193.SI,20220704,证券Ⅱ,5735.5,5797.11,5647.31,5775.38,30.89,0.54,180822.0,2206181.0,17.62,1.37,136320837.0,278815617.50652
801193.SI,20220705,证券Ⅱ,5779.34,5825.77,5643.57,5702.77,-72.61,-1.26,196881.0,2382975.0,17.4,1.36,134794803.0,275573406.189349
801193.SI,20220706,证券Ⅱ,5688.86,5725.53,5601.01,5640.43,-62.34,-1.09,186258.0,2272988.0,17.21,1.34,133321231.0,273061096.743604
801193.SI,20220707,证券Ⅱ,5628.22,5679.86,5590.99,5614.52,-25.91,-0.46,136414.0,1611553.0,17.13,1.33,132708876.0,271791441.113839
801193.SI,20220708,证券Ⅱ,5636.32,5675.32,5547.35,5562.28,-52.24,-0.93,156612.0,2059593.0,16.97,1.32,131473978.0,269623402.83229
801193.SI,20220711,证券Ⅱ,5543.7,5571.18,5478.43,5505.43,-56.85,-1.02,137833.0,1644187.0,16.8,1.31,130130272.0,266927376.643343
801193.SI,20220712,证券Ⅱ,5522.36,5603.79,5478.45,5518.85,13.42,0.24,193031.0,2141672.0,16.84,1.31,130447481.0,267736366.674128
801193.SI,20220713,证券Ⅱ,5505.5,5559.4,5473.78,5503.52,-15.32,-0.28,144314.0,1615823.0,16.79,1.31,130085249.0,266995836.938757
801193.SI,20220714,证券Ⅱ,5490.93,5527.02,5433.24,5457.28,-46.24,-0.84,151213.0,1658384.0,16.65,1.3,128992270.0,264715236.358075
801193.SI,20220715,证券Ⅱ,5429.99,5476.64,5300.59,5306.03,-151.25,-2.77,201378.0,2042690.0,16.19,1.26,125417225.0,257119259.410238
801193.SI,20220718,证券Ⅱ,5338.32,5467.79,5330.05,5435.13,129.1,2.43,154569.0,1743241.0,16.59,1.29,128326072.0,263175272.292041
801193.SI,20220719,证券Ⅱ,5435.04,5503.69,5393.9,5472.1,36.97,0.68,130648.0,1457677.0,16.7,1.3,129198878.0,265402211.312796
801193.SI,20220720,证券Ⅱ,5486.14,5512.77,5446.53,5468.44,-3.66,-0.07,105527.0,1169773.0,16.69,1.3,129112450.0,265133247.430519
801193.SI,20220721,证券Ⅱ,5451.68,5482.06,5407.46,5414.98,-53.46,-0.98,111698.0,1231490.0,16.53,1.29,127850317.0,262547361.759639
801193.SI,20220722,证券Ⅱ,5429.14,5499.58,5379.94,5433.19,18.21,0.34,130917.0,1441913.0,16.58,1.29,128280195.0,263342635.705905
801193.SI,20220725,证券Ⅱ,5429.3,5448.3,5345.12,5364.43,-68.76,-1.27,102734.0,1197118.0,16.37,1.28,126656719.0,260049686.884382
801193.SI,20220726,证券Ⅱ,5371.13,5427.02,5347.91,5393.05,28.63,0.53,87409.0,965734.0,16.46,1.28,127332612.0,261490197.350003
801193.SI,20220727,证券Ⅱ,5378.17,5411.91,5352.24,5378.68,-14.37,-0.27,86996.0,964543.0,16.42,1.28,126993316.0,260984201.782594
801193.SI,20220728,证券Ⅱ,5401.56,5487.69,5390.36,5415.22,36.54,0.68,154330.0,1741697.0,16.53,1.29,127855981.0,262890294.398542
801193.SI,20220729,证券Ⅱ,5414.6,5454.76,5341.97,5355.48,-59.74,-1.1,117873.0,1334155.0,16.34,1.27,126445409.0,259968112.45734
801193.SI,20220801,证券Ⅱ,5343.79,5358.1,5254.93,5301.52,-53.96,-1.01,114990.0,1364254.0,16.18,1.26,125171360.0,257659471.914928
801193.SI,20220802,证券Ⅱ,5244.76,5262.97,5071.81,5139.82,-161.69,-3.05,198810.0,2010228.0,15.69,1.22,121353691.0,249495323.430309
801193.SI,20220803,证券Ⅱ,5137.08,5217.54,5096.71,5105.73,-34.09,-0.66,124322.0,1342095.0,15.58,1.21,120548820.0,247807390.574692
801193.SI,20220804,证券Ⅱ,5137.51,5187.9,5109.63,5152.57,46.83,0.92,105326.0,1154195.0,15.73,1.22,121654578.0,250376699.35273
801193.SI,20220805,证券Ⅱ,5156.02,5281.51,5125.5,5267.34,114.77,2.23,162977.0,1685174.0,16.08,1.25,124364418.0,255906213.39703
801193.SI,20220808,证券Ⅱ,5235.85,5290.34,5217.66,5265.94,-1.4,-0.03,105780.0,1106034.0,16.07,1.25,124331347.0,255702226.981104
801193.SI,20220809,证券Ⅱ,5258.79,5295.78,5226.61,5242.71,-23.23,-0.44,93032.0,1017082.0,16.0,1.25,123782943.0,254315704.232798
801193.SI,20220810,证券Ⅱ,5238.43,5303.1,5196.43,5229.4,-13.31,-0.25,102269.0,1112368.0,15.96,1.24,123468758.0,253708347.573431
801193.SI,20220811,证券Ⅱ,5268.39,5527.0,5249.34,5505.98,276.57,5.29,377738.0,4171319.0,16.8,1.31,129998734.0,267501228.297332
801193.SI,20220812,证券Ⅱ,5460.58,5548.17,5427.57,5499.51,-6.46,-0.12,304326.0,3081292.0,16.78,1.31,129846116.0,266878268.684649
801193.SI,20220815,证券Ⅱ,5456.57,5535.5,5418.66,5456.85,-42.67,-0.78,207321.0,2057552.0,16.65,1.3,128838766.0,264734878.478246
801193.SI,20220816,证券Ⅱ,5474.51,5512.13,5431.7,5451.5,-5.34,-0.1,155785.0,1511062.0,16.64,1.29,128712571.0,264401151.864226
801193.SI,20220817,证券Ⅱ,5457.53,5589.11,5416.84,5550.15,98.65,1.81,278822.0,2949123.0,16.94,1.32,131065614.0,269344768.875539
801193.SI,20220818,证券Ⅱ,5520.19,5560.2,5478.52,5501.74,-48.41,-0.87,186981.0,1872837.0,16.79,1.31,129922417.0,266824104.558045
801193.SI,20220819,证券Ⅱ,5501.85,5555.08,5464.22,5474.38,-27.36,-0.5,160718.0,1664040.0,16.71,1.3,129276370.0,265440385.560222
801193.SI,20220822,证券Ⅱ,5453.38,5502.98,5421.62,5447.5,-26.88,-0.49,134854.0,1386561.0,16.62,1.29,128430059.0,264861759.289078
801193.SI,20220823,证券Ⅱ,5447.0,5562.95,5412.42,5474.87,27.37,0.5,210907.0,2129937.0,16.71,1.3,129075426.0,266581867.323244
801193.SI,20220824,证券Ⅱ,5466.45,5595.43,5381.59,5397.6,-77.27,-1.41,286271.0,2955463.0,16.47,1.28,127253689.0,262685996.702343
801193.SI,20220825,证券Ⅱ,5418.81,5542.61,5378.25,5499.36,101.76,1.89,280121.0,2750192.0,16.77,1.3,129526910.0,266928818.052952
801193.SI,20220826,证券Ⅱ,5483.41,5509.95,5394.79,5422.52,-76.84,-1.4,212369.0,1969162.0,16.53,1.28,127695922.0,263416537.474975
801193.SI,20220829,证券Ⅱ,5365.81,5426.21,5331.31,5390.76,-31.76,-0.59,166044.0,1508666.0,16.43,1.27,126953832.0,262035596.095754
801193.SI,20220830,证券Ⅱ,5390.12,5454.62,5325.13,5391.27,0.51,0.01,194625.0,1783763.0,16.43,1.27,126971240.0,262235085.760114
801193.SI,20220831,证券Ⅱ,5366.72,5499.89,5337.22,5428.61,37.34,0.69,251950.0,2542825.0,16.55,1.27,127852358.0,264667900.119748
801193.SI,20220901,证券Ⅱ,5402.55,5444.45,5338.35,5358.45,-70.15,-1.29,165827.0,1611706.0,17.1,1.25,126196017.0,261272326.509018
801193.SI,20220902,证券Ⅱ,5365.81,5415.07,5306.24,5347.48,-10.98,-0.2,141593.0,1382203.0,17.17,1.26,127122344.0,262097661.560708
801193.SI,20220905,证券Ⅱ,5330.85,5400.25,5308.27,5388.8,41.32,0.77,132578.0,1276326.0,17.3,1.27,128104644.0,264384618.326615
801193.SI,20220906,证券Ⅱ,5403.22,5464.69,5381.82,5450.35,61.55,1.14,173349.0,1806646.0,17.5,1.28,129567838.0,267323466.493304
801193.SI,20220907,证券Ⅱ,5427.57,5444.94,5384.25,5411.46,-38.89,-0.71,116502.0,1187578.0,17.37,1.27,128563136.0,265215897.19791
801193.SI,20220908,证券Ⅱ,5424.43,5460.58,5384.53,5395.87,-15.59,-0.29,116353.0,1234302.0,17.32,1.27,128192804.0,264236643.855444
801193.SI,20220909,证券Ⅱ,5402.11,5529.4,5387.76,5489.61,93.74,1.74,220151.0,2369835.0,17.63,1.29,130419941.0,268853492.940219
801193.SI,20220913,证券Ⅱ,5508.98,5561.26,5464.31,5488.22,-1.4,-0.03,181044.0,1820585.0,17.62,1.29,130386760.0,268749317.80042
801193.SI,20220914,证券Ⅱ,5410.63,5464.79,5377.08,5412.67,-75.55,-1.38,169964.0,1697206.0,17.38,1.27,128591968.0,264173525.685606
801193.SI,20220915,证券Ⅱ,5431.68,5494.83,5357.97,5399.48,-13.19,-0.24,186637.0,1885768.0,17.34,1.27,128278648.0,263622047.752073
801193.SI,20220916,证券Ⅱ,5378.72,5398.54,5031.53,5073.97,-325.51,-6.03,334662.0,3812216.0,16.29,1.19,120545220.0,248527495.480441
801193.SI,20220919,证券Ⅱ,5053.95,5089.43,4984.75,5016.85,-57.11,-1.13,148557.0,1585244.0,16.11,1.18,119188310.0,246243805.753074
801193.SI,20220920,证券Ⅱ,5040.26,5083.37,4991.76,5022.0,5.14,0.1,107310.0,1110295.0,16.12,1.18,119310535.0,246268464.687247
801193.SI,20220921,证券Ⅱ,4995.86,5048.85,4922.21,5013.34,-8.66,-0.17,130755.0,1351333.0,16.1,1.18,119104832.0,245807685.370847
801193.SI,20220922,证券Ⅱ,4971.56,5042.25,4955.34,4994.63,-18.71,-0.37,108571.0,1116561.0,16.04,1.18,118660296.0,245133416.437572
801193.SI,20220923,证券Ⅱ,4987.26,5057.37,4946.99,4991.82,-2.81,-0.06,131586.0,1268511.0,16.1,1.18,117693870.0,245127476.816313
801193.SI,20220926,证券Ⅱ,4952.72,4994.82,4869.47,4883.03,-108.79,-2.18,133886.0,1261058.0,15.75,1.15,115128910.0,239535603.328385
801193.SI,20220927,证券Ⅱ,4904.73,4951.13,4860.65,4937.54,54.51,1.12,103938.0,1027672.0,15.92,1.17,116414125.0,242377284.533134
801193.SI,20220928,证券Ⅱ,4915.54,4939.29,4825.56,4838.44,-99.1,-2.01,114474.0,1142600.0,15.6,1.14,114077517.0,237657439.81186
801193.SI,20220929,证券Ⅱ,4874.81,4899.4,4744.9,4772.79,-65.65,-1.36,126006.0,1191908.0,15.39,1.13,112529559.0,234126653.950779
801193.SI,20220930,证券Ⅱ,4776.68,4835.26,4743.97,4764.49,-8.3,-0.17,98727.0,927092.0,15.36,1.13,112333868.0,233785275.287561
801193.SI,20221010,证券Ⅱ,4759.27,4810.49,4688.17,4713.9,-50.59,-1.06,100436.0,927581.0,15.2,1.11,111141085.0,231297293.501411
801193.SI,20221011,证券Ⅱ,4733.09,4819.21,4696.24,4753.61,39.72,0.84,118759.0,1031449.0,15.33,1.12,112077510.0,233370050.146726
801193.SI,20221012,证券Ⅱ,4747.33,4878.09,4719.84,4868.72,115.11,2.42,148645.0,1317101.0,15.7,1.15,114791491.0,239150492.986952
801193.SI,20221013,证券Ⅱ,4834.86,4883.96,4809.39,4844.97,-23.75,-0.49,110208.0,1004436.0,15.62,1.15,114231452.0,238206206.277386
801193.SI,20221014,证券Ⅱ,4886.46,4968.01,4868.59,4919.23,74.27,1.53,149594.0,1486656.0,15.86,1.16,115982440.0,241727375.530008
801193.SI,20221017,证券Ⅱ,4895.72,4974.35,4879.02,4947.45,28.22,0.57,116794.0,1091253.0,15.95,1.17,116647740.0,243021196.358476
801193.SI,20221018,证券Ⅱ,4970.74,4996.31,4910.85,4928.92,-18.53,-0.37,112378.0,1037041.0,15.89,1.17,116210841.0,242050751.044603
801193.SI,20221019,证券Ⅱ,4924.71,4952.32,4866.43,4874.17,-54.75,-1.11,98477.0,948871.0,15.72,1.15,114919990.0,239492907.753647
801193.SI,20221020,证券Ⅱ,4856.88,4977.38,4842.84,4897.69,23.52,0.48,141187.0,1282208.0,15.79,1.16,115474449.0,240987664.308658
801193.SI,20221021,证券Ⅱ,5014.81,5047.4,4896.29,4908.87,11.18,0.23,200821.0,1840684.0,15.83,1.16,115728541.0,241568925.164889
801193.SI,20221024,证券Ⅱ,4926.12,5041.2,4785.91,4812.68,-96.19,-1.96,240374.0,2130162.0,15.52,1.14,113460873.0,237141264.892872
801193.SI,20221025,证券Ⅱ,4799.96,4854.77,4656.24,4713.53,-99.16,-2.06,211632.0,2043394.0,15.2,1.11,111123212.0,233370620.141283
801193.SI,20221026,证券Ⅱ,4719.18,4829.09,4696.49,4751.7,38.17,0.81,187129.0,1749026.0,15.32,1.12,112023087.0,235530453.486937
801193.SI,20221027,证券Ⅱ,4756.79,4850.55,4739.33,4778.85,27.15,0.57,161678.0,1556776.0,15.41,1.13,112663198.0,236626877.760787
801193.SI,20221028,证券Ⅱ,4751.97,4806.06,4639.41,4661.72,-117.13,-2.45,184319.0,1689877.0,15.03,1.1,109901883.0,230928326.728548
801193.SI,20221031,证券Ⅱ,4636.16,4751.0,4602.27,4684.01,22.28,0.48,162996.0,1439581.0,15.1,1.07,110427253.0,231726384.548245
801193.SI,20221101,证券Ⅱ,4693.06,4839.19,4680.14,4829.55,145.55,3.11,202821.0,1944148.0,17.58,1.1,113858628.0,238758758.942888
801193.SI,20221102,证券Ⅱ,4798.29,4879.09,4775.28,4841.05,11.5,0.24,170782.0,1698274.0,17.62,1.11,114129745.0,239422534.899856
801193.SI,20221103,证券Ⅱ,4805.61,4843.04,4772.1,4808.55,-32.51,-0.67,110038.0,1065458.0,17.5,1.1,113363377.0,238170417.115598
801193.SI,20221104,证券Ⅱ,4802.91,5003.5,4796.17,4953.51,144.96,3.01,255825.0,2601722.0,18.03,1.13,116780876.0,244590924.556627
801193.SI,20221107,证券Ⅱ,4916.74,4985.73,4901.08,4952.15,-1.36,-0.03,169973.0,1585627.0,18.02,1.13,116748895.0,244435621.377089
801193.SI,20221108,证券Ⅱ,4953.68,4976.46,4898.95,4932.11,-20.04,-0.4,110250.0,1031001.0,17.95,1.13,116276419.0,243514833.520178
801193.SI,20221109,证券Ⅱ,4929.85,4959.78,4893.46,4904.04,-28.07,-0.57,99018.0,940997.0,17.85,1.12,115614695.0,241993594.743527
801193.SI,20221110,证券Ⅱ,4875.62,4969.32,4858.65,4935.85,31.81,0.65,138693.0,1333722.0,17.98,1.13,116262540.0,243611171.92852
801193.SI,20221111,证券Ⅱ,5072.39,5163.24,4991.15,5072.2,136.35,2.76,351174.0,3577245.0,18.47,1.16,119625988.0,249881488.30426
801193.SI,20221114,证券Ⅱ,5099.93,5222.53,5068.0,5106.19,33.99,0.67,313137.0,3183805.0,18.6,1.17,120427743.0,251769729.411353
801193.SI,20221115,证券Ⅱ,5089.64,5368.52,5073.56,5294.24,188.04,3.68,444994.0,4458137.0,19.28,1.21,124862611.0,261523549.161578
801193.SI,20221116,证券Ⅱ,5267.88,5305.18,5183.95,5199.58,-94.66,-1.79,275746.0,2781414.0,18.94,1.19,122630159.0,256949000.221473
801193.SI,20221117,证券Ⅱ,5184.7,5247.29,5149.1,5233.16,33.58,0.65,239660.0,2305266.0,19.06,1.2,123422170.0,259039515.370317
801193.SI,20221118,证券Ⅱ,5225.7,5249.7,5137.74,5150.98,-82.18,-1.57,212837.0,2119994.0,18.76,1.18,121483996.0,254841445.697973
801193.SI,20221121,证券Ⅱ,5116.05,5123.07,5020.79,5060.85,-90.13,-1.75,166916.0,1675082.0,18.46,1.16,119401987.0,249879849.546481
801193.SI,20221122,证券Ⅱ,5062.63,5148.21,5036.48,5087.97,27.12,0.54,165249.0,1660150.0,18.56,1.17,120062973.0,251085151.887556
801193.SI,20221123,证券Ⅱ,5075.27,5137.03,5044.2,5084.75,-3.22,-0.06,137342.0,1329175.0,18.55,1.17,119986856.0,250851479.511433
801193.SI,20221124,证券Ⅱ,5134.82,5158.94,5046.84,5058.88,-25.87,-0.51,123376.0,1192179.0,18.45,1.16,119376398.0,249614039.205425
801193.SI,20221125,证券Ⅱ,5049.72,5153.01,5040.15,5110.83,51.95,1.03,152876.0,1518646.0,18.64,1.17,120602251.0,252264929.508141
801193.SI,20221128,证券Ⅱ,5009.28,5045.87,4944.14,5027.03,-83.8,-1.64,163906.0,1608085.0,18.34,1.15,118624779.0,248033503.672582
801193.SI,20221129,证券Ⅱ,5040.98,5274.18,5032.64,5228.62,201.59,4.01,310752.0,3252630.0,19.07,1.2,123381765.0,257551343.904637
801193.SI,20221130,证券Ⅱ,5216.83,5297.51,5183.47,5210.56,-18.06,-0.35,233427.0,2383478.0,19.0,1.19,122955549.0,256316932.257986
801193.SI,20221201,证券Ⅱ,5304.85,5431.22,5241.36,5251.04,40.48,0.78,305203.0,3410716.0,19.15,1.2,123910764.0,257945707.044191
801193.SI,20221202,证券Ⅱ,5250.24,5302.35,5196.26,5222.63,-28.41,-0.54,165849.0,1708412.0,19.05,1.2,123240422.0,256447373.261275
801193.SI,20221205,证券Ⅱ,5285.83,5424.15,5272.54,5403.0,180.37,3.45,305438.0,3334109.0,19.71,1.24,127496590.0,265148570.297453
801193.SI,20221206,证券Ⅱ,5366.93,5473.95,5343.34,5388.43,-14.56,-0.27,211556.0,2345798.0,19.65,1.23,127152993.0,264279480.471951
801193.SI,20221207,证券Ⅱ,5366.99,5424.78,5295.13,5337.5,-50.94,-0.95,189074.0,1977085.0,19.47,1.22,125951014.0,262006318.885214
801193.SI,20221208,证券Ⅱ,5336.62,5370.42,5295.49,5331.15,-6.35,-0.12,139301.0,1467121.0,19.44,1.22,125801266.0,261633979.300777
801193.SI,20221209,证券Ⅱ,5332.74,5414.4,5272.92,5369.96,38.81,0.73,250846.0,2661745.0,19.59,1.23,126717014.0,263121379.832947
801193.SI,20221212,证券Ⅱ,5332.7,5350.02,5228.28,5240.25,-129.71,-2.42,178795.0,1830412.0,19.11,1.2,123656188.0,256722061.692521
801193.SI,20221213,证券Ⅱ,5247.14,5290.74,5224.12,5246.57,6.32,0.12,108046.0,1091087.0,19.14,1.2,123805434.0,256790188.906504
801193.SI,20221214,证券Ⅱ,5253.59,5324.0,5223.69,5290.25,43.68,0.83,127940.0,1296045.0,19.3,1.21,124836193.0,258829430.099846
801193.SI,20221215,证券Ⅱ,5269.24,5303.88,5218.33,5234.73,-55.53,-1.05,106386.0,1077151.0,19.09,1.2,123525911.0,256440431.683173
801193.SI,20221216,证券Ⅱ,5210.19,5274.45,5192.28,5240.28,5.55,0.11,112353.0,1151535.0,19.11,1.2,123656839.0,256675527.435323
801193.SI,20221219,证券Ⅱ,5242.41,5281.24,5056.61,5088.37,-151.91,-2.9,167135.0,1671493.0,18.56,1.17,120072191.0,249041706.409748
801193.SI,20221220,证券Ⅱ,5079.22,5120.11,5024.3,5059.3,-29.07,-0.57,101770.0,1001968.0,18.45,1.16,119386191.0,248015350.576143
801193.SI,20221221,证券Ⅱ,5071.46,5104.65,5026.7,5054.67,-4.62,-0.09,83706.0,818523.0,18.42,1.16,119484553.0,247538585.861646
801193.SI,20221222,证券Ⅱ,5097.72,5136.53,5018.18,5048.28,-6.4,-0.13,109368.0,1101713.0,18.39,1.16,119333353.0,247021349.922399
801193.SI,20221223,证券Ⅱ,5015.2,5101.44,5001.38,5054.76,6.48,0.13,83052.0,827375.0,18.42,1.16,119486517.0,247439927.412023
801193.SI,20221226,证券Ⅱ,5053.79,5081.49,4996.79,5039.41,-15.34,-0.3,92642.0,903430.0,18.36,1.15,119123884.0,246745121.079662
801193.SI,20221227,证券Ⅱ,5073.25,5140.85,5043.6,5110.39,70.97,1.41,119561.0,1289059.0,18.62,1.17,120801579.0,249812476.892471
801193.SI,20221228,证券Ⅱ,5088.6,5124.09,5057.76,5083.08,-27.31,-0.53,87273.0,889978.0,18.52,1.16,120155993.0,248414696.968161
801193.SI,20221229,证券Ⅱ,5059.55,5097.47,5011.89,5064.85,-18.22,-0.36,119769.0,1243563.0,18.51,1.16,120131278.0,251748413.517079
801193.SI,20221230,证券Ⅱ,5079.39,5127.94,5065.17,5087.01,22.16,0.44,106829.0,1153935.0,18.6,1.17,120656816.0,252939319.923578
801193.SI,20230103,证券Ⅱ,5033.69,5080.36,4915.65,5060.99,-26.02,-0.51,187117.0,2041880.0,18.5,1.16,120039619.0,252074190.007455
801193.SI,20230104,证券Ⅱ,5053.13,5119.02,5037.45,5080.1,19.11,0.38,138426.0,1439921.0,18.57,1.17,120492948.0,252680012.433076
801193.SI,20230105,证券Ⅱ,5112.97,5214.93,5098.0,5184.6,104.5,2.06,221689.0,2452607.0,18.95,1.19,122971443.0,257319393.438682
801193.SI,20230106,证券Ⅱ,5168.92,5228.2,5144.07,5178.09,-6.5,-0.13,147139.0,1602926.0,18.93,1.19,122817157.0,256984227.610295
801193.SI,20230109,证券Ⅱ,5209.01,5343.7,5194.15,5277.36,99.26,1.92,239794.0,2638785.0,19.29,1.21,125171539.0,261541333.444576
801193.SI,20230110,证券Ⅱ,5277.33,5362.35,5238.83,5263.66,-13.7,-0.26,206667.0,2192345.0,19.25,1.21,124919575.0,260683680.751027
801193.SI,20230111,证券Ⅱ,5272.59,5318.79,5205.67,5229.0,-34.66,-0.66,170383.0,1943864.0,19.13,1.2,124097037.0,258808495.919265
801193.SI,20230112,证券Ⅱ,5242.58,5296.49,5203.89,5283.32,54.32,1.04,155632.0,1661217.0,19.32,1.21,125386183.0,261654745.370924
801193.SI,20230113,证券Ⅱ,5301.01,5394.63,5258.5,5388.23,104.91,1.99,243899.0,2638549.0,19.71,1.24,127881682.0,267254181.236779
801193.SI,20230116,证券Ⅱ,5400.83,5708.62,5377.36,5564.84,176.62,3.28,517964.0,5743987.0,20.35,1.28,132073457.0,275694400.210212
801193.SI,20230117,证券Ⅱ,5536.74,5646.38,5514.41,5626.98,62.14,1.12,326544.0,3334751.0,20.58,1.29,133548263.0,279171333.786322
801193.SI,20230118,证券Ⅱ,5590.23,5671.76,5564.49,5604.38,-22.6,-0.4,243744.0,2452801.0,20.5,1.29,133011861.0,278084599.941127
801193.SI,20230119,证券Ⅱ,5586.45,5724.96,5564.49,5714.92,110.53,1.97,309614.0,3191940.0,20.9,1.31,135635225.0,283858515.756426
801193.SI,20230120,证券Ⅱ,5711.96,5736.14,5610.91,5678.23,-36.69,-0.64,265932.0,2738996.0,20.77,1.3,134764507.0,281366689.841673
801193.SI,20230130,证券Ⅱ,5781.05,5810.17,5606.72,5634.93,-43.3,-0.76,278938.0,3082861.0,20.61,1.29,133736838.0,279115883.819456
801193.SI,20230131,证券Ⅱ,5636.48,5687.48,5548.98,5584.04,-50.89,-0.9,213403.0,2304806.0,20.43,1.28,132529064.0,277161083.060916
801193.SI,20230201,证券Ⅱ,5604.23,5762.28,5574.03,5747.0,162.96,2.92,293502.0,3086190.0,21.02,1.32,136396717.0,285557033.04874
801193.SI,20230202,证券Ⅱ,5829.35,5851.63,5608.2,5625.23,-121.77,-2.12,431114.0,4538123.0,20.57,1.29,133378857.0,279886855.768509
801193.SI,20230203,证券Ⅱ,5593.39,5642.95,5530.46,5594.7,-30.53,-0.54,229329.0,2404167.0,20.46,1.28,132654925.0,278420462.152924
801193.SI,20230206,证券Ⅱ,5540.49,5567.72,5448.81,5491.92,-102.78,-1.84,197555.0,2233405.0,20.08,1.26,130217857.0,273392398.538061
801193.SI,20230207,证券Ⅱ,5521.4,5546.4,5469.42,5506.9,14.99,0.27,151164.0,1552630.0,20.14,1.26,130573175.0,274222556.359228
801193.SI,20230208,证券Ⅱ,5512.18,5528.96,5439.9,5451.12,-55.78,-1.01,140780.0,1456957.0,20.02,1.26,129809046.0,277458595.343794
801193.SI,20230209,证券Ⅱ,5448.12,5552.46,5433.8,5541.07,89.96,1.65,209943.0,2448826.0,20.35,1.28,131951204.0,281954849.919295
801193.SI,20230210,证券Ⅱ,5521.99,5545.09,5466.08,5491.2,-49.87,-0.9,152615.0,1696487.0,20.17,1.26,130763634.0,278998908.265094
801193.SI,20230213,证券Ⅱ,5474.33,5538.65,5449.21,5520.79,29.58,0.54,148487.0,1638604.0,20.28,1.27,131468076.0,280435173.407656
801193.SI,20230214,证券Ⅱ,5530.86,5546.54,5466.58,5510.15,-10.63,-0.19,136512.0,1439257.0,20.24,1.27,131214878.0,279965471.448579
801193.SI,20230215,证券Ⅱ,5505.14,5522.07,5444.37,5457.23,-52.92,-0.96,129089.0,1416343.0,20.04,1.26,129954589.0,277426133.640035
801193.SI,20230216,证券Ⅱ,5460.18,5577.79,5364.47,5415.66,-41.57,-0.76,327842.0,3378851.0,19.89,1.25,128964692.0,275258980.763108
801193.SI,20230217,证券Ⅱ,5400.09,5441.12,5316.15,5322.81,-92.85,-1.71,199094.0,2035483.0,19.55,1.23,126753559.0,270132475.704656
801193.SI,20230220,证券Ⅱ,5387.43,5557.92,5360.92,5535.8,212.99,4.0,309844.0,3226651.0,20.33,1.28,131825615.0,281375016.279127
801193.SI,20230221,证券Ⅱ,5519.25,5581.99,5491.53,5557.09,21.29,0.38,215901.0,2318228.0,20.41,1.28,132353641.0,282667463.46023
801193.SI,20230222,证券Ⅱ,5527.49,5581.5,5478.16,5503.74,-53.34,-0.96,183252.0,2010711.0,20.22,1.27,131083127.0,280268406.750222
801193.SI,20230223,证券Ⅱ,5506.31,5610.37,5497.97,5540.1,36.36,0.66,239602.0,2616638.0,20.35,1.28,131949121.0,282398637.224525
801193.SI,20230224,证券Ⅱ,5546.19,5563.59,5424.59,5443.31,-96.8,-1.75,197125.0,2374257.0,20.02,1.25,129985819.0,277994655.980476
801193.SI,20230227,证券Ⅱ,5397.93,5434.14,5351.56,5381.69,-61.62,-1.13,140286.0,1495287.0,19.79,1.24,128542481.0,274564058.097104
801193.SI,20230228,证券Ⅱ,5401.86,5450.94,5366.28,5440.87,59.18,1.1,135678.0,1452976.0,19.97,1.25,129956015.0,277524292.484177
801193.SI,20230301,证券Ⅱ,5432.07,5536.04,5408.05,5509.63,68.76,1.26,218028.0,2297341.0,20.22,1.27,131598302.0,280944081.846517
801193.SI,20230302,证券Ⅱ,5497.36,5531.05,5468.48,5494.06,-15.56,-0.28,154141.0,1560426.0,20.16,1.27,131226551.0,279792270.706463
801193.SI,20230303,证券Ⅱ,5507.85,5557.12,5463.67,5537.51,43.45,0.79,184779.0,1917480.0,20.32,1.28,132268757.0,281864091.155652
801193.SI,20230306,证券Ⅱ,5540.17,5550.15,5436.66,5450.96,-86.55,-1.56,168889.0,1790414.0,20.0,1.26,130199463.0,277595496.145221
801193.SI,20230307,证券Ⅱ,5442.94,5509.92,5338.05,5347.91,-103.05,-1.89,214570.0,2414033.0,19.63,1.23,127738072.0,272588850.290328
801193.SI,20230308,证券Ⅱ,5328.86,5359.73,5299.73,5345.64,-2.27,-0.04,124698.0,1296556.0,19.62,1.23,127683835.0,272558351.204656
801193.SI,20230309,证券Ⅱ,5351.22,5365.21,5298.06,5315.71,-29.93,-0.56,104812.0,1116884.0,19.51,1.22,126968955.0,270715580.509154
801193.SI,20230310,证券Ⅱ,5281.23,5319.35,5232.84,5248.15,-67.56,-1.27,146123.0,1496435.0,19.26,1.21,125355183.0,267629011.659339
801193.SI,20230313,证券Ⅱ,5239.11,5295.16,5215.64,5280.41,32.26,0.61,118704.0,1209376.0,19.38,1.22,126125637.0,269129462.407033
801193.SI,20230314,证券Ⅱ,5263.35,5274.08,5165.49,5221.34,-59.06,-1.12,132551.0,1359211.0,19.16,1.2,124714855.0,265755567.175716
801193.SI,20230315,证券Ⅱ,5263.88,5303.55,5240.28,5256.73,35.38,0.68,125269.0,1302186.0,19.29,1.21,125560001.0,267504584.551463
801193.SI,20230316,证券Ⅱ,5219.67,5268.7,5187.54,5203.81,-52.92,-1.01,112336.0,1183544.0,19.1,1.2,124296085.0,264469500.122725
801193.SI,20230317,证券Ⅱ,5252.0,5356.93,5245.06,5295.41,91.6,1.76,191682.0,2086499.0,19.43,1.22,126483952.0,269472562.751576
801193.SI,20230320,证券Ⅱ,5292.75,5345.23,5230.51,5245.25,-50.16,-0.95,154722.0,1633230.0,19.34,1.21,125285929.0,266986885.088102
801193.SI,20230321,证券Ⅱ,5268.77,5316.26,5239.68,5286.41,41.16,0.78,118108.0,1250248.0,19.49,1.22,126268967.0,268990101.149597
801193.SI,20230322,证券Ⅱ,5294.82,5323.16,5209.36,5249.98,-36.43,-0.69,163432.0,2083321.0,19.36,1.21,125398883.0,267982340.77726
801193.SI,20230323,证券Ⅱ,5220.8,5329.05,5209.14,5322.57,72.59,1.38,170184.0,1890888.0,19.64,1.22,127275430.0,271808036.937702
801193.SI,20230324,证券Ⅱ,5336.56,5378.92,5296.82,5341.0,18.42,0.35,164529.0,1930508.0,19.71,1.23,127889647.0,271973399.875557
801193.SI,20230327,证券Ⅱ,5331.03,5405.22,5285.6,5361.89,20.89,0.39,181917.0,2163672.0,19.91,1.23,128526812.0,273263706.804489
801193.SI,20230328,证券Ⅱ,5360.01,5375.53,5285.59,5308.13,-53.76,-1.0,130197.0,1498912.0,19.72,1.22,127238112.0,270524441.149189
801193.SI,20230329,证券Ⅱ,5319.1,5335.36,5242.94,5274.03,-34.1,-0.64,126441.0,1343157.0,19.6,1.21,126420638.0,268337250.85711
801193.SI,20230330,证券Ⅱ,5275.72,5332.17,5208.3,5302.61,28.58,0.54,151591.0,1579221.0,19.81,1.22,127105830.0,269966921.961279
801193.SI,20230331,证券Ⅱ,5294.28,5333.27,5262.12,5296.94,-5.67,-0.11,123235.0,1390112.0,20.48,1.21,126969813.0,269092244.02666
801193.SI,20230403,证券Ⅱ,5295.42,5559.38,5286.34,5533.51,236.57,4.47,368740.0,4782745.0,21.46,1.26,132640491.0,279569712.769899
801193.SI,20230404,证券Ⅱ,5539.66,5633.19,5491.31,5556.73,23.23,0.42,272795.0,3647314.0,21.55,1.27,133197212.0,280719976.260832
801193.SI,20230406,证券Ⅱ,5528.69,5555.6,5458.74,5495.78,-60.95,-1.1,185384.0,2322028.0,21.31,1.26,131736174.0,278158249.611293
801193.SI,20230407,证券Ⅱ,5507.27,5607.14,5473.33,5561.63,65.85,1.2,199152.0,2537361.0,21.57,1.27,133314720.0,281653063.051108
801193.SI,20230410,证券Ⅱ,5617.98,5656.8,5493.48,5510.75,-50.88,-0.91,237003.0,2820318.0,21.37,1.26,132095121.0,278887535.404116
801193.SI,20230411,证券Ⅱ,5549.39,5658.85,5516.08,5561.86,51.11,0.93,258426.0,2956487.0,21.57,1.27,133324026.0,281733987.897509
801193.SI,20230412,证券Ⅱ,5567.82,5633.48,5524.69,5577.7,15.84,0.28,199301.0,2366272.0,21.63,1.27,133703837.0,282256267.245794
801193.SI,20230413,证券Ⅱ,5550.14,5572.53,5478.07,5500.59,-77.12,-1.38,167541.0,1934959.0,21.34,1.26,132047124.0,278289837.373209
801193.SI,20230414,证券Ⅱ,5515.03,5547.69,5460.48,5505.74,5.15,0.09,150506.0,1691479.0,21.36,1.26,132170728.0,278922415.593322
801193.SI,20230417,证券Ⅱ,5510.75,5696.37,5495.99,5665.92,160.19,2.91,410780.0,4237010.0,22.07,1.3,136016144.0,287203885.255087
801193.SI,20230418,证券Ⅱ,5652.76,5721.27,5600.71,5634.94,-30.98,-0.55,313829.0,3192855.0,21.96,1.29,135272439.0,285259957.274077
801193.SI,20230419,证券Ⅱ,5616.38,5639.19,5532.25,5550.21,-84.73,-1.5,235325.0,2399874.0,21.63,1.27,133238352.0,280602324.863603
801193.SI,20230420,证券Ⅱ,5539.81,5590.12,5487.05,5571.87,21.66,0.39,202845.0,2077499.0,21.72,1.27,133758248.0,281473370.734041
801193.SI,20230421,证券Ⅱ,5568.38,5577.05,5345.12,5355.3,-216.57,-3.89,281370.0,2860406.0,20.89,1.22,128559286.0,270049423.870901
801193.SI,20230424,证券Ⅱ,5329.79,5371.5,5228.83,5262.69,-92.61,-1.73,217440.0,2300743.0,20.56,1.2,126794670.0,266091502.405852
801193.SI,20230425,证券Ⅱ,5269.06,5332.39,5208.13,5284.63,21.94,0.42,206016.0,2013430.0,20.65,1.2,127323184.0,266959889.562779
801193.SI,20230426,证券Ⅱ,5264.65,5306.57,5212.52,5264.31,-20.31,-0.38,164032.0,1598142.0,20.73,1.2,126833794.0,266385436.769671
801193.SI,20230427,证券Ⅱ,5251.45,5336.61,5208.86,5303.65,39.34,0.75,195513.0,1949866.0,20.88,1.21,127781619.0,268322623.676066
801193.SI,20230428,证券Ⅱ,5315.17,5474.86,5280.29,5414.58,110.93,2.09,367370.0,3187759.0,21.5,1.22,130454227.0,274443981.674095
801193.SI,20230504,证券Ⅱ,5382.07,5510.12,5337.72,5479.69,65.1,1.2,333092.0,2866711.0,19.48,1.22,132022779.0,278032036.884898
801193.SI,20230505,证券Ⅱ,5492.33,5694.15,5472.93,5566.44,86.75,1.58,428820.0,4341391.0,19.79,1.24,134112936.0,282490755.400896
801193.SI,20230508,证券Ⅱ,5556.28,5753.15,5495.32,5677.04,110.6,1.99,483352.0,5107641.0,20.19,1.27,136777636.0,288395823.513682
801193.SI,20230509,证券Ⅱ,5702.76,6000.65,5653.08,5740.37,63.33,1.12,829581.0,9287853.0,20.41,1.28,138303490.0,293561547.918858
801193.SI,20230510,证券Ⅱ,5688.55,5748.76,5534.97,5573.86,-166.51,-2.9,437989.0,4912146.0,19.82,1.24,134291836.0,284909630.549786
801193.SI,20230511,证券Ⅱ,5593.95,5653.19,5539.2,5566.51,-7.35,-0.13,253706.0,2785624.0,19.79,1.24,134114698.0,284379767.626926
801193.SI,20230512,证券Ⅱ,5560.06,5593.9,5471.55,5484.73,-81.78,-1.47,208020.0,2268952.0,19.52,1.22,132493545.0,280232778.045014
801193.SI,20230515,证券Ⅱ,5481.94,5594.68,5369.85,5572.88,88.15,1.61,304652.0,3213507.0,19.84,1.24,134623021.0,284772660.393915
801193.SI,20230516,证券Ⅱ,5565.61,5643.82,5504.29,5528.26,-44.63,-0.8,208790.0,2287863.0,19.68,1.23,133545023.0,282357929.57014
801193.SI,20230517,证券Ⅱ,5509.86,5561.57,5465.17,5505.21,-23.04,-0.42,150616.0,1556319.0,19.59,1.23,132988343.0,281260757.2646
801193.SI,20230518,证券Ⅱ,5512.86,5561.3,5459.81,5488.03,-17.19,-0.31,171199.0,1789000.0,19.53,1.22,132573185.0,280416424.654063
801193.SI,20230519,证券Ⅱ,5472.54,5490.44,5383.09,5407.74,-80.29,-1.46,181288.0,1852979.0,19.25,1.21,130633738.0,276375531.19794
801193.SI,20230522,证券Ⅱ,5399.78,5436.88,5363.59,5397.2,-10.54,-0.19,137305.0,1349530.0,19.21,1.2,130379202.0,275370246.57224
801193.SI,20230523,证券Ⅱ,5401.86,5415.74,5311.85,5314.67,-82.53,-1.53,143073.0,1416598.0,18.89,1.18,128211836.0,271116252.019689
801193.SI,20230524,证券Ⅱ,5302.75,5327.82,5226.83,5235.41,-79.26,-1.49,180921.0,1804602.0,18.61,1.17,126299669.0,267691442.40933
801193.SI,20230525,证券Ⅱ,5221.56,5270.05,5174.73,5241.37,5.96,0.11,177589.0,1806698.0,18.63,1.17,126443502.0,268615975.062589
801193.SI,20230526,证券Ⅱ,5239.74,5287.34,5197.81,5262.54,21.16,0.4,127945.0,1266683.0,18.71,1.17,126954053.0,269401294.733195
801193.SI,20230529,证券Ⅱ,5261.36,5297.65,5190.01,5219.99,-42.55,-0.81,165025.0,1709470.0,18.55,1.16,125927568.0,267092832.69061
801193.SI,20230530,证券Ⅱ,5214.51,5254.97,5148.47,5229.3,9.32,0.18,166519.0,1766521.0,18.59,1.16,126152316.0,267949152.22647
801193.SI,20230531,证券Ⅱ,5213.74,5242.76,5160.77,5192.83,-36.48,-0.7,154754.0,1638747.0,18.46,1.16,125272370.0,266775337.192226
801193.SI,20230601,证券Ⅱ,5185.66,5260.23,5156.15,5203.98,11.16,0.21,166847.0,1712584.0,18.5,1.16,125541545.0,266876945.126484
801193.SI,20230602,证券Ⅱ,5213.96,5260.97,5191.74,5236.8,32.81,0.63,145474.0,1560619.0,18.61,1.17,126333101.0,267914387.976304
801193.SI,20230605,证券Ⅱ,5236.85,5254.69,5188.44,5204.12,-32.67,-0.62,110778.0,1161191.0,18.5,1.16,125544930.0,266228505.868915
801193.SI,20230606,证券Ⅱ,5197.75,5247.08,5123.03,5133.54,-70.58,-1.36,156260.0,1562016.0,18.27,1.14,124133369.0,262183645.040984
801193.SI,20230607,证券Ⅱ,5136.32,5199.09,5121.03,5151.84,18.29,0.36,114378.0,1168710.0,18.33,1.15,124575723.0,263029582.10054
801193.SI,20230608,证券Ⅱ,5144.86,5239.09,5106.75,5211.95,60.12,1.17,155694.0,1649921.0,18.54,1.16,126029435.0,266180272.04193
801193.SI,20230609,证券Ⅱ,5208.54,5229.36,5159.82,5190.7,-21.25,-0.41,144742.0,1544945.0,18.46,1.16,125629700.0,265176164.868381
801193.SI,20230612,证券Ⅱ,5176.95,5194.37,5112.07,5140.42,-50.28,-0.97,138964.0,1456610.0,18.3,1.15,124569774.0,262711004.17236
801193.SI,20230613,证券Ⅱ,5137.08,5190.21,5125.89,5173.39,32.97,0.64,113870.0,1244815.0,18.42,1.15,125368679.0,264390757.782802
801193.SI,20230614,证券Ⅱ,5184.25,5256.08,5161.63,5175.39,2.0,0.04,159653.0,1710798.0,18.43,1.15,125417210.0,264373609.582903
801193.SI,20230615,证券Ⅱ,5188.24,5278.95,5167.46,5256.69,81.31,1.57,228183.0,2443797.0,18.72,1.17,127387508.0,268716296.00426
801193.SI,20230616,证券Ⅱ,5261.38,5302.66,5227.25,5282.51,25.81,0.49,181908.0,1948172.0,18.81,1.18,128013090.0,269735293.377579
801193.SI,20230619,证券Ⅱ,5275.74,5287.23,5217.54,5234.74,-47.77,-0.9,134113.0,1452323.0,18.64,1.17,126859925.0,267553169.156376
801193.SI,20230620,证券Ⅱ,5227.67,5270.66,5198.36,5215.31,-19.43,-0.37,132428.0,1454790.0,18.57,1.16,126388994.0,266374428.454495
801193.SI,20230621,证券Ⅱ,5200.58,5220.89,5107.01,5112.14,-103.16,-1.98,149186.0,1576262.0,18.2,1.14,123888921.0,260851902.017751
801193.SI,20230626,证券Ⅱ,5070.46,5088.86,4988.41,4999.13,-113.01,-2.21,162630.0,1575752.0,17.8,1.11,121150249.0,255041196.526058
801193.SI,20230627,证券Ⅱ,5006.89,5062.81,4996.57,5043.95,44.82,0.9,101145.0,998505.0,17.98,1.13,123390958.0,257335385.402586
801193.SI,20230628,证券Ⅱ,5042.2,5061.68,4990.46,5039.82,-4.14,-0.08,99361.0,993646.0,17.97,1.13,123311439.0,256903556.027821
801193.SI,20230629,证券Ⅱ,5024.28,5053.46,4995.41,5016.87,-22.94,-0.46,95564.0,907764.0,17.9,1.12,122845673.0,255916849.967863
801193.SI,20230630,证券Ⅱ,5013.38,5130.36,5007.64,5096.89,80.02,1.59,140635.0,1432786.0,18.18,1.14,124805043.0,260316915.814286
801193.SI,20230703,证券Ⅱ,5101.12,5209.9,5090.97,5185.79,88.9,1.74,164661.0,1653543.0,18.5,1.16,126981884.0,264342901.245244
801193.SI,20230704,证券Ⅱ,5171.64,5209.79,5145.6,5181.95,-3.84,-0.07,112504.0,1143067.0,18.49,1.16,126887867.0,264047359.352197
801193.SI,20230705,证券Ⅱ,5176.88,5192.26,5135.74,5145.87,-36.08,-0.7,86752.0,868925.0,18.36,1.15,126004328.0,262160145.216577
801193.SI,20230706,证券Ⅱ,5131.18,5174.42,5109.71,5127.04,-18.83,-0.37,87200.0,871378.0,18.29,1.15,125543233.0,261257895.735675
801193.SI,20230707,证券Ⅱ,5115.19,5201.57,5099.58,5166.86,39.82,0.78,132202.0,1291889.0,18.43,1.15,126518385.0,263322119.890438
801193.SI,20230710,证券Ⅱ,5186.9,5221.36,5153.09,5176.85,9.99,0.19,106098.0,1033399.0,18.47,1.16,126762918.0,263907689.108242
801193.SI,20230711,证券Ⅱ,5185.91,5216.16,5166.5,5201.89,25.05,0.48,98224.0,940348.0,18.56,1.16,127376201.0,265090933.732866
801193.SI,20230712,证券Ⅱ,5201.5,5227.33,5139.85,5148.7,-53.19,-1.02,108482.0,1087764.0,18.37,1.15,126078568.0,262423904.746032
801193.SI,20230713,证券Ⅱ,5177.57,5271.65,5169.33,5252.41,103.7,2.01,200149.0,2107913.0,18.74,1.17,128618015.0,267532079.909708
801193.SI,20230714,证券Ⅱ,5252.65,5272.81,5218.08,5236.02,-16.39,-0.31,120273.0,1199961.0,18.68,1.17,128216756.0,266651462.932921
801193.SI,20230717,证券Ⅱ,5221.13,5233.95,5171.67,5207.32,-28.7,-0.55,98292.0,948103.0,18.58,1.16,127514077.0,265118891.588207
801193.SI,20230718,证券Ⅱ,5213.76,5247.62,5188.67,5219.48,12.16,0.23,97661.0,938844.0,18.62,1.17,127815101.0,265835080.727028
801193.SI,20230719,证券Ⅱ,5203.54,5260.35,5195.28,5252.38,32.89,0.63,115720.0,1151798.0,18.74,1.17,128620559.0,267767772.276264
801193.SI,20230720,证券Ⅱ,5268.16,5286.81,5202.35,5211.38,-41.0,-0.78,132896.0,1254546.0,18.59,1.16,127616594.0,265492994.367517
801193.SI,20230721,证券Ⅱ,5202.96,5259.7,5191.3,5223.84,12.46,0.24,114008.0,978134.0,18.64,1.17,127921681.0,266042682.465517
801193.SI,20230724,证券Ⅱ,5199.24,5253.95,5177.5,5212.14,-11.7,-0.22,94166.0,896681.0,18.6,1.17,127635258.0,265457253.512002
801193.SI,20230725,证券Ⅱ,5404.85,5531.33,5351.55,5487.86,275.72,5.29,579098.0,5858703.0,19.58,1.23,134396091.0,279285847.589237
801193.SI,20230726,证券Ⅱ,5483.03,5528.47,5419.88,5487.61,-0.25,0.0,504388.0,3889344.0,19.58,1.23,134390073.0,279201210.980431
801193.SI,20230727,证券Ⅱ,5484.56,5530.51,5415.18,5434.07,-53.55,-0.98,382023.0,2771229.0,19.39,1.21,133093308.0,276072046.359387
801193.SI,20230728,证券Ⅱ,5422.31,5892.54,5408.84,5851.02,416.95,7.67,979584.0,9429767.0,20.88,1.31,143305529.0,296681041.53286
801193.SI,20230731,证券Ⅱ,5949.33,6086.58,5862.85,5895.07,44.05,0.75,965179.0,9816070.0,21.04,1.32,144384534.0,298258945.166235
801193.SI,20230801,证券Ⅱ,5846.06,6006.99,5779.2,5862.17,-32.9,-0.56,1075149.0,8232562.0,20.92,1.31,143602807.0,296874161.235253
801193.SI,20230802,证券Ⅱ,5848.2,6054.08,5823.81,5907.9,45.73,0.78,852597.0,6964259.0,21.54,1.35,139760402.0,299360929.47402
801193.SI,20230803,证券Ⅱ,5978.55,6164.12,5849.92,6113.64,205.74,3.48,1076311.0,9541899.0,22.29,1.39,144627400.0,309772982.720824
801193.SI,20230804,证券Ⅱ,6260.65,6481.72,6130.34,6185.1,71.46,1.17,1633750.0,15646841.0,22.55,1.41,146317814.0,314340585.227045
801193.SI,20230807,证券Ⅱ,6079.51,6226.22,6019.33,6189.81,4.72,0.08,925717.0,8483829.0,22.57,1.41,146429402.0,315533922.117717
801193.SI,20230808,证券Ⅱ,6113.33,6299.38,5951.32,6152.58,-37.23,-0.6,898982.0,8883960.0,22.43,1.4,145548638.0,313193309.264982
801193.SI,20230809,证券Ⅱ,6117.14,6225.62,6067.24,6120.19,-32.39,-0.53,578506.0,5648654.0,22.31,1.4,144782395.0,311205857.358985
801193.SI,20230810,证券Ⅱ,6123.96,6251.49,6086.68,6236.19,116.0,1.9,801340.0,7394800.0,22.74,1.42,147526591.0,317621577.253292
801193.SI,20230811,证券Ⅱ,6162.31,6187.97,5935.35,5962.33,-273.86,-4.39,853054.0,7999956.0,21.74,1.36,141048043.0,303331499.469539
801193.SI,20230814,证券Ⅱ,5830.54,5993.0,5800.14,5896.84,-65.5,-1.1,675651.0,6030129.0,21.5,1.34,139498588.0,300277181.727146
801193.SI,20230815,证券Ⅱ,5869.88,6028.95,5846.51,6001.96,105.12,1.78,607149.0,5664593.0,21.88,1.37,141985448.0,306007535.077608
801193.SI,20230816,证券Ⅱ,5923.8,6175.1,5863.06,6021.91,19.95,0.33,805438.0,7353965.0,21.96,1.37,142485448.0,308881094.162249
801193.SI,20230817,证券Ⅱ,5979.0,6093.79,5886.53,6015.43,-6.48,-0.11,806347.0,7112077.0,21.93,1.37,142332045.0,308645253.628281
801193.SI,20230818,证券Ⅱ,6040.43,6137.37,5912.15,5922.06,-93.37,-1.55,569338.0,5204111.0,21.59,1.35,140122803.0,302983611.63009
801193.SI,20230821,证券Ⅱ,5866.21,5927.47,5699.0,5717.8,-204.26,-3.45,536314.0,5172362.0,20.85,1.3,135289741.0,293546488.375404
801193.SI,20230822,证券Ⅱ,5755.96,5865.78,5684.45,5804.12,86.32,1.51,559675.0,5232902.0,21.16,1.32,137332168.0,298604864.451427
801193.SI,20230823,证券Ⅱ,5766.19,5807.84,5652.29,5668.75,-135.37,-2.33,480402.0,4117052.0,20.67,1.29,134129093.0,291326195.033878
801193.SI,20230824,证券Ⅱ,5712.22,5861.01,5678.44,5746.52,77.77,1.37,473210.0,4548910.0,20.95,1.31,135969223.0,293826147.106744
801193.SI,20230825,证券Ⅱ,5707.98,5832.81,5682.06,5763.89,17.38,0.3,418900.0,4087616.0,21.02,1.31,136380339.0,295281600.088235
801193.SI,20230828,证券Ⅱ,6389.11,6392.04,5869.65,5898.77,134.87,2.34,1233016.0,12572501.0,21.51,1.34,139571632.0,301912178.420546
801193.SI,20230829,证券Ⅱ,5845.29,5956.34,5695.2,5861.24,-37.53,-0.64,849945.0,8054001.0,21.37,1.33,138683657.0,300073688.821279
801193.SI,20230830,证券Ⅱ,5826.65,5847.81,5683.62,5696.43,-164.81,-2.81,551680.0,5227682.0,20.77,1.29,134784135.0,291324728.393761
801193.SI,20230831,证券Ⅱ,5690.35,5733.43,5575.8,5589.44,-106.99,-1.88,423307.0,3856556.0,20.38,1.26,132252530.0,285863579.544313
801193.SI,20230901,证券Ⅱ,5621.46,5676.91,5563.19,5596.59,7.16,0.13,337347.0,3122955.0,21.5,1.27,132421837.0,285273161.845274
801193.SI,20230904,证券Ⅱ,5616.68,5683.63,5562.0,5642.82,46.22,0.83,339825.0,3073864.0,21.68,1.28,133515534.0,287168531.908658
801193.SI,20230905,证券Ⅱ,5618.87,5632.73,5551.68,5582.9,-59.92,-1.06,307412.0,2662178.0,21.45,1.26,132097841.0,284374026.869446
801193.SI,20230906,证券Ⅱ,5557.34,5590.98,5508.57,5559.07,-23.83,-0.43,268387.0,2449008.0,21.36,1.26,131534041.0,283368021.236804
801193.SI,20230907,证券Ⅱ,5554.72,5613.97,5513.7,5537.79,-21.28,-0.38,323330.0,2864463.0,21.28,1.25,131030619.0,282704119.392905
801193.SI,20230908,证券Ⅱ,5517.61,5593.44,5480.7,5564.59,26.79,0.48,254763.0,2233499.0,21.38,1.26,131664539.0,283825340.538046
801193.SI,20230911,证券Ⅱ,5570.61,5700.64,5522.8,5647.77,83.18,1.49,365975.0,3353691.0,21.7,1.28,133632747.0,287262639.316469
801193.SI,20230912,证券Ⅱ,5631.1,5654.47,5579.39,5591.08,-56.69,-1.0,230781.0,2021426.0,21.48,1.27,132291419.0,284364423.893804
801193.SI,20230913,证券Ⅱ,5589.61,5607.11,5500.41,5528.58,-62.5,-1.12,208159.0,1853502.0,21.24,1.25,130812581.0,281023602.128562
801193.SI,20230914,证券Ⅱ,5538.77,5580.31,5502.92,5549.98,21.4,0.39,210702.0,1819402.0,21.32,1.26,131318856.0,281766690.786555
801193.SI,20230915,证券Ⅱ,5569.42,5599.0,5486.58,5515.29,-34.69,-0.63,241249.0,2161116.0,21.19,1.25,130498111.0,280439954.382261
801193.SI,20230918,证券Ⅱ,5488.62,5546.19,5453.19,5523.0,7.71,0.14,190369.0,1647820.0,21.22,1.25,130680655.0,280495492.753806
801193.SI,20230919,证券Ⅱ,5522.01,5559.83,5485.64,5518.04,-4.96,-0.09,204443.0,1748627.0,21.2,1.25,130563266.0,280213767.493999
801193.SI,20230920,证券Ⅱ,5508.71,5546.43,5474.29,5500.5,-17.55,-0.32,198735.0,1571715.0,21.13,1.24,130148125.0,279366484.698104
801193.SI,20230921,证券Ⅱ,5490.51,5542.5,5443.29,5454.73,-45.77,-0.83,209305.0,1810954.0,20.96,1.23,129065146.0,277184557.449388
801193.SI,20230922,证券Ⅱ,5446.23,5635.96,5438.99,5624.47,169.74,3.11,403813.0,3479385.0,21.53,1.28,133790613.0,285489792.566046
801193.SI,20230925,证券Ⅱ,5589.25,5596.47,5464.44,5489.48,-134.99,-2.4,320087.0,2657946.0,21.01,1.25,130579470.0,278919627.667529
801193.SI,20230926,证券Ⅱ,5485.47,5536.61,5466.12,5493.08,3.6,0.07,209870.0,1669755.0,21.03,1.25,130686385.0,278874108.679901
801193.SI,20230927,证券Ⅱ,5487.69,5538.9,5468.99,5499.11,6.03,0.11,194282.0,1642107.0,21.05,1.25,130829848.0,279225442.530478
801193.SI,20230928,证券Ⅱ,5509.97,5533.71,5436.37,5458.83,-40.28,-0.73,196731.0,1764311.0,20.9,1.25,129876767.0,277447062.492602
801193.SI,20231009,证券Ⅱ,5421.85,5454.64,5326.62,5407.21,-51.63,-0.95,212844.0,1802257.0,20.7,1.23,128648456.0,274505895.775441
801193.SI,20231010,证券Ⅱ,5428.52,5467.35,5379.37,5391.19,-16.01,-0.3,157668.0,1330711.0,20.64,1.23,128267447.0,273939457.536795
801193.SI,20231011,证券Ⅱ,5412.22,5446.62,5354.75,5377.42,-13.77,-0.26,186041.0,1546418.0,20.58,1.23,127939909.0,273063470.891059
801193.SI,20231012,证券Ⅱ,5458.39,5490.88,5401.76,5436.53,59.11,1.1,200351.0,1786632.0,20.81,1.24,129346142.0,276169578.553572
801193.SI,20231013,证券Ⅱ,5390.14,5418.07,5354.73,5383.58,-52.95,-0.97,156919.0,1322315.0,20.61,1.23,128086361.0,273441608.551787
801193.SI,20231016,证券Ⅱ,5379.56,5419.78,5325.8,5370.72,-12.86,-0.24,174719.0,1506989.0,20.56,1.23,127780307.0,273003443.119544
801193.SI,20231017,证券Ⅱ,5381.45,5500.53,5349.05,5446.68,75.96,1.41,302552.0,2644093.0,20.85,1.24,129587604.0,277029829.492833
801193.SI,20231018,证券Ⅱ,5415.61,5486.34,5399.47,5433.1,-13.58,-0.25,233721.0,2133539.0,20.8,1.24,129264599.0,276825790.412396
801193.SI,20231019,证券Ⅱ,5406.93,5504.26,5376.41,5404.66,-28.44,-0.52,351400.0,2987267.0,20.69,1.23,128587891.0,275441185.612004
801193.SI,20231020,证券Ⅱ,5371.89,5470.28,5352.19,5418.22,13.56,0.25,317175.0,2788567.0,20.74,1.24,128910425.0,276884888.083294
801193.SI,20231023,证券Ⅱ,5386.16,5410.48,5241.47,5289.66,-128.55,-2.37,308810.0,2700646.0,20.25,1.21,125851887.0,270894075.595029
801193.SI,20231024,证券Ⅱ,5310.78,5491.68,5288.17,5457.17,167.5,3.17,460366.0,3831830.0,20.89,1.24,129837103.0,279850286.894703
801193.SI,20231025,证券Ⅱ,5504.6,5540.27,5430.56,5453.76,-3.41,-0.06,413879.0,3500036.0,20.88,1.24,129755970.0,278746348.828135
801193.SI,20231026,证券Ⅱ,5415.25,5473.75,5379.48,5448.24,-5.51,-0.1,283307.0,2401817.0,20.86,1.24,129624757.0,278466197.563157
801193.SI,20231027,证券Ⅱ,5416.3,5506.38,5367.23,5471.22,22.98,0.42,284725.0,2523578.0,20.94,1.25,130176082.0,279133704.721254
801193.SI,20231030,证券Ⅱ,5436.01,5484.64,5374.92,5439.88,-31.34,-0.57,280431.0,2570972.0,20.82,1.24,129430498.0,278152495.214208
801193.SI,20231031,证券Ⅱ,5439.59,5509.3,5410.55,5457.07,17.19,0.32,256961.0,2280215.0,20.88,1.22,129839470.0,278562716.027699
801193.SI,20231101,证券Ⅱ,5496.11,5533.37,5425.12,5448.36,-8.71,-0.16,216406.0,1903752.0,21.18,1.22,129632217.0,277987362.950408
801193.SI,20231102,证券Ⅱ,5444.56,5498.39,5397.43,5406.13,-42.23,-0.78,201765.0,1746475.0,21.01,1.21,128627372.0,275701153.607981
801193.SI,20231103,证券Ⅱ,5413.5,5505.82,5391.87,5469.31,63.18,1.17,228811.0,2140448.0,21.26,1.22,130130589.0,278386449.754613
801193.SI,20231106,证券Ⅱ,5625.46,5726.13,5554.42,5687.31,218.01,3.99,595566.0,5394650.0,22.11,1.27,135317588.0,290241576.016081
801193.SI,20231107,证券Ⅱ,5658.05,5767.96,5637.1,5718.37,31.05,0.55,522837.0,4514024.0,22.24,1.28,136155440.0,292333102.42104
801193.SI,20231108,证券Ⅱ,5707.41,5748.2,5609.21,5655.47,-62.9,-1.1,429403.0,3805117.0,21.99,1.26,134657814.0,289209411.901151
801193.SI,20231109,证券Ⅱ,5640.59,5686.67,5595.67,5635.21,-20.26,-0.36,313430.0,2865258.0,21.91,1.26,134175537.0,288455273.098226
801193.SI,20231110,证券Ⅱ,5613.79,5689.45,5590.58,5638.67,3.46,0.06,359460.0,3266833.0,21.93,1.26,134258000.0,288845173.14597
801193.SI,20231113,证券Ⅱ,5634.6,5657.29,5570.09,5612.13,-26.55,-0.47,271532.0,2464431.0,21.82,1.25,133625901.0,287308338.000341
801193.SI,20231114,证券Ⅱ,5616.68,5773.29,5597.19,5680.61,68.49,1.22,439972.0,4394109.0,22.09,1.27,135256595.0,291690377.760479
801193.SI,20231115,证券Ⅱ,5734.44,5791.91,5662.21,5687.84,7.23,0.13,369087.0,3791062.0,22.12,1.27,135428685.0,292562934.377178
801193.SI,20231116,证券Ⅱ,5676.25,5728.9,5632.05,5645.89,-41.95,-0.74,269590.0,2732360.0,21.95,1.26,134429847.0,290550467.665599
801193.SI,20231117,证券Ⅱ,5635.28,5687.31,5605.64,5663.95,18.06,0.32,247729.0,2502368.0,22.04,1.27,134892195.0,291806727.286369
801193.SI,20231120,证券Ⅱ,5654.93,5668.23,5565.52,5631.91,-32.05,-0.57,242168.0,2424453.0,21.91,1.26,134128957.0,290054320.006931
801193.SI,20231121,证券Ⅱ,5651.27,5742.6,5607.38,5625.67,-6.24,-0.11,314369.0,3116207.0,21.89,1.26,133980441.0,289304873.664831
801193.SI,20231122,证券Ⅱ,5603.43,5650.76,5564.08,5574.59,-51.08,-0.91,214890.0,2042490.0,21.69,1.25,132764006.0,286782963.647243
801193.SI,20231123,证券Ⅱ,5570.92,5607.24,5521.15,5585.15,10.56,0.19,199175.0,1948697.0,21.73,1.25,133015500.0,287371828.960178
801193.SI,20231124,证券Ⅱ,5573.84,5590.69,5511.56,5526.44,-58.71,-1.05,194599.0,1863463.0,21.5,1.24,131617192.0,284275502.764173
801193.SI,20231127,证券Ⅱ,5500.06,5521.2,5425.55,5471.02,-55.41,-1.0,201017.0,1928503.0,21.29,1.22,130297447.0,281572982.377452
801193.SI,20231128,证券Ⅱ,5467.32,5497.9,5427.92,5456.53,-14.49,-0.26,152815.0,1499175.0,21.23,1.22,129952336.0,280737211.699191
801193.SI,20231129,证券Ⅱ,5461.75,5479.65,5383.37,5401.91,-54.62,-1.0,159895.0,1571153.0,21.02,1.21,128651490.0,278371431.702492
801193.SI,20231130,证券Ⅱ,5402.33,5456.6,5378.87,5420.39,18.47,0.34,187448.0,1818940.0,21.1,1.21,129166615.0,280003819.175864
801193.SI,20231201,证券Ⅱ,5415.5,5469.91,5386.85,5451.79,31.4,0.58,175710.0,1682025.0,21.23,1.22,130165323.0,281389215.337177
801193.SI,20231204,证券Ⅱ,5449.94,5494.67,5420.47,5441.06,-10.73,-0.2,170621.0,1616444.0,21.19,1.22,129909247.0,281043947.55224
801193.SI,20231205,证券Ⅱ,5426.8,5461.37,5361.53,5374.83,-66.23,-1.22,199167.0,1958561.0,20.93,1.2,128327923.0,277990117.716852
801193.SI,20231206,证券Ⅱ,5364.66,5407.2,5331.84,5346.24,-28.59,-0.53,171003.0,1678024.0,20.82,1.2,127645385.0,276483059.586672
801193.SI,20231207,证券Ⅱ,5338.76,5409.12,5316.99,5382.17,35.93,0.67,195481.0,1887518.0,20.97,1.21,128584215.0,278555717.534857
801193.SI,20231208,证券Ⅱ,5377.98,5409.3,5327.72,5342.97,-39.2,-0.73,215930.0,2033183.0,20.82,1.2,127647658.0,276639715.901449
801193.SI,20231211,证券Ⅱ,5337.28,5456.35,5258.6,5435.39,92.42,1.73,308275.0,2898481.0,21.18,1.22,129855755.0,281473505.597756
801193.SI,20231212,证券Ⅱ,5409.67,5456.35,5382.52,5421.67,-13.72,-0.25,204737.0,1995337.0,21.13,1.21,129527860.0,280450803.111197
801193.SI,20231213,证券Ⅱ,5412.08,5427.97,5340.6,5349.72,-71.95,-1.33,161401.0,1635051.0,20.85,1.2,127809001.0,277030933.120711
801193.SI,20231214,证券Ⅱ,5375.91,5406.44,5314.67,5326.61,-23.11,-0.43,156561.0,1523817.0,20.76,1.19,127256948.0,275730920.579881
801193.SI,20231215,证券Ⅱ,5344.09,5396.64,5303.79,5325.28,-1.34,-0.03,177202.0,1735173.0,20.75,1.19,127224994.0,275790888.016437
801193.SI,20231218,证券Ⅱ,5322.24,5379.87,5279.12,5315.72,-9.56,-0.18,203409.0,1877496.0,20.71,1.19,126996583.0,275189735.183433
801193.SI,20231219,证券Ⅱ,5302.14,5350.83,5246.95,5308.62,-7.1,-0.13,257457.0,2183796.0,20.69,1.19,126826994.0,273632351.360085
801193.SI,20231220,证券Ⅱ,5297.17,5308.32,5158.49,5165.16,-143.45,-2.7,252460.0,2155942.0,20.13,1.16,123399812.0,266255335.49092
801193.SI,20231221,证券Ⅱ,5140.83,5199.6,5100.64,5163.04,-2.13,-0.04,193684.0,1702935.0,20.12,1.16,123348990.0,265547757.009448
801193.SI,20231222,证券Ⅱ,5155.42,5199.42,5106.26,5154.5,-8.54,-0.17,173037.0,1505049.0,20.08,1.15,123144970.0,265242464.755766
801193.SI,20231225,证券Ⅱ,5132.14,5162.34,5085.64,5110.18,-44.32,-0.86,134820.0,1148767.0,19.92,1.15,122181324.0,262801691.701527
801193.SI,20231226,证券Ⅱ,5106.7,5127.49,5035.22,5057.78,-52.4,-1.03,131525.0,1186732.0,19.72,1.13,120928572.0,260251554.131888
801193.SI,20231227,证券Ⅱ,5057.06,5143.88,4991.36,5090.77,32.99,0.65,209343.0,1959837.0,19.85,1.14,121717339.0,262699096.722821
801193.SI,20231228,证券Ⅱ,5075.35,5241.11,5062.45,5208.63,117.86,2.32,270659.0,2528311.0,20.31,1.17,124535300.0,268383629.380961
801193.SI,20231229,证券Ⅱ,5195.79,5248.06,5180.14,5216.02,7.39,0.14,195031.0,1797125.0,20.34,1.17,124711872.0,268654052.315013
801193.SI,20240102,证券Ⅱ,5213.38,5224.09,5141.53,5147.24,-68.77,-1.32,149315.0,1398223.0,20.07,1.15,123067540.0,265051467.867807
801193.SI,20240103,证券Ⅱ,5140.66,5190.56,5113.46,5159.65,12.41,0.24,135107.0,1252370.0,20.12,1.16,123364170.0,265648829.978974
801193.SI,20240104,证券Ⅱ,5152.07,5161.98,5069.05,5106.9,-52.75,-1.02,138959.0,1290423.0,19.91,1.14,122102954.0,263005042.73595
801193.SI,20240105,证券Ⅱ,5097.41,5159.3,5040.26,5069.6,-37.3,-0.73,159079.0,1507568.0,19.77,1.14,121248577.0,261071259.184524
801193.SI,20240108,证券Ⅱ,5047.13,5073.84,4959.07,4975.44,-94.16,-1.86,165902.0,1523783.0,19.4,1.12,118996526.0,256023796.080526
801193.SI,20240109,证券Ⅱ,4976.13,5013.92,4920.75,4956.53,-18.9,-0.38,151731.0,1369024.0,19.33,1.11,118544395.0,254876358.053084
801193.SI,20240110,证券Ⅱ,4946.07,4992.67,4899.4,4929.08,-27.45,-0.55,131510.0,1190438.0,19.22,1.1,117887772.0,253279903.231594
801193.SI,20240111,证券Ⅱ,4926.95,5004.73,4902.37,4981.0,51.92,1.05,167200.0,1486162.0,19.42,1.12,119129503.0,255940439.462187
801193.SI,20240112,证券Ⅱ,4960.01,5008.93,4925.38,4935.8,-45.2,-0.91,144479.0,1240435.0,19.25,1.11,118048577.0,253453890.606716
801193.SI,20240115,证券Ⅱ,4912.07,4982.15,4886.07,4923.28,-12.52,-0.25,143932.0,1148898.0,19.2,1.1,117749146.0,253086084.448152
801193.SI,20240116,证券Ⅱ,4913.88,4985.59,4875.04,4975.42,52.14,1.06,206652.0,1826282.0,19.4,1.12,118947840.0,256003165.929559
801193.SI,20240117,证券Ⅱ,4952.59,4976.93,4875.28,4878.0,-97.42,-1.96,178996.0,1625852.0,19.02,1.09,116618908.0,251050470.111134
801193.SI,20240118,证券Ⅱ,4849.74,4958.65,4755.19,4937.43,59.43,1.22,300797.0,2686686.0,19.25,1.11,118039623.0,254292292.682143
801193.SI,20240119,证券Ⅱ,4903.04,4941.05,4856.02,4896.74,-40.69,-0.82,184751.0,1631715.0,19.09,1.1,117066750.0,251888723.319795
801193.SI,20240122,证券Ⅱ,4883.44,4935.9,4728.85,4781.83,-114.9,-2.35,257792.0,2245025.0,18.64,1.07,114319782.0,246130094.82081
801193.SI,20240123,证券Ⅱ,4774.8,4930.59,4727.94,4883.76,101.93,2.13,269788.0,2385138.0,19.04,1.09,116756526.0,251570174.394147
801193.SI,20240124,证券Ⅱ,4910.47,5133.06,4827.39,5088.0,204.24,4.18,442530.0,3989649.0,19.84,1.14,121639361.0,262416568.411767
801193.SI,20240125,证券Ⅱ,5048.53,5194.75,5013.66,5146.56,58.56,1.15,441027.0,4224343.0,20.06,1.15,123039269.0,265660257.835576
801193.SI,20240126,证券Ⅱ,5108.24,5209.4,5070.15,5141.77,-4.79,-0.09,345864.0,3474858.0,20.06,1.15,123443082.0,265224480.376972
801193.SI,20240129,证券Ⅱ,5132.18,5171.61,5041.21,5052.48,-89.3,-1.74,268592.0,2562251.0,19.71,1.13,121299259.0,259832463.167368
801193.SI,20240130,证券Ⅱ,5012.83,5102.74,4963.18,4984.59,-67.89,-1.34,247603.0,2333087.0,19.45,1.12,119669448.0,256222089.111911
801193.SI,20240131,证券Ⅱ,4959.56,5036.02,4894.29,4933.49,-51.1,-1.03,270487.0,2480913.0,19.25,1.11,118442591.0,253726856.285151
801193.SI,20240201,证券Ⅱ,4897.87,5020.22,4852.72,4919.24,-14.24,-0.29,265919.0,2463807.0,19.19,1.1,118100678.0,252702186.431321
801193.SI,20240202,证券Ⅱ,4920.7,4959.11,4664.75,4814.45,-104.79,-2.13,343256.0,3038303.0,18.8,1.08,115825049.0,246994506.090337
801193.SI,20240205,证券Ⅱ,4768.81,4867.1,4607.2,4722.28,-92.18,-1.91,340201.0,2963226.0,18.49,1.06,113174109.0,241584133.851216
801193.SI,20240206,证券Ⅱ,4674.9,5028.71,4639.63,4994.93,272.65,5.77,370200.0,3194782.0,19.56,1.12,119708510.0,255426438.849404
801193.SI,20240207,证券Ⅱ,4978.88,5096.86,4945.45,5056.79,61.86,1.24,405303.0,3380197.0,19.8,1.14,121190984.0,258245988.918427
801193.SI,20240208,证券Ⅱ,5099.79,5199.82,5051.37,5102.26,45.48,0.9,391012.0,3347128.0,19.98,1.15,122280854.0,260750952.46367
801193.SI,20240219,证券Ⅱ,5087.24,5100.25,4951.17,5038.9,-63.36,-1.24,295665.0,2574545.0,19.73,1.13,120686961.0,257672119.824417
801193.SI,20240220,证券Ⅱ,5015.74,5145.9,4989.23,5102.32,63.42,1.26,302943.0,2787677.0,19.98,1.15,122205841.0,261794260.305815
801193.SI,20240221,证券Ⅱ,5062.6,5273.44,5034.29,5150.54,48.22,0.95,418887.0,3992481.0,20.16,1.16,123360776.0,263911278.864184
801193.SI,20240222,证券Ⅱ,5121.88,5241.57,5106.97,5212.2,61.66,1.2,302151.0,2974978.0,20.41,1.17,124837626.0,267298798.637891
801193.SI,20240223,证券Ⅱ,5214.84,5261.76,5170.07,5222.16,9.96,0.19,315039.0,2931821.0,20.44,1.17,125076072.0,267966591.470806
801193.SI,20240226,证券Ⅱ,5212.57,5250.94,5160.12,5174.28,-47.87,-0.92,284645.0,2568556.0,20.26,1.16,123929428.0,265545655.905087
801193.SI,20240227,证券Ⅱ,5175.79,5268.97,5159.9,5266.08,91.79,1.77,329226.0,2965537.0,20.62,1.18,126127990.0,270287082.861801
801193.SI,20240228,证券Ⅱ,5301.66,5402.02,5172.58,5179.8,-86.27,-1.64,598271.0,5291521.0,20.28,1.17,124061698.0,266145241.966245
801193.SI,20240229,证券Ⅱ,5159.28,5298.85,5143.25,5286.31,106.51,2.06,425334.0,3714631.0,20.7,1.19,126612681.0,271783342.741423
801193.SI,20240301,证券Ⅱ,5283.06,5354.52,5236.69,5317.75,31.44,0.59,374367.0,3398348.0,20.82,1.2,127365622.0,273473650.503659
801193.SI,20240304,证券Ⅱ,5303.75,5322.03,5219.86,5253.26,-64.49,-1.21,290955.0,2614223.0,20.57,1.18,125820946.0,270152119.915597
801193.SI,20240305,证券Ⅱ,5227.82,5268.27,5189.06,5219.19,-34.07,-0.65,246803.0,2252576.0,20.43,1.17,125005046.0,268186944.486485
801193.SI,20240306,证券Ⅱ,5218.03,5292.42,5178.98,5218.44,-0.75,-0.01,246653.0,2296989.0,20.43,1.17,124987107.0,268316333.419356
801193.SI,20240307,证券Ⅱ,5208.06,5259.45,5136.29,5159.62,-58.83,-1.13,272686.0,2528353.0,20.2,1.16,123578144.0,265136827.669578
801193.SI,20240308,证券Ⅱ,5154.73,5190.05,5123.22,5160.87,1.26,0.02,181803.0,1630933.0,20.21,1.16,123612450.0,265144857.319551
801193.SI,20240311,证券Ⅱ,5166.67,5244.61,5156.83,5240.4,79.53,1.54,240271.0,2180356.0,20.52,1.18,125517288.0,269210356.815169
801193.SI,20240312,证券Ⅱ,5260.21,5307.44,5219.29,5269.77,29.37,0.56,277355.0,2604083.0,20.63,1.18,126220827.0,270637318.244556
801193.SI,20240313,证券Ⅱ,5264.49,5274.55,5184.08,5202.51,-67.26,-1.28,213896.0,2003200.0,20.37,1.17,124609721.0,267364383.449999
801193.SI,20240314,证券Ⅱ,5186.94,5230.29,5122.93,5153.17,-49.34,-0.95,201407.0,1912654.0,20.18,1.16,123428027.0,264800255.276102
801193.SI,20240315,证券Ⅱ,5143.43,5198.15,5110.26,5186.35,33.18,0.64,212563.0,1898237.0,20.29,1.16,124203916.0,266764338.475383
801193.SI,20240318,证券Ⅱ,5209.02,5345.62,5198.71,5303.65,117.3,2.26,397456.0,3772105.0,20.75,1.19,127013025.0,273229908.085754
801193.SI,20240319,证券Ⅱ,5288.42,5297.04,5201.87,5207.02,-96.63,-1.82,249264.0,2351121.0,20.37,1.17,124698924.0,268145540.398843
801193.SI,20240320,证券Ⅱ,5202.02,5246.27,5177.3,5216.25,9.23,0.18,209941.0,1964290.0,20.4,1.17,124919903.0,268605469.48453
801193.SI,20240321,证券Ⅱ,5229.58,5310.57,5210.85,5241.16,24.91,0.48,286365.0,2740940.0,20.5,1.18,125566905.0,269934510.2204
801193.SI,20240322,证券Ⅱ,5236.67,5253.07,5136.05,5153.99,-87.17,-1.66,270883.0,2551902.0,20.16,1.16,123478459.0,265504294.076751
801193.SI,20240325,证券Ⅱ,5084.94,5111.49,4986.05,4995.47,-158.51,-3.08,277899.0,2609804.0,19.54,1.12,119680843.0,257488146.078766
801193.SI,20240326,证券Ⅱ,4993.95,5041.76,4960.68,5013.19,17.71,0.35,187567.0,1686608.0,19.63,1.12,120105234.0,258572613.235687
801193.SI,20240327,证券Ⅱ,4996.4,5014.07,4910.92,4918.19,-95.0,-1.9,188013.0,1693907.0,19.57,1.1,117829209.0,253530266.823662
801193.SI,20240328,证券Ⅱ,4917.84,4997.54,4896.9,4937.27,19.08,0.39,201332.0,1835791.0,19.8,1.1,117969115.0,254619780.226797
801193.SI,20240329,证券Ⅱ,4924.23,4970.96,4884.98,4956.38,19.11,0.39,205499.0,1851990.0,20.79,1.1,118425840.0,255790229.300537
801193.SI,20240401,证券Ⅱ,5013.45,5056.9,4989.79,5027.89,71.51,1.44,234496.0,2042769.0,21.09,1.12,120134468.0,259408785.563556
801193.SI,20240402,证券Ⅱ,5026.18,5058.4,4973.81,4996.02,-31.87,-0.63,221386.0,1841642.0,20.95,1.11,119372975.0,257601682.217069
801193.SI,20240403,证券Ⅱ,4985.27,5014.39,4944.26,4960.56,-35.47,-0.71,168032.0,1456050.0,20.8,1.1,118525587.0,255878441.876245
801193.SI,20240408,证券Ⅱ,4914.49,4943.84,4845.78,4870.58,-89.98,-1.81,191207.0,1680033.0,20.37,1.08,116375628.0,251146458.510773
801193.SI,20240409,证券Ⅱ,4875.38,4916.98,4855.46,4884.73,14.15,0.29,133463.0,1138310.0,20.43,1.09,116713829.0,251849612.20524
801193.SI,20240410,证券Ⅱ,4879.51,4890.14,4767.59,4793.43,-91.3,-1.87,175003.0,1523750.0,20.05,1.07,114532233.0,247372212.346658
801193.SI,20240411,证券Ⅱ,4769.07,4834.21,4750.02,4775.33,-18.1,-0.38,161226.0,1374233.0,19.99,1.06,114137654.0,246496188.843312
801193.SI,20240412,证券Ⅱ,4774.58,4796.59,4677.36,4688.85,-86.47,-1.81,168799.0,1480220.0,19.62,1.04,112070831.0,242180344.226087
801193.SI,20240415,证券Ⅱ,4671.44,4828.19,4617.23,4773.23,84.38,1.8,299532.0,2718104.0,19.96,1.06,114087624.0,247643504.455188
801193.SI,20240416,证券Ⅱ,4733.24,4800.58,4663.82,4684.46,-88.77,-1.86,241896.0,2153456.0,19.59,1.04,111965842.0,242918672.170572
801193.SI,20240417,证券Ⅱ,4684.9,4789.43,4654.53,4785.25,100.79,2.15,236987.0,2079882.0,19.99,1.06,114392902.0,248005498.542891
801193.SI,20240418,证券Ⅱ,4764.82,4894.89,4745.81,4816.47,31.22,0.65,286032.0,2559152.0,20.13,1.07,115139202.0,249920460.659856
801193.SI,20240419,证券Ⅱ,4789.05,4845.22,4767.06,4787.73,-28.74,-0.6,186632.0,1612130.0,19.98,1.06,114363555.0,248399902.589007
801193.SI,20240422,证券Ⅱ,4778.56,4854.15,4760.67,4791.75,4.02,0.08,155988.0,1421086.0,20.0,1.06,114359892.0,248497160.013745
801193.SI,20240423,证券Ⅱ,4800.17,4832.19,4768.52,4785.95,-5.8,-0.12,140273.0,1270100.0,19.99,1.06,114221587.0,248112466.876055
801193.SI,20240424,证券Ⅱ,4789.71,4817.37,4742.33,4793.01,7.06,0.15,161389.0,1448474.0,19.96,1.06,114390000.0,248212145.019672
801193.SI,20240425,证券Ⅱ,4776.98,4817.53,4745.24,4777.86,-15.15,-0.32,135900.0,1206507.0,19.87,1.06,114028416.0,247626865.58219
801193.SI,20240426,证券Ⅱ,4904.75,5088.08,4840.47,5066.48,288.62,6.04,577426.0,5122370.0,20.98,1.12,120916534.0,262951603.442501
801193.SI,20240429,证券Ⅱ,5083.06,5204.95,5040.94,5140.56,74.09,1.46,655665.0,5656356.0,21.36,1.13,122684661.0,266815899.547276
801193.SI,20240430,证券Ⅱ,5109.93,5148.67,5025.73,5048.99,-91.57,-1.78,422011.0,3525046.0,20.93,1.1,120499217.0,262519437.567481
801193.SI,20240506,证券Ⅱ,5116.39,5167.68,5051.93,5077.84,28.85,0.57,366912.0,3339582.0,23.03,1.1,121187663.0,263808414.198372
801193.SI,20240507,证券Ⅱ,5066.0,5098.74,5027.09,5061.93,-15.91,-0.31,269832.0,2500025.0,22.95,1.1,120771581.0,263306663.168255
801193.SI,20240508,证券Ⅱ,5046.21,5064.96,4977.03,4990.03,-71.9,-1.42,203940.0,1853771.0,22.63,1.08,119056113.0,259551571.86808
801193.SI,20240509,证券Ⅱ,4997.12,5063.68,4988.48,5028.26,38.23,0.77,237252.0,2098344.0,22.8,1.09,119968217.0,261450057.482181
801193.SI,20240510,证券Ⅱ,5031.23,5090.15,5003.93,5066.67,38.42,0.76,277058.0,2426129.0,22.97,1.1,120884765.0,263538369.670142
801193.SI,20240513,证券Ⅱ,5047.15,5124.28,4985.56,5078.81,12.13,0.24,321854.0,2768253.0,23.03,1.1,121174283.0,264182742.000917
801193.SI,20240514,证券Ⅱ,5073.67,5119.05,5026.55,5104.83,26.03,0.51,295726.0,2537267.0,23.15,1.11,121795231.0,265564297.917921
801193.SI,20240515,证券Ⅱ,5129.34,5143.06,4958.88,4966.96,-137.87,-2.7,378704.0,3178942.0,22.52,1.08,118505715.0,257814757.353615
801193.SI,20240516,证券Ⅱ,4982.88,5037.58,4947.11,4967.54,0.58,0.01,255596.0,2197751.0,22.52,1.08,118519587.0,257646040.732434
801193.SI,20240517,证券Ⅱ,4960.97,5053.96,4938.85,5042.85,75.31,1.52,261437.0,2351379.0,22.86,1.09,120331388.0,261397744.119771
801193.SI,20240520,证券Ⅱ,5033.11,5117.17,5014.9,5048.87,6.02,0.12,267327.0,2475650.0,22.89,1.1,120475002.0,261542709.595333
801193.SI,20240521,证券Ⅱ,5036.49,5067.19,5000.39,5021.7,-27.18,-0.54,165988.0,1494243.0,22.78,1.09,119941131.0,260037029.874169
801193.SI,20240522,证券Ⅱ,5013.15,5058.15,4994.34,5031.12,9.42,0.19,167573.0,1501816.0,22.83,1.09,120166181.0,260557825.180779
801193.SI,20240523,证券Ⅱ,5014.34,5032.59,4915.43,4930.83,-100.29,-1.99,231308.0,2022457.0,22.37,1.07,117770773.0,255241146.937984
801193.SI,20240524,证券Ⅱ,4915.3,4947.2,4853.81,4863.01,-67.82,-1.38,168561.0,1503318.0,22.06,1.05,116151039.0,251685553.47375
801193.SI,20240527,证券Ⅱ,4875.23,4928.01,4841.31,4911.6,48.59,1.0,165603.0,1436475.0,22.28,1.07,117311474.0,254152420.009447
801193.SI,20240528,证券Ⅱ,4896.38,4928.06,4850.7,4858.89,-52.7,-1.07,136473.0,1168393.0,22.04,1.05,116052660.0,251393854.428209
801193.SI,20240529,证券Ⅱ,4852.3,4921.3,4839.33,4871.57,12.68,0.26,129895.0,1098157.0,22.1,1.06,116355442.0,251953702.391922
801193.SI,20240530,证券Ⅱ,4851.73,4885.48,4822.44,4860.87,-10.7,-0.22,136466.0,1204472.0,22.05,1.05,116099764.0,251698536.802468
801193.SI,20240531,证券Ⅱ,4873.72,4907.79,4843.26,4850.99,-9.87,-0.2,128664.0,1159286.0,22.01,1.05,115864014.0,251220796.690536
801193.SI,20240603,证券Ⅱ,4830.59,4849.79,4763.98,4800.34,-50.65,-1.04,196699.0,1651726.0,21.78,1.04,114654247.0,249107783.027799
801193.SI,20240604,证券Ⅱ,4792.37,4854.52,4779.47,4833.38,33.04,0.69,165454.0,1484717.0,21.93,1.05,115443357.0,250911369.040117
801193.SI,20240605,证券Ⅱ,4826.27,4856.81,4796.68,4809.01,-24.38,-0.5,131906.0,1167252.0,21.82,1.04,114861119.0,249638843.413965
801193.SI,20240606,证券Ⅱ,4812.44,4837.59,4738.25,4751.31,-57.7,-1.2,193597.0,1617971.0,21.56,1.03,113483050.0,246574485.01164
801193.SI,20240607,证券Ⅱ,4763.39,4791.16,4648.08,4724.54,-26.77,-0.56,229054.0,1768705.0,21.44,1.02,112843750.0,245313624.161115
801193.SI,20240611,证券Ⅱ,4701.68,4767.89,4684.22,4720.84,-3.7,-0.08,174991.0,1379713.0,21.42,1.02,112755306.0,245221831.326665
801193.SI,20240612,证券Ⅱ,4714.51,4751.99,4694.67,4721.81,0.97,0.02,142258.0,1119537.0,21.42,1.02,112778482.0,245502856.229597
801193.SI,20240613,证券Ⅱ,4724.38,4758.46,4689.79,4717.08,-4.73,-0.1,175990.0,1291839.0,21.4,1.02,112665422.0,245682507.195469
801193.SI,20240614,证券Ⅱ,4712.61,4869.74,4682.66,4822.2,105.12,2.23,368512.0,3185191.0,21.88,1.05,115176218.0,250685229.82751
801193.SI,20240617,证券Ⅱ,4773.85,4842.7,4748.24,4825.29,3.09,0.06,199481.0,1712078.0,21.89,1.05,115250093.0,251046545.699204
801193.SI,20240618,证券Ⅱ,4822.29,4895.79,4809.76,4859.22,33.93,0.7,189743.0,1640119.0,22.05,1.05,116060497.0,252647312.343052
801193.SI,20240619,证券Ⅱ,4860.23,4874.0,4786.68,4794.19,-65.03,-1.34,155817.0,1285632.0,21.75,1.04,114507303.0,249065550.059264
801193.SI,20240620,证券Ⅱ,4785.4,4811.99,4727.25,4743.19,-51.0,-1.06,160947.0,1362079.0,21.52,1.03,113289120.0,246808723.471052
801193.SI,20240621,证券Ⅱ,4754.21,4799.54,4721.44,4751.49,8.3,0.18,162111.0,1393366.0,21.56,1.03,113487385.0,246915715.782115
801193.SI,20240624,证券Ⅱ,4733.52,4772.68,4683.16,4702.3,-49.19,-1.04,167890.0,1395939.0,21.33,1.02,112312545.0,243946951.928163
801193.SI,20240625,证券Ⅱ,4702.05,4723.62,4599.31,4630.68,-71.62,-1.52,179270.0,1552039.0,21.01,1.0,110601818.0,240333287.106102
801193.SI,20240626,证券Ⅱ,4619.25,4700.18,4598.41,4685.48,54.81,1.18,145833.0,1221223.0,21.26,1.02,111910817.0,243193020.402539
801193.SI,20240627,证券Ⅱ,4666.67,4687.21,4611.46,4628.68,-56.8,-1.21,133601.0,1120377.0,21.0,1.0,110554225.0,240306627.354877
801193.SI,20240628,证券Ⅱ,4616.75,4670.79,4482.29,4518.15,-110.54,-2.39,237665.0,2033123.0,20.5,0.98,107914037.0,234728408.246098
801193.SI,20240701,证券Ⅱ,4505.16,4554.68,4446.53,4522.99,4.84,0.11,158058.0,1297651.0,20.52,0.98,108029685.0,234991187.283228
801193.SI,20240702,证券Ⅱ,4519.12,4568.51,4484.06,4500.45,-22.54,-0.5,138651.0,1103707.0,20.42,0.98,107491293.0,233802864.538857
801193.SI,20240703,证券Ⅱ,4497.9,4539.77,4460.58,4509.28,8.83,0.2,124131.0,1017510.0,20.46,0.98,107702250.0,234177845.63849
801193.SI,20240704,证券Ⅱ,4508.43,4532.34,4419.53,4424.16,-85.12,-1.89,148954.0,1171908.0,20.07,0.96,105669191.0,229617628.683739
801193.SI,20240705,证券Ⅱ,4427.62,4476.54,4381.07,4429.91,5.75,0.13,148500.0,1210322.0,20.1,0.96,105806602.0,229921714.200634
801193.SI,20240708,证券Ⅱ,4408.26,4422.66,4296.65,4312.99,-116.93,-2.64,169699.0,1343586.0,19.58,0.94,103069628.0,223421937.262253
801193.SI,20240709,证券Ⅱ,4318.37,4417.34,4276.92,4400.69,87.71,2.03,187774.0,1464202.0,19.98,0.95,105165654.0,228117342.881631
801193.SI,20240710,证券Ⅱ,4374.28,4475.81,4351.15,4409.98,9.29,0.21,146695.0,1196011.0,20.02,0.96,105387631.0,228474554.69167
801193.SI,20240711,证券Ⅱ,4458.63,4513.6,4428.61,4475.13,65.15,1.48,176775.0,1406291.0,20.31,0.97,106944469.0,231603535.720203
801193.SI,20240712,证券Ⅱ,4471.74,4494.87,4437.74,4463.1,-12.03,-0.27,112483.0,876358.0,20.26,0.97,106656949.0,230782551.604129
801193.SI,20240715,证券Ⅱ,4452.92,4490.26,4432.73,4462.18,-0.91,-0.02,99799.0,782851.0,20.26,0.97,106635112.0,230580968.89837
801193.SI,20240716,证券Ⅱ,4461.86,4521.31,4442.72,4499.81,37.62,0.84,114746.0,994296.0,20.43,0.98,107534193.0,232160673.340286
801193.SI,20240717,证券Ⅱ,4497.8,4553.38,4487.61,4528.92,29.11,0.65,138892.0,1172794.0,20.56,0.98,108229956.0,233725442.046494
801193.SI,20240718,证券Ⅱ,4521.15,4564.32,4465.54,4555.76,26.84,0.59,153619.0,1234762.0,20.68,0.99,108871263.0,235019167.789182
801193.SI,20240719,证券Ⅱ,4544.22,4627.81,4528.9,4612.42,56.66,1.24,187430.0,1636385.0,20.94,1.0,110225291.0,238068350.143036
801193.SI,20240722,证券Ⅱ,4669.3,4703.65,4582.5,4648.61,36.2,0.78,220294.0,2181553.0,21.1,1.01,111090310.0,239369718.117786
801193.SI,20240723,证券Ⅱ,4623.81,4657.03,4525.19,4536.08,-112.53,-2.42,210930.0,1803680.0,20.59,0.98,108401060.0,233861768.000602
801193.SI,20240724,证券Ⅱ,4519.55,4553.83,4460.9,4482.34,-53.74,-1.18,166039.0,1407548.0,20.35,0.97,107116698.0,231103645.561086
801193.SI,20240725,证券Ⅱ,4472.57,4569.32,4461.82,4529.68,47.34,1.06,178693.0,1396173.0,20.56,0.98,108248022.0,233659284.262007
801193.SI,20240726,证券Ⅱ,4530.29,4655.17,4519.86,4611.47,81.79,1.81,200817.0,1600653.0,20.93,1.0,110202639.0,237811478.01776
801193.SI,20240729,证券Ⅱ,4585.03,4629.4,4552.07,4571.27,-40.2,-0.87,144580.0,1185801.0,20.75,0.99,109241957.0,235906884.770513
801193.SI,20240730,证券Ⅱ,4560.33,4608.31,4538.55,4588.12,16.85,0.37,152218.0,1211992.0,20.83,1.0,109644638.0,236841444.742074
801193.SI,20240731,证券Ⅱ,4592.53,4894.81,4583.13,4824.92,236.8,5.16,497692.0,4102735.0,21.9,1.05,115303557.0,249215310.351869
801193.SI,20240801,证券Ⅱ,4793.48,4856.13,4767.47,4807.17,-17.75,-0.37,373895.0,2983087.0,21.82,1.04,114879445.0,248808186.330069
801193.SI,20240802,证券Ⅱ,4784.31,4833.82,4693.31,4708.2,-98.97,-2.06,273699.0,2233782.0,21.37,1.02,112514347.0,243810064.276589
801193.SI,20240805,证券Ⅱ,4684.33,4783.85,4660.65,4681.75,-26.45,-0.56,273397.0,2192745.0,21.25,1.02,111901709.0,242399018.281339
801193.SI,20240806,证券Ⅱ,4724.84,4752.99,4631.23,4683.29,1.54,0.03,215055.0,1735276.0,21.26,1.02,111938506.0,242432468.051765
801193.SI,20240807,证券Ⅱ,4677.95,4717.43,4636.21,4662.26,-21.03,-0.45,161931.0,1295469.0,21.16,1.01,111435756.0,241470917.477622
801193.SI,20240808,证券Ⅱ,4653.57,4744.85,4633.71,4679.26,17.0,0.36,255527.0,1760310.0,21.24,1.01,111842141.0,242303415.725263
801193.SI,20240809,证券Ⅱ,4707.29,4731.62,4627.5,4631.72,-47.54,-1.02,198639.0,1441098.0,21.03,1.0,110705850.0,240008894.530632
801193.SI,20240812,证券Ⅱ,4614.79,4655.56,4587.53,4620.98,-10.74,-0.23,152104.0,1121268.0,20.98,1.0,110449197.0,239149521.110221
801193.SI,20240813,证券Ⅱ,4623.11,4689.45,4592.63,4681.23,60.25,1.3,210933.0,1416139.0,21.25,1.01,111889232.0,242331623.23404
801193.SI,20240814,证券Ⅱ,4662.82,4702.76,4633.29,4646.26,-34.97,-0.75,178666.0,1348622.0,21.09,1.01,111053364.0,240676715.991037
801193.SI,20240815,证券Ⅱ,4636.54,4751.4,4626.85,4697.29,51.03,1.1,251202.0,1977697.0,21.31,1.02,112173945.0,243277957.091753
801193.SI,20240816,证券Ⅱ,4676.35,4708.24,4636.39,4660.04,-37.26,-0.79,183078.0,1315855.0,21.14,1.01,111284238.0,241427419.940655
801193.SI,20240819,证券Ⅱ,4646.62,4696.88,4627.99,4657.37,-2.67,-0.06,146407.0,1054916.0,21.12,1.01,111220544.0,241217538.16103
801193.SI,20240820,证券Ⅱ,4658.29,4673.78,4591.53,4607.32,-50.05,-1.07,150856.0,1144885.0,20.9,1.0,110025252.0,238389164.046048
801193.SI,20240821,证券Ⅱ,4596.1,4632.24,4568.02,4592.27,-15.05,-0.33,107937.0,828941.0,20.83,1.0,109665866.0,237635290.300474
801193.SI,20240822,证券Ⅱ,4610.12,4632.16,4498.35,4511.41,-80.86,-1.76,174774.0,1304537.0,20.46,0.98,107734887.0,233260135.784919
801193.SI,20240823,证券Ⅱ,4507.26,4597.91,4493.26,4557.26,45.86,1.02,143854.0,1142149.0,20.67,0.99,108829962.0,235265117.985274
801193.SI,20240826,证券Ⅱ,4540.8,4583.45,4507.5,4541.67,-15.59,-0.34,117297.0,927499.0,20.6,0.98,108457707.0,234845919.524349
801193.SI,20240827,证券Ⅱ,4534.18,4547.9,4472.45,4500.42,-41.25,-0.91,111510.0,832099.0,20.41,0.97,107472632.0,232537947.059515
801193.SI,20240828,证券Ⅱ,4497.08,4533.45,4468.06,4500.95,0.53,0.01,101792.0,786712.0,20.41,0.98,107485270.0,232693505.406483
801193.SI,20240829,证券Ⅱ,4495.34,4579.29,4480.02,4526.11,25.15,0.56,155028.0,1228077.0,20.53,0.98,108085891.0,233668379.174781
801193.SI,20240830,证券Ⅱ,4523.59,4703.59,4508.9,4643.79,117.68,2.6,307638.0,2529836.0,21.06,1.01,110896177.0,239824230.276812
801193.SI,20240902,证券Ⅱ,4629.46,4644.9,4517.41,4525.45,-118.33,-2.55,213335.0,1665186.0,21.1,0.98,108070353.0,233528287.52341
801193.SI,20240903,证券Ⅱ,4520.87,4596.59,4509.48,4563.7,38.25,0.85,137141.0,1090718.0,21.28,0.99,108983706.0,235613902.018661
801193.SI,20240904,证券Ⅱ,4544.9,4610.33,4530.61,4556.54,-7.17,-0.16,131668.0,1048809.0,21.25,0.99,108812585.0,235436867.87811
801193.SI,20240905,证券Ⅱ,4554.08,4621.23,4538.83,4601.01,44.48,0.98,137504.0,1127934.0,21.46,1.0,109978594.0,237190308.845589
801193.SI,20240906,证券Ⅱ,4680.54,4739.93,4589.97,4623.48,22.47,0.49,376210.0,2730503.0,21.56,1.0,110515652.0,238615297.901988
801193.SI,20240909,证券Ⅱ,4561.06,4680.29,4541.76,4622.0,-1.48,-0.03,273300.0,1790742.0,21.56,1.0,110480347.0,238317828.994561
801193.SI,20240910,证券Ⅱ,4612.85,4642.31,4524.61,4598.16,-23.85,-0.52,248872.0,1470311.0,21.44,1.0,109910334.0,237183987.410136
801193.SI,20240911,证券Ⅱ,4572.71,4634.64,4549.09,4604.7,6.54,0.14,205271.0,1142565.0,21.5,1.0,109836962.0,237155401.523359
801193.SI,20240912,证券Ⅱ,4587.51,4634.57,4555.9,4590.08,-14.62,-0.32,194248.0,1113581.0,21.43,1.0,109488297.0,236665016.969355
801193.SI,20240913,证券Ⅱ,4580.91,4652.32,4558.92,4596.35,6.27,0.14,283122.0,1488147.0,21.46,1.0,109637777.0,236860664.433108
801193.SI,20240918,证券Ⅱ,4567.61,4626.44,4526.64,4599.64,3.29,0.07,241313.0,1286937.0,21.47,1.0,109716233.0,237139953.48961
801193.SI,20240919,证券Ⅱ,4610.35,4729.04,4572.23,4666.27,66.64,1.45,301930.0,2100729.0,21.78,1.01,111305747.0,240325429.438238
801193.SI,20240920,证券Ⅱ,4637.21,4683.35,4604.42,4661.57,-4.7,-0.1,207733.0,1360735.0,21.76,1.03,111193570.0,240199385.171183
801193.SI,20240923,证券Ⅱ,4652.21,4694.84,4617.4,4660.97,-0.6,-0.01,155162.0,1057474.0,21.76,1.03,111179220.0,240182004.164381
801193.SI,20240924,证券Ⅱ,4707.95,4960.37,4654.77,4947.25,286.28,6.14,595577.0,4927087.0,23.09,1.09,118008008.0,254315503.909833
801193.SI,20240925,证券Ⅱ,5044.43,5190.1,4998.62,5053.4,106.14,2.15,739190.0,6349086.0,23.59,1.11,120539826.0,259137875.136523
801193.SI,20240926,证券Ⅱ,5011.05,5376.61,4995.21,5356.78,303.39,6.0,884860.0,7078650.0,25.01,1.18,127776550.0,273484405.186638
801193.SI,20240927,证券Ⅱ,5515.62,5859.94,5408.94,5855.14,498.36,9.3,881814.0,8911099.0,27.33,1.29,139664029.0,297388314.609674
801193.SI,20240930,证券Ⅱ,6383.57,6482.15,6188.43,6480.24,625.1,10.68,1136890.0,13384389.0,30.25,1.43,154574752.0,327849272.689988
801193.SI,20241008,证券Ⅱ,7171.99,7186.58,6893.25,7184.68,704.43,10.87,968306.0,12634067.0,33.54,1.58,171377774.0,361879183.024749
801193.SI,20241009,证券Ⅱ,7127.01,7620.73,6678.87,6896.49,-288.19,-4.01,1907413.0,27611539.0,32.19,1.52,164503561.0,343767131.577673
801193.SI,20241010,证券Ⅱ,6907.11,7020.37,6313.8,6444.96,-451.53,-6.55,1576963.0,17672350.0,30.09,1.42,153733023.0,324054675.969156
801193.SI,20241011,证券Ⅱ,6338.32,6627.73,6232.91,6436.35,-8.61,-0.13,1023502.0,11257007.0,30.05,1.42,153527757.0,323853062.17556
801193.SI,20241014,证券Ⅱ,6479.81,6560.95,6101.08,6462.15,25.8,0.4,1096767.0,12748357.0,30.17,1.42,154143082.0,324188594.272042
801193.SI,20241015,证券Ⅱ,6329.48,6497.66,6209.34,6234.93,-227.22,-3.52,860830.0,8934422.0,29.11,1.37,148723267.0,312898784.464877
801193.SI,20241016,证券Ⅱ,6117.03,6438.78,6103.77,6271.85,36.91,0.59,814235.0,8495553.0,29.28,1.38,149603794.0,313795949.461044
801193.SI,20241017,证券Ⅱ,6300.2,6452.72,6166.22,6224.13,-47.72,-0.76,741260.0,7933838.0,29.05,1.37,148465633.0,311077018.310845
801193.SI,20241018,证券Ⅱ,6209.91,6915.14,6152.42,6667.02,442.89,7.12,1381550.0,16486389.0,31.12,1.47,159029871.0,330897545.186159
801193.SI,20241021,证券Ⅱ,6526.19,6651.79,6441.85,6532.56,-134.46,-2.02,1039325.0,11570848.0,30.49,1.44,155822594.0,324698702.246883
801193.SI,20241022,证券Ⅱ,6508.9,6669.92,6472.62,6591.44,58.88,0.9,783121.0,8487617.0,30.77,1.45,157227153.0,327201050.944942
801193.SI,20241023,证券Ⅱ,6615.42,6760.07,6511.35,6560.45,-30.99,-0.47,979533.0,10222489.0,30.62,1.44,156488027.0,325515601.098279
801193.SI,20241024,证券Ⅱ,6513.85,6629.41,6453.75,6546.16,-14.29,-0.22,743479.0,7328285.0,30.56,1.44,156147083.0,325107927.257533
801193.SI,20241025,证券Ⅱ,6552.24,6719.67,6499.26,6601.33,55.17,0.84,843762.0,8498660.0,30.82,1.45,157462965.0,327565945.84941
801193.SI,20241028,证券Ⅱ,6577.26,6657.24,6532.47,6609.38,8.06,0.12,651017.0,6535436.0,30.85,1.45,157655160.0,328024072.217362
801193.SI,20241029,证券Ⅱ,6639.13,6758.36,6503.49,6537.12,-72.26,-1.09,773440.0,7929788.0,30.52,1.44,155931502.0,323997769.049635
801193.SI,20241030,证券Ⅱ,6500.69,6617.55,6427.42,6518.95,-18.17,-0.28,659645.0,6785700.0,30.43,1.42,155498010.0,323040065.711981
801193.SI,20241031,证券Ⅱ,6503.17,6896.86,6457.2,6712.87,193.92,2.97,1143438.0,13271447.0,31.34,1.47,160123601.0,330823692.606508
801193.SI,20241101,证券Ⅱ,6698.98,6868.0,6597.4,6635.98,-76.89,-1.15,1079742.0,11899819.0,27.54,1.42,158289529.0,327217210.501896
801193.SI,20241104,证券Ⅱ,6676.06,6932.38,6632.59,6900.94,264.96,3.99,870021.0,10423854.0,28.64,1.48,164609602.0,339679004.182658
801193.SI,20241105,证券Ⅱ,6927.14,7404.59,6791.07,7287.98,387.05,5.61,1251260.0,16143335.0,30.24,1.56,173841937.0,357057562.521229
801193.SI,20241106,证券Ⅱ,7378.29,7686.85,7160.47,7265.78,-22.2,-0.3,1339758.0,18083177.0,30.15,1.56,173312318.0,357274269.880074
801193.SI,20241107,证券Ⅱ,7124.32,7914.91,7093.54,7838.66,572.88,7.88,1495366.0,19753830.0,32.53,1.68,186977440.0,383918295.512352
801193.SI,20241108,证券Ⅱ,8085.57,8117.01,7590.27,7633.81,-204.86,-2.61,1313196.0,18504780.0,31.68,1.64,182090925.0,374185580.779003
801193.SI,20241111,证券Ⅱ,7478.93,7748.93,7416.95,7649.78,15.98,0.21,853593.0,11640925.0,31.75,1.64,182472053.0,374490360.044743
801193.SI,20241112,证券Ⅱ,7646.3,7739.69,7367.03,7484.64,-165.14,-2.16,759682.0,10616388.0,31.07,1.61,178645921.0,366175984.519215
801193.SI,20241113,证券Ⅱ,7398.22,7545.75,7296.92,7445.11,-39.52,-0.53,592852.0,8487058.0,30.91,1.6,177702530.0,365668302.148361
801193.SI,20241114,证券Ⅱ,7419.11,7559.03,7306.66,7331.95,-113.17,-1.52,544973.0,7716217.0,30.44,1.57,175001468.0,360514419.613158
801193.SI,20241115,证券Ⅱ,7320.27,7408.15,7003.32,7018.99,-312.96,-4.27,665062.0,9092831.0,29.14,1.51,167531658.0,345995938.311481
801193.SI,20241118,证券Ⅱ,7016.29,7135.54,6835.48,6935.33,-83.66,-1.19,576937.0,7375444.0,28.79,1.49,165534939.0,341337201.209834
801193.SI,20241119,证券Ⅱ,6956.15,7110.15,6872.98,7075.05,139.71,2.01,497575.0,6779183.0,29.37,1.52,168869626.0,347631152.703911
801193.SI,20241120,证券Ⅱ,7031.99,7161.48,6979.81,7086.67,11.63,0.16,454041.0,5883641.0,29.42,1.52,169147158.0,348022109.115746
801193.SI,20241121,证券Ⅱ,7076.84,7257.13,7028.56,7166.26,79.59,1.12,555599.0,7311819.0,29.75,1.54,171046770.0,351398585.29951
801193.SI,20241122,证券Ⅱ,7143.61,7199.8,6794.52,6815.97,-350.29,-4.89,568552.0,7403190.0,28.3,1.46,162685928.0,334635186.508505
801193.SI,20241125,证券Ⅱ,6818.92,6873.22,6628.66,6762.31,-53.66,-0.79,423687.0,5533392.0,28.07,1.45,161405243.0,332757446.354162
801193.SI,20241126,证券Ⅱ,6747.68,6900.2,6714.12,6753.74,-8.57,-0.13,351514.0,4556165.0,28.04,1.45,161200620.0,332722651.971215
801193.SI,20241127,证券Ⅱ,6736.67,6937.23,6691.93,6921.99,168.25,2.49,453536.0,6151611.0,28.74,1.48,165216354.0,340393461.28362
801193.SI,20241128,证券Ⅱ,6927.43,6979.16,6822.49,6848.61,-73.37,-1.06,401478.0,5193877.0,28.43,1.47,163465020.0,337227393.733599
801193.SI,20241129,证券Ⅱ,6837.87,7293.36,6810.01,7044.07,195.46,2.85,764082.0,10043081.0,29.24,1.51,168130321.0,345735921.243183
801193.SI,20241202,证券Ⅱ,6979.18,7192.41,6953.83,7127.32,83.25,1.18,614481.0,7501627.0,29.59,1.53,170117293.0,349795969.296932
801193.SI,20241203,证券Ⅱ,7110.13,7201.24,7012.91,7121.21,-6.1,-0.09,490958.0,6088895.0,29.6,1.53,171025054.0,349555301.502319
801193.SI,20241204,证券Ⅱ,7088.93,7175.8,6993.97,7040.15,-81.07,-1.14,432449.0,5245971.0,29.27,1.51,169078139.0,345679654.835471
801193.SI,20241205,证券Ⅱ,7020.35,7183.82,7007.0,7121.27,81.12,1.15,465156.0,5578146.0,29.6,1.53,171026272.0,349664716.404855
801193.SI,20241206,证券Ⅱ,7111.18,7315.17,7054.9,7211.3,90.03,1.26,605213.0,7858560.0,29.98,1.55,173188491.0,354163182.308178
801193.SI,20241209,证券Ⅱ,7175.8,7256.68,7058.4,7140.32,-70.98,-0.98,413607.0,5299159.0,29.68,1.53,171483846.0,350691192.938978
801193.SI,20241210,证券Ⅱ,7566.18,7587.25,7183.57,7209.27,68.95,0.97,766076.0,10954332.0,29.97,1.55,173143553.0,353857334.511547
801193.SI,20241211,证券Ⅱ,7192.66,7279.88,7130.91,7184.07,-25.2,-0.35,389962.0,5357154.0,29.86,1.54,172538272.0,353052902.587235
801193.SI,20241212,证券Ⅱ,7188.01,7363.99,7135.86,7282.08,98.01,1.36,548468.0,6801332.0,30.27,1.56,174892119.0,358082471.409584
801193.SI,20241213,证券Ⅱ,7207.55,7240.97,7020.94,7057.29,-224.79,-3.09,610642.0,8027357.0,29.34,1.52,169493493.0,347931742.493196
801193.SI,20241216,证券Ⅱ,7028.73,7062.96,6905.39,6947.85,-109.44,-1.55,390828.0,4949480.0,28.88,1.49,166886072.0,342741198.884604
801193.SI,20241217,证券Ⅱ,6929.25,7041.58,6890.09,6947.48,-0.37,-0.01,388332.0,4834393.0,28.88,1.49,166877239.0,342415317.805369
801193.SI,20241218,证券Ⅱ,6966.81,7010.75,6909.15,6938.33,-9.16,-0.13,284019.0,3459970.0,28.84,1.49,166657334.0,341906210.447194
801193.SI,20241219,证券Ⅱ,6862.63,6962.12,6820.81,6928.04,-10.29,-0.15,279303.0,3483112.0,28.8,1.49,166410186.0,341320817.3572
801193.SI,20241220,证券Ⅱ,6910.02,7024.04,6890.79,6954.11,26.07,0.38,306611.0,3853192.0,28.91,1.49,167036303.0,342666384.852184
801193.SI,20241223,证券Ⅱ,6923.51,7018.47,6844.83,6866.06,-88.05,-1.27,314158.0,3800028.0,28.54,1.47,164921400.0,338414561.119364
801193.SI,20241224,证券Ⅱ,6874.36,7005.21,6852.92,6989.0,122.94,1.79,324330.0,4128392.0,29.05,1.5,167874389.0,345175847.240254
801193.SI,20241225,证券Ⅱ,6991.07,7020.66,6866.51,6946.33,-42.67,-0.61,307497.0,3722754.0,28.88,1.49,166849470.0,343027699.702066
801193.SI,20241226,证券Ⅱ,6934.42,6999.45,6896.76,6950.23,3.9,0.06,260486.0,3167334.0,28.89,1.49,166943087.0,343147438.108092
801193.SI,20241227,证券Ⅱ,6949.14,7138.48,6921.27,7006.93,56.7,0.82,455638.0,6025115.0,29.13,1.51,168305089.0,345691365.001543
801193.SI,20241230,证券Ⅱ,6981.49,7091.9,6957.41,7077.76,70.83,1.01,325287.0,4528878.0,29.42,1.52,170014001.0,348931010.955829
801193.SI,20241231,证券Ⅱ,7072.51,7100.79,6752.67,6758.24,-319.52,-4.51,470425.0,6007617.0,28.1,1.45,162338845.0,332920645.181885
801193.SI,20250102,证券Ⅱ,6726.3,6743.82,6310.06,6393.96,-364.27,-5.39,526059.0,6712617.0,26.58,1.37,153588653.0,315495940.571383
801193.SI,20250103,证券Ⅱ,6394.98,6426.29,6189.32,6212.71,-181.26,-2.83,383949.0,4569258.0,25.83,1.33,149234676.0,306726499.055454
801193.SI,20250106,证券Ⅱ,6173.94,6261.13,6123.62,6203.56,-9.15,-0.15,267669.0,3075969.0,25.79,1.33,149014884.0,306560725.402797
801193.SI,20250107,证券Ⅱ,6218.15,6298.9,6164.65,6275.32,71.76,1.16,284227.0,3034836.0,26.09,1.35,150738632.0,312812485.048796
801193.SI,20250108,证券Ⅱ,6243.37,6296.89,6071.87,6216.96,-58.36,-0.93,351994.0,3886892.0,25.85,1.34,149336858.0,309994723.252183
801193.SI,20250109,证券Ⅱ,6191.4,6261.1,6154.79,6184.19,-32.77,-0.53,222880.0,2296449.0,25.71,1.33,148549704.0,308245797.586001
801193.SI,20250110,证券Ⅱ,6185.95,6239.81,6071.47,6074.57,-109.62,-1.77,231337.0,2516877.0,25.25,1.3,145916548.0,303052977.263677
801193.SI,20250113,证券Ⅱ,5996.74,6133.71,5981.35,6101.54,26.96,0.44,209018.0,2253061.0,25.4,1.31,146599305.0,304346539.662704
801193.SI,20250114,证券Ⅱ,6133.64,6384.98,6107.34,6369.75,268.21,4.4,427356.0,5146275.0,26.51,1.37,153043584.0,316654928.927746
801193.SI,20250115,证券Ⅱ,6329.2,6366.42,6272.23,6304.27,-65.48,-1.03,256243.0,2965210.0,26.24,1.36,151470288.0,313710011.896767
801193.SI,20250116,证券Ⅱ,6342.16,6419.71,6238.07,6295.39,-8.88,-0.14,259785.0,3022514.0,26.2,1.36,151256863.0,313122632.492569
801193.SI,20250117,证券Ⅱ,6267.71,6372.7,6253.23,6315.14,19.75,0.31,225205.0,2516478.0,26.28,1.36,151731488.0,314181958.216361
801193.SI,20250120,证券Ⅱ,6379.89,6441.33,6314.83,6344.65,29.51,0.47,252302.0,2990131.0,26.41,1.37,152440621.0,315658055.657973
801193.SI,20250121,证券Ⅱ,6396.09,6421.43,6293.56,6365.14,20.48,0.32,234965.0,2766189.0,26.49,1.37,152932707.0,316382740.671263
801193.SI,20250122,证券Ⅱ,6343.63,6385.55,6275.3,6334.66,-30.48,-0.48,230037.0,2712303.0,26.37,1.36,152200418.0,315087850.287082
801193.SI,20250123,证券Ⅱ,6461.8,6605.37,6349.77,6360.86,26.2,0.41,476023.0,5763434.0,26.47,1.37,152829866.0,316889466.439734
801193.SI,20250124,证券Ⅱ,6340.99,6480.6,6322.69,6433.33,72.48,1.14,303182.0,3630474.0,26.78,1.39,154571229.0,320097619.497903
801193.SI,20250127,证券Ⅱ,6446.47,6462.37,6252.35,6257.15,-176.18,-2.74,270349.0,3149971.0,26.04,1.35,150338132.0,311725140.332387
801193.SI,20250205,证券Ⅱ,6313.19,6341.03,6230.68,6268.11,10.96,0.18,222146.0,2504297.0,26.09,1.35,150601415.0,312361284.801854
801193.SI,20250206,证券Ⅱ,6258.42,6403.57,6221.39,6372.43,104.32,1.66,286835.0,3266745.0,26.52,1.37,153107940.0,317338839.561898
801193.SI,20250207,证券Ⅱ,6365.17,6635.5,6334.1,6509.82,137.39,2.16,508658.0,6229113.0,27.09,1.4,156408956.0,324057620.390607
801193.SI,20250210,证券Ⅱ,6514.76,6578.82,6468.29,6521.71,11.9,0.18,310606.0,3760087.0,27.14,1.4,156699469.0,324691153.0
801193.SI,20250211,证券Ⅱ,6522.37,6541.64,6415.91,6472.46,-49.25,-0.76,275167.0,3306546.0,26.94,1.39,155516032.0,322386189.0
801193.SI,20250212,证券Ⅱ,6462.72,6606.26,6434.25,6580.45,107.99,1.67,356822.0,4028545.0,27.39,1.42,158110649.0,327698637.0
801193.SI,20250213,证券Ⅱ,6566.59,6668.34,6502.29,6543.39,-37.06,-0.56,548291.0,5419942.0,27.23,1.41,157220195.0,325823058.0
801193.SI,20250214,证券Ⅱ,6519.3,6604.27,6486.15,6556.98,13.59,0.21,353975.0,3623023.0,27.29,1.41,157546777.0,326352712.0
801193.SI,20250217,证券Ⅱ,6639.89,6678.36,6530.49,6576.21,19.23,0.29,396250.0,4513871.0,27.37,1.42,158008850.0,327787358.0
801193.SI,20250218,证券Ⅱ,6554.23,6585.74,6372.09,6396.46,-179.75,-2.73,374166.0,4165897.0,26.62,1.38,153689992.0,319261730.0
801193.SI,20250219,证券Ⅱ,6393.91,6529.03,6374.05,6481.2,84.74,1.32,319728.0,3662189.0,26.98,1.4,155726051.0,323694460.0
801193.SI,20250220,证券Ⅱ,6466.72,6510.26,6411.64,6455.35,-25.86,-0.4,247435.0,2875990.0,26.87,1.39,155104791.0,322814839.0
801193.SI,20250221,证券Ⅱ,6469.15,6634.93,6404.26,6595.1,139.76,2.16,491818.0,5840812.0,27.45,1.42,158462772.0,329339739.0
801193.SI,20250224,证券Ⅱ,6580.44,6647.19,6505.54,6556.17,-38.93,-0.59,344249.0,4084165.0,27.29,1.41,157527339.0,327165855.0
801193.SI,20250225,证券Ⅱ,6495.68,6546.49,6433.53,6455.53,-100.64,-1.54,254695.0,3004104.0,26.87,1.39,155109130.0,322264771.0
801193.SI,20250226,证券Ⅱ,6472.4,6639.42,6436.17,6620.06,164.54,2.55,424198.0,5156872.0,26.44,1.47,159062546.0,331471894.0
801193.SI,20250227,证券Ⅱ,6575.32,6667.79,6465.85,6598.86,-21.2,-0.32,483026.0,6087441.0,26.35,1.46,158553082.0,331782563.0
801193.SI,20250228,证券Ⅱ,6563.49,6669.61,6371.76,6391.05,-207.81,-3.15,444517.0,5386330.0,25.49,1.42,153563110.0,320833257.0
801193.SI,20250303,证券Ⅱ,6402.98,6478.07,6321.2,6365.25,-25.81,-0.4,309457.0,3617895.0,25.38,1.41,152942988.0,319300411.0
801193.SI,20250304,证券Ⅱ,6331.79,6432.34,6314.57,6389.75,24.51,0.39,226194.0,2580326.0,25.48,1.42,147078055.0,310311372.0
801193.SI,20250305,证券Ⅱ,6381.02,6437.76,6321.13,6389.6,-0.15,0.0,244204.0,2942313.0,25.48,1.42,147051107.0,310622736.0
801193.SI,20250306,证券Ⅱ,6431.69,6590.51,6415.64,6551.76,162.16,2.54,436614.0,5581416.0,26.12,1.45,150783077.0,318308040.0
801193.SI,20250307,证券Ⅱ,6507.49,6527.65,6418.19,6437.64,-114.13,-1.74,283720.0,3448688.0,25.67,1.43,148156500.0,312571893.0
801193.SI,20250310,证券Ⅱ,6424.55,6446.41,6351.06,6390.45,-47.19,-0.73,199236.0,2392005.0,25.48,1.42,147070495.0,310530330.0
801193.SI,20250311,证券Ⅱ,6327.57,6425.05,6310.95,6415.62,25.17,0.39,202729.0,2393256.0,25.58,1.42,147649813.0,311678594.0
801193.SI,20250312,证券Ⅱ,6423.06,6554.45,6395.32,6451.41,35.79,0.56,325495.0,4095375.0,25.72,1.43,148473553.0,314190731.0
801193.SI,20250313,证券Ⅱ,6432.54,6508.74,6362.66,6407.14,-44.27,-0.69,260215.0,3225556.0,25.55,1.42,147454665.0,312307548.0
801193.SI,20250314,证券Ⅱ,6424.08,6717.68,6410.89,6622.06,214.92,3.35,630756.0,8440243.0,26.4,1.47,152400796.0,322901268.0
801193.SI,20250317,证券Ⅱ,6617.22,6639.76,6543.37,6563.81,-58.25,-0.88,310218.0,4008205.0,26.39,1.48,144467969.0,306018462.0
801193.SI,20250318,证券Ⅱ,6596.65,6625.56,6543.12,6574.01,10.2,0.16,219045.0,2802095.0,26.48,1.5,159590779.0,331613823.0
801193.SI,20250319,证券Ⅱ,6567.5,6617.95,6538.35,6571.62,-2.39,-0.04,225881.0,2841601.0,26.47,1.5,159532829.0,331647255.0
801193.SI,20250320,证券Ⅱ,6567.79,6585.34,6494.97,6517.49,-54.13,-0.82,205349.0,2547232.0,26.25,1.49,158218825.0,328934965.0
801193.SI,20250321,证券Ⅱ,6497.51,6541.36,6382.17,6408.93,-108.57,-1.67,268032.0,3341399.0,25.81,1.46,155583201.0,323607730.0
801193.SI,20250324,证券Ⅱ,6398.8,6431.06,6333.39,6402.43,-6.49,-0.1,216991.0,2557236.0,25.67,1.46,155425622.0,323294723.0
801193.SI,20250325,证券Ⅱ,6405.13,6427.92,6341.25,6374.65,-27.79,-0.43,163673.0,2012516.0,25.56,1.45,154751065.0,321643730.0
801193.SI,20250326,证券Ⅱ,6371.76,6415.48,6355.03,6370.67,-3.98,-0.06,146532.0,1710531.0,25.54,1.45,154654409.0,321601268.0
801193.SI,20250327,证券Ⅱ,6358.67,6435.83,6317.12,6379.27,8.6,0.14,179338.0,2160106.0,25.17,1.45,154863201.0,322155617.0
801193.SI,20250328,证券Ⅱ,6387.37,6428.78,6343.38,6376.33,-2.93,-0.05,181284.0,2179375.0,24.76,1.44,154691298.0,322475019.0
801193.SI,20250331,证券Ⅱ,6353.29,6393.46,6218.47,6256.61,-119.72,-1.88,246702.0,2898339.0,23.19,1.4,151786818.0,316313231.0
801193.SI,20250401,证券Ⅱ,6272.31,6314.36,6206.82,6239.83,-16.79,-0.27,202032.0,2409658.0,23.12,1.4,151381970.0,315695955.0
801193.SI,20250402,证券Ⅱ,6231.63,6308.37,6219.14,6273.65,33.82,0.54,168167.0,1925086.0,23.25,1.41,152202436.0,317536822.0
801193.SI,20250403,证券Ⅱ,6218.57,6317.03,6206.62,6262.7,-10.94,-0.17,181724.0,1994357.0,23.21,1.41,151936974.0,317045067.0
801193.SI,20250407,证券Ⅱ,5937.06,6017.73,5538.01,5627.38,-635.32,-10.14,492700.0,5573894.0,20.85,1.26,136523700.0,286269108.0
801193.SI,20250408,证券Ⅱ,5679.64,5775.62,5597.3,5718.01,90.63,1.61,378534.0,4084404.0,21.19,1.28,138722368.0,290356243.0
801193.SI,20250409,证券Ⅱ,5671.69,5889.57,5577.22,5834.04,116.03,2.03,402470.0,4283014.0,21.59,1.31,141537408.0,295809362.0
801193.SI,20250410,证券Ⅱ,5930.99,6005.33,5840.58,5912.07,78.03,1.34,343503.0,3857121.0,21.87,1.33,143521871.0,300096698.0
801193.SI,20250411,证券Ⅱ,5904.35,5995.39,5867.73,5926.21,14.15,0.24,237884.0,2661304.0,21.89,1.33,143865290.0,300843723.0
801193.SI,20250414,证券Ⅱ,5959.1,5982.64,5910.82,5929.62,3.41,0.06,194552.0,2061491.0,21.91,1.33,143948048.0,300993958.0
801193.SI,20250415,证券Ⅱ,5925.24,5935.06,5868.71,5909.15,-20.48,-0.35,142852.0,1513273.0,21.8,1.32,143450936.0,299957246.0
801193.SI,20250416,证券Ⅱ,5893.91,5921.5,5806.71,5896.49,-12.65,-0.21,175180.0,1843183.0,21.75,1.32,143143739.0,299373909.0
801193.SI,20250417,证券Ⅱ,5868.11,5927.4,5850.58,5893.33,-3.16,-0.05,152173.0,1543641.0,21.74,1.32,143066988.0,299052843.0
801193.SI,20250418,证券Ⅱ,5878.91,5958.36,5860.57,5930.28,36.95,0.63,205275.0,1873913.0,21.87,1.33,143963904.0,300825915.0
801193.SI,20250421,证券Ⅱ,5906.37,5990.34,5889.06,5963.43,33.16,0.56,175283.0,1740986.0,21.89,1.33,144768812.0,302603619.0
801193.SI,20250422,证券Ⅱ,5953.29,6000.04,5930.98,5952.17,-11.26,-0.19,170685.0,1708620.0,21.84,1.33,144495504.0,302028059.0
801193.SI,20250423,证券Ⅱ,5979.57,6010.84,5932.25,5961.09,8.92,0.15,168781.0,1786028.0,21.87,1.33,144711996.0,302508512.0
801193.SI,20250424,证券Ⅱ,5959.44,5990.95,5908.26,5932.11,-28.98,-0.49,161086.0,1696203.0,21.71,1.32,144008515.0,301027879.0
801193.SI,20250425,证券Ⅱ,5949.58,6015.5,5933.5,5982.96,50.84,0.86,205592.0,2174513.0,21.79,1.33,145242771.0,303428108.0
801193.SI,20250428,证券Ⅱ,5973.36,5986.41,5902.9,5937.79,-45.17,-0.75,173437.0,1685153.0,21.27,1.32,144146213.0,301041883.0
801193.SI,20250429,证券Ⅱ,5939.58,5976.77,5901.58,5921.17,-16.62,-0.28,150604.0,1513669.0,21.18,1.31,143742726.0,300154572.0
801193.SI,20250430,证券Ⅱ,5934.6,6000.26,5909.57,5939.12,17.96,0.3,182479.0,1913853.0,21.26,1.21,144178609.0,300900002.0
801193.SI,20250506,证券Ⅱ,5976.41,6050.93,5950.54,6026.82,87.7,1.48,253678.0,2671600.0,18.54,1.22,146307679.0,305156719.0
801193.SI,20250507,证券Ⅱ,6207.2,6270.71,6039.69,6067.97,41.15,0.68,357853.0,4142547.0,18.67,1.23,147306529.0,307086211.0
801193.SI,20250508,证券Ⅱ,6042.82,6125.83,6026.56,6083.75,15.78,0.26,199803.0,2273392.0,18.72,1.24,147689693.0,308002251.0
801193.SI,20250509,证券Ⅱ,6079.72,6097.35,5998.23,6012.76,-70.99,-1.17,164088.0,1772481.0,18.85,1.24,146014051.0,304440988.0
801193.SI,20250512,证券Ⅱ,6054.72,6188.24,6022.25,6162.69,149.93,2.49,277388.0,3396735.0,19.32,1.27,149655037.0,311551203.0
801193.SI,20250513,证券Ⅱ,6205.22,6212.74,6102.57,6118.1,-44.59,-0.72,208803.0,2413188.0,19.17,1.27,148621904.0,309485294.0
801193.SI,20250514,证券Ⅱ,6114.88,6463.02,6082.08,6340.12,222.02,3.63,562283.0,6788406.0,19.87,1.31,154015305.0,320155077.0
801193.SI,20250515,证券Ⅱ,6278.55,6322.09,6200.25,6212.25,-127.87,-2.02,293959.0,3391009.0,19.47,1.28,150908975.0,313937431.0
801193.SI,20250516,证券Ⅱ,6199.0,6234.39,6120.98,6143.99,-68.26,-1.1,205057.0,2225760.0,19.26,1.27,149250834.0,310654685.0
801193.SI,20250519,证券Ⅱ,6139.1,6175.36,6097.19,6141.36,-2.63,-0.04,162830.0,1735721.0,19.25,1.27,149186988.0,310741889.0
801193.SI,20250520,证券Ⅱ,6150.99,6186.07,6119.36,6145.1,3.74,0.06,170154.0,1839286.0,19.26,1.27,149277750.0,310967717.0
801193.SI,20250521,证券Ⅱ,6138.26,6170.65,6117.02,6125.53,-19.57,-0.32,143953.0,1611666.0,19.19,1.27,148823546.0,310092309.0
801193.SI,20250522,证券Ⅱ,6114.73,6133.18,6068.86,6091.97,-33.57,-0.55,142383.0,1508444.0,19.09,1.26,148044401.0,308174591.0
801193.SI,20250523,证券Ⅱ,6081.98,6125.4,5998.89,6005.37,-86.6,-1.42,182118.0,2033023.0,18.82,1.24,145939920.0,303832998.0
801193.SI,20250526,证券Ⅱ,5997.2,6029.1,5966.05,6001.77,-3.59,-0.06,121252.0,1322091.0,18.81,1.24,145852577.0,303707030.0
801193.SI,20250527,证券Ⅱ,6000.37,6020.17,5958.5,5990.05,-11.72,-0.2,109519.0,1162033.0,18.77,1.24,145567794.0,303357218.0
801193.SI,20250528,证券Ⅱ,5995.39,6009.15,5947.44,5960.17,-29.88,-0.5,99987.0,1073291.0,18.68,1.23,144841614.0,301815736.0
801193.SI,20250529,证券Ⅱ,5964.85,6052.81,5955.14,6030.14,69.97,1.17,163502.0,1758244.0,18.9,1.25,146541928.0,305208612.0
801193.SI,20250530,证券Ⅱ,6007.2,6030.86,5958.8,5996.51,-33.63,-0.56,142365.0,1531260.0,18.79,1.24,145724704.0,303761573.0
801193.SI,20250603,证券Ⅱ,5970.98,6093.21,5947.15,6051.36,54.85,0.91,181177.0,2007728.0,18.97,1.25,147057585.0,306503605.0
801193.SI,20250604,证券Ⅱ,6045.75,6166.14,6033.4,6132.79,81.43,1.35,227861.0,2488930.0,19.22,1.27,149036383.0,310531638.0
801193.SI,20250605,证券Ⅱ,6132.87,6222.71,6112.97,6191.35,58.56,0.95,240014.0,2790547.0,19.4,1.28,150459496.0,313447707.0
801193.SI,20250606,证券Ⅱ,6192.14,6217.2,6125.84,6139.61,-51.73,-0.84,159578.0,1837980.0,19.24,1.27,149202302.0,310634723.0
801193.SI,20250609,证券Ⅱ,6180.01,6277.68,6165.81,6234.43,94.82,1.54,278099.0,3345055.0,19.55,1.29,151645609.0,315614556.0
801193.SI,20250610,证券Ⅱ,6229.48,6260.55,6104.46,6146.14,-88.3,-1.42,235670.0,2732100.0,19.28,1.27,149497901.0,311197224.0
801193.SI,20250611,证券Ⅱ,6162.25,6344.64,6147.66,6265.23,119.1,1.94,386564.0,4296470.0,19.65,1.3,152394821.0,317159392.0
801193.SI,20250612,证券Ⅱ,6224.03,6331.8,6197.67,6256.08,-9.15,-0.15,319113.0,3294788.0,19.62,1.29,152172254.0,316560793.0
801193.SI,20250613,证券Ⅱ,6234.03,6267.61,6161.24,6189.87,-66.22,-1.06,293668.0,3170390.0,19.41,1.28,150561609.0,313170048.0
801193.SI,20250616,证券Ⅱ,6170.21,6288.4,6160.98,6275.06,85.2,1.38,227404.0,2548552.0,19.68,1.3,152633968.0,317239258.0
801193.SI,20250617,证券Ⅱ,6272.84,6308.13,6239.9,6294.04,18.97,0.3,188677.0,2124616.0,19.74,1.3,153095416.0,318488541.0
801193.SI,20250618,证券Ⅱ,6281.24,6296.61,6175.24,6218.05,-75.99,-1.21,190624.0,2062321.0,19.5,1.29,151247163.0,314580289.0
801193.SI,20250619,证券Ⅱ,6207.09,6221.87,6079.41,6101.63,-116.42,-1.87,218040.0,2356990.0,19.14,1.26,148415306.0,308807983.0
801193.SI,20250620,证券Ⅱ,6106.0,6142.79,6068.77,6082.94,-18.69,-0.31,144515.0,1558695.0,19.08,1.26,147960780.0,307640995.0
801193.SI,20250623,证券Ⅱ,6049.68,6179.67,6036.4,6153.45,70.51,1.16,176884.0,1914973.0,19.3,1.27,149675882.0,311345653.0
801193.SI,20250624,证券Ⅱ,6169.72,6371.45,6157.82,6315.59,162.14,2.63,410298.0,4733100.0,19.81,1.31,153619671.0,320129105.0
801193.SI,20250625,证券Ⅱ,6347.27,6719.69,6324.6,6666.23,350.64,5.55,870104.0,10324863.0,20.91,1.38,162148595.0,336286621.0
801193.SI,20250626,证券Ⅱ,6662.03,6702.35,6523.55,6552.01,-114.22,-1.71,733529.0,7844188.0,20.56,1.36,159459843.0,331213564.0
801193.SI,20250627,证券Ⅱ,6555.89,6773.24,6512.81,6546.59,-5.41,-0.08,801991.0,8203671.0,20.54,1.36,159328074.0,330809831.0
801193.SI,20250630,证券Ⅱ,6540.04,6582.87,6453.99,6517.27,-29.32,-0.45,483794.0,4660169.0,20.46,1.35,158614563.0,329095091.0
801193.SI,20250701,证券Ⅱ,6521.54,6551.79,6434.47,6484.78,-32.5,-0.5,354519.0,3433613.0,20.36,1.35,157823639.0,327589237.0
801193.SI,20250702,证券Ⅱ,6484.03,6517.18,6427.94,6455.61,-29.17,-0.45,276995.0,2760939.0,20.27,1.34,157113784.0,326199356.0
801193.SI,20250703,证券Ⅱ,6463.88,6528.24,6450.96,6499.94,44.33,0.69,261390.0,2788955.0,20.41,1.35,158192611.0,328209766.0
801193.SI,20250704,证券Ⅱ,6490.94,6621.01,6434.41,6500.33,0.4,0.01,465217.0,4766345.0,20.41,1.35,158202279.0,328109096.0
801193.SI,20250707,证券Ⅱ,6474.24,6545.52,6460.23,6507.2,6.87,0.11,273097.0,2623478.0,20.43,1.35,158361951.0,328435917.0
801193.SI,20250708,证券Ⅱ,6504.87,6608.81,6492.18,6584.68,77.48,1.19,391354.0,3995152.0,20.67,1.37,160247622.0,332333085.0
801193.SI,20250709,证券Ⅱ,6587.69,6650.99,6526.35,6549.02,-35.66,-0.54,377749.0,3842580.0,20.56,1.36,159379763.0,330804469.0
801193.SI,20250710,证券Ⅱ,6535.58,6673.29,6520.56,6627.38,78.36,1.2,454110.0,4771930.0,20.81,1.37,161286764.0,334743950.0
801193.SI,20250711,证券Ⅱ,6674.67,6945.54,6629.27,6789.92,162.54,2.45,920027.0,10528769.0,21.32,1.41,165242426.0,342907875.0
801193.SI,20250714,证券Ⅱ,6820.28,6836.1,6696.39,6713.56,-76.36,-1.12,527217.0,5591390.0,21.08,1.39,163425357.0,339322324.0
801193.SI,20250715,证券Ⅱ,6732.5,6800.01,6639.97,6684.54,-29.02,-0.43,417845.0,4600567.0,20.99,1.39,162718847.0,337982471.0
801193.SI,20250716,证券Ⅱ,6680.43,6721.38,6605.05,6653.19,-31.35,-0.47,292099.0,3248654.0,20.89,1.38,161990373.0,336531079.0
801193.SI,20250717,证券Ⅱ,6654.5,6721.55,6626.95,6693.06,39.88,0.6,280124.0,3180732.0,21.02,1.39,162961280.0,338638006.0
801193.SI,20250718,证券Ⅱ,6697.61,6763.91,6659.5,6718.21,25.14,0.38,287936.0,3377652.0,21.09,1.39,163573503.0,340027242.0
801193.SI,20250721,证券Ⅱ,6702.64,6842.39,6667.8,6804.74,86.53,1.29,414519.0,5124452.0,21.37,1.41,165680328.0,344742373.0
801193.SI,20250722,证券Ⅱ,6806.19,6863.04,6722.49,6821.2,16.47,0.24,397365.0,4714724.0,21.41,1.42,166029774.0,345443469.0
801193.SI,20250723,证券Ⅱ,6840.82,7029.73,6817.45,6896.6,75.39,1.11,692965.0,8627418.0,21.65,1.43,167864856.0,348744802.0
801193.SI,20250724,证券Ⅱ,6865.28,7110.92,6849.09,7070.03,173.43,2.51,709754.0,8508530.0,22.2,1.47,172086288.0,357896362.0
801193.SI,20250725,证券Ⅱ,7092.6,7161.52,6987.68,7041.97,-28.06,-0.4,566126.0,6635573.0,22.11,1.46,171403330.0,356638152.0
801193.SI,20250728,证券Ⅱ,7041.47,7191.9,6984.09,7089.69,47.72,0.68,484689.0,6002226.0,22.26,1.47,172564835.0,358826300.0
801193.SI,20250729,证券Ⅱ,7051.1,7128.91,6938.95,7110.77,21.08,0.3,505622.0,5840611.0,22.32,1.48,173077849.0,359617241.0
801193.SI,20250730,证券Ⅱ,7093.16,7156.87,6958.65,7029.91,-80.86,-1.14,471214.0,5466508.0,22.07,1.46,171109659.0,355365678.0
801193.SI,20250731,证券Ⅱ,6982.37,7067.08,6819.61,6867.52,-162.39,-2.31,528042.0,5853924.0,21.56,1.42,167157012.0,347134049.0
801193.SI,20250801,证券Ⅱ,6858.03,6928.34,6787.19,6815.12,-52.4,-0.76,372087.0,3983479.0,21.4,1.41,165881641.0,344704743.0
801193.SI,20250804,证券Ⅱ,6782.23,6858.8,6762.07,6832.01,16.89,0.25,262799.0,2917156.0,21.45,1.42,166292859.0,345528089.0
801193.SI,20250805,证券Ⅱ,6853.68,6938.78,6824.58,6905.73,73.72,1.08,334121.0,3943401.0,21.68,1.43,168087215.0,349689699.0
801193.SI,20250806,证券Ⅱ,6894.23,6957.7,6860.43,6929.08,23.35,0.34,283917.0,3333054.0,21.75,1.44,168655536.0,350810968.0
801193.SI,20250807,证券Ⅱ,6939.33,7011.1,6880.75,6929.89,0.81,0.01,342359.0,3872183.0,21.76,1.44,168675159.0,351178105.0
801193.SI,20250808,证券Ⅱ,6915.05,6937.76,6843.58,6869.85,-60.04,-0.87,274539.0,3172920.0,21.57,1.43,167213853.0,348217272.0
801193.SI,20250811,证券Ⅱ,6863.51,7009.26,6857.22,6957.77,87.92,1.28,372205.0,4662765.0,21.84,1.44,169353866.0,352422414.0
801193.SI,20250812,证券Ⅱ,6966.22,7023.57,6928.91,6997.42,39.65,0.57,331797.0,4091888.0,21.97,1.45,170318996.0,354428161.0
801193.SI,20250813,证券Ⅱ,7025.96,7213.1,6964.05,7119.0,121.58,1.74,724073.0,8987616.0,22.28,1.47,174997480.0,365530061.0
801193.SI,20250814,证券Ⅱ,7124.11,7285.39,7068.46,7117.59,-1.41,-0.02,701669.0,9043675.0,22.27,1.47,174962798.0,365511137.0
801193.SI,20250815,证券Ⅱ,7093.19,7534.18,7063.2,7432.72,315.13,4.43,1118299.0,14931754.0,23.25,1.53,182884140.0,380261774.0
801193.SI,20250818,证券Ⅱ,7501.24,7708.04,7356.33,7535.75,103.03,1.39,1119068.0,14965328.0,23.57,1.55,185419294.0,385070560.0
801193.SI,20250819,证券Ⅱ,7490.16,7585.03,7372.48,7399.92,-135.83,-1.8,678498.0,8978466.0,23.14,1.52,182077184.0,378989719.0
801193.SI,20250820,证券Ⅱ,7365.64,7494.09,7280.55,7475.55,75.63,1.02,603924.0,7504848.0,23.38,1.54,183937992.0,382837747.0
801193.SI,20250821,证券Ⅱ,7539.48,7573.92,7368.28,7410.89,-64.66,-0.86,529550.0,6535396.0,23.18,1.53,182347105.0,379201767.0
801193.SI,20250822,证券Ⅱ,7381.53,7688.96,7372.24,7664.69,253.79,3.42,763138.0,10382992.0,23.97,1.58,188591758.0,391947663.0
801193.SI,20250825,证券Ⅱ,7750.86,7861.52,7608.82,7730.11,65.42,0.85,881573.0,11818990.0,24.18,1.59,190201530.0,395735255.0
801193.SI,20250826,证券Ⅱ,7680.79,7768.11,7615.36,7645.83,-84.28,-1.09,548049.0,6903613.0,23.91,1.57,188127812.0,391493577.0
801193.SI,20250827,证券Ⅱ,7639.54,7752.44,7436.79,7445.45,-200.38,-2.62,773220.0,9510193.0,23.29,1.53,183197442.0,380835266.0
801193.SI,20250828,证券Ⅱ,7437.21,7598.85,7363.16,7591.8,146.35,1.97,634565.0,7964279.0,23.75,1.56,186798328.0,388296092.0
801193.SI,20250829,证券Ⅱ,7624.02,7754.18,7517.45,7608.39,16.59,0.22,651460.0,9597802.0,23.8,1.56,187206621.0,388419995.0
801193.SI,20250901,证券Ⅱ,7626.4,7670.11,7475.22,7534.58,-73.81,-0.97,511602.0,7003211.0,21.56,1.53,185390391.0,384705852.0
801193.SI,20250902,证券Ⅱ,7529.53,7582.08,7356.76,7435.69,-98.88,-1.31,688989.0,8254248.0,21.28,1.51,182926157.0,380216664.0
801193.SI,20250903,证券Ⅱ,7469.13,7507.75,7115.04,7173.05,-262.64,-3.53,620497.0,7694262.0,20.53,1.46,176464844.0,366873902.0
801193.SI,20250904,证券Ⅱ,7164.58,7257.86,7043.84,7146.82,-26.23,-0.37,638663.0,7323321.0,20.45,1.45,175819511.0,365829457.0
801193.SI,20250905,证券Ⅱ,7161.17,7227.76,7070.99,7204.66,57.84,0.81,485695.0,5433021.0,20.62,1.46,177242366.0,368476177.0
801193.SI,20250908,证券Ⅱ,7183.66,7232.77,7104.2,7151.47,-53.19,-0.74,406199.0,4744376.0,20.46,1.45,175933872.0,365789281.0
801193.SI,20250909,证券Ⅱ,7145.43,7242.68,7104.33,7149.03,-2.44,-0.03,385838.0,4587525.0,20.46,1.45,175873868.0,365640486.0
801193.SI,20250910,证券Ⅱ,7151.91,7212.95,7097.01,7131.05,-17.98,-0.25,337954.0,3754851.0,20.43,1.45,175442667.0,365395528.0
801193.SI,20250911,证券Ⅱ,7113.33,7392.1,7080.76,7357.78,226.73,3.18,658892.0,7461134.0,21.1,1.49,181256780.0,376519857.0
801193.SI,20250912,证券Ⅱ,7344.96,7401.51,7231.35,7251.34,-106.43,-1.45,492098.0,5676337.0,20.79,1.47,178634876.0,371244850.0
801193.SI,20250915,证券Ⅱ,7250.85,7336.22,7185.64,7237.16,-14.18,-0.2,365714.0,4789257.0,20.75,1.47,178285459.0,370387982.0
801193.SI,20250916,证券Ⅱ,7240.9,7333.88,7148.19,7244.21,7.05,0.1,500219.0,6258012.0,20.77,1.47,178459066.0,370876271.0
801193.SI,20250917,证券Ⅱ,7236.6,7361.16,7189.68,7283.82,39.61,0.55,567057.0,7623594.0,20.89,1.48,179434965.0,373306651.0
801193.SI,20250918,证券Ⅱ,7254.78,7285.9,6995.02,7061.35,-222.48,-3.05,703604.0,9303360.0,20.25,1.43,174003904.0,362289805.0
801193.SI,20250919,证券Ⅱ,7041.58,7096.85,6972.93,6996.83,-64.51,-0.91,359822.0,4446474.0,20.07,1.42,172414157.0,358725602.0
801193.SI,20250922,证券Ⅱ,7006.54,7094.47,6975.8,7078.98,82.14,1.17,289207.0,3779064.0,20.3,1.44,174438338.0,362901297.0
801193.SI,20250923,证券Ⅱ,7027.76,7051.73,6863.88,6956.58,-122.4,-1.73,393000.0,4961999.0,19.95,1.41,171422232.0,356918526.0
801193.SI,20250924,证券Ⅱ,6926.33,7070.85,6905.51,7023.01,66.43,0.95,355253.0,4529377.0,20.14,1.43,173059202.0,360277396.0
801193.SI,20250925,证券Ⅱ,7008.96,7091.99,6978.33,7018.79,-4.22,-0.06,293520.0,3949541.0,20.13,1.43,172955278.0,359731651.0
801193.SI,20250926,证券Ⅱ,6997.67,7078.13,6956.98,6984.18,-34.61,-0.49,269141.0,3519345.0,20.03,1.42,172102311.0,358235684.0
801193.SI,20250929,证券Ⅱ,6974.18,7509.29,6956.57,7335.11,350.93,5.02,834852.0,12335833.0,21.04,1.49,180789256.0,375184976.0
801193.SI,20250930,证券Ⅱ,7307.12,7380.56,7203.59,7257.6,-77.5,-1.06,515256.0,7768520.0,20.82,1.47,178878992.0,371935398.0
801193.SI,20251009,证券Ⅱ,7202.5,7345.24,7121.35,7271.41,13.81,0.19,522774.0,7768516.0,20.86,1.48,179219261.0,373192138.0
801193.SI,20251010,证券Ⅱ,7239.32,7442.18,7192.45,7292.83,21.42,0.29,525833.0,7835175.0,20.92,1.48,179747124.0,375152799.0
801193.SI,20251013,证券Ⅱ,7093.47,7258.1,7057.9,7190.81,-102.02,-1.4,417310.0,5880533.0,20.63,1.46,177232688.0,370907873.0
801193.SI,20251014,证券Ⅱ,7203.7,7344.5,7119.6,7148.91,-41.9,-0.58,426246.0,5879628.0,20.51,1.45,176208496.0,369022558.0
801193.SI,20251015,证券Ⅱ,7172.99,7273.77,7088.84,7238.1,89.19,1.25,390998.0,5424392.0,20.76,1.47,178406986.0,373302065.0
801193.SI,20251016,证券Ⅱ,7204.59,7294.15,7162.56,7215.96,-22.15,-0.31,320526.0,4543631.0,20.7,1.47,177861144.0,372379151.0
801193.SI,20251017,证券Ⅱ,7212.62,7286.55,7051.36,7064.65,-151.31,-2.1,367363.0,5044335.0,20.26,1.44,174131596.0,364550132.0
801193.SI,20251020,证券Ⅱ,7143.83,7177.36,7040.89,7075.5,10.85,0.15,266705.0,3648351.0,20.29,1.44,174399112.0,364646986.0
801193.SI,20251021,证券Ⅱ,7091.36,7247.45,7071.46,7141.83,66.33,0.94,437970.0,5561842.0,20.48,1.45,176034078.0,367903530.0
801193.SI,20251022,证券Ⅱ,7102.62,7123.4,7037.63,7068.64,-73.19,-1.02,262584.0,3156963.0,20.28,1.45,174230167.0,364002549.0
801193.SI,20251023,证券Ⅱ,7067.77,7154.27,6992.08,7141.96,73.32,1.04,290285.0,3671037.0,20.49,1.46,176037372.0,367867494.0
801193.SI,20251024,证券Ⅱ,7143.28,7232.99,7112.36,7209.64,67.67,0.95,340385.0,4871472.0,20.68,1.48,177705378.0,371052951.0
801193.SI,20251027,证券Ⅱ,7295.2,7375.68,7216.54,7288.95,79.32,1.1,522752.0,7619493.0,20.9,1.48,179624413.0,375341776.0
801193.SI,20251028,证券Ⅱ,7253.59,7327.39,7203.61,7241.29,-47.66,-0.65,350320.0,4854306.0,20.77,1.47,178449836.0,372438821.0
801193.SI,20251029,证券Ⅱ,7230.9,7442.75,7214.89,7402.89,161.6,2.23,590106.0,7813551.0,21.23,1.5,182432153.0,380491613.0
801193.SI,20251030,证券Ⅱ,7368.87,7407.09,7237.32,7252.55,-150.34,-2.03,461551.0,6212670.0,20.8,1.47,178727363.0,372687307.0
801193.SI,20251031,证券Ⅱ,7282.69,7314.03,7163.97,7171.37,-81.18,-1.12,393691.0,5013422.0,20.57,1.43,176726732.0,368390883.0
801193.SI,20251103,证券Ⅱ,7155.87,7185.35,7056.37,7153.64,-17.73,-0.25,290251.0,3635080.0,18.33,1.43,176289832.0,367363499.0
801193.SI,20251104,证券Ⅱ,7132.07,7167.47,7074.53,7116.71,-36.93,-0.52,250079.0,3147690.0,18.23,1.42,175379781.0,365468992.0
801193.SI,20251105,证券Ⅱ,7066.08,7138.0,7048.88,7093.7,-23.01,-0.32,216037.0,2692401.0,18.17,1.42,174819760.0,364252933.0
801193.SI,20251106,证券Ⅱ,7108.69,7236.71,7099.0,7186.01,92.31,1.3,311885.0,4156624.0,18.41,1.44,177094586.0,368765713.0
801193.SI,20251107,证券Ⅱ,7149.85,7184.97,7099.4,7119.93,-66.08,-0.92,246761.0,3059602.0,18.24,1.42,175466102.0,365393986.0
801193.SI,20251110,证券Ⅱ,7112.95,7255.77,7089.52,7214.85,94.92,1.33,302024.0,3909869.0,18.48,1.44,177805442.0,370035063.0
801193.SI,20251111,证券Ⅱ,7217.94,7247.52,7109.06,7126.03,-88.82,-1.23,265338.0,3412250.0,18.25,1.42,175616412.0,365456447.0
801193.SI,20251112,证券Ⅱ,7122.61,7156.14,7032.24,7075.43,-50.6,-0.71,258792.0,3191543.0,18.13,1.41,174369381.0,362504847.0
801193.SI,20251113,证券Ⅱ,7060.96,7170.42,7050.29,7154.27,78.84,1.11,249863.0,3226980.0,18.33,1.43,176312386.0,366236575.0
801193.SI,20251114,证券Ⅱ,7106.91,7148.85,7040.81,7048.19,-106.08,-1.48,234274.0,2978760.0,18.06,1.41,173698110.0,360972969.0
801193.SI,20251117,证券Ⅱ,7033.67,7056.87,6951.22,6974.67,-73.52,-1.04,217424.0,2655523.0,17.87,1.39,171886370.0,357165769.0
801193.SI,20251118,证券Ⅱ,6967.6,7053.07,6942.68,6986.5,11.83,0.17,231395.0,2836941.0,17.9,1.4,172177818.0,357694985.0
801193.SI,20251119,证券Ⅱ,6979.4,7055.84,6930.83,6981.46,-5.04,-0.07,212522.0,2579658.0,17.88,1.4,172053564.0,357479758.0
801193.SI,20251120,证券Ⅱ,7117.42,7154.73,6934.0,6944.33,-37.13,-0.53,323174.0,3886895.0,17.79,1.39,171138544.0,355925987.0
801193.SI,20251121,证券Ⅱ,6882.44,6948.27,6691.17,6703.66,-240.67,-3.47,350057.0,4103389.0,17.17,1.34,165207410.0,344503364.0
801193.SI,20251124,证券Ⅱ,6728.67,6785.34,6664.53,6723.43,19.77,0.29,209061.0,2418714.0,17.22,1.34,165694686.0,345254351.0
801193.SI,20251125,证券Ⅱ,6741.19,6799.43,6709.87,6737.33,13.9,0.21,200885.0,2425567.0,17.26,1.35,166052698.0,345859318.0
801193.SI,20251126,证券Ⅱ,6740.12,6780.26,6697.81,6721.58,-15.76,-0.23,152304.0,1842189.0,17.22,1.34,165664381.0,345027342.0
801193.SI,20251127,证券Ⅱ,6712.64,6792.65,6695.98,6722.76,1.18,0.02,150737.0,1854397.0,17.22,1.34,165697330.0,345102448.0
801193.SI,20251128,证券Ⅱ,6716.26,6773.4,6677.19,6753.15,30.39,0.45,155781.0,1891191.0,17.31,1.35,166529138.0,346586826.0
801193.SI,20251201,证券Ⅱ,6720.93,6806.18,6692.41,6771.46,18.31,0.27,245506.0,2695351.0,17.36,1.35,166980541.0,347969290.0
801193.SI,20251202,证券Ⅱ,6758.58,6781.18,6680.54,6701.11,-70.34,-1.04,170193.0,1995306.0,17.17,1.34,165245918.0,345305352.0
801193.SI,20251203,证券Ⅱ,6718.31,6754.74,6614.96,6635.05,-66.06,-0.99,186000.0,2057873.0,17.01,1.33,163654836.0,342380000.0
801193.SI,20251204,证券Ⅱ,6634.74,6711.83,6604.74,6657.95,22.9,0.35,163945.0,1833229.0,17.07,1.33,164219659.0,343540570.0
801193.SI,20251205,证券Ⅱ,6649.21,6908.26,6629.95,6830.04,172.09,2.58,397268.0,4797582.0,17.51,1.36,168464305.0,351368553.0
801193.SI,20251208,证券Ⅱ,6946.87,7095.72,6908.57,6967.14,137.09,2.01,567156.0,7088981.0,17.88,1.39,171900867.0,357359308.0
801193.SI,20251209,证券Ⅱ,6920.91,6982.42,6848.51,6881.34,-85.8,-1.23,294915.0,3490897.0,17.66,1.38,169784002.0,352990427.0
801193.SI,20251210,证券Ⅱ,6859.12,6931.91,6801.65,6896.19,14.85,0.22,246702.0,2861545.0,17.69,1.38,170150498.0,353917582.0
801193.SI,20251211,证券Ⅱ,6900.77,6925.59,6787.33,6808.69,-87.5,-1.27,217285.0,2516980.0,17.47,1.36,167984944.0,349647132.0
801193.SI,20251212,证券Ⅱ,6807.22,6903.31,6764.47,6851.1,42.41,0.62,259965.0,3225274.0,17.58,1.37,169031365.0,351834993.0
801193.SI,20251215,证券Ⅱ,6807.47,6977.04,6784.65,6877.56,26.45,0.39,242102.0,3070680.0,17.65,1.38,169683976.0,352915364.0
801193.SI,20251216,证券Ⅱ,6855.33,6920.06,6798.58,6826.6,-50.95,-0.74,201913.0,2523694.0,17.51,1.37,168426836.0,350776217.0
801193.SI,20251217,证券Ⅱ,6822.72,7047.3,6776.59,6963.17,136.56,2.0,335827.0,4336349.0,17.87,1.39,171796158.0,357089257.0
801193.SI,20251218,证券Ⅱ,6960.67,6983.83,6864.76,6889.07,-74.1,-1.06,252552.0,3489350.0,17.68,1.38,169967960.0,353721689.0
801193.SI,20251219,证券Ⅱ,6879.74,6988.15,6856.9,6920.07,31.01,0.45,252540.0,3198089.0,17.75,1.38,170732965.0,355208207.0
801193.SI,20251222,证券Ⅱ,6911.07,6964.52,6887.23,6918.19,-1.88,-0.03,190932.0,2454722.0,17.75,1.38,170686611.0,354829678.0
801193.SI,20251223,证券Ⅱ,6915.81,6979.17,6871.0,6900.78,-17.42,-0.25,208358.0,2725497.0,17.71,1.38,170256904.0,353609461.0
801193.SI,20251224,证券Ⅱ,6890.03,6981.26,6871.38,6953.37,52.59,0.76,209956.0,2675172.0,17.84,1.39,171554410.0,356152074.0
801193.SI,20251225,证券Ⅱ,6949.04,7019.9,6925.97,6981.68,28.31,0.41,218858.0,2794605.0,17.91,1.4,172252830.0,357561755.0
801193.SI,20251226,证券Ⅱ,6975.66,7119.23,6958.09,7029.24,47.56,0.68,341475.0,4461187.0,18.03,1.41,173386630.0,359597725.0
801193.SI,20251229,证券Ⅱ,7018.88,7057.19,6957.86,6981.32,-47.92,-0.68,212848.0,2747102.0,17.91,1.4,172204683.0,357299594.0
801193.SI,20251230,证券Ⅱ,6959.84,7026.37,6930.02,6967.62,-13.71,-0.2,204224.0,2612957.0,17.87,1.39,171866578.0,357130553.0
801193.SI,20251231,证券Ⅱ,6966.09,7039.19,6919.56,6932.99,-34.63,-0.5,213297.0,2709749.0,17.78,1.39,171012349.0,355648709.0
801193.SI,20260105,证券Ⅱ,6942.08,7077.11,6926.48,7063.64,130.66,1.88,329529.0,4409876.0,18.12,1.41,174235237.0,361903530.0
801193.SI,20260106,证券Ⅱ,7057.37,7388.5,7045.65,7355.59,291.95,4.13,698444.0,9324483.0,18.9,1.47,182191639.0,376104505.0
801193.SI,20260107,证券Ⅱ,7342.62,7362.74,7187.35,7243.08,-112.51,-1.53,432208.0,5892228.0,18.63,1.45,179404906.0,371017115.0
801193.SI,20260108,证券Ⅱ,7183.56,7192.52,7017.95,7045.3,-197.78,-2.73,425026.0,5773043.0,18.12,1.41,174535612.0,361327501.0
801193.SI,20260109,证券Ⅱ,7042.02,7124.78,7000.42,7064.56,19.25,0.27,365114.0,4772330.0,18.17,1.41,175012610.0,362567338.0
801193.SI,20260112,证券Ⅱ,7056.78,7199.4,7011.37,7174.72,110.16,1.56,582115.0,6857243.0,18.45,1.43,177741628.0,367728757.0
801193.SI,20260113,证券Ⅱ,7201.76,7293.61,7089.05,7120.89,-53.83,-0.75,493220.0,6131907.0,18.31,1.42,176408154.0,365271773.0
801193.SI,20260114,证券Ⅱ,7102.27,7307.17,7022.49,7076.85,-44.04,-0.62,640241.0,8571734.0,18.2,1.42,175317152.0,363145954.0
801193.SI,20260115,证券Ⅱ,7030.26,7101.47,6933.95,6964.81,-112.04,-1.58,405565.0,5174129.0,17.91,1.39,172542703.0,357018118.0
801193.SI,20260116,证券Ⅱ,7013.64,7048.58,6886.87,6908.27,-56.55,-0.81,323734.0,4169611.0,17.77,1.38,171141876.0,354070051.0
801193.SI,20260119,证券Ⅱ,6881.49,6920.99,6833.69,6879.85,-28.42,-0.41,249958.0,3219041.0,17.69,1.38,170437889.0,352959131.0
801193.SI,20260120,证券Ⅱ,6878.0,6943.37,6854.42,6908.94,29.08,0.42,255045.0,3188128.0,17.77,1.38,171196225.0,354370507.0
801193.SI,20260121,证券Ⅱ,6894.73,6925.63,6835.4,6862.85,-46.08,-0.67,251923.0,3143585.0,17.65,1.37,170054384.0,352061257.0
801193.SI,20260122,证券Ⅱ,6865.41,6939.9,6845.61,6874.44,11.58,0.17,234712.0,2963228.0,17.68,1.37,170341388.0,352463058.0
801193.SI,20260123,证券Ⅱ,6889.13,6923.9,6836.47,6866.35,-8.09,-0.12,288785.0,3649868.0,17.66,1.37,170141014.0,352262279.0
801193.SI,20260126,证券Ⅱ,6861.11,7025.37,6836.68,6917.55,51.2,0.75,460340.0,5709478.0,17.79,1.38,171409587.0,354436689.0
801193.SI,20260127,证券Ⅱ,6907.0,6927.81,6790.19,6839.22,-78.32,-1.13,331581.0,3918810.0,17.59,1.37,169468829.0,350642068.0
801193.SI,20260128,证券Ⅱ,6844.67,6927.66,6803.98,6836.22,-3.0,-0.04,370363.0,4374389.0,17.58,1.37,169394435.0,350505993.0
801193.SI,20260129,证券Ⅱ,6821.57,6955.96,6740.74,6926.89,90.67,1.33,442540.0,5695981.0,17.81,1.39,171641211.0,355031725.0
801193.SI,20260130,证券Ⅱ,6903.64,6941.29,6795.65,6819.1,-107.8,-1.56,356791.0,4246465.0,17.54,1.36,168970115.0,349446047.0
801193.SI,20260202,证券Ⅱ,6802.84,6922.56,6712.61,6728.15,-90.94,-1.33,354952.0,4234437.0,17.3,1.35,166716651.0,344825334.0
801193.SI,20260203,证券Ⅱ,6765.5,6787.69,6640.32,6717.03,-11.12,-0.17,279216.0,3507344.0,17.29,1.34,166704484.0,344454323.0
801193.SI,20260204,证券Ⅱ,6698.05,6833.84,6677.67,6805.61,88.58,1.32,282588.0,3542323.0,17.51,1.36,168902801.0,349033799.0
801193.SI,20260205,证券Ⅱ,6786.77,6879.99,6750.52,6827.1,21.49,0.32,274860.0,3417248.0,17.57,1.37,169436028.0,350705977.0
801193.SI,20260206,证券Ⅱ,6790.67,6845.52,6750.95,6774.54,-52.56,-0.77,218468.0,2804452.0,17.43,1.36,168131618.0,347944616.0
801193.SI,20260209,证券Ⅱ,6808.41,6863.16,6779.0,6840.41,65.88,0.97,211731.0,2683408.0,17.6,1.37,169773897.0,351201920.0
801193.SI,20260210,证券Ⅱ,6840.9,6869.96,6805.28,6823.46,-16.96,-0.25,162040.0,2002687.0,17.56,1.37,169353064.0,350252280.0
801193.SI,20260211,证券Ⅱ,6824.7,6851.19,6786.22,6810.48,-12.97,-0.19,158299.0,2007899.0,17.53,1.36,169031074.0,349634434.0
801193.SI,20260212,证券Ⅱ,6806.23,6816.4,6747.71,6763.85,-46.64,-0.68,175721.0,2202455.0,17.41,1.35,167883190.0,347063545.0
801193.SI,20260213,证券Ⅱ,6768.89,6811.84,6689.1,6693.88,-69.97,-1.03,214089.0,2577410.0,17.23,1.34,166146553.0,343645849.0
801193.SI,20260224,证券Ⅱ,6723.08,6747.62,6666.48,6686.41,-7.47,-0.11,188534.0,2134582.0,17.21,1.34,165961067.0,343180094.0
801193.SI,20260225,证券Ⅱ,6693.72,6801.87,6666.53,6725.64,39.23,0.59,325265.0,3674269.0,17.31,1.35,166934741.0,345034561.0
801193.SI,20260226,证券Ⅱ,6726.36,6738.92,6635.66,6655.28,-70.35,-1.05,225700.0,2742655.0,17.13,1.33,165188497.0,341861879.0
801193.SI,20260227,证券Ⅱ,6648.03,6703.34,6621.13,6667.88,12.6,0.19,209413.0,2409323.0,17.16,1.33,165501270.0,342624305.0
801193.SI,20260302,证券Ⅱ,6605.24,6635.85,6519.01,6578.78,-89.11,-1.34,275723.0,3241564.0,16.93,1.32,163289576.0,338460690.0
801193.SI,20260303,证券Ⅱ,6578.3,6664.76,6492.97,6516.48,-62.3,-0.95,331590.0,3832939.0,16.77,1.3,161743327.0,335585186.0
801193.SI,20260304,证券Ⅱ,6468.55,6497.63,6339.26,6362.73,-153.75,-2.36,287036.0,3392570.0,16.38,1.27,157927221.0,327900096.0
801193.SI,20260305,证券Ⅱ,6427.79,6450.98,6351.18,6378.1,15.36,0.24,190831.0,2182993.0,16.41,1.28,158308585.0,328479394.0
801193.SI,20260306,证券Ⅱ,6356.8,6483.54,6344.5,6455.85,77.75,1.22,219488.0,2413699.0,16.61,1.29,160238450.0,332323056.0
801193.SI,20260309,证券Ⅱ,6365.51,6392.36,6291.25,6342.45,-113.4,-1.76,219944.0,2581927.0,16.32,1.27,157423749.0,326894309.0
801193.SI,20260310,证券Ⅱ,6384.8,6432.55,6355.17,6392.42,49.97,0.79,174715.0,2004722.0,16.45,1.28,158663995.0,329392399.0
801193.SI,20260311,证券Ⅱ,6391.74,6433.42,6355.97,6406.9,14.48,0.23,186792.0,2097110.0,16.49,1.28,159023444.0,330019119.0
801193.SI,20260312,证券Ⅱ,6391.17,6438.32,6354.43,6396.3,-10.6,-0.17,203056.0,2173785.0,16.46,1.28,158760311.0,329739905.0
801193.SI,20260313,证券Ⅱ,6371.54,6424.13,6325.13,6342.75,-53.55,-0.84,198464.0,2191954.0,16.32,1.27,157431231.0,327412334.0
801193.SI,20260316,证券Ⅱ,6333.4,6354.33,6264.81,6314.49,-28.26,-0.45,187906.0,2144773.0,16.26,1.26,156761782.0,326098812.0
801193.SI,20260317,证券Ⅱ,6327.18,6515.35,6315.5,6378.97,64.47,1.02,346697.0,4261085.0,16.43,1.28,158362419.0,329290679.0
801193.SI,20260318,证券Ⅱ,6369.55,6394.62,6310.94,6360.68,-18.29,-0.29,204758.0,2255554.0,16.38,1.27,157908455.0,328289335.0
801193.SI,20260319,证券Ⅱ,6313.57,6355.44,6253.64,6282.05,-78.63,-1.24,235745.0,2590322.0,16.18,1.26,155956513.0,324440879.0
801193.SI,20260320,证券Ⅱ,6284.6,6315.03,6161.79,6165.81,-116.25,-1.85,248545.0,2949519.0,15.95,1.23,153070539.0,318973446.0
801193.SI,20260323,证券Ⅱ,6076.35,6106.18,5879.88,5917.96,-247.85,-4.02,332206.0,3568129.0,15.31,1.18,146917538.0,305802516.0
801193.SI,20260324,证券Ⅱ,5981.07,6031.26,5893.05,5979.98,62.02,1.05,245504.0,2554724.0,15.47,1.2,148457255.0,309107201.0
801193.SI,20260325,证券Ⅱ,5986.95,6095.45,5971.57,6046.96,66.98,1.12,221038.0,2330276.0,15.64,1.21,150131235.0,312540425.0
801193.SI,20260326,证券Ⅱ,6030.96,6046.53,5886.87,5904.73,-142.23,-2.35,198436.0,2235165.0,15.28,1.18,146599962.0,305704078.0
801193.SI,20260327,证券Ⅱ,5864.52,5974.45,5851.4,5943.07,38.34,0.65,168420.0,1791925.0,15.2,1.18,147551921.0,307920057.0
801193.SI,20260330,证券Ⅱ,5875.95,5943.99,5841.17,5913.8,-29.27,-0.49,180174.0,1855890.0,14.97,1.17,146825197.0,306791100.0
801193.SI,20260331,证券Ⅱ,5912.97,5992.42,5856.71,5866.66,-47.14,-0.8,197551.0,2100587.0,14.82,1.16,145654754.0,304176657.0
801193.SI,20260401,证券Ⅱ,5950.11,5989.06,5903.3,5957.37,90.71,1.55,180162.0,1994753.0,15.05,1.18,147906922.0,308528589.0
801193.SI,20260402,证券Ⅱ,5938.86,5945.7,5826.49,5852.11,-105.26,-1.77,179206.0,1851900.0,14.79,1.15,145452396.0,303604553.0
801193.SI,20260403,证券Ⅱ,5868.61,5893.18,5787.74,5798.94,-53.18,-0.91,147103.0,1480965.0,14.67,1.14,144317386.0,300714888.0
801193.SI,20260407,证券Ⅱ,5800.31,5833.6,5752.56,5787.28,-11.66,-0.2,128953.0,1330994.0,14.64,1.14,144027172.0,300151148.0
801193.SI,20260408,证券Ⅱ,5897.22,6037.06,5876.87,6019.54,232.26,4.01,330650.0,3526268.0,15.22,1.19,149842363.0,311475662.0
801193.SI,20260409,证券Ⅱ,5957.83,5965.2,5869.43,5884.69,-134.84,-2.24,197892.0,2094147.0,14.88,1.16,146485762.0,304773437.0
801193.SI,20260410,证券Ⅱ,5984.45,6249.43,5978.42,6101.91,217.21,3.69,488800.0,5827835.0,15.43,1.2,151892818.0,314695660.0
801193.SI,20260413,证券Ⅱ,6048.97,6202.43,6028.64,6147.95,46.04,0.75,276121.0,3241551.0,15.55,1.21,153068407.0,316846680.0
801193.SI,20260414,证券Ⅱ,6190.65,6218.86,6096.56,6175.24,27.29,0.44,225644.0,2670604.0,15.62,1.22,153747819.0,318306295.0
801193.SI,20260415,证券Ⅱ,6196.97,6219.53,6118.34,6133.44,-41.8,-0.68,174133.0,2079527.0,15.51,1.21,152721807.0,316402947.0
801193.SI,20260416,证券Ⅱ,6159.62,6225.23,6131.23,6171.83,38.39,0.63,226782.0,2643569.0,15.61,1.22,153677733.0,318121836.0
801193.SI,20260417,证券Ⅱ,6155.14,6191.78,6109.19,6156.17,-15.66,-0.25,186770.0,2179450.0,15.57,1.21,153287821.0,317129087.0
801193.SI,20260420,证券Ⅱ,6162.8,6193.48,6111.38,6149.33,-6.84,-0.11,189786.0,2198516.0,15.6,1.21,153117556.0,316328130.0
801193.SI,20260421,证券Ⅱ,6130.89,6154.89,6070.86,6101.31,-48.02,-0.78,178501.0,1944769.0,15.5,1.2,151921900.0,313598939.0
801193.SI,20260422,证券Ⅱ,6080.22,6221.96,6059.05,6154.58,53.27,0.87,260814.0,3176451.0,15.64,1.21,153248207.0,315640651.0
801193.SI,20260423,证券Ⅱ,6139.18,6178.13,6071.39,6099.87,-54.71,-0.89,206955.0,2391428.0,15.5,1.2,151886028.0,312989276.0
801193.SI,20260424,证券Ⅱ,6079.78,6097.55,5997.22,6042.86,-57.02,-0.93,180013.0,2014156.0,15.39,1.19,150466334.0,310003112.0
801193.SI,20260427,证券Ⅱ,6051.17,6137.67,6001.76,6050.87,8.01,0.13,228008.0,2702231.0,15.42,1.19,150665900.0,309885843.0
801193.SI,20260428,证券Ⅱ,6060.15,6208.64,6044.85,6125.59,74.72,1.23,312057.0,3979796.0,15.61,1.21,152526457.0,313777248.0
801193.SI,20260429,证券Ⅱ,6099.75,6171.58,6072.49,6152.38,26.79,0.44,248930.0,2879114.0,15.75,1.18,153193447.0,315624767.0
801193.SI,20260430,证券Ⅱ,6160.54,6288.26,6122.75,6169.45,17.08,0.28,353814.0,3986807.0,15.85,1.17,153618614.0,316507580.0
801193.SI,20260506,证券Ⅱ,6182.23,6310.88,6169.0,6257.64,88.19,1.43,364776.0,4204793.0,15.44,1.19,155814515.0,320827965.0
801193.SI,20260507,证券Ⅱ,6302.27,6319.56,6181.54,6233.51,-24.13,-0.39,327764.0,3692556.0,15.38,1.19,155213700.0,319576405.0
801193.SI,20260508,证券Ⅱ,6207.92,6245.65,6160.12,6185.18,-48.33,-0.78,229567.0,2612509.0,15.26,1.18,154010269.0,317393903.0
801193.SI,20260511,证券Ⅱ,6168.63,6330.68,6135.96,6291.16,105.97,1.71,421081.0,5091133.0,15.52,1.2,156648957.0,322181008.0
801193.SI,20260512,证券Ⅱ,6280.7,6378.44,6237.55,6307.28,16.12,0.26,399598.0,4563888.0,15.56,1.2,157050393.0,323045554.0
801193.SI,20260513,证券Ⅱ,6284.44,6327.6,6202.97,6274.19,-33.09,-0.52,311085.0,3652209.0,15.48,1.19,156226557.0,321451317.0
801193.SI,20260514,证券Ⅱ,6280.54,6316.96,6126.94,6130.08,-144.11,-2.3,311312.0,3573814.0,15.12,1.17,152638211.0,314625046.0
801193.SI,20260515,证券Ⅱ,6132.45,6159.92,5974.8,6006.25,-123.83,-2.02,311517.0,3434622.0,14.82,1.14,149554901.0,308247753.0
801193.SI,20260518,证券Ⅱ,5984.21,6056.34,5940.61,5989.08,-17.17,-0.29,241883.0,2555198.0,14.77,1.14,149127344.0,307379866.0
801193.SI,20260519,证券Ⅱ,5993.96,6071.97,5924.85,6046.76,57.68,0.96,264847.0,2930371.0,14.92,1.15,150563461.0,310632832.0
801193.SI,20260520,证券Ⅱ,6020.59,6069.87,5963.04,6002.5,-44.26,-0.73,228064.0,2451510.0,14.81,1.14,149461495.0,308726531.0
801193.SI,20260521,证券Ⅱ,6047.25,6260.62,5998.5,6015.76,13.26,0.22,507628.0,5978654.0,14.84,1.14,149791710.0,309318321.0
