ts_code,trade_date,name,open,high,low,close,change,pct_change,vol,amount,pe,pb,float_mv,total_mv
801742.SI,20180102,航空装备,6682.31,6738.93,6614.8,6681.36,28.08,0.42,7099.0,125778.0,76.26,3.1,12228283.0,31480970.341978
801742.SI,20180103,航空装备,6692.09,6811.71,6643.96,6768.94,87.58,1.31,9263.0,170235.0,77.26,3.14,12388575.0,31895206.444488
801742.SI,20180104,航空装备,6776.0,6840.71,6712.34,6765.29,-3.64,-0.05,8212.0,160931.0,77.22,3.14,12381905.0,31873475.218591
801742.SI,20180105,航空装备,6773.74,6812.43,6650.51,6712.76,-52.53,-0.78,9286.0,183431.0,76.62,3.12,12285758.0,31603341.542971
801742.SI,20180108,航空装备,6719.41,6743.14,6615.18,6661.65,-51.11,-0.76,7478.0,147480.0,76.04,3.09,12192213.0,31386510.847516
801742.SI,20180109,航空装备,6672.16,6767.67,6624.05,6693.33,31.69,0.48,7719.0,151845.0,76.4,3.11,12250206.0,31555624.942935
801742.SI,20180110,航空装备,6710.95,6734.79,6561.12,6609.32,-84.01,-1.26,9030.0,164379.0,75.42,3.07,12120553.0,31140574.851524
801742.SI,20180111,航空装备,6611.38,6678.33,6545.41,6630.46,21.14,0.32,6506.0,125846.0,75.66,3.08,12159313.0,31228335.948246
801742.SI,20180112,航空装备,6643.42,6674.73,6534.7,6553.98,-76.47,-1.15,6786.0,141390.0,74.79,3.04,12019078.0,30866532.311769
801742.SI,20180115,航空装备,6544.08,6579.19,6251.33,6287.02,-266.97,-4.07,13929.0,278021.0,71.74,2.92,11529498.0,29570376.233556
801742.SI,20180116,航空装备,6290.49,6362.42,6142.12,6214.57,-72.45,-1.15,11153.0,206941.0,70.91,2.89,11396640.0,29256515.291368
801742.SI,20180117,航空装备,6231.69,6283.08,6093.52,6218.01,3.44,0.06,9823.0,179511.0,70.95,2.89,11402946.0,29267376.067627
801742.SI,20180118,航空装备,6230.65,6283.74,6163.87,6222.21,4.2,0.07,6759.0,122332.0,71.0,2.89,11410656.0,29286892.74875
801742.SI,20180119,航空装备,6251.66,6442.4,6214.07,6289.5,67.29,1.08,10967.0,205352.0,71.77,2.92,11534047.0,29642648.888623
801742.SI,20180122,航空装备,6308.25,6385.91,6199.63,6317.45,27.95,0.44,9836.0,209062.0,72.09,2.93,11585299.0,29772054.655825
801742.SI,20180123,航空装备,6316.14,6392.07,6258.09,6324.88,7.44,0.12,7838.0,159671.0,72.17,2.94,11598936.0,29808613.804056
801742.SI,20180124,航空装备,6339.99,6420.23,6273.18,6369.42,44.53,0.7,8520.0,164486.0,72.68,2.96,11680604.0,30017989.507027
801742.SI,20180125,航空装备,6376.63,6657.32,6337.23,6499.45,130.03,2.04,16997.0,337440.0,74.17,3.02,11919062.0,30681225.404552
801742.SI,20180126,航空装备,6481.55,6575.48,6416.84,6480.76,-18.69,-0.29,8758.0,168023.0,73.95,3.01,11884794.0,30577563.60824
801742.SI,20180129,航空装备,6504.28,6568.35,6345.57,6409.16,-71.6,-1.1,9355.0,176129.0,73.14,2.98,11753491.0,30224550.980552
801742.SI,20180130,航空装备,6408.23,6485.49,6347.7,6398.96,-10.2,-0.16,7528.0,155082.0,73.02,2.97,11734782.0,30133314.676482
801742.SI,20180131,航空装备,6389.52,6426.22,6196.13,6227.32,-171.64,-2.68,9314.0,173938.0,71.06,2.88,11420020.0,29323347.976406
801742.SI,20180201,航空装备,6241.19,6293.18,5932.23,5988.55,-238.77,-3.83,14440.0,226319.0,68.37,2.77,10982147.0,28227424.865652
801742.SI,20180202,航空装备,5979.32,6149.95,5817.87,6054.41,65.86,1.1,10358.0,172843.0,69.12,2.8,11102921.0,28536729.985705
801742.SI,20180205,航空装备,5997.93,6142.69,5908.59,6017.51,-36.89,-0.61,6992.0,116796.0,68.7,2.78,11035262.0,28392356.413763
801742.SI,20180206,航空装备,5947.13,6017.87,5582.4,5597.6,-419.91,-6.98,14202.0,222600.0,63.91,2.59,10265205.0,26294349.875404
801742.SI,20180207,航空装备,5720.68,5793.52,5340.39,5521.3,-76.3,-1.36,16242.0,243639.0,63.04,2.56,10125282.0,25921251.126473
801742.SI,20180208,航空装备,5543.83,5741.98,5465.95,5622.26,100.96,1.83,10009.0,155885.0,64.19,2.6,10310422.0,26441015.01518
801742.SI,20180209,航空装备,5523.24,5652.89,5304.44,5431.22,-191.04,-3.4,11264.0,171284.0,62.01,2.51,9960085.0,25487484.808542
801742.SI,20180212,航空装备,5500.48,5621.4,5445.06,5520.8,89.58,1.65,6692.0,103518.0,63.03,2.55,10124368.0,25931076.69617
801742.SI,20180213,航空装备,5562.74,5726.42,5487.49,5548.8,28.0,0.51,10573.0,150199.0,63.35,2.57,10175716.0,26124513.634171
801742.SI,20180214,航空装备,5566.43,5636.64,5458.04,5531.13,-17.67,-0.32,6613.0,99974.0,63.15,2.56,10143309.0,26028026.774903
801742.SI,20180222,航空装备,5605.64,5674.1,5527.74,5582.37,51.24,0.93,6159.0,97949.0,63.74,2.58,10237282.0,26303139.336786
801742.SI,20180223,航空装备,5604.78,5736.41,5526.02,5597.91,15.53,0.28,10990.0,138201.0,63.91,2.59,10265765.0,26397431.305625
801742.SI,20180226,航空装备,5655.43,5854.25,5596.29,5774.83,176.92,3.16,13978.0,210568.0,65.93,2.67,10590210.0,27265265.814053
801742.SI,20180227,航空装备,5812.04,6188.04,5730.34,6030.86,256.04,4.43,24373.0,385193.0,68.84,2.79,11056908.0,28557776.82027
801742.SI,20180228,航空装备,6000.41,6287.64,5885.42,6045.02,14.16,0.23,24216.0,389717.0,69.0,2.8,11082875.0,28627461.17325
801742.SI,20180301,航空装备,6044.29,6253.5,5954.44,6140.57,95.55,1.58,20975.0,338164.0,70.08,2.84,11262148.0,29101661.130289
801742.SI,20180302,航空装备,6123.37,6271.39,6038.26,6129.87,-10.7,-0.17,16277.0,274839.0,69.96,2.84,11242523.0,29024093.985982
801742.SI,20180305,航空装备,6246.73,6356.17,6112.39,6218.53,88.66,1.45,19669.0,341701.0,70.97,2.88,11405122.0,29518382.692052
801742.SI,20180306,航空装备,6256.67,6428.18,6146.53,6291.08,72.55,1.17,21752.0,372449.0,72.79,2.89,11538189.0,29874183.405576
801742.SI,20180307,航空装备,6317.64,6381.61,6170.57,6213.1,-77.99,-1.24,14192.0,238150.0,71.89,2.86,11395157.0,29496512.920594
801742.SI,20180308,航空装备,6237.19,6339.57,6142.09,6245.68,32.58,0.52,13547.0,228918.0,72.27,2.87,11454910.0,29676249.456049
801742.SI,20180309,航空装备,6284.16,6502.12,6189.58,6359.93,114.25,1.83,21203.0,369835.0,73.59,2.92,11664459.0,30198686.602206
801742.SI,20180312,航空装备,6399.61,6557.53,6332.36,6451.21,91.28,1.44,20540.0,353616.0,74.64,2.97,11831904.0,30636401.813364
801742.SI,20180313,航空装备,6497.33,6566.47,6327.8,6357.71,-93.5,-1.45,17126.0,295386.0,72.58,2.91,11660412.0,30155602.407831
801742.SI,20180314,航空装备,6364.69,6400.21,6139.37,6183.45,-174.26,-2.74,16600.0,279315.0,70.6,2.83,11341914.0,29309134.996243
801742.SI,20180315,航空装备,6200.96,6341.51,6089.37,6178.74,-4.72,-0.08,15297.0,249028.0,70.55,2.83,11333260.0,29296627.764841
801742.SI,20180316,航空装备,6221.42,6297.67,6130.17,6150.95,-27.78,-0.45,9676.0,157254.0,70.23,2.82,11282299.0,29177771.560432
801742.SI,20180319,航空装备,6211.51,6374.02,6130.32,6217.1,66.14,1.08,13944.0,247700.0,70.88,2.83,11403621.0,29518591.766738
801742.SI,20180320,航空装备,6222.86,6392.57,6107.77,6270.38,53.29,0.86,14705.0,236948.0,71.49,2.85,11501358.0,29762301.814243
801742.SI,20180321,航空装备,6301.17,6568.39,6231.88,6374.45,104.07,1.66,28015.0,494623.0,72.67,2.9,11692240.0,30303729.357817
801742.SI,20180322,航空装备,6327.27,6479.87,6225.52,6315.77,-58.68,-0.92,28277.0,430189.0,72.0,2.88,11584609.0,30050748.200221
801742.SI,20180323,航空装备,6119.01,6469.63,5953.77,6233.9,-81.87,-1.3,43153.0,679445.0,71.07,2.84,11434438.0,29669652.174731
801742.SI,20180326,航空装备,6286.87,6621.64,6180.29,6564.8,330.9,5.31,44284.0,729875.0,74.84,2.99,12041388.0,31320881.039531
801742.SI,20180327,航空装备,6587.19,6814.18,6472.07,6711.04,146.24,2.23,43143.0,755315.0,77.04,3.06,12309632.0,31991341.033786
801742.SI,20180328,航空装备,6665.8,6918.34,6554.65,6642.5,-68.54,-1.02,37522.0,709659.0,76.61,3.03,12184224.0,31644607.396295
801742.SI,20180329,航空装备,6665.75,6777.0,6498.69,6595.08,-47.41,-0.71,24684.0,463508.0,76.07,3.01,12097129.0,31388042.724069
801742.SI,20180330,航空装备,6622.77,6933.86,6560.01,6825.99,230.91,3.5,33162.0,620658.0,78.66,3.1,12520674.0,32504649.93432
801742.SI,20180402,航空装备,6870.04,7137.16,6780.27,7000.35,174.36,2.55,37030.0,712429.0,80.66,3.18,12840497.0,33329960.813037
801742.SI,20180403,航空装备,6914.82,7090.41,6756.84,6934.27,-66.08,-0.94,27052.0,544526.0,79.15,3.14,12719294.0,33017478.354764
801742.SI,20180404,航空装备,6962.5,7320.47,6854.56,6966.39,32.11,0.46,39888.0,803726.0,79.51,3.16,12778202.0,33175696.344539
801742.SI,20180409,航空装备,6978.9,7194.12,6859.53,7063.88,97.49,1.4,33355.0,653581.0,80.63,3.2,12957021.0,33593295.307707
801742.SI,20180410,航空装备,7050.94,7090.52,6690.09,6849.07,-214.81,-3.04,29008.0,550679.0,78.17,3.11,12563002.0,32538913.135099
801742.SI,20180411,航空装备,6871.77,6956.91,6689.27,6873.85,24.78,0.36,23886.0,441369.0,78.45,3.12,12605866.0,32672316.467318
801742.SI,20180412,航空装备,6852.59,6979.43,6747.31,6781.81,-92.03,-1.34,18776.0,379801.0,77.4,3.08,12441492.0,32217414.454856
801742.SI,20180413,航空装备,6848.48,7014.62,6772.07,6843.18,61.36,0.9,18946.0,382729.0,78.1,3.1,12554068.0,32537742.33581
801742.SI,20180416,航空装备,6892.94,6994.74,6719.34,6881.5,38.32,0.56,21508.0,406700.0,78.53,3.12,12624371.0,32753847.157002
801742.SI,20180417,航空装备,6902.2,7078.0,6645.63,6734.92,-146.58,-2.13,32011.0,532878.0,76.86,3.05,12355468.0,31962418.348916
801742.SI,20180418,航空装备,6808.17,7032.48,6606.11,6968.73,233.8,3.47,35990.0,590685.0,79.53,3.16,12784390.0,33068284.978037
801742.SI,20180419,航空装备,6963.65,7373.32,6900.36,7131.21,162.48,2.33,46770.0,830802.0,81.38,3.23,13082472.0,33860736.982884
801742.SI,20180420,航空装备,7099.56,7324.11,6966.3,7058.91,-72.3,-1.01,34274.0,562890.0,80.56,3.2,12949840.0,33541695.067016
801742.SI,20180423,航空装备,7057.61,7151.87,6562.97,6696.29,-362.62,-5.14,29597.0,509039.0,76.42,3.04,12284593.0,31800840.579385
801742.SI,20180424,航空装备,6728.3,6933.34,6606.72,6873.34,177.05,2.64,22474.0,367718.0,78.56,3.1,12609399.0,32640259.269642
801742.SI,20180425,航空装备,6837.86,7032.8,6754.96,6897.73,24.39,0.35,22911.0,383335.0,78.91,3.11,12655900.0,32797592.366128
801742.SI,20180426,航空装备,6897.13,7088.07,6774.39,6842.68,-55.05,-0.8,21383.0,352044.0,75.63,3.09,12554896.0,32418179.602405
801742.SI,20180427,航空装备,6922.06,6993.29,6534.17,6659.55,-183.13,-2.68,32351.0,501937.0,73.6,3.0,12218899.0,31493870.335778
801742.SI,20180502,航空装备,6641.8,6825.55,6550.78,6686.84,27.29,0.41,25766.0,355921.0,71.39,3.02,12268978.0,31585889.765609
801742.SI,20180503,航空装备,6689.06,6737.73,6412.66,6636.19,-50.65,-0.76,22488.0,352036.0,70.79,2.99,12227246.0,31334677.281052
801742.SI,20180504,航空装备,6612.84,6750.69,6548.3,6633.17,-3.02,-0.05,20456.0,316135.0,70.76,2.99,12221688.0,31380890.992355
801742.SI,20180507,航空装备,6645.1,6736.79,6545.03,6677.57,44.39,0.67,18916.0,322943.0,71.29,3.01,12285168.0,31591504.156595
801742.SI,20180508,航空装备,6718.22,6906.71,6658.99,6733.96,56.39,0.84,24055.0,398387.0,71.9,3.03,12388917.0,31905408.941275
801742.SI,20180509,航空装备,6698.77,6787.6,6609.66,6691.79,-42.16,-0.63,20002.0,310005.0,71.45,3.02,12311346.0,31659346.996679
801742.SI,20180510,航空装备,6709.01,6763.57,6536.76,6620.43,-71.36,-1.07,20687.0,332179.0,70.68,2.98,12180053.0,31326713.677248
801742.SI,20180511,航空装备,6612.21,6695.06,6525.11,6598.6,-21.83,-0.33,15184.0,238758.0,70.45,2.98,12139886.0,31186084.824281
801742.SI,20180514,航空装备,6613.6,6668.72,6382.06,6422.2,-176.4,-2.67,19662.0,306473.0,68.55,2.9,11815347.0,30367751.828696
801742.SI,20180515,航空装备,6434.47,6604.05,6388.11,6570.98,148.78,2.32,18947.0,292845.0,70.14,2.96,12089073.0,31104429.959798
801742.SI,20180516,航空装备,6580.5,6744.65,6511.86,6624.69,53.71,0.82,24659.0,402686.0,70.72,2.99,12187883.0,31327481.296717
801742.SI,20180517,航空装备,6620.76,6680.73,6501.86,6558.58,-66.1,-1.0,16033.0,255957.0,70.01,2.96,12066268.0,31020472.496459
801742.SI,20180518,航空装备,6557.85,6626.16,6429.78,6550.63,-7.95,-0.12,16594.0,258879.0,70.02,2.96,12051637.0,31000164.833715
801742.SI,20180521,航空装备,6577.95,6661.13,6510.75,6612.83,62.2,0.95,17386.0,266057.0,70.68,2.99,12166069.0,31287537.597083
801742.SI,20180522,航空装备,6609.96,6661.93,6464.58,6569.17,-43.66,-0.66,19289.0,299277.0,70.22,2.97,12085748.0,31105666.719118
801742.SI,20180523,航空装备,6551.9,6682.51,6469.87,6537.99,-31.18,-0.47,24711.0,390832.0,69.88,2.95,12028446.0,30926794.776042
801742.SI,20180524,航空装备,6527.13,6619.93,6394.6,6466.32,-71.66,-1.1,23704.0,371137.0,69.12,2.92,11896605.0,30463620.376845
801742.SI,20180525,航空装备,6473.27,6590.89,6389.99,6475.5,9.17,0.14,19213.0,320787.0,69.21,2.93,11924362.0,30566462.71909
801742.SI,20180528,航空装备,6450.94,6484.95,6219.84,6273.01,-202.49,-3.13,22579.0,346258.0,67.04,2.83,11551491.0,29622429.030802
801742.SI,20180529,航空装备,6263.85,6353.6,6187.57,6238.28,-34.73,-0.55,16543.0,234570.0,66.67,2.82,11487533.0,29462334.425898
801742.SI,20180530,航空装备,6191.09,6291.95,6021.19,6088.36,-149.91,-2.4,19363.0,280473.0,65.07,2.75,11211391.0,28773580.816468
801742.SI,20180531,航空装备,6116.9,6171.85,5945.95,6055.15,-33.22,-0.55,19524.0,265959.0,64.72,2.74,11152781.0,28643373.495512
801742.SI,20180601,航空装备,6002.7,6157.92,5884.33,5967.97,-87.18,-1.44,18350.0,259543.0,63.78,2.7,10992208.0,28272682.938689
801742.SI,20180604,航空装备,5975.81,6068.0,5879.62,5939.89,-28.08,-0.47,16831.0,201478.0,63.48,2.68,10940489.0,28141941.301129
801742.SI,20180605,航空装备,5950.95,6107.09,5911.6,6084.91,145.03,2.44,18358.0,240635.0,65.03,2.75,11207610.0,28833477.970099
801742.SI,20180606,航空装备,6069.54,6181.15,6010.21,6110.19,25.27,0.42,16545.0,235669.0,65.3,2.76,11254163.0,28994800.462335
801742.SI,20180607,航空装备,6123.65,6158.51,5983.95,6012.21,-97.98,-1.6,15439.0,206774.0,64.26,2.72,11073696.0,28549932.306722
801742.SI,20180608,航空装备,6007.62,6020.58,5804.31,5885.26,-126.95,-2.11,17818.0,220824.0,62.9,2.66,10839877.0,27926948.552133
801742.SI,20180611,航空装备,5872.75,5960.88,5798.73,5902.0,16.74,0.28,13209.0,157264.0,63.08,2.67,10870712.0,28010193.810526
801742.SI,20180612,航空装备,5899.22,5996.14,5814.05,5934.1,32.1,0.54,14298.0,176198.0,63.42,2.68,10929837.0,28154020.077341
801742.SI,20180613,航空装备,5933.18,5957.81,5756.41,5786.56,-147.54,-2.49,13573.0,169703.0,61.84,2.62,10658087.0,27421200.238072
801742.SI,20180614,航空装备,5765.62,5849.19,5664.71,5730.71,-55.86,-0.97,12144.0,155606.0,61.25,2.59,10555207.0,27120939.641573
801742.SI,20180615,航空装备,5725.77,5776.13,5474.37,5536.62,-194.09,-3.39,15975.0,205284.0,59.17,2.51,10197721.0,26229010.955031
801742.SI,20180619,航空装备,5480.0,5601.12,5062.96,5194.84,-341.77,-6.17,22397.0,273217.0,55.52,2.36,9568217.0,24590468.383944
801742.SI,20180620,航空装备,5160.73,5416.02,5115.95,5349.32,154.47,2.97,17990.0,227157.0,57.18,2.43,9852737.0,25386024.82082
801742.SI,20180621,航空装备,5356.24,5446.53,5128.54,5164.68,-184.64,-3.45,21018.0,245653.0,55.2,2.35,9512656.0,24587208.215829
801742.SI,20180622,航空装备,5127.75,5350.5,5052.94,5306.78,142.1,2.75,15933.0,186927.0,56.67,2.41,9779136.0,25299775.525207
801742.SI,20180625,航空装备,5358.01,5430.49,5250.03,5276.06,-30.72,-0.58,14159.0,162944.0,56.35,2.4,9722533.0,25118552.469768
801742.SI,20180626,航空装备,5187.08,5519.35,5153.72,5463.77,187.71,3.56,20190.0,257540.0,58.36,2.48,10065288.0,25946580.342181
801742.SI,20180627,航空装备,5467.71,5553.19,5392.9,5469.57,5.79,0.11,18094.0,228450.0,58.42,2.48,10075962.0,25960783.738852
801742.SI,20180628,航空装备,5452.51,5550.55,5320.45,5372.78,-96.79,-1.77,14404.0,175518.0,57.38,2.44,9897663.0,25513029.96393
801742.SI,20180629,航空装备,5372.57,5610.95,5346.68,5585.07,212.3,3.95,18338.0,234671.0,59.53,2.53,10399211.0,26467141.946354
801742.SI,20180702,航空装备,5569.94,5697.92,5494.24,5575.58,-9.49,-0.17,18496.0,232139.0,59.43,2.52,10381540.0,26440467.85129
801742.SI,20180703,航空装备,5593.32,5908.9,5554.82,5862.75,287.16,5.15,30198.0,409191.0,62.49,2.65,10916229.0,27821449.788886
801742.SI,20180704,航空装备,5859.26,5923.4,5721.51,5810.0,-52.75,-0.9,25378.0,334971.0,61.93,2.63,10818012.0,27601853.538677
801742.SI,20180705,航空装备,5798.89,5851.11,5632.33,5660.08,-149.92,-2.58,18864.0,235275.0,60.33,2.56,10538869.0,26862132.405578
801742.SI,20180706,航空装备,5654.19,5869.51,5590.65,5729.26,69.18,1.22,24728.0,321547.0,61.07,2.59,10667676.0,27150913.760531
801742.SI,20180709,航空装备,5734.71,5914.4,5687.1,5886.27,157.01,2.74,21529.0,280764.0,62.74,2.66,10952838.0,27909274.651523
801742.SI,20180710,航空装备,5883.92,5947.04,5803.74,5895.84,9.57,0.16,18807.0,242107.0,62.85,2.67,10970639.0,27983329.739698
801742.SI,20180711,航空装备,5815.15,5857.8,5583.49,5718.53,-177.31,-3.01,21159.0,277617.0,60.96,2.59,10640714.0,27152391.34468
801742.SI,20180712,航空装备,5708.6,5914.99,5677.08,5859.93,141.4,2.47,21544.0,283668.0,62.46,2.66,10903824.0,27797547.461016
801742.SI,20180713,航空装备,5862.89,5934.76,5743.14,5822.17,-37.76,-0.64,16547.0,231159.0,62.06,2.64,10833566.0,27567174.986252
801742.SI,20180716,航空装备,5821.26,5941.74,5767.96,5871.11,48.94,0.84,17221.0,259515.0,64.23,2.8,11748269.0,32260509.229201
801742.SI,20180717,航空装备,5848.91,5920.76,5730.88,5870.6,-0.51,-0.01,17579.0,250620.0,64.23,2.8,11747243.0,32294131.262896
801742.SI,20180718,航空装备,5867.97,5951.97,5751.74,5793.61,-76.99,-1.31,16751.0,230179.0,63.38,2.77,11593185.0,31805082.319882
801742.SI,20180719,航空装备,5791.63,5866.81,5614.8,5682.4,-111.21,-1.92,17991.0,264893.0,62.17,2.71,11370646.0,31125879.091546
801742.SI,20180720,航空装备,5678.81,5874.87,5640.59,5832.27,149.87,2.64,23442.0,332670.0,63.81,2.78,11670534.0,31893543.12259
801742.SI,20180723,航空装备,5845.36,6205.81,5826.57,6137.68,305.42,5.24,34728.0,530922.0,67.15,2.93,12281680.0,33649847.99826
801742.SI,20180724,航空装备,6168.5,6281.48,6068.58,6176.16,38.47,0.63,31797.0,428745.0,67.58,2.95,12339143.0,33859304.268129
801742.SI,20180725,航空装备,6176.2,6287.93,6111.3,6179.12,2.97,0.05,25416.0,353888.0,67.61,2.94,12345075.0,33847233.68488
801742.SI,20180726,航空装备,6197.96,6264.2,6013.81,6059.46,-119.67,-1.94,21832.0,312323.0,66.3,2.88,12105994.0,33174778.001755
801742.SI,20180727,航空装备,6058.73,6129.33,5971.51,6045.87,-13.59,-0.22,14763.0,207955.0,66.15,2.87,12078843.0,33101133.087318
801742.SI,20180730,航空装备,6060.36,6124.26,5885.82,5989.98,-55.89,-0.92,21421.0,286027.0,65.54,2.85,11967184.0,32697017.773262
801742.SI,20180731,航空装备,5974.56,6087.44,5885.08,5983.96,-6.02,-0.1,21774.0,278910.0,65.48,2.84,11955163.0,32828013.121225
801742.SI,20180801,航空装备,5988.82,6067.08,5746.31,5782.59,-201.37,-3.37,21258.0,283758.0,63.27,2.75,11552860.0,31684665.884826
801742.SI,20180802,航空装备,5755.76,5796.55,5393.27,5536.92,-245.67,-4.25,26140.0,354976.0,60.59,2.63,11062035.0,30232994.091382
801742.SI,20180803,航空装备,5526.97,5628.44,5436.04,5476.09,-60.83,-1.1,15197.0,190940.0,59.92,2.6,10940506.0,29993676.186044
801742.SI,20180806,航空装备,5472.65,5532.29,5250.48,5314.92,-161.17,-2.94,16677.0,205990.0,58.16,2.53,10618510.0,29081070.501163
801742.SI,20180807,航空装备,5340.34,5469.92,5256.04,5452.61,137.69,2.59,16506.0,196185.0,59.66,2.59,10893597.0,29823951.402083
801742.SI,20180808,航空装备,5435.42,5453.37,5245.96,5281.29,-171.32,-3.14,15131.0,190616.0,57.79,2.51,10551318.0,28860168.649423
801742.SI,20180809,航空装备,5254.31,5553.37,5224.26,5488.01,206.72,3.91,19777.0,258974.0,60.05,2.61,10959332.0,29958808.872302
801742.SI,20180810,航空装备,5477.27,5575.68,5443.45,5537.05,49.04,0.89,14090.0,185424.0,60.59,2.63,11052858.0,30267481.948448
801742.SI,20180813,航空装备,5470.2,5635.07,5402.74,5591.89,54.84,0.99,15822.0,204178.0,61.19,2.66,11162329.0,30603101.613058
801742.SI,20180814,航空装备,5570.17,5600.45,5483.03,5527.16,-64.73,-1.16,10585.0,134711.0,60.47,2.62,11068051.0,30238935.443751
801742.SI,20180815,航空装备,5528.04,5636.95,5433.64,5482.57,-44.59,-0.81,14789.0,201437.0,59.98,2.6,10978767.0,30017438.630103
801742.SI,20180816,航空装备,5402.71,5514.48,5315.36,5394.66,-87.91,-1.6,12048.0,149334.0,59.02,2.55,10804160.0,29548465.420796
801742.SI,20180817,航空装备,5449.38,5502.36,5256.85,5295.82,-98.84,-1.83,11193.0,149277.0,57.94,2.51,10606210.0,28961037.109002
801742.SI,20180820,航空装备,5282.81,5380.93,5193.21,5343.66,47.84,0.9,10969.0,138998.0,58.45,2.53,10707311.0,29242586.659938
801742.SI,20180821,航空装备,5342.49,5503.66,5309.22,5438.7,95.05,1.78,12381.0,166852.0,59.49,2.58,10897762.0,29824865.843067
801742.SI,20180822,航空装备,5424.71,5516.79,5375.44,5417.82,-20.89,-0.38,10937.0,134729.0,59.17,2.57,10867896.0,29734370.832772
801742.SI,20180823,航空装备,5394.65,5511.19,5367.39,5459.53,41.72,0.77,10683.0,138618.0,59.59,2.58,10963869.0,29961699.344025
801742.SI,20180824,航空装备,5454.08,5495.38,5368.53,5399.59,-59.94,-1.1,9156.0,124740.0,58.93,2.55,10843490.0,29587924.090738
801742.SI,20180827,航空装备,5419.04,5643.67,5405.05,5595.34,195.75,3.63,17693.0,251167.0,61.05,2.64,11232734.0,30686801.250967
801742.SI,20180828,航空装备,5606.64,5730.39,5559.46,5649.33,54.0,0.97,16630.0,242432.0,61.64,2.66,11341134.0,31021143.378568
801742.SI,20180829,航空装备,5639.07,5695.94,5575.72,5658.36,9.03,0.16,10939.0,152659.0,61.75,2.67,11387634.0,31093714.899073
801742.SI,20180830,航空装备,5643.33,5688.77,5503.23,5546.68,-111.68,-1.97,12555.0,168836.0,60.53,2.61,11162884.0,30572309.518438
801742.SI,20180831,航空装备,5541.1,5598.34,5455.93,5519.92,-26.77,-0.48,10724.0,149251.0,60.24,2.6,11109015.0,30421321.378869
801742.SI,20180903,航空装备,5517.23,5692.66,5423.7,5662.03,142.12,2.57,16244.0,244354.0,59.1,2.67,11395048.0,31087765.185916
801742.SI,20180904,航空装备,5670.51,5945.06,5631.27,5846.17,184.14,3.25,25874.0,390285.0,61.77,2.76,11909074.0,32872031.931865
801742.SI,20180905,航空装备,5845.12,5950.61,5777.5,5817.68,-28.49,-0.49,18325.0,266810.0,61.47,2.75,11851037.0,32782705.915842
801742.SI,20180906,航空装备,5824.55,5974.17,5747.05,5844.43,26.74,0.46,20028.0,286756.0,61.67,2.77,11945583.0,32897515.893607
801742.SI,20180907,航空装备,5870.65,5955.22,5705.54,5806.72,-37.7,-0.65,18159.0,269174.0,61.25,2.75,11859259.0,32700350.150002
801742.SI,20180910,航空装备,5811.63,5853.64,5645.02,5658.25,-148.47,-2.56,16162.0,344335.0,59.69,2.68,11556035.0,31900061.885916
801742.SI,20180911,航空装备,5662.52,5815.7,5611.51,5764.88,106.63,1.88,14059.0,277092.0,60.81,2.73,11773805.0,32485130.547858
801742.SI,20180912,航空装备,5770.87,5981.87,5733.64,5856.27,91.39,1.59,20587.0,379870.0,61.77,2.77,11960464.0,33110956.264962
801742.SI,20180913,航空装备,5892.06,6008.79,5769.28,5964.41,108.14,1.85,24643.0,414019.0,62.91,2.82,12181322.0,33702790.774934
801742.SI,20180914,航空装备,5969.24,6002.48,5709.88,5738.8,-225.61,-3.78,22477.0,386707.0,60.54,2.72,11720543.0,32357227.06201
801742.SI,20180917,航空装备,5728.66,5843.51,5603.56,5684.87,-53.93,-0.94,19658.0,302479.0,59.97,2.69,11610395.0,32033209.651031
801742.SI,20180918,航空装备,5670.88,5801.34,5594.85,5771.6,86.74,1.53,20726.0,298645.0,60.88,2.73,11787539.0,32484418.529903
801742.SI,20180919,航空装备,5759.88,5931.15,5685.12,5863.51,91.9,1.59,24653.0,349322.0,61.85,2.77,11975237.0,32978305.906811
801742.SI,20180920,航空装备,5849.99,5919.25,5735.53,5780.85,-82.65,-1.41,19714.0,277376.0,60.98,2.74,11806431.0,32507722.025395
801742.SI,20180921,航空装备,5792.88,5832.35,5649.62,5771.04,-9.82,-0.17,18863.0,281184.0,60.88,2.73,11786382.0,32457532.790408
801742.SI,20180925,航空装备,5759.68,5944.47,5716.56,5846.82,75.78,1.31,18751.0,337815.0,61.67,2.77,11941148.0,32957901.029995
801742.SI,20180926,航空装备,5850.1,5910.81,5776.49,5865.51,18.7,0.32,17199.0,294003.0,61.87,2.78,11979335.0,33097380.840983
801742.SI,20180927,航空装备,5866.86,5910.28,5723.39,5768.12,-97.4,-1.66,18375.0,292035.0,60.84,2.73,11780417.0,32566499.523273
801742.SI,20180928,航空装备,5778.51,5817.53,5679.76,5761.66,-6.45,-0.11,12649.0,202203.0,60.78,2.73,11767650.0,32489867.526411
801742.SI,20181008,航空装备,5684.85,5789.22,5571.59,5615.3,-146.37,-2.54,15096.0,231172.0,59.23,2.66,11468712.0,31705560.958416
801742.SI,20181009,航空装备,5617.96,5655.37,5335.77,5437.67,-177.63,-3.16,17488.0,257914.0,57.36,2.57,11105926.0,30618022.130712
801742.SI,20181010,航空装备,5426.99,5523.09,5368.46,5484.19,46.52,0.86,11331.0,165781.0,57.85,2.6,11200930.0,30925635.283679
801742.SI,20181011,航空装备,5301.52,5424.73,5074.97,5138.18,-346.0,-6.31,20820.0,262926.0,54.2,2.43,10494249.0,29091609.558081
801742.SI,20181012,航空装备,5113.8,5298.85,4940.52,5238.13,99.95,1.95,18008.0,234580.0,55.25,2.48,10698393.0,29728990.469313
801742.SI,20181015,航空装备,5231.5,5368.17,5192.94,5237.93,-0.2,0.0,13259.0,185351.0,55.25,2.48,10697982.0,29727825.64414
801742.SI,20181016,航空装备,5278.44,5389.67,5052.63,5143.08,-94.86,-1.81,17603.0,232803.0,54.25,2.43,10504243.0,29205604.835187
801742.SI,20181017,航空装备,5203.67,5248.2,4955.67,5093.81,-49.27,-0.96,14732.0,200133.0,53.73,2.41,10403633.0,28908855.386963
801742.SI,20181018,航空装备,5032.84,5086.3,4896.16,4926.11,-167.7,-3.29,13141.0,165002.0,51.96,2.33,10061128.0,28008835.731626
801742.SI,20181019,航空装备,4860.71,5060.29,4695.26,5008.87,82.76,1.68,19118.0,240858.0,52.84,2.37,10230154.0,28487589.926177
801742.SI,20181022,航空装备,5058.13,5358.4,5042.56,5274.74,265.87,5.31,23157.0,298761.0,55.64,2.5,10773174.0,29973253.157625
801742.SI,20181023,航空装备,5295.91,5363.43,5196.76,5246.91,-27.83,-0.53,19397.0,247218.0,55.35,2.48,10716328.0,29806554.668328
801742.SI,20181024,航空装备,5233.25,5316.07,5173.62,5231.83,-15.08,-0.29,12140.0,154223.0,55.19,2.47,10685527.0,29702206.365
801742.SI,20181025,航空装备,5076.74,5199.15,5011.81,5167.62,-64.21,-1.23,13983.0,168905.0,54.51,2.44,10554382.0,29398359.004114
801742.SI,20181026,航空装备,5210.74,5304.9,5094.47,5155.72,-11.9,-0.23,12820.0,173566.0,54.38,2.42,10530087.0,29328322.527296
801742.SI,20181029,航空装备,5138.95,5198.22,5026.23,5090.22,-65.5,-1.27,11558.0,150167.0,53.69,2.39,10396304.0,28886401.883462
801742.SI,20181030,航空装备,5075.99,5183.42,4972.05,5141.13,50.91,1.0,14349.0,179980.0,54.23,2.41,10500289.0,29161748.42402
801742.SI,20181031,航空装备,5156.02,5252.24,5110.41,5191.22,50.09,0.97,13045.0,172175.0,54.76,2.43,10602593.0,29464505.110452
801742.SI,20181101,航空装备,5212.02,5371.33,5184.69,5274.75,83.52,1.61,19151.0,263351.0,51.86,2.47,10773184.0,29960808.429529
801742.SI,20181102,航空装备,5338.19,5453.39,5268.5,5411.73,136.99,2.6,20861.0,281075.0,53.21,2.53,11052971.0,30727059.214347
801742.SI,20181105,航空装备,5412.68,5490.33,5304.43,5406.69,-5.04,-0.09,19479.0,265607.0,53.16,2.53,11042670.0,30700872.227613
801742.SI,20181106,航空装备,5394.04,5394.04,5335.95,5372.1,-34.59,-0.64,15019.0,194738.0,52.82,2.51,10972029.0,30492323.461051
801742.SI,20181107,航空装备,5374.89,5454.53,5293.77,5325.53,-46.57,-0.87,16722.0,212043.0,52.36,2.49,10876918.0,30183404.274328
801742.SI,20181108,航空装备,5359.05,5387.89,5207.62,5234.99,-90.54,-1.7,14922.0,196954.0,51.47,2.45,10691997.0,29637564.541016
801742.SI,20181109,航空装备,5211.55,5287.89,5161.46,5236.56,1.57,0.03,10706.0,128056.0,51.49,2.45,10695197.0,29637474.477621
801742.SI,20181112,航空装备,5218.29,5346.27,5189.58,5335.3,98.73,1.89,12895.0,158744.0,52.46,2.5,10896854.0,30184658.094907
801742.SI,20181113,航空装备,5284.24,5435.95,5245.07,5386.32,51.02,0.96,20173.0,251120.0,52.94,2.52,11038180.0,30427069.698315
801742.SI,20181114,航空装备,5368.24,5432.89,5301.28,5345.02,-41.29,-0.77,16564.0,216631.0,52.53,2.5,10953559.0,30153622.987629
801742.SI,20181115,航空装备,5377.91,5571.12,5363.0,5545.05,200.02,3.74,26537.0,355066.0,54.5,2.6,11363464.0,31344326.228071
801742.SI,20181116,航空装备,5559.13,5644.47,5492.52,5568.09,23.04,0.42,26514.0,330180.0,54.72,2.61,11410687.0,31419527.41831
801742.SI,20181119,航空装备,5564.08,5617.19,5470.24,5565.92,-2.17,-0.04,20703.0,260053.0,54.7,2.61,11406247.0,31430443.251167
801742.SI,20181120,航空装备,5522.76,5728.25,5468.6,5531.96,-33.96,-0.61,29232.0,381359.0,54.37,2.59,11336647.0,31235369.171395
801742.SI,20181121,航空装备,5465.34,5554.56,5407.87,5522.97,-8.99,-0.16,16995.0,213257.0,54.28,2.59,11318225.0,31122326.593049
801742.SI,20181122,航空装备,5537.81,5603.45,5465.24,5511.58,-11.39,-0.21,14403.0,185953.0,54.17,2.58,11294881.0,31048327.648526
801742.SI,20181123,航空装备,5503.49,5535.5,5273.12,5294.49,-217.09,-3.94,18520.0,226727.0,52.04,2.48,10849993.0,29904041.996926
801742.SI,20181126,航空装备,5301.51,5404.39,5228.85,5305.68,11.19,0.21,12214.0,167056.0,52.15,2.48,10872922.0,29980041.063172
801742.SI,20181127,航空装备,5330.86,5396.86,5269.61,5329.36,23.69,0.45,11390.0,152541.0,52.38,2.49,10921465.0,30107034.495158
801742.SI,20181128,航空装备,5318.11,5409.63,5228.17,5387.11,57.75,1.08,13324.0,176595.0,52.95,2.52,11039807.0,30408792.176869
801742.SI,20181129,航空装备,5413.51,5477.84,5269.52,5286.35,-100.77,-1.87,12670.0,169945.0,51.96,2.47,10833308.0,29878711.48644
801742.SI,20181130,航空装备,5267.43,5350.38,5189.92,5320.59,34.24,0.65,10971.0,138992.0,52.29,2.49,10920115.0,30092739.154413
801742.SI,20181203,航空装备,5418.72,5492.81,5368.19,5439.42,118.83,2.23,15795.0,209261.0,53.45,2.55,11164002.0,30747803.232036
801742.SI,20181204,航空装备,5436.72,5453.69,5327.13,5397.23,-42.19,-0.78,13197.0,189644.0,53.04,2.53,11077412.0,30430993.149899
801742.SI,20181205,航空装备,5304.88,5386.64,5263.97,5336.34,-60.89,-1.13,12820.0,159160.0,52.44,2.5,10952441.0,30072844.032814
801742.SI,20181206,航空装备,5320.97,5451.03,5266.27,5319.61,-16.73,-0.31,17625.0,221922.0,52.28,2.49,10918108.0,29949787.327962
801742.SI,20181207,航空装备,5323.06,5365.9,5239.3,5291.77,-27.84,-0.52,10811.0,139389.0,52.0,2.48,10860972.0,29791410.646496
801742.SI,20181210,航空装备,5268.7,5302.08,5122.9,5169.51,-122.26,-2.31,12258.0,165111.0,50.8,2.42,10610046.0,29036614.489179
801742.SI,20181211,航空装备,5184.4,5229.45,5135.16,5188.82,19.31,0.37,9796.0,118090.0,50.99,2.43,10649676.0,29135012.216435
801742.SI,20181212,航空装备,5221.76,5287.16,5172.08,5219.93,31.11,0.6,12817.0,150124.0,51.3,2.45,10713523.0,29286375.478736
801742.SI,20181213,航空装备,5229.7,5341.68,5191.94,5305.27,85.34,1.63,14743.0,183056.0,52.14,2.49,10888683.0,29737412.778903
801742.SI,20181214,航空装备,5302.73,5350.11,5177.38,5196.14,-109.13,-2.06,18565.0,222842.0,51.06,2.43,10664697.0,29140049.434779
801742.SI,20181217,航空装备,5188.47,5278.77,5113.26,5222.48,26.34,0.51,15237.0,175850.0,51.36,2.45,10701818.0,29324373.755598
801742.SI,20181218,航空装备,5183.88,5262.53,5107.83,5177.3,-45.17,-0.87,14057.0,169599.0,50.92,2.42,10609247.0,29130884.777721
801742.SI,20181219,航空装备,5198.72,5230.94,5067.42,5108.4,-68.9,-1.33,14271.0,160782.0,50.24,2.39,10468061.0,28727164.992539
801742.SI,20181220,航空装备,5091.47,5150.81,4999.57,5070.77,-37.63,-0.74,14947.0,166709.0,49.87,2.37,10392211.0,28487762.729499
801742.SI,20181221,航空装备,5052.0,5083.18,4916.8,4990.32,-80.45,-1.59,15387.0,168986.0,49.08,2.34,10227335.0,28053693.542176
801742.SI,20181224,航空装备,4974.53,5062.7,4943.21,5035.36,45.04,0.9,12591.0,147820.0,49.52,2.36,10319634.0,28283771.001001
801742.SI,20181225,航空装备,4982.97,5028.74,4862.38,4992.75,-42.61,-0.85,15240.0,167270.0,49.1,2.34,10232310.0,28065471.3414
801742.SI,20181226,航空装备,4990.57,5063.66,4920.95,4949.6,-43.15,-0.86,14912.0,168308.0,48.68,2.32,10143884.0,27735624.034837
801742.SI,20181227,航空装备,5020.69,5060.12,4851.1,4879.76,-69.85,-1.41,16900.0,203550.0,47.99,2.28,10000738.0,27256121.718876
801742.SI,20181228,航空装备,4881.18,4959.35,4810.12,4866.81,-12.94,-0.27,14584.0,178692.0,47.86,2.28,9974214.0,27202669.302424
801742.SI,20190102,航空装备,4877.14,4951.15,4811.57,4890.91,24.09,0.5,14511.0,164745.0,48.1,2.29,10023591.0,27296478.862636
801742.SI,20190103,航空装备,4883.78,5206.93,4863.93,5073.45,182.54,3.73,33160.0,387374.0,49.89,2.38,10397697.0,28295698.774959
801742.SI,20190104,航空装备,5026.47,5198.32,4985.65,5160.42,86.97,1.71,33087.0,349029.0,50.75,2.42,10575942.0,28799547.770389
801742.SI,20190107,航空装备,5212.55,5445.84,5175.45,5393.49,233.07,4.52,43782.0,495986.0,53.04,2.53,11059609.0,30099779.711389
801742.SI,20190108,航空装备,5383.64,5417.73,5246.05,5297.94,-95.55,-1.77,32347.0,342502.0,52.06,2.49,10877745.0,29681178.230732
801742.SI,20190109,航空装备,5302.05,5365.48,5233.37,5251.01,-46.93,-0.89,25545.0,275534.0,51.6,2.47,10781381.0,29403438.922284
801742.SI,20190110,航空装备,5243.0,5333.31,5196.49,5267.41,16.41,0.31,20267.0,223551.0,51.76,2.47,10815070.0,29507755.046332
801742.SI,20190111,航空装备,5272.8,5366.59,5235.09,5318.49,51.08,0.97,19417.0,235157.0,52.26,2.5,10919953.0,29820612.614231
801742.SI,20190114,航空装备,5310.49,5355.01,5228.4,5269.56,-48.93,-0.92,14524.0,174762.0,51.78,2.48,10819484.0,29517144.917017
801742.SI,20190115,航空装备,5267.51,5348.91,5226.93,5319.66,50.09,0.95,15704.0,184879.0,51.78,2.49,10969825.0,29843381.310931
801742.SI,20190116,航空装备,5308.43,5348.17,5242.87,5266.68,-52.98,-1.0,12822.0,168526.0,51.27,2.46,10860576.0,29583691.290758
801742.SI,20190117,航空装备,5276.8,5293.72,5167.13,5188.97,-77.7,-1.48,13493.0,154015.0,50.51,2.43,10700343.0,29184450.680209
801742.SI,20190118,航空装备,5203.05,5270.68,5163.52,5235.51,46.53,0.9,12832.0,149017.0,50.96,2.45,10796295.0,29444064.27248
801742.SI,20190121,航空装备,5241.37,5312.46,5197.7,5273.88,38.37,0.73,12081.0,156741.0,51.34,2.47,10875426.0,29647092.23375
801742.SI,20190122,航空装备,5257.41,5271.24,5116.09,5161.27,-112.61,-2.14,15332.0,189129.0,50.24,2.41,10643216.0,28961331.87243
801742.SI,20190123,航空装备,5147.41,5215.73,5108.23,5184.9,23.63,0.46,10646.0,139879.0,50.47,2.42,10691940.0,29098020.41696
801742.SI,20190124,航空装备,5187.67,5295.34,5135.45,5251.56,66.66,1.29,17549.0,214880.0,51.12,2.46,10829405.0,29475183.671038
801742.SI,20190125,航空装备,5251.21,5289.05,5173.44,5184.79,-66.77,-1.27,14689.0,165407.0,50.47,2.42,10691717.0,29103397.907715
801742.SI,20190128,航空装备,5211.85,5261.34,5113.6,5142.55,-42.24,-0.81,12686.0,148941.0,50.06,2.4,10604603.0,28877472.734952
801742.SI,20190129,航空装备,5139.57,5166.62,4949.41,5050.77,-91.78,-1.78,15029.0,175147.0,49.16,2.36,10415344.0,28345709.561044
801742.SI,20190130,航空装备,5039.92,5131.88,4986.44,5041.49,-9.28,-0.18,12377.0,135024.0,49.07,2.36,10396216.0,28344825.772941
801742.SI,20190131,航空装备,5042.52,5090.23,4943.34,4990.69,-50.8,-1.01,13185.0,152445.0,48.58,2.33,10291458.0,28059203.005225
801742.SI,20190201,航空装备,5011.2,5124.78,4988.81,5106.91,116.22,2.33,12862.0,141798.0,49.71,2.39,10531123.0,28694600.021431
801742.SI,20190211,航空装备,5123.38,5232.66,5105.96,5226.14,119.23,2.33,14687.0,175019.0,50.87,2.44,10776987.0,29336587.070122
801742.SI,20190212,航空装备,5219.96,5306.6,5186.35,5270.83,44.69,0.86,15883.0,196369.0,51.31,2.46,10869192.0,29590103.582221
801742.SI,20190213,航空装备,5272.13,5426.36,5235.31,5382.59,111.77,2.12,24876.0,308256.0,52.39,2.52,11099668.0,30230654.208803
801742.SI,20190214,航空装备,5379.1,5455.66,5335.03,5385.71,3.12,0.06,17837.0,224047.0,52.43,2.52,11106093.0,30264760.394499
801742.SI,20190215,航空装备,5374.14,5442.19,5313.47,5341.83,-43.88,-0.81,16986.0,212812.0,52.0,2.5,11015599.0,29989957.203456
801742.SI,20190218,航空装备,5371.8,5591.94,5363.64,5566.17,224.34,4.2,29124.0,366167.0,54.18,2.6,11478221.0,31269011.126956
801742.SI,20190219,航空装备,5582.44,5646.54,5462.87,5593.91,27.75,0.5,28636.0,354567.0,54.45,2.62,11535437.0,31401074.84372
801742.SI,20190220,航空装备,5581.08,5678.99,5488.04,5586.14,-7.77,-0.14,28965.0,339877.0,54.38,2.61,11519416.0,31304241.246855
801742.SI,20190221,航空装备,5663.69,5806.47,5536.14,5577.44,-8.7,-0.16,38042.0,499089.0,54.29,2.61,11501471.0,31214622.20177
801742.SI,20190222,航空装备,5550.74,5710.19,5513.95,5682.61,105.17,1.89,31281.0,388550.0,55.32,2.66,11718337.0,31750180.840041
801742.SI,20190225,航空装备,5732.56,6063.19,5689.99,6004.24,321.64,5.66,50915.0,698222.0,58.45,2.81,12381597.0,33555348.628836
801742.SI,20190226,航空装备,5982.15,6073.7,5855.76,5923.51,-80.73,-1.34,43740.0,608864.0,57.66,2.77,12215111.0,33075539.851666
801742.SI,20190227,航空装备,5915.3,6228.4,5869.68,6005.68,82.17,1.39,50646.0,700157.0,58.46,2.81,12384555.0,33456473.619227
801742.SI,20190228,航空装备,6128.87,6208.0,5917.76,6017.43,11.75,0.2,36702.0,506524.0,58.57,2.81,12408783.0,33497770.967469
801742.SI,20190301,航空装备,6041.76,6079.94,5863.29,5992.11,-25.32,-0.42,31755.0,455592.0,58.33,2.8,12356568.0,33381930.936514
801742.SI,20190304,航空装备,6019.84,6201.76,5978.12,6101.0,108.89,1.82,46282.0,662940.0,59.39,2.85,12581121.0,33927942.47043
801742.SI,20190305,航空装备,6070.48,6313.02,6018.84,6271.19,170.19,2.79,50678.0,711930.0,61.04,2.93,12932068.0,34710339.372063
801742.SI,20190306,航空装备,6293.7,6384.35,6136.98,6287.8,16.61,0.26,51701.0,718852.0,61.21,2.94,12966320.0,34765230.063537
801742.SI,20190307,航空装备,6261.34,6389.46,6154.65,6253.5,-34.3,-0.55,44900.0,648933.0,60.87,2.92,12895596.0,34574212.131714
801742.SI,20190308,航空装备,6131.17,6281.71,5926.82,5971.86,-281.64,-4.5,51071.0,721946.0,58.13,2.79,12314808.0,32960455.340359
801742.SI,20190311,航空装备,6012.73,6267.28,5969.23,6236.79,264.94,4.44,42966.0,605793.0,60.71,2.92,12861145.0,34409626.022539
801742.SI,20190312,航空装备,6332.83,6572.95,6223.08,6458.0,221.21,3.55,64060.0,947674.0,62.86,3.02,13317306.0,35560051.305217
801742.SI,20190313,航空装备,6519.66,6770.87,6297.56,6386.64,-71.36,-1.1,76683.0,1128605.0,62.17,2.99,13170151.0,35209707.521701
801742.SI,20190314,航空装备,6380.13,6476.34,6040.67,6211.07,-175.57,-2.75,59807.0,818859.0,60.46,2.9,12808107.0,34205030.955352
801742.SI,20190315,航空装备,6262.53,6328.56,6088.94,6162.79,-48.28,-0.78,41686.0,568953.0,61.31,2.87,12708547.0,33943316.435519
801742.SI,20190318,航空装备,6160.1,6273.86,6078.18,6254.0,91.2,1.48,34098.0,476481.0,62.22,2.91,12896622.0,34463180.756076
801742.SI,20190319,航空装备,6266.22,6488.47,6216.21,6406.48,152.48,2.44,48473.0,669536.0,60.62,2.97,13477613.0,35343276.446265
801742.SI,20190320,航空装备,6390.48,6422.47,6186.88,6316.18,-90.29,-1.41,36232.0,504949.0,59.77,2.93,13287658.0,34828145.924956
801742.SI,20190321,航空装备,6308.6,6406.18,6258.98,6330.11,13.93,0.22,36581.0,505380.0,58.79,2.92,13316959.0,34874493.324229
801742.SI,20190322,航空装备,6326.87,6490.69,6274.46,6421.8,91.69,1.45,41040.0,586951.0,59.23,2.97,13509848.0,35365624.024049
801742.SI,20190325,航空装备,6390.03,6878.97,6352.54,6651.3,229.5,3.57,79797.0,1178633.0,61.35,3.07,13992656.0,36625022.537546
801742.SI,20190326,航空装备,6662.34,6676.63,6244.1,6274.57,-376.73,-5.66,53298.0,770752.0,57.96,2.91,13200110.0,34626096.679755
801742.SI,20190327,航空装备,6292.97,6332.81,6060.6,6191.97,-82.6,-1.32,30124.0,434031.0,57.19,2.87,13026341.0,34162806.804869
801742.SI,20190328,航空装备,6189.03,6366.35,6115.33,6154.04,-37.93,-0.61,31819.0,440889.0,56.86,2.85,12954411.0,33931183.185032
801742.SI,20190329,航空装备,6199.81,6396.28,6162.5,6376.47,222.43,3.61,42120.0,588538.0,60.49,2.95,13422631.0,35080785.362047
801742.SI,20190401,航空装备,6450.36,6654.21,6405.15,6590.2,213.73,3.35,49552.0,719346.0,62.52,3.05,13872540.0,36213716.417633
801742.SI,20190402,航空装备,6640.1,6833.32,6533.69,6627.18,36.98,0.56,59482.0,872412.0,62.87,3.07,13950384.0,36443902.11919
801742.SI,20190403,航空装备,6593.29,6761.93,6517.35,6710.72,83.54,1.26,44237.0,647089.0,63.66,3.12,14126243.0,36885417.111616
801742.SI,20190404,航空装备,6772.28,6853.53,6635.19,6709.65,-1.07,-0.02,43977.0,665526.0,63.65,3.12,14123980.0,36861352.833801
801742.SI,20190408,航空装备,6753.27,6797.9,6458.83,6556.45,-153.2,-2.28,41200.0,596673.0,62.2,3.05,13801498.0,36063795.553589
801742.SI,20190409,航空装备,6557.48,6629.35,6463.0,6576.49,20.04,0.31,25448.0,375364.0,62.45,3.06,13844108.0,36175420.45148
801742.SI,20190410,航空装备,6518.2,6578.62,6396.43,6475.51,-100.98,-1.54,31944.0,441395.0,61.49,3.01,13631529.0,35705817.185432
801742.SI,20190411,航空装备,6466.69,6573.73,6367.33,6413.26,-62.24,-0.96,25848.0,400061.0,60.9,2.98,13500500.0,35353611.30001
801742.SI,20190412,航空装备,6403.72,6463.0,6313.3,6386.13,-27.14,-0.42,19339.0,282641.0,60.64,2.97,13443377.0,35229771.204317
801742.SI,20190415,航空装备,6464.02,6535.5,6316.38,6332.35,-53.78,-0.84,25436.0,375862.0,60.13,2.94,13329621.0,34913859.108458
801742.SI,20190416,航空装备,6312.09,6444.45,6200.87,6437.25,104.9,1.66,26285.0,374258.0,63.54,3.0,13550433.0,35446534.600182
801742.SI,20190417,航空装备,6434.52,6520.42,6418.59,6479.07,41.82,0.65,24842.0,367369.0,63.95,3.01,13638475.0,35645058.723262
801742.SI,20190418,航空装备,6485.89,6593.54,6405.14,6482.48,3.4,0.05,26951.0,445839.0,63.99,3.02,13645636.0,35744182.887012
801742.SI,20190419,航空装备,6473.58,6529.3,6349.46,6469.0,-13.48,-0.21,22980.0,359515.0,63.85,3.01,13617260.0,35660196.272544
801742.SI,20190422,航空装备,6478.94,6555.2,6355.18,6390.15,-78.85,-1.22,26416.0,393013.0,63.08,2.97,13451285.0,35249406.090018
801742.SI,20190423,航空装备,6382.93,6408.41,6151.37,6177.95,-212.2,-3.32,24929.0,386429.0,61.1,2.87,13037106.0,34103684.796853
801742.SI,20190424,航空装备,6188.96,6259.08,6094.4,6218.26,40.31,0.65,17891.0,258142.0,61.5,2.89,13122180.0,34269339.789428
801742.SI,20190425,航空装备,6207.9,6227.29,5941.82,5963.7,-254.56,-4.09,22682.0,328182.0,58.25,2.77,12584994.0,32923424.842078
801742.SI,20190426,航空装备,5946.74,6021.82,5865.7,5916.05,-47.65,-0.8,16507.0,243716.0,57.91,2.72,12484431.0,32614914.088849
801742.SI,20190429,航空装备,5930.93,5998.17,5751.66,5779.44,-136.61,-2.31,20329.0,276192.0,56.58,2.67,12196144.0,31936918.463406
801742.SI,20190430,航空装备,5791.75,5915.01,5762.26,5840.4,60.96,1.05,14525.0,208078.0,57.17,2.69,12324783.0,32241668.487907
801742.SI,20190506,航空装备,5709.42,5770.79,5353.88,5437.63,-402.77,-6.9,24717.0,333693.0,52.19,2.51,11474833.0,30021369.882958
801742.SI,20190507,航空装备,5470.17,5550.09,5386.37,5482.04,44.41,0.82,17503.0,240197.0,52.62,2.53,11568552.0,30286425.88275
801742.SI,20190508,航空装备,5382.13,5586.37,5334.02,5507.2,25.16,0.46,17681.0,239439.0,52.9,2.54,11635072.0,30454427.852379
801742.SI,20190509,航空装备,5490.84,5631.94,5448.23,5536.13,28.94,0.53,17753.0,244947.0,53.18,2.55,11696204.0,30674251.271461
801742.SI,20190510,航空装备,5570.27,5817.28,5489.39,5777.75,241.62,4.36,30137.0,400514.0,55.5,2.66,12206665.0,31897581.857871
801742.SI,20190513,航空装备,5721.04,5815.34,5641.49,5697.55,-80.2,-1.39,20682.0,289919.0,54.73,2.63,12037236.0,31525937.280068
801742.SI,20190514,航空装备,5633.64,5809.78,5606.63,5695.51,-2.04,-0.04,21775.0,303620.0,54.71,2.63,12032921.0,31487347.643978
801742.SI,20190515,航空装备,5720.36,5773.14,5666.43,5744.19,48.69,0.85,18519.0,254765.0,55.18,2.65,12135779.0,31698440.434983
801742.SI,20190516,航空装备,5731.02,5948.27,5688.33,5850.19,105.99,1.85,29542.0,390095.0,56.2,2.71,12359711.0,32246317.755174
801742.SI,20190517,航空装备,5846.08,5896.27,5621.05,5663.03,-187.15,-3.2,26215.0,354208.0,54.41,2.62,11964311.0,31206140.320266
801742.SI,20190520,航空装备,5666.13,5834.62,5621.4,5791.85,128.82,2.27,25229.0,346034.0,55.65,2.68,12236467.0,31852623.127507
801742.SI,20190521,航空装备,5784.14,5887.42,5690.05,5839.11,47.26,0.82,25357.0,349150.0,56.0,2.7,12335859.0,32092312.587934
801742.SI,20190522,航空装备,5830.67,5890.13,5735.18,5801.33,-37.78,-0.65,20701.0,281326.0,55.64,2.68,12256036.0,31865739.96106
801742.SI,20190523,航空装备,5792.5,5893.88,5686.44,5734.25,-67.07,-1.16,21817.0,313728.0,55.0,2.65,12114334.0,31477587.159497
801742.SI,20190524,航空装备,5680.9,5752.84,5552.38,5586.52,-147.73,-2.58,17966.0,246095.0,53.58,2.58,11802226.0,30797448.843602
801742.SI,20190527,航空装备,5604.96,5772.23,5552.34,5745.6,159.08,2.85,17594.0,245125.0,55.11,2.66,12138298.0,31595559.968957
801742.SI,20190528,航空装备,5743.31,5831.41,5699.04,5765.45,19.86,0.35,19275.0,271817.0,55.58,2.67,12242199.0,32390495.02329
801742.SI,20190529,航空装备,5745.85,5829.55,5704.33,5768.95,3.49,0.06,19066.0,261656.0,55.61,2.67,12251527.0,32388760.885749
801742.SI,20190530,航空装备,5734.51,5794.78,5642.68,5713.71,-55.23,-0.96,19164.0,256669.0,55.08,2.65,12134227.0,32136880.500797
801742.SI,20190531,航空装备,5721.18,5861.7,5682.15,5815.39,101.68,1.78,25254.0,373790.0,56.06,2.7,12350156.0,32660738.047518
801742.SI,20190603,航空装备,5874.0,5911.55,5664.61,5710.87,-104.52,-1.8,30210.0,444453.0,55.05,2.65,12128185.0,32182354.233667
801742.SI,20190604,航空装备,5686.08,5714.19,5519.54,5573.28,-137.59,-2.41,23211.0,316308.0,53.73,2.59,11835989.0,31523004.99374
801742.SI,20190605,航空装备,5627.85,5657.5,5515.27,5543.56,-29.72,-0.53,18419.0,243061.0,53.44,2.57,11772866.0,31449618.176116
801742.SI,20190606,航空装备,5541.93,5570.28,5369.27,5409.3,-134.26,-2.42,19879.0,249481.0,52.14,2.51,11487742.0,30820606.502983
801742.SI,20190610,航空装备,5418.05,5485.2,5367.98,5427.97,18.67,0.35,18476.0,285940.0,52.32,2.52,11527395.0,30960807.745881
801742.SI,20190611,航空装备,5429.78,5638.22,5388.94,5619.41,191.43,3.53,27476.0,387307.0,54.17,2.61,11933945.0,32059641.391346
801742.SI,20190612,航空装备,5615.02,5679.65,5555.29,5599.29,-20.12,-0.36,27635.0,395783.0,53.98,2.6,11891221.0,32008093.241491
801742.SI,20190613,航空装备,5602.71,5645.26,5534.26,5588.39,-10.9,-0.19,20138.0,318303.0,53.87,2.6,11868067.0,31838019.26739
801742.SI,20190614,航空装备,5591.73,5719.46,5502.52,5538.33,-50.06,-0.9,26490.0,404940.0,53.39,2.57,11761761.0,31706173.882458
801742.SI,20190617,航空装备,5525.37,5573.67,5437.79,5505.01,-33.32,-0.6,16259.0,268828.0,53.07,2.56,11691006.0,31463357.435262
801742.SI,20190618,航空装备,5506.04,5540.83,5437.77,5480.74,-24.27,-0.44,14062.0,238800.0,52.83,2.55,11639468.0,31371555.011453
801742.SI,20190619,航空装备,5576.71,5663.25,5526.75,5591.13,110.38,2.01,23114.0,353797.0,53.9,2.6,11873892.0,32101161.568505
801742.SI,20190620,航空装备,5569.28,5718.46,5519.97,5678.31,87.19,1.56,26622.0,420250.0,54.74,2.65,12059048.0,32561736.805689
801742.SI,20190621,航空装备,5695.66,5835.6,5670.23,5793.42,115.11,2.03,31014.0,480631.0,55.85,2.7,12303506.0,33304969.415731
801742.SI,20190624,航空装备,5787.1,5839.58,5692.91,5766.77,-26.66,-0.46,23614.0,373798.0,55.59,2.69,12246898.0,33013538.090088
801742.SI,20190625,航空装备,5748.54,5807.72,5653.36,5742.28,-24.49,-0.42,20510.0,308178.0,55.3,2.67,12248299.0,32830965.228304
801742.SI,20190626,航空装备,5728.15,5790.81,5673.34,5773.78,31.5,0.55,14574.0,225639.0,55.6,2.69,12316235.0,33036551.351854
801742.SI,20190627,航空装备,5782.23,5851.78,5733.39,5771.4,-2.37,-0.04,19190.0,305070.0,55.58,2.68,12311173.0,32963397.726902
801742.SI,20190628,航空装备,5755.42,5780.61,5616.82,5679.6,-91.8,-1.59,15758.0,240873.0,54.7,2.64,12115343.0,32445844.689841
801742.SI,20190701,航空装备,5765.44,5826.49,5720.02,5803.8,124.2,2.19,20730.0,310819.0,55.89,2.7,12380280.0,33140411.837976
801742.SI,20190702,航空装备,5837.97,5903.67,5769.61,5808.97,5.17,0.09,19641.0,311301.0,55.94,2.7,12391299.0,33221960.354935
801742.SI,20190703,航空装备,5783.11,5884.83,5713.59,5814.79,5.82,0.1,19025.0,322131.0,56.0,2.72,12403720.0,33300666.304689
801742.SI,20190704,航空装备,5801.91,6104.53,5778.23,5958.45,143.67,2.47,44285.0,735862.0,57.38,2.79,12710177.0,34192074.025048
801742.SI,20190705,航空装备,5919.3,5972.66,5848.62,5892.16,-66.29,-1.11,22192.0,363776.0,56.74,2.76,12568770.0,33822957.901157
801742.SI,20190708,航空装备,5879.47,5899.2,5653.45,5703.14,-189.02,-3.21,28189.0,421825.0,50.39,2.76,15649804.0,40339038.451962
801742.SI,20190709,航空装备,5715.11,5784.99,5642.01,5717.67,14.53,0.25,18963.0,287081.0,50.52,2.76,15689672.0,40352288.19047
801742.SI,20190710,航空装备,5737.31,5868.19,5653.23,5733.24,15.56,0.27,25379.0,401215.0,50.63,2.77,15745766.0,40415318.408348
801742.SI,20190711,航空装备,5743.97,5818.83,5670.35,5722.92,-10.31,-0.18,19811.0,310186.0,50.54,2.77,15717443.0,40352365.48655
801742.SI,20190712,航空装备,5721.22,5787.61,5667.74,5726.63,3.71,0.06,16714.0,258595.0,50.57,2.77,15730989.0,40327893.702558
801742.SI,20190715,航空装备,5725.54,5875.84,5674.97,5843.76,117.13,2.05,24482.0,378372.0,51.61,2.83,16052742.0,41172527.061424
801742.SI,20190716,航空装备,5840.93,5911.4,5786.16,5832.0,-11.76,-0.2,19863.0,304500.0,51.5,2.82,16020451.0,41102925.600171
801742.SI,20190717,航空装备,5832.15,5927.89,5784.45,5856.95,24.95,0.43,20070.0,320267.0,51.72,2.84,16088990.0,41201700.247782
801742.SI,20190718,航空装备,5835.66,5865.43,5722.38,5747.17,-109.78,-1.87,18530.0,284706.0,50.76,2.78,15787421.0,40494470.37625
801742.SI,20190719,航空装备,5765.04,5832.98,5713.89,5759.42,12.24,0.21,15977.0,240021.0,50.86,2.79,15821051.0,40507087.105465
801742.SI,20190722,航空装备,5751.78,5779.61,5522.09,5581.75,-177.67,-3.08,21616.0,328581.0,49.29,2.7,15332997.0,39270148.719686
801742.SI,20190723,航空装备,5585.47,5682.68,5560.68,5661.02,79.27,1.42,15182.0,232246.0,49.99,2.74,15550760.0,39833420.46545
801742.SI,20190724,航空装备,5685.53,5829.03,5656.88,5765.12,104.1,1.84,22344.0,372399.0,50.91,2.79,15836711.0,40685558.980585
801742.SI,20190725,航空装备,5759.33,5855.73,5721.71,5805.44,40.32,0.7,18594.0,330076.0,51.27,2.81,15947482.0,40921665.481975
801742.SI,20190726,航空装备,5791.38,5936.14,5762.28,5882.08,76.64,1.32,26133.0,443579.0,51.95,2.85,16158010.0,41462276.148423
801742.SI,20190729,航空装备,5884.48,5968.01,5825.01,5885.81,3.73,0.06,21792.0,389236.0,51.98,2.85,16168251.0,41583046.123964
801742.SI,20190730,航空装备,5903.17,5959.82,5847.14,5892.41,6.6,0.11,22775.0,398661.0,52.04,2.85,16186380.0,41613240.553587
801742.SI,20190731,航空装备,5886.71,5950.87,5823.61,5902.36,9.96,0.17,22948.0,378328.0,52.13,2.86,16213730.0,41686368.454612
801742.SI,20190801,航空装备,5911.4,5973.17,5792.74,5848.73,-53.64,-0.91,23633.0,416966.0,51.65,2.83,16066395.0,41265095.731165
801742.SI,20190802,航空装备,5747.9,5844.46,5668.67,5765.32,-83.41,-1.43,28694.0,453483.0,50.92,2.79,15837259.0,40704804.602832
801742.SI,20190805,航空装备,5747.8,5906.75,5694.65,5745.88,-19.44,-0.34,30941.0,497560.0,50.74,2.78,15783859.0,40731088.491317
801742.SI,20190806,航空装备,5633.55,5755.39,5498.75,5656.6,-89.28,-1.55,37469.0,571284.0,49.96,2.74,15555615.0,40043477.206199
801742.SI,20190807,航空装备,5680.77,5742.41,5535.22,5576.68,-79.91,-1.41,31292.0,496080.0,49.25,2.69,15335850.0,39535670.883189
801742.SI,20190808,航空装备,5585.85,5711.55,5548.82,5620.24,43.56,0.78,27558.0,428691.0,49.64,2.71,15455642.0,39740487.144984
801742.SI,20190809,航空装备,5652.63,5685.73,5450.22,5499.61,-120.63,-2.15,28562.0,402203.0,48.57,2.65,15123909.0,38854764.755361
801742.SI,20190812,航空装备,5505.31,5605.08,5447.94,5586.46,86.85,1.58,18851.0,282525.0,49.34,2.69,15362743.0,39430697.010628
801742.SI,20190813,航空装备,5532.99,5625.47,5469.21,5538.61,-47.85,-0.86,18807.0,308591.0,48.92,2.67,15229707.0,39165479.369245
801742.SI,20190814,航空装备,5601.2,5640.29,5515.73,5572.7,34.09,0.62,20852.0,340967.0,49.22,2.69,15323453.0,39434866.700287
801742.SI,20190815,航空装备,5453.47,5579.72,5412.14,5555.05,-17.65,-0.32,20423.0,301622.0,49.06,2.68,15274910.0,39288356.513626
801742.SI,20190816,航空装备,5556.09,5658.42,5527.43,5601.8,46.75,0.84,23493.0,381816.0,49.48,2.7,15403453.0,39648447.986965
801742.SI,20190819,航空装备,5627.68,5812.03,5604.45,5781.17,179.37,3.2,34327.0,535208.0,51.06,2.78,15896682.0,40924306.826791
801742.SI,20190820,航空装备,5779.88,5885.26,5734.65,5794.46,13.28,0.23,34151.0,503920.0,51.18,2.79,15933209.0,40993222.56272
801742.SI,20190821,航空装备,5787.24,5902.44,5742.61,5846.98,52.53,0.91,33615.0,548558.0,51.62,2.81,16091707.0,41439519.187565
801742.SI,20190822,航空装备,5864.3,6016.34,5811.01,5934.63,87.65,1.5,43065.0,676423.0,52.4,2.85,16332905.0,42035480.798809
801742.SI,20190823,航空装备,5915.39,6001.99,5841.76,5933.35,-1.28,-0.02,31729.0,498068.0,52.39,2.85,16329386.0,41946559.270499
801742.SI,20190826,航空装备,5826.01,5997.47,5782.6,5949.0,15.65,0.26,32385.0,549041.0,52.53,2.83,16372446.0,42162580.626698
801742.SI,20190827,航空装备,5969.75,6130.72,5902.13,6077.56,128.56,2.16,43191.0,699985.0,53.66,2.88,16726253.0,43117152.046691
801742.SI,20190828,航空装备,6090.04,6228.02,5999.0,6074.79,-2.77,-0.05,48648.0,784633.0,53.64,2.86,16718628.0,43267581.866055
801742.SI,20190829,航空装备,6099.19,6232.82,6021.15,6123.84,49.05,0.81,44613.0,832599.0,54.07,2.88,16853623.0,43675141.366336
801742.SI,20190830,航空装备,6144.12,6297.88,6076.92,6245.9,122.07,1.99,58669.0,965542.0,55.15,2.92,17189571.0,44702933.968515
801742.SI,20190902,航空装备,6289.21,6642.28,6248.01,6562.94,317.04,5.08,86286.0,1441048.0,52.35,3.07,18091267.0,47038489.178523
801742.SI,20190903,航空装备,6548.78,6681.63,6432.64,6567.96,5.02,0.08,70470.0,1207824.0,52.39,3.08,18105094.0,47063102.053914
801742.SI,20190904,航空装备,6515.68,6595.99,6392.68,6496.11,-71.85,-1.09,53174.0,928357.0,51.82,3.04,17907047.0,46501052.737718
801742.SI,20190905,航空装备,6500.42,6627.75,6433.71,6503.28,7.17,0.11,58018.0,991501.0,51.87,3.05,17926822.0,46577449.78265
801742.SI,20190906,航空装备,6507.35,6622.85,6423.96,6522.37,19.09,0.29,46083.0,875577.0,52.02,3.06,17979431.0,46854215.665456
801742.SI,20190909,航空装备,6566.88,6660.64,6475.18,6621.21,98.84,1.52,53065.0,933110.0,52.81,3.1,18251889.0,47429969.850631
801742.SI,20190910,航空装备,6620.75,6775.98,6483.92,6541.38,-79.83,-1.21,55138.0,1047876.0,52.18,3.06,18031823.0,46848988.712864
801742.SI,20190911,航空装备,6549.85,6614.96,6421.1,6487.47,-53.9,-0.82,42054.0,765144.0,51.76,3.04,17888063.0,46418732.93477
801742.SI,20190912,航空装备,6497.88,6539.59,6395.84,6474.34,-13.14,-0.2,33034.0,578080.0,51.66,3.03,17851840.0,46264586.371422
801742.SI,20190916,航空装备,6511.41,6597.05,6417.35,6482.48,8.15,0.13,36299.0,619054.0,51.72,3.04,17874308.0,46316588.054496
801742.SI,20190917,航空装备,6474.66,6488.92,6219.62,6258.29,-224.19,-3.46,40794.0,696903.0,49.93,2.93,17256135.0,44707983.240458
801742.SI,20190918,航空装备,6281.46,6353.0,6198.05,6268.97,10.68,0.17,33564.0,557339.0,50.02,2.94,17285593.0,44669759.442345
801742.SI,20190919,航空装备,6279.73,6396.45,6233.74,6368.51,99.54,1.59,36653.0,625538.0,50.81,2.98,17560054.0,45461460.198592
801742.SI,20190920,航空装备,6351.89,6382.06,6204.48,6288.54,-79.98,-1.26,38583.0,663762.0,50.17,2.95,17339535.0,44851088.17378
801742.SI,20190923,航空装备,6268.23,6320.25,6120.11,6201.79,-86.75,-1.38,30742.0,519800.0,49.48,2.9,17113313.0,44195195.641897
801742.SI,20190924,航空装备,6209.13,6291.4,6155.82,6212.44,10.65,0.17,30154.0,503566.0,49.59,2.91,17150265.0,44213887.584501
801742.SI,20190925,航空装备,6194.67,6244.44,6059.98,6094.44,-118.0,-1.9,28729.0,499112.0,48.61,2.84,16946402.0,43405427.570309
801742.SI,20190926,航空装备,6115.65,6146.5,5851.46,5869.08,-225.36,-3.7,33569.0,581058.0,46.81,2.74,16319759.0,41694805.319531
801742.SI,20190927,航空装备,5879.69,5979.14,5849.67,5909.42,40.34,0.69,21017.0,363047.0,47.15,2.76,16438929.0,41960931.327364
801742.SI,20190930,航空装备,5916.54,5979.43,5818.42,5867.09,-42.33,-0.72,17984.0,311589.0,46.81,2.74,16321174.0,41609648.852051
801742.SI,20191008,航空装备,5875.58,5917.25,5737.24,5758.14,-108.95,-1.86,19013.0,330241.0,45.94,2.69,16018106.0,40790724.474514
801742.SI,20191009,航空装备,5756.64,5832.68,5697.98,5816.81,58.67,1.02,16286.0,270945.0,46.4,2.71,16191170.0,41292216.004043
801742.SI,20191010,航空装备,5810.78,5885.06,5775.27,5857.44,40.63,0.7,16879.0,293306.0,46.73,2.74,16304265.0,41553564.893137
801742.SI,20191011,航空装备,5860.05,5900.16,5769.83,5832.7,-24.74,-0.42,18887.0,305205.0,46.59,2.73,16292390.0,41334197.123891
801742.SI,20191014,航空装备,5875.79,5953.02,5836.73,5902.68,69.98,1.2,24011.0,401316.0,47.15,2.76,16487876.0,41893819.036072
801742.SI,20191015,航空装备,5892.36,5902.05,5747.53,5778.05,-124.63,-2.11,20305.0,333907.0,46.15,2.7,16139754.0,41059513.126377
801742.SI,20191016,航空装备,5789.67,5849.29,5739.21,5770.4,-7.65,-0.13,16438.0,279226.0,46.09,2.7,16120056.0,41061845.122974
801742.SI,20191017,航空装备,5769.18,5809.01,5694.22,5728.25,-42.15,-0.73,15106.0,249619.0,45.76,2.68,16002311.0,40736783.753905
801742.SI,20191018,航空装备,5734.59,5796.46,5623.0,5655.18,-73.07,-1.28,19347.0,313792.0,45.17,2.65,15798192.0,40116635.934412
801742.SI,20191021,航空装备,5655.63,5718.11,5544.26,5677.32,22.14,0.39,16752.0,257278.0,45.35,2.66,15860028.0,40126868.194734
801742.SI,20191022,航空装备,5672.16,5733.61,5623.91,5701.99,24.67,0.43,14609.0,228642.0,45.55,2.67,15928937.0,40368621.657629
801742.SI,20191023,航空装备,5737.2,5775.76,5645.06,5675.55,-26.44,-0.46,14914.0,221680.0,45.34,2.65,15855077.0,40168657.647346
801742.SI,20191024,航空装备,5669.46,5723.21,5587.91,5661.08,-14.47,-0.25,14160.0,219904.0,45.01,2.64,15814651.0,40086566.010171
801742.SI,20191025,航空装备,5653.3,5735.9,5600.52,5712.98,51.91,0.92,16106.0,280972.0,45.42,2.65,15959658.0,40466786.846016
801742.SI,20191028,航空装备,5706.15,5807.83,5674.7,5787.33,74.35,1.3,19846.0,315604.0,46.01,2.67,16167352.0,40946938.410546
801742.SI,20191029,航空装备,5788.26,5814.85,5687.96,5713.39,-73.94,-1.28,17310.0,269688.0,45.43,2.64,15960789.0,40391817.478786
801742.SI,20191030,航空装备,5673.95,5731.04,5580.96,5636.32,-77.07,-1.35,17378.0,255799.0,44.81,2.57,15745484.0,39882881.831159
801742.SI,20191031,航空装备,5643.93,5733.55,5577.69,5644.24,7.92,0.14,17724.0,257227.0,44.88,2.57,15767615.0,39987948.334517
801742.SI,20191101,航空装备,5626.22,5709.92,5582.96,5660.64,16.41,0.29,15196.0,219764.0,45.16,2.58,15813444.0,40095055.769372
801742.SI,20191104,航空装备,5669.2,5709.55,5577.39,5616.08,-44.57,-0.79,15921.0,252998.0,44.81,2.56,15688940.0,39797830.361593
801742.SI,20191105,航空装备,5622.09,5668.07,5545.71,5621.64,5.56,0.1,16483.0,255791.0,44.85,2.56,15704485.0,39840581.534593
801742.SI,20191106,航空装备,5718.39,5855.65,5662.67,5740.51,118.86,2.11,33384.0,544206.0,45.82,2.61,16068561.0,40840913.117861
801742.SI,20191107,航空装备,5730.16,5779.36,5623.76,5687.76,-52.75,-0.92,24520.0,402778.0,45.34,2.58,15953647.0,40391708.437668
801742.SI,20191108,航空装备,5709.27,5757.92,5604.9,5634.53,-53.23,-0.94,23474.0,344865.0,44.92,2.56,15804345.0,40007631.999014
801742.SI,20191111,航空装备,5599.82,5640.53,5444.61,5501.83,-132.7,-2.36,23683.0,345954.0,43.86,2.5,15432123.0,39081523.625999
801742.SI,20191112,航空装备,5496.49,5558.51,5399.59,5510.88,9.06,0.16,19169.0,304799.0,43.93,2.5,15457534.0,39207414.969063
801742.SI,20191113,航空装备,5501.92,5542.54,5444.52,5492.01,-18.88,-0.34,13980.0,212915.0,43.78,2.49,15404590.0,39082104.882883
801742.SI,20191114,航空装备,5501.18,5553.56,5441.22,5502.45,10.44,0.19,17498.0,256127.0,43.87,2.5,15433871.0,39123030.711477
801742.SI,20191115,航空装备,5497.29,5537.74,5394.75,5422.01,-80.44,-1.46,16427.0,243000.0,43.22,2.46,15208244.0,38529678.959943
801742.SI,20191118,航空装备,5414.45,5481.76,5363.65,5444.66,22.65,0.42,12503.0,188257.0,43.4,2.47,15271774.0,38662232.983932
801742.SI,20191119,航空装备,5448.53,5574.94,5434.2,5556.66,112.0,2.06,15487.0,257691.0,44.3,2.52,15585927.0,39398089.262893
801742.SI,20191120,航空装备,5554.3,5592.99,5477.06,5500.36,-56.3,-1.01,14765.0,235950.0,43.85,2.5,15427998.0,39020456.126709
801742.SI,20191121,航空装备,5490.8,5623.89,5458.67,5567.3,66.95,1.22,17908.0,287767.0,44.38,2.53,15615773.0,39576422.40241
801742.SI,20191122,航空装备,5552.39,5638.8,5492.29,5563.71,-3.59,-0.06,20914.0,320463.0,44.35,2.52,15605690.0,39554742.689362
801742.SI,20191125,航空装备,5556.53,5574.92,5433.55,5491.97,-71.74,-1.29,16032.0,231896.0,43.78,2.49,15404469.0,38979992.165431
801742.SI,20191126,航空装备,5501.57,5584.63,5451.54,5533.83,41.87,0.76,16547.0,267786.0,44.12,2.51,15521902.0,39305780.055032
801742.SI,20191127,航空装备,5515.55,5550.42,5446.91,5490.74,-43.1,-0.78,11958.0,171995.0,43.77,2.49,15401018.0,38970925.693876
801742.SI,20191128,航空装备,5489.31,5525.09,5434.54,5475.99,-14.75,-0.27,10164.0,152829.0,43.65,2.48,15359659.0,38842109.93284
801742.SI,20191129,航空装备,5477.68,5538.24,5425.13,5518.41,42.42,0.77,11709.0,187721.0,43.99,2.5,15478632.0,39131583.072704
801742.SI,20191202,航空装备,5511.59,5569.71,5468.31,5518.9,0.49,0.01,13032.0,174577.0,44.0,2.5,15480008.0,39094912.539745
801742.SI,20191203,航空装备,5511.34,5605.04,5471.65,5580.76,61.86,1.12,16132.0,239553.0,44.49,2.53,15653518.0,39581907.218017
801742.SI,20191204,航空装备,5558.59,5666.56,5521.56,5635.24,54.48,0.98,19709.0,274623.0,44.92,2.56,15806333.0,39982503.699566
801742.SI,20191205,航空装备,5646.22,5730.44,5615.66,5684.76,49.52,0.88,20971.0,320530.0,45.32,2.58,15949063.0,40391496.258232
801742.SI,20191206,航空装备,5685.72,5733.6,5626.33,5694.83,10.07,0.18,16627.0,231466.0,45.4,2.58,15977325.0,40462746.310112
801742.SI,20191209,航空装备,5696.89,5737.76,5630.66,5668.63,-26.21,-0.46,16646.0,234654.0,45.19,2.57,15903798.0,40279650.466912
801742.SI,20191210,航空装备,5657.49,5694.21,5590.24,5652.49,-16.14,-0.28,18258.0,249871.0,45.06,2.57,15858522.0,40119720.699817
801742.SI,20191211,航空装备,5651.73,5711.98,5609.21,5656.67,4.19,0.07,18216.0,262133.0,45.09,2.57,15870267.0,40232831.000292
801742.SI,20191212,航空装备,5654.16,5704.76,5589.51,5639.86,-16.81,-0.3,21143.0,279347.0,44.96,2.56,15823104.0,40049882.882828
801742.SI,20191213,航空装备,5655.43,5706.32,5610.76,5674.59,34.73,0.62,24244.0,320022.0,45.23,2.58,15920531.0,40280457.487191
801742.SI,20191216,航空装备,5689.2,5854.9,5665.52,5827.5,152.91,2.69,32920.0,485894.0,46.45,2.64,16349538.0,41443070.760384
801742.SI,20191217,航空装备,5835.48,5933.44,5798.28,5872.72,45.22,0.78,33827.0,503418.0,46.81,2.67,16476404.0,41743178.095795
801742.SI,20191218,航空装备,5897.67,5964.92,5824.95,5864.34,-8.38,-0.14,28869.0,427053.0,46.75,2.66,16452893.0,41637103.643542
801742.SI,20191219,航空装备,5864.25,5912.64,5811.36,5859.1,-5.24,-0.09,21768.0,314193.0,46.7,2.66,16438204.0,41571875.75797
801742.SI,20191220,航空装备,5860.77,5896.84,5755.26,5781.33,-77.78,-1.33,22810.0,323003.0,46.08,2.62,16219989.0,41177676.827149
801742.SI,20191223,航空装备,5772.41,5829.77,5655.35,5671.07,-110.25,-1.91,22170.0,314702.0,45.21,2.54,15910665.0,40446331.515668
801742.SI,20191224,航空装备,5674.76,5770.71,5646.03,5743.92,72.84,1.28,17705.0,259922.0,45.81,2.57,16123508.0,40991177.10775
801742.SI,20191225,航空装备,5744.83,5806.96,5686.34,5761.3,17.38,0.3,22411.0,316898.0,45.95,2.58,16172295.0,41016883.170718
801742.SI,20191226,航空装备,5760.29,5827.65,5715.88,5804.48,43.18,0.75,21267.0,288165.0,46.73,2.63,16293245.0,41359097.344564
801742.SI,20191227,航空装备,5806.17,5886.94,5750.84,5782.79,-21.69,-0.37,24067.0,342925.0,46.56,2.62,16232361.0,41240830.933955
801742.SI,20191230,航空装备,5776.27,5860.03,5677.68,5819.38,36.6,0.63,20338.0,302487.0,46.85,2.63,16335085.0,41477334.785192
801742.SI,20191231,航空装备,5818.5,5891.07,5769.39,5852.06,32.68,0.56,21527.0,295956.0,47.12,2.65,16426805.0,41702084.558809
801742.SI,20200102,航空装备,5880.98,6002.13,5837.42,5940.96,88.9,1.52,30559.0,454445.0,47.83,2.69,16677223.0,42354900.914406
801742.SI,20200103,航空装备,5949.64,6136.25,5916.02,6076.81,135.86,2.29,45840.0,695337.0,49.04,2.77,17114999.0,43330963.70139
801742.SI,20200106,航空装备,6191.8,6328.36,6090.53,6185.7,108.88,1.79,55935.0,879351.0,49.89,2.81,17372506.0,44115333.383332
801742.SI,20200107,航空装备,6153.41,6293.6,6110.15,6236.61,50.92,0.82,42476.0,658395.0,50.3,2.84,17515501.0,44410066.807063
801742.SI,20200108,航空装备,6308.79,6471.73,6205.23,6328.65,92.03,1.48,69847.0,1096842.0,51.04,2.88,17773973.0,45165234.863493
801742.SI,20200109,航空装备,6200.39,6267.14,6114.99,6204.25,-124.4,-1.97,47754.0,716037.0,50.03,2.82,17424603.0,44233387.958662
801742.SI,20200110,航空装备,6193.0,6243.59,6065.93,6127.08,-77.17,-1.24,34508.0,527802.0,49.42,2.79,17216432.0,43635354.364017
801742.SI,20200113,航空装备,6125.54,6215.87,6051.75,6180.99,53.91,0.88,31627.0,482304.0,49.85,2.81,17367920.0,43904488.440861
801742.SI,20200114,航空装备,6176.02,6253.19,6089.66,6137.15,-43.84,-0.71,29396.0,424171.0,49.5,2.79,17244737.0,43566100.479941
801742.SI,20200115,航空装备,6110.29,6161.0,5995.53,6063.81,-73.34,-1.2,26383.0,378091.0,48.9,2.76,17038656.0,43082863.300449
801742.SI,20200116,航空装备,6060.35,6176.47,6014.23,6065.83,2.02,0.03,26576.0,387914.0,48.91,2.76,17048706.0,43088643.094254
801742.SI,20200117,航空装备,6048.6,6118.5,5988.67,6047.54,-18.29,-0.3,21315.0,306232.0,48.76,2.74,16999640.0,43125649.149596
801742.SI,20200120,航空装备,6030.88,6163.56,5997.78,6125.71,78.17,1.29,25336.0,364723.0,49.39,2.77,17219371.0,43666876.521008
801742.SI,20200121,航空装备,6097.97,6170.04,5999.49,6046.87,-78.84,-1.29,24727.0,360798.0,49.09,2.76,17157738.0,43008366.801657
801742.SI,20200122,航空装备,6010.04,6094.25,5880.19,6037.06,-9.81,-0.16,26750.0,381803.0,49.01,2.76,17132207.0,42900258.002785
801742.SI,20200123,航空装备,5971.79,6116.37,5785.13,5871.88,-165.17,-2.74,31134.0,445781.0,47.66,2.68,16663467.0,41736327.581488
801742.SI,20200203,航空装备,5298.66,5388.26,5294.86,5347.01,-524.87,-8.94,17117.0,274634.0,43.4,2.44,15176771.0,37929154.563732
801742.SI,20200204,航空装备,5096.65,5400.6,5082.93,5312.15,-34.85,-0.65,43346.0,512284.0,43.12,2.42,15077841.0,37806614.818485
801742.SI,20200205,航空装备,5311.58,5494.28,5260.41,5382.58,70.42,1.33,37312.0,536179.0,43.69,2.46,15277726.0,38278339.426031
801742.SI,20200206,航空装备,5386.87,5523.17,5310.64,5478.18,95.61,1.78,35325.0,482744.0,44.47,2.5,15549092.0,38972214.862049
801742.SI,20200207,航空装备,5480.95,5619.46,5393.17,5559.83,81.64,1.49,36259.0,484346.0,45.13,2.54,15780829.0,39638909.674169
801742.SI,20200210,航空装备,5554.07,5671.34,5483.42,5609.58,49.76,0.89,35778.0,493112.0,45.54,2.56,15922057.0,39990684.637089
801742.SI,20200211,航空装备,5605.1,5669.04,5507.84,5557.21,-52.38,-0.93,29355.0,412902.0,45.11,2.54,15778758.0,39574509.03243
801742.SI,20200212,航空装备,5542.13,5640.19,5494.32,5615.84,58.63,1.06,31541.0,405894.0,45.59,2.56,15945229.0,39947336.878935
801742.SI,20200213,航空装备,5614.14,5694.01,5505.12,5549.73,-66.1,-1.18,38743.0,492433.0,45.05,2.53,15757542.0,39465045.271317
801742.SI,20200214,航空装备,5550.54,5657.05,5509.62,5601.21,51.47,0.93,31840.0,430420.0,45.47,2.56,15903689.0,39666531.292739
801742.SI,20200217,航空装备,5740.96,6091.42,5697.71,6066.99,465.79,8.32,66495.0,913759.0,49.25,2.77,17226209.0,42962558.659613
801742.SI,20200218,航空装备,6304.29,6407.83,6191.57,6297.91,230.92,3.81,78103.0,1051863.0,51.12,2.87,17881873.0,44380091.279271
801742.SI,20200219,航空装备,6300.01,6570.2,6174.99,6371.78,73.86,1.17,137875.0,2011779.0,51.72,2.91,18091594.0,44744951.8058
801742.SI,20200220,航空装备,6334.44,6479.58,6195.56,6411.88,40.1,0.63,88137.0,1345833.0,52.05,2.93,18205456.0,44792040.844309
801742.SI,20200221,航空装备,6421.47,6725.5,6331.15,6570.59,158.71,2.48,103852.0,1621999.0,53.34,3.0,18656094.0,45913874.938536
801742.SI,20200224,航空装备,6555.01,6758.08,6464.87,6625.64,55.05,0.84,85459.0,1397800.0,53.79,3.02,18812395.0,46110581.592615
801742.SI,20200225,航空装备,6452.54,6716.76,6253.6,6628.66,3.02,0.05,101127.0,1504756.0,53.81,3.02,18820975.0,45754430.350944
801742.SI,20200226,航空装备,6502.32,6834.39,6383.6,6509.11,-119.55,-1.8,93993.0,1488828.0,52.84,2.97,18481533.0,45239175.904945
801742.SI,20200227,航空装备,6529.15,6745.66,6370.97,6581.05,71.93,1.11,90144.0,1291755.0,53.46,3.0,18721272.0,45777702.706569
801742.SI,20200228,航空装备,6295.18,6496.62,6128.36,6172.26,-408.79,-6.21,82384.0,1197078.0,50.2,2.81,17623544.0,43052917.886235
801742.SI,20200302,航空装备,6248.37,6516.72,6130.55,6418.97,246.71,4.0,66601.0,988661.0,52.21,2.92,18327985.0,44720716.482139
801742.SI,20200303,航空装备,6502.82,6816.7,6415.55,6590.05,171.08,2.67,88356.0,1414235.0,53.6,3.0,18816453.0,45907410.667931
801742.SI,20200304,航空装备,6519.41,6779.31,6440.97,6640.75,50.71,0.77,68139.0,1084681.0,54.01,3.02,18961234.0,46242521.695316
801742.SI,20200305,航空装备,6728.73,6845.7,6545.53,6661.29,20.54,0.31,72043.0,1185382.0,54.18,3.03,19019873.0,46345537.56719
801742.SI,20200306,航空装备,6561.47,6717.43,6492.3,6611.72,-49.57,-0.74,59987.0,917971.0,53.78,3.01,18878505.0,45954282.922248
801742.SI,20200309,航空装备,6483.23,6551.63,6196.76,6223.16,-388.56,-5.88,66708.0,983653.0,50.6,2.84,17802718.0,43381503.168388
801742.SI,20200310,航空装备,6149.09,6492.71,6084.53,6458.64,235.48,3.78,61883.0,877457.0,52.51,2.94,18476352.0,44908290.347414
801742.SI,20200311,航空装备,6488.28,6754.55,6409.96,6495.6,36.96,0.57,79542.0,1255963.0,52.82,2.96,18582780.0,45485311.896459
801742.SI,20200312,航空装备,6368.08,6574.42,6263.95,6413.66,-81.93,-1.26,60841.0,926265.0,52.3,2.92,18288542.0,44818815.925687
801742.SI,20200313,航空装备,6127.28,6567.9,6063.99,6441.05,27.38,0.43,72842.0,1063631.0,52.53,2.93,18372020.0,44945538.063245
801742.SI,20200316,航空装备,6475.91,6564.62,6082.18,6126.84,-314.21,-4.88,67902.0,992475.0,49.28,2.79,17475787.0,42870653.660405
801742.SI,20200317,航空装备,6196.09,6308.72,5900.59,6109.68,-17.15,-0.28,54559.0,801671.0,49.14,2.78,17426860.0,42561044.740723
801742.SI,20200318,航空装备,6154.33,6268.94,5903.74,5925.15,-184.53,-3.02,55729.0,824075.0,47.66,2.7,16900515.0,41270874.141474
801742.SI,20200319,航空装备,5926.74,6102.85,5818.41,6016.26,91.1,1.54,52824.0,785874.0,48.34,2.75,17105869.0,41819449.205111
801742.SI,20200320,航空装备,6066.86,6166.12,5929.47,6048.01,31.75,0.53,45785.0,685923.0,48.59,2.77,17196146.0,42142930.798242
801742.SI,20200323,航空装备,5867.04,5953.31,5711.36,5761.83,-286.17,-4.73,39544.0,555750.0,46.29,2.64,16382478.0,40335824.133891
801742.SI,20200324,航空装备,5870.35,5925.88,5651.65,5833.62,71.79,1.25,40617.0,566387.0,46.87,2.67,16586588.0,40961027.194207
801742.SI,20200325,航空装备,5949.17,5998.77,5843.82,5924.96,91.34,1.57,35247.0,507849.0,47.59,2.71,16857810.0,41589952.778658
801742.SI,20200326,航空装备,5892.45,5952.11,5772.62,5817.38,-107.58,-1.82,27769.0,389023.0,46.73,2.66,16551724.0,40904176.669568
801742.SI,20200327,航空装备,5897.19,5959.13,5768.04,5806.27,-11.11,-0.19,25856.0,374808.0,46.64,2.66,16520123.0,40863131.525949
801742.SI,20200330,航空装备,5710.09,5828.99,5537.18,5696.66,-109.61,-1.89,36076.0,490340.0,45.76,2.61,16208261.0,40308932.064014
801742.SI,20200331,航空装备,5732.51,5789.78,5562.11,5612.22,-84.44,-1.48,29113.0,415566.0,45.61,2.55,15975646.0,39742310.122087
801742.SI,20200401,航空装备,5607.2,5693.05,5522.48,5561.76,-50.47,-0.9,26939.0,355631.0,45.2,2.53,15831992.0,39301811.923637
801742.SI,20200402,航空装备,5537.94,5719.12,5498.74,5709.41,147.65,2.65,31210.0,402362.0,45.51,2.6,16252291.0,40241500.174049
801742.SI,20200403,航空装备,5697.12,5778.52,5623.67,5698.68,-10.73,-0.19,28331.0,380114.0,45.42,2.6,16225647.0,40186272.806638
801742.SI,20200407,航空装备,5806.09,5971.82,5768.44,5911.67,212.99,3.74,40676.0,580315.0,47.03,2.7,16905080.0,41701366.744176
801742.SI,20200408,航空装备,5878.2,6108.32,5841.6,6049.94,138.26,2.34,45601.0,633727.0,48.13,2.76,17300463.0,42658046.12514
801742.SI,20200409,航空装备,6092.3,6194.39,6014.74,6077.89,27.95,0.46,41881.0,592036.0,48.35,2.77,17380396.0,42850366.26959
801742.SI,20200410,航空装备,6059.83,6159.07,5934.67,5992.5,-85.39,-1.4,43659.0,573098.0,46.94,2.73,17136216.0,42339383.0324
801742.SI,20200413,航空装备,5943.43,6019.26,5828.12,5930.9,-61.6,-1.03,31309.0,399524.0,46.41,2.7,16960062.0,41938352.075914
801742.SI,20200414,航空装备,5959.53,6043.8,5889.1,6010.25,79.36,1.34,28974.0,387105.0,47.03,2.74,17186990.0,42459091.831143
801742.SI,20200415,航空装备,6009.31,6061.3,5893.12,5934.89,-75.37,-1.25,34657.0,433422.0,46.44,2.7,16971469.0,41983503.350688
801742.SI,20200416,航空装备,5906.62,6096.92,5856.65,6016.07,81.19,1.37,33496.0,498793.0,47.08,2.74,17203636.0,42653199.164859
801742.SI,20200417,航空装备,6036.48,6138.19,5935.16,6004.74,-11.33,-0.19,38037.0,542620.0,46.99,2.74,17171228.0,42401491.773671
801742.SI,20200420,航空装备,6021.22,6113.08,5943.56,6068.2,63.46,1.06,31684.0,453655.0,46.2,2.76,17352701.0,42874040.385752
801742.SI,20200421,航空装备,6048.06,6158.94,5969.11,6058.07,-10.14,-0.17,35893.0,483810.0,46.12,2.76,17323717.0,42804383.493408
801742.SI,20200422,航空装备,6007.3,6126.36,5944.92,6082.93,24.86,0.41,28691.0,394503.0,46.31,2.77,17394812.0,42913209.111859
801742.SI,20200423,航空装备,6095.04,6262.2,6020.23,6147.35,64.42,1.06,47912.0,640096.0,46.91,2.79,17579019.0,43368599.134038
801742.SI,20200424,航空装备,6130.55,6223.24,5964.22,6060.81,-86.53,-1.41,50328.0,634431.0,46.32,2.74,17317152.0,42826542.786718
801742.SI,20200427,航空装备,6059.44,6137.89,5932.73,5969.53,-91.28,-1.51,38960.0,512018.0,46.01,2.68,17056347.0,42271303.886684
801742.SI,20200428,航空装备,5994.28,6075.31,5734.5,5931.81,-37.73,-0.63,44003.0,589637.0,45.54,2.66,16948547.0,42127079.79512
801742.SI,20200429,航空装备,5902.0,6083.55,5866.08,6007.4,75.59,1.27,33401.0,468225.0,48.07,2.8,17184552.0,42721171.386637
801742.SI,20200430,航空装备,6015.85,6210.95,5971.44,6150.52,143.12,2.38,43205.0,627138.0,49.41,2.86,17593954.0,43573323.293117
801742.SI,20200506,航空装备,6116.96,6304.57,6068.11,6268.85,118.33,1.92,45927.0,647302.0,49.28,2.92,17932440.0,44425205.586566
801742.SI,20200507,航空装备,6273.81,6375.64,6173.32,6260.1,-8.74,-0.14,39827.0,581700.0,49.21,2.91,17908213.0,44390349.722992
801742.SI,20200508,航空装备,6290.23,6388.91,6231.99,6298.28,38.18,0.61,39369.0,544611.0,49.5,2.93,18028262.0,44575183.533005
801742.SI,20200511,航空装备,6334.92,6427.28,6254.55,6315.78,17.5,0.28,37500.0,527419.0,50.12,2.95,18257150.0,45499333.370838
801742.SI,20200512,航空装备,6314.46,6385.71,6197.12,6302.35,-13.43,-0.21,36880.0,524446.0,50.02,2.95,18218342.0,45451627.633968
801742.SI,20200513,航空装备,6316.23,6411.27,6257.54,6328.29,25.93,0.41,32205.0,477945.0,50.22,2.96,18293303.0,45626523.270532
801742.SI,20200514,航空装备,6314.64,6448.24,6235.96,6345.48,17.2,0.27,52631.0,671495.0,50.36,2.97,18343014.0,45748681.603424
801742.SI,20200515,航空装备,6363.7,6459.39,6291.56,6368.36,22.87,0.36,48880.0,633894.0,50.56,2.98,18455718.0,45893588.470554
801742.SI,20200518,航空装备,6404.62,6679.99,6327.73,6541.94,173.58,2.73,70188.0,1009437.0,51.94,3.06,18958764.0,47219635.136805
801742.SI,20200519,航空装备,6559.68,6657.9,6447.48,6572.01,30.07,0.46,62938.0,1028220.0,52.18,3.08,19045910.0,47454108.26804
801742.SI,20200520,航空装备,6566.82,6631.15,6317.86,6379.32,-192.69,-2.93,66363.0,1037388.0,50.64,2.98,18500986.0,46151338.346037
801742.SI,20200521,航空装备,6390.86,6443.27,6206.91,6253.08,-126.24,-1.98,47682.0,704923.0,49.64,2.93,18134873.0,45322429.92251
801742.SI,20200522,航空装备,6247.79,6337.6,6077.3,6148.81,-104.27,-1.67,43616.0,687127.0,48.81,2.88,17832471.0,44438776.116239
801742.SI,20200525,航空装备,6151.47,6222.1,6014.43,6104.88,-43.93,-0.71,41411.0,601736.0,48.46,2.86,17705074.0,44102318.733558
801742.SI,20200526,航空装备,6121.35,6206.81,6061.39,6162.94,58.05,0.95,36272.0,557886.0,49.13,2.92,18261917.0,44515785.03913
801742.SI,20200527,航空装备,6167.77,6251.2,6073.5,6143.03,-19.91,-0.32,38962.0,639253.0,48.97,2.91,18202922.0,44409934.361452
801742.SI,20200528,航空装备,6128.54,6218.72,6026.37,6152.95,9.92,0.16,40067.0,574012.0,49.05,2.91,18232330.0,44465730.621453
801742.SI,20200529,航空装备,6129.13,6230.47,6070.61,6173.64,20.69,0.34,35861.0,538456.0,49.21,2.92,18293646.0,44561130.26092
801742.SI,20200601,航空装备,6176.9,6337.49,6138.34,6292.26,118.62,1.92,42817.0,667954.0,50.16,2.98,18645134.0,45395225.536882
801742.SI,20200602,航空装备,6290.11,6434.6,6244.93,6325.49,33.22,0.53,47068.0,676960.0,50.42,2.99,18743583.0,45531060.446743
801742.SI,20200603,航空装备,6327.22,6374.23,6223.82,6252.18,-73.31,-1.16,41412.0,568687.0,49.84,2.95,18526352.0,44987286.306942
801742.SI,20200604,航空装备,6272.51,6325.3,6163.84,6210.05,-42.13,-0.67,37151.0,505007.0,49.5,2.94,18401519.0,44668273.339112
801742.SI,20200605,航空装备,6208.1,6270.26,6110.38,6184.1,-25.94,-0.42,30678.0,424999.0,49.29,2.92,18332799.0,44460252.404186
801742.SI,20200608,航空装备,6209.29,6315.95,6153.21,6221.23,37.13,0.6,30812.0,483155.0,49.58,2.94,18442864.0,44757681.914541
801742.SI,20200609,航空装备,6235.47,6267.0,6117.58,6189.87,-31.36,-0.5,31150.0,437364.0,49.32,2.93,18361292.0,44553411.360919
801742.SI,20200610,航空装备,6179.57,6264.58,6100.51,6201.17,11.29,0.18,30649.0,496880.0,49.37,2.93,18456559.0,44683249.033678
801742.SI,20200611,航空装备,6192.27,6269.93,6102.38,6154.87,-46.3,-0.75,33758.0,508895.0,48.94,2.91,18278413.0,44370114.978289
801742.SI,20200612,航空装备,6052.07,6196.82,6007.31,6136.76,-18.11,-0.29,39939.0,595941.0,48.8,2.9,18226391.0,44344002.316796
801742.SI,20200615,航空装备,6117.44,6181.91,6003.34,6028.22,-108.54,-1.77,33966.0,529128.0,47.93,2.85,17904312.0,43501444.850144
801742.SI,20200616,航空装备,6065.4,6145.62,6018.53,6117.67,89.45,1.48,29218.0,452851.0,48.64,2.89,18144990.0,44096660.745785
801742.SI,20200617,航空装备,6190.16,6337.48,6152.83,6240.33,122.67,2.01,45408.0,726322.0,49.62,2.95,18508825.0,45017281.408003
801742.SI,20200618,航空装备,6183.94,6209.3,6064.09,6134.28,-106.06,-1.7,32420.0,542335.0,48.77,2.9,18194253.0,44168360.312912
801742.SI,20200619,航空装备,6120.45,6208.18,6088.25,6172.94,38.67,0.63,25772.0,423749.0,49.08,2.92,18308944.0,44431251.145525
801742.SI,20200622,航空装备,6185.76,6305.39,6147.93,6256.28,83.34,1.35,35368.0,589596.0,49.74,2.96,18556124.0,44997975.468107
801742.SI,20200623,航空装备,6264.12,6381.86,6195.24,6323.83,67.55,1.08,46016.0,667390.0,50.28,3.0,18756470.0,45547384.675437
801742.SI,20200624,航空装备,6321.83,6376.15,6219.77,6280.08,-43.75,-0.69,34780.0,551602.0,49.93,2.98,18626720.0,45202779.105062
801742.SI,20200629,航空装备,6280.79,6416.67,6203.57,6300.99,20.9,0.33,32085.0,532337.0,50.1,2.99,18688719.0,45404975.099495
801742.SI,20200630,航空装备,6322.24,6453.53,6263.8,6409.9,108.92,1.73,34341.0,568230.0,50.97,3.04,19011768.0,46186168.503657
801742.SI,20200701,航空装备,6444.75,6540.88,6313.61,6455.25,45.34,0.71,39457.0,666683.0,51.33,3.06,19146252.0,46626199.798463
801742.SI,20200702,航空装备,6425.8,6550.58,6369.65,6494.03,38.78,0.6,42204.0,688581.0,51.63,3.08,19261270.0,46862193.81777
801742.SI,20200703,航空装备,6500.92,6633.88,6448.05,6544.36,50.34,0.78,43310.0,728192.0,52.03,3.11,19410571.0,47380935.463415
801742.SI,20200706,航空装备,6590.23,7032.74,6571.6,6983.77,439.41,6.71,80554.0,1311073.0,55.53,3.32,20713862.0,50583223.282724
801742.SI,20200707,航空装备,7088.6,7445.07,6953.82,7224.2,240.43,3.44,96592.0,1683200.0,57.44,3.43,21426976.0,52575681.921402
801742.SI,20200708,航空装备,7202.5,7843.75,7158.84,7808.15,583.95,8.08,105572.0,1876091.0,62.1,3.71,23159274.0,56947354.399324
801742.SI,20200709,航空装备,8051.74,8339.15,7870.93,8108.2,300.05,3.84,120138.0,2199296.0,64.48,3.86,24049220.0,59457957.052873
801742.SI,20200710,航空装备,8211.38,8415.73,7882.2,8001.14,-107.05,-1.32,105350.0,2094721.0,63.63,3.8,23731694.0,59101809.84338
801742.SI,20200713,航空装备,8006.97,8278.39,7848.07,8174.04,172.9,2.16,98739.0,2139741.0,65.01,3.89,24244513.0,60389392.237579
801742.SI,20200714,航空装备,8127.74,8622.5,7992.48,8234.99,60.95,0.75,108258.0,2310672.0,65.49,3.92,24430334.0,60773737.960726
801742.SI,20200715,航空装备,8251.79,8374.53,7804.91,7910.9,-324.09,-3.94,87535.0,1767655.0,62.91,3.76,23468884.0,58526076.0123
801742.SI,20200716,航空装备,7907.8,8165.57,7547.46,7641.91,-269.0,-3.4,77233.0,1542390.0,60.77,3.64,22670865.0,56503386.028785
801742.SI,20200717,航空装备,7672.85,8154.24,7558.38,7970.36,328.45,4.3,84242.0,1694631.0,63.38,3.79,23645259.0,59213949.275845
801742.SI,20200720,航空装备,8156.67,8618.84,8088.12,8584.61,614.25,7.71,97097.0,1902779.0,68.27,4.09,25467518.0,63930062.772643
801742.SI,20200721,航空装备,8702.46,8793.46,8109.07,8274.22,-310.38,-3.62,111125.0,2467822.0,65.8,3.94,24546720.0,61415861.363824
801742.SI,20200722,航空装备,8181.43,8715.35,8134.23,8387.25,113.03,1.37,98805.0,2204778.0,66.7,3.99,24882041.0,62231797.837784
801742.SI,20200723,航空装备,8476.73,8888.63,8286.69,8735.61,348.36,4.15,121036.0,2619612.0,69.47,4.16,25927350.0,65066131.341385
801742.SI,20200724,航空装备,8826.78,9203.99,8419.13,8545.89,-189.72,-2.17,145661.0,3184761.0,67.96,4.07,25364264.0,63611172.584746
801742.SI,20200727,航空装备,8524.67,8834.91,8092.31,8488.45,-57.44,-0.67,107503.0,2251095.0,67.51,4.04,25193779.0,63423728.162337
801742.SI,20200728,航空装备,8486.53,8870.1,8278.42,8632.44,143.99,1.7,87028.0,1876720.0,68.63,4.11,25640564.0,64382183.036705
801742.SI,20200729,航空装备,8569.18,8845.72,8413.09,8780.26,147.81,1.71,80637.0,1736823.0,69.81,4.18,26079607.0,65432082.84017
801742.SI,20200730,航空装备,8764.64,9046.4,8498.36,8611.33,-168.92,-1.92,81072.0,1792058.0,68.46,4.1,25577860.0,64363106.33946
801742.SI,20200731,航空装备,8576.32,8681.88,8361.97,8515.85,-95.48,-1.11,62769.0,1340035.0,67.7,4.05,25294252.0,63566799.902771
801742.SI,20200803,航空装备,8594.83,9264.76,8532.46,9210.09,694.24,8.15,110276.0,2427342.0,73.23,4.37,27389986.0,68816094.692657
801742.SI,20200804,航空装备,9216.66,9296.9,8780.17,8879.2,-330.89,-3.59,99885.0,2125476.0,70.6,4.21,26405943.0,66220716.14704
801742.SI,20200805,航空装备,8836.21,9453.23,8770.13,9294.75,415.55,4.68,102876.0,2231743.0,73.91,4.41,27641764.0,69264270.950118
801742.SI,20200806,航空装备,9270.98,10007.83,9166.61,9835.58,540.82,5.82,145842.0,3293537.0,78.21,4.67,29250128.0,73800905.998906
801742.SI,20200807,航空装备,9742.53,10466.77,9427.02,10221.36,385.78,3.92,145247.0,3407370.0,81.27,4.85,30397413.0,76993766.488008
801742.SI,20200810,航空装备,10230.53,10921.11,9822.64,9971.14,-250.23,-2.45,142646.0,3741029.0,79.31,4.74,29710249.0,74654536.107269
801742.SI,20200811,航空装备,9828.79,10372.95,9629.14,9885.45,-85.69,-0.86,105837.0,2587099.0,79.17,4.66,29650119.0,73942923.611003
801742.SI,20200812,航空装备,9711.15,9851.91,9132.53,9396.19,-489.26,-4.95,92852.0,2198528.0,75.25,4.43,28182638.0,70407036.851997
801742.SI,20200813,航空装备,9461.19,9829.88,9326.23,9597.62,201.43,2.14,74506.0,1810869.0,76.86,4.52,28786813.0,71789318.68276
801742.SI,20200814,航空装备,9560.72,10195.06,9473.52,10003.28,405.66,4.23,87364.0,2112191.0,80.11,4.71,30003524.0,74676201.644863
801742.SI,20200817,航空装备,10112.09,10446.77,9795.02,10271.88,268.6,2.69,97217.0,2355571.0,82.26,4.84,30809168.0,76709919.769472
801742.SI,20200818,航空装备,10193.32,10518.48,10049.49,10217.68,-54.2,-0.53,79269.0,1904307.0,81.83,4.81,30646606.0,76391649.813075
801742.SI,20200819,航空装备,10155.99,10320.83,9688.38,9787.19,-430.49,-4.21,77373.0,1822016.0,78.38,4.61,29355400.0,73025936.716012
801742.SI,20200820,航空装备,9695.77,9896.81,9328.55,9438.1,-349.09,-3.57,68235.0,1621204.0,75.59,4.43,28308337.0,70269244.892914
801742.SI,20200821,航空装备,9528.65,9736.85,9275.95,9414.31,-23.79,-0.25,53571.0,1296570.0,75.4,4.42,28236986.0,70136578.315965
801742.SI,20200824,航空装备,9518.12,9750.33,9345.87,9531.54,117.24,1.25,45376.0,1068209.0,76.33,4.45,28588625.0,70969670.048316
801742.SI,20200825,航空装备,9539.92,9645.85,8981.54,9144.78,-386.77,-4.06,69948.0,1734014.0,73.24,4.27,27429150.0,67954799.901983
801742.SI,20200826,航空装备,9138.46,9292.52,8708.83,8811.27,-333.51,-3.65,62742.0,1398049.0,70.59,4.11,26453715.0,65517542.619715
801742.SI,20200827,航空装备,8857.54,9033.25,8664.64,8952.21,140.94,1.6,46041.0,1012748.0,71.72,4.18,26876862.0,66605399.224916
801742.SI,20200828,航空装备,8952.99,9315.44,8847.33,9186.6,234.38,2.62,62485.0,1387696.0,73.64,4.3,27626791.0,68263353.12604
801742.SI,20200831,航空装备,9243.71,9528.66,9061.46,9254.1,67.5,0.73,64865.0,1601354.0,74.13,4.33,27851604.0,68714498.008507
801742.SI,20200901,航空装备,9311.92,9642.24,9218.74,9484.33,230.23,2.49,68535.0,1632212.0,78.25,4.44,28544510.0,70272889.198185
801742.SI,20200902,航空装备,9537.51,9670.92,9200.68,9376.93,-107.4,-1.13,70416.0,1460359.0,77.37,4.39,28221281.0,69261923.972163
801742.SI,20200903,航空装备,9289.95,9436.36,9032.42,9250.09,-126.84,-1.35,57056.0,1194320.0,76.27,4.33,27821461.0,68420092.29589
801742.SI,20200904,航空装备,9071.92,9338.3,8998.68,9202.45,-47.64,-0.51,51698.0,1070585.0,75.88,4.31,27678185.0,67959030.530187
801742.SI,20200907,航空装备,9201.24,9375.13,8818.02,8910.44,-292.01,-3.17,71929.0,1454929.0,73.47,4.17,26799898.0,65546944.083789
801742.SI,20200908,航空装备,8937.88,9099.45,8655.63,8907.31,-3.13,-0.04,57650.0,1166224.0,73.44,4.17,26790485.0,65401319.274024
801742.SI,20200909,航空装备,8796.66,9203.83,8615.34,8891.56,-15.75,-0.18,82395.0,1672964.0,73.32,4.16,26754073.0,65713630.422048
801742.SI,20200910,航空装备,8896.33,9080.95,8489.15,8555.29,-336.27,-3.78,67487.0,1266598.0,70.55,4.0,25742495.0,63390881.464568
801742.SI,20200911,航空装备,8513.23,8691.84,8297.22,8557.19,1.9,0.02,50348.0,901469.0,70.57,4.01,25748203.0,63403950.268089
801742.SI,20200914,航空装备,8599.07,8754.0,8382.12,8558.07,0.88,0.01,50915.0,914077.0,70.57,4.01,25750861.0,63276049.008186
801742.SI,20200915,航空装备,8562.24,8879.5,8496.94,8704.55,146.48,1.71,52514.0,972684.0,71.78,4.07,26191602.0,64393855.727205
801742.SI,20200916,航空装备,8657.2,8742.9,8429.53,8516.15,-188.4,-2.16,42229.0,718137.0,70.23,3.99,25624725.0,63030415.281574
801742.SI,20200917,航空装备,8514.32,8753.03,8317.38,8589.02,72.87,0.86,41955.0,833739.0,70.86,4.02,26065417.0,64594737.419261
801742.SI,20200918,航空装备,8608.61,8967.56,8572.57,8849.89,260.87,3.04,55053.0,1187781.0,73.01,4.14,26857087.0,66544440.544738
801742.SI,20200921,航空装备,8914.7,9400.61,8859.18,9154.86,304.97,3.45,79693.0,1727576.0,75.55,4.29,27782598.0,69007795.130513
801742.SI,20200922,航空装备,8985.16,9156.35,8814.53,8970.43,-184.43,-2.01,57896.0,1206283.0,74.01,4.2,27243626.0,67421376.866483
801742.SI,20200923,航空装备,9004.16,9091.82,8780.71,8955.49,-14.94,-0.17,44726.0,935418.0,73.89,4.2,27205791.0,67408469.45067
801742.SI,20200924,航空装备,8850.97,8963.65,8608.16,8647.78,-307.71,-3.44,40873.0,840431.0,71.37,4.05,26271017.0,65123909.828105
801742.SI,20200925,航空装备,8698.82,8849.15,8551.47,8668.37,20.59,0.24,36206.0,757135.0,71.57,4.07,26344160.0,65208483.428566
801742.SI,20200928,航空装备,8668.67,8753.88,8448.65,8524.39,-143.98,-1.66,34021.0,701192.0,70.37,4.0,25906574.0,64269881.742786
801742.SI,20200929,航空装备,8584.32,9066.27,8555.97,8952.91,428.52,5.03,59173.0,1301425.0,74.02,4.18,27600346.0,67544343.883216
801742.SI,20200930,航空装备,8971.91,9129.55,8775.66,8994.85,41.94,0.47,52692.0,1152029.0,75.76,4.14,27729636.0,67868635.885045
801742.SI,20201009,航空装备,9151.87,9312.15,8968.36,9190.48,195.63,2.17,56717.0,1323909.0,77.39,4.23,28332728.0,69293880.926936
801742.SI,20201012,航空装备,9221.99,9781.52,9132.2,9679.5,489.02,5.32,80833.0,2016146.0,81.53,4.46,29840296.0,72950250.367814
801742.SI,20201013,航空装备,9628.54,9855.69,9475.29,9725.99,46.49,0.48,62996.0,1566529.0,81.89,4.47,29983615.0,73264391.199481
801742.SI,20201014,航空装备,9748.81,10005.84,9476.77,9606.63,-119.36,-1.23,63099.0,1584140.0,80.86,4.42,29625197.0,72569870.953922
801742.SI,20201015,航空装备,9555.23,9751.91,9399.25,9510.84,-95.79,-1.0,46831.0,1140528.0,80.05,4.38,29329810.0,71934483.605983
801742.SI,20201016,航空装备,9496.22,9636.05,9233.46,9354.73,-156.12,-1.64,41261.0,1069345.0,78.71,4.3,28848371.0,70656696.653676
801742.SI,20201019,航空装备,9425.13,9572.83,9196.05,9324.91,-29.81,-0.32,46454.0,1075234.0,78.5,4.29,28756427.0,70340684.723981
801742.SI,20201020,航空装备,9302.07,9428.46,9092.0,9380.73,55.82,0.6,38308.0,945921.0,77.57,4.31,28928556.0,70687150.403763
801742.SI,20201021,航空装备,9370.86,9447.28,8960.18,9053.2,-327.53,-3.49,46145.0,1114873.0,74.88,4.16,27918511.0,68229313.924306
801742.SI,20201022,航空装备,9011.16,9085.76,8756.92,8958.43,-94.77,-1.05,35523.0,837708.0,74.09,4.12,27626251.0,67495404.593185
801742.SI,20201023,航空装备,8970.36,9111.61,8708.4,8795.81,-162.61,-1.82,35893.0,873271.0,72.73,4.01,27124781.0,66179158.922724
801742.SI,20201026,航空装备,8749.96,8964.28,8578.5,8857.98,62.17,0.71,30773.0,730875.0,73.25,4.04,27316496.0,66795828.04909
801742.SI,20201027,航空装备,8809.83,9046.68,8726.29,8910.65,52.67,0.59,35743.0,875735.0,73.7,4.05,27478916.0,67138974.722405
801742.SI,20201028,航空装备,8906.39,8959.94,8641.8,8845.48,-65.17,-0.73,38096.0,870843.0,73.16,3.97,27277958.0,66672359.234037
801742.SI,20201029,航空装备,8695.25,8850.11,8529.54,8723.91,-121.58,-1.37,38339.0,859543.0,72.16,3.9,26903031.0,65798090.918368
801742.SI,20201030,航空装备,8856.98,9126.63,8548.8,8609.82,-114.08,-1.31,56622.0,1323069.0,71.22,3.86,26551222.0,64722470.161844
801742.SI,20201102,航空装备,8600.47,8807.46,8364.97,8631.67,21.84,0.25,45041.0,1013374.0,66.14,3.87,26620028.0,64947224.281391
801742.SI,20201103,航空装备,8678.72,9020.77,8567.24,8932.44,300.77,3.48,44855.0,1010474.0,68.43,4.01,27547599.0,67190530.692198
801742.SI,20201104,航空装备,8934.24,9141.5,8769.03,9002.75,70.31,0.79,43821.0,1020758.0,68.98,4.04,27764444.0,67908755.641955
801742.SI,20201105,航空装备,8957.68,9081.01,8748.26,8942.47,-60.28,-0.67,40808.0,964869.0,69.26,4.05,27874661.0,68700592.747075
801742.SI,20201106,航空装备,8915.16,8996.05,8668.0,8755.66,-186.8,-2.09,36107.0,820348.0,67.8,3.96,27292373.0,67181731.070295
801742.SI,20201109,航空装备,8730.34,8943.38,8528.47,8868.23,112.57,1.29,46276.0,1076688.0,68.68,4.02,27643264.0,68074529.447017
801742.SI,20201110,航空装备,8873.27,8983.36,8654.74,8727.19,-141.04,-1.59,36167.0,892822.0,67.6,3.95,27203615.0,66975290.552353
801742.SI,20201111,航空装备,8713.97,8895.75,8483.05,8558.97,-168.21,-1.93,36480.0,850586.0,66.28,3.87,26679277.0,65638989.973502
801742.SI,20201112,航空装备,8558.83,8706.63,8411.36,8498.11,-60.87,-0.71,31378.0,671294.0,65.85,3.84,26549406.0,65163784.423042
801742.SI,20201113,航空装备,8498.03,8912.87,8393.71,8810.31,312.2,3.67,50116.0,1145865.0,68.28,3.99,27524771.0,67610559.574911
801742.SI,20201116,航空装备,8800.87,8980.85,8670.6,8842.15,31.84,0.36,41310.0,949571.0,68.53,4.0,27624253.0,67952227.462475
801742.SI,20201117,航空装备,8826.68,8880.65,8489.59,8601.64,-240.51,-2.72,40496.0,918013.0,66.65,3.89,26872865.0,65986925.011102
801742.SI,20201118,航空装备,8590.57,8847.92,8506.98,8704.77,103.13,1.2,36208.0,817729.0,67.46,3.94,27195063.0,66852822.87727
801742.SI,20201119,航空装备,8661.61,9298.95,8568.23,9208.95,504.18,5.79,76469.0,1928590.0,71.37,4.17,28770189.0,70881911.238951
801742.SI,20201120,航空装备,9219.33,9560.27,9096.13,9344.95,136.01,1.48,76813.0,2062055.0,72.42,4.23,29195092.0,71853419.58982
801742.SI,20201123,航空装备,9331.22,9566.0,9132.0,9369.07,24.12,0.26,63810.0,1714475.0,72.48,4.25,29447897.0,72038316.931651
801742.SI,20201124,航空装备,9344.43,9683.36,9256.31,9433.06,63.99,0.68,60771.0,1504916.0,72.98,4.28,29649011.0,72364344.193287
801742.SI,20201125,航空装备,9387.63,9527.22,9093.54,9138.36,-294.69,-3.12,61450.0,1393309.0,70.7,4.15,28722762.0,70036205.233167
801742.SI,20201126,航空装备,9157.11,9560.61,9015.3,9405.0,266.64,2.92,73452.0,1774269.0,72.77,4.27,29560835.0,72074876.215278
801742.SI,20201127,航空装备,9367.0,9867.79,9207.04,9547.89,142.89,1.52,83782.0,2235020.0,73.91,4.33,30027357.0,73499121.568758
801742.SI,20201130,航空装备,9532.7,9849.3,9405.72,9590.62,42.72,0.45,69828.0,1800678.0,74.27,4.36,30170688.0,73894771.193589
801742.SI,20201201,航空装备,9607.64,10009.88,9519.84,9881.62,291.01,3.03,62834.0,1745083.0,76.53,4.49,31086156.0,76254881.182258
801742.SI,20201202,航空装备,9857.83,10097.38,9713.61,9883.0,1.38,0.01,57882.0,1556450.0,76.55,4.49,31090495.0,76173597.018351
801742.SI,20201203,航空装备,9819.19,9897.15,9535.91,9613.09,-269.91,-2.73,50383.0,1337236.0,74.45,4.37,30241390.0,74217645.30528
801742.SI,20201204,航空装备,9577.02,9886.76,9427.99,9799.87,186.78,1.94,47427.0,1302330.0,75.9,4.45,30828971.0,75641127.243447
801742.SI,20201207,航空装备,9768.86,10030.21,9637.92,9814.25,14.38,0.15,45519.0,1263541.0,76.02,4.46,30885656.0,75730133.622887
801742.SI,20201208,航空装备,9795.86,10016.74,9643.67,9810.83,-3.42,-0.03,46270.0,1175090.0,76.0,4.46,30874891.0,75665365.677267
801742.SI,20201209,航空装备,9806.71,9933.01,9489.28,9539.58,-271.25,-2.76,52665.0,1356767.0,73.88,4.33,30018685.0,73414238.484587
801742.SI,20201210,航空装备,9504.17,9746.01,9380.8,9594.62,55.04,0.58,44263.0,1154348.0,74.31,4.36,30191896.0,74042132.204429
801742.SI,20201211,航空装备,9590.8,9680.07,9194.19,9369.8,-224.82,-2.34,57021.0,1394482.0,72.58,4.26,29484435.0,72277646.770752
801742.SI,20201214,航空装备,9309.62,9739.98,9199.2,9607.97,238.18,2.54,57681.0,1343031.0,74.44,4.37,30233916.0,74254057.675457
801742.SI,20201215,航空装备,9578.7,9822.35,9430.55,9624.75,16.78,0.17,54256.0,1162067.0,74.57,4.37,30286956.0,74412901.996933
801742.SI,20201216,航空装备,9592.45,9827.66,9384.33,9597.4,-27.35,-0.28,54592.0,1185790.0,74.38,4.36,30200900.0,74233410.189644
801742.SI,20201217,航空装备,9541.07,9673.76,9216.57,9488.49,-108.91,-1.13,53377.0,1272988.0,73.51,4.31,29858182.0,73308031.93709
801742.SI,20201218,航空装备,9502.54,9734.36,9341.63,9464.43,-24.06,-0.25,46377.0,1138369.0,73.32,4.3,29782465.0,73067944.037606
801742.SI,20201221,航空装备,9436.83,10049.23,9375.42,9936.26,471.83,4.99,63177.0,1626983.0,76.99,4.52,31267220.0,76954632.003197
801742.SI,20201222,航空装备,9904.51,10135.75,9685.65,9764.71,-171.55,-1.73,57616.0,1503457.0,75.63,4.44,30755905.0,75590015.951898
801742.SI,20201223,航空装备,9816.21,10415.11,9705.58,10392.05,627.34,6.42,74694.0,2122371.0,80.51,4.72,32731828.0,80649590.009225
801742.SI,20201224,航空装备,10511.64,10996.84,10307.8,10474.74,82.69,0.8,98046.0,2884299.0,81.11,4.76,32992282.0,81206983.779685
801742.SI,20201225,航空装备,10447.74,10757.9,10178.58,10642.67,167.93,1.6,64895.0,1879537.0,82.39,4.83,33521202.0,82596580.14353
801742.SI,20201228,航空装备,10641.31,10937.97,10358.04,10650.17,7.5,0.07,64690.0,1897806.0,82.45,4.84,33544828.0,82497897.960225
801742.SI,20201229,航空装备,10601.2,10898.21,10302.69,10493.36,-156.81,-1.47,66087.0,1829501.0,81.23,4.77,33050930.0,81229505.655447
801742.SI,20201230,航空装备,10403.03,11072.63,10301.51,10863.83,370.47,3.53,69017.0,2055281.0,84.13,4.94,34217791.0,84119093.855597
801742.SI,20201231,航空装备,10877.8,11590.66,10747.24,11476.05,612.21,5.64,94998.0,2658920.0,88.9,5.22,36146083.0,88876669.192897
801742.SI,20210104,航空装备,11726.23,12410.23,11565.46,12245.99,769.94,6.71,103247.0,3221676.0,94.86,5.57,38571170.0,95207948.739651
801742.SI,20210105,航空装备,12160.72,12770.32,11907.81,12278.6,32.61,0.27,121755.0,3447836.0,95.13,5.58,38673894.0,95761490.843081
801742.SI,20210106,航空装备,12196.93,12979.23,12008.98,12536.39,257.79,2.1,118149.0,3455676.0,97.15,5.7,39485858.0,98002057.366921
801742.SI,20210107,航空装备,12418.45,13150.16,12221.81,12926.74,390.35,3.11,104871.0,3423881.0,100.29,5.88,40764585.0,101340692.024968
801742.SI,20210108,航空装备,12871.25,13082.75,12091.92,12477.16,-449.57,-3.48,88852.0,3012228.0,96.8,5.68,39346846.0,98092058.143934
801742.SI,20210111,航空装备,12703.52,13041.54,11851.04,12110.8,-366.37,-2.94,96781.0,3327025.0,93.94,5.51,38191511.0,94837992.631798
801742.SI,20210112,航空装备,12055.9,12779.68,11956.24,12612.52,501.72,4.14,95387.0,3109205.0,97.85,5.74,39773680.0,98990637.528599
801742.SI,20210113,航空装备,12703.87,13031.17,12109.52,12400.4,-212.11,-1.68,95148.0,3243535.0,96.19,5.64,39104780.0,97322950.054559
801742.SI,20210114,航空装备,12171.16,12256.86,11394.48,11546.21,-854.2,-6.89,92660.0,3083158.0,89.55,5.25,36411065.0,90366228.046455
801742.SI,20210115,航空装备,11441.4,11715.24,11021.94,11416.46,-129.75,-1.12,69253.0,2321611.0,88.53,5.19,36001891.0,89493356.874249
801742.SI,20210118,航空装备,11474.5,11899.46,11387.06,11642.79,226.34,1.98,65597.0,2065485.0,90.28,5.3,36715649.0,91286792.028859
801742.SI,20210119,航空装备,11506.32,11820.09,11224.02,11410.98,-231.81,-1.99,61980.0,1850216.0,88.46,5.19,35946081.0,89298356.34708
801742.SI,20210120,航空装备,11379.74,11777.65,11186.5,11639.56,228.58,2.0,65016.0,1901330.0,90.24,5.3,36666144.0,91282880.53652
801742.SI,20210121,航空装备,11562.06,11932.19,11426.83,11714.56,75.0,0.64,62583.0,1957614.0,90.82,5.33,36902405.0,91879230.760843
801742.SI,20210122,航空装备,11656.28,12001.5,11469.07,11874.19,159.63,1.36,65753.0,2055716.0,92.07,5.4,37405248.0,93253162.54174
801742.SI,20210125,航空装备,11967.9,12472.57,11669.06,11872.06,-2.13,-0.02,79054.0,2793530.0,92.14,5.39,37428768.0,93450834.216314
801742.SI,20210126,航空装备,11647.87,11699.04,10809.44,10866.94,-1005.12,-8.47,81117.0,2641343.0,84.31,4.93,34259938.0,85366277.047545
801742.SI,20210127,航空装备,10690.31,10982.06,10500.77,10767.48,-99.46,-0.92,53531.0,1730052.0,83.51,4.89,33946385.0,84616638.818426
801742.SI,20210128,航空装备,10592.82,10987.92,10403.39,10572.27,-195.21,-1.81,54912.0,1530479.0,81.98,4.8,33333920.0,83100322.675569
801742.SI,20210129,航空装备,10640.59,10753.07,9914.6,10202.27,-369.99,-3.5,57593.0,1669935.0,79.08,4.63,32167345.0,80337912.157442
801742.SI,20210201,航空装备,10229.51,10426.71,10037.9,10191.39,-10.88,-0.11,40412.0,1048201.0,79.0,4.62,32133029.0,80419145.754101
801742.SI,20210202,航空装备,10221.96,10505.08,9970.31,10388.79,197.4,1.94,54069.0,1370524.0,80.54,4.71,32755415.0,82013053.451048
801742.SI,20210203,航空装备,10373.89,10512.86,9990.55,10100.84,-287.95,-2.77,46132.0,1234267.0,78.23,4.58,31882753.0,79529939.732949
801742.SI,20210204,航空装备,10012.77,10342.1,9782.83,9962.39,-138.44,-1.37,41070.0,1089824.0,77.17,4.52,31445762.0,78420157.47904
801742.SI,20210205,航空装备,10091.82,10242.21,9701.6,9739.73,-222.66,-2.24,35755.0,960006.0,75.57,4.42,30742936.0,76679900.952638
801742.SI,20210208,航空装备,9771.51,9923.74,9468.4,9748.74,9.01,0.09,34852.0,935132.0,75.64,4.42,30771383.0,76926612.500714
801742.SI,20210209,航空装备,9804.59,10479.74,9705.13,10391.53,642.79,6.59,47803.0,1471519.0,80.65,4.72,32800322.0,82269283.95587
801742.SI,20210210,航空装备,10442.92,10494.02,10055.93,10362.5,-29.03,-0.28,37700.0,1287404.0,80.43,4.7,32708683.0,81967051.203594
801742.SI,20210218,航空装备,10465.29,10667.78,10119.09,10299.46,-63.04,-0.61,40803.0,1273146.0,79.93,4.68,32509694.0,81329573.75863
801742.SI,20210219,航空装备,10268.01,10514.02,10116.13,10384.39,84.94,0.82,37107.0,1056920.0,80.56,4.71,32777788.0,82048977.003793
801742.SI,20210222,航空装备,10371.89,10509.05,9880.97,9925.38,-459.02,-4.42,52956.0,1494877.0,77.02,4.5,31353289.0,78048231.634848
801742.SI,20210223,航空装备,9805.72,10511.3,9654.15,10358.26,432.88,4.36,60686.0,1740023.0,80.61,4.69,32793218.0,81626370.489143
801742.SI,20210224,航空装备,10438.82,10697.13,10137.73,10398.28,40.03,0.39,64263.0,1679693.0,80.95,4.71,32919936.0,82027555.637703
801742.SI,20210225,航空装备,10362.8,10862.37,10207.19,10590.02,191.74,1.84,58030.0,1778945.0,82.44,4.8,33526952.0,83820843.545193
801742.SI,20210226,航空装备,10335.99,10639.15,10053.88,10189.39,-400.63,-3.78,47171.0,1379333.0,79.3,4.61,32258587.0,80539736.643889
801742.SI,20210301,航空装备,10235.47,10464.27,10033.36,10415.66,226.27,2.22,40898.0,1098792.0,81.07,4.72,32974946.0,82295190.838167
801742.SI,20210302,航空装备,10539.36,10779.98,10220.97,10612.75,197.08,1.89,52596.0,1555514.0,82.62,4.81,33598898.0,83943959.596772
801742.SI,20210303,航空装备,10444.01,10692.03,10294.27,10614.85,2.1,0.02,55445.0,1243784.0,82.63,4.8,33616895.0,83815207.919456
801742.SI,20210304,航空装备,10515.71,10887.46,10287.27,10436.39,-178.45,-1.68,67509.0,1592444.0,81.24,4.72,33051736.0,82351909.749089
801742.SI,20210305,航空装备,10241.82,10422.25,9837.02,10070.04,-366.35,-3.51,52217.0,1379835.0,78.38,4.56,31891520.0,79069256.419327
801742.SI,20210308,航空装备,10023.03,10128.71,9233.73,9253.12,-816.93,-8.11,65969.0,1693828.0,71.99,4.18,29304339.0,72471834.543776
801742.SI,20210309,航空装备,9105.43,9172.23,8541.84,8664.69,-588.43,-6.36,57259.0,1380650.0,67.4,3.92,27440797.0,67753946.674556
801742.SI,20210310,航空装备,8751.41,8867.09,8487.33,8579.33,-85.35,-0.99,39906.0,866633.0,66.79,3.88,27189194.0,67130406.354943
801742.SI,20210311,航空装备,8588.0,8796.42,8455.44,8717.01,137.68,1.6,35475.0,767781.0,68.28,3.94,27625518.0,68233093.711744
801742.SI,20210312,航空装备,8714.6,8772.41,8450.36,8618.34,-98.68,-1.13,33228.0,725303.0,67.48,3.89,27312798.0,67380156.454882
801742.SI,20210315,航空装备,8594.72,8790.34,8457.09,8572.6,-45.73,-0.53,36471.0,743349.0,66.7,3.85,27167861.0,66948396.559008
801742.SI,20210316,航空装备,8593.56,8745.01,8425.39,8547.65,-24.96,-0.29,32833.0,675538.0,67.69,3.84,27088770.0,66742014.0978
801742.SI,20210317,航空装备,8535.56,8789.48,8479.73,8687.01,139.37,1.63,33281.0,677596.0,68.79,3.9,27530447.0,67840007.532213
801742.SI,20210318,航空装备,8683.23,8943.0,8628.47,8774.53,87.51,1.01,35015.0,817973.0,69.34,3.94,27807787.0,68578813.605551
801742.SI,20210319,航空装备,8661.02,9104.01,8557.07,8865.84,91.32,1.04,55264.0,1228561.0,70.01,3.99,28366315.0,69418505.415331
801742.SI,20210322,航空装备,8782.6,8972.15,8651.29,8864.87,-0.98,-0.01,36985.0,768196.0,69.41,3.89,27007486.0,69374619.753949
801742.SI,20210323,航空装备,8839.63,8944.72,8683.35,8767.65,-97.21,-1.1,31325.0,651510.0,68.65,3.85,26711321.0,68797429.446091
801742.SI,20210324,航空装备,8723.15,8862.46,8423.46,8526.12,-241.53,-2.75,33279.0,781870.0,66.76,3.74,25975480.0,66726772.202316
801742.SI,20210325,航空装备,8496.84,8696.91,8421.74,8571.73,45.61,0.53,27269.0,578441.0,67.08,3.76,26172661.0,67017125.188793
801742.SI,20210326,航空装备,8588.36,8777.7,8559.65,8732.35,160.62,1.87,28025.0,585395.0,68.34,3.83,26663092.0,68388952.398207
801742.SI,20210329,航空装备,8793.18,9119.5,8744.16,8903.15,170.8,1.96,40335.0,890618.0,69.4,3.91,27184616.0,69674121.145585
801742.SI,20210330,航空装备,8936.58,9433.18,8888.52,9229.67,326.52,3.67,72988.0,1579079.0,70.84,4.08,28181598.0,72445144.950459
801742.SI,20210331,航空装备,9122.98,9155.5,8693.55,8759.6,-470.07,-5.09,65296.0,1278478.0,67.33,3.84,26746294.0,70454032.813881
801742.SI,20210401,航空装备,8767.94,8946.2,8692.48,8835.94,76.34,0.87,42117.0,749824.0,67.08,3.87,26979395.0,71116684.314299
801742.SI,20210402,航空装备,8837.1,8971.1,8744.21,8860.34,24.4,0.28,34136.0,647286.0,67.27,3.88,27053899.0,71293095.724986
801742.SI,20210406,航空装备,8881.11,9061.08,8820.82,8967.11,106.77,1.21,33668.0,681249.0,68.08,3.93,27379914.0,72101287.35877
801742.SI,20210407,航空装备,8937.82,8990.59,8778.82,8892.09,-75.02,-0.84,30791.0,602969.0,67.51,3.9,27150849.0,71391428.077628
801742.SI,20210408,航空装备,8865.06,9006.45,8751.45,8871.02,-21.07,-0.24,30723.0,585944.0,67.38,3.89,27107752.0,71280650.462744
801742.SI,20210409,航空装备,8995.93,9149.0,8871.81,8932.25,61.22,0.69,36520.0,749248.0,67.8,3.91,27294836.0,71712795.890736
801742.SI,20210412,航空装备,8905.25,9001.82,8599.47,8675.14,-257.1,-2.88,36196.0,967244.0,66.22,3.81,26659249.0,70065096.461379
801742.SI,20210413,航空装备,8615.81,8763.99,8499.17,8644.42,-30.72,-0.35,24301.0,552627.0,65.74,3.8,26564836.0,69948607.383929
801742.SI,20210414,航空装备,8586.01,8806.4,8547.22,8770.27,125.85,1.46,22060.0,523197.0,66.7,3.85,26951575.0,70991908.042496
801742.SI,20210415,航空装备,8752.67,8828.54,8607.0,8737.21,-33.06,-0.38,21386.0,453255.0,66.31,3.84,26849968.0,70699791.459342
801742.SI,20210416,航空装备,8731.95,8828.83,8601.94,8722.81,-14.4,-0.16,30035.0,528667.0,65.76,3.82,26805717.0,70413405.167724
801742.SI,20210419,航空装备,8710.77,8951.56,8622.42,8902.5,179.69,2.06,38759.0,774805.0,67.11,3.9,27357922.0,71720608.703922
801742.SI,20210420,航空装备,8866.86,9058.36,8763.25,8919.52,17.02,0.19,45741.0,896907.0,66.74,3.92,27410235.0,71666963.624034
801742.SI,20210421,航空装备,8868.2,8970.18,8718.13,8802.8,-116.72,-1.31,39589.0,745797.0,65.87,3.87,27051536.0,70805262.68043
801742.SI,20210422,航空装备,8842.99,8972.96,8765.21,8840.51,37.71,0.43,32381.0,654162.0,66.15,3.89,27167435.0,71023093.177635
801742.SI,20210423,航空装备,8812.32,8897.04,8692.76,8782.19,-58.32,-0.66,29479.0,614629.0,65.83,3.84,26988214.0,70666742.467354
801742.SI,20210426,航空装备,8818.51,9025.72,8694.26,8764.37,-17.83,-0.2,39177.0,913230.0,65.94,3.83,26933435.0,70712226.511852
801742.SI,20210427,航空装备,8741.72,8794.94,8485.83,8585.64,-178.73,-2.04,32105.0,685741.0,64.49,3.76,26384192.0,69235763.718945
801742.SI,20210428,航空装备,8563.23,8721.32,8499.35,8662.47,76.83,0.89,27028.0,544511.0,64.41,3.77,26620296.0,70060438.829048
801742.SI,20210429,航空装备,8673.62,8876.0,8591.94,8727.97,65.5,0.76,28921.0,643343.0,64.62,3.8,26821596.0,70423550.746815
801742.SI,20210430,航空装备,8578.21,8614.96,8155.08,8268.29,-459.68,-5.27,49158.0,1315493.0,61.21,3.66,25408974.0,66639566.182873
801742.SI,20210506,航空装备,8219.92,8557.02,8156.84,8421.62,153.32,1.85,36956.0,944172.0,55.79,3.78,26406709.0,68228334.203455
801742.SI,20210507,航空装备,8404.45,8525.06,8244.89,8309.31,-112.31,-1.33,26686.0,596147.0,55.04,3.73,26054556.0,67347116.27735
801742.SI,20210510,航空装备,8288.93,8324.74,8072.08,8165.63,-143.68,-1.73,27504.0,564933.0,54.09,3.66,25604037.0,66261352.775035
801742.SI,20210511,航空装备,8140.45,8578.18,8102.88,8477.94,312.31,3.82,39667.0,961637.0,56.22,3.84,26954149.0,69033187.20183
801742.SI,20210512,航空装备,8410.65,8542.72,8312.45,8451.86,-26.08,-0.31,25400.0,567305.0,56.05,3.82,26871225.0,68659743.925111
801742.SI,20210513,航空装备,8391.6,8708.79,8340.64,8469.89,18.03,0.21,41516.0,791382.0,56.17,3.83,26928544.0,68660441.182451
801742.SI,20210514,航空装备,8484.73,8958.52,8393.66,8898.43,428.53,5.06,58702.0,1361089.0,59.01,4.03,28290994.0,72179471.199637
801742.SI,20210517,航空装备,8997.19,9195.25,8787.05,8899.81,1.38,0.02,51841.0,1273019.0,59.02,4.03,28295392.0,72333964.106203
801742.SI,20210518,航空装备,8845.67,9306.78,8709.53,9121.57,221.77,2.49,55854.0,1415526.0,60.49,4.13,29000455.0,74503358.412547
801742.SI,20210519,航空装备,9048.94,9194.82,8927.37,9055.46,-66.12,-0.72,38841.0,993277.0,60.05,4.1,28790251.0,74119069.437041
801742.SI,20210520,航空装备,9024.95,9286.04,8947.33,9073.15,17.69,0.2,38362.0,1018060.0,60.17,4.11,28846499.0,74205399.921108
801742.SI,20210521,航空装备,9108.43,9176.49,8802.13,8859.38,-213.77,-2.36,36010.0,891347.0,58.75,4.01,28166850.0,72361843.094739
801742.SI,20210524,航空装备,8851.85,9073.61,8807.77,8964.88,105.5,1.19,30725.0,720687.0,59.45,4.06,28526573.0,73248249.291297
801742.SI,20210525,航空装备,8957.56,9419.95,8859.29,9342.84,377.96,4.22,56748.0,1535354.0,61.95,4.23,29729269.0,76654087.507964
801742.SI,20210526,航空装备,9399.64,9626.92,9282.42,9394.08,51.24,0.55,58144.0,1525147.0,62.29,4.25,29892315.0,77106521.887366
801742.SI,20210527,航空装备,9381.62,9535.33,9283.72,9407.76,13.68,0.15,37325.0,939193.0,62.38,4.26,29935852.0,77271585.766088
801742.SI,20210528,航空装备,9383.49,9587.21,9280.02,9501.67,93.91,1.0,39992.0,1068602.0,63.01,4.3,30234670.0,78139147.400563
801742.SI,20210531,航空装备,9536.95,9881.22,9420.41,9810.59,308.92,3.25,53431.0,1545227.0,65.05,4.44,31217654.0,80566227.494739
801742.SI,20210601,航空装备,9784.89,9954.59,9619.01,9713.88,-96.7,-0.99,47865.0,1358434.0,65.33,4.53,32709760.0,79615479.160696
801742.SI,20210602,航空装备,9702.25,9872.61,9424.2,9497.07,-216.81,-2.23,44705.0,1217995.0,63.87,4.43,31979685.0,77810768.502606
801742.SI,20210603,航空装备,9482.05,9626.17,9286.99,9363.51,-133.57,-1.41,39565.0,1101374.0,62.97,4.36,31529927.0,76625889.447162
801742.SI,20210604,航空装备,9346.12,9621.59,9268.87,9481.23,117.72,1.26,47649.0,1171198.0,63.79,4.42,31929417.0,77749035.291805
801742.SI,20210607,航空装备,9550.88,9832.81,9460.92,9645.6,164.37,1.73,50107.0,1278170.0,64.9,4.5,32482971.0,79064505.062908
801742.SI,20210608,航空装备,9617.26,9948.92,9521.77,9878.54,232.94,2.41,67258.0,1556074.0,66.47,4.61,33267430.0,81031222.62415
801742.SI,20210609,航空装备,9999.33,10225.58,9817.37,10004.73,126.19,1.28,70726.0,1779558.0,67.32,4.67,33692387.0,82125143.80226
801742.SI,20210610,航空装备,9978.77,10145.08,9804.5,10010.52,5.78,0.06,65002.0,1499491.0,67.3,4.67,33763457.0,82192687.669362
801742.SI,20210611,航空装备,9993.59,10068.45,9447.12,9562.48,-448.03,-4.48,72798.0,1882646.0,64.28,4.47,32252335.0,78351143.236186
801742.SI,20210615,航空装备,9493.56,9758.07,9335.38,9576.19,13.71,0.14,60267.0,1410486.0,64.38,4.47,32298570.0,78396062.41267
801742.SI,20210616,航空装备,9548.13,9756.78,9272.21,9470.26,-105.93,-1.11,61362.0,1392473.0,63.66,4.42,31941293.0,77534363.454949
801742.SI,20210617,航空装备,9503.05,9679.59,9311.68,9516.64,46.38,0.49,51464.0,1105532.0,64.0,4.42,31833500.0,77927453.555738
801742.SI,20210618,航空装备,9525.85,9954.5,9437.33,9796.58,279.93,2.94,71939.0,1661717.0,65.88,4.55,32769889.0,80361863.957086
801742.SI,20210621,航空装备,9822.21,10413.39,9765.06,10337.49,540.91,5.52,100955.0,2287587.0,69.52,4.8,34579245.0,84868367.950968
801742.SI,20210622,航空装备,10376.85,10559.76,10090.45,10286.05,-51.44,-0.5,101208.0,2212605.0,69.17,4.78,34407187.0,84255769.901594
801742.SI,20210623,航空装备,10210.49,10428.32,10048.65,10252.41,-33.64,-0.33,77772.0,1814795.0,68.95,4.76,34294667.0,84090793.260702
801742.SI,20210624,航空装备,10239.81,10485.72,9999.41,10061.78,-190.63,-1.86,70152.0,1564567.0,66.06,4.56,32860746.0,79150764.823093
801742.SI,20210625,航空装备,9995.5,10230.74,9787.02,10131.88,70.1,0.7,59989.0,1380195.0,68.14,4.71,33891487.0,83048023.00369
801742.SI,20210628,航空装备,10191.06,10364.67,9998.32,10187.21,55.33,0.55,58021.0,1373188.0,68.51,4.73,34076561.0,83500694.755358
801742.SI,20210629,航空装备,10135.76,10325.18,9879.84,9925.59,-261.62,-2.57,55277.0,1338487.0,66.75,4.61,33201444.0,81751572.122622
801742.SI,20210630,航空装备,9918.08,10103.97,9774.75,10069.74,144.15,1.45,49267.0,1174978.0,67.72,4.68,33681114.0,82963034.784761
801742.SI,20210701,航空装备,10162.88,10239.83,9477.6,9503.79,-565.95,-5.62,62757.0,1578068.0,63.91,4.41,31788133.0,78224646.259945
801742.SI,20210702,航空装备,9447.11,9511.07,8980.02,9095.02,-408.77,-4.3,57876.0,1418868.0,61.17,4.22,30420885.0,74557486.705331
801742.SI,20210705,航空装备,9049.41,9340.48,8971.68,9180.78,85.76,0.94,40049.0,920297.0,62.0,4.28,30728271.0,74983596.761753
801742.SI,20210706,航空装备,9178.0,9365.04,9043.88,9283.63,102.85,1.12,45792.0,1009001.0,62.69,4.33,31078330.0,75867513.431687
801742.SI,20210707,航空装备,9208.22,9720.95,9137.68,9598.98,315.35,3.4,55893.0,1407522.0,64.82,4.48,32134018.0,78833625.383547
801742.SI,20210708,航空装备,9591.95,10272.03,9549.3,10086.32,487.34,5.08,88480.0,2169185.0,68.12,4.71,33765458.0,83082751.595326
801742.SI,20210709,航空装备,10082.72,10279.27,9829.23,9983.33,-103.0,-1.02,73500.0,1970496.0,67.42,4.66,33420665.0,82432915.329258
801742.SI,20210712,航空装备,10025.95,10287.03,9778.19,10058.95,75.62,0.76,65334.0,1711161.0,67.93,4.69,33673820.0,83220005.341262
801742.SI,20210713,航空装备,10063.93,10249.12,9871.49,10046.31,-12.64,-0.13,63552.0,1408863.0,67.85,4.69,33631516.0,83114043.372131
801742.SI,20210714,航空装备,9998.6,10090.9,9635.36,9753.6,-292.72,-2.91,57191.0,1462672.0,65.91,4.55,32629971.0,80488238.779804
801742.SI,20210715,航空装备,9736.99,9955.1,9574.89,9768.88,15.28,0.16,47820.0,1109375.0,66.01,4.56,32681093.0,80695116.816084
801742.SI,20210716,航空装备,9731.43,10492.88,9627.3,10313.83,544.96,5.58,105183.0,2709011.0,69.69,4.81,34504202.0,85334311.066718
801742.SI,20210719,航空装备,10417.46,10608.31,10112.42,10288.23,-25.6,-0.25,91891.0,2455782.0,69.52,4.8,34418569.0,85040754.299289
801742.SI,20210720,航空装备,10161.55,10604.64,10076.32,10471.16,182.92,1.78,74768.0,1997828.0,70.76,4.89,35030527.0,86475764.433944
801742.SI,20210721,航空装备,10445.06,10789.48,10324.99,10651.2,180.05,1.72,88436.0,2203558.0,71.97,4.97,35632862.0,88154295.433956
801742.SI,20210722,航空装备,10606.55,10784.82,10345.74,10629.62,-21.58,-0.2,80700.0,1988818.0,71.89,4.97,35571627.0,88194062.86011
801742.SI,20210723,航空装备,10601.48,11285.27,10381.53,10993.48,363.86,3.42,111744.0,3033992.0,74.35,5.14,36789263.0,91361206.790526
801742.SI,20210726,航空装备,11010.72,11628.86,10742.73,10923.33,-70.15,-0.64,130673.0,3893586.0,73.88,5.11,36554500.0,90482643.212292
801742.SI,20210727,航空装备,10865.23,11374.17,10581.44,10760.88,-162.45,-1.49,120182.0,3381004.0,72.78,5.03,36010870.0,88931368.378689
801742.SI,20210728,航空装备,10562.92,10669.0,9839.7,10111.67,-649.21,-6.03,89086.0,2248276.0,68.38,4.73,33843099.0,83583958.498286
801742.SI,20210729,航空装备,10280.56,10804.67,10187.87,10657.47,545.81,5.4,82808.0,2184684.0,72.07,4.97,35669885.0,88206220.203351
801742.SI,20210730,航空装备,10631.04,10881.33,10364.02,10635.01,-22.46,-0.21,72664.0,1926117.0,71.92,4.93,35594697.0,87809753.447738
801742.SI,20210802,航空装备,10706.33,11486.79,10553.58,11281.85,646.84,6.08,110448.0,3050655.0,76.29,5.23,37759643.0,93328479.464946
801742.SI,20210803,航空装备,11261.71,11593.72,10840.31,11100.64,-181.22,-1.61,92319.0,2581479.0,75.14,5.15,37190826.0,91925374.763072
801742.SI,20210804,航空装备,11093.8,11652.71,11028.66,11500.72,400.08,3.6,94143.0,2513659.0,77.85,5.34,38531225.0,95402954.2224
801742.SI,20210805,航空装备,11528.06,12347.74,11397.48,11973.69,472.97,4.11,152211.0,3940692.0,81.05,5.56,40115843.0,99128813.025165
801742.SI,20210806,航空装备,11933.27,12201.1,11616.31,12028.93,55.24,0.46,129723.0,2954560.0,81.5,5.59,40305224.0,99571319.274297
801742.SI,20210809,航空装备,12037.92,12446.76,11731.17,11950.1,-78.83,-0.66,104673.0,2567957.0,80.97,5.56,40041283.0,99010773.392123
801742.SI,20210810,航空装备,11880.68,12791.78,11818.03,12395.36,445.25,3.73,146805.0,3796588.0,83.99,5.77,41533196.0,102701688.10913
801742.SI,20210811,航空装备,12330.57,12637.8,12098.47,12347.63,-47.73,-0.39,141209.0,2892453.0,83.66,5.74,41373273.0,101953596.13173
801742.SI,20210812,航空装备,12284.0,12431.38,11753.09,11875.5,-472.13,-3.82,127135.0,2815938.0,80.46,5.52,39791311.0,97800974.349624
801742.SI,20210813,航空装备,11857.62,12247.71,11666.05,11916.7,41.2,0.35,123222.0,2508577.0,80.74,5.54,39929373.0,98085406.905111
801742.SI,20210816,航空装备,11842.56,12046.66,11548.72,11703.7,-213.0,-1.79,97421.0,1898270.0,79.32,5.44,39215784.0,96476538.157159
801742.SI,20210817,航空装备,11717.17,12052.25,11368.1,11593.12,-110.58,-0.94,126960.0,2519468.0,78.57,5.39,38845267.0,95409218.510175
801742.SI,20210818,航空装备,11541.78,12168.39,11444.11,11969.43,376.31,3.25,120936.0,2714568.0,81.12,5.56,40106178.0,98808881.164981
801742.SI,20210819,航空装备,11926.04,12527.3,11739.26,12300.18,330.75,2.76,131269.0,3036087.0,83.36,5.72,41214414.0,101327577.392976
801742.SI,20210820,航空装备,12192.82,12518.59,11879.33,12150.51,-149.67,-1.22,107693.0,2547420.0,82.35,5.65,40712904.0,99846272.613924
801742.SI,20210823,航空装备,12268.52,13000.97,12130.54,12750.74,600.24,4.94,133442.0,3424262.0,86.48,5.93,42724805.0,105271905.519549
801742.SI,20210824,航空装备,12303.49,12826.62,11899.25,12653.38,-97.36,-0.76,131932.0,3252881.0,85.82,5.89,42398564.0,104718301.514897
801742.SI,20210825,航空装备,12563.88,12813.67,12191.78,12411.76,-241.62,-1.91,97228.0,2131458.0,84.18,5.77,41588937.0,102761003.260377
801742.SI,20210826,航空装备,12354.89,12752.47,12135.57,12298.45,-113.31,-0.91,98369.0,2199960.0,83.25,5.69,41360556.0,101821838.630454
801742.SI,20210827,航空装备,12265.74,12371.67,11755.34,11991.23,-307.21,-2.5,107593.0,2342670.0,81.18,5.55,40327381.0,99324113.994864
801742.SI,20210830,航空装备,12162.52,12876.85,12072.82,12497.46,506.23,4.22,117108.0,3327208.0,84.6,5.79,42029868.0,103749180.356421
801742.SI,20210831,航空装备,12606.54,12923.96,12193.7,12523.51,26.04,0.21,105590.0,3088499.0,84.81,5.72,42680103.0,106811037.564303
801742.SI,20210901,航空装备,12574.61,12722.01,11614.37,11986.83,-536.68,-4.29,102703.0,2857644.0,71.53,5.47,40851092.0,102231301.115404
801742.SI,20210902,航空装备,11933.6,12242.88,11686.36,11983.98,-2.85,-0.02,75718.0,1814258.0,71.44,5.46,40885852.0,102347007.030439
801742.SI,20210903,航空装备,11938.57,12112.5,11222.19,11468.01,-515.97,-4.31,88737.0,2327772.0,68.37,5.23,39130811.0,97605819.869519
801742.SI,20210906,航空装备,11392.83,11714.41,11186.17,11628.77,160.76,1.4,66390.0,1580818.0,69.34,5.3,39679360.0,98806734.68357
801742.SI,20210907,航空装备,11615.91,12020.6,11487.08,11776.75,147.98,1.27,78761.0,1720209.0,70.26,5.37,40184283.0,99866933.87238
801742.SI,20210908,航空装备,11781.52,11921.5,11449.72,11627.99,-148.76,-1.26,73654.0,1575538.0,69.36,5.3,39676694.0,98548841.558464
801742.SI,20210909,航空装备,11597.19,12075.86,11337.39,11981.36,353.37,3.04,92074.0,2249302.0,71.55,5.47,40882459.0,101722747.49008
801742.SI,20210910,航空装备,11967.42,12107.82,11620.15,11802.81,-178.55,-1.49,73678.0,1922247.0,70.48,5.39,40273220.0,100129689.062568
801742.SI,20210913,航空装备,11788.59,11927.16,11447.99,11631.85,-170.96,-1.45,60400.0,1519318.0,69.48,5.32,39689886.0,98596407.089849
801742.SI,20210914,航空装备,11621.57,11939.33,11392.61,11462.22,-169.63,-1.46,63107.0,1569057.0,68.44,5.24,39111067.0,97188433.708853
801742.SI,20210915,航空装备,11407.76,11714.06,11175.29,11580.04,117.82,1.03,56150.0,1487860.0,69.14,5.29,39513582.0,98197885.249347
801742.SI,20210916,航空装备,11562.14,11779.93,11246.01,11303.56,-276.48,-2.39,59253.0,1481591.0,67.55,5.16,38622299.0,95699243.724725
801742.SI,20210917,航空装备,11327.84,11498.69,10704.91,11059.63,-243.93,-2.16,68442.0,1666144.0,66.07,5.05,37788818.0,93601998.537622
801742.SI,20210922,航空装备,10903.16,11462.78,10796.12,11283.5,223.88,2.02,51107.0,1266792.0,67.43,5.15,38553770.0,95449502.337885
801742.SI,20210923,航空装备,11314.26,11735.78,11174.71,11618.04,334.54,2.96,65500.0,1740675.0,69.48,5.31,39720047.0,98295131.456553
801742.SI,20210924,航空装备,11569.73,11738.1,11349.11,11480.93,-137.11,-1.18,48914.0,1241124.0,68.66,5.25,39251295.0,97124576.217826
801742.SI,20210927,航空装备,11399.1,11545.22,10764.1,11030.63,-450.3,-3.92,62328.0,1555919.0,66.08,5.04,37840163.0,93417331.356549
801742.SI,20210928,航空装备,11008.47,11381.31,10924.4,11176.14,145.51,1.32,41854.0,1149369.0,66.9,5.1,38339336.0,94634038.401315
801742.SI,20210929,航空装备,11080.0,11214.09,10574.22,10671.22,-504.92,-4.52,45461.0,1133955.0,63.88,4.87,36607212.0,90350636.17317
801742.SI,20210930,航空装备,10746.99,11014.15,10644.85,10801.41,130.2,1.22,34134.0,846061.0,64.67,4.93,37065763.0,91477417.88159
801742.SI,20211008,航空装备,10868.38,10975.83,10404.64,10546.34,-255.07,-2.36,37848.0,945288.0,63.15,4.81,36190458.0,89261577.810944
801742.SI,20211011,航空装备,10592.89,11290.77,10521.77,10926.59,380.25,3.61,74346.0,1627075.0,65.41,4.98,37495313.0,
801742.SI,20211012,航空装备,10804.09,10909.23,10379.22,10533.02,-393.57,-3.6,72696.0,1255061.0,63.06,4.8,36144749.0,
801742.SI,20211013,航空装备,10330.84,10619.85,10060.31,10524.12,-8.9,-0.08,54007.0,1132252.0,62.98,4.8,36116008.0,88803487.541872
801742.SI,20211014,航空装备,10468.9,11049.54,10416.37,10844.91,320.8,3.05,61785.0,1294908.0,64.89,4.94,37216901.0,91611428.912238
801742.SI,20211015,航空装备,10867.92,11038.44,10685.55,10829.3,-15.62,-0.14,49779.0,962562.0,64.78,4.94,37163313.0,91547785.389727
801742.SI,20211018,航空装备,10828.97,11211.74,10764.09,11068.25,238.95,2.21,56288.0,1227430.0,66.25,5.05,37983333.0,93600138.577195
801742.SI,20211019,航空装备,11035.59,11155.36,10827.89,11014.02,-54.23,-0.49,46353.0,960939.0,65.93,5.02,37797223.0,93037800.272909
801742.SI,20211020,航空装备,11012.67,11302.65,10904.25,11180.2,166.18,1.51,50894.0,1137933.0,66.91,5.1,38367515.0,94525196.748801
801742.SI,20211021,航空装备,11123.34,11214.67,10880.4,11034.24,-145.96,-1.31,46997.0,966519.0,65.88,5.01,38232623.0,93302579.870107
801742.SI,20211022,航空装备,11006.95,11177.81,10845.17,11002.21,-32.03,-0.29,43134.0,877979.0,65.66,5.0,38121646.0,93167663.370907
801742.SI,20211025,航空装备,11037.69,11396.54,10879.2,11289.92,287.7,2.61,53650.0,1308006.0,67.66,5.11,39125037.0,96097817.652788
801742.SI,20211026,航空装备,11211.99,11456.87,11042.75,11222.67,-67.25,-0.6,47750.0,1165848.0,67.03,5.04,38891996.0,95591665.959586
801742.SI,20211027,航空装备,11441.67,11645.06,11186.78,11364.38,141.71,1.26,54569.0,1377253.0,67.87,5.06,39383101.0,96801188.661141
801742.SI,20211028,航空装备,11286.15,11541.82,11021.46,11157.18,-207.2,-1.82,50764.0,1259651.0,66.59,4.94,38665054.0,95394225.643232
801742.SI,20211029,航空装备,11158.08,11737.13,11047.23,11612.06,454.87,4.08,62567.0,1675230.0,69.31,5.15,40249255.0,99306634.329292
801742.SI,20211101,航空装备,11692.36,12054.72,11513.19,11778.18,166.12,1.43,61849.0,1705041.0,65.97,5.19,40810423.0,100570283.506301
801742.SI,20211102,航空装备,11902.73,12319.01,11775.1,12057.62,279.44,2.37,95329.0,2219196.0,67.5,5.31,41929635.0,102895954.299724
801742.SI,20211103,航空装备,11901.88,12068.39,11615.17,11902.09,-155.53,-1.29,63341.0,1457756.0,66.64,5.24,41388795.0,101516045.396748
801742.SI,20211104,航空装备,11887.46,12206.17,11764.98,12104.0,201.91,1.7,64901.0,1440601.0,67.78,5.33,42090913.0,103239850.217968
801742.SI,20211105,航空装备,12077.74,12275.13,11836.29,11936.56,-167.44,-1.38,62409.0,1231870.0,66.84,5.26,41508660.0,101623865.059841
801742.SI,20211108,航空装备,11877.13,12129.36,11674.83,12040.69,104.13,0.87,57400.0,1104962.0,67.44,5.3,41870755.0,102497922.627433
801742.SI,20211109,航空装备,11976.94,12599.09,11883.5,12381.81,341.12,2.83,89403.0,2075889.0,69.33,5.45,43056996.0,105656923.150495
801742.SI,20211110,航空装备,12379.04,12690.18,12194.91,12392.8,10.99,0.09,71742.0,1602559.0,69.33,5.45,43151608.0,105602323.448912
801742.SI,20211111,航空装备,12337.54,12537.03,12173.25,12354.68,-38.13,-0.31,53798.0,1233519.0,69.13,5.44,43018845.0,105364008.613799
801742.SI,20211112,航空装备,12346.17,12965.93,12297.04,12825.59,470.91,3.81,82925.0,2114802.0,71.78,5.65,44658556.0,109372006.221585
801742.SI,20211115,航空装备,12855.37,13255.85,12496.35,12634.9,-190.69,-1.49,75840.0,2139903.0,70.71,5.56,43994571.0,107487969.596342
801742.SI,20211116,航空装备,12558.88,12830.27,11984.54,12065.1,-569.79,-4.51,77912.0,2074778.0,67.5,5.31,42010555.0,102594435.25902
801742.SI,20211117,航空装备,12064.47,12486.25,11839.23,12339.96,274.86,2.28,60645.0,1623669.0,69.1,5.44,43020843.0,104889383.278789
801742.SI,20211118,航空装备,12310.26,12944.96,12116.06,12735.09,395.13,3.2,72733.0,1902440.0,71.32,5.62,44398400.0,108170432.612133
801742.SI,20211119,航空装备,12757.91,12965.52,12535.47,12753.44,18.35,0.14,52804.0,1496730.0,71.37,5.62,44466625.0,108398249.16328
801742.SI,20211122,航空装备,12757.91,12985.13,12514.34,12832.11,78.67,0.62,57319.0,1507780.0,71.83,5.67,44835157.0,109000926.86806
801742.SI,20211123,航空装备,12827.24,12973.65,12541.67,12715.06,-117.05,-0.91,57694.0,1415075.0,71.2,5.61,44426173.0,107857143.437207
801742.SI,20211124,航空装备,12705.21,12943.06,12364.9,12475.23,-239.83,-1.89,58592.0,1501625.0,69.84,5.5,43603822.0,105836767.808289
801742.SI,20211125,航空装备,12429.91,12668.21,12220.19,12337.39,-137.85,-1.1,47173.0,1250690.0,69.06,5.44,43122017.0,104750402.144537
801742.SI,20211126,航空装备,12324.67,12679.17,12251.45,12419.22,81.83,0.66,44883.0,1183684.0,69.53,5.48,43408049.0,105407030.184078
801742.SI,20211129,航空装备,12300.26,13042.58,12222.83,12895.71,476.49,3.84,65067.0,1872993.0,72.21,5.69,45086254.0,109413825.568484
801742.SI,20211130,航空装备,12943.75,13468.73,12825.12,13143.75,248.04,1.92,78489.0,2251492.0,73.68,5.81,46099275.0,111298000.680879
801742.SI,20211201,航空装备,13107.45,13258.15,12765.52,12962.33,-181.42,-1.38,61663.0,1604430.0,72.67,5.73,45462979.0,109944530.991465
801742.SI,20211202,航空装备,12971.91,13117.32,12661.86,12851.1,-111.23,-0.86,51996.0,1387593.0,72.06,5.69,45064154.0,109069505.860639
801742.SI,20211203,航空装备,12885.62,13392.07,12809.86,13246.51,395.41,3.08,71760.0,1852067.0,74.29,5.86,46450730.0,112290805.865611
801742.SI,20211206,航空装备,13214.6,13513.71,12954.36,13171.05,-75.47,-0.57,66747.0,1670345.0,73.88,5.83,46223828.0,111589654.734815
801742.SI,20211207,航空装备,13178.87,13297.81,12421.84,12615.47,-555.58,-4.22,71597.0,1894441.0,70.77,5.58,44274023.0,106825072.921336
801742.SI,20211208,航空装备,12634.14,12968.89,12486.03,12827.08,211.61,1.68,59697.0,1489022.0,71.95,5.68,45016654.0,108669492.760327
801742.SI,20211209,航空装备,12787.63,12977.62,12459.68,12639.14,-187.94,-1.47,75145.0,1615605.0,70.89,5.6,44423944.0,106996973.998272
801742.SI,20211210,航空装备,12586.29,12776.64,12377.56,12584.48,-54.65,-0.43,59795.0,1438771.0,70.58,5.57,44231848.0,106470780.778991
801742.SI,20211213,航空装备Ⅱ,12543.91,12724.53,12213.32,12569.92,-14.56,-0.12,59107.0,1577067.0,77.27,6.0,46802605.0,108084173.63305
801742.SI,20211214,航空装备Ⅱ,12508.53,13015.66,12426.31,12791.93,222.01,1.77,63960.0,1731698.0,78.64,6.11,47629244.0,110042973.591569
801742.SI,20211215,航空装备Ⅱ,12759.59,12926.97,12570.84,12685.74,-106.2,-0.83,46053.0,1204029.0,77.99,6.06,47233837.0,109102387.347844
801742.SI,20211216,航空装备Ⅱ,12693.69,12947.5,12575.88,12751.39,65.65,0.52,42591.0,1126003.0,78.39,6.09,47478281.0,109805079.067569
801742.SI,20211217,航空装备Ⅱ,12737.31,12896.14,12439.4,12511.19,-240.2,-1.88,45809.0,1208773.0,76.91,5.97,46583942.0,107628898.599561
801742.SI,20211220,航空装备Ⅱ,12396.99,12654.06,12093.18,12149.89,-361.3,-2.89,44224.0,1206076.0,74.69,5.8,45238688.0,104459651.298818
801742.SI,20211221,航空装备Ⅱ,12180.76,12376.35,11932.7,12205.97,56.08,0.46,36742.0,993524.0,75.04,5.83,45449359.0,105076299.397682
801742.SI,20211222,航空装备Ⅱ,12213.17,12456.38,12028.05,12239.76,33.79,0.28,36562.0,980212.0,75.24,5.84,45590168.0,105296383.040812
801742.SI,20211223,航空装备Ⅱ,12231.43,12522.27,12064.63,12317.82,78.06,0.64,41140.0,1096950.0,75.72,5.88,45880918.0,105937956.594533
801742.SI,20211224,航空装备Ⅱ,12295.88,12526.6,12105.87,12267.73,-50.09,-0.41,37641.0,1020010.0,75.41,5.86,45694359.0,105472966.422976
801742.SI,20211227,航空装备Ⅱ,12242.05,12448.86,12040.4,12200.42,-67.32,-0.55,32341.0,877391.0,75.0,5.82,45443617.0,104753859.316267
801742.SI,20211228,航空装备Ⅱ,12198.77,12366.94,11961.98,12218.92,18.5,0.15,33593.0,941648.0,75.08,5.83,45746664.0,104927314.368508
801742.SI,20211229,航空装备Ⅱ,12224.49,12629.35,12160.81,12440.51,221.59,1.81,43086.0,1324815.0,76.44,5.94,46576283.0,106652469.491998
801742.SI,20211230,航空装备Ⅱ,12413.84,13032.57,12327.38,12862.59,422.08,3.39,61304.0,1905853.0,79.04,6.14,48156528.0,110337318.112424
801742.SI,20211231,航空装备Ⅱ,12933.51,13190.1,12736.24,12966.49,103.89,0.81,54098.0,1614647.0,79.67,6.19,48549601.0,111082789.828462
801742.SI,20220104,航空装备Ⅱ,12990.62,13271.43,12695.33,12908.55,-57.94,-0.45,53679.0,1670972.0,79.32,6.16,48332656.0,110583732.119339
801742.SI,20220105,航空装备Ⅱ,12879.17,13008.93,12022.01,12136.04,-772.51,-5.98,65520.0,1963456.0,74.57,5.79,45440210.0,103863837.266632
801742.SI,20220106,航空装备Ⅱ,12075.59,12249.17,11660.55,11913.14,-222.89,-1.84,48690.0,1518830.0,73.2,5.68,44605638.0,101966477.351688
801742.SI,20220107,航空装备Ⅱ,11932.46,12114.8,11610.71,11686.35,-226.8,-1.9,44727.0,1271029.0,71.81,5.58,43756457.0,99905333.12648
801742.SI,20220110,航空装备Ⅱ,11639.33,11824.87,11388.56,11569.24,-117.11,-1.0,38640.0,1058155.0,71.09,5.52,43317969.0,99054320.304215
801742.SI,20220111,航空装备Ⅱ,11595.69,11726.55,11143.75,11253.05,-316.19,-2.73,42705.0,1285345.0,69.14,5.37,42134078.0,96242011.451253
801742.SI,20220112,航空装备Ⅱ,11279.02,11621.28,11207.28,11540.45,287.4,2.55,38278.0,1122274.0,70.91,5.51,43210181.0,98671653.890794
801742.SI,20220113,航空装备Ⅱ,11510.87,11593.14,11131.76,11230.53,-309.92,-2.69,36667.0,1013476.0,69.0,5.36,42024241.0,96084314.773937
801742.SI,20220114,航空装备Ⅱ,11196.41,11493.99,11033.05,11237.44,6.91,0.06,35850.0,1027971.0,69.04,5.36,42050111.0,95945191.212924
801742.SI,20220117,航空装备Ⅱ,11230.9,11534.8,11120.01,11406.7,169.26,1.51,35344.0,1015874.0,70.07,5.44,42727997.0,97454801.157779
801742.SI,20220118,航空装备Ⅱ,11394.99,11596.22,11208.07,11382.5,-24.2,-0.21,38157.0,1039286.0,69.92,5.43,42637364.0,97362502.987368
801742.SI,20220119,航空装备Ⅱ,11360.42,11416.73,10876.93,11033.03,-349.47,-3.07,42472.0,1173767.0,67.78,5.26,41328300.0,94249577.261092
801742.SI,20220120,航空装备Ⅱ,11056.72,11113.13,10542.35,10649.97,-383.06,-3.47,54115.0,1414967.0,65.42,5.08,39893400.0,91022640.100664
801742.SI,20220121,航空装备Ⅱ,10428.12,10537.97,10053.59,10265.06,-384.92,-3.61,65016.0,1759404.0,63.06,4.9,38451553.0,87665534.011141
801742.SI,20220124,航空装备Ⅱ,10253.0,10542.64,10099.02,10391.18,126.12,1.23,41450.0,1114822.0,63.83,4.96,38923980.0,88676260.315696
801742.SI,20220125,航空装备Ⅱ,10469.21,10728.44,10212.23,10257.76,-133.41,-1.28,52440.0,1257996.0,63.01,4.89,38424233.0,87536291.372244
801742.SI,20220126,航空装备Ⅱ,10303.99,10514.23,10098.29,10306.16,48.39,0.47,39432.0,1022549.0,63.31,4.92,38605507.0,87952183.582403
801742.SI,20220127,航空装备Ⅱ,10293.98,10440.52,9982.98,10010.65,-295.5,-2.87,37624.0,920660.0,61.5,4.78,37498596.0,85481005.046612
801742.SI,20220128,航空装备Ⅱ,10120.85,10306.66,9841.95,10068.07,57.41,0.57,38218.0,922590.0,61.85,4.8,37713653.0,85827240.941468
801742.SI,20220207,航空装备Ⅱ,10229.0,10336.36,9912.78,10042.09,-25.98,-0.26,36507.0,842305.0,61.69,4.79,37616353.0,85646750.214776
801742.SI,20220208,航空装备Ⅱ,10060.59,10167.01,9734.98,10059.02,16.93,0.17,39013.0,927192.0,61.83,4.8,37753126.0,85825956.058239
801742.SI,20220209,航空装备Ⅱ,10038.53,10348.61,9937.3,10279.5,220.48,2.19,39088.0,963685.0,63.19,4.9,38580631.0,87734325.735501
801742.SI,20220210,航空装备Ⅱ,10278.15,10405.25,10122.29,10219.98,-59.52,-0.58,28849.0,711549.0,62.82,4.87,38357246.0,87295243.830256
801742.SI,20220211,航空装备Ⅱ,10174.63,10242.3,9888.71,9948.74,-271.24,-2.65,29321.0,735446.0,61.15,4.74,37339230.0,84963070.08086
801742.SI,20220214,航空装备Ⅱ,9951.12,10308.93,9875.88,10053.72,104.98,1.06,38167.0,930754.0,61.8,4.79,37733782.0,85876189.449119
801742.SI,20220215,航空装备Ⅱ,10049.45,10368.55,9991.74,10305.94,252.23,2.51,33709.0,882608.0,63.35,4.91,38680452.0,88052756.316248
801742.SI,20220216,航空装备Ⅱ,10226.26,10315.16,10078.28,10188.86,-117.08,-1.14,27299.0,749215.0,62.63,4.86,38242476.0,86893763.44237
801742.SI,20220217,航空装备Ⅱ,10152.29,10396.49,10047.94,10284.51,95.65,0.94,35749.0,895298.0,63.22,4.9,38601473.0,87763547.677164
801742.SI,20220218,航空装备Ⅱ,10219.24,10300.02,10087.31,10232.84,-51.67,-0.5,27004.0,623097.0,62.9,4.88,38407537.0,87280734.981694
801742.SI,20220221,航空装备Ⅱ,10236.95,10427.3,10117.89,10239.44,6.6,0.06,34828.0,748245.0,62.94,4.89,38529020.0,87286092.461144
801742.SI,20220222,航空装备Ⅱ,10347.81,10431.55,9961.67,10120.04,-119.4,-1.17,40116.0,969947.0,62.21,4.83,38079728.0,86238455.777536
801742.SI,20220223,航空装备Ⅱ,10068.48,10583.17,10020.07,10505.45,385.41,3.81,50005.0,1395657.0,64.58,5.01,39529958.0,89577926.205866
801742.SI,20220224,航空装备Ⅱ,10476.3,11045.61,10324.01,10692.77,187.32,1.78,107463.0,2488801.0,65.74,5.1,40252922.0,91287293.677945
801742.SI,20220225,航空装备Ⅱ,10529.48,10789.48,10411.05,10633.1,-59.67,-0.56,65380.0,1431224.0,65.37,5.07,40028291.0,90747438.539749
801742.SI,20220228,航空装备Ⅱ,10733.48,10942.27,10568.89,10724.53,91.43,0.86,51500.0,1265564.0,65.94,5.12,40372488.0,91524574.233585
801742.SI,20220301,航空装备Ⅱ,10763.76,11118.33,10684.3,11002.48,277.95,2.59,65207.0,1633280.0,67.64,5.25,41418835.0,94063912.987122
801742.SI,20220302,航空装备Ⅱ,10997.83,11073.68,10777.63,10891.98,-110.51,-1.0,48864.0,1124430.0,66.97,5.2,41003992.0,93074733.703999
801742.SI,20220303,航空装备Ⅱ,10893.47,10931.31,10517.86,10593.51,-298.46,-2.74,50155.0,1151582.0,65.15,5.05,39907765.0,90484926.488764
801742.SI,20220304,航空装备Ⅱ,10542.5,10707.65,10256.41,10344.07,-249.45,-2.35,45600.0,1038074.0,63.62,4.93,38968048.0,88309298.132861
801742.SI,20220307,航空装备Ⅱ,10403.66,10558.28,10086.42,10205.32,-138.74,-1.34,45125.0,1077818.0,62.76,4.87,38445383.0,87149268.958985
801742.SI,20220308,航空装备Ⅱ,10165.79,10349.26,9704.9,9764.97,-440.36,-4.31,50482.0,1258565.0,60.06,4.66,36786478.0,83293208.564199
801742.SI,20220309,航空装备Ⅱ,9780.36,9889.32,9005.82,9546.32,-218.65,-2.24,60045.0,1439808.0,58.71,4.55,35962800.0,81470342.895647
801742.SI,20220310,航空装备Ⅱ,9744.22,10042.23,9646.44,9856.79,310.46,3.25,48210.0,1206536.0,60.65,4.7,37218557.0,84123295.855182
801742.SI,20220311,航空装备Ⅱ,9747.02,9965.02,9536.79,9907.89,51.11,0.52,37452.0,912448.0,60.97,4.73,37411534.0,84726528.420849
801742.SI,20220314,航空装备Ⅱ,9834.72,10273.57,9723.03,9931.14,23.25,0.23,50289.0,1256009.0,61.11,4.74,37499323.0,85236221.375874
801742.SI,20220315,航空装备Ⅱ,9881.94,10095.53,9509.93,9544.08,-387.06,-3.9,50779.0,1285778.0,58.14,4.47,36037804.0,82010482.886685
801742.SI,20220316,航空装备Ⅱ,9662.76,9963.22,9226.2,9858.23,314.15,3.29,53934.0,1365058.0,60.15,4.6,37224005.0,84677060.801792
801742.SI,20220317,航空装备Ⅱ,9933.78,10209.71,9750.9,9902.36,44.13,0.45,49403.0,1302613.0,60.42,4.62,37390643.0,84941147.685149
801742.SI,20220318,航空装备Ⅱ,9849.57,9951.65,9625.61,9801.04,-101.32,-1.02,34536.0,815568.0,59.8,4.58,37008202.0,84013734.018349
801742.SI,20220321,航空装备Ⅱ,9813.48,10040.46,9691.77,9868.89,67.85,0.69,34402.0,846228.0,60.63,4.61,37326994.0,84627816.196499
801742.SI,20220322,航空装备Ⅱ,9981.68,10105.03,9688.46,9780.62,-88.27,-0.89,48020.0,917927.0,60.23,4.57,37046485.0,84206767.658238
801742.SI,20220323,航空装备Ⅱ,9729.7,10270.88,9650.55,10086.81,306.19,3.13,67658.0,1507731.0,62.12,4.71,38206254.0,87089365.977003
801742.SI,20220324,航空装备Ⅱ,9978.16,10172.45,9807.04,9976.14,-110.67,-1.1,49128.0,1078312.0,61.44,4.66,37787079.0,86214853.625574
801742.SI,20220325,航空装备Ⅱ,9982.44,10278.76,9851.07,9938.34,-37.8,-0.38,46223.0,1070870.0,61.17,4.65,37608401.0,86026596.209996
801742.SI,20220328,航空装备Ⅱ,9826.57,9903.82,9537.74,9680.16,-258.18,-2.6,35882.0,840068.0,59.58,4.53,36631407.0,83903523.293162
801742.SI,20220329,航空装备Ⅱ,9834.33,10180.46,9688.07,9807.45,127.29,1.31,47972.0,1327683.0,61.82,4.58,37113101.0,84903531.585109
801742.SI,20220330,航空装备Ⅱ,9842.88,10041.26,9706.35,9950.3,142.85,1.46,35216.0,932260.0,62.87,4.65,37653655.0,86195786.185255
801742.SI,20220331,航空装备Ⅱ,9897.79,9949.19,9524.4,9635.49,-314.81,-3.16,40053.0,972718.0,61.13,4.46,36462360.0,83494857.316242
801742.SI,20220401,航空装备Ⅱ,9570.58,9720.75,9457.88,9562.03,-73.46,-0.76,29940.0,761628.0,60.67,4.43,36184384.0,82855405.651306
801742.SI,20220406,航空装备Ⅱ,9546.62,9592.29,9153.08,9285.25,-276.78,-2.89,35729.0,933983.0,58.66,4.24,35160302.0,80338528.03627
801742.SI,20220407,航空装备Ⅱ,9263.54,9501.17,9104.74,9182.12,-103.14,-1.11,38494.0,858122.0,58.05,4.19,34803279.0,79616332.097037
801742.SI,20220408,航空装备Ⅱ,9171.29,9261.45,8904.37,9052.61,-129.51,-1.41,37984.0,833602.0,57.32,4.13,34312398.0,78380078.044906
801742.SI,20220411,航空装备Ⅱ,8999.57,9016.07,8547.43,8621.75,-430.86,-4.76,41673.0,913272.0,54.92,3.92,32679287.0,74613733.492447
801742.SI,20220412,航空装备Ⅱ,8580.74,8748.31,8351.98,8663.94,42.2,0.49,39200.0,871207.0,54.91,3.98,32104244.0,74813862.976578
801742.SI,20220413,航空装备Ⅱ,8600.43,8669.03,8400.34,8452.3,-211.64,-2.44,28523.0,604929.0,53.57,3.88,31320009.0,73023210.087662
801742.SI,20220414,航空装备Ⅱ,8496.02,8603.19,8346.09,8495.18,42.88,0.51,28954.0,646698.0,53.84,3.9,31478889.0,73520308.475383
801742.SI,20220415,航空装备Ⅱ,8444.84,8577.37,8223.05,8445.42,-49.76,-0.59,36074.0,781500.0,53.53,3.88,31294488.0,73311012.607082
801742.SI,20220418,航空装备Ⅱ,8385.12,8748.36,8288.25,8684.56,239.15,2.83,36160.0,802545.0,55.21,3.97,32174774.0,75383655.767836
801742.SI,20220419,航空装备Ⅱ,8664.28,8847.26,8584.51,8704.22,19.66,0.23,31468.0,672790.0,55.33,3.98,32247613.0,75606655.472796
801742.SI,20220420,航空装备Ⅱ,8697.39,8800.28,8479.92,8548.95,-155.28,-1.78,29069.0,611232.0,54.23,3.91,31672335.0,74385874.766087
801742.SI,20220421,航空装备Ⅱ,8512.08,8689.06,8219.72,8268.04,-280.9,-3.29,33588.0,661030.0,52.45,3.78,30631639.0,72014823.113265
801742.SI,20220422,航空装备Ⅱ,8204.87,8329.44,7987.45,8141.62,-126.42,-1.53,31902.0,617925.0,51.65,3.72,30163257.0,70965436.696073
801742.SI,20220425,航空装备Ⅱ,8032.38,8065.49,7422.09,7459.28,-682.34,-8.38,44686.0,834740.0,47.15,3.4,27635308.0,65062335.352226
801742.SI,20220426,航空装备Ⅱ,7433.03,7551.51,6991.4,7069.17,-390.11,-5.23,48074.0,877585.0,44.9,3.21,26190012.0,61564848.667101
801742.SI,20220427,航空装备Ⅱ,6978.58,7664.66,6901.65,7611.85,542.68,7.68,50136.0,929152.0,48.47,3.41,28998082.0,66290319.166016
801742.SI,20220428,航空装备Ⅱ,7555.85,7896.4,7453.87,7700.32,88.47,1.16,38888.0,826673.0,49.25,3.43,29335136.0,67090524.011961
801742.SI,20220429,航空装备Ⅱ,7739.51,8232.5,7650.11,8168.79,468.47,6.08,44326.0,1007412.0,51.83,3.63,31119822.0,71222773.29566
801742.SI,20220505,航空装备Ⅱ,8140.21,8682.62,8049.17,8462.94,294.15,3.6,52234.0,1283159.0,51.27,3.75,32240444.0,73935378.392434
801742.SI,20220506,航空装备Ⅱ,8255.87,8593.91,8176.66,8428.81,-34.13,-0.4,43619.0,850225.0,51.06,3.74,32110410.0,73710518.654498
801742.SI,20220509,航空装备Ⅱ,8391.95,8834.74,8333.59,8718.31,289.51,3.43,43594.0,939919.0,52.83,3.86,33236721.0,76285020.012085
801742.SI,20220510,航空装备Ⅱ,8585.77,8895.5,8518.53,8735.89,17.58,0.2,43231.0,964529.0,52.94,3.87,33303729.0,76464156.693218
801742.SI,20220511,航空装备Ⅱ,8853.36,9030.37,8597.47,8649.95,-85.94,-0.98,49357.0,1119432.0,52.42,3.83,32976091.0,75639786.741206
801742.SI,20220512,航空装备Ⅱ,8585.55,8861.44,8534.06,8730.52,80.57,0.93,38152.0,751535.0,52.9,3.87,33290414.0,76443123.714322
801742.SI,20220513,航空装备Ⅱ,8759.11,8878.73,8635.37,8766.51,35.99,0.41,31548.0,605239.0,53.12,3.88,33427665.0,76599910.009336
801742.SI,20220516,航空装备Ⅱ,8910.85,9054.16,8702.92,8775.29,8.77,0.1,37243.0,731654.0,53.17,3.89,33461123.0,76582810.332406
801742.SI,20220517,航空装备Ⅱ,8751.98,8941.12,8584.61,8849.0,73.71,0.84,33319.0,686148.0,53.64,3.92,33784628.0,77299212.132249
801742.SI,20220518,航空装备Ⅱ,8854.24,9049.7,8730.86,8901.4,52.4,0.59,37659.0,749011.0,53.97,3.94,34011206.0,77752056.172969
801742.SI,20220519,航空装备Ⅱ,8768.03,9004.94,8679.26,8946.16,44.76,0.5,42522.0,747757.0,53.09,3.89,33583278.0,76779855.433401
801742.SI,20220520,航空装备Ⅱ,8974.56,9098.08,8752.94,8902.19,-43.97,-0.49,49703.0,898365.0,53.89,3.95,34089753.0,77783464.209915
801742.SI,20220523,航空装备Ⅱ,8833.56,8939.27,8633.79,8853.42,-48.76,-0.55,42002.0,858224.0,53.6,3.93,33903018.0,77317500.121107
801742.SI,20220524,航空装备Ⅱ,8860.6,9136.08,8513.64,8545.12,-308.3,-3.48,62952.0,1277648.0,51.73,3.79,32722406.0,74520478.896815
801742.SI,20220525,航空装备Ⅱ,8514.88,8753.83,8456.23,8687.01,141.89,1.66,41241.0,786029.0,52.59,3.85,33265756.0,75762333.788786
801742.SI,20220526,航空装备Ⅱ,8671.78,9206.95,8623.77,9004.47,317.46,3.65,85326.0,1712238.0,54.56,4.0,34540352.0,78489877.806416
801742.SI,20220527,航空装备Ⅱ,9001.11,9198.8,8787.08,8959.26,-45.21,-0.5,43525.0,974461.0,54.29,3.98,34366918.0,78112157.852069
801742.SI,20220530,航空装备Ⅱ,8920.1,9137.5,8782.87,9068.76,109.5,1.22,37858.0,846244.0,54.95,4.03,34797799.0,79034979.592574
801742.SI,20220531,航空装备Ⅱ,8959.73,9183.2,8849.47,9102.11,33.36,0.37,35874.0,810863.0,55.15,4.04,34925788.0,79428837.404888
801742.SI,20220601,航空装备Ⅱ,9022.88,9349.0,8937.05,9203.08,100.97,1.11,40314.0,1011748.0,55.76,4.09,35307999.0,80372404.197437
801742.SI,20220602,航空装备Ⅱ,9091.37,9418.68,9020.64,9331.52,128.44,1.4,36133.0,893656.0,56.54,4.14,35800760.0,81447656.842996
801742.SI,20220606,航空装备Ⅱ,9247.67,9559.17,9144.22,9462.57,131.05,1.4,42041.0,1077720.0,57.34,4.2,36303542.0,82547395.747287
801742.SI,20220607,航空装备Ⅱ,9373.14,9671.2,9257.51,9493.11,30.54,0.32,38879.0,1030243.0,57.52,4.22,36420718.0,82951760.279779
801742.SI,20220608,航空装备Ⅱ,9407.06,9555.14,9075.64,9335.77,-157.34,-1.66,41534.0,1060101.0,56.57,4.15,35817059.0,81476513.390449
801742.SI,20220609,航空装备Ⅱ,9277.21,9388.24,9009.31,9112.47,-223.3,-2.39,34959.0,897921.0,55.21,4.05,34960359.0,79570649.131983
801742.SI,20220610,航空装备Ⅱ,9062.26,9496.21,9019.76,9424.36,311.89,3.42,53694.0,1232085.0,57.1,4.19,36156937.0,82337428.939868
801742.SI,20220613,航空装备Ⅱ,9482.87,9724.95,9315.8,9549.94,125.58,1.33,64012.0,1577082.0,57.87,4.24,36638732.0,83344720.990747
801742.SI,20220614,航空装备Ⅱ,9418.28,9499.59,9059.19,9312.88,-237.06,-2.48,81453.0,1575425.0,56.43,4.14,35729259.0,81067598.863165
801742.SI,20220615,航空装备Ⅱ,9323.4,9610.44,9228.29,9313.73,0.85,0.01,72914.0,1426106.0,56.43,4.14,35732520.0,81176872.20786
801742.SI,20220616,航空装备Ⅱ,9288.97,9551.28,9191.43,9333.84,20.11,0.22,50566.0,1075058.0,56.56,4.15,35809676.0,81332998.156465
801742.SI,20220617,航空装备Ⅱ,9263.04,9457.83,9106.45,9364.38,30.53,0.33,53580.0,1148712.0,56.74,4.16,35926823.0,81529598.374314
801742.SI,20220620,航空装备Ⅱ,9380.67,9652.12,9281.16,9534.39,170.02,1.82,50380.0,1240477.0,57.78,4.24,36580689.0,82956252.114109
801742.SI,20220621,航空装备Ⅱ,9548.44,9602.78,9170.97,9291.04,-243.36,-2.55,46688.0,1096323.0,56.3,4.13,35647001.0,80830920.120092
801742.SI,20220622,航空装备Ⅱ,9302.24,9424.68,9078.37,9123.07,-167.97,-1.81,35881.0,866941.0,55.29,4.05,35002548.0,79417306.02658
801742.SI,20220623,航空装备Ⅱ,9109.07,9764.83,9044.22,9722.05,598.98,6.57,72574.0,1837932.0,58.92,4.32,37305503.0,84763338.82562
801742.SI,20220624,航空装备Ⅱ,9811.31,10292.54,9762.42,10059.63,337.58,3.47,80243.0,2225468.0,60.96,4.47,38600264.0,87548389.95342
801742.SI,20220627,航空装备Ⅱ,10120.84,10245.03,9878.18,10046.75,-12.89,-0.13,52800.0,1440733.0,60.9,4.46,38573746.0,87451579.636981
801742.SI,20220628,航空装备Ⅱ,10057.47,10467.5,10014.23,10315.01,268.26,2.67,64131.0,1673802.0,62.52,4.58,39603711.0,89692882.723226
801742.SI,20220629,航空装备Ⅱ,10254.73,10426.11,9979.46,10018.0,-297.01,-2.88,55406.0,1306348.0,60.72,4.45,38466798.0,87168157.308216
801742.SI,20220630,航空装备Ⅱ,10017.94,10249.34,9893.3,10087.56,69.56,0.69,44360.0,1163298.0,61.15,4.48,38733901.0,87841490.351378
801742.SI,20220701,航空装备Ⅱ,10077.51,10336.57,9906.45,10034.34,-53.22,-0.53,42444.0,1137686.0,60.82,4.46,38528539.0,87434003.486579
801742.SI,20220704,航空装备Ⅱ,10093.33,10534.26,9910.13,10406.14,371.81,3.71,58950.0,1565361.0,63.08,4.62,39956148.0,90688333.86675
801742.SI,20220705,航空装备Ⅱ,10392.36,10510.48,10104.75,10375.86,-30.29,-0.29,52091.0,1292367.0,62.89,4.61,39839860.0,90300484.943259
801742.SI,20220706,航空装备Ⅱ,10303.18,10560.48,10102.5,10260.05,-115.81,-1.12,63528.0,1385903.0,62.19,4.56,39395189.0,89327579.893575
801742.SI,20220707,航空装备Ⅱ,10274.11,10688.92,10213.89,10537.37,277.32,2.7,67534.0,1671686.0,63.87,4.68,40460017.0,91842106.296787
801742.SI,20220708,航空装备Ⅱ,10520.48,10649.15,10243.74,10334.28,-203.09,-1.93,51289.0,1286133.0,62.64,4.59,39674009.0,90286477.834271
801742.SI,20220711,航空装备Ⅱ,10314.66,10437.18,9992.13,10283.95,-50.33,-0.49,45766.0,1185445.0,62.34,4.57,39480790.0,89902466.559699
801742.SI,20220712,航空装备Ⅱ,10269.74,10607.6,10053.11,10143.29,-140.67,-1.37,51880.0,1427684.0,61.48,4.51,38940759.0,88533469.193057
801742.SI,20220713,航空装备Ⅱ,10124.47,10249.26,9905.85,10065.53,-77.76,-0.77,35557.0,926472.0,61.01,4.47,38642243.0,87748340.264747
801742.SI,20220714,航空装备Ⅱ,10047.07,10439.78,9998.6,10315.57,250.05,2.48,42679.0,1131728.0,62.53,4.58,39602186.0,89917882.036635
801742.SI,20220715,航空装备Ⅱ,10296.81,10556.78,10124.0,10209.82,-105.76,-1.03,44333.0,1093014.0,61.89,4.54,39196177.0,88988635.262408
801742.SI,20220718,航空装备Ⅱ,10208.15,10306.1,9904.71,10168.77,-41.05,-0.4,37569.0,1009027.0,61.64,4.52,39038599.0,88556094.982809
801742.SI,20220719,航空装备Ⅱ,10154.48,10367.07,9982.09,10149.67,-19.1,-0.19,38425.0,1045610.0,61.52,4.51,38965276.0,88450265.377077
801742.SI,20220720,航空装备Ⅱ,10188.47,10676.51,10142.7,10629.73,480.06,4.73,75059.0,1863184.0,64.43,4.72,40808247.0,92636831.683531
801742.SI,20220721,航空装备Ⅱ,10616.07,10674.69,10265.02,10380.22,-249.51,-2.35,58800.0,1427481.0,62.89,4.62,39962736.0,90359684.416572
801742.SI,20220722,航空装备Ⅱ,10388.39,10584.86,10177.41,10364.2,-16.02,-0.15,39871.0,1010834.0,62.79,4.61,39896018.0,90259621.322982
801742.SI,20220725,航空装备Ⅱ,10458.43,10621.9,10128.39,10212.7,-151.5,-1.46,42788.0,1077660.0,61.87,4.54,39312836.0,88985731.150313
801742.SI,20220726,航空装备Ⅱ,10190.58,10396.11,10046.82,10276.3,63.6,0.62,33277.0,832449.0,62.25,4.57,39557663.0,89568545.756033
801742.SI,20220727,航空装备Ⅱ,10267.63,10526.41,10159.53,10331.82,55.52,0.54,43742.0,1062381.0,62.59,4.6,39771395.0,90080241.16132
801742.SI,20220728,航空装备Ⅱ,10354.26,10551.57,10227.15,10498.55,166.73,1.61,48550.0,1182873.0,63.64,4.67,40457314.0,91543931.230966
801742.SI,20220729,航空装备Ⅱ,10469.12,10539.63,10136.38,10275.5,-223.05,-2.12,46438.0,1181351.0,62.29,4.57,39597751.0,89489844.859841
801742.SI,20220801,航空装备Ⅱ,10319.57,10493.3,10131.75,10265.3,-10.2,-0.1,38267.0,960879.0,60.8,4.65,38758428.0,88394537.46791
801742.SI,20220802,航空装备Ⅱ,10357.82,10529.79,9946.99,10087.25,-178.05,-1.73,61621.0,1594944.0,59.74,4.57,38086153.0,86987031.631418
801742.SI,20220803,航空装备Ⅱ,10041.23,10772.06,9896.84,10508.19,420.95,4.17,98409.0,2531410.0,62.24,4.76,39675508.0,90750060.948899
801742.SI,20220804,航空装备Ⅱ,10515.93,10596.01,10142.75,10294.33,-213.86,-2.04,60875.0,1528685.0,60.97,4.67,38868037.0,88986748.541925
801742.SI,20220805,航空装备Ⅱ,10256.49,10432.54,10027.22,10252.19,-42.15,-0.41,50688.0,1254774.0,60.72,4.65,38708909.0,88560997.787462
801742.SI,20220808,航空装备Ⅱ,10225.73,10697.03,10148.35,10581.88,329.69,3.22,52339.0,1362427.0,62.68,4.8,39949673.0,91196575.232278
801742.SI,20220809,航空装备Ⅱ,10561.9,10904.24,10387.91,10787.94,206.07,1.95,57358.0,1588669.0,63.9,4.89,40727643.0,93217329.991808
801742.SI,20220810,航空装备Ⅱ,10744.11,11097.29,10652.9,10854.48,66.54,0.62,64742.0,1623856.0,64.29,4.92,40978844.0,93664309.90525
801742.SI,20220811,航空装备Ⅱ,10838.72,10975.62,10626.56,10830.84,-23.64,-0.22,51720.0,1302519.0,64.15,4.9,40889594.0,93561315.221828
801742.SI,20220812,航空装备Ⅱ,10793.39,10898.11,10527.67,10601.2,-229.64,-2.12,51409.0,1313863.0,62.79,4.8,40022626.0,91571151.30349
801742.SI,20220815,航空装备Ⅱ,10541.21,10758.9,10484.74,10624.57,23.37,0.22,34702.0,875412.0,62.93,4.81,40110870.0,91754846.959661
801742.SI,20220816,航空装备Ⅱ,10619.75,10855.59,10501.24,10652.37,27.8,0.26,35908.0,925693.0,63.1,4.82,40215806.0,91854401.270011
801742.SI,20220817,航空装备Ⅱ,10624.87,10711.64,10427.66,10555.28,-97.09,-0.91,32538.0,834333.0,62.51,4.78,39835555.0,90961400.225057
801742.SI,20220818,航空装备Ⅱ,10568.05,10783.75,10465.9,10671.59,116.31,1.1,36999.0,933392.0,63.2,4.82,40274514.0,91642695.920932
801742.SI,20220819,航空装备Ⅱ,10656.34,10768.27,10365.43,10400.44,-271.15,-2.54,37875.0,947343.0,61.59,4.7,39251189.0,89283941.090906
801742.SI,20220822,航空装备Ⅱ,10362.87,10614.64,10257.32,10506.44,106.01,1.02,27918.0,773449.0,62.22,4.75,39651256.0,90272771.836317
801742.SI,20220823,航空装备Ⅱ,10480.08,10618.96,10268.18,10405.61,-100.84,-0.96,33525.0,851083.0,61.62,4.7,39270700.0,89369775.445275
801742.SI,20220824,航空装备Ⅱ,10394.48,10435.97,9885.1,9937.21,-468.4,-4.5,43060.0,1102912.0,58.85,4.48,37502954.0,85313632.810733
801742.SI,20220825,航空装备Ⅱ,9933.53,10090.24,9733.77,9915.1,-22.11,-0.22,31675.0,790189.0,58.65,4.47,37535411.0,85154518.469165
801742.SI,20220826,航空装备Ⅱ,9930.15,10103.83,9710.01,9798.18,-116.92,-1.18,29898.0,769591.0,57.96,4.42,37092800.0,84310862.758779
801742.SI,20220829,航空装备Ⅱ,9697.86,10199.62,9591.16,10087.11,288.93,2.95,32370.0,991572.0,59.67,4.54,38186594.0,86590620.137649
801742.SI,20220830,航空装备Ⅱ,10085.1,10210.01,9849.98,9949.85,-137.26,-1.36,27061.0,786510.0,58.86,4.48,37666975.0,85176095.65373
801742.SI,20220831,航空装备Ⅱ,9934.54,10035.0,9602.5,9684.45,-265.4,-2.67,28711.0,768537.0,57.29,4.36,36662262.0,83030868.69175
801742.SI,20220901,航空装备Ⅱ,9684.67,9859.46,9568.96,9639.41,-45.04,-0.47,22857.0,609429.0,57.89,4.34,36491742.0,82634188.846937
801742.SI,20220902,航空装备Ⅱ,9628.04,9809.0,9492.55,9706.38,66.97,0.69,23950.0,650462.0,58.27,4.37,36798004.0,83063083.728259
801742.SI,20220905,航空装备Ⅱ,9678.02,9884.32,9563.7,9725.41,19.04,0.2,24505.0,654275.0,58.38,4.38,36870174.0,83140734.804183
801742.SI,20220906,航空装备Ⅱ,9769.12,10191.73,9700.98,10050.52,325.11,3.34,38619.0,1111528.0,60.33,4.53,38102705.0,86188975.687485
801742.SI,20220907,航空装备Ⅱ,10003.08,10282.09,9934.74,10183.2,132.68,1.32,29495.0,868861.0,61.13,4.59,38605708.0,87305530.010433
801742.SI,20220908,航空装备Ⅱ,10178.41,10509.4,10103.21,10382.74,199.53,1.96,47229.0,1196962.0,62.33,4.68,39362157.0,89016418.957884
801742.SI,20220909,航空装备Ⅱ,10379.71,10587.79,10215.54,10365.48,-17.25,-0.17,41617.0,1038080.0,62.23,4.67,39292846.0,88998452.155356
801742.SI,20220913,航空装备Ⅱ,10412.89,10675.07,10303.92,10592.02,226.54,2.19,50600.0,1204050.0,63.59,4.77,40151586.0,91060891.530405
801742.SI,20220914,航空装备Ⅱ,10473.12,10847.71,10403.86,10705.58,113.56,1.07,50323.0,1325168.0,64.27,4.82,40582070.0,91864951.618989
801742.SI,20220915,航空装备Ⅱ,10721.33,10752.67,10249.54,10411.88,-293.7,-2.74,42324.0,1136053.0,62.5,4.69,39473398.0,89337670.20857
801742.SI,20220916,航空装备Ⅱ,10383.13,10781.13,10314.17,10441.83,29.95,0.29,45629.0,1259780.0,62.75,4.7,39682467.0,89544216.466606
801742.SI,20220919,航空装备Ⅱ,10425.34,10585.05,10092.68,10208.66,-233.16,-2.23,35293.0,908662.0,61.35,4.6,38796373.0,87740268.353833
801742.SI,20220920,航空装备Ⅱ,10276.82,10395.01,10075.35,10194.83,-13.84,-0.14,28133.0,725804.0,61.26,4.59,38743788.0,87586691.118274
801742.SI,20220921,航空装备Ⅱ,10183.02,10286.16,9856.02,10127.6,-67.23,-0.66,32743.0,858342.0,60.86,4.56,38488295.0,87090431.92321
801742.SI,20220922,航空装备Ⅱ,10095.06,10577.38,10022.43,10384.99,257.4,2.54,44513.0,1234279.0,62.4,4.68,39466485.0,89142235.919111
801742.SI,20220923,航空装备Ⅱ,10360.78,10778.2,10217.73,10357.95,-27.04,-0.26,43928.0,1202208.0,62.24,4.67,39363722.0,88990814.531231
801742.SI,20220926,航空装备Ⅱ,10249.31,10375.19,9939.21,10029.67,-328.29,-3.17,35358.0,912728.0,60.27,4.52,38116127.0,86077624.52962
801742.SI,20220927,航空装备Ⅱ,10034.82,10327.32,9968.9,10221.23,191.57,1.91,28979.0,780726.0,61.67,4.58,39354978.0,87597360.1752
801742.SI,20220928,航空装备Ⅱ,10220.49,10397.63,9764.87,9813.34,-407.89,-3.99,33020.0,851572.0,59.21,4.4,37784472.0,84189162.968655
801742.SI,20220929,航空装备Ⅱ,9913.64,10152.16,9765.35,9887.92,74.58,0.76,30211.0,787327.0,59.65,4.43,38116889.0,84694483.341057
801742.SI,20220930,航空装备Ⅱ,9894.55,9943.78,9480.1,9532.63,-355.29,-3.59,30398.0,759153.0,57.51,4.27,36747275.0,81619823.525232
801742.SI,20221010,航空装备Ⅱ,9573.27,9688.72,9266.36,9377.96,-154.67,-1.62,27269.0,685365.0,56.58,4.21,36151021.0,80432467.417795
801742.SI,20221011,航空装备Ⅱ,9383.75,9481.62,9177.86,9337.1,-40.86,-0.44,22688.0,554919.0,56.39,4.19,36214096.0,80126023.292049
801742.SI,20221012,航空装备Ⅱ,9328.1,9550.07,8941.0,9440.58,103.48,1.11,32904.0,871257.0,57.01,4.24,36615457.0,81251557.750116
801742.SI,20221013,航空装备Ⅱ,9366.77,9779.56,9315.05,9565.63,125.04,1.32,31083.0,802085.0,57.76,4.3,37107860.0,82190271.250634
801742.SI,20221014,航空装备Ⅱ,9630.37,9999.89,9509.01,9886.09,320.46,3.35,36507.0,972991.0,59.7,4.44,38351037.0,85019523.912426
801742.SI,20221017,航空装备Ⅱ,9895.8,10367.86,9818.69,10234.9,348.81,3.53,47738.0,1211333.0,61.79,4.6,39726857.0,88232240.542401
801742.SI,20221018,航空装备Ⅱ,10247.78,10439.15,10069.17,10282.95,48.05,0.47,43774.0,1050873.0,62.09,4.62,39913358.0,88468102.883212
801742.SI,20221019,航空装备Ⅱ,10260.95,10391.68,10096.03,10193.48,-89.47,-0.87,29798.0,731639.0,61.54,4.58,39566070.0,87703051.563523
801742.SI,20221020,航空装备Ⅱ,10139.59,10348.79,9970.47,10169.97,-23.51,-0.23,31545.0,799254.0,61.4,4.57,39474817.0,87420345.164934
801742.SI,20221021,航空装备Ⅱ,10165.49,10336.73,9980.85,10148.39,-21.58,-0.21,26585.0,704475.0,61.27,4.56,39391051.0,87434422.634377
801742.SI,20221024,航空装备Ⅱ,10290.41,10845.24,10239.0,10633.34,484.95,4.78,65774.0,1907109.0,64.2,4.77,41270859.0,91670704.603329
801742.SI,20221025,航空装备Ⅱ,10617.19,10835.0,10421.12,10635.99,2.65,0.02,46750.0,1354351.0,64.22,4.76,41281145.0,91627206.436743
801742.SI,20221026,航空装备Ⅱ,10622.35,10901.06,10418.99,10759.8,123.81,1.16,47100.0,1327522.0,64.97,4.81,41761699.0,92665471.785742
801742.SI,20221027,航空装备Ⅱ,10715.16,10852.55,10453.87,10657.07,-102.73,-0.95,37038.0,1066424.0,64.56,4.75,41253061.0,91822991.019402
801742.SI,20221028,航空装备Ⅱ,10579.93,10816.48,10334.85,10423.17,-233.9,-2.19,37595.0,1002349.0,63.15,4.6,40347647.0,89791902.140392
801742.SI,20221031,航空装备Ⅱ,10308.7,10822.34,9992.51,10684.94,261.78,2.51,50960.0,1506635.0,64.56,4.68,41360971.0,91979055.398367
801742.SI,20221101,航空装备Ⅱ,10649.01,10778.18,10278.06,10516.32,-168.62,-1.58,44307.0,1318963.0,62.32,4.61,40708235.0,90235187.231128
801742.SI,20221102,航空装备Ⅱ,10439.18,10623.61,10200.04,10411.52,-104.8,-1.0,44901.0,1342302.0,61.69,4.56,40302568.0,89379579.239888
801742.SI,20221103,航空装备Ⅱ,10326.07,10615.28,10236.69,10471.09,59.57,0.57,36995.0,1032106.0,62.05,4.59,40533153.0,89962698.802982
801742.SI,20221104,航空装备Ⅱ,10455.17,10576.91,10304.74,10502.75,31.66,0.3,42893.0,1150515.0,62.24,4.6,40655702.0,90315561.519594
801742.SI,20221107,航空装备Ⅱ,10517.76,10655.64,10182.77,10299.58,-203.17,-1.93,46130.0,1291769.0,61.11,4.52,40041285.0,88428898.847831
801742.SI,20221108,航空装备Ⅱ,10304.13,10462.42,10166.71,10351.04,51.46,0.5,34855.0,933350.0,61.41,4.54,40241330.0,88944903.206556
801742.SI,20221109,航空装备Ⅱ,10489.57,10612.99,10242.97,10296.98,-54.06,-0.52,42394.0,1053962.0,61.09,4.51,40032396.0,88394074.913431
801742.SI,20221110,航空装备Ⅱ,10200.93,10275.88,9963.07,10051.35,-245.64,-2.39,44110.0,979756.0,59.64,4.41,39077417.0,86304822.976506
801742.SI,20221111,航空装备Ⅱ,10212.13,10312.24,9983.9,10152.89,101.54,1.01,50847.0,1079053.0,60.24,4.45,39472189.0,87213346.444798
801742.SI,20221114,航空装备Ⅱ,10104.65,10280.17,9911.28,10044.84,-108.04,-1.06,47097.0,1023676.0,59.6,4.4,39052141.0,86215075.554419
801742.SI,20221115,航空装备Ⅱ,9991.89,10239.54,9944.33,10157.94,113.09,1.13,39395.0,930439.0,60.27,4.45,39491814.0,87125345.324998
801742.SI,20221116,航空装备Ⅱ,10175.25,10429.64,10072.57,10193.03,35.09,0.35,49960.0,1240953.0,60.48,4.47,39628250.0,87602880.822614
801742.SI,20221117,航空装备Ⅱ,10127.02,10272.84,9864.51,10209.35,16.32,0.16,39210.0,990440.0,60.58,4.48,39691686.0,87623857.765248
801742.SI,20221118,航空装备Ⅱ,10183.67,10280.0,9987.87,10035.08,-174.27,-1.71,33253.0,788300.0,59.54,4.4,39014166.0,86028749.520896
801742.SI,20221121,航空装备Ⅱ,9977.79,10251.43,9923.24,10164.78,129.71,1.29,29856.0,776841.0,60.31,4.46,39518440.0,87074905.893979
801742.SI,20221122,航空装备Ⅱ,10137.74,10332.26,9989.29,10091.83,-72.95,-0.72,34158.0,897135.0,59.88,4.43,39242977.0,86692967.956341
801742.SI,20221123,航空装备Ⅱ,10072.38,10165.23,9872.72,10062.24,-29.59,-0.29,26873.0,682008.0,59.7,4.41,39127908.0,86550325.05056
801742.SI,20221124,航空装备Ⅱ,10062.98,10152.83,9908.34,9981.8,-80.44,-0.8,22211.0,562938.0,59.23,4.38,38815098.0,85809328.149876
801742.SI,20221125,航空装备Ⅱ,9960.43,10026.61,9766.81,9839.88,-141.92,-1.42,23462.0,611802.0,58.38,4.31,38263248.0,84579612.266408
801742.SI,20221128,航空装备Ⅱ,9713.59,9960.28,9599.11,9879.83,39.95,0.41,28147.0,722869.0,58.62,4.33,38418598.0,85031687.046517
801742.SI,20221129,航空装备Ⅱ,9930.9,10071.95,9784.79,9879.92,0.09,0.0,28923.0,803791.0,58.62,4.33,38418938.0,85062970.464191
801742.SI,20221130,航空装备Ⅱ,9941.44,10059.53,9748.78,9903.35,23.43,0.24,33700.0,955284.0,58.76,4.34,38526017.0,85051821.777388
801742.SI,20221201,航空装备Ⅱ,9905.51,10101.41,9828.78,9988.86,85.51,0.86,29669.0,838280.0,59.27,4.38,38863775.0,85730518.290385
801742.SI,20221202,航空装备Ⅱ,9968.75,10072.05,9813.85,9861.05,-127.81,-1.28,28466.0,691671.0,58.51,4.32,38366495.0,84562474.336996
801742.SI,20221205,航空装备Ⅱ,9876.61,9985.49,9732.49,9847.49,-13.56,-0.14,36441.0,895587.0,58.43,4.32,38313747.0,84435004.249387
801742.SI,20221206,航空装备Ⅱ,9824.84,9972.72,9679.57,9903.58,56.09,0.57,35136.0,909447.0,58.76,4.34,38531985.0,85029933.196269
801742.SI,20221207,航空装备Ⅱ,9855.02,9991.32,9754.34,9863.52,-40.06,-0.4,28691.0,754774.0,58.52,4.33,38376125.0,84798684.121843
801742.SI,20221208,航空装备Ⅱ,9843.05,9893.53,9656.68,9714.81,-148.71,-1.51,26533.0,662847.0,57.63,4.26,37793459.0,83499824.354645
801742.SI,20221209,航空装备Ⅱ,9716.94,9811.18,9522.66,9666.52,-48.29,-0.5,33372.0,849895.0,57.35,4.24,37605584.0,82911581.068572
801742.SI,20221212,航空装备Ⅱ,9648.39,9897.79,9526.47,9797.43,130.91,1.35,31672.0,816291.0,58.13,4.3,38114873.0,83859259.443423
801742.SI,20221213,航空装备Ⅱ,9784.14,9833.1,9538.35,9585.33,-212.1,-2.16,27406.0,633119.0,56.87,4.2,37300965.0,82155839.666121
801742.SI,20221214,航空装备Ⅱ,9577.61,9731.7,9487.84,9552.9,-32.43,-0.34,24264.0,519533.0,56.57,4.2,37392140.0,81969043.38145
801742.SI,20221215,航空装备Ⅱ,9555.7,9663.68,9473.24,9583.97,31.07,0.33,20188.0,481499.0,56.76,4.21,37514201.0,82183115.480662
801742.SI,20221216,航空装备Ⅱ,9538.28,9598.13,9375.54,9472.75,-111.21,-1.16,19012.0,465326.0,56.1,4.16,37078886.0,81273056.959695
801742.SI,20221219,航空装备Ⅱ,9447.6,9561.03,9312.07,9373.73,-99.02,-1.05,16900.0,401964.0,55.51,4.12,36696669.0,80355271.640924
801742.SI,20221220,航空装备Ⅱ,9354.24,9499.08,9263.69,9374.94,1.21,0.01,17049.0,419409.0,55.52,4.12,36701411.0,80510519.075663
801742.SI,20221221,航空装备Ⅱ,9361.41,9438.58,9149.06,9219.08,-155.86,-1.66,15197.0,409749.0,54.6,4.05,36091231.0,79280876.327868
801742.SI,20221222,航空装备Ⅱ,9247.39,9347.91,8956.66,9119.38,-99.7,-1.08,26159.0,583827.0,53.97,4.01,35801662.0,78462344.192386
801742.SI,20221223,航空装备Ⅱ,9062.98,9152.3,8926.07,9011.47,-107.91,-1.18,16804.0,395855.0,53.33,3.96,35378005.0,77433571.387895
801742.SI,20221226,航空装备Ⅱ,9033.98,9331.91,9001.11,9294.02,282.55,3.14,21838.0,552623.0,55.01,4.09,36487273.0,79858615.09255
801742.SI,20221227,航空装备Ⅱ,9304.67,9431.59,9209.08,9353.64,59.62,0.64,18862.0,464904.0,55.36,4.11,36721345.0,80201904.300333
801742.SI,20221228,航空装备Ⅱ,9361.68,9450.57,9167.34,9240.26,-113.38,-1.21,27088.0,611753.0,54.69,4.06,36276210.0,79111566.715574
801742.SI,20221229,航空装备Ⅱ,9220.48,9555.58,9166.7,9425.97,185.71,2.01,29482.0,723611.0,55.79,4.14,37005288.0,80657801.316488
801742.SI,20221230,航空装备Ⅱ,9434.51,9561.75,9360.84,9444.12,18.16,0.19,18716.0,444763.0,55.89,4.15,37076567.0,80789898.669001
801742.SI,20230103,航空装备Ⅱ,9443.62,9752.99,9386.26,9681.43,237.31,2.51,29234.0,769933.0,57.3,4.26,38008220.0,82890935.776292
801742.SI,20230104,航空装备Ⅱ,9664.13,9748.84,9516.3,9620.67,-60.77,-0.63,22597.0,565407.0,56.94,4.23,37769655.0,82414894.941626
801742.SI,20230105,航空装备Ⅱ,9616.21,9715.06,9535.51,9647.06,26.4,0.27,19554.0,503306.0,57.1,4.24,37873282.0,82712315.401108
801742.SI,20230106,航空装备Ⅱ,9613.58,9707.76,9532.07,9597.5,-49.56,-0.51,21563.0,519967.0,56.8,4.22,37678711.0,82332693.070146
801742.SI,20230109,航空装备Ⅱ,9574.07,9628.39,9311.3,9374.47,-223.03,-2.32,29735.0,816928.0,55.48,4.12,36803113.0,80379742.706472
801742.SI,20230110,航空装备Ⅱ,9406.97,9461.51,9155.42,9257.63,-116.84,-1.25,30878.0,931022.0,54.79,4.07,36325314.0,79374789.499584
801742.SI,20230111,航空装备Ⅱ,9261.38,9396.83,9123.3,9174.48,-83.16,-0.9,29335.0,782806.0,54.3,4.03,35975756.0,78728034.18372
801742.SI,20230112,航空装备Ⅱ,9381.94,9505.11,9176.6,9238.75,64.28,0.7,38189.0,942770.0,54.68,4.06,36227801.0,79198579.257134
801742.SI,20230113,航空装备Ⅱ,9232.38,9319.89,9076.1,9209.43,-29.32,-0.32,32757.0,729543.0,54.51,4.05,36112816.0,79068679.328432
801742.SI,20230116,航空装备Ⅱ,9212.5,9467.98,9158.16,9346.13,136.7,1.48,45724.0,1059390.0,55.32,4.11,36648852.0,80167075.224599
801742.SI,20230117,航空装备Ⅱ,9361.87,9540.66,9268.16,9406.17,60.04,0.64,39709.0,880443.0,55.89,4.14,36921200.0,80892295.832098
801742.SI,20230118,航空装备Ⅱ,9406.11,9499.51,9340.24,9428.1,21.93,0.23,28300.0,604079.0,56.02,4.15,37004685.0,81042154.7755
801742.SI,20230119,航空装备Ⅱ,9400.3,9630.68,9357.92,9590.32,162.22,1.72,33278.0,741136.0,56.98,4.23,37641390.0,82358083.365179
801742.SI,20230120,航空装备Ⅱ,9617.16,9748.42,9566.34,9655.8,65.48,0.68,39787.0,824357.0,57.37,4.25,37898405.0,82848118.622607
801742.SI,20230130,航空装备Ⅱ,9779.2,10138.28,9707.78,9993.1,337.3,3.49,69510.0,1627695.0,59.37,4.4,39222289.0,85721339.896954
801742.SI,20230131,航空装备Ⅱ,9949.35,10161.62,9876.48,10060.39,67.29,0.67,62026.0,1277583.0,59.77,4.43,39486392.0,86325196.061606
801742.SI,20230201,航空装备Ⅱ,10060.67,10223.45,9960.95,10158.27,97.88,0.97,56820.0,1209883.0,60.35,4.48,39870578.0,87131795.258489
801742.SI,20230202,航空装备Ⅱ,10210.06,10252.63,9895.61,9937.7,-220.57,-2.17,59879.0,1313392.0,59.04,4.38,39004868.0,85231175.980872
801742.SI,20230203,航空装备Ⅱ,9914.25,10112.07,9841.81,10069.44,131.74,1.33,45606.0,1078067.0,59.83,4.44,39521927.0,86457601.350086
801742.SI,20230206,航空装备Ⅱ,10057.36,10182.67,9907.88,9998.47,-70.97,-0.7,43451.0,957026.0,59.41,4.4,39243357.0,85756718.025923
801742.SI,20230207,航空装备Ⅱ,10006.78,10077.72,9815.48,9914.23,-84.23,-0.84,47285.0,938057.0,58.9,4.37,38912747.0,85112364.042006
801742.SI,20230208,航空装备Ⅱ,9910.05,9971.43,9734.29,9772.26,-141.97,-1.43,24263.0,623176.0,58.08,4.31,38370704.0,83916016.299455
801742.SI,20230209,航空装备Ⅱ,9742.59,9987.75,9702.02,9930.61,158.35,1.62,26826.0,719349.0,59.02,4.38,38992456.0,85206598.782247
801742.SI,20230210,航空装备Ⅱ,9905.9,9979.13,9700.92,9761.4,-169.21,-1.7,26877.0,732409.0,58.02,4.3,38330877.0,83846880.146639
801742.SI,20230213,航空装备Ⅱ,9776.17,9941.72,9732.2,9809.25,47.84,0.49,26706.0,731956.0,58.3,4.32,38518752.0,84265808.966366
801742.SI,20230214,航空装备Ⅱ,9801.91,9873.26,9678.56,9754.83,-54.41,-0.55,24990.0,648947.0,57.98,4.3,38305088.0,83787037.266091
801742.SI,20230215,航空装备Ⅱ,9748.62,9853.85,9637.5,9757.36,2.52,0.03,24314.0,645657.0,58.0,4.3,38314995.0,83923442.175338
801742.SI,20230216,航空装备Ⅱ,9741.35,9827.72,9499.17,9591.01,-166.35,-1.7,31673.0,807158.0,57.01,4.23,37661777.0,82493691.027854
801742.SI,20230217,航空装备Ⅱ,9610.25,9699.14,9437.7,9542.14,-48.87,-0.51,31192.0,782204.0,56.75,4.21,37469443.0,82034973.916781
801742.SI,20230220,航空装备Ⅱ,9518.72,9598.47,9368.74,9527.36,-14.78,-0.15,25278.0,664663.0,56.66,4.2,37411419.0,82013081.192786
801742.SI,20230221,航空装备Ⅱ,9525.62,9729.86,9490.45,9622.46,95.1,1.0,28234.0,754803.0,57.24,4.24,37784853.0,82894209.165051
801742.SI,20230222,航空装备Ⅱ,9581.57,9727.59,9539.49,9634.28,11.82,0.12,24132.0,624995.0,57.31,4.25,37831278.0,82987448.144883
801742.SI,20230223,航空装备Ⅱ,9635.88,9723.15,9532.65,9607.23,-27.05,-0.28,22052.0,575993.0,57.15,4.24,37725062.0,82645290.079788
801742.SI,20230224,航空装备Ⅱ,9617.37,9910.68,9595.87,9751.13,143.9,1.5,41098.0,1173867.0,58.01,4.3,38290114.0,83910661.519624
801742.SI,20230227,航空装备Ⅱ,9734.7,9880.22,9612.8,9704.64,-46.5,-0.48,33345.0,889875.0,57.73,4.28,38108075.0,83413936.735788
801742.SI,20230228,航空装备Ⅱ,9679.23,9801.03,9618.04,9741.0,36.36,0.37,24687.0,618067.0,57.95,4.3,38250868.0,83724999.3245
801742.SI,20230301,航空装备Ⅱ,9735.17,9805.71,9648.93,9751.59,10.59,0.11,25095.0,610900.0,58.01,4.3,38305047.0,83851638.819303
801742.SI,20230302,航空装备Ⅱ,9742.15,9884.78,9658.85,9725.6,-26.0,-0.27,29596.0,778087.0,57.86,4.29,38202929.0,83735574.227052
801742.SI,20230303,航空装备Ⅱ,9722.06,9973.93,9651.53,9885.1,159.5,1.64,42612.0,1189589.0,58.81,4.36,38829471.0,85248441.762122
801742.SI,20230306,航空装备Ⅱ,9964.95,10130.44,9816.12,9963.73,78.63,0.8,42509.0,1229930.0,59.28,4.39,39138350.0,85776146.563874
801742.SI,20230307,航空装备Ⅱ,9930.22,9978.05,9676.07,9702.02,-261.71,-2.63,33936.0,923731.0,57.72,4.28,38110333.0,83590492.941627
801742.SI,20230308,航空装备Ⅱ,9659.32,9897.77,9630.36,9801.25,99.23,1.02,26368.0,702606.0,58.31,4.32,38500124.0,84436666.359596
801742.SI,20230309,航空装备Ⅱ,9819.73,9872.6,9620.02,9676.9,-124.36,-1.27,23481.0,650380.0,57.57,4.27,38011639.0,83294385.17294
801742.SI,20230310,航空装备Ⅱ,9636.38,9726.18,9506.23,9537.07,-139.83,-1.44,22267.0,595531.0,56.74,4.21,37462381.0,82171135.660121
801742.SI,20230313,航空装备Ⅱ,9501.49,9648.01,9421.94,9555.98,18.91,0.2,21712.0,543158.0,56.85,4.21,37536660.0,82415925.77654
801742.SI,20230314,航空装备Ⅱ,9533.9,9624.52,9325.21,9485.06,-70.92,-0.74,25916.0,645504.0,56.43,4.18,37258094.0,81749445.605005
801742.SI,20230315,航空装备Ⅱ,9484.05,9582.45,9323.26,9389.28,-95.79,-1.01,31864.0,753076.0,55.84,4.13,36881834.0,80959802.723976
801742.SI,20230316,航空装备Ⅱ,9338.76,9461.31,9157.21,9210.01,-179.27,-1.91,29682.0,726519.0,54.27,4.04,36201591.0,79368818.470623
801742.SI,20230317,航空装备Ⅱ,9254.59,9275.28,9183.77,9204.43,-5.58,-0.06,28248.0,712082.0,57.06,4.13,34192731.0,75352007.153358
801742.SI,20230320,航空装备Ⅱ,9206.9,9299.4,9025.28,9148.51,-55.92,-0.61,27174.0,645079.0,56.71,4.11,33985016.0,74914210.728917
801742.SI,20230321,航空装备Ⅱ,9290.7,9547.68,9251.03,9424.34,275.83,3.01,39541.0,1017843.0,58.33,4.23,35074142.0,77274960.418503
801742.SI,20230322,航空装备Ⅱ,9416.62,9484.96,9263.81,9352.04,-72.3,-0.77,31448.0,804660.0,57.88,4.17,34805054.0,76631295.824076
801742.SI,20230323,航空装备Ⅱ,9311.66,9434.98,9247.91,9403.74,51.7,0.55,27431.0,682335.0,58.2,4.2,34997473.0,77034232.971165
801742.SI,20230324,航空装备Ⅱ,9383.69,9434.95,9270.5,9352.56,-51.17,-0.54,25376.0,617588.0,57.88,4.18,34807018.0,76613390.979527
801742.SI,20230327,航空装备Ⅱ,9343.01,9392.39,9171.72,9225.05,-127.51,-1.36,27100.0,640022.0,57.09,4.12,34332457.0,75473205.041239
801742.SI,20230328,航空装备Ⅱ,9210.55,9283.52,9017.88,9069.37,-155.68,-1.69,28572.0,711038.0,55.88,4.04,33753074.0,74307883.622688
801742.SI,20230329,航空装备Ⅱ,9068.29,9100.15,8873.18,8948.78,-120.6,-1.33,24479.0,671653.0,54.94,3.98,33304260.0,73402466.567183
801742.SI,20230330,航空装备Ⅱ,8953.35,9047.16,8861.77,8989.39,40.62,0.45,24797.0,574614.0,54.83,4.0,33455429.0,73704208.664885
801742.SI,20230331,航空装备Ⅱ,8985.73,9054.45,8903.54,8994.07,4.67,0.05,18439.0,500558.0,55.22,3.99,33472813.0,73680951.350976
801742.SI,20230403,航空装备Ⅱ,8993.01,9166.94,8936.25,9118.56,124.49,1.38,31374.0,747349.0,55.98,4.05,33936137.0,74633307.463439
801742.SI,20230404,航空装备Ⅱ,9119.84,9173.19,8941.07,9017.41,-101.15,-1.11,26613.0,682192.0,55.5,4.0,33559702.0,73776983.586321
801742.SI,20230406,航空装备Ⅱ,9009.88,9243.94,8932.3,9185.3,167.89,1.86,28321.0,754853.0,56.53,4.08,34186166.0,74985804.913325
801742.SI,20230407,航空装备Ⅱ,9187.0,9313.73,9115.97,9207.13,21.83,0.24,26006.0,658655.0,56.67,4.09,34267416.0,75079400.190106
801742.SI,20230410,航空装备Ⅱ,9261.13,9340.37,9117.41,9171.01,-36.12,-0.39,24071.0,609049.0,56.45,4.07,34132972.0,74897478.443011
801742.SI,20230411,航空装备Ⅱ,9156.14,9201.03,9023.19,9091.82,-79.19,-0.86,18054.0,449410.0,55.96,4.03,33838226.0,74305252.75799
801742.SI,20230412,航空装备Ⅱ,9085.2,9151.33,8995.38,9055.77,-36.04,-0.4,17999.0,445450.0,55.78,4.02,33704081.0,74033418.108109
801742.SI,20230413,航空装备Ⅱ,9049.91,9111.52,8942.96,9007.3,-48.47,-0.54,17696.0,428022.0,55.48,4.0,33523689.0,73734178.287916
801742.SI,20230414,航空装备Ⅱ,9006.59,9107.43,8947.44,9050.08,42.78,0.47,16798.0,428973.0,55.75,4.01,33682905.0,74009551.607639
801742.SI,20230417,航空装备Ⅱ,9050.04,9180.26,8980.94,9117.32,67.24,0.74,20508.0,516285.0,56.15,4.04,33933145.0,74563304.512332
801742.SI,20230418,航空装备Ⅱ,9110.0,9203.41,8983.59,9078.38,-38.94,-0.43,23854.0,598061.0,55.93,4.02,33788223.0,74436216.253142
801742.SI,20230419,航空装备Ⅱ,9016.83,9137.44,8887.18,8994.65,-83.73,-0.92,36388.0,765656.0,58.28,4.19,35657941.0,78020329.121198
801742.SI,20230420,航空装备Ⅱ,8976.25,9064.71,8788.25,8918.48,-76.17,-0.85,30181.0,699038.0,58.06,4.15,35355969.0,77344455.53093
801742.SI,20230421,航空装备Ⅱ,8910.15,9190.59,8845.29,8934.48,16.0,0.18,37578.0,1016928.0,58.07,4.1,35419388.0,77645055.253099
801742.SI,20230424,航空装备Ⅱ,8934.62,9018.69,8650.96,8817.48,-117.0,-1.31,28995.0,749987.0,57.08,4.04,35102490.0,76675815.096389
801742.SI,20230425,航空装备Ⅱ,8815.24,8923.48,8550.17,8636.77,-180.71,-2.05,28029.0,685892.0,55.53,3.95,34383093.0,75256963.094568
801742.SI,20230426,航空装备Ⅱ,8601.85,8893.52,8554.59,8776.74,139.97,1.62,27459.0,715346.0,55.28,3.98,35086196.0,76452624.753669
801742.SI,20230427,航空装备Ⅱ,8768.36,9059.79,8691.8,8999.17,222.43,2.53,33186.0,835534.0,56.13,4.06,35975394.0,78126262.245881
801742.SI,20230428,航空装备Ⅱ,8993.43,9103.57,8876.65,9018.6,19.43,0.22,29615.0,708528.0,56.94,4.05,36053081.0,78292317.249144
801742.SI,20230504,航空装备Ⅱ,8970.03,9100.92,8841.37,8941.44,-77.16,-0.86,27737.0,682961.0,54.18,4.01,35744614.0,77532671.272776
801742.SI,20230505,航空装备Ⅱ,8930.3,8972.39,8738.93,8807.55,-133.89,-1.5,22780.0,549806.0,53.37,3.95,35209363.0,76423741.683981
801742.SI,20230508,航空装备Ⅱ,8820.15,9070.47,8792.16,9014.13,206.58,2.35,33989.0,854601.0,54.62,4.04,36035189.0,78412718.432225
801742.SI,20230509,航空装备Ⅱ,9033.15,9191.72,8837.69,8872.3,-141.83,-1.57,37340.0,1027200.0,53.78,3.98,35476358.0,77460774.811115
801742.SI,20230510,航空装备Ⅱ,8845.62,8904.48,8678.99,8789.17,-83.13,-0.94,21008.0,567493.0,53.28,3.94,35143962.0,76587723.927848
801742.SI,20230511,航空装备Ⅱ,8800.7,8860.85,8679.07,8737.5,-51.68,-0.59,17545.0,426151.0,52.96,3.91,34937334.0,76199351.901085
801742.SI,20230512,航空装备Ⅱ,8736.72,8800.76,8562.45,8608.86,-128.63,-1.47,18355.0,445226.0,52.18,3.85,34422985.0,75075429.519002
801742.SI,20230515,航空装备Ⅱ,8578.77,8863.44,8537.05,8835.1,226.23,2.63,25685.0,600952.0,53.56,3.96,35337208.0,77168315.426678
801742.SI,20230516,航空装备Ⅱ,8831.05,8897.91,8727.46,8787.39,-47.71,-0.54,19232.0,439397.0,53.27,3.94,35146393.0,76777266.128299
801742.SI,20230517,航空装备Ⅱ,8776.88,9073.94,8728.93,9008.03,220.64,2.51,35846.0,871644.0,54.61,4.04,36028864.0,78619587.515086
801742.SI,20230518,航空装备Ⅱ,8987.81,9047.09,8862.63,8931.0,-77.03,-0.86,24138.0,567244.0,54.14,4.0,35720771.0,77899032.531889
801742.SI,20230519,航空装备Ⅱ,8910.3,9062.05,8839.25,8973.91,42.91,0.48,23672.0,552785.0,54.4,4.02,35892411.0,78146872.347607
801742.SI,20230522,航空装备Ⅱ,8961.33,9029.44,8866.09,8948.69,-25.22,-0.28,16603.0,402757.0,54.25,4.01,35792470.0,77935004.259053
801742.SI,20230523,航空装备Ⅱ,8944.97,9006.41,8800.56,8842.09,-106.6,-1.19,18184.0,441678.0,53.6,3.96,35366058.0,76877359.031061
801742.SI,20230524,航空装备Ⅱ,8817.02,8912.53,8710.15,8772.55,-69.54,-0.79,18556.0,445022.0,53.17,3.93,35111343.0,76235558.818934
801742.SI,20230525,航空装备Ⅱ,8762.42,8932.02,8703.61,8842.27,69.72,0.79,19674.0,487899.0,53.47,3.96,35462708.0,76902027.453809
801742.SI,20230526,航空装备Ⅱ,8849.21,8897.59,8695.85,8814.48,-27.79,-0.31,16514.0,391631.0,53.3,3.95,35357779.0,76684676.767133
801742.SI,20230529,航空装备Ⅱ,8976.32,9077.51,8761.94,8815.26,0.78,0.01,30570.0,685062.0,53.32,3.95,35382099.0,76681746.523359
801742.SI,20230530,航空装备Ⅱ,8765.59,8849.67,8572.8,8745.34,-69.92,-0.79,24414.0,573448.0,52.89,3.92,35101451.0,75991906.660351
801742.SI,20230531,航空装备Ⅱ,8725.88,8919.95,8659.62,8773.69,28.35,0.32,27263.0,627478.0,53.07,3.93,35218003.0,76328292.094786
801742.SI,20230601,航空装备Ⅱ,8746.72,8857.14,8633.23,8762.5,-11.2,-0.13,22312.0,504211.0,53.0,3.93,35173058.0,76341047.183727
801742.SI,20230602,航空装备Ⅱ,8759.76,8853.75,8694.85,8764.33,1.83,0.02,18944.0,452278.0,53.01,3.93,35180419.0,76296421.64852
801742.SI,20230605,航空装备Ⅱ,8752.78,8787.57,8558.89,8603.09,-161.24,-1.84,22435.0,517827.0,52.04,3.85,34533213.0,74944340.163243
801742.SI,20230606,航空装备Ⅱ,8594.47,8625.81,8373.73,8401.26,-201.83,-2.35,24687.0,550995.0,50.82,3.76,33723051.0,73283101.23708
801742.SI,20230607,航空装备Ⅱ,8389.05,8446.93,8253.8,8335.48,-65.79,-0.78,21731.0,456592.0,50.42,3.73,33457652.0,72678424.608844
801742.SI,20230608,航空装备Ⅱ,8319.58,8388.14,8239.19,8314.77,-20.7,-0.25,17985.0,386349.0,50.29,3.72,33374561.0,72515820.579414
801742.SI,20230609,航空装备Ⅱ,8314.84,8422.4,8205.48,8370.76,55.99,0.67,21696.0,502027.0,50.63,3.75,33599299.0,73004668.344188
801742.SI,20230612,航空装备Ⅱ,8349.68,8425.73,8243.84,8316.25,-54.52,-0.65,18440.0,427172.0,50.3,3.72,33380474.0,72541818.864236
801742.SI,20230613,航空装备Ⅱ,8312.69,8374.92,8246.94,8325.92,9.67,0.12,16352.0,354079.0,50.37,3.73,33402746.0,72613756.935297
801742.SI,20230614,航空装备Ⅱ,8326.8,8368.27,8244.28,8282.65,-43.27,-0.52,16369.0,344039.0,50.11,3.71,33229153.0,72214863.258153
801742.SI,20230615,航空装备Ⅱ,8287.82,8479.94,8228.23,8425.84,143.19,1.73,21538.0,493361.0,50.98,3.77,33803620.0,73537854.214402
801742.SI,20230616,航空装备Ⅱ,8433.6,8606.62,8396.29,8539.56,113.72,1.35,28275.0,589567.0,51.66,3.83,34259859.0,74546072.277636
801742.SI,20230619,航空装备Ⅱ,8535.73,8655.64,8469.58,8537.9,-1.66,-0.02,25928.0,534788.0,51.65,3.82,34253189.0,74583577.875221
801742.SI,20230620,航空装备Ⅱ,8534.1,8803.03,8491.15,8734.74,196.85,2.31,37497.0,873477.0,52.85,3.91,35042916.0,76333154.782136
801742.SI,20230621,航空装备Ⅱ,8731.0,8786.12,8602.51,8641.75,-93.0,-1.06,28092.0,649239.0,52.28,3.87,34669824.0,75535626.305298
801742.SI,20230626,航空装备Ⅱ,8611.68,8735.17,8517.77,8599.7,-42.05,-0.49,23969.0,536466.0,52.03,3.85,34501132.0,75218090.083705
801742.SI,20230627,航空装备Ⅱ,8602.51,8745.5,8545.19,8645.48,45.78,0.53,24425.0,516690.0,52.31,3.87,34684790.0,75620102.041277
801742.SI,20230628,航空装备Ⅱ,8644.66,8834.73,8532.26,8774.38,128.9,1.49,30446.0,706055.0,53.08,3.93,35201937.0,76799727.296458
801742.SI,20230629,航空装备Ⅱ,8756.42,8972.22,8711.08,8847.88,73.5,0.84,35955.0,846112.0,53.53,3.96,35496811.0,77549888.205138
801742.SI,20230630,航空装备Ⅱ,8846.44,9174.37,8814.0,9056.96,209.08,2.36,39178.0,1069562.0,54.79,4.06,36335636.0,79238255.301267
801742.SI,20230703,航空装备Ⅱ,9067.99,9250.07,8999.49,9135.12,78.16,0.86,33565.0,936214.0,55.27,4.09,36649195.0,80110136.260886
801742.SI,20230704,航空装备Ⅱ,9127.2,9222.95,9051.3,9131.32,-3.81,-0.04,26146.0,649310.0,55.24,4.09,36633923.0,79986817.561978
801742.SI,20230705,航空装备Ⅱ,9123.47,9168.45,8990.59,9026.87,-104.45,-1.14,21682.0,523773.0,54.61,4.05,36214893.0,79121458.527647
801742.SI,20230706,航空装备Ⅱ,9030.41,9086.6,8887.57,8934.01,-92.86,-1.03,22145.0,538146.0,53.48,3.95,36148876.0,78800614.320455
801742.SI,20230707,航空装备Ⅱ,8935.1,8988.1,8802.78,8855.73,-78.28,-0.88,17563.0,429250.0,53.01,3.92,35832128.0,78241770.993575
801742.SI,20230710,航空装备Ⅱ,8872.31,9013.93,8810.86,8919.6,63.87,0.72,16907.0,429477.0,53.39,3.95,36090547.0,78830174.372383
801742.SI,20230711,航空装备Ⅱ,8916.2,9042.28,8874.89,8976.22,56.62,0.63,16501.0,406737.0,53.73,3.97,36319653.0,79309931.538736
801742.SI,20230712,航空装备Ⅱ,8975.16,9010.89,8807.55,8837.56,-138.66,-1.54,17760.0,429070.0,52.9,3.91,35758611.0,78167136.028798
801742.SI,20230713,航空装备Ⅱ,8845.96,8949.82,8796.72,8867.75,30.19,0.34,16434.0,376816.0,53.08,3.93,35880776.0,78336694.884887
801742.SI,20230714,航空装备Ⅱ,8875.18,8945.76,8771.01,8813.02,-54.73,-0.62,28507.0,530635.0,52.75,3.9,35659317.0,77909487.169752
801742.SI,20230717,航空装备Ⅱ,8820.85,8920.1,8718.62,8804.58,-8.44,-0.1,29829.0,516390.0,52.7,3.9,35625177.0,77841117.033582
801742.SI,20230718,航空装备Ⅱ,8809.47,8989.21,8746.19,8899.27,94.68,1.08,32824.0,634149.0,53.27,3.94,36008292.0,78660186.866343
801742.SI,20230719,航空装备Ⅱ,8897.85,8942.91,8764.89,8814.02,-85.25,-0.96,23291.0,481067.0,52.76,3.9,35663363.0,78556904.389061
801742.SI,20230720,航空装备Ⅱ,8821.2,8877.88,8645.06,8666.59,-147.43,-1.67,24512.0,493509.0,51.88,3.84,35085529.0,77253484.201962
801742.SI,20230721,航空装备Ⅱ,8660.38,8722.6,8581.02,8623.42,-43.17,-0.5,17470.0,361583.0,51.62,3.82,34910758.0,76799091.570782
801742.SI,20230724,航空装备Ⅱ,8608.12,8754.25,8539.95,8647.39,23.97,0.28,17240.0,393419.0,51.77,3.83,35007785.0,77131065.37233
801742.SI,20230725,航空装备Ⅱ,8698.51,8773.76,8598.58,8730.26,82.87,0.96,22158.0,492553.0,52.51,3.88,35407053.0,77723506.140286
801742.SI,20230726,航空装备Ⅱ,8716.71,8764.13,8630.55,8679.38,-50.87,-0.58,15260.0,333780.0,52.2,3.86,35200721.0,77341756.164186
801742.SI,20230727,航空装备Ⅱ,8697.77,8794.15,8586.91,8628.96,-50.42,-0.58,22133.0,505340.0,51.65,3.84,35154573.0,76948583.743976
801742.SI,20230728,航空装备Ⅱ,8595.56,8689.18,8502.36,8643.71,14.75,0.17,22705.0,492355.0,51.74,3.84,35214656.0,77086865.572092
801742.SI,20230731,航空装备Ⅱ,8643.54,8740.17,8558.52,8645.25,1.54,0.02,26081.0,636041.0,51.75,3.84,35220921.0,76949963.738287
801742.SI,20230801,航空装备Ⅱ,8663.06,8763.12,8568.99,8643.89,-1.36,-0.02,22909.0,549055.0,51.74,3.84,35215388.0,76864758.114173
801742.SI,20230802,航空装备Ⅱ,8611.49,8703.34,8533.81,8591.64,-52.24,-0.6,18453.0,405968.0,51.43,3.82,35002543.0,76317623.627968
801742.SI,20230803,航空装备Ⅱ,8573.32,8626.93,8512.38,8566.09,-25.55,-0.3,14290.0,306975.0,51.27,3.81,34898457.0,76152342.8433
801742.SI,20230804,航空装备Ⅱ,8581.11,8662.47,8528.99,8589.7,23.61,0.28,15300.0,342104.0,51.41,3.82,34994637.0,76343908.018053
801742.SI,20230807,航空装备Ⅱ,8586.02,8638.16,8505.66,8577.62,-12.08,-0.14,13973.0,328340.0,51.34,3.81,34945414.0,76257516.191946
801742.SI,20230808,航空装备Ⅱ,8561.32,8596.57,8411.1,8504.76,-72.86,-0.85,17871.0,418756.0,50.91,3.78,34648591.0,75692667.201065
801742.SI,20230809,航空装备Ⅱ,8460.15,8542.56,8412.85,8502.91,-1.85,-0.02,14391.0,335968.0,50.9,3.78,34641053.0,75635979.740918
801742.SI,20230810,航空装备Ⅱ,8498.37,8589.08,8433.9,8492.86,-10.05,-0.12,12729.0,291917.0,50.83,3.77,34600099.0,75599804.825254
801742.SI,20230811,航空装备Ⅱ,8497.88,8543.97,8370.59,8385.07,-107.79,-1.27,14624.0,315161.0,50.19,3.72,34160940.0,74607049.715545
801742.SI,20230814,航空装备Ⅱ,8332.99,8482.24,8276.88,8449.13,64.07,0.76,14962.0,334817.0,50.57,3.75,34421943.0,75304473.817583
801742.SI,20230815,航空装备Ⅱ,8446.79,8500.36,8318.35,8390.61,-58.52,-0.69,12425.0,275033.0,50.22,3.73,34183511.0,74743398.486476
801742.SI,20230816,航空装备Ⅱ,8385.59,8454.08,8262.38,8295.45,-95.15,-1.13,12618.0,296318.0,49.65,3.69,33795848.0,73817088.036538
801742.SI,20230817,航空装备Ⅱ,8270.81,8663.1,8204.08,8613.16,317.71,3.83,31811.0,770997.0,51.55,3.83,35092767.0,76790238.025731
801742.SI,20230818,航空装备Ⅱ,8595.56,8743.67,8517.89,8565.01,-48.15,-0.56,23094.0,565052.0,51.26,3.8,34896600.0,76389222.984986
801742.SI,20230821,航空装备Ⅱ,8584.79,8648.65,8374.02,8387.22,-177.79,-2.08,17849.0,404043.0,50.2,3.72,34156967.0,74786766.242159
801742.SI,20230822,航空装备Ⅱ,8399.42,8587.87,8321.52,8488.22,101.0,1.2,21166.0,490553.0,50.81,3.77,34568310.0,75794607.062334
801742.SI,20230823,航空装备Ⅱ,8457.96,8489.46,8231.62,8247.73,-240.5,-2.83,19080.0,411912.0,49.37,3.33,33588892.0,73632540.902453
801742.SI,20230824,航空装备Ⅱ,8250.6,8401.0,8161.56,8291.44,43.72,0.53,16795.0,351822.0,49.63,3.35,33766927.0,73934801.550156
801742.SI,20230825,航空装备Ⅱ,8258.46,8374.1,8104.63,8168.52,-122.93,-1.48,19279.0,404858.0,48.9,3.29,33264047.0,72863886.919942
801742.SI,20230828,航空装备Ⅱ,8568.32,8645.77,8190.4,8241.08,72.56,0.89,27540.0,589946.0,49.33,3.32,33559538.0,73522804.413614
801742.SI,20230829,航空装备Ⅱ,8238.52,8584.59,8200.33,8487.83,246.75,2.99,30387.0,668803.0,50.81,3.42,34564374.0,75543618.401636
801742.SI,20230830,航空装备Ⅱ,8499.72,8622.19,8446.51,8530.63,42.8,0.5,26650.0,520006.0,51.06,3.43,34738649.0,75973020.796792
801742.SI,20230831,航空装备Ⅱ,8524.24,8583.45,8430.87,8483.02,-47.61,-0.56,19069.0,385563.0,50.78,3.41,34544773.0,75596421.855302
801742.SI,20230901,航空装备Ⅱ,8488.16,8522.35,8382.08,8445.91,-37.11,-0.44,15068.0,315801.0,46.84,3.4,34393665.0,75317570.481297
801742.SI,20230904,航空装备Ⅱ,8475.0,8548.17,8408.28,8498.83,52.91,0.63,18294.0,392212.0,47.14,3.42,34609137.0,75731003.515277
801742.SI,20230905,航空装备Ⅱ,8487.19,8551.72,8413.73,8450.86,-47.97,-0.56,17356.0,364363.0,46.87,3.4,34413796.0,75305399.893784
801742.SI,20230906,航空装备Ⅱ,8438.48,8688.85,8365.12,8646.43,195.57,2.31,28997.0,656775.0,47.96,3.48,35210193.0,77093907.358832
801742.SI,20230907,航空装备Ⅱ,8629.57,8696.12,8510.67,8532.42,-114.0,-1.32,21501.0,466075.0,47.32,3.43,34745947.0,76096004.418722
801742.SI,20230908,航空装备Ⅱ,8513.98,8761.75,8492.2,8680.28,147.85,1.73,32902.0,697997.0,48.14,3.49,35348042.0,77335317.322147
801742.SI,20230911,航空装备Ⅱ,8671.2,8692.31,8439.73,8537.24,-143.04,-1.65,29942.0,691944.0,47.35,3.43,34765547.0,76045908.27761
801742.SI,20230912,航空装备Ⅱ,8531.17,8578.11,8455.69,8506.64,-30.6,-0.36,18237.0,387452.0,47.18,3.42,34640938.0,75753456.256118
801742.SI,20230913,航空装备Ⅱ,8498.62,8525.89,8325.93,8393.7,-112.93,-1.33,20965.0,419067.0,46.55,3.37,34181054.0,74729624.115895
801742.SI,20230914,航空装备Ⅱ,8403.92,8465.97,8316.07,8380.94,-12.76,-0.15,16006.0,331069.0,46.48,3.37,34131515.0,74705656.187624
801742.SI,20230915,航空装备Ⅱ,8391.12,8449.26,8306.6,8384.04,3.1,0.04,17866.0,382635.0,46.5,3.37,34144149.0,74722298.66842
801742.SI,20230918,航空装备Ⅱ,8360.7,8445.35,8272.65,8354.73,-29.31,-0.35,17926.0,379012.0,46.33,3.36,34024773.0,74403837.823366
801742.SI,20230919,航空装备Ⅱ,8351.39,8372.08,8202.58,8234.31,-120.42,-1.44,15672.0,330372.0,45.67,3.31,33534362.0,73412319.296506
801742.SI,20230920,航空装备Ⅱ,8220.19,8270.3,8112.72,8143.54,-90.77,-1.1,15450.0,313941.0,45.16,3.27,33164689.0,72597753.907409
801742.SI,20230921,航空装备Ⅱ,8155.91,8286.79,8107.74,8152.05,8.52,0.1,16420.0,373560.0,45.21,3.28,33199373.0,72740203.685133
801742.SI,20230922,航空装备Ⅱ,8140.56,8284.6,8101.02,8254.23,102.17,1.25,17792.0,379194.0,45.78,3.32,33615481.0,73687468.152202
801742.SI,20230925,航空装备Ⅱ,8244.07,8286.75,8105.84,8149.75,-104.48,-1.27,18887.0,409289.0,45.3,3.27,38320452.0,87623855.275777
801742.SI,20230926,航空装备Ⅱ,8141.69,8179.44,8013.88,8053.35,-96.4,-1.18,16526.0,400673.0,44.8,3.23,37867169.0,86516068.943822
801742.SI,20230927,航空装备Ⅱ,8054.11,8179.5,8021.69,8096.48,43.13,0.54,15942.0,351208.0,45.03,3.25,38069952.0,86884017.108141
801742.SI,20230928,航空装备Ⅱ,8118.09,8248.09,8083.65,8194.22,97.74,1.21,19131.0,444431.0,45.57,3.29,38555683.0,87972992.004157
801742.SI,20231009,航空装备Ⅱ,8209.44,8309.53,8130.84,8221.29,27.07,0.33,21701.0,474531.0,45.68,3.3,38683075.0,88361460.542386
801742.SI,20231010,航空装备Ⅱ,8232.0,8339.78,8153.33,8229.51,8.21,0.1,22846.0,509981.0,45.84,3.31,38721722.0,88457740.345352
801742.SI,20231011,航空装备Ⅱ,8242.07,8272.92,8002.94,8054.76,-174.74,-2.12,31097.0,709941.0,44.81,3.24,37899508.0,86554269.467927
801742.SI,20231012,航空装备Ⅱ,8061.23,8138.54,7960.44,8053.6,-1.16,-0.01,28901.0,599175.0,44.8,3.24,37894029.0,86606663.120347
801742.SI,20231013,航空装备Ⅱ,8022.54,8054.43,7866.75,7930.4,-123.19,-1.53,24805.0,510803.0,44.13,3.19,37314369.0,85223557.48928
801742.SI,20231016,航空装备Ⅱ,7927.26,8021.93,7811.96,7884.17,-46.23,-0.58,31783.0,592553.0,43.84,3.17,37096832.0,84791215.453402
801742.SI,20231017,航空装备Ⅱ,7863.69,7951.59,7757.51,7897.8,13.63,0.17,24361.0,487226.0,43.92,3.17,37160950.0,84840567.077292
801742.SI,20231018,航空装备Ⅱ,7870.96,7908.21,7731.69,7769.22,-128.58,-1.63,20511.0,411674.0,43.2,3.12,36555953.0,83330245.579272
801742.SI,20231019,航空装备Ⅱ,7741.81,7857.57,7668.28,7703.82,-65.39,-0.84,22516.0,457566.0,42.83,3.09,36248256.0,82650855.944703
801742.SI,20231020,航空装备Ⅱ,7680.39,7751.53,7559.09,7607.79,-96.03,-1.25,21380.0,434783.0,42.28,3.05,35796419.0,81728741.313269
801742.SI,20231023,航空装备Ⅱ,7589.35,7714.04,7462.12,7536.55,-71.24,-0.94,23790.0,502697.0,41.94,3.02,35461219.0,81184371.199128
801742.SI,20231024,航空装备Ⅱ,7566.79,7668.91,7456.33,7606.75,70.2,0.93,22370.0,454542.0,42.29,3.04,35835272.0,81994071.91189
801742.SI,20231025,航空装备Ⅱ,7666.05,7828.12,7613.0,7700.32,93.57,1.23,23112.0,498764.0,42.86,3.07,36276090.0,83058616.431934
801742.SI,20231026,航空装备Ⅱ,7664.05,7784.56,7550.73,7750.5,50.18,0.65,23688.0,490694.0,43.18,3.09,36512474.0,83585531.423834
801742.SI,20231027,航空装备Ⅱ,7718.95,7848.44,7632.37,7777.29,26.79,0.35,24596.0,544409.0,43.27,3.09,36638692.0,83927828.960244
801742.SI,20231030,航空装备Ⅱ,7751.12,7878.76,7690.89,7810.54,33.24,0.43,24868.0,536862.0,43.42,3.08,36795299.0,84253348.0529
801742.SI,20231031,航空装备Ⅱ,7793.71,7895.28,7724.75,7813.71,3.17,0.04,24809.0,492580.0,43.48,3.08,36810227.0,84210081.978358
801742.SI,20231101,航空装备Ⅱ,7812.16,7881.56,7735.6,7792.15,-21.56,-0.28,19325.0,395306.0,41.87,3.07,36739406.0,83935121.019543
801742.SI,20231102,航空装备Ⅱ,7791.47,7839.3,7629.79,7647.71,-144.44,-1.85,20898.0,439731.0,41.16,3.01,36058374.0,82346805.614641
801742.SI,20231103,航空装备Ⅱ,7645.04,7790.9,7608.49,7728.84,81.13,1.06,22274.0,451408.0,41.56,3.04,36401787.0,83242628.038572
801742.SI,20231106,航空装备Ⅱ,7761.14,7877.11,7725.78,7844.42,115.58,1.5,25477.0,561340.0,42.15,3.09,36946150.0,84415914.55443
801742.SI,20231107,航空装备Ⅱ,7832.7,7885.15,7752.68,7818.45,-25.97,-0.33,22182.0,467876.0,42.01,3.08,36823836.0,84198323.401988
801742.SI,20231108,航空装备Ⅱ,7810.14,7889.77,7751.53,7817.11,-1.33,-0.02,21777.0,462937.0,41.99,3.07,36817553.0,84147362.035981
801742.SI,20231109,航空装备Ⅱ,7804.22,7879.03,7739.72,7805.57,-11.55,-0.15,18834.0,415838.0,41.88,3.07,36763169.0,83914612.989371
801742.SI,20231110,航空装备Ⅱ,7789.71,7877.32,7728.8,7830.53,24.96,0.32,18653.0,394281.0,42.01,3.08,36930234.0,84288662.533036
801742.SI,20231113,航空装备Ⅱ,7846.72,8121.58,7780.8,8094.76,264.23,3.37,40296.0,915210.0,43.4,3.18,38176396.0,87069762.843275
801742.SI,20231114,航空装备Ⅱ,8082.94,8230.33,8032.0,8138.85,44.08,0.54,34070.0,802217.0,43.64,3.19,38384308.0,87539333.888475
801742.SI,20231115,航空装备Ⅱ,8170.28,8201.16,8029.49,8083.27,-55.57,-0.68,26478.0,553380.0,43.35,3.17,38129416.0,86960070.770334
801742.SI,20231116,航空装备Ⅱ,8059.65,8137.14,7991.39,8010.05,-73.22,-0.91,21390.0,448539.0,43.0,3.15,37784012.0,86184535.255001
801742.SI,20231117,航空装备Ⅱ,7994.08,8066.94,7942.92,8027.3,17.25,0.22,17333.0,372454.0,43.05,3.15,37865391.0,86389746.290785
801742.SI,20231120,航空装备Ⅱ,8032.12,8212.99,7984.76,8153.43,126.13,1.57,25429.0,587612.0,43.7,3.2,38460368.0,87680368.361268
801742.SI,20231121,航空装备Ⅱ,8148.49,8197.52,8037.61,8071.44,-82.0,-1.01,22361.0,506638.0,43.24,3.16,38073578.0,86818662.466982
801742.SI,20231122,航空装备Ⅱ,8052.65,8116.06,7969.65,7990.41,-81.03,-1.0,18289.0,409752.0,42.8,3.13,37691361.0,85976639.212272
801742.SI,20231123,航空装备Ⅱ,7986.52,8073.59,7939.46,8035.72,45.31,0.57,16070.0,361561.0,42.96,3.14,37905237.0,86403942.203931
801742.SI,20231124,航空装备Ⅱ,8030.58,8042.26,7853.19,7884.73,-150.99,-1.88,18064.0,390204.0,42.18,3.09,37192986.0,84828358.959928
801742.SI,20231127,航空装备Ⅱ,7869.75,7970.54,7816.54,7918.15,33.42,0.42,18892.0,416615.0,42.33,3.1,37353797.0,85167868.501035
801742.SI,20231128,航空装备Ⅱ,7917.56,7996.28,7842.36,7919.73,1.58,0.02,17391.0,374508.0,42.29,3.09,37390497.0,85052257.31737
801742.SI,20231129,航空装备Ⅱ,7901.34,7979.5,7836.51,7878.07,-41.66,-0.53,16584.0,358503.0,42.06,3.08,37193801.0,84610475.535554
801742.SI,20231130,航空装备Ⅱ,7875.47,7919.42,7738.91,7790.33,-87.74,-1.11,18673.0,371304.0,41.58,3.04,36779560.0,83750196.788621
801742.SI,20231201,航空装备Ⅱ,7776.43,7859.08,7710.49,7800.91,10.58,0.14,16106.0,330792.0,41.7,3.05,36829496.0,83916926.31013
801742.SI,20231204,航空装备Ⅱ,7817.38,7950.35,7781.83,7877.28,76.38,0.98,19077.0,432850.0,42.09,3.08,37190090.0,84753975.333131
801742.SI,20231205,航空装备Ⅱ,7869.89,7883.95,7673.36,7694.92,-182.36,-2.32,19160.0,422960.0,41.15,3.01,36329115.0,82788467.38728
801742.SI,20231206,航空装备Ⅱ,7678.18,7784.13,7635.07,7698.78,3.86,0.05,16815.0,369433.0,41.24,3.02,36318621.0,82806145.003301
801742.SI,20231207,航空装备Ⅱ,7687.81,7740.67,7564.84,7644.36,-54.41,-0.71,19117.0,416391.0,40.87,2.99,36061936.0,82247082.610666
801742.SI,20231208,航空装备Ⅱ,7629.18,7704.57,7487.22,7549.6,-94.76,-1.24,28072.0,648410.0,40.27,2.95,35614908.0,81232065.797591
801742.SI,20231211,航空装备Ⅱ,7541.6,7748.74,7452.25,7714.72,165.12,2.19,31798.0,675346.0,41.28,3.02,36393842.0,82987690.37666
801742.SI,20231212,航空装备Ⅱ,7707.35,7853.23,7646.7,7728.72,14.0,0.18,24905.0,524457.0,41.43,3.03,36459893.0,83172362.876527
801742.SI,20231213,航空装备Ⅱ,7726.24,7870.17,7670.88,7707.11,-21.61,-0.28,22496.0,504356.0,41.28,3.02,36357957.0,82934198.421272
801742.SI,20231214,航空装备Ⅱ,7719.08,7787.46,7627.12,7662.88,-44.24,-0.57,16666.0,359682.0,40.99,3.0,36149277.0,82459984.410291
801742.SI,20231215,航空装备Ⅱ,7662.56,7717.35,7535.39,7561.3,-101.58,-1.33,17339.0,364201.0,40.45,2.96,35769005.0,81390362.535457
801742.SI,20231218,航空装备Ⅱ,7540.23,7572.02,7379.09,7406.66,-154.64,-2.05,19080.0,379978.0,39.6,2.9,35059082.0,79782470.64204
801742.SI,20231219,航空装备Ⅱ,7419.19,7492.08,7292.41,7384.54,-22.12,-0.3,18414.0,420450.0,39.51,2.89,34972952.0,79574230.633717
801742.SI,20231220,航空装备Ⅱ,7385.67,7450.34,7183.85,7212.13,-172.41,-2.33,22787.0,498388.0,38.54,2.82,34156426.0,77769746.915888
801742.SI,20231221,航空装备Ⅱ,7178.23,7296.03,7098.19,7241.96,29.83,0.41,21934.0,471224.0,38.69,2.83,34297722.0,78048230.604634
801742.SI,20231222,航空装备Ⅱ,7257.1,7610.59,7223.51,7508.35,266.38,3.68,40587.0,927808.0,40.22,2.94,35559302.0,80897806.131554
801742.SI,20231225,航空装备Ⅱ,7521.24,7831.58,7485.86,7684.81,176.46,2.35,36688.0,918585.0,41.18,3.01,36395019.0,82921209.314019
801742.SI,20231226,航空装备Ⅱ,7662.82,7747.73,7477.92,7620.37,-64.44,-0.84,28778.0,676344.0,40.88,2.99,36089847.0,82133923.011384
801742.SI,20231227,航空装备Ⅱ,7586.84,7631.85,7469.0,7567.08,-53.29,-0.7,21050.0,503122.0,40.57,2.97,35837297.0,81495883.931611
801742.SI,20231228,航空装备Ⅱ,7569.19,7766.49,7517.29,7699.69,132.61,1.75,31141.0,701498.0,41.31,3.02,36472418.0,82882095.835804
801742.SI,20231229,航空装备Ⅱ,7693.89,7824.74,7644.75,7767.27,67.58,0.88,27728.0,627121.0,41.69,3.05,36749726.0,83650446.524461
801742.SI,20240102,航空装备Ⅱ,7770.48,7968.42,7718.45,7806.99,39.72,0.51,36246.0,827468.0,41.87,3.06,36937647.0,84008630.091571
801742.SI,20240103,航空装备Ⅱ,7788.37,7839.2,7641.19,7724.04,-82.95,-1.06,26256.0,585606.0,41.43,3.02,36545160.0,83146415.31401
801742.SI,20240104,航空装备Ⅱ,7710.79,7785.23,7571.49,7639.53,-84.51,-1.09,22758.0,519113.0,40.99,2.99,36145334.0,82254800.71852
801742.SI,20240105,航空装备Ⅱ,7628.1,7666.62,7314.62,7370.98,-268.55,-3.52,35994.0,772582.0,39.59,2.89,34914149.0,79513836.254381
801742.SI,20240108,航空装备Ⅱ,7356.65,7405.11,7124.83,7143.02,-227.96,-3.09,29462.0,618026.0,38.42,2.8,33834365.0,77136687.607162
801742.SI,20240109,航空装备Ⅱ,7155.95,7237.86,7025.4,7112.07,-30.94,-0.43,26045.0,548565.0,38.33,2.8,33687788.0,76760389.15449
801742.SI,20240110,航空装备Ⅱ,7096.58,7185.52,6965.2,7032.88,-79.19,-1.11,22079.0,450005.0,37.92,2.77,33312685.0,75867262.529969
801742.SI,20240111,航空装备Ⅱ,7031.47,7185.97,6991.13,7145.64,112.76,1.6,25837.0,524545.0,38.51,2.81,33846934.0,77036501.599561
801742.SI,20240112,航空装备Ⅱ,7137.57,7215.64,7037.29,7104.54,-41.1,-0.58,27994.0,546383.0,38.36,2.8,33652258.0,76644019.900103
801742.SI,20240115,航空装备Ⅱ,7074.42,7089.8,6836.92,6888.21,-216.32,-3.04,38502.0,721321.0,37.22,2.71,32627589.0,74243559.484062
801742.SI,20240116,航空装备Ⅱ,6879.45,6947.53,6730.59,6859.97,-28.25,-0.41,35051.0,631230.0,37.07,2.7,32493793.0,73958572.076749
801742.SI,20240117,航空装备Ⅱ,6850.57,6876.36,6625.84,6635.65,-224.32,-3.27,29239.0,532291.0,35.89,2.62,31431256.0,71614016.37877
801742.SI,20240118,航空装备Ⅱ,6595.61,6727.58,6414.17,6674.42,38.77,0.58,38341.0,686235.0,36.11,2.63,31708196.0,72182102.797548
801742.SI,20240119,航空装备Ⅱ,6642.26,6707.4,6540.5,6585.43,-89.0,-1.33,23062.0,455308.0,35.63,2.59,31312031.0,71189069.305317
801742.SI,20240122,航空装备Ⅱ,6568.38,6640.29,6269.68,6322.59,-262.84,-3.99,33224.0,611871.0,34.25,2.49,30062299.0,68568578.842789
801742.SI,20240123,航空装备Ⅱ,6305.02,6465.59,6222.24,6407.92,85.34,1.35,28827.0,508343.0,34.73,2.53,30484385.0,69396991.096385
801742.SI,20240124,航空装备Ⅱ,6425.0,6493.49,6202.73,6451.58,43.65,0.68,32906.0,562864.0,34.94,2.54,30692058.0,69891263.57609
801742.SI,20240125,航空装备Ⅱ,6442.34,6719.55,6395.83,6696.71,245.13,3.8,37886.0,698559.0,36.26,2.64,31858215.0,72575499.489645
801742.SI,20240126,航空装备Ⅱ,6686.37,6745.08,6576.92,6619.16,-77.55,-1.16,27490.0,507007.0,35.87,2.61,31489289.0,71810254.33811
801742.SI,20240129,航空装备Ⅱ,6643.66,6703.39,6476.45,6492.19,-126.97,-1.92,25068.0,449655.0,35.21,2.56,30885260.0,70507609.51496
801742.SI,20240130,航空装备Ⅱ,6451.12,6590.39,6341.43,6379.99,-112.2,-1.73,24311.0,446579.0,34.72,2.53,30351513.0,69399230.230621
801742.SI,20240131,航空装备Ⅱ,6335.18,6388.6,6077.65,6111.85,-268.14,-4.2,32542.0,556806.0,33.23,2.42,29075888.0,66512298.730026
801742.SI,20240201,航空装备Ⅱ,6061.33,6220.58,5951.08,6072.55,-39.3,-0.64,31541.0,514423.0,33.01,2.4,28888928.0,66118306.061118
801742.SI,20240202,航空装备Ⅱ,6074.73,6155.99,5617.83,5811.25,-261.3,-4.3,39426.0,628940.0,31.62,2.3,27660453.0,63289503.278782
801742.SI,20240205,航空装备Ⅱ,5761.56,5882.6,5358.96,5619.34,-191.91,-3.3,49668.0,734891.0,30.59,2.23,26746991.0,61464909.2653
801742.SI,20240206,航空装备Ⅱ,5577.81,6080.38,5485.83,6041.5,422.16,7.51,47929.0,745217.0,32.85,2.39,28756395.0,65922480.698117
801742.SI,20240207,航空装备Ⅱ,6066.36,6385.32,5993.53,6305.37,263.87,4.37,56781.0,977263.0,34.24,2.5,30012382.0,68528935.845521
801742.SI,20240208,航空装备Ⅱ,6359.05,6660.07,6277.55,6488.73,183.36,2.91,53712.0,935691.0,35.13,2.56,30885133.0,70422039.543561
801742.SI,20240219,航空装备Ⅱ,6574.08,6646.17,6371.93,6475.37,-13.36,-0.21,49802.0,837375.0,35.16,2.56,30821277.0,70267394.379307
801742.SI,20240220,航空装备Ⅱ,6442.03,6512.13,6340.75,6455.49,-19.88,-0.31,29738.0,520147.0,35.04,2.55,30745780.0,70079369.964757
801742.SI,20240221,航空装备Ⅱ,6412.28,6649.36,6366.02,6501.01,45.52,0.71,36184.0,642572.0,35.31,2.57,30961456.0,70602026.904106
801742.SI,20240222,航空装备Ⅱ,6473.43,6593.86,6445.67,6557.95,56.93,0.88,28054.0,498022.0,35.61,2.59,31232612.0,71199411.390103
801742.SI,20240223,航空装备Ⅱ,6570.86,6689.66,6485.8,6644.55,86.6,1.32,35453.0,631446.0,36.08,2.63,31645046.0,72190788.459342
801742.SI,20240226,航空装备Ⅱ,6647.59,6815.33,6592.72,6714.7,70.15,1.06,39477.0,732677.0,36.4,2.65,31979142.0,73028792.462446
801742.SI,20240227,航空装备Ⅱ,6682.6,6858.84,6634.35,6849.94,135.24,2.01,36215.0,699701.0,37.12,2.7,32623253.0,74386687.613262
801742.SI,20240228,航空装备Ⅱ,6857.72,6970.32,6589.88,6599.28,-250.66,-3.66,49660.0,926395.0,35.84,2.61,31429450.0,71766941.073479
801742.SI,20240229,航空装备Ⅱ,6556.06,6830.97,6538.22,6819.45,220.17,3.34,38189.0,710385.0,37.05,2.7,32478034.0,73988627.024385
801742.SI,20240301,航空装备Ⅱ,6838.03,6973.08,6785.61,6932.97,113.52,1.66,39944.0,722247.0,37.67,2.74,33018665.0,75119939.082214
801742.SI,20240304,航空装备Ⅱ,6929.49,6980.15,6794.0,6879.83,-53.14,-0.77,32179.0,586863.0,37.4,2.72,32765578.0,74554506.068022
801742.SI,20240305,航空装备Ⅱ,6855.53,7109.3,6810.66,6979.98,100.15,1.46,51139.0,971871.0,38.01,2.77,33242555.0,75685191.465048
801742.SI,20240306,航空装备Ⅱ,6956.71,7072.82,6833.22,6988.0,8.03,0.11,42267.0,791227.0,37.99,2.76,33279428.0,75785648.886014
801742.SI,20240307,航空装备Ⅱ,6983.63,7034.6,6784.39,6802.15,-185.85,-2.66,37369.0,692115.0,36.99,2.69,32406678.0,73820394.743554
801742.SI,20240308,航空装备Ⅱ,6817.43,6928.34,6741.19,6860.5,58.35,0.86,34157.0,641749.0,37.33,2.72,32684666.0,74292124.875053
801742.SI,20240311,航空装备Ⅱ,6856.11,7047.21,6812.26,7013.52,153.01,2.23,42821.0,797208.0,38.14,2.77,33413654.0,75882129.740221
801742.SI,20240312,航空装备Ⅱ,7032.89,7221.47,6985.69,7150.16,136.64,1.95,53698.0,1008106.0,38.83,2.83,34064629.0,77315712.857072
801742.SI,20240313,航空装备Ⅱ,7156.03,7309.85,7050.98,7167.23,17.08,0.24,55292.0,1107234.0,38.87,2.83,34145979.0,77548019.369007
801742.SI,20240314,航空装备Ⅱ,7136.4,7190.37,6940.37,7013.75,-153.49,-2.14,43370.0,863912.0,38.04,2.77,33414741.0,75854153.393647
801742.SI,20240315,航空装备Ⅱ,7001.56,7130.12,6942.93,7083.22,69.47,0.99,38850.0,753444.0,38.33,2.79,33745724.0,76580700.275326
801742.SI,20240318,航空装备Ⅱ,7131.62,7357.35,7085.43,7319.71,236.49,3.34,66717.0,1327814.0,40.0,2.87,34872406.0,78863647.283592
801742.SI,20240319,航空装备Ⅱ,7304.78,7450.49,7220.23,7274.38,-45.33,-0.62,57502.0,1168610.0,39.76,2.85,34656469.0,78330420.10136
801742.SI,20240320,航空装备Ⅱ,7269.92,7396.34,7205.98,7307.12,32.73,0.45,50868.0,964634.0,39.96,2.89,34812412.0,78586040.693739
801742.SI,20240321,航空装备Ⅱ,7320.26,7447.97,7193.17,7344.46,37.34,0.51,65667.0,1203774.0,40.14,2.9,34992090.0,78953594.642675
801742.SI,20240322,航空装备Ⅱ,7318.28,7405.71,7136.95,7233.03,-111.44,-1.52,62974.0,1216585.0,39.59,2.86,34516938.0,77571825.625186
801742.SI,20240325,航空装备Ⅱ,7211.28,7311.24,7010.07,7058.18,-174.85,-2.42,51424.0,1006992.0,38.7,2.8,33682552.0,76282786.625271
801742.SI,20240326,航空装备Ⅱ,7029.85,7164.77,6895.99,7042.85,-15.33,-0.22,44789.0,884236.0,38.67,2.79,33609417.0,75959135.603722
801742.SI,20240327,航空装备Ⅱ,7019.26,7104.22,6762.26,6816.6,-226.25,-3.21,51060.0,970951.0,37.49,2.71,32529704.0,73634989.281802
801742.SI,20240328,航空装备Ⅱ,6863.2,7291.14,6840.05,7203.81,387.21,5.68,82329.0,1608495.0,39.58,2.86,34377539.0,77552864.663326
801742.SI,20240329,航空装备Ⅱ,7194.68,7359.04,7099.8,7281.86,78.05,1.08,60380.0,1214980.0,40.27,2.92,34749994.0,78269337.130653
801742.SI,20240401,航空装备Ⅱ,7350.48,7462.59,7199.34,7333.47,51.61,0.71,72915.0,1516185.0,40.95,2.92,34996303.0,78725691.924231
801742.SI,20240402,航空装备Ⅱ,7307.11,7377.54,7102.11,7175.52,-157.95,-2.15,70104.0,1403075.0,39.52,2.82,34238033.0,77184185.773528
801742.SI,20240403,航空装备Ⅱ,7108.32,7207.15,6954.25,7052.47,-123.05,-1.71,57553.0,1087970.0,38.8,2.77,33650892.0,75988604.717261
801742.SI,20240408,航空装备Ⅱ,7028.19,7107.81,6848.49,6871.47,-181.0,-2.57,54752.0,978128.0,37.84,2.7,32787266.0,74187017.120941
801742.SI,20240409,航空装备Ⅱ,6890.33,7044.79,6831.93,6951.24,79.77,1.16,51037.0,906703.0,38.06,2.73,33167873.0,74962442.959915
801742.SI,20240410,航空装备Ⅱ,6923.7,6992.82,6730.54,6869.13,-82.1,-1.18,57241.0,1011159.0,37.55,2.69,32776113.0,74026145.728739
801742.SI,20240411,航空装备Ⅱ,6799.08,6910.25,6735.47,6781.68,-87.46,-1.27,43863.0,773649.0,37.05,2.66,32358810.0,73180152.295013
801742.SI,20240412,航空装备Ⅱ,6769.39,6917.86,6712.93,6765.84,-15.84,-0.23,44410.0,787540.0,37.05,2.65,32283249.0,73055758.959005
801742.SI,20240415,航空装备Ⅱ,6784.05,7019.09,6675.16,6874.34,108.5,1.6,63336.0,1165063.0,37.77,2.7,32800957.0,74423496.745183
801742.SI,20240416,航空装备Ⅱ,6832.04,6923.98,6556.31,6595.3,-279.04,-4.06,64497.0,1144092.0,35.98,2.6,31469511.0,71744028.210275
801742.SI,20240417,航空装备Ⅱ,6640.81,6880.05,6601.44,6859.14,263.84,4.0,54241.0,984059.0,37.43,2.7,32728439.0,74357399.458101
801742.SI,20240418,航空装备Ⅱ,6863.15,7085.68,6790.77,6960.33,101.19,1.48,72228.0,1324467.0,37.93,2.74,33211257.0,75241260.619414
801742.SI,20240419,航空装备Ⅱ,6912.79,7220.96,6873.93,7133.65,173.32,2.49,85917.0,1629215.0,38.88,2.81,34038249.0,77068709.233036
801742.SI,20240422,航空装备Ⅱ,7122.93,7375.5,6965.55,7198.43,64.78,0.91,97489.0,1894950.0,39.05,2.82,34347338.0,78246381.479976
801742.SI,20240423,航空装备Ⅱ,7141.52,7283.66,7016.05,7100.89,-97.54,-1.36,76318.0,1395535.0,39.87,2.78,33881919.0,77154639.143335
801742.SI,20240424,航空装备Ⅱ,7078.36,7328.0,7034.52,7290.2,189.31,2.67,80510.0,1503328.0,40.99,2.85,34785234.0,79067066.136416
801742.SI,20240425,航空装备Ⅱ,7275.02,7350.22,7108.05,7177.83,-112.37,-1.54,69667.0,1362186.0,40.86,2.81,34249075.0,77980054.060896
801742.SI,20240426,航空装备Ⅱ,7164.25,7367.33,7113.17,7248.53,70.7,0.98,91466.0,1721244.0,41.19,2.83,34586421.0,78651231.200831
801742.SI,20240429,航空装备Ⅱ,7252.25,7501.87,7191.3,7423.41,174.88,2.41,87969.0,1707000.0,42.39,2.85,35420880.0,80376996.282298
801742.SI,20240430,航空装备Ⅱ,7416.21,7507.93,7199.56,7261.36,-162.06,-2.18,75437.0,1471263.0,41.59,2.78,34647619.0,78801345.284789
801742.SI,20240506,航空装备Ⅱ,7349.37,7487.74,7250.57,7364.19,102.83,1.42,63372.0,1256374.0,47.49,2.91,35138266.0,79596270.978462
801742.SI,20240507,航空装备Ⅱ,7357.06,7673.74,7311.16,7607.89,243.7,3.31,92010.0,1838765.0,49.06,3.0,36301092.0,82094732.230849
801742.SI,20240508,航空装备Ⅱ,7578.96,7651.42,7426.69,7498.93,-108.96,-1.43,78437.0,1593854.0,48.36,2.96,35781213.0,81116991.355186
801742.SI,20240509,航空装备Ⅱ,7484.46,7858.03,7416.23,7800.4,301.47,4.02,94563.0,2037406.0,50.3,3.08,37219664.0,84221794.499223
801742.SI,20240510,航空装备Ⅱ,7806.3,7927.79,7642.13,7713.32,-87.08,-1.12,78676.0,1757187.0,49.74,3.04,36804167.0,83259198.192717
801742.SI,20240513,航空装备Ⅱ,7632.23,7778.69,7472.87,7618.44,-94.88,-1.23,63033.0,1310831.0,49.13,3.01,36351450.0,82398659.356281
801742.SI,20240514,航空装备Ⅱ,7604.69,7686.62,7474.92,7553.51,-64.94,-0.85,50026.0,1032717.0,48.71,2.98,36041609.0,81695051.905343
801742.SI,20240515,航空装备Ⅱ,7527.3,7664.6,7437.96,7502.45,-51.05,-0.68,50461.0,1041753.0,48.38,2.96,35798006.0,81063126.039496
801742.SI,20240516,航空装备Ⅱ,7507.88,7646.5,7419.42,7489.16,-13.29,-0.18,57778.0,1138527.0,48.3,2.95,35734578.0,80884110.299091
801742.SI,20240517,航空装备Ⅱ,7511.8,7736.52,7450.97,7699.51,210.35,2.81,76157.0,1532982.0,49.65,3.04,36738269.0,82982116.907139
801742.SI,20240520,航空装备Ⅱ,7689.55,7936.38,7617.72,7795.8,96.29,1.25,85197.0,1731723.0,50.27,3.08,37197736.0,83960959.233169
801742.SI,20240521,航空装备Ⅱ,7745.63,7808.27,7596.23,7649.64,-146.16,-1.87,61447.0,1193679.0,49.33,3.02,36500316.0,82489479.563348
801742.SI,20240522,航空装备Ⅱ,7643.73,7708.8,7525.73,7621.94,-27.7,-0.36,50836.0,984931.0,49.15,3.01,36367568.0,82182919.689878
801742.SI,20240523,航空装备Ⅱ,7654.73,7747.76,7485.11,7547.35,-74.59,-0.98,70740.0,1344308.0,48.67,2.98,36011655.0,81351250.858568
801742.SI,20240524,航空装备Ⅱ,7493.64,7532.73,7312.21,7336.24,-211.11,-2.8,57298.0,1043462.0,47.31,2.89,35004340.0,79229039.212482
801742.SI,20240527,航空装备Ⅱ,7331.66,7423.95,7178.92,7359.43,23.19,0.32,45913.0,851036.0,47.46,2.9,35115009.0,79399838.461136
801742.SI,20240528,航空装备Ⅱ,7326.5,7472.28,7236.7,7335.47,-23.95,-0.33,40675.0,799776.0,47.3,2.89,35000711.0,79253520.631244
801742.SI,20240529,航空装备Ⅱ,7325.72,7423.53,7237.38,7297.19,-38.28,-0.52,37019.0,634612.0,47.06,2.88,34808812.0,78855372.828702
801742.SI,20240530,航空装备Ⅱ,7257.07,7504.69,7183.18,7405.47,108.28,1.48,55055.0,966155.0,47.76,2.92,35325303.0,80091777.9612
801742.SI,20240531,航空装备Ⅱ,7412.07,7599.29,7366.91,7506.59,101.12,1.37,63245.0,1065597.0,48.41,2.96,35807640.0,81102998.894501
801742.SI,20240603,航空装备Ⅱ,7483.97,7591.9,7356.21,7440.1,-66.49,-0.89,54194.0,942411.0,47.98,2.94,35490480.0,80513607.268654
801742.SI,20240604,航空装备Ⅱ,7417.93,7617.51,7344.69,7545.46,105.37,1.42,52128.0,978138.0,48.66,2.98,35963844.0,81615829.502393
801742.SI,20240605,航空装备Ⅱ,7515.02,7774.12,7475.66,7581.35,35.89,0.48,60577.0,1257662.0,48.89,2.99,36134888.0,82164657.284785
801742.SI,20240606,航空装备Ⅱ,7567.97,7617.13,7343.24,7385.35,-196.0,-2.59,59242.0,1055299.0,47.62,2.91,35200705.0,80167706.16018
801742.SI,20240607,航空装备Ⅱ,7425.34,7556.37,7304.32,7402.31,16.96,0.23,43615.0,828201.0,47.73,2.92,35281519.0,80394236.552415
801742.SI,20240611,航空装备Ⅱ,7356.92,7562.55,7271.92,7527.12,124.81,1.69,39696.0,801044.0,48.54,2.97,35876400.0,81777478.472994
801742.SI,20240612,航空装备Ⅱ,7494.58,7655.04,7437.49,7529.82,2.7,0.04,39242.0,771713.0,48.56,2.97,35889283.0,81689928.719871
801742.SI,20240613,航空装备Ⅱ,7523.67,7612.82,7428.34,7536.23,6.41,0.09,38049.0,746126.0,48.6,2.97,35919855.0,81835251.690729
801742.SI,20240614,航空装备Ⅱ,7497.59,7523.37,7312.26,7407.21,-129.02,-1.71,43294.0,870277.0,47.76,2.92,35304885.0,80414323.033834
801742.SI,20240617,航空装备Ⅱ,7376.33,7581.93,7338.29,7459.43,52.22,0.7,45530.0,917974.0,48.1,2.94,35553766.0,80941451.069925
801742.SI,20240618,航空装备Ⅱ,7447.04,7572.01,7391.77,7497.9,38.47,0.52,41760.0,813763.0,48.35,2.96,35737841.0,81231581.764415
801742.SI,20240619,航空装备Ⅱ,7489.12,7541.32,7346.72,7387.85,-110.05,-1.47,39882.0,745475.0,47.64,2.92,35213320.0,80096094.335247
801742.SI,20240620,航空装备Ⅱ,7367.44,7408.91,7177.18,7202.27,-185.58,-2.51,40257.0,736166.0,41.53,2.84,34334281.0,78246253.410939
801742.SI,20240621,航空装备Ⅱ,7207.38,7320.05,7150.58,7224.55,22.28,0.31,28726.0,542128.0,41.66,2.85,34451407.0,78429368.82334
801742.SI,20240624,航空装备Ⅱ,7206.73,7283.31,7023.53,7045.08,-179.46,-2.48,37454.0,678370.0,40.62,2.78,33595613.0,76561553.069133
801742.SI,20240625,航空装备Ⅱ,7040.32,7135.56,6893.04,6964.64,-80.44,-1.14,35536.0,668379.0,40.16,2.75,33211720.0,75685608.621078
801742.SI,20240626,航空装备Ⅱ,6951.79,7111.67,6865.56,7091.09,126.44,1.82,32717.0,589757.0,40.89,2.8,33814684.0,76902908.754506
801742.SI,20240627,航空装备Ⅱ,7053.33,7096.12,6909.01,6939.45,-151.64,-2.14,28609.0,522824.0,40.01,2.74,33091565.0,75336498.008371
801742.SI,20240628,航空装备Ⅱ,6928.86,7240.45,6904.85,7149.82,210.37,3.03,45468.0,859911.0,41.23,2.82,34094747.0,77651613.569723
801742.SI,20240701,航空装备Ⅱ,7124.35,7193.03,6999.7,7140.53,-9.28,-0.13,33084.0,594502.0,41.18,2.82,34062618.0,77591269.912873
801742.SI,20240702,航空装备Ⅱ,7134.0,7198.67,7005.14,7065.1,-75.43,-1.06,28649.0,537999.0,40.75,2.79,33702770.0,76815780.468706
801742.SI,20240703,航空装备Ⅱ,7045.41,7078.63,6898.24,6941.44,-123.66,-1.75,25247.0,467270.0,40.02,2.74,33112870.0,75555281.524008
801742.SI,20240704,航空装备Ⅱ,6936.89,7023.5,6829.6,6866.45,-74.98,-1.08,26949.0,490888.0,39.59,2.71,32755168.0,74842672.103907
801742.SI,20240705,航空装备Ⅱ,6847.89,6929.38,6718.87,6897.58,31.13,0.45,25585.0,475321.0,39.76,2.72,32907958.0,75164994.187208
801742.SI,20240708,航空装备Ⅱ,6874.8,6938.25,6720.55,6752.73,-144.85,-2.1,27325.0,487286.0,38.93,2.67,32216869.0,73702512.551372
801742.SI,20240709,航空装备Ⅱ,6733.14,6879.21,6634.27,6825.95,73.22,1.08,35571.0,643585.0,39.35,2.69,32566199.0,74356523.3956
801742.SI,20240710,航空装备Ⅱ,6806.82,6919.16,6746.14,6825.43,-0.52,-0.01,26025.0,483977.0,39.35,2.69,32563742.0,74438270.351876
801742.SI,20240711,航空装备Ⅱ,6919.76,7051.82,6848.91,7009.45,184.02,2.7,32994.0,611653.0,40.41,2.77,33442299.0,76316502.964026
801742.SI,20240712,航空装备Ⅱ,7008.01,7073.26,6927.28,6989.13,-20.32,-0.29,25356.0,438279.0,40.29,2.76,33345351.0,76148705.704326
801742.SI,20240715,航空装备Ⅱ,6970.03,7029.18,6857.18,6900.13,-89.0,-1.27,24498.0,426007.0,39.78,2.72,32920726.0,75256031.998275
801742.SI,20240716,航空装备Ⅱ,6872.84,6996.44,6825.11,6964.56,64.43,0.93,24205.0,439529.0,40.15,2.75,33242173.0,75917749.793249
801742.SI,20240717,航空装备Ⅱ,6958.18,7040.83,6879.45,6940.32,-24.24,-0.35,25144.0,472636.0,40.01,2.74,33126496.0,75694877.965494
801742.SI,20240718,航空装备Ⅱ,6907.63,7165.03,6835.71,7117.92,177.6,2.56,38044.0,778890.0,41.03,2.81,33972897.0,77697453.166156
801742.SI,20240719,航空装备Ⅱ,7089.8,7271.94,7052.51,7228.98,111.06,1.56,35562.0,746595.0,41.66,2.85,34615260.0,78952954.513584
801742.SI,20240722,航空装备Ⅱ,7229.73,7360.83,7173.57,7253.7,24.71,0.34,32494.0,692199.0,41.81,2.86,34733592.0,79201415.903121
801742.SI,20240723,航空装备Ⅱ,7246.36,7268.14,7039.08,7050.6,-203.1,-2.8,29308.0,587271.0,40.63,2.78,33761072.0,77134373.97711
801742.SI,20240724,航空装备Ⅱ,7031.3,7274.08,7002.31,7117.37,66.77,0.95,38494.0,780330.0,41.02,2.81,34080804.0,77750760.383964
801742.SI,20240725,航空装备Ⅱ,7080.31,7178.38,6988.63,7100.13,-17.24,-0.24,29002.0,556959.0,40.92,2.8,33998257.0,77528435.873892
801742.SI,20240726,航空装备Ⅱ,7095.64,7453.21,7080.31,7407.53,307.4,4.33,58601.0,1130520.0,42.69,2.92,35470233.0,80859349.123377
801742.SI,20240729,航空装备Ⅱ,7428.59,7554.21,7308.58,7433.23,25.69,0.35,59571.0,1121232.0,42.84,2.93,35593256.0,81365420.158018
801742.SI,20240730,航空装备Ⅱ,7411.78,7513.28,7279.91,7431.51,-1.71,-0.02,55212.0,998836.0,42.83,2.93,35585053.0,81292324.541247
801742.SI,20240731,航空装备Ⅱ,7407.61,7588.08,7301.91,7534.53,103.02,1.39,68932.0,1277933.0,43.42,2.97,36078341.0,82324776.224703
801742.SI,20240801,航空装备Ⅱ,7509.78,7714.96,7457.35,7533.53,-1.0,-0.01,71214.0,1274583.0,43.42,2.97,36073530.0,82240294.713897
801742.SI,20240802,航空装备Ⅱ,7462.03,7683.52,7399.35,7444.24,-89.28,-1.19,66952.0,1191096.0,43.02,2.95,35646001.0,81319432.047169
801742.SI,20240805,航空装备Ⅱ,7408.04,7592.02,7241.81,7264.49,-179.75,-2.41,58957.0,1060938.0,41.98,2.88,34785274.0,79468637.075298
801742.SI,20240806,航空装备Ⅱ,7317.85,7548.78,7264.81,7463.91,199.42,2.75,58934.0,1067666.0,43.13,2.96,35740196.0,81562611.944887
801742.SI,20240807,航空装备Ⅱ,7461.97,7595.89,7378.42,7484.96,21.05,0.28,54902.0,1022827.0,43.26,2.97,35831362.0,81822518.654967
801742.SI,20240808,航空装备Ⅱ,7444.21,7472.23,7161.39,7227.41,-257.55,-3.44,62852.0,1072794.0,41.77,2.86,34598459.0,78966142.672758
801742.SI,20240809,航空装备Ⅱ,7238.22,7315.85,7140.15,7170.44,-56.97,-0.79,32227.0,579916.0,41.45,2.84,34325745.0,78377263.279029
801742.SI,20240812,航空装备Ⅱ,7151.26,7226.21,7031.61,7116.38,-54.07,-0.75,33822.0,552668.0,41.13,2.82,34066910.0,77857356.992821
801742.SI,20240813,航空装备Ⅱ,7115.75,7224.98,7067.98,7181.97,65.59,0.92,33066.0,548699.0,41.51,2.84,34380896.0,78586625.490418
801742.SI,20240814,航空装备Ⅱ,7165.76,7204.54,7046.01,7063.19,-118.78,-1.65,26065.0,443584.0,40.83,2.8,33812287.0,77307829.740735
801742.SI,20240815,航空装备Ⅱ,7052.9,7157.56,6989.31,7081.46,18.28,0.26,28592.0,494311.0,40.93,2.8,33900185.0,77540502.360782
801742.SI,20240816,航空装备Ⅱ,7095.98,7132.36,6902.34,6937.13,-144.33,-2.04,33607.0,594496.0,40.1,2.75,33209452.0,75908290.965038
801742.SI,20240819,航空装备Ⅱ,6910.04,7018.82,6862.01,6908.66,-28.47,-0.41,25789.0,461120.0,39.93,2.74,33073138.0,75579954.531981
801742.SI,20240820,航空装备Ⅱ,6913.1,6970.31,6760.9,6811.25,-97.41,-1.41,27418.0,475823.0,39.37,2.7,32606804.0,74572858.620845
801742.SI,20240821,航空装备Ⅱ,6787.88,6861.43,6730.61,6768.67,-42.58,-0.63,19997.0,350004.0,39.12,2.68,32402984.0,74099774.918737
801742.SI,20240822,航空装备Ⅱ,6780.59,6878.63,6695.82,6777.84,9.17,0.14,25773.0,436621.0,39.18,2.68,32446871.0,74292663.275379
801742.SI,20240823,航空装备Ⅱ,6767.62,6835.24,6679.76,6770.07,-7.77,-0.11,29845.0,444581.0,39.13,2.68,32409667.0,74290785.048578
801742.SI,20240826,航空装备Ⅱ,6739.44,6805.77,6593.62,6684.51,-85.56,-1.26,31917.0,542607.0,38.64,2.65,32000077.0,73361532.703267
801742.SI,20240827,航空装备Ⅱ,6652.08,6704.49,6534.46,6586.68,-97.83,-1.46,25568.0,405233.0,38.07,2.61,31531764.0,72421460.831435
801742.SI,20240828,航空装备Ⅱ,6582.7,6729.22,6526.99,6647.31,60.62,0.92,29125.0,500098.0,38.42,2.63,31821985.0,73048265.47699
801742.SI,20240829,航空装备Ⅱ,6623.22,6827.29,6577.2,6742.32,95.02,1.43,34318.0,619087.0,38.97,2.67,32276841.0,73980313.206612
801742.SI,20240830,航空装备Ⅱ,6742.58,6971.86,6709.96,6880.8,138.48,2.05,44579.0,804116.0,39.77,2.73,32939786.0,75310673.574458
801742.SI,20240902,航空装备Ⅱ,6852.67,6904.71,6676.66,6687.95,-192.85,-2.8,31935.0,555278.0,41.43,2.65,32027111.0,73195345.149571
801742.SI,20240903,航空装备Ⅱ,6704.53,6842.65,6682.06,6782.16,94.21,1.41,23916.0,431593.0,42.02,2.69,32478252.0,74206690.86993
801742.SI,20240904,航空装备Ⅱ,6750.01,6834.63,6704.16,6768.89,-13.27,-0.2,21571.0,393146.0,41.95,2.68,32518500.0,74454114.101776
801742.SI,20240905,航空装备Ⅱ,6771.36,6869.34,6735.08,6807.88,38.98,0.58,22639.0,403742.0,42.2,2.7,32705782.0,74816244.884865
801742.SI,20240906,航空装备Ⅱ,6813.05,6842.75,6678.73,6695.42,-112.46,-1.65,22017.0,374116.0,41.5,2.65,32165516.0,73694093.824653
801742.SI,20240909,航空装备Ⅱ,6684.35,6782.1,6598.65,6671.87,-23.55,-0.35,22934.0,422577.0,41.36,2.65,32052386.0,73307675.44309
801742.SI,20240910,航空装备Ⅱ,6685.15,6785.24,6562.46,6720.17,48.3,0.72,28471.0,491386.0,41.66,2.66,32284410.0,73664785.252179
801742.SI,20240911,航空装备Ⅱ,6695.43,6764.03,6645.63,6715.94,-4.23,-0.06,20707.0,363468.0,41.64,2.66,32264092.0,73626575.41428
801742.SI,20240912,航空装备Ⅱ,6719.48,6809.88,6643.39,6658.27,-57.67,-0.86,21616.0,370203.0,41.28,2.64,31987029.0,73086352.582285
801742.SI,20240913,航空装备Ⅱ,6665.12,6721.31,6575.72,6597.08,-61.19,-0.92,20956.0,349286.0,40.91,2.62,31693078.0,72496167.342816
801742.SI,20240918,航空装备Ⅱ,6611.08,6690.69,6437.91,6592.95,-4.13,-0.06,26972.0,480553.0,40.88,2.61,31673257.0,72205928.767821
801742.SI,20240919,航空装备Ⅱ,6607.25,6684.67,6438.26,6562.84,-30.11,-0.46,31168.0,566209.0,40.69,2.6,31528587.0,71776274.724831
801742.SI,20240920,航空装备Ⅱ,6546.06,6605.45,6432.09,6530.57,-32.27,-0.49,24740.0,451164.0,40.5,2.59,31373572.0,71437286.810932
801742.SI,20240923,航空装备Ⅱ,6515.41,6641.15,6480.11,6539.79,9.22,0.14,25827.0,411942.0,40.55,2.6,31417844.0,71504971.286915
801742.SI,20240924,航空装备Ⅱ,6576.19,6781.07,6503.9,6759.03,219.25,3.35,42036.0,704960.0,41.93,2.68,32487599.0,73860972.993056
801742.SI,20240925,航空装备Ⅱ,6801.24,6982.46,6765.03,6862.2,103.17,1.53,52003.0,884355.0,42.57,2.72,32983493.0,74973882.997846
801742.SI,20240926,航空装备Ⅱ,6846.43,7152.44,6806.76,7133.84,271.64,3.96,48902.0,892145.0,44.25,2.83,34308007.0,77680493.453151
801742.SI,20240927,航空装备Ⅱ,7222.33,7566.35,7177.16,7496.46,362.62,5.08,63314.0,1166700.0,46.49,2.98,36051911.0,81507487.719027
801742.SI,20240930,航空装备Ⅱ,7788.47,8350.65,7682.79,8289.86,793.4,10.58,115904.0,2442509.0,51.4,3.29,39867514.0,89924880.656698
801742.SI,20241008,航空装备Ⅱ,9346.65,9362.62,8548.9,9147.58,857.72,10.35,144917.0,3491991.0,56.71,3.63,43992456.0,99102033.179105
801742.SI,20241009,航空装备Ⅱ,8920.98,9111.19,8408.24,8500.17,-647.42,-7.08,135009.0,3282168.0,52.69,3.37,40878909.0,92015683.134901
801742.SI,20241010,航空装备Ⅱ,8497.2,8864.99,8233.73,8437.34,-62.83,-0.74,102932.0,2379727.0,52.32,3.35,40576769.0,91641237.199521
801742.SI,20241011,航空装备Ⅱ,8377.71,8443.88,7918.22,8039.72,-397.62,-4.71,76425.0,1687345.0,49.85,3.19,38664548.0,87123216.074199
801742.SI,20241014,航空装备Ⅱ,8176.62,8541.98,8080.61,8449.18,409.46,5.09,97397.0,2194133.0,52.38,3.35,40633722.0,91492547.87366
801742.SI,20241015,航空装备Ⅱ,8361.41,8699.73,8228.84,8406.84,-42.34,-0.5,98791.0,2206963.0,52.12,3.34,40433388.0,90719965.128692
801742.SI,20241016,航空装备Ⅱ,8301.89,8516.15,8136.88,8294.01,-112.83,-1.34,79233.0,1687590.0,51.43,3.29,39890713.0,89537935.290904
801742.SI,20241017,航空装备Ⅱ,8319.34,8598.02,8256.14,8399.54,105.53,1.27,76843.0,1671160.0,52.08,3.33,40398255.0,90386518.542041
801742.SI,20241018,航空装备Ⅱ,8407.68,8917.75,8297.39,8743.89,344.35,4.1,104382.0,2541834.0,54.22,3.47,42054449.0,93992404.985569
801742.SI,20241021,航空装备Ⅱ,8897.41,9333.92,8832.79,9138.32,394.43,4.51,115941.0,2830183.0,56.66,3.62,43951471.0,98111568.69598
801742.SI,20241022,航空装备Ⅱ,9196.74,9361.96,8877.24,9065.17,-73.15,-0.8,115790.0,2992481.0,56.2,3.59,43603897.0,97418045.103255
801742.SI,20241023,航空装备Ⅱ,9013.26,9713.21,8967.66,9449.72,384.56,4.24,144419.0,3718552.0,58.59,3.74,45457177.0,101418182.809622
801742.SI,20241024,航空装备Ⅱ,9394.4,9453.16,9036.41,9191.38,-258.34,-2.73,103543.0,2767776.0,56.98,3.64,44214445.0,98741129.71904
801742.SI,20241025,航空装备Ⅱ,9212.86,9515.94,9125.44,9300.46,109.08,1.19,96922.0,2586592.0,57.66,3.68,44739143.0,99586044.484676
801742.SI,20241028,航空装备Ⅱ,9341.05,9732.89,9258.7,9527.86,227.4,2.45,115616.0,3004401.0,59.08,3.77,45833039.0,101694615.378474
801742.SI,20241029,航空装备Ⅱ,9437.14,9656.73,9240.23,9310.87,-216.98,-2.28,111888.0,2689166.0,57.73,3.68,44789250.0,99508165.044999
801742.SI,20241030,航空装备Ⅱ,9226.74,9508.92,9121.99,9316.36,5.49,0.06,87662.0,2136193.0,57.77,3.64,44815639.0,99449686.958633
801742.SI,20241031,航空装备Ⅱ,9306.6,9583.31,9143.27,9368.22,51.86,0.56,99361.0,2593914.0,58.07,3.66,45065122.0,99882034.308647
801742.SI,20241101,航空装备Ⅱ,9315.88,9461.46,8951.09,8997.71,-370.51,-3.96,88356.0,2275206.0,60.07,3.51,43282795.0,96183380.156915
801742.SI,20241104,航空装备Ⅱ,9003.52,9408.33,8965.62,9271.53,273.82,3.04,75550.0,1921264.0,61.9,3.62,44599987.0,99379666.263341
801742.SI,20241105,航空装备Ⅱ,9430.71,10060.6,9401.3,9993.58,722.06,7.79,131263.0,3740617.0,66.7,3.9,48073379.0,107370975.040277
801742.SI,20241106,航空装备Ⅱ,10357.35,10552.64,9997.18,10185.13,191.55,1.92,145049.0,4361871.0,67.96,3.97,48994800.0,110024718.473407
801742.SI,20241107,航空装备Ⅱ,10004.69,10132.44,9600.1,9890.13,-295.0,-2.9,143604.0,3880554.0,66.01,3.86,47575706.0,106446565.688378
801742.SI,20241108,航空装备Ⅱ,9919.42,10442.34,9877.16,10233.7,343.58,3.47,136720.0,4103487.0,68.3,3.99,49228449.0,110475892.014828
801742.SI,20241111,航空装备Ⅱ,10318.53,10521.28,10023.6,10365.97,132.27,1.29,136805.0,3871260.0,69.18,4.04,49876404.0,111650256.793801
801742.SI,20241112,航空装备Ⅱ,10376.71,10462.94,9842.4,9973.74,-392.24,-3.78,117640.0,3341760.0,66.56,3.89,47989140.0,106887507.571882
801742.SI,20241113,航空装备Ⅱ,9931.87,10037.98,9645.0,9897.75,-75.98,-0.76,74944.0,2071673.0,66.05,3.86,47623546.0,106115753.062668
801742.SI,20241114,航空装备Ⅱ,9914.63,9968.32,9492.87,9532.06,-365.69,-3.69,66033.0,1815042.0,63.61,3.72,45863996.0,102156163.922191
801742.SI,20241115,航空装备Ⅱ,9487.4,9575.52,9083.89,9101.57,-430.49,-4.52,75856.0,2068792.0,60.74,3.55,43792682.0,97782267.460542
801742.SI,20241118,航空装备Ⅱ,9093.17,9263.77,8788.27,8901.18,-200.39,-2.2,72301.0,1965742.0,59.39,3.47,42828488.0,95860359.294697
801742.SI,20241119,航空装备Ⅱ,8938.53,9110.76,8769.67,9042.87,141.69,1.59,60729.0,1598948.0,60.34,3.53,43510214.0,97425025.181835
801742.SI,20241120,航空装备Ⅱ,9025.97,9265.25,8939.73,9187.54,144.67,1.6,58706.0,1566929.0,61.3,3.58,44206298.0,98947106.391729
801742.SI,20241121,航空装备Ⅱ,9147.13,9262.12,9007.75,9136.08,-51.45,-0.56,47092.0,1214868.0,60.96,3.56,43958732.0,98295168.982514
801742.SI,20241122,航空装备Ⅱ,9127.67,9275.61,8834.93,8860.87,-275.21,-3.01,66194.0,1667188.0,59.13,3.46,42634527.0,95456408.237955
801742.SI,20241125,航空装备Ⅱ,8823.87,8914.43,8533.93,8720.01,-140.86,-1.59,55682.0,1436457.0,58.19,3.4,41956773.0,93812547.322246
801742.SI,20241126,航空装备Ⅱ,8711.46,8848.77,8590.91,8636.76,-83.25,-0.95,39394.0,981570.0,57.64,3.37,41556228.0,92974848.140242
801742.SI,20241127,航空装备Ⅱ,8600.5,8918.87,8493.08,8890.85,254.08,2.94,51717.0,1273316.0,59.34,3.47,42778770.0,95738989.750483
801742.SI,20241128,航空装备Ⅱ,8917.08,9103.75,8821.89,8867.16,-23.69,-0.27,46187.0,1173832.0,59.18,3.46,42664771.0,95369423.208454
801742.SI,20241129,航空装备Ⅱ,8841.58,9086.75,8755.7,8985.11,117.95,1.33,47854.0,1193365.0,59.97,3.5,43232311.0,96687436.802658
801742.SI,20241202,航空装备Ⅱ,8996.28,9140.81,8932.46,9052.84,67.73,0.75,51911.0,1267285.0,60.42,3.53,43558195.0,97411991.622765
801742.SI,20241203,航空装备Ⅱ,9056.5,9098.37,8863.55,8962.27,-90.57,-1.0,43769.0,1090116.0,59.81,3.5,43122426.0,96295789.132375
801742.SI,20241204,航空装备Ⅱ,8944.89,8993.56,8767.93,8820.24,-142.03,-1.58,39044.0,936560.0,58.87,3.44,42439049.0,94829064.339035
801742.SI,20241205,航空装备Ⅱ,8797.42,9051.62,8761.08,8956.4,136.15,1.54,48501.0,1103091.0,59.77,3.49,43094158.0,96213653.646267
801742.SI,20241206,航空装备Ⅱ,8969.41,9131.28,8875.91,9046.75,90.36,1.01,51524.0,1197848.0,60.38,3.53,43528916.0,97134398.449596
801742.SI,20241209,航空装备Ⅱ,9045.39,9093.18,8819.85,8909.02,-137.73,-1.52,43491.0,1058527.0,59.45,3.47,42866201.0,95595607.900632
801742.SI,20241210,航空装备Ⅱ,9152.07,9221.77,8949.14,8998.29,89.27,1.0,59196.0,1444381.0,60.05,3.51,43295741.0,96597089.031021
801742.SI,20241211,航空装备Ⅱ,8977.06,9085.29,8887.34,9013.57,15.28,0.17,40929.0,984554.0,60.16,3.51,43369250.0,96758671.363985
801742.SI,20241212,航空装备Ⅱ,9068.21,9324.23,9014.36,9205.35,191.78,2.13,65820.0,1784024.0,61.76,3.6,44529265.0,101388718.939552
801742.SI,20241213,航空装备Ⅱ,9134.33,9180.8,8863.94,8908.66,-296.69,-3.22,58810.0,1512591.0,59.77,3.49,43094089.0,98033218.549425
801742.SI,20241216,航空装备Ⅱ,8889.85,9012.37,8755.59,8848.57,-60.09,-0.67,42881.0,1080965.0,59.37,3.46,42803414.0,97366830.810725
801742.SI,20241217,航空装备Ⅱ,8839.43,8924.12,8675.97,8722.11,-126.46,-1.43,38658.0,918330.0,58.51,3.41,42191705.0,96081404.075032
801742.SI,20241218,航空装备Ⅱ,8753.32,8867.77,8670.53,8764.11,42.0,0.48,32265.0,806385.0,58.8,3.43,42394871.0,96618622.951555
801742.SI,20241219,航空装备Ⅱ,8671.42,8821.34,8587.52,8779.26,15.15,0.17,33369.0,861345.0,58.91,3.44,42468140.0,96609454.242866
801742.SI,20241220,航空装备Ⅱ,8775.23,9031.73,8721.65,8923.94,144.68,1.65,37517.0,1081949.0,59.88,3.49,43167987.0,98207365.01705
801742.SI,20241223,航空装备Ⅱ,8918.34,8993.26,8672.26,8707.27,-216.67,-2.43,40816.0,1064212.0,58.43,3.41,42119896.0,95714704.047512
801742.SI,20241224,航空装备Ⅱ,8709.68,8838.67,8646.94,8776.12,68.86,0.79,31842.0,816301.0,58.89,3.44,42452976.0,96474594.976202
801742.SI,20241225,航空装备Ⅱ,8783.15,8854.36,8613.03,8743.96,-32.16,-0.37,33539.0,836951.0,58.68,3.42,42297412.0,96054697.001478
801742.SI,20241226,航空装备Ⅱ,8831.23,9102.29,8793.93,8943.91,199.94,2.29,50664.0,1473346.0,60.01,3.5,43264590.0,98244026.179333
801742.SI,20241227,航空装备Ⅱ,9248.98,9438.65,9045.78,9163.09,219.19,2.45,86254.0,2360860.0,61.49,3.59,44334987.0,100592205.14618
801742.SI,20241230,航空装备Ⅱ,9192.87,9337.96,9031.76,9183.15,20.05,0.22,82399.0,1809438.0,61.62,3.6,44432017.0,100675254.40284
801742.SI,20241231,航空装备Ⅱ,9164.48,9316.44,8953.47,9063.69,-119.45,-1.3,69634.0,1682721.0,60.83,3.55,43854058.0,99542011.752531
801742.SI,20250102,航空装备Ⅱ,8991.8,9061.24,8512.86,8587.2,-476.49,-5.26,65540.0,1550662.0,57.63,3.36,41548580.0,94533756.704897
801742.SI,20250103,航空装备Ⅱ,8535.6,8647.46,8253.4,8293.08,-294.12,-3.43,53533.0,1217603.0,55.66,3.25,40125504.0,91372503.972668
801742.SI,20250106,航空装备Ⅱ,8270.56,8397.72,8079.03,8192.0,-101.08,-1.22,38823.0,858230.0,54.98,3.21,39636417.0,90250994.674882
801742.SI,20250107,航空装备Ⅱ,8212.91,8352.05,8135.14,8329.57,137.57,1.68,34182.0,728237.0,55.91,3.26,40302057.0,91674975.700666
801742.SI,20250108,航空装备Ⅱ,8293.33,8387.0,8019.82,8248.42,-81.15,-0.97,43870.0,999581.0,55.36,3.23,39909429.0,90631729.016136
801742.SI,20250109,航空装备Ⅱ,8211.79,8568.96,8150.82,8445.98,197.55,2.4,47301.0,1150693.0,56.69,3.31,40865278.0,92999174.497157
801742.SI,20250110,航空装备Ⅱ,8400.2,8634.62,8299.18,8340.54,-105.44,-1.25,42196.0,1003422.0,55.98,3.27,40355096.0,91865398.05803
801742.SI,20250113,航空装备Ⅱ,8223.95,8477.1,8140.25,8342.68,2.15,0.03,34658.0,776389.0,56.0,3.27,40365477.0,91835730.548409
801742.SI,20250114,航空装备Ⅱ,8364.35,8646.93,8305.88,8608.52,265.83,3.19,45534.0,1091598.0,57.78,3.37,41651697.0,94672285.368245
801742.SI,20250115,航空装备Ⅱ,8589.44,8668.79,8442.81,8477.52,-130.99,-1.52,34092.0,806334.0,56.9,3.32,41017895.0,93174374.008948
801742.SI,20250116,航空装备Ⅱ,8509.05,8632.45,8379.72,8447.18,-30.34,-0.36,33388.0,763012.0,56.7,3.31,40871084.0,92811601.284238
801742.SI,20250117,航空装备Ⅱ,8414.98,8653.59,8364.38,8557.33,110.15,1.3,37999.0,867768.0,57.44,3.35,41404043.0,94010140.308735
801742.SI,20250120,航空装备Ⅱ,8598.24,8751.73,8509.61,8631.19,73.86,0.86,34964.0,885284.0,57.94,3.38,41761413.0,94583786.786247
801742.SI,20250121,航空装备Ⅱ,8659.95,8700.06,8457.49,8556.1,-75.1,-0.87,30064.0,757199.0,57.43,3.35,41398063.0,93660838.21953
801742.SI,20250122,航空装备Ⅱ,8528.04,8583.59,8372.36,8470.32,-85.78,-1.0,29455.0,737345.0,56.86,3.32,40983040.0,92729357.700293
801742.SI,20250123,航空装备Ⅱ,8542.6,8657.51,8297.95,8351.7,-118.62,-1.4,41885.0,1093848.0,56.06,3.27,40412232.0,91918511.188908
801742.SI,20250124,航空装备Ⅱ,8330.39,8446.05,8266.68,8375.38,23.68,0.28,33149.0,798614.0,56.22,3.28,40526838.0,92164108.820057
801742.SI,20250127,航空装备Ⅱ,8388.83,8469.27,8263.02,8284.88,-90.51,-1.08,28508.0,681577.0,55.61,3.24,40088889.0,91223511.192687
801742.SI,20250205,航空装备Ⅱ,8322.83,8430.61,8200.06,8316.98,32.1,0.39,32152.0,794294.0,55.85,3.24,40537752.0,91603070.079552
801742.SI,20250206,航空装备Ⅱ,8349.42,8651.54,8263.92,8595.33,278.36,3.35,45268.0,1167825.0,58.09,3.36,41894486.0,94603069.770455
801742.SI,20250207,航空装备Ⅱ,8578.06,8758.26,8501.1,8641.37,46.03,0.54,50625.0,1273772.0,58.4,3.38,42118859.0,95045870.731109
801742.SI,20250210,航空装备Ⅱ,8646.64,8740.07,8568.99,8668.43,27.07,0.31,40297.0,1005502.0,58.58,3.39,42250789.0,95363483.0
801742.SI,20250211,航空装备Ⅱ,8658.65,8696.06,8479.8,8554.53,-113.91,-1.31,36101.0,930757.0,57.8,3.34,41700870.0,94115537.0
801742.SI,20250212,航空装备Ⅱ,8529.06,8630.53,8482.34,8607.38,52.85,0.62,33887.0,839046.0,58.16,3.36,41958505.0,94614592.0
801742.SI,20250213,航空装备Ⅱ,8619.65,8783.66,8510.01,8552.96,-54.42,-0.63,48628.0,1259545.0,57.79,3.34,41693247.0,94148530.0
801742.SI,20250214,航空装备Ⅱ,8517.93,8595.5,8377.64,8479.57,-73.39,-0.86,46827.0,1153993.0,57.32,3.31,41353416.0,93306933.0
801742.SI,20250217,航空装备Ⅱ,8473.44,8587.31,8347.11,8470.2,-9.37,-0.11,45650.0,1184301.0,57.25,3.31,41302551.0,92923548.0
801742.SI,20250218,航空装备Ⅱ,8466.99,8524.98,8233.19,8291.04,-179.16,-2.12,42790.0,1064840.0,56.05,3.24,40438978.0,90984234.0
801742.SI,20250219,航空装备Ⅱ,8277.41,8495.39,8252.05,8443.38,152.34,1.84,42233.0,1122189.0,57.08,3.3,41182011.0,92489110.0
801742.SI,20250220,航空装备Ⅱ,8432.67,8629.5,8352.32,8566.52,123.14,1.46,56695.0,1392548.0,57.91,3.35,41782618.0,93674704.0
801742.SI,20250221,航空装备Ⅱ,8553.09,8756.73,8486.17,8680.33,113.81,1.33,59566.0,1610694.0,58.68,3.39,42337705.0,94742446.0
801742.SI,20250224,航空装备Ⅱ,8708.39,8852.13,8592.0,8705.59,25.26,0.29,57906.0,1492996.0,58.85,3.4,42460923.0,94821460.0
801742.SI,20250225,航空装备Ⅱ,8624.62,8767.42,8535.51,8627.93,-77.67,-0.89,46589.0,1210578.0,58.32,3.37,42082100.0,93966664.0
801742.SI,20250226,航空装备Ⅱ,8632.37,8760.98,8545.68,8660.2,32.28,0.37,49091.0,1252976.0,58.54,3.38,42239531.0,94216734.0
801742.SI,20250227,航空装备Ⅱ,8656.65,8682.7,8421.07,8542.22,-117.98,-1.36,47612.0,1189275.0,57.75,3.34,41664068.0,92991170.0
801742.SI,20250228,航空装备Ⅱ,8519.77,8595.28,8304.45,8334.22,-208.0,-2.43,45257.0,1112254.0,56.34,3.26,40649585.0,90831083.0
801742.SI,20250303,航空装备Ⅱ,8344.33,8554.26,8303.26,8404.41,70.19,0.84,40917.0,1077924.0,56.81,3.28,40991935.0,91588456.0
801742.SI,20250304,航空装备Ⅱ,8417.89,8765.86,8380.83,8686.51,282.1,3.36,75287.0,1839753.0,58.72,3.4,42367845.0,94598453.0
801742.SI,20250305,航空装备Ⅱ,8661.87,8821.46,8574.69,8687.32,0.81,0.01,61725.0,1573223.0,58.73,3.4,42377490.0,94462047.0
801742.SI,20250306,航空装备Ⅱ,8709.86,8821.38,8615.79,8752.07,64.76,0.75,62996.0,1577957.0,59.16,3.42,42693383.0,95095195.0
801742.SI,20250307,航空装备Ⅱ,8717.01,9174.42,8650.07,8924.27,172.19,1.97,96251.0,2513161.0,60.22,3.49,43800489.0,97124516.0
801742.SI,20250310,航空装备Ⅱ,8947.72,9165.73,8875.65,8981.28,57.01,0.64,66373.0,1751795.0,60.61,3.51,44080317.0,97604438.0
801742.SI,20250311,航空装备Ⅱ,8873.51,9209.66,8820.3,9140.05,158.77,1.77,76952.0,2032396.0,61.67,3.57,44859542.0,99608382.0
801742.SI,20250312,航空装备Ⅱ,9170.21,9301.71,8991.48,9034.68,-105.37,-1.15,69645.0,1787518.0,60.96,3.53,44342406.0,98394310.0
801742.SI,20250313,航空装备Ⅱ,9028.19,9134.34,8851.17,9008.31,-26.37,-0.29,61799.0,1519945.0,60.78,3.52,44212980.0,98120772.0
801742.SI,20250314,航空装备Ⅱ,9005.98,9091.45,8837.36,9013.14,4.82,0.05,58779.0,1482916.0,60.81,3.52,44236652.0,98147969.0
801742.SI,20250317,航空装备Ⅱ,9022.29,9102.61,8908.9,8965.23,-47.9,-0.53,50144.0,1283427.0,60.33,3.5,44001680.0,97690931.0
801742.SI,20250318,航空装备Ⅱ,8967.02,9090.51,8864.73,8959.84,-5.4,-0.06,48369.0,1310920.0,60.29,3.5,43975189.0,97428234.0
801742.SI,20250319,航空装备Ⅱ,8942.11,9002.94,8811.64,8865.86,-93.98,-1.05,40896.0,1062145.0,59.66,3.46,43513939.0,96456089.0
801742.SI,20250320,航空装备Ⅱ,8860.29,9125.31,8787.69,8940.96,75.1,0.85,68402.0,1629996.0,60.19,3.5,43903584.0,97285928.0
801742.SI,20250321,航空装备Ⅱ,8895.85,9050.97,8775.14,8848.62,-92.33,-1.03,60538.0,1460038.0,59.53,3.46,43493656.0,96275370.0
801742.SI,20250324,航空装备Ⅱ,8831.39,8915.18,8518.8,8685.7,-162.92,-1.84,61523.0,1441463.0,58.43,3.4,42692863.0,94547955.0
801742.SI,20250325,航空装备Ⅱ,8673.46,8867.42,8577.79,8667.48,-18.22,-0.21,53922.0,1219698.0,58.31,3.39,42603306.0,94294872.0
801742.SI,20250326,航空装备Ⅱ,8649.14,8789.37,8555.85,8651.89,-15.59,-0.18,43148.0,988232.0,58.21,3.38,42526665.0,94171389.0
801742.SI,20250327,航空装备Ⅱ,8634.75,8723.23,8467.38,8604.39,-47.5,-0.55,43418.0,968937.0,57.89,3.36,42293208.0,93680623.0
801742.SI,20250328,航空装备Ⅱ,8594.22,8677.74,8486.8,8533.97,-70.43,-0.82,36068.0,794119.0,57.35,3.34,41947040.0,92879604.0
801742.SI,20250331,航空装备Ⅱ,8437.4,8502.61,8218.75,8340.45,-193.52,-2.27,54720.0,1173141.0,59.86,3.23,40995819.0,90785184.0
801742.SI,20250401,航空装备Ⅱ,8407.26,8645.14,8266.03,8445.23,104.78,1.26,59474.0,1511494.0,59.08,3.25,41510848.0,92272098.0
801742.SI,20250402,航空装备Ⅱ,8403.76,8454.15,8199.49,8263.07,-182.15,-2.16,52954.0,1349139.0,58.65,3.18,40615513.0,89996762.0
801742.SI,20250403,航空装备Ⅱ,8191.08,8363.88,8149.04,8259.04,-4.04,-0.05,36551.0,899429.0,58.63,3.18,40595663.0,89908390.0
801742.SI,20250407,航空装备Ⅱ,7893.06,8145.67,7314.86,7564.47,-694.56,-8.41,78442.0,1793906.0,53.71,2.91,37182478.0,82392842.0
801742.SI,20250408,航空装备Ⅱ,7598.7,7842.38,7511.97,7714.12,149.65,1.98,61257.0,1290193.0,54.4,2.99,38376877.0,84288636.0
801742.SI,20250409,航空装备Ⅱ,7638.89,8251.61,7530.96,8152.83,438.71,5.69,88041.0,1989811.0,57.37,3.17,40559434.0,89138449.0
801742.SI,20250410,航空装备Ⅱ,8199.46,8422.28,8065.6,8315.74,162.91,2.0,79762.0,1807488.0,58.52,3.23,41372336.0,90561718.0
801742.SI,20250411,航空装备Ⅱ,8283.25,8496.56,8199.76,8343.84,28.1,0.34,57001.0,1380123.0,58.66,3.24,41512147.0,90898187.0
801742.SI,20250414,航空装备Ⅱ,8378.88,8528.58,8291.4,8396.8,52.96,0.63,49049.0,1207206.0,59.03,3.26,41775618.0,91365410.0
801742.SI,20250415,航空装备Ⅱ,8378.92,8415.23,8190.38,8267.8,-129.0,-1.54,39442.0,944096.0,57.63,3.21,41133821.0,89989306.0
801742.SI,20250416,航空装备Ⅱ,8398.26,8503.7,8169.13,8292.96,25.16,0.3,61493.0,1287765.0,57.8,3.22,41258973.0,90283490.0
801742.SI,20250417,航空装备Ⅱ,8227.43,8512.06,8201.82,8350.83,57.88,0.7,66027.0,1354089.0,58.21,3.24,41546917.0,90772707.0
801742.SI,20250418,航空装备Ⅱ,8314.82,8391.96,8197.64,8277.64,-73.19,-0.88,43779.0,940551.0,57.7,3.21,41182787.0,90025742.0
801742.SI,20250421,航空装备Ⅱ,8277.23,8554.87,8250.24,8476.84,199.19,2.41,56776.0,1228658.0,59.08,3.29,42173815.0,91973277.0
801742.SI,20250422,航空装备Ⅱ,8458.67,8572.01,8360.38,8429.02,-47.82,-0.56,59588.0,1258110.0,59.46,3.26,41935911.0,91489868.0
801742.SI,20250423,航空装备Ⅱ,8441.38,8481.75,8301.24,8366.39,-62.63,-0.74,49075.0,1073235.0,59.01,3.24,41624317.0,90742700.0
801742.SI,20250424,航空装备Ⅱ,8352.99,8428.07,8207.62,8298.82,-67.57,-0.81,49691.0,1037259.0,58.88,3.21,41288136.0,89900295.0
801742.SI,20250425,航空装备Ⅱ,8256.69,8366.33,8151.95,8288.27,-10.55,-0.13,38559.0,898843.0,59.03,3.2,41235659.0,89794565.0
801742.SI,20250428,航空装备Ⅱ,8281.88,8364.05,8147.39,8193.94,-94.33,-1.14,35484.0,782439.0,58.5,3.15,40804284.0,88777471.0
801742.SI,20250429,航空装备Ⅱ,8152.56,8281.59,8043.27,8207.91,13.97,0.17,36259.0,875807.0,58.86,3.14,40873864.0,88631495.0
801742.SI,20250430,航空装备Ⅱ,8195.47,8331.4,8154.35,8265.24,57.33,0.7,36330.0,860144.0,59.27,3.15,41159363.0,89230155.0
801742.SI,20250506,航空装备Ⅱ,8301.98,8450.82,8279.58,8415.32,150.08,1.82,42636.0,1038703.0,63.85,3.21,41906725.0,90799960.0
801742.SI,20250507,航空装备Ⅱ,8556.52,8933.65,8492.49,8744.05,328.73,3.91,124602.0,2934961.0,66.34,3.33,43543734.0,94695312.0
801742.SI,20250508,航空装备Ⅱ,8726.07,9049.64,8589.14,8962.25,218.2,2.5,139637.0,3097250.0,67.99,3.42,44630324.0,97603745.0
801742.SI,20250509,航空装备Ⅱ,8961.47,9019.28,8690.45,8756.08,-206.17,-2.3,117424.0,2449741.0,66.43,3.34,43603632.0,95336970.0
801742.SI,20250512,航空装备Ⅱ,8757.06,9301.09,8691.54,9097.95,341.88,3.9,154720.0,3780657.0,69.02,3.47,45303652.0,99580722.0
801742.SI,20250513,航空装备Ⅱ,9098.35,9136.12,8790.28,8841.6,-256.35,-2.82,111867.0,2606773.0,67.08,3.37,44027130.0,96646396.0
801742.SI,20250514,航空装备Ⅱ,8846.08,8964.65,8717.84,8791.26,-50.34,-0.57,78464.0,1834501.0,66.7,3.35,43776464.0,96031129.0
801742.SI,20250515,航空装备Ⅱ,8776.17,8908.52,8627.99,8694.43,-96.83,-1.1,94480.0,1901700.0,65.97,3.31,43294300.0,95052698.0
801742.SI,20250516,航空装备Ⅱ,8664.16,8855.88,8611.44,8662.29,-32.14,-0.37,73893.0,1526081.0,65.72,3.3,43133215.0,94794506.0
801742.SI,20250519,航空装备Ⅱ,8718.82,8858.95,8578.82,8756.53,94.23,1.09,84296.0,1813013.0,66.44,3.34,43602449.0,95996391.0
801742.SI,20250520,航空装备Ⅱ,8756.54,8850.68,8616.15,8730.9,-25.63,-0.29,80052.0,1720615.0,66.24,3.33,43474810.0,95528438.0
801742.SI,20250521,航空装备Ⅱ,8689.3,8814.13,8599.59,8712.54,-18.36,-0.21,76929.0,1498317.0,66.11,3.32,43383394.0,95482856.0
801742.SI,20250522,航空装备Ⅱ,8687.24,8871.29,8603.62,8677.1,-35.44,-0.41,91611.0,1790918.0,65.84,3.31,43206939.0,95163028.0
801742.SI,20250523,航空装备Ⅱ,8656.36,8799.3,8563.49,8622.27,-54.83,-0.63,84201.0,1594746.0,65.42,3.29,42933931.0,94632380.0
801742.SI,20250526,航空装备Ⅱ,8633.97,8784.68,8567.14,8712.83,90.56,1.05,70484.0,1344388.0,66.11,3.32,43384869.0,95530002.0
801742.SI,20250527,航空装备Ⅱ,8713.9,8773.02,8552.96,8660.47,-52.36,-0.6,70979.0,1339495.0,65.71,3.3,43124128.0,94952401.0
801742.SI,20250528,航空装备Ⅱ,8642.35,8745.27,8548.18,8603.06,-57.4,-0.66,67319.0,1236876.0,65.28,3.28,42838288.0,94224631.0
801742.SI,20250529,航空装备Ⅱ,8592.44,8887.71,8548.18,8824.95,221.88,2.58,75134.0,1606370.0,66.98,3.37,43950855.0,96420162.0
801742.SI,20250530,航空装备Ⅱ,8809.05,8989.1,8692.55,8848.83,23.88,0.27,87302.0,1977523.0,67.12,3.37,44098059.0,96755604.0
801742.SI,20250603,航空装备Ⅱ,8853.85,9012.66,8705.74,8810.89,-37.93,-0.43,101848.0,2388681.0,66.82,3.36,43909011.0,96703939.0
801742.SI,20250604,航空装备Ⅱ,8777.2,8883.54,8701.19,8778.23,-32.67,-0.37,70324.0,1569284.0,66.57,3.35,43746211.0,96274697.0
801742.SI,20250605,航空装备Ⅱ,8767.19,8860.39,8654.83,8771.16,-7.07,-0.08,68822.0,1542262.0,66.51,3.35,43725752.0,96145649.0
801742.SI,20250606,航空装备Ⅱ,8812.59,8940.77,8731.04,8759.27,-11.88,-0.14,71276.0,1540796.0,66.43,3.34,43688377.0,96068780.0
801742.SI,20250609,航空装备Ⅱ,8851.97,9098.01,8811.66,8968.39,209.12,2.39,87789.0,2219688.0,68.02,3.42,44731392.0,98846681.0
801742.SI,20250610,航空装备Ⅱ,8917.52,8965.91,8689.26,8780.13,-188.26,-2.1,75467.0,1739362.0,66.6,3.35,43792405.0,96698123.0
801742.SI,20250611,航空装备Ⅱ,8779.78,8874.82,8718.13,8814.58,34.45,0.39,44817.0,1052091.0,66.86,3.36,43964236.0,97138991.0
801742.SI,20250612,航空装备Ⅱ,8785.25,8873.21,8704.38,8765.29,-49.29,-0.56,45273.0,1092326.0,66.48,3.34,43718382.0,96645654.0
801742.SI,20250613,航空装备Ⅱ,8841.93,9012.94,8712.1,8900.17,134.88,1.54,116314.0,2711045.0,67.5,3.4,44391139.0,98427870.0
801742.SI,20250616,航空装备Ⅱ,8903.42,8990.55,8743.75,8861.32,-38.85,-0.44,83924.0,1925610.0,67.21,3.38,44198851.0,97956064.0
801742.SI,20250617,航空装备Ⅱ,8847.65,8974.6,8747.16,8874.2,12.88,0.15,76616.0,1668236.0,67.32,3.39,44273740.0,98124910.0
801742.SI,20250618,航空装备Ⅱ,8863.33,9048.52,8813.56,8927.41,53.2,0.6,87458.0,1996507.0,67.71,3.4,44539174.0,98754927.0
801742.SI,20250619,航空装备Ⅱ,8871.33,8915.34,8653.15,8745.39,-182.01,-2.04,79283.0,1812605.0,66.35,3.34,43641547.0,96687767.0
801742.SI,20250620,航空装备Ⅱ,8712.68,8754.93,8571.12,8616.96,-128.43,-1.47,52660.0,1171535.0,65.39,3.29,43005730.0,95285850.0
801742.SI,20250623,航空装备Ⅱ,8624.18,8789.93,8573.0,8741.49,124.53,1.45,56071.0,1223153.0,66.33,3.34,43627223.0,96437394.0
801742.SI,20250624,航空装备Ⅱ,8646.06,8857.75,8585.77,8780.93,39.45,0.45,74867.0,1636423.0,66.63,3.35,43824095.0,96711200.0
801742.SI,20250625,航空装备Ⅱ,8800.01,9115.38,8763.85,9044.4,263.47,3.0,110461.0,2564925.0,68.63,3.45,45139025.0,99486922.0
801742.SI,20250626,航空装备Ⅱ,9041.22,9275.95,8977.34,9045.6,1.2,0.01,115810.0,2646873.0,68.64,3.45,45144997.0,99552351.0
801742.SI,20250627,航空装备Ⅱ,9054.45,9260.64,9020.78,9111.4,65.81,0.73,87720.0,2029135.0,69.14,3.49,45473426.0,100441134.0
801742.SI,20250630,航空装备Ⅱ,9150.65,9599.94,9130.92,9523.77,412.37,4.53,125996.0,3232688.0,72.61,3.65,47754703.0,105201014.0
801742.SI,20250701,航空装备Ⅱ,9529.96,9607.07,9347.85,9479.56,-44.22,-0.46,116353.0,2764279.0,72.26,3.63,47551179.0,104740609.0
801742.SI,20250702,航空装备Ⅱ,9439.03,9489.96,9231.1,9281.54,-198.02,-2.09,88225.0,2019662.0,70.75,3.56,46557870.0,102644158.0
801742.SI,20250703,航空装备Ⅱ,9269.53,9429.81,9214.01,9304.3,22.76,0.25,65847.0,1536117.0,70.93,3.57,46672034.0,102988379.0
801742.SI,20250704,航空装备Ⅱ,9295.88,9441.28,9185.49,9305.24,0.95,0.01,67721.0,1717043.0,70.93,3.57,46676787.0,103078912.0
801742.SI,20250707,航空装备Ⅱ,9278.35,9431.37,9197.53,9314.67,9.43,0.1,52157.0,1367882.0,71.0,3.57,46724095.0,103334175.0
801742.SI,20250708,航空装备Ⅱ,9297.14,9429.9,9247.57,9390.72,76.05,0.82,53678.0,1388624.0,71.59,3.6,47108745.0,104021582.0
801742.SI,20250709,航空装备Ⅱ,9402.45,9549.55,9290.81,9330.99,-59.73,-0.64,71724.0,1789066.0,71.12,3.58,46809114.0,103941885.0
801742.SI,20250710,航空装备Ⅱ,9274.25,9371.28,9173.64,9307.57,-23.42,-0.25,57689.0,1462960.0,70.94,3.57,46691602.0,103528450.0
801742.SI,20250711,航空装备Ⅱ,9303.89,9477.39,9261.38,9392.63,85.06,0.91,59790.0,1552680.0,71.59,3.6,47118293.0,104405035.0
801742.SI,20250714,航空装备Ⅱ,9411.18,9603.98,9325.04,9401.04,8.41,0.09,55999.0,1543592.0,71.65,3.61,47160481.0,104392852.0
801742.SI,20250715,航空装备Ⅱ,9389.63,9497.39,9279.51,9387.65,-13.38,-0.14,52482.0,1361665.0,71.85,3.61,47087534.0,104215978.0
801742.SI,20250716,航空装备Ⅱ,9379.71,9466.72,9277.32,9363.27,-24.38,-0.26,38733.0,1072520.0,71.66,3.6,46965249.0,103862915.0
801742.SI,20250717,航空装备Ⅱ,9366.97,9791.08,9324.49,9722.7,359.43,3.84,91832.0,2644080.0,74.3,3.73,48864204.0,108263303.0
801742.SI,20250718,航空装备Ⅱ,9710.34,9965.99,9619.64,9840.78,118.08,1.21,94354.0,2770713.0,75.21,3.78,49457624.0,109917262.0
801742.SI,20250721,航空装备Ⅱ,9812.51,10043.64,9759.39,9920.84,80.06,0.81,81126.0,2287006.0,75.81,3.81,49870323.0,110538573.0
801742.SI,20250722,航空装备Ⅱ,9940.14,10156.61,9828.32,9935.88,15.04,0.15,90142.0,2530388.0,75.93,3.81,49945946.0,110703053.0
801742.SI,20250723,航空装备Ⅱ,9886.37,9980.77,9697.69,9769.69,-166.19,-1.67,78975.0,2217979.0,74.66,3.75,49110553.0,108612465.0
801742.SI,20250724,航空装备Ⅱ,9784.72,10093.93,9743.44,9989.5,219.8,2.25,96674.0,2441071.0,76.34,3.83,50215468.0,110926491.0
801742.SI,20250725,航空装备Ⅱ,9998.81,10156.11,9868.27,10020.8,31.31,0.31,77588.0,1984345.0,76.5,3.84,50502503.0,111375038.0
801742.SI,20250728,航空装备Ⅱ,10028.14,10361.14,9974.3,10236.46,215.66,2.15,98211.0,2741810.0,78.14,3.92,51589371.0,113828220.0
801742.SI,20250729,航空装备Ⅱ,10203.45,10446.36,10091.05,10390.17,153.71,1.5,101328.0,2734805.0,79.32,3.98,52364044.0,115691075.0
801742.SI,20250730,航空装备Ⅱ,10396.25,10568.83,10100.78,10241.35,-148.82,-1.43,112079.0,3046804.0,78.18,3.92,51614023.0,114100008.0
801742.SI,20250731,航空装备Ⅱ,10182.1,10404.25,10064.88,10190.16,-51.19,-0.5,88251.0,2444713.0,77.79,3.9,51356027.0,113672897.0
801742.SI,20250801,航空装备Ⅱ,10178.58,10241.58,9905.96,10016.4,-173.76,-1.71,75781.0,2076411.0,76.47,3.83,50480337.0,111424164.0
801742.SI,20250804,航空装备Ⅱ,9988.4,10372.86,9920.52,10267.28,250.88,2.5,101534.0,2821060.0,78.37,3.93,51744689.0,114393285.0
801742.SI,20250805,航空装备Ⅱ,10288.06,10473.08,10156.38,10259.49,-7.79,-0.08,103816.0,2793410.0,78.32,3.93,51705430.0,114033681.0
801742.SI,20250806,航空装备Ⅱ,10246.0,10589.3,10197.59,10453.51,194.02,1.89,122764.0,3410109.0,79.8,4.0,52683241.0,116383138.0
801742.SI,20250807,航空装备Ⅱ,10443.05,10539.49,10244.58,10371.2,-82.31,-0.79,95815.0,2683117.0,79.16,3.97,52268422.0,115264720.0
801742.SI,20250808,航空装备Ⅱ,10330.7,10488.31,10238.78,10307.91,-63.29,-0.61,73459.0,2005759.0,78.68,3.94,51949438.0,114481903.0
801742.SI,20250811,航空装备Ⅱ,10321.87,10520.88,10228.32,10344.67,36.77,0.36,77457.0,2260188.0,78.97,3.96,52134728.0,114825443.0
801742.SI,20250812,航空装备Ⅱ,10337.87,10386.17,10063.06,10157.9,-186.78,-1.81,84648.0,2446696.0,77.54,3.89,51197630.0,112486929.0
801742.SI,20250813,航空装备Ⅱ,10163.6,10426.28,10110.51,10311.35,153.46,1.51,83762.0,2482774.0,78.72,3.95,51971077.0,113688568.0
801742.SI,20250814,航空装备Ⅱ,10283.29,10365.42,10012.87,10080.3,-231.05,-2.24,96568.0,2655638.0,76.96,3.86,50806554.0,111156856.0
801742.SI,20250815,航空装备Ⅱ,10089.26,10384.03,10051.73,10316.83,236.52,2.35,81912.0,2301576.0,78.77,3.95,52002884.0,113139624.0
801742.SI,20250818,航空装备Ⅱ,10362.94,10647.58,10307.72,10560.1,243.27,2.36,96732.0,2889068.0,80.63,4.04,53229108.0,115609895.0
801742.SI,20250819,航空装备Ⅱ,10473.25,10514.6,10199.37,10293.41,-266.69,-2.53,93709.0,2732525.0,78.59,3.94,51884855.0,112999325.0
801742.SI,20250820,航空装备Ⅱ,10262.44,10570.35,10147.31,10466.38,172.97,1.68,106434.0,2983584.0,79.91,4.01,52756710.0,114733884.0
801742.SI,20250821,航空装备Ⅱ,10476.71,10657.62,10324.07,10454.27,-12.11,-0.12,105346.0,2769454.0,79.82,4.0,52695675.0,114848895.0
801742.SI,20250822,航空装备Ⅱ,10442.21,10787.74,10320.59,10692.81,238.54,2.28,113000.0,3210452.0,81.65,4.09,53898061.0,117415151.0
801742.SI,20250825,航空装备Ⅱ,10758.16,11023.84,10640.83,10872.91,180.1,1.68,127278.0,3727629.0,83.19,4.17,55029254.0,119357880.0
801742.SI,20250826,航空装备Ⅱ,10839.08,10940.44,10598.43,10733.92,-139.0,-1.28,94365.0,2745547.0,82.12,4.12,54325780.0,117786781.0
801742.SI,20250827,航空装备Ⅱ,10713.16,10972.7,10449.53,10562.99,-170.93,-1.59,103930.0,3170603.0,80.82,4.05,53460699.0,115667394.0
801742.SI,20250828,航空装备Ⅱ,10594.21,10894.09,10339.13,10811.46,248.47,2.35,102995.0,3101098.0,82.73,4.14,54718229.0,117976828.0
801742.SI,20250829,航空装备Ⅱ,10831.0,11018.15,10556.11,10812.37,0.91,0.01,101854.0,3270584.0,82.74,4.14,54790393.0,118728693.0
801742.SI,20250901,航空装备Ⅱ,10773.61,10913.46,10500.54,10752.51,-59.85,-0.55,94499.0,3070756.0,86.03,4.1,54487100.0,118288785.0
801742.SI,20250902,航空装备Ⅱ,10771.56,10798.47,10300.45,10488.22,-264.29,-2.46,84955.0,2720183.0,83.91,4.0,53147842.0,115458115.0
801742.SI,20250903,航空装备Ⅱ,10518.72,10569.49,9799.23,9850.74,-637.48,-6.08,105653.0,3090758.0,78.81,3.75,49917478.0,107933129.0
801742.SI,20250904,航空装备Ⅱ,9804.48,9921.88,9361.53,9517.3,-333.45,-3.38,90148.0,2550660.0,76.14,3.63,48227779.0,104278671.0
801742.SI,20250905,航空装备Ⅱ,9531.26,9745.43,9442.7,9672.03,154.74,1.63,59375.0,1720009.0,77.37,3.69,49011884.0,105721282.0
801742.SI,20250908,航空装备Ⅱ,9764.7,9868.55,9581.45,9716.56,44.53,0.46,59667.0,1790570.0,77.76,3.71,49407462.0,106192656.0
801742.SI,20250909,航空装备Ⅱ,9696.74,9782.37,9470.02,9519.47,-197.09,-2.03,51957.0,1544708.0,76.18,3.63,48405268.0,104466979.0
801742.SI,20250910,航空装备Ⅱ,9513.85,9765.0,9472.42,9623.28,103.81,1.09,46969.0,1448038.0,77.05,3.67,48873554.0,105507701.0
801742.SI,20250911,航空装备Ⅱ,9683.3,9928.85,9604.24,9858.59,235.31,2.45,55751.0,1788716.0,78.96,3.76,50078013.0,107871539.0
801742.SI,20250912,航空装备Ⅱ,9836.97,9933.2,9713.84,9771.01,-87.58,-0.89,55649.0,1637594.0,78.26,3.73,49633162.0,107146360.0
801742.SI,20250915,航空装备Ⅱ,9770.19,9858.83,9636.11,9693.15,-77.87,-0.8,41976.0,1216156.0,77.63,3.7,49237632.0,106264079.0
801742.SI,20250916,航空装备Ⅱ,9691.91,9763.54,9539.35,9655.99,-37.15,-0.38,42897.0,1228909.0,77.33,3.68,49048910.0,105882934.0
801742.SI,20250917,航空装备Ⅱ,9672.0,9820.86,9602.37,9753.94,97.95,1.01,43584.0,1316034.0,78.12,3.72,49546448.0,106685818.0
801742.SI,20250918,航空装备Ⅱ,9750.46,9979.53,9577.62,9696.68,-57.26,-0.59,67626.0,2017271.0,77.66,3.7,49255565.0,106024453.0
801742.SI,20250919,航空装备Ⅱ,9693.44,9999.26,9613.43,9795.44,98.76,1.02,66381.0,2027724.0,78.54,3.74,49872306.0,107814929.0
801742.SI,20250922,航空装备Ⅱ,9793.11,9896.5,9659.27,9814.49,19.05,0.19,44293.0,1387961.0,78.68,3.75,49969285.0,108065189.0
801742.SI,20250923,航空装备Ⅱ,9868.17,10006.08,9547.38,9776.88,-37.61,-0.38,57225.0,1740882.0,78.38,3.74,49770627.0,107705426.0
801742.SI,20250924,航空装备Ⅱ,9722.49,9960.47,9640.84,9877.95,101.07,1.03,44739.0,1411822.0,79.19,3.77,50285149.0,108804124.0
801742.SI,20250925,航空装备Ⅱ,9848.24,9972.32,9698.95,9798.16,-79.79,-0.81,47581.0,1612692.0,78.61,3.75,49960271.0,107866120.0
801742.SI,20250926,航空装备Ⅱ,9770.87,10063.79,9656.53,9850.34,52.18,0.53,66395.0,2142605.0,79.01,3.77,50226345.0,108871232.0
801742.SI,20250929,航空装备Ⅱ,9877.07,10030.52,9717.25,9962.87,112.53,1.14,52554.0,1634109.0,79.92,3.81,50800127.0,109874416.0
801742.SI,20250930,航空装备Ⅱ,9997.59,10418.16,9932.86,10310.23,347.36,3.49,79308.0,2586197.0,82.71,3.94,52571286.0,114446343.0
801742.SI,20251009,航空装备Ⅱ,10331.41,10587.23,10157.85,10454.59,144.36,1.4,74497.0,2763949.0,83.88,4.0,53307353.0,115799670.0
801742.SI,20251010,航空装备Ⅱ,10446.91,10579.66,10240.24,10324.42,-130.17,-1.25,71179.0,2382188.0,82.83,3.95,52643622.0,114620675.0
801742.SI,20251013,航空装备Ⅱ,10045.14,10473.92,10000.79,10393.46,69.04,0.67,76468.0,2350762.0,83.39,3.98,52995676.0,115447243.0
801742.SI,20251014,航空装备Ⅱ,10440.35,10618.78,10134.28,10215.25,-178.21,-1.71,77390.0,2578781.0,82.04,3.91,52191881.0,113168533.0
801742.SI,20251015,航空装备Ⅱ,10192.91,10311.41,9967.04,10235.72,20.47,0.2,54577.0,1772400.0,82.21,3.92,52296467.0,113190542.0
801742.SI,20251016,航空装备Ⅱ,10288.2,10414.87,10049.25,10111.25,-124.48,-1.22,57772.0,1781506.0,81.21,3.87,51664165.0,112067557.0
801742.SI,20251017,航空装备Ⅱ,10084.49,10208.15,9723.92,9753.52,-357.73,-3.54,54914.0,1679126.0,78.34,3.74,49836341.0,108294464.0
801742.SI,20251020,航空装备Ⅱ,9838.93,9958.35,9669.88,9766.04,12.52,0.13,43603.0,1328413.0,78.43,3.74,49900300.0,108420959.0
801742.SI,20251021,航空装备Ⅱ,9777.67,9974.6,9726.99,9897.64,131.6,1.35,43213.0,1380590.0,79.58,3.8,50688062.0,109306412.0
801742.SI,20251022,航空装备Ⅱ,9899.18,10016.47,9762.14,9847.47,-50.17,-0.51,42519.0,1436747.0,79.17,3.78,50431129.0,108444999.0
801742.SI,20251023,航空装备Ⅱ,9786.21,9882.71,9560.41,9788.98,-58.49,-0.59,43380.0,1415569.0,78.7,3.75,50131601.0,107924512.0
801742.SI,20251024,航空装备Ⅱ,9873.57,10113.27,9797.22,9983.73,194.75,1.99,61546.0,1918786.0,80.33,3.82,51212516.0,109954908.0
801742.SI,20251027,航空装备Ⅱ,10066.46,10202.17,9919.95,10061.45,77.71,0.78,61693.0,1990293.0,80.96,3.85,51611161.0,110746109.0
801742.SI,20251028,航空装备Ⅱ,10038.84,10341.18,9956.08,10167.78,106.33,1.06,66289.0,2300915.0,81.81,3.89,52156592.0,111837335.0
801742.SI,20251029,航空装备Ⅱ,10162.3,10364.57,10060.38,10230.34,62.56,0.62,52190.0,1989725.0,82.32,3.91,52477511.0,112265214.0
801742.SI,20251030,航空装备Ⅱ,10176.46,10278.97,9925.93,10010.57,-219.77,-2.15,54267.0,2048242.0,80.55,3.77,51350194.0,109977360.0
801742.SI,20251031,航空装备Ⅱ,9994.91,10148.34,9834.25,9900.09,-110.48,-1.1,47448.0,1698984.0,79.66,3.71,50783480.0,108733734.0
801742.SI,20251103,航空装备Ⅱ,9899.29,10012.61,9736.8,9920.17,20.08,0.2,46422.0,1497461.0,80.92,3.71,50886477.0,108897518.0
801742.SI,20251104,航空装备Ⅱ,9931.68,10013.08,9697.06,9767.4,-152.77,-1.54,45258.0,1380601.0,79.67,3.66,50102813.0,107123826.0
801742.SI,20251105,航空装备Ⅱ,9645.45,9807.2,9600.58,9745.44,-21.96,-0.22,35398.0,1067608.0,79.55,3.65,50087712.0,107028142.0
801742.SI,20251106,航空装备Ⅱ,9779.82,10101.49,9745.98,9980.09,234.65,2.41,76033.0,2204412.0,81.47,3.74,51293700.0,109228881.0
801742.SI,20251107,航空装备Ⅱ,9931.38,10043.63,9791.35,9884.44,-95.64,-0.96,64862.0,1982862.0,80.71,3.71,50798777.0,108135262.0
801742.SI,20251110,航空装备Ⅱ,9877.63,9973.34,9688.69,9840.83,-43.62,-0.44,54873.0,1683914.0,80.35,3.69,50574619.0,107873555.0
801742.SI,20251111,航空装备Ⅱ,9857.55,9954.82,9657.67,9719.35,-121.48,-1.23,50505.0,1534848.0,79.36,3.64,49950318.0,106692789.0
801742.SI,20251112,航空装备Ⅱ,9687.42,9750.48,9457.46,9600.55,-118.8,-1.22,49987.0,1446978.0,78.39,3.6,49339797.0,105353023.0
801742.SI,20251113,航空装备Ⅱ,9577.78,9746.1,9543.77,9667.61,67.06,0.7,39490.0,1223691.0,78.94,3.62,49684422.0,105944846.0
801742.SI,20251114,航空装备Ⅱ,9621.29,9797.86,9539.19,9608.82,-58.79,-0.61,45667.0,1390761.0,78.46,3.6,49382297.0,105676155.0
801742.SI,20251117,航空装备Ⅱ,9776.1,9896.8,9631.23,9699.23,90.41,0.94,66618.0,1901972.0,79.19,3.63,49846940.0,106868807.0
801742.SI,20251118,航空装备Ⅱ,9664.32,9755.59,9486.47,9601.92,-97.31,-1.0,46851.0,1310883.0,78.4,3.6,49346835.0,105628535.0
801742.SI,20251119,航空装备Ⅱ,9585.49,9750.31,9493.83,9633.8,31.87,0.33,54041.0,1455609.0,78.66,3.61,49510634.0,106251785.0
801742.SI,20251120,航空装备Ⅱ,9630.54,9698.14,9484.6,9526.56,-107.24,-1.11,39520.0,1122928.0,77.85,3.57,49048966.0,104908419.0
801742.SI,20251121,航空装备Ⅱ,9423.71,9575.62,9214.24,9340.02,-186.54,-1.96,60534.0,1580642.0,76.33,3.5,48088518.0,102997905.0
801742.SI,20251124,航空装备Ⅱ,9380.53,9742.1,9345.1,9697.08,357.06,3.82,78352.0,2111273.0,79.24,3.64,49926900.0,107043708.0
801742.SI,20251125,航空装备Ⅱ,9704.62,9808.28,9579.71,9693.77,-3.31,-0.03,64218.0,1832186.0,79.22,3.64,49909863.0,106566002.0
801742.SI,20251126,航空装备Ⅱ,9665.17,9750.62,9459.79,9531.76,-162.01,-1.67,59347.0,1604250.0,77.9,3.58,49075740.0,104374627.0
801742.SI,20251127,航空装备Ⅱ,9548.35,9697.08,9480.89,9540.26,8.5,0.09,44014.0,1273661.0,77.97,3.58,49119485.0,104387657.0
801742.SI,20251128,航空装备Ⅱ,9539.98,9646.34,9464.32,9592.21,51.95,0.54,42502.0,1080207.0,77.82,3.6,49027698.0,104194726.0
801742.SI,20251201,航空装备Ⅱ,9729.36,9877.49,9625.51,9774.04,181.83,1.9,69975.0,1826023.0,79.82,3.66,50373517.0,106906424.0
801742.SI,20251202,航空装备Ⅱ,9786.34,9868.6,9626.47,9718.98,-55.05,-0.56,63503.0,1602145.0,79.36,3.64,50094834.0,106200893.0
801742.SI,20251203,航空装备Ⅱ,9704.53,9793.21,9527.65,9606.77,-112.21,-1.15,65366.0,1537822.0,78.45,3.6,49516472.0,104891777.0
801742.SI,20251204,航空装备Ⅱ,9575.43,9763.21,9511.32,9625.68,18.9,0.2,63824.0,1467929.0,78.67,3.61,49658727.0,105103841.0
801742.SI,20251205,航空装备Ⅱ,9611.68,9843.42,9552.99,9795.59,169.91,1.77,80815.0,1828683.0,79.74,3.68,50930987.0,106777550.0
801742.SI,20251208,航空装备Ⅱ,9898.56,10110.62,9819.3,9909.59,114.0,1.16,106712.0,2584115.0,80.66,3.73,51525043.0,107798742.0
801742.SI,20251209,航空装备Ⅱ,9874.32,10021.39,9756.6,9837.37,-72.22,-0.73,75519.0,1911854.0,80.07,3.7,51149524.0,106756955.0
801742.SI,20251210,航空装备Ⅱ,9825.77,10076.51,9729.53,9961.33,123.96,1.26,70184.0,2064137.0,81.08,3.75,51794073.0,107873101.0
801742.SI,20251211,航空装备Ⅱ,10026.36,10221.32,9867.86,9977.62,16.29,0.16,76628.0,2349354.0,81.22,3.75,51878757.0,107695930.0
801742.SI,20251212,航空装备Ⅱ,9973.13,10217.95,9856.98,10098.05,120.44,1.21,99458.0,3126620.0,82.2,3.8,52504969.0,108907934.0
801742.SI,20251215,航空装备Ⅱ,10075.42,10417.0,9955.63,10219.79,121.74,1.21,105137.0,3186466.0,83.19,3.85,53137950.0,110100781.0
801742.SI,20251216,航空装备Ⅱ,10200.07,10256.57,9833.99,10044.97,-174.82,-1.71,97666.0,2802338.0,81.8,3.78,52245412.0,108261810.0
801742.SI,20251217,航空装备Ⅱ,9996.78,10201.56,9816.08,10074.52,29.55,0.29,79327.0,2276103.0,82.05,3.79,52403241.0,108407257.0
801742.SI,20251218,航空装备Ⅱ,9985.52,10328.08,9924.82,10122.34,47.82,0.47,99892.0,2651460.0,82.43,3.81,52651987.0,109154019.0
801742.SI,20251219,航空装备Ⅱ,10145.92,10441.8,10076.33,10264.41,142.07,1.4,106099.0,2879717.0,83.59,3.86,53390977.0,110831167.0
801742.SI,20251222,航空装备Ⅱ,10305.62,10448.5,10154.1,10255.94,-8.47,-0.08,81535.0,2451563.0,83.52,3.86,53346904.0,110426192.0
801742.SI,20251223,航空装备Ⅱ,10249.81,10428.04,10057.82,10164.11,-91.84,-0.9,79568.0,2370783.0,82.78,3.83,52869214.0,109199120.0
801742.SI,20251224,航空装备Ⅱ,10125.3,10503.56,10056.77,10412.06,247.96,2.44,91398.0,2727688.0,84.79,3.92,54173227.0,111828431.0
801742.SI,20251225,航空装备Ⅱ,10432.47,10841.63,10352.84,10703.73,291.67,2.8,126380.0,3654333.0,87.17,4.03,55690766.0,115227678.0
801742.SI,20251226,航空装备Ⅱ,10745.84,10916.28,10538.85,10680.11,-23.62,-0.22,139422.0,4004129.0,86.97,4.02,55567869.0,114792078.0
801742.SI,20251229,航空装备Ⅱ,10746.72,10994.79,10575.91,10823.21,143.1,1.34,132051.0,4058751.0,88.14,4.08,56314465.0,116198973.0
801742.SI,20251230,航空装备Ⅱ,10809.91,11028.8,10597.56,10708.83,-114.39,-1.06,141565.0,4173166.0,87.21,4.03,55719293.0,115211567.0
801742.SI,20251231,航空装备Ⅱ,10696.06,10967.75,10548.46,10767.24,58.41,0.55,126988.0,3853706.0,87.67,4.05,56023211.0,115952390.0
801742.SI,20260105,航空装备Ⅱ,10932.45,11115.35,10689.74,10904.84,137.6,1.28,143148.0,4263561.0,88.8,4.11,56739183.0,117568556.0
801742.SI,20260106,航空装备Ⅱ,10867.9,11261.13,10727.02,11127.08,222.24,2.04,152755.0,4563397.0,90.67,4.19,58247263.0,120406866.0
801742.SI,20260107,航空装备Ⅱ,11057.63,11286.41,10819.48,11071.52,-55.56,-0.5,137386.0,4319434.0,90.22,4.17,57956437.0,119734675.0
801742.SI,20260108,航空装备Ⅱ,11049.68,11701.94,10965.31,11512.59,441.07,3.98,200391.0,5995774.0,93.5,4.35,60681190.0,124914551.0
801742.SI,20260109,航空装备Ⅱ,11675.12,12276.31,11449.35,11923.64,411.05,3.57,248529.0,7721570.0,96.84,4.5,62843139.0,128819224.0
801742.SI,20260112,航空装备Ⅱ,12154.15,12614.5,11892.78,12433.76,510.12,4.28,234619.0,7652998.0,100.98,4.7,65531711.0,134094156.0
801742.SI,20260113,航空装备Ⅱ,12293.76,12355.14,11477.51,11576.85,-856.91,-6.89,205741.0,6352951.0,94.01,4.37,61015408.0,125004557.0
801742.SI,20260114,航空装备Ⅱ,11525.61,11945.03,11268.77,11480.73,-96.12,-0.83,190462.0,5758556.0,93.23,4.34,60508789.0,123935697.0
801742.SI,20260115,航空装备Ⅱ,11401.19,11683.48,11194.21,11431.85,-48.88,-0.43,132291.0,4163062.0,92.83,4.32,60251159.0,123494370.0
801742.SI,20260116,航空装备Ⅱ,11440.5,11615.79,11160.06,11313.96,-117.88,-1.03,112047.0,3653690.0,91.87,4.27,59629862.0,121900463.0
801742.SI,20260119,航空装备Ⅱ,11263.66,11977.67,11175.73,11792.29,478.33,4.23,152496.0,4766981.0,95.76,4.45,62150861.0,127551589.0
801742.SI,20260120,航空装备Ⅱ,11814.09,12064.2,11344.31,11530.17,-262.12,-2.22,146812.0,4673336.0,93.63,4.35,60769358.0,125147647.0
801742.SI,20260121,航空装备Ⅱ,11455.48,11821.57,11379.15,11595.54,65.37,0.57,104735.0,3498212.0,94.17,4.38,61113895.0,125803764.0
801742.SI,20260122,航空装备Ⅱ,11573.07,12233.53,11546.63,12048.39,452.85,3.91,163725.0,5172979.0,97.85,4.55,63500629.0,130570463.0
801742.SI,20260123,航空装备Ⅱ,12065.87,12244.71,11785.26,12021.01,-27.38,-0.23,159976.0,5087289.0,97.63,4.54,63356332.0,130123259.0
801742.SI,20260126,航空装备Ⅱ,11990.76,12128.16,11508.6,11587.23,-433.79,-3.61,138684.0,4347573.0,94.1,4.38,61070074.0,125367478.0
801742.SI,20260127,航空装备Ⅱ,11539.57,12079.03,11405.42,11947.42,360.2,3.11,136050.0,4427142.0,97.04,4.51,62968492.0,129336974.0
801742.SI,20260128,航空装备Ⅱ,11928.51,12084.43,11597.28,11741.19,-206.23,-1.73,110894.0,3733906.0,95.37,4.43,61881549.0,127011915.0
801742.SI,20260129,航空装备Ⅱ,11666.82,11967.14,11461.27,11566.82,-174.38,-1.49,116194.0,3728329.0,93.95,4.37,60962512.0,125158531.0
801742.SI,20260130,航空装备Ⅱ,11504.03,11689.95,11082.29,11346.53,-220.29,-1.9,107427.0,3421902.0,92.15,4.28,59801487.0,122602791.0
801742.SI,20260202,航空装备Ⅱ,11309.1,11559.59,11045.59,11105.04,-241.48,-2.13,87355.0,2863869.0,90.19,4.19,58528760.0,120207882.0
801742.SI,20260203,航空装备Ⅱ,11237.26,11691.39,11128.22,11601.76,496.72,4.47,103351.0,3510981.0,94.23,4.38,61146682.0,125385081.0
801742.SI,20260204,航空装备Ⅱ,11544.83,11966.97,11398.73,11717.71,115.95,1.0,129037.0,4191885.0,95.18,4.43,61757770.0,126935471.0
801742.SI,20260205,航空装备Ⅱ,11627.64,11973.87,11489.95,11673.9,-43.81,-0.37,100954.0,3542192.0,94.82,4.41,61526891.0,126754474.0
801742.SI,20260206,航空装备Ⅱ,11562.4,11707.94,11291.67,11415.85,-258.05,-2.21,82826.0,2800116.0,92.72,4.31,60166831.0,123975713.0
801742.SI,20260209,航空装备Ⅱ,11592.1,11765.59,11388.75,11581.22,165.38,1.45,77698.0,2755893.0,94.06,4.37,61038449.0,125453683.0
801742.SI,20260210,航空装备Ⅱ,11604.26,11869.18,11391.14,11652.68,71.45,0.62,81440.0,2913793.0,94.64,4.4,61415049.0,126349312.0
801742.SI,20260211,航空装备Ⅱ,11634.32,11814.17,11454.69,11504.87,-147.81,-1.27,68847.0,2545422.0,93.44,4.34,60636026.0,124505955.0
801742.SI,20260212,航空装备Ⅱ,11486.19,11811.02,11391.65,11694.12,189.25,1.64,74201.0,2655870.0,94.98,4.42,61633441.0,126593374.0
801742.SI,20260213,航空装备Ⅱ,11662.7,12066.88,11553.57,11857.16,163.04,1.39,109360.0,3611147.0,96.31,4.48,62492761.0,129101948.0
801742.SI,20260224,航空装备Ⅱ,11930.51,12215.09,11765.52,12042.83,185.67,1.57,102704.0,3494540.0,97.82,4.55,63471346.0,130805415.0
801742.SI,20260225,航空装备Ⅱ,12033.85,12383.17,11888.47,12227.62,184.78,1.53,91751.0,3538275.0,99.32,4.62,64456742.0,132009191.0
801742.SI,20260226,航空装备Ⅱ,12201.08,12592.59,12007.06,12447.59,219.97,1.8,109343.0,4227280.0,101.11,4.7,65616577.0,134100513.0
801742.SI,20260227,航空装备Ⅱ,12366.6,12685.95,12173.08,12424.99,-22.6,-0.18,99491.0,4026458.0,100.92,4.69,65497428.0,133399290.0
801742.SI,20260302,航空装备Ⅱ,12594.64,12917.87,12259.31,12603.7,178.72,1.44,154582.0,5584489.0,102.37,4.76,66448697.0,136259995.0
801742.SI,20260303,航空装备Ⅱ,12546.89,12597.11,11556.36,11605.69,-998.02,-7.92,158952.0,5497307.0,94.25,4.38,61186989.0,125996982.0
801742.SI,20260304,航空装备Ⅱ,11424.08,11988.27,11347.64,11787.28,181.6,1.56,105625.0,3734668.0,95.74,4.45,62144400.0,128417054.0
801742.SI,20260305,航空装备Ⅱ,11907.96,12081.0,11658.09,11827.9,40.62,0.34,95822.0,3483081.0,96.03,4.46,62334869.0,128401923.0
801742.SI,20260306,航空装备Ⅱ,11767.78,12278.64,11645.48,11977.53,149.63,1.27,107690.0,3689175.0,97.25,4.52,63123453.0,130192883.0
801742.SI,20260309,航空装备Ⅱ,11775.3,11910.26,11365.58,11698.81,-278.73,-2.33,99125.0,3415387.0,94.99,4.41,61660190.0,127275717.0
801742.SI,20260310,航空装备Ⅱ,11759.98,12114.85,11700.55,11888.48,189.67,1.62,81591.0,2910554.0,96.57,4.49,62694628.0,129089842.0
801742.SI,20260311,航空装备Ⅱ,11918.61,12051.49,11578.11,11630.11,-258.37,-2.17,84799.0,2973563.0,94.47,4.39,61332099.0,126108457.0
801742.SI,20260312,航空装备Ⅱ,11650.44,11762.4,11228.25,11373.74,-256.37,-2.2,90281.0,3161950.0,92.39,4.29,59980106.0,123294546.0
801742.SI,20260313,航空装备Ⅱ,11287.51,11404.26,10999.44,11104.24,-269.5,-2.37,76148.0,2662656.0,87.23,4.19,58558873.0,120296398.0
801742.SI,20260316,航空装备Ⅱ,11099.65,11264.07,10866.97,11118.71,14.47,0.13,66309.0,2432198.0,87.44,4.19,58635193.0,120388942.0
801742.SI,20260317,航空装备Ⅱ,11197.41,11335.83,10820.74,10870.4,-248.31,-2.23,64913.0,2358056.0,85.28,4.1,57325733.0,117834593.0
801742.SI,20260318,航空装备Ⅱ,10876.28,11036.97,10706.93,10969.05,98.64,0.91,60298.0,2115993.0,85.14,4.13,57845941.0,118884362.0
801742.SI,20260319,航空装备Ⅱ,10768.02,10862.07,10507.43,10571.02,-398.02,-3.63,62423.0,2150187.0,82.05,3.98,55749442.0,114701852.0
801742.SI,20260320,航空装备Ⅱ,10611.98,10677.34,10237.56,10254.47,-316.56,-2.99,61546.0,2046552.0,79.91,3.86,54079980.0,111243429.0
801742.SI,20260323,航空装备Ⅱ,10034.04,10222.72,9670.71,9775.78,-478.69,-4.67,77328.0,2365292.0,76.19,3.68,51560102.0,106419268.0
801742.SI,20260324,航空装备Ⅱ,9949.73,10079.1,9732.01,10003.7,227.92,2.33,64710.0,1934049.0,77.95,3.77,52773927.0,108829860.0
801742.SI,20260325,航空装备Ⅱ,10050.49,10348.65,10004.39,10240.72,237.02,2.37,62584.0,1965635.0,79.8,3.86,54024299.0,111458831.0
801742.SI,20260326,航空装备Ⅱ,10242.23,10303.29,9947.88,10024.5,-216.22,-2.11,50470.0,1585062.0,78.12,3.78,52883638.0,109098244.0
801742.SI,20260327,航空装备Ⅱ,9876.52,10164.31,9824.02,10084.88,60.38,0.6,42860.0,1291275.0,79.98,3.8,53202175.0,109773762.0
801742.SI,20260330,航空装备Ⅱ,9955.58,10255.65,9906.75,10184.4,99.52,0.99,51478.0,1602617.0,79.02,3.84,53727178.0,110798062.0
801742.SI,20260331,航空装备Ⅱ,10206.36,10409.19,10028.42,10073.64,-110.76,-1.09,61082.0,1980636.0,75.31,3.77,53142894.0,109810910.0
801742.SI,20260401,航空装备Ⅱ,10248.09,10332.46,10065.69,10175.53,101.88,1.01,48302.0,1563615.0,76.05,3.81,53680366.0,110769787.0
801742.SI,20260402,航空装备Ⅱ,10165.84,10293.48,9927.99,9998.4,-177.13,-1.74,46284.0,1517680.0,73.11,3.74,52745946.0,109063968.0
801742.SI,20260403,航空装备Ⅱ,10031.71,10117.03,9785.54,9868.15,-130.25,-1.3,41328.0,1314658.0,72.18,3.7,51996884.0,107604472.0
801742.SI,20260407,航空装备Ⅱ,9917.26,10010.4,9713.56,9789.43,-78.72,-0.8,36866.0,1272493.0,71.6,3.67,51582073.0,106559220.0
801742.SI,20260408,航空装备Ⅱ,10010.54,10317.09,9969.81,10282.88,493.46,5.04,62265.0,2072667.0,75.21,3.85,54182184.0,111748326.0
801742.SI,20260409,航空装备Ⅱ,10163.15,10255.21,10012.34,10099.01,-183.87,-1.79,48547.0,1518103.0,73.87,3.79,53213340.0,109683736.0
801742.SI,20260410,航空装备Ⅱ,10177.99,10442.68,10139.63,10250.22,151.21,1.5,55314.0,1836922.0,74.45,3.84,54010081.0,111312662.0
801742.SI,20260413,航空装备Ⅱ,10211.66,10530.14,10142.62,10421.01,170.79,1.67,60173.0,2050997.0,75.69,3.91,54910016.0,113208267.0
801742.SI,20260414,航空装备Ⅱ,10478.88,10669.13,10402.46,10593.58,172.57,1.66,63694.0,2203309.0,76.95,3.97,55819302.0,114746077.0
801742.SI,20260415,航空装备Ⅱ,10652.66,10847.26,10462.27,10542.18,-51.4,-0.49,80857.0,2652089.0,77.38,3.95,55555956.0,114267871.0
801742.SI,20260416,航空装备Ⅱ,10528.79,10646.55,10365.13,10546.15,3.97,0.04,79658.0,2292340.0,77.41,3.95,55576871.0,114275500.0
801742.SI,20260417,航空装备Ⅱ,10511.95,10703.23,10380.52,10597.39,51.24,0.49,76252.0,2435532.0,77.86,3.97,55846901.0,114621104.0
801742.SI,20260420,航空装备Ⅱ,10603.36,10867.44,10498.3,10749.91,152.53,1.44,88189.0,2970599.0,78.98,4.03,56650700.0,116064784.0
801742.SI,20260421,航空装备Ⅱ,10760.88,10851.37,10515.97,10625.42,-124.49,-1.16,86021.0,2672295.0,78.07,3.98,55994650.0,114570638.0
801742.SI,20260422,航空装备Ⅱ,10559.04,10754.28,10465.7,10690.15,64.73,0.61,82177.0,2586186.0,78.52,4.01,56359454.0,114901037.0
801742.SI,20260423,航空装备Ⅱ,10752.75,11028.72,10478.66,10613.5,-76.65,-0.72,102232.0,3566133.0,77.96,3.98,55955369.0,114375400.0
801742.SI,20260424,航空装备Ⅱ,10568.3,10700.22,10288.06,10384.45,-229.05,-2.16,83179.0,2566001.0,76.08,3.88,54747778.0,111898426.0
801742.SI,20260427,航空装备Ⅱ,10362.04,10493.31,10141.94,10353.61,-30.84,-0.3,78267.0,2298983.0,75.94,3.87,54517098.0,111556522.0
801742.SI,20260428,航空装备Ⅱ,10235.75,10347.93,9926.08,10054.46,-299.15,-2.89,91166.0,2626242.0,73.74,3.76,52941866.0,108377945.0
801742.SI,20260429,航空装备Ⅱ,9940.34,10206.1,9865.26,10086.92,32.46,0.32,77087.0,2462384.0,76.05,3.75,53116628.0,108510820.0
801742.SI,20260430,航空装备Ⅱ,10075.12,10351.4,9981.6,10209.47,122.55,1.21,82827.0,2587696.0,76.94,3.79,53761944.0,109760339.0
801742.SI,20260506,航空装备Ⅱ,10285.51,10599.43,10245.65,10426.75,217.29,2.13,98835.0,3191265.0,81.23,3.87,54906151.0,111985951.0
801742.SI,20260507,航空装备Ⅱ,10458.07,10805.66,10343.26,10669.8,243.05,2.33,83724.0,3085648.0,83.09,3.96,56250855.0,114070862.0
801742.SI,20260508,航空装备Ⅱ,10629.73,11030.24,10509.75,10926.94,257.13,2.41,114971.0,3760159.0,85.09,4.05,57606458.0,117134613.0
801742.SI,20260511,航空装备Ⅱ,11066.14,11238.44,10832.91,11007.92,80.98,0.74,114733.0,3973386.0,85.72,4.08,58033398.0,117727661.0
801742.SI,20260512,航空装备Ⅱ,11036.17,11264.9,10696.81,11027.31,19.39,0.18,105906.0,3923808.0,85.84,4.1,58135641.0,117440079.0
801742.SI,20260513,航空装备Ⅱ,10935.46,11269.42,10792.07,11141.51,114.19,1.04,99763.0,3677156.0,86.73,4.14,58737670.0,118597748.0
801742.SI,20260514,航空装备Ⅱ,11179.32,11249.98,10719.25,10762.71,-378.8,-3.4,98872.0,3573464.0,83.78,4.0,56740648.0,114798257.0
801742.SI,20260515,航空装备Ⅱ,10786.07,10928.0,10423.98,10530.61,-232.1,-2.16,87232.0,3062021.0,81.97,3.91,55517039.0,112426254.0
801742.SI,20260518,航空装备Ⅱ,10493.78,10680.67,10308.08,10456.74,-73.87,-0.7,72279.0,2450912.0,81.4,3.89,55127600.0,111349793.0
801742.SI,20260519,航空装备Ⅱ,10467.25,10602.33,10220.0,10477.26,20.52,0.2,69333.0,2367436.0,81.6,3.9,55304600.0,111866071.0
801742.SI,20260520,航空装备Ⅱ,10404.63,10546.69,10220.94,10349.87,-127.4,-1.22,65968.0,2248406.0,80.61,3.85,54632133.0,110480954.0
801742.SI,20260521,航空装备Ⅱ,10400.56,10622.34,10043.36,10092.33,-257.53,-2.49,88195.0,3038305.0,78.61,3.75,53272740.0,107821933.0
