ts_code,trade_date,name,open,high,low,close,change,pct_change,vol,amount,pe,pb,float_mv,total_mv
801766.SI,20180102,影视院线,2319.63,2368.6,2302.25,2348.64,24.31,1.05,18562.0,216726.0,37.95,3.31,12598884.0,33794720.0
801766.SI,20180103,影视院线,2340.3,2373.72,2322.04,2359.84,11.2,0.48,18103.0,224361.0,38.18,3.32,12658985.0,33929258.0
801766.SI,20180104,影视院线,2350.41,2371.93,2324.62,2347.77,-12.07,-0.51,14321.0,170649.0,37.98,3.3,12594255.0,33719026.0
801766.SI,20180105,影视院线,2339.6,2389.66,2328.41,2373.69,25.92,1.1,22224.0,246038.0,38.41,3.34,12741753.0,34058706.0
801766.SI,20180108,影视院线,2376.33,2406.06,2329.24,2373.52,-0.17,-0.01,27924.0,335436.0,38.47,3.34,12740830.0,34053293.0
801766.SI,20180109,影视院线,2368.64,2397.17,2331.91,2363.19,-10.33,-0.44,21001.0,241143.0,38.31,3.32,12696195.0,33940258.0
801766.SI,20180110,影视院线,2352.63,2378.25,2310.66,2343.65,-19.54,-0.83,17762.0,213091.0,37.99,3.3,12591216.0,33619555.0
801766.SI,20180111,影视院线,2325.32,2369.28,2304.68,2356.17,12.52,0.53,18365.0,214813.0,38.2,3.31,12658488.0,33768583.0
801766.SI,20180112,影视院线,2343.47,2372.56,2313.2,2336.68,-19.49,-0.83,16465.0,177112.0,37.88,3.29,12553751.0,33508894.0
801766.SI,20180115,影视院线,2320.18,2336.73,2246.7,2270.94,-65.74,-2.81,19162.0,219043.0,36.86,3.19,12200578.0,32535872.0
801766.SI,20180116,影视院线,2265.46,2298.25,2239.22,2277.62,6.68,0.29,15114.0,175410.0,36.97,3.2,12236486.0,32680465.0
801766.SI,20180117,影视院线,2268.61,2329.94,2224.97,2309.01,31.39,1.38,24294.0,307212.0,37.5,3.23,12403977.0,33342571.0
801766.SI,20180118,影视院线,2295.48,2334.64,2274.35,2310.63,1.62,0.07,16385.0,226145.0,37.53,3.23,12412664.0,33313795.0
801766.SI,20180119,影视院线,2300.32,2337.33,2273.26,2295.98,-14.65,-0.63,17133.0,224344.0,37.31,3.21,12333970.0,33159025.0
801766.SI,20180122,影视院线,2277.16,2379.48,2247.57,2358.72,62.74,2.73,36434.0,450420.0,38.35,3.3,12671038.0,34110919.0
801766.SI,20180123,影视院线,2344.02,2380.57,2315.66,2358.25,-0.47,-0.02,25106.0,306807.0,38.34,3.3,12668530.0,34077439.0
801766.SI,20180124,影视院线,2344.28,2478.2,2328.37,2456.18,97.93,4.15,54280.0,708406.0,39.82,3.44,13194586.0,35575825.0
801766.SI,20180125,影视院线,2464.73,2547.31,2425.94,2460.82,4.64,0.19,64432.0,903320.0,39.87,3.44,13219522.0,35756126.0
801766.SI,20180126,影视院线,2447.69,2512.73,2427.51,2477.46,16.64,0.68,39918.0,562520.0,40.13,3.47,13308897.0,36036154.0
801766.SI,20180129,影视院线,2459.4,2525.54,2421.4,2478.12,0.66,0.03,40076.0,547724.0,40.05,3.47,13312448.0,36102009.0
801766.SI,20180130,影视院线,2453.3,2502.17,2412.76,2446.96,-31.16,-1.26,34691.0,472604.0,39.55,3.43,13149407.0,35533432.0
801766.SI,20180131,影视院线,2425.74,2480.25,2374.51,2430.41,-16.55,-0.68,39411.0,511990.0,39.29,3.4,13060475.0,35310463.0
801766.SI,20180201,影视院线,2420.33,2450.5,2329.39,2367.7,-62.71,-2.58,37007.0,461874.0,38.3,3.31,12723462.0,34342135.0
801766.SI,20180202,影视院线,2342.14,2434.51,2302.08,2393.36,25.66,1.08,38236.0,490043.0,38.6,3.35,12861336.0,34709859.0
801766.SI,20180205,影视院线,2352.36,2418.35,2312.09,2383.6,-9.76,-0.41,30689.0,383774.0,38.47,3.34,12808874.0,34544464.0
801766.SI,20180206,影视院线,2334.5,2388.9,2245.73,2274.47,-109.13,-4.58,35272.0,432960.0,36.73,3.18,12222424.0,32975431.0
801766.SI,20180207,影视院线,2307.79,2367.68,2223.02,2317.54,43.07,1.89,42470.0,527469.0,37.32,3.24,12453873.0,33722710.0
801766.SI,20180208,影视院线,2295.86,2363.71,2267.45,2324.29,6.75,0.29,31798.0,400101.0,37.52,3.25,12490126.0,33785054.0
801766.SI,20180209,影视院线,2260.58,2322.37,2187.88,2241.82,-82.47,-3.55,37050.0,434499.0,36.11,3.14,12045358.0,32605437.0
801766.SI,20180212,影视院线,2237.65,2311.82,2216.16,2283.32,41.5,1.85,27332.0,326577.0,36.7,3.2,12268315.0,33228936.0
801766.SI,20180213,影视院线,2279.81,2323.08,2242.58,2281.73,-1.59,-0.07,23070.0,291885.0,36.7,3.19,12259773.0,33269565.0
801766.SI,20180214,影视院线,2271.12,2310.41,2241.64,2284.35,2.62,0.11,17145.0,218384.0,36.8,3.2,12273848.0,33318164.0
801766.SI,20180222,影视院线,2332.09,2376.72,2292.29,2334.95,50.6,2.22,34187.0,472498.0,37.62,3.27,12545983.0,34111854.0
801766.SI,20180223,影视院线,2318.24,2349.14,2271.99,2312.31,-22.64,-0.97,24145.0,334306.0,37.36,3.24,12424142.0,33696821.0
801766.SI,20180226,影视院线,2315.03,2367.57,2287.08,2351.85,39.54,1.71,30121.0,392456.0,38.0,3.29,12636608.0,34243815.0
801766.SI,20180227,影视院线,2340.83,2438.29,2315.3,2410.17,58.32,2.48,41875.0,575637.0,38.76,3.37,12949946.0,35105816.0
801766.SI,20180228,影视院线,2377.8,2440.42,2338.4,2403.38,-6.79,-0.28,35962.0,482219.0,38.63,3.36,12913434.0,34852194.0
801766.SI,20180301,影视院线,2382.88,2453.71,2370.76,2438.7,35.32,1.47,29398.0,376893.0,39.23,3.41,13103180.0,35321122.0
801766.SI,20180302,影视院线,2413.82,2482.26,2388.97,2438.2,-0.5,-0.02,33027.0,459908.0,39.27,3.41,13100519.0,35441835.0
801766.SI,20180305,影视院线,2440.24,2464.63,2390.09,2443.34,5.14,0.21,22361.0,309187.0,39.34,3.42,13128157.0,35518380.0
801766.SI,20180306,影视院线,2430.17,2486.26,2404.3,2448.11,4.77,0.2,26519.0,398641.0,39.44,3.43,13153769.0,35560335.0
801766.SI,20180307,影视院线,2435.0,2467.2,2391.56,2425.04,-23.07,-0.94,24730.0,327018.0,39.05,3.4,13029835.0,35233599.0
801766.SI,20180308,影视院线,2411.86,2441.73,2386.49,2424.96,-0.08,0.0,17651.0,235730.0,39.09,3.4,13029395.0,35254378.0
801766.SI,20180309,影视院线,2415.05,2514.75,2401.87,2495.07,70.11,2.89,36751.0,488107.0,40.24,3.49,13404990.0,36155018.0
801766.SI,20180312,影视院线,2505.99,2581.69,2478.3,2533.53,38.46,1.54,40565.0,566427.0,40.88,3.55,13611641.0,36614737.0
801766.SI,20180313,影视院线,2516.38,2569.07,2482.17,2524.85,-8.68,-0.34,33736.0,446933.0,40.78,3.53,13565014.0,36489457.0
801766.SI,20180314,影视院线,2498.92,2526.23,2455.21,2478.32,-46.53,-1.84,23328.0,309677.0,40.02,3.47,13315031.0,35835366.0
801766.SI,20180315,影视院线,2460.46,2503.68,2422.49,2484.36,6.04,0.24,22469.0,294306.0,40.09,3.48,13347509.0,35918407.0
801766.SI,20180316,影视院线,2470.02,2503.77,2433.26,2455.4,-28.96,-1.17,20414.0,257484.0,39.64,3.44,13191912.0,35513391.0
801766.SI,20180319,影视院线,2443.24,2515.19,2421.46,2487.18,31.78,1.29,22810.0,294106.0,40.11,3.48,13362662.0,35927624.0
801766.SI,20180320,影视院线,2461.35,2502.37,2424.19,2476.92,-10.26,-0.41,20718.0,266152.0,39.96,3.47,13307552.0,35742217.0
801766.SI,20180321,影视院线,2460.53,2512.77,2396.26,2439.82,-37.1,-1.5,26160.0,333366.0,39.44,3.41,13108232.0,35204223.0
801766.SI,20180322,影视院线,2429.61,2462.39,2390.81,2422.56,-17.26,-0.71,24110.0,311853.0,39.18,3.39,13018717.0,34921479.0
801766.SI,20180323,影视院线,2348.98,2393.6,2259.14,2318.05,-104.51,-4.31,32296.0,375247.0,37.61,3.25,12520572.0,33438321.0
801766.SI,20180326,影视院线,2283.59,2381.32,2263.52,2369.0,50.95,2.2,22470.0,256041.0,38.42,3.32,12795781.0,34078181.0
801766.SI,20180327,影视院线,2370.08,2442.36,2348.64,2421.33,52.33,2.21,27481.0,332230.0,39.26,3.38,13078444.0,34820779.0
801766.SI,20180328,影视院线,2385.79,2438.74,2363.57,2399.87,-21.46,-0.89,19145.0,232884.0,38.94,3.35,12962525.0,34517294.0
801766.SI,20180329,影视院线,2396.28,2430.54,2358.6,2394.17,-5.7,-0.24,17201.0,224120.0,38.81,3.34,12931716.0,34502837.0
801766.SI,20180330,影视院线,2391.74,2458.22,2375.7,2441.19,47.02,1.96,25429.0,339378.0,39.57,3.41,13185689.0,35217654.0
801766.SI,20180402,影视院线,2439.44,2468.25,2387.61,2427.28,-13.91,-0.57,26044.0,348990.0,39.31,3.39,13110571.0,35081366.0
801766.SI,20180403,影视院线,2385.68,2413.89,2342.24,2386.0,-41.28,-1.7,20261.0,262708.0,38.63,3.33,12887594.0,34563550.0
801766.SI,20180404,影视院线,2380.57,2407.61,2338.86,2361.29,-24.71,-1.04,16277.0,211474.0,38.27,3.3,12754117.0,34197045.0
801766.SI,20180409,影视院线,2346.74,2390.14,2315.66,2364.59,3.3,0.14,14839.0,193729.0,38.31,3.3,12771941.0,34207755.0
801766.SI,20180410,影视院线,2348.6,2392.53,2306.92,2375.18,10.59,0.45,22614.0,297826.0,38.56,3.31,12829153.0,34368392.0
801766.SI,20180411,影视院线,2370.8,2413.97,2346.07,2384.73,9.55,0.4,20119.0,274555.0,38.68,3.33,12880723.0,34572296.0
801766.SI,20180412,影视院线,2370.11,2411.72,2336.58,2370.89,-13.84,-0.58,21010.0,276349.0,38.43,3.29,12805947.0,34353925.0
801766.SI,20180413,影视院线,2364.91,2402.02,2342.45,2379.02,8.13,0.34,17721.0,227824.0,38.59,3.3,12849849.0,34466397.0
801766.SI,20180416,影视院线,2363.16,2403.18,2330.65,2369.71,-9.31,-0.39,19020.0,233129.0,38.45,3.29,12799574.0,34345894.0
801766.SI,20180417,影视院线,2362.92,2394.4,2300.14,2328.73,-40.98,-1.73,19485.0,256721.0,37.8,3.23,12578249.0,33694347.0
801766.SI,20180418,影视院线,2332.14,2364.93,2273.89,2345.24,16.51,0.71,20813.0,255944.0,38.06,3.25,12667431.0,33922854.0
801766.SI,20180419,影视院线,2331.93,2368.59,2306.25,2337.37,-7.87,-0.34,16010.0,200472.0,37.93,3.24,12624934.0,33841605.0
801766.SI,20180420,影视院线,2319.49,2345.29,2254.48,2284.59,-52.78,-2.26,19994.0,249438.0,37.09,3.17,12339843.0,33032590.0
801766.SI,20180423,影视院线,2269.84,2304.05,2220.16,2260.62,-23.97,-1.05,16185.0,188273.0,36.7,3.1,12210354.0,32729553.0
801766.SI,20180424,影视院线,2247.51,2297.02,2219.98,2287.54,26.92,1.19,17613.0,205845.0,37.13,3.13,12355780.0,33178027.0
801766.SI,20180425,影视院线,2266.66,2307.51,2250.51,2289.1,1.56,0.07,12539.0,150926.0,37.18,3.12,12364214.0,33166638.0
801766.SI,20180426,影视院线,2279.1,2300.38,2223.99,2248.52,-40.58,-1.77,13600.0,157705.0,36.53,3.0,12145009.0,32611434.0
801766.SI,20180427,影视院线,2245.03,2318.02,2224.83,2300.53,52.01,2.31,21637.0,261074.0,37.37,3.03,12425935.0,33379238.0
801766.SI,20180502,影视院线,2287.11,2324.38,2257.41,2308.48,7.95,0.35,18559.0,224389.0,34.2,3.02,12468896.0,33471019.0
801766.SI,20180503,影视院线,2289.8,2326.5,2252.3,2312.6,4.12,0.18,15454.0,186880.0,34.25,3.03,12494446.0,33516498.0
801766.SI,20180504,影视院线,2298.0,2335.28,2274.05,2306.85,-5.75,-0.25,12754.0,160824.0,34.16,3.02,12463366.0,33409007.0
801766.SI,20180507,影视院线,2302.96,2356.0,2288.62,2346.61,39.76,1.72,16056.0,217155.0,34.75,3.07,12678154.0,34026611.0
801766.SI,20180508,影视院线,2340.35,2370.63,2313.66,2349.8,3.19,0.14,16708.0,229719.0,34.8,3.08,12695405.0,34146164.0
801766.SI,20180509,影视院线,2341.08,2378.65,2314.13,2360.73,10.93,0.47,18074.0,235673.0,34.98,3.1,12857739.0,34372504.0
801766.SI,20180510,影视院线,2357.77,2398.36,2324.03,2377.09,16.36,0.69,25334.0,334068.0,35.21,3.12,12956013.0,34559983.0
801766.SI,20180511,影视院线,2360.08,2398.01,2316.52,2347.91,-29.18,-1.23,20327.0,269124.0,34.78,3.09,12796985.0,34200319.0
801766.SI,20180514,影视院线,2326.68,2363.43,2289.15,2326.18,-21.73,-0.93,17109.0,233321.0,34.46,3.06,12678521.0,33871261.0
801766.SI,20180515,影视院线,2313.97,2355.38,2293.44,2345.03,18.85,0.81,13333.0,174709.0,34.74,3.08,12781257.0,34141139.0
801766.SI,20180516,影视院线,2329.29,2369.88,2300.21,2337.38,-7.65,-0.33,17306.0,240107.0,34.62,3.07,12739574.0,34079251.0
801766.SI,20180517,影视院线,2324.03,2359.61,2297.79,2334.29,-3.09,-0.13,15599.0,234801.0,34.58,3.07,12722716.0,34047194.0
801766.SI,20180518,影视院线,2313.69,2362.89,2298.92,2348.02,13.73,0.59,14016.0,203327.0,34.78,3.09,12797535.0,34229442.0
801766.SI,20180521,影视院线,2349.85,2402.79,2323.36,2365.62,17.6,0.75,22029.0,336982.0,35.04,3.11,12893484.0,34547551.0
801766.SI,20180522,影视院线,2340.38,2381.78,2323.73,2365.49,-0.13,-0.01,20019.0,264994.0,35.04,3.11,12892805.0,34567618.0
801766.SI,20180523,影视院线,2351.96,2381.58,2325.3,2350.53,-14.96,-0.63,13557.0,177135.0,34.82,3.09,12810236.0,34355615.0
801766.SI,20180524,影视院线,2335.94,2372.85,2315.04,2344.65,-5.88,-0.25,13856.0,204777.0,34.73,3.09,12778204.0,34332360.0
801766.SI,20180525,影视院线,2327.21,2351.73,2284.61,2314.7,-29.95,-1.28,15006.0,204175.0,34.29,3.06,12615005.0,33866148.0
801766.SI,20180528,影视院线,2301.06,2339.51,2273.76,2301.59,-13.11,-0.57,13307.0,186903.0,34.09,3.04,12543579.0,33683545.0
801766.SI,20180529,影视院线,2287.87,2327.26,2259.76,2286.72,-14.87,-0.65,12641.0,172147.0,33.87,3.03,12462525.0,33501867.0
801766.SI,20180530,影视院线,2253.8,2282.44,2201.56,2229.68,-57.04,-2.49,15777.0,194762.0,33.03,2.95,12151672.0,32646375.0
801766.SI,20180531,影视院线,2231.64,2287.65,2188.93,2249.36,19.68,0.88,22997.0,298071.0,33.07,2.97,12343357.0,33100430.0
801766.SI,20180601,影视院线,2228.52,2263.6,2191.33,2231.43,-17.93,-0.8,19027.0,246587.0,32.81,2.95,12244973.0,32849244.0
801766.SI,20180604,影视院线,2167.37,2197.7,2101.61,2147.27,-84.16,-3.77,34857.0,394693.0,31.57,2.83,11783132.0,31698999.0
801766.SI,20180605,影视院线,2132.81,2200.3,2113.45,2177.98,30.71,1.43,24249.0,267490.0,32.02,2.87,11951677.0,32185963.0
801766.SI,20180606,影视院线,2164.72,2207.55,2141.85,2178.96,0.98,0.04,17802.0,236707.0,32.03,2.88,11957084.0,32250268.0
801766.SI,20180607,影视院线,2175.3,2200.57,2129.65,2157.47,-21.49,-0.99,19503.0,223384.0,31.72,2.85,11839162.0,31980763.0
801766.SI,20180608,影视院线,2149.89,2185.69,2111.1,2156.05,-1.42,-0.07,16414.0,199408.0,31.69,2.85,11829139.0,31938554.0
801766.SI,20180611,影视院线,2145.43,2177.01,2101.98,2133.33,-22.72,-1.05,15980.0,196465.0,31.44,2.82,11652976.0,31733160.0
801766.SI,20180612,影视院线,2127.62,2176.7,2099.34,2156.96,23.63,1.11,18015.0,215449.0,31.78,2.85,11782069.0,32074635.0
801766.SI,20180613,影视院线,2147.71,2174.83,2107.8,2133.32,-23.64,-1.1,14171.0,173955.0,31.45,2.81,11668520.0,31683620.0
801766.SI,20180614,影视院线,2124.43,2154.19,2080.53,2110.24,-23.08,-1.08,17322.0,184991.0,31.12,2.78,11541334.0,31398747.0
801766.SI,20180615,影视院线,2100.71,2132.05,2045.66,2082.48,-27.76,-1.32,16996.0,188793.0,30.71,2.75,11389091.0,30929189.0
801766.SI,20180619,影视院线,2046.33,2087.22,1948.61,1987.74,-94.74,-4.55,24795.0,255137.0,29.31,2.62,10870969.0,29536369.0
801766.SI,20180620,影视院线,1976.75,2028.94,1943.7,2002.61,14.87,0.75,15928.0,158432.0,29.53,2.64,10951813.0,29803389.0
801766.SI,20180621,影视院线,1992.1,2014.08,1916.24,1938.25,-64.36,-3.21,17321.0,172184.0,28.58,2.56,10598192.0,28861959.0
801766.SI,20180622,影视院线,1918.88,1988.5,1894.29,1960.81,22.56,1.16,25719.0,203885.0,28.92,2.59,10721196.0,29233005.0
801766.SI,20180625,影视院线,1963.06,1997.18,1929.33,1957.96,-2.85,-0.15,16481.0,144093.0,28.88,2.58,10703543.0,29171866.0
801766.SI,20180626,影视院线,1931.7,1999.51,1911.06,1977.27,19.31,0.99,15247.0,141416.0,29.17,2.61,10805780.0,29433266.0
801766.SI,20180627,影视院线,1970.26,2000.56,1933.51,1962.62,-14.65,-0.74,14318.0,131496.0,28.95,2.59,10725352.0,29242363.0
801766.SI,20180628,影视院线,1951.31,1999.74,1928.09,1958.9,-3.72,-0.19,14492.0,130731.0,28.9,2.59,10705032.0,29174246.0
801766.SI,20180629,影视院线,1952.81,2018.09,1934.28,2000.85,41.95,2.14,16423.0,160017.0,29.52,2.64,10933629.0,29808465.0
801766.SI,20180702,影视院线,1989.3,2014.92,1939.03,1971.44,-29.41,-1.47,17588.0,176739.0,29.08,2.6,10772595.0,29375697.0
801766.SI,20180703,影视院线,1962.47,2038.44,1929.65,2006.47,35.03,1.78,27769.0,293448.0,29.6,2.65,10964012.0,29891184.0
801766.SI,20180704,影视院线,2003.33,2035.55,1962.35,1991.3,-15.17,-0.76,24217.0,261421.0,29.38,2.63,10881104.0,29674874.0
801766.SI,20180705,影视院线,1989.23,2024.32,1945.24,1970.38,-20.92,-1.05,24600.0,286358.0,29.07,2.6,10762184.0,29390962.0
801766.SI,20180706,影视院线,1968.63,2021.07,1904.56,1964.77,-5.61,-0.28,32423.0,335679.0,28.98,2.6,10730849.0,29319377.0
801766.SI,20180709,影视院线,1968.1,2006.28,1932.72,1971.82,7.05,0.36,30303.0,343625.0,29.09,2.6,10768759.0,29470682.0
801766.SI,20180710,影视院线,1962.21,2004.05,1938.44,1980.04,8.22,0.42,26741.0,282440.0,29.21,2.62,10813460.0,29597818.0
801766.SI,20180711,影视院线,1950.14,1973.93,1899.83,1939.79,-40.25,-2.03,24293.0,249578.0,28.67,2.57,10623225.0,28947189.0
801766.SI,20180712,影视院线,1936.18,1997.44,1922.43,1976.15,36.36,1.87,25013.0,261679.0,29.2,2.61,10822341.0,29531048.0
801766.SI,20180713,影视院线,1968.82,1994.5,1939.44,1967.71,-8.44,-0.43,20988.0,225528.0,29.08,2.6,10776129.0,29404127.0
801766.SI,20180716,影视院线,1955.62,1974.78,1906.23,1936.83,-30.88,-1.57,20341.0,209096.0,28.62,2.56,10607018.0,28926634.0
801766.SI,20180717,影视院线,1934.55,1980.74,1915.01,1955.89,19.06,0.98,21642.0,197187.0,28.9,2.59,10711376.0,29142443.0
801766.SI,20180718,影视院线,1954.9,1988.57,1927.07,1953.05,-2.84,-0.15,19155.0,191791.0,28.86,2.58,10695822.0,29036914.0
801766.SI,20180719,影视院线,1949.77,1978.29,1914.03,1936.44,-16.61,-0.85,15577.0,154997.0,28.62,2.56,10604833.0,28777164.0
801766.SI,20180720,影视院线,1931.28,1964.93,1905.71,1949.21,12.77,0.66,14888.0,144495.0,28.79,2.58,10708171.0,28981821.0
801766.SI,20180723,影视院线,1948.26,1987.13,1928.34,1972.78,23.57,1.21,15869.0,153486.0,29.14,2.61,10837665.0,29336046.0
801766.SI,20180724,影视院线,1973.42,2008.77,1949.37,1987.85,15.07,0.76,20314.0,205293.0,29.41,2.63,10941169.0,29577492.0
801766.SI,20180725,影视院线,1982.34,2017.3,1964.83,1990.84,2.99,0.15,19556.0,194488.0,29.46,2.64,10983673.0,29603704.0
801766.SI,20180726,影视院线,1982.04,2013.77,1963.99,1998.61,7.77,0.39,19289.0,195590.0,29.57,2.65,11026521.0,29733402.0
801766.SI,20180727,影视院线,1985.25,2005.2,1950.02,1973.27,-25.34,-1.27,17627.0,180134.0,29.21,2.62,10864597.0,29433936.0
801766.SI,20180730,影视院线,1945.0,1968.62,1900.46,1923.55,-49.72,-2.52,22944.0,199677.0,28.47,2.56,10590837.0,28776981.0
801766.SI,20180731,影视院线,1904.27,1938.91,1887.94,1923.19,-0.36,-0.02,17777.0,150593.0,28.46,2.56,10588860.0,28787198.0
801766.SI,20180801,影视院线,1915.97,1939.4,1870.81,1887.2,-35.99,-1.87,19099.0,176385.0,27.93,2.51,10390704.0,28279250.0
801766.SI,20180802,影视院线,1863.0,1880.62,1780.38,1820.13,-67.07,-3.55,23304.0,216122.0,26.94,2.42,10021416.0,27298412.0
801766.SI,20180803,影视院线,1803.47,1827.69,1765.61,1784.1,-36.03,-1.98,18012.0,172511.0,26.41,2.38,9824691.0,26776739.0
801766.SI,20180806,影视院线,1765.46,1795.4,1735.84,1761.41,-22.69,-1.27,16815.0,150516.0,26.19,2.36,9823051.0,26434938.0
801766.SI,20180807,影视院线,1747.57,1786.16,1736.03,1777.09,15.68,0.89,13832.0,124688.0,26.42,2.38,9910477.0,26675628.0
801766.SI,20180808,影视院线,1767.77,1778.07,1730.7,1745.16,-31.93,-1.8,14086.0,130942.0,25.92,2.34,9723647.0,26121212.0
801766.SI,20180809,影视院线,1735.84,1776.74,1726.1,1761.88,16.72,0.96,16738.0,164220.0,26.17,2.36,9816783.0,26402647.0
801766.SI,20180810,影视院线,1756.54,1788.9,1743.87,1776.8,14.92,0.85,16782.0,156423.0,26.39,2.39,9896539.0,26643153.0
801766.SI,20180813,影视院线,1760.02,1773.03,1729.45,1761.74,-15.06,-0.85,16324.0,149495.0,26.17,2.36,9827224.0,26377291.0
801766.SI,20180814,影视院线,1753.33,1772.41,1739.85,1753.72,-8.02,-0.46,13120.0,121799.0,25.65,2.33,10022619.0,26223881.0
801766.SI,20180815,影视院线,1748.77,1762.51,1712.36,1724.01,-29.71,-1.69,32085.0,242496.0,25.21,2.29,9850144.0,25777796.0
801766.SI,20180816,影视院线,1705.84,1722.73,1680.13,1701.74,-22.27,-1.29,26827.0,203230.0,24.93,2.26,9756533.0,25452668.0
801766.SI,20180817,影视院线,1706.74,1720.98,1676.1,1685.99,-15.75,-0.93,20316.0,155374.0,24.66,2.24,9680547.0,25204176.0
801766.SI,20180820,影视院线,1683.54,1704.13,1663.0,1692.6,6.61,0.39,19701.0,142542.0,24.76,2.25,9718498.0,25288227.0
801766.SI,20180821,影视院线,1693.72,1710.69,1683.58,1700.85,8.25,0.49,16037.0,120670.0,24.88,2.26,9765878.0,25413632.0
801766.SI,20180822,影视院线,1697.59,1704.52,1678.51,1684.42,-16.43,-0.97,14138.0,107170.0,24.64,2.24,9671525.0,25142880.0
801766.SI,20180823,影视院线,1684.5,1701.58,1676.33,1691.38,6.96,0.41,12917.0,103175.0,24.74,2.24,9711466.0,25247787.0
801766.SI,20180824,影视院线,1691.64,1702.27,1674.96,1688.35,-3.03,-0.18,14036.0,114733.0,24.7,2.24,9693611.0,25205206.0
801766.SI,20180827,影视院线,1691.43,1723.47,1685.06,1715.51,27.16,1.61,25703.0,199438.0,25.1,2.27,9849521.0,25614648.0
801766.SI,20180828,影视院线,1716.52,1725.14,1704.05,1715.64,0.13,0.01,16990.0,135181.0,25.07,2.26,9886618.0,25644692.0
801766.SI,20180829,影视院线,1714.25,1723.37,1688.65,1709.89,-5.75,-0.34,15103.0,130673.0,25.01,2.24,9851702.0,25520771.0
801766.SI,20180830,影视院线,1706.64,1717.37,1681.1,1688.66,-21.23,-1.24,16054.0,128669.0,24.7,2.2,9729367.0,25233878.0
801766.SI,20180831,影视院线,1686.02,1692.13,1655.16,1662.56,-26.1,-1.55,16289.0,120575.0,24.32,2.17,9581933.0,24889070.0
801766.SI,20180903,影视院线,1660.94,1682.35,1634.54,1666.04,3.48,0.21,17037.0,127790.0,20.24,2.17,9601994.0,24948272.0
801766.SI,20180904,影视院线,1668.29,1696.79,1661.06,1684.65,18.61,1.12,19075.0,155855.0,20.46,2.2,9709249.0,25213128.0
801766.SI,20180905,影视院线,1682.7,1709.68,1667.77,1679.8,-4.85,-0.29,22036.0,173380.0,20.39,2.19,9643945.0,25125772.0
801766.SI,20180906,影视院线,1675.14,1695.29,1663.33,1672.27,-7.53,-0.45,16784.0,133756.0,20.31,2.18,9600710.0,24970341.0
801766.SI,20180907,影视院线,1672.4,1698.62,1656.97,1672.12,-0.15,-0.01,22164.0,166820.0,20.28,2.18,9623574.0,24950294.0
801766.SI,20180910,影视院线,1670.83,1678.37,1635.4,1643.43,-28.69,-1.72,21538.0,160767.0,19.93,2.14,9458452.0,24513481.0
801766.SI,20180911,影视院线,1643.91,1657.05,1623.05,1636.88,-6.55,-0.4,17174.0,132916.0,19.84,2.13,9420733.0,24433920.0
801766.SI,20180912,影视院线,1637.21,1684.69,1628.04,1658.66,21.78,1.33,21508.0,168053.0,20.12,2.16,9546059.0,24718870.0
801766.SI,20180913,影视院线,1663.04,1673.95,1628.68,1646.66,-12.0,-0.72,19784.0,153492.0,19.96,2.14,9476990.0,24503405.0
801766.SI,20180914,影视院线,1638.58,1649.6,1622.93,1630.37,-16.29,-0.99,14458.0,109039.0,19.77,2.12,9383221.0,24236594.0
801766.SI,20180917,影视院线,1617.27,1628.01,1570.99,1584.78,-45.59,-2.8,21630.0,152453.0,19.2,2.06,9120866.0,23613148.0
801766.SI,20180918,影视院线,1577.67,1622.96,1570.29,1616.83,32.05,2.02,29188.0,224140.0,19.6,2.11,9304784.0,24063278.0
801766.SI,20180919,影视院线,1615.87,1642.71,1598.24,1625.02,8.19,0.51,26923.0,216679.0,19.7,2.12,9353228.0,24150577.0
801766.SI,20180920,影视院线,1626.59,1637.75,1607.49,1616.57,-8.45,-0.52,19196.0,149475.0,19.59,2.1,9304572.0,24034371.0
801766.SI,20180921,影视院线,1623.15,1642.16,1609.04,1631.41,14.84,0.92,19153.0,151010.0,19.76,2.12,9400670.0,24287980.0
801766.SI,20180925,影视院线,1623.2,1648.09,1613.5,1631.41,0.0,0.0,23295.0,178375.0,19.76,2.12,9400698.0,24264746.0
801766.SI,20180926,影视院线,1632.28,1647.52,1619.73,1634.19,2.78,0.17,22341.0,176066.0,19.8,2.13,9416747.0,24341513.0
801766.SI,20180927,影视院线,1633.92,1642.68,1599.21,1605.41,-28.78,-1.76,20725.0,160346.0,19.46,2.09,9250881.0,23921797.0
801766.SI,20180928,影视院线,1605.61,1626.97,1597.0,1618.11,12.7,0.79,16906.0,134373.0,19.61,2.11,9324061.0,24152995.0
801766.SI,20181008,影视院线,1582.18,1598.07,1547.13,1562.76,-55.35,-3.42,21452.0,160037.0,18.95,2.03,9005112.0,23299774.0
801766.SI,20181009,影视院线,1562.27,1573.76,1536.94,1550.12,-12.64,-0.81,15488.0,112856.0,18.79,2.02,8932294.0,23078229.0
801766.SI,20181010,影视院线,1550.46,1557.95,1523.26,1540.28,-9.84,-0.63,14615.0,100973.0,18.68,2.01,8875604.0,22946495.0
801766.SI,20181011,影视院线,1507.66,1519.03,1443.91,1456.18,-84.1,-5.46,23626.0,155236.0,17.68,1.9,8391008.0,21684057.0
801766.SI,20181012,影视院线,1445.8,1466.87,1404.66,1439.66,-16.52,-1.13,20989.0,126023.0,17.49,1.87,8295831.0,21490321.0
801766.SI,20181015,影视院线,1437.83,1458.27,1406.31,1418.22,-21.44,-1.49,16332.0,98446.0,17.23,1.85,8172262.0,21244840.0
801766.SI,20181016,影视院线,1419.65,1436.32,1389.67,1406.91,-11.31,-0.8,14550.0,88148.0,17.1,1.83,8107080.0,21083345.0
801766.SI,20181017,影视院线,1418.15,1449.16,1403.62,1433.63,26.72,1.9,17447.0,108843.0,17.42,1.87,8261050.0,21483406.0
801766.SI,20181018,影视院线,1427.79,1440.47,1401.23,1413.72,-19.91,-1.39,16646.0,103562.0,17.18,1.84,8146321.0,21186149.0
801766.SI,20181019,影视院线,1402.57,1444.88,1390.2,1435.27,21.55,1.52,19785.0,121969.0,17.43,1.87,8270509.0,21488495.0
801766.SI,20181022,影视院线,1443.6,1497.3,1435.07,1476.18,40.91,2.85,26456.0,167765.0,17.92,1.92,8506268.0,22111204.0
801766.SI,20181023,影视院线,1470.31,1494.89,1452.28,1467.41,-8.77,-0.59,23340.0,141929.0,17.98,1.91,8455725.0,21936053.0
801766.SI,20181024,影视院线,1461.98,1487.9,1452.29,1463.69,-3.72,-0.25,17524.0,109224.0,17.93,1.91,8434309.0,21915900.0
801766.SI,20181025,影视院线,1433.93,1470.74,1423.8,1462.87,-0.82,-0.06,19251.0,118719.0,17.92,1.91,8429609.0,21892015.0
801766.SI,20181026,影视院线,1466.93,1483.54,1451.71,1461.91,-0.96,-0.07,17093.0,102018.0,17.9,1.9,8424085.0,21859287.0
801766.SI,20181029,影视院线,1463.83,1485.2,1445.39,1457.16,-4.75,-0.32,19999.0,119203.0,17.85,1.88,8396729.0,21770798.0
801766.SI,20181030,影视院线,1455.13,1484.81,1435.9,1469.13,11.97,0.82,20487.0,126873.0,17.99,1.89,8465735.0,21992124.0
801766.SI,20181031,影视院线,1473.06,1494.96,1464.32,1479.87,10.74,0.73,19722.0,128031.0,18.12,1.9,8527606.0,22164448.0
801766.SI,20181101,影视院线,1484.89,1532.91,1477.95,1501.67,21.8,1.47,29085.0,200111.0,18.39,1.93,8653247.0,22496907.0
801766.SI,20181102,影视院线,1524.78,1548.58,1507.88,1536.62,34.95,2.33,31436.0,219807.0,18.82,1.97,8854630.0,23001262.0
801766.SI,20181105,影视院线,1492.99,1518.66,1476.43,1503.46,-33.16,-2.16,29506.0,198070.0,18.4,1.93,8663349.0,22487285.0
801766.SI,20181106,影视院线,1460.83,1472.98,1436.47,1461.04,-42.42,-2.82,20284.0,133087.0,17.87,1.88,8418907.0,21851520.0
801766.SI,20181107,影视院线,1429.92,1458.83,1418.25,1430.33,-30.71,-2.1,23491.0,163151.0,17.5,1.84,8243381.0,21432731.0
801766.SI,20181108,影视院线,1408.09,1420.66,1385.19,1394.53,-35.8,-2.5,22544.0,162852.0,17.05,1.79,8037047.0,20869940.0
801766.SI,20181109,影视院线,1365.2,1427.23,1355.97,1394.47,-0.06,0.0,29543.0,328636.0,17.05,1.79,8036675.0,20828509.0
801766.SI,20181112,影视院线,1383.59,1447.67,1372.27,1439.21,44.74,3.21,34191.0,303503.0,17.59,1.85,8294516.0,21461033.0
801766.SI,20181113,影视院线,1424.24,1552.08,1415.44,1512.88,73.67,5.12,61707.0,529540.0,18.49,1.94,8719074.0,22546457.0
801766.SI,20181114,影视院线,1510.34,1555.0,1485.57,1513.55,0.67,0.04,60524.0,464029.0,18.49,1.95,8713737.0,22483839.0
801766.SI,20181115,影视院线,1510.89,1535.62,1491.81,1521.4,7.85,0.52,44124.0,338419.0,18.59,1.96,8758911.0,22638034.0
801766.SI,20181116,影视院线,1517.58,1540.6,1493.94,1514.21,-7.19,-0.47,38327.0,303333.0,18.5,1.95,8717541.0,22539835.0
801766.SI,20181119,影视院线,1508.07,1522.23,1467.95,1495.64,-18.57,-1.23,34063.0,284554.0,18.3,1.92,8629761.0,22359154.0
801766.SI,20181120,影视院线,1483.17,1509.34,1441.29,1457.12,-38.52,-2.58,32429.0,266739.0,17.83,1.87,8407506.0,21763710.0
801766.SI,20181121,影视院线,1445.85,1481.92,1428.06,1466.7,9.58,0.66,33074.0,267171.0,17.94,1.89,8462776.0,21956427.0
801766.SI,20181122,影视院线,1465.42,1488.61,1444.01,1459.45,-7.25,-0.49,29819.0,233815.0,17.84,1.88,8420961.0,21860735.0
801766.SI,20181123,影视院线,1451.64,1461.28,1368.51,1379.95,-79.5,-5.45,35324.0,275162.0,16.88,1.78,7962262.0,20730475.0
801766.SI,20181126,影视院线,1374.3,1400.3,1349.34,1368.41,-11.54,-0.84,30650.0,206966.0,16.74,1.76,7895658.0,20582822.0
801766.SI,20181127,影视院线,1385.03,1403.83,1354.33,1374.47,6.06,0.44,24549.0,171616.0,16.81,1.77,7930633.0,20656496.0
801766.SI,20181128,影视院线,1377.5,1420.04,1347.17,1406.88,32.41,2.36,33759.0,239917.0,17.2,1.81,8117626.0,21150563.0
801766.SI,20181129,影视院线,1413.85,1424.35,1349.33,1353.21,-53.67,-3.81,29709.0,219242.0,16.55,1.74,7807939.0,20384351.0
801766.SI,20181130,影视院线,1347.2,1375.52,1316.66,1364.31,11.1,0.82,27011.0,194338.0,16.69,1.76,7871994.0,20535171.0
801766.SI,20181203,影视院线,1392.15,1417.8,1375.17,1393.37,29.06,2.13,34364.0,260844.0,17.17,1.8,8198688.0,20944551.0
801766.SI,20181204,影视院线,1393.97,1414.7,1377.46,1401.81,8.44,0.61,26539.0,192440.0,17.27,1.81,8248346.0,21048947.0
801766.SI,20181205,影视院线,1375.09,1426.7,1359.75,1405.37,3.56,0.25,35390.0,270200.0,17.33,1.82,8269314.0,21087530.0
801766.SI,20181206,影视院线,1398.63,1428.76,1373.65,1387.71,-17.66,-1.26,36361.0,270491.0,17.11,1.79,8165387.0,20804459.0
801766.SI,20181207,影视院线,1392.97,1429.35,1376.6,1403.36,15.65,1.13,35064.0,248883.0,17.3,1.81,8261002.0,21123642.0
801766.SI,20181210,影视院线,1395.08,1429.68,1375.62,1406.58,3.22,0.23,30288.0,260095.0,17.35,1.82,8279925.0,21268365.0
801766.SI,20181211,影视院线,1412.38,1454.52,1401.15,1428.52,21.94,1.56,25863.0,241027.0,17.62,1.84,8409064.0,21534939.0
801766.SI,20181212,影视院线,1438.08,1452.99,1410.86,1425.0,-3.52,-0.25,26274.0,199405.0,17.58,1.84,8388343.0,21523585.0
801766.SI,20181213,影视院线,1430.99,1447.67,1405.87,1429.48,4.48,0.31,26490.0,207925.0,17.64,1.85,8414731.0,21581662.0
801766.SI,20181214,影视院线,1435.63,1447.85,1380.36,1393.68,-35.8,-2.5,29598.0,242487.0,17.21,1.8,8203989.0,21073608.0
801766.SI,20181217,影视院线,1388.16,1403.89,1357.6,1378.55,-15.13,-1.09,20174.0,152801.0,17.02,1.78,8118695.0,20845909.0
801766.SI,20181218,影视院线,1369.58,1399.23,1352.97,1382.04,3.49,0.25,20486.0,156132.0,17.07,1.78,8139270.0,20915706.0
801766.SI,20181219,影视院线,1383.71,1396.88,1355.37,1363.58,-18.46,-1.34,18940.0,133924.0,16.82,1.76,8063888.0,20641128.0
801766.SI,20181220,影视院线,1360.73,1387.44,1349.47,1374.89,11.31,0.83,17799.0,126340.0,16.96,1.77,8130755.0,20806748.0
801766.SI,20181221,影视院线,1370.57,1403.91,1357.12,1381.42,6.53,0.47,23029.0,181346.0,17.05,1.78,8169343.0,20934154.0
801766.SI,20181224,影视院线,1379.09,1401.93,1362.0,1388.41,6.99,0.51,18429.0,147835.0,17.13,1.79,8210653.0,21063074.0
801766.SI,20181225,影视院线,1370.68,1385.16,1314.2,1361.27,-27.14,-1.95,27141.0,189381.0,16.8,1.76,8050153.0,20718283.0
801766.SI,20181226,影视院线,1359.46,1388.07,1345.28,1357.66,-3.61,-0.27,22561.0,176033.0,16.76,1.75,8028811.0,20682150.0
801766.SI,20181227,影视院线,1374.93,1386.44,1313.68,1317.51,-40.15,-2.96,21986.0,183456.0,16.25,1.7,7791399.0,20103271.0
801766.SI,20181228,影视院线,1320.49,1345.12,1292.0,1317.16,-0.35,-0.03,20604.0,162734.0,16.25,1.7,7789337.0,20087120.0
801766.SI,20190102,影视院线,1315.34,1331.44,1281.08,1295.66,-21.5,-1.63,19004.0,136817.0,15.98,1.67,7666442.0,19789374.0
801766.SI,20190103,影视院线,1296.68,1320.09,1273.01,1290.16,-5.5,-0.42,19155.0,142005.0,15.91,1.67,7632858.0,19722566.0
801766.SI,20190104,影视院线,1278.67,1329.64,1259.07,1320.84,30.68,2.38,31552.0,221546.0,16.29,1.7,7814346.0,20226844.0
801766.SI,20190107,影视院线,1323.37,1353.37,1309.62,1343.76,22.92,1.74,28462.0,212674.0,16.59,1.74,7975827.0,20598018.0
801766.SI,20190108,影视院线,1335.83,1357.08,1321.75,1340.68,-3.08,-0.23,23249.0,169414.0,16.55,1.73,7957546.0,20575028.0
801766.SI,20190109,影视院线,1342.14,1364.05,1321.03,1332.03,-8.65,-0.65,29460.0,216034.0,16.42,1.72,7887088.0,20388840.0
801766.SI,20190110,影视院线,1329.81,1353.46,1310.49,1323.74,-8.29,-0.62,21984.0,170173.0,16.31,1.71,7838011.0,20302746.0
801766.SI,20190111,影视院线,1323.47,1342.13,1309.47,1335.79,12.05,0.91,19637.0,149537.0,16.46,1.73,7909387.0,20493408.0
801766.SI,20190114,影视院线,1337.19,1356.11,1311.53,1328.73,-7.06,-0.53,23858.0,194161.0,16.38,1.72,7867597.0,20455367.0
801766.SI,20190115,影视院线,1325.42,1351.42,1313.05,1344.62,15.89,1.2,22073.0,167354.0,16.57,1.74,7961710.0,20691164.0
801766.SI,20190116,影视院线,1343.52,1391.56,1335.94,1369.26,24.64,1.83,31441.0,263355.0,16.87,1.77,8107606.0,21122548.0
801766.SI,20190117,影视院线,1368.19,1393.69,1346.73,1358.98,-10.28,-0.75,27472.0,231281.0,16.75,1.76,8046743.0,20965164.0
801766.SI,20190118,影视院线,1360.73,1379.52,1332.71,1367.47,8.49,0.62,30273.0,232336.0,16.86,1.77,8097000.0,21105766.0
801766.SI,20190121,影视院线,1363.77,1381.34,1343.48,1357.22,-10.25,-0.75,27358.0,221440.0,16.73,1.75,8036317.0,20961547.0
801766.SI,20190122,影视院线,1355.66,1367.36,1321.23,1332.5,-24.72,-1.82,27728.0,212725.0,16.47,1.72,7920877.0,20587463.0
801766.SI,20190123,影视院线,1333.29,1348.73,1316.16,1336.59,4.09,0.31,19005.0,144398.0,16.52,1.73,7945184.0,20641183.0
801766.SI,20190124,影视院线,1340.06,1380.27,1324.13,1357.85,21.26,1.59,30435.0,231735.0,16.78,1.75,8071583.0,20915399.0
801766.SI,20190125,影视院线,1356.4,1369.65,1332.17,1338.28,-19.57,-1.44,27312.0,204045.0,16.55,1.73,7959141.0,20673570.0
801766.SI,20190128,影视院线,1347.35,1358.32,1303.31,1313.35,-24.93,-1.86,25815.0,202945.0,16.24,1.7,7810856.0,20386013.0
801766.SI,20190129,影视院线,1310.65,1325.59,1254.4,1280.92,-32.43,-2.47,28694.0,200393.0,15.84,1.65,7617991.0,19924996.0
801766.SI,20190130,影视院线,1264.84,1286.86,1217.35,1237.69,-43.23,-3.37,28704.0,226288.0,15.3,1.6,7364342.0,19182559.0
801766.SI,20190131,影视院线,1212.8,1252.32,1174.47,1205.36,-32.33,-2.61,39102.0,317665.0,14.88,1.56,7171990.0,18825641.0
801766.SI,20190201,影视院线,1209.17,1255.8,1199.57,1248.43,43.07,3.57,29418.0,249222.0,15.44,1.61,7449651.0,19501565.0
801766.SI,20190211,影视院线,1267.92,1285.53,1223.59,1265.43,17.0,1.36,41190.0,411882.0,15.65,1.63,7551109.0,19679825.0
801766.SI,20190212,影视院线,1258.91,1285.37,1245.04,1267.21,1.78,0.14,36147.0,328637.0,15.66,1.63,7561721.0,19632833.0
801766.SI,20190213,影视院线,1265.67,1296.43,1252.68,1284.61,17.4,1.37,35964.0,316530.0,15.88,1.66,7664891.0,19869578.0
801766.SI,20190214,影视院线,1284.76,1312.7,1272.01,1298.1,13.49,1.05,33243.0,276840.0,16.05,1.67,7745394.0,20038536.0
801766.SI,20190215,影视院线,1295.6,1318.23,1284.7,1295.02,-3.08,-0.24,29696.0,252507.0,16.01,1.67,7727024.0,20004406.0
801766.SI,20190218,影视院线,1297.41,1334.53,1287.1,1330.3,35.28,2.72,39826.0,331805.0,16.45,1.72,7937521.0,20502086.0
801766.SI,20190219,影视院线,1333.28,1367.61,1314.28,1342.79,12.49,0.94,50596.0,383236.0,16.61,1.73,8012062.0,20652088.0
801766.SI,20190220,影视院线,1338.87,1350.79,1309.06,1333.58,-9.21,-0.69,36728.0,272785.0,16.49,1.72,7958517.0,20459360.0
801766.SI,20190221,影视院线,1332.96,1360.93,1314.8,1327.81,-5.77,-0.43,39151.0,298008.0,16.42,1.71,7924093.0,20383615.0
801766.SI,20190222,影视院线,1325.73,1378.42,1314.59,1371.91,44.1,3.32,44886.0,330647.0,17.01,1.77,8267451.0,21019439.0
801766.SI,20190225,影视院线,1386.28,1454.67,1372.45,1446.44,74.53,5.43,74667.0,563434.0,17.94,1.87,8716572.0,22118622.0
801766.SI,20190226,影视院线,1441.55,1503.49,1408.11,1446.85,0.41,0.03,71077.0,558631.0,17.95,1.87,8719063.0,22115245.0
801766.SI,20190227,影视院线,1446.59,1495.36,1425.0,1455.11,8.26,0.57,46861.0,323255.0,18.05,1.88,8768852.0,22171640.0
801766.SI,20190228,影视院线,1466.92,1497.58,1442.37,1459.47,4.36,0.3,43089.0,361067.0,18.11,1.88,8796948.0,22205674.0
801766.SI,20190301,影视院线,1466.64,1478.36,1423.99,1450.01,-9.46,-0.65,42604.0,363495.0,17.99,1.87,8739914.0,22096235.0
801766.SI,20190304,影视院线,1474.02,1510.39,1456.03,1478.78,28.77,1.98,61549.0,523412.0,18.34,1.91,8913348.0,22417929.0
801766.SI,20190305,影视院线,1476.65,1536.63,1466.82,1528.16,49.38,3.34,78981.0,599298.0,18.94,1.97,9210996.0,23077922.0
801766.SI,20190306,影视院线,1539.27,1603.34,1506.64,1577.95,49.79,3.26,94092.0,787923.0,19.56,2.04,9511080.0,23906503.0
801766.SI,20190307,影视院线,1566.38,1627.71,1534.42,1589.41,11.46,0.73,88658.0,727483.0,19.66,2.05,9580167.0,23969846.0
801766.SI,20190308,影视院线,1551.1,1591.16,1480.34,1493.78,-95.63,-6.02,77941.0,631146.0,18.47,1.93,9039339.0,22547518.0
801766.SI,20190311,影视院线,1507.27,1584.62,1487.81,1573.48,79.7,5.34,64257.0,535849.0,19.46,2.03,9521614.0,23669536.0
801766.SI,20190312,影视院线,1585.91,1658.07,1563.56,1613.23,39.75,2.53,94827.0,805595.0,19.96,2.08,9762147.0,24254010.0
801766.SI,20190313,影视院线,1607.83,1655.94,1550.66,1583.67,-29.56,-1.83,80301.0,690177.0,19.61,2.05,9583274.0,23869455.0
801766.SI,20190314,影视院线,1573.37,1598.91,1504.03,1532.58,-51.09,-3.23,55530.0,455537.0,18.98,1.98,9274089.0,23199690.0
801766.SI,20190315,影视院线,1541.61,1570.32,1514.34,1540.75,8.17,0.53,41059.0,341561.0,19.1,1.99,9338489.0,23354883.0
801766.SI,20190318,影视院线,1548.93,1584.4,1522.93,1575.29,34.54,2.24,43877.0,391121.0,19.52,2.03,9547813.0,23929034.0
801766.SI,20190319,影视院线,1572.29,1623.47,1554.31,1601.61,26.32,1.67,49898.0,432062.0,19.85,2.07,9707370.0,24224035.0
801766.SI,20190320,影视院线,1596.31,1617.58,1549.5,1585.18,-16.43,-1.03,49634.0,442646.0,19.7,2.04,9644010.0,23996084.0
801766.SI,20190321,影视院线,1585.99,1645.08,1572.62,1618.09,32.91,2.08,66069.0,571125.0,20.11,2.08,9844225.0,24438335.0
801766.SI,20190322,影视院线,1622.34,1642.1,1573.56,1611.73,-6.36,-0.39,53919.0,464207.0,20.03,2.07,9805561.0,24328363.0
801766.SI,20190325,影视院线,1578.0,1612.21,1553.03,1570.04,-41.69,-2.59,47892.0,399348.0,19.51,2.02,9551949.0,23740524.0
801766.SI,20190326,影视院线,1576.25,1596.76,1510.31,1523.7,-46.34,-2.95,48231.0,417032.0,18.9,1.96,9270006.0,23070906.0
801766.SI,20190327,影视院线,1534.42,1556.87,1495.36,1530.29,6.59,0.43,37755.0,329976.0,18.95,1.97,9310070.0,23180701.0
801766.SI,20190328,影视院线,1532.84,1563.44,1503.53,1516.77,-13.52,-0.88,34663.0,294557.0,18.71,1.95,9264059.0,23019709.0
801766.SI,20190329,影视院线,1525.5,1571.43,1493.1,1557.04,40.27,2.65,50153.0,427267.0,19.26,2.0,9510020.0,23612763.0
801766.SI,20190401,影视院线,1566.29,1619.34,1554.48,1605.61,48.57,3.12,62069.0,545911.0,19.85,2.06,9820455.0,24349540.0
801766.SI,20190402,影视院线,1606.86,1630.87,1578.66,1594.67,-10.94,-0.68,59812.0,518812.0,19.75,2.05,9753527.0,24200203.0
801766.SI,20190403,影视院线,1583.49,1621.11,1564.73,1608.32,13.65,0.86,53196.0,450166.0,19.93,2.06,9837017.0,24377509.0
801766.SI,20190404,影视院线,1611.89,1631.15,1581.24,1602.59,-5.73,-0.36,51621.0,428571.0,19.87,2.06,9801998.0,24329437.0
801766.SI,20190408,影视院线,1607.41,1622.74,1551.19,1573.23,-29.36,-1.83,48010.0,422506.0,19.51,2.02,9622445.0,23918980.0
801766.SI,20190409,影视院线,1572.17,1644.73,1557.28,1619.46,46.23,2.94,61279.0,554352.0,20.09,2.08,9905208.0,24617663.0
801766.SI,20190410,影视院线,1606.09,1629.33,1575.49,1604.37,-15.09,-0.93,52731.0,468970.0,19.89,2.06,9812885.0,24383115.0
801766.SI,20190411,影视院线,1604.45,1621.71,1553.55,1559.76,-44.61,-2.78,48617.0,398171.0,19.34,2.0,9540024.0,23737690.0
801766.SI,20190412,影视院线,1560.98,1590.28,1538.95,1571.33,11.57,0.74,32377.0,276917.0,19.49,2.03,9610805.0,23954612.0
801766.SI,20190415,影视院线,1606.21,1628.78,1558.42,1566.78,-4.55,-0.29,38524.0,381888.0,19.53,2.02,9630487.0,23924037.0
801766.SI,20190416,影视院线,1556.19,1598.16,1532.35,1593.2,26.42,1.69,38169.0,362079.0,19.86,2.06,9792888.0,24365117.0
801766.SI,20190417,影视院线,1591.65,1619.36,1573.22,1595.03,1.83,0.11,39995.0,368224.0,19.88,2.06,9804161.0,24354304.0
801766.SI,20190418,影视院线,1593.4,1643.03,1575.01,1613.37,18.34,1.15,45311.0,499081.0,20.12,2.08,9916870.0,24796460.0
801766.SI,20190419,影视院线,1614.06,1668.92,1581.28,1659.2,45.83,2.84,42682.0,506006.0,20.69,2.14,10198553.0,25568002.0
801766.SI,20190422,影视院线,1649.9,1677.1,1603.96,1623.65,-35.55,-2.14,42942.0,501748.0,20.26,2.09,9980060.0,25029325.0
801766.SI,20190423,影视院线,1623.03,1672.41,1588.67,1610.52,-13.13,-0.81,43131.0,526326.0,20.1,2.09,9899336.0,24785838.0
801766.SI,20190424,影视院线,1608.15,1642.01,1554.3,1599.78,-10.74,-0.67,41959.0,470921.0,19.95,2.08,9833295.0,24449729.0
801766.SI,20190425,影视院线,1592.38,1603.28,1510.52,1517.18,-82.6,-5.16,42559.0,404606.0,18.92,2.07,9325579.0,23191158.0
801766.SI,20190426,影视院线,1510.84,1532.71,1465.09,1480.66,-36.52,-2.41,31557.0,337386.0,18.45,2.08,9101135.0,22645320.0
801766.SI,20190429,影视院线,1473.31,1487.97,1399.12,1410.9,-69.76,-4.71,36637.0,330196.0,17.58,2.06,8672547.0,21669691.0
801766.SI,20190430,影视院线,1403.83,1454.83,1398.88,1438.98,28.08,1.99,24508.0,216683.0,17.92,2.18,8845138.0,22121464.0
801766.SI,20190506,影视院线,1380.84,1399.49,1300.89,1307.48,-131.5,-9.14,33929.0,285615.0,27.2,1.98,8025704.0,20097875.0
801766.SI,20190507,影视院线,1320.22,1340.68,1289.23,1321.87,14.39,1.1,22880.0,199068.0,,2.0,8114029.0,20278382.0
801766.SI,20190508,影视院线,1293.83,1339.63,1279.81,1313.89,-7.98,-0.6,26116.0,197899.0,27.17,1.99,8065049.0,20153609.0
801766.SI,20190509,影视院线,1304.16,1326.47,1291.11,1299.41,-14.48,-1.1,19312.0,149609.0,26.81,1.97,7973604.0,19920988.0
801766.SI,20190510,影视院线,1309.54,1343.7,1280.61,1337.44,38.03,2.93,26299.0,209111.0,27.61,2.02,8208113.0,20483088.0
801766.SI,20190513,影视院线,1321.17,1338.53,1301.17,1314.58,-22.86,-1.71,18904.0,147449.0,26.9,1.99,8051792.0,20148956.0
801766.SI,20190514,影视院线,1299.51,1331.8,1292.02,1309.84,-4.74,-0.36,17668.0,138392.0,26.8,1.98,8023971.0,20057624.0
801766.SI,20190515,影视院线,1321.44,1343.35,1312.07,1331.63,21.79,1.66,19036.0,159100.0,27.22,2.01,8176000.0,20430671.0
801766.SI,20190516,影视院线,1331.31,1354.36,1320.76,1343.05,11.42,0.86,19945.0,157887.0,27.35,2.03,8247654.0,20596482.0
801766.SI,20190517,影视院线,1345.2,1350.44,1268.66,1280.1,-62.95,-4.69,26214.0,198402.0,26.16,1.94,7861070.0,19667854.0
801766.SI,20190520,影视院线,1279.7,1291.56,1241.55,1270.9,-9.2,-0.72,19135.0,145645.0,25.93,1.92,7806935.0,19504679.0
801766.SI,20190521,影视院线,1278.71,1316.0,1269.16,1303.35,32.45,2.55,21235.0,183296.0,26.55,1.97,7980719.0,20062814.0
801766.SI,20190522,影视院线,1303.58,1316.52,1277.49,1289.31,-14.04,-1.08,17180.0,147283.0,26.26,1.95,7894759.0,19854275.0
801766.SI,20190523,影视院线,1285.31,1297.13,1251.42,1262.43,-26.88,-2.08,19283.0,155893.0,25.67,1.91,7730162.0,19382785.0
801766.SI,20190524,影视院线,1262.83,1285.18,1249.54,1264.8,2.37,0.19,15251.0,124137.0,25.72,1.91,7737498.0,19472215.0
801766.SI,20190527,影视院线,1275.6,1311.74,1262.17,1305.5,40.7,3.22,18878.0,134744.0,27.64,2.01,7996249.0,20719649.0
801766.SI,20190528,影视院线,1309.01,1330.46,1293.16,1305.63,0.13,0.01,20537.0,151414.0,27.7,1.85,7997024.0,20799753.0
801766.SI,20190529,影视院线,1303.84,1326.65,1289.02,1313.89,8.26,0.63,17737.0,176135.0,27.87,1.86,8047592.0,20982783.0
801766.SI,20190530,影视院线,1314.27,1340.17,1291.73,1316.45,2.56,0.19,24960.0,314199.0,28.0,1.86,8063271.0,21047129.0
801766.SI,20190531,影视院线,1309.12,1319.73,1287.55,1298.05,-18.4,-1.4,18413.0,186337.0,27.59,1.84,7945401.0,20707725.0
801766.SI,20190603,影视院线,1294.24,1302.62,1260.97,1272.64,-25.41,-1.96,18716.0,133202.0,27.04,1.8,7789174.0,20285446.0
801766.SI,20190604,影视院线,1266.41,1282.85,1243.3,1255.59,-17.05,-1.34,15352.0,104891.0,26.66,1.78,7684831.0,19973472.0
801766.SI,20190605,影视院线,1263.26,1272.65,1246.41,1253.23,-2.36,-0.19,17828.0,202220.0,26.64,1.77,7670417.0,19903071.0
801766.SI,20190606,影视院线,1251.11,1256.43,1211.44,1221.72,-31.51,-2.51,19264.0,151167.0,25.98,1.73,7477538.0,19450000.0
801766.SI,20190610,影视院线,1222.43,1247.83,1208.76,1236.49,14.77,1.21,17821.0,143106.0,26.28,1.75,7567935.0,19630448.0
801766.SI,20190611,影视院线,1236.53,1287.39,1228.48,1282.66,46.17,3.73,24361.0,205553.0,27.16,1.82,7850521.0,20316394.0
801766.SI,20190612,影视院线,1280.14,1299.92,1266.94,1278.2,-4.46,-0.35,20073.0,172571.0,27.03,1.81,7823191.0,20259161.0
801766.SI,20190613,影视院线,1279.02,1310.15,1272.11,1297.87,19.67,1.54,22356.0,174724.0,27.36,1.84,7943554.0,20520427.0
801766.SI,20190614,影视院线,1295.98,1306.03,1260.19,1266.58,-31.29,-2.41,20245.0,170533.0,26.5,1.79,7752066.0,20029988.0
801766.SI,20190617,影视院线,1253.74,1273.46,1237.72,1255.71,-10.87,-0.86,18764.0,137252.0,26.71,1.78,7685542.0,19912400.0
801766.SI,20190618,影视院线,1261.28,1279.2,1240.45,1262.87,7.16,0.57,15957.0,121250.0,26.78,1.79,7729375.0,19952253.0
801766.SI,20190619,影视院线,1285.05,1308.09,1269.81,1282.46,19.59,1.55,26884.0,200080.0,27.21,1.82,7849278.0,20299989.0
801766.SI,20190620,影视院线,1279.34,1312.04,1262.88,1299.52,17.06,1.33,29016.0,242132.0,27.65,1.84,7953705.0,20681670.0
801766.SI,20190621,影视院线,1315.59,1342.25,1300.45,1318.02,18.5,1.42,32951.0,290317.0,27.89,1.87,8052094.0,20854893.0
801766.SI,20190624,影视院线,1317.04,1329.13,1293.7,1307.34,-10.68,-0.81,20533.0,172129.0,27.66,1.86,7986854.0,20647758.0
801766.SI,20190625,影视院线,1307.34,1313.4,1266.82,1286.22,-21.12,-1.62,21693.0,196051.0,27.23,1.83,7857833.0,20356150.0
801766.SI,20190626,影视院线,1269.79,1290.91,1260.34,1272.22,-14.0,-1.09,21935.0,155777.0,27.16,1.81,7772310.0,20160909.0
801766.SI,20190627,影视院线,1274.81,1289.93,1263.39,1273.71,1.49,0.12,18719.0,145917.0,27.23,1.81,7781430.0,20198923.0
801766.SI,20190628,影视院线,1274.38,1280.55,1235.57,1254.71,-19.0,-1.49,20319.0,161193.0,26.94,1.78,7664591.0,19931062.0
801766.SI,20190701,影视院线,1278.1,1298.17,1267.45,1290.62,35.91,2.86,22998.0,193845.0,27.68,1.83,7889945.0,20501968.0
801766.SI,20190702,影视院线,1289.33,1301.99,1274.43,1287.35,-3.27,-0.25,17465.0,152878.0,27.64,1.83,7869944.0,20462206.0
801766.SI,20190703,影视院线,1284.83,1288.59,1258.99,1266.19,-21.16,-1.64,15288.0,121090.0,27.19,1.8,7740601.0,20151881.0
801766.SI,20190704,影视院线,1266.54,1280.5,1252.0,1263.58,-2.61,-0.21,14215.0,112459.0,27.19,1.79,7724645.0,20146601.0
801766.SI,20190705,影视院线,1263.16,1274.03,1251.46,1266.43,2.85,0.23,13233.0,104538.0,27.26,1.79,7720610.0,20202708.0
801766.SI,20190708,影视院线,1263.17,1269.5,1210.43,1226.1,-40.33,-3.18,23757.0,162563.0,26.58,1.74,7474754.0,19572012.0
801766.SI,20190709,影视院线,1225.18,1243.21,1208.47,1233.0,6.9,0.56,19335.0,130247.0,26.78,1.75,7516804.0,19708429.0
801766.SI,20190710,影视院线,1231.95,1235.97,1207.17,1215.48,-17.52,-1.42,15506.0,106017.0,26.36,1.72,7411338.0,19416030.0
801766.SI,20190711,影视院线,1219.71,1232.53,1204.96,1213.27,-2.21,-0.18,14423.0,104495.0,26.29,1.72,7397885.0,19393934.0
801766.SI,20190712,影视院线,1212.43,1226.28,1198.96,1218.26,4.99,0.41,15252.0,107584.0,26.42,1.73,7428308.0,19464744.0
801766.SI,20190715,影视院线,1198.79,1227.61,1177.19,1210.39,-7.87,-0.65,24044.0,194306.0,26.03,1.72,7380295.0,19308929.0
801766.SI,20190716,影视院线,1209.47,1223.17,1199.03,1214.34,3.95,0.33,14413.0,107371.0,26.01,1.72,7404383.0,19358674.0
801766.SI,20190717,影视院线,1213.25,1223.25,1201.32,1209.26,-5.08,-0.42,15104.0,111293.0,25.91,1.72,7379995.0,19257700.0
801766.SI,20190718,影视院线,1204.77,1217.43,1181.23,1190.08,-19.18,-1.59,19565.0,141873.0,25.51,1.69,7264555.0,18923137.0
801766.SI,20190719,影视院线,1190.54,1211.51,1186.58,1197.45,7.37,0.62,15068.0,105797.0,25.66,1.7,7309520.0,19052912.0
801766.SI,20190722,影视院线,1202.09,1210.24,1156.86,1171.34,-26.11,-2.18,20929.0,151727.0,25.19,1.66,7150131.0,18659719.0
801766.SI,20190723,影视院线,1172.19,1186.44,1162.47,1180.36,9.02,0.77,13432.0,95430.0,25.39,1.68,7205191.0,18815442.0
801766.SI,20190724,影视院线,1185.17,1210.19,1178.87,1197.74,17.38,1.47,18025.0,140200.0,25.8,1.7,7313448.0,19103515.0
801766.SI,20190725,影视院线,1199.18,1209.18,1187.3,1198.46,0.72,0.06,14785.0,114402.0,25.84,1.7,7317856.0,19140947.0
801766.SI,20190726,影视院线,1194.45,1205.6,1176.31,1189.79,-8.67,-0.72,16201.0,127405.0,25.58,1.7,7265802.0,18941712.0
801766.SI,20190729,影视院线,1195.96,1217.17,1182.82,1199.1,9.31,0.78,25061.0,192828.0,25.86,1.71,7322637.0,19105232.0
801766.SI,20190730,影视院线,1200.12,1233.44,1191.88,1215.84,16.74,1.4,27194.0,215302.0,26.25,1.73,7424836.0,19430235.0
801766.SI,20190731,影视院线,1215.41,1221.34,1194.97,1202.49,-13.35,-1.1,17738.0,131202.0,25.91,1.71,7343292.0,19188135.0
801766.SI,20190801,影视院线,1196.06,1215.57,1186.19,1204.31,1.82,0.15,17933.0,138341.0,26.07,1.72,7354427.0,19252576.0
801766.SI,20190802,影视院线,1181.14,1199.74,1164.63,1191.77,-12.54,-1.04,22933.0,170532.0,25.9,1.7,7277830.0,19070501.0
801766.SI,20190805,影视院线,1187.37,1199.62,1162.96,1167.99,-23.78,-2.0,19216.0,146725.0,25.39,1.66,7132605.0,18666672.0
801766.SI,20190806,影视院线,1142.8,1152.06,1088.94,1121.96,-46.03,-3.94,26515.0,187648.0,24.42,1.6,6852384.0,17931469.0
801766.SI,20190807,影视院线,1127.67,1136.08,1105.28,1111.11,-10.85,-0.97,14309.0,99053.0,24.17,1.58,6786112.0,17788615.0
801766.SI,20190808,影视院线,1116.41,1130.97,1106.73,1114.5,3.39,0.31,11969.0,90021.0,24.29,1.59,6806816.0,17868946.0
801766.SI,20190809,影视院线,1121.97,1130.07,1095.04,1104.51,-9.99,-0.9,13807.0,99680.0,24.08,1.57,6749193.0,17715003.0
801766.SI,20190812,影视院线,1106.79,1120.0,1094.15,1114.22,9.71,0.88,12647.0,81917.0,24.3,1.59,6797741.0,17885819.0
801766.SI,20190813,影视院线,1104.93,1115.3,1092.07,1100.56,-13.66,-1.23,11948.0,76616.0,24.03,1.57,6714428.0,17672296.0
801766.SI,20190814,影视院线,1115.54,1131.31,1092.64,1104.09,3.53,0.32,17057.0,106798.0,24.12,1.57,6735995.0,17716084.0
801766.SI,20190815,影视院线,1074.24,1114.68,1062.33,1108.11,4.02,0.36,21552.0,135422.0,24.24,1.58,6760497.0,17782269.0
801766.SI,20190816,影视院线,1106.03,1126.19,1096.45,1110.12,2.01,0.18,17335.0,119081.0,24.29,1.58,6773655.0,17840630.0
801766.SI,20190819,影视院线,1120.1,1157.61,1113.56,1151.69,41.57,3.74,26810.0,186012.0,25.17,1.64,7027305.0,18513247.0
801766.SI,20190820,影视院线,1155.77,1183.57,1143.75,1154.79,3.1,0.27,30499.0,205253.0,25.19,1.65,7062438.0,18555647.0
801766.SI,20190821,影视院线,1154.14,1167.66,1137.24,1148.66,-6.13,-0.53,22832.0,141464.0,24.97,1.68,6951249.0,18486178.0
801766.SI,20190822,影视院线,1154.86,1175.46,1140.94,1160.68,12.02,1.05,22505.0,152582.0,25.1,1.7,7023963.0,18699085.0
801766.SI,20190823,影视院线,1162.52,1171.58,1140.85,1150.86,-9.82,-0.85,22728.0,165670.0,24.92,1.68,6966315.0,18577901.0
801766.SI,20190826,影视院线,1122.27,1148.11,1115.22,1140.06,-10.8,-0.94,18176.0,132362.0,24.72,1.67,6900945.0,18386371.0
801766.SI,20190827,影视院线,1147.23,1186.72,1144.17,1174.12,34.06,2.99,27693.0,188483.0,25.4,1.7,7107113.0,18910973.0
801766.SI,20190828,影视院线,1178.35,1206.8,1163.41,1185.67,11.55,0.98,26865.0,189275.0,25.79,1.71,7177049.0,19094743.0
801766.SI,20190829,影视院线,1190.65,1212.9,1178.72,1193.85,8.18,0.69,25471.0,171193.0,25.89,1.72,7226555.0,19163605.0
801766.SI,20190830,影视院线,1203.21,1214.25,1165.56,1175.67,-18.18,-1.52,26477.0,174354.0,25.55,1.69,7116486.0,18877867.0
801766.SI,20190902,影视院线,1179.22,1247.47,1169.84,1232.12,56.45,4.8,46518.0,303622.0,18.87,1.78,7458211.0,19747911.0
801766.SI,20190903,影视院线,1230.83,1265.29,1216.76,1248.03,15.91,1.29,40799.0,281097.0,19.03,1.8,7554535.0,19914161.0
801766.SI,20190904,影视院线,1244.9,1277.5,1228.07,1256.21,8.18,0.66,47185.0,281067.0,19.05,1.81,7604060.0,20030775.0
801766.SI,20190905,影视院线,1259.2,1287.32,1241.11,1254.03,-2.18,-0.17,46832.0,304175.0,19.06,1.81,7590854.0,19937386.0
801766.SI,20190906,影视院线,1259.03,1278.59,1240.66,1261.25,7.22,0.58,36071.0,224031.0,19.21,1.82,7634555.0,20027621.0
801766.SI,20190909,影视院线,1268.25,1292.99,1253.22,1284.15,22.9,1.82,33329.0,226438.0,19.68,1.85,7773170.0,20374952.0
801766.SI,20190910,影视院线,1289.58,1302.9,1265.63,1284.85,0.7,0.05,34895.0,229452.0,19.76,1.85,7777400.0,20366091.0
801766.SI,20190911,影视院线,1292.93,1304.16,1264.14,1277.13,-7.72,-0.6,41575.0,269371.0,19.7,1.84,7730681.0,20244730.0
801766.SI,20190912,影视院线,1282.38,1310.67,1270.93,1295.23,18.1,1.42,38499.0,297044.0,20.0,1.87,7840228.0,20574085.0
801766.SI,20190916,影视院线,1295.94,1335.52,1280.72,1313.64,18.41,1.42,42116.0,365998.0,20.41,1.89,7951695.0,20962362.0
801766.SI,20190917,影视院线,1312.39,1326.87,1269.6,1284.58,-29.06,-2.21,40196.0,333840.0,19.98,1.85,7775817.0,20512918.0
801766.SI,20190918,影视院线,1290.06,1311.78,1271.32,1284.45,-0.13,-0.01,32563.0,265884.0,19.97,1.85,7774999.0,20499340.0
801766.SI,20190919,影视院线,1288.47,1303.79,1266.66,1289.3,4.85,0.38,29687.0,225761.0,20.01,1.86,7804356.0,20581112.0
801766.SI,20190920,影视院线,1286.95,1306.08,1261.55,1280.77,-8.53,-0.66,37430.0,272680.0,19.84,1.85,7752705.0,20457066.0
801766.SI,20190923,影视院线,1279.17,1315.38,1260.66,1299.3,18.53,1.45,45967.0,344071.0,20.05,1.87,7866156.0,20787533.0
801766.SI,20190924,影视院线,1295.4,1307.9,1270.39,1281.82,-17.48,-1.35,34318.0,261516.0,19.81,1.85,7755523.0,20510783.0
801766.SI,20190925,影视院线,1276.05,1282.82,1238.63,1249.52,-32.3,-2.52,29995.0,235055.0,19.32,1.8,7560092.0,20004713.0
801766.SI,20190926,影视院线,1253.64,1275.91,1219.78,1237.48,-12.04,-0.96,35728.0,266282.0,19.13,1.78,7487254.0,19883603.0
801766.SI,20190927,影视院线,1238.99,1283.66,1223.22,1274.6,37.12,3.0,33936.0,253380.0,19.78,1.84,7711858.0,20454180.0
801766.SI,20190930,影视院线,1270.3,1302.27,1240.2,1262.05,-12.55,-0.98,39200.0,326197.0,19.65,1.82,7635935.0,20305682.0
801766.SI,20191008,影视院线,1253.37,1264.08,1188.9,1196.62,-65.43,-5.18,36677.0,305710.0,18.56,1.72,7240042.0,19136996.0
801766.SI,20191009,影视院线,1186.49,1216.16,1166.52,1204.83,8.21,0.69,32173.0,220770.0,18.73,1.74,7293014.0,19136651.0
801766.SI,20191010,影视院线,1205.56,1231.24,1193.33,1218.45,13.62,1.13,37845.0,223869.0,19.02,1.75,7419887.0,19298056.0
801766.SI,20191011,影视院线,1216.84,1236.74,1193.66,1218.32,-0.13,-0.01,38481.0,234718.0,19.06,1.75,7419121.0,19299410.0
801766.SI,20191014,影视院线,1229.42,1249.96,1215.97,1234.11,15.79,1.3,35911.0,229901.0,19.31,1.77,7547461.0,19573850.0
801766.SI,20191015,影视院线,1228.51,1245.38,1205.0,1214.97,-19.14,-1.55,39519.0,251162.0,18.95,1.75,7430377.0,19248951.0
801766.SI,20191016,影视院线,1213.43,1228.42,1188.82,1202.14,-12.83,-1.06,31981.0,198796.0,18.8,1.73,7351879.0,19015137.0
801766.SI,20191017,影视院线,1202.35,1229.96,1193.58,1208.59,6.45,0.54,27130.0,169929.0,18.87,1.74,7391352.0,19126492.0
801766.SI,20191018,影视院线,1211.58,1226.83,1186.8,1200.71,-7.88,-0.65,30397.0,200059.0,18.72,1.73,7343161.0,18973331.0
801766.SI,20191021,影视院线,1201.89,1207.26,1166.8,1182.71,-18.0,-1.5,26915.0,168771.0,18.52,1.7,7233105.0,18727391.0
801766.SI,20191022,影视院线,1183.86,1214.95,1176.45,1205.41,22.7,1.92,30390.0,175427.0,18.86,1.73,7374747.0,19039803.0
801766.SI,20191023,影视院线,1204.48,1217.68,1187.47,1197.44,-7.97,-0.66,27287.0,166078.0,18.69,1.72,7326005.0,18884760.0
801766.SI,20191024,影视院线,1194.8,1218.78,1178.13,1200.38,2.94,0.25,25689.0,160701.0,18.66,1.72,7344002.0,18950812.0
801766.SI,20191025,影视院线,1199.71,1222.8,1184.72,1210.44,10.06,0.84,25066.0,163431.0,18.84,1.73,7405554.0,19137045.0
801766.SI,20191028,影视院线,1214.64,1247.55,1203.85,1237.71,27.27,2.25,36177.0,232138.0,19.24,1.77,7572402.0,19549563.0
801766.SI,20191029,影视院线,1238.03,1250.65,1209.32,1216.12,-21.59,-1.74,35898.0,238204.0,18.84,1.73,7446603.0,19258493.0
801766.SI,20191030,影视院线,1206.69,1228.26,1182.39,1201.17,-14.95,-1.23,30451.0,196840.0,18.61,1.7,7355035.0,18981865.0
801766.SI,20191031,影视院线,1203.14,1218.45,1174.24,1185.94,-15.23,-1.27,30582.0,189894.0,18.41,1.69,7261799.0,18833734.0
801766.SI,20191101,影视院线,1184.21,1210.16,1170.4,1200.57,14.63,1.23,29110.0,183726.0,18.64,1.71,7351392.0,19033537.0
801766.SI,20191104,影视院线,1203.12,1220.68,1184.78,1200.29,-0.28,-0.02,32324.0,196564.0,18.59,1.71,7349701.0,19039914.0
801766.SI,20191105,影视院线,1201.2,1220.6,1183.22,1206.77,6.48,0.54,33379.0,202714.0,18.68,1.72,7390276.0,19155717.0
801766.SI,20191106,影视院线,1205.99,1222.57,1183.11,1197.28,-9.49,-0.79,36406.0,213766.0,18.55,1.71,7332129.0,18991287.0
801766.SI,20191107,影视院线,1196.2,1221.83,1183.78,1209.4,12.12,1.01,34372.0,202835.0,18.72,1.73,7406383.0,19179570.0
801766.SI,20191108,影视院线,1214.7,1254.85,1203.48,1230.37,20.97,1.73,43879.0,288324.0,19.09,1.76,7534813.0,19495703.0
801766.SI,20191111,影视院线,1220.37,1237.82,1189.3,1200.49,-29.88,-2.43,35710.0,226904.0,18.61,1.71,7374628.0,19037572.0
801766.SI,20191112,影视院线,1202.5,1220.39,1182.7,1210.75,10.26,0.85,31865.0,197980.0,18.71,1.73,7437644.0,19161422.0
801766.SI,20191113,影视院线,1210.72,1220.49,1183.58,1200.8,-9.95,-0.82,35718.0,218116.0,18.5,1.71,7376522.0,19011922.0
801766.SI,20191114,影视院线,1201.12,1228.61,1189.96,1210.42,9.62,0.8,38242.0,233804.0,18.61,1.73,7435599.0,19149419.0
801766.SI,20191115,影视院线,1206.46,1226.89,1182.85,1195.88,-14.54,-1.2,37796.0,220936.0,18.36,1.71,7346277.0,18923596.0
801766.SI,20191118,影视院线,1195.67,1226.58,1183.58,1212.32,16.44,1.37,44279.0,248717.0,18.59,1.73,7447294.0,19186702.0
801766.SI,20191119,影视院线,1211.04,1270.06,1202.64,1258.77,46.45,3.83,55903.0,351864.0,19.25,1.8,7732646.0,19855206.0
801766.SI,20191120,影视院线,1259.87,1280.38,1239.21,1252.5,-6.27,-0.5,47207.0,289092.0,19.1,1.79,7696298.0,19741465.0
801766.SI,20191121,影视院线,1248.09,1279.17,1228.99,1255.26,2.76,0.22,49358.0,306910.0,19.22,1.79,7713247.0,19847777.0
801766.SI,20191122,影视院线,1254.36,1274.08,1217.86,1234.21,-21.05,-1.68,48437.0,286919.0,18.98,1.76,7586454.0,19553133.0
801766.SI,20191125,影视院线,1230.78,1248.08,1203.43,1224.89,-9.32,-0.76,36548.0,206210.0,19.03,1.75,7529171.0,19484036.0
801766.SI,20191126,影视院线,1222.51,1244.32,1205.69,1222.01,-2.88,-0.24,38366.0,229556.0,19.04,1.74,7514317.0,19497760.0
801766.SI,20191127,影视院线,1220.14,1235.53,1198.94,1212.81,-9.2,-0.75,32207.0,183621.0,18.93,1.73,7457733.0,19366818.0
801766.SI,20191128,影视院线,1210.39,1223.46,1187.38,1201.34,-11.47,-0.95,37115.0,208133.0,18.72,1.71,7387217.0,19172114.0
801766.SI,20191129,影视院线,1200.27,1214.92,1185.43,1202.05,0.71,0.06,34903.0,202528.0,18.75,1.72,7375880.0,19186499.0
801766.SI,20191202,影视院线,1201.35,1225.14,1184.64,1207.48,5.43,0.45,35101.0,204600.0,18.81,1.72,7410100.0,19328859.0
801766.SI,20191203,影视院线,1201.01,1221.12,1183.62,1212.07,4.59,0.38,32433.0,198442.0,18.93,1.73,7456180.0,19432941.0
801766.SI,20191204,影视院线,1203.83,1229.26,1189.46,1213.65,1.58,0.13,31739.0,202361.0,19.12,1.73,7465906.0,19547500.0
801766.SI,20191205,影视院线,1215.98,1235.29,1200.43,1220.86,7.21,0.59,33677.0,206770.0,19.17,1.74,7510272.0,19668606.0
801766.SI,20191206,影视院线,1222.93,1281.99,1210.28,1272.14,51.28,4.2,59163.0,376444.0,19.84,1.81,7825746.0,20378572.0
801766.SI,20191209,影视院线,1279.54,1317.95,1263.3,1297.42,25.28,1.99,62017.0,398030.0,20.13,1.85,7981247.0,20748668.0
801766.SI,20191210,影视院线,1296.49,1371.25,1277.59,1351.57,54.15,4.17,83156.0,574372.0,20.88,1.93,8323401.0,21538406.0
801766.SI,20191211,影视院线,1359.51,1400.72,1336.04,1357.63,6.06,0.45,84100.0,561524.0,21.03,1.93,8357040.0,21599567.0
801766.SI,20191212,影视院线,1358.22,1392.26,1330.23,1349.39,-8.24,-0.61,90844.0,631883.0,20.94,1.92,8306309.0,21503445.0
801766.SI,20191213,影视院线,1354.83,1373.84,1321.23,1349.53,0.14,0.01,71021.0,489789.0,20.99,1.92,8307175.0,21590012.0
801766.SI,20191216,影视院线,1361.84,1405.28,1344.34,1386.34,36.81,2.73,75899.0,538065.0,21.51,1.97,8533747.0,22125490.0
801766.SI,20191217,影视院线,1383.23,1414.69,1367.09,1396.28,9.94,0.72,80601.0,582820.0,21.58,1.99,8600118.0,22180434.0
801766.SI,20191218,影视院线,1386.28,1412.41,1366.07,1389.19,-7.09,-0.51,72126.0,500058.0,21.49,1.98,8566379.0,22082852.0
801766.SI,20191219,影视院线,1387.34,1481.75,1378.97,1456.08,66.89,4.82,94090.0,739236.0,22.59,2.07,8978847.0,23241019.0
801766.SI,20191220,影视院线,1465.15,1473.31,1405.52,1425.57,-30.51,-2.1,79561.0,641741.0,22.24,2.03,8790682.0,22790970.0
801766.SI,20191223,影视院线,1413.78,1422.12,1353.39,1367.64,-57.93,-4.06,54349.0,424505.0,21.38,1.95,8433439.0,21893656.0
801766.SI,20191224,影视院线,1370.6,1397.83,1342.64,1385.14,17.5,1.28,43397.0,323660.0,21.61,1.97,8541338.0,22182095.0
801766.SI,20191225,影视院线,1382.54,1421.15,1364.84,1395.1,9.96,0.72,48907.0,359755.0,21.62,1.99,8602739.0,22369296.0
801766.SI,20191226,影视院线,1392.77,1413.67,1368.29,1396.94,1.84,0.13,42422.0,300141.0,21.76,1.99,8614101.0,22427956.0
801766.SI,20191227,影视院线,1396.66,1431.75,1372.54,1386.54,-10.4,-0.74,54164.0,433040.0,21.66,1.97,8550140.0,22240792.0
801766.SI,20191230,影视院线,1378.91,1407.02,1345.48,1386.13,-0.41,-0.03,47239.0,368315.0,21.74,1.97,8547610.0,22303528.0
801766.SI,20191231,影视院线,1381.94,1407.65,1358.54,1388.12,1.99,0.14,40510.0,345087.0,21.82,1.98,8553697.0,22341165.0
801766.SI,20200102,影视院线,1394.57,1473.02,1384.09,1452.3,64.18,4.62,61281.0,534193.0,22.76,2.07,8952786.0,23374234.0
801766.SI,20200103,影视院线,1458.55,1501.34,1433.11,1469.95,17.65,1.22,67461.0,584570.0,22.87,2.09,9061613.0,23600332.0
801766.SI,20200106,影视院线,1454.88,1556.11,1437.86,1518.12,48.17,3.28,85970.0,723869.0,23.72,2.16,9358553.0,24321239.0
801766.SI,20200107,影视院线,1532.14,1630.28,1524.31,1596.65,78.53,5.17,98024.0,839009.0,25.0,2.27,9858930.0,25425223.0
801766.SI,20200108,影视院线,1582.62,1618.74,1528.06,1559.04,-37.61,-2.36,111627.0,853084.0,24.52,2.22,9626722.0,24780596.0
801766.SI,20200109,影视院线,1580.47,1612.15,1534.67,1577.4,18.36,1.18,84416.0,673749.0,24.79,2.25,9740065.0,25087995.0
801766.SI,20200110,影视院线,1574.98,1594.43,1526.76,1554.91,-22.49,-1.43,64062.0,484004.0,24.57,2.21,9601167.0,24773816.0
801766.SI,20200113,影视院线,1552.75,1584.93,1519.81,1572.74,17.83,1.15,59903.0,472971.0,24.9,2.24,9730032.0,25140206.0
801766.SI,20200114,影视院线,1575.43,1614.2,1539.09,1561.18,-11.56,-0.74,68939.0,552510.0,24.96,2.22,9686463.0,24982640.0
801766.SI,20200115,影视院线,1561.92,1585.4,1523.02,1551.04,-10.14,-0.65,68004.0,498375.0,24.8,2.21,9623569.0,24800538.0
801766.SI,20200116,影视院线,1559.33,1584.26,1530.57,1547.24,-3.8,-0.24,52761.0,384203.0,24.84,2.2,9600002.0,24771741.0
801766.SI,20200117,影视院线,1551.3,1585.83,1511.83,1526.8,-20.44,-1.32,52101.0,439895.0,24.54,2.17,9473200.0,24461486.0
801766.SI,20200120,影视院线,1524.57,1541.6,1430.17,1470.6,-56.2,-3.68,70448.0,669921.0,23.44,2.09,9124521.0,23339341.0
801766.SI,20200121,影视院线,1443.51,1498.77,1414.4,1458.14,-12.46,-0.85,66598.0,577134.0,23.0,2.08,9047227.0,22939400.0
801766.SI,20200122,影视院线,1414.26,1460.67,1371.72,1440.22,-17.92,-1.23,75410.0,572908.0,22.88,2.05,8936010.0,22559833.0
801766.SI,20200123,影视院线,1406.12,1440.68,1337.68,1362.17,-78.05,-5.42,62649.0,512097.0,21.63,1.94,8451748.0,21359649.0
801766.SI,20200203,影视院线,1229.84,1247.75,1226.41,1230.61,-131.56,-9.66,26102.0,158033.0,19.56,1.75,7635480.0,19273951.0
801766.SI,20200204,影视院线,1142.35,1240.39,1138.5,1217.26,-13.35,-1.08,72317.0,520543.0,19.53,1.73,7552663.0,18955231.0
801766.SI,20200205,影视院线,1224.56,1298.79,1211.72,1282.06,64.8,5.32,65533.0,484727.0,20.46,1.83,7954716.0,19881443.0
801766.SI,20200206,影视院线,1281.72,1358.05,1256.29,1321.14,39.08,3.05,72644.0,522299.0,21.07,1.88,8197203.0,20530379.0
801766.SI,20200207,影视院线,1318.11,1369.9,1287.56,1344.56,23.42,1.77,60850.0,432693.0,21.5,1.91,8342510.0,20841738.0
801766.SI,20200210,影视院线,1331.79,1382.06,1305.44,1361.18,16.62,1.24,53626.0,417850.0,21.64,1.94,8445627.0,21107176.0
801766.SI,20200211,影视院线,1358.81,1400.57,1329.48,1363.83,2.65,0.19,45260.0,384551.0,21.82,1.94,8462077.0,21232239.0
801766.SI,20200212,影视院线,1365.01,1416.37,1347.49,1394.63,30.8,2.26,40488.0,316378.0,22.08,1.99,8653156.0,21595044.0
801766.SI,20200213,影视院线,1391.67,1411.59,1354.58,1365.46,-29.17,-2.09,40457.0,306746.0,21.65,1.94,8472140.0,21169189.0
801766.SI,20200214,影视院线,1361.59,1383.18,1331.47,1351.79,-13.67,-1.0,37317.0,278202.0,21.37,1.92,8387347.0,21020266.0
801766.SI,20200217,影视院线,1358.59,1415.03,1347.44,1403.38,51.59,3.82,44203.0,336470.0,22.08,2.0,8707448.0,21772642.0
801766.SI,20200218,影视院线,1411.12,1445.41,1388.27,1423.45,20.07,1.43,47150.0,357630.0,22.46,2.03,8832079.0,22139308.0
801766.SI,20200219,影视院线,1419.75,1439.3,1379.42,1391.84,-31.61,-2.22,44987.0,356218.0,21.92,1.98,8635924.0,21710519.0
801766.SI,20200220,影视院线,1390.81,1451.61,1373.31,1430.09,38.25,2.75,56498.0,492452.0,22.59,2.04,8873253.0,22479201.0
801766.SI,20200221,影视院线,1420.23,1453.26,1401.78,1425.57,-4.52,-0.32,52314.0,421562.0,22.56,2.03,8845204.0,22354616.0
801766.SI,20200224,影视院线,1413.75,1433.92,1374.24,1408.18,-17.39,-1.22,53240.0,421260.0,22.24,2.01,8737287.0,22073390.0
801766.SI,20200225,影视院线,1381.17,1398.58,1318.77,1370.41,-37.77,-2.68,57541.0,455842.0,21.59,1.95,8502949.0,21530760.0
801766.SI,20200226,影视院线,1352.2,1400.01,1323.49,1345.45,-24.96,-1.82,58884.0,447479.0,21.33,1.92,8348076.0,21209356.0
801766.SI,20200227,影视院线,1352.35,1372.55,1321.75,1337.11,-8.34,-0.62,41997.0,317326.0,21.1,1.9,8296309.0,21088970.0
801766.SI,20200228,影视院线,1299.66,1320.81,1245.84,1265.98,-71.13,-5.32,53500.0,377178.0,19.96,1.81,7783685.0,19975342.0
801766.SI,20200302,影视院线,1273.91,1318.37,1254.37,1301.71,35.73,2.82,40466.0,308155.0,20.4,1.86,8003365.0,20554423.0
801766.SI,20200303,影视院线,1320.3,1354.12,1292.53,1314.52,12.81,0.98,49681.0,348759.0,20.56,1.88,8082122.0,20685593.0
801766.SI,20200304,影视院线,1303.12,1340.64,1285.6,1326.71,12.19,0.93,47752.0,325550.0,20.66,1.9,8157052.0,20854297.0
801766.SI,20200305,影视院线,1339.85,1371.28,1313.86,1356.27,29.56,2.23,52114.0,389095.0,21.04,1.94,8341997.0,21315220.0
801766.SI,20200306,影视院线,1338.88,1375.83,1324.08,1349.95,-6.32,-0.47,40720.0,301225.0,20.88,1.93,8303151.0,21247875.0
801766.SI,20200309,影视院线,1324.07,1350.11,1292.55,1306.77,-43.18,-3.2,40571.0,321415.0,20.24,1.88,8103067.0,20615361.0
801766.SI,20200310,影视院线,1292.83,1374.06,1278.06,1353.8,47.03,3.6,48802.0,411559.0,21.06,1.95,8394674.0,21412792.0
801766.SI,20200311,影视院线,1354.9,1407.54,1324.42,1354.47,0.67,0.05,55720.0,486430.0,21.13,1.95,8398809.0,21499701.0
801766.SI,20200312,影视院线,1333.24,1357.24,1295.81,1320.72,-33.75,-2.49,45953.0,337082.0,20.58,1.9,8182985.0,20907176.0
801766.SI,20200313,影视院线,1250.94,1323.93,1235.08,1303.11,-17.61,-1.33,44270.0,325060.0,20.39,1.88,8073148.0,20635323.0
801766.SI,20200316,影视院线,1307.72,1316.36,1218.57,1229.76,-73.35,-5.63,43085.0,314030.0,19.21,1.77,7618699.0,19492136.0
801766.SI,20200317,影视院线,1238.41,1262.33,1188.29,1224.23,-5.53,-0.45,36214.0,258335.0,19.09,1.76,7584469.0,19350949.0
801766.SI,20200318,影视院线,1232.81,1258.38,1187.99,1197.13,-27.1,-2.21,36935.0,269196.0,18.62,1.72,7417676.0,18939890.0
801766.SI,20200319,影视院线,1195.05,1215.51,1159.85,1195.5,-1.63,-0.14,31460.0,218832.0,18.55,1.72,7386064.0,18910699.0
801766.SI,20200320,影视院线,1208.26,1244.92,1187.65,1229.05,33.55,2.81,32862.0,245602.0,19.1,1.77,7593359.0,19536129.0
801766.SI,20200323,影视院线,1193.41,1224.0,1165.89,1183.93,-45.12,-3.67,31201.0,234502.0,18.46,1.7,7314624.0,18868298.0
801766.SI,20200324,影视院线,1207.47,1222.93,1165.64,1205.75,21.82,1.84,32081.0,231472.0,18.78,1.74,7448189.0,19228065.0
801766.SI,20200325,影视院线,1225.82,1257.42,1211.55,1240.39,34.64,2.87,37232.0,276269.0,19.44,1.79,7662157.0,19814426.0
801766.SI,20200326,影视院线,1229.33,1249.2,1207.49,1222.73,-17.66,-1.42,30096.0,238301.0,19.27,1.76,7553087.0,19551878.0
801766.SI,20200327,影视院线,1233.95,1253.24,1199.17,1207.1,-15.63,-1.28,32203.0,257145.0,19.1,1.74,7456563.0,19319799.0
801766.SI,20200330,影视院线,1168.1,1179.08,1113.1,1140.78,-66.32,-5.49,40249.0,302946.0,18.09,1.64,7046917.0,18190929.0
801766.SI,20200331,影视院线,1150.7,1160.17,1106.5,1125.01,-15.77,-1.38,29874.0,197457.0,17.82,1.62,6949474.0,17930289.0
801766.SI,20200401,影视院线,1117.06,1151.74,1100.23,1115.48,-9.53,-0.85,31847.0,187484.0,17.63,1.61,6890575.0,17754791.0
801766.SI,20200402,影视院线,1110.43,1148.36,1101.72,1144.3,28.82,2.58,24811.0,149757.0,18.1,1.65,7068748.0,18195393.0
801766.SI,20200403,影视院线,1140.42,1190.13,1125.77,1152.46,8.16,0.71,31408.0,212643.0,18.29,1.66,7119161.0,18365643.0
801766.SI,20200407,影视院线,1163.37,1187.09,1150.64,1175.63,23.17,2.01,30929.0,204753.0,18.58,1.69,7262260.0,18711267.0
801766.SI,20200408,影视院线,1168.06,1199.15,1160.71,1181.12,5.49,0.47,29701.0,192216.0,18.64,1.7,7296205.0,18796752.0
801766.SI,20200409,影视院线,1185.2,1215.26,1170.5,1191.59,10.47,0.89,32996.0,214761.0,18.77,1.72,7360888.0,18901427.0
801766.SI,20200410,影视院线,1192.71,1211.5,1148.29,1163.19,-28.4,-2.38,40778.0,252310.0,18.23,1.67,7185457.0,18466278.0
801766.SI,20200413,影视院线,1151.58,1158.1,1118.97,1134.01,-29.18,-2.51,24263.0,143177.0,17.81,1.63,7005227.0,18009543.0
801766.SI,20200414,影视院线,1140.76,1164.82,1127.83,1157.5,23.49,2.07,23514.0,145556.0,18.08,1.67,7150315.0,18354470.0
801766.SI,20200415,影视院线,1157.51,1180.93,1140.71,1158.21,0.71,0.06,26633.0,171594.0,17.98,1.67,7154713.0,18329695.0
801766.SI,20200416,影视院线,1152.09,1180.1,1139.6,1165.73,7.52,0.65,31235.0,181179.0,18.07,1.68,7201143.0,18423427.0
801766.SI,20200417,影视院线,1172.33,1197.4,1154.86,1173.3,7.57,0.65,31399.0,219415.0,18.33,1.69,7247934.0,18638051.0
801766.SI,20200420,影视院线,1167.62,1185.76,1151.88,1172.64,-0.66,-0.06,25065.0,163842.0,18.32,1.69,7243842.0,18613522.0
801766.SI,20200421,影视院线,1168.42,1181.62,1139.61,1161.49,-11.15,-0.95,24967.0,161516.0,18.04,1.67,7174991.0,18424892.0
801766.SI,20200422,影视院线,1152.57,1184.43,1141.75,1174.89,13.4,1.15,26244.0,166219.0,18.26,1.69,7257787.0,18605686.0
801766.SI,20200423,影视院线,1176.79,1189.55,1152.51,1160.99,-13.9,-1.18,27146.0,159467.0,18.09,1.67,7171948.0,18373283.0
801766.SI,20200424,影视院线,1159.14,1170.42,1132.3,1145.32,-15.67,-1.35,25792.0,149589.0,17.87,1.65,7075163.0,18171116.0
801766.SI,20200427,影视院线,1146.54,1184.88,1126.67,1151.88,6.56,0.57,32402.0,204279.0,18.2,1.66,7115683.0,18346499.0
801766.SI,20200428,影视院线,1148.75,1171.4,1095.35,1136.97,-14.91,-1.29,33880.0,212129.0,18.04,1.64,7023556.0,18169909.0
801766.SI,20200429,影视院线,1140.38,1189.64,1134.82,1162.48,25.51,2.24,31237.0,223672.0,18.22,1.67,7181127.0,18513596.0
801766.SI,20200430,影视院线,1175.51,1218.82,1166.2,1201.3,38.82,3.34,43042.0,296321.0,19.08,1.73,7420904.0,19223225.0
801766.SI,20200506,影视院线,1177.81,1214.83,1163.28,1198.47,-2.83,-0.24,36272.0,251601.0,20.59,1.73,7405992.0,19216057.0
801766.SI,20200507,影视院线,1192.56,1226.3,1172.4,1200.09,1.62,0.14,45333.0,301701.0,20.66,1.73,7416011.0,19260523.0
801766.SI,20200508,影视院线,1200.8,1239.5,1189.38,1225.06,24.97,2.08,43239.0,314740.0,21.18,1.76,7570334.0,19687354.0
801766.SI,20200511,影视院线,1246.74,1278.08,1199.81,1214.45,-10.61,-0.87,52362.0,402220.0,20.93,1.75,7504770.0,19448563.0
801766.SI,20200512,影视院线,1215.26,1250.11,1192.72,1225.45,11.0,0.91,39465.0,301450.0,21.07,1.77,7576466.0,19669356.0
801766.SI,20200513,影视院线,1213.51,1243.5,1193.63,1225.24,-0.21,-0.02,36489.0,266794.0,21.16,1.77,7575163.0,19604196.0
801766.SI,20200514,影视院线,1217.5,1258.75,1195.46,1221.95,-3.29,-0.27,40863.0,284858.0,21.02,1.76,7564455.0,19536004.0
801766.SI,20200515,影视院线,1222.23,1230.23,1192.55,1205.21,-16.74,-1.37,28535.0,199752.0,21.02,1.74,7460818.0,19315193.0
801766.SI,20200518,影视院线,1202.14,1220.44,1172.55,1192.53,-12.68,-1.05,36590.0,203282.0,20.81,1.72,7382320.0,19140136.0
801766.SI,20200519,影视院线,1204.53,1221.15,1182.85,1204.4,11.87,1.0,30897.0,181324.0,21.14,1.74,7473584.0,19304676.0
801766.SI,20200520,影视院线,1207.5,1231.67,1184.45,1200.78,-3.62,-0.3,30929.0,205934.0,20.85,1.73,7451120.0,19235582.0
801766.SI,20200521,影视院线,1204.67,1221.64,1175.42,1194.58,-6.2,-0.52,32732.0,204744.0,20.63,1.72,7412638.0,19192614.0
801766.SI,20200522,影视院线,1194.15,1208.93,1159.52,1177.88,-16.7,-1.4,36162.0,218220.0,20.44,1.7,7308999.0,19002595.0
801766.SI,20200525,影视院线,1171.09,1195.2,1139.51,1167.15,-10.73,-0.91,33704.0,200108.0,20.56,1.68,7242403.0,18839816.0
801766.SI,20200526,影视院线,1168.4,1196.24,1156.52,1187.73,20.58,1.76,35342.0,196026.0,20.96,1.71,7370098.0,19105537.0
801766.SI,20200527,影视院线,1187.12,1213.07,1161.9,1180.82,-6.91,-0.58,37618.0,243752.0,21.16,1.7,7327204.0,19081413.0
801766.SI,20200528,影视院线,1178.17,1197.65,1156.06,1176.15,-4.67,-0.4,27828.0,187451.0,21.06,1.7,7614948.0,18986385.0
801766.SI,20200529,影视院线,1171.7,1205.81,1163.34,1193.54,17.39,1.48,27068.0,195351.0,21.48,1.71,7762889.0,19280528.0
801766.SI,20200601,影视院线,1205.08,1259.75,1199.77,1249.18,55.64,4.66,59376.0,383219.0,22.39,1.79,8124777.0,20120876.0
801766.SI,20200602,影视院线,1258.08,1282.95,1238.76,1258.63,9.45,0.76,55481.0,360867.0,22.38,1.81,8186262.0,20216857.0
801766.SI,20200603,影视院线,1263.75,1290.11,1243.97,1265.02,6.39,0.51,60588.0,379498.0,22.3,1.82,8227849.0,20316767.0
801766.SI,20200604,影视院线,1272.48,1303.6,1249.44,1278.32,13.3,1.05,60585.0,362707.0,22.12,1.83,8314324.0,20447961.0
801766.SI,20200605,影视院线,1280.38,1335.23,1265.93,1302.82,24.5,1.92,65170.0,456668.0,22.52,1.87,8473654.0,20876989.0
801766.SI,20200608,影视院线,1300.76,1319.25,1266.72,1283.68,-19.14,-1.47,51884.0,364381.0,22.26,1.84,8349154.0,20565228.0
801766.SI,20200609,影视院线,1279.99,1310.35,1265.56,1292.71,9.03,0.7,49380.0,306921.0,22.44,1.86,8407909.0,20725298.0
801766.SI,20200610,影视院线,1289.29,1314.15,1259.74,1286.9,-5.81,-0.45,48594.0,303219.0,22.41,1.85,8370104.0,20641336.0
801766.SI,20200611,影视院线,1284.39,1312.04,1260.7,1283.32,-3.58,-0.28,47273.0,335761.0,22.38,1.84,8346791.0,20559815.0
801766.SI,20200612,影视院线,1250.1,1301.12,1235.27,1282.28,-1.04,-0.08,55214.0,380047.0,22.77,1.84,8340015.0,20530334.0
801766.SI,20200615,影视院线,1265.24,1304.74,1230.13,1259.03,-23.25,-1.81,94561.0,647983.0,22.08,1.8,8125921.0,19984452.0
801766.SI,20200616,影视院线,1268.85,1289.47,1236.23,1264.94,5.91,0.47,69874.0,467539.0,22.36,1.81,8164099.0,20065442.0
801766.SI,20200617,影视院线,1267.58,1291.63,1227.38,1255.06,-9.88,-0.78,74293.0,489446.0,22.52,1.8,8100324.0,19914445.0
801766.SI,20200618,影视院线,1246.99,1272.94,1217.25,1233.55,-21.51,-1.71,68931.0,420405.0,22.13,1.77,7961529.0,19656514.0
801766.SI,20200619,影视院线,1230.81,1254.55,1213.75,1234.23,0.68,0.06,49222.0,325495.0,22.17,1.77,7965950.0,19735755.0
801766.SI,20200622,影视院线,1231.12,1242.92,1206.41,1224.62,-9.61,-0.78,42584.0,280578.0,22.06,1.75,7903946.0,19619425.0
801766.SI,20200623,影视院线,1222.25,1260.23,1211.38,1237.95,13.33,1.09,47680.0,356509.0,22.53,1.77,7989977.0,19891534.0
801766.SI,20200624,影视院线,1235.09,1252.76,1211.25,1225.61,-12.34,-1.0,39654.0,288494.0,22.37,1.76,7910354.0,19718535.0
801766.SI,20200629,影视院线,1214.93,1224.36,1177.14,1186.81,-38.8,-3.17,44283.0,294302.0,21.64,1.7,7659961.0,19112234.0
801766.SI,20200630,影视院线,1191.97,1215.73,1182.94,1199.92,13.11,1.1,34739.0,240781.0,21.57,1.72,7697124.0,19333462.0
801766.SI,20200701,影视院线,1200.64,1231.06,1187.52,1218.89,18.97,1.58,39241.0,281297.0,21.95,1.75,7818812.0,19696734.0
801766.SI,20200702,影视院线,1220.07,1286.33,1209.62,1274.12,55.23,4.53,63586.0,441226.0,22.69,1.82,8185329.0,20568074.0
801766.SI,20200703,影视院线,1276.31,1296.68,1251.21,1274.69,0.57,0.04,59337.0,417123.0,22.63,1.82,8189013.0,20549199.0
801766.SI,20200706,影视院线,1281.72,1343.87,1272.5,1331.01,56.32,4.42,81171.0,580674.0,23.65,1.9,8550848.0,21469181.0
801766.SI,20200707,影视院线,1344.43,1392.56,1315.48,1355.24,24.23,1.82,83850.0,658690.0,24.18,1.94,8706501.0,21959551.0
801766.SI,20200708,影视院线,1348.46,1407.0,1333.15,1392.5,37.26,2.75,73827.0,582837.0,25.11,1.99,8945878.0,22608073.0
801766.SI,20200709,影视院线,1384.12,1445.81,1371.86,1427.94,35.44,2.55,100044.0,769961.0,25.64,2.04,9207112.0,23114414.0
801766.SI,20200710,影视院线,1423.02,1511.96,1405.94,1469.53,41.59,2.91,99427.0,837006.0,26.31,2.1,9475253.0,23855039.0
801766.SI,20200713,影视院线,1468.03,1516.71,1424.56,1503.89,34.36,2.34,93622.0,806269.0,27.2,2.15,9696819.0,24360133.0
801766.SI,20200714,影视院线,1500.19,1596.76,1461.89,1542.61,38.72,2.57,106410.0,953090.0,27.66,2.2,9946479.0,25133969.0
801766.SI,20200715,影视院线,1524.77,1546.6,1444.01,1475.77,-66.84,-4.33,82817.0,712952.0,26.73,2.11,9515484.0,24136589.0
801766.SI,20200716,影视院线,1474.8,1565.42,1395.82,1425.84,-49.93,-3.38,109476.0,1033181.0,25.32,2.04,9193534.0,23261952.0
801766.SI,20200717,影视院线,1426.43,1451.06,1350.16,1389.14,-36.7,-2.57,82667.0,675929.0,25.04,1.99,8956894.0,22633232.0
801766.SI,20200720,影视院线,1407.01,1453.14,1368.05,1423.76,34.62,2.49,69635.0,571665.0,25.66,2.03,9180103.0,23168510.0
801766.SI,20200721,影视院线,1427.49,1451.67,1393.23,1421.56,-2.2,-0.15,57903.0,480174.0,25.56,2.03,9163226.0,23082517.0
801766.SI,20200722,影视院线,1417.67,1448.76,1388.97,1420.36,-1.2,-0.08,57563.0,461421.0,25.66,2.03,9155504.0,23064370.0
801766.SI,20200723,影视院线,1404.61,1417.79,1353.06,1392.37,-27.99,-1.97,51380.0,403934.0,25.24,1.99,8975066.0,22629501.0
801766.SI,20200724,影视院线,1386.74,1413.14,1315.03,1343.24,-49.13,-3.53,54791.0,440139.0,24.48,1.91,8658390.0,22014601.0
801766.SI,20200727,影视院线,1348.35,1371.39,1308.75,1343.51,0.27,0.02,37384.0,302561.0,24.85,1.92,8660139.0,22018445.0
801766.SI,20200728,影视院线,1352.25,1379.36,1329.92,1359.27,15.76,1.17,37888.0,277496.0,24.95,1.94,8761720.0,22207647.0
801766.SI,20200729,影视院线,1356.39,1397.09,1337.37,1391.73,32.46,2.39,53228.0,382025.0,23.27,1.95,8557181.0,22684278.0
801766.SI,20200730,影视院线,1394.47,1420.4,1359.9,1376.12,-15.61,-1.12,68797.0,488985.0,22.72,1.93,8461189.0,22295643.0
801766.SI,20200731,影视院线,1369.88,1397.18,1348.46,1374.72,-1.4,-0.1,53503.0,398624.0,22.66,1.93,8452584.0,22262234.0
801766.SI,20200803,影视院线,1420.25,1474.12,1409.64,1457.86,83.14,6.05,67608.0,614483.0,24.12,2.04,8963785.0,23669394.0
801766.SI,20200804,影视院线,1469.28,1483.33,1414.37,1437.72,-20.14,-1.38,82152.0,652147.0,23.7,2.02,8839942.0,23330594.0
801766.SI,20200805,影视院线,1429.65,1455.25,1405.09,1430.19,-7.53,-0.52,61998.0,470730.0,23.36,2.0,8793657.0,23175582.0
801766.SI,20200806,影视院线,1425.08,1444.72,1394.75,1421.35,-8.84,-0.62,54181.0,422498.0,23.11,1.99,8739313.0,22992021.0
801766.SI,20200807,影视院线,1420.19,1436.3,1371.78,1399.69,-21.66,-1.52,57704.0,412480.0,22.47,1.96,8606128.0,22511359.0
801766.SI,20200810,影视院线,1404.25,1443.63,1389.46,1419.52,19.83,1.42,53024.0,397310.0,22.82,1.99,8728039.0,22902252.0
801766.SI,20200811,影视院线,1421.85,1480.8,1407.92,1433.2,13.68,0.96,69126.0,554506.0,22.76,2.01,8801597.0,23078194.0
801766.SI,20200812,影视院线,1432.46,1489.59,1409.87,1481.81,48.61,3.39,74998.0,621755.0,23.2,2.08,9102869.0,23739632.0
801766.SI,20200813,影视院线,1484.15,1531.66,1459.58,1497.32,15.51,1.05,70942.0,601617.0,23.55,2.1,9198170.0,23980062.0
801766.SI,20200814,影视院线,1501.73,1525.3,1463.95,1499.06,1.74,0.12,56634.0,454942.0,23.8,2.1,9253246.0,24056198.0
801766.SI,20200817,影视院线,1515.26,1566.48,1476.69,1523.36,24.3,1.62,71558.0,639012.0,24.23,2.13,9403241.0,24541927.0
801766.SI,20200818,影视院线,1520.33,1542.61,1494.02,1516.52,-6.84,-0.45,53506.0,453473.0,24.39,2.13,9351638.0,24474740.0
801766.SI,20200819,影视院线,1512.06,1518.62,1452.87,1461.01,-55.51,-3.66,52125.0,425806.0,23.56,2.05,9009319.0,23572273.0
801766.SI,20200820,影视院线,1456.57,1515.07,1443.35,1500.44,39.43,2.7,63418.0,474526.0,23.79,2.1,9252450.0,24059754.0
801766.SI,20200821,影视院线,1509.82,1571.54,1488.18,1546.97,46.53,3.1,87526.0,720874.0,24.28,2.17,9539349.0,24746182.0
801766.SI,20200824,影视院线,1558.41,1594.18,1501.92,1545.64,-1.33,-0.09,78228.0,654314.0,24.6,2.17,9531161.0,24843807.0
801766.SI,20200825,影视院线,1541.49,1576.87,1519.54,1546.72,1.08,0.07,59676.0,487578.0,24.62,2.17,9537812.0,24834273.0
801766.SI,20200826,影视院线,1541.46,1584.42,1494.73,1524.19,-22.53,-1.46,64418.0,540163.0,24.79,2.14,9398880.0,24665091.0
801766.SI,20200827,影视院线,1527.12,1566.2,1491.69,1523.81,-0.38,-0.02,54298.0,456221.0,24.4,2.14,9396520.0,24475485.0
801766.SI,20200828,影视院线,1512.96,1545.41,1494.52,1532.54,8.73,0.57,47497.0,406615.0,24.56,2.15,9450326.0,24551182.0
801766.SI,20200831,影视院线,1533.63,1581.67,1507.98,1523.86,-8.68,-0.57,61645.0,517842.0,24.04,2.13,9402037.0,24491160.0
801766.SI,20200901,影视院线,1526.67,1539.05,1484.85,1510.84,-13.02,-0.85,48079.0,379536.0,90.79,2.11,9321703.0,24295023.0
801766.SI,20200902,影视院线,1512.84,1591.05,1502.17,1566.51,55.67,3.68,69094.0,580686.0,95.71,2.19,9665164.0,25107323.0
801766.SI,20200903,影视院线,1559.94,1600.19,1535.02,1563.27,-3.24,-0.21,60855.0,536723.0,95.82,2.19,9645154.0,25104050.0
801766.SI,20200904,影视院线,1535.39,1605.35,1521.03,1589.36,26.09,1.67,67325.0,572162.0,96.9,2.22,9806125.0,25456531.0
801766.SI,20200907,影视院线,1590.38,1637.6,1553.24,1575.9,-13.46,-0.85,78180.0,663243.0,96.01,2.2,9723107.0,25113591.0
801766.SI,20200908,影视院线,1572.17,1617.13,1536.8,1589.11,13.21,0.84,68677.0,574744.0,97.52,2.22,9804600.0,25143515.0
801766.SI,20200909,影视院线,1563.68,1598.08,1493.24,1508.38,-80.73,-5.08,73638.0,609287.0,92.22,2.11,9306507.0,23909593.0
801766.SI,20200910,影视院线,1518.9,1529.82,1416.52,1437.78,-70.6,-4.68,68165.0,512914.0,87.4,2.01,8870947.0,22965328.0
801766.SI,20200911,影视院线,1425.8,1473.73,1413.12,1462.74,24.96,1.74,43664.0,339165.0,89.33,2.05,9024937.0,23382640.0
801766.SI,20200914,影视院线,1470.77,1527.64,1455.56,1511.54,48.8,3.34,62970.0,481106.0,95.16,2.11,9326035.0,23971206.0
801766.SI,20200915,影视院线,1507.51,1526.2,1473.35,1495.22,-16.32,-1.08,49315.0,382978.0,93.0,2.09,9225357.0,23745652.0
801766.SI,20200916,影视院线,1510.64,1551.63,1481.97,1501.21,5.99,0.4,51547.0,437484.0,92.93,2.1,9262333.0,23829720.0
801766.SI,20200917,影视院线,1488.64,1508.27,1449.12,1474.78,-26.43,-1.76,45432.0,403373.0,90.77,2.06,9099228.0,23335790.0
801766.SI,20200918,影视院线,1473.53,1517.69,1456.4,1503.28,28.5,1.93,47770.0,387370.0,93.12,2.1,9275049.0,23687632.0
801766.SI,20200921,影视院线,1506.9,1532.54,1484.01,1502.11,-1.17,-0.08,40100.0,339421.0,93.15,2.1,9267801.0,23716943.0
801766.SI,20200922,影视院线,1482.8,1502.41,1454.56,1463.85,-38.26,-2.55,39231.0,311634.0,90.56,2.05,9031719.0,23138995.0
801766.SI,20200923,影视院线,1463.32,1490.39,1440.13,1458.65,-5.2,-0.36,41861.0,297407.0,90.77,2.04,8999633.0,23068767.0
801766.SI,20200924,影视院线,1450.16,1476.72,1420.77,1434.99,-23.66,-1.62,42183.0,321292.0,88.94,2.01,8853639.0,22779650.0
801766.SI,20200925,影视院线,1441.37,1454.25,1397.16,1419.12,-15.87,-1.11,33558.0,267632.0,88.3,1.99,8755724.0,22516280.0
801766.SI,20200928,影视院线,1429.86,1452.88,1396.03,1413.8,-5.32,-0.37,33545.0,248266.0,88.2,1.98,8716168.0,22511836.0
801766.SI,20200929,影视院线,1419.98,1432.85,1390.08,1404.87,-8.93,-0.63,32002.0,253957.0,88.03,1.97,8661134.0,22379501.0
801766.SI,20200930,影视院线,1409.98,1445.27,1390.95,1431.26,26.39,1.88,31480.0,278748.0,89.82,2.0,8823855.0,22832891.0
801766.SI,20201009,影视院线,1421.49,1436.45,1374.21,1402.5,-28.76,-2.01,42341.0,384614.0,86.38,1.96,8646551.0,22221204.0
801766.SI,20201012,影视院线,1399.89,1432.14,1381.4,1420.88,18.38,1.31,50768.0,433736.0,88.59,1.99,8725635.0,22477352.0
801766.SI,20201013,影视院线,1417.73,1433.26,1385.86,1414.63,-6.25,-0.44,40049.0,354004.0,85.98,1.97,8857006.0,22367693.0
801766.SI,20201014,影视院线,1407.81,1420.31,1371.97,1380.15,-34.48,-2.44,35024.0,299588.0,82.99,1.92,8641124.0,21840620.0
801766.SI,20201015,影视院线,1373.97,1393.96,1345.59,1362.94,-17.21,-1.25,35281.0,283551.0,82.31,1.9,8533370.0,21570206.0
801766.SI,20201016,影视院线,1361.52,1378.23,1330.48,1355.7,-7.24,-0.53,33978.0,293918.0,81.75,1.89,8488055.0,21491589.0
801766.SI,20201019,影视院线,1360.75,1385.7,1335.25,1354.92,-0.78,-0.06,36792.0,288053.0,80.45,1.89,8483198.0,21506740.0
801766.SI,20201020,影视院线,1363.97,1385.73,1345.81,1374.18,19.26,1.42,32420.0,243128.0,82.01,1.91,8603806.0,21741290.0
801766.SI,20201021,影视院线,1374.87,1390.84,1345.68,1369.91,-4.27,-0.31,30217.0,240389.0,81.41,1.91,8577051.0,21620577.0
801766.SI,20201022,影视院线,1368.27,1381.41,1340.85,1363.1,-6.81,-0.5,31704.0,250418.0,81.19,1.9,8534434.0,21468194.0
801766.SI,20201023,影视院线,1360.38,1373.99,1316.29,1325.84,-37.26,-2.73,34255.0,263572.0,79.82,1.85,8356592.0,20927286.0
801766.SI,20201026,影视院线,1302.58,1317.95,1269.5,1289.17,-36.67,-2.77,31953.0,257071.0,79.24,1.8,8126827.0,20354334.0
801766.SI,20201027,影视院线,1281.29,1303.45,1263.83,1278.71,-10.46,-0.81,24771.0,181616.0,78.57,1.78,8060913.0,20205818.0
801766.SI,20201028,影视院线,1273.87,1295.41,1245.91,1282.58,3.87,0.3,28843.0,197066.0,79.78,1.79,8085294.0,20256192.0
801766.SI,20201029,影视院线,1262.73,1278.46,1246.98,1265.01,-17.57,-1.37,23819.0,163779.0,78.71,1.76,7974538.0,19973154.0
801766.SI,20201030,影视院线,1266.55,1287.41,1229.2,1238.64,-26.37,-2.08,30786.0,214722.0,76.26,1.73,7808337.0,19590141.0
801766.SI,20201102,影视院线,1243.9,1256.39,1208.95,1221.96,-16.68,-1.35,26648.0,186680.0,75.31,1.7,7703165.0,19344861.0
801766.SI,20201103,影视院线,1225.19,1276.72,1213.59,1263.33,41.37,3.39,30631.0,242999.0,77.25,1.76,7963974.0,19994653.0
801766.SI,20201104,影视院线,1269.02,1280.08,1237.13,1255.96,-7.37,-0.58,22663.0,178059.0,76.61,1.75,7917547.0,19859091.0
801766.SI,20201105,影视院线,1263.87,1285.2,1246.36,1270.01,14.05,1.12,24719.0,186997.0,77.27,1.77,8006135.0,20120947.0
801766.SI,20201106,影视院线,1271.24,1285.51,1244.6,1259.58,-10.43,-0.82,23547.0,169982.0,76.04,1.76,7940395.0,19987590.0
801766.SI,20201109,影视院线,1268.29,1307.69,1263.04,1289.85,30.27,2.4,32651.0,251252.0,77.97,1.8,8131189.0,20448502.0
801766.SI,20201110,影视院线,1347.89,1366.37,1306.36,1315.24,25.39,1.97,50062.0,493975.0,78.13,1.83,8291261.0,20856348.0
801766.SI,20201111,影视院线,1301.93,1317.98,1270.93,1284.73,-30.51,-2.32,30297.0,270586.0,76.74,1.79,8098895.0,20333301.0
801766.SI,20201112,影视院线,1287.97,1307.93,1271.45,1293.95,9.22,0.72,24886.0,191002.0,78.09,1.83,8118079.0,20808235.0
801766.SI,20201113,影视院线,1287.92,1314.49,1276.97,1300.28,6.33,0.49,23694.0,191442.0,78.17,1.84,8157801.0,20975165.0
801766.SI,20201116,影视院线,1302.85,1330.98,1284.67,1316.54,16.26,1.25,26838.0,216105.0,78.99,1.86,8259830.0,21256754.0
801766.SI,20201117,影视院线,1319.93,1336.48,1293.9,1307.46,-9.08,-0.69,26729.0,217949.0,78.46,1.85,8202836.0,21169535.0
801766.SI,20201118,影视院线,1303.12,1327.74,1291.57,1308.71,1.25,0.1,25117.0,194792.0,78.16,1.85,8210655.0,21177561.0
801766.SI,20201119,影视院线,1304.11,1326.4,1291.13,1312.75,4.04,0.31,26027.0,200861.0,77.36,1.86,8236017.0,21320129.0
801766.SI,20201120,影视院线,1311.39,1331.46,1294.97,1320.27,7.52,0.57,23911.0,191856.0,78.73,1.87,8283207.0,21484485.0
801766.SI,20201123,影视院线,1314.1,1319.71,1280.09,1300.09,-20.18,-1.53,29975.0,251435.0,78.13,1.84,8156581.0,21125798.0
801766.SI,20201124,影视院线,1301.93,1329.21,1290.21,1310.6,10.51,0.81,24569.0,202890.0,78.09,1.86,8222509.0,21351322.0
801766.SI,20201125,影视院线,1314.99,1333.35,1291.97,1299.03,-11.57,-0.88,26204.0,216741.0,76.75,1.84,8149929.0,21189912.0
801766.SI,20201126,影视院线,1295.95,1316.74,1280.61,1300.44,1.41,0.11,28295.0,205988.0,76.63,1.84,8158796.0,21306296.0
801766.SI,20201127,影视院线,1305.64,1337.83,1289.62,1320.54,20.1,1.55,32963.0,243571.0,78.52,1.87,8284916.0,21530396.0
801766.SI,20201130,影视院线,1316.4,1341.76,1294.81,1325.05,4.51,0.34,36869.0,288344.0,79.89,1.88,8313196.0,21581441.0
801766.SI,20201201,影视院线,1323.71,1360.26,1311.27,1342.44,17.39,1.31,34051.0,273481.0,80.1,1.9,8413343.0,21869796.0
801766.SI,20201202,影视院线,1345.45,1352.09,1322.68,1331.58,-10.86,-0.81,24824.0,188019.0,79.28,1.89,8345277.0,21721876.0
801766.SI,20201203,影视院线,1330.31,1351.88,1317.32,1331.59,0.01,0.0,24707.0,186188.0,79.57,1.89,8345369.0,21772295.0
801766.SI,20201204,影视院线,1330.29,1347.28,1313.74,1333.54,1.95,0.15,31237.0,233937.0,79.66,1.89,8357615.0,21807238.0
801766.SI,20201207,影视院线,1334.37,1338.25,1307.51,1316.54,-17.0,-1.27,24969.0,194938.0,78.52,1.86,8251061.0,21550166.0
801766.SI,20201208,影视院线,1315.43,1328.66,1294.57,1304.8,-11.74,-0.89,20330.0,160098.0,78.01,1.85,8177492.0,21324286.0
801766.SI,20201209,影视院线,1301.55,1314.06,1269.3,1274.05,-30.75,-2.36,27238.0,196653.0,76.33,1.8,7984796.0,20781962.0
801766.SI,20201210,影视院线,1270.62,1285.6,1253.29,1269.51,-4.54,-0.36,25391.0,179214.0,75.75,1.79,7956318.0,20678599.0
801766.SI,20201211,影视院线,1267.98,1274.16,1217.11,1228.78,-40.73,-3.21,33896.0,260326.0,73.48,1.73,7701034.0,19974259.0
801766.SI,20201214,影视院线,1225.33,1246.82,1204.13,1230.49,1.71,0.14,27493.0,197106.0,73.95,1.74,7711742.0,19963947.0
801766.SI,20201215,影视院线,1239.77,1283.69,1230.64,1248.47,17.98,1.46,30055.0,244392.0,73.98,1.76,7824433.0,20315257.0
801766.SI,20201216,影视院线,1246.78,1255.13,1214.05,1231.64,-16.83,-1.35,24321.0,166587.0,72.73,1.74,7718965.0,20089305.0
801766.SI,20201217,影视院线,1225.82,1250.34,1209.49,1241.15,9.51,0.77,23196.0,153147.0,73.58,1.75,7778565.0,20220430.0
801766.SI,20201218,影视院线,1242.38,1266.22,1227.54,1243.73,2.58,0.21,21683.0,151027.0,72.92,1.76,7804216.0,20296288.0
801766.SI,20201221,影视院线,1239.51,1264.26,1219.18,1239.88,-3.85,-0.31,25626.0,186594.0,73.59,1.75,7780070.0,20237015.0
801766.SI,20201222,影视院线,1230.33,1240.27,1193.36,1198.43,-41.45,-3.34,25306.0,186229.0,71.26,1.69,7525592.0,19519988.0
801766.SI,20201223,影视院线,1199.16,1213.74,1181.01,1196.7,-1.73,-0.14,19779.0,139372.0,71.32,1.69,7514728.0,19428938.0
801766.SI,20201224,影视院线,1194.58,1201.99,1156.3,1167.62,-29.08,-2.43,24367.0,165923.0,68.8,1.65,7332097.0,18969851.0
801766.SI,20201225,影视院线,1171.27,1187.23,1128.25,1145.71,-21.91,-1.88,26980.0,164296.0,64.12,1.62,7194531.0,18848302.0
801766.SI,20201228,影视院线,1137.59,1149.27,1093.75,1110.54,-35.17,-3.07,38317.0,220659.0,62.2,1.57,6974317.0,18265404.0
801766.SI,20201229,影视院线,1112.03,1158.57,1097.37,1123.08,12.54,1.13,38301.0,225049.0,63.02,1.59,7053078.0,18580196.0
801766.SI,20201230,影视院线,1134.24,1151.45,1109.77,1129.4,6.32,0.56,20470.0,148577.0,63.48,1.6,7092734.0,18721503.0
801766.SI,20201231,影视院线,1135.22,1182.92,1119.66,1161.6,32.2,2.85,29960.0,232304.0,64.21,1.64,7294977.0,19320612.0
801766.SI,20210104,影视院线,1175.83,1220.04,1153.79,1192.23,30.63,2.64,36934.0,345824.0,65.06,1.68,7487332.0,19935392.0
801766.SI,20210105,影视院线,1191.26,1210.04,1166.36,1182.04,-10.19,-0.85,27533.0,232873.0,64.92,1.67,7423351.0,19784467.0
801766.SI,20210106,影视院线,1178.91,1198.71,1143.46,1165.23,-16.81,-1.42,32314.0,255132.0,63.75,1.65,7317767.0,19458441.0
801766.SI,20210107,影视院线,1166.83,1177.45,1094.08,1120.56,-44.67,-3.83,54573.0,355681.0,62.76,1.58,7037226.0,18627650.0
801766.SI,20210108,影视院线,1111.89,1174.41,1099.56,1152.97,32.41,2.89,40893.0,275068.0,65.23,1.63,7249253.0,19213419.0
801766.SI,20210111,影视院线,1144.07,1172.18,1114.33,1132.19,-20.78,-1.8,36896.0,245497.0,64.15,1.6,7118584.0,18950426.0
801766.SI,20210112,影视院线,1125.1,1153.48,1106.88,1129.93,-2.26,-0.2,32077.0,209730.0,64.22,1.59,7104396.0,18846772.0
801766.SI,20210113,影视院线,1123.13,1158.37,1094.01,1132.83,2.9,0.26,35998.0,247326.0,65.21,1.6,7122624.0,18815787.0
801766.SI,20210114,影视院线,1126.17,1176.54,1111.75,1138.62,5.79,0.51,32323.0,234712.0,64.46,1.61,7159054.0,18934265.0
801766.SI,20210115,影视院线,1133.26,1161.0,1120.34,1136.54,-2.08,-0.18,26423.0,169981.0,64.49,1.6,7145976.0,18867610.0
801766.SI,20210118,影视院线,1134.06,1164.72,1123.18,1142.43,5.89,0.52,30108.0,177729.0,64.45,1.61,7183017.0,18950349.0
801766.SI,20210119,影视院线,1141.68,1202.11,1132.42,1177.24,34.81,3.05,42009.0,305928.0,66.22,1.66,7401906.0,19511101.0
801766.SI,20210120,影视院线,1175.77,1195.52,1154.35,1174.92,-2.32,-0.2,24829.0,197760.0,66.68,1.66,7387345.0,19472737.0
801766.SI,20210121,影视院线,1173.02,1189.87,1145.23,1159.41,-15.51,-1.32,31767.0,272307.0,66.7,1.63,7289850.0,19193052.0
801766.SI,20210122,影视院线,1157.24,1163.77,1124.25,1137.79,-21.62,-1.86,25035.0,192084.0,64.95,1.6,7153908.0,18820819.0
801766.SI,20210125,影视院线,1137.52,1148.56,1101.12,1106.69,-31.1,-2.73,25796.0,191133.0,62.56,1.56,6961545.0,18348048.0
801766.SI,20210126,影视院线,1101.38,1148.01,1090.36,1125.41,18.72,1.69,30053.0,229174.0,62.9,1.59,7079269.0,18617827.0
801766.SI,20210127,影视院线,1127.02,1185.93,1117.43,1166.84,41.43,3.68,37771.0,310109.0,66.02,1.65,7339849.0,19298145.0
801766.SI,20210128,影视院线,1177.77,1212.9,1148.39,1167.09,0.25,0.02,40742.0,336631.0,65.37,1.65,7333467.0,19259351.0
801766.SI,20210129,影视院线,1166.42,1219.48,1147.97,1197.85,30.76,2.64,52878.0,441875.0,66.69,1.69,7526763.0,19810177.0
801766.SI,20210201,影视院线,1210.02,1252.64,1186.01,1227.77,29.92,2.5,51181.0,468314.0,67.4,1.73,7714751.0,20354672.0
801766.SI,20210202,影视院线,1217.72,1235.06,1180.52,1206.68,-21.09,-1.72,39215.0,321086.0,66.19,1.7,7582246.0,20051200.0
801766.SI,20210203,影视院线,1196.91,1235.86,1177.2,1197.31,-9.37,-0.78,44025.0,321281.0,65.7,1.69,7523389.0,19836402.0
801766.SI,20210204,影视院线,1196.07,1211.93,1144.19,1176.0,-21.31,-1.78,40642.0,303783.0,65.3,1.66,7389468.0,19446426.0
801766.SI,20210205,影视院线,1173.27,1199.89,1112.29,1129.13,-46.87,-3.99,51068.0,376647.0,62.76,1.59,7094966.0,18570783.0
801766.SI,20210208,影视院线,1142.42,1210.34,1128.59,1186.12,56.99,5.05,48454.0,361387.0,64.76,1.67,7453087.0,19596031.0
801766.SI,20210209,影视院线,1184.93,1211.6,1154.15,1194.67,8.55,0.72,43870.0,306791.0,64.86,1.68,7506830.0,19768255.0
801766.SI,20210210,影视院线,1193.63,1239.2,1173.66,1224.53,29.86,2.5,46076.0,380774.0,65.42,1.73,7694485.0,20271246.0
801766.SI,20210218,影视院线,1286.05,1304.74,1208.77,1227.73,3.2,0.26,71599.0,688528.0,65.7,1.73,7714613.0,20315734.0
801766.SI,20210219,影视院线,1218.43,1251.43,1189.42,1233.77,6.04,0.49,61716.0,462527.0,67.54,1.74,7752539.0,20332062.0
801766.SI,20210222,影视院线,1229.02,1254.48,1192.95,1216.18,-17.59,-1.43,70828.0,483497.0,68.35,1.71,7642024.0,20040779.0
801766.SI,20210223,影视院线,1207.73,1242.27,1185.46,1211.08,-5.1,-0.42,45718.0,328387.0,67.47,1.71,7609962.0,20025922.0
801766.SI,20210224,影视院线,1209.33,1242.72,1191.28,1214.46,3.38,0.28,42150.0,316040.0,69.21,1.71,7631219.0,20147285.0
801766.SI,20210225,影视院线,1216.02,1228.6,1184.0,1197.42,-17.04,-1.4,35125.0,240116.0,67.91,1.69,7524158.0,19901423.0
801766.SI,20210226,影视院线,1179.64,1203.36,1159.72,1177.47,-19.95,-1.67,31833.0,228159.0,66.38,1.66,7398804.0,19540003.0
801766.SI,20210301,影视院线,1179.81,1209.03,1167.11,1194.72,17.25,1.47,31449.0,219278.0,66.43,1.68,7507219.0,19799134.0
801766.SI,20210302,影视院线,1196.12,1203.24,1159.47,1167.15,-27.57,-2.31,30300.0,201528.0,64.62,1.65,7333971.0,19353860.0
801766.SI,20210303,影视院线,1164.22,1190.3,1158.6,1182.8,15.65,1.34,23821.0,165671.0,65.43,1.67,7432326.0,19630099.0
801766.SI,20210304,影视院线,1179.39,1193.41,1157.1,1163.35,-19.45,-1.64,24172.0,186089.0,64.39,1.64,7310122.0,19294727.0
801766.SI,20210305,影视院线,1158.82,1183.24,1147.68,1176.35,13.0,1.12,30874.0,186506.0,65.55,1.66,7391836.0,19474533.0
801766.SI,20210308,影视院线,1182.3,1191.96,1149.58,1152.3,-24.05,-2.04,26348.0,182306.0,64.48,1.62,7240742.0,19069628.0
801766.SI,20210309,影视院线,1153.86,1184.07,1123.45,1158.14,5.84,0.51,32911.0,229288.0,64.59,1.63,7277440.0,19215121.0
801766.SI,20210310,影视院线,1164.36,1170.06,1119.9,1125.18,-32.96,-2.85,25929.0,171667.0,61.72,1.59,7070336.0,18658603.0
801766.SI,20210311,影视院线,1121.26,1145.61,1111.37,1138.12,12.94,1.15,26090.0,146584.0,62.46,1.6,7151655.0,18875541.0
801766.SI,20210312,影视院线,1136.66,1157.84,1126.65,1138.54,0.42,0.04,20222.0,133246.0,62.12,1.61,7154307.0,18896504.0
801766.SI,20210315,影视院线,1135.94,1185.02,1127.4,1167.83,29.29,2.57,33427.0,228092.0,64.01,1.65,7338368.0,19320773.0
801766.SI,20210316,影视院线,1178.5,1206.29,1160.87,1196.18,28.35,2.43,35135.0,261571.0,64.69,1.69,7516515.0,19811918.0
801766.SI,20210317,影视院线,1191.28,1205.82,1171.84,1183.73,-12.45,-1.04,29259.0,191974.0,64.52,1.67,7438290.0,19574841.0
801766.SI,20210318,影视院线,1186.65,1195.45,1164.63,1174.85,-8.88,-0.75,24783.0,155365.0,63.49,1.66,7382519.0,19461523.0
801766.SI,20210319,影视院线,1167.35,1198.56,1152.61,1172.6,-2.25,-0.19,28486.0,185269.0,63.62,1.65,7368406.0,19382014.0
801766.SI,20210322,影视院线,1170.81,1205.61,1162.68,1197.85,25.25,2.15,29316.0,203360.0,64.64,1.69,7527045.0,19840160.0
801766.SI,20210323,影视院线,1198.42,1216.94,1169.84,1183.9,-13.95,-1.16,30833.0,208263.0,64.76,1.67,7439361.0,19614037.0
801766.SI,20210324,影视院线,1177.02,1197.64,1156.15,1178.6,-5.3,-0.45,30336.0,187225.0,65.41,1.66,7406061.0,19461817.0
801766.SI,20210325,影视院线,1170.23,1200.17,1157.41,1170.4,-8.2,-0.7,32462.0,189584.0,65.19,1.65,7354512.0,19324690.0
801766.SI,20210326,影视院线,1168.44,1187.26,1159.05,1178.04,7.64,0.65,25132.0,154146.0,65.5,1.66,7402533.0,19514294.0
801766.SI,20210329,影视院线,1177.06,1194.92,1157.25,1167.87,-10.17,-0.86,30795.0,166789.0,65.01,1.65,7338650.0,19367487.0
801766.SI,20210330,影视院线,1163.18,1172.3,1143.72,1149.35,-18.52,-1.59,25307.0,137969.0,63.54,1.62,7222284.0,19102121.0
801766.SI,20210331,影视院线,1147.16,1170.73,1139.98,1158.08,8.73,0.76,20254.0,103625.0,64.36,1.63,7277115.0,19241020.0
801766.SI,20210401,影视院线,1157.06,1168.08,1145.1,1159.77,1.69,0.15,21059.0,117360.0,64.78,1.64,7287717.0,19253393.0
801766.SI,20210402,影视院线,1161.7,1181.11,1147.25,1168.86,9.09,0.78,25761.0,144610.0,64.85,1.65,7344811.0,19388759.0
801766.SI,20210406,影视院线,1174.01,1185.33,1150.05,1163.44,-5.42,-0.46,23869.0,158141.0,65.08,1.64,7310729.0,19211748.0
801766.SI,20210407,影视院线,1164.64,1189.26,1153.0,1176.07,12.63,1.09,27691.0,161038.0,65.74,1.66,7390074.0,19406294.0
801766.SI,20210408,影视院线,1173.56,1182.56,1155.87,1161.99,-14.08,-1.2,25897.0,136083.0,64.91,1.64,7301625.0,19175050.0
801766.SI,20210409,影视院线,1160.72,1178.94,1150.84,1168.1,6.11,0.53,23867.0,119801.0,65.26,1.65,7339997.0,19278632.0
801766.SI,20210412,影视院线,1169.67,1186.18,1133.54,1156.57,-11.53,-0.99,35286.0,248394.0,64.97,1.63,7267546.0,19064065.0
801766.SI,20210413,影视院线,1152.49,1171.85,1130.62,1142.41,-14.16,-1.22,28098.0,176118.0,64.54,1.61,7178602.0,18795798.0
801766.SI,20210414,影视院线,1140.62,1167.37,1129.27,1156.25,13.84,1.21,22729.0,148292.0,65.16,1.63,7265592.0,19035334.0
801766.SI,20210415,影视院线,1157.12,1179.11,1140.73,1159.94,3.69,0.32,34637.0,202228.0,65.64,1.64,7288792.0,19117640.0
801766.SI,20210416,影视院线,1160.6,1206.69,1151.84,1197.71,37.77,3.26,48440.0,290366.0,68.48,1.69,7526147.0,19695059.0
801766.SI,20210419,影视院线,1197.28,1227.81,1186.15,1207.72,10.01,0.84,41197.0,290490.0,68.45,1.7,7589017.0,19937960.0
801766.SI,20210420,影视院线,1204.9,1236.84,1193.52,1217.22,9.5,0.79,47684.0,301708.0,69.74,1.72,7648740.0,20050359.0
801766.SI,20210421,影视院线,1206.88,1231.82,1189.75,1207.61,-9.61,-0.79,38856.0,229075.0,69.8,1.7,7588361.0,19905418.0
801766.SI,20210422,影视院线,1208.47,1239.08,1199.12,1217.72,10.11,0.84,36113.0,229346.0,70.91,1.72,7651895.0,20042180.0
801766.SI,20210423,影视院线,1213.69,1226.13,1186.94,1201.35,-16.37,-1.34,33621.0,203661.0,69.73,1.69,7549037.0,19803944.0
801766.SI,20210426,影视院线,1198.84,1234.36,1184.57,1200.92,-0.43,-0.04,39006.0,243479.0,69.65,1.69,7546357.0,19748277.0
801766.SI,20210427,影视院线,1200.59,1215.33,1172.5,1195.14,-5.78,-0.48,27928.0,178536.0,69.02,1.69,7510008.0,19700019.0
801766.SI,20210428,影视院线,1195.85,1238.25,1183.33,1224.6,29.46,2.46,34472.0,235441.0,70.65,1.73,7695163.0,20238923.0
801766.SI,20210429,影视院线,1216.48,1233.33,1192.76,1209.76,-14.84,-1.21,30674.0,203168.0,69.73,1.71,7601929.0,20038700.0
801766.SI,20210430,影视院线,1206.63,1232.92,1181.67,1208.97,-0.79,-0.07,34339.0,231055.0,69.14,1.7,7596934.0,20057540.0
801766.SI,20210506,影视院线,1179.86,1194.09,1141.23,1159.7,-49.27,-4.08,34690.0,259139.0,55.37,1.64,7287321.0,19119717.0
801766.SI,20210507,影视院线,1157.59,1179.1,1140.07,1153.78,-5.92,-0.51,24866.0,171587.0,54.85,1.63,7239086.0,18970592.0
801766.SI,20210510,影视院线,1151.0,1166.02,1123.17,1141.38,-12.4,-1.07,27690.0,192329.0,54.68,1.61,7161280.0,18752421.0
801766.SI,20210511,影视院线,1134.63,1159.27,1120.64,1140.87,-0.51,-0.04,28573.0,210623.0,54.77,1.61,7158075.0,18739127.0
801766.SI,20210512,影视院线,1133.37,1167.93,1124.52,1153.74,12.87,1.13,29671.0,216408.0,54.87,1.63,7238857.0,18898896.0
801766.SI,20210513,影视院线,1142.92,1173.2,1133.12,1152.22,-1.52,-0.13,34153.0,234766.0,54.37,1.63,7229312.0,18879862.0
801766.SI,20210514,影视院线,1153.09,1188.03,1146.2,1172.84,20.62,1.79,29956.0,230657.0,56.12,1.67,7683498.0,19245527.0
801766.SI,20210517,影视院线,1163.5,1180.63,1130.56,1145.1,-27.74,-2.37,35154.0,222677.0,55.64,1.63,7501784.0,18911654.0
801766.SI,20210518,影视院线,1140.59,1162.26,1123.4,1144.33,-0.77,-0.07,24748.0,180297.0,55.48,1.62,7496712.0,18928193.0
801766.SI,20210519,影视院线,1143.2,1158.7,1128.53,1145.09,0.76,0.07,22477.0,169818.0,55.5,1.63,7501704.0,18927117.0
801766.SI,20210520,影视院线,1148.51,1168.36,1122.85,1144.24,-0.85,-0.07,32583.0,213323.0,55.08,1.62,7496109.0,18863719.0
801766.SI,20210521,影视院线,1146.8,1174.69,1132.87,1149.86,5.62,0.49,32121.0,210696.0,54.6,1.63,7532916.0,18906581.0
801766.SI,20210524,影视院线,1148.27,1166.75,1132.04,1152.52,2.66,0.23,30066.0,208854.0,54.81,1.64,7550319.0,18992199.0
801766.SI,20210525,影视院线,1156.39,1175.26,1138.21,1163.2,10.68,0.93,33825.0,235047.0,55.11,1.65,7620281.0,19175110.0
801766.SI,20210526,影视院线,1160.6,1188.08,1152.76,1173.8,10.6,0.91,36984.0,246105.0,55.8,1.67,7689713.0,19347866.0
801766.SI,20210527,影视院线,1174.41,1203.31,1167.64,1188.61,14.81,1.26,40239.0,275270.0,55.69,1.69,7786719.0,19591373.0
801766.SI,20210528,影视院线,1191.53,1212.58,1168.06,1176.23,-12.38,-1.04,34348.0,246027.0,55.6,1.67,7705636.0,19387252.0
801766.SI,20210531,影视院线,1172.48,1190.82,1157.23,1177.42,1.19,0.1,33897.0,235902.0,56.34,1.67,7713447.0,19384464.0
801766.SI,20210601,影视院线,1180.43,1205.26,1168.06,1190.87,13.45,1.14,40995.0,295345.0,57.12,1.69,7801568.0,19572290.0
801766.SI,20210602,影视院线,1189.94,1200.52,1165.12,1169.31,-21.56,-1.81,34815.0,247528.0,56.01,1.66,7660314.0,19224357.0
801766.SI,20210603,影视院线,1176.41,1199.78,1160.73,1174.74,5.43,0.46,33219.0,221014.0,56.37,1.67,7695922.0,19270475.0
801766.SI,20210604,影视院线,1169.89,1187.05,1158.44,1169.24,-5.5,-0.47,28061.0,177826.0,55.9,1.66,7672212.0,19168375.0
801766.SI,20210607,影视院线,1167.49,1184.55,1154.46,1172.17,2.93,0.25,24734.0,176050.0,55.82,1.67,7691443.0,19237875.0
801766.SI,20210608,影视院线,1171.79,1196.25,1162.69,1181.24,9.07,0.77,27717.0,195187.0,56.5,1.68,7750948.0,19457648.0
801766.SI,20210609,影视院线,1181.37,1206.06,1155.89,1180.32,-0.92,-0.08,43617.0,295987.0,56.65,1.68,7744922.0,19411469.0
801766.SI,20210610,影视院线,1180.92,1199.62,1160.99,1175.23,-5.09,-0.43,39789.0,267802.0,56.05,1.67,7711515.0,19254045.0
801766.SI,20210611,影视院线,1177.56,1192.18,1139.45,1150.25,-24.98,-2.13,41752.0,308911.0,53.93,1.63,7547630.0,18713574.0
801766.SI,20210615,影视院线,1163.55,1181.16,1129.5,1141.35,-8.9,-0.77,41557.0,258295.0,53.47,1.62,7489255.0,18532309.0
801766.SI,20210616,影视院线,1136.36,1162.91,1116.91,1134.48,-6.87,-0.6,36425.0,238674.0,53.38,1.61,7444148.0,18405730.0
801766.SI,20210617,影视院线,1132.81,1145.99,1118.72,1128.59,-5.89,-0.52,26475.0,177614.0,53.58,1.6,7405495.0,18358034.0
801766.SI,20210618,影视院线,1131.89,1171.07,1120.05,1164.23,35.64,3.16,49904.0,309904.0,53.5,1.65,7639367.0,18786370.0
801766.SI,20210621,影视院线,1161.13,1178.91,1144.49,1158.99,-5.24,-0.45,42474.0,280168.0,53.46,1.65,7604981.0,18661382.0
801766.SI,20210622,影视院线,1160.66,1175.82,1145.47,1158.34,-0.65,-0.06,33252.0,224178.0,53.4,1.65,7600687.0,18684351.0
801766.SI,20210623,影视院线,1159.15,1171.13,1144.57,1158.3,-0.04,0.0,29088.0,196435.0,53.49,1.65,7600402.0,18706606.0
801766.SI,20210624,影视院线,1156.3,1166.17,1133.08,1141.48,-16.82,-1.45,31827.0,199212.0,52.73,1.62,7490061.0,18448777.0
801766.SI,20210625,影视院线,1137.84,1153.61,1119.34,1138.74,-2.74,-0.24,26567.0,194397.0,52.67,1.62,7472083.0,18376756.0
801766.SI,20210628,影视院线,1136.18,1164.07,1120.33,1144.89,6.15,0.54,33511.0,220690.0,52.44,1.63,7512414.0,18409803.0
801766.SI,20210629,影视院线,1141.81,1156.32,1124.69,1140.26,-4.63,-0.4,26160.0,184290.0,51.78,1.62,7482050.0,18313237.0
801766.SI,20210630,影视院线,1147.61,1166.14,1127.69,1149.33,9.07,0.8,33293.0,238608.0,51.99,1.63,7541554.0,18511511.0
801766.SI,20210701,影视院线,1148.4,1185.47,1129.06,1157.35,8.02,0.7,39341.0,291374.0,52.32,1.64,7594197.0,18656978.0
801766.SI,20210702,影视院线,1150.88,1171.48,1134.62,1149.27,-8.08,-0.7,28052.0,201438.0,51.65,1.63,7525332.0,18509271.0
801766.SI,20210705,影视院线,1150.19,1162.44,1119.31,1136.3,-12.97,-1.13,27390.0,202812.0,51.02,1.62,7440417.0,18295699.0
801766.SI,20210706,影视院线,1135.02,1177.2,1120.85,1162.76,26.46,2.33,38018.0,246694.0,51.92,1.65,7613698.0,18657572.0
801766.SI,20210707,影视院线,1156.45,1176.15,1141.68,1160.79,-1.97,-0.17,31401.0,204251.0,51.51,1.65,7600822.0,18641344.0
801766.SI,20210708,影视院线,1157.93,1182.86,1137.64,1153.22,-7.57,-0.65,35341.0,233381.0,50.8,1.64,7551242.0,18452421.0
801766.SI,20210709,影视院线,1150.5,1177.84,1134.49,1159.7,6.48,0.56,32940.0,222685.0,50.64,1.65,7593656.0,18537284.0
801766.SI,20210712,影视院线,1171.42,1196.41,1156.41,1167.75,8.05,0.69,33732.0,254780.0,52.0,1.66,7646355.0,18743489.0
801766.SI,20210713,影视院线,1169.73,1204.92,1159.93,1188.28,20.53,1.76,34720.0,263692.0,52.31,1.69,7780805.0,19027537.0
801766.SI,20210714,影视院线,1188.37,1203.28,1158.78,1165.33,-22.95,-1.93,36487.0,263224.0,51.21,1.66,7630513.0,18629502.0
801766.SI,20210715,影视院线,1163.34,1176.33,1130.45,1154.78,-10.55,-0.91,33531.0,215468.0,50.58,1.64,7561458.0,18432202.0
801766.SI,20210716,影视院线,1153.57,1177.28,1141.55,1158.65,3.87,0.34,25118.0,174916.0,51.14,1.65,7586770.0,18516715.0
801766.SI,20210719,影视院线,1156.64,1165.06,1127.18,1142.23,-16.42,-1.42,27108.0,197238.0,50.95,1.62,7479258.0,18219470.0
801766.SI,20210720,影视院线,1130.71,1142.46,1114.72,1126.89,-15.34,-1.34,20511.0,145503.0,50.45,1.6,7378798.0,18000559.0
801766.SI,20210721,影视院线,1126.35,1147.27,1116.3,1129.11,2.22,0.2,23727.0,159683.0,50.65,1.61,7393351.0,17998001.0
801766.SI,20210722,影视院线,1127.19,1149.04,1113.96,1133.33,4.22,0.37,27542.0,172991.0,50.82,1.61,7420976.0,18026464.0
801766.SI,20210723,影视院线,1133.69,1140.21,1097.54,1102.71,-30.62,-2.7,30721.0,202265.0,50.78,1.57,7221284.0,17688182.0
801766.SI,20210726,影视院线,1097.34,1111.07,1062.8,1073.56,-29.15,-2.64,31832.0,222413.0,49.32,1.53,7030418.0,17180325.0
801766.SI,20210727,影视院线,1081.76,1105.33,1061.28,1066.7,-6.86,-0.64,28527.0,190048.0,48.67,1.52,6985525.0,17096924.0
801766.SI,20210728,影视院线,1064.6,1076.53,1012.49,1029.61,-37.09,-3.48,33289.0,219013.0,47.73,1.47,6742610.0,16542526.0
801766.SI,20210729,影视院线,1035.59,1052.61,1018.44,1029.72,0.11,0.01,25774.0,170860.0,48.13,1.47,6743354.0,16533501.0
801766.SI,20210730,影视院线,1024.19,1032.93,1000.4,1014.57,-15.15,-1.47,26921.0,172548.0,47.61,1.45,6644171.0,16294368.0
801766.SI,20210802,影视院线,1000.72,1025.39,982.39,1017.44,2.87,0.28,26497.0,171340.0,48.09,1.45,6662980.0,16347379.0
801766.SI,20210803,影视院线,1013.56,1035.08,1005.69,1015.84,-1.6,-0.16,23308.0,149729.0,48.29,1.45,6652475.0,16339009.0
801766.SI,20210804,影视院线,1016.53,1028.07,1000.51,1007.34,-8.5,-0.84,24435.0,148637.0,48.08,1.44,6596825.0,16186586.0
801766.SI,20210805,影视院线,1001.74,1015.28,983.6,993.8,-13.54,-1.34,23512.0,144654.0,47.06,1.42,6508158.0,15990340.0
801766.SI,20210806,影视院线,986.35,994.11,967.07,979.95,-13.85,-1.39,22380.0,136490.0,46.46,1.4,6417475.0,15760200.0
801766.SI,20210809,影视院线,976.93,1009.32,972.62,1003.85,23.9,2.44,25178.0,148872.0,47.59,1.43,6573997.0,16107824.0
801766.SI,20210810,影视院线,1000.87,1027.84,993.91,1021.79,17.94,1.79,29189.0,159416.0,48.29,1.46,6691505.0,16315152.0
801766.SI,20210811,影视院线,1021.31,1039.54,1012.3,1024.64,2.85,0.28,24146.0,147662.0,48.11,1.46,6710195.0,16312237.0
801766.SI,20210812,影视院线,1027.23,1049.27,1017.35,1029.7,5.06,0.49,25291.0,163569.0,47.72,1.47,6744737.0,16396457.0
801766.SI,20210813,影视院线,1032.97,1059.67,1015.23,1042.3,12.6,1.22,35596.0,203876.0,47.8,1.49,6827298.0,16444798.0
801766.SI,20210816,影视院线,1040.99,1061.92,1029.42,1042.51,0.21,0.02,30241.0,182390.0,48.2,1.49,6828647.0,16516061.0
801766.SI,20210817,影视院线,1048.17,1064.56,1024.34,1031.05,-11.46,-1.1,29499.0,179880.0,47.58,1.47,6753597.0,16386914.0
801766.SI,20210818,影视院线,1032.92,1050.37,1021.28,1038.32,7.27,0.71,24364.0,140532.0,47.86,1.48,6801191.0,16507460.0
801766.SI,20210819,影视院线,1034.86,1057.6,1026.93,1038.06,-0.26,-0.03,24031.0,149410.0,48.37,1.5,6885876.0,16513905.0
801766.SI,20210820,影视院线,1034.36,1044.28,1017.79,1034.09,-3.97,-0.38,21375.0,137488.0,47.98,1.49,6859546.0,16455598.0
801766.SI,20210823,影视院线,1041.68,1077.97,1035.83,1070.57,36.48,3.53,36891.0,234812.0,49.22,1.54,7101518.0,16909740.0
801766.SI,20210824,影视院线,1065.33,1076.14,1035.2,1051.17,-19.4,-1.81,40709.0,225896.0,49.2,1.52,6972850.0,16731175.0
801766.SI,20210825,影视院线,1049.7,1084.61,1040.55,1070.38,19.21,1.83,34564.0,219791.0,50.27,1.54,7100293.0,17068850.0
801766.SI,20210826,影视院线,1068.29,1097.76,1056.47,1073.95,3.57,0.33,33945.0,201772.0,50.15,1.55,7123973.0,17082234.0
801766.SI,20210827,影视院线,1080.27,1094.79,1050.44,1059.41,-14.54,-1.35,30467.0,187060.0,49.73,1.53,7032848.0,16859406.0
801766.SI,20210830,影视院线,1064.33,1081.17,1045.52,1058.1,-1.31,-0.12,31020.0,182793.0,49.68,1.53,7024153.0,16867693.0
801766.SI,20210831,影视院线,1055.41,1082.25,1042.57,1071.88,13.78,1.3,28223.0,172912.0,50.25,1.55,7112669.0,17027407.0
801766.SI,20210901,影视院线,1067.48,1114.66,1059.7,1097.61,25.73,2.4,39215.0,265616.0,30.95,1.58,7283373.0,17501416.0
801766.SI,20210902,影视院线,1097.39,1116.53,1079.3,1098.77,1.16,0.11,29354.0,189474.0,31.23,1.6,7286895.0,17548467.0
801766.SI,20210903,影视院线,1103.15,1134.01,1086.37,1113.82,15.05,1.37,34721.0,242170.0,31.73,1.62,7398114.0,17850225.0
801766.SI,20210906,影视院线,1114.74,1143.26,1102.28,1119.34,5.52,0.5,32975.0,239445.0,31.79,1.63,7434779.0,17948849.0
801766.SI,20210907,影视院线,1119.88,1145.28,1111.19,1134.33,14.99,1.34,35607.0,223545.0,32.24,1.65,7534322.0,18143816.0
801766.SI,20210908,影视院线,1136.64,1180.16,1129.66,1173.2,38.87,3.43,56885.0,350299.0,33.37,1.71,7792494.0,18739219.0
801766.SI,20210909,影视院线,1159.88,1171.91,1134.65,1156.97,-16.23,-1.38,45238.0,274884.0,32.85,1.68,7684683.0,18528036.0
801766.SI,20210910,影视院线,1154.89,1179.21,1142.1,1154.57,-2.4,-0.21,33488.0,228715.0,32.81,1.68,7668749.0,18488963.0
801766.SI,20210913,影视院线,1135.88,1166.04,1118.98,1147.44,-7.13,-0.62,34932.0,249322.0,32.56,1.67,7621374.0,18311389.0
801766.SI,20210914,影视院线,1147.55,1166.78,1124.16,1129.64,-17.8,-1.55,30931.0,211491.0,31.97,1.64,7503142.0,18015458.0
801766.SI,20210915,影视院线,1127.4,1165.55,1119.7,1154.75,25.11,2.22,26114.0,197166.0,32.75,1.68,7669944.0,18461077.0
801766.SI,20210916,影视院线,1154.98,1175.82,1133.29,1145.04,-9.71,-0.84,31029.0,219228.0,32.5,1.67,7605436.0,18299447.0
801766.SI,20210917,影视院线,1143.56,1163.76,1114.96,1140.83,-4.21,-0.37,31365.0,209575.0,32.35,1.66,7577473.0,18259389.0
801766.SI,20210922,影视院线,1131.66,1155.01,1112.32,1125.86,-14.97,-1.31,33946.0,228225.0,31.95,1.64,7478016.0,18002317.0
801766.SI,20210923,影视院线,1136.94,1174.3,1127.44,1158.02,32.16,2.86,36919.0,247389.0,32.9,1.68,7696455.0,18523415.0
801766.SI,20210924,影视院线,1153.71,1169.95,1134.95,1144.34,-13.68,-1.18,29758.0,204265.0,32.5,1.66,7605553.0,18380312.0
801766.SI,20210927,影视院线,1149.82,1161.98,1103.41,1119.27,-25.07,-2.19,31271.0,223521.0,31.85,1.63,7438902.0,18038928.0
801766.SI,20210928,影视院线,1108.58,1126.57,1086.22,1102.78,-16.49,-1.47,25562.0,181658.0,31.28,1.6,7329306.0,17803122.0
801766.SI,20210929,影视院线,1097.22,1112.54,1077.59,1083.87,-18.91,-1.71,23997.0,167991.0,30.79,1.58,7203601.0,17505857.0
801766.SI,20210930,影视院线,1088.45,1115.09,1075.49,1104.48,20.61,1.9,24224.0,186235.0,31.33,1.61,7340565.0,17830734.0
801766.SI,20211008,影视院线,1117.15,1137.08,1086.98,1106.16,1.68,0.15,31158.0,238106.0,31.36,1.61,7359502.0,17761975.0
801766.SI,20211011,影视院线,1102.73,1115.5,1073.44,1085.16,-21.0,-1.9,25358.0,184482.0,30.69,1.58,7219798.0,17402300.0
801766.SI,20211012,影视院线,1084.12,1092.14,1059.98,1070.73,-14.43,-1.33,23433.0,140127.0,30.3,1.56,7123808.0,17156345.0
801766.SI,20211013,影视院线,1069.51,1082.89,1054.33,1069.76,-0.97,-0.09,19453.0,113632.0,30.27,1.56,7115983.0,17159171.0
801766.SI,20211014,影视院线,1071.52,1124.31,1058.66,1106.35,36.59,3.42,28736.0,240583.0,31.43,1.61,7386608.0,17774967.0
801766.SI,20211015,影视院线,1101.39,1133.09,1081.79,1107.77,1.42,0.13,34749.0,318296.0,31.57,1.61,7387892.0,17806832.0
801766.SI,20211018,影视院线,1107.0,1120.84,1089.57,1101.66,-6.11,-0.55,24320.0,188325.0,31.42,1.6,7349140.0,17688539.0
801766.SI,20211019,影视院线,1098.42,1113.24,1081.14,1093.85,-7.81,-0.71,23266.0,170473.0,32.26,1.59,7564485.0,17513591.0
801766.SI,20211020,影视院线,1093.4,1097.19,1066.32,1073.38,-20.47,-1.87,19935.0,143861.0,31.64,1.56,7422897.0,17177569.0
801766.SI,20211021,影视院线,1073.25,1079.12,1053.63,1059.52,-13.86,-1.29,21380.0,136678.0,31.24,1.54,7327021.0,16997418.0
801766.SI,20211022,影视院线,1061.83,1076.82,1046.87,1055.06,-4.46,-0.42,22072.0,140901.0,31.03,1.54,7296212.0,16921626.0
801766.SI,20211025,影视院线,1052.12,1068.14,1031.45,1051.05,-4.01,-0.38,23780.0,167676.0,30.81,1.53,7268489.0,16800410.0
801766.SI,20211026,影视院线,1049.45,1066.79,1032.27,1047.47,-3.58,-0.34,23256.0,161350.0,30.7,1.53,7243745.0,16776133.0
801766.SI,20211027,影视院线,1046.75,1051.23,1017.38,1023.29,-24.18,-2.31,21021.0,132794.0,29.95,1.48,6984667.0,16437156.0
801766.SI,20211028,影视院线,1025.3,1044.21,1009.52,1023.61,0.32,0.03,19783.0,137048.0,30.04,1.48,6986859.0,16469253.0
801766.SI,20211029,影视院线,1026.3,1071.56,1015.59,1053.81,30.2,2.95,34777.0,209751.0,30.96,1.52,7193018.0,16915764.0
801766.SI,20211101,影视院线,1043.13,1068.05,1029.08,1053.39,-0.42,-0.04,30983.0,193332.0,30.97,1.52,7190160.0,16836617.0
801766.SI,20211102,影视院线,1051.21,1062.3,1018.07,1028.48,-24.91,-2.36,30018.0,186754.0,30.13,1.5,7192078.0,16454055.0
801766.SI,20211103,影视院线,1027.25,1052.98,1021.32,1038.74,10.26,1.0,25429.0,144481.0,30.48,1.52,7263809.0,16615470.0
801766.SI,20211104,影视院线,1038.64,1064.57,1029.78,1060.23,21.49,2.07,30449.0,168514.0,31.13,1.55,7414083.0,16925373.0
801766.SI,20211105,影视院线,1059.9,1104.21,1048.59,1079.86,19.63,1.85,53950.0,294411.0,31.75,1.58,7551368.0,17214623.0
801766.SI,20211108,影视院线,1086.15,1110.36,1066.9,1087.69,7.83,0.73,47619.0,268038.0,32.01,1.59,7628695.0,17348840.0
801766.SI,20211109,影视院线,1083.25,1110.65,1072.9,1097.02,9.33,0.86,37808.0,215727.0,32.28,1.6,7694164.0,17510673.0
801766.SI,20211110,影视院线,1101.3,1128.76,1088.4,1112.38,15.36,1.4,49607.0,269188.0,32.77,1.63,7801865.0,17677151.0
801766.SI,20211111,影视院线,1101.73,1140.32,1092.46,1123.0,10.62,0.95,54618.0,296045.0,33.1,1.64,7876322.0,17825951.0
801766.SI,20211112,影视院线,1123.4,1145.34,1106.11,1121.14,-1.86,-0.17,50912.0,280393.0,33.05,1.64,7863282.0,17790023.0
801766.SI,20211115,影视院线,1120.4,1145.0,1104.56,1134.23,13.09,1.17,50113.0,292063.0,33.45,1.66,7955105.0,17998804.0
801766.SI,20211116,影视院线,1134.24,1166.84,1118.87,1128.16,-6.07,-0.54,53556.0,309967.0,33.26,1.65,7912512.0,17897351.0
801766.SI,20211117,影视院线,1124.09,1158.31,1119.24,1141.82,13.66,1.21,46117.0,265924.0,33.66,1.67,8008329.0,18124231.0
801766.SI,20211118,影视院线,1144.46,1154.85,1115.51,1121.86,-19.96,-1.75,44825.0,256975.0,33.06,1.64,7868342.0,17803825.0
801766.SI,20211119,影视院线,1120.61,1146.74,1107.65,1128.4,6.54,0.58,44794.0,250705.0,33.26,1.65,7914239.0,17896544.0
801766.SI,20211122,影视院线,1130.91,1140.42,1109.13,1122.42,-5.98,-0.53,44128.0,247359.0,33.05,1.64,7872271.0,17803772.0
801766.SI,20211123,影视院线,1119.84,1140.92,1106.0,1126.25,3.83,0.34,39317.0,227107.0,33.16,1.65,7899104.0,17886744.0
801766.SI,20211124,影视院线,1126.44,1169.97,1114.67,1153.07,26.82,2.38,53852.0,338511.0,33.99,1.69,8087215.0,18310238.0
801766.SI,20211125,影视院线,1154.78,1161.84,1124.23,1131.06,-22.01,-1.91,41372.0,242113.0,33.3,1.65,7932858.0,18007591.0
801766.SI,20211126,影视院线,1126.06,1130.55,1097.13,1102.05,-29.01,-2.56,35461.0,221946.0,32.38,1.61,7729361.0,17573049.0
801766.SI,20211129,影视院线,1080.68,1096.94,1066.83,1079.73,-22.32,-2.03,33432.0,199697.0,31.69,1.58,7572803.0,17219970.0
801766.SI,20211130,影视院线,1090.71,1105.98,1076.84,1087.27,7.54,0.7,30615.0,170202.0,31.88,1.59,7627573.0,17346805.0
801766.SI,20211201,影视院线,1085.49,1120.59,1078.74,1113.09,25.82,2.37,36872.0,204906.0,32.67,1.63,7808722.0,17728571.0
801766.SI,20211202,影视院线,1109.39,1121.85,1088.79,1094.33,-18.76,-1.69,31161.0,166948.0,32.08,1.6,7677088.0,17453444.0
801766.SI,20211203,影视院线,1094.25,1111.59,1085.5,1100.06,5.73,0.52,23514.0,125736.0,32.22,1.61,7717260.0,17554472.0
801766.SI,20211206,影视院线,1100.4,1110.35,1072.48,1088.37,-11.69,-1.06,32353.0,168466.0,31.89,1.59,7640310.0,17405908.0
801766.SI,20211207,影视院线,1092.96,1126.06,1084.05,1107.63,19.26,1.77,37218.0,222354.0,32.47,1.62,7775491.0,17717018.0
801766.SI,20211208,影视院线,1109.01,1134.25,1096.29,1119.81,12.18,1.1,41081.0,247788.0,32.83,1.64,7860960.0,17871424.0
801766.SI,20211209,影视院线,1117.46,1151.13,1111.38,1131.02,11.21,1.0,52069.0,298280.0,33.22,1.65,7939648.0,18045677.0
801766.SI,20211210,影视院线,1131.73,1201.68,1125.5,1182.0,50.98,4.51,95086.0,575497.0,34.68,1.73,8297516.0,18769412.0
801766.SI,20211213,影视院线,1190.49,1230.25,1175.7,1206.5,24.5,2.07,106523.0,647355.0,115.11,2.51,8469486.0,18976191.753665
801766.SI,20211214,影视院线,1213.28,1256.43,1200.74,1228.25,21.75,1.8,94740.0,590963.0,117.18,2.56,8622157.0,19278222.895128
801766.SI,20211215,影视院线,1232.84,1274.54,1212.38,1235.3,7.06,0.57,122897.0,791338.0,117.82,2.58,8672577.0,19357940.929988
801766.SI,20211216,影视院线,1235.7,1280.51,1214.31,1259.61,24.31,1.97,112351.0,739665.0,120.14,2.63,8837407.0,19711540.423535
801766.SI,20211217,影视院线,1255.82,1285.51,1230.66,1258.17,-1.44,-0.11,103866.0,719093.0,120.0,2.62,8827323.0,19669807.382289
801766.SI,20211220,影视院线,1261.6,1306.45,1231.04,1248.24,-9.93,-0.79,110434.0,780238.0,119.05,2.6,8757645.0,19526116.390778
801766.SI,20211221,影视院线,1235.49,1279.05,1225.94,1256.99,8.75,0.7,92918.0,610236.0,119.89,2.62,8819051.0,19706938.003189
801766.SI,20211222,影视院线,1262.44,1316.29,1246.74,1290.23,33.24,2.64,107911.0,729800.0,123.06,2.69,9052256.0,20170756.075903
801766.SI,20211223,影视院线,1281.05,1320.35,1247.83,1273.1,-17.14,-1.33,102040.0,687850.0,121.75,2.66,8956200.0,19864640.564573
801766.SI,20211224,影视院线,1276.85,1317.81,1246.61,1276.15,3.05,0.24,86378.0,600688.0,122.05,2.66,8977667.0,20014958.59871
801766.SI,20211227,影视院线,1270.69,1299.78,1223.87,1256.49,-19.66,-1.54,84791.0,578589.0,120.17,2.62,8839374.0,19795849.363151
801766.SI,20211228,影视院线,1259.23,1278.58,1233.15,1248.23,-8.26,-0.66,66853.0,455079.0,119.37,2.6,8781238.0,19619705.745631
801766.SI,20211229,影视院线,1247.35,1272.67,1225.14,1245.97,-2.25,-0.18,68972.0,473883.0,120.28,2.6,8847733.0,19595845.252343
801766.SI,20211230,影视院线,1246.3,1317.88,1240.18,1300.93,54.96,4.41,106826.0,726302.0,125.58,2.71,9237972.0,20437397.813584
801766.SI,20211231,影视院线,1299.16,1325.63,1276.99,1303.5,2.57,0.2,92296.0,611552.0,125.83,2.72,9256216.0,20501221.343211
801766.SI,20220104,影视院线,1309.48,1368.36,1283.42,1341.51,38.02,2.92,114115.0,799006.0,129.5,2.79,9526172.0,21043273.866867
801766.SI,20220105,影视院线,1335.63,1374.52,1306.14,1339.11,-2.4,-0.18,108984.0,763006.0,129.27,2.79,9509110.0,20952885.343773
801766.SI,20220106,影视院线,1331.34,1348.51,1287.73,1318.61,-20.5,-1.53,89427.0,618270.0,122.86,2.74,9450352.0,20604549.169144
801766.SI,20220107,影视院线,1317.99,1354.62,1270.65,1279.0,-39.61,-3.0,88724.0,609138.0,119.17,2.65,9166494.0,20024773.38255
801766.SI,20220110,影视院线,1272.43,1303.35,1235.71,1282.67,3.67,0.29,70450.0,469470.0,119.51,2.66,9192785.0,20092023.699947
801766.SI,20220111,影视院线,1281.85,1310.12,1254.76,1267.81,-14.87,-1.16,72543.0,447674.0,118.57,2.63,9120685.0,19889302.110301
801766.SI,20220112,影视院线,1272.36,1311.76,1250.39,1283.06,15.25,1.2,72806.0,519134.0,120.0,2.66,9230383.0,20188937.48064
801766.SI,20220113,影视院线,1284.71,1314.05,1264.71,1282.66,-0.4,-0.03,75374.0,515146.0,119.96,2.66,9227507.0,20134867.316934
801766.SI,20220114,影视院线,1278.23,1347.1,1255.43,1307.88,25.22,1.97,129834.0,911066.0,122.32,2.72,9408968.0,20298645.318293
801766.SI,20220117,影视院线,1319.5,1388.9,1303.79,1374.2,66.32,5.07,139397.0,1047876.0,128.52,2.85,9886074.0,21135810.378507
801766.SI,20220118,影视院线,1373.17,1394.81,1310.71,1335.91,-38.29,-2.79,134969.0,1012814.0,124.94,2.77,9610629.0,20718791.353334
801766.SI,20220119,影视院线,1337.59,1389.51,1317.7,1356.09,20.18,1.51,110904.0,819768.0,126.83,2.82,9755786.0,20998267.948653
801766.SI,20220120,影视院线,1347.92,1366.05,1298.09,1310.99,-45.1,-3.33,99725.0,732681.0,122.61,2.72,9431368.0,20378829.132141
801766.SI,20220121,影视院线,1307.82,1348.21,1267.08,1284.12,-26.87,-2.05,92493.0,698564.0,119.25,2.66,9254431.0,20184684.486634
801766.SI,20220124,影视院线,1281.3,1306.8,1239.13,1265.32,-18.8,-1.46,72189.0,550192.0,117.5,2.62,9118907.0,19897306.09698
801766.SI,20220125,影视院线,1263.48,1270.43,1174.0,1178.64,-86.68,-6.85,84076.0,604634.0,109.45,2.44,8494236.0,18553903.228209
801766.SI,20220126,影视院线,1190.18,1213.5,1159.1,1176.64,-2.0,-0.17,55478.0,380630.0,109.27,2.44,8479854.0,18585349.065868
801766.SI,20220127,影视院线,1177.22,1184.84,1126.39,1142.2,-34.45,-2.93,63954.0,416464.0,106.07,2.37,8231611.0,17993198.471157
801766.SI,20220128,影视院线,1153.7,1209.94,1140.89,1187.3,45.1,3.95,70047.0,486830.0,110.26,2.46,8556672.0,18789883.105273
801766.SI,20220207,影视院线,1166.6,1177.31,1110.61,1135.87,-51.43,-4.33,74109.0,522987.0,105.48,2.35,8186006.0,17869429.18279
801766.SI,20220208,影视院线,1131.63,1164.24,1116.97,1159.19,23.32,2.05,58585.0,389472.0,107.65,2.4,8354080.0,18288125.712683
801766.SI,20220209,影视院线,1157.76,1187.59,1146.52,1177.46,18.27,1.58,66104.0,432619.0,109.34,2.44,8485747.0,18509349.732479
801766.SI,20220210,影视院线,1174.74,1217.31,1159.34,1195.47,18.01,1.53,70815.0,495289.0,111.02,2.48,8615520.0,18829026.216418
801766.SI,20220211,影视院线,1191.84,1216.94,1153.58,1177.22,-18.24,-1.53,74923.0,510984.0,109.32,2.44,8484051.0,18500994.2314
801766.SI,20220214,影视院线,1180.58,1254.38,1161.56,1208.27,31.04,2.64,85357.0,632133.0,112.21,2.51,8707773.0,19064517.64775
801766.SI,20220215,影视院线,1213.24,1237.55,1181.57,1197.11,-11.16,-0.92,72754.0,510926.0,111.78,2.48,8674402.0,18850169.042138
801766.SI,20220216,影视院线,1198.46,1223.41,1181.49,1205.32,8.21,0.69,68392.0,467854.0,112.54,2.5,8733924.0,18933730.386183
801766.SI,20220217,影视院线,1196.53,1207.07,1161.3,1168.99,-36.33,-3.01,73185.0,480015.0,109.1,2.42,8472783.0,18412962.102824
801766.SI,20220218,影视院线,1158.69,1180.58,1151.58,1171.77,2.77,0.24,48006.0,310010.0,109.35,2.43,8492880.0,18447989.620605
801766.SI,20220221,影视院线,1167.59,1189.9,1157.36,1184.98,13.21,1.13,53715.0,337258.0,110.59,2.45,8588627.0,18635728.743168
801766.SI,20220222,影视院线,1169.33,1178.14,1135.03,1148.11,-36.86,-3.11,60300.0,373819.0,107.15,2.37,8321443.0,18099735.368856
801766.SI,20220223,影视院线,1149.32,1168.36,1143.95,1155.72,7.6,0.66,43390.0,268729.0,107.86,2.39,8376558.0,18223035.135679
801766.SI,20220224,影视院线,1146.84,1156.41,1084.91,1102.91,-52.81,-4.57,71700.0,431688.0,102.93,2.28,7993824.0,17449217.951836
801766.SI,20220225,影视院线,1111.28,1126.22,1099.63,1109.09,6.18,0.56,35615.0,214019.0,103.51,2.29,8038635.0,17544111.237672
801766.SI,20220228,影视院线,1108.14,1116.85,1082.81,1105.8,-3.29,-0.3,32670.0,190417.0,103.2,2.28,8014756.0,17488833.899523
801766.SI,20220301,影视院线,1106.95,1129.55,1099.25,1122.43,16.63,1.5,37613.0,231975.0,104.75,2.32,8135321.0,17725773.836168
801766.SI,20220302,影视院线,1114.88,1134.85,1107.71,1124.6,2.17,0.19,34090.0,203975.0,104.95,2.32,8151016.0,17747818.784169
801766.SI,20220303,影视院线,1129.25,1145.72,1113.25,1124.36,-0.23,-0.02,36713.0,235427.0,104.93,2.32,8149318.0,17802215.29261
801766.SI,20220304,影视院线,1115.72,1145.97,1102.73,1125.55,1.18,0.11,51870.0,309994.0,105.04,2.33,8157882.0,17740616.661853
801766.SI,20220307,影视院线,1119.33,1136.82,1097.25,1112.59,-12.96,-1.15,51731.0,321832.0,103.83,2.3,8063952.0,17509466.193944
801766.SI,20220308,影视院线,1112.54,1126.45,1069.2,1079.51,-33.07,-2.97,67812.0,420214.0,100.74,2.23,7824232.0,17055467.840927
801766.SI,20220309,影视院线,1078.86,1095.06,1012.48,1064.64,-14.87,-1.38,61054.0,363668.0,99.36,2.2,7716564.0,16793819.304053
801766.SI,20220310,影视院线,1084.19,1101.28,1059.19,1066.1,1.46,0.14,48336.0,297679.0,99.49,2.21,7727145.0,16866890.561041
801766.SI,20220311,影视院线,1049.08,1082.12,1028.79,1073.96,7.86,0.74,47577.0,288152.0,100.23,2.22,7784092.0,16961971.581432
801766.SI,20220314,影视院线,1057.44,1074.35,1030.78,1035.63,-38.33,-3.57,42895.0,259595.0,96.45,2.14,7506294.0,16327026.200522
801766.SI,20220315,影视院线,1028.47,1037.87,969.99,973.11,-62.52,-6.04,52942.0,301463.0,90.63,2.01,7053124.0,15325947.284304
801766.SI,20220316,影视院线,988.1,1033.76,966.41,1028.14,55.03,5.66,56919.0,329365.0,95.75,2.13,7451997.0,16187704.736093
801766.SI,20220317,影视院线,1046.74,1075.26,1030.78,1044.29,16.14,1.57,69778.0,417498.0,97.26,2.16,7569014.0,16403713.532346
801766.SI,20220318,影视院线,1040.2,1073.49,1029.09,1061.27,16.99,1.63,47240.0,284733.0,98.84,2.2,7692133.0,16702480.45067
801766.SI,20220321,影视院线,1058.52,1077.02,1042.52,1063.66,2.38,0.22,48912.0,295619.0,99.07,2.2,7710533.0,16689944.512313
801766.SI,20220322,影视院线,1057.95,1089.98,1046.93,1072.86,9.2,0.86,51948.0,306838.0,99.92,2.22,7777225.0,16813027.016691
801766.SI,20220323,影视院线,1071.17,1087.22,1058.55,1068.39,-4.47,-0.42,41121.0,241859.0,99.5,2.21,7744559.0,16763288.103577
801766.SI,20220324,影视院线,1062.26,1069.68,1039.99,1048.37,-20.02,-1.87,34897.0,205570.0,97.64,2.17,7599423.0,16440087.186623
801766.SI,20220325,影视院线,1049.93,1073.84,1041.89,1054.96,6.6,0.63,41501.0,243375.0,98.25,2.18,7647238.0,16507767.965541
801766.SI,20220328,影视院线,1046.29,1085.71,1037.82,1070.82,15.86,1.5,46244.0,272284.0,99.73,2.21,7762211.0,16711409.631334
801766.SI,20220329,影视院线,1072.8,1088.67,1046.69,1054.45,-16.37,-1.53,60522.0,354996.0,98.21,2.18,7643544.0,16476472.583821
801766.SI,20220330,影视院线,1056.82,1080.04,1040.76,1072.75,18.3,1.74,54230.0,319246.0,99.91,2.22,7776187.0,16760401.67548
801766.SI,20220331,影视院线,1067.57,1085.61,1051.35,1064.29,-8.46,-0.79,48671.0,281706.0,99.12,2.2,7714852.0,16660862.246574
801766.SI,20220401,影视院线,1058.79,1116.56,1046.72,1104.62,40.33,3.79,77356.0,457285.0,102.88,2.29,8007201.0,17207347.372078
801766.SI,20220406,影视院线,1103.03,1136.84,1090.92,1115.75,11.13,1.01,95801.0,595055.0,103.91,2.31,8087870.0,17354764.132013
801766.SI,20220407,影视院线,1108.75,1128.32,1074.84,1081.81,-33.94,-3.04,81327.0,521187.0,100.75,2.24,7841874.0,16801117.991636
801766.SI,20220408,影视院线,1078.05,1085.26,1037.93,1049.95,-31.86,-2.95,69558.0,418954.0,97.79,2.17,7610907.0,16408398.822702
801766.SI,20220411,影视院线,1039.93,1054.14,1001.4,1014.27,-35.68,-3.4,53534.0,319756.0,94.46,2.1,7352272.0,15831886.334938
801766.SI,20220412,影视院线,1022.68,1071.24,1005.65,1058.5,44.23,4.36,59017.0,364820.0,98.58,2.19,7672892.0,16592780.661206
801766.SI,20220413,影视院线,1043.88,1057.99,1012.76,1022.45,-36.05,-3.41,52778.0,317722.0,95.23,2.12,7411568.0,16118207.636048
801766.SI,20220414,影视院线,1026.56,1055.2,1016.67,1039.36,16.91,1.65,41274.0,263707.0,96.8,2.15,7534169.0,16419293.180239
801766.SI,20220415,影视院线,1032.2,1040.45,997.13,1006.38,-32.98,-3.17,46908.0,263776.0,93.73,2.09,7295118.0,15949526.565857
801766.SI,20220418,影视院线,995.76,1015.62,977.77,1007.45,1.07,0.11,30707.0,175960.0,93.83,2.09,7302851.0,15993133.366645
801766.SI,20220419,影视院线,1004.01,1027.47,995.57,1020.62,13.17,1.31,33885.0,196743.0,95.06,2.12,7398334.0,16151222.628947
801766.SI,20220420,影视院线,1023.9,1055.03,1011.59,1026.15,5.53,0.54,52738.0,323310.0,95.03,2.13,7438421.0,16284762.893842
801766.SI,20220421,影视院线,1020.09,1036.46,979.67,989.06,-37.09,-3.61,46555.0,278147.0,91.59,2.05,7169526.0,15672578.80937
801766.SI,20220422,影视院线,982.56,990.33,942.72,952.78,-36.27,-3.67,47469.0,274714.0,88.0,1.98,6888123.0,15057485.18884
801766.SI,20220425,影视院线,938.62,943.67,880.93,882.98,-69.81,-7.33,47383.0,242589.0,81.55,1.83,6383449.0,13971235.301203
801766.SI,20220426,影视院线,883.74,907.46,845.96,855.75,-27.23,-3.08,42864.0,216914.0,81.26,1.82,6186594.0,13575979.314806
801766.SI,20220427,影视院线,843.33,880.23,822.97,876.87,21.12,2.47,46491.0,221098.0,83.45,1.87,6339307.0,13863697.111638
801766.SI,20220428,影视院线,867.56,885.09,833.3,852.94,-23.93,-2.73,49739.0,224779.0,152.17,1.87,6166333.0,13463944.196393
801766.SI,20220429,影视院线,862.75,917.74,857.03,909.11,56.17,6.58,56151.0,290511.0,84.78,1.99,6618241.0,14357197.420687
801766.SI,20220505,影视院线,897.7,918.69,884.05,902.28,-6.83,-0.75,43436.0,225884.0,82.32,1.99,6568509.0,14234088.035348
801766.SI,20220506,影视院线,878.48,895.6,868.92,879.81,-22.47,-2.49,35608.0,179119.0,80.27,1.94,6404952.0,13867593.595658
801766.SI,20220509,影视院线,880.77,912.14,878.55,896.99,17.18,1.95,38497.0,193040.0,81.84,1.98,6530008.0,14077830.982865
801766.SI,20220510,影视院线,884.6,911.23,878.26,905.64,8.65,0.96,38085.0,195230.0,82.62,2.0,6592986.0,14229664.594977
801766.SI,20220511,影视院线,906.59,934.9,897.86,903.23,-2.41,-0.27,51028.0,272566.0,82.42,1.99,6576901.0,14230947.293949
801766.SI,20220512,影视院线,894.49,922.83,889.17,913.1,9.87,1.09,39253.0,206752.0,83.32,2.02,6648762.0,14389553.320957
801766.SI,20220513,影视院线,918.12,943.26,906.19,925.57,12.47,1.37,38475.0,205742.0,84.46,2.04,6739561.0,14614897.106493
801766.SI,20220516,影视院线,930.24,949.34,914.87,933.62,8.04,0.87,51410.0,263284.0,85.2,2.06,6798134.0,14733046.477221
801766.SI,20220517,影视院线,932.96,945.24,915.13,933.75,0.13,0.01,34711.0,180894.0,85.21,2.06,6799091.0,14752125.7235
801766.SI,20220518,影视院线,939.81,960.51,930.2,940.3,6.55,0.7,39679.0,211225.0,85.81,2.08,6846816.0,14827819.996078
801766.SI,20220519,影视院线,927.38,946.86,910.72,933.92,-6.38,-0.68,50473.0,266362.0,85.22,2.06,6800375.0,14769506.471686
801766.SI,20220520,影视院线,941.18,961.65,933.67,953.24,19.31,2.07,47847.0,258420.0,86.99,2.11,6940996.0,15073072.234835
801766.SI,20220523,影视院线,971.18,993.9,960.68,971.13,17.89,1.88,47203.0,256543.0,88.62,2.15,7071256.0,15298164.284875
801766.SI,20220524,影视院线,964.81,978.45,922.61,925.99,-45.14,-4.65,64044.0,346963.0,84.5,2.05,6742600.0,14605070.071429
801766.SI,20220525,影视院线,928.67,975.82,916.5,963.5,37.51,4.05,64467.0,361583.0,88.25,2.1,7096815.0,15228244.520454
801766.SI,20220526,影视院线,964.82,983.64,946.09,975.71,12.22,1.27,60298.0,333570.0,89.37,2.13,7186794.0,15368420.273609
801766.SI,20220527,影视院线,976.58,991.61,956.48,972.03,-3.68,-0.38,64159.0,367835.0,89.03,2.12,7159685.0,15319595.304845
801766.SI,20220530,影视院线,974.31,988.47,958.11,977.26,5.23,0.54,49525.0,285681.0,89.51,2.13,7198173.0,15473003.955527
801766.SI,20220531,影视院线,972.37,997.31,962.16,988.01,10.75,1.1,49710.0,281326.0,90.49,2.16,7277371.0,15627633.743555
801766.SI,20220601,影视院线,985.19,1024.75,977.73,1003.72,15.71,1.59,65062.0,363680.0,91.93,2.19,7393063.0,15885331.220802
801766.SI,20220602,影视院线,992.24,1007.42,972.17,990.98,-12.74,-1.27,37937.0,209587.0,90.76,2.17,7299252.0,15689510.995346
801766.SI,20220606,影视院线,981.66,1006.78,975.76,999.64,8.66,0.87,38527.0,213078.0,90.71,2.18,7363056.0,15811166.024816
801766.SI,20220607,影视院线,995.34,1010.4,976.03,990.52,-9.12,-0.91,37466.0,208441.0,89.88,2.16,7295892.0,15747952.648949
801766.SI,20220608,影视院线,988.89,999.57,964.98,987.65,-2.88,-0.29,35940.0,196376.0,89.61,2.16,7274695.0,15744125.501448
801766.SI,20220609,影视院线,983.93,991.83,962.23,972.63,-15.01,-1.52,27358.0,150668.0,88.54,2.13,7188374.0,15546249.473727
801766.SI,20220610,影视院线,966.16,993.53,958.5,985.3,12.66,1.3,30907.0,182408.0,89.71,2.16,7281973.0,15742558.450426
801766.SI,20220613,影视院线,976.47,981.79,952.73,964.53,-20.76,-2.11,28209.0,166879.0,87.82,2.11,7062139.0,15301387.154405
801766.SI,20220614,影视院线,953.67,967.49,933.62,960.64,-3.89,-0.4,29367.0,161201.0,87.46,2.1,7033653.0,15256731.880044
801766.SI,20220615,影视院线,959.01,980.7,951.84,962.4,1.76,0.18,54651.0,262301.0,87.62,2.11,7046546.0,15303263.390863
801766.SI,20220616,影视院线,963.89,1001.88,957.15,987.79,25.39,2.64,66242.0,330259.0,89.93,2.16,7232427.0,15688280.090681
801766.SI,20220617,影视院线,987.69,995.19,958.07,973.22,-14.57,-1.47,57167.0,270246.0,88.61,2.13,7125768.0,15475029.068142
801766.SI,20220620,影视院线,972.93,1002.91,966.7,988.35,15.12,1.55,45440.0,236223.0,89.98,2.16,7236488.0,15794804.79211
801766.SI,20220621,影视院线,987.82,1015.3,978.26,999.47,11.12,1.13,59943.0,299340.0,91.0,2.19,7317901.0,15960636.328127
801766.SI,20220622,影视院线,1003.63,1014.0,973.84,975.82,-23.64,-2.37,53043.0,266821.0,88.84,2.13,7144801.0,15603828.781813
801766.SI,20220623,影视院线,979.62,995.27,963.2,983.04,7.21,0.74,48636.0,256356.0,89.5,2.15,7197625.0,15709789.621889
801766.SI,20220624,影视院线,985.31,1008.74,973.72,994.7,11.66,1.19,51275.0,280351.0,90.56,2.18,7283016.0,15939703.293837
801766.SI,20220627,影视院线,996.25,1058.79,991.16,1027.95,33.25,3.34,84167.0,451023.0,93.59,2.25,7526447.0,16410949.578056
801766.SI,20220628,影视院线,1023.05,1055.51,1007.94,1043.52,15.57,1.51,78108.0,396358.0,95.01,2.28,7640438.0,16703652.427513
801766.SI,20220629,影视院线,1045.42,1076.92,1023.15,1031.55,-11.97,-1.15,77618.0,399208.0,93.92,2.26,7552817.0,16480646.954461
801766.SI,20220630,影视院线,1047.54,1107.81,1038.01,1074.07,42.52,4.12,97943.0,559839.0,97.79,2.35,7864108.0,17171903.524242
801766.SI,20220701,影视院线,1069.31,1083.37,1036.12,1047.43,-26.64,-2.48,76885.0,400914.0,95.36,2.29,7669071.0,16704171.353598
801766.SI,20220704,影视院线,1043.94,1066.94,1022.6,1037.48,-9.95,-0.95,69306.0,338944.0,94.46,2.27,7596210.0,16662831.855047
801766.SI,20220705,影视院线,1033.66,1057.22,1010.18,1029.11,-8.36,-0.81,61907.0,329758.0,93.69,2.25,7534964.0,16594166.77678
801766.SI,20220706,影视院线,1023.61,1033.06,986.85,998.39,-30.72,-2.99,48785.0,281032.0,90.9,2.18,7310008.0,16017295.391415
801766.SI,20220707,影视院线,997.49,1009.08,984.65,993.52,-4.87,-0.49,45914.0,225021.0,90.45,2.17,7274359.0,15918504.33132
801766.SI,20220708,影视院线,999.51,1019.86,988.5,996.22,2.7,0.27,40305.0,201469.0,90.7,2.18,7294138.0,15952526.820276
801766.SI,20220711,影视院线,988.44,1000.61,968.12,983.61,-12.61,-1.27,39026.0,200467.0,89.55,2.15,7201776.0,15736800.456262
801766.SI,20220712,影视院线,982.81,993.89,965.19,972.93,-10.68,-1.09,37857.0,183330.0,88.58,2.13,7123609.0,15577843.478508
801766.SI,20220713,影视院线,973.76,999.77,969.69,983.19,10.26,1.05,37966.0,180991.0,89.51,2.15,7198712.0,15714399.843256
801766.SI,20220714,影视院线,980.24,990.02,966.57,975.8,-7.39,-0.75,29136.0,141718.0,88.84,2.13,7144608.0,15622330.622597
801766.SI,20220715,影视院线,976.83,984.82,949.16,952.69,-23.1,-2.37,44613.0,209009.0,86.74,2.08,6975440.0,15246613.946955
801766.SI,20220718,影视院线,945.61,982.4,940.9,975.95,23.26,2.44,40280.0,204772.0,88.85,2.13,7145716.0,15596482.332152
801766.SI,20220719,影视院线,979.6,1005.16,973.74,996.53,20.58,2.11,47443.0,236684.0,90.73,2.18,7296422.0,15927576.257054
801766.SI,20220720,影视院线,1002.15,1027.6,995.09,1014.97,18.44,1.85,50304.0,255859.0,92.41,2.22,7431454.0,16241266.08402
801766.SI,20220721,影视院线,1016.69,1040.05,1003.22,1022.49,7.52,0.74,56790.0,288190.0,93.09,2.24,7486502.0,16322550.334323
801766.SI,20220722,影视院线,1021.73,1035.13,999.07,1012.62,-9.87,-0.97,50205.0,243766.0,92.19,2.21,7414214.0,16194355.237607
801766.SI,20220725,影视院线,1018.09,1030.67,997.38,1006.42,-6.2,-0.61,36881.0,188414.0,91.63,2.2,7368799.0,16110634.84941
801766.SI,20220726,影视院线,1017.52,1037.66,1006.48,1026.61,20.19,2.01,49293.0,249512.0,93.47,2.25,7516635.0,16454394.454547
801766.SI,20220727,影视院线,1024.01,1056.03,1015.04,1033.37,6.76,0.66,52462.0,295295.0,94.12,2.26,7569091.0,16556061.577298
801766.SI,20220728,影视院线,1038.11,1048.59,1018.72,1026.53,-6.84,-0.66,42741.0,231554.0,93.5,2.24,7519012.0,16416500.503909
801766.SI,20220729,影视院线,1029.71,1048.17,1010.39,1019.54,-6.99,-0.68,45976.0,268930.0,92.86,2.23,7467812.0,16327033.400183
801766.SI,20220801,影视院线,1015.19,1028.7,995.36,1009.85,-9.69,-0.95,32330.0,201029.0,91.31,2.21,7343560.0,16107640.283698
801766.SI,20220802,影视院线,1001.17,1004.09,947.56,965.26,-44.59,-4.42,46708.0,250232.0,87.26,2.12,7019245.0,15409077.232362
801766.SI,20220803,影视院线,969.45,995.09,954.25,962.09,-3.17,-0.33,45593.0,238036.0,86.97,2.11,6996164.0,15333190.385963
801766.SI,20220804,影视院线,968.76,984.29,952.62,970.69,8.6,0.89,41071.0,207337.0,87.75,2.13,7058677.0,15467770.675025
801766.SI,20220805,影视院线,971.5,987.07,962.31,980.57,9.89,1.02,31542.0,161629.0,88.65,2.15,7130561.0,15604216.612951
801766.SI,20220808,影视院线,975.98,987.96,964.63,979.58,-1.0,-0.1,25984.0,139811.0,88.56,2.15,7123317.0,15618593.366797
801766.SI,20220809,影视院线,978.28,986.18,965.07,974.23,-5.35,-0.55,26125.0,132275.0,88.07,2.14,7084440.0,15527472.320837
801766.SI,20220810,影视院线,971.41,978.73,957.36,967.43,-6.8,-0.7,25126.0,128739.0,87.46,2.12,7034974.0,15444526.776133
801766.SI,20220811,影视院线,971.32,1008.03,969.24,1000.47,33.04,3.42,44585.0,249080.0,90.44,2.19,7275233.0,15901023.709176
801766.SI,20220812,影视院线,1008.11,1025.12,997.07,1009.31,8.84,0.88,43168.0,226107.0,91.35,2.21,7355819.0,16018568.122325
801766.SI,20220815,影视院线,1003.91,1015.7,994.16,1005.57,-3.74,-0.37,31838.0,163966.0,91.01,2.21,7328545.0,15929095.249255
801766.SI,20220816,影视院线,1005.41,1013.63,993.82,1003.67,-1.89,-0.19,25963.0,138144.0,90.84,2.2,7314740.0,15913381.708832
801766.SI,20220817,影视院线,1007.09,1032.78,994.01,1026.96,23.29,2.32,34521.0,197019.0,92.95,2.25,7484486.0,16288421.107887
801766.SI,20220818,影视院线,1023.75,1033.04,1001.59,1014.99,-11.97,-1.17,36498.0,194393.0,91.87,2.23,7397242.0,16106435.999747
801766.SI,20220819,影视院线,1014.75,1043.93,1009.39,1014.91,-0.09,-0.01,43355.0,240668.0,91.86,2.23,7396619.0,16076239.317386
801766.SI,20220822,影视院线,1012.32,1056.46,1001.41,1044.57,29.67,2.92,50011.0,286364.0,94.54,2.29,7612831.0,16508658.218087
801766.SI,20220823,影视院线,1046.2,1060.83,1029.63,1040.93,-3.64,-0.35,50888.0,306549.0,94.22,2.28,7586302.0,16469322.39327
801766.SI,20220824,影视院线,1039.07,1060.05,1013.77,1024.63,-16.3,-1.57,57873.0,338800.0,92.74,2.25,7467509.0,16218980.783869
801766.SI,20220825,影视院线,1032.54,1045.63,1005.48,1034.0,9.36,0.91,53105.0,311158.0,97.24,2.29,7829797.0,17904352.078598
801766.SI,20220826,影视院线,1035.87,1059.68,1023.31,1036.35,2.36,0.23,48548.0,279434.0,97.46,2.29,7847644.0,18043020.13732
801766.SI,20220829,影视院线,1024.97,1053.68,1002.7,1045.02,8.67,0.84,68003.0,538473.0,98.28,2.33,7913275.0,18297116.784782
801766.SI,20220830,影视院线,1043.27,1078.11,1033.25,1057.65,12.63,1.21,72138.0,548372.0,99.46,2.36,8008895.0,18517315.31399
801766.SI,20220831,影视院线,1057.76,1090.42,1039.18,1055.44,-2.2,-0.21,78392.0,590355.0,99.28,2.36,7996283.0,18417837.973187
801766.SI,20220901,影视院线,1054.5,1073.2,1030.28,1042.99,-12.45,-1.18,77740.0,542841.0,109.48,2.33,7921747.0,18244001.6576
801766.SI,20220902,影视院线,1043.37,1077.57,1033.37,1057.73,14.74,1.41,76641.0,554181.0,111.03,2.37,8033706.0,18365208.891833
801766.SI,20220905,影视院线,1048.97,1062.66,1020.98,1039.15,-18.58,-1.76,73510.0,497031.0,109.08,2.32,7892607.0,17951813.582875
801766.SI,20220906,影视院线,1034.07,1049.73,1018.78,1035.95,-3.2,-0.31,67871.0,435249.0,108.74,2.32,7868292.0,17929118.306993
801766.SI,20220907,影视院线,1030.45,1040.21,1008.27,1017.42,-18.53,-1.79,67545.0,404159.0,106.8,2.28,7727539.0,17625401.609139
801766.SI,20220908,影视院线,1018.04,1057.15,1009.65,1027.03,9.61,0.94,76976.0,502038.0,107.8,2.3,7800529.0,17827449.173332
801766.SI,20220909,影视院线,1023.4,1039.25,1002.06,1027.29,0.26,0.03,62716.0,383562.0,107.83,2.3,7802481.0,17766656.856315
801766.SI,20220913,影视院线,1024.91,1046.79,1014.11,1031.58,4.29,0.42,53867.0,346487.0,108.28,2.31,7835088.0,17882188.828044
801766.SI,20220914,影视院线,1016.23,1033.2,1001.52,1014.16,-17.42,-1.69,55319.0,342331.0,106.45,2.27,7702812.0,17560551.216425
801766.SI,20220915,影视院线,1017.46,1038.49,995.05,1010.77,-3.39,-0.33,62505.0,412411.0,106.1,2.26,7677061.0,17576643.982976
801766.SI,20220916,影视院线,1005.56,1026.98,983.25,995.65,-15.12,-1.5,71777.0,454945.0,104.18,2.22,7538404.0,17279389.190914
801766.SI,20220919,影视院线,987.01,997.53,950.13,968.2,-27.45,-2.76,56042.0,350215.0,101.31,2.16,7330535.0,16838218.425448
801766.SI,20220920,影视院线,971.08,990.94,959.56,976.06,7.86,0.81,54726.0,335026.0,102.13,2.18,7390028.0,16977554.263555
801766.SI,20220921,影视院线,969.97,986.11,945.6,977.01,0.95,0.1,43529.0,263964.0,102.23,2.18,7397245.0,16954588.965296
801766.SI,20220922,影视院线,968.04,982.4,952.85,959.97,-17.04,-1.74,39397.0,260740.0,100.45,2.14,7268260.0,16643020.334746
801766.SI,20220923,影视院线,960.53,969.5,926.46,932.69,-27.29,-2.84,44827.0,275549.0,97.59,2.08,7061661.0,16150663.566049
801766.SI,20220926,影视院线,926.83,946.58,912.43,920.27,-12.42,-1.33,39906.0,238506.0,96.29,2.05,6967619.0,15989464.661106
801766.SI,20220927,影视院线,924.87,965.63,915.42,959.99,39.72,4.32,47685.0,303159.0,100.45,2.14,7268361.0,16663441.30353
801766.SI,20220928,影视院线,951.32,961.39,921.98,924.85,-35.14,-3.66,39608.0,249530.0,96.77,2.06,7002316.0,16028334.570176
801766.SI,20220929,影视院线,935.52,941.64,894.65,901.25,-23.6,-2.55,36389.0,221605.0,94.3,2.01,6823644.0,15589462.965958
801766.SI,20220930,影视院线,900.25,916.06,885.06,892.65,-8.6,-0.95,31475.0,178197.0,93.4,1.99,6758525.0,15427023.16659
801766.SI,20221010,影视院线,888.05,893.49,850.62,856.65,-35.99,-4.03,35435.0,197654.0,89.64,1.91,6486003.0,14772733.041119
801766.SI,20221011,影视院线,859.62,870.35,842.08,857.83,1.17,0.14,26176.0,133449.0,89.76,1.91,6494898.0,14756661.472319
801766.SI,20221012,影视院线,857.29,881.72,843.69,878.04,20.21,2.36,32336.0,167873.0,91.88,1.96,6647911.0,15087939.302398
801766.SI,20221013,影视院线,871.46,888.05,865.06,875.89,-2.15,-0.25,27549.0,140470.0,91.65,1.95,6631618.0,15054714.158016
801766.SI,20221014,影视院线,881.75,897.07,878.05,888.42,12.53,1.43,32104.0,164639.0,92.96,1.98,6726520.0,15268989.633072
801766.SI,20221017,影视院线,886.56,907.94,882.75,902.09,13.67,1.54,27392.0,145482.0,94.39,2.01,6829985.0,15471745.332478
801766.SI,20221018,影视院线,905.95,914.7,895.56,900.16,-1.93,-0.21,25712.0,144699.0,94.19,2.01,6815394.0,15447566.03875
801766.SI,20221019,影视院线,898.7,906.66,885.14,888.34,-11.82,-1.31,33684.0,165891.0,92.95,1.98,6725905.0,15481195.728955
801766.SI,20221020,影视院线,886.43,908.34,876.62,892.31,3.97,0.45,33474.0,173530.0,93.37,1.99,6755952.0,15596647.85991
801766.SI,20221021,影视院线,891.64,898.72,876.76,881.3,-11.01,-1.23,27597.0,131827.0,92.22,1.96,6672591.0,15396911.702961
801766.SI,20221024,影视院线,880.39,893.97,850.69,857.93,-23.37,-2.65,34175.0,167371.0,89.77,1.91,6495673.0,14970529.296412
801766.SI,20221025,影视院线,856.35,870.1,839.06,858.28,0.35,0.04,29052.0,136772.0,90.22,1.93,6498346.0,15006312.011952
801766.SI,20221026,影视院线,860.48,890.4,857.4,879.82,21.54,2.51,30553.0,164305.0,92.49,1.97,6661416.0,15422960.069079
801766.SI,20221027,影视院线,878.35,906.76,875.2,896.84,17.02,1.93,34111.0,179574.0,94.28,2.01,6790266.0,15712891.301517
801766.SI,20221028,影视院线,894.36,898.12,856.7,862.14,-34.7,-3.87,45403.0,215452.0,90.63,1.93,6527507.0,15144207.203757
801766.SI,20221031,影视院线,860.01,888.05,853.69,873.75,11.62,1.35,33354.0,173117.0,91.85,1.94,6615459.0,15329829.795464
801766.SI,20221101,影视院线,876.45,923.28,868.97,919.26,45.51,5.21,50242.0,282634.0,112.79,2.04,6960025.0,16175427.076443
801766.SI,20221102,影视院线,928.17,963.82,917.98,937.95,18.68,2.03,70079.0,407665.0,115.08,2.08,7101485.0,16484964.827887
801766.SI,20221103,影视院线,929.49,943.96,915.65,925.52,-12.42,-1.32,41604.0,246579.0,113.55,2.06,7007418.0,16296541.803079
801766.SI,20221104,影视院线,926.41,968.12,922.18,955.28,29.75,3.21,55315.0,338556.0,117.2,2.12,7232692.0,16848614.31956
801766.SI,20221107,影视院线,943.44,971.26,937.59,962.51,7.24,0.76,50841.0,290134.0,118.09,2.14,7287496.0,16914721.769814
801766.SI,20221108,影视院线,961.46,969.55,945.84,956.67,-5.84,-0.61,35125.0,204789.0,117.38,2.13,7243276.0,16824601.533105
801766.SI,20221109,影视院线,954.32,976.99,946.53,958.04,1.36,0.14,37656.0,217234.0,117.54,2.13,7253593.0,16858985.164297
801766.SI,20221110,影视院线,951.96,987.22,946.35,977.06,19.02,1.99,52350.0,296018.0,119.88,2.17,7397619.0,17156743.436652
801766.SI,20221111,影视院线,994.08,1015.81,965.96,981.37,4.31,0.44,72889.0,457938.0,120.41,2.18,7430238.0,17280381.376526
801766.SI,20221114,影视院线,979.43,991.49,961.17,973.23,-8.13,-0.83,44678.0,266964.0,119.41,2.16,7368655.0,17107069.724428
801766.SI,20221115,影视院线,972.4,1005.73,967.14,995.91,22.68,2.33,45033.0,277858.0,122.19,2.21,7540371.0,17542812.895633
801766.SI,20221116,影视院线,999.06,1032.67,993.85,1011.47,15.56,1.56,62670.0,383552.0,124.1,2.25,7658191.0,17820717.335224
801766.SI,20221117,影视院线,1018.17,1044.15,1002.18,1029.03,17.56,1.74,64939.0,409501.0,126.25,2.29,7791122.0,18183371.391634
801766.SI,20221118,影视院线,1025.98,1054.46,1012.04,1020.45,-8.59,-0.83,58865.0,375011.0,125.2,2.27,7726116.0,18022519.880167
801766.SI,20221121,影视院线,1008.6,1016.75,975.89,983.44,-37.01,-3.63,45698.0,290811.0,120.66,2.19,7445935.0,17294211.751586
801766.SI,20221122,影视院线,983.0,992.99,961.64,969.06,-14.38,-1.46,38738.0,229458.0,118.9,2.15,7337061.0,17041911.795095
801766.SI,20221123,影视院线,971.93,992.55,951.18,974.39,5.33,0.55,44031.0,295710.0,119.55,2.17,7377446.0,17220462.75425
801766.SI,20221124,影视院线,971.76,983.11,952.84,958.13,-16.26,-1.67,30480.0,198484.0,117.56,2.13,7254335.0,16886741.860222
801766.SI,20221125,影视院线,958.76,976.74,949.98,966.15,8.01,0.84,28310.0,179641.0,118.54,2.15,7315003.0,17038446.000022
801766.SI,20221128,影视院线,949.17,994.48,937.87,984.55,18.41,1.91,42888.0,291770.0,120.8,2.19,7454372.0,17422999.507581
801766.SI,20221129,影视院线,981.41,1038.19,978.43,1031.47,46.91,4.76,60578.0,434633.0,126.55,2.29,7809555.0,18331398.079375
801766.SI,20221130,影视院线,1025.15,1045.78,1011.58,1033.36,1.89,0.18,48066.0,348589.0,126.78,2.3,7823881.0,18366556.977827
801766.SI,20221201,影视院线,1061.92,1084.6,1038.54,1050.37,17.01,1.65,70199.0,526644.0,128.87,2.33,7952701.0,18704346.835883
801766.SI,20221202,影视院线,1050.79,1082.76,1043.51,1065.77,15.4,1.47,54934.0,384145.0,130.76,2.37,8069317.0,18966634.890781
801766.SI,20221205,影视院线,1084.67,1098.07,1061.26,1079.66,13.88,1.3,61525.0,501580.0,132.47,2.4,8174427.0,19261857.613605
801766.SI,20221206,影视院线,1074.86,1109.92,1059.68,1074.35,-5.3,-0.49,64049.0,500872.0,131.81,2.39,8134265.0,19145419.605901
801766.SI,20221207,影视院线,1072.54,1115.22,1054.12,1088.41,14.06,1.31,78435.0,605962.0,133.54,2.42,8240731.0,19435099.931494
801766.SI,20221208,影视院线,1089.44,1109.66,1069.02,1099.45,11.03,1.01,60213.0,491635.0,134.89,2.44,8324261.0,19709093.463272
801766.SI,20221209,影视院线,1094.92,1103.89,1060.57,1085.29,-14.16,-1.29,54764.0,421279.0,133.16,2.41,8217059.0,19458028.211449
801766.SI,20221212,影视院线,1077.07,1092.01,1058.28,1069.58,-15.7,-1.45,43041.0,344056.0,131.23,2.38,8098160.0,19147509.190139
801766.SI,20221213,影视院线,1065.77,1132.37,1059.72,1095.89,26.31,2.46,85512.0,584669.0,134.46,2.44,8297366.0,19576915.004612
801766.SI,20221214,影视院线,1084.77,1126.06,1075.85,1113.86,17.96,1.64,80092.0,500839.0,136.66,2.48,8433366.0,19875704.047025
801766.SI,20221215,影视院线,1109.65,1114.37,1075.33,1083.57,-30.29,-2.72,58077.0,396273.0,132.95,2.41,8204033.0,19290701.96763
801766.SI,20221216,影视院线,1074.87,1091.78,1058.71,1074.2,-9.36,-0.86,45800.0,296110.0,131.8,2.39,8133134.0,19216882.756832
801766.SI,20221219,影视院线,1058.83,1068.95,1029.04,1040.64,-33.56,-3.12,49010.0,337564.0,127.68,2.31,7879015.0,18562288.37835
801766.SI,20221220,影视院线,1039.37,1050.94,1010.2,1017.3,-23.34,-2.24,37996.0,248927.0,122.3,2.26,7760009.0,18123531.42289
801766.SI,20221221,影视院线,1020.15,1051.44,1012.19,1040.06,22.76,2.24,43895.0,300040.0,125.03,2.31,7933655.0,18644617.712098
801766.SI,20221222,影视院线,1040.7,1070.01,1026.1,1038.73,-1.33,-0.13,43394.0,290362.0,125.65,2.31,7973136.0,18624969.721336
801766.SI,20221223,影视院线,1032.52,1074.58,1027.96,1052.57,13.84,1.33,43901.0,279299.0,127.33,2.34,8079375.0,18813768.375196
801766.SI,20221226,影视院线,1054.55,1089.26,1046.5,1067.35,14.79,1.4,45442.0,324707.0,129.12,2.37,8192872.0,19116718.908206
801766.SI,20221227,影视院线,1069.65,1079.01,1035.4,1061.32,-6.03,-0.57,44594.0,311891.0,128.39,2.36,8146557.0,19040467.253222
801766.SI,20221228,影视院线,1058.28,1093.84,1045.55,1071.6,10.28,0.97,56014.0,376559.0,129.63,2.38,8225452.0,19230126.697912
801766.SI,20221229,影视院线,1065.16,1090.1,1052.22,1061.83,-9.77,-0.91,51556.0,344795.0,128.45,2.36,8150489.0,19067098.362682
801766.SI,20221230,影视院线,1063.13,1103.19,1054.8,1092.23,30.4,2.86,77107.0,488147.0,132.13,2.43,8383808.0,19586792.799555
801766.SI,20230103,影视院线,1096.09,1124.28,1074.84,1106.21,13.98,1.28,81077.0,571092.0,133.82,2.46,8491102.0,19801516.83432
801766.SI,20230104,影视院线,1106.98,1132.5,1098.36,1116.56,10.35,0.94,65871.0,447239.0,135.07,2.48,8570547.0,19964838.834436
801766.SI,20230105,影视院线,1116.83,1131.56,1091.53,1107.31,-9.25,-0.83,68410.0,495384.0,133.95,2.46,8499571.0,19827867.106448
801766.SI,20230106,影视院线,1105.21,1108.55,1062.53,1068.68,-38.63,-3.49,62445.0,450141.0,129.28,2.37,8203048.0,19097776.998275
801766.SI,20230109,影视院线,1072.08,1103.69,1064.42,1090.44,21.76,2.04,56028.0,417290.0,132.21,2.43,8390021.0,19594304.434132
801766.SI,20230110,影视院线,1090.8,1108.25,1070.44,1090.34,-0.1,-0.01,50023.0,368413.0,132.2,2.43,8389239.0,19585972.615913
801766.SI,20230111,影视院线,1090.12,1094.76,1061.75,1066.65,-23.69,-2.17,45171.0,298249.0,128.16,2.4,8132820.0,19164165.779197
801766.SI,20230112,影视院线,1066.56,1077.17,1048.64,1061.22,-5.43,-0.51,37824.0,255066.0,127.5,2.39,8091454.0,19029681.939218
801766.SI,20230113,影视院线,1061.7,1088.4,1051.75,1082.05,20.82,1.96,43532.0,322273.0,130.01,2.43,8250232.0,19437137.283629
801766.SI,20230116,影视院线,1085.72,1103.57,1063.84,1083.46,1.41,0.13,49811.0,384873.0,130.18,2.44,8261001.0,19441772.705678
801766.SI,20230117,影视院线,1085.6,1093.96,1056.34,1066.33,-17.13,-1.58,40617.0,296133.0,128.12,2.4,8130381.0,19154153.689827
801766.SI,20230118,影视院线,1076.51,1106.85,1069.75,1091.91,25.58,2.4,56305.0,425775.0,131.19,2.46,8325399.0,19623691.211488
801766.SI,20230119,影视院线,1086.91,1119.69,1074.6,1112.8,20.9,1.91,53054.0,429900.0,133.7,2.5,8484738.0,20014715.943978
801766.SI,20230120,影视院线,1110.93,1128.17,1095.04,1120.46,7.66,0.69,53125.0,396347.0,134.62,2.52,8543136.0,20139422.274343
801766.SI,20230130,影视院线,1129.44,1136.75,1066.47,1077.37,-43.09,-3.85,90822.0,695872.0,129.44,2.42,8214589.0,19212548.203586
801766.SI,20230131,影视院线,1070.16,1083.29,1053.93,1072.74,-4.63,-0.43,52672.0,351247.0,129.0,2.41,8186288.0,19050070.144298
801766.SI,20230201,影视院线,1071.87,1087.76,1061.63,1083.41,10.67,0.99,48198.0,311583.0,130.28,2.43,8267697.0,19209196.58909
801766.SI,20230202,影视院线,1084.46,1096.54,1071.04,1077.51,-5.91,-0.55,60853.0,386770.0,129.57,2.42,8222631.0,19056778.911746
801766.SI,20230203,影视院线,1076.33,1089.4,1066.3,1075.71,-1.8,-0.17,47617.0,303651.0,129.35,2.42,8208908.0,18991926.721924
801766.SI,20230206,影视院线,1078.31,1093.88,1061.35,1076.8,1.09,0.1,58761.0,363530.0,129.49,2.42,8217249.0,19028758.450905
801766.SI,20230207,影视院线,1080.81,1099.77,1058.84,1080.67,3.87,0.36,72285.0,444994.0,129.95,2.43,8246816.0,18946428.924505
801766.SI,20230208,影视院线,1078.38,1083.19,1052.68,1056.55,-24.12,-2.23,62173.0,373788.0,127.05,2.37,8062727.0,18574251.145584
801766.SI,20230209,影视院线,1050.77,1068.95,1044.33,1065.6,9.05,0.86,44439.0,260953.0,128.14,2.39,8131788.0,18721643.323069
801766.SI,20230210,影视院线,1062.58,1092.23,1059.84,1078.2,12.6,1.18,59420.0,367356.0,129.65,2.42,8227946.0,18924168.418218
801766.SI,20230213,影视院线,1079.82,1104.17,1069.68,1096.95,18.75,1.74,56242.0,380135.0,131.91,2.46,8371042.0,19249831.790916
801766.SI,20230214,影视院线,1096.71,1103.59,1078.12,1086.2,-10.76,-0.98,43853.0,272271.0,130.62,2.44,8288949.0,19050316.790754
801766.SI,20230215,影视院线,1090.1,1107.24,1080.72,1094.99,8.79,0.81,55460.0,347883.0,131.67,2.46,8356030.0,19113796.797057
801766.SI,20230216,影视院线,1092.43,1123.37,1070.74,1080.22,-14.76,-1.35,82018.0,504748.0,129.9,2.43,8243386.0,18870436.039872
801766.SI,20230217,影视院线,1080.66,1093.27,1060.36,1064.14,-16.08,-1.49,48551.0,292894.0,127.96,2.39,8120649.0,18613322.780743
801766.SI,20230220,影视院线,1065.84,1082.76,1056.35,1079.01,14.86,1.4,46721.0,281644.0,130.02,2.42,8250973.0,18845915.644363
801766.SI,20230221,影视院线,1076.68,1091.36,1062.83,1074.64,-4.37,-0.4,42904.0,263913.0,129.49,2.41,8217559.0,18764720.662991
801766.SI,20230222,影视院线,1065.98,1073.67,1052.51,1067.24,-7.39,-0.69,35337.0,214221.0,128.59,2.4,8160211.0,18672061.0164
801766.SI,20230223,影视院线,1067.79,1072.36,1047.22,1053.16,-14.08,-1.32,32732.0,198725.0,126.89,2.37,8052525.0,18458454.595834
801766.SI,20230224,影视院线,1053.92,1062.25,1043.6,1053.37,0.21,0.02,25140.0,152986.0,126.92,2.37,8054153.0,18477456.531003
801766.SI,20230227,影视院线,1049.93,1057.15,1034.76,1040.24,-13.13,-1.25,27257.0,164081.0,125.35,2.34,7954975.0,18292564.66938
801766.SI,20230228,影视院线,1044.44,1058.27,1037.73,1053.73,13.49,1.3,26972.0,185803.0,127.28,2.37,8077123.0,18502174.429268
801766.SI,20230301,影视院线,1051.14,1083.17,1046.05,1077.85,24.12,2.29,51495.0,321431.0,130.19,2.42,8261972.0,18819159.601263
801766.SI,20230302,影视院线,1078.0,1095.73,1068.19,1088.88,11.03,1.02,60758.0,375423.0,131.52,2.45,8346518.0,19003700.743339
801766.SI,20230303,影视院线,1090.49,1107.41,1074.18,1088.85,-0.03,0.0,49674.0,330171.0,131.52,2.45,8346312.0,19067730.752606
801766.SI,20230306,影视院线,1085.68,1099.03,1074.33,1083.43,-5.42,-0.5,39315.0,260150.0,130.87,2.43,8304767.0,18995657.31498
801766.SI,20230307,影视院线,1082.56,1093.05,1053.37,1055.35,-28.07,-2.59,42348.0,302208.0,127.47,2.37,8089565.0,18521827.112148
801766.SI,20230308,影视院线,1056.08,1088.84,1050.91,1083.82,28.46,2.7,48892.0,328216.0,130.91,2.43,8307742.0,19023561.567061
801766.SI,20230309,影视院线,1087.0,1116.53,1074.12,1097.17,13.36,1.23,80118.0,497415.0,132.53,2.46,8410126.0,19206366.174438
801766.SI,20230310,影视院线,1087.87,1125.64,1077.46,1097.57,0.4,0.04,96245.0,535828.0,132.57,2.47,8413189.0,19173010.892208
801766.SI,20230313,影视院线,1088.86,1108.32,1064.21,1099.26,1.68,0.15,78078.0,440396.0,132.78,2.47,8426087.0,19170798.296608
801766.SI,20230314,影视院线,1099.98,1116.39,1072.17,1081.51,-17.75,-1.61,74521.0,439812.0,130.99,2.43,8312795.0,18830597.388916
801766.SI,20230315,影视院线,1085.56,1107.22,1070.75,1084.02,2.51,0.23,64153.0,354801.0,131.3,2.43,8332073.0,18925688.232524
801766.SI,20230316,影视院线,1075.36,1093.71,1061.94,1074.99,-9.03,-0.83,53463.0,317524.0,130.2,2.41,8262668.0,18731293.109918
801766.SI,20230317,影视院线,1082.71,1124.92,1078.72,1112.36,37.37,3.48,85534.0,519681.0,134.73,2.5,8549925.0,19304270.163322
801766.SI,20230320,影视院线,1138.7,1194.11,1131.72,1165.22,52.86,4.75,149914.0,1077674.0,141.13,2.61,8956242.0,20360002.437339
801766.SI,20230321,影视院线,1156.16,1221.73,1146.66,1205.78,40.55,3.48,128774.0,910921.0,146.04,2.71,9267929.0,21040983.228115
801766.SI,20230322,影视院线,1213.42,1245.98,1192.17,1227.98,22.21,1.84,129614.0,911406.0,148.56,2.76,9427624.0,21441786.306166
801766.SI,20230323,影视院线,1218.79,1242.14,1195.67,1221.78,-6.2,-0.5,101070.0,738829.0,147.81,2.74,9380022.0,21384345.968581
801766.SI,20230324,影视院线,1220.2,1257.94,1205.5,1237.05,15.27,1.25,96934.0,689802.0,151.1,2.78,9588808.0,21568089.80892
801766.SI,20230327,影视院线,1231.86,1251.52,1194.31,1222.1,-14.95,-1.21,95859.0,699933.0,149.27,2.75,9472934.0,21397423.523246
801766.SI,20230328,影视院线,1216.49,1229.08,1182.7,1192.58,-29.52,-2.42,73486.0,529449.0,145.67,2.68,9244110.0,20897300.11783
801766.SI,20230329,影视院线,1196.28,1218.79,1169.23,1195.68,3.1,0.26,74225.0,499925.0,146.05,2.69,9268177.0,20904867.042566
801766.SI,20230330,影视院线,1192.93,1200.87,1161.23,1174.38,-21.3,-1.78,52295.0,346896.0,143.44,2.64,9103042.0,20560045.826731
801766.SI,20230331,影视院线,1172.75,1258.21,1166.53,1246.9,72.52,6.18,100841.0,700388.0,152.3,2.81,9665174.0,21684745.034844
801766.SI,20230403,影视院线,1242.92,1298.96,1231.19,1287.86,40.96,3.28,121336.0,893024.0,157.31,2.9,9982672.0,22340681.844762
801766.SI,20230404,影视院线,1286.36,1316.38,1247.05,1265.51,-22.35,-1.74,106038.0,806712.0,154.58,2.85,9809425.0,22066031.551399
801766.SI,20230406,影视院线,1250.95,1265.35,1208.91,1225.62,-39.89,-3.15,80181.0,601682.0,149.7,2.76,9500220.0,21456416.425095
801766.SI,20230407,影视院线,1229.82,1315.5,1213.66,1281.88,56.26,4.59,104552.0,760331.0,156.57,2.89,9936312.0,22331195.052742
801766.SI,20230410,影视院线,1296.39,1326.07,1239.89,1258.79,-23.09,-1.8,100603.0,770261.0,153.75,2.84,9757337.0,22061567.962908
801766.SI,20230411,影视院线,1255.73,1391.34,1249.04,1359.99,101.2,8.04,160307.0,1245447.0,166.12,3.07,10541785.0,23667730.413206
801766.SI,20230412,影视院线,1368.7,1459.24,1351.02,1440.9,80.91,5.95,171817.0,1455205.0,176.0,3.25,11168947.0,25238470.676914
801766.SI,20230413,影视院线,1442.22,1517.01,1420.44,1443.08,2.18,0.15,175402.0,1502679.0,176.27,3.25,11185867.0,25132340.975234
801766.SI,20230414,影视院线,1439.76,1485.1,1381.57,1421.51,-21.58,-1.5,159077.0,1379525.0,173.63,3.2,11018602.0,24823703.856129
801766.SI,20230417,影视院线,1409.48,1432.03,1354.02,1369.14,-52.36,-3.68,116671.0,1006358.0,167.23,3.09,10612702.0,23847847.577707
801766.SI,20230418,影视院线,1365.01,1387.49,1312.77,1359.58,-9.56,-0.7,110934.0,932209.0,166.07,3.07,10538621.0,23745273.919409
801766.SI,20230419,影视院线,1357.45,1467.91,1353.41,1421.68,62.09,4.57,141769.0,1301597.0,173.65,3.21,11019937.0,24831230.790185
801766.SI,20230420,影视院线,1406.84,1462.32,1380.11,1447.3,25.62,1.8,156087.0,1377304.0,176.78,3.26,11218548.0,25294471.073662
801766.SI,20230421,影视院线,1430.27,1455.91,1346.35,1368.38,-78.93,-5.45,131225.0,1111372.0,163.98,3.03,10606766.0,23920271.237376
801766.SI,20230424,影视院线,1356.54,1426.64,1333.67,1385.62,17.25,1.26,115926.0,996815.0,166.04,3.07,10740446.0,24231097.189913
801766.SI,20230425,影视院线,1376.45,1442.09,1337.47,1408.27,22.65,1.63,129253.0,1162013.0,160.23,3.12,10916031.0,24537821.080704
801766.SI,20230426,影视院线,1397.63,1452.36,1317.78,1382.41,-25.86,-1.84,135459.0,1258516.0,153.82,3.05,10715549.0,24192597.694086
801766.SI,20230427,影视院线,1374.97,1412.1,1299.05,1317.75,-64.66,-4.68,112335.0,1029569.0,136.97,2.9,10214356.0,23152148.801493
801766.SI,20230428,影视院线,1303.55,1431.6,1300.05,1406.93,89.18,6.77,141013.0,1195581.0,146.24,3.22,10905649.0,24669902.066126
801766.SI,20230504,影视院线,1392.13,1508.8,1352.17,1488.16,81.23,5.77,168833.0,1604459.0,172.14,3.49,11535285.0,26199117.304152
801766.SI,20230505,影视院线,1472.58,1528.85,1421.69,1466.92,-21.24,-1.43,147193.0,1422467.0,169.68,3.44,11370649.0,25860685.944048
801766.SI,20230508,影视院线,1456.14,1518.46,1403.78,1459.4,-7.52,-0.51,133904.0,1322898.0,168.81,3.43,11312326.0,25555115.416785
801766.SI,20230509,影视院线,1454.33,1530.53,1420.61,1450.3,-9.1,-0.62,135507.0,1265770.0,167.76,3.41,11241791.0,25507392.723099
801766.SI,20230510,影视院线,1438.74,1508.82,1397.05,1444.42,-5.88,-0.41,140016.0,1341114.0,167.08,3.39,11196226.0,25248382.144248
801766.SI,20230511,影视院线,1475.4,1609.78,1421.85,1545.22,100.8,6.98,220905.0,2070735.0,178.74,3.63,11977574.0,27138546.832799
801766.SI,20230512,影视院线,1529.5,1553.73,1422.46,1444.03,-101.19,-6.55,210358.0,1843105.0,166.82,3.4,11178572.0,25398776.272311
801766.SI,20230515,影视院线,1446.65,1473.89,1337.88,1382.73,-61.31,-4.25,168391.0,1492471.0,159.73,3.25,10703989.0,24336307.418555
801766.SI,20230516,影视院线,1376.37,1403.6,1297.21,1312.07,-70.66,-5.11,136649.0,1189465.0,151.57,3.09,10157017.0,23182435.139913
801766.SI,20230517,影视院线,1294.58,1330.81,1269.22,1284.82,-27.25,-2.08,101250.0,841039.0,148.42,3.02,9946072.0,22663714.078625
801766.SI,20230518,影视院线,1276.78,1315.53,1254.74,1298.0,13.18,1.03,106421.0,859992.0,149.95,3.05,10048114.0,22854394.986649
801766.SI,20230519,影视院线,1288.09,1307.24,1254.6,1267.52,-30.48,-2.35,85769.0,682622.0,146.43,2.98,9812167.0,22358365.817932
801766.SI,20230522,影视院线,1264.73,1280.36,1230.41,1255.32,-12.21,-0.96,69710.0,561484.0,145.02,2.95,9717683.0,22206959.449136
801766.SI,20230523,影视院线,1252.59,1262.79,1214.07,1220.28,-35.03,-2.79,66706.0,538366.0,140.97,2.87,9446475.0,21538840.492819
801766.SI,20230524,影视院线,1229.92,1253.15,1197.03,1217.4,-2.88,-0.24,79780.0,625654.0,140.64,2.86,9424159.0,21482727.706262
801766.SI,20230525,影视院线,1206.9,1224.49,1162.83,1191.91,-25.49,-2.09,78304.0,598587.0,137.69,2.8,9226824.0,21042762.894576
801766.SI,20230526,影视院线,1188.8,1218.88,1171.37,1205.83,13.93,1.17,66055.0,528242.0,139.3,2.84,9334624.0,21258039.767922
801766.SI,20230529,影视院线,1204.09,1235.6,1187.73,1212.09,6.26,0.52,75966.0,594804.0,140.02,2.85,9383065.0,21306603.183886
801766.SI,20230530,影视院线,1200.86,1253.22,1177.05,1245.24,33.15,2.73,95596.0,748749.0,143.85,2.93,9639682.0,21901058.160409
801766.SI,20230531,影视院线,1235.83,1276.69,1227.0,1254.21,8.97,0.72,84477.0,665649.0,144.89,2.95,9709094.0,22030298.218427
801766.SI,20230601,影视院线,1246.96,1323.87,1237.96,1299.99,45.78,3.65,114112.0,1001722.0,150.18,3.06,10063513.0,22792915.609497
801766.SI,20230602,影视院线,1309.28,1347.32,1289.81,1314.14,14.15,1.09,113827.0,932049.0,152.05,3.1,10189601.0,22982532.787136
801766.SI,20230605,影视院线,1314.92,1383.81,1293.04,1366.91,52.78,4.02,127486.0,1128901.0,158.16,3.22,10598835.0,23911946.624337
801766.SI,20230606,影视院线,1362.47,1427.57,1331.38,1370.54,3.63,0.27,138750.0,1292416.0,158.58,3.23,10626974.0,23967929.644972
801766.SI,20230607,影视院线,1361.82,1447.37,1331.33,1422.46,51.92,3.79,145981.0,1476144.0,164.58,3.35,11029514.0,25004637.697649
801766.SI,20230608,影视院线,1412.38,1420.89,1330.82,1361.82,-60.64,-4.26,134198.0,1321254.0,157.57,3.21,10559327.0,23871723.608833
801766.SI,20230609,影视院线,1348.6,1397.7,1320.24,1371.89,10.07,0.74,122304.0,1190145.0,159.05,3.23,10658400.0,24162974.60603
801766.SI,20230612,影视院线,1369.85,1406.38,1346.03,1366.38,-5.51,-0.4,104176.0,982542.0,158.41,3.22,10615573.0,24141690.193125
801766.SI,20230613,影视院线,1362.93,1413.3,1345.84,1390.36,23.98,1.76,115967.0,1066645.0,161.19,3.28,10801876.0,24449084.636003
801766.SI,20230614,影视院线,1381.24,1430.56,1356.7,1378.57,-11.79,-0.85,120203.0,1124315.0,159.82,3.25,10710290.0,24158656.951912
801766.SI,20230615,影视院线,1380.4,1415.71,1363.39,1381.81,3.24,0.24,111096.0,1033155.0,160.56,3.26,10759742.0,24219260.669003
801766.SI,20230616,影视院线,1373.9,1404.23,1345.53,1383.11,1.29,0.09,95291.0,864794.0,160.71,3.26,10769808.0,24207905.656361
801766.SI,20230619,影视院线,1386.01,1416.71,1366.02,1383.83,0.72,0.05,97301.0,921094.0,161.15,3.26,10799469.0,24125980.997973
801766.SI,20230620,影视院线,1383.43,1432.09,1360.09,1391.58,7.75,0.56,117405.0,1104948.0,162.11,3.28,10863798.0,24231343.637714
801766.SI,20230621,影视院线,1381.48,1391.05,1288.8,1294.03,-97.55,-7.01,112147.0,1000015.0,150.75,3.05,10102245.0,22619577.178835
801766.SI,20230626,影视院线,1282.81,1306.28,1221.4,1231.73,-62.29,-4.81,81895.0,684505.0,143.49,2.91,9615923.0,21563656.650846
801766.SI,20230627,影视院线,1231.93,1289.08,1216.66,1271.17,39.44,3.2,77414.0,639634.0,148.36,3.0,9959060.0,22277534.751085
801766.SI,20230628,影视院线,1264.85,1283.12,1201.96,1248.22,-22.95,-1.81,89041.0,745691.0,145.68,2.94,9779250.0,21951294.144873
801766.SI,20230629,影视院线,1247.65,1293.31,1233.65,1272.32,24.1,1.93,75792.0,630621.0,148.5,3.0,9968032.0,22223018.479524
801766.SI,20230630,影视院线,1267.81,1288.24,1244.99,1267.85,-4.47,-0.35,64861.0,540487.0,147.97,2.99,9933043.0,22139462.242273
801766.SI,20230703,影视院线,1277.44,1298.66,1233.37,1270.8,2.95,0.23,71158.0,635645.0,148.47,3.0,9999121.0,22313220.114445
801766.SI,20230704,影视院线,1268.28,1298.74,1252.77,1274.07,3.26,0.26,61326.0,542129.0,148.85,3.0,10024809.0,22339566.844732
801766.SI,20230705,影视院线,1267.8,1282.92,1245.05,1252.67,-21.4,-1.68,54121.0,449306.0,146.35,2.95,9856415.0,21971900.640061
801766.SI,20230706,影视院线,1252.53,1277.35,1240.97,1249.54,-3.13,-0.25,47533.0,396133.0,141.79,3.01,9284595.0,20678918.697575
801766.SI,20230707,影视院线,1245.62,1268.95,1211.29,1248.6,-0.94,-0.08,54207.0,453193.0,141.68,3.01,9277625.0,20669442.918769
801766.SI,20230710,影视院线,1265.08,1323.74,1256.76,1304.94,56.34,4.51,93360.0,803155.0,148.07,3.14,9696245.0,21683140.965617
801766.SI,20230711,影视院线,1306.3,1323.01,1272.85,1297.12,-7.82,-0.6,74206.0,674568.0,147.19,3.12,9638161.0,21577591.300331
801766.SI,20230712,影视院线,1299.31,1326.01,1260.88,1269.12,-28.0,-2.16,71875.0,649911.0,144.01,3.06,9430081.0,21151573.296848
801766.SI,20230713,影视院线,1277.31,1344.18,1256.0,1328.46,59.35,4.68,100160.0,963129.0,150.74,3.2,9871069.0,22175248.095352
801766.SI,20230714,影视院线,1327.55,1356.26,1309.42,1326.33,-2.14,-0.16,89176.0,881857.0,150.5,3.2,9855178.0,22052689.50355
801766.SI,20230717,影视院线,1327.58,1368.79,1300.18,1319.07,-7.26,-0.55,78038.0,791699.0,149.68,3.18,9801258.0,22014425.575132
801766.SI,20230718,影视院线,1319.94,1327.38,1278.15,1293.34,-25.73,-1.95,59694.0,562408.0,146.76,3.12,9610101.0,21569405.346558
801766.SI,20230719,影视院线,1292.1,1323.45,1280.47,1307.13,13.79,1.07,50819.0,491566.0,148.32,3.15,9712565.0,21748126.641812
801766.SI,20230720,影视院线,1306.5,1343.92,1285.76,1300.67,-6.46,-0.49,83964.0,870086.0,147.59,3.13,9664540.0,21743499.787797
801766.SI,20230721,影视院线,1291.69,1328.71,1271.49,1297.61,-3.06,-0.24,76490.0,752287.0,147.24,3.13,9641793.0,21716794.391799
801766.SI,20230724,影视院线,1294.43,1326.84,1267.62,1285.73,-11.88,-0.92,63452.0,622583.0,145.89,3.1,9553518.0,21469581.814414
801766.SI,20230725,影视院线,1304.57,1327.48,1276.43,1300.22,14.49,1.13,76890.0,746228.0,147.54,3.13,9661187.0,21701654.953272
801766.SI,20230726,影视院线,1297.6,1324.51,1258.56,1275.51,-24.71,-1.9,74532.0,752968.0,144.73,3.07,9477563.0,21393392.654835
801766.SI,20230727,影视院线,1266.44,1285.03,1238.05,1248.61,-26.89,-2.11,63724.0,596012.0,141.68,3.01,9277732.0,20890279.785684
801766.SI,20230728,影视院线,1246.13,1261.88,1220.72,1240.9,-7.71,-0.62,56881.0,512158.0,140.81,2.99,9220445.0,20737370.482095
801766.SI,20230731,影视院线,1242.76,1307.89,1229.56,1284.5,43.6,3.51,87931.0,685297.0,145.75,3.1,9544410.0,21438409.16213
801766.SI,20230801,影视院线,1279.47,1286.28,1252.94,1264.43,-20.07,-1.56,55576.0,438844.0,143.48,3.05,9395298.0,21103136.430211
801766.SI,20230802,影视院线,1257.73,1266.64,1234.75,1249.57,-14.86,-1.18,48499.0,374982.0,141.79,3.01,9284862.0,20872238.682383
801766.SI,20230803,影视院线,1246.93,1264.35,1235.99,1247.95,-1.62,-0.13,43661.0,345043.0,141.88,3.01,9290967.0,20852152.629556
801766.SI,20230804,影视院线,1248.27,1280.85,1244.73,1267.04,19.09,1.53,58549.0,483055.0,144.05,3.06,9433129.0,21165476.760424
801766.SI,20230807,影视院线,1280.78,1330.53,1271.85,1318.23,51.19,4.04,95945.0,882410.0,149.87,3.18,9814238.0,22097329.39658
801766.SI,20230808,影视院线,1311.84,1352.33,1299.85,1324.5,6.26,0.47,94508.0,944290.0,150.59,3.2,9860851.0,22290246.448322
801766.SI,20230809,影视院线,1308.48,1334.57,1274.86,1283.64,-40.85,-3.08,72894.0,709071.0,145.94,3.1,9556712.0,21654788.896613
801766.SI,20230810,影视院线,1280.66,1298.34,1266.18,1278.09,-5.55,-0.43,49978.0,442787.0,145.31,3.08,9515391.0,21592851.513973
801766.SI,20230811,影视院线,1278.31,1294.15,1243.23,1247.3,-30.79,-2.41,53279.0,470385.0,141.81,3.01,9286168.0,21072973.557139
801766.SI,20230814,影视院线,1232.69,1269.52,1219.72,1263.03,15.72,1.26,55130.0,447666.0,143.6,3.05,9403218.0,21249616.440146
801766.SI,20230815,影视院线,1262.86,1269.02,1217.9,1230.59,-32.43,-2.57,51723.0,414428.0,139.91,2.97,9161754.0,20681496.533948
801766.SI,20230816,影视院线,1230.06,1243.46,1199.21,1210.31,-20.29,-1.65,54955.0,389570.0,137.6,2.92,9010710.0,20360453.783288
801766.SI,20230817,影视院线,1208.37,1228.52,1192.7,1220.13,9.82,0.81,46444.0,338728.0,138.72,2.94,9083852.0,20498705.337213
801766.SI,20230818,影视院线,1218.17,1241.1,1186.68,1188.11,-32.02,-2.62,53432.0,405097.0,135.08,2.86,8845428.0,19975914.423743
801766.SI,20230821,影视院线,1187.86,1214.98,1178.99,1184.73,-3.38,-0.28,40722.0,311786.0,134.7,2.86,8820268.0,19913159.341783
801766.SI,20230822,影视院线,1191.3,1217.46,1175.33,1212.79,28.06,2.37,50790.0,398801.0,137.89,2.92,9029174.0,20360441.271895
801766.SI,20230823,影视院线,1205.92,1216.47,1183.53,1189.15,-23.64,-1.95,38397.0,297436.0,135.2,2.87,8853200.0,19961477.496495
801766.SI,20230824,影视院线,1192.46,1263.75,1189.53,1242.94,53.79,4.52,80968.0,714795.0,141.09,3.0,9226798.0,20996875.271042
801766.SI,20230825,影视院线,1229.59,1238.61,1185.44,1194.36,-48.58,-3.91,65677.0,583292.0,135.58,2.88,8866168.0,20167684.281529
801766.SI,20230828,影视院线,1256.8,1266.9,1199.7,1210.26,15.9,1.33,67578.0,567871.0,137.38,2.92,8984213.0,20445641.940236
801766.SI,20230829,影视院线,1206.73,1264.83,1201.23,1257.81,47.55,3.93,73144.0,644491.0,142.78,3.02,9337228.0,21238851.776062
801766.SI,20230830,影视院线,1255.49,1270.16,1228.9,1251.73,-6.08,-0.48,64691.0,573883.0,142.09,2.97,9292099.0,21061508.101028
801766.SI,20230831,影视院线,1249.25,1255.09,1224.41,1232.83,-18.91,-1.51,46222.0,375306.0,139.95,2.93,9151752.0,20735050.636722
801766.SI,20230901,影视院线,1235.42,1249.75,1218.97,1230.42,-2.41,-0.2,36885.0,305969.0,112.74,2.93,9133867.0,20669924.147296
801766.SI,20230904,影视院线,1234.6,1253.78,1219.5,1244.97,14.56,1.18,53295.0,374549.0,114.04,2.96,9239157.0,20890326.692492
801766.SI,20230905,影视院线,1241.75,1247.24,1210.05,1217.93,-27.04,-2.17,50942.0,358611.0,111.57,2.9,9038455.0,20390262.506145
801766.SI,20230906,影视院线,1213.36,1219.97,1191.39,1206.67,-11.26,-0.92,44604.0,289429.0,110.54,2.87,8954908.0,20228907.546137
801766.SI,20230907,影视院线,1203.84,1221.83,1182.6,1185.89,-20.79,-1.72,42509.0,316071.0,108.63,2.82,8800658.0,19900366.268524
801766.SI,20230908,影视院线,1181.63,1197.07,1160.64,1176.54,-9.35,-0.79,43957.0,309222.0,107.78,2.8,8731277.0,19761596.320204
801766.SI,20230911,影视院线,1182.38,1214.53,1175.06,1204.27,27.73,2.36,53541.0,347774.0,110.32,2.86,8937096.0,20172596.541246
801766.SI,20230912,影视院线,1199.32,1207.04,1182.37,1190.87,-13.4,-1.11,39319.0,246334.0,109.09,2.83,8837665.0,19966921.233387
801766.SI,20230913,影视院线,1188.75,1201.2,1167.32,1181.23,-9.64,-0.81,49580.0,310724.0,108.21,2.81,8766122.0,19843543.003313
801766.SI,20230914,影视院线,1177.17,1188.16,1159.15,1173.91,-7.33,-0.62,42441.0,252639.0,107.53,2.79,8711753.0,19706356.467409
801766.SI,20230915,影视院线,1176.8,1195.42,1168.91,1183.73,9.82,0.84,41066.0,261950.0,108.43,2.82,8784626.0,19892545.087135
801766.SI,20230918,影视院线,1178.49,1205.67,1168.52,1196.43,12.7,1.07,43844.0,310110.0,109.6,2.85,8878891.0,20144402.998703
801766.SI,20230919,影视院线,1195.47,1210.83,1155.39,1163.58,-32.85,-2.75,49442.0,347738.0,106.59,2.77,8635102.0,19579559.055012
801766.SI,20230920,影视院线,1161.31,1167.43,1141.15,1145.22,-18.35,-1.58,37395.0,231551.0,104.91,2.72,8498887.0,19262391.322623
801766.SI,20230921,影视院线,1144.31,1157.4,1128.48,1133.37,-11.86,-1.04,33450.0,216407.0,103.82,2.7,8410897.0,19006731.912172
801766.SI,20230922,影视院线,1129.06,1170.49,1124.23,1165.68,32.32,2.85,45034.0,304548.0,106.78,2.77,8650744.0,19533906.13196
801766.SI,20230925,影视院线,1162.36,1182.38,1146.89,1162.32,-3.36,-0.29,40857.0,275273.0,106.47,2.76,8625789.0,19483977.365815
801766.SI,20230926,影视院线,1162.29,1187.85,1154.01,1168.62,6.3,0.54,42129.0,301128.0,107.05,2.78,8672554.0,19548436.624016
801766.SI,20230927,影视院线,1167.15,1186.19,1154.16,1167.01,-1.61,-0.14,44440.0,338089.0,106.9,2.78,8660578.0,19545576.445248
801766.SI,20230928,影视院线,1168.41,1177.28,1149.08,1163.22,-3.79,-0.32,41173.0,301335.0,106.55,2.77,8632439.0,19434269.541218
801766.SI,20231009,影视院线,1134.45,1137.6,1079.38,1088.43,-74.79,-6.43,59541.0,428319.0,104.72,2.5,8483858.0,18016963.204993
801766.SI,20231010,影视院线,1096.61,1114.98,1088.25,1097.19,8.76,0.81,36514.0,284221.0,105.56,2.52,8552176.0,18159659.640981
801766.SI,20231011,影视院线,1099.91,1121.06,1083.83,1102.2,5.01,0.46,39726.0,278191.0,106.05,2.53,8591212.0,18203521.330352
801766.SI,20231012,影视院线,1104.19,1112.36,1086.08,1092.99,-9.21,-0.84,34668.0,232187.0,105.16,2.51,8519408.0,18052925.520881
801766.SI,20231013,影视院线,1088.64,1094.17,1073.56,1079.38,-13.6,-1.24,27284.0,184767.0,103.85,2.48,8413369.0,17840877.890468
801766.SI,20231016,影视院线,1079.0,1086.76,1059.7,1067.85,-11.53,-1.07,30367.0,199562.0,102.74,2.46,8323500.0,17672601.61218
801766.SI,20231017,影视院线,1068.09,1075.39,1055.72,1063.65,-4.2,-0.39,22931.0,145569.0,102.34,2.45,8290762.0,17600490.690745
801766.SI,20231018,影视院线,1061.26,1063.44,1038.43,1043.06,-20.59,-1.94,26344.0,166376.0,100.36,2.4,8130256.0,17259656.079522
801766.SI,20231019,影视院线,1038.34,1061.25,1035.0,1041.69,-1.38,-0.13,24974.0,158067.0,100.22,2.4,8119529.0,17240323.009407
801766.SI,20231020,影视院线,1039.45,1048.41,1024.55,1028.27,-13.42,-1.29,26439.0,164585.0,98.93,2.36,8014942.0,17033247.128283
801766.SI,20231023,影视院线,1024.65,1029.86,998.01,1003.47,-24.8,-2.41,27200.0,164569.0,96.55,2.31,7821630.0,16632272.460797
801766.SI,20231024,影视院线,1010.46,1035.76,1005.81,1025.89,22.42,2.23,28365.0,186603.0,98.7,2.36,7996404.0,17012279.023462
801766.SI,20231025,影视院线,1033.06,1047.4,1026.13,1032.59,6.7,0.65,26238.0,170634.0,99.35,2.37,8048634.0,17125032.490739
801766.SI,20231026,影视院线,1030.11,1046.06,1019.82,1037.57,4.98,0.48,26996.0,180709.0,99.83,2.38,8087420.0,17213561.863116
801766.SI,20231027,影视院线,1033.45,1051.57,1020.46,1043.84,6.28,0.6,34518.0,227907.0,100.43,2.39,8136335.0,17341880.804381
801766.SI,20231030,影视院线,1039.07,1080.87,1031.13,1077.16,33.32,3.19,54478.0,352965.0,103.64,2.46,8396027.0,17799015.605282
801766.SI,20231031,影视院线,1095.36,1117.06,1069.22,1082.21,5.05,0.47,69034.0,482346.0,104.12,2.45,8435420.0,17873722.763988
801766.SI,20231101,影视院线,1081.34,1129.61,1074.19,1096.38,14.17,1.31,74154.0,561947.0,93.83,2.49,8545857.0,18102913.987233
801766.SI,20231102,影视院线,1095.24,1152.22,1091.83,1129.37,32.99,3.01,88985.0,673371.0,96.65,2.56,8802994.0,18594796.03559
801766.SI,20231103,影视院线,1126.1,1154.53,1104.36,1129.46,0.09,0.01,94904.0,744000.0,96.66,2.56,8803696.0,18625556.035661
801766.SI,20231106,影视院线,1135.93,1192.08,1131.46,1183.84,54.38,4.81,111540.0,837958.0,101.31,2.68,9227536.0,19530040.449301
801766.SI,20231107,影视院线,1184.13,1201.18,1161.49,1181.18,-2.66,-0.22,100521.0,829564.0,101.08,2.68,9206827.0,19504222.816843
801766.SI,20231108,影视院线,1171.21,1251.28,1167.79,1223.86,42.69,3.61,135041.0,1084691.0,104.73,2.78,9539540.0,20154358.858067
801766.SI,20231109,影视院线,1206.4,1216.01,1168.07,1175.6,-48.27,-3.94,101204.0,767346.0,100.6,2.67,9163317.0,19372212.951771
801766.SI,20231110,影视院线,1170.22,1182.11,1142.3,1152.37,-23.23,-1.98,62395.0,466021.0,98.62,2.61,8982242.0,19015454.584478
801766.SI,20231113,影视院线,1162.42,1187.25,1153.11,1164.32,11.95,1.04,61925.0,469362.0,99.64,2.64,9075384.0,19203944.132108
801766.SI,20231114,影视院线,1156.12,1168.95,1147.16,1159.68,-4.64,-0.4,49703.0,359078.0,99.24,2.63,9039209.0,19124801.305973
801766.SI,20231115,影视院线,1167.53,1175.97,1142.67,1152.95,-6.72,-0.58,50658.0,381645.0,98.67,2.61,8986805.0,19037204.482527
801766.SI,20231116,影视院线,1145.08,1181.42,1136.73,1167.11,14.16,1.23,71642.0,521797.0,99.88,2.65,9097186.0,19221437.050238
801766.SI,20231117,影视院线,1166.87,1194.55,1154.23,1173.6,6.49,0.56,78063.0,548820.0,100.43,2.66,9147765.0,19314824.084244
801766.SI,20231120,影视院线,1165.28,1195.67,1160.66,1179.58,5.98,0.51,63587.0,466029.0,100.95,2.67,9194373.0,19436504.505697
801766.SI,20231121,影视院线,1180.32,1218.51,1176.8,1193.75,14.17,1.2,93888.0,720569.0,102.16,2.71,9304800.0,19648527.867154
801766.SI,20231122,影视院线,1186.77,1234.65,1179.89,1217.39,23.64,1.98,118835.0,895454.0,104.08,2.77,9512240.0,19987553.450782
801766.SI,20231123,影视院线,1208.31,1213.71,1163.25,1181.45,-35.94,-2.95,90639.0,687624.0,101.0,2.68,9231415.0,19453130.199355
801766.SI,20231124,影视院线,1181.97,1218.18,1166.8,1186.68,5.23,0.44,80455.0,650927.0,101.45,2.7,9272287.0,19600584.285474
801766.SI,20231127,影视院线,1166.99,1175.05,1140.22,1153.18,-33.5,-2.82,72013.0,555467.0,98.59,2.62,9010538.0,19072959.95051
801766.SI,20231128,影视院线,1150.91,1166.7,1135.48,1158.69,5.51,0.48,43702.0,334709.0,99.06,2.63,9053613.0,19159327.774783
801766.SI,20231129,影视院线,1155.96,1165.11,1136.14,1141.51,-17.18,-1.48,40334.0,336369.0,97.59,2.59,8919390.0,18883737.036176
801766.SI,20231130,影视院线,1139.83,1162.09,1132.05,1145.97,4.46,0.39,41773.0,351606.0,97.97,2.6,8954225.0,18993795.301895
801766.SI,20231201,影视院线,1150.26,1224.51,1146.45,1212.06,66.09,5.77,107865.0,786394.0,103.62,2.75,9470593.0,19973689.689688
801766.SI,20231204,影视院线,1208.94,1259.1,1199.13,1228.32,16.26,1.34,112903.0,889822.0,105.01,2.79,9597674.0,20274482.760121
801766.SI,20231205,影视院线,1224.04,1240.76,1190.07,1201.63,-26.69,-2.17,86538.0,720300.0,102.73,2.73,9389131.0,19816360.33993
801766.SI,20231206,影视院线,1205.39,1263.34,1175.07,1230.94,29.31,2.44,125603.0,1093969.0,105.24,2.8,9618116.0,20290229.516808
801766.SI,20231207,影视院线,1257.39,1298.18,1236.06,1266.11,35.17,2.86,144214.0,1298824.0,108.24,2.88,9892914.0,20882140.735776
801766.SI,20231208,影视院线,1260.64,1291.89,1230.77,1252.09,-14.02,-1.11,146002.0,1227241.0,107.04,2.84,9783373.0,20645172.733895
801766.SI,20231211,影视院线,1252.62,1303.57,1234.19,1284.43,32.35,2.58,131515.0,1128216.0,109.81,2.92,10036117.0,21243075.56164
801766.SI,20231212,影视院线,1286.62,1306.99,1262.93,1281.45,-2.98,-0.23,97153.0,879685.0,109.55,2.91,10012801.0,21204708.729897
801766.SI,20231213,影视院线,1295.79,1312.19,1270.19,1276.18,-5.27,-0.41,79722.0,756962.0,109.1,2.9,9971637.0,21105439.144027
801766.SI,20231214,影视院线,1274.72,1307.07,1252.42,1261.09,-15.09,-1.18,89975.0,902122.0,107.81,2.87,9853720.0,20912498.83714
801766.SI,20231215,影视院线,1261.71,1313.66,1236.69,1287.3,26.21,2.08,98302.0,889972.0,110.05,2.92,10058526.0,21280052.323746
801766.SI,20231218,影视院线,1290.69,1308.36,1250.1,1261.08,-26.22,-2.04,94477.0,870114.0,107.81,2.87,9853686.0,20848017.466708
801766.SI,20231219,影视院线,1255.09,1294.19,1245.66,1271.73,10.65,0.84,84034.0,842318.0,108.72,2.89,9936891.0,21033383.560851
801766.SI,20231220,影视院线,1270.13,1286.13,1218.74,1225.23,-46.5,-3.66,82230.0,794648.0,104.75,2.78,9573537.0,20426956.795909
801766.SI,20231221,影视院线,1216.66,1258.7,1206.38,1239.63,14.4,1.18,92204.0,879146.0,105.98,2.82,9686082.0,20637708.717063
801766.SI,20231222,影视院线,1233.41,1241.4,1146.12,1153.63,-86.01,-6.94,113666.0,920415.0,98.63,2.62,9014059.0,19213862.520242
801766.SI,20231225,影视院线,1143.4,1161.58,1112.49,1134.59,-19.04,-1.65,75274.0,638734.0,97.01,2.58,8868405.0,18918458.439948
801766.SI,20231226,影视院线,1140.35,1150.53,1100.92,1110.53,-24.06,-2.12,56664.0,457468.0,94.96,2.52,8680336.0,18497116.478664
801766.SI,20231227,影视院线,1112.87,1127.82,1090.26,1106.15,-4.38,-0.39,55369.0,428113.0,94.58,2.51,8646132.0,18417259.57395
801766.SI,20231228,影视院线,1105.56,1137.58,1090.75,1125.18,19.03,1.72,57959.0,481584.0,96.21,2.56,8794857.0,18780539.181848
801766.SI,20231229,影视院线,1123.64,1172.16,1120.61,1160.88,35.7,3.17,67729.0,564985.0,99.26,2.64,9073913.0,19408227.144842
801766.SI,20240102,影视院线,1169.42,1195.65,1148.46,1160.1,-0.78,-0.07,63804.0,567712.0,99.2,2.64,9067782.0,19434223.827604
801766.SI,20240103,影视院线,1159.61,1190.98,1144.95,1170.58,10.48,0.9,64627.0,548316.0,100.09,2.66,9149684.0,19588476.161177
801766.SI,20240104,影视院线,1170.21,1175.36,1141.56,1156.82,-13.76,-1.18,48189.0,428416.0,98.85,2.63,9036058.0,19369765.31101
801766.SI,20240105,影视院线,1153.2,1168.05,1128.08,1137.77,-19.05,-1.65,47704.0,431243.0,97.22,2.59,8887272.0,19070695.918432
801766.SI,20240108,影视院线,1135.48,1150.42,1112.92,1118.49,-19.28,-1.69,41393.0,407550.0,95.57,2.54,8736656.0,18744758.538963
801766.SI,20240109,影视院线,1121.51,1143.48,1108.02,1122.9,4.42,0.39,40283.0,375016.0,95.95,2.55,8771165.0,18852263.478651
801766.SI,20240110,影视院线,1116.66,1119.87,1079.71,1087.31,-35.6,-3.17,43839.0,353638.0,92.91,2.47,8493123.0,18233770.544859
801766.SI,20240111,影视院线,1086.57,1126.63,1078.31,1120.38,33.07,3.04,42719.0,361826.0,95.73,2.55,8751427.0,18841630.412166
801766.SI,20240112,影视院线,1116.84,1134.38,1096.78,1102.24,-18.14,-1.62,35256.0,316396.0,94.18,2.51,8609725.0,18576032.965553
801766.SI,20240115,影视院线,1098.51,1124.41,1090.87,1106.52,4.28,0.39,31463.0,274583.0,94.55,2.52,8643155.0,18689515.254834
801766.SI,20240116,影视院线,1104.85,1113.88,1078.83,1097.2,-9.31,-0.84,39280.0,283135.0,93.75,2.49,8570430.0,18522081.142217
801766.SI,20240117,影视院线,1091.75,1099.51,1063.06,1066.07,-31.14,-2.84,34634.0,232802.0,91.09,2.42,8327228.0,17974589.685599
801766.SI,20240118,影视院线,1060.19,1075.72,1027.72,1066.31,0.24,0.02,47811.0,317922.0,91.11,2.42,8329129.0,17984143.351081
801766.SI,20240119,影视院线,1065.47,1097.3,1059.28,1077.09,10.78,1.01,48709.0,379810.0,92.04,2.45,8413299.0,18222739.818954
801766.SI,20240122,影视院线,1071.97,1079.85,991.48,1001.7,-75.39,-7.0,56357.0,413404.0,85.59,2.28,7824439.0,16935368.14584
801766.SI,20240123,影视院线,1002.21,1032.69,981.26,1022.38,20.68,2.06,43740.0,314683.0,87.36,2.32,7985981.0,17309927.100882
801766.SI,20240124,影视院线,1027.69,1048.19,1001.63,1041.9,19.51,1.91,46201.0,374621.0,89.03,2.37,8138400.0,17673326.76863
801766.SI,20240125,影视院线,1040.19,1087.96,1028.3,1083.34,41.45,3.98,53339.0,428612.0,92.57,2.46,8462160.0,18439682.152502
801766.SI,20240126,影视院线,1082.4,1106.0,1067.21,1082.23,-1.11,-0.1,51933.0,413695.0,92.48,2.46,8453461.0,18378855.712597
801766.SI,20240129,影视院线,1082.48,1093.47,1048.65,1058.31,-23.92,-2.21,45402.0,354913.0,90.43,2.41,8266612.0,18068568.98473
801766.SI,20240130,影视院线,1057.98,1064.55,1016.85,1025.79,-32.52,-3.07,39297.0,402650.0,87.65,2.33,8012590.0,17456219.965908
801766.SI,20240131,影视院线,1019.83,1045.76,985.74,996.81,-28.98,-2.82,52619.0,432735.0,85.18,2.27,7786253.0,16999403.803113
801766.SI,20240201,影视院线,995.94,1012.96,954.64,978.7,-18.11,-1.82,55152.0,580397.0,83.63,2.22,7644764.0,16678493.453551
801766.SI,20240202,影视院线,983.78,1017.74,914.83,945.76,-32.94,-3.37,61056.0,564566.0,80.81,2.15,7387469.0,16196090.590977
801766.SI,20240205,影视院线,927.99,934.15,849.68,864.23,-81.53,-8.62,61713.0,343874.0,73.85,1.96,6750615.0,14864887.841752
801766.SI,20240206,影视院线,837.57,923.45,817.49,902.05,37.82,4.38,75355.0,542864.0,77.08,2.05,7046011.0,15484567.816533
801766.SI,20240207,影视院线,903.15,946.46,875.86,914.03,11.98,1.33,80933.0,605963.0,78.1,2.08,7139593.0,15706027.727105
801766.SI,20240208,影视院线,913.05,969.22,897.11,948.16,34.14,3.73,82938.0,570984.0,81.02,2.16,7406246.0,16214022.63285
801766.SI,20240219,影视院线,990.57,1019.55,961.35,995.01,46.85,4.94,95818.0,653292.0,85.02,2.26,7772171.0,16932111.963134
801766.SI,20240220,影视院线,988.37,1023.54,968.2,1006.23,11.22,1.13,85430.0,672270.0,85.98,2.29,7859778.0,17114525.245959
801766.SI,20240221,影视院线,994.01,1039.02,976.4,1006.16,-0.06,-0.01,88583.0,705057.0,85.98,2.29,7859294.0,17084412.736237
801766.SI,20240222,影视院线,1002.32,1031.08,996.28,1021.65,15.49,1.54,65201.0,542038.0,87.3,2.32,7980270.0,17324215.619482
801766.SI,20240223,影视院线,1029.2,1079.98,1015.08,1076.21,54.55,5.34,107092.0,846807.0,91.96,2.45,8406402.0,18186424.596236
801766.SI,20240226,影视院线,1065.68,1096.76,1042.07,1077.55,1.35,0.13,98428.0,809050.0,92.08,2.45,8416937.0,18239934.301233
801766.SI,20240227,影视院线,1072.09,1132.75,1062.11,1122.16,44.6,4.14,107638.0,851876.0,95.89,2.55,8765351.0,18956784.715575
801766.SI,20240228,影视院线,1126.63,1162.37,1055.52,1064.6,-57.56,-5.13,147461.0,1006370.0,90.97,2.42,8315756.0,17975638.872834
801766.SI,20240229,影视院线,1048.09,1103.88,1043.4,1100.17,35.57,3.34,99305.0,673069.0,94.01,2.5,8593590.0,18584101.389009
801766.SI,20240301,影视院线,1094.67,1139.27,1081.38,1124.86,24.69,2.24,99796.0,738899.0,96.12,2.56,8786472.0,19076173.778224
801766.SI,20240304,影视院线,1144.57,1178.31,1116.43,1161.51,36.64,3.26,107871.0,829630.0,99.25,2.64,9072698.0,19758163.342161
801766.SI,20240305,影视院线,1155.65,1196.9,1135.2,1157.33,-4.17,-0.36,105562.0,965123.0,98.89,2.63,9040088.0,19689441.22864
801766.SI,20240306,影视院线,1143.22,1168.23,1116.97,1136.16,-21.17,-1.83,81418.0,777350.0,97.08,2.58,8874742.0,19318998.523583
801766.SI,20240307,影视院线,1133.97,1152.34,1093.09,1100.47,-35.69,-3.14,78326.0,687308.0,94.03,2.5,8595936.0,18705457.078156
801766.SI,20240308,影视院线,1099.62,1127.15,1087.61,1114.15,13.68,1.24,53549.0,476112.0,93.52,2.53,8702803.0,18958276.918172
801766.SI,20240311,影视院线,1108.2,1145.74,1095.55,1140.58,26.43,2.37,65578.0,533389.0,95.73,2.59,8909275.0,19299987.548984
801766.SI,20240312,影视院线,1143.82,1164.47,1124.23,1139.17,-1.41,-0.12,66919.0,541886.0,95.62,2.59,8898247.0,19228600.429899
801766.SI,20240313,影视院线,1139.93,1192.55,1131.72,1168.04,28.87,2.53,105396.0,836793.0,98.04,2.66,9123743.0,19702261.826377
801766.SI,20240314,影视院线,1157.68,1174.76,1126.52,1148.44,-19.6,-1.68,78116.0,666258.0,96.39,2.61,8970673.0,19360708.147018
801766.SI,20240315,影视院线,1142.19,1167.59,1127.97,1154.15,5.71,0.5,61300.0,513936.0,96.87,2.62,9015241.0,19478904.51966
801766.SI,20240318,影视院线,1169.45,1208.89,1154.36,1200.7,46.55,4.03,97731.0,802271.0,100.78,2.73,9378818.0,20228255.263062
801766.SI,20240319,影视院线,1197.23,1254.53,1186.69,1208.24,7.54,0.63,109514.0,927379.0,101.41,2.75,9437736.0,20299928.049507
801766.SI,20240320,影视院线,1212.77,1292.28,1209.19,1275.87,67.63,5.6,132053.0,1143424.0,107.09,2.9,9966030.0,21345846.604225
801766.SI,20240321,影视院线,1316.47,1373.54,1306.77,1332.25,56.38,4.42,152362.0,1214993.0,111.82,3.03,10406395.0,22087309.659947
801766.SI,20240322,影视院线,1328.33,1433.58,1303.69,1404.16,71.91,5.4,217529.0,1970787.0,117.86,3.19,10968063.0,23205851.206646
801766.SI,20240325,影视院线,1394.05,1412.42,1299.12,1306.43,-97.72,-6.96,156349.0,1492063.0,109.65,2.97,10204740.0,21707710.902466
801766.SI,20240326,影视院线,1298.24,1333.38,1256.7,1281.02,-25.41,-1.95,115646.0,1104604.0,107.52,2.91,10006242.0,21316183.109499
801766.SI,20240327,影视院线,1279.87,1312.75,1227.06,1243.27,-37.75,-2.95,110995.0,1059804.0,104.35,2.83,9711385.0,20721324.111917
801766.SI,20240328,影视院线,1232.4,1297.71,1222.86,1273.18,29.91,2.41,101606.0,981343.0,106.86,2.89,9944998.0,21197971.79705
801766.SI,20240329,影视院线,1260.15,1293.01,1227.66,1271.2,-1.98,-0.16,94806.0,879190.0,106.7,2.89,9929529.0,21181156.207005
801766.SI,20240401,影视院线,1275.14,1309.04,1248.52,1296.0,24.8,1.95,94376.0,809068.0,108.78,2.95,10123247.0,21567098.341894
801766.SI,20240402,影视院线,1289.45,1294.18,1225.06,1237.12,-58.88,-4.54,93182.0,812395.0,103.84,2.81,9663295.0,20611230.316141
801766.SI,20240403,影视院线,1230.27,1244.0,1194.15,1207.65,-29.46,-2.38,64906.0,562770.0,101.36,2.75,9433165.0,20169116.464006
801766.SI,20240408,影视院线,1202.49,1219.78,1177.91,1187.68,-19.97,-1.65,54335.0,463303.0,99.69,2.7,9277180.0,19900095.121733
801766.SI,20240409,影视院线,1188.65,1206.9,1171.99,1194.14,6.45,0.54,53376.0,387693.0,100.23,2.72,9327578.0,20012464.086619
801766.SI,20240410,影视院线,1188.64,1196.04,1143.71,1159.12,-35.02,-2.93,52886.0,401211.0,97.47,2.64,9054033.0,19457924.645447
801766.SI,20240411,影视院线,1149.94,1202.71,1145.22,1184.45,25.34,2.19,68447.0,582742.0,99.6,2.69,9251953.0,19847334.509691
801766.SI,20240412,影视院线,1178.01,1189.95,1149.91,1155.49,-28.97,-2.45,55678.0,491305.0,97.16,2.63,9025685.0,19406760.038053
801766.SI,20240415,影视院线,1149.46,1167.68,1097.27,1123.32,-32.17,-2.78,63530.0,504999.0,94.46,2.55,8774404.0,18973509.342138
801766.SI,20240416,影视院线,1114.1,1128.07,1053.06,1060.22,-63.1,-5.62,62358.0,469807.0,88.83,2.41,8281532.0,18011492.849051
801766.SI,20240417,影视院线,1077.6,1131.24,1072.64,1119.76,59.55,5.62,63950.0,528198.0,93.82,2.55,8746648.0,18945767.00579
801766.SI,20240418,影视院线,1113.92,1140.25,1091.05,1115.94,-3.83,-0.34,54700.0,475797.0,93.5,2.55,8716743.0,18907296.711537
801766.SI,20240419,影视院线,1108.37,1131.52,1092.34,1106.31,-9.63,-0.86,44029.0,366298.0,92.02,2.53,8641528.0,18762916.890986
801766.SI,20240422,影视院线,1099.7,1113.51,1061.74,1085.39,-20.92,-1.89,42972.0,363243.0,80.0,2.47,8478136.0,18402835.096582
801766.SI,20240423,影视院线,1091.81,1135.37,1087.06,1110.95,25.56,2.36,59305.0,494026.0,81.89,2.53,8677825.0,18850149.117893
801766.SI,20240424,影视院线,1102.11,1134.03,1076.6,1114.88,3.93,0.35,68989.0,571498.0,82.39,2.54,8731497.0,18825340.80467
801766.SI,20240425,影视院线,1101.8,1123.66,1088.29,1105.01,-9.87,-0.89,51707.0,412677.0,83.9,2.52,8654208.0,18684283.692553
801766.SI,20240426,影视院线,1106.98,1174.77,1102.06,1161.96,56.94,5.15,76781.0,658606.0,88.23,2.65,9100180.0,19590668.361087
801766.SI,20240429,影视院线,1175.32,1224.04,1164.98,1208.32,46.36,3.99,87320.0,775561.0,94.77,2.73,9463255.0,20339387.983024
801766.SI,20240430,影视院线,1199.39,1222.98,1161.78,1189.66,-18.66,-1.54,78687.0,705466.0,61.27,2.74,9317113.0,19969676.357596
801766.SI,20240506,影视院线,1199.24,1214.68,1167.52,1183.28,-6.38,-0.54,70504.0,627819.0,59.81,2.73,9267155.0,19876849.914691
801766.SI,20240507,影视院线,1188.46,1231.44,1173.71,1184.36,1.08,0.09,77936.0,723075.0,59.87,2.73,9275651.0,19873689.262849
801766.SI,20240508,影视院线,1172.8,1185.91,1137.98,1151.72,-32.64,-2.76,65394.0,584735.0,58.22,2.65,9020013.0,19333962.582655
801766.SI,20240509,影视院线,1149.99,1168.45,1141.34,1156.2,4.47,0.39,44402.0,391175.0,58.44,2.66,9055056.0,19393891.484283
801766.SI,20240510,影视院线,1156.69,1173.94,1128.8,1146.72,-9.48,-0.82,51759.0,407776.0,57.96,2.64,8980821.0,19196077.389838
801766.SI,20240513,影视院线,1136.51,1147.08,1105.09,1122.92,-23.79,-2.07,46074.0,361438.0,56.76,2.59,8794483.0,18872461.808111
801766.SI,20240514,影视院线,1135.48,1151.84,1108.56,1124.58,1.66,0.15,50908.0,391845.0,56.84,2.59,8807455.0,18916728.052719
801766.SI,20240515,影视院线,1122.51,1140.67,1104.07,1109.86,-14.72,-1.31,47497.0,360389.0,56.1,2.56,8692151.0,18679254.371029
801766.SI,20240516,影视院线,1112.78,1141.4,1105.91,1121.13,11.27,1.02,52965.0,403508.0,56.67,2.58,8780453.0,18839815.504707
801766.SI,20240517,影视院线,1117.97,1131.74,1100.46,1118.29,-2.85,-0.25,45831.0,346897.0,56.53,2.58,8758159.0,18787009.113816
801766.SI,20240520,影视院线,1114.05,1133.66,1095.78,1121.84,3.56,0.32,52158.0,394267.0,56.71,2.58,8786027.0,18889742.362024
801766.SI,20240521,影视院线,1118.64,1144.92,1107.69,1119.19,-2.65,-0.24,46722.0,383422.0,56.57,2.58,8765272.0,18897937.84555
801766.SI,20240522,影视院线,1115.17,1149.01,1104.74,1142.57,23.38,2.09,54712.0,451127.0,57.75,2.63,8948370.0,19215462.761418
801766.SI,20240523,影视院线,1135.72,1140.69,1097.78,1102.56,-40.01,-3.5,48133.0,397972.0,55.73,2.54,8635006.0,18559605.175794
801766.SI,20240524,影视院线,1101.35,1122.31,1086.28,1092.81,-9.75,-0.88,43314.0,353597.0,55.24,2.52,8558670.0,18394725.198631
801766.SI,20240527,影视院线,1092.94,1103.99,1054.31,1085.29,-7.53,-0.69,46131.0,359316.0,54.86,2.5,8499712.0,18299794.351984
801766.SI,20240528,影视院线,1079.37,1087.49,1054.22,1059.41,-25.87,-2.38,34910.0,258773.0,53.55,2.44,8297086.0,17899538.775576
801766.SI,20240529,影视院线,1057.61,1076.41,1046.53,1058.23,-1.19,-0.11,34906.0,244831.0,53.49,2.44,8287786.0,17913350.520093
801766.SI,20240530,影视院线,1052.72,1070.91,1037.12,1060.07,1.84,0.17,31261.0,245133.0,53.58,2.44,8302193.0,17950483.347765
801766.SI,20240531,影视院线,1059.82,1079.29,1051.85,1066.72,6.66,0.63,32335.0,246200.0,53.92,2.46,8354333.0,18077444.105018
801766.SI,20240603,影视院线,1064.93,1079.67,1040.74,1055.51,-11.22,-1.05,37941.0,294430.0,53.35,2.43,8266481.0,17905910.277158
801766.SI,20240604,影视院线,1028.29,1045.81,1008.63,1032.9,-22.61,-2.14,53788.0,322152.0,52.02,2.43,8089394.0,17653492.735875
801766.SI,20240605,影视院线,1028.84,1038.73,1000.12,1004.06,-28.83,-2.79,46664.0,329013.0,50.56,2.36,7834177.0,17124282.249447
801766.SI,20240606,影视院线,1004.88,1016.34,961.22,974.13,-29.93,-2.98,54954.0,355200.0,49.06,2.29,7600682.0,16663517.799098
801766.SI,20240607,影视院线,982.75,998.54,970.87,991.62,17.48,1.79,36236.0,233880.0,49.94,2.33,7737071.0,16929858.146442
801766.SI,20240611,影视院线,984.59,1001.84,965.72,993.82,2.21,0.22,31657.0,191854.0,50.05,2.34,7754306.0,16942955.81511
801766.SI,20240612,影视院线,992.26,1028.27,985.97,1020.21,26.39,2.66,43057.0,299827.0,51.38,2.4,7960188.0,17371304.252424
801766.SI,20240613,影视院线,1018.4,1025.97,1002.19,1012.92,-7.29,-0.71,32209.0,224975.0,51.01,2.38,7903302.0,17256061.345605
801766.SI,20240614,影视院线,1011.42,1027.07,1002.89,1017.27,4.35,0.43,28308.0,210883.0,51.23,2.39,7937221.0,17328230.850123
801766.SI,20240617,影视院线,1023.0,1032.05,1000.15,1008.84,-8.42,-0.83,33672.0,270718.0,50.8,2.37,7871502.0,17151522.576331
801766.SI,20240618,影视院线,1012.06,1029.89,998.99,1013.3,4.45,0.44,30931.0,259565.0,51.03,2.38,7906240.0,17178117.529751
801766.SI,20240619,影视院线,1015.96,1023.33,995.74,999.36,-13.93,-1.38,26969.0,199680.0,50.33,2.35,7797526.0,16933576.242044
801766.SI,20240620,影视院线,998.14,1004.89,968.17,970.19,-29.18,-2.92,31907.0,216138.0,48.86,2.28,7569872.0,16483808.519014
801766.SI,20240621,影视院线,969.14,979.18,955.99,966.43,-3.76,-0.39,22473.0,154520.0,48.67,2.27,7540555.0,16438737.632206
801766.SI,20240624,影视院线,961.02,964.28,931.37,937.02,-29.41,-3.04,31474.0,208536.0,47.19,2.2,7311102.0,15952140.226904
801766.SI,20240625,影视院线,938.28,951.34,921.35,932.47,-4.55,-0.49,26260.0,179995.0,46.96,2.19,7275617.0,15874776.376557
801766.SI,20240626,影视院线,931.02,982.32,920.22,978.67,46.2,4.95,56844.0,387668.0,49.28,2.3,7636060.0,16604333.856387
801766.SI,20240627,影视院线,972.1,992.55,953.69,957.0,-21.67,-2.21,48428.0,355279.0,48.19,2.25,7467017.0,16255670.066856
801766.SI,20240628,影视院线,954.56,972.21,942.65,946.92,-10.09,-1.05,36712.0,267502.0,47.69,2.23,7388313.0,16077873.005805
801766.SI,20240701,影视院线,944.82,957.96,927.94,954.19,7.27,0.77,27831.0,192488.0,48.05,2.25,7445075.0,16196594.403554
801766.SI,20240702,影视院线,952.02,968.4,936.44,944.41,-9.78,-1.03,34334.0,236287.0,47.56,2.22,7368753.0,16008640.6969
801766.SI,20240703,影视院线,944.08,955.94,931.28,939.19,-5.22,-0.55,24201.0,164819.0,47.3,2.21,7328055.0,15938813.424191
801766.SI,20240704,影视院线,940.48,945.78,906.81,909.73,-29.47,-3.14,29183.0,193995.0,45.81,2.14,7098136.0,15449039.965098
801766.SI,20240705,影视院线,908.64,932.3,897.11,925.73,16.01,1.76,30466.0,193321.0,46.62,2.18,7223039.0,15716966.384386
801766.SI,20240708,影视院线,921.83,926.19,891.5,895.79,-29.95,-3.23,29409.0,177900.0,45.11,2.11,6989389.0,15234406.750211
801766.SI,20240709,影视院线,896.3,914.8,873.98,907.51,11.72,1.31,33078.0,211120.0,45.71,2.14,7063606.0,15418182.610405
801766.SI,20240710,影视院线,896.02,913.62,872.97,885.64,-21.86,-2.41,39767.0,276295.0,44.61,2.09,6893434.0,15034771.988877
801766.SI,20240711,影视院线,897.22,910.4,885.68,898.82,13.17,1.49,38580.0,255140.0,45.28,2.12,6995962.0,15254120.113465
801766.SI,20240712,影视院线,896.99,911.71,885.75,891.39,-7.43,-0.83,30952.0,193248.0,44.9,2.1,6938141.0,15141641.964141
801766.SI,20240715,影视院线,898.08,932.29,890.81,911.38,19.99,2.24,54717.0,342082.0,45.91,2.15,7093770.0,15461148.207526
801766.SI,20240716,影视院线,904.38,912.98,887.7,900.85,-10.53,-1.16,42428.0,260958.0,45.38,2.12,7011825.0,15287883.256578
801766.SI,20240717,影视院线,898.44,913.37,889.93,896.63,-4.23,-0.47,35010.0,223140.0,45.17,2.11,6978937.0,15233171.60763
801766.SI,20240718,影视院线,889.96,895.32,869.66,888.82,-7.81,-0.87,33568.0,205279.0,44.77,2.09,6918152.0,15135578.312286
801766.SI,20240719,影视院线,885.58,906.44,881.87,895.32,6.5,0.73,34294.0,224018.0,45.1,2.11,6968767.0,15254030.250443
801766.SI,20240722,影视院线,895.66,907.21,872.99,888.81,-6.51,-0.73,38316.0,253960.0,44.77,2.09,6918111.0,15101829.151916
801766.SI,20240723,影视院线,887.74,896.78,865.85,868.59,-20.22,-2.27,36292.0,227421.0,43.75,2.05,6760728.0,14744533.139334
801766.SI,20240724,影视院线,865.72,885.18,851.39,856.61,-11.98,-1.38,37143.0,221902.0,43.15,2.02,6667461.0,14563947.792546
801766.SI,20240725,影视院线,849.41,871.56,835.42,860.34,3.73,0.43,36451.0,210709.0,43.34,2.03,6696456.0,14635006.268339
801766.SI,20240726,影视院线,858.47,878.38,853.91,872.39,12.06,1.4,33401.0,207808.0,43.95,2.05,6790305.0,14819778.268876
801766.SI,20240729,影视院线,873.23,886.63,852.74,871.65,-0.74,-0.09,41569.0,236676.0,43.91,2.05,6784526.0,14766073.810635
801766.SI,20240730,影视院线,869.22,877.81,858.6,870.51,-1.14,-0.13,31861.0,181353.0,43.85,2.05,6775634.0,14735678.943743
801766.SI,20240731,影视院线,869.76,914.19,867.4,911.72,41.21,4.73,52795.0,331187.0,45.93,2.15,7096375.0,15443691.872423
801766.SI,20240801,影视院线,909.25,920.34,896.06,902.77,-8.95,-0.98,36560.0,254160.0,45.48,2.13,7026700.0,15301858.247527
801766.SI,20240802,影视院线,896.58,919.18,887.57,892.56,-10.2,-1.13,43360.0,289418.0,44.96,2.1,6947270.0,15144334.936963
801766.SI,20240805,影视院线,888.29,931.23,880.23,885.86,-6.7,-0.75,57799.0,374646.0,44.62,2.09,6895134.0,15072028.049053
801766.SI,20240806,影视院线,894.09,911.2,884.69,904.21,18.34,2.07,44862.0,274335.0,45.55,2.13,7037919.0,15373513.465457
801766.SI,20240807,影视院线,901.13,907.31,887.98,893.8,-10.41,-1.15,32927.0,207497.0,45.02,2.11,6956878.0,15184702.176159
801766.SI,20240808,影视院线,889.26,919.55,875.57,907.26,13.47,1.51,52146.0,318797.0,45.7,2.14,7061696.0,15428590.270422
801766.SI,20240809,影视院线,903.89,909.21,877.13,880.2,-27.06,-2.98,37999.0,244541.0,44.34,2.07,6851054.0,14963585.098747
801766.SI,20240812,影视院线,875.87,884.74,857.67,866.5,-13.7,-1.56,32713.0,191678.0,43.65,2.04,6744450.0,14731102.070607
801766.SI,20240813,影视院线,866.08,874.3,848.68,863.88,-2.63,-0.3,26678.0,156628.0,43.52,2.03,6724007.0,14644397.948563
801766.SI,20240814,影视院线,863.8,888.1,855.33,874.15,10.27,1.19,55450.0,250935.0,44.03,2.06,6803941.0,14766993.482495
801766.SI,20240815,影视院线,868.07,918.81,861.17,902.19,28.05,3.21,81237.0,429775.0,45.45,2.12,7022249.0,15218322.123407
801766.SI,20240816,影视院线,896.45,904.93,878.28,882.49,-19.7,-2.18,58025.0,295856.0,44.45,2.08,6868911.0,14873266.174158
801766.SI,20240819,影视院线,883.81,914.28,877.81,895.83,13.33,1.51,78066.0,319318.0,45.13,2.11,6972695.0,15030486.44472
801766.SI,20240820,影视院线,893.08,916.79,873.59,899.09,3.26,0.36,116812.0,465066.0,45.29,2.12,6998096.0,15038471.437378
801766.SI,20240821,影视院线,890.17,909.39,873.54,877.01,-22.09,-2.46,97270.0,387454.0,44.18,2.07,6826195.0,14703637.675473
801766.SI,20240822,影视院线,871.31,883.61,838.57,842.96,-34.05,-3.88,86359.0,345293.0,42.46,1.99,6561194.0,14115796.161926
801766.SI,20240823,影视院线,840.77,850.41,825.37,839.91,-3.05,-0.36,71417.0,249075.0,42.31,1.98,6537421.0,14051908.237375
801766.SI,20240826,影视院线,837.9,850.12,821.78,837.4,-2.5,-0.3,58473.0,213752.0,42.18,1.97,6517960.0,14028613.013839
801766.SI,20240827,影视院线,833.86,842.64,814.21,816.72,-20.69,-2.47,50656.0,194476.0,41.14,1.93,6356944.0,13688504.723885
801766.SI,20240828,影视院线,814.44,843.77,803.78,833.42,16.7,2.05,60007.0,260641.0,41.98,1.96,6486953.0,13962353.961684
801766.SI,20240829,影视院线,827.61,843.16,815.31,836.06,2.64,0.32,52743.0,236357.0,42.12,1.98,6507501.0,14007676.647198
801766.SI,20240830,影视院线,837.5,885.09,833.9,868.68,32.62,3.9,101776.0,436261.0,43.76,2.06,6761391.0,14507885.085445
801766.SI,20240902,影视院线,864.43,874.08,834.51,836.19,-32.49,-3.74,62137.0,306398.0,58.21,1.99,6508521.0,13982916.029582
801766.SI,20240903,影视院线,839.68,854.29,831.22,842.08,5.89,0.7,46556.0,203311.0,58.63,2.0,6556860.0,14074871.220216
801766.SI,20240904,影视院线,834.61,845.8,824.39,833.14,-8.95,-1.06,37787.0,164915.0,58.01,1.98,6487184.0,13932875.040175
801766.SI,20240905,影视院线,833.87,866.46,832.43,856.26,23.13,2.78,57719.0,263198.0,59.62,2.03,6667260.0,14277314.783206
801766.SI,20240906,影视院线,856.73,864.09,840.39,842.82,-13.45,-1.57,40210.0,184031.0,58.68,2.0,6562567.0,14057460.388652
801766.SI,20240909,影视院线,840.55,854.0,830.82,843.95,1.14,0.13,35180.0,172488.0,58.76,2.01,6571420.0,14093278.882747
801766.SI,20240910,影视院线,846.46,854.68,826.17,849.36,5.41,0.64,36936.0,192076.0,59.14,2.02,6613534.0,14193597.301935
801766.SI,20240911,影视院线,846.02,852.16,834.05,840.98,-8.39,-0.99,26772.0,151266.0,58.55,2.0,6548236.0,14053774.556348
801766.SI,20240912,影视院线,842.05,859.01,832.12,836.88,-4.09,-0.49,33837.0,192790.0,58.27,1.99,6516373.0,13952078.18471
801766.SI,20240913,影视院线,837.06,845.6,823.52,827.36,-9.52,-1.14,33669.0,179254.0,57.61,1.97,6442250.0,13819193.802477
801766.SI,20240918,影视院线,827.4,833.31,804.03,817.04,-10.32,-1.25,32050.0,167915.0,56.89,1.94,6361874.0,13636456.197334
801766.SI,20240919,影视院线,820.96,845.38,814.92,838.1,21.05,2.58,37983.0,191624.0,58.35,1.99,6525807.0,13984176.731114
801766.SI,20240920,影视院线,836.92,842.64,824.45,834.41,-3.68,-0.44,29314.0,150508.0,58.1,1.98,6497139.0,13913838.674114
801766.SI,20240923,影视院线,832.23,844.79,827.21,836.16,1.75,0.21,25517.0,129809.0,58.22,1.99,6510733.0,13921230.014103
801766.SI,20240924,影视院线,840.28,870.62,833.55,869.01,32.85,3.93,55038.0,312499.0,60.51,2.06,6766507.0,14499745.052563
801766.SI,20240925,影视院线,878.56,925.12,876.1,893.22,24.21,2.79,90528.0,545150.0,62.19,2.12,6955046.0,14905006.079066
801766.SI,20240926,影视院线,891.5,932.45,884.58,930.34,37.12,4.16,77395.0,485448.0,64.78,2.21,7244047.0,15544002.963954
801766.SI,20240927,影视院线,950.18,1009.96,940.09,996.52,66.18,7.11,103342.0,617153.0,69.38,2.37,7759343.0,16602292.465709
801766.SI,20240930,影视院线,1041.88,1123.28,1017.65,1115.52,119.0,11.94,156314.0,1060575.0,77.67,2.65,8685961.0,18465932.663166
801766.SI,20241008,影视院线,1262.49,1269.84,1097.19,1191.1,75.58,6.78,209415.0,1575721.0,82.93,2.83,9274453.0,19487062.913229
801766.SI,20241009,影视院线,1139.87,1140.18,1033.66,1035.49,-155.61,-13.06,140731.0,927875.0,72.1,2.46,8062831.0,17069029.292826
801766.SI,20241010,影视院线,1046.67,1081.96,1004.65,1031.51,-3.98,-0.38,92655.0,622092.0,71.82,2.45,8031812.0,17036903.133924
801766.SI,20241011,影视院线,1024.07,1029.21,962.8,977.26,-54.24,-5.26,76509.0,474356.0,68.04,2.32,7609445.0,16179666.638263
801766.SI,20241014,影视院线,979.96,1008.91,957.39,1002.22,24.96,2.55,65909.0,410390.0,69.78,2.38,7803781.0,16568891.359447
801766.SI,20241015,影视院线,997.48,1041.76,982.29,1000.17,-2.05,-0.2,83250.0,519015.0,69.64,2.38,7787813.0,16492950.647803
801766.SI,20241016,影视院线,981.85,1026.67,975.31,1007.27,7.09,0.71,57058.0,372719.0,70.13,2.39,7843043.0,16633647.572616
801766.SI,20241017,影视院线,1010.15,1044.23,1002.53,1014.02,6.76,0.67,72577.0,486734.0,70.6,2.41,7895654.0,16708407.489172
801766.SI,20241018,影视院线,1012.0,1064.83,995.91,1041.45,27.43,2.71,88636.0,620289.0,72.51,2.47,8109232.0,17141301.512934
801766.SI,20241021,影视院线,1042.27,1107.39,1038.5,1087.93,46.47,4.46,112734.0,818531.0,75.75,2.58,8471102.0,17889894.428588
801766.SI,20241022,影视院线,1089.84,1183.77,1083.66,1130.73,42.8,3.93,176523.0,1274515.0,78.73,2.68,8804375.0,18525667.145429
801766.SI,20241023,影视院线,1119.32,1130.59,1082.38,1091.98,-38.75,-3.43,118315.0,845732.0,76.03,2.59,8502678.0,17959184.487574
801766.SI,20241024,影视院线,1079.96,1102.46,1065.87,1082.99,-8.99,-0.82,66682.0,477588.0,75.4,2.57,8432656.0,17801431.760922
801766.SI,20241025,影视院线,1082.63,1133.06,1079.17,1119.76,36.77,3.4,82902.0,638680.0,77.96,2.66,8718959.0,18368726.18188
801766.SI,20241028,影视院线,1130.37,1186.92,1115.23,1169.64,49.88,4.45,123017.0,946659.0,80.21,2.78,9232255.0,19118656.408048
801766.SI,20241029,影视院线,1180.07,1201.79,1114.2,1123.69,-45.95,-3.93,127673.0,962592.0,77.05,2.66,8869548.0,18388759.528698
801766.SI,20241030,影视院线,1115.52,1174.56,1099.27,1132.82,9.13,0.81,98644.0,740061.0,77.68,2.68,8941617.0,18543828.226356
801766.SI,20241031,影视院线,1126.88,1175.52,1112.58,1154.67,21.85,1.93,104849.0,777010.0,79.18,2.74,9114048.0,18868534.961572
801766.SI,20241101,影视院线,1147.39,1156.88,1079.93,1092.37,-62.3,-5.4,95898.0,659242.0,115.55,2.6,8622323.0,17972201.814896
801766.SI,20241104,影视院线,1090.15,1134.4,1082.02,1122.66,30.29,2.77,60516.0,425189.0,118.75,2.67,8861381.0,18433507.138269
801766.SI,20241105,影视院线,1120.49,1174.82,1114.22,1164.49,41.83,3.73,87633.0,649180.0,123.18,2.77,9191581.0,19130079.309333
801766.SI,20241106,影视院线,1160.14,1201.51,1145.96,1178.02,13.53,1.16,102009.0,741282.0,124.61,2.8,9298386.0,19346100.555063
801766.SI,20241107,影视院线,1166.48,1218.9,1156.62,1205.87,27.85,2.36,108743.0,698987.0,126.16,2.86,9414200.0,19763775.879685
801766.SI,20241108,影视院线,1215.31,1232.75,1178.44,1187.74,-18.13,-1.5,106325.0,728540.0,124.26,2.82,9272652.0,19487875.475968
801766.SI,20241111,影视院线,1179.73,1241.04,1168.95,1226.23,38.49,3.24,113447.0,880299.0,128.29,2.91,9573130.0,20092095.281673
801766.SI,20241112,影视院线,1224.02,1246.74,1175.01,1193.19,-33.03,-2.69,113350.0,789894.0,124.83,2.83,9315246.0,19562366.475505
801766.SI,20241113,影视院线,1186.58,1231.62,1172.57,1213.64,20.44,1.71,100918.0,756349.0,126.97,2.88,9474857.0,19960980.695253
801766.SI,20241114,影视院线,1208.56,1238.4,1165.18,1170.84,-42.8,-3.53,79435.0,601406.0,122.5,2.78,9140739.0,19278049.943627
801766.SI,20241115,影视院线,1173.64,1244.2,1167.89,1180.31,9.46,0.81,115548.0,927405.0,123.49,2.8,9214626.0,19417073.579378
801766.SI,20241118,影视院线,1186.07,1197.71,1091.88,1107.27,-73.04,-6.19,109592.0,762769.0,115.84,2.63,8644420.0,18288749.853056
801766.SI,20241119,影视院线,1106.06,1137.98,1086.64,1133.57,26.3,2.38,72612.0,524977.0,118.6,2.69,8849744.0,18676422.355435
801766.SI,20241120,影视院线,1128.98,1200.62,1119.79,1179.88,46.32,4.09,118667.0,825565.0,123.44,2.8,9211342.0,19339157.729225
801766.SI,20241121,影视院线,1171.54,1221.79,1163.21,1189.91,10.03,0.85,109868.0,811352.0,124.49,2.82,9289620.0,19520018.039529
801766.SI,20241122,影视院线,1180.91,1235.68,1145.1,1158.92,-30.99,-2.6,139622.0,1019788.0,121.25,2.75,9047643.0,19019379.904435
801766.SI,20241125,影视院线,1163.42,1204.75,1115.4,1178.56,19.64,1.69,130812.0,941628.0,123.3,2.8,9200991.0,19216247.533656
801766.SI,20241126,影视院线,1191.65,1242.68,1167.1,1191.13,12.57,1.07,146115.0,1098277.0,124.62,2.83,9299096.0,19499764.21645
801766.SI,20241127,影视院线,1163.8,1262.51,1140.1,1253.52,62.39,5.24,178239.0,1386652.0,131.15,2.97,9786210.0,20530489.318498
801766.SI,20241128,影视院线,1255.3,1311.42,1224.21,1239.62,-13.9,-1.11,188915.0,1480888.0,129.69,2.94,9677718.0,20245840.982754
801766.SI,20241129,影视院线,1223.96,1267.28,1200.85,1235.31,-4.31,-0.35,153853.0,1157192.0,129.24,2.93,9644038.0,20151342.213646
801766.SI,20241202,影视院线,1227.11,1302.6,1222.19,1269.82,34.51,2.79,150257.0,1184408.0,132.85,3.01,9913431.0,20742505.519754
801766.SI,20241203,影视院线,1264.64,1301.86,1237.04,1269.24,-0.58,-0.05,143986.0,1095489.0,132.79,3.01,9908939.0,20768527.960303
801766.SI,20241204,影视院线,1263.67,1276.09,1205.1,1217.72,-51.52,-4.06,124013.0,948570.0,127.4,2.89,9506711.0,19979473.405112
801766.SI,20241205,影视院线,1215.61,1299.26,1210.25,1278.98,61.26,5.03,168051.0,1302099.0,133.63,3.03,9999363.0,20873679.804637
801766.SI,20241206,影视院线,1278.65,1326.71,1254.89,1305.59,26.61,2.08,173838.0,1401049.0,136.41,3.09,10207417.0,21274328.356114
801766.SI,20241209,影视院线,1303.35,1330.04,1259.47,1287.04,-18.55,-1.42,137777.0,1073948.0,134.47,3.05,10062410.0,20924613.432431
801766.SI,20241210,影视院线,1332.65,1392.12,1302.3,1336.79,49.75,3.87,195832.0,1671503.0,139.67,3.17,10451349.0,21700378.328751
801766.SI,20241211,影视院线,1334.12,1397.48,1318.98,1369.52,32.73,2.45,180947.0,1552167.0,143.09,3.25,10707257.0,22148820.774676
801766.SI,20241212,影视院线,1367.43,1404.01,1332.05,1369.67,0.15,0.01,150706.0,1279785.0,143.11,3.25,10708432.0,22209420.805131
801766.SI,20241213,影视院线,1353.45,1447.38,1341.07,1394.55,24.87,1.82,200886.0,1821490.0,145.71,3.31,10902890.0,22613543.774559
801766.SI,20241216,影视院线,1399.66,1459.1,1330.93,1394.16,-0.38,-0.03,197424.0,1820505.0,145.67,3.3,10899889.0,22590986.295503
801766.SI,20241217,影视院线,1364.69,1375.0,1288.5,1298.86,-95.3,-6.84,132482.0,1097132.0,135.71,3.08,10154775.0,21114203.931895
801766.SI,20241218,影视院线,1287.09,1341.71,1263.35,1304.26,5.4,0.42,107971.0,915311.0,136.27,3.09,10197014.0,21230693.993124
801766.SI,20241219,影视院线,1281.4,1316.07,1249.38,1289.6,-14.66,-1.12,106571.0,907031.0,134.74,3.06,10082363.0,21026645.018863
801766.SI,20241220,影视院线,1285.36,1322.78,1267.22,1300.09,10.5,0.81,96395.0,838132.0,135.84,3.08,10164421.0,21112106.260743
801766.SI,20241223,影视院线,1291.31,1304.15,1213.56,1222.13,-77.97,-6.0,112009.0,866488.0,127.69,2.9,9554870.0,19955670.923486
801766.SI,20241224,影视院线,1223.37,1238.82,1194.55,1225.12,2.99,0.24,70471.0,564766.0,128.0,2.9,9578260.0,20019663.594358
801766.SI,20241225,影视院线,1221.68,1235.63,1164.44,1202.67,-22.44,-1.83,74950.0,569281.0,125.66,2.85,9402784.0,19750567.290253
801766.SI,20241226,影视院线,1200.25,1234.08,1187.16,1206.07,3.4,0.28,64459.0,531451.0,126.01,2.86,9429338.0,19836896.752368
801766.SI,20241227,影视院线,1206.75,1239.13,1190.78,1211.22,5.15,0.43,70171.0,577918.0,126.55,2.87,9469587.0,19912747.49558
801766.SI,20241230,影视院线,1209.66,1223.69,1176.06,1195.14,-16.08,-1.33,60875.0,492665.0,124.87,2.83,9343882.0,19631364.660102
801766.SI,20241231,影视院线,1199.71,1213.95,1150.58,1155.78,-39.36,-3.29,63880.0,504023.0,120.76,2.74,9036183.0,19040828.514995
801766.SI,20250102,影视院线,1163.24,1186.21,1121.58,1136.82,-18.96,-1.64,72821.0,554777.0,118.78,2.69,8887915.0,18760277.230343
801766.SI,20250103,影视院线,1141.15,1170.27,1071.19,1093.28,-43.54,-3.83,87825.0,620961.0,114.23,2.59,8547535.0,17948304.105893
801766.SI,20250106,影视院线,1087.51,1103.17,1047.47,1065.87,-27.41,-2.51,61532.0,414800.0,111.36,2.53,8333234.0,17521682.878821
801766.SI,20250107,影视院线,1069.82,1093.06,1049.83,1084.69,18.82,1.77,56898.0,395727.0,113.33,2.57,8480335.0,17782234.072686
801766.SI,20250108,影视院线,1078.42,1102.98,1047.81,1089.55,4.86,0.45,68018.0,468043.0,113.84,2.58,8518365.0,17878646.506188
801766.SI,20250109,影视院线,1084.69,1116.14,1071.35,1090.96,1.41,0.13,64271.0,465484.0,113.99,2.59,8529414.0,17888189.741369
801766.SI,20250110,影视院线,1089.06,1111.17,1046.81,1047.88,-43.08,-3.95,62299.0,441835.0,109.48,2.48,8192589.0,17193707.554655
801766.SI,20250113,影视院线,1034.31,1065.35,1012.84,1051.54,3.66,0.35,52760.0,365319.0,109.87,2.49,8221165.0,17263899.382379
801766.SI,20250114,影视院线,1062.65,1120.31,1055.14,1117.29,65.75,6.25,82545.0,573722.0,116.74,2.65,8735245.0,18231674.131898
801766.SI,20250115,影视院线,1119.03,1145.26,1103.78,1123.09,5.8,0.52,86614.0,635035.0,117.34,2.66,8780602.0,18259771.34146
801766.SI,20250116,影视院线,1123.62,1160.62,1110.64,1123.84,0.75,0.07,78267.0,578021.0,117.42,2.66,8786462.0,18293319.240435
801766.SI,20250117,影视院线,1119.39,1143.15,1096.44,1123.63,-0.21,-0.02,61760.0,467265.0,117.4,2.66,8784798.0,18382426.282615
801766.SI,20250120,影视院线,1144.62,1178.6,1128.41,1145.88,22.25,1.98,90045.0,730680.0,119.72,2.72,8958746.0,18816018.008616
801766.SI,20250121,影视院线,1153.05,1172.28,1122.59,1152.05,6.17,0.54,86201.0,717374.0,120.69,2.72,9031227.0,18908771.22959
801766.SI,20250122,影视院线,1140.16,1155.47,1118.28,1130.29,-21.76,-1.89,65919.0,538598.0,118.41,2.67,8860627.0,18635965.859224
801766.SI,20250123,影视院线,1143.17,1165.62,1122.15,1130.93,0.64,0.06,73518.0,582046.0,118.48,2.67,8865653.0,18654770.762793
801766.SI,20250124,影视院线,1130.11,1173.62,1118.1,1165.49,34.56,3.06,90909.0,727112.0,122.1,2.75,9136576.0,19107398.100676
801766.SI,20250127,影视院线,1182.55,1200.17,1147.29,1159.48,-6.0,-0.52,91061.0,722351.0,121.47,2.74,9089515.0,19034980.658201
801766.SI,20250205,影视院线,1190.23,1206.76,1151.11,1170.41,10.93,0.94,109990.0,957976.0,122.62,2.76,9175164.0,19116715.354028
801766.SI,20250206,影视院线,1172.44,1238.31,1156.83,1228.8,58.39,4.99,141313.0,1263296.0,127.83,2.93,9565495.0,20112792.862994
801766.SI,20250207,影视院线,1225.95,1263.23,1201.99,1238.61,9.81,0.8,150594.0,1370384.0,128.85,2.95,9641888.0,20230447.974069
801766.SI,20250210,影视院线,1250.39,1327.44,1241.26,1320.54,81.92,6.61,154586.0,1474083.0,137.38,3.14,10279628.0,21674891.0
801766.SI,20250211,影视院线,1333.63,1391.73,1305.71,1369.96,49.43,3.74,148981.0,1580037.0,142.52,3.26,10664393.0,22665458.0
801766.SI,20250212,影视院线,1387.01,1491.0,1373.84,1461.79,91.83,6.7,185080.0,2095025.0,152.07,3.48,11379207.0,24351500.0
801766.SI,20250213,影视院线,1489.61,1638.07,1462.91,1606.83,145.04,9.92,277329.0,2737388.0,167.16,3.83,12508269.0,26963551.0
801766.SI,20250214,影视院线,1659.46,1727.97,1593.23,1681.83,75.0,4.67,254687.0,2631605.0,174.96,4.0,13092095.0,28353057.0
801766.SI,20250217,影视院线,1757.38,1800.05,1498.59,1537.39,-144.44,-8.59,252268.0,3609626.0,159.94,3.66,11967717.0,25790494.0
801766.SI,20250218,影视院线,1519.92,1552.32,1427.61,1457.52,-79.88,-5.2,177646.0,2225540.0,151.63,3.47,11345928.0,24451449.0
801766.SI,20250219,影视院线,1447.12,1518.12,1432.15,1498.92,41.41,2.84,139804.0,1892898.0,155.93,3.57,11668259.0,25137654.0
801766.SI,20250220,影视院线,1489.0,1505.32,1450.55,1464.37,-34.56,-2.31,105868.0,1397051.0,152.34,3.49,11399264.0,24503787.0
801766.SI,20250221,影视院线,1471.47,1529.57,1459.47,1499.17,34.8,2.38,131640.0,1599927.0,155.96,3.57,11670191.0,25048766.0
801766.SI,20250224,影视院线,1505.66,1544.95,1468.78,1480.61,-18.57,-1.24,133161.0,1665399.0,154.03,3.53,11525672.0,24763250.0
801766.SI,20250225,影视院线,1448.69,1461.86,1401.71,1414.94,-65.66,-4.43,120665.0,1481325.0,147.29,3.37,11021806.0,23607656.0
801766.SI,20250226,影视院线,1431.62,1450.17,1405.45,1426.7,11.76,0.83,120847.0,1180849.0,148.52,3.39,11113420.0,23767014.0
801766.SI,20250227,影视院线,1423.02,1455.29,1384.14,1414.78,-11.92,-0.84,133539.0,1393937.0,147.28,3.36,11020739.0,23582065.0
801766.SI,20250228,影视院线,1403.43,1422.98,1346.02,1350.88,-63.9,-4.52,111937.0,1104223.0,140.95,3.22,10547092.0,22675309.0
801766.SI,20250303,影视院线,1352.21,1384.58,1331.41,1359.39,8.51,0.63,81127.0,940201.0,141.84,3.24,10613523.0,22824853.0
801766.SI,20250304,影视院线,1344.37,1365.56,1326.35,1350.73,-8.67,-0.64,69130.0,751415.0,140.93,3.22,10545853.0,22620711.0
801766.SI,20250305,影视院线,1347.06,1366.18,1325.09,1355.39,4.66,0.35,72109.0,739107.0,141.42,3.23,10582253.0,22697195.0
801766.SI,20250306,影视院线,1359.47,1427.83,1355.9,1407.97,52.58,3.88,122867.0,1252059.0,147.43,3.33,11032254.0,23520583.0
801766.SI,20250307,影视院线,1402.63,1416.08,1362.67,1372.62,-35.35,-2.51,92449.0,942666.0,143.73,3.25,10755288.0,22902397.0
801766.SI,20250310,影视院线,1373.37,1390.58,1354.15,1373.61,0.99,0.07,62705.0,613483.0,143.84,3.25,10763045.0,22982815.0
801766.SI,20250311,影视院线,1356.44,1409.53,1347.66,1399.24,25.63,1.87,74783.0,771648.0,146.52,3.32,10963881.0,23372540.0
801766.SI,20250312,影视院线,1407.99,1455.15,1395.31,1417.27,18.03,1.29,120207.0,1263320.0,148.44,3.36,11107494.0,23644125.0
801766.SI,20250313,影视院线,1413.33,1426.98,1371.45,1389.66,-27.61,-1.95,82448.0,846884.0,145.55,3.29,10891091.0,23251367.0
801766.SI,20250314,影视院线,1392.37,1444.24,1381.32,1430.12,40.46,2.91,91714.0,996601.0,149.79,3.39,11208217.0,23965697.0
801766.SI,20250317,影视院线,1433.84,1457.7,1407.34,1430.02,-0.1,-0.01,87481.0,967815.0,149.78,3.39,11207435.0,23969354.0
801766.SI,20250318,影视院线,1423.84,1447.43,1410.05,1420.29,-9.74,-0.68,69609.0,773714.0,148.76,3.36,11131132.0,23800539.0
801766.SI,20250319,影视院线,1417.99,1425.68,1382.01,1391.19,-29.09,-2.05,69405.0,750494.0,145.82,3.29,10911426.0,23284037.0
801766.SI,20250320,影视院线,1389.79,1415.55,1372.73,1381.02,-10.17,-0.73,63085.0,696976.0,144.75,3.27,10831648.0,23143064.0
801766.SI,20250321,影视院线,1372.99,1381.74,1343.53,1348.49,-32.53,-2.36,62493.0,598686.0,141.34,3.19,10576488.0,22635922.0
801766.SI,20250324,影视院线,1350.79,1361.11,1304.84,1331.8,-16.69,-1.24,61296.0,550027.0,139.59,3.15,10445573.0,22380554.0
801766.SI,20250325,影视院线,1328.67,1335.74,1296.31,1307.89,-23.91,-1.8,43625.0,433231.0,137.09,3.1,10258043.0,21965042.0
801766.SI,20250326,影视院线,1308.7,1327.63,1298.04,1314.65,6.76,0.52,40646.0,416164.0,138.08,3.11,10332466.0,22080100.0
801766.SI,20250327,影视院线,1311.64,1328.75,1293.53,1309.02,-5.63,-0.43,40027.0,379536.0,137.49,3.1,10288201.0,21968825.0
801766.SI,20250328,影视院线,1308.12,1355.96,1296.29,1329.79,20.77,1.59,85928.0,778310.0,139.67,3.15,10451406.0,22349207.0
801766.SI,20250331,影视院线,1312.48,1325.75,1269.35,1307.63,-22.16,-1.67,73221.0,667692.0,137.34,3.09,10277239.0,22041821.0
801766.SI,20250401,影视院线,1307.86,1333.07,1293.98,1306.7,-0.92,-0.07,51748.0,499859.0,136.87,3.09,10281607.0,22057087.0
801766.SI,20250402,影视院线,1304.46,1343.71,1299.81,1316.06,9.36,0.72,49374.0,504235.0,137.85,3.11,10355273.0,22200482.0
801766.SI,20250403,影视院线,1299.93,1333.23,1295.06,1313.69,-2.38,-0.18,47255.0,447281.0,137.6,3.11,10336563.0,22217979.0
801766.SI,20250407,影视院线,1237.21,1254.32,1118.06,1135.17,-178.51,-13.59,89114.0,732085.0,118.9,2.68,8931959.0,19335960.0
801766.SI,20250408,影视院线,1138.14,1187.18,1118.11,1160.1,24.93,2.2,84834.0,695857.0,121.51,2.74,9128122.0,19787813.0
801766.SI,20250409,影视院线,1139.47,1210.53,1081.68,1198.51,38.41,3.31,85255.0,718621.0,125.54,2.83,9430313.0,20468444.0
801766.SI,20250410,影视院线,1208.84,1271.08,1200.06,1242.99,44.48,3.71,89484.0,859902.0,128.36,2.95,9780272.0,21248114.0
801766.SI,20250411,影视院线,1256.71,1279.73,1220.63,1226.8,-16.19,-1.3,86994.0,752710.0,126.68,2.91,9652902.0,20874576.0
801766.SI,20250414,影视院线,1233.85,1256.18,1223.95,1234.08,7.28,0.59,62404.0,530863.0,127.44,2.93,9710207.0,21008989.0
801766.SI,20250415,影视院线,1245.31,1271.67,1224.49,1240.16,6.07,0.49,55652.0,500428.0,128.06,2.94,9758003.0,21134923.0
801766.SI,20250416,影视院线,1230.39,1252.83,1204.99,1225.0,-15.15,-1.22,55634.0,498274.0,126.85,2.91,9665776.0,20901957.0
801766.SI,20250417,影视院线,1216.32,1253.34,1209.23,1232.6,7.59,0.62,51132.0,468342.0,127.64,2.92,9725695.0,21056180.0
801766.SI,20250418,影视院线,1234.76,1250.52,1217.25,1235.26,2.66,0.22,49593.0,477106.0,125.75,2.92,9746692.0,21052134.0
801766.SI,20250421,影视院线,1237.7,1304.45,1223.78,1293.28,58.02,4.7,77019.0,878602.0,125.63,3.1,10204478.0,22115024.0
801766.SI,20250422,影视院线,1269.7,1279.83,1240.41,1246.31,-46.97,-3.63,62412.0,761762.0,137.03,2.92,9833873.0,21254302.0
801766.SI,20250423,影视院线,1252.03,1263.6,1226.44,1237.31,-9.0,-0.72,55924.0,563309.0,161.58,2.9,9762886.0,21085901.0
801766.SI,20250424,影视院线,1238.6,1246.04,1203.7,1213.14,-24.17,-1.95,51023.0,479111.0,158.43,2.86,9572155.0,20706476.0
801766.SI,20250425,影视院线,1223.51,1243.3,1215.4,1227.01,13.87,1.14,50892.0,439846.0,160.24,2.88,9681615.0,20933101.0
801766.SI,20250428,影视院线,1223.63,1242.31,1207.26,1220.93,-6.08,-0.5,46408.0,402016.0,159.44,2.87,9633651.0,20809085.0
801766.SI,20250429,影视院线,1205.33,1237.76,1193.23,1223.71,2.78,0.23,50805.0,442816.0,173.09,2.98,9655599.0,20834294.0
801766.SI,20250430,影视院线,1226.98,1261.81,1222.52,1245.79,22.07,1.8,66753.0,554673.0,176.21,3.03,9829764.0,21270171.0
801766.SI,20250506,影视院线,1243.94,1264.77,1228.77,1261.81,16.02,1.29,66826.0,566942.0,81.36,3.07,9956177.0,21522173.0
801766.SI,20250507,影视院线,1270.17,1278.87,1234.47,1246.19,-15.62,-1.24,59303.0,531051.0,80.36,3.03,9832939.0,21244708.0
801766.SI,20250508,影视院线,1238.85,1269.64,1230.09,1256.74,10.55,0.85,66114.0,584062.0,81.04,3.06,9916166.0,21391322.0
801766.SI,20250509,影视院线,1253.59,1256.0,1219.43,1223.89,-32.85,-2.61,51597.0,447385.0,78.92,2.98,9656965.0,20831385.0
801766.SI,20250512,影视院线,1232.62,1241.73,1222.57,1235.7,11.81,0.97,42086.0,351179.0,79.69,3.01,9755536.0,21012499.0
801766.SI,20250513,影视院线,1245.11,1255.49,1226.5,1229.55,-6.15,-0.5,43466.0,370203.0,79.29,2.99,9706994.0,20904578.0
801766.SI,20250514,影视院线,1228.6,1245.5,1218.29,1235.57,6.02,0.49,41323.0,361951.0,79.68,3.01,9754497.0,21035088.0
801766.SI,20250515,影视院线,1232.0,1234.34,1203.23,1207.73,-27.84,-2.25,39872.0,334973.0,77.88,2.94,9534701.0,20581046.0
801766.SI,20250516,影视院线,1204.66,1218.2,1199.04,1206.72,-1.0,-0.08,29246.0,248458.0,77.82,2.94,9526778.0,20565524.0
801766.SI,20250519,影视院线,1205.55,1223.23,1191.23,1217.02,10.3,0.85,39268.0,311780.0,78.48,2.96,9608076.0,20734170.0
801766.SI,20250520,影视院线,1207.73,1238.35,1198.89,1233.31,16.28,1.34,60413.0,525099.0,79.53,3.0,9736640.0,20962998.0
801766.SI,20250521,影视院线,1229.64,1240.18,1215.01,1227.06,-6.24,-0.51,54870.0,449748.0,79.13,2.99,9687367.0,20859444.0
801766.SI,20250522,影视院线,1222.91,1243.36,1208.76,1220.37,-6.69,-0.55,59208.0,497961.0,78.7,2.97,9634551.0,20744050.0
801766.SI,20250523,影视院线,1217.26,1236.65,1194.06,1199.65,-20.73,-1.7,58722.0,486241.0,77.36,2.92,9470924.0,20424633.0
801766.SI,20250526,影视院线,1199.29,1235.93,1196.09,1226.87,27.22,2.27,60420.0,527148.0,79.12,2.98,9685807.0,20877274.0
801766.SI,20250527,影视院线,1222.66,1243.82,1213.15,1230.81,3.94,0.32,56027.0,497439.0,79.37,2.99,9716915.0,20930168.0
801766.SI,20250528,影视院线,1229.08,1235.27,1206.67,1215.84,-14.97,-1.22,44387.0,376250.0,78.41,2.96,9598721.0,20674367.0
801766.SI,20250529,影视院线,1213.05,1239.71,1205.98,1235.05,19.21,1.58,55923.0,448754.0,79.64,3.0,9750389.0,20962823.0
801766.SI,20250530,影视院线,1231.71,1244.88,1209.49,1213.98,-21.07,-1.71,50272.0,420850.0,78.29,2.95,9584041.0,20628272.0
801766.SI,20250603,影视院线,1207.6,1244.24,1203.33,1229.86,15.88,1.31,50744.0,439268.0,79.31,2.99,9709448.0,20913606.0
801766.SI,20250604,影视院线,1230.24,1253.71,1224.83,1245.24,15.38,1.25,52362.0,448101.0,80.3,3.03,9830863.0,21187782.0
801766.SI,20250605,影视院线,1244.3,1265.04,1235.74,1251.05,5.81,0.47,61244.0,519476.0,80.68,3.04,9876713.0,21291709.0
801766.SI,20250606,影视院线,1250.07,1260.56,1234.47,1242.24,-8.81,-0.7,40693.0,345594.0,80.11,3.02,9807166.0,21172883.0
801766.SI,20250609,影视院线,1246.93,1282.46,1241.98,1272.86,30.62,2.46,63618.0,540752.0,82.08,3.1,10048902.0,21651804.0
801766.SI,20250610,影视院线,1272.7,1294.88,1249.99,1283.73,10.87,0.85,84757.0,723786.0,82.78,3.12,10134693.0,21786888.0
801766.SI,20250611,影视院线,1279.93,1300.55,1271.06,1287.26,3.53,0.28,77754.0,641429.0,83.01,3.13,10162599.0,21813894.0
801766.SI,20250612,影视院线,1279.65,1340.59,1272.0,1320.11,32.85,2.55,119315.0,1141771.0,85.13,3.21,10421954.0,22385055.0
801766.SI,20250613,影视院线,1304.41,1311.88,1260.97,1269.03,-51.08,-3.87,90553.0,791009.0,81.84,3.09,10018662.0,21576088.0
801766.SI,20250616,影视院线,1267.44,1369.14,1263.92,1353.74,84.71,6.68,114541.0,1157155.0,87.3,3.29,10687435.0,23072898.0
801766.SI,20250617,影视院线,1367.88,1375.31,1308.52,1318.74,-35.0,-2.59,98208.0,1181472.0,85.04,3.21,10411106.0,22475996.0
801766.SI,20250618,影视院线,1309.08,1319.84,1280.68,1291.05,-27.69,-2.1,62125.0,667925.0,83.26,3.14,10192480.0,21980164.0
801766.SI,20250619,影视院线,1285.89,1317.69,1258.18,1292.2,1.16,0.09,100069.0,815685.0,83.64,3.13,10239645.0,21880963.0
801766.SI,20250620,影视院线,1292.52,1306.64,1248.6,1253.22,-38.98,-3.02,91172.0,727950.0,81.12,3.04,9930788.0,21263458.0
801766.SI,20250623,影视院线,1254.83,1290.21,1246.19,1277.02,23.79,1.9,85959.0,690967.0,82.66,3.09,10120211.0,21602099.0
801766.SI,20250624,影视院线,1283.24,1311.3,1275.28,1298.32,21.31,1.67,99691.0,800247.0,84.04,3.15,10289062.0,21950839.0
801766.SI,20250625,影视院线,1298.21,1307.77,1273.6,1298.31,-0.01,0.0,94151.0,726701.0,84.04,3.15,10288994.0,21957030.0
801766.SI,20250626,影视院线,1293.0,1331.14,1277.62,1308.76,10.44,0.8,95530.0,919530.0,84.71,3.17,10371767.0,22172976.0
801766.SI,20250627,影视院线,1309.7,1321.75,1291.14,1303.08,-5.68,-0.43,82462.0,693574.0,84.35,3.16,10326769.0,22092549.0
801766.SI,20250630,影视院线,1304.43,1333.26,1294.78,1319.96,16.88,1.3,80398.0,699409.0,85.44,3.2,10460535.0,22380023.0
801766.SI,20250701,影视院线,1321.54,1334.17,1295.9,1309.27,-10.69,-0.81,73583.0,630782.0,84.75,3.17,10375843.0,22204208.0
801766.SI,20250702,影视院线,1305.71,1319.41,1287.09,1296.47,-12.81,-0.98,64630.0,515717.0,83.92,3.14,10274347.0,22008445.0
801766.SI,20250703,影视院线,1297.39,1320.73,1287.21,1300.19,3.72,0.29,51103.0,440111.0,84.16,3.15,10303851.0,22066799.0
801766.SI,20250704,影视院线,1298.81,1307.38,1281.25,1286.26,-13.93,-1.07,63570.0,507533.0,83.26,3.12,10193494.0,21832171.0
801766.SI,20250707,影视院线,1281.64,1299.59,1273.6,1285.08,-1.18,-0.09,45737.0,358329.0,83.18,3.11,10184115.0,21846029.0
801766.SI,20250708,影视院线,1284.93,1307.32,1278.9,1301.22,16.14,1.26,54743.0,444201.0,84.23,3.15,10312004.0,22099932.0
801766.SI,20250709,影视院线,1299.46,1340.85,1295.12,1322.72,21.51,1.65,100992.0,791782.0,85.62,3.21,10482435.0,22459963.0
801766.SI,20250710,影视院线,1320.13,1341.99,1310.58,1324.06,1.34,0.1,84060.0,640610.0,85.7,3.21,10493034.0,22464285.0
801766.SI,20250711,影视院线,1326.5,1338.97,1305.55,1324.33,0.26,0.02,83588.0,632848.0,85.72,3.21,10495132.0,22467693.0
801766.SI,20250714,影视院线,1325.04,1335.21,1302.35,1309.72,-14.61,-1.1,69403.0,514806.0,84.7,3.17,10389023.0,22259325.0
801766.SI,20250715,影视院线,1307.13,1315.65,1279.06,1296.89,-12.83,-0.98,65977.0,519471.0,83.87,3.14,10287242.0,22040634.0
801766.SI,20250716,影视院线,1296.96,1342.87,1293.67,1317.44,20.55,1.58,85775.0,731129.0,85.2,3.19,10450289.0,22462554.0
801766.SI,20250717,影视院线,1313.45,1335.84,1302.71,1329.6,12.15,0.92,65080.0,559595.0,85.99,3.22,10546689.0,22637991.0
801766.SI,20250718,影视院线,1335.79,1359.37,1320.24,1333.35,3.75,0.28,84475.0,690037.0,86.23,3.23,10576442.0,22686155.0
801766.SI,20250721,影视院线,1329.75,1342.41,1318.69,1330.64,-2.7,-0.2,60886.0,549028.0,86.06,3.22,10554996.0,22663815.0
801766.SI,20250722,影视院线,1330.6,1344.7,1312.86,1326.81,-3.84,-0.29,61728.0,547762.0,85.81,3.21,10524554.0,22626036.0
801766.SI,20250723,影视院线,1325.86,1346.49,1313.86,1317.82,-8.99,-0.68,66279.0,552709.0,85.23,3.19,10453269.0,22502722.0
801766.SI,20250724,影视院线,1321.06,1355.89,1316.81,1352.48,34.66,2.63,78318.0,695183.0,87.47,3.28,10728225.0,23148288.0
801766.SI,20250725,影视院线,1358.03,1376.73,1338.53,1360.08,7.6,0.56,85062.0,789609.0,87.96,3.29,10788519.0,23300550.0
801766.SI,20250728,影视院线,1379.69,1411.65,1369.84,1397.08,37.0,2.72,104271.0,987556.0,90.35,3.38,11082010.0,24141844.0
801766.SI,20250729,影视院线,1405.84,1423.41,1361.94,1389.0,-8.08,-0.58,104193.0,1145569.0,89.83,3.36,11017887.0,23979244.0
801766.SI,20250730,影视院线,1392.64,1456.98,1384.31,1427.34,38.34,2.76,141046.0,1548107.0,92.31,3.46,11321999.0,24742307.0
801766.SI,20250731,影视院线,1422.53,1437.51,1373.21,1387.02,-40.32,-2.82,121589.0,1321418.0,89.7,3.36,11002197.0,23962615.0
801766.SI,20250801,影视院线,1397.74,1424.01,1360.85,1403.85,16.83,1.21,113736.0,1144444.0,90.79,3.4,11135709.0,24207031.0
801766.SI,20250804,影视院线,1419.49,1454.74,1382.53,1408.15,4.3,0.31,126274.0,1398929.0,91.07,3.41,11169792.0,24256501.0
801766.SI,20250805,影视院线,1401.84,1420.16,1382.35,1398.43,-9.72,-0.69,91905.0,955059.0,90.44,3.39,11092729.0,24046818.0
801766.SI,20250806,影视院线,1398.19,1423.0,1374.02,1407.96,9.53,0.68,105412.0,1052478.0,91.06,3.41,11168322.0,24108459.0
801766.SI,20250807,影视院线,1403.74,1430.28,1394.09,1414.5,6.53,0.46,87834.0,949947.0,91.48,3.43,11220151.0,24328447.0
801766.SI,20250808,影视院线,1407.83,1416.59,1378.47,1388.4,-26.1,-1.85,78337.0,807593.0,90.34,3.37,11079743.0,23907729.0
801766.SI,20250811,影视院线,1372.72,1388.52,1357.52,1376.83,-11.57,-0.83,72176.0,779126.0,89.79,3.34,11012950.0,23676573.0
801766.SI,20250812,影视院线,1372.75,1386.23,1357.32,1366.45,-10.38,-0.75,71584.0,684459.0,89.11,3.32,10929931.0,23476928.0
801766.SI,20250813,影视院线,1364.46,1379.36,1352.3,1365.32,-1.13,-0.08,80673.0,730784.0,89.04,3.31,10920885.0,23418528.0
801766.SI,20250814,影视院线,1364.72,1374.5,1329.4,1334.08,-31.24,-2.29,80253.0,766761.0,87.0,3.24,10671033.0,22891858.0
801766.SI,20250815,影视院线,1331.01,1353.76,1325.49,1350.11,16.03,1.2,60468.0,552130.0,88.05,3.28,10799221.0,23155830.0
801766.SI,20250818,影视院线,1363.61,1440.85,1361.48,1421.95,71.84,5.32,188790.0,1664887.0,92.73,3.45,11373879.0,24214960.0
801766.SI,20250819,影视院线,1424.81,1444.95,1394.34,1418.31,-3.64,-0.26,158136.0,1386903.0,92.5,3.44,11344753.0,24103524.0
801766.SI,20250820,影视院线,1412.44,1426.58,1381.51,1407.66,-10.66,-0.75,131757.0,1023750.0,91.8,3.42,11259514.0,23946171.0
801766.SI,20250821,影视院线,1406.7,1428.41,1388.01,1406.07,-1.59,-0.11,107066.0,914967.0,91.7,3.41,11246792.0,23967462.0
801766.SI,20250822,影视院线,1405.24,1422.57,1393.66,1414.37,8.3,0.59,84744.0,781513.0,92.24,3.43,11313208.0,24117273.0
801766.SI,20250825,影视院线,1418.46,1448.41,1407.61,1442.96,28.59,2.02,121142.0,1100625.0,94.1,3.5,11541882.0,24499337.0
801766.SI,20250826,影视院线,1437.25,1469.9,1426.73,1453.2,10.25,0.71,104882.0,980471.0,96.01,3.53,11776170.0,24689657.0
801766.SI,20250827,影视院线,1453.55,1473.23,1405.81,1409.21,-43.99,-3.03,133954.0,1249017.0,93.11,3.44,11419676.0,23887535.0
801766.SI,20250828,影视院线,1408.16,1431.44,1371.89,1414.69,5.47,0.39,110972.0,975205.0,93.47,3.47,11464035.0,24052872.0
801766.SI,20250829,影视院线,1411.72,1435.11,1389.5,1398.01,-16.68,-1.18,98548.0,848953.0,92.27,3.44,11316449.0,23779658.0
801766.SI,20250901,影视院线,1397.22,1429.91,1380.87,1415.94,17.93,1.28,99875.0,840008.0,97.08,3.49,11461611.0,24175670.0
801766.SI,20250902,影视院线,1410.22,1415.55,1353.22,1366.26,-49.69,-3.51,92863.0,841454.0,93.68,3.37,11059422.0,23291441.0
801766.SI,20250903,影视院线,1368.03,1394.33,1333.96,1343.44,-22.82,-1.67,83938.0,711412.0,92.11,3.31,10874723.0,22905800.0
801766.SI,20250904,影视院线,1347.24,1362.42,1309.25,1330.8,-12.64,-0.94,80209.0,711948.0,91.29,3.28,10777755.0,22707231.0
801766.SI,20250905,影视院线,1337.49,1384.23,1322.04,1378.94,48.13,3.62,87773.0,897258.0,94.59,3.4,11167575.0,23637137.0
801766.SI,20250908,影视院线,1383.65,1428.73,1375.21,1417.97,39.03,2.83,103369.0,1046684.0,97.26,3.5,11482288.0,24402880.0
801766.SI,20250909,影视院线,1416.15,1447.52,1392.21,1422.23,4.26,0.3,115361.0,1229567.0,97.55,3.51,11516756.0,24644305.0
801766.SI,20250910,影视院线,1419.49,1487.46,1406.61,1461.19,38.97,2.74,150967.0,1594784.0,100.22,3.6,11832290.0,25347930.0
801766.SI,20250911,影视院线,1452.76,1461.86,1403.73,1447.39,-13.8,-0.94,113251.0,1213745.0,99.28,3.57,11720543.0,25084074.0
801766.SI,20250912,影视院线,1448.37,1488.12,1435.29,1469.64,22.25,1.54,118217.0,1311662.0,100.81,3.62,11901960.0,25634272.0
801766.SI,20250915,影视院线,1477.46,1530.94,1458.11,1507.1,37.45,2.55,140353.0,1557463.0,103.38,3.71,12205278.0,26397020.0
801766.SI,20250916,影视院线,1512.06,1534.52,1467.68,1498.56,-8.54,-0.57,112205.0,1401579.0,102.8,3.69,12136137.0,26250334.0
801766.SI,20250917,影视院线,1490.7,1514.23,1455.27,1484.65,-13.91,-0.93,104320.0,1233995.0,101.84,3.66,12023472.0,25851333.0
801766.SI,20250918,影视院线,1481.45,1496.92,1422.14,1436.57,-48.07,-3.24,111158.0,1246860.0,98.54,3.54,11634138.0,24944543.0
801766.SI,20250919,影视院线,1427.49,1503.08,1404.89,1479.05,42.48,2.96,125098.0,1439708.0,101.46,3.65,11978138.0,25599057.0
801766.SI,20250922,影视院线,1464.61,1478.47,1416.17,1433.45,-45.6,-3.08,103179.0,1075207.0,98.33,3.53,11608809.0,24608311.0
801766.SI,20250923,影视院线,1425.68,1448.08,1375.68,1418.16,-15.28,-1.07,102403.0,1087354.0,91.22,3.52,11777781.0,24233476.0
801766.SI,20250924,影视院线,1411.53,1458.34,1398.82,1438.02,19.86,1.4,84329.0,954002.0,92.5,3.57,11942703.0,24539686.0
801766.SI,20250925,影视院线,1434.78,1476.11,1425.2,1453.93,15.91,1.11,108442.0,1105159.0,93.52,3.61,12074817.0,24779110.0
801766.SI,20250926,影视院线,1452.03,1461.93,1413.56,1422.59,-31.34,-2.16,81793.0,781909.0,91.51,3.54,11814557.0,24211483.0
801766.SI,20250929,影视院线,1414.85,1440.41,1384.72,1425.7,3.11,0.22,79831.0,762714.0,91.83,3.54,11856770.0,24316869.0
801766.SI,20250930,影视院线,1437.06,1456.11,1420.18,1436.64,10.94,0.77,71591.0,710498.0,92.54,3.57,11947731.0,24585719.0
801766.SI,20251009,影视院线,1401.2,1409.56,1331.04,1346.78,-89.86,-6.25,117804.0,1121516.0,87.57,3.34,11305598.0,22876091.0
801766.SI,20251010,影视院线,1335.7,1349.32,1322.6,1328.74,-18.04,-1.34,66908.0,621678.0,86.39,3.3,11154171.0,22509657.0
801766.SI,20251013,影视院线,1285.41,1313.63,1269.27,1304.36,-24.39,-1.84,62448.0,557679.0,85.0,3.24,10939496.0,22113416.0
801766.SI,20251014,影视院线,1310.72,1324.16,1281.25,1286.98,-17.38,-1.33,59463.0,517010.0,83.87,3.19,10793768.0,21825422.0
801766.SI,20251015,影视院线,1292.85,1308.5,1279.09,1303.46,16.48,1.28,47355.0,407535.0,84.94,3.23,10932020.0,22090638.0
801766.SI,20251016,影视院线,1301.44,1306.82,1281.28,1287.52,-15.94,-1.22,41863.0,348885.0,83.91,3.19,10798333.0,21829432.0
801766.SI,20251017,影视院线,1286.64,1297.33,1256.18,1260.22,-27.31,-2.12,50081.0,402302.0,82.13,3.13,10569324.0,21398567.0
801766.SI,20251020,影视院线,1273.8,1293.7,1267.74,1284.79,24.58,1.95,42364.0,355371.0,83.73,3.19,10775435.0,21806565.0
801766.SI,20251021,影视院线,1284.69,1301.97,1276.85,1293.82,9.02,0.7,46490.0,373402.0,84.32,3.21,10851118.0,21976232.0
801766.SI,20251022,影视院线,1290.91,1320.09,1281.84,1299.9,6.08,0.47,56241.0,459680.0,84.71,3.23,10902127.0,22106828.0
801766.SI,20251023,影视院线,1300.16,1338.74,1285.1,1331.08,31.18,2.4,89623.0,807853.0,86.74,3.3,11163641.0,22621814.0
801766.SI,20251024,影视院线,1322.88,1337.01,1309.56,1320.48,-10.6,-0.8,70428.0,637724.0,86.05,3.28,11074757.0,22430386.0
801766.SI,20251027,影视院线,1328.41,1339.03,1307.63,1317.66,-2.83,-0.21,60340.0,548397.0,85.87,3.27,11051044.0,22397070.0
801766.SI,20251028,影视院线,1317.44,1340.57,1309.62,1326.78,9.13,0.69,57093.0,569821.0,86.85,3.29,11177778.0,22597741.0
801766.SI,20251029,影视院线,1330.13,1344.05,1308.7,1325.32,-1.46,-0.11,55858.0,550181.0,86.76,3.28,11165468.0,22569048.0
801766.SI,20251030,影视院线,1320.6,1332.4,1300.26,1305.96,-19.36,-1.46,51004.0,475881.0,85.49,3.24,11002374.0,22220754.0
801766.SI,20251031,影视院线,1313.07,1373.05,1308.07,1353.77,47.8,3.66,106832.0,975550.0,88.62,3.35,11405106.0,22987327.0
801766.SI,20251103,影视院线,1363.37,1405.59,1351.16,1395.27,41.51,3.07,107373.0,1018868.0,91.86,3.44,11813746.0,23710767.0
801766.SI,20251104,影视院线,1392.67,1415.35,1368.93,1393.56,-1.72,-0.12,98658.0,993236.0,91.75,3.43,11799205.0,23779830.0
801766.SI,20251105,影视院线,1380.18,1434.61,1369.25,1413.35,19.8,1.42,107762.0,1141356.0,93.05,3.48,11966821.0,24285318.0
801766.SI,20251106,影视院线,1412.33,1420.05,1374.45,1387.34,-26.01,-1.84,92114.0,997562.0,91.34,3.42,11746592.0,23836883.0
801766.SI,20251107,影视院线,1386.28,1415.55,1372.96,1387.42,0.08,0.01,79422.0,868582.0,91.34,3.42,11747283.0,23945754.0
801766.SI,20251110,影视院线,1392.76,1429.18,1380.58,1407.0,19.57,1.41,87182.0,916501.0,92.63,3.46,11912989.0,24327686.0
801766.SI,20251111,影视院线,1405.31,1421.53,1385.97,1405.15,-1.85,-0.13,66404.0,715826.0,92.51,3.46,11897338.0,24322361.0
801766.SI,20251112,影视院线,1402.43,1413.32,1365.11,1376.13,-29.02,-2.07,61815.0,671912.0,90.6,3.39,11651655.0,23703224.0
801766.SI,20251113,影视院线,1372.41,1394.88,1363.35,1387.02,10.89,0.79,50315.0,532975.0,91.31,3.42,11743867.0,23925621.0
801766.SI,20251114,影视院线,1381.81,1398.32,1367.83,1372.99,-14.03,-1.01,50790.0,512229.0,90.39,3.38,11625036.0,23673013.0
801766.SI,20251117,影视院线,1363.57,1396.32,1347.97,1385.65,12.66,0.92,56888.0,581147.0,91.22,3.41,11732246.0,23883183.0
801766.SI,20251118,影视院线,1385.37,1411.36,1366.48,1390.33,4.68,0.34,75299.0,732509.0,91.53,3.42,11771856.0,23908768.0
801766.SI,20251119,影视院线,1390.56,1405.61,1342.3,1356.67,-33.66,-2.42,74344.0,708071.0,89.32,3.34,11486864.0,23344100.0
801766.SI,20251120,影视院线,1361.8,1370.59,1329.44,1335.28,-21.39,-1.58,54467.0,518246.0,87.91,3.29,11305786.0,22965808.0
801766.SI,20251121,影视院线,1325.62,1364.04,1308.22,1323.82,-11.47,-0.86,75659.0,674185.0,88.35,3.24,11363098.0,22737312.0
801766.SI,20251124,影视院线,1331.82,1381.09,1308.89,1369.54,45.72,3.45,105545.0,939900.0,91.41,3.35,11755539.0,23559884.0
801766.SI,20251125,影视院线,1368.77,1414.78,1362.71,1389.45,19.91,1.45,91653.0,881605.0,92.73,3.4,11926458.0,23907042.0
801766.SI,20251126,影视院线,1390.68,1420.75,1363.73,1379.7,-9.75,-0.7,93867.0,904277.0,92.08,3.37,11842751.0,23727057.0
801766.SI,20251127,影视院线,1381.27,1387.01,1343.81,1348.74,-30.96,-2.24,63266.0,609321.0,90.02,3.3,11577021.0,23141010.0
801766.SI,20251128,影视院线,1344.46,1382.31,1336.55,1375.68,26.94,2.0,80906.0,786485.0,91.82,3.36,11808250.0,23727730.0
801766.SI,20251201,影视院线,1410.42,1432.18,1387.05,1398.01,22.33,1.62,96545.0,960076.0,93.31,3.42,11999929.0,24294031.0
801766.SI,20251202,影视院线,1397.29,1418.08,1364.8,1375.84,-22.17,-1.59,99079.0,1125199.0,91.83,3.36,11809647.0,23789849.0
801766.SI,20251203,影视院线,1370.04,1386.22,1330.45,1347.87,-27.97,-2.03,91936.0,864186.0,89.96,3.3,11569556.0,23223258.0
801766.SI,20251204,影视院线,1348.21,1384.13,1334.72,1357.72,9.86,0.73,98555.0,891517.0,90.62,3.32,11654151.0,23376869.0
801766.SI,20251205,影视院线,1353.04,1375.01,1333.9,1362.93,5.2,0.38,85694.0,769934.0,90.96,3.33,11698809.0,23406570.0
801766.SI,20251208,影视院线,1361.21,1399.66,1349.23,1379.97,17.05,1.25,96209.0,915414.0,92.1,3.37,11845129.0,23540985.0
801766.SI,20251209,影视院线,1389.02,1429.75,1374.71,1396.35,16.37,1.19,111210.0,1012691.0,93.2,3.41,11985673.0,23755857.0
801766.SI,20251210,影视院线,1395.62,1449.46,1384.19,1431.78,35.44,2.54,98730.0,1030688.0,95.56,3.5,12289843.0,24305167.0
801766.SI,20251211,影视院线,1446.13,1468.01,1408.05,1413.02,-18.76,-1.31,116717.0,1187822.0,94.31,3.45,12128831.0,23884358.0
801766.SI,20251212,影视院线,1412.25,1465.52,1398.54,1440.62,27.59,1.95,113853.0,1226907.0,96.15,3.52,12365665.0,24313318.0
801766.SI,20251215,影视院线,1423.72,1438.16,1386.0,1397.67,-42.94,-2.98,78964.0,749035.0,93.28,3.42,11997066.0,23662761.0
801766.SI,20251216,影视院线,1375.5,1386.46,1324.83,1335.14,-62.53,-4.47,76231.0,722706.0,89.11,3.26,11460302.0,22566350.0
801766.SI,20251217,影视院线,1318.29,1355.52,1301.02,1339.49,4.35,0.33,85306.0,775922.0,89.4,3.27,11497680.0,22747249.0
801766.SI,20251218,影视院线,1332.53,1379.71,1324.0,1359.26,19.76,1.48,89105.0,789973.0,90.72,3.32,11667312.0,23016369.0
801766.SI,20251219,影视院线,1355.68,1382.43,1321.07,1358.77,-0.48,-0.04,89093.0,786999.0,90.69,3.32,11663160.0,23026778.0
801766.SI,20251222,影视院线,1339.58,1347.62,1318.89,1325.64,-33.13,-2.44,58245.0,536623.0,88.48,3.24,11378764.0,22499636.0
801766.SI,20251223,影视院线,1311.78,1318.12,1293.52,1303.69,-21.95,-1.66,49690.0,405707.0,87.01,3.19,11190312.0,22213548.0
801766.SI,20251224,影视院线,1299.95,1322.45,1293.73,1315.2,11.52,0.88,66207.0,542584.0,87.78,3.22,11289175.0,22396970.0
801766.SI,20251225,影视院线,1310.37,1323.86,1298.65,1313.96,-1.25,-0.09,64674.0,528565.0,87.7,3.21,11278472.0,22424688.0
801766.SI,20251226,影视院线,1320.19,1340.37,1310.73,1328.15,14.2,1.08,70007.0,604363.0,88.64,3.25,11400338.0,22645220.0
801766.SI,20251229,影视院线,1330.61,1342.86,1308.08,1313.15,-15.0,-1.13,76999.0,643405.0,87.64,3.21,11271590.0,22466265.0
801766.SI,20251230,影视院线,1311.72,1359.5,1304.58,1340.37,27.22,2.07,108474.0,862097.0,89.46,3.28,11505213.0,22926744.0
801766.SI,20251231,影视院线,1335.34,1368.48,1316.11,1342.19,1.81,0.14,107856.0,892383.0,89.58,3.28,11520781.0,22958358.0
801766.SI,20260105,影视院线,1335.01,1362.42,1319.87,1351.2,9.01,0.67,99588.0,844024.0,90.18,3.3,11598135.0,23059969.0
801766.SI,20260106,影视院线,1349.16,1374.57,1341.93,1362.96,11.77,0.87,88780.0,788094.0,90.97,3.33,11699134.0,23299258.0
801766.SI,20260107,影视院线,1359.67,1389.73,1347.01,1368.84,5.87,0.43,92527.0,813279.0,91.36,3.35,11749525.0,23404353.0
801766.SI,20260108,影视院线,1362.1,1403.35,1354.34,1387.17,18.33,1.34,96949.0,867181.0,92.58,3.39,11906869.0,23762314.0
801766.SI,20260109,影视院线,1384.1,1437.83,1379.28,1431.53,44.36,3.2,127519.0,1192293.0,95.54,3.5,12287634.0,24486111.0
801766.SI,20260112,影视院线,1450.72,1545.48,1442.23,1536.36,104.83,7.32,190465.0,1913595.0,102.54,3.76,13187465.0,26110987.0
801766.SI,20260113,影视院线,1542.96,1582.26,1484.94,1514.74,-21.62,-1.41,208170.0,2068584.0,101.1,3.7,13001925.0,25704094.0
801766.SI,20260114,影视院线,1504.05,1590.52,1490.24,1533.43,18.69,1.23,204076.0,2022613.0,102.34,3.75,13162367.0,25968627.0
801766.SI,20260115,影视院线,1515.69,1538.66,1464.68,1484.03,-49.4,-3.22,128139.0,1233245.0,99.05,3.63,12738342.0,25207134.0
801766.SI,20260116,影视院线,1481.39,1491.64,1408.2,1424.99,-59.05,-3.98,114157.0,1042729.0,95.11,3.48,12231515.0,24292227.0
801766.SI,20260119,影视院线,1417.04,1451.43,1401.82,1432.19,7.21,0.51,83930.0,785186.0,95.68,3.5,12305499.0,24441014.0
801766.SI,20260120,影视院线,1439.99,1458.23,1403.76,1416.63,-15.56,-1.09,82259.0,762965.0,94.64,3.47,12171767.0,24194723.0
801766.SI,20260121,影视院线,1409.17,1441.35,1398.15,1415.2,-1.43,-0.1,73001.0,676388.0,94.55,3.46,12159453.0,24192757.0
801766.SI,20260122,影视院线,1417.48,1454.71,1409.9,1439.52,24.33,1.72,88559.0,838830.0,96.17,3.52,12368484.0,24590535.0
801766.SI,20260123,影视院线,1443.43,1483.35,1433.33,1468.88,29.36,2.04,96300.0,921897.0,98.13,3.59,12620748.0,25042186.0
801766.SI,20260126,影视院线,1470.04,1502.88,1434.91,1461.75,-7.13,-0.49,99953.0,998411.0,97.79,3.58,12576201.0,24956352.0
801766.SI,20260127,影视院线,1456.45,1477.12,1419.45,1454.44,-7.31,-0.5,76279.0,749047.0,97.3,3.56,12513279.0,24879677.0
801766.SI,20260128,影视院线,1447.77,1477.94,1427.44,1439.82,-14.62,-1.01,80787.0,813724.0,96.32,3.52,12387473.0,24705369.0
801766.SI,20260129,影视院线,1430.12,1501.55,1409.0,1470.3,30.49,2.12,122954.0,1195704.0,98.36,3.6,12649759.0,25307339.0
801766.SI,20260130,影视院线,1467.5,1552.38,1450.76,1505.44,35.14,2.39,139841.0,1630209.0,100.71,3.68,12952072.0,26100726.0
801766.SI,20260202,影视院线,1500.69,1573.24,1481.47,1502.27,-3.17,-0.21,158979.0,1692828.0,100.5,3.67,12924802.0,26185738.0
801766.SI,20260203,影视院线,1513.94,1562.49,1493.76,1534.32,32.05,2.13,126533.0,1412432.0,102.64,3.75,13200543.0,26813817.0
801766.SI,20260204,影视院线,1523.58,1539.98,1459.9,1478.92,-55.4,-3.61,120094.0,1358183.0,98.94,3.62,12723932.0,25812721.0
801766.SI,20260205,影视院线,1464.18,1560.31,1458.95,1537.09,58.17,3.93,138846.0,1721276.0,102.83,3.76,13224396.0,26955083.0
801766.SI,20260206,影视院线,1529.54,1577.23,1471.65,1540.15,3.06,0.2,145015.0,1751889.0,103.03,3.77,13250685.0,27127866.0
801766.SI,20260209,影视院线,1605.57,1660.83,1578.24,1638.52,98.37,6.39,208100.0,2259782.0,109.61,4.01,14097025.0,28742466.0
801766.SI,20260210,影视院线,1699.29,1875.74,1658.57,1865.12,226.59,13.83,301948.0,3627945.0,124.77,4.56,16046534.0,32623423.0
801766.SI,20260211,影视院线,1883.45,1955.5,1753.55,1817.99,-47.12,-2.53,415520.0,5384583.0,121.62,4.45,15641115.0,31443390.0
801766.SI,20260212,影视院线,1753.94,1788.92,1680.54,1705.04,-112.96,-6.21,264786.0,3133022.0,114.06,4.17,14669292.0,29266566.0
801766.SI,20260213,影视院线,1685.9,1820.95,1644.04,1751.12,46.09,2.7,288941.0,3668545.0,117.14,4.28,15065792.0,30448740.0
801766.SI,20260224,影视院线,1631.91,1653.17,1551.85,1560.3,-190.82,-10.9,180983.0,1990491.0,104.38,3.82,13424058.0,26955501.0
801766.SI,20260225,影视院线,1528.45,1551.23,1500.18,1511.44,-48.86,-3.13,169058.0,1947051.0,101.11,3.7,13003695.0,25972579.0
801766.SI,20260226,影视院线,1504.05,1510.19,1458.2,1464.42,-47.02,-3.11,144782.0,1574124.0,98.0,3.58,12604203.0,25128228.0
801766.SI,20260227,影视院线,1463.6,1476.0,1447.69,1456.6,-7.82,-0.53,107573.0,1130799.0,97.48,3.56,12536893.0,25002324.0
801766.SI,20260302,影视院线,1418.26,1432.82,1384.83,1393.53,-63.07,-4.33,134951.0,1297688.0,92.7,3.41,11994053.0,23956842.0
801766.SI,20260303,影视院线,1398.29,1404.85,1326.97,1331.7,-61.83,-4.44,117040.0,1081036.0,88.58,3.26,11461890.0,22919972.0
801766.SI,20260304,影视院线,1313.65,1345.28,1308.87,1324.24,-7.47,-0.56,74189.0,669060.0,88.09,3.24,11397618.0,22819393.0
801766.SI,20260305,影视院线,1354.04,1362.42,1321.0,1329.9,5.66,0.43,81019.0,728279.0,88.46,3.25,11446362.0,22884843.0
801766.SI,20260306,影视院线,1324.0,1347.94,1317.13,1339.94,10.04,0.76,68398.0,586969.0,89.13,3.28,11532803.0,23046293.0
801766.SI,20260309,影视院线,1313.23,1340.38,1295.25,1335.76,-4.18,-0.31,76914.0,687830.0,88.85,3.27,11496785.0,22955337.0
801766.SI,20260310,影视院线,1344.68,1362.24,1326.53,1333.59,-2.16,-0.16,78943.0,696162.0,88.71,3.26,11478159.0,22934257.0
801766.SI,20260311,影视院线,1332.72,1337.8,1312.26,1320.14,-13.45,-1.01,60717.0,533225.0,87.81,3.23,11362394.0,22693871.0
801766.SI,20260312,影视院线,1314.64,1323.24,1295.56,1304.88,-15.26,-1.16,59246.0,513540.0,86.8,3.19,11231052.0,22437905.0
801766.SI,20260313,影视院线,1300.84,1311.84,1280.62,1283.93,-20.95,-1.61,59931.0,516614.0,85.41,3.14,11050737.0,22083128.0
801766.SI,20260316,影视院线,1280.98,1302.71,1276.26,1300.41,16.47,1.28,53918.0,450164.0,86.5,3.18,11192531.0,22383075.0
801766.SI,20260317,影视院线,1300.1,1306.31,1273.23,1275.2,-25.2,-1.94,53260.0,437979.0,84.82,3.12,10975597.0,21981331.0
801766.SI,20260318,影视院线,1278.01,1287.51,1263.28,1283.47,8.26,0.65,46320.0,367691.0,85.37,3.14,11046704.0,22114600.0
801766.SI,20260319,影视院线,1267.05,1276.61,1249.47,1257.0,-26.47,-2.06,52103.0,419213.0,83.61,3.08,10818895.0,21665124.0
801766.SI,20260320,影视院线,1259.52,1266.52,1215.0,1217.83,-39.17,-3.12,62347.0,474671.0,81.01,2.98,10481755.0,21010386.0
801766.SI,20260323,影视院线,1192.35,1205.48,1149.66,1161.09,-56.74,-4.66,72972.0,554569.0,77.23,2.84,9993407.0,20035678.0
801766.SI,20260324,影视院线,1178.86,1194.39,1161.68,1191.25,30.16,2.6,58604.0,440200.0,78.21,2.93,10119278.0,20574881.0
801766.SI,20260325,影视院线,1194.01,1219.16,1191.57,1209.64,18.4,1.54,52039.0,401463.0,79.41,2.97,10275556.0,20898069.0
801766.SI,20260326,影视院线,1205.71,1213.82,1178.34,1184.19,-25.45,-2.1,42662.0,323219.0,77.74,2.91,10059374.0,20485093.0
801766.SI,20260327,影视院线,1172.27,1205.27,1168.34,1200.74,16.55,1.4,39417.0,299677.0,78.83,2.95,10199938.0,20763617.0
801766.SI,20260330,影视院线,1186.13,1216.66,1180.8,1214.13,13.38,1.11,48167.0,349349.0,79.71,2.98,10313634.0,20996547.0
801766.SI,20260331,影视院线,1213.93,1242.07,1206.41,1214.66,0.53,0.04,55038.0,451051.0,79.74,2.99,10318160.0,21032301.0
801766.SI,20260401,影视院线,1232.24,1240.62,1211.36,1229.12,14.46,1.19,49763.0,429280.0,80.69,3.02,10440988.0,21296318.0
801766.SI,20260402,影视院线,1220.96,1223.57,1189.3,1196.23,-32.88,-2.68,45602.0,360511.0,78.53,2.94,10161642.0,20732593.0
801766.SI,20260403,影视院线,1199.7,1203.61,1157.86,1160.22,-36.01,-3.01,41624.0,314770.0,76.17,2.85,9855728.0,20121430.0
801766.SI,20260407,影视院线,1161.79,1184.25,1156.73,1180.12,19.9,1.72,39935.0,290710.0,77.48,2.9,10024755.0,20454467.0
801766.SI,20260408,影视院线,1199.99,1251.58,1197.26,1247.3,67.18,5.69,94275.0,739430.0,81.89,3.07,10595461.0,21535633.0
801766.SI,20260409,影视院线,1229.92,1261.09,1214.61,1237.32,-9.98,-0.8,77122.0,680290.0,81.23,3.04,10510674.0,21397074.0
801766.SI,20260410,影视院线,1243.93,1269.47,1232.59,1245.02,7.7,0.62,75654.0,638137.0,81.74,3.06,10576055.0,21522644.0
801766.SI,20260413,影视院线,1231.54,1257.0,1222.82,1244.73,-0.29,-0.02,68392.0,524077.0,81.72,3.07,10573602.0,21545271.0
801766.SI,20260414,影视院线,1254.61,1277.58,1243.29,1270.0,25.27,2.03,73736.0,636595.0,83.49,3.13,10793489.0,22000128.0
801766.SI,20260415,影视院线,1264.7,1267.4,1228.8,1236.04,-33.96,-2.67,68850.0,604601.0,81.26,3.05,10504848.0,21414516.0
801766.SI,20260416,影视院线,1255.15,1278.27,1247.47,1267.08,31.04,2.51,101315.0,662279.0,83.3,3.12,10768639.0,21905450.0
801766.SI,20260417,影视院线,1258.66,1310.45,1241.87,1290.42,23.35,1.84,140170.0,1000827.0,84.84,3.18,10967076.0,22394018.0
801766.SI,20260420,影视院线,1283.83,1319.51,1271.73,1305.01,14.59,1.13,123290.0,951305.0,83.01,3.22,11091031.0,22504852.0
801766.SI,20260421,影视院线,1299.58,1342.87,1288.92,1313.99,8.98,0.69,112717.0,1002104.0,83.59,3.25,11177070.0,22708228.0
801766.SI,20260422,影视院线,1289.92,1299.63,1248.96,1271.24,-42.76,-3.25,104682.0,882389.0,97.49,3.17,10813385.0,21924345.0
801766.SI,20260423,影视院线,1265.09,1297.72,1252.71,1272.8,1.57,0.12,119437.0,879201.0,101.45,3.17,10826702.0,21840684.0
801766.SI,20260424,影视院线,1258.07,1273.49,1217.14,1245.19,-27.62,-2.17,116669.0,808728.0,99.25,3.11,10591791.0,21355974.0
801766.SI,20260427,影视院线,1236.85,1269.62,1216.55,1256.07,10.89,0.87,114238.0,786087.0,100.11,3.13,10684385.0,21463223.0
801766.SI,20260428,影视院线,1248.83,1263.88,1217.03,1225.99,-30.08,-2.39,90935.0,689911.0,97.72,3.06,10428535.0,20910537.0
801766.SI,20260429,影视院线,1224.77,1257.3,1212.47,1236.59,10.6,0.86,69839.0,597333.0,68.25,3.08,10518700.0,21103643.0
801766.SI,20260430,影视院线,1234.65,1261.67,1222.91,1249.57,12.98,1.05,81274.0,588502.0,68.96,3.13,10629086.0,21322448.0
801766.SI,20260506,影视院线,1254.25,1292.19,1241.17,1269.59,20.02,1.6,119188.0,939549.0,296.06,3.17,10799350.0,21529177.0
801766.SI,20260507,影视院线,1267.41,1291.34,1248.84,1278.03,8.45,0.67,111671.0,883318.0,298.03,3.2,10871191.0,21661809.0
801766.SI,20260508,影视院线,1277.86,1305.24,1262.49,1277.76,-0.28,-0.02,96001.0,753705.0,297.97,3.19,10868847.0,21708916.0
801766.SI,20260511,影视院线,1281.27,1303.53,1258.12,1269.39,-8.37,-0.65,94109.0,766805.0,296.02,3.17,10797656.0,21602849.0
801766.SI,20260512,影视院线,1271.98,1302.2,1249.33,1275.03,5.64,0.44,107260.0,923470.0,297.33,3.19,10845633.0,21645952.0
801766.SI,20260513,影视院线,1270.0,1315.3,1263.4,1296.01,20.98,1.65,98550.0,855704.0,302.22,3.24,11024076.0,21945156.0
801766.SI,20260514,影视院线,1296.44,1312.33,1245.8,1250.99,-45.01,-3.47,91156.0,790754.0,291.73,3.13,10641177.0,21224469.0
801766.SI,20260515,影视院线,1257.4,1283.21,1232.07,1247.19,-3.8,-0.3,78738.0,696497.0,290.84,3.12,10608853.0,21200450.0
801766.SI,20260518,影视院线,1251.56,1283.68,1224.16,1251.08,3.89,0.31,78674.0,697802.0,291.75,3.13,10641938.0,21205151.0
801766.SI,20260519,影视院线,1253.73,1306.63,1241.94,1269.52,18.44,1.47,97889.0,870328.0,296.05,3.17,10798814.0,21527291.0
801766.SI,20260520,影视院线,1262.32,1272.16,1229.08,1243.97,-25.56,-2.01,73933.0,621032.0,290.09,3.11,10581414.0,21134113.0
801766.SI,20260521,影视院线,1246.8,1265.62,1204.33,1208.29,-35.67,-2.87,75700.0,635886.0,281.77,3.02,10277972.0,20590012.0
