ts_code,ann_date,end_date,q_sales_yoy,q_netprofit_yoy,q_ocf_to_sales,roe_dt
300060.SZ,20170829,20170630,7.8739,-11.8676,5.2319,2.656
000022.SZ,20170825,20170630,-0.4685,-5.3341,37.5189,5.8744
000699.SZ,20180901,20170630,,,,
300749.SZ,20170815,20170630,,,,1.7535
600087.SH,20170812,20170630,-45.2287,-48.0065,43.5017,6.1628
603583.SH,20171212,20170630,,,,17.2316
600852.SH,20170829,20170630,,,,
002720.SZ,20170824,20170630,,,,3.4985
601268.SH,20170829,20170630,-8.1773,103.7363,18.0742,0.7323
002943.SZ,20171020,20170630,,,,7.1709
000043.SZ,20170812,20170630,-10.9785,-139.9874,66.3636,-2.7427
603302.SH,20171204,20170630,,,,12.0141
300728.SZ,20171106,20170630,,,,5.9086
002938.SZ,20171110,20170630,,,,1.7128
002935.SZ,20171219,20170630,,,,4.4592
300674.SZ,20171220,20170630,,,,-2.4488
002932.SZ,20171229,20170630,,,,17.217
603486.SH,20171222,20170630,,,,15.85
603706.SH,20180119,20170630,,,,9.6055
300403.SZ,20170825,20170630,-3.9235,-1.9093,42.775,6.897
300752.SZ,20171206,20170630,,,,17.9088
601869.SH,20180827,20170630,,,13.9296,
601298.SH,20171013,20170630,,,,8.2863
601598.SH,20170831,20170630,,,,
603351.SH,20171124,20170630,,,,12.6977
002949.SZ,20171201,20170630,,,,5.2819
300758.SZ,20170801,20170630,,,,11.7024
300755.SZ,20171025,20170630,,,,12.3536
002950.SZ,20171124,20170630,,,,11.5066
603956.SH,20171229,20170630,,,,3.457
300778.SZ,20170929,20170630,,,,16.8362
300777.SZ,20170828,20170630,,,,8.4364
603267.SH,20180123,20170630,,,,10.774
603327.SH,20171229,20170630,,,,8.2631
300779.SZ,20171222,20170630,,,,12.1147
300775.SZ,20170824,20170630,,,,5.1388
002966.SZ,20180110,20170630,,,,5.3105
002948.SZ,20180109,20170630,,,,7.2225
002953.SZ,20171110,20170630,,,,8.4319
603697.SH,20171227,20170630,,,,17.0293
601162.SH,20171229,20170630,,,,2.2879
688010.SH,20171230,20170630,,,,
688029.SH,20171219,20170630,,,,17.5244
300783.SZ,20171031,20170630,,,,35.4194
300765.SZ,20171229,20170630,,,,17.2828
300594.SZ,20171201,20170630,,,,19.4077
688003.SH,20170830,20170630,,,,0.7006
601990.SH,20170829,20170630,,,,2.5807
600968.SH,20180105,20170630,,,,4.1113
300770.SZ,20171215,20170630,,,,10.3852
603187.SH,20171222,20170630,,,,17.0602
603982.SH,20171229,20170630,,,,5.4867
300771.SZ,20171031,20170630,,,,13.6735
603867.SH,20171229,20170630,,,,8.7291
300788.SZ,20170829,20170630,,,,16.2029
601698.SH,20171229,20170630,,,,1.4043
300766.SZ,20170922,20170630,,,,3.6787
603236.SH,20171229,20170630,,,,14.5761
300772.SZ,20171020,20170630,,,,1.3345
603687.SH,20171229,20170630,,,,9.448
688116.SH,20171024,20170630,,,,
603681.SH,20170831,20170630,,,,2.7503
300789.SZ,20171110,20170630,,,,15.3007
688168.SH,20170829,20170630,,,,0.245
300748.SZ,20170831,20170630,,,,5.6682
002957.SZ,20171229,20170630,,,,1.3371
600928.SH,20170831,20170630,,,,
300767.SZ,20171229,20170630,,,,8.1897
300801.SZ,20170904,20170630,,,,6.0159
002951.SZ,20171215,20170630,,,,12.0989
300803.SZ,20171023,20170630,,,,27.1843
688278.SH,20170808,20170630,,,,
002939.SZ,20170719,20170630,,,,
688026.SH,20170831,20170630,,,,6.5546
300818.SZ,20170809,20170630,,,,6.8166
603093.SH,20180903,20170630,,,,
603786.SH,20171229,20170630,,,,12.4537
603115.SH,20171229,20170630,,,,6.4133
688098.SH,20171229,20170630,,,,9.7115
002946.SZ,20170929,20170630,,,,9.3138
002956.SZ,20171222,20170630,,,,17.0833
300798.SZ,20171229,20170630,,,,6.0187
688020.SH,20171016,20170630,,,,13.8523
300796.SZ,20170830,20170630,,,,11.0501
002969.SZ,20170829,20170630,,,,
300810.SZ,20171013,20170630,,,,9.4432
688299.SH,20170825,20170630,,,,0.6283
688268.SH,20170831,20170630,,,,4.5805
688080.SH,20170822,20170630,,,,6.7881
688181.SH,20170829,20170630,,,,3.6787
688357.SH,20170811,20170630,,,,8.131
603530.SH,20171229,20170630,,,,9.8505
300799.SZ,20171227,20170630,,,,10.472
300781.SZ,20171025,20170630,,,,8.2136
300787.SZ,20170929,20170630,,,,13.3863
688078.SH,20170822,20170630,,,,5.9012
688159.SH,20170830,20170630,,,,7.4326
688310.SH,20170831,20170630,,,,3.1327
300813.SZ,20170831,20170630,,,,13.8152
600286.SH,20170830,20170630,-27.4474,-13.4168,9.3016,5.9137
603927.SH,20171229,20170630,,,-11.326,8.2854
603933.SH,20170811,20170630,27.0203,48.5463,10.2245,12.6126
002869.SZ,20170824,20170630,30.6483,8.8311,-2.9443,7.5699
001965.SZ,20170825,20170630,,,50.4694,
688199.SH,20170829,20170630,,,4.11,4.1274
000979.SZ,20170830,20170630,116.3806,53.2515,-21.778,0.369
600918.SH,20170901,20170630,-1.6808,-20.1671,-125.1528,3.2211
688086.SH,20170829,20170630,,,25.8485,2.2006
002880.SZ,20170831,20170630,,,14.8463,8.9672
603196.SH,20170822,20170630,,,-21.4699,3.2277
603612.SH,20170823,20170630,,,8.8003,12.5229
603536.SH,20170824,20170630,,,-18.654,2.4184
002415.SZ,20170722,20170630,27.8775,23.6663,11.6107,13.1997
300324.SZ,20170829,20170630,17.1349,-0.7241,26.166,3.1396
000033.SZ,20170826,20170630,-30.9017,-1455.1414,-52.7198,-25.266
000670.SZ,20170829,20170630,-44.615,-102.0493,-65.4228,0.2428
002267.SZ,20170816,20170630,7.9112,-25.8505,13.9997,4.657
600594.SH,20170819,20170630,3.1911,-7.8861,-2.0144,4.2688
600827.SH,20170830,20170630,2.4418,-4.1439,1.506,3.6115
000820.SZ,20170830,20170630,92.6041,134.6794,5.7781,26.8216
002341.SZ,20170808,20170630,89.4197,140.1093,21.4097,1.7383
002426.SZ,20170818,20170630,4.3888,-17.8839,5.9966,1.8687
002240.SZ,20170727,20170630,72.28,120.8055,14.5673,0.1398
600072.SH,20170831,20170630,-7.8902,177.3904,-19.8115,0.0175
002316.SZ,20170824,20170630,10.2529,-125.8517,-17.8337,-4.9499
000301.SZ,20170810,20170630,54.5668,171.8352,10.093,2.4201
600028.SH,20170828,20170630,25.4737,-19.9158,8.1506,3.6474
601818.SH,20170826,20170630,-3.2056,4.5915,-337.7563,6.5521
603589.SH,20170825,20170630,19.8979,48.1579,12.4006,11.6907
300690.SZ,20170829,20170630,,,2.4411,13.0127
601169.SH,20170831,20170630,7.8558,5.3872,214.7611,7.6401
603588.SH,20170830,20170630,36.2612,27.5316,15.8083,3.2952
300438.SZ,20170829,20170630,107.6672,192.208,-15.7688,6.2736
600959.SH,20170829,20170630,60.2183,-10.9172,66.9615,2.7145
300579.SZ,20170825,20170630,16.1337,72.5611,-11.4428,3.4562
600036.SH,20170819,20170630,1.6902,14.2231,285.0713,9.4842
603939.SH,20170818,20170630,24.8908,42.8224,4.8168,5.0447
601127.SH,20170818,20170630,33.5164,143.469,-3.7239,9.4156
601155.SH,20170819,20170630,17.2072,4.8666,-23.8497,6.4958
300240.SZ,20170808,20170630,20.7797,10.4828,-2.1758,2.5529
300653.SZ,20170802,20170630,13.3456,15.9084,31.0065,6.3478
002912.SZ,20171107,20170630,,,2.0681,5.0938
603025.SH,20170810,20170630,63.8824,68.8883,20.8199,11.1141
601088.SH,20170826,20170630,51.2067,131.3733,38.1021,8.028
000010.SZ,20170829,20170630,-61.6958,-133.97,-108.6701,-2.054
601319.SH,20170929,20170630,,,,7.3061
002018.SZ,20170824,20170630,64.8227,115.1567,3.8747,7.5857
300055.SZ,20170817,20170630,54.4371,46.0413,22.6681,3.5935
002089.SZ,20170823,20170630,-64.1306,-15.0659,-12.7961,1.2313
600671.SH,20170829,20170630,-15.9228,-25.0077,-37.5683,-14.9316
300419.SZ,20170728,20170630,52.8657,0.9008,17.1031,1.9379
002584.SZ,20170825,20170630,42.1229,-27.1734,5.3114,1.1718
600518.SH,20170829,20170630,14.8544,39.4844,-4.6602,7.2588
002684.SZ,20170825,20170630,193.8946,326.3219,-29.7534,0.8172
000835.SZ,20170831,20170630,-60.8465,109.6173,154.9348,4.5241
002581.SZ,20170831,20170630,-11.7418,33.3944,36.9259,6.8633
300437.SZ,20170810,20170630,102.2534,168.59,8.2005,2.3289
601828.SH,20171225,20170630,15.0424,26.1534,67.7518,3.4266
600112.SH,20170824,20170630,48.9866,175.9751,-2.0504,-1.6933
600242.SH,20170831,20170630,389.9629,388.3603,1.3066,3.8846
002775.SZ,20170826,20170630,118.9689,67.2187,20.5059,7.9792
600984.SH,20170830,20170630,43.3672,24.2524,6.5355,1.5684
600871.SH,20170830,20170630,8.3319,66.7179,-6.1317,-31.5482
600908.SH,20170818,20170630,12.2375,10.3596,-324.5528,5.9693
603861.SH,20170831,20170630,27.5946,-15.4676,-8.9476,1.6307
300126.SZ,20170826,20170630,-21.9706,-145.534,27.4128,0.1003
002455.SZ,20170801,20170630,14.9676,90.5219,15.3556,3.9567
002982.SZ,20170826,20170630,,,,-15.6754
600321.SH,20170726,20170630,75.8955,113.1961,20.6987,-0.4626
002031.SZ,20170829,20170630,81.3496,177.7879,17.5509,0.0111
300873.SZ,20171125,20170630,,,,
300116.SZ,20170826,20170630,2114.7068,27130.1209,-16.5257,6.786
002181.SZ,20170823,20170630,-10.0199,64.6747,9.0253,-0.6596
300657.SZ,20170815,20170630,94.0035,89.4022,-22.2717,5.0804
300699.SZ,20170815,20170630,,,28.6581,9.818
600711.SH,20170808,20170630,67.0881,164.2864,2.2413,4.8365
688569.SH,20170822,20170630,,,,
688981.SH,20170830,20170630,11.1839,-62.0513,32.6439,
002967.SZ,20171013,20170630,,,4.5982,1.3303
000037.SZ,20170808,20170630,22.2556,146.7953,26.6516,-1.3003
600328.SH,20170817,20170630,32.706,72.6972,10.4325,5.4327
600958.SH,20170828,20170630,65.2913,5.8828,-146.0097,3.7854
002797.SZ,20170826,20170630,12.5518,-7.7835,376.5129,2.1611
600909.SH,20170829,20170630,42.0587,103.8134,70.3548,3.4202
000822.SZ,20170804,20170630,53.0002,151.0126,12.1627,14.5896
600446.SH,20170824,20170630,36.1504,423.8162,-2.605,0.9553
601878.SH,20170816,20170630,-11.2427,-23.6019,19.8434,4.5857
603389.SH,20170815,20170630,9.3768,4.941,23.7515,2.6176
601108.SH,20170926,20170630,,,163.8355,5.2233
688508.SH,20170830,20170630,,,12.2003,6.537
601399.SH,20170829,20170630,-8.1773,103.7363,18.0742,0.7323
605088.SH,20170831,20170630,,,,8.7245
600874.SH,20170830,20170630,5.4666,-3.5043,47.3542,5.0102
002978.SZ,20170929,20170630,,,,24.0723
000728.SZ,20170823,20170630,0.2931,-8.3659,88.6515,2.4852
002049.SZ,20170822,20170630,9.6498,-19.9681,46.1966,3.0789
688588.SH,20171212,20170630,,,12.8211,6.5337
601066.SH,20180130,20170630,,,-179.227,4.3838
603682.SH,20171031,20170630,,,,8.5987
601696.SH,20170831,20170630,,,-675.8843,5.1379
603087.SH,20180116,20170630,,,,15.1594
002535.SZ,20170808,20170630,72.3068,123.2565,-11.2609,0.4569
002981.SZ,20171227,20170630,,,,15.1175
300839.SZ,20170831,20170630,,,-93.1178,13.0741
000524.SZ,20170831,20170630,7.7041,20.0842,20.8706,4.6416
000590.SZ,20170829,20170630,25.693,311.9769,-0.9683,2.8212
000680.SZ,20170831,20170630,61.8267,2166.7447,21.1127,1.4487
600600.SH,20170831,20170630,1.7539,6.3506,24.5402,6.1973
000338.SZ,20170831,20170630,58.4261,139.2362,14.315,7.8831
002030.SZ,20170830,20170630,-7.3034,-17.0422,-0.6636,2.6201
601727.SH,20170831,20170630,7.801,17.3074,0.269,2.5169
002533.SZ,20170727,20170630,27.82,-9.3704,-2.4949,2.6929
300827.SZ,20170911,20170630,,,,16.921
688228.SH,20170826,20170630,,,,7.624
000760.SZ,20170831,20170630,-37.4648,486.5053,-320.8023,-6.1695
601456.SH,20180119,20170630,,,-875.3149,3.1179
603439.SH,20170830,20170630,,,9.6969,5.8191
601916.SH,20171110,20170630,,,-1230.4963,7.3726
002680.SZ,20170818,20170630,181.7261,157.5219,37.4448,6.6602
000750.SZ,20170829,20170630,-8.9264,-35.0667,-290.7611,2.4284
000783.SZ,20170812,20170630,13.0981,-8.1256,-576.6064,3.8323
002500.SZ,20170822,20170630,124.6624,-25.5841,-155.0827,1.9296
002673.SZ,20170816,20170630,-2.5227,-18.1609,-331.2699,2.9463
002736.SZ,20170828,20170630,-13.3762,-28.1722,101.4074,4.3479
600816.SH,20170816,20170630,-30.7406,-24.5729,-42.0822,10.6283
601628.SH,20170825,20170630,7.4683,18.4487,28.4596,4.0107
000046.SZ,20170831,20170630,-93.5706,-35.4791,426.9062,3.4052
600291.SH,20170831,20170630,-18.1914,584.2955,-246.3429,0.138
601187.SH,20180313,20170630,,,,6.1577
000583.SZ,20170829,20170630,,-8.0332,,
000535.SZ,20180831,20170630,,,15.0506,
600813.SH,20170811,20170630,,-397.0732,,2.3372
600960.SH,20170831,20170630,42.5292,25.5494,-11.5408,2.758
600352.SH,20170731,20170630,8.0902,-22.1675,3.1622,6.2018
000040.SZ,20170831,20170630,247.7789,128.1257,-66.0823,1.3786
000048.SZ,20170830,20170630,-14.1788,-288.8429,-42.7813,-3.5342
000156.SZ,20170831,20170630,8.3423,6.8603,40.2397,2.8252
000157.SZ,20170831,20170630,25.6707,694.211,7.9413,-21.5911
000425.SZ,20170831,20170630,81.1394,199.2706,11.533,2.3103
000625.SZ,20170831,20170630,-3.5003,-21.2483,3.9861,8.0221
000885.SZ,20170825,20170630,41.1108,189.7853,22.404,5.1298
600165.SH,20170830,20170630,-65.6978,58.9929,-13.0114,-1.754
600149.SH,20170831,20170630,-40.0709,-123.9976,-133.8053,-3.0264
600369.SH,20170830,20170630,-32.669,-33.6319,-61.4293,2.1157
002024.SZ,20170831,20170630,25.7566,21.9046,0.2314,-0.2791
002180.SZ,20170831,20170630,680.2663,-238.3829,3.3928,-82.7487
002712.SZ,20170829,20170630,-3.5682,131.4634,-10.6921,6.5751
002323.SZ,20170822,20170630,25.4869,64.8905,-25.9896,14.1642
002340.SZ,20170824,20170630,26.2827,61.5036,0.7577,3.7046
000627.SZ,20170720,20170630,335.4662,1312.5847,18.0915,4.5795
600760.SH,20170818,20170630,-6.1101,-7.9036,5.9899,-6.9482
002501.SZ,20170815,20170630,24.2681,16.8649,58.2462,5.004
600343.SH,20170826,20170630,-19.0868,-13.0013,-67.9641,0.4785
600611.SH,20170830,20170630,15.8416,-47.1154,18.792,2.144
601318.SH,20170818,20170630,18.0703,1.4844,13.9863,10.7268
600053.SH,20170825,20170630,-55.3749,-44.2769,19.5238,7.4631
600056.SH,20170826,20170630,14.8665,27.0377,-1.7874,9.0084
600180.SH,20170826,20170630,98.9286,6.8549,-8.7034,2.1302
600139.SH,20170831,20170630,-70.7427,-22.998,-98.9909,-6.4063
600218.SH,20170826,20170630,0.189,-75.3054,-16.5527,1.656
600691.SH,20170825,20170630,11.9421,111.1524,18.6617,0.8011
600727.SH,20170817,20170630,5.8847,167.7682,-58.7174,2.5047
600620.SH,20170823,20170630,-12.6138,16.1925,-7.0655,1.9734
002143.SZ,20170822,20170630,-12.1824,-3.6474,19.6153,9.6639
002999.SZ,20171220,20170630,,,,7.9626
003003.SZ,20170831,20170630,,,,5.9014
601995.SH,20170829,20170630,,,,
002369.SZ,20170825,20170630,2.2937,459.8027,-4.7524,-0.4015
300311.SZ,20170829,20170630,69.5812,-10.0113,15.9959,5.0696
000047.SZ,20170823,20170630,,-96.5964,,
002069.SZ,20170816,20170630,18.4478,70.1751,4.5618,3.3609
000972.SZ,20170819,20170630,75.058,40.0738,14.787,-4.9284
002315.SZ,20170826,20170630,167.2289,-29.8616,-13.2497,0.8554
300156.SZ,20170823,20170630,67.2253,94.0913,66.1731,15.1556
688095.SH,20170826,20170630,,,20.3997,3.7529
002105.SZ,20170818,20170630,75.4592,125.6265,0.7303,5.5364
300707.SZ,20170920,20170630,,,38.9832,15.2221
300726.SZ,20171031,20170630,,,31.4775,11.1884
002344.SZ,20170825,20170630,-17.6023,-50.1297,44.7517,2.4516
600977.SH,20170830,20170630,11.5628,-1.0257,-6.4207,5.8271
002786.SZ,20170817,20170630,9.3333,27.7477,-4.5837,1.6343
002716.SZ,20170825,20170630,-2.7375,45.9378,-8.5607,3.9446
300350.SZ,20170826,20170630,92.1059,98.865,-14.6947,3.037
300610.SZ,20170808,20170630,23.0075,54.3857,7.7366,6.6825
600725.SH,20170816,20170630,-67.0148,101.2044,-22.5818,1.156
601808.SH,20170824,20170630,11.8877,102.3442,4.9342,-1.7095
002159.SZ,20170824,20170630,12.1714,64.4945,54.694,-4.3708
600114.SH,20170825,20170630,25.4862,114.1045,7.8084,5.353
600565.SH,20170826,20170630,-48.4509,-47.906,25.9592,1.555
600546.SH,20170829,20170630,-8.0542,119.6146,-1.88,3.0305
600976.SH,20170829,20170630,67.8694,61.0773,3.5693,4.3568
600408.SH,20170831,20170630,122.7029,91.9735,40.6756,-8.5128
600513.SH,20170825,20170630,6.2424,32.7776,12.7676,4.2345
600560.SH,20170826,20170630,-14.4546,-24.3396,18.948,1.4467
600463.SH,20170826,20170630,362.7046,172.5634,12.3076,4.3708
002074.SZ,20170830,20170630,5.2314,6.9509,63.3749,9.0341
002172.SZ,20170825,20170630,16.5266,-39.3773,12.9258,6.9135
002044.SZ,20170829,20170630,45.3757,25.9777,12.1356,0.484
000503.SZ,20170826,20170630,-2.6651,-40.705,-308.3124,-5.3507
000605.SZ,20170829,20170630,122.9631,216.8111,-17.3277,1.8473
000637.SZ,20170829,20170630,70.7942,374.6141,18.1174,5.1835
000838.SZ,20170825,20170630,-57.8225,-89.5175,-110.9324,0.8796
000851.SZ,20170829,20170630,3.2827,9.0038,0.9321,1.2288
000890.SZ,20170825,20170630,20.9391,16.1966,9.8749,3.2243
000981.SZ,20170831,20170630,28.7051,32.676,18.6779,4.3161
000971.SZ,20170826,20170630,42.1728,242.1996,15.3148,2.2213
000951.SZ,20170831,20170630,96.4236,149.3656,-5.1494,9.2766
000777.SZ,20170829,20170630,5.6604,-12.7622,-16.1831,-0.328
600079.SH,20170830,20170630,16.4518,-35.9082,7.4579,3.4464
600007.SH,20170831,20170630,13.7591,-32.2333,36.8763,4.8117
002663.SZ,20170831,20170630,48.834,34.2953,5.3358,1.9507
600101.SH,20170825,20170630,10.4018,7.6572,12.9692,2.1567
600095.SH,20170831,20170630,-49.63,39.0228,28.86,-1.716
600136.SH,20170826,20170630,17.6606,2.8617,-190.5189,0.2452
600146.SH,20170829,20170630,15421.7339,574.5536,27.0452,1.8754
600158.SH,20170831,20170630,-4.5831,41.4653,45.5878,0.7503
600159.SH,20170830,20170630,-59.6173,-105.1483,-175.4108,-1.0327
600227.SH,20170825,20170630,-52.4296,338.4694,-17.3758,-1.096
600167.SH,20170828,20170630,0.2459,55.7264,-23.7611,9.6202
600168.SH,20170826,20170630,2.1856,4.0805,17.5096,3.2604
600419.SH,20170825,20170630,46.757,14.0311,20.5594,7.8657
600987.SH,20170809,20170630,-1.3205,3.3778,22.098,7.1377
600276.SH,20170830,20170630,21.6326,20.8894,23.5162,12.0666
600287.SH,20170829,20170630,16.8823,104.3089,-9.5013,0.9323
600319.SH,20170830,20170630,39.5686,119.169,-10.615,81.7131
600300.SH,20170826,20170630,-21.7236,-79.2388,-6.8665,3.887
600398.SH,20170825,20170630,12.7139,6.1289,8.8062,18.7599
600265.SH,20170826,20170630,-27.0712,53.8944,-109.3762,-90.1052
600418.SH,20170831,20170630,-1.1101,-76.1179,-11.7504,1.3955
600630.SH,20170825,20170630,-5.4079,-44.0954,-7.3371,1.8542
600618.SH,20170828,20170630,5.6796,6504.3383,7.5214,12.6063
600372.SH,20170831,20170630,19.2269,121.3259,-0.722,1.2552
600598.SH,20170829,20170630,-21.93,-44.4597,-35.5339,9.128
600643.SH,20170830,20170630,48.9451,17.3233,322.6654,5.1996
600588.SH,20170826,20170630,25.7715,181.0682,4.5775,-1.9078
600749.SH,20170831,20170630,17.4323,107.1271,19.8727,-4.7035
600805.SH,20170826,20170630,-2.5995,-99.4482,44.275,-0.7316
600689.SH,20170831,20170630,25.7228,32.6872,-0.5022,-2.1134
600650.SH,20170831,20170630,12.5502,-29.0199,12.2506,3.8745
600828.SH,20170825,20170630,34.073,12.9314,16.8064,9.8805
600830.SH,20170830,20170630,-46.8014,-62.1992,31.773,0.5431
600733.SH,20170829,20170630,-57.9981,-4.5103,-438.8517,-2.2299
600678.SH,20170831,20170630,76.4457,135.71,12.7136,
601992.SH,20170830,20170630,13.1834,-15.8453,-18.7396,3.6122
300319.SZ,20170829,20170630,23.3851,7.3918,-11.672,1.3267
603900.SH,20170830,20170630,9.0948,34.7339,12.9235,8.6906
002107.SZ,20170830,20170630,16.2186,71.6741,10.583,6.8517
601233.SH,20170829,20170630,30.5748,54.7235,19.5166,5.3957
300027.SZ,20170829,20170630,31.4678,1138.1563,-10.0366,1.0858
300044.SZ,20170829,20170630,182.1354,74.2875,-40.7461,3.2881
002478.SZ,20170829,20170630,78.1057,47.0948,1.12,1.7317
300095.SZ,20170826,20170630,-7.8085,3.2549,-51.7427,1.6033
002563.SZ,20170829,20170630,20.9711,5.0744,15.2017,5.0474
300598.SZ,20170829,20170630,-5.6132,-35.2541,-1.5046,1.0067
002132.SZ,20170829,20170630,42.8669,8.9154,17.0529,1.6839
300086.SZ,20170829,20170630,2.603,195.1977,-4.4181,0.7977
300067.SZ,20170826,20170630,100.3529,-3.6564,10.1401,5.4627
601633.SH,20170826,20170630,-14.272,-81.6142,77.0553,4.4622
002185.SZ,20170826,20170630,32.7243,36.8201,17.8316,4.7946
600939.SH,20170830,20170630,-0.0046,-33.8579,10.9763,2.647
300370.SZ,20170825,20170630,103.0376,94.9274,-32.4776,-1.1095
000606.SZ,20170816,20170630,35.4227,-140.7816,-4.2478,-1.714
002294.SZ,20170825,20170630,8.7908,5.1939,29.8857,13.2766
002352.SZ,20170826,20170630,21.2517,3.4892,10.7652,8.4677
300031.SZ,20170829,20170630,-21.6426,25.1759,16.4393,4.3902
601200.SH,20170831,20170630,4.2886,24.7055,63.9174,5.4866
300131.SZ,20170829,20170630,128.8326,36.0294,-5.2308,4.0621
601228.SH,20170825,20170630,27.5355,-1.9187,18.4775,3.1116
002424.SZ,20170828,20170630,3.699,-1.8377,-6.6245,7.4372
002517.SZ,20170828,20170630,-3.928,45.1784,40.9633,10.6989
002458.SZ,20170830,20170630,-77.2662,-166.7466,-66.5318,-9.7565
002617.SZ,20170829,20170630,113.4743,232.1278,-23.96,6.822
300334.SZ,20170825,20170630,34.9645,-582.6121,-62.7173,-1.6438
002747.SZ,20170829,20170630,91.3001,55.1106,-3.1284,2.1099
002382.SZ,20170830,20170630,21.7734,-5.6351,32.2773,7.994
300077.SZ,20170825,20170630,22.0348,17.137,-32.3871,1.3093
300335.SZ,20170829,20170630,132.9366,138.4958,9.6175,7.9102
603579.SH,20170825,20170630,46.6863,10.7999,15.7385,12.995
002635.SZ,20170825,20170630,13.4227,38.1973,24.3681,6.0268
300595.SZ,20170826,20170630,17.1107,8.8282,46.2378,10.7101
300385.SZ,20170826,20170630,24.8112,11.4137,1.4795,4.4663
603518.SH,20170825,20170630,239.5529,132.3041,11.9866,2.3137
603716.SH,20170830,20170630,26.807,-10.4813,-14.1396,3.8856
300496.SZ,20170829,20170630,31.9848,-23.3747,19.3136,3.3288
000859.SZ,20170817,20170630,-2.9319,1222.4448,6.9074,-0.9208
000819.SZ,20170822,20170630,-55.2709,-163.8666,-3.4414,-0.7273
300398.SZ,20170829,20170630,47.2844,-50.1456,25.5168,2.9843
603158.SH,20170830,20170630,24.3178,34.3372,9.4356,7.0503
300383.SZ,20170825,20170630,77.0543,71.2814,8.2867,3.3545
300391.SZ,20170829,20170630,327.3085,3105.8063,3.3993,4.7675
000983.SZ,20170801,20170630,54.7426,645.7971,10.2419,5.2241
000488.SZ,20170816,20170630,32.1966,94.2145,-30.9434,7.2187
600070.SH,20170823,20170630,123.5494,922.6141,6.6045,1.4623
600226.SH,20170815,20170630,83.5038,22.3716,27.737,5.7031
600558.SH,20170822,20170630,19.9287,-57.2477,4.5891,1.0144
600367.SH,20170805,20170630,4.3437,-3.2087,17.3198,3.3294
600396.SH,20170812,20170630,8.3426,-343.8152,19.6323,-3.7675
600422.SH,20170819,20170630,11.8336,-25.7145,2.8608,5.3471
600665.SH,20170824,20170630,120.8921,317.7235,58.7197,3.7594
600796.SH,20170818,20170630,7.7704,208.1818,18.8919,5.0553
002012.SZ,20170817,20170630,12.391,43.8483,11.6577,0.4516
300016.SZ,20170823,20170630,6.8207,25.874,0.4959,7.6014
002173.SZ,20170824,20170630,17.6474,21.5254,33.7645,1.9944
002359.SZ,20170822,20170630,86.9096,87.2199,103.6778,0.7838
002362.SZ,20170824,20170630,41.5259,144.7115,1.0018,2.4801
300234.SZ,20170804,20170630,34.0336,-36.1713,-29.8449,-0.4558
002580.SZ,20170823,20170630,10.6734,-38.7337,-5.7752,0.9372
002277.SZ,20170821,20170630,15.9931,28.7453,10.403,5.3935
000975.SZ,20170801,20170630,46.026,25.512,98.5492,2.5065
000534.SZ,20170816,20170630,5012.7291,-72.8212,121.5178,0.6131
000560.SZ,20170817,20170630,-53.6246,-44.9127,13.9467,0.6434
000514.SZ,20170729,20170630,127.5509,205.8998,74.3737,1.4839
002007.SZ,20170821,20170630,6.6475,-19.3335,12.4073,9.2544
300609.SZ,20170815,20170630,15.5938,-5.7365,30.1829,2.9616
002224.SZ,20170726,20170630,8.9836,-28.6569,13.0752,4.8255
600966.SH,20170812,20170630,13.4346,277.478,17.121,9.368
002499.SZ,20170824,20170630,785.2647,197.5975,-54.105,5.4411
600393.SH,20170729,20170630,273.7726,126.1165,-56.0187,17.4805
300264.SZ,20170818,20170630,-24.072,-347.6159,-135.4773,-4.7277
002518.SZ,20170822,20170630,66.4509,50.8836,0.5801,7.1921
300615.SZ,20170818,20170630,-8.73,-50.8384,16.816,5.4509
300146.SZ,20170731,20170630,29.9749,123.2937,44.8071,9.8467
603178.SH,20170822,20170630,21.9356,17.3793,5.7356,4.9028
300365.SZ,20170818,20170630,80.517,54.9286,-8.3817,6.1669
300159.SZ,20170810,20170630,113.2097,443.1923,-14.9209,1.9478
600773.SH,20170819,20170630,-64.8372,-0.7059,140.9709,1.0643
600644.SH,20170810,20170630,12.4881,-76.6387,23.9325,4.6074
600482.SH,20170812,20170630,11.1501,35.1287,-3.9645,1.9537
600192.SH,20170824,20170630,2.6456,-29.3437,13.198,0.0113
600062.SH,20170818,20170630,10.0415,13.8736,22.0036,7.2613
600064.SH,20170729,20170630,-63.2344,-16.7912,76.4729,4.9429
002245.SZ,20170808,20170630,107.6076,68.3916,-8.2204,6.5318
002138.SZ,20170812,20170630,9.7081,9.5151,34.6537,4.8372
600794.SH,20170815,20170630,15.6274,-479.1484,97.6226,-0.2997
600784.SH,20170819,20170630,-64.0929,190.9589,-14.0614,0.1793
002386.SZ,20170725,20170630,-10.9473,234.8901,0.6567,-0.4054
002014.SZ,20170808,20170630,10.8408,-7.5651,9.8818,4.626
603580.SH,20170822,20170630,,,27.7845,4.1448
603009.SH,20170818,20170630,2.927,30.5653,9.0644,2.1883
002732.SZ,20170808,20170630,7.9737,21.5036,18.8176,6.1053
603686.SH,20170805,20170630,38.3365,20.6955,20.4739,10.0049
002686.SZ,20170802,20170630,43.0726,38.49,-6.4122,5.2589
002632.SZ,20170728,20170630,35.6299,237.5425,4.251,2.6616
601678.SH,20170721,20170630,42.1661,3978.8546,5.6187,6.9988
601677.SH,20170822,20170630,36.5187,26.192,12.4686,4.9786
600608.SH,20170822,20170630,136.1787,12.3192,44.5185,
000591.SZ,20170824,20170630,22.6989,66.1772,16.8478,3.1932
600812.SH,20170812,20170630,1.8107,6.5425,0.8228,0.3218
600113.SH,20170818,20170630,5.4502,-6.8154,37.7141,7.0487
000877.SZ,20170818,20170630,26.1363,83.4085,25.0385,0.3873
600583.SH,20170822,20170630,-20.0196,-0.5557,-18.9087,0.2186
002249.SZ,20170822,20170630,33.2648,-23.3295,-2.2584,1.4323
002562.SZ,20170731,20170630,51.5731,161.1975,10.4496,8.1824
300144.SZ,20170816,20170630,17.6327,16.9995,43.3607,7.9153
002479.SZ,20170823,20170630,41.394,49.0537,17.7728,6.8928
002659.SZ,20170805,20170630,42.0039,-985.2115,43.6799,-1.3193
002670.SZ,20170809,20170630,60.417,26.7457,161.5164,1.5164
300328.SZ,20170822,20170630,29.3954,12.7008,33.9019,1.9259
000416.SZ,20170810,20170630,-96.69,5.6132,750.8606,0.7574
000952.SZ,20170822,20170630,18.0049,-22.2594,-9.6962,7.3188
600663.SH,20170729,20170630,-1.512,13.1721,-63.6942,8.1719
300296.SZ,20170822,20170630,49.8114,95.1573,15.2317,7.6548
300037.SZ,20170808,20170630,3.8787,-16.9465,19.2741,5.3691
600721.SH,20170816,20170630,-38.9626,130.4377,10.7597,1.8726
300507.SZ,20170823,20170630,15.0808,4.6724,19.9674,5.9217
002331.SZ,20170808,20170630,-25.3154,11.6369,-13.8822,2.2036
300304.SZ,20170729,20170630,23.1752,16.0802,22.8321,4.3755
300285.SZ,20170815,20170630,89.1442,76.1104,8.2039,6.3502
002780.SZ,20170812,20170630,16.5038,-44.3645,6.503,-0.1865
300420.SZ,20170808,20170630,12.251,18.6962,-5.8777,3.689
000948.SZ,20170819,20170630,17.1562,-581.6426,-47.7623,-4.8164
000536.SZ,20170809,20170630,16.6841,-95.4493,-69.4623,0.3371
000980.SZ,20170822,20170630,1158.1667,1932.3907,2.9325,2.6741
000576.SZ,20170819,20170630,315.838,68.416,-23.5522,-2.6703
600664.SH,20170810,20170630,-15.8561,7.0122,6.1319,4.0701
002135.SZ,20170822,20170630,7.4845,113.2207,-4.7064,2.3648
603198.SH,20170819,20170630,1.5761,-45.2626,-12.8566,8.7976
300563.SZ,20170822,20170630,-10.5294,30.1504,10.5992,4.3422
002028.SZ,20170822,20170630,27.7779,33.696,16.0264,2.4767
300482.SZ,20170819,20170630,84.2321,36.7023,6.5547,10.272
002681.SZ,20170810,20170630,26.2883,22.3916,-12.8123,4.0734
300050.SZ,20170728,20170630,7.2983,40.2563,2.4159,1.5688
603806.SH,20170816,20170630,20.7724,-47.0466,9.042,4.7429
000959.SZ,20170822,20170630,26.649,-33.6589,4.7721,3.7603
600141.SH,20170812,20170630,12.8075,300.871,6.2003,1.7098
002230.SZ,20170810,20170630,50.2789,-82.041,-19.8591,1.0354
300238.SZ,20170727,20170630,92.5008,96.2039,0.3387,1.3711
300611.SZ,20170821,20170630,15.2429,11.4365,-3.8689,3.8462
300276.SZ,20170805,20170630,-15.6086,-7.291,-2.3715,0.9732
000099.SZ,20170822,20170630,5.4727,16.2821,21.5523,1.0744
600527.SH,20170818,20170630,20.0332,70.112,2.0755,1.4063
600525.SH,20170819,20170630,47.0113,31.8441,-3.2128,3.176
600131.SH,20170812,20170630,-35.5279,-56.112,29.184,3.3591
600823.SH,20170824,20170630,90.428,0.4147,57.1581,5.2281
600318.SH,20170812,20170630,-4.635,944.7204,95.4816,3.0112
002742.SZ,20170812,20170630,9.8367,183.9452,42.5355,4.4655
002530.SZ,20170817,20170630,134.9935,875.3718,17.1287,2.1738
002349.SZ,20170731,20170630,33.0629,64.9488,13.3099,4.3297
002645.SZ,20170808,20170630,23.4026,50.998,2.9233,2.2979
300336.SZ,20170822,20170630,45.0063,32.5048,2.4775,3.7846
603225.SH,20170808,20170630,38.3707,441.2887,13.2616,11.7898
600225.SH,20170805,20170630,-6.7832,119.2106,-4.3303,-28.7139
000667.SZ,20170810,20170630,10.2856,27.3052,-12.6053,4.5504
002162.SZ,20170803,20170630,22.1609,97.8451,12.1448,0.3493
600025.SH,20171106,20170630,11.3615,137.2824,64.4198,5.0191
603368.SH,20170822,20170630,21.4791,29.4807,4.8694,5.9246
002466.SZ,20170818,20170630,41.9632,12.0485,37.9093,18.3627
300409.SZ,20170721,20170630,32.9615,35.1923,13.892,5.3941
300125.SZ,20170725,20170630,0.7086,84.6846,15.0561,-1.6527
300664.SZ,20171218,20170630,,,28.4277,5.7917
002206.SZ,20170817,20170630,28.9305,15.3256,21.2165,5.4558
300731.SZ,20171120,20170630,,,2.2793,15.4316
300080.SZ,20170825,20170630,-52.5138,-44915.8674,-34.1563,-7.0736
002038.SZ,20170830,20170630,12.2159,1.1538,62.0574,4.7962
000016.SZ,20170825,20170630,48.1152,5.0106,-9.4436,-1.525
000025.SZ,20170831,20170630,3.1127,73.5049,1.5074,1.9495
000035.SZ,20170831,20170630,60.0283,37.6929,27.7422,3.3061
000031.SZ,20170831,20170630,-2.1741,145.628,-24.6509,0.6514
000056.SZ,20170829,20170630,100.3344,50.2432,-91.4611,1.9364
000411.SZ,20170826,20170630,11.0065,-4.0039,11.7766,5.3133
000422.SZ,20170830,20170630,-22.8147,590.863,74.0648,-0.6684
000061.SZ,20170828,20170630,5.3992,-81.7611,29.4949,-0.4734
000407.SZ,20170826,20170630,49.2531,152.5489,5.7774,2.0832
000546.SZ,20170831,20170630,11.6097,19.6497,29.6405,3.8818
000552.SZ,20170829,20170630,53.3671,582.6417,-12.5466,4.2735
000400.SZ,20170825,20170630,8.7504,50.3235,-1.007,2.2408
000517.SZ,20170830,20170630,147.1495,686.7136,45.3901,11.159
000598.SZ,20170829,20170630,32.3818,3.4309,44.1187,4.9647
000601.SZ,20170830,20170630,8.5132,-6.8156,21.6186,7.3489
000603.SZ,20170825,20170630,31.1979,50.7644,29.1982,2.8664
000632.SZ,20170831,20170630,-9.4161,52.658,26.9338,-0.0572
000685.SZ,20170826,20170630,4.9994,6.9467,38.6099,4.4814
000623.SZ,20170826,20170630,11.5964,3.7913,8.5369,4.4875
000678.SZ,20170830,20170630,14.9051,-60.2832,9.4611,-0.0873
000677.SZ,20170826,20170630,4.5211,190.6894,-21.7753,1.0354
000558.SZ,20170828,20170630,-51.0885,-17.2831,4.7548,0.8841
000568.SZ,20170829,20170630,18.4156,30.6488,49.1815,13.2265
000564.SZ,20170831,20170630,107.3749,166.6276,4.2146,1.0525
000807.SZ,20170828,20170630,31.0587,-67.9096,8.3356,1.554
000806.SZ,20170826,20170630,-14.526,-141.9208,17.477,-0.6572
000810.SZ,20170825,20170630,26.7459,-80.5284,-12.9223,1.3089
000707.SZ,20170831,20170630,-29.226,43.3111,6.6189,1.0297
000736.SZ,20170825,20170630,-27.6085,-858.4809,-1367.502,-6.0495
000797.SZ,20170831,20170630,-14.4121,-135.6517,39.8829,2.3457
000883.SZ,20170826,20170630,22.0114,0.9537,50.4622,5.5414
000816.SZ,20170826,20170630,-28.1203,-1148.9163,-43.637,-1.8545
000826.SZ,20170830,20170630,17.8269,16.0121,-13.772,5.1432
000829.SZ,20170831,20170630,24.8796,98.8572,33.1896,0.4783
000919.SZ,20170829,20170630,-6.2598,-7.097,19.7381,3.8609
000978.SZ,20170826,20170630,32.562,98.0581,47.7121,1.5298
000910.SZ,20170829,20170630,4.946,33.6359,29.6195,4.5595
002026.SZ,20170829,20170630,20.6552,67.1751,-3.783,2.8879
002032.SZ,20170831,20170630,13.1417,18.0037,4.8311,12.3155
002432.SZ,20170825,20170630,176.5275,-9.0311,-18.3481,-3.1961
300547.SZ,20170829,20170630,30.7508,30.0247,13.6062,6.8828
002084.SZ,20170830,20170630,20.7168,56.026,-13.72,2.7399
300099.SZ,20170826,20170630,8.7404,-124.6929,77.4612,0.351
002127.SZ,20170825,20170630,56.0635,65.8176,49.7609,7.7915
000559.SZ,20170819,20170630,-6.1264,-16.9349,12.4071,9.6946
300406.SZ,20170829,20170630,1.291,0.2185,30.9546,8.0596
002231.SZ,20170829,20170630,-19.2625,53.142,0.5906,-2.2819
002201.SZ,20170830,20170630,19.7386,-39.2326,19.0475,-0.3568
300354.SZ,20170829,20170630,-3.2925,28.8107,8.246,0.0186
300198.SZ,20170825,20170630,50.4702,1267.5266,10.7389,1.731
300109.SZ,20170829,20170630,13.503,22.4254,27.5227,4.0331
300327.SZ,20170829,20170630,19.8298,49.312,30.9381,8.9284
300239.SZ,20170825,20170630,4.0555,25.9881,9.0903,1.4507
000795.SZ,20170818,20170630,14.8932,557.487,-11.88,2.1064
300663.SZ,20170829,20170630,-5.7437,-1166.3407,-41.0673,-6.0246
300506.SZ,20170829,20170630,99.6146,232.0649,-46.3256,10.903
300531.SZ,20170825,20170630,49.9514,19.246,-28.7257,4.1745
300521.SZ,20170829,20170630,13.843,28.8246,33.6367,2.8919
000848.SZ,20170729,20170630,18.7295,3.0924,12.7046,11.6192
300268.SZ,20170825,20170630,-55.6606,-67.5077,-5809.5907,-3.1088
002208.SZ,20170823,20170630,-47.5187,-1256.6333,242.3848,1.8546
002467.SZ,20170824,20170630,-0.7126,2396.186,21.7114,1.5397
002299.SZ,20170725,20170630,10.6485,-103.4834,12.493,-0.5355
002803.SZ,20170824,20170630,47.936,-9.0241,-27.0807,4.5068
002571.SZ,20170822,20170630,-11.2622,575.2127,44.4744,-1.009
002471.SZ,20170731,20170630,7.0581,-24.2278,-12.3686,2.1081
000028.SZ,20170824,20170630,0.5086,-30.0617,7.0916,6.3097
000755.SZ,20170808,20170630,-56.4974,32.2597,-33.263,-62.185
000418.SZ,20170805,20170630,30.2446,26.7512,0.5451,11.6979
000049.SZ,20170815,20170630,60.5998,34.9118,-13.0198,9.3527
000688.SZ,20170822,20170630,26.508,201.8687,54.6529,12.8918
002771.SZ,20170804,20170630,-2.1646,-16.7085,-7.44,4.9114
000802.SZ,20170811,20170630,1.6332,-4.4433,-58.8825,0.7696
000159.SZ,20170822,20170630,-58.1513,-552.6187,35.8974,-1.8122
000708.SZ,20170818,20170630,35.1829,39.6638,-10.6318,5.3668
000720.SZ,20170818,20170630,19.3114,-49.4479,1.6379,-12.7276
000962.SZ,20170822,20170630,13.7274,34.6858,35.4764,-7.0316
002498.SZ,20170823,20170630,27.5835,-37.2196,-8.2393,2.0796
300498.SZ,20170815,20170630,-17.3271,-91.8489,-4.2084,5.7189
002288.SZ,20170726,20170630,60.8228,478.2258,-1.3253,1.8377
300377.SZ,20170815,20170630,50.8976,86.0941,-112.1699,1.953
002782.SZ,20170819,20170630,4.8859,-26.9025,-1.321,2.5935
300297.SZ,20170808,20170630,113.335,44.1279,-33.5775,3.7542
002215.SZ,20170823,20170630,6.355,233.407,-55.2819,10.8024
300207.SZ,20170815,20170630,74.4259,5.347,-12.5161,6.1199
300241.SZ,20170816,20170630,50.6295,249.0256,-1.647,2.1035
300236.SZ,20170821,20170630,13.6155,31.4097,19.0567,2.7458
300536.SZ,20170817,20170630,7.2678,4.859,8.4181,5.1604
002182.SZ,20170728,20170630,25.8786,-29.6548,10.5787,4.1262
300589.SZ,20170824,20170630,-7.0532,-7.78,-7.5586,2.8696
300366.SZ,20170817,20170630,98.1432,46.3238,1.9069,1.8028
000553.SZ,20170816,20170630,53.4778,1156.7164,26.4407,7.9923
300346.SZ,20170823,20170630,112.9539,445.0494,28.9472,0.8843
002308.SZ,20170822,20170630,12.9627,55.8856,21.5761,3.7021
002136.SZ,20170822,20170630,46.078,156.0295,16.512,14.6334
002271.SZ,20170819,20170630,48.4658,34.5268,-22.6431,9.0408
300654.SZ,20170905,20170630,,,28.7466,1.8999
000594.SZ,20180323,20170630,-56.3685,91.0792,-5.9121,
300644.SZ,20171108,20170630,,,12.5998,4.2484
300750.SZ,20171110,20170630,,,-16.8043,2.9192
002879.SZ,20170814,20170630,21.3397,16.5334,-9.0953,6.3326
002667.SZ,20170824,20170630,175.4496,167.7586,26.7088,1.8358
002952.SZ,20170822,20170630,,,25.5807,14.0527
002919.SZ,20171129,20170630,,,16.5589,6.9026
002187.SZ,20170819,20170630,4.9209,17.2153,1.7787,3.7549
300597.SZ,20170825,20170630,-18.5723,-3.9594,-49.5596,2.2186
002887.SZ,20170828,20170630,33.8511,3.5446,-22.4493,11.3375
002110.SZ,20170825,20170630,46.826,112.1874,4.7305,13.9167
300650.SZ,20170825,20170630,16.5848,2.4505,9.5772,4.0213
002047.SZ,20170828,20170630,16.4792,1.0635,0.1529,7.0183
002200.SZ,20170826,20170630,-38.7428,-237.9839,-9.7091,-5.7339
002088.SZ,20170825,20170630,41.3741,148.6641,27.9216,3.5748
002404.SZ,20170829,20170630,29.697,60.5376,3.6965,4.2296
000011.SZ,20170831,20170630,58.2374,1177.2547,-88.9034,14.4915
002083.SZ,20170829,20170630,7.2156,41.6835,9.4232,6.8647
000014.SZ,20170831,20170630,127.6484,230.4826,56.0554,-0.2984
000017.SZ,20170830,20170630,-41.4583,-730.3631,-28.7526,-14.071
000019.SZ,20170828,20170630,2.37,12.0495,-49.2847,-1.9136
000020.SZ,20170829,20170630,44.1177,-74.6392,-6.8223,0.4605
002070.SZ,20170829,20170630,14.8544,-249.6325,13.69,-11.1888
002093.SZ,20170830,20170630,29.4878,309.2164,37.2815,2.4106
002594.SZ,20170829,20170630,-2.7279,-20.7148,-4.3846,2.1478
002118.SZ,20170825,20170630,32.1929,657.3813,-188.0694,2.4628
000036.SZ,20170831,20170630,1959.5375,-13.4743,-20.3679,28.2313
000027.SZ,20170826,20170630,19.9475,-55.0891,9.4146,1.7858
000029.SZ,20170830,20170630,-39.9895,-0.9821,-14.6799,5.0524
000032.SZ,20170826,20170630,-7.2161,-28.1372,-0.7695,1.672
000039.SZ,20170829,20170630,42.5023,136.4268,-4.0814,2.9271
000068.SZ,20170829,20170630,202.2237,88.1309,6.5925,-3.0457
300225.SZ,20170829,20170630,-5.8847,-30.4863,14.5785,2.8683
000005.SZ,20170826,20170630,-9.8151,-105.6936,-141.6942,-1.7821
000410.SZ,20170831,20170630,-9.5289,28.0001,-7.5723,-123.4599
000058.SZ,20170829,20170630,-3.8033,35.4084,17.7864,1.842
000007.SZ,20170831,20170630,12.9585,565.723,224.7788,-2.2712
000060.SZ,20170828,20170630,73.9361,245.5201,17.6546,6.2225
000009.SZ,20170830,20170630,18.2329,9.988,-2.6685,0.0765
000518.SZ,20170831,20170630,23.5329,311.8594,-295.8049,-0.8371
000415.SZ,20170831,20170630,57.1045,20.8203,58.016,3.1046
000004.SZ,20170831,20170630,-79.2267,-148.2337,22.5085,-3.274
000042.SZ,20170829,20170630,53.1943,785.013,-99.3001,2.5417
000045.SZ,20170826,20170630,61.1004,151.1587,18.7599,-0.1826
000408.SZ,20170829,20170630,31.2127,33.5128,-7.4081,5.1336
000528.SZ,20170829,20170630,100.1394,13563.3999,9.5125,2.4372
000555.SZ,20170830,20170630,7.1676,10.2834,-25.5987,1.7327
000529.SZ,20170831,20170630,-7.0737,12.8696,16.8322,4.229
000069.SZ,20170826,20170630,28.0817,-0.2263,-133.3933,3.8807
000409.SZ,20170831,20170630,-30.0262,-1639.3093,-1.3656,-8.1093
000151.SZ,20170830,20170630,19.114,-2.2462,-80.8368,4.3719
000530.SZ,20170826,20170630,22.6081,44.0249,-2.1722,2.1338
000089.SZ,20170830,20170630,13.6408,32.4149,35.5379,2.8312
000155.SZ,20170831,20170630,863.943,-83.3488,-15.3992,2.8535
000543.SZ,20170831,20170630,45.8791,-108.5316,8.9903,-0.5184
000519.SZ,20170828,20170630,31.6782,-35.7761,9.8628,-0.0257
000158.SZ,20170830,20170630,-19.2026,645.0482,-5.6774,-1.1047
000520.SZ,20170831,20170630,23.6854,179.5012,12.5029,4.0059
000539.SZ,20170831,20170630,17.1858,-61.1454,16.1499,0.6747
000550.SZ,20170831,20170630,37.3279,11.4599,-0.2646,3.0288
000554.SZ,20170830,20170630,-3.7403,-43.219,1.3716,0.396
000403.SZ,20170831,20170630,59.3704,1.8657,0.366,8.8221
000523.SZ,20170826,20170630,14.7716,34.6087,-3.6468,0.5953
000541.SZ,20170825,20170630,9.2693,9.5524,2.1348,4.6851
000599.SZ,20170831,20170630,-28.9718,10.0377,-16.7118,1.5827
000511.SZ,20170831,20170630,508.1421,27.9958,-82.3816,-8.7747
000589.SZ,20170830,20170630,26.9685,-142.4792,1.1071,-3.9285
000652.SZ,20170831,20170630,13.3362,109.276,3.1188,0.9535
000655.SZ,20170826,20170630,101.6923,198.3621,15.8345,2.1559
000592.SZ,20170831,20170630,-1.1238,-13.8934,22.4755,0.0052
000600.SZ,20170826,20170630,-0.45,-98.212,28.7368,1.9644
000593.SZ,20170831,20170630,-12.6721,59.8869,-2.8202,0.8245
000504.SZ,20170831,20170630,188.2554,9.7596,66.6454,
000505.SZ,20170825,20170630,107.4203,139.2895,5.2387,25.2423
000657.SZ,20170831,20170630,12.1945,7.2761,12.8276,1.526
000506.SZ,20170829,20170630,25.7729,-673.7197,-3.6694,-9.4972
000507.SZ,20170829,20170630,-13.3608,74.547,17.4777,3.5932
000659.SZ,20170830,20170630,-3.489,420.7644,9.6575,1.9026
000595.SZ,20170831,20170630,104.6804,120.2017,-31.3116,-0.4618
000607.SZ,20170830,20170630,3.92,-28.5035,-14.4413,1.5416
000611.SZ,20170831,20170630,39.3359,29.7918,3969.4465,-2.2396
000616.SZ,20170831,20170630,-67.8856,-200.6976,100.5172,-1.6066
000509.SZ,20170826,20170630,2598.783,60.1061,0.3802,-8.6119
000585.SZ,20170826,20170630,-27.8757,48.607,-61.7581,-10.5952
000586.SZ,20170825,20170630,-5.1557,-32.285,5.6742,-1.4972
000597.SZ,20170829,20170630,13.8159,293.4493,-23.5323,1.4004
000565.SZ,20170825,20170630,123.1757,5.4544,23.1198,3.6716
000572.SZ,20170826,20170630,-33.5393,-128.7181,-54.8527,-0.0236
000573.SZ,20170831,20170630,314.8972,495.471,-16.6096,4.0535
000581.SZ,20170825,20170630,23.8764,26.4226,11.4617,9.1066
000429.SZ,20170829,20170630,8.0399,91.4244,74.1833,7.6913
000681.SZ,20170830,20170630,49.9343,49.6252,12.7346,4.2568
000633.SZ,20170825,20170630,40.4962,59.5772,-29.8721,-8.5524
000498.SZ,20170825,20170630,117.8163,72.3053,8.3411,6.5883
000686.SZ,20170826,20170630,29.508,-37.3693,295.5552,1.9181
000426.SZ,20170831,20170630,184.6734,362.5056,60.7084,4.1551
000690.SZ,20170826,20170630,-20.0051,3.2559,18.3262,0.3963
000428.SZ,20170830,20170630,-16.6973,-11.2553,33.2985,-3.7233
000501.SZ,20170826,20170630,5.7072,43.8164,1.1721,9.7428
000638.SZ,20170831,20170630,57.5045,268.8498,-221.3324,3.0437
000620.SZ,20170828,20170630,69.367,201.404,156.343,0.8784
000566.SZ,20170830,20170630,-7.7552,-14.683,12.3173,1.1186
000673.SZ,20170830,20170630,32.3194,-41.0187,-37.3611,1.0176
000650.SZ,20170825,20170630,5.9124,11.8565,28.5984,5.6984
000676.SZ,20170830,20170630,127.0366,2.175,-3.0803,3.8511
000567.SZ,20170831,20170630,13403.3617,1982.943,-1568.0423,14.231
002320.SZ,20170816,20170630,34.5933,100.3423,42.6949,5.833
000570.SZ,20170825,20170630,14.8874,-56.3377,19.9983,0.8976
000561.SZ,20170826,20170630,24.3233,-13.5815,4.7379,1.4362
000679.SZ,20170831,20170630,-8.1447,82.4108,22.7112,0.7124
000630.SZ,20170828,20170630,-14.9789,-30.8757,8.176,1.3956
000571.SZ,20170831,20170630,66.2657,55.5473,26.9426,-2.348
000631.SZ,20170829,20170630,47.6909,26.1834,16.5175,5.3957
000800.SZ,20170830,20170630,49.9414,126.9851,-3.5453,3.2383
000697.SZ,20170830,20170630,9659.179,-3061.4909,-381.5919,-10.7648
000719.SZ,20170825,20170630,11.6404,5.6406,14.9523,4.5748
000698.SZ,20170826,20170630,76.7356,-38.4094,-6.0055,1.8649
000721.SZ,20170826,20170630,0.6437,-77.4848,-1.7723,-0.4856
000700.SZ,20170826,20170630,33.3169,-42.8441,10.2847,2.6448
000723.SZ,20170830,20170630,135.8671,28.8593,12.3199,6.7544
000729.SZ,20170828,20170630,-0.6615,8.1914,31.1344,2.8565
000727.SZ,20170829,20170630,700.993,731.1447,15.2108,-2.2216
000732.SZ,20170831,20170630,46.8701,39.0323,-72.4743,4.7513
000815.SZ,20170825,20170630,27.567,125.5362,15.009,-0.5829
000668.SZ,20170825,20170630,88.4978,135.544,-233.4081,-0.9788
000691.SZ,20170830,20170630,102.3934,-985.3488,-5.7101,-4.9236
002120.SZ,20170824,20170630,43.6091,44.5752,37.8247,17.6228
000733.SZ,20170828,20170630,42.6546,17.2576,-4.3335,3.274
000692.SZ,20170826,20170630,-25.3277,11.7794,-391.8204,-2.6151
000735.SZ,20170826,20170630,94.6103,191.3044,13.3246,3.3202
000710.SZ,20170831,20170630,-11.5669,-341.0162,-1.7692,-9.3247
000669.SZ,20170825,20170630,99.8422,84.2818,5.536,3.0234
000693.SZ,20170831,20170630,-99.9949,-3.1943,-1155.974,-9.4043
000718.SZ,20170825,20170630,-14.7436,-10.4999,21.9917,2.2465
001696.SZ,20170829,20170630,12.2353,4.3088,-11.7761,3.8593
000739.SZ,20170828,20170630,16.4729,6.4194,8.4896,4.5287
000836.SZ,20170826,20170630,12.3783,646.5952,15.3358,0.7214
000852.SZ,20170830,20170630,-4.8229,36.929,29.2306,-10.1897
000876.SZ,20170830,20170630,-2.4204,-36.1786,5.8563,5.4221
000893.SZ,20170826,20170630,-38.5582,-239.8884,-17.5677,-0.4858
000837.SZ,20170831,20170630,5.4387,95.3601,0.5171,-1.6855
000861.SZ,20170830,20170630,-5.5143,-51.3313,13.1514,1.6876
000878.SZ,20170825,20170630,70.4706,-35.912,3.3689,0.5413
000897.SZ,20170831,20170630,-87.3322,-198.8664,-351.798,-3.122
000863.SZ,20170830,20170630,-76.8293,-84.3173,48.3565,1.1285
000880.SZ,20170831,20170630,10.7428,107.2308,25.4034,1.2342
000869.SZ,20170829,20170630,-0.0334,0.8011,4.1357,7.641
000886.SZ,20170830,20170630,251.7277,115.9144,25.8222,3.4919
000823.SZ,20170826,20170630,28.8982,-5.189,6.7094,3.0368
000888.SZ,20170826,20170630,12.1983,6.7083,46.0031,3.0636
000850.SZ,20170829,20170630,29.0592,-96.2491,0.363,-1.1781
000761.SZ,20170825,20170630,48.5369,56.2463,-6.5032,3.9197
000762.SZ,20170830,20170630,25.4598,21.6615,16.7572,-1.5186
000801.SZ,20170831,20170630,-5.6369,-145.6335,-7.0298,-1.9195
000752.SZ,20170830,20170630,18.3745,435.3509,-0.2188,0.8826
000803.SZ,20170826,20170630,-77.0404,21.1779,-84.6226,-51.661
000833.SZ,20170830,20170630,4.307,1023.2609,19.0856,1.0051
000918.SZ,20170825,20170630,-82.2628,49.2844,-722.5697,-27.6939
000976.SZ,20170831,20170630,-11.8859,81.4543,13.3267,1.7095
000963.SZ,20170830,20170630,14.2098,28.1198,16.6789,13.8052
000785.SZ,20170826,20170630,0.8029,38.6607,7.5557,5.4764
000967.SZ,20170825,20170630,21.1144,57.1231,-23.8035,2.8868
000965.SZ,20170829,20170630,-59.7639,-109.0038,-1240.2935,-0.5904
000788.SZ,20170830,20170630,24.044,189.8275,13.0473,1.084
000969.SZ,20170830,20170630,26.2911,410.0034,0.981,0.3605
000789.SZ,20170826,20170630,27.4771,30.7352,12.5989,2.9797
000903.SZ,20170831,20170630,49.8752,51.592,-22.6963,3.0558
000898.SZ,20170829,20170630,39.0647,-17.5956,0.8788,4.0256
000899.SZ,20170825,20170630,2.1115,-82.1983,10.7418,2.011
000792.SZ,20170831,20170630,9.4188,-238.869,25.8467,-2.2916
000776.SZ,20170826,20170630,-4.1506,-2.7868,220.3573,5.1968
000906.SZ,20170825,20170630,61.4635,3.5202,1.1179,3.9076
000953.SZ,20170831,20170630,-35.0632,135.0116,-26.3497,
000909.SZ,20170826,20170630,114.0173,12.6589,-30.9863,1.2682
000780.SZ,20170830,20170630,59.1943,212.9079,98.9891,3.2718
000955.SZ,20170831,20170630,38.0488,-850.8704,3.1833,-2.6505
000973.SZ,20170825,20170630,-4.7169,27.0482,5.9996,1.7601
000912.SZ,20170831,20170630,34.9793,71.7403,26.3925,-47.4204
000957.SZ,20170829,20170630,-37.2294,-89.5075,-54.7319,0.6521
000913.SZ,20170831,20170630,21.5691,312.524,-13.0354,2.2063
000922.SZ,20170829,20170630,42.1255,106.4078,-7.1667,-2.3396
000923.SZ,20170830,20170630,3.9448,52.383,-21.1681,-2.8454
000927.SZ,20170830,20170630,-38.4593,-19.3037,-220.6659,-50.7528
000988.SZ,20170825,20170630,26.2611,67.4527,7.1437,4.3826
000930.SZ,20170828,20170630,3.2244,250.053,3.6138,-0.033
000993.SZ,20170831,20170630,64.1835,-14.8538,33.8698,3.5597
000935.SZ,20170830,20170630,23.993,63.9745,15.8695,1.1684
000936.SZ,20170825,20170630,60.9313,22.03,-0.388,1.6611
000996.SZ,20170830,20170630,-44.4414,-21.8726,150.4915,1.8083
000725.SZ,20170829,20170630,60.7713,402.4322,19.4397,5.0063
000726.SZ,20170830,20170630,10.906,20.9405,24.2516,5.5837
002045.SZ,20170819,20170630,36.9225,2195.0779,5.236,1.6512
002060.SZ,20170823,20170630,39.7559,-2.8393,32.5817,1.8728
002037.SZ,20170823,20170630,60.9653,5.2096,2.8987,1.7499
002046.SZ,20170816,20170630,18.4958,138.6919,55.1428,-0.6079
000006.SZ,20170818,20170630,44.3207,173.5663,109.2871,4.9844
000012.SZ,20170822,20170630,16.7098,-14.954,21.9571,4.5424
000090.SZ,20170822,20170630,8.9084,-31.933,22.6194,5.2864
002039.SZ,20170825,20170630,-2.6277,15.5833,52.8403,2.2127
002078.SZ,20170830,20170630,16.8808,106.362,10.1572,10.447
002091.SZ,20170826,20170630,13.602,53.862,-19.8838,6.7262
002008.SZ,20170829,20170630,106.8282,168.1129,-1.7255,16.5826
002011.SZ,20170825,20170630,50.8642,-8.5538,18.9131,0.6387
002005.SZ,20170830,20170630,16.1301,-81.4484,9.7283,-3.1542
002016.SZ,20170830,20170630,-93.4961,-112.502,36.3796,-1.095
002036.SZ,20170828,20170630,209.3465,20.2562,-0.0214,4.917
002019.SZ,20170829,20170630,9.0,23.6861,28.0351,11.813
002063.SZ,20170825,20170630,-7.6552,2.3581,-36.5191,3.553
000419.SZ,20170819,20170630,6.8412,17.9478,2.0511,3.6803
000404.SZ,20170810,20170630,37.3194,-3.1618,1.3945,4.0131
300673.SZ,20170829,20170630,4.4363,25.5411,18.0466,9.6276
002343.SZ,20170825,20170630,-27.0191,-33.7714,-31.6794,4.7296
002048.SZ,20170825,20170630,21.0631,-0.3079,17.0125,7.2161
300503.SZ,20170829,20170630,18.2369,20.3264,-0.6907,5.1882
002050.SZ,20170831,20170630,26.6309,27.3629,6.7977,9.2335
002637.SZ,20170825,20170630,115.7115,4.6528,1.1368,2.082
300407.SZ,20170826,20170630,185.954,6.274,-21.8095,-2.4288
002668.SZ,20170829,20170630,46.6358,8.1477,-10.0297,7.1983
002081.SZ,20170826,20170630,4.7028,-1.4181,1.707,8.6503
002309.SZ,20170825,20170630,151.8163,567.7567,-7.7361,0.5385
300303.SZ,20170826,20170630,19.0089,11.3903,-1.2964,3.7312
002054.SZ,20170829,20170630,19.6983,-79.9482,11.0548,0.8663
300273.SZ,20170826,20170630,-29.3686,-77.2365,-134.5388,1.1336
002055.SZ,20170826,20170630,13.1514,89.3379,-12.3827,0.6681
300088.SZ,20170830,20170630,58.2921,110.2251,-2.1714,7.0079
300130.SZ,20170829,20170630,-9.4566,-12.9237,1.1622,1.9021
300103.SZ,20170829,20170630,83.6515,55.5179,-3.648,2.4306
000510.SZ,20170817,20170630,24.9626,46.3516,12.2564,4.3108
300106.SZ,20170829,20170630,-4.7664,-110.9366,56.0185,-5.5558
002592.SZ,20170828,20170630,-18.6098,17.7331,-9.878,3.6393
002808.SZ,20170829,20170630,7.8739,-11.8676,5.2319,2.656
300124.SZ,20170825,20170630,28.7669,2.8989,20.0313,7.691
300185.SZ,20170829,20170630,31.1873,16.007,2.3084,1.8417
002367.SZ,20170825,20170630,-6.5167,-45.3594,10.8689,3.8816
002579.SZ,20170826,20170630,43.1148,-52.7023,5.1549,0.4376
000537.SZ,20170808,20170630,411.085,242.8505,44.9678,1.1027
002425.SZ,20170829,20170630,33.5705,83.9587,-20.8594,2.7819
300163.SZ,20170829,20170630,-9.6319,-87.5792,23.9739,-0.0283
300295.SZ,20170826,20170630,-19.4676,-13.1271,-135.9463,3.597
300474.SZ,20170829,20170630,50.4477,39.816,-1.7832,6.2246
002651.SZ,20170826,20170630,42.023,8.5642,21.8657,2.8147
002361.SZ,20170828,20170630,29.1185,-32.3935,-1.0721,3.0366
300068.SZ,20170826,20170630,24.5232,-3.5829,2.0365,1.5118
002122.SZ,20170829,20170630,7.2255,50.9568,-14.424,0.0447
002601.SZ,20170829,20170630,289.5172,1227.7767,26.7863,10.1779
002130.SZ,20170830,20170630,33.6831,14.8761,16.2154,1.6776
002743.SZ,20170829,20170630,68.7467,-4.6281,-17.2316,1.495
002250.SZ,20170830,20170630,28.5467,-38.2086,14.0256,3.4562
002170.SZ,20170829,20170630,-20.5341,-87.5165,16.7523,0.3966
000548.SZ,20170805,20170630,1593.1276,168.9698,-3.7028,7.7882
002422.SZ,20170830,20170630,19.8698,-64.2957,19.842,2.3053
300097.SZ,20170829,20170630,77.2802,14.9095,8.3199,4.0978
300137.SZ,20170826,20170630,0.3266,11.3907,-9.0215,2.9457
300203.SZ,20170829,20170630,36.4727,15.352,-14.6282,2.8716
300367.SZ,20170825,20170630,26.7858,50.1928,-3.747,2.7755
300003.SZ,20170829,20170630,31.212,31.2913,19.648,8.6195
300075.SZ,20170826,20170630,16.4928,37.4072,-35.7223,4.3672
300010.SZ,20170829,20170630,91.5383,-38.1486,-25.7246,0.5743
300013.SZ,20170825,20170630,63.4675,2017.7062,11.134,2.7198
002600.SZ,20170829,20170630,58.3544,72.0001,2.7308,2.491
300007.SZ,20170829,20170630,28.1541,24.7827,35.1915,2.9256
300002.SZ,20170829,20170630,-24.2895,-101.487,51.3374,-1.0813
300686.SZ,20170825,20170630,-11.475,-9.2453,6.9516,6.0758
000582.SZ,20170812,20170630,8.0592,11.5709,46.6375,4.6253
002158.SZ,20170826,20170630,25.3328,2.3675,21.3254,3.8433
002183.SZ,20170825,20170630,13.817,-0.997,1.8541,5.6044
002264.SZ,20170829,20170630,5.8518,46.754,-0.546,1.3073
002202.SZ,20170826,20170630,-9.8235,-11.7934,11.0575,5.3921
002161.SZ,20170829,20170630,39.5309,-8.1419,16.5263,-1.4874
002269.SZ,20170830,20170630,6.0387,33.9528,-18.0596,-1.6651
002178.SZ,20170829,20170630,0.1849,-39.7192,-0.4313,-3.9887
002441.SZ,20170830,20170630,19.7988,-9.591,-5.3821,2.533
002169.SZ,20170830,20170630,17.1779,2.9263,-20.7645,1.8756
002171.SZ,20170828,20170630,31.9873,59.55,5.2947,3.3207
300583.SZ,20170828,20170630,-6.2228,-48.7695,15.0733,1.9677
002204.SZ,20170830,20170630,-34.6637,-70.0105,11.1195,-0.4117
002212.SZ,20170829,20170630,42.1401,-41.2482,-10.53,-0.4713
000613.SZ,20170819,20170630,61.4524,45.854,10.8834,2.2882
300083.SZ,20170829,20170630,30.6799,606.8076,2.7683,5.4212
300053.SZ,20170829,20170630,135.4627,230.2239,-4.0264,2.5172
000619.SZ,20170822,20170630,-0.172,-79.8704,10.7124,-1.3509
002328.SZ,20170826,20170630,0.066,-13.5424,11.1267,1.6074
002314.SZ,20170829,20170630,41.7117,58.98,25.5168,2.2268
002603.SZ,20170825,20170630,-1.4954,-0.156,-2.0695,5.6176
002504.SZ,20170831,20170630,-21.6919,16.5822,-6.0281,6.8859
300315.SZ,20170826,20170630,-16.9189,-46.6037,21.9595,2.6442
002290.SZ,20170828,20170630,44.6808,41.8222,-173.194,2.0023
002551.SZ,20170831,20170630,21.2071,16.6399,22.3451,5.143
300089.SZ,20170829,20170630,17.8185,72.9294,56.4511,0.8275
002307.SZ,20170825,20170630,57.438,37.8075,12.5467,1.0358
000705.SZ,20170804,20170630,8.6549,78.8706,6.7271,2.9029
300308.SZ,20170829,20170630,20.8365,-29.3482,11.5284,0.4179
300277.SZ,20170825,20170630,16.3773,49.2542,-71.3579,-1.3471
300290.SZ,20170830,20170630,-31.6322,33.6639,58.6959,2.0422
300317.SZ,20170826,20170630,60.4952,67.9954,-11.4415,4.7413
300402.SZ,20170829,20170630,150.3403,139.2718,-0.1208,-4.1333
300092.SZ,20170825,20170630,44.6845,-56.4815,-35.1436,0.298
300174.SZ,20170829,20170630,23.0512,38.8702,13.4186,5.2468
300269.SZ,20170829,20170630,59.2024,29.1566,13.3807,3.3448
300307.SZ,20170829,20170630,13.5923,56.4744,21.7023,2.545
002889.SZ,20170830,20170630,,,14.671,8.4082
002631.SZ,20170829,20170630,47.6539,8.7043,36.6924,6.9111
000656.SZ,20170822,20170630,-9.6354,-19.0841,-24.884,1.5646
000671.SZ,20170824,20170630,189.9516,149.8302,85.8522,2.1422
002538.SZ,20170826,20170630,-28.8024,-27.4584,3.6762,1.3332
300098.SZ,20170829,20170630,48.3843,77.2797,24.7172,4.6613
300538.SZ,20170825,20170630,2.1281,-86.1033,-3.669,1.3396
002140.SZ,20170825,20170630,10.9487,11.9789,50.6042,3.2208
300680.SZ,20170825,20170630,-18.6127,-8.3725,40.1642,5.4171
002886.SZ,20170825,20170630,,,5.9333,3.4484
300515.SZ,20170829,20170630,-8.2387,-46.7045,25.9518,2.3395
000695.SZ,20170824,20170630,56.6266,112.2785,60.7944,-5.8875
300443.SZ,20170826,20170630,9.5116,31.6142,19.407,6.2565
300082.SZ,20170829,20170630,34.9287,21.9451,16.7498,1.8785
300489.SZ,20170829,20170630,18.1718,26.1559,-32.5583,1.8631
002356.SZ,20170830,20170630,-7.7129,-5.0304,-11.8194,3.251
000753.SZ,20170812,20170630,-2.3149,146.5491,25.2606,0.3834
300537.SZ,20170829,20170630,22.2892,20.7666,10.058,2.9062
300526.SZ,20170829,20170630,7.929,49.0376,29.2746,3.8983
300431.SZ,20170829,20170630,23.9232,108.1972,-27.9547,0.209
002781.SZ,20170829,20170630,16.3672,40.6306,-1.5187,7.5971
300476.SZ,20170829,20170630,46.1202,24.8225,-3.2336,7.4214
300220.SZ,20170829,20170630,-5.286,14.914,-49.2133,2.1223
002625.SZ,20170830,20170630,-19.1111,136.185,1.0947,1.1222
300607.SZ,20170826,20170630,66.6925,21.8582,-8.9461,10.2281
000756.SZ,20170814,20170630,11.4957,115.9706,-4.039,4.2436
000768.SZ,20170822,20170630,31.0232,28.1861,-16.4699,0.3947
000715.SZ,20170819,20170630,-3.3688,26.2914,4.6318,3.0227
300478.SZ,20170828,20170630,3.1049,-11.0823,-8.4399,2.6074
000828.SZ,20170823,20170630,21.298,13.7763,-0.015,8.8908
002881.SZ,20170825,20170630,30.2475,0.0343,2.8168,4.2795
300446.SZ,20170825,20170630,-20.5756,-33.4298,82.875,8.7173
300501.SZ,20170828,20170630,22.456,-1.7028,-7.7971,5.1856
002717.SZ,20170829,20170630,75.4265,103.9927,-28.3655,7.2325
300237.SZ,20170829,20170630,51.9199,42.588,3.2845,9.3102
002752.SZ,20170828,20170630,12.2741,-40.9646,5.3818,3.634
000881.SZ,20170821,20170630,125.4909,34.8729,-5.9155,2.5374
000812.SZ,20170801,20170630,58.5687,-49.2659,-10.1414,1.1431
002596.SZ,20170825,20170630,102.0468,264.6195,-1.1389,2.6132
300158.SZ,20170829,20170630,43.6655,502.8951,-5.2264,2.6969
300490.SZ,20170829,20170630,7.9455,-2.7733,15.9998,2.7295
002531.SZ,20170829,20170630,20.5875,12.0371,-4.2984,4.1711
300222.SZ,20170829,20170630,76.6439,31.4184,18.6545,2.0933
000830.SZ,20170816,20170630,29.819,176.8138,31.0988,6.1459
002597.SZ,20170830,20170630,38.6406,201.1028,16.4586,15.7835
300288.SZ,20170825,20170630,9.7796,36.2387,22.6818,4.1045
002882.SZ,20170825,20170630,32.1293,86.7725,-0.3271,7.0151
000921.SZ,20170811,20170630,34.521,0.7077,8.9298,12.0941
000958.SZ,20170824,20170630,7.1405,-126.1197,3.8518,1.8153
000917.SZ,20170812,20170630,24.097,193.9717,-13.746,1.0647
000932.SZ,20170812,20170630,40.5033,597.8375,14.6936,14.6717
000989.SZ,20170728,20170630,64.7689,32.8664,12.2564,8.3174
000990.SZ,20170808,20170630,130.4074,2349.5857,9.8887,2.6099
002025.SZ,20170822,20170630,15.9227,17.3386,19.2852,6.3588
002015.SZ,20170824,20170630,-58.021,71.5827,-20.5076,-3.4786
002347.SZ,20170818,20170630,3.6936,-9.7502,-31.9385,0.5805
002799.SZ,20170818,20170630,12.8587,-30.0554,13.9144,2.4704
300019.SZ,20170818,20170630,29.5913,-33.9011,10.965,1.9496
002252.SZ,20170824,20170630,-15.613,44.7276,40.441,2.2628
002490.SZ,20170824,20170630,93.9362,170.2467,0.3525,-9.128
002194.SZ,20170812,20170630,-4.3133,-1514.1254,-7.7769,-14.369
002238.SZ,20170824,20170630,3.1772,-7.585,26.0124,4.7885
002360.SZ,20170801,20170630,-20.2177,-13.9132,3.0572,3.1558
002184.SZ,20170729,20170630,12.0501,1930.3502,-26.4364,-0.5391
300107.SZ,20170824,20170630,39.628,82.997,4.5311,2.4247
002408.SZ,20170810,20170630,116.1286,33.2663,0.0219,5.1727
002428.SZ,20170818,20170630,64.7582,104.5093,20.4903,-0.3475
300440.SZ,20170817,20170630,28.8855,48.9472,71.1601,5.1327
002557.SZ,20170818,20170630,0.7113,-10.434,10.7791,3.4911
002629.SZ,20170818,20170630,2422.1401,101.2638,-0.6945,-2.1239
300467.SZ,20170808,20170630,19.4516,453.3713,43.8594,4.7987
300212.SZ,20170822,20170630,28.3148,-8.1775,17.385,2.8151
300221.SZ,20170822,20170630,97.9358,1.1894,-4.2835,6.0902
002812.SZ,20170810,20170630,4.3504,-10.3591,23.1215,3.7532
002494.SZ,20170819,20170630,26.1778,168.3335,119.3929,0.3703
300353.SZ,20170822,20170630,26.4948,7.4128,8.0812,2.0007
300047.SZ,20170811,20170630,28.726,-31.6139,-11.7756,0.3906
002547.SZ,20170812,20170630,24.2931,-54.4597,-7.4011,1.6285
000928.SZ,20170728,20170630,-16.5161,15.4671,14.5841,5.7185
000018.SZ,20170812,20170630,91.0003,34.893,-4.5211,14.1867
000713.SZ,20170818,20170630,8.2439,2.714,-13.1541,-1.6893
000612.SZ,20170729,20170630,8.5626,-36.7315,0.4512,0.4826
002327.SZ,20170824,20170630,17.7543,-1.947,-23.3916,5.3366
000911.SZ,20170823,20170630,-20.2706,12.4811,22.8688,-6.5055
000636.SZ,20170822,20170630,26.9009,67.5921,12.3703,1.6896
000985.SZ,20170812,20170630,42.7017,-109.2926,4.284,2.972
000545.SZ,20170824,20170630,148.674,139.67,8.7319,5.3988
000759.SZ,20170729,20170630,-1.2539,143.3778,-1.3869,-2.4898
000998.SZ,20170822,20170630,43.3289,282.9404,60.6713,4.1298
000916.SZ,20170808,20170630,-2.9861,-3.5281,88.2959,3.7085
000628.SZ,20170819,20170630,-64.7881,426.1761,55.0276,0.2338
002210.SZ,20170728,20170630,148.8353,5.5016,0.123,4.4423
002342.SZ,20170815,20170630,8.9973,-19.4912,-3.6611,0.3853
300105.SZ,20170811,20170630,27.7021,170.2308,-33.348,0.013
002485.SZ,20170819,20170630,18.6231,-148.1984,-4.9793,-1.2024
002345.SZ,20170816,20170630,16.5396,14.3278,17.4188,5.574
300549.SZ,20170801,20170630,45.7616,84.8749,-6.0575,8.6105
002151.SZ,20170824,20170630,30.3241,-10.0116,-12.4883,0.081
002412.SZ,20170824,20170630,9.2716,7.0666,37.1456,3.9969
000423.SZ,20170815,20170630,5.6056,4.3325,-58.4281,9.8603
002406.SZ,20170818,20170630,38.2744,60.9483,15.2294,3.8756
002068.SZ,20170822,20170630,45.0183,2031.5094,6.184,9.9137
002873.SZ,20170822,20170630,15.7545,11.5511,-4.6515,6.5275
002211.SZ,20170824,20170630,49.1134,269.3885,7.3075,1.0623
000868.SZ,20170822,20170630,62.4391,-160.5729,75.2063,-5.0402
000521.SZ,20170810,20170630,23.1194,-45.3275,-1.3819,1.31
000931.SZ,20170819,20170630,-6.0638,-1495.2108,9.3605,-5.9236
000860.SZ,20170819,20170630,2.6886,2.3249,-0.7911,3.6004
000757.SZ,20170823,20170630,21.7027,-6.9954,4.5752,3.8199
000538.SZ,20170824,20170630,14.5715,9.6244,29.336,8.6979
002462.SZ,20170810,20170630,30.3832,16.628,-2.4075,7.2586
000790.SZ,20170818,20170630,1.586,-29.3048,15.3827,2.7645
000895.SZ,20170815,20170630,-7.8365,-4.816,5.8409,13.5974
000513.SZ,20170823,20170630,5.3955,27.964,8.8275,6.8137
000702.SZ,20170824,20170630,-0.9519,-24.9717,7.3588,-0.9579
000796.SZ,20170824,20170630,29.9968,172.9242,4.6386,3.879
300472.SZ,20170822,20170630,156.2942,-2.5365,19.8028,0.8446
002235.SZ,20170824,20170630,88.311,279.7869,-8.0886,1.0061
300318.SZ,20170822,20170630,-16.5486,42.4959,-23.4266,0.3223
002017.SZ,20170805,20170630,-9.9287,-23.027,-7.4732,2.2289
002013.SZ,20170821,20170630,7.7288,-0.4803,-5.7676,1.824
002094.SZ,20170824,20170630,106.9151,667.7589,-1.9198,3.947
002449.SZ,20170818,20170630,58.6228,78.2427,10.0499,5.2571
002166.SZ,20170816,20170630,148.8886,464.6714,75.8412,7.8327
002821.SZ,20170810,20170630,-7.8997,34.7571,-1.03,5.1034
300700.SZ,20170822,20170630,,,-2.2696,13.9855
002885.SZ,20170821,20170630,18.3047,24.8321,13.1861,6.7226
002772.SZ,20170729,20170630,83.3636,221.8407,18.7939,1.5144
002672.SZ,20170821,20170630,8.5418,-4.3417,-1.2041,6.2688
002285.SZ,20170824,20170630,28.4479,35.8501,-85.4874,6.3961
002293.SZ,20170818,20170630,59.1882,6.5933,-21.571,5.7326
300390.SZ,20170816,20170630,30.5912,-6.4764,8.8999,1.3688
000070.SZ,20170815,20170630,24.9806,42.5769,-2.4178,6.5324
000615.SZ,20170818,20170630,-13.2218,90.4219,-126.2842,-2.7287
000908.SZ,20170811,20170630,-4.948,-67.4562,57.1709,2.0734
000533.SZ,20170824,20170630,85.2041,31.0461,-5.3337,0.7876
000997.SZ,20170804,20170630,38.8146,36.7661,-16.6238,15.0725
000968.SZ,20170811,20170630,29.3406,82.0263,94.232,11.5599
000766.SZ,20170818,20170630,88.4781,58.3612,-0.9223,2.9115
000639.SZ,20170818,20170630,155.8607,79.6979,12.1616,7.0787
000933.SZ,20170804,20170630,7.6368,41.9309,9.519,9.661
000059.SZ,20170816,20170630,15.9251,-14.3804,14.2433,7.6815
000661.SZ,20170818,20170630,35.7829,52.3392,-28.0338,6.8821
000608.SZ,20170801,20170630,38.1021,51.3421,7.4397,-2.5723
000629.SZ,20170815,20170630,-32.8816,122.1144,16.102,9.3422
000717.SZ,20170729,20170630,74.9369,21112.7001,9.8673,85.9328
000722.SZ,20170818,20170630,13.0665,-34.918,58.7584,2.4808
000950.SZ,20170823,20170630,33.8174,60.5396,16.7707,-8.5348
000034.SZ,20170818,20170630,19.4074,-54.0034,4.8157,6.517
000813.SZ,20170819,20170630,28.7656,30.1066,57.45,10.6656
300279.SZ,20170822,20170630,9.1741,-28.6719,-12.1384,2.9443
002549.SZ,20170728,20170630,62.6735,242.6575,27.0408,1.2881
300271.SZ,20170815,20170630,23.2931,22.7725,-6.7419,8.261
002270.SZ,20170824,20170630,81.1339,4.9511,-55.9412,4.6961
300101.SZ,20170815,20170630,-20.5025,-46.1569,-35.8806,2.2638
002573.SZ,20170823,20170630,13.2376,20.1591,3.628,8.4544
002199.SZ,20170824,20170630,-30.658,93.7053,3.7641,-0.5201
002401.SZ,20170818,20170630,-4.9016,3.0365,13.5173,3.4996
002394.SZ,20170819,20170630,8.7701,-9.2847,12.4711,3.3501
300430.SZ,20170822,20170630,35.6053,18.9836,11.1338,3.1038
300514.SZ,20170821,20170630,29.9427,111.8154,1.1066,6.899
002003.SZ,20170819,20170630,23.456,21.3881,11.1044,7.3141
300505.SZ,20170805,20170630,29.818,17.9097,15.0918,3.8229
300266.SZ,20170803,20170630,139.8622,98.4594,-9.5298,6.2354
300588.SZ,20170822,20170630,25.904,19.3177,-37.8094,4.0127
002696.SZ,20170822,20170630,-9.4239,17.8524,3.1398,0.9052
000818.SZ,20170816,20170630,36.2477,2386.2235,-8.2392,2.9568
000793.SZ,20170819,20170630,-28.9682,126.7657,21.8267,1.3944
000413.SZ,20170811,20170630,90.0736,22.6322,-23.5469,2.5043
000862.SZ,20170818,20170630,-37.8203,-350.8528,18.6431,-0.6085
000977.SZ,20170823,20170630,51.6485,-48.1721,-20.2424,2.0127
000999.SZ,20170819,20170630,18.2573,13.2156,25.311,7.7688
000420.SZ,20170729,20170630,73.4528,367.7141,-6.0223,1.8876
000635.SZ,20170818,20170630,11.2405,-23.9895,2.5438,2.3371
000610.SZ,20170819,20170630,-19.609,-122.817,-24.2235,-1.7578
000737.SZ,20170810,20170630,-14.7185,-216.9023,-26.5713,-180.5764
000088.SZ,20170818,20170630,25.8257,-11.3218,41.5351,2.5092
000663.SZ,20170729,20170630,-22.3971,0.7473,-2.7975,-0.0472
000683.SZ,20170824,20170630,59.0595,1550.5578,7.7133,3.8091
000799.SZ,20170814,20170630,52.5404,336.4458,11.6822,3.2024
000023.SZ,20170811,20170630,16.2373,5.7199,21.3389,0.549
000779.SZ,20170816,20170630,16.7581,367.6166,-40.4442,-8.5825
300102.SZ,20170818,20170630,17.0319,996.8851,33.7849,3.1248
002607.SZ,20170822,20170630,9.4198,-12.2499,-8.9671,2.0635
002253.SZ,20170816,20170630,-33.8431,-0.5271,6.7267,0.824
002778.SZ,20170818,20170630,6.7702,13.2191,12.6916,2.518
002259.SZ,20170823,20170630,-17.938,-7.7296,11.067,-0.1806
300064.SZ,20170818,20170630,-19.166,-16.6241,21.9534,1.2629
002020.SZ,20170824,20170630,9.5873,23.8768,14.7327,6.3216
001914.SZ,20170812,20170630,-10.9785,-139.9874,66.3636,-2.7427
300211.SZ,20170818,20170630,-39.2073,-71.738,6.6552,0.453
002714.SZ,20170720,20170630,64.9186,-26.1529,22.0738,16.1844
000905.SZ,20170815,20170630,67.4333,-12.9621,5.9545,1.5823
002190.SZ,20170818,20170630,-49.6588,-105.5499,-62.6959,-0.0015
002550.SZ,20170822,20170630,32.8839,1.3435,-1.419,4.0458
002149.SZ,20170822,20170630,-1.54,81.3883,-42.8766,0.5517
300378.SZ,20170727,20170630,11.8197,57.2799,23.2552,2.1214
000050.SZ,20170824,20170630,31.0763,28.069,24.1732,1.7197
002676.SZ,20170823,20170630,23.0268,-73.077,3.4335,0.936
300477.SZ,20170822,20170630,39.3714,5.9005,7.1845,3.4886
002092.SZ,20170810,20170630,80.6485,151.8099,21.5425,7.3177
000430.SZ,20170822,20170630,5.5206,-15.2198,33.7955,2.0816
002006.SZ,20170812,20170630,40.1988,-23.5618,0.8552,2.7398
002709.SZ,20170822,20170630,21.9392,-7.2706,5.2274,10.1386
000831.SZ,20170815,20170630,718.5458,187.742,-53.5732,0.5695
000961.SZ,20170824,20170630,-13.5205,9.9259,-6.4992,2.3834
000937.SZ,20170818,20170630,75.1506,5661.781,21.706,3.2411
002514.SZ,20170805,20170630,-10.8958,449.302,31.8831,4.3737
300009.SZ,20170823,20170630,34.3432,37.3459,23.8515,7.0393
002664.SZ,20170818,20170630,33.9902,4.6622,-10.1687,7.3192
300339.SZ,20170823,20170630,27.6032,14.5574,-31.2266,1.6313
002317.SZ,20170822,20170630,31.2026,5.0342,9.2872,6.9963
002481.SZ,20170823,20170630,-14.2726,-1.4015,-7.0485,0.9728
002692.SZ,20170824,20170630,-10.3534,-56.0978,-11.155,2.2988
002059.SZ,20170824,20170630,-36.8527,-56.3419,-43.883,0.9751
002453.SZ,20170808,20170630,50.3695,44.5887,-13.615,0.1586
300520.SZ,20170822,20170630,17.0782,9.2346,-21.829,0.0715
300128.SZ,20170818,20170630,10.4971,150.8191,-3.1875,0.0533
300142.SZ,20170823,20170630,107.9136,88.5547,15.0363,-1.2591
002702.SZ,20170805,20170630,15.4057,-313.5176,-30.551,-2.4126
000516.SZ,20170816,20170630,4.3585,-28.4797,14.7877,3.573
002796.SZ,20170819,20170630,16.0754,-37.2345,4.9125,2.2217
300401.SZ,20170812,20170630,49.3418,374.6918,27.0198,9.1175
000856.SZ,20170816,20170630,49.2632,-96.883,-5.2856,1.6334
000809.SZ,20170818,20170630,-17.1536,10.7533,-401.6581,-2.7102
000026.SZ,20170815,20170630,4.8184,24.4369,19.6537,3.5862
002108.SZ,20170823,20170630,29.0,-3.5585,11.4619,9.8294
000798.SZ,20170811,20170630,71.4767,145.9041,16.1025,-0.6981
000929.SZ,20170728,20170630,-9.6276,-50.6593,34.1861,-0.5865
000421.SZ,20170810,20170630,-19.7235,-63.2856,195.4169,3.0242
002102.SZ,20170822,20170630,793.7423,7.2742,-7.7625,1.7819
002508.SZ,20170727,20170630,21.6779,33.2611,27.9302,12.9293
000062.SZ,20170818,20170630,49.81,66.7786,-1.3194,4.8842
000900.SZ,20170823,20170630,-13.6603,4.8298,-0.83,4.9628
000970.SZ,20170819,20170630,11.3011,-10.6802,-4.4475,3.4263
300218.SZ,20170822,20170630,-0.6187,-93.7168,11.9403,-0.3344
002168.SZ,20170801,20170630,44.9825,-1687.3673,-50.8505,-5.0176
000915.SZ,20170728,20170630,8.4385,1.5377,19.7755,10.9144
002669.SZ,20170822,20170630,-15.9643,-26.2204,28.9708,2.2852
300705.SZ,20170912,20170630,29.8651,42.0464,18.5595,6.971
002648.SZ,20170815,20170630,86.9058,1452.6604,7.2376,13.5168
002876.SZ,20170823,20170630,,,16.3282,3.7599
002694.SZ,20170818,20170630,31.652,21.8538,6.0823,0.5246
000805.SZ,20170822,20170630,92.7805,45.9516,87.2091,2.8328
000660.SZ,20170812,20170630,,,4.3993,5.8531
300202.SZ,20170812,20170630,19.6834,-76.8294,-43.5191,0.6197
300493.SZ,20170728,20170630,40.2442,28.6779,-3.0411,5.6378
002357.SZ,20170823,20170630,-4.8775,-39.5181,14.5911,6.1644
002351.SZ,20170822,20170630,33.1915,60.4512,-4.0992,3.1035
002297.SZ,20170815,20170630,26.2594,44.2963,-8.2341,-0.9637
002176.SZ,20170808,20170630,-10.9085,-76.2018,-33.8244,1.7152
002877.SZ,20170821,20170630,,,-27.7075,4.9016
002722.SZ,20170822,20170630,17.8858,-8.2598,1.5013,3.7385
002842.SZ,20170823,20170630,24.6047,9.2394,27.0572,5.6339
300274.SZ,20170815,20170630,125.8035,130.8966,-12.1277,5.4236
002773.SZ,20170823,20170630,13.481,6.9861,33.2222,7.7449
300167.SZ,20170818,20170630,82.9062,475.1819,-43.3436,0.0221
300475.SZ,20170818,20170630,-2.3712,-16.0793,23.5722,2.1386
000832.SZ,20170826,20170630,,96.6963,,
002901.SZ,20170905,20170630,,,43.4729,20.7254
300205.SZ,20170823,20170630,26.2982,-17.3332,-16.9365,2.3346
000584.SZ,20170803,20170630,47.9775,775.0954,28.4251,0.4165
000882.SZ,20170818,20170630,5.5556,-39.0739,-16.2318,-1.1592
300179.SZ,20170722,20170630,152.0514,687.3246,40.3545,4.9845
000711.SZ,20170729,20170630,16237.0959,1563.5241,-88.8222,3.3066
000731.SZ,20170816,20170630,-3.664,230.6782,15.7988,3.2905
000767.SZ,20170823,20170630,3.515,-842.5636,35.0893,-6.918
000926.SZ,20170729,20170630,-8.1628,137.4115,13.0564,3.4805
000786.SZ,20170821,20170630,27.3987,48.5061,23.1434,6.9739
002296.SZ,20170805,20170630,-0.3171,-46.5384,-4.7183,1.5038
000405.SZ,20170829,20170630,,,-85.1477,13.9225
000100.SZ,20170802,20170630,7.4613,69.7987,4.2205,2.6673
000609.SZ,20170819,20170630,517.1562,-38.6959,-311.3537,8.1958
000751.SZ,20170819,20170630,31.8824,-0.1234,11.4568,3.782
000949.SZ,20170811,20170630,9.4301,-88.2822,-20.1944,1.303
000738.SZ,20170822,20170630,4.4474,31.7993,50.6013,2.733
002927.SZ,20180130,20170630,,,-0.9304,5.7606
300741.SZ,20171226,20170630,,,29.408,8.9581
000675.SZ,20170830,20170630,,,,
000769.SZ,20170830,20170630,,,-69.8926,
300580.SZ,20170822,20170630,13.3944,18.6879,13.472,5.0063
000689.SZ,20170831,20170630,,-7.7642,,
300828.SZ,20170830,20170630,,,-4.987,7.6379
000787.SZ,20170829,20170630,-29.486,-51.1103,-25.1928,2.4827
000003.SZ,20170831,20170630,,,,1.6579
300247.SZ,20170822,20170630,138.3155,154.0754,43.4112,1.4588
002657.SZ,20170810,20170630,-21.6997,-12.5094,30.021,2.1497
002265.SZ,20170822,20170630,80.291,737.1857,-5.1011,1.3928
300738.SZ,20180108,20170630,,,26.4212,13.9502
002087.SZ,20170728,20170630,43.1847,121.7919,-0.5877,6.9538
300356.SZ,20170729,20170630,-32.5809,52.3483,-25.3566,-0.0387
000588.SZ,20170831,20170630,64.57,-267.5076,90.4601,1.4354
000556.SZ,20170829,20170630,1669.1871,-82.1599,-5.1084,
300284.SZ,20170801,20170630,90.7413,33.5062,-12.8981,4.5933
002033.SZ,20170815,20170630,-15.2449,-29.2806,54.0214,4.5465
300070.SZ,20170808,20170630,3.4403,29.2822,56.8291,2.034
002373.SZ,20170824,20170630,-3.869,27.5095,-22.4377,3.1624
300693.SZ,20170821,20170630,27.8944,253.2324,22.1329,11.4377
002262.SZ,20170729,20170630,11.1116,21.8244,6.5907,9.5744
002788.SZ,20170808,20170630,12.5395,22.8579,-26.0764,4.507
300832.SZ,20171031,20170630,,,,15.3867
300730.SZ,20171114,20170630,,,-55.4877,-7.0778
300835.SZ,20180103,20170630,,,25.5276,10.6043
002395.SZ,20170815,20170630,18.1259,-41.3145,7.3997,1.3424
000765.SZ,20170830,20170630,35.4177,-21.8433,-3.8041,4.7188
300056.SZ,20170825,20170630,-64.0319,-125.2458,83.492,-4.5428
002066.SZ,20170828,20170630,6.431,-65.6271,-16.5342,1.0157
600143.SH,20170829,20170630,34.8041,-44.4188,-4.3981,1.4136
600016.SH,20170829,20170630,-9.2842,2.7521,-944.7823,7.9031
600257.SH,20170829,20170630,22.4715,-10.5416,11.2386,0.3908
600213.SH,20170830,20170630,-31.604,-69.3603,2.8499,7.0307
600313.SH,20170826,20170630,-21.3992,-376.6024,-6.8234,-1.9107
600365.SH,20170825,20170630,85.6494,-386.8145,-9.08,0.2471
600626.SH,20170831,20170630,4.3404,-7.2016,2.7664,1.8012
600637.SH,20170830,20170630,16.8837,-15.0069,-8.6401,3.0663
600661.SH,20170830,20170630,21.5936,6.9914,33.7191,3.5099
600651.SH,20170826,20170630,2.5692,389.1079,-13.8607,-2.2107
600831.SH,20170831,20170630,5.7948,32.1483,35.866,3.8655
600895.SH,20170831,20170630,-26.74,13.079,28.6218,3.3324
002052.SZ,20170825,20170630,14.8279,100.9968,-31.0873,-0.9347
000547.SZ,20170818,20170630,9.8538,10.7636,-8.7942,2.0401
300051.SZ,20170828,20170630,6.8481,-48.5622,28.1105,3.0242
002263.SZ,20170825,20170630,10.6319,96.2199,-2.6134,-0.4507
300228.SZ,20170829,20170630,112.3215,155.232,-0.4017,1.6569
300312.SZ,20170829,20170630,-21.0634,-174.9402,28.0878,-2.0801
600076.SH,20170818,20170630,53.0401,42.5612,3.404,7.5323
600366.SH,20170822,20170630,10.8945,-26.3951,-5.5432,2.4961
002507.SZ,20170728,20170630,35.1474,66.1007,28.2615,10.2832
600052.SH,20170822,20170630,-70.1427,-97.4981,-385.6386,1.0447
002610.SZ,20170815,20170630,1.8575,18.3619,-15.5834,0.8108
600719.SH,20170818,20170630,60.3892,27.0438,5.9827,2.1823
002473.SZ,20170823,20170630,10.9278,-21.6575,55.2598,-3.7334
002602.SZ,20170824,20170630,-10.3089,221.6843,7.1623,4.2921
002446.SZ,20170822,20170630,-18.2577,-55.1571,11.9143,3.1202
600566.SH,20170728,20170630,17.3882,25.8501,26.4712,15.0327
600675.SH,20170809,20170630,-60.1151,1696.5362,52.8685,10.204
600615.SH,20170729,20170630,-7.677,1532.3503,671.9919,-0.1095
600722.SH,20170803,20170630,14.2923,89.6072,-47.4592,2.3662
600857.SH,20170808,20170630,7.0128,-18.6775,5.5771,2.9922
300206.SZ,20170822,20170630,25.6619,41.1787,10.9884,2.4441
300599.SZ,20170824,20170630,17.2656,-0.0808,2.4912,4.6282
300372.SZ,20170826,20170630,-69.0933,-532.2493,14.9653,-6.6054
002972.SZ,20170831,20170630,,,-26.3245,8.1192
688057.SH,20170819,20170630,,,1.5251,9.3304
000532.SZ,20170831,20170630,43.5451,-30.4069,73.7746,1.9283
000966.SZ,20170821,20170630,1.8674,-1179.9387,-10.311,-2.8782
002945.SZ,20170901,20170630,-22.5367,-32.6719,12.1917,
600019.SH,20170825,20170630,45.1165,9.2079,5.4066,4.5479
601939.SH,20170831,20170630,3.231,4.383,-256.9416,8.5623
601398.SH,20170831,20170630,5.4005,2.3273,137.4277,7.6305
601336.SH,20170830,20170630,0.9042,4.5556,2.1339,5.4734
601766.SH,20170826,20170630,2.3216,-10.2046,-3.5938,2.8543
601186.SH,20170830,20170630,12.0546,12.1216,-3.5471,4.5423
603288.SH,20170815,20170630,24.8795,25.1524,32.1788,17.4
002213.SZ,20170823,20170630,-5.0552,-36.1232,-11.6453,-0.0943
600634.SH,20170825,20170630,-46.4041,-9.8677,44.6214,0.8116
002477.SZ,20170812,20170630,-20.3262,-0.0362,-24.7835,7.6838
601963.SH,20170818,20170630,4.6157,10.9643,,
300340.SZ,20170825,20170630,197.1341,2024.9591,-12.7308,4.4092
600724.SH,20170825,20170630,-35.1014,-58.6582,165.5186,2.5735
600865.SH,20170826,20170630,-2.0159,-33.1642,13.5414,1.101
688183.SH,20170831,20170630,,,,
300094.SZ,20170829,20170630,89.2483,347.2212,-13.8197,3.8068
603212.SH,20171229,20170630,,,,
001872.SZ,20170825,20170630,-0.4685,-5.3341,37.5189,5.8744
300551.SZ,20170825,20170630,-38.5487,-68.3573,-37.222,-2.3462
688456.SH,20170822,20170630,,,,
002402.SZ,20170728,20170630,54.86,84.6293,-2.3741,7.8813
002154.SZ,20170819,20170630,31.9041,58.2305,-2.29,-1.5672
002377.SZ,20170828,20170630,-16.1603,-27.5842,20.0724,-0.695
002303.SZ,20170818,20170630,28.3752,20.8144,0.076,3.5313
300922.SZ,20170811,20170630,,,22.6804,7.2876
600999.SH,20170825,20170630,8.5455,-4.4716,205.3627,3.7631
605006.SH,20171031,20170630,,,,5.4834
603186.SH,20170825,20170630,39.027,-31.2062,-8.9975,8.6618
300052.SZ,20170811,20170630,26.2322,100.4033,19.3392,1.0249
000401.SZ,20170818,20170630,25.2835,310.5087,17.5609,-0.3274
605136.SH,20170918,20170630,,,,7.4999
300110.SZ,20170831,20170630,3.0344,541.6663,49.3046,0.5647
002506.SZ,20170826,20170630,2.8432,64.0914,33.0898,-0.0669
300523.SZ,20170809,20170630,6.5498,-35.5053,-30.2658,-1.2938
603159.SH,20170825,20170630,32.9872,-1.1541,12.5321,5.5304
601601.SH,20170828,20170630,12.8805,14.3546,21.3162,4.9408
002370.SZ,20170823,20170630,12.266,37.8483,7.257,4.3756
003002.SZ,20170929,20170630,,,,1.1161
000920.SZ,20170825,20170630,7.306,39.1258,0.0031,7.4913
003010.SZ,20170822,20170630,,,-13.5988,8.7088
300883.SZ,20171220,20170630,,,,4.892
605111.SH,20170823,20170630,,,,10.0828
003001.SZ,20170721,20170630,,,,18.2223
300891.SZ,20170825,20170630,,,,11.2054
300895.SZ,20170824,20170630,,,,10.6579
600323.SH,20170818,20170630,13.0624,17.342,34.8489,5.8644
600195.SH,20170828,20170630,-17.3358,-23.8032,-11.9528,3.2878
603997.SH,20170828,20170630,48.1186,20.2991,12.3626,8.6768
605299.SH,20170830,20170630,,,8.4516,6.4501
600444.SH,20170823,20170630,-4.9889,84.7669,-18.4399,-4.2147
600906.SH,20170831,20170630,,,,
600359.SH,20170831,20170630,16.9911,185.9182,41.419,-21.8403
300737.SZ,20180108,20170630,,,18.8261,8.4977
688595.SH,20170831,20170630,,,,0.9959
002920.SZ,20171205,20170630,,,26.4278,25.5997
600111.SH,20170818,20170630,50.7254,52.477,6.7948,1.1607
603637.SH,20170815,20170630,-55.9254,-43.7514,20.582,1.5344
688096.SH,20170816,20170630,,,-17.0406,6.9987
600556.SH,20170831,20170630,-23.7899,3.4694,-137.162,-12.0666
300152.SZ,20170815,20170630,-58.6864,-103.5131,58.6035,0.0365
300074.SZ,20170818,20170630,85.6318,-27.5045,-22.4959,0.4517
300709.SZ,20170921,20170630,,,51.3333,18.3723
003032.SZ,20170829,20170630,,,,33.8836
000078.SZ,20170829,20170630,55.7333,136.5086,4.5515,4.3846
000758.SZ,20170825,20170630,22.706,42.1603,5.2499,3.2385
600186.SH,20170831,20170630,4.1483,-18.0879,-3.605,-66.0029
601860.SH,20180112,20170630,10.3122,19.6119,,6.0927
002523.SZ,20170812,20170630,18.668,8.943,1.1079,2.0771
002503.SZ,20170828,20170630,179.6737,103.9406,-13.6291,6.4162
600898.SH,20170819,20170630,0.4095,-371.9349,-6.462,-4.314
000687.SZ,20170829,20170630,-27.0754,-27.0096,0.6774,5.0466
600687.SH,20170825,20170630,-31.1928,245.0586,-5.5475,3.7314
601288.SH,20170831,20170630,5.0891,4.8018,37.9162,8.148
000525.SZ,20170815,20170630,-7.3092,557.6526,25.2708,6.6876
002396.SZ,20170825,20170630,36.8299,43.7008,-5.9426,1.0558
002496.SZ,20170804,20170630,145.6003,55.8337,-0.9477,5.0665
300545.SZ,20170822,20170630,63.348,45.6562,38.7006,4.4249
002146.SZ,20170811,20170630,13.148,26.3214,-80.2694,6.297
000502.SZ,20170818,20170630,-6.0391,-122.3476,-1463.1781,-20.358
600563.SH,20170811,20170630,26.1646,14.7189,22.4556,8.8333
601528.SH,20180116,20170630,,,,4.7296
002642.SZ,20170818,20170630,-29.2888,-211.8935,-39.0855,-0.7842
300245.SZ,20170824,20170630,-19.9059,12.5221,-1.6869,2.7216
002989.SZ,20171110,20170630,,,,8.7519
300971.SZ,20170825,20170630,,,,6.7217
601101.SH,20170823,20170630,90.1007,507.1051,24.0555,6.723
688425.SH,20170830,20170630,,,,
688276.SH,20170818,20170630,,,,
301001.SZ,20170822,20170630,,,,21.8355
600597.SH,20170829,20170630,5.3393,46.1885,13.293,7.5711
600547.SH,20170831,20170630,0.5629,-7.4691,5.4759,4.029
600480.SH,20170829,20170630,28.254,55.5484,4.7043,6.4874
600963.SH,20170826,20170630,-5.8282,651.3313,11.5891,0.9685
300026.SZ,20170825,20170630,-20.1191,-19.5508,28.7278,4.5323
600570.SH,20170831,20170630,31.8118,101.8135,26.8875,5.5542
603803.SH,20170825,20170630,4.4495,-66.8275,-15.6188,4.0239
002075.SZ,20170826,20170630,68.371,33.5557,13.7033,6.3751
600476.SH,20170815,20170630,-52.2922,-30.7315,11.1341,0.636
600058.SH,20170831,20170630,62.379,119.4319,7.3368,-0.4675
600085.SH,20170829,20170630,7.2512,1.6728,17.3823,7.5193
600130.SH,20170829,20170630,-59.9077,-534.9205,7.8026,-3.2362
600066.SH,20170829,20170630,-33.1239,-42.9441,-21.2925,5.717
002096.SZ,20170823,20170630,19.8458,3.0133,-7.451,0.3354
002119.SZ,20170822,20170630,5.5078,96.1384,-10.7261,4.1872
600197.SH,20170826,20170630,-7.7227,0.8557,6.7365,7.6864
600326.SH,20170826,20170630,5.7964,108.3578,25.7036,8.1553
600798.SH,20170829,20170630,58.1478,571.1102,33.4722,2.1043
600692.SH,20170829,20170630,103.4179,273.6809,7.3859,3.2746
600716.SH,20170830,20170630,-55.8984,-1384.4317,49.7545,-2.1708
600824.SH,20170829,20170630,-31.9641,4.5584,11.85,4.6336
600731.SH,20170829,20170630,17.124,19.4164,25.4871,1.752
600655.SH,20170830,20170630,6.0342,21.4361,18.1106,2.3921
000402.SZ,20170818,20170630,154.0696,2552.2117,32.5541,3.6192
601717.SH,20170826,20170630,205.4165,291.5143,10.494,1.3194
002090.SZ,20170829,20170630,101.2754,59.3471,-32.5945,5.7742
603639.SH,20170829,20170630,28.6827,38.731,4.1373,13.4676
000551.SZ,20170822,20170630,17.6396,23.4066,7.8541,2.4678
300235.SZ,20170825,20170630,-34.715,-130.597,122.2277,-0.7729
603165.SH,20170825,20170630,105.6657,262.0057,-0.9407,28.0477
603081.SH,20170825,20170630,-0.5227,21.5286,-8.914,8.2122
002765.SZ,20170829,20170630,11.4632,17.9403,4.2638,5.0799
300567.SZ,20170829,20170630,23.8603,1.494,62.1102,6.5993
002789.SZ,20170829,20170630,27.4221,-13.4296,13.8776,3.5302
300188.SZ,20170825,20170630,45.8459,30.4242,16.9626,1.5523
601969.SH,20170831,20170630,176.96,56.429,20.1725,0.0086
600171.SH,20170815,20170630,-1.9828,598.5579,-2.4547,1.5553
600307.SH,20170805,20170630,2.8277,-74.2221,6.2973,3.3736
600673.SH,20170819,20170630,46.8024,642.3803,4.3669,4.8843
600768.SH,20170818,20170630,12.7654,-233.9864,16.8987,-23.6121
300215.SZ,20170810,20170630,32.8396,263.1423,55.2004,2.5454
002398.SZ,20170815,20170630,47.0098,-0.1781,6.9729,3.1584
603258.SH,20170808,20170630,-4.6067,-54.4628,8.0689,5.8001
603858.SH,20170818,20170630,5.5168,10.506,25.4095,5.3347
601069.SH,20170817,20170630,6.3389,38.1353,1.284,5.4641
002728.SZ,20170805,20170630,20.8657,49.3257,17.8022,5.7994
600178.SH,20170822,20170630,-34.5177,-70.2998,-50.8792,2.0576
600243.SH,20170822,20170630,17.1529,62.4543,-11.8845,-1.9781
002674.SZ,20170822,20170630,-17.7707,45.7738,4.2062,0.8389
600017.SH,20170824,20170630,10.4622,48.243,48.9203,2.1666
002652.SZ,20170818,20170630,79.8043,-4.2906,-21.5594,6.6905
001979.SZ,20170822,20170630,-25.5228,-55.5995,-4.7669,5.9869
002137.SZ,20170822,20170630,35.1332,-82.7256,-12.6016,1.5281
002321.SZ,20170818,20170630,44.1445,-85.8958,-8.8113,0.3842
300575.SZ,20170818,20170630,47.5766,34.6603,6.732,6.7514
603131.SH,20170823,20170630,31.6628,25.2237,28.3502,6.4297
603818.SH,20170816,20170630,25.1748,41.9441,16.3564,7.2798
002186.SZ,20170815,20170630,-1.0065,11.2187,9.211,5.1747
002001.SZ,20170823,20170630,13.4848,-1.6142,21.6204,6.9382
603444.SH,20170815,20170630,-29.1133,-43.158,65.3938,15.2286
600078.SH,20170818,20170630,-18.4633,-42.9494,5.9992,0.9307
600855.SH,20170822,20170630,33.7699,-2.0996,-18.9121,-0.3437
603990.SH,20170801,20170630,15.3172,38.7247,-17.936,2.9092
300451.SZ,20170811,20170630,125.0169,408.6326,-2.7635,2.5141
600246.SH,20170731,20170630,-68.4639,-109.3919,85.9545,0.766
688639.SH,20170812,20170630,,,,17.5587
603085.SH,20170822,20170630,85.0271,94.0729,-0.0156,2.5305
603929.SH,20170811,20170630,-16.2463,72.5462,2.0441,8.7039
002417.SZ,20170824,20170630,-55.5905,141.2918,376.3624,-10.9149
601137.SH,20170822,20170630,30.8703,103.8935,10.0945,4.2376
300244.SZ,20170818,20170630,28.4216,30.4698,5.4901,8.3596
002372.SZ,20170805,20170630,18.9963,30.2554,6.6987,10.7059
603076.SH,20171030,20170630,,,3.8001,9.5714
600416.SH,20170831,20170630,25.6411,-12.2401,1.5869,0.0537
600348.SH,20170829,20170630,92.9771,478.1526,4.8603,6.3004
603458.SH,20170829,20170630,,,-8.0391,16.6914
300679.SZ,20170825,20170630,,,10.6434,16.2522
600475.SH,20170828,20170630,24.1855,-69.0605,-14.5538,7.4646
603823.SH,20170829,20170630,5.4291,-34.0144,10.5918,4.2637
300685.SZ,20170829,20170630,,,19.1899,12.8961
601880.SH,20170825,20170630,-54.9748,-15.8779,7.9306,1.1856
300081.SZ,20170825,20170630,-5.6878,356.5281,29.8848,1.099
002484.SZ,20170830,20170630,30.0867,47.7832,15.9539,2.1692
603938.SH,20170828,20170630,42.0817,66.8141,-4.4924,8.7956
002807.SZ,20170829,20170630,6.8073,-3.922,102.0044,4.042
601099.SH,20170826,20170630,-47.5335,-120.5511,-659.4998,-1.0875
601375.SH,20170825,20170630,-21.4371,-81.4179,665.2649,1.3545
603323.SH,20170825,20170630,24.5948,13.0927,77.3373,5.4895
601107.SH,20170831,20170630,14.0876,-8.6199,46.558,4.1607
300660.SZ,20170825,20170630,14.7098,-10.7136,11.7765,9.9591
300669.SZ,20170828,20170630,7.7299,-3.9885,1.8708,5.2894
600926.SH,20170826,20170630,-1.0275,7.9743,955.6243,6.4107
601005.SH,20170831,20170630,107.5937,49.288,2.3239,
603517.SH,20170825,20170630,18.8856,24.7428,19.4404,12.029
603203.SH,20170822,20170630,20.7992,30.1613,43.175,8.5202
603758.SH,20170812,20170630,15.0213,45.301,41.9558,5.7871
002871.SZ,20170823,20170630,3.8205,44.6047,19.8022,6.5216
300636.SZ,20170816,20170630,38.9354,60.7176,-9.6337,7.0021
603139.SH,20170823,20170630,1.4507,-7.1036,38.4489,3.002
300170.SZ,20170821,20170630,29.6217,29.2359,13.3082,5.231
603879.SH,20170815,20170630,6.465,7.4388,2.8627,5.724
300577.SZ,20170731,20170630,50.7751,54.4394,13.2857,9.9716
603319.SH,20170821,20170630,45.4821,102.1035,36.0133,6.6808
300696.SZ,20170809,20170630,,,54.815,11.3117
300902.SZ,20170826,20170630,,,,2.0112
002061.SZ,20170815,20170630,40.6715,953.7063,20.5005,9.0052
002936.SZ,20180830,20170630,-10.503,-3.9334,474.1616,10.3607
601838.SH,20171219,20170630,,,1299.9266,7.3988
300703.SZ,20170906,20170630,,,13.1104,12.1773
300742.SZ,20171220,20170630,,,-15.7785,4.9786
688067.SH,20170831,20170630,,,,5.9612
300722.SZ,20171027,20170630,,,-1.7296,7.0731
300701.SZ,20170831,20170630,,,40.5275,15.6397
603890.SH,20171121,20170630,,,3.1723,15.6079
300719.SZ,20171019,20170630,,,-62.3513,-2.4892
688218.SH,20170831,20170630,,,-2.5534,10.5692
605196.SH,20170830,20170630,,,,3.6398
300906.SZ,20170825,20170630,,,,7.0148
300986.SZ,20170831,20170630,,,,4.7061
688309.SH,20170826,20170630,,,,6.5515
688556.SH,20170809,20170630,,,,18.4949
688378.SH,20170831,20170630,,,,-8.6641
688135.SH,20170826,20170630,,,,3.7889
688677.SH,20170816,20170630,,,58.124,17.2442
688319.SH,20170826,20170630,,,,-6.6254
601568.SH,20171017,20170630,,,,
603659.SH,20170831,20170630,,,-6.4529,16.4968
603916.SH,20180820,20170630,,,2.85,4.882
002925.SZ,20171226,20170630,,,14.0788,43.9107
300740.SZ,20171107,20170630,,,37.8153,15.2974
603059.SH,20171229,20170630,,,12.849,15.1675
300912.SZ,20171229,20170630,,,,7.727
300712.SZ,20171011,20170630,,,61.0302,7.9734
300713.SZ,20171011,20170630,,,17.2858,13.7512
603356.SH,20180103,20170630,,,18.8124,8.6004
300970.SZ,20171222,20170630,,,,3.5135
603516.SH,20180115,20170630,,,18.5467,18.7412
688300.SH,20171229,20170630,,,47.4355,9.0862
300624.SZ,20180103,20170630,,,11.9576,14.5836
300786.SZ,20180105,20170630,,,13.5531,4.9452
300727.SZ,20171107,20170630,,,-20.3417,4.1113
603848.SH,20171113,20170630,,,32.0951,9.569
300733.SZ,20171206,20170630,,,0.9336,7.6992
688558.SH,20171009,20170630,,,,10.0822
603709.SH,20180125,20170630,,,22.1431,25.7544
603856.SH,20171016,20170630,,,-3.6577,7.0301
603110.SH,20170918,20170630,,,19.952,6.8514
603499.SH,20170918,20170630,,,18.642,8.5244
002903.SZ,20170918,20170630,,,13.6362,14.4484
002906.SZ,20180830,20170630,,,-9.2122,4.9759
300708.SZ,20170919,20170630,,,30.5059,9.4361
603661.SH,20171031,20170630,,,17.518,14.7019
002758.SZ,20170816,20170630,15.1506,22.9928,13.9895,4.167
300208.SZ,20170805,20170630,68.3541,96.3473,-11.5743,14.41
603330.SH,20170816,20170630,16.779,-65.8524,4.4784,1.6647
603002.SH,20170817,20170630,16.957,-5.0832,-7.6183,1.4438
002627.SZ,20170822,20170630,27.2611,67.3205,6.3624,3.1518
601798.SH,20170727,20170630,-9.8546,-79.7904,-21.5145,-0.1144
002737.SZ,20170824,20170630,45.3197,33.6254,14.7249,6.8131
603005.SH,20170812,20170630,53.0194,197.3139,21.8136,2.5255
300172.SZ,20170801,20170630,1.4931,26.1089,5.3999,3.9926
300471.SZ,20170822,20170630,-3.1889,0.9744,-28.9896,3.0556
002848.SZ,20170822,20170630,-21.8024,-18.1631,-6.7894,0.9291
002740.SZ,20170814,20170630,123.2785,116.1571,-17.3674,2.1631
002838.SZ,20170810,20170630,34.7565,11.5753,1.9945,5.9719
002872.SZ,20170821,20170630,,,-26.6947,3.8681
603898.SH,20170815,20170630,35.5262,48.6044,40.5972,8.1944
002023.SZ,20170822,20170630,-14.5089,-59.0736,-18.5587,0.4998
002865.SZ,20170823,20170630,13.5537,-12.4656,-28.8962,3.2085
002857.SZ,20170821,20170630,13.6199,-24.3564,15.782,0.1576
300717.SZ,20171024,20170630,,,59.031,6.911
300720.SZ,20171024,20170630,,,23.7439,5.6952
603613.SH,20170929,20170630,,,-5.6502,10.8936
600385.SH,20170816,20170630,-88.9764,-106.1853,51.4693,-0.87
600710.SH,20170812,20170630,30.323,455.1444,14.1933,3.7006
600305.SH,20170822,20170630,8.6945,24.3547,34.5587,5.2562
600382.SH,20170810,20170630,222.5309,-1.1995,-3.9202,3.1144
600289.SH,20170729,20170630,11.746,61.1167,-5.7669,0.7557
600361.SH,20170818,20170630,-4.5682,400.9964,-7.5899,0.2549
600753.SH,20170729,20170630,469.1976,183.0718,3.4212,1.1376
600763.SH,20170804,20170630,29.5073,26.2401,31.6456,10.3923
603619.SH,20171116,20170630,,,21.2429,14.9065
688317.SH,20171110,20170630,,,,3.622
300715.SZ,20171010,20170630,,,-15.4512,11.7374
300723.SZ,20171030,20170630,,,10.6595,17.1434
603477.SH,20171128,20170630,,,4.9004,5.9135
002905.SZ,20170920,20170630,,,19.9061,9.5858
002916.SZ,20171121,20170630,,,41.1227,13.0643
603917.SH,20171114,20170630,,,10.03,8.0773
002909.SZ,20170928,20170630,,,18.9334,6.1742
002913.SZ,20171113,20170630,,,15.3106,9.4703
002921.SZ,20171213,20170630,,,7.2428,5.5801
002922.SZ,20171212,20170630,,,14.3678,8.3214
603655.SH,20171211,20170630,,,22.3976,5.7215
002995.SZ,20170929,20170630,,,,28.9986
601019.SH,20171030,20170630,,,6.8728,11.9127
603260.SH,20180817,20170630,,,30.4593,18.2794
300725.SZ,20171030,20170630,,,27.083,12.1656
603895.SH,20180108,20170630,,,32.8753,13.9451
300732.SZ,20171128,20170630,,,28.2076,10.3086
002928.SZ,20171013,20170630,,,38.6919,18.7906
002708.SZ,20170822,20170630,19.2568,-121.7725,18.4064,0.787
600557.SH,20170818,20170630,11.159,-3.7427,23.8994,5.7863
600426.SH,20170818,20170630,12.3813,-13.6757,23.7794,6.5056
600273.SH,20170801,20170630,20.6422,7.4689,2.2764,11.1149
600026.SH,20170830,20170630,-43.5476,-77.356,51.2543,3.7811
600587.SH,20170831,20170630,19.6966,-22.0859,11.2496,1.5499
600462.SH,20170829,20170630,63.0618,-42.6529,44.0371,0.5883
300648.SZ,20170829,20170630,19.1614,53.7883,-32.4194,5.2222
600505.SH,20170830,20170630,8.488,30.511,24.0102,1.0953
600438.SH,20170822,20170630,14.9393,44.9344,7.8713,6.4473
600595.SH,20170831,20170630,-23.9772,86.6792,17.8768,-0.503
600481.SH,20170826,20170630,29.5659,5.6938,32.2143,-0.0194
600562.SH,20170825,20170630,-3.1756,-7.3414,28.4174,4.4791
600559.SH,20170831,20170630,12.5503,205.3289,-57.5823,2.5863
600526.SH,20170830,20170630,19.0835,352.2762,8.247,1.2115
600021.SH,20170826,20170630,24.5153,-64.9976,20.5853,1.2345
600004.SH,20170831,20170630,4.4291,6.0066,71.4157,6.2558
600571.SH,20170831,20170630,21.5996,-38.9414,-14.8411,2.7021
600552.SH,20170826,20170630,51.3071,32.8147,-5.6584,1.1879
600590.SH,20170825,20170630,10.5499,124.9958,-62.1745,0.5491
600401.SH,20170831,20170630,-24.7864,-826.0575,73.2641,-13.6622
600493.SH,20170830,20170630,2.7839,164.985,12.4805,1.3572
600184.SH,20170826,20170630,-19.3162,-4.8504,-48.2283,0.2428
600992.SH,20170830,20170630,21.1933,-0.2822,-0.1541,0.6299
600370.SH,20170822,20170630,6.3005,-26.0265,6.1586,2.2982
600515.SH,20170831,20170630,379.1163,193.1837,64.3867,3.419
600467.SH,20170826,20170630,9.5732,12.6648,-14.8813,0.9476
600540.SH,20170829,20170630,348.4119,399.9255,5.0997,-0.9986
600035.SH,20170831,20170630,121.7452,84.4475,32.9386,5.3615
600397.SH,20170826,20170630,13.5088,128.8185,0.7166,0.3307
600496.SH,20170829,20170630,37.9086,-44.5539,10.0737,0.4705
600592.SH,20170826,20170630,45.866,892.5748,-12.0174,0.9651
600030.SH,20170826,20170630,-4.5488,-27.0798,-111.3987,3.5497
600452.SH,20170728,20170630,38.6233,9.2047,15.2838,11.4198
600990.SH,20170826,20170630,-15.2699,-4.0996,-61.8494,-0.7569
600487.SH,20170830,20170630,44.7111,82.9674,1.1624,11.8482
600012.SH,20170828,20170630,18.9993,1.4638,65.9602,5.9518
600432.SH,20170831,20170630,6.6295,-39.0433,9.4134,-33.6211
600545.SH,20170804,20170630,-36.621,137.9336,23.1169,-1.4464
600039.SH,20170831,20170630,4.2681,14.1468,-12.8401,3.6967
600485.SH,20170831,20170630,25.9839,6.1769,-13.6825,5.9701
002116.SZ,20170830,20170630,-22.2481,-0.9529,2.3767,5.2575
600491.SH,20170829,20170630,35.5226,82.7065,8.5071,3.8105
600900.SH,20170831,20170630,-6.5252,0.739,69.8245,6.4468
601958.SH,20170829,20170630,-5.0987,169.3599,6.9591,-0.0253
601038.SH,20170825,20170630,-23.8887,-148.239,-41.1369,0.0206
600573.SH,20170825,20170630,-2.3533,795.042,36.1703,-1.7732
600436.SH,20170825,20170630,81.5318,30.251,18.8122,11.4913
600495.SH,20170829,20170630,55.9213,153.4053,29.7685,0.1067
600478.SH,20170830,20170630,-8.1238,-50.4541,-33.7431,-6.0814
600503.SH,20170826,20170630,-90.1244,-131.7901,-67.1944,1.8029
603885.SH,20170830,20170630,24.8859,-20.0906,15.3615,6.5375
600439.SH,20170825,20170630,1.3581,58.2891,8.6587,4.3544
600581.SH,20170826,20170630,60.6907,248.5832,3.6711,16.6291
603357.SH,20170831,20170630,9.9716,-21.1674,-2.9425,14.5079
300672.SZ,20170825,20170630,-41.0259,-74.2963,-15.0092,-4.3716
300647.SZ,20170829,20170630,-6.5767,-21.425,-25.5696,5.0645
603960.SH,20170829,20170630,-4.8329,-26.8577,57.9387,5.0553
600551.SH,20170810,20170630,1.1603,-69.4949,5.0082,2.6006
600433.SH,20170829,20170630,5.5342,-41.3532,0.2458,1.326
600029.SH,20170830,20170630,12.5729,177.4487,20.8313,5.6154
600458.SH,20170825,20170630,-5.0117,-91.3017,15.3227,0.0992
600502.SH,20170830,20170630,-15.8496,88.2995,-30.8299,3.4135
600512.SH,20170830,20170630,2.4845,13.0952,1.9792,1.8417
600354.SH,20170831,20170630,83.1591,-82.9338,-99.135,-14.287
600993.SH,20170826,20170630,-16.1341,12.3556,21.7987,8.0324
000875.SZ,20170825,20170630,13.4146,9.1462,39.181,0.2464
002064.SZ,20170826,20170630,34.7649,121.5545,14.0927,6.1109
002099.SZ,20170829,20170630,-0.1274,-25.6551,16.6676,4.8405
600477.SH,20170826,20170630,29.1372,28.7445,20.7115,15.5235
600979.SH,20170830,20170630,9.4018,1.0322,26.8976,3.9167
600967.SH,20170829,20170630,20.3454,5.1469,-2.3074,2.6606
002112.SZ,20170830,20170630,-27.0511,-143.819,84.2825,-6.581
600479.SH,20170830,20170630,12.8395,7.3779,7.4753,2.2431
600579.SH,20170829,20170630,-25.8444,-55.408,-27.6598,0.0288
600429.SH,20170826,20170630,16.4465,-78.997,-1.9878,0.2904
600371.SH,20170829,20170630,-3.0234,-18.6938,94.704,5.8947
300150.SZ,20170825,20170630,46.6998,585.338,-27.8181,-1.2763
002332.SZ,20170825,20170630,3.6419,43.2765,17.6761,3.5213
600561.SH,20170825,20170630,16.8662,211.9541,16.4144,-0.2022
600284.SH,20170829,20170630,25.6996,-5.6367,-14.0377,2.4358
300114.SZ,20170825,20170630,6.4128,10.5191,7.3795,5.0002
002203.SZ,20170828,20170630,66.7261,24.4775,-24.1421,5.6294
600969.SH,20170825,20170630,-2.5981,-21.3297,33.5573,1.4264
002705.SZ,20170829,20170630,25.5345,30.2829,20.2586,5.8008
601866.SH,20170831,20170630,18.8968,-15.974,61.2634,7.5724
600469.SH,20170830,20170630,-6.8718,-90.1944,15.6223,-5.2305
600489.SH,20170825,20170630,2.3155,-7.0641,8.8042,2.1637
002350.SZ,20170830,20170630,30.8108,31.3165,-12.2342,0.9738
300091.SZ,20170830,20170630,53.1221,225.1977,2.9813,7.5988
002076.SZ,20170829,20170630,22.8561,-46.2223,-1.9773,0.553
002306.SZ,20170829,20170630,0.6872,21.0319,5.6415,
601666.SH,20170829,20170630,62.1358,-11.8925,-5.5964,5.3297
601006.SH,20170830,20170630,47.3958,174.4113,30.3824,8.3376
601699.SH,20170825,20170630,115.3791,1987.0467,54.9052,6.0205
002071.SZ,20170828,20170630,-57.0719,9.9984,-65.6932,7.1151
601919.SH,20170831,20170630,32.8863,158.8298,10.3806,3.8766
601519.SH,20170826,20170630,-1.9206,27.7065,-70.3895,-11.7358
002207.SZ,20170825,20170630,-12.692,24.221,-71.1234,-13.0118
601001.SH,20170830,20170630,85.3591,1211.742,72.7295,1.4958
002216.SZ,20170825,20170630,10.4103,6.6745,8.8676,2.9296
300090.SZ,20170825,20170630,9.504,-35.1587,-29.3278,0.9514
300444.SZ,20170829,20170630,84.0075,185.2254,2.139,1.7906
002145.SZ,20170825,20170630,70.7933,103.952,18.6476,8.7926
600973.SH,20170830,20170630,13.1954,-25.4278,-36.2212,1.7258
000030.SZ,20170829,20170630,15.5501,9.3711,4.0178,8.2486
002085.SZ,20170825,20170630,1.1706,-9.7156,15.7311,8.2566
002103.SZ,20170830,20170630,60.3147,51.5005,0.3559,3.4508
600575.SH,20170829,20170630,66.4592,-21.8139,21.9338,2.3012
002067.SZ,20170826,20170630,48.4821,628.7876,14.2287,6.9625
300414.SZ,20170825,20170630,15.7588,-33.7867,-10.0004,2.2
000008.SZ,20170830,20170630,-9.2187,52.8608,-14.6888,0.6466
300681.SZ,20170829,20170630,35.4307,80.0809,-6.0767,12.5564
601788.SH,20170830,20170630,1.2468,-29.1631,322.6993,2.0556
002279.SZ,20170830,20170630,52.1831,98.4765,-4.1322,2.0722
000002.SZ,20170825,20170630,-14.8922,46.2417,61.2521,6.3016
002098.SZ,20170830,20170630,26.444,-0.7519,5.4272,5.7195
000066.SZ,20170831,20170630,-87.8695,128.6433,-16.8513,4.6746
600983.SH,20170831,20170630,-8.8442,-590.5079,8.7579,-3.1958
600988.SH,20170815,20170630,14.4357,-1.6154,7.1617,3.0802
601333.SH,20170825,20170630,0.8803,-36.3191,7.5068,1.8303
000150.SZ,20170825,20170630,59.5398,293.1767,63.3285,4.2551
000153.SZ,20170825,20170630,36.3194,72.6015,2.2613,2.4361
600355.SH,20170821,20170630,-7.8856,-852.0621,-15.731,-2.5303
000540.SZ,20170829,20170630,-27.7259,-29.6013,-27.7277,9.3836
600510.SH,20170822,20170630,-13.6236,-42.6873,33.9911,1.8147
000587.SZ,20170830,20170630,-44.3509,-22.7375,-34.3187,3.9759
600392.SH,20170818,20170630,395.1131,1394.0142,-30.27,4.5339
000596.SZ,20170826,20170630,24.5943,62.1242,-14.923,8.4777
000672.SZ,20170830,20170630,12.9482,140.9745,15.4081,16.2286
600409.SH,20170808,20170630,26.354,172.0909,7.7303,11.6733
000557.SZ,20170825,20170630,71.9468,135.7042,90.0614,0.6311
000662.SZ,20170825,20170630,-14.31,105.7764,-65.166,2.4375
000665.SZ,20170830,20170630,12.9118,15.4549,23.38,3.2984
000811.SZ,20170826,20170630,6.0637,-65.6587,-3.8424,3.208
002114.SZ,20170822,20170630,61.6012,1296.9901,-18.4195,0.5413
000666.SZ,20170825,20170630,-7.7623,7.0249,219.1434,6.9484
000703.SZ,20170829,20170630,141.003,100.5772,0.5328,7.3498
600387.SH,20170818,20170630,-3.0116,-44.4866,5.1481,0.753
002115.SZ,20170823,20170630,17.0059,386.1267,21.6603,0.293
000709.SZ,20170830,20170630,30.1698,105.882,3.9497,2.7818
000858.SZ,20170828,20170630,23.3009,40.1232,24.1853,10.3634
000892.SZ,20170825,20170630,-9.5455,-117.9513,-94.3153,-2.0862
001896.SZ,20170831,20170630,-10.4931,-69.9742,20.8181,-2.7075
000839.SZ,20170829,20170630,39.4685,118.3974,-4.5827,0.8182
600351.SH,20170819,20170630,67.2638,240.8031,6.2173,3.9137
600535.SH,20170816,20170630,20.3623,7.4399,-11.626,9.2135
000825.SZ,20170826,20170630,17.423,-50.8582,18.6357,3.0816
000889.SZ,20170829,20170630,4.4612,-21.9872,-4.3906,4.3034
002148.SZ,20170810,20170630,85.5287,152.2881,38.663,5.496
601238.SH,20170824,20170630,57.4985,14.5843,4.304,13.1104
000782.SZ,20170829,20170630,39.7733,26.7702,-10.1592,0.5612
000902.SZ,20170830,20170630,2.1656,-17.5097,52.6062,8.0561
300671.SZ,20170829,20170630,23.1243,44.3141,33.2956,5.2939
600353.SH,20170822,20170630,19.946,-22.8849,15.5851,1.9062
300613.SZ,20170828,20170630,45.7159,-0.4473,1.1428,9.1935
000778.SZ,20170829,20170630,-16.0923,80.8893,6.3667,2.3779
601158.SH,20170812,20170630,-4.315,2.795,40.8452,7.1896
600000.SH,20170830,20170630,2.5337,6.6547,-134.3026,7.3167
600037.SH,20170826,20170630,4.5294,-8.7605,37.2494,2.5113
600075.SH,20170826,20170630,-18.06,17.5285,26.0791,8.4669
600038.SH,20170831,20170630,3.5038,-30.9124,-3.3704,2.1822
600055.SH,20170826,20170630,-17.439,-32.1369,-9.4986,1.7057
600081.SH,20170831,20170630,19.6857,49.1015,8.6028,6.7398
600962.SH,20170826,20170630,2.9419,-114.5984,98.2884,0.0624
600981.SH,20170825,20170630,4.89,-67.2498,-2.3918,-0.9676
600054.SH,20170825,20170630,5.4695,19.4969,43.3798,4.6937
600006.SH,20170830,20170630,20.5516,-36.2386,-6.0722,1.8963
600008.SH,20170830,20170630,45.7061,-3.8353,35.6815,2.5748
300638.SZ,20170825,20170630,48.517,5.7213,-13.3354,5.7897
002056.SZ,20170823,20170630,20.9683,43.2074,6.5856,4.3942
603063.SH,20170826,20170630,,,92.22,7.7361
603303.SH,20170829,20170630,49.2512,9.9677,-0.5202,6.8482
600009.SH,20170826,20170630,13.7308,18.1322,71.1545,7.4702
002510.SZ,20170828,20170630,2.8687,-11.3831,9.3454,3.1888
601886.SH,20170825,20170630,10.7169,7.4089,-9.2858,3.3007
600033.SH,20170831,20170630,-0.0039,16.0345,61.3875,4.848
000938.SZ,20170825,20170630,46.9765,117.3752,3.798,2.1713
600077.SH,20170825,20170630,-90.4696,-85.1227,-369.4244,0.3381
600175.SH,20170830,20170630,26.7332,-110.3489,35.4893,0.1367
600088.SH,20170830,20170630,25.988,314.3774,18.1407,4.6809
600128.SH,20170831,20170630,14.2209,-75.6162,-4.4233,-0.6899
600089.SH,20170829,20170630,6.937,13.4559,24.5487,5.0072
600104.SH,20170830,20170630,20.3994,8.0223,10.0018,7.8819
600107.SH,20170830,20170630,-5.8018,124.6573,-16.3726,-0.768
600970.SH,20170808,20170630,14.9648,62.7114,8.8948,6.0097
600177.SH,20170829,20170630,-35.5173,26.032,111.7667,6.9786
600090.SH,20170825,20170630,22.9229,22.6297,4.8676,4.4249
600091.SH,20170830,20170630,142.6375,81.7055,-483.0101,-2.9772
600093.SH,20170828,20170630,-3.1046,20.6846,-13.1926,6.1033
600132.SH,20170826,20170630,-5.3808,55.4311,33.2598,13.7598
600182.SH,20170829,20170630,15.8206,-127.0981,-24.2224,1.9543
600094.SH,20170830,20170630,-59.6998,-79.137,-44.2657,-0.4803
600133.SH,20170830,20170630,119.6915,801.1549,57.4706,0.2972
600067.SH,20170825,20170630,5.8607,555.5328,-165.011,5.3649
600096.SH,20170831,20170630,30.2773,38.3692,1.6104,-17.1704
600170.SH,20170829,20170630,18.1199,30.7548,3.9025,4.4022
600185.SH,20170830,20170630,6.4018,-79.833,-98.2249,3.7298
600082.SH,20170831,20170630,21.0309,71.8126,19.7395,-1.1979
600183.SH,20170831,20170630,23.6751,56.6682,2.8364,9.862
600099.SH,20170826,20170630,6.302,1089.9761,1.3053,0.2274
600098.SH,20170831,20170630,3.9702,-1.3022,4.908,2.2399
600073.SH,20170831,20170630,95.3281,25.7049,2.6412,7.8427
600083.SH,20170831,20170630,-24.2861,-190.8481,39.1249,-2.5838
600100.SH,20170829,20170630,-3.7623,160.4705,-11.8822,-0.8353
600172.SH,20170828,20170630,27.4988,-30.7408,1.0173,1.6365
600235.SH,20170825,20170630,6.0754,898.2274,9.189,0.7908
600162.SH,20170826,20170630,28.9921,46.3553,12.4718,5.2162
600152.SH,20170829,20170630,-21.2459,248.9772,-6.6352,-8.258
600125.SH,20170825,20170630,103.7193,31.1458,17.5076,3.4748
600135.SH,20170826,20170630,38.2412,52.3113,15.1285,2.7814
600126.SH,20170826,20170630,29.0758,-34.4673,19.3008,2.1155
600219.SH,20170826,20170630,21.6184,31.3538,-1.0072,2.2938
600138.SH,20170825,20170630,4.5713,8.8449,10.8065,4.1927
600163.SH,20170829,20170630,5.699,-48.9114,72.4115,3.4049
600221.SH,20170826,20170630,56.9398,34.4026,1.5242,1.6995
600155.SH,20170830,20170630,80.8965,463.3274,39.557,0.9764
600223.SH,20170825,20170630,55.0729,30.7635,20.0294,1.8361
600157.SH,20170830,20170630,148.8166,-20.9668,21.7136,0.9901
600148.SH,20170825,20170630,31.2651,112.6477,-6.5642,4.0434
600108.SH,20170830,20170630,-19.9343,-42.263,8.4095,0.8364
600109.SH,20170830,20170630,-6.531,-17.5392,-284.868,2.9474
600115.SH,20170830,20170630,3.009,142.3138,19.9796,4.6144
600118.SH,20170825,20170630,29.0319,11.791,-21.3081,3.2748
600229.SH,20170829,20170630,1.9856,18.8387,30.8847,6.2
600160.SH,20170825,20170630,38.5522,311.1116,7.4501,4.8149
600120.SH,20170831,20170630,70.344,-43.1604,-2.1465,1.1121
600232.SH,20170829,20170630,36.3428,55.6276,-2.9972,0.8306
600150.SH,20170826,20170630,-25.5003,152.9251,-5.5899,-1.3311
600161.SH,20170829,20170630,-24.108,743.2522,16.9096,7.5603
600121.SH,20170826,20170630,-51.676,350.7278,7.3732,12.5066
600233.SH,20170825,20170630,13.4058,5.6352,11.1103,7.6714
600151.SH,20170825,20170630,-1.6318,-245.8297,-3.0388,-3.5323
600234.SH,20170830,20170630,-15.5527,-247.9944,-181.2944,-11.7447
600210.SH,20170830,20170630,-0.7454,-11.0094,16.6626,4.186
600169.SH,20170826,20170630,200.6718,103.5949,0.2895,-0.4084
600212.SH,20170830,20170630,-21.7143,-66.582,8.3561,3.0358
002073.SZ,20170823,20170630,11.6279,-12.301,15.8948,-0.3219
600198.SH,20170826,20170630,-36.9221,14.6936,-2.6379,-15.9257
600199.SH,20170830,20170630,-20.301,92.6531,-23.1451,0.0704
600201.SH,20170826,20170630,5.4624,31.3704,39.2073,9.9211
600202.SH,20170829,20170630,-34.5432,56.4598,5.8159,-6.9905
600236.SH,20170831,20170630,-31.88,-61.4538,71.657,5.6562
600240.SH,20170826,20170630,421.6141,404.2165,-44.7306,13.5742
600187.SH,20170829,20170630,32.7706,-63.8714,4.2748,0.2236
600203.SH,20170826,20170630,3.8745,-67.8615,-12.3446,0.4471
600188.SH,20170828,20170630,217.7016,317.6518,3.8866,6.4219
002191.SZ,20170819,20170630,-0.1159,11.4737,40.0113,6.395
600190.SH,20170825,20170630,207.5891,267.9413,-20.7544,1.0364
600191.SH,20170831,20170630,231.836,-48.702,-3.1167,0.6642
600206.SH,20170825,20170630,-2.9372,63.2767,-7.1193,0.3637
600207.SH,20170830,20170630,9.8886,512.5334,-2.7758,-0.8183
600208.SH,20170830,20170630,15.9149,-52.2103,67.6978,1.456
600166.SH,20170831,20170630,7.2188,-80.0405,2.5508,-3.0749
600196.SH,20170830,20170630,20.5203,9.847,15.68,5.4134
600247.SH,20170831,20170630,-7.6527,41.1792,5.3874,
600209.SH,20170826,20170630,276.5079,71.3388,-5.0295,-2.4292
600250.SH,20170830,20170630,-21.416,357.7612,31.3969,-7.5368
600255.SH,20170830,20170630,7.9118,68.0485,-5.1278,0.067
600331.SH,20170831,20170630,36.7379,1.097,4.9526,2.5805
600268.SH,20170826,20170630,0.0137,1043.7756,0.9709,-8.8246
600283.SH,20170830,20170630,22.0473,434.3083,48.6869,0.4588
600316.SH,20170831,20170630,-24.4417,-212.3715,13.1107,-1.2416
600275.SH,20170829,20170630,-0.6592,11.5567,1590.2346,-11.5125
600285.SH,20170830,20170630,29.3561,34.7528,-18.4915,5.7829
600317.SH,20170825,20170630,7.7472,-23.7396,44.5112,2.4442
600428.SH,20170831,20170630,15.5217,1652.2291,19.4189,1.0911
600610.SH,20170828,20170630,1409.0951,106.0985,-30.0881,0.143
600466.SH,20170830,20170630,-17.5617,40.4255,118.8991,2.6017
600290.SH,20170829,20170630,-7.6347,-76.0887,-27.8778,-0.1167
002051.SZ,20170824,20170630,40.7389,18.4636,-5.7695,6.8191
600468.SH,20170829,20170630,15.8294,17.1689,-7.2545,1.6417
600279.SH,20170825,20170630,367.0217,153.3897,-3.3712,1.7565
600488.SH,20170831,20170630,20.186,29.8579,-3.4989,1.4059
600215.SH,20170829,20170630,-53.1702,-63.3739,280.6516,0.6864
600292.SH,20170830,20170630,-5.3726,360.9479,17.2004,0.5425
300445.SZ,20170816,20170630,17.7404,41.4907,27.8488,4.5225
600216.SH,20170829,20170630,-2.8026,-48.069,13.516,1.2517
600297.SH,20170826,20170630,34.1836,60.1706,2.6198,8.5578
600395.SH,20170829,20170630,82.6705,85.096,7.0096,6.8441
600391.SH,20170831,20170630,-0.049,-5.0439,10.1951,1.0279
002062.SZ,20170823,20170630,12.5106,41.0542,21.6199,4.6951
600258.SH,20170829,20170630,5.261,2875.7367,28.1982,3.5
600259.SH,20170831,20170630,37.0428,3.8618,-12.3781,-2.222
600302.SH,20170831,20170630,38.5032,16.6848,-9.9609,-2.2167
600399.SH,20170826,20170630,11.7007,-48.8553,-4.5807,5.1806
600261.SH,20170829,20170630,14.2899,-0.9876,7.7796,6.7478
600303.SH,20170825,20170630,35.7424,-263.2257,13.3462,-2.4147
600322.SH,20170829,20170630,97.8441,231.9234,180.4306,2.5336
600415.SH,20170826,20170630,-9.1031,-2.3697,33.0456,9.8063
600362.SH,20170830,20170630,4.3756,6.234,-0.2203,1.3285
600337.SH,20170829,20170630,30.2502,17.3703,2.9758,4.6829
600339.SH,20170830,20170630,2.8953,107.134,5.7224,2.6517
600388.SH,20170831,20170630,1.3957,17.6641,0.9973,5.1073
600616.SH,20170826,20170630,-7.9824,21.2747,-51.3351,1.5961
600617.SH,20170829,20170630,80.6863,-90.6637,2.2486,2.3585
600390.SH,20170830,20170630,-10.9565,47.429,49.9776,4.4641
600345.SH,20170831,20170630,-42.2031,343.6155,1.3284,8.6853
600376.SH,20170826,20170630,-8.6539,-58.5554,-134.602,0.6393
600377.SH,20170828,20170630,17.5727,29.8753,54.7765,8.563
600623.SH,20170829,20170630,14.0204,31.6779,-13.8331,1.8336
600624.SH,20170826,20170630,8.183,-43.4298,23.517,2.2173
600350.SH,20170831,20170630,6.5296,-6.4842,68.8093,5.0193
600380.SH,20170828,20170630,5.0479,37.9171,7.6536,5.2693
300183.SZ,20170731,20170630,6.5445,6.6713,-2.9858,4.7506
600358.SH,20170825,20170630,345.4003,20.4375,-60.6406,-4.6984
600383.SH,20170830,20170630,-7.2518,-36.4999,17.607,2.936
600612.SH,20170828,20170630,11.9489,-3.4857,7.0815,10.3523
600628.SH,20170830,20170630,-0.4064,395.0861,25.8643,2.7369
600386.SH,20170830,20170630,15.6964,2.7043,2.8603,2.1236
600613.SH,20170829,20170630,-1.6725,-5.2625,15.1443,2.1963
600629.SH,20170831,20170630,32.4886,-62.5738,4.5513,3.0851
600360.SH,20170826,20170630,0.3795,25.4815,14.9366,1.4866
600333.SH,20170830,20170630,27.4299,73.6266,-3.4755,0.4986
603899.SH,20170819,20170630,31.2013,17.4682,3.9481,11.0969
600536.SH,20170828,20170630,27.2855,-689.5956,18.8756,-9.0786
600638.SH,20170830,20170630,40.7637,1061.9422,-3.8859,0.0857
600596.SH,20170829,20170630,4.5206,396.6352,14.7634,3.2639
600639.SH,20170826,20170630,-20.0139,-31.6166,-14.0225,4.2648
600640.SH,20170826,20170630,-7.2606,170.3739,-0.7157,2.1612
600599.SH,20170830,20170630,50.3252,98.0379,-32.3858,-4.1521
600604.SH,20170830,20170630,10.8844,65.0492,-160.4747,1.0578
600801.SH,20170826,20170630,64.9644,338.2626,15.9868,6.6622
600605.SH,20170830,20170630,12.4086,-46.3055,2.2653,1.9321
600602.SH,20170826,20170630,9.8254,77.662,-7.9386,2.2045
600601.SH,20170826,20170630,-20.8389,-15.4317,1.9003,-3.9902
600642.SH,20170826,20170630,9.9021,-19.7418,7.9109,3.3363
600633.SH,20170825,20170630,-74.6006,-55.48,40.5319,1.7927
600568.SH,20170831,20170630,-80.2281,19.5505,-338.6748,1.549
600523.SH,20170828,20170630,-8.3417,13.9716,14.952,4.5147
600582.SH,20170828,20170630,25.9744,20.9429,2.1699,2.3214
600578.SH,20170830,20170630,3.8954,-80.6081,18.5304,-0.077
600635.SH,20170830,20170630,-5.7249,-55.3078,21.7614,2.7713
600636.SH,20170830,20170630,20.5445,89.9267,-3.4274,4.7854
600530.SH,20170829,20170630,18.6937,-4.1519,-15.6385,0.732
600528.SH,20170826,20170630,-70.8984,8.1388,-6.7859,6.0926
600533.SH,20170825,20170630,220.5897,503.3806,32.9069,-0.2099
600748.SH,20170829,20170630,-0.6665,7.195,-12.2154,2.3513
600766.SH,20170830,20170630,-2.131,-36.3407,113.8654,3.9381
600767.SH,20170826,20170630,54.5542,-78.6908,23.2123,-14.1921
600751.SH,20170831,20170630,9788.9489,-45.5425,-0.9567,2.1831
600775.SH,20170831,20170630,8.0921,103.9546,-3.3862,0.9445
600741.SH,20170825,20170630,16.1782,4.1279,8.3567,8.0935
600810.SH,20170826,20170630,-7.1454,-86.0675,17.0428,1.8034
600742.SH,20170825,20170630,4.47,39.8811,5.0671,6.4676
600811.SH,20170831,20170630,107.2407,58.0548,-105.3706,1.0599
600743.SH,20170829,20170630,4.3073,6.882,52.0269,3.2476
600781.SH,20170830,20170630,1.3951,-48.1063,27.091,2.3992
600815.SH,20170830,20170630,85.3177,173.9776,9.9858,-14.7537
600745.SH,20170830,20170630,19.1506,232.6871,11.0515,3.0146
600782.SH,20170825,20170630,88.7738,47.9819,16.2273,6.0562
600780.SH,20170826,20170630,-2.9984,8.5873,24.3643,0.551
600756.SH,20170831,20170630,-16.4448,-266.6067,-108.5328,0.6406
600817.SH,20170831,20170630,62.5702,-231.0268,-154.6906,-1.1773
600746.SH,20170831,20170630,18.4865,9.1329,-22.1618,10.5036
600757.SH,20170829,20170630,-56.8657,48.6984,2.678,5.5344
600803.SH,20170831,20170630,79.2548,-164.8351,7.2949,1.9922
600804.SH,20170825,20170630,-4.7659,-0.0943,49.8216,5.8486
600819.SH,20170825,20170630,12.6667,108.1529,-0.4806,-1.9481
600820.SH,20170826,20170630,5.9029,7.26,15.4961,3.8993
600747.SH,20170831,20170630,-97.2015,60.6856,21.496,-0.9899
600759.SH,20170826,20170630,97.5595,-492.4254,-30.1914,-1.0664
600736.SH,20170830,20170630,-67.3333,-15.9295,222.2646,-0.9161
600761.SH,20170826,20170630,46.184,18.6837,9.7494,4.6902
600806.SH,20170831,20170630,87.1763,-16.4411,20.236,-45.2611
600764.SH,20170828,20170630,12.3737,181.053,-29.6544,5.5243
600807.SH,20170831,20170630,-35.3888,-19.8051,-86.6344,-7.3358
600809.SH,20170826,20170630,30.2045,108.6137,18.3461,12.4595
600738.SH,20170830,20170630,79.5648,295.609,59.9028,5.3223
600790.SH,20170825,20170630,6.7393,11.8422,-2.4258,4.5954
600726.SH,20170826,20170630,9.7641,-50.4933,-9.9304,2.6066
600791.SH,20170826,20170630,-75.6908,-109.0418,356.929,0.2126
600705.SH,20170828,20170630,42.3087,28.2034,-428.5349,5.4578
600706.SH,20170825,20170630,4.0048,-24.7445,22.2265,5.4803
600714.SH,20170826,20170630,-46.4554,97.3636,24.4071,1.29
600797.SH,20170829,20170630,-28.2225,216.1173,-18.3697,0.4551
600682.SH,20170831,20170630,22.5048,293.3698,3.5753,1.8163
600729.SH,20170825,20170630,-0.2365,63.2689,8.6095,9.4439
600728.SH,20170829,20170630,58.216,69.1566,-14.7748,0.3141
600683.SH,20170825,20170630,431.1281,2853.7636,-7.8521,-0.6245
600707.SH,20170830,20170630,19.6621,55.8967,-25.3595,-8.4092
600708.SH,20170830,20170630,56.3121,111.7939,26.8614,3.4495
600730.SH,20170831,20170630,1038.4973,675.3367,-32.5624,1.9449
600685.SH,20170831,20170630,-9.7671,-29.0683,-27.2142,-0.1791
600783.SH,20170831,20170630,13.5638,-35.7875,-108.8388,4.7499
600715.SH,20170829,20170630,30.3125,102.6325,37.808,5.9828
600694.SH,20170829,20170630,-3.1428,-12.5333,5.9435,7.2067
600695.SH,20170829,20170630,-35.395,-260.4358,-225.0765,-3.8549
600787.SH,20170831,20170630,100.1308,-62.1129,4.6202,0.96
600789.SH,20170826,20170630,8.3423,117.6635,11.858,1.3793
600686.SH,20170830,20170630,-31.2016,-15.1563,-17.487,-2.2698
600718.SH,20170831,20170630,-17.958,41.209,14.6765,0.9073
600697.SH,20170826,20170630,1.9717,0.6186,10.219,4.5379
600690.SH,20170828,20170630,50.0362,56.4461,6.4865,13.5613
600835.SH,20170830,20170630,5.8719,-25.0882,12.2683,6.5712
600647.SH,20170826,20170630,-74.5133,-98.5229,-502.8433,3.6639
600648.SH,20170830,20170630,-28.5371,-46.2766,32.7716,2.5277
600837.SH,20170830,20170630,-6.935,-28.9552,208.8614,3.2573
600658.SH,20170830,20170630,-46.2328,-45.5444,-109.1415,0.8667
600838.SH,20170830,20170630,12.948,-77.5704,-27.5134,4.0784
600649.SH,20170831,20170630,-75.7688,-61.7672,-215.4015,1.521
600843.SH,20170831,20170630,11.2502,11.2584,-2.3224,5.6903
600662.SH,20170831,20170630,-7.5659,-81.3233,13.3257,0.8818
600847.SH,20170830,20170630,59.7193,100.1266,30.6894,-0.6469
600848.SH,20170829,20170630,29.7433,58.6062,21.4718,3.3614
600652.SH,20170831,20170630,-36.8958,84.3338,15.2946,1.9124
600666.SH,20170825,20170630,40.0592,-21.8219,23.9277,1.2088
600844.SH,20170826,20170630,35.8903,109.96,37.3249,2.0175
600668.SH,20170829,20170630,21.2073,64.2759,14.2516,9.4571
600653.SH,20170831,20170630,-53.6106,-1604.6632,-4.0928,-8.6247
600654.SH,20170825,20170630,19.3614,-121.7274,0.6702,-3.0524
600677.SH,20170826,20170630,-39.7193,-12044.5155,-19.6258,-2.6677
600734.SH,20170831,20170630,68.3871,0.3438,-15.8835,1.8433
600679.SH,20170826,20170630,177.5164,185.9792,9.244,2.3548
600821.SH,20170826,20170630,-27.9759,-52019.2812,-30.6174,-17.1175
600834.SH,20170830,20170630,0.1896,28.9971,-59.6514,2.8977
600833.SH,20170831,20170630,3.3309,-3.4691,4.8223,3.3504
600735.SH,20170830,20170630,2.2717,29.5036,4.7142,4.2787
600657.SH,20170830,20170630,200.4365,35.6878,75.9473,1.9746
600822.SH,20170829,20170630,-71.688,110.5486,20.0521,2.5757
600645.SH,20170831,20170630,4.215,-186.979,7.9399,-0.5844
600856.SH,20170829,20170630,215.8222,-13.1697,27.5675,10.4014
600862.SH,20170825,20170630,28.8303,367.7196,-6.2042,5.6853
600886.SH,20170831,20170630,1.5046,46.8502,53.9854,4.3172
600887.SH,20170831,20170630,19.6258,-1.6464,19.0993,13.6073
002358.SZ,20170829,20170630,5.3291,59.198,21.5686,4.2934
601800.SH,20170830,20170630,6.4809,-6.7794,10.8161,4.0615
600863.SH,20170825,20170630,12.5369,13.577,38.1875,-0.2257
600893.SH,20170829,20170630,3.3391,33.0658,-53.3508,0.4945
002520.SZ,20170825,20170630,15.1912,76.8835,21.7824,1.7353
600866.SH,20170826,20170630,-2.3019,-353.5491,24.4066,-4.3485
600881.SH,20170826,20170630,7.1178,27.5886,-10.398,0.5147
600882.SH,20170831,20170630,211.7172,-36.8379,-19.4795,-1.0512
600894.SH,20170830,20170630,7.0538,-30.5432,6.8707,3.4907
601010.SH,20170830,20170630,7.3539,-15.1948,4.806,4.0488
600869.SH,20170825,20170630,48.9332,-20.8122,-11.3163,1.4681
300602.SZ,20170829,20170630,27.7906,-23.5344,-2.5907,4.8727
600870.SH,20170830,20170630,-99.1908,-17427.441,-715.5204,-12.8704
600896.SH,20170825,20170630,-93.1465,101.3744,67.4974,-2.5375
600897.SH,20170831,20170630,12.6898,7.3258,60.1709,6.6794
600858.SH,20170826,20170630,-0.1189,142.7445,11.9187,1.3098
600872.SH,20170826,20170630,11.2542,24.2623,17.5293,7.1963
600875.SH,20170831,20170630,0.664,164.7644,-3.1451,1.5656
601607.SH,20170829,20170630,7.3297,9.8078,2.7053,5.5215
600876.SH,20170830,20170630,15.5927,100.0751,9.0134,-3.4798
600850.SH,20170826,20170630,10.7697,7.521,-4.2216,7.8016
600853.SH,20170831,20170630,49.1293,81.4405,-20.0454,1.8158
600859.SH,20170826,20170630,13.7801,41.1352,6.0708,4.4942
600877.SH,20170831,20170630,2.3272,513.5263,46.2721,
600854.SH,20170830,20170630,147.2713,1001.6155,37.3012,4.0538
600861.SH,20170826,20170630,-13.8567,1.4132,-12.5946,1.9908
600879.SH,20170825,20170630,18.9201,26.5148,-13.8658,1.8953
600410.SH,20170829,20170630,37.3828,492.3968,23.7045,0.9089
002021.SZ,20170829,20170630,30.9186,10.2688,18.8831,-4.218
600272.SH,20170825,20170630,7.2792,45.1096,13.2217,1.5096
600985.SH,20170830,20170630,10.4104,-7.5274,22.0767,3.4086
600421.SH,20170826,20170630,10.4207,-74.7188,-1.487,-13.1231
002042.SZ,20170825,20170630,24.749,37.0012,-9.9155,6.0937
600320.SH,20170830,20170630,-10.7792,-16.3249,-8.3715,0.7286
600555.SH,20170830,20170630,99.3404,-298.8167,1001.5622,-6.4609
300605.SZ,20170828,20170630,17.2002,16.5588,-19.9138,3.8812
603269.SH,20170825,20170630,11.867,13.271,11.879,2.4226
603069.SH,20170825,20170630,3.2209,25.9937,30.7338,3.1336
002004.SZ,20170826,20170630,24.1772,-22.0063,-25.3185,3.2587
600483.SH,20170830,20170630,-15.8506,-65.066,17.5982,2.521
601000.SH,20170826,20170630,-13.4677,10.0755,27.3122,5.3121
600405.SH,20170825,20170630,-12.3539,-169.2947,-31.8836,-3.0668
601003.SH,20170829,20170630,63.7743,203.5859,26.2966,8.0117
002065.SZ,20170830,20170630,11.1022,-4.3896,8.9964,2.8407
002570.SZ,20170830,20170630,-3.4906,-38.2202,-82.612,-14.0719
600325.SH,20170831,20170630,-31.4882,-61.5582,62.5977,4.4631
600018.SH,20170830,20170630,4.9967,31.4392,27.8921,4.0019
300627.SZ,20170825,20170630,51.6986,79.7597,8.2193,5.4336
600997.SH,20170831,20170630,97.5763,104.979,9.0297,2.7897
600295.SH,20170831,20170630,38.6662,161.8892,-4.3332,2.1361
600978.SH,20170825,20170630,41.5536,20.3698,36.0733,6.1448
600027.SH,20170831,20170630,38.0779,-127.392,20.9198,-0.7516
600965.SH,20170829,20170630,-5.4501,-7.7346,7.8013,3.6424
603822.SH,20170829,20170630,81.6793,-0.9691,-2.9754,2.4212
603316.SH,20170829,20170630,11.753,-2.039,-13.2619,5.6385
601988.SH,20170831,20170630,-14.4777,22.8855,199.2643,7.1055
300687.SZ,20170829,20170630,25.3076,46.3956,22.5933,12.4841
300560.SZ,20170829,20170630,10.8227,11.5268,3.9362,5.0722
002022.SZ,20170826,20170630,11.7685,0.3944,-6.3349,6.3952
601901.SH,20170825,20170630,-35.8619,-67.854,539.9992,2.3057
601390.SH,20170831,20170630,14.1103,59.4753,-5.25,5.269
300434.SZ,20170829,20170630,122.6752,106.0041,59.7643,1.3295
601166.SH,20170830,20170630,-15.9988,7.5395,14.0222,8.2532
601872.SH,20170830,20170630,-0.1032,-81.3561,61.768,3.2192
002104.SZ,20170825,20170630,56.2215,76.5449,-57.1234,4.9843
601857.SH,20170825,20170630,24.8845,-51.2715,14.8948,1.282
002448.SZ,20170825,20170630,52.7823,44.4287,20.5159,5.4501
002095.SZ,20170825,20170630,10.0794,7.1248,40.9908,1.6609
002300.SZ,20170825,20170630,12.8438,-43.1953,-4.0956,1.7132
603808.SH,20170829,20170630,100.6284,149.7938,18.3895,7.0815
601377.SH,20170829,20170630,16.6038,3.199,-271.9184,3.9103
300175.SZ,20170826,20170630,-36.1735,-203.5849,19.5817,-2.2238
300151.SZ,20170829,20170630,-1.5231,-29.9399,24.503,1.0661
601555.SH,20170830,20170630,33.4571,-57.0813,-346.7641,2.074
601211.SH,20170826,20170630,-2.2534,-17.1011,19.474,3.9025
603331.SH,20170828,20170630,29.2189,19.7972,-1.4826,7.0748
002888.SZ,20170829,20170630,9.6853,0.4094,-19.5483,5.4392
603903.SH,20170826,20170630,-3.8507,-30.425,-8.1528,2.3257
603906.SH,20170830,20170630,20.25,-30.3481,-0.426,5.6991
603611.SH,20170829,20170630,63.6529,-8.5105,2.9605,3.4616
300006.SZ,20170825,20170630,42.1288,64.9336,-0.5544,2.3167
002082.SZ,20170830,20170630,65.187,-22.7908,1.0576,2.0105
002727.SZ,20170829,20170630,24.7525,31.3345,2.6931,8.4004
601218.SH,20170828,20170630,-17.44,-50.6075,16.6331,1.2514
002057.SZ,20170828,20170630,30.365,70.7689,-1.3518,0.8893
300072.SZ,20170826,20170630,61.2186,29.0896,-17.5696,17.5362
300388.SZ,20170825,20170630,58.0999,18.0491,-57.1126,3.6776
603799.SH,20170826,20170630,83.3531,11596.096,-22.3866,14.2764
002375.SZ,20170828,20170630,14.9888,90.9081,12.1131,2.393
300015.SZ,20170826,20170630,38.6265,33.9345,18.633,12.4373
002718.SZ,20170830,20170630,32.7647,2.0779,27.9567,5.5839
601098.SH,20170826,20170630,-1.9871,3.8482,37.508,6.892
601117.SH,20170829,20170630,4.7792,16.5247,2.7942,2.9998
002381.SZ,20170830,20170630,-12.2597,85.0101,7.3991,0.5599
603098.SH,20170829,20170630,-3.1052,0.0173,-10.2062,4.9033
601888.SH,20170830,20170630,34.8524,41.9298,18.7928,10.1026
601877.SH,20170831,20170630,4.2148,29.4002,14.6597,7.4046
300008.SZ,20170828,20170630,-34.1556,-38.0475,25.8961,3.1193
601002.SH,20170829,20170630,29.0558,159.8082,-4.7902,3.4662
603222.SH,20170830,20170630,43.3545,88.3381,13.8885,2.6614
002403.SZ,20170830,20170630,22.3579,13.4895,-1.3777,3.4183
300323.SZ,20170825,20170630,84.272,101.6398,-9.7442,3.5986
603877.SH,20170829,20170630,14.1997,-56.7115,-10.6532,0.3537
002368.SZ,20170825,20170630,5.6721,80.2564,-37.6618,0.2845
300023.SZ,20170825,20170630,13.0717,28.6934,-122.6828,3.2699
601208.SH,20170826,20170630,-0.9069,65.808,-3.6412,1.1547
300226.SZ,20170829,20170630,70.123,77.3469,-0.9469,4.1082
002436.SZ,20170830,20170630,7.9275,36.4129,12.9948,3.9312
300022.SZ,20170829,20170630,3.9362,-176.0757,-0.251,-7.7456
601012.SH,20170830,20170630,-14.8485,33.9958,25.9831,11.6062
603987.SH,20170830,20170630,17.8983,18.1596,14.0899,4.3359
300119.SZ,20170825,20170630,2.1806,-8.0548,1.4769,2.3778
603633.SH,20170830,20170630,-9.8605,-18.2257,32.3442,3.0929
603077.SH,20170831,20170630,40.8243,21.547,-13.8595,2.2354
002749.SZ,20170830,20170630,11.3607,20.7565,45.7408,14.4418
002324.SZ,20170830,20170630,1.1225,-21.9673,17.3394,3.9078
300542.SZ,20170829,20170630,45.5699,33.7185,-30.7521,1.2867
002497.SZ,20170825,20170630,47.6754,62.3343,13.9376,4.7845
002540.SZ,20170829,20170630,33.0646,-18.1026,3.5981,4.7553
300659.SZ,20170828,20170630,8.8196,15.3656,-0.5086,1.2493
601789.SH,20170825,20170630,12.8516,16.6483,13.8425,3.1237
002559.SZ,20170828,20170630,13.3081,7.3508,4.3411,2.7602
601558.SH,20170830,20170630,-69.7379,327.4687,286.4428,-16.6384
300135.SZ,20170826,20170630,-21.0919,-6.0132,6.8485,-1.6345
002409.SZ,20170826,20170630,19.8762,46.8028,9.6227,2.4629
603787.SH,20170825,20170630,39.5129,-23.5421,-17.6861,3.044
603585.SH,20170825,20170630,5.4885,33.6419,20.7787,8.18
002622.SZ,20170830,20170630,303.3833,561.3273,-95.4143,1.307
300382.SZ,20170829,20170630,16.3012,8.4447,47.6829,3.8946
300178.SZ,20170829,20170630,175.496,214.5603,30.5424,5.2991
300076.SZ,20170829,20170630,-9.0011,-92.0948,23.1149,-1.9404
300192.SZ,20170829,20170630,0.3242,-90.5094,8.2252,0.9822
300389.SZ,20170826,20170630,9.2356,-43.2232,7.5973,2.743
002750.SZ,20170825,20170630,47.7749,-46.8781,32.8271,2.844
002364.SZ,20170825,20170630,-3.1102,-48.1125,-12.6005,2.3397
300331.SZ,20170825,20170630,176.9354,2936.6034,2.0891,2.0893
002248.SZ,20170825,20170630,21.8183,-94.3095,3.4114,-14.5734
002152.SZ,20170826,20170630,-18.3979,50.8364,-4.6272,1.4029
300338.SZ,20170828,20170630,219.038,1496.9064,23.4829,3.8126
601996.SH,20170831,20170630,11.3675,62.315,34.9188,3.5176
300127.SZ,20170825,20170630,13.1749,167.6321,33.1347,5.0804
002312.SZ,20170829,20170630,-3.0282,-44.6915,-30.2624,-4.4044
300408.SZ,20170829,20170630,-19.9448,-29.1084,29.2202,7.1319
300111.SZ,20170829,20170630,17.4186,11.8579,30.1003,0.6008
601007.SH,20170829,20170630,9.7682,424.3084,19.304,2.806
002480.SZ,20170825,20170630,-45.4145,-713.341,-9.2849,-3.4067
300028.SZ,20170829,20170630,-89.9002,-336.7573,45.83,-7.0225
300021.SZ,20170826,20170630,-9.1871,-13.3286,9.3582,2.0245
002605.SZ,20170829,20170630,-29.4374,-49.3622,-16.2817,1.7547
002129.SZ,20170825,20170630,25.494,14.8823,11.4516,2.5233
002509.SZ,20170829,20170630,62.3268,104.0321,-21.5587,4.984
300168.SZ,20170830,20170630,38.2984,25.1797,-24.0703,1.3916
000544.SZ,20170819,20170630,14.7185,65.9984,131.2415,2.3843
002131.SZ,20170831,20170630,47.6417,21.4779,6.5389,3.9354
603058.SH,20170825,20170630,-41.8039,-39.9204,21.7557,5.2096
002423.SZ,20170825,20170630,19.3112,-121.6809,-4.8102,-5.7479
300147.SZ,20170826,20170630,31.5557,20.1501,-1.8047,0.7596
300543.SZ,20170829,20170630,22.3164,39.8065,14.7114,5.7908
603801.SH,20170825,20170630,40.886,21.3394,39.2738,5.8456
002410.SZ,20170825,20170630,8.4259,35.9235,7.233,4.6738
300651.SZ,20170825,20170630,-26.9339,-32.1962,-17.719,2.0059
300302.SZ,20170828,20170630,-53.3223,-99.6486,-62.9949,0.9973
300011.SZ,20170829,20170630,41.1134,-63.4259,38.8222,0.3578
002698.SZ,20170829,20170630,10.8065,42.0036,-13.4544,1.9985
002666.SZ,20170830,20170630,37.5423,-24.4523,-14.3694,1.8879
002437.SZ,20170826,20170630,-10.1145,-48.1346,36.2834,5.4471
300117.SZ,20170828,20170630,81.1743,-48.3244,8.5067,4.1039
300196.SZ,20170830,20170630,10.3695,-41.6818,17.4071,3.9037
002638.SZ,20170830,20170630,211.994,617.1575,-21.3202,1.5262
300344.SZ,20170829,20170630,680.0849,60.9632,-8.5897,-1.8838
601811.SH,20170830,20170630,18.9417,75.8545,6.7533,4.3947
002819.SZ,20170830,20170630,8.1093,-11.9966,-18.2581,1.5941
002715.SZ,20170830,20170630,20.8688,-1277.8224,-18.6878,0.2537
300189.SZ,20170830,20170630,23.2385,-82.3743,120.954,0.1323
300073.SZ,20170829,20170630,60.6939,503.0729,-14.2094,3.4879
300260.SZ,20170829,20170630,53.2784,723.8357,3.778,1.7533
300306.SZ,20170829,20170630,177.0096,68.6373,11.9301,3.2186
300267.SZ,20170830,20170630,3.2766,-43.2993,47.4119,7.4817
300682.SZ,20170830,20170630,-15.9484,103.8557,-18.4712,-2.5675
601028.SH,20170826,20170630,-9.3273,-338.9824,39.796,-0.1037
603123.SH,20170826,20170630,-5.8462,99.9869,-0.3504,1.9735
601908.SH,20170829,20170630,-4.9376,36.2216,61.4815,2.5586
300187.SZ,20170826,20170630,-18.0857,-16.5266,40.5939,3.0319
300093.SZ,20170829,20170630,69.9239,3501.3339,21.8996,1.0457
002845.SZ,20170831,20170630,44.4986,221.7328,1.2574,10.0125
002434.SZ,20170825,20170630,43.2947,171.1235,-12.3608,6.0423
002281.SZ,20170825,20170630,12.9557,-4.8671,4.4636,5.8453
300004.SZ,20170826,20170630,7.9587,1299.6499,-29.6739,-1.2465
002227.SZ,20170830,20170630,8.0038,1066.3494,-28.5474,0.0866
002447.SZ,20170831,20170630,79.4243,161.6418,14.2117,1.1108
601918.SH,20170825,20170630,36.69,-147.7516,33.2442,4.7823
002334.SZ,20170830,20170630,65.4726,252.8323,5.4294,3.6688
002284.SZ,20170829,20170630,10.3601,-61.9043,9.4808,2.3143
002239.SZ,20170826,20170630,3.5109,4.7645,8.2258,3.6572
002179.SZ,20170831,20170630,4.5403,11.7277,19.8959,9.5336
002156.SZ,20170826,20170630,32.749,-8.7733,8.6615,0.932
300069.SZ,20170829,20170630,-3.3773,-61.0045,-1.8955,1.9409
601566.SH,20170830,20170630,19.0814,-5.7784,-2.801,5.0524
002177.SZ,20170830,20170630,-53.2579,-96.8913,-30.0265,0.3195
002435.SZ,20170828,20170630,4.2488,74.9206,18.6667,2.9437
603578.SH,20170825,20170630,8.2394,13.918,-12.4212,8.2546
603993.SH,20170828,20170630,432.6358,-35.839,34.9799,6.1907
002433.SZ,20170830,20170630,8.7155,32.0572,-3.695,2.3755
603896.SH,20170825,20170630,24.471,9.0276,23.558,5.9659
002229.SZ,20170825,20170630,-23.8402,44.0013,6.4024,-1.1542
300465.SZ,20170829,20170630,10.6069,590.8114,-17.9303,0.1732
002266.SZ,20170829,20170630,-25.5708,6.7979,-25.7853,1.5358
601139.SH,20170831,20170630,22.8164,6.0845,25.7226,7.1316
002304.SZ,20170829,20170630,17.6484,20.4071,-7.4593,14.0581
002155.SZ,20170829,20170630,76.2905,75.2593,3.8625,4.0534
300040.SZ,20170826,20170630,235.0343,305.7091,-33.4412,3.9459
601999.SH,20170825,20170630,-0.7143,-7.5206,11.2947,1.0009
002189.SZ,20170825,20170630,18.0346,2.686,21.3944,1.5681
601216.SH,20170825,20170630,30.1607,14.3699,13.5807,6.5053
002254.SZ,20170830,20170630,1.3324,135.0773,23.1235,2.7649
300585.SZ,20170829,20170630,42.8361,10.5738,26.0377,6.9717
300061.SZ,20170829,20170630,135.5978,202.8906,11.4143,2.6611
002163.SZ,20170828,20170630,-1.2503,-818.5581,6.0772,-5.8146
002397.SZ,20170826,20170630,53.4854,45.3747,-23.1035,4.7723
300084.SZ,20170826,20170630,1.1436,-52.5358,20.4119,0.1162
601126.SH,20170831,20170630,-3.8114,-22.407,2.6509,0.4067
002444.SZ,20170825,20170630,4.7532,8.5612,5.0459,4.182
002251.SZ,20170829,20170630,15.1124,18.9356,7.7221,3.2517
002492.SZ,20170830,20170630,0.6762,30.5134,79.6909,2.7622
002209.SZ,20170825,20170630,18.8897,24.0683,0.4638,-2.5746
002273.SZ,20170829,20170630,40.6879,40.709,26.1969,4.7068
002544.SZ,20170826,20170630,12.5566,84.7217,-31.0133,1.1093
300424.SZ,20170825,20170630,8.5845,4.3686,-25.8036,1.9932
300616.SZ,20170829,20170630,31.9556,25.6158,27.7192,3.7686
603355.SH,20170826,20170630,30.5109,-28.3626,3.9753,6.9452
300652.SZ,20170828,20170630,15.3373,-1.8521,1.2315,7.8074
603012.SH,20170829,20170630,30.0795,16.2212,7.7242,2.7906
300263.SZ,20170829,20170630,3.3807,-7.4964,-16.8476,0.7846
300132.SZ,20170826,20170630,44.6602,214.5489,6.0577,6.9517
002157.SZ,20170831,20170630,-5.7017,-60.3339,-1.5427,4.6036
002539.SZ,20170829,20170630,8.0794,-97.4679,-6.8319,1.8934
300413.SZ,20170828,20170630,-25.363,-34.1936,-11.607,0.5162
002214.SZ,20170825,20170630,-17.8688,0.1627,-3.7793,0.634
603689.SH,20170829,20170630,29.3347,86.809,14.9534,4.1411
300452.SZ,20170825,20170630,7.4779,-8.3578,22.2106,5.0098
002693.SZ,20170828,20170630,-1.0005,-3.397,-235.1664,-3.2657
601179.SH,20170831,20170630,19.0957,25.3662,15.8128,2.943
002228.SZ,20170830,20170630,65.2093,41.039,-10.3172,3.9409
601985.SH,20170825,20170630,11.0011,-10.5654,58.2433,6.1808
002192.SZ,20170829,20170630,-6.7276,-10.9,20.9828,-0.4762
300213.SZ,20170825,20170630,-51.1188,-27.6617,-11.6482,1.1223
603020.SH,20170830,20170630,5.9403,-1.0893,-3.5859,4.8078
002763.SZ,20170829,20170630,11.7528,63.5678,31.7121,10.4399
601801.SH,20170831,20170630,15.9196,-12.8526,-0.2175,4.4213
600917.SH,20170830,20170630,6.335,-15.4986,16.3567,4.8669
601718.SH,20170829,20170630,6.0834,-30.857,-8.9954,0.0428
002614.SZ,20170829,20170630,25.9884,50.6126,-1.1537,2.961
002319.SZ,20170828,20170630,29.2757,253.5031,13.958,0.8077
002589.SZ,20170828,20170630,47.3259,68.5724,-6.6799,7.1023
002753.SZ,20170825,20170630,76.7091,382.2145,13.9671,9.6065
300057.SZ,20170829,20170630,43.4275,270.1482,13.0108,1.5647
300032.SZ,20170826,20170630,4.5052,454.7818,5.3305,1.6733
601966.SH,20170829,20170630,33.854,-37.0321,-7.6668,5.1914
300216.SZ,20170829,20170630,219.5515,1245.2704,122.3386,2.1535
300058.SZ,20170829,20170630,28.8106,-9.3536,-1.5431,2.9705
603022.SH,20170829,20170630,28.2035,-3.6635,-16.1109,1.819
601163.SH,20170825,20170630,10.4871,-49.2439,21.2199,2.7135
601608.SH,20170825,20170630,22.4922,46.6267,6.2926,-0.2489
300062.SZ,20170826,20170630,-35.4208,-68.728,-32.8663,0.8089
603167.SH,20170829,20170630,24.9819,73.005,31.8322,4.8854
002734.SZ,20170830,20170630,11.7256,-5.305,42.4701,5.0105
300065.SZ,20170826,20170630,24.7218,49.9204,-3.7574,2.9037
300219.SZ,20170829,20170630,68.6221,31.081,-5.034,5.7023
300048.SZ,20170829,20170630,-2.0027,-21.7338,18.9568,1.5458
603998.SH,20170825,20170630,56.8036,29.3157,-8.7475,4.534
002555.SZ,20170831,20170630,17.7182,51.959,31.3649,14.1258
603387.SH,20170830,20170630,,,40.5775,23.5648
603042.SH,20170831,20170630,,,-21.9437,6.1695
002286.SZ,20170826,20170630,21.8673,29.4154,-5.0733,2.0043
002569.SZ,20170829,20170630,-3.8965,10.7887,-15.6255,-6.0659
300469.SZ,20170829,20170630,14.5073,11.1793,-35.2811,-2.0097
002289.SZ,20170825,20170630,-68.481,88.3122,258.1546,-7.3658
300230.SZ,20170829,20170630,80.3802,120.3277,11.1354,5.5514
300123.SZ,20170829,20170630,-27.9228,-16.8122,-18.8925,0.3771
300071.SZ,20170825,20170630,-6.6957,-66.3948,2.2887,1.439
300593.SZ,20170828,20170630,8.381,10.4841,2.797,2.6607
002374.SZ,20170828,20170630,31.0732,80.6847,-31.5707,1.7717
300554.SZ,20170825,20170630,25.3255,25.5292,70.5846,5.7857
601989.SH,20170830,20170630,-37.8254,-37.9936,17.8977,0.0234
002495.SZ,20170828,20170630,-6.9774,-8.0582,33.2361,1.5202
002487.SZ,20170828,20170630,0.5731,-78.3881,-12.1437,0.0407
002325.SZ,20170825,20170630,66.8745,23.54,-5.8389,2.84
300063.SZ,20170829,20170630,19.4258,14.5271,8.8889,3.2522
002461.SZ,20170826,20170630,9.933,54.8469,27.5606,0.5836
300136.SZ,20170829,20170630,71.4356,118.6006,11.5446,14.662
300253.SZ,20170826,20170630,10.4752,-84.5087,-36.557,3.5906
002688.SZ,20170825,20170630,-13.1798,-18.0937,-3.3698,4.9101
002599.SZ,20170825,20170630,45.693,123.7878,7.2371,1.8866
002291.SZ,20170828,20170630,15.5988,-1.3907,5.3452,1.1463
002516.SZ,20170825,20170630,-8.2196,16.8766,29.9542,4.6446
600919.SH,20170830,20170630,4.4161,9.1203,-192.6812,7.2866
300025.SZ,20170826,20170630,1.1122,-3.0539,-2.4073,2.492
300509.SZ,20170829,20170630,14.1363,16.6163,-1.483,3.4358
601188.SH,20170825,20170630,-2.3221,14.5641,163.9334,4.6681
300325.SZ,20170829,20170630,5.2157,-99.8496,49.713,0.4672
002586.SZ,20170829,20170630,41.178,148.6934,-10.2306,0.5115
300030.SZ,20170826,20170630,5.7082,-1.2232,18.8562,0.8912
300049.SZ,20170829,20170630,12.3102,-12.385,12.7065,2.7439
603359.SH,20170831,20170630,-15.9975,-23.0641,21.531,7.9451
300232.SZ,20170829,20170630,68.6493,91.0027,-13.1898,7.9916
300662.SZ,20170826,20170630,32.891,-0.2382,11.3221,6.939
002346.SZ,20170825,20170630,-26.3918,-66.2596,42.5153,0.9608
603569.SH,20170829,20170630,28.1602,17.6239,0.7067,6.9383
002333.SZ,20170826,20170630,-5.065,-96.3149,17.4221,-2.0334
300108.SZ,20170828,20170630,17.6504,36.2672,58.638,2.4657
300087.SZ,20170826,20170630,20.8101,-36.082,-11.6465,-1.6901
601515.SH,20170829,20170630,39.8608,37.3755,44.8635,9.2126
300540.SZ,20170829,20170630,-22.9537,-63.2464,-12.0407,0.2587
603126.SH,20170828,20170630,-1.125,19.5754,4.8135,3.5621
002824.SZ,20170825,20170630,-4.9393,-23.7179,4.7211,5.5661
002454.SZ,20170825,20170630,-1.9401,-27.5814,-8.5821,3.4059
002379.SZ,20170829,20170630,65.5061,-53.3618,-17.8845,2.3316
002630.SZ,20170825,20170630,45.8786,-22.5255,60.2714,1.9962
002486.SZ,20170829,20170630,48.9579,88.05,21.122,-3.2222
603618.SH,20170829,20170630,5.454,-47.6191,-30.9035,2.4201
603233.SH,20170829,20170630,18.833,28.1053,6.5356,17.3995
300635.SZ,20170825,20170630,19.0896,7.599,-19.525,4.727
603777.SH,20170830,20170630,7.1915,-24.8232,-8.1217,4.0835
603729.SH,20170830,20170630,-10.5652,-85.4604,6.1525,0.426
002639.SZ,20170828,20170630,-12.5404,-52.5679,12.2552,0.0248
603800.SH,20170826,20170630,75.1946,142.6041,-10.6911,0.5696
002420.SZ,20170829,20170630,19.6308,59.5233,-37.3598,-4.9647
601018.SH,20170830,20170630,10.5558,21.4052,29.2418,3.8206
300289.SZ,20170826,20170630,8.3299,37.2066,38.1884,3.1792
300330.SZ,20170829,20170630,-11.5396,65.2442,-57.6375,-2.3404
601009.SH,20170825,20170630,-13.1053,18.2056,-294.3151,8.0772
002167.SZ,20170830,20170630,0.369,798.8634,4.0036,1.4565
002611.SZ,20170825,20170630,149.7298,281.2207,-1.0593,0.9725
002724.SZ,20170830,20170630,26.5844,118.3743,12.499,0.6462
300078.SZ,20170829,20170630,24.738,6.082,18.8202,3.2494
300141.SZ,20170829,20170630,16.0698,-186.5501,-23.9359,0.3879
300173.SZ,20170829,20170630,9.9839,34.835,10.5717,1.2164
603876.SH,20180123,20170630,,,-8.4323,3.9405
603959.SH,20170829,20170630,23.5962,-31.8379,-21.2605,2.3656
002729.SZ,20170829,20170630,15.8597,99.6354,5.4336,3.224
300456.SZ,20170829,20170630,205.6091,15.5783,24.1077,1.1687
603003.SH,20170825,20170630,38.2346,7604.5871,-8.7219,0.5966
002405.SZ,20170828,20170630,19.6548,57.385,6.4929,2.4393
002106.SZ,20170829,20170630,11.0696,-53.6197,-13.6017,1.5387
603888.SH,20170829,20170630,-1.9208,3.7132,20.0754,3.0826
300104.SZ,20170829,20170630,-73.7291,-548.9134,-101.3935,-5.4935
603883.SH,20170830,20170630,19.8204,18.5719,5.1163,9.6235
300494.SZ,20170829,20170630,19.2639,-47.3051,43.3811,4.3737
300462.SZ,20170828,20170630,24.0173,-27.792,5.3519,2.1311
300180.SZ,20170829,20170630,61.1927,108.3182,1.9545,2.1313
603788.SH,20170830,20170630,42.2271,59.4058,19.2023,12.5821
300429.SZ,20170829,20170630,87.9519,35.7073,12.7425,6.8399
300625.SZ,20170829,20170630,26.1825,34.3821,4.8559,4.9027
002560.SZ,20170825,20170630,9.4424,-87.1094,1.384,0.4428
601929.SH,20170828,20170630,-7.2262,47.1055,-1.1735,2.2264
002583.SZ,20170828,20170630,45.8711,70.5562,-12.1974,0.0476
300115.SZ,20170825,20170630,22.0616,-20.5501,-4.1001,8.2141
300153.SZ,20170829,20170630,43.7826,26.1008,-24.7104,1.5044
300154.SZ,20170829,20170630,37.7065,-0.1367,38.8594,3.1146
601111.SH,20170831,20170630,7.556,81.9397,27.8735,4.3457
603326.SH,20170828,20170630,27.9238,102.4386,32.7144,2.5671
300510.SZ,20170829,20170630,57.8342,134.2115,-5.9345,2.6181
300209.SZ,20170829,20170630,7.6406,-33.3026,11.4528,0.8784
603313.SH,20170826,20170630,38.6662,56.2658,1.2098,6.0069
300214.SZ,20170826,20170630,40.468,-3.4663,4.123,2.6122
300628.SZ,20170828,20170630,51.55,46.6568,33.1007,17.6746
300425.SZ,20170828,20170630,47.9776,39.0777,19.194,2.6777
300522.SZ,20170828,20170630,2.7469,1.5868,17.663,4.4854
300121.SZ,20170825,20170630,21.6023,6.6814,18.8578,11.659
603308.SH,20170830,20170630,17.1405,26.114,24.6689,1.8197
002811.SZ,20170828,20170630,-5.2317,-1.6047,-10.9724,2.9517
603999.SH,20170826,20170630,26.8804,3.0101,1.4472,1.7233
002411.SZ,20170826,20170630,-5.9011,15.1658,45.0952,2.8011
300140.SZ,20170825,20170630,124.9629,212.2979,-14.658,0.8351
002679.SZ,20170829,20170630,-50.9386,-308.1507,224.8852,-4.9737
002856.SZ,20170828,20170630,-20.6163,-18.742,-4.2204,4.8697
300386.SZ,20170826,20170630,11.3927,-27.3841,-16.3609,0.7497
603977.SH,20170826,20170630,-0.8898,-14.5778,44.2893,2.1429
002792.SZ,20170825,20170630,17.0995,4.6411,-9.779,3.9486
002739.SZ,20170829,20170630,21.89,21.1116,4.8781,7.7326
300527.SZ,20170829,20170630,9.4322,34.9844,0.6986,5.3084
603096.SH,20170831,20170630,23.3867,91.4107,36.8107,9.9024
002390.SZ,20170829,20170630,6.6749,8.9797,1.0218,2.1771
002532.SZ,20170830,20170630,15.3874,15.1245,16.6452,5.0431
300113.SZ,20170826,20170630,-10.278,-40.3441,44.9239,8.0982
002144.SZ,20170829,20170630,-9.7405,-27.1704,14.1648,2.7944
300675.SZ,20170829,20170630,-8.3099,-38.9236,-9.0221,0.823
300387.SZ,20170825,20170630,-5.8787,-20.2542,5.2528,6.0055
300191.SZ,20170826,20170630,76.5256,-632.6508,131.5775,-1.3936
300112.SZ,20170829,20170630,14.4113,-11.4274,10.9028,1.3402
002751.SZ,20170831,20170630,5.0702,8.4062,14.5565,1.6069
601113.SH,20170831,20170630,30.6084,-481.5624,-14.2,0.0034
603718.SH,20170826,20170630,-7.7945,26.3677,17.3495,4.5803
300278.SZ,20170829,20170630,66.6277,4.3958,26.8442,2.9807
002561.SZ,20170826,20170630,3.1308,-4.5497,4.5108,5.1261
002465.SZ,20170828,20170630,-7.3877,-28.6301,0.7934,0.7962
000682.SZ,20170817,20170630,6.309,5.5342,-3.2585,1.3406
002541.SZ,20170825,20170630,18.6993,7.3484,-21.2289,1.1485
603978.SH,20170829,20170630,43.5136,-37.6659,-7.4463,6.7215
002598.SZ,20170825,20170630,56.6908,26.2605,-6.1157,3.9213
603000.SH,20170831,20170630,0.9542,330.1827,23.1456,-1.2873
603958.SH,20170826,20170630,-9.4319,-71.2986,17.5392,1.9322
603183.SH,20170904,20170630,,,-5.5247,7.3011
603628.SH,20170829,20170630,16.1067,-12.06,-56.371,3.0803
601225.SH,20170826,20170630,106.8451,866.8717,18.4897,14.8336
603039.SH,20170825,20170630,52.5521,25.7583,26.5164,4.7978
601928.SH,20170826,20170630,2.39,-1.2157,30.1131,5.5547
603277.SH,20170908,20170630,16.403,2.0603,24.1891,15.576
603043.SH,20170830,20170630,,,44.8233,3.4353
603630.SH,20170829,20170630,-23.7336,-38.2905,-20.7329,3.603
300043.SZ,20170825,20170630,11.1073,-2.3951,4.1838,3.7072
300085.SZ,20170829,20170630,22.9072,-64.9149,1.1942,1.0472
300326.SZ,20170829,20170630,39.2828,38.2344,-13.7409,4.8947
002623.SZ,20170830,20170630,-6.3543,-96.78,11.3673,0.1695
002378.SZ,20170829,20170630,76.7126,230.3879,-23.4894,0.4552
601008.SH,20170826,20170630,9.4493,-603.1856,23.041,-0.81
603779.SH,20170829,20170630,0.3463,9.2778,-5.9688,3.4191
002634.SZ,20170825,20170630,21.6972,54.7238,22.6809,3.3687
603797.SH,20170829,20170630,-8.0796,6.1568,61.7222,3.2928
002558.SZ,20170825,20170630,7.8978,1.9979,64.4458,8.6955
300619.SZ,20170825,20170630,-0.2707,-27.2341,20.5776,5.6676
600998.SH,20170830,20170630,21.4405,260.1447,-5.906,3.3431
300632.SZ,20170829,20170630,69.1614,76.9939,-15.0278,6.3967
002354.SZ,20170830,20170630,131.1224,187.0835,43.7962,6.7661
300120.SZ,20170829,20170630,-15.1954,49.9797,-2.1965,2.0543
002475.SZ,20170825,20170630,63.9498,88.7444,2.113,5.0674
002505.SZ,20170828,20170630,229.0744,-2092.7065,7.9212,-2.3041
603232.SH,20170825,20170630,-11.4277,-43.0675,-22.544,2.1749
601900.SH,20170829,20170630,8.6758,39.3169,60.6905,4.6511
601058.SH,20170831,20170630,16.3999,-37.9739,2.8195,0.3358
300535.SZ,20170829,20170630,7.5339,-14.4843,-2.5431,3.4993
603698.SH,20170830,20170630,68.5454,83.666,20.6069,5.3435
603017.SH,20170829,20170630,19.1011,15.7836,-14.0607,4.4491
603768.SH,20170830,20170630,24.8512,-46.5371,-8.5799,4.418
300618.SZ,20170829,20170630,-5.8511,553.9925,-36.7289,22.639
300561.SZ,20170825,20170630,-29.9666,-28.5081,-33.0161,4.4447
603015.SH,20170829,20170630,39.591,28.1855,3.1952,3.531
603901.SH,20170830,20170630,27.4633,-20.8063,5.5557,4.1004
603050.SH,20170826,20170630,-4.3174,142.7884,-3.3688,2.1401
603099.SH,20170825,20170630,15.7637,-228.373,30.7853,-4.3878
603037.SH,20170825,20170630,33.8215,13.4113,41.766,11.4322
601500.SH,20170829,20170630,-12.6841,-44.729,-12.1722,2.2673
002671.SZ,20170829,20170630,-33.4483,-152.85,-55.6748,-1.9737
603383.SH,20170829,20170630,,,-6.9415,3.7328
603833.SH,20170829,20170630,44.8925,33.4333,33.053,8.8731
002546.SZ,20170826,20170630,-12.6324,13.113,38.8264,1.0185
603708.SH,20170829,20170630,3.8092,28.5679,1.9111,6.1782
002658.SZ,20170826,20170630,9.8747,16.3543,20.8896,2.6732
300525.SZ,20170825,20170630,86.697,245.332,-15.872,1.128
603090.SH,20170829,20170630,75.1824,-12.3903,16.1063,2.9761
603189.SH,20170826,20170630,35.0291,18.1886,66.3663,1.2171
300403.SZ,20170825,20170630,-3.9235,-1.9093,42.775,6.897
002835.SZ,20170825,20170630,-4.223,-41.5273,7.9941,2.4395
300499.SZ,20170825,20170630,30.9386,-20.6357,25.1362,1.2055
002636.SZ,20170830,20170630,15.2712,136.3552,8.4069,13.7586
601366.SH,20170828,20170630,4.1336,2.1002,13.5748,5.7661
300358.SZ,20170829,20170630,34.4885,49.1637,12.8594,3.6035
603843.SH,20170830,20170630,-38.8031,-18.8508,-1.2175,1.3562
603336.SH,20170829,20170630,-1.9017,17.2244,39.7764,4.1968
603299.SH,20170830,20170630,36.9435,6332.0583,18.4782,3.843
300363.SZ,20170826,20170630,-27.9331,-93.2181,52.7646,4.4141
603887.SH,20170829,20170630,40.5502,5.0843,-26.0407,5.7539
603322.SH,20170826,20170630,21.2868,-47.0743,-7.9262,-1.5808
300079.SZ,20170825,20170630,-3.3712,-80.2989,-4.2045,1.308
601858.SH,20170829,20170630,4.8497,9.6052,-193.6138,3.1243
300423.SZ,20170829,20170630,24.9983,5.3977,30.3479,2.2975
300518.SZ,20170829,20170630,-14.1178,-19.171,36.1379,4.0578
300676.SZ,20170830,20170630,7.9925,30.4873,18.9782,4.8011
300539.SZ,20170828,20170630,4.396,-13.7293,-8.6444,4.2069
300320.SZ,20170825,20170630,35.7739,73.8515,-8.8364,6.8621
002618.SZ,20170826,20170630,101.1862,19.9839,36.1429,0.453
603828.SH,20170829,20170630,45.7348,-173.7726,2.2589,1.9381
300466.SZ,20170828,20170630,77.7041,2.4794,-7.9463,0.6727
600936.SH,20170825,20170630,-6.5685,-20.7457,20.867,2.8661
002713.SZ,20170830,20170630,32.3139,4.8245,32.7375,-0.9647
300548.SZ,20170825,20170630,32.4238,45.7406,-13.4853,6.2071
002543.SZ,20170826,20170630,48.8101,-29.0763,6.3923,6.3414
603066.SH,20170831,20170630,22.5028,27.5829,14.3869,4.6299
300578.SZ,20170829,20170630,4.9161,-2.3244,19.2836,6.1321
603555.SH,20170830,20170630,64.1341,-37.8237,37.3287,3.9177
002616.SZ,20170830,20170630,-4.0525,-18.9228,10.5937,2.2461
300439.SZ,20170829,20170630,90.8079,8.1537,21.3194,5.8794
300530.SZ,20170825,20170630,7.0136,33.1384,19.3401,4.7322
300411.SZ,20170825,20170630,-10.2289,-26.235,-47.0131,2.5756
002862.SZ,20170825,20170630,21.075,19.6929,36.8912,3.8659
603825.SH,20170829,20170630,,,16.1632,4.9202
300596.SZ,20170828,20170630,48.2603,13.5029,-8.3561,8.4948
300572.SZ,20170826,20170630,36.2342,67.7055,27.8429,7.2836
603778.SH,20170829,20170630,10.5196,13.0297,22.4365,2.2139
002855.SZ,20170831,20170630,-45.0919,-46.2595,-53.4529,2.2378
002620.SZ,20170826,20170630,44.3345,32.1663,12.895,3.3977
300442.SZ,20170825,20170630,43.5138,13.2761,0.2927,0.1471
300251.SZ,20170825,20170630,55.4232,98.0796,-25.5518,5.1438
300486.SZ,20170829,20170630,122.0858,206.6934,11.3727,4.2248
300432.SZ,20170829,20170630,96.4193,116.761,13.1246,5.8262
603011.SH,20170825,20170630,3.0146,41.8139,22.827,1.4765
300488.SZ,20170829,20170630,57.0879,40.6081,27.5481,5.4824
300369.SZ,20170826,20170630,14.9737,-78.9428,-11.2076,-2.3217
300217.SZ,20170829,20170630,130.5973,85.9966,6.6591,1.4044
300287.SZ,20170825,20170630,0.8859,-5.7803,-2.1253,2.696
603699.SH,20170830,20170630,13.3178,-32.079,19.58,3.8327
603817.SH,20170830,20170630,9.9093,57.6672,39.0851,4.5298
300293.SZ,20170829,20170630,1876.6201,485.7035,-20.3616,1.3436
300280.SZ,20170829,20170630,-7.0705,-544.8286,-27.1877,-0.4094
603676.SH,20170829,20170630,,,42.4191,10.4776
002725.SZ,20170825,20170630,22.1686,-36.5263,-2.58,1.999
300283.SZ,20170825,20170630,47.2002,-66.639,10.6434,1.1825
603717.SH,20170830,20170630,-42.3135,-71.9227,-34.7244,4.3729
300351.SZ,20170825,20170630,77.2692,27.233,-2.2191,2.4413
300345.SZ,20170826,20170630,-5.1226,63374.3748,-51.12,-0.224
002575.SZ,20170830,20170630,-99.9493,-85.7512,41893.8206,-1.5839
300449.SZ,20170825,20170630,19.4607,-46.9101,-31.1244,0.0233
002761.SZ,20170825,20170630,2.3901,66.6497,19.2592,0.9043
300670.SZ,20170829,20170630,9.0765,24.2113,11.5297,4.9215
000791.SZ,20170824,20170630,22.2114,330.185,28.7494,-0.4858
300404.SZ,20170829,20170630,200.1939,284.229,5.0037,-0.0754
300301.SZ,20170829,20170630,9.774,-55.704,1.7326,0.001
300291.SZ,20170829,20170630,-15.7266,-98.5066,-41.2149,0.9853
603908.SH,20170829,20170630,30.1902,18.8555,15.3179,13.025
300316.SZ,20170829,20170630,80.8028,63.0956,3.3947,4.0184
300210.SZ,20170826,20170630,-1.295,-57.2834,-54.7131,1.8633
601258.SH,20170831,20170630,16.6755,659.2425,-25.1223,0.1712
300470.SZ,20170825,20170630,41.5216,32.7754,13.3172,4.8131
300592.SZ,20170828,20170630,9.7175,31.7496,5.4442,2.7797
002690.SZ,20170825,20170630,23.8513,24.6783,48.4169,6.3026
601611.SH,20170830,20170630,3.9669,1.5136,3.5469,2.7398
300426.SZ,20170829,20170630,6.0673,5.7903,-42.1713,4.8979
300384.SZ,20170829,20170630,115.5485,185.3989,-57.1365,4.7349
603027.SH,20170825,20170630,31.9642,52.5757,11.2566,7.7645
603031.SH,20170829,20170630,10.8657,-16.0577,-3.2685,3.0047
300155.SZ,20170829,20170630,0.9792,-70.1756,-9.952,-0.9032
603100.SH,20170826,20170630,4.5899,18.7218,-12.863,3.408
300427.SZ,20170829,20170630,-15.9266,5.2303,40.7156,2.2346
002867.SZ,20170830,20170630,30.5001,26.3981,18.2182,11.2175
603160.SH,20170828,20170630,33.8815,31.0783,16.709,16.5831
300422.SZ,20170829,20170630,87.6127,124.0036,12.4737,4.6806
603041.SH,20170825,20170630,8.8545,-31.1858,28.4833,5.0002
603268.SH,20170829,20170630,60.552,88.0261,10.9374,3.194
300658.SZ,20170828,20170630,22.1101,-26.1464,7.4324,8.759
002746.SZ,20170829,20170630,12.6458,-62.0254,22.1814,1.0911
601689.SH,20170826,20170630,33.3104,50.037,26.8509,7.1524
603399.SH,20170831,20170630,84.7142,2141.9305,-12.7222,0.2724
300176.SZ,20170829,20170630,51.9209,150.5114,30.7239,5.7763
300243.SZ,20170829,20170630,29.1187,190.4062,7.8852,2.1692
603108.SH,20170829,20170630,104.9532,92.117,-0.6401,4.3436
601968.SH,20170829,20170630,38.692,-144.8162,8.47,-1.884
002851.SZ,20170829,20170630,21.2939,2.9746,-0.8885,4.3833
300275.SZ,20170829,20170630,80.4572,184.5717,-20.3178,6.8369
300591.SZ,20170829,20170630,-26.0128,12.0768,-65.6861,3.6526
300458.SZ,20170829,20170630,12.9098,-66.4872,-20.681,-1.2059
603023.SH,20170825,20170630,-37.1551,-32.8185,40.4137,3.5866
300581.SZ,20170828,20170630,-13.8362,-11.1584,-32.4713,3.0057
300573.SZ,20170829,20170630,10.6695,-17.9253,-7.0255,5.2407
300453.SZ,20170826,20170630,35.9306,37.1811,25.127,3.1552
601890.SH,20170829,20170630,-18.7357,-37.2848,24.8225,0.7009
002606.SZ,20170830,20170630,-18.5581,-58.7092,-6.4296,3.9809
300417.SZ,20170829,20170630,2.6513,12.2902,28.8473,4.4853
300270.SZ,20170829,20170630,-9.4738,-52.9648,-1.5755,4.2671
002522.SZ,20170829,20170630,19.6794,-20.9169,-2.5841,2.2487
300352.SZ,20170829,20170630,27.87,1.1275,-16.2081,0.7966
603690.SH,20170825,20170630,49.413,37.9799,-24.0367,5.7296
002779.SZ,20170829,20170630,1.9745,-22.2524,38.1032,2.6088
603385.SH,20170828,20170630,25.9746,60.0929,5.4967,4.1886
603366.SH,20170826,20170630,41.2394,-34.5952,4.6906,0.4378
002656.SZ,20170830,20170630,33.6393,147.9705,-5.6208,0.075
300242.SZ,20170829,20170630,-14.699,-27.5513,9.7334,3.8407
300166.SZ,20170829,20170630,21.7138,52.3661,-25.7574,2.029
601619.SH,20170831,20170630,,,33.4286,4.2479
603726.SH,20170829,20170630,75.1051,29.4897,-1.2456,6.9963
300464.SZ,20170829,20170630,22.7396,-8.1038,1.4783,2.4427
603515.SH,20170825,20170630,32.3521,38.0752,24.2242,6.8398
603229.SH,20170830,20170630,60.1516,43.8681,9.2528,5.8525
300576.SZ,20170829,20170630,14.0128,2.1247,7.5494,4.7469
603315.SH,20170829,20170630,-47.5438,-50.4766,50.2407,1.1631
300516.SZ,20170825,20170630,-25.5408,-47.4063,-10.54,2.9151
603300.SH,20170830,20170630,64.6718,4.0055,13.7595,2.237
300256.SZ,20170826,20170630,6.2349,4.3025,-15.9592,0.7261
603878.SH,20170830,20170630,18.2334,-0.254,-12.7979,2.3466
002701.SZ,20170830,20170630,18.021,-17.0222,66.1929,6.4076
603421.SH,20170830,20170630,-5.8004,-41.8753,-2.2745,5.9519
002685.SZ,20170828,20170630,111.487,20.9333,1.7955,1.3494
300600.SZ,20170825,20170630,31.6356,11.2967,-33.9614,8.455
300622.SZ,20170829,20170630,9.4063,16.3003,7.5369,5.9007
002800.SZ,20170825,20170630,153.105,17.0701,3.8807,4.8677
601636.SH,20170825,20170630,4.358,144.0956,47.3088,8.0757
601011.SH,20170829,20170630,78.4491,229.7304,52.0862,1.2368
603859.SH,20170825,20170630,9.9964,-18.942,4.1682,0.6507
300332.SZ,20170826,20170630,28.4938,-63.3569,12.4605,0.2296
300252.SZ,20170829,20170630,16.962,-5.5564,-14.4775,4.9545
300298.SZ,20170829,20170630,58.788,473.6061,35.8707,6.8896
603060.SH,20170828,20170630,17.0585,11.7155,25.7663,6.0114
002585.SZ,20170829,20170630,21.2711,11.2055,36.1718,1.3342
603767.SH,20170830,20170630,8.2533,-17.6938,32.2383,3.9638
603337.SH,20170831,20170630,49.0966,31.1406,32.7567,9.0319
603029.SH,20170825,20170630,-39.5837,-172.5923,-23.1721,-1.5493
601882.SH,20170825,20170630,24.5205,29.4427,37.8518,3.2694
300355.SZ,20170825,20170630,153.472,169.8586,-23.4069,12.7078
300399.SZ,20170825,20170630,16.7067,-283.3227,8.8407,4.1114
603335.SH,20170828,20170630,,,12.1049,6.3753
603889.SH,20170826,20170630,22.2738,12.7531,18.3711,9.0965
300194.SZ,20170829,20170630,72.3378,71.659,20.8841,4.4487
300262.SZ,20170829,20170630,48.3442,42.2141,26.5542,5.8033
603218.SH,20170829,20170630,11.2287,-30.1618,15.0143,4.2669
300455.SZ,20170825,20170630,19.3904,43.6509,9.6563,3.1498
300255.SZ,20170826,20170630,-8.4688,1.7512,-16.9697,3.6501
300281.SZ,20170829,20170630,3.4852,18.9257,0.2228,3.4935
300299.SZ,20170829,20170630,-9.5517,-27.3079,0.6418,5.2058
300292.SZ,20170829,20170630,31.4966,-54.5559,0.3522,3.386
603918.SH,20170830,20170630,-0.3272,-17.1108,-12.604,0.2079
603789.SH,20170825,20170630,26.5827,40.8636,-10.1703,3.2406
601226.SH,20170830,20170630,43.7438,729.227,18.479,-1.4067
603030.SH,20170829,20170630,26.7287,-46.6226,-11.6565,1.4636
300360.SZ,20170829,20170630,-26.6283,-55.9598,15.1359,5.2532
603988.SH,20170830,20170630,22.0562,20.8239,29.5046,2.3974
300460.SZ,20170829,20170630,-8.0423,-49.5905,25.3642,0.2636
300639.SZ,20170829,20170630,18.9694,11.5319,16.9074,5.0135
002818.SZ,20170830,20170630,7.1136,26.3811,77.0776,8.5058
300565.SZ,20170829,20170630,-6.7868,42.031,10.1314,2.7276
002608.SZ,20170830,20170630,25.9169,400.9723,5.0556,5.351
300381.SZ,20170829,20170630,-8.611,-54.6911,27.1233,1.1389
603016.SH,20170829,20170630,8.765,-16.0651,20.4046,3.4305
603320.SH,20170825,20170630,,,-0.9867,5.5535
002691.SZ,20170828,20170630,95.1838,46.1285,-0.1012,0.6058
300359.SZ,20170825,20170630,2.6057,-150.1695,-35.2352,-0.8957
300246.SZ,20170825,20170630,20.483,38.2585,2.5252,6.4141
002762.SZ,20170829,20170630,5.6829,-6.5283,8.2118,3.4557
300655.SZ,20170828,20170630,,,6.0394,3.3584
603021.SH,20170825,20170630,-10.0322,-34.954,0.8808,1.3935
300553.SZ,20170825,20170630,0.1543,-26.3243,-14.7327,3.7947
002542.SZ,20170829,20170630,5.602,11.478,-4.1705,2.3282
603117.SH,20170829,20170630,16.2554,-3.3901,55.5011,1.8899
300512.SZ,20170828,20170630,5.6916,12.2059,33.3265,5.6556
300667.SZ,20170825,20170630,5.9874,-29.4526,-32.8968,2.0653
603600.SH,20170828,20170630,38.1107,44.56,10.422,9.1055
603986.SH,20170828,20170630,40.334,103.1555,30.1615,11.6388
603266.SH,20170826,20170630,4.1953,27.053,21.1214,6.2098
002552.SZ,20170828,20170630,15.4658,113.0532,22.2782,-1.9472
300677.SZ,20170825,20170630,,,18.5405,11.6568
603393.SH,20170825,20170630,10.9819,59.0553,13.9665,5.3218
300571.SZ,20170829,20170630,118.2195,79.9988,23.1346,17.1997
300550.SZ,20170829,20170630,-6.7242,-40.0411,-4.2811,2.2405
300348.SZ,20170829,20170630,52.551,615.9764,-26.0103,1.6755
300621.SZ,20170826,20170630,20.8627,14.1803,-15.616,6.4234
300665.SZ,20170828,20170630,12.0449,0.0966,-10.5147,2.6046
603197.SH,20170829,20170630,13.0304,42.8847,13.7686,9.6364
300529.SZ,20170829,20170630,34.3969,66.7096,61.1829,10.7252
300392.SZ,20170826,20170630,27.0396,3075.6963,-3.2252,0.8396
600061.SH,20170824,20170630,59.8504,-11.505,-938.4402,4.2639
000987.SZ,20170818,20170630,-1.4122,-52.5775,-520.7469,1.8894
600051.SH,20170815,20170630,70.3465,-5.1266,19.7624,0.6976
600059.SH,20170728,20170630,6.8721,60.9792,-1.7882,2.2711
600086.SH,20170805,20170630,-5.3702,-17.3277,-56.3824,6.4707
600071.SH,20170811,20170630,6.1221,31.1497,-16.3794,-5.709
600103.SH,20170822,20170630,6.1424,56.2502,2.2434,1.3246
600105.SH,20170818,20170630,-11.5075,11.2759,-34.5902,5.0357
600110.SH,20170801,20170630,67.1905,627.1567,-41.9232,4.9993
600122.SH,20170823,20170630,-2.8505,35.7208,11.0736,2.2072
600127.SH,20170819,20170630,40.712,-8.0248,3.348,0.4961
600156.SH,20170823,20170630,26.7082,5.602,9.6259,-5.0233
600231.SH,20170722,20170630,20.7983,366.6833,5.7544,7.1849
600200.SH,20170823,20170630,8.5396,203.7769,12.361,1.8112
600222.SH,20170819,20170630,37.3769,31.7315,4.786,-0.0202
600238.SH,20170812,20170630,67.5599,177.9084,22.4208,-1.9571
600310.SH,20170818,20170630,97.1204,-12.3848,0.0927,0.0647
600332.SH,20170821,20170630,0.3621,59.4076,10.9659,6.3692
600266.SH,20170812,20170630,-13.6189,-38.2968,-299.5492,1.3679
600329.SH,20170815,20170630,-6.803,3.4358,2.6509,5.3358
600269.SH,20170809,20170630,-17.6129,-72.1121,58.3529,2.4302
600336.SH,20170818,20170630,15.6072,-57.6996,-6.7831,1.9061
600267.SH,20170822,20170630,17.8687,-53.2407,3.4559,-0.0108
600308.SH,20170812,20170630,18.7665,298.6416,23.2765,4.3295
600501.SH,20170816,20170630,-0.3653,-175.5583,14.271,-0.5921
600567.SH,20170810,20170630,38.7594,339.6959,5.7877,9.2096
600456.SH,20170818,20170630,5.4135,60.5982,14.153,-1.6753
600363.SH,20170819,20170630,26.3065,-0.9355,0.2552,5.3956
600389.SH,20170822,20170630,-58.798,1018.6092,8.3331,4.2733
600585.SH,20170822,20170630,36.683,107.4487,15.5899,6.527
600621.SH,20170824,20170630,-28.5278,-58.9493,-549.6704,0.5712
600569.SH,20170810,20170630,-7.8242,-14.8763,10.6261,0.4318
600609.SH,20170824,20170630,5.7481,-741.5831,-52.6006,
600619.SH,20170819,20170630,36.1693,226.5969,12.8221,2.4555
600698.SH,20170726,20170630,-1.706,-41.6625,1.3651,0.1095
600674.SH,20170809,20170630,-51.9134,-11.3479,83.0321,5.9395
600693.SH,20170819,20170630,176.6854,606.9293,15.655,4.513
600684.SH,20170823,20170630,-12.2651,-5.8776,-7.1093,7.567
600758.SH,20170818,20170630,27.4214,132.8386,25.2118,7.806
600792.SH,20170822,20170630,39.6396,-227.7949,52.8643,-3.7368
600839.SH,20170818,20170630,4.4171,-50.5259,3.9119,-0.4615
600860.SH,20170812,20170630,3.7801,20.8314,-8.7769,-8.6277
600795.SH,20170824,20170630,-0.7743,-60.3048,22.2701,3.1798
600846.SH,20170812,20170630,29.0874,23.2456,-12.9447,2.8879
600808.SH,20170824,20170630,51.596,-7.3998,-1.0372,7.4343
600888.SH,20170818,20170630,-31.9639,259.093,38.8247,1.6388
600889.SH,20170722,20170630,39.5152,114.1451,-20.148,2.484
002365.SZ,20170818,20170630,46.7139,78.0917,42.0779,4.8105
600885.SH,20170801,20170630,26.7977,23.6435,5.4734,11.2625
601198.SH,20170819,20170630,-28.7176,-45.5647,-551.1113,3.0196
002139.SZ,20170731,20170630,52.882,79.3747,15.6319,5.0232
601991.SH,20170816,20170630,-8.1799,-55.4793,23.0221,2.1117
601688.SH,20170812,20170630,9.2238,4.2831,-28.8951,3.5421
002029.SZ,20170822,20170630,9.0788,25.6268,-21.1558,1.64
002010.SZ,20170822,20170630,152.2489,-69.8777,-30.7539,0.3821
300164.SZ,20170811,20170630,253.9183,238.5213,-21.174,-0.2948
300190.SZ,20170819,20170630,34.031,40.0548,-17.2438,2.1264
002588.SZ,20170824,20170630,-9.7582,-44.8587,3.5454,4.6599
002079.SZ,20170824,20170630,65.4728,-9.7024,-5.8386,3.2223
002141.SZ,20170823,20170630,48.2669,-49.8429,-16.1398,-0.2838
002058.SZ,20170823,20170630,9.4169,-106.6183,-27.0842,-2.9261
002077.SZ,20170816,20170630,1.9014,79.2087,18.7349,-0.3508
002153.SZ,20170824,20170630,8.0567,1.6257,9.4173,3.5357
300018.SZ,20170824,20170630,2.0647,-31.7475,20.2258,1.5942
300375.SZ,20170811,20170630,5.6522,-4.108,3.2838,4.5844
300038.SZ,20170819,20170630,283.2573,410.5715,22.0706,4.2486
603333.SH,20170718,20170630,95.8399,140.4551,6.1852,0.55
300379.SZ,20170809,20170630,-31.8416,-55.2251,59.975,0.3877
002123.SZ,20170819,20170630,-3.3278,51.7271,8.7231,1.2583
300034.SZ,20170818,20170630,7.8143,-24.7759,22.5436,2.5074
002339.SZ,20170824,20170630,-3.733,-20.433,-23.8862,-0.5726
002733.SZ,20170818,20170630,21.9325,1.335,11.4282,2.1718
300042.SZ,20170823,20170630,127.1293,2.99,-0.1338,1.9976
002595.SZ,20170823,20170630,19.6463,-3.334,7.2093,10.0935
002613.SZ,20170818,20170630,8.5015,-431.8475,-2.0876,-2.0953
002678.SZ,20170819,20170630,16.3262,9.5858,-5.7847,4.2663
002457.SZ,20170822,20170630,19.0654,-2057.6063,-9.6291,-2.5069
300035.SZ,20170819,20170630,113.8732,77.2414,32.1661,2.8904
002385.SZ,20170819,20170630,7.469,44.23,4.3452,5.0048
300479.SZ,20170811,20170630,10.0557,-57.5124,-79.0687,2.0819
002371.SZ,20170824,20170630,42.5117,9.6158,0.6624,-5.6209
300448.SZ,20170818,20170630,131.7706,203.2315,-5.8986,0.7928
002147.SZ,20170822,20170630,132.3757,135.8006,-207.2013,0.4808
002150.SZ,20170818,20170630,34.0658,-1.9546,23.8024,4.0277
002134.SZ,20170731,20170630,15.3112,80.8403,-5.3794,-2.1262
002133.SZ,20170824,20170630,-57.2572,-73.0375,11.5465,1.8467
002164.SZ,20170819,20170630,48.9706,108.3559,18.8603,1.1844
002222.SZ,20170819,20170630,52.2408,89.2143,28.9877,9.4199
002197.SZ,20170824,20170630,2.7442,-34.6409,-36.6665,0.2616
002223.SZ,20170822,20170630,36.766,12.417,6.5382,7.7383
002391.SZ,20170818,20170630,9.7924,10.6822,34.6595,4.2945
002268.SZ,20170824,20170630,47.8878,-567.2445,-32.7126,-4.6318
002174.SZ,20170824,20170630,37.895,7.5863,18.0967,11.3665
002244.SZ,20170818,20170630,1.4679,68.5649,40.6755,5.1471
002353.SZ,20170810,20170630,-10.2286,-85.3966,25.3549,0.1135
002217.SZ,20170822,20170630,14.6331,26.0897,11.5561,4.5835
002241.SZ,20170818,20170630,41.2741,51.5542,21.2013,5.251
002242.SZ,20170819,20170630,6.9662,-2.7573,2.6226,8.8091
002220.SZ,20170809,20170630,-6.4126,-0.0524,24.9764,3.2066
300233.SZ,20170824,20170630,143.0344,109.9516,4.9752,4.7355
002283.SZ,20170823,20170630,66.2542,33.7507,-9.3461,3.4623
002301.SZ,20170728,20170630,24.8342,32.3394,13.2307,3.2032
300261.SZ,20170823,20170630,77.3415,1049.0425,29.9337,3.9755
300036.SZ,20170822,20170630,41.6448,105.5971,-22.1736,1.2646
002280.SZ,20170823,20170630,878.3421,-141.0137,1.715,-1.0457
002292.SZ,20170819,20170630,3.668,-57.8491,23.8976,1.9813
300133.SZ,20170727,20170630,25.0594,-15.4255,-12.1038,3.4689
603989.SH,20170822,20170630,13.7155,-0.4137,15.8237,7.4655
601518.SH,20170824,20170630,16.1739,34.8364,92.3237,4.6372
002464.SZ,20170823,20170630,-21.5077,-14.3643,28.5602,4.4977
002298.SZ,20170824,20170630,20.0668,36.1054,-3.4111,1.6343
002393.SZ,20170821,20170630,8.6262,41.6745,12.1057,2.6092
300145.SZ,20170815,20170630,37.5507,36.9894,17.3995,5.6179
002302.SZ,20170821,20170630,29.1503,-0.3235,-5.8494,-0.3933
603118.SH,20170816,20170630,19.9575,-61.3314,6.6221,2.3455
002389.SZ,20170823,20170630,4.8097,-20.6358,0.2786,1.5259
002820.SZ,20170818,20170630,0.3,-1.2977,11.3496,4.8589
002590.SZ,20170824,20170630,4.9994,2.271,8.9634,3.8157
603860.SH,20170801,20170630,18.855,17.6501,-14.2531,3.6999
600023.SH,20170819,20170630,19.853,-46.1931,25.294,3.9653
300528.SZ,20170818,20170630,19.7685,-13.4639,17.1091,3.5119
603519.SH,20170822,20170630,34.9893,5.3402,9.5857,5.7206
002431.SZ,20170824,20170630,55.6895,5.7125,-5.3868,1.6639
603019.SH,20170810,20170630,32.3195,56.0975,-41.5336,2.0274
002719.SZ,20170819,20170630,2.9554,-46.5909,-13.2826,0.6414
300435.SZ,20170803,20170630,99.2348,71.0311,-11.7609,2.8893
601700.SH,20170822,20170630,-12.295,-12.3094,-6.5695,3.798
002798.SZ,20170803,20170630,19.2289,13.7684,10.2362,2.9628
300357.SZ,20170808,20170630,30.6928,57.9648,42.0396,11.0416
603566.SH,20170818,20170630,-5.3734,-38.4887,25.5471,3.6233
603239.SH,20170731,20170630,30.1288,48.3221,7.2355,10.3596
002777.SZ,20170824,20170630,17.3994,28.4436,5.6131,7.2553
601965.SH,20170822,20170630,48.6633,25.1522,20.5012,3.0314
002578.SZ,20170818,20170630,18.6965,197.3438,-35.1168,0.8324
603598.SH,20170823,20170630,-24.4997,10.2523,22.0982,2.8761
300481.SZ,20170824,20170630,62.1196,16.2815,-2.5535,7.3323
002640.SZ,20170821,20170630,73.8463,119.6688,17.6608,7.0432
002756.SZ,20170815,20170630,24.4805,28.9682,2.3114,4.7409
002439.SZ,20170803,20170630,17.9699,-40.332,-6.666,-0.9632
002604.SZ,20170822,20170630,69.9107,-15.8269,-7.6112,1.7758
600982.SH,20170815,20170630,-23.4895,8.0467,-48.4686,-0.4802
002665.SZ,20170822,20170630,202.7022,71.126,-16.4075,2.9332
002336.SZ,20170818,20170630,-10.1421,-3083.0504,-3.4633,-3.7537
002430.SZ,20170819,20170630,42.222,363.6555,12.5805,2.1267
601021.SH,20170817,20170630,33.7552,-32.8678,29.7984,5.9166
300045.SZ,20170812,20170630,30.8385,78.3526,-11.5976,1.514
002459.SZ,20170818,20170630,54.9029,-62.792,4.4569,-1.135
002612.SZ,20170822,20170630,152.5545,68.9494,-3.4267,1.7392
002721.SZ,20170823,20170630,4.1782,-85.4504,-21.7906,1.4091
300450.SZ,20170802,20170630,64.0227,90.007,96.8104,16.1865
002452.SZ,20170824,20170630,43.3983,44.5592,-21.1188,3.9154
300400.SZ,20170809,20170630,31.4483,19.6477,24.4521,6.8585
603603.SH,20170818,20170630,-47.7551,102.6399,-50.3576,4.026
002809.SZ,20170824,20170630,34.7474,5.478,-0.3386,3.8406
601588.SH,20170817,20170630,164.9481,52.9617,17.2179,5.207
300162.SZ,20170824,20170630,20.2337,-22.1485,-10.2922,1.8216
300138.SZ,20170815,20170630,22.348,25.1185,32.9469,4.4135
002474.SZ,20170824,20170630,-3.8722,3.7238,-10.0943,1.0757
002502.SZ,20170823,20170630,-7.0905,7.056,23.2921,4.1258
601933.SH,20170731,20170630,17.5961,57.6216,13.0497,5.4105
002400.SZ,20170808,20170630,1.0333,-28.6498,10.9996,3.415
002675.SZ,20170810,20170630,51.6109,8.133,-1.4958,2.569
002624.SZ,20170823,20170630,47.7171,89.1262,17.9032,8.0485
002451.SZ,20170823,20170630,-13.3963,5297.9055,-40.9252,3.0653
002534.SZ,20170822,20170630,19.6389,71.7496,33.0115,6.8663
002438.SZ,20170815,20170630,8.0853,11.0286,20.2703,1.5786
601100.SH,20170815,20170630,138.2367,320.6243,13.0825,4.1415
600220.SH,20170822,20170630,7.3451,-32.0601,30.7701,1.6421
600423.SH,20170810,20170630,-17.0814,14.8526,11.1782,
600179.SH,20170816,20170630,46.1952,3.2077,7.6054,8.6801
600497.SH,20170822,20170630,22.5219,256.2545,24.8799,5.8624
601899.SH,20170819,20170630,-2.1858,5.305,12.0127,2.8775
603168.SH,20170819,20170630,-9.0831,-36.443,-2.7389,4.9858
603226.SH,20170823,20170630,20.9563,13.1432,23.8067,6.3424
600211.SH,20170817,20170630,22.0866,-90.306,1.9586,5.0089
300633.SZ,20170819,20170630,61.3597,135.2832,17.0073,8.4202
002086.SZ,20170822,20170630,18.0016,99.279,-6.7263,3.4169
600498.SH,20170729,20170630,25.9101,16.0043,-5.5703,5.8351
002460.SZ,20170824,20170630,47.0853,175.8195,-33.0069,15.7505
002233.SZ,20170808,20170630,16.7828,107.7746,15.199,5.965
600995.SH,20170819,20170630,0.9269,208.1308,30.0489,11.8743
002703.SZ,20170821,20170630,-6.5233,-1.243,-20.0834,1.8503
600356.SH,20170824,20170630,2.6999,31.643,17.961,2.2513
600770.SH,20170819,20170630,6.6703,-31.0315,-1.0314,0.7262
603179.SH,20170726,20170630,138.252,113.606,-2.7601,11.7235
002440.SZ,20170818,20170630,24.7406,17.4375,14.2675,6.1892
601668.SH,20170823,20170630,13.6118,12.6948,2.7773,9.0758
600841.SH,20170824,20170630,46.4566,26.8638,29.1776,1.5568
600873.SH,20170822,20170630,3.202,53.0062,17.6078,5.7409
002418.SZ,20170819,20170630,5.9374,-39.0059,-9.5687,3.271
600281.SH,20170819,20170630,-38.5415,80.1774,-4.1646,-4.4887
002463.SZ,20170822,20170630,13.3693,311.202,1.8951,2.3258
600508.SH,20170824,20170630,33.5434,-24.7683,10.3478,4.1949
600829.SH,20170729,20170630,-12.9999,18.3185,3.6183,8.6857
002313.SZ,20170805,20170630,4.815,293.5538,5.7572,0.2612
002883.SZ,20170823,20170630,,,-8.4711,8.1823
600278.SH,20170819,20170630,10.7925,-1.0154,-1.1207,0.9365
600779.SH,20170727,20170630,129.6724,74.4425,-13.9312,8.3459
300314.SZ,20170818,20170630,34.2017,34.6401,17.9842,4.501
600867.SH,20170808,20170630,40.3429,30.262,37.0157,10.1386
600550.SH,20170822,20170630,-39.2932,-8.9621,11.7232,-19.5096
002536.SZ,20170816,20170630,30.8231,98.0183,2.6628,5.1569
002863.SZ,20170822,20170630,5.5008,15.3284,-37.439,3.6073
002783.SZ,20170822,20170630,46.5583,31.6666,23.255,4.1315
002695.SZ,20170822,20170630,15.2439,56.1568,21.2695,4.673
002839.SZ,20170823,20170630,9.9977,4.7919,451.9273,4.5788
600312.SH,20170811,20170630,12.1384,-43.5079,-19.2029,3.9444
600836.SH,20170819,20170630,-33.3599,-823.1887,3.7778,-1.8947
600986.SH,20170729,20170630,8.3516,-23.5891,1.8158,3.4633
300033.SZ,20170821,20170630,-9.1259,-16.4349,10.8619,8.2402
600280.SH,20170818,20170630,85.3114,507.9581,5.7668,14.0994
600825.SH,20170819,20170630,-4.9484,-17.0993,29.8957,-0.713
601015.SH,20170728,20170630,131.9782,133.3437,7.9563,3.1077
002582.SZ,20170824,20170630,298.6207,367.0435,9.8941,1.3011
300122.SZ,20170815,20170630,603.3396,336.3733,15.8949,6.4738
002427.SZ,20170801,20170630,94.4875,79.0345,-16.1063,4.9107
002260.SZ,20170824,20170630,13.8939,-213.0919,-38.4028,-12.5839
300519.SZ,20170815,20170630,6.3115,3.4954,16.9787,7.6784
603007.SH,20170810,20170630,28.9028,-4.7396,4.383,8.4653
603416.SH,20170728,20170630,41.1117,58.7081,32.1032,6.6824
300568.SZ,20170809,20170630,9.7205,-10.2381,37.2361,5.0664
300029.SZ,20170823,20170630,-1.231,-140.1439,-18.7999,-13.1071
300656.SZ,20170808,20170630,0.4397,6.7245,28.1458,6.0979
603311.SH,20170816,20170630,15.1822,7.7652,9.114,7.0216
002282.SZ,20170822,20170630,14.8141,359.9004,15.7803,1.3735
603128.SH,20170822,20170630,31.0223,-14.335,6.9553,4.1475
603727.SH,20170818,20170630,-59.4168,47.1502,-128.8674,3.4891
300557.SZ,20170728,20170630,5.7548,-45.5485,-34.2772,-1.2153
603358.SH,20170821,20170630,12.9785,-24.658,15.9461,6.9913
603086.SH,20170817,20170630,3.7021,-6.0735,22.5744,6.0462
002847.SZ,20170728,20170630,8.7942,-26.8941,15.395,6.8097
603535.SH,20170807,20170630,,,32.973,6.0889
600511.SH,20170823,20170630,4.7048,9.3918,-3.877,8.1716
002683.SZ,20170824,20170630,28.8221,79.5347,14.9805,2.6719
002822.SZ,20170822,20170630,25.3921,7.9817,-4.3511,3.3351
603811.SH,20170818,20170630,-18.6387,-27.6626,24.1422,6.3911
603298.SH,20170822,20170630,39.6575,34.4312,15.0101,7.3916
002387.SZ,20170725,20170630,-83.2702,-185.9969,98.477,-13.9068
002348.SZ,20170823,20170630,41.38,67.5652,-22.0774,0.7531
300623.SZ,20170810,20170630,36.8259,43.9861,31.6155,8.534
300586.SZ,20170822,20170630,-3.8159,10.1221,17.4311,4.126
002221.SZ,20170815,20170630,60.7248,181.4076,3.2326,6.3394
002801.SZ,20170731,20170630,33.3868,17.8379,34.8617,6.133
300197.SZ,20170822,20170630,93.1104,50.3641,-0.3724,4.9819
300143.SZ,20170818,20170630,-2.6997,427.6314,61.1038,1.6337
300643.SZ,20170819,20170630,12.3009,5.262,8.4496,6.1867
603869.SH,20170805,20170630,434.6811,223.0269,-14.7824,2.4228
002355.SZ,20170805,20170630,41.0752,26.4001,-3.5245,1.7388
300160.SZ,20170822,20170630,16.6927,41.9836,-5.3488,8.5235
002646.SZ,20170823,20170630,1.8205,-15.6307,-26.0722,3.5351
002511.SZ,20170818,20170630,18.9117,34.6493,14.8764,5.2667
002593.SZ,20170822,20170630,42.8414,46.5194,-14.3745,0.9784
300617.SZ,20170823,20170630,7.3018,-36.0065,-9.6996,6.4475
002700.SZ,20170823,20170630,-8.0116,-3.5917,-102.1247,3.9729
603928.SH,20170810,20170630,54.5143,2.5955,9.3061,4.0873
603658.SH,20170803,20170630,41.0469,32.6784,38.2153,10.8896
300333.SZ,20170824,20170630,22.8283,26.6831,-5.3981,1.7856
002609.SZ,20170823,20170630,10.7801,17.9715,11.409,2.655
300066.SZ,20170818,20170630,-17.5453,-50.3019,-1.7825,2.2643
002416.SZ,20170822,20170630,21.661,106.6148,-5.0861,1.8561
603663.SH,20170816,20170630,45.2982,39.9407,11.6832,5.0305
300054.SZ,20170821,20170630,57.8135,41.2192,16.0943,5.3321
603839.SH,20170816,20170630,17.4043,3.4623,5.7372,6.7383
002278.SZ,20170817,20170630,6.899,56.911,-1.7355,-1.968
300661.SZ,20170822,20170630,,,11.2268,6.173
603979.SH,20170819,20170630,-9.8677,-8.0626,13.4055,2.922
300227.SZ,20170819,20170630,71.3695,130.0062,7.5358,2.3547
603078.SH,20170819,20170630,17.0632,-20.7574,35.253,4.6019
600516.SH,20170822,20170630,87.3314,8453.2105,56.3633,6.784
603886.SH,20170819,20170630,13.3722,1481.2257,23.1773,-0.4079
002650.SZ,20170804,20170630,-0.906,-6.6172,-0.0002,4.9004
603177.SH,20170815,20170630,10.7102,-35.4667,12.1722,2.4752
300612.SZ,20170815,20170630,-24.3282,-14.4583,17.7522,8.7444
603667.SH,20170818,20170630,5.8149,18.2386,-2.5543,4.4238
601360.SH,20170818,20170630,-16.1289,-80.9847,21.9108,1.1429
600403.SH,20170818,20170630,76.039,128.3955,-26.6552,3.9626
000531.SZ,20170819,20170630,33.1233,-79.448,12.8427,2.9088
300149.SZ,20170815,20170630,10.0955,20.219,41.1159,3.4747
600260.SH,20170809,20170630,92.4547,573.9395,-1.6279,9.0482
300497.SZ,20170720,20170630,19.7125,1.6527,22.41,11.7595
600539.SH,20170805,20170630,-48.018,104.212,-54.4544,0.2539
600702.SH,20170824,20170630,28.0263,95.3848,-11.9846,2.554
603826.SH,20170731,20170630,11.9177,9.4112,2.3635,6.9685
600084.SH,20170810,20170630,81.716,-1018.2905,-36.8056,-2.858
000622.SZ,20170824,20170630,34.2663,28.4859,-65.3759,-4.5681
300601.SZ,20170718,20170630,449.4407,800.2309,-0.3116,7.836
300630.SZ,20170819,20170630,21.9141,45.4901,30.9505,6.2527
600680.SH,20170812,20170630,-33.6215,-2185.7742,-39.6113,-20.1243
002002.SZ,20170822,20170630,65.0824,19.7661,0.1653,12.7176
600346.SH,20170801,20170630,43.3836,-6.7999,-6.6153,8.7562
002117.SZ,20170809,20170630,7.4552,14.0792,17.7679,6.3216
600548.SH,20170819,20170630,1.0954,8.2346,53.7969,5.5729
600740.SH,20170815,20170630,67.9694,-45.8754,-2.8344,1.5635
002080.SZ,20170816,20170630,7.9757,19.8757,19.478,4.3533
600379.SH,20170819,20170630,14.5408,-2.5076,8.9565,4.681
002337.SZ,20170823,20170630,148.4575,442.2523,14.9691,-0.0139
002237.SZ,20170818,20170630,29.7277,67.3957,-6.5041,5.9055
300231.SZ,20170729,20170630,18.5289,4.4838,-5.356,9.8588
601600.SH,20170818,20170630,73.9178,622.4707,5.6085,1.4803
300024.SZ,20170815,20170630,7.6684,6.4762,-3.0152,2.4561
601177.SH,20170823,20170630,1.6451,2663.9826,14.0025,-0.2861
002556.SZ,20170823,20170630,76.6562,-17.0993,-0.5255,2.7298
002827.SZ,20170819,20170630,31.7652,27.9921,27.0757,7.4236
002443.SZ,20170819,20170630,29.7959,-20.5838,4.4175,0.4993
002275.SZ,20170823,20170630,6.357,13.0278,45.5727,10.0036
603133.SH,20170824,20170630,13.6432,-26.0054,15.0588,3.7212
002591.SZ,20170822,20170630,71.1227,126.0749,20.9786,-2.0151
300139.SZ,20170823,20170630,94.2374,-542.0916,57.8891,0.0792
300313.SZ,20170812,20170630,-35.936,148.3086,12.6541,-0.7621
002363.SZ,20170821,20170630,31.2359,26.0053,2.1524,2.3093
300415.SZ,20170822,20170630,38.1607,111.1388,-4.9906,13.4076
300376.SZ,20170823,20170630,50.1608,117.7484,29.7471,7.8139
002255.SZ,20170726,20170630,13.6045,74.4981,12.5469,1.8913
002311.SZ,20170818,20170630,19.0293,33.4652,0.8101,8.7482
603501.SH,20170824,20170630,-11.3436,-43.8672,-8.337,4.9687
002376.SZ,20170823,20170630,13.2676,36.2715,35.2117,5.3852
300418.SZ,20170725,20170630,26.4199,30.8095,51.7127,9.6439
002519.SZ,20170815,20170630,-32.3812,-33.584,15.3334,2.0917
300161.SZ,20170823,20170630,42.2572,180.5404,-23.1503,-2.3352
002234.SZ,20170823,20170630,-35.9395,-225.0924,0.7701,-19.6397
002468.SZ,20170821,20170630,35.8973,16.1401,12.8543,12.3336
002644.SZ,20170726,20170630,29.3768,-0.6241,7.2243,2.6539
002830.SZ,20170819,20170630,6.622,3.208,51.9754,1.7261
300380.SZ,20170822,20170630,10.8819,-84.3016,-41.2552,-2.0757
603602.SH,20170809,20170630,,,-11.5623,6.4411
603955.SH,20170822,20170630,28.0297,26.7867,-28.2772,3.5979
002767.SZ,20170728,20170630,-4.7525,6.0369,14.1316,2.4182
002587.SZ,20170808,20170630,134.9971,53.1748,-15.8551,5.4001
603113.SH,20170818,20170630,79.7033,140.7686,4.7581,12.1751
603505.SH,20170818,20170630,21.2304,19.7004,15.3076,4.9343
600577.SH,20170802,20170630,35.4084,58.7954,-8.083,5.6325
002829.SZ,20170824,20170630,8.3196,6.8008,-66.2687,2.4865
300459.SZ,20170822,20170630,53.3287,106.6048,16.006,3.9904
300349.SZ,20170824,20170630,78.4013,190.36,17.7664,3.2079
603067.SH,20170818,20170630,14.2247,-55.4746,7.1908,4.6329
002723.SZ,20170818,20170630,32.36,298.2392,17.9617,1.3818
002726.SZ,20170727,20170630,6.2712,-27.9936,-1.6478,7.078
002738.SZ,20170817,20170630,45.6605,3.0708,3.4225,2.8913
300157.SZ,20170824,20170630,137.5482,206.6542,-17.5605,0.1893
601949.SH,20170818,20170630,9.4331,64.1556,12.1599,-0.2585
603586.SH,20170819,20170630,26.1808,-1.7997,14.2477,6.1005
600531.SH,20170823,20170630,30.4599,599.6807,28.2414,1.8366
002232.SZ,20170823,20170630,54.8877,811.8373,-23.8108,0.1536
300485.SZ,20170818,20170630,-6.6712,-17.7366,23.453,4.4839
002790.SZ,20170815,20170630,8.5143,2.2426,25.9701,5.7036
603966.SH,20170821,20170630,-0.8876,-13.0644,3.5744,2.9709
002776.SZ,20170818,20170630,24.4462,31.5006,-18.3597,3.1933
002330.SZ,20170823,20170630,-18.3103,-394.7476,2.3708,-0.2189
603688.SH,20170810,20170630,28.5394,36.8931,5.5289,3.0264
603488.SH,20170822,20170630,,,41.4247,4.388
002858.SZ,20170823,20170630,13.4982,-44.529,54.5142,-1.9305
600461.SH,20170823,20170630,7.6552,-10.2392,17.3598,3.5563
600538.SH,20170815,20170630,-38.407,-65.1922,13.5724,-2.2758
603208.SH,20170822,20170630,9.0806,-7.5768,24.9752,7.7004
002760.SZ,20170722,20170630,12.7309,-453.8312,4.036,-3.306
002823.SZ,20170819,20170630,31.6455,40.9252,8.9679,6.8493
300691.SZ,20180828,20170630,,,4.2748,6.3528
300250.SZ,20170823,20170630,-31.3003,-35.0657,27.115,0.6947
002833.SZ,20170818,20170630,61.4638,61.83,43.2178,14.4992
300416.SZ,20170815,20170630,30.9355,23.1355,-0.809,4.5594
300457.SZ,20170822,20170630,143.5642,112.9209,-19.2598,11.9939
002878.SZ,20170823,20170630,,,-4.4773,9.9859
603088.SH,20170822,20170630,25.438,-62.3192,12.5015,2.0252
002802.SZ,20170815,20170630,23.7928,95.804,26.6317,4.4697
603227.SH,20170823,20170630,32.721,58.1727,6.3771,-0.1859
002615.SZ,20170821,20170630,4.7845,81.5591,-11.8879,9.1869
603595.SH,20170711,20170630,68.5225,115.9491,-4.8319,17.1238
002859.SZ,20170818,20170630,29.8417,54.1225,28.541,8.5091
601106.SH,20170818,20170630,143.4078,103.7953,43.1924,-0.2599
600517.SH,20170818,20170630,-9.9647,-78.6362,-43.2796,1.4188
603696.SH,20170823,20170630,-19.7029,-29.8379,27.0142,2.227
002853.SZ,20170805,20170630,47.7519,34.9772,32.0968,5.1487
002548.SZ,20170810,20170630,10.2331,-43.0324,16.6308,3.7632
603556.SH,20170822,20170630,37.8859,20.5393,2.523,6.0975
002647.SZ,20170824,20170630,-70.3134,189.3073,-276.5799,0.0112
002745.SZ,20170821,20170630,64.8235,69.898,24.0762,5.4604
002861.SZ,20170823,20170630,65.5744,65.6755,17.4506,4.8372
603728.SH,20170818,20170630,9.5319,19.8888,12.1971,6.1218
300343.SZ,20170818,20170630,4.3521,50.5859,12.6712,2.8876
600593.SH,20170822,20170630,19.0999,28.9104,48.6015,1.5643
300249.SZ,20170725,20170630,11.6226,254.0415,6.4155,1.556
603138.SH,20170823,20170630,13.2688,13.6342,28.9341,8.4928
300491.SZ,20170818,20170630,-33.1163,-136.3817,22.5166,-2.013
300629.SZ,20170821,20170630,5.8778,-9.3549,-8.7973,2.0791
600330.SH,20170815,20170630,40.4377,16.2855,11.8671,2.3063
600771.SH,20170822,20170630,45.8091,305.1358,-16.8132,4.2682
002825.SZ,20170808,20170630,7.8912,-55.7763,1.4664,3.3072
600891.SH,20170822,20170630,60.8347,-44.6621,-58.5189,2.6892
600892.SH,20170819,20170630,10.4797,68.4591,-62.7875,1.4429
002100.SZ,20170823,20170630,2.3926,-13.5609,18.4819,6.7602
600022.SH,20170728,20170630,-10.0928,-60.2265,16.4287,2.2968
600277.SH,20170819,20170630,75.0423,-33.9669,18.0535,0.9553
600681.SH,20170819,20170630,3.5338,25.5835,-3.315,8.1323
600519.SH,20170728,20170630,32.9515,31.0315,7.5945,15.19
002043.SZ,20170822,20170630,71.3305,43.9616,18.3113,8.2248
603527.SH,20170816,20170630,,,5.7438,9.0078
600252.SH,20170824,20170630,38.5258,71.523,60.4312,7.1577
002009.SZ,20170824,20170630,26.9777,-12.4249,-0.7442,2.3062
603606.SH,20170819,20170630,57.7969,37.8907,-15.1533,2.398
002554.SZ,20170824,20170630,30.4125,-86.9984,8.9365,4.2908
603980.SH,20170823,20170630,,,20.598,6.5607
600455.SH,20170812,20170630,15.1312,146.0523,-51.8321,-1.2369
002193.SZ,20170822,20170630,115.8386,-14.3098,-27.4409,0.4891
300039.SZ,20170818,20170630,4.8235,-4.1805,4.4633,8.7357
002322.SZ,20170819,20170630,45.4822,220.0535,19.0777,3.4679
002576.SZ,20170822,20170630,34.9133,152.7479,6.4182,0.5385
300373.SZ,20170807,20170630,29.5915,38.3782,7.0322,5.1933
002521.SZ,20170812,20170630,27.4441,-4.8966,-10.7976,2.5456
300272.SZ,20170815,20170630,10.7912,10.493,20.5242,4.589
600507.SH,20170819,20170630,67.7503,112.9861,8.5192,24.8749
002196.SZ,20170815,20170630,23.3906,13.3432,-0.8379,2.235
002472.SZ,20170821,20170630,43.3865,40.6363,21.1871,3.3608
002841.SZ,20170819,20170630,8.8841,-14.0326,4.3872,16.7645
002577.SZ,20170729,20170630,19.153,85.4895,6.7626,1.2945
002366.SZ,20170823,20170630,99.29,54.4669,9.7818,21.4509
300100.SZ,20170819,20170630,38.5209,-3.3059,2.4207,6.3959
603129.SH,20170817,20170630,23.5639,25.4937,10.3811,12.582
002641.SZ,20170822,20170630,26.4653,-40.5227,13.8759,1.932
600529.SH,20170815,20170630,10.5706,41.6853,8.3313,4.1397
300556.SZ,20170819,20170630,16.0329,12.7832,12.0384,0.6657
603669.SH,20170819,20170630,100.0676,-34.5031,12.5839,4.265
600460.SH,20170815,20170630,13.5895,129.4838,16.564,2.4919
603881.SH,20170811,20170630,21.8126,68.1321,22.6105,8.2136
603500.SH,20170815,20170630,,,11.7605,9.7099
300014.SZ,20170801,20170630,77.6543,248.3425,-4.0606,8.1107
603035.SH,20170818,20170630,-23.2508,0.4562,12.8685,5.3337
603345.SH,20170811,20170630,16.8648,5.6899,-0.6247,7.0374
600470.SH,20170819,20170630,-4.8893,586.9801,-11.9095,-0.7064
300258.SZ,20170810,20170630,22.2803,36.109,37.6132,7.6779
603223.SH,20170822,20170630,67.4519,-14.5788,1.6908,3.5038
603866.SH,20170822,20170630,24.8147,4.9955,13.4433,8.6014
603568.SH,20170819,20170630,42.1465,50.4221,62.3084,11.7624
002287.SZ,20170817,20170630,6.3001,4.2304,90.8443,9.3984
002759.SZ,20170816,20170630,116.0094,453.0128,43.9109,3.9413
603089.SH,20170822,20170630,33.4569,-12.1947,20.0756,7.3129
603626.SH,20170812,20170630,36.2915,-25.5996,17.6389,5.2059
002628.SZ,20170821,20170630,-27.0095,37.6618,-3.9943,0.399
300201.SZ,20170808,20170630,17.7859,110.8722,-15.1034,2.2053
002419.SZ,20170818,20170630,8.8052,49.4777,0.8349,6.1251
002198.SZ,20170815,20170630,16.8072,-74.9376,13.2586,1.0093
300309.SZ,20170819,20170630,187.6346,277.9227,-109.7593,2.2458
002741.SZ,20170720,20170630,32.2609,48.1248,4.364,4.5232
300259.SZ,20170822,20170630,18.8134,-12.1323,6.5821,2.3871
002793.SZ,20170808,20170630,22.8336,8.8406,31.6958,8.7521
600327.SH,20170818,20170630,-1.0282,35.3453,4.9696,6.2512
300508.SZ,20170804,20170630,37.7213,53.2145,38.2565,6.5878
600375.SH,20170725,20170630,71.728,111.4224,-7.5064,0.2116
603926.SH,20170817,20170630,12.6707,-13.2484,7.7419,6.3919
300698.SZ,20170814,20170630,,,26.3487,12.8835
300396.SZ,20170819,20170630,24.7614,58.6852,41.1421,6.9056
002619.SZ,20170821,20170630,59.9674,74.883,37.875,3.3738
300558.SZ,20170822,20170630,10.2403,-43.6162,15.3128,5.255
000526.SZ,20170818,20170630,330.697,937.5208,-15.8868,102.6436
000716.SZ,20170802,20170630,57.6826,499.1437,18.2492,1.3925
600010.SH,20170824,20170630,58.8543,-32.527,15.7144,0.8229
600060.SH,20170818,20170630,11.4219,-38.9638,-1.7815,2.3942
600241.SH,20170819,20170630,63.6292,242.3906,-19.9062,-0.2432
002041.SZ,20170822,20170630,-9.2018,-31.0829,3.189,4.3551
002261.SZ,20170821,20170630,-5.2353,-1.211,17.4609,3.0243
600137.SH,20170822,20170630,55.2285,1391.1001,-37.1875,1.5549
600282.SH,20170818,20170630,39.1453,390.438,5.2855,15.278
000939.SZ,20170816,20170630,12.5111,144.8184,-27.9199,1.032
600020.SH,20170819,20170630,24.4998,49.0739,17.4449,6.1219
300634.SZ,20180117,20170630,,,6.0091,5.3545
600249.SH,20170811,20170630,-26.5753,0.4343,-10.601,-3.0572
600306.SH,20170824,20170630,-5.4783,32.9172,2.9574,-38.283
600015.SH,20170811,20170630,5.7876,-1.0751,-277.1875,6.3157
600335.SH,20170721,20170630,-5.0714,42.8106,-3.2202,6.6625
600425.SH,20170728,20170630,-0.0227,299.1672,32.6916,-3.2276
002660.SZ,20170818,20170630,51.8233,-32.0722,5.5578,0.0927
002407.SZ,20170824,20170630,16.6082,-40.8654,15.0297,4.7618
603558.SH,20170718,20170630,82.1613,14.4666,9.4549,2.8323
600750.SH,20170819,20170630,15.0022,13.7122,21.1658,8.0981
600774.SH,20170728,20170630,8.5601,-94.3078,8.9829,1.1905
002121.SZ,20170817,20170630,-9.7556,37.0258,2.9348,-0.2362
300041.SZ,20170731,20170630,36.3067,7.1035,6.3244,3.7033
300461.SZ,20170822,20170630,512.7825,507.6755,-33.1686,4.0807
002034.SZ,20170824,20170630,-24.6152,-59.9207,-1.914,-0.0042
600520.SH,20170815,20170630,48.2329,-136.1493,-0.0839,-1.2801
600880.SH,20170729,20170630,-13.5964,-571.8973,6.4958,-0.8826
300017.SZ,20170823,20170630,17.132,-36.2065,26.0976,4.4384
002258.SZ,20170817,20170630,54.717,56.0484,5.6752,7.1326
002243.SZ,20170823,20170630,15.8672,177.9935,-0.2262,1.4104
600311.SH,20170822,20170630,1065.3437,156.2102,65.6855,0.3736
002205.SZ,20170819,20170630,106.6899,404.9118,-9.3025,-0.5947
603079.SH,20170809,20170630,,,31.2043,7.3641
600378.SH,20170802,20170630,13.1929,74.5608,-6.4913,2.5724
600688.SH,20170824,20170630,0.5224,-66.8641,-2.4123,10.4102
300294.SZ,20170808,20170630,40.6836,34.4209,-9.7364,6.2875
601369.SH,20170823,20170630,9.488,-4.006,13.9494,0.9743
002226.SZ,20170811,20170630,8.0772,32.1892,15.0277,1.3901
603286.SH,20170819,20170630,8.7685,12.27,-1.0839,5.0165
002565.SZ,20170824,20170630,19.8304,-111.9982,-5.1877,2.0781
300631.SZ,20170822,20170630,67.1935,45.5796,18.7299,1.3654
300641.SZ,20170818,20170630,13.1156,-10.3378,14.5952,7.4483
002445.SZ,20170816,20170630,44.5796,226.3601,54.0281,3.3171
600603.SH,20170815,20170630,24.9787,6.1642,32.3823,2.7135
002515.SZ,20170811,20170630,182.6407,-33.3604,-69.2263,1.215
600448.SH,20170822,20170630,16.8951,81.7503,5.4822,0.3851
002165.SZ,20170729,20170630,30.7681,-33.1107,0.2897,2.6262
300165.SZ,20170824,20170630,60.1802,12.2824,8.459,2.1306
603660.SH,20170818,20170630,19.9569,26569.4758,-51.303,6.1947
300428.SZ,20170818,20170630,27.2929,-3.5671,8.966,5.4976
601326.SH,20170815,20170630,,,45.6782,4.8623
002142.SZ,20170818,20170630,-1.4676,14.1162,-542.9465,9.2193
603429.SH,20170810,20170630,71.1485,146.1429,26.4175,7.932
603200.SH,20170816,20170630,,,-11.6157,4.6195
603868.SH,20170816,20170630,17.5953,76.4293,10.4447,17.4443
300193.SZ,20170805,20170630,15.6552,35.2939,34.3383,2.9782
002926.SZ,20180116,20170630,,,543.2031,4.4604
300300.SZ,20170817,20170630,-21.0764,1147.8412,-9.3633,1.5808
002815.SZ,20170824,20170630,42.6039,9.2154,20.5944,9.5778
603798.SH,20170810,20170630,6.2898,-0.9406,-27.1152,9.4488
600435.SH,20170824,20170630,4.0085,48.717,53.7155,0.2242
300492.SZ,20170822,20170630,-13.5069,-25.1034,-18.3714,0.9579
603305.SH,20170707,20170630,,,31.353,19.4572
603006.SH,20170804,20170630,11.2866,-21.085,-1.1712,6.1113
603819.SH,20170822,20170630,23.4449,-15.5186,-4.0895,2.7097
603033.SH,20170815,20170630,27.7518,-48.0401,20.8386,2.0427
603040.SH,20170818,20170630,108.4146,119.4324,35.5491,10.899
002413.SZ,20170823,20170630,91.0281,9.1568,-27.4257,1.2704
002816.SZ,20170823,20170630,8.178,-28.9706,-15.8033,1.3464
002840.SZ,20170822,20170630,18.7441,11.5298,1.074,5.6394
000166.SZ,20170812,20170630,2.7387,1.9603,56.0746,3.872
601952.SH,20170815,20170630,5.6127,7.6077,7.5458,6.8557
002482.SZ,20170818,20170630,42.2143,35.0914,13.2972,3.3639
002895.SZ,20170807,20170630,,,24.5397,4.8534
002768.SZ,20170731,20170630,54.2382,58.9432,-8.2568,8.7204
300626.SZ,20170823,20170630,27.8752,42.8794,-8.7236,5.9674
002890.SZ,20170720,20170630,,,20.4901,8.9426
600449.SH,20170818,20170630,29.8759,243.3768,21.9769,2.9875
600251.SH,20170817,20170630,44.571,49.3889,-8.5411,3.6348
002892.SZ,20170731,20170630,,,16.3771,13.2812
603538.SH,20170822,20170630,-6.838,-31.1539,-2.462,3.4011
002832.SZ,20170821,20170630,22.0893,24.037,-5.8767,6.2937
300649.SZ,20170822,20170630,23.8947,26.7151,43.9939,5.453
603520.SH,20170822,20170630,7.2012,22.6257,15.9381,6.3146
603976.SH,20170821,20170630,,,-1.7937,7.9237
601118.SH,20170819,20170630,53.3681,-6.5619,3.809,-4.7591
603238.SH,20170824,20170630,3.7106,-24.0479,14.7275,2.7933
603377.SH,20170812,20170630,-1.5837,-15.0282,24.0172,6.3197
603936.SH,20170815,20170630,34.8036,29.0816,-11.3461,3.4223
300566.SZ,20170823,20170630,7.5051,16.9386,-6.6093,3.7749
300517.SZ,20170822,20170630,-23.2316,-41.1104,-16.9697,1.9998
600996.SH,20170824,20170630,20.5821,88.2221,22.5297,7.875
002338.SZ,20170818,20170630,13.7039,-0.3856,2.5565,2.5649
300608.SZ,20170824,20170630,-15.0205,2.0306,-18.2795,-3.3441
603616.SH,20170823,20170630,31.7647,-124.1869,-41.3892,-3.3884
603656.SH,20170817,20170630,-5.5968,1.6315,22.0291,4.7628
300329.SZ,20170822,20170630,20.2726,15.0747,-1.9826,1.7837
300678.SZ,20170818,20170630,8.9518,-1.7907,12.6584,2.1019
300587.SZ,20170817,20170630,-9.124,2.6835,-15.0818,3.0748
603707.SH,20170801,20170630,,,-64.619,8.7735
600980.SH,20170818,20170630,62.1774,70.5205,60.1363,2.9315
603679.SH,20170810,20170630,,,6.4764,3.4574
603776.SH,20170816,20170630,,,44.0203,10.6721
002553.SZ,20170808,20170630,23.2529,-11.9894,26.2804,5.9155
300200.SZ,20170824,20170630,57.2544,-34.9352,-5.6984,1.4508
603677.SH,20170803,20170630,18.5313,12.3207,-17.0663,6.9013
002731.SZ,20170811,20170630,26.3308,346.0866,42.6869,3.3681
300532.SZ,20170801,20170630,0.362,-55.1315,31.0885,1.9977
002489.SZ,20170818,20170630,43.7896,-90.3182,77.6534,7.2382
300374.SZ,20170718,20170630,416.5321,131.4664,-11.983,3.081
300570.SZ,20170720,20170630,-1.518,-13.1105,31.6879,4.4421
603608.SH,20170815,20170630,13.9379,47.1472,23.8131,5.8945
603166.SH,20170727,20170630,34.9433,75.9525,4.8904,2.0179
603599.SH,20170818,20170630,98.929,91.9966,15.0363,6.3028
603380.SH,20170810,20170630,,,9.6777,8.6132
600509.SH,20170824,20170630,3.1579,-69.4977,58.9217,3.1207
600778.SH,20170810,20170630,-1.0286,-87.5837,18.1273,-18.6571
000417.SZ,20170816,20170630,4.0092,-26.9544,-6.9154,4.5428
600701.SH,20170822,20170630,298.1399,242.3838,-1.4682,3.325
600129.SH,20170805,20170630,17.7383,-27.4958,0.6355,2.3489
600641.SH,20170818,20170630,222.5048,25624.6078,-11.4847,14.5859
000096.SZ,20170815,20170630,43.8686,-19.9977,-3.2222,4.022
600793.SH,20170819,20170630,432902.0144,1961.2711,17.4641,-62.7895
600800.SH,20170823,20170630,14.7475,25.2218,-64.758,-32.4686
600769.SH,20170728,20170630,162.7131,41.3816,0.3946,2.1072
600703.SH,20170811,20170630,29.7777,61.8132,31.336,7.3233
600720.SH,20170817,20170630,23.0025,75.7355,21.4014,4.0047
002072.SZ,20170819,20170630,2365.1187,-88.5799,-10.8849,3.4601
600486.SH,20170822,20170630,22.4105,4.9145,24.1044,6.3027
600119.SH,20170822,20170630,165.9683,-91.6266,21.5394,1.2782
600256.SH,20170816,20170630,77.4903,94.1268,33.0047,0.6169
600123.SH,20170815,20170630,126.3152,1157.3402,4.5745,5.6227
600717.SH,20170824,20170630,12.0074,-22.0294,14.4932,3.5795
600248.SH,20170819,20170630,36.806,32.7959,6.9368,3.0723
300436.SZ,20170815,20170630,-0.3278,-45.3452,48.1761,4.8068
300483.SZ,20170822,20170630,42.0265,115.4813,116.0579,1.4373
002513.SZ,20170822,20170630,35.2969,24.179,41.1064,2.3069
002225.SZ,20170810,20170630,8.1049,-0.8505,7.8261,2.2458
300282.SZ,20170818,20170630,37.4836,42.9434,-2.4977,2.3084
002380.SZ,20170728,20170630,32.8327,28.3948,25.1097,2.2795
300569.SZ,20170812,20170630,-47.2386,-75.2134,14.9327,3.1184
002755.SZ,20170818,20170630,286.7824,446.1818,-31.6359,0.4485
300534.SZ,20170816,20170630,-6.0749,-56.2124,-9.3168,1.4958
300322.SZ,20170811,20170630,21.0819,-85.9443,-15.1237,0.3779
300229.SZ,20170818,20170630,27.8503,56.0544,3.9062,0.7087
002113.SZ,20170818,20170630,54.4717,-8.1863,24.7324,1.772
002456.SZ,20170822,20170630,31.2061,76.8307,-6.5945,4.9661
002236.SZ,20170807,20170630,52.069,40.7809,9.61,11.2158
601567.SH,20170822,20170630,-3.376,-1.2907,13.9634,3.1433
601116.SH,20170818,20170630,-7.8625,39.8727,0.7879,3.589
300582.SZ,20170815,20170630,21.9671,-8.3606,12.8062,0.8991
600802.SH,20170822,20170630,33.4514,101.5679,-35.8548,-6.2513
002529.SZ,20170824,20170630,110.44,235.1458,-34.117,1.0281
300666.SZ,20170821,20170630,32.9824,16.4861,16.0544,4.6677
300394.SZ,20170808,20170630,14.8365,-7.3287,34.7941,7.5915
600851.SH,20170822,20170630,6.3365,-53.8103,6.8227,1.5773
601599.SH,20170822,20170630,11.2434,-12.5302,-13.7533,2.5622
002566.SZ,20170824,20170630,10.8174,5.3442,12.5036,1.491
002837.SZ,20170811,20170630,23.3886,-0.944,-7.0814,6.3486
603757.SH,20170824,20170630,31.9171,15.1644,3.6056,20.4746
300463.SZ,20170801,20170630,23.8904,16.6011,2.8502,8.0312
002219.SZ,20170822,20170630,55.8168,31.657,12.8251,3.7217
002272.SZ,20170824,20170630,17.5535,-113.1056,3.3778,-0.4606
300604.SZ,20170824,20170630,43.5697,19.5215,9.0763,3.7099
002310.SZ,20170811,20170630,73.3628,38.2007,5.2331,6.2442
002160.SZ,20170818,20170630,40.5613,29.391,-14.1109,1.7558
603181.SH,20170823,20170630,,,14.3486,8.4092
603199.SH,20170714,20170630,13.8392,-6.485,48.2782,6.0264
300620.SZ,20170811,20170630,16.8057,38.7984,5.1625,6.3114
603306.SH,20170823,20170630,30.7513,7.1606,59.2747,9.4379
600868.SH,20170815,20170630,-33.1789,583.446,26.3591,0.4754
603838.SH,20170823,20170630,14.5257,-7.4424,12.94,3.8297
002384.SZ,20170822,20170630,129.4458,-26.3738,-12.7967,1.7638
002274.SZ,20170811,20170630,19.5308,-328.8085,8.7076,0.609
002817.SZ,20170821,20170630,0.5271,-18.195,29.8162,3.331
002870.SZ,20170818,20170630,18.6027,10.6767,6.2079,7.0559
002476.SZ,20170819,20170630,-49.7904,-904.7069,-39.5883,-5.0231
603028.SH,20170810,20170630,2.8588,-16.2915,28.1585,1.8583
002699.SZ,20170824,20170630,150.3111,101.0445,-16.5779,1.4877
300129.SZ,20170818,20170630,49.2262,-5.6889,9.618,4.0008
600406.SH,20170729,20170630,15.1533,24.3194,25.1959,3.8765
002450.SZ,20170815,20170630,33.557,38.7397,18.4537,11.0381
002795.SZ,20170819,20170630,19.2924,-11.8029,-2.5501,4.7962
601231.SH,20170824,20170630,27.8219,49.3375,0.9005,5.7924
600521.SH,20170821,20170630,20.2848,13.3372,5.8283,5.7194
002689.SZ,20170824,20170630,-6.2019,-2.1746,-6.8509,1.9252
600572.SH,20170815,20170630,-20.9287,27.1088,11.5903,8.9141
603369.SH,20170731,20170630,11.7275,17.6086,41.9573,13.2907
603456.SH,20170816,20170630,-0.6417,18775.4321,6.326,2.7066
002769.SZ,20170824,20170630,56.8956,1.8405,7.1698,7.2903
603557.SH,20170817,20170630,,,64.8727,7.8356
603508.SH,20170814,20170630,-4.6414,35.2232,2.903,2.2133
300410.SZ,20170823,20170630,144.8912,235.5087,0.8993,5.1566
002101.SZ,20170822,20170630,130.379,269.6068,11.0084,4.3944
300468.SZ,20170725,20170630,29.274,15.5272,9.1236,3.2347
300552.SZ,20170819,20170630,-14.7473,-44.269,-50.2509,0.9002
300321.SZ,20170822,20170630,3.4093,-28.6207,9.7677,1.3635
300484.SZ,20170822,20170630,-6.7531,-13.309,89.496,11.2002
300441.SZ,20170819,20170630,87.801,123.8524,19.8844,5.9167
603725.SH,20170816,20170630,,,-0.6993,5.6114
300559.SZ,20170816,20170630,-7.7896,-8.1985,47.7502,3.6393
002572.SZ,20170814,20170630,49.4391,47.3076,38.2314,7.2709
002512.SZ,20170815,20170630,-12.1368,106.231,-12.4615,0.4567
601579.SH,20170824,20170630,15.8709,-83.5845,4.347,2.83
603101.SH,20170810,20170630,12.8736,85.2285,6.5287,5.1382
603180.SH,20170810,20170630,9.6381,106.1409,33.3889,6.4513
002329.SZ,20170823,20170630,-15.5895,-14.4326,52.8775,2.7217
600537.SH,20170822,20170630,-19.0004,-89.0862,1.7188,0.6405
603648.SH,20170824,20170630,,,5.9923,9.3274
300397.SZ,20170818,20170630,46.8195,159.551,70.8819,0.2178
300645.SZ,20170822,20170630,49.3039,-50.9913,-47.5312,-0.5252
300562.SZ,20170817,20170630,9.4577,-224.5748,1.2842,-3.6404
002568.SZ,20170818,20170630,20.5732,150.1638,8.5207,3.6555
300603.SZ,20170818,20170630,314.9306,84.87,-7.2429,10.8562
002097.SZ,20170818,20170630,95.9838,214.9044,-2.1489,2.1537
603001.SH,20170816,20170630,-0.0826,-38.1224,24.1616,3.7644
002860.SZ,20170804,20170630,7.1045,16.3266,24.6854,8.5334
600271.SH,20170819,20170630,19.1028,-25.3947,8.6949,6.946
600532.SH,20170801,20170630,312.3579,62.5311,10.6224,-1.4239
601777.SH,20170823,20170630,20.4192,-3.0655,-9.9893,1.3593
002828.SZ,20170823,20170630,29.0958,13.837,-33.0661,1.9818
600228.SH,20170819,20170630,34.4979,15.1456,-10.2196,-45.8045
600845.SH,20170822,20170630,24.4978,1.8735,33.1,4.4743
600381.SH,20170821,20170630,-25.8231,48.3558,46.3411,3.9227
600543.SH,20170720,20170630,50.2937,123.2842,-24.26,1.2648
600074.SH,20170811,20170630,51.9307,-0.2903,19.8066,7.7384
600826.SH,20170819,20170630,44.2318,-42.6459,0.2363,0.7341
300683.SZ,20170822,20170630,,,27.3085,8.9577
600660.SH,20170805,20170630,12.4205,-20.6504,14.7754,7.6002
600732.SH,20170822,20170630,91.369,296.1687,2.9956,6.4795
603036.SH,20170809,20170630,1.0588,-45.8788,29.9628,1.4231
600301.SH,20170810,20170630,-52.63,-13.3779,-1643.9558,-3.5121
600117.SH,20170816,20170630,-18.7255,100.026,-7.1011,0.1914
600884.SH,20170816,20170630,75.6223,41.9921,3.2151,3.0327
002414.SZ,20170823,20170630,9.2811,-10.288,-10.8226,1.1651
000055.SZ,20170801,20170630,52.8935,417.4568,26.6424,9.3404
600961.SH,20170728,20170630,5.7363,-36.2569,2.5734,15.3611
300342.SZ,20170821,20170630,26.9217,4.3283,62.2391,7.3946
002109.SZ,20170818,20170630,-33.4642,49.7979,34.1471,3.1511
002567.SZ,20170808,20170630,31.8149,92.3422,5.1741,4.869
300487.SZ,20170815,20170630,21.7399,143.9088,36.0668,4.3988
601339.SH,20170809,20170630,13.0691,-3.0234,23.3392,3.8313
300248.SZ,20170819,20170630,35.9353,401.238,-20.9667,1.7517
600065.SH,20170817,20170630,159.9324,18.1119,-3.3889,
002524.SZ,20170815,20170630,-5.1157,-28.2079,34.8858,-5.252
300169.SZ,20170815,20170630,2.9232,-24.3388,39.4063,0.0734
002442.SZ,20170811,20170630,56.9738,75.9485,12.5361,3.0002
300668.SZ,20170801,20170630,62.9768,73.7013,22.471,10.6317
002053.SZ,20170823,20170630,19.4575,2.6221,-26.3426,3.7384
002195.SZ,20170818,20170630,53.9468,75.8025,-180.1592,6.1415
603105.SH,20170805,20170630,,,-0.505,3.6874
603328.SH,20170824,20170630,23.8124,0.7227,7.7133,5.5012
603737.SH,20170815,20170630,28.0462,11.1156,17.2379,2.1174
603766.SH,20170803,20170630,23.9648,17.225,-1.7976,6.9145
002849.SZ,20170819,20170630,9.3887,-5.3188,4.2327,4.7503
002125.SZ,20170818,20170630,24.1057,214.6527,25.8735,1.9479
002246.SZ,20170823,20170630,-3.3473,-48.0743,21.9855,1.8114
603279.SH,20180117,20170630,,,3.8097,5.2513
300606.SZ,20170818,20170630,5.4644,1.6882,28.4352,7.2055
300688.SZ,20170809,20170630,2.3131,-2.7166,10.1964,5.7267
603228.SH,20170815,20170630,30.2752,16.5806,8.4021,10.7895
300511.SZ,20170801,20170630,39.7272,79.9402,8.3541,2.46
300533.SZ,20170822,20170630,-19.0768,-53.1256,-1.7769,3.5028
300546.SZ,20170818,20170630,9.5156,-25.9215,-28.1052,3.8211
002687.SZ,20170823,20170630,-4.7768,-2.3719,-5.1378,3.3925
002295.SZ,20170822,20170630,62.2567,172.5703,1.5435,3.614
300848.SZ,20170811,20170630,,,,16.2206
002491.SZ,20170824,20170630,5.5742,11.8108,17.0343,6.0891
002528.SZ,20170823,20170630,50.6157,2056.0302,-9.6097,-1.3547
300395.SZ,20170809,20170630,18.4108,11.226,21.5379,6.119
002730.SZ,20170822,20170630,29.5738,21.6834,-1.3207,2.1337
002188.SZ,20170815,20170630,8.2175,-74.7062,28.2752,-0.3642
603318.SH,20170818,20170630,25.704,82.5563,-15.8009,5.3219
603116.SH,20170824,20170630,7.7017,25.9995,11.8315,4.087
300310.SZ,20170823,20170630,32.6682,22.9436,0.5962,3.4495
002421.SZ,20170803,20170630,31.7417,35.6226,-7.6309,3.2906
603010.SH,20170729,20170630,40.2386,-12.1385,9.0935,6.0933
002429.SZ,20170802,20170630,30.1414,57.8557,-3.3153,3.557
601898.SH,20170824,20170630,39.5345,-37.4417,16.0925,1.8103
300059.SZ,20170729,20170630,-21.6668,-27.3838,-267.6213,1.9807
002748.SZ,20170823,20170630,22.841,149.2462,2.4448,10.986
300171.SZ,20170823,20170630,10.88,-46.7686,4.8829,2.4483
300421.SZ,20170823,20170630,22.7616,37.856,25.4366,2.6819
600050.SH,20170817,20170630,-1.0869,67.5858,40.0871,1.2829
601222.SH,20170818,20170630,18.8194,249.3268,-6.4588,4.1133
601799.SH,20170818,20170630,20.6293,31.2891,29.779,5.3788
002564.SZ,20170811,20170630,1720.8947,502.1603,7.3935,3.3257
002626.SZ,20170821,20170630,13.7271,1.5966,22.346,6.6627
300364.SZ,20170804,20170630,24.0588,37.1514,30.3762,0.779
002826.SZ,20170819,20170630,-23.6933,-20.3487,9.9349,3.6661
002846.SZ,20170821,20170630,36.88,-9.3177,29.9585,5.2918
300181.SZ,20170726,20170630,-6.2289,10.3756,-16.6229,2.9974
603882.SH,20170821,20170630,,,10.4366,6.1149
600580.SH,20170822,20170630,19.4219,32.8441,1.3144,2.3769
603038.SH,20170822,20170630,17.4074,1.0214,9.9998,5.1999
603701.SH,20170819,20170630,13.5526,5.3678,15.5312,6.7563
002392.SZ,20170818,20170630,12.7732,-16.7582,11.2789,1.9151
600576.SH,20170811,20170630,2.4327,-47.9688,-12.6974,2.02
601368.SH,20170823,20170630,5.095,117.1596,35.4449,5.6154
002896.SZ,20170816,20170630,,,20.382,9.8885
002318.SZ,20170808,20170630,0.7277,8.7537,14.6679,2.2982
300447.SZ,20170822,20170630,69.5634,50.1576,23.4432,6.6602
300254.SZ,20170812,20170630,22.4048,11.2759,8.2783,2.3737
603722.SH,20170927,20170630,,,34.1583,8.6354
600080.SH,20170726,20170630,16.5844,-16.5101,3.0888,1.3504
601577.SH,20170731,20170630,,,297.3901,
002470.SZ,20170822,20170630,14.1226,1.4472,28.4413,8.9289
603018.SH,20170823,20170630,39.1036,40.226,-7.3933,6.0132
603601.SH,20170720,20170630,80.8669,122.9097,9.314,3.7756
002653.SZ,20170816,20170630,14.566,-51.8894,16.87,4.8751
603638.SH,20170808,20170630,57.9551,58.5374,26.96,10.4841
002305.SZ,20170823,20170630,-64.6798,483.2007,557.5266,0.2341
603103.SH,20170913,20170630,,,29.6265,17.5318
603683.SH,20170925,20170630,,,12.1321,4.6151
002907.SZ,20170926,20170630,,,12.1726,9.207
600116.SH,20170805,20170630,-6.801,23.6944,27.7381,4.697
600298.SH,20170713,20170630,19.0944,41.2423,23.751,11.9075
600614.SH,20170808,20170630,-14.3805,66.0281,6.3704,3.6489
600262.SH,20170822,20170630,-1.9872,959.7443,20.5129,1.6222
600288.SH,20170824,20170630,12.6046,-46.811,1.031,-0.4268
600315.SH,20170817,20170630,-13.9652,-55.9197,24.4946,4.4539
600506.SH,20170819,20170630,95.2702,90.4472,71.7742,-0.7748
600818.SH,20170818,20170630,16.7799,-40.3854,-25.9162,-0.804
600189.SH,20170729,20170630,-13.036,210.6321,70.4696,-8.0966
688699.SH,20180117,20170630,,,,14.1399
002806.SZ,20170823,20170630,1.8639,-27.7612,5.4521,2.2012
002399.SZ,20170819,20170630,14.6281,-70.0044,-18.4857,-0.0493
600713.SH,20170819,20170630,6.5985,64.733,4.0465,3.6591
002661.SZ,20170819,20170630,15.3183,11.1858,-16.1534,2.3219
600622.SH,20170822,20170630,44.2411,337.4311,48.0864,4.9987
300859.SZ,20171013,20170630,,,,-4.6803
600270.SH,20170823,20170630,12.0532,29.688,3.2614,6.0024
600293.SH,20170714,20170630,936.2792,3523.1333,-12.186,4.9532
600589.SH,20170822,20170630,14.6958,52.3496,7.8528,2.1326
002035.SZ,20170821,20170630,29.1696,48.9115,11.4061,12.7093
600400.SH,20170822,20170630,20.9435,1441.6412,-45.3969,1.4846
600744.SH,20170819,20170630,85.6916,-0.0223,6.3726,-11.9638
600700.SH,20170818,20170630,8.9194,4.0387,2.0983,
600368.SH,20170818,20170630,36.6956,104.9907,55.9537,7.4469
002931.SZ,20180103,20170630,,,19.7183,13.7619
600106.SH,20170818,20170630,-23.6874,7.0831,5.9695,4.5116
600667.SH,20170823,20170630,39.5413,314.2009,-5.1164,3.3068
600864.SH,20170823,20170630,17.0287,39.4198,-603.2253,1.8163
601168.SH,20170728,20170630,-1.3282,70.4343,9.2281,2.2352
603617.SH,20170821,20170630,19.1081,6.1668,37.0333,10.8631
603363.SH,20170905,20170630,,,15.5544,12.0222
300706.SZ,20170913,20170630,,,23.0201,9.7565
300692.SZ,20170731,20170630,,,101.8615,4.0219
002891.SZ,20170818,20170630,,,9.9007,12.8146
300412.SZ,20170817,20170630,42.1887,-7.8171,-42.418,2.8633
603829.SH,20170920,20170630,,,12.1306,6.5678
300736.SZ,20171226,20170630,,,-7.9935,9.8723
300405.SZ,20170824,20170630,89.15,323.3288,0.0952,0.6643
603607.SH,20170928,20170630,,,27.8622,13.4728
603289.SH,20171010,20170630,,,14.3458,8.0834
002621.SZ,20170822,20170630,74.3408,-32.5916,-9.2571,0.5593
601595.SH,20170823,20170630,23.1889,2.4669,15.434,4.8129
300224.SZ,20170815,20170630,-34.9619,-149.0626,15.4831,-0.7233
603636.SH,20170823,20170630,-1.1741,-24.7643,67.3663,0.3399
300005.SZ,20170817,20170630,14.0914,27.4144,8.5264,2.1042
603348.SH,20171206,20170630,,,12.5402,6.2481
300829.SZ,20171212,20170630,,,17.9563,5.5301
002893.SZ,20170807,20170630,,,-48.0375,20.7353
603567.SH,20170819,20170630,19.3208,-41.8178,23.9953,3.4859
600669.SH,20170826,20170630,,-31.2931,,
002383.SZ,20170808,20170630,74.316,125.2937,-139.9821,1.3499
002256.SZ,20170823,20170630,-35.227,-21.9166,32.1096,2.4741
603985.SH,20170823,20170630,10.3049,28.7673,4.6385,6.5629
603507.SH,20171017,20170630,,,-6.0293,11.2951
300368.SZ,20170721,20170630,13.8637,47.8374,-20.7729,-1.5052
300286.SZ,20170805,20170630,23.8905,17.0088,19.8802,7.1783
603816.SH,20170823,20170630,55.4854,51.6573,8.3674,9.2345
002735.SZ,20170728,20170630,29.0078,48.3529,-0.9622,3.8364
002805.SZ,20170816,20170630,7.3074,-23.2758,0.2626,1.8515
603738.SH,20170817,20170630,15.8116,-16.6851,-2.7449,4.5188
300195.SZ,20170810,20170630,0.5765,-11.5069,84.5422,0.9964
300689.SZ,20170727,20170630,,,3.4966,8.8881
601388.SH,20170815,20170630,84.7203,2050.943,5.3526,5.7702
000730.SZ,20170819,20170630,-4.7135,-14.7535,5.9038,3.275
601199.SH,20170817,20170630,-2.8422,-15.5788,1.9656,5.8102
603813.SH,20170808,20170630,,,33.1326,6.4551
002677.SZ,20170818,20170630,58.6487,56.471,34.6616,7.878
300347.SZ,20170823,20170630,33.1624,100.9553,5.438,5.2624
601975.SH,20170812,20170630,-45.2287,-48.0065,43.5017,6.1628
002633.SZ,20170824,20170630,35.8231,80.592,13.4255,-0.5422
603188.SH,20170824,20170630,-5.6602,-23.8288,20.9512,9.2005
002493.SZ,20170815,20170630,73.6708,-16.3394,-8.7466,7.1791
603309.SH,20170818,20170630,35.1795,17.4564,12.2989,3.8939
002898.SZ,20170821,20170630,,,26.528,10.9279
603609.SH,20170824,20170630,11.479,-67.6897,11.49,3.2103
002813.SZ,20170817,20170630,15.6954,-49.8243,-6.2403,2.6368
002766.SZ,20170821,20170630,47.6507,91.9223,-1.608,3.894
603111.SH,20170727,20170630,16.289,2.2275,-4.1647,7.8812
300134.SZ,20170809,20170630,-28.7117,-373.3507,25.9805,-1.776
000015.SZ,20170824,20170630,236.2943,8.0234,-5.1754,0.7131
002218.SZ,20170822,20170630,59.3107,80.2023,1.332,3.1697
603080.SH,20171212,20170630,,,44.1377,8.1888
603991.SH,20170822,20170630,-13.6821,-11.5802,62.1476,3.7375
300555.SZ,20170823,20170630,24.7937,-10.0223,-37.4131,2.4906
600670.SH,20170816,20170630,17.921,114.0201,909.4549,33.7359
300500.SZ,20170804,20170630,41.3737,-0.411,8.43,4.2624
688106.SH,20170819,20170630,,,32.3984,4.8544
603398.SH,20170816,20170630,7.6627,16.9498,37.1275,4.1633
002654.SZ,20170808,20170630,106.1547,-9.665,-1.1231,2.9948
300337.SZ,20170818,20170630,12.5434,-46.9945,-9.6114,0.7772
600901.SH,20170710,20170630,,,123.5136,
300935.SZ,20170819,20170630,,,,11.802
603721.SH,20170724,20170630,,,60.258,10.9787
002996.SZ,20171017,20170630,,,,7.8143
002276.SZ,20170821,20170630,27.0021,16.5928,-26.0122,1.1505
603615.SH,20170809,20170630,-3.8406,-28.1375,8.4149,4.1128
300541.SZ,20170803,20170630,-1.9649,-10.3438,-7.3271,2.4376
002574.SZ,20170819,20170630,11.0999,154.8586,24.9227,1.4585
603127.SH,20170807,20170630,,,54.4504,3.1564
603496.SH,20170824,20170630,,,6.0085,7.6082
002706.SZ,20170805,20170630,30.1422,56.8406,27.5912,5.6528
603678.SH,20170807,20170630,25.1786,49.0584,0.8711,4.5918
603919.SH,20170728,20170630,12.501,27.8672,-9.6638,8.2099
600625.SH,20170826,20170630,-51.707,234.5163,17.2117,
002757.SZ,20170817,20170630,48.7165,80.3401,20.2342,5.9217
603969.SH,20170816,20170630,51.7175,-23.3408,-4.0661,3.8548
603700.SH,20180126,20170630,,,25.4482,14.5851
002785.SZ,20170824,20170630,8.5823,10.4114,7.163,1.6337
603937.SH,20171012,20170630,,,3.3441,5.6126
300718.SZ,20171016,20170630,,,31.1624,10.7041
603157.SH,20170905,20170630,,,-7.3125,7.2316
603685.SH,20171106,20170630,,,5.4591,15.7456
002864.SZ,20171025,20170630,,,22.2711,5.2364
300710.SZ,20170927,20170630,,,10.01,7.9626
600903.SH,20171018,20170630,,,50.6218,3.6019
603912.SH,20171012,20170630,,,8.612,10.9694
603968.SH,20170824,20170630,4.2424,-40.428,-4.3416,5.1633
601616.SH,20170819,20170630,-10.6991,113.6544,9.9934,0.1696
600237.SH,20170819,20170630,30.4287,105.2358,-9.4707,-0.2583
600549.SH,20170810,20170630,87.9157,574.1598,-5.2174,6.0916
600586.SH,20170729,20170630,27.914,329.1869,30.0817,2.4364
002902.SZ,20170912,20170630,,,12.1459,6.0775
002843.SZ,20170818,20170630,16.1009,27.6064,38.7255,4.0621
300899.SZ,20170829,20170630,,,,4.6981
600752.SH,20170829,20170630,,93.834,,
600145.SH,20170818,20170630,,-73.5195,-1271.6251,0.6594
002111.SZ,20170824,20170630,17.2537,32.9687,-23.6183,3.809
300943.SZ,20170918,20170630,,,10.3728,10.3408
603466.SH,20170925,20170630,,,6.9323,14.4543
603083.SH,20171023,20170630,,,21.7281,5.5435
002911.SZ,20171031,20170630,,,17.5561,12.0283
002831.SZ,20170821,20170630,25.3651,16.0906,35.4862,6.7096
603008.SH,20170729,20170630,59.894,52.0499,0.9535,3.301
600499.SH,20170819,20170630,-2.8524,-23.9601,-22.1801,5.9981
600672.SH,20170829,20170630,-16.9068,78.4286,322.8013,-13.7985
002930.SZ,20170829,20170630,-16.0668,-44.2152,63.3051,3.8834
000658.SZ,20170829,20170630,-100.0,-620.3163,,
600069.SH,20170824,20170630,17.7591,122.8485,16.2232,-1.1212
002875.SZ,20170822,20170630,,,18.2051,7.5071
002488.SZ,20170815,20170630,2.9779,-42.3107,-35.5199,-2.7656
300118.SZ,20170819,20170630,207.3803,54.4735,1.2304,4.9203
000925.SZ,20170818,20170630,1.4592,-217.7578,8.2596,-1.3614
600230.SH,20170811,20170630,92.0163,463.1313,30.5995,35.5701
603855.SH,20170822,20170630,41.0334,-3.6186,-1.5726,2.7072
300096.SZ,20170822,20170630,33.9634,-402.3624,-21.1753,-6.0752
300473.SZ,20170809,20170630,280.233,-7.9857,18.6481,3.7885
002643.SZ,20170817,20170630,39.6988,19.4178,20.2198,5.4422
600097.SH,20170818,20170630,168.672,152.2613,5.7776,-3.399
600217.SH,20170815,20170630,60.5191,161.4493,-53.3585,7.3821
600239.SH,20170822,20170630,153.8286,5.9779,18.8035,-7.4725
002791.SZ,20170818,20170630,15.1952,1.7385,-4.7204,3.7334
605183.SH,20170829,20170630,,,18.7668,6.987
002040.SZ,20170824,20170630,237.2204,183.0676,39.7643,1.8602
002908.SZ,20170925,20170630,,,1.1567,5.6659
603963.SH,20170904,20170630,,,25.4552,15.3066
603922.SH,20170904,20170630,,,12.3438,10.015
002900.SZ,20170904,20170630,,,22.937,9.1702
300711.SZ,20171011,20170630,,,-10.2537,9.6706
600063.SH,20170802,20170630,36.858,32.3247,9.0187,1.4987
600193.SH,20170823,20170630,-87.3879,-87874.722,-995.4967,1.5983
002958.SZ,20180110,20170630,,,,7.0806
603773.SH,20180112,20170630,,,40.6448,16.0342
603693.SH,20180119,20170630,,,72.3992,5.9959
603321.SH,20170828,20170630,,,8.445,7.052
603214.SH,20180119,20170630,,,10.8307,10.4566
603396.SH,20170927,20170630,,,-5.3814,8.1144
605296.SH,20170930,20170630,,,,13.8256
603871.SH,20180123,20170630,,,2.5782,26.5916
002899.SZ,20180823,20170630,,,15.408,8.9156
002929.SZ,20171226,20170630,,,-10.726,10.0894
603329.SH,20171212,20170630,,,8.0406,9.1505
300845.SZ,20170817,20170630,,,-40.0393,2.1071
300823.SZ,20171229,20170630,,,,7.3927
603863.SH,20171215,20170630,,,20.8941,9.5809
600989.SH,20171229,20170630,108.4278,229.701,14.5899,12.599
300795.SZ,20171013,20170630,,,28.3746,5.0997
300746.SZ,20171227,20170630,,,7.8415,3.556
600929.SH,20171227,20170630,,,5.7112,4.7513
603596.SH,20180109,20170630,,,-4.776,13.5011
600971.SH,20170819,20170630,92.6822,561.1381,36.8796,10.456
002697.SZ,20170726,20170630,14.352,9.4794,2.0914,4.4407
603032.SH,20170810,20170630,-19.7113,-68.3419,528.252,2.5024
300584.SZ,20170808,20170630,39.8252,34.8299,28.0528,7.4904
603360.SH,20170822,20170630,-8.7361,8.9112,34.7088,9.3513
603559.SH,20170729,20170630,32.7799,11.6666,-0.0637,2.2238
300204.SZ,20170822,20170630,11.2657,17.4442,1.564,7.3819
603338.SH,20170725,20170630,55.8666,48.6687,23.6546,12.6855
002545.SZ,20170823,20170630,19.9128,28.4372,32.4876,1.0663
601311.SH,20170819,20170630,44.8124,22.374,8.6123,2.8299
300223.SZ,20170809,20170630,64.8834,-73.083,-21.2222,-0.8804
688550.SH,20170831,20170630,,,,10.113
603161.SH,20171127,20170630,,,13.7737,9.3232
002707.SZ,20170819,20170630,14.937,16.4171,7.7566,5.0676
300513.SZ,20170823,20170630,28.8463,-14.9711,-44.5793,1.7657
300702.SZ,20170830,20170630,,,23.6989,11.4007
002469.SZ,20170726,20170630,291.8655,651.6802,-22.0993,1.7196
002915.SZ,20171114,20170630,,,4.062,6.2464
300433.SZ,20170812,20170630,52.6761,10.2038,10.61,1.6003
002787.SZ,20170824,20170630,14.7032,-26.8941,-1.9685,4.8559
002850.SZ,20170819,20170630,27.8721,-3.528,-32.1626,6.022
603533.SH,20170830,20170630,,,29.3557,8.483
600709.SH,20170901,20170630,100.1654,-36.0985,-132.3219,-4.8169
600890.SH,20170817,20170630,-54.5548,-9.6448,-1540.7908,-6.6676
002884.SZ,20170815,20170630,,,7.8008,11.5132
603996.SH,20170821,20170630,57.6909,14.3751,-32.2583,0.9316
002836.SZ,20170824,20170630,9.2036,74.0514,44.6153,3.8065
300716.SZ,20171018,20170630,,,17.4403,5.7404
603136.SH,20170913,20170630,,,56.0507,13.0653
600814.SH,20170815,20170630,11.287,-11.0439,0.9268,3.5403
002128.SZ,20170821,20170630,81.1652,246.2171,19.3957,10.6389
603386.SH,20170822,20170630,,,18.7905,8.1572
600975.SH,20170810,20170630,-1.0077,-91.27,18.7236,3.2941
002526.SZ,20170818,20170630,7.8217,226.6206,43.2801,0.6274
603339.SH,20170810,20170630,59.7293,33.3173,30.0396,5.0574
002682.SZ,20170818,20170630,113.6364,271.3771,-13.2239,2.4634
300695.SZ,20170807,20170630,,,18.5948,14.6046
002124.SZ,20170822,20170630,18.2011,-38.2956,12.0971,5.2539
603106.SH,20170831,20170630,,,21.8741,11.0095
300642.SZ,20170818,20170630,28.2672,26.0731,32.7425,7.6974
603880.SH,20180823,20170630,,,13.5286,10.7778
600765.SH,20170824,20170630,-5.2303,120.2611,23.2406,2.8812
300960.SZ,20170830,20170630,,,6.4461,10.3957
002810.SZ,20170817,20170630,16.1706,-3.648,24.2819,3.6719
300257.SZ,20170818,20170630,46.4003,-46.3774,5.4354,0.9333
605098.SH,20170831,20170630,,,,19.49
002388.SZ,20170823,20170630,14.0385,2783.4502,-39.0441,2.0505
002655.SZ,20170823,20170630,17.8035,-48.9121,15.7299,-0.0048
603388.SH,20170822,20170630,26.6639,39.7492,-24.656,5.2637
300305.SZ,20170822,20170630,5.3944,20.8635,23.9742,1.8704
601020.SH,20170816,20170630,10.5169,90.9186,63.6955,7.4213
300480.SZ,20170824,20170630,30.9285,17.5409,0.3473,2.9348
600092.SH,20170829,20170630,-58.2427,36.6838,-95.8031,
600878.SH,20170829,20170630,,78.3594,,
002126.SZ,20170824,20170630,39.5436,42.7953,6.6388,5.8705
300148.SZ,20170808,20170630,7.5219,-17.0086,68.0581,2.3612
002774.SZ,20170824,20170630,-9.971,-55.8253,4.7629,4.1273
300637.SZ,20170822,20170630,-4.8379,-33.9043,13.3758,5.992
300502.SZ,20170815,20170630,24.0598,21.454,-25.8456,5.6066
603528.SH,20170818,20170630,-22.0731,-42.7635,29.5037,4.7118
300724.SZ,20171024,20170630,,,-47.025,19.3168
300981.SZ,20170831,20170630,,,,12.4471
300590.SZ,20170811,20170630,39.326,14.9013,8.2319,8.6279
002897.SZ,20170821,20170630,,,12.8561,8.9499
603169.SH,20170818,20170630,162.0074,135.4555,-22.7855,0.3928
002537.SZ,20170823,20170630,84.2159,266.017,-9.9227,2.2946
300721.SZ,20171024,20170630,,,12.7345,5.1612
600933.SH,20171030,20170630,27.5693,-8.4354,31.746,11.9953
300743.SZ,20171025,20170630,,,11.4246,15.5335
300735.SZ,20171211,20170630,,,29.5419,11.768
603156.SH,20180122,20170630,,,160.8206,13.6289
605266.SH,20171031,20170630,,,,13.7346
603506.SH,20180102,20170630,,,9.1,14.4708
603577.SH,20170804,20170630,34.4105,-8.1145,-12.482,2.4013
300184.SZ,20170727,20170630,623.6666,684.5148,2.3305,5.1531
300868.SZ,20171215,20170630,,,,1.9261
002923.SZ,20171218,20170630,,,5.8039,9.974
603055.SH,20170901,20170630,,,10.2787,13.4406
002918.SZ,20171129,20170630,,,30.4123,13.592
603301.SH,20180105,20170630,,,16.098,8.2423
300371.SZ,20170816,20170630,10.2032,8.1783,-6.3651,1.8463
603712.SH,20180130,20170630,,,-2.0148,3.2891
300936.SZ,20171031,20170630,,,,21.2837
300968.SZ,20171121,20170630,,,,3.3531
603365.SH,20171031,20170630,,,-1.8524,9.9622
603378.SH,20170911,20170630,,,4.3344,5.1974
603367.SH,20170911,20170630,,,3.4427,4.9436
603605.SH,20171025,20170630,,,14.3989,12.8449
603970.SH,20171030,20170630,,,-0.1649,17.1892
603278.SH,20171023,20170630,,,3.4745,9.9501
603680.SH,20180131,20170630,,,6.6575,13.8666
603909.SH,20170819,20170630,47.1948,29.6985,-1.7051,4.5989
300012.SZ,20170812,20170630,26.0783,49.6345,19.6805,1.0194
603809.SH,20171018,20170630,,,40.285,9.2036
002910.SZ,20171010,20170630,,,35.1932,3.0793
300729.SZ,20171113,20170630,,,14.8408,6.6882
300739.SZ,20180115,20170630,,,18.8736,12.267
300177.SZ,20170819,20170630,20.0233,-11.8645,1.9929,0.8899
002868.SZ,20170821,20170630,-17.8367,-31.3388,21.4197,9.5997
002942.SZ,20170830,20170630,,,,15.3508
300393.SZ,20170823,20170630,156.662,80.9256,-15.8048,12.4661
300046.SZ,20170725,20170630,54.6337,215.4514,22.4169,3.3057
601077.SH,20170830,20170630,5.7963,9.2729,,
002483.SZ,20170822,20170630,-53.4979,-28.0198,-10.7141,0.7138
002866.SZ,20170818,20170630,24.3786,-21.9234,-11.3689,6.0776
300265.SZ,20170815,20170630,5.0565,-38.0717,18.2757,3.6041
605368.SH,20170830,20170630,,,9.7882,8.0789
603949.SH,20171023,20170630,,,,26.8066
603026.SH,20170818,20170630,44.7934,-32.8665,8.6195,5.6928
600340.SH,20170818,20170630,14.201,35.9427,-12.8346,16.3375
002917.SZ,20171121,20170630,,,-3.0669,10.3575
603713.SH,20180712,20170630,,,4.0822,7.1177
603045.SH,20171128,20170630,,,19.5428,4.4329
603650.SH,20180814,20170630,,,,
601138.SH,20180814,20170630,,,-3.1142,
601606.SH,20180717,20170630,,,3.5851,0.4294
603587.SH,20180717,20170630,,,23.7074,
601086.SH,20170911,20170630,,,13.9855,5.4929
603390.SH,20170830,20170630,,,16.7112,17.4472
601609.SH,20170829,20170630,,,5.2718,7.1503
300830.SZ,20170830,20170630,,,,6.4004
002527.SZ,20170821,20170630,26.8665,7.1721,-12.1875,3.1389
300898.SZ,20170823,20170630,,,14.8623,9.6067
605289.SH,20170823,20170630,,,,8.998
603897.SH,20180818,20170630,,,22.7925,
300454.SZ,20180820,20170630,,,29.4516,
300745.SZ,20180815,20170630,,,,
300684.SZ,20180810,20170630,,,-37.1359,
603283.SH,20180816,20170630,,,20.3235,
300504.SZ,20180825,20170630,,,-15.8181,
603733.SH,20180825,20170630,,,-3.5971,
601869.SH,20180827,20170630,,,13.9296,
603711.SH,20180817,20170630,,,-46.8558,
300861.SZ,20181115,20170630,,,,
603259.SH,20180822,20170630,,,24.5733,
603657.SH,20180822,20170630,,,2.0067,
600656.SH,20180913,20170630,,,,
300747.SZ,20180821,20170630,,,,
603056.SH,20180821,20170630,,,17.7,
603666.SH,20180824,20170630,,,-13.2962,
603013.SH,20180823,20170630,,,8.9473,
300836.SZ,20170809,20170630,,,,2.6835
300838.SZ,20170822,20170630,,,,3.9823
688122.SH,20170816,20170630,,,-30.4699,4.3235
688388.SH,20170812,20170630,63.9051,68.9034,-4.2012,10.2994
688133.SH,20170901,20170630,,,,5.7469
300941.SZ,20170830,20170630,,,-45.5717,7.1202
688004.SH,20170826,20170630,,,,5.256
688555.SH,20170824,20170630,,,,9.0903
301007.SZ,20170825,20170630,,,,10.8806
300875.SZ,20170817,20170630,,,2.5483,-33.7821
601665.SH,20170817,20170630,3.2416,60.6008,364.0225,7.9388
300909.SZ,20170822,20170630,,,,13.4971
003026.SZ,20170831,20170630,,,,14.5488
300931.SZ,20170826,20170630,,,,7.7413
688277.SH,20170825,20170630,,,,-1.3788
003017.SZ,20170816,20170630,,,13.6402,7.9481
688109.SH,20170829,20170630,,,,16.0686
300614.SZ,20170831,20170630,,,44.02,6.438
688339.SH,20170830,20170630,,,,-6.0018
688579.SH,20170816,20170630,,,-24.4766,3.3811
688518.SH,20170829,20170630,68.5574,24.9269,17.0783,10.3239
003030.SZ,20170831,20170630,,,,1.7803
605258.SH,20170826,20170630,,,,34.2919
688516.SH,20170831,20170630,,,,21.7104
605305.SH,20170816,20170630,,,36.8736,7.3631
688180.SH,20170826,20170630,,,-4379.5956,-11.288
688577.SH,20170825,20170630,,,,11.9812
688390.SH,20170810,20170630,,,,45.3479
300950.SZ,20170830,20170630,,,,2.6742
688156.SH,20170825,20170630,,,45.7575,6.8382
300920.SZ,20170802,20170630,,,,33.8358
300925.SZ,20170826,20170630,,,,10.4076
688083.SH,20170830,20170630,,,,5.5805
300972.SZ,20170830,20170630,,,,2.723
688335.SH,20170825,20170630,,,0.4384,2.3912
688215.SH,20170812,20170630,,,,10.8922
688127.SH,20170830,20170630,,,,16.4278
688596.SH,20170829,20170630,,,,3.1353
605189.SH,20170823,20170630,,,,10.5085
301011.SZ,20170825,20170630,,,,6.2506
301002.SZ,20170826,20170630,,,,32.4676
300967.SZ,20170817,20170630,,,-3.6703,-3.8621
688328.SH,20170830,20170630,,,1.5501,3.6556
688179.SH,20170823,20170630,,,37.3602,3.03
688131.SH,20170824,20170630,,,,20.836
688191.SH,20170818,20170630,,,,5.7428
688510.SH,20170829,20170630,,,,2.7035
688678.SH,20170826,20170630,,,,18.5042
001206.SZ,20170822,20170630,,,,10.3716
001205.SZ,20170809,20170630,,,,8.2413
301013.SZ,20170831,20170630,,,35.4903,13.7223
001202.SZ,20170822,20170630,,,,8.0843
300989.SZ,20170824,20170630,,,,22.0442
300988.SZ,20170817,20170630,,,,10.36
688565.SH,20170819,20170630,,,-5.9986,4.6575
688681.SH,20170811,20170630,,,,0.8418
003042.SZ,20170830,20170630,,,,14.5322
688395.SH,20170817,20170630,,,,5.7541
688663.SH,20170826,20170630,,,,8.0563
688269.SH,20170823,20170630,,,,17.2761
688076.SH,20170831,20170630,,,76.5836,5.528
300991.SZ,20170822,20170630,,,,13.1335
300983.SZ,20170811,20170630,,,-10.5159,19.5043
300980.SZ,20170831,20170630,,,,8.428
688359.SH,20170822,20170630,,,,6.5107
688367.SH,20170831,20170630,,,,-1.7552
605086.SH,20171017,20170630,,,,
605167.SH,20170830,20170630,,,,
601825.SH,20180831,20170630,,,,
688778.SH,20170810,20170630,,,,
000651.SZ,20170831,20170630,60.9599,67.7005,-13.0142,16.937
688779.SH,20170830,20170630,,,,
000995.SZ,20170830,20170630,-13.4173,-174.447,-53.6026,
002326.SZ,20170818,20170630,37.5062,-22.3407,-21.0662,3.8567
000712.SZ,20170822,20170630,-18.7078,-73.3576,-8774.3919,2.6142
600777.SH,20170823,20170630,16.9935,192.4435,180.3669,0.1792
000333.SZ,20170831,20170630,65.1176,15.5566,10.646,15.5237
002662.SZ,20170805,20170630,5.6008,-30.1288,17.5089,3.5553
600173.SH,20170727,20170630,28.4418,91.604,106.4396,5.2409
688239.SH,20170829,20170630,,,,-1.186
688625.SH,20170809,20170630,,,,14.5469
300776.SZ,20170810,20170630,,,,29.0087
000982.SZ,20170825,20170630,-23.8995,20.0555,-7.7368,-19.0507
002247.SZ,20170830,20170630,62.359,33.8583,10.29,4.3555
300199.SZ,20170817,20170630,55.0493,57.1951,2.1792,4.2926
300640.SZ,20170829,20170630,49.4164,10.9064,-1.676,9.7335
002175.SZ,20170823,20170630,-15.8147,-16.0174,-7.5634,-1.0935
301040.SZ,20170831,20170630,,,,3.6492
600956.SH,20170829,20170630,,,26.2874,
605138.SH,20170829,20170630,,,,
003039.SZ,20170817,20170630,0.5611,-77.2912,5.3821,2.544
605580.SH,20170830,20170630,,,,5.2335
601328.SH,20170825,20170630,3.1645,5.6843,-2.2622,6.1032
001219.SZ,20180823,20170630,,,,
601868.SH,20180831,20170630,,,5.8604,
830964.BJ,20180103,20170630,,,1.3723,5.5369
835174.BJ,20180130,20170630,,,,14.9873
834599.BJ,20170826,20170630,,,,6.6661
834021.BJ,20170825,20170630,,,-0.7843,5.0319
834682.BJ,20170829,20170630,,,-20.5724,5.7113
831856.BJ,20170829,20170630,,,,5.7566
831039.BJ,20170829,20170630,,,,7.7049
834765.BJ,20180105,20170630,,,18.2769,13.3355
830799.BJ,20170831,20170630,,,55.3254,8.8695
430198.BJ,20170831,20170630,,,22.6044,2.7684
836263.BJ,20170817,20170630,,,1.5132,6.8576
871553.BJ,20170829,20170630,,,,4.3346
835305.BJ,20170823,20170630,,,,6.0578
430090.BJ,20170809,20170630,,,3.6941,6.021
836077.BJ,20170815,20170630,,,,-2.0297
833266.BJ,20170825,20170630,,,16.3451,2.9845
834415.BJ,20170831,20170630,,,,-2.484
831726.BJ,20170819,20170630,,,,8.5965
837212.BJ,20170826,20170630,,,,15.2973
837344.BJ,20170822,20170630,,,,8.4652
833523.BJ,20170824,20170630,,,,20.8361
832735.BJ,20170825,20170630,,,11.3547,11.4135
430047.BJ,20170805,20170630,,,,-11.5413
838163.BJ,20170811,20170630,,,10.1307,12.2078
834475.BJ,20170819,20170630,,,16.5027,0.6784
835368.BJ,20170829,20170630,,,,8.7006
831768.BJ,20170831,20170630,,,,8.4979
838275.BJ,20170809,20170630,,,-19.4799,17.5593
835185.BJ,20170830,20170630,,,-3.0459,7.3368
830839.BJ,20170811,20170630,,,,4.475
871396.BJ,20170825,20170630,,,,3.8545
832566.BJ,20170819,20170630,,,-8.5047,4.5315
831445.BJ,20170816,20170630,2.6979,25.7865,20.9322,9.8703
839729.BJ,20170829,20170630,,,,7.6404
836675.BJ,20170818,20170630,,,-104.7071,5.4452
833874.BJ,20170819,20170630,,,46.188,21.459
832278.BJ,20170831,20170630,,,-13.5057,6.9035
430418.BJ,20170823,20170630,,,16.3991,11.2899
830832.BJ,20170810,20170630,,,,8.0705
838030.BJ,20170816,20170630,,,9.5818,27.0508
871642.BJ,20170831,20170630,,,,2.0844
831010.BJ,20171031,20170630,,,,6.5539
836149.BJ,20170826,20170630,,,-71.2859,3.2813
833427.BJ,20170830,20170630,,,,19.3328
830946.BJ,20170801,20170630,,,43.6153,9.1247
836239.BJ,20170819,20170630,,,-7.8625,4.32
832225.BJ,20170829,20170630,,,,6.4566
837242.BJ,20170831,20170630,,,,24.9514
836433.BJ,20170830,20170630,,,40.4114,10.2139
832885.BJ,20170822,20170630,,,,2.322
832000.BJ,20170817,20170630,,,,6.0545
839167.BJ,20170812,20170630,,,,9.158
833819.BJ,20170826,20170630,,,-38.9587,2.8165
430510.BJ,20170812,20170630,,,,7.8821
835508.BJ,20170829,20170630,,,-74.0893,2.6624
833509.BJ,20170819,20170630,,,,13.3407
835184.BJ,20170823,20170630,,,7.6217,7.973
831370.BJ,20170816,20170630,,,-4.9381,3.6089
831961.BJ,20170822,20170630,,,39.264,2.4648
836826.BJ,20170822,20170630,,,,7.6713
430489.BJ,20170826,20170630,,,1.4429,4.3067
835670.BJ,20170818,20170630,,,41.7569,-1.1897
839946.BJ,20170819,20170630,,,,9.5565
835640.BJ,20170901,20170630,,,12.7021,4.9081
833994.BJ,20170829,20170630,,,19.1894,17.4109
832317.BJ,20170829,20170630,,,8.0256,9.4729
836892.BJ,20170822,20170630,,,14.4628,11.437
002770.SZ,20170829,20170630,46.1566,42.9701,8.896,3.6164
600153.SH,20170830,20170630,63.4955,-5.7244,5.5264,3.3242
600737.SH,20170829,20170630,94.069,41.9066,68.2911,5.5111
002027.SZ,20170830,20170630,14.109,13.9368,27.2562,28.2796
600048.SH,20170830,20170630,0.7782,4.5111,11.3369,6.1381
601229.SH,20170826,20170630,-16.9512,6.5924,-670.8019,6.5464
000063.SZ,20170825,20170630,9.1402,32.1186,-11.4462,5.2851
000960.SZ,20170831,20170630,-0.5628,974.147,12.8284,4.4053
600755.SH,20170825,20170630,78.4795,54.4289,9.2738,0.1275
603703.SH,20170829,20170630,81.4902,2.7927,41.7559,2.6227
603920.SH,20170829,20170630,28.2671,-25.4476,-0.9085,5.6663
600176.SH,20170818,20170630,13.5,33.2543,31.6633,8.7354
600785.SH,20170803,20170630,6.1916,314.444,-6.9902,6.1282
002852.SZ,20170818,20170630,17.0821,-43.4674,-48.6452,5.7515
003816.SZ,20170828,20170630,54.3661,46.2874,61.4132,
605166.SH,20170829,20170630,,,,8.9184
600522.SH,20170829,20170630,41.2999,22.5252,4.2376,5.327
000038.SZ,20170826,20170630,81.3779,70.5976,-9.7258,3.3148
600883.SH,20170826,20170630,159.4914,210.5004,-169.4867,1.708
300341.SZ,20170829,20170630,1.9482,17.3083,17.2116,5.1836
601016.SH,20170815,20170630,24.718,65.1936,59.4273,3.4034
600309.SH,20170801,20170630,87.0505,188.4213,7.2671,26.7521
003004.SZ,20171208,20170630,,,,12.2595
688800.SH,20170830,20170630,,,23.1467,3.9863
300697.SZ,20170816,20170630,,,16.213,7.3681
002649.SZ,20170824,20170630,14.6903,-18.4575,-6.554,3.4652
688622.SH,20170825,20170630,,,,-13.092
688739.SH,20170826,20170630,,,42.1835,11.3135
688733.SH,20170819,20170630,,,-7.0749,2.9681
688701.SH,20170829,20170630,,,,8.9641
688737.SH,20170818,20170630,,,,13.4028
688711.SH,20170819,20170630,,,,0.0483
688707.SH,20170729,20170630,,,,7.2176
601728.SH,20170907,20170630,3.0277,9.6923,28.6136,
301046.SZ,20171229,20170630,,,,3.6857
001216.SZ,20171020,20170630,,,,6.3601
600584.SH,20170826,20170630,32.2683,390.656,22.4609,-2.6932
000617.SZ,20170828,20170630,71.1395,33.6246,19348.9513,5.3198
600057.SH,20170826,20170630,70.0441,111.4266,4.2212,-0.1764
600739.SH,20170826,20170630,51.1046,-60.0195,10.954,3.2456
600338.SH,20170726,20170630,57.7061,88.8314,34.7353,38.9202
600490.SH,20170818,20170630,39.6027,371.9818,24.3871,2.5554
301076.SZ,20180117,20170630,,,,13.003
300807.SZ,20170825,20170630,,,17.379,2.7858
001201.SZ,20171215,20170630,,,,12.3453
301062.SZ,20170830,20170630,,,,6.0761
301020.SZ,20170817,20170630,,,,16.5098
300825.SZ,20170829,20170630,,,,0.2224
301073.SZ,20170826,20170630,,,,25.761
688257.SH,20170831,20170630,,,,13.2047
300774.SZ,20170824,20170630,,,,16.1933
605589.SH,20170802,20170630,,,8.4162,6.6806
301030.SZ,20170829,20170630,,,62.508,2.5313
301024.SZ,20170831,20170630,,,,-0.5502
300964.SZ,20170824,20170630,,,,12.1454
300854.SZ,20170829,20170630,,,,5.5062
301077.SZ,20170829,20170630,,,,15.7714
301083.SZ,20170826,20170630,,,,10.4445
688226.SH,20170823,20170630,,,,4.4281
301069.SZ,20170826,20170630,,,,12.2597
688148.SH,20170816,20170630,,,,0.1046
301031.SZ,20170818,20170630,,,,20.0073
301067.SZ,20170815,20170630,,,,23.1529
301082.SZ,20170802,20170630,,,,8.3119
301057.SZ,20170830,20170630,,,,7.7336
301089.SZ,20170831,20170630,,,,4.5915
301078.SZ,20170826,20170630,,,,5.601
301060.SZ,20170829,20170630,,,,4.2703
301092.SZ,20170829,20170630,,,,8.0018
688303.SH,20170830,20170630,,,,20.8665
688296.SH,20170826,20170630,,,,9.1863
688255.SH,20170818,20170630,,,,7.4029
601868.SH,20180831,20170630,,,5.8604,
838924.BJ,20170817,20170630,,,-2.1021,5.4764
831305.BJ,20170829,20170630,,,42.0495,12.1825
600935.SH,20180814,20170630,,,,
600927.SH,20170809,20170630,,,-56.3727,9.4939
000626.SZ,20170831,20170630,34.2378,1.4277,-1.9257,-3.9714
832089.BJ,20171222,20170630,,,,4.7958
600500.SH,20170831,20170630,4.7987,69.8403,9.0213,1.277
600754.SH,20170831,20170630,31.6499,58.5855,28.3492,1.5664
600420.SH,20170818,20170630,-8.2999,5.7619,7.8713,6.0982
300763.SZ,20171103,20170630,,,,22.9636
600031.SH,20170830,20170630,64.0524,767.1396,29.4435,4.2625
000021.SZ,20170825,20170630,13.2847,186.7387,6.5954,1.1111
000065.SZ,20170831,20170630,25.8812,19.9709,36.5103,5.9894
000701.SZ,20170830,20170630,19.7313,-81.8384,5.0052,0.6856
000887.SZ,20170830,20170630,58.2828,30.9673,7.4957,8.928
000901.SZ,20170831,20170630,4.1412,506.5199,4.7297,1.924
600373.SH,20170825,20170630,5.1708,26.9657,11.5521,6.9229
600606.SH,20170829,20170630,13.6137,-15.6584,13.6599,7.0528
600704.SH,20170829,20170630,31.4881,21.7111,0.875,2.7766
601212.SH,20170829,20170630,-11.1818,34.1062,2.8749,0.6033
601618.SH,20170830,20170630,6.8647,17.3311,4.6632,3.4134
603665.SH,20170826,20170630,11.5466,-33.5266,-9.4075,5.7036
603730.SH,20170829,20170630,,,2.338,16.8439
601669.SH,20170829,20170630,18.2179,8.7093,-5.4274,5.1782
600299.SH,20170727,20170630,-8.3452,-51.7795,24.2824,4.6825
002335.SZ,20170819,20170630,37.8428,1309.7205,-6.8023,1.6807
600699.SH,20170819,20170630,72.99,228.2266,11.1493,2.8262
603668.SH,20170713,20170630,31.4286,32.5909,-24.3018,6.2017
600011.SH,20170802,20170630,15.9231,-95.1131,19.6506,0.8535
600696.SH,20170721,20170630,859.5065,114.3805,69.8516,-1.1498
300851.SZ,20171229,20170630,,,,8.8079
300866.SZ,20170819,20170630,,,9.4505,26.1066
688798.SH,20170811,20170630,,,,18.114
832145.BJ,20170829,20170630,,,,0.5533
832171.BJ,20170819,20170630,,,43.196,38.6476
833873.BJ,20170824,20170630,,,,2.434
839680.BJ,20170823,20170630,,,,11.184
836260.BJ,20170823,20170630,,,,2.4432
836720.BJ,20170829,20170630,,,,17.3467
837092.BJ,20170823,20170630,,,,15.8925
870436.BJ,20170818,20170630,,,,7.3125
833454.BJ,20170811,20170630,,,,5.6665
871981.BJ,20170830,20170630,,,,3.7763
831832.BJ,20170825,20170630,,,,0.0172
601881.SH,20170831,20170630,-12.6663,-20.0275,-255.4226,3.5128
601998.SH,20170825,20170630,2.8521,1.7903,183.189,6.2229
300824.SZ,20171229,20170630,,,,8.3262
301042.SZ,20170829,20170630,,,,14.5282
603220.SH,20180123,20170630,,,,-1.0671
300846.SZ,20170826,20170630,,,30.3364,6.4893
688819.SH,20170831,20170630,,,,
301079.SZ,20170822,20170630,,,,9.1077
301126.SZ,20170826,20170630,,,,7.3944
301198.SZ,20170801,20170630,,,,23.8518
001296.SZ,20171107,20170630,,,,5.5725
688680.SH,20170825,20170630,,,3.2981,4.4652
301213.SZ,20170826,20170630,,,,9.0215
300020.SZ,20170811,20170630,24.4529,-69.2132,-1.2311,2.6093
301168.SZ,20171229,20170630,,,,6.6707
688500.SH,20170831,20170630,,,,7.7144
301096.SZ,20170812,20170630,,,,0.3025
603071.SH,20170829,20170630,,,,
300495.SZ,20170822,20170630,246.7761,115.9103,-7.2987,4.1787
301221.SZ,20170819,20170630,,,,2.477
301190.SZ,20170829,20170630,,,,26.3998
600712.SH,20170826,20170630,-0.4158,-109.0659,-0.8188,-1.3111
001227.SZ,20171113,20170630,,,,7.2378
688167.SH,20170825,20170630,,,,3.6912
301113.SZ,20170808,20170630,,,,12.7129
601997.SH,20170829,20170630,27.9829,27.3431,304.0793,8.7687
601128.SH,20170811,20170630,9.5326,4.265,-352.232,5.6958
000001.SZ,20170811,20170630,-3.2162,2.1592,-49.9678,6.0499
000563.SZ,20170731,20170630,29.6535,8.0561,103.0042,3.4677
001267.SZ,20170830,20170630,35.4177,-21.8433,-3.8041,4.7188
301185.SZ,20170721,20170630,,,,11.4578
301118.SZ,20170822,20170630,,,,7.3403
301169.SZ,20170831,20170630,,,,8.3803
301149.SZ,20170831,20170630,,,,3.8277
001317.SZ,20170831,20170630,,,,12.5019
301178.SZ,20170829,20170630,,,,2.9183
301186.SZ,20171208,20170630,,,,9.4909
301166.SZ,20170825,20170630,,,,3.9369
301189.SZ,20170830,20170630,,,,-4.8648
688265.SH,20170830,20170630,,,,11.9243
301127.SZ,20170817,20170630,,,,10.6883
871245.BJ,20170822,20170630,,,,10.3339
300001.SZ,20170818,20170630,15.31,3.8434,-47.326,3.1821
601658.SH,20170829,20170630,16.9339,19.2512,,
688259.SH,20170731,20170630,,,,
301117.SZ,20170823,20170630,,,,3.7957
301158.SZ,20180804,20170630,,,29.633,
300182.SZ,20170801,20170630,33.813,37.2428,48.709,5.5025
870204.BJ,20170831,20170630,,,,7.6019
603150.SH,20180123,20170630,,,,16.1581
832566.BJ,20170819,20170630,,,-8.5047,4.5315
688223.SH,20170830,20170630,20.7802,-93.399,1.5441,
301217.SZ,20170828,20170630,,,,
301206.SZ,20170818,20170630,,,8.764,12.3236
301106.SZ,20170826,20170630,,,,17.6438
688283.SH,20170815,20170630,,,,27.0118
600776.SH,20170815,20170630,-9.0058,12.5614,-29.6324,1.5209
601330.SH,20171023,20170630,,,45.8027,6.8608
600068.SH,20170831,20170630,20.2176,24.0705,13.3072,4.3271
600723.SH,20170826,20170630,0.909,10.9428,3.2339,4.5992
600676.SH,20170830,20170630,11.0266,12.0079,1.4648,2.7298
300362.SZ,20170829,20170630,35.9716,6.9467,21.7757,1.275
600459.SH,20170824,20170630,45.9213,31.3344,-12.1789,2.9825
002711.SZ,20170802,20170630,171.2388,220.5977,0.4112,6.5558
601068.SH,20180830,20170630,101.4821,-17.0595,-3.0191,0.6148
001289.SZ,20170831,20170630,8.473,1.7959,98.2963,
835185.BJ,20170830,20170630,,,-3.0459,7.3368
301200.SZ,20170829,20170630,,,,
832885.BJ,20170822,20170630,,,,2.322
000821.SZ,20170819,20170630,27.6562,118.9158,6.5723,3.5152
833346.BJ,20170825,20170630,,,,8.4506
871857.BJ,20170830,20170630,,,,10.792
837212.BJ,20170826,20170630,,,,15.2973
836260.BJ,20170823,20170630,,,,2.4432
830839.BJ,20170811,20170630,,,,4.475
833819.BJ,20170826,20170630,,,-38.9587,2.8165
838030.BJ,20170816,20170630,,,9.5818,27.0508
871642.BJ,20170831,20170630,,,,2.0844
836149.BJ,20170826,20170630,,,-71.2859,3.2813
833509.BJ,20170819,20170630,,,,13.3407
831961.BJ,20170822,20170630,,,39.264,2.4648
839680.BJ,20170823,20170630,,,,11.184
835179.BJ,20170819,20170630,,,,6.8651
834475.BJ,20170819,20170630,,,16.5027,0.6784
830832.BJ,20170810,20170630,,,,8.0705
830946.BJ,20170801,20170630,,,43.6153,9.1247
832225.BJ,20170829,20170630,,,,6.4566
301222.SZ,20171222,20170630,,,,8.9733
430047.BJ,20170805,20170630,,,,-11.5413
835368.BJ,20170829,20170630,,,,8.7006
833427.BJ,20170830,20170630,,,,19.3328
871981.BJ,20170830,20170630,,,,3.7763
836077.BJ,20170815,20170630,,,,-2.0297
301218.SZ,20170826,20170630,,,,7.1831
834415.BJ,20170831,20170630,,,,-2.484
831305.BJ,20170829,20170630,,,42.0495,12.1825
832419.BJ,20170819,20170630,,,,13.0512
832735.BJ,20170825,20170630,,,11.3547,11.4135
871396.BJ,20170825,20170630,,,,3.8545
688150.SH,20170831,20170630,,,,9.7417
836263.BJ,20170817,20170630,,,1.5132,6.8576
833873.BJ,20170824,20170630,,,,2.434
301219.SZ,20180116,20170630,,,,51.6633
839729.BJ,20170829,20170630,,,,7.6404
831726.BJ,20170819,20170630,,,,8.5965
835508.BJ,20170829,20170630,,,-74.0893,2.6624
832171.BJ,20170819,20170630,,,43.196,38.6476
688238.SH,20170811,20170630,,,,-13.4308
831689.BJ,20170822,20170630,,,,8.9953
835305.BJ,20170823,20170630,,,,6.0578
430090.BJ,20170809,20170630,,,3.6941,6.021
301237.SZ,20170831,20170630,,,,5.11
831768.BJ,20170831,20170630,,,,8.4979
839167.BJ,20170812,20170630,,,,9.158
831370.BJ,20170816,20170630,,,-4.9381,3.6089
430418.BJ,20170823,20170630,,,16.3991,11.2899
833266.BJ,20170825,20170630,,,16.3451,2.9845
871553.BJ,20170829,20170630,,,,4.3346
837344.BJ,20170822,20170630,,,,8.4652
838275.BJ,20170809,20170630,,,-19.4799,17.5593
301258.SZ,20170819,20170630,,,,12.8393
837242.BJ,20170831,20170630,,,,24.9514
301263.SZ,20170829,20170630,,,16.8214,4.5435
831445.BJ,20170816,20170630,2.6979,25.7865,20.9322,9.8703
831832.BJ,20170825,20170630,,,,0.0172
836720.BJ,20170829,20170630,,,,17.3467
603191.SH,20170823,20170630,,,14.8727,7.0808
839946.BJ,20170819,20170630,,,,9.5565
301135.SZ,20170826,20170630,,,,2.1511
301212.SZ,20170815,20170630,,,,8.9123
836892.BJ,20170822,20170630,,,14.4628,11.437
301109.SZ,20180119,20170630,,,,1.0714
836239.BJ,20170819,20170630,,,-7.8625,4.32
836433.BJ,20170830,20170630,,,40.4114,10.2139
838924.BJ,20170817,20170630,,,-2.1021,5.4764
301120.SZ,20170824,20170630,,,,0.9283
430510.BJ,20170812,20170630,,,,7.8821
870436.BJ,20170818,20170630,,,,7.3125
301148.SZ,20170812,20170630,,,,29.7128
301150.SZ,20170802,20170630,,,,36.7114
688052.SH,20170829,20170630,,,,10.9876
001289.SZ,20170831,20170630,8.473,1.7959,98.2963,
833454.BJ,20170811,20170630,,,,5.6665
832000.BJ,20170817,20170630,,,,6.0545
835670.BJ,20170818,20170630,,,41.7569,-1.1897
832278.BJ,20170831,20170630,,,-13.5057,6.9035
833580.BJ,20170816,20170630,,,,7.3293
001235.SZ,20170809,20170630,,,1.1794,9.7101
871970.BJ,20170830,20170630,,,,14.8484
301257.SZ,20170830,20170630,,,,25.4713
000003.SZ,20170831,20170630,,,,1.6579
000004.SZ,20170831,20170630,-79.2267,-148.2337,22.5085,-3.274
000005.SZ,20170826,20170630,-9.8151,-105.6936,-141.6942,-1.7821
000006.SZ,20170818,20170630,44.3207,173.5663,109.2871,4.9844
000007.SZ,20170831,20170630,12.9585,565.723,224.7788,-2.2712
000009.SZ,20170830,20170630,18.2329,9.988,-2.6685,0.0765
000010.SZ,20170829,20170630,-61.6958,-133.97,-108.6701,-2.054
000011.SZ,20170831,20170630,58.2374,1177.2547,-88.9034,14.4915
000012.SZ,20170822,20170630,16.7098,-14.954,21.9571,4.5424
000014.SZ,20170831,20170630,127.6484,230.4826,56.0554,-0.2984
000016.SZ,20170825,20170630,48.1152,5.0106,-9.4436,-1.525
000017.SZ,20170830,20170630,-41.4583,-730.3631,-28.7526,-14.071
000018.SZ,20170812,20170630,91.0003,34.893,-4.5211,14.1867
000019.SZ,20170828,20170630,2.37,12.0495,-49.2847,-1.9136
000020.SZ,20170829,20170630,44.1177,-74.6392,-6.8223,0.4605
000023.SZ,20170811,20170630,16.2373,5.7199,21.3389,0.549
000025.SZ,20170831,20170630,3.1127,73.5049,1.5074,1.9495
000026.SZ,20170815,20170630,4.8184,24.4369,19.6537,3.5862
000027.SZ,20170826,20170630,19.9475,-55.0891,9.4146,1.7858
000028.SZ,20170824,20170630,0.5086,-30.0617,7.0916,6.3097
000029.SZ,20170830,20170630,-39.9895,-0.9821,-14.6799,5.0524
000031.SZ,20170831,20170630,-2.1741,145.628,-24.6509,0.6514
000032.SZ,20170826,20170630,-7.2161,-28.1372,-0.7695,1.672
000033.SZ,20170826,20170630,-30.9017,-1455.1414,-52.7198,-25.266
000034.SZ,20170818,20170630,19.4074,-54.0034,4.8157,6.517
000035.SZ,20170831,20170630,60.0283,37.6929,27.7422,3.3061
000036.SZ,20170831,20170630,1959.5375,-13.4743,-20.3679,28.2313
000037.SZ,20170808,20170630,22.2556,146.7953,26.6516,-1.3003
000039.SZ,20170829,20170630,42.5023,136.4268,-4.0814,2.9271
000040.SZ,20170831,20170630,247.7789,128.1257,-66.0823,1.3786
000042.SZ,20170829,20170630,53.1943,785.013,-99.3001,2.5417
000045.SZ,20170826,20170630,61.1004,151.1587,18.7599,-0.1826
000046.SZ,20170831,20170630,-93.5706,-35.4791,426.9062,3.4052
000047.SZ,20170823,20170630,,-96.5964,,
000048.SZ,20170830,20170630,-14.1788,-288.8429,-42.7813,-3.5342
000049.SZ,20170815,20170630,60.5998,34.9118,-13.0198,9.3527
000050.SZ,20170824,20170630,31.0763,28.069,24.1732,1.7197
000056.SZ,20170829,20170630,100.3344,50.2432,-91.4611,1.9364
000058.SZ,20170829,20170630,-3.8033,35.4084,17.7864,1.842
000059.SZ,20170816,20170630,15.9251,-14.3804,14.2433,7.6815
000060.SZ,20170828,20170630,73.9361,245.5201,17.6546,6.2225
000061.SZ,20170828,20170630,5.3992,-81.7611,29.4949,-0.4734
000062.SZ,20170818,20170630,49.81,66.7786,-1.3194,4.8842
000068.SZ,20170829,20170630,202.2237,88.1309,6.5925,-3.0457
000069.SZ,20170826,20170630,28.0817,-0.2263,-133.3933,3.8807
000088.SZ,20170818,20170630,25.8257,-11.3218,41.5351,2.5092
000089.SZ,20170830,20170630,13.6408,32.4149,35.5379,2.8312
000090.SZ,20170822,20170630,8.9084,-31.933,22.6194,5.2864
000099.SZ,20170822,20170630,5.4727,16.2821,21.5523,1.0744
000100.SZ,20170802,20170630,7.4613,69.7987,4.2205,2.6673
000151.SZ,20170830,20170630,19.114,-2.2462,-80.8368,4.3719
000155.SZ,20170831,20170630,863.943,-83.3488,-15.3992,2.8535
000156.SZ,20170831,20170630,8.3423,6.8603,40.2397,2.8252
000157.SZ,20170831,20170630,25.6707,694.211,7.9413,-21.5911
000158.SZ,20170830,20170630,-19.2026,645.0482,-5.6774,-1.1047
000159.SZ,20170822,20170630,-58.1513,-552.6187,35.8974,-1.8122
000301.SZ,20170810,20170630,54.5668,171.8352,10.093,2.4201
000338.SZ,20170831,20170630,58.4261,139.2362,14.315,7.8831
000400.SZ,20170825,20170630,8.7504,50.3235,-1.007,2.2408
000403.SZ,20170831,20170630,59.3704,1.8657,0.366,8.8221
000404.SZ,20170810,20170630,37.3194,-3.1618,1.3945,4.0131
000405.SZ,20170829,20170630,,,-85.1477,13.9225
000407.SZ,20170826,20170630,49.2531,152.5489,5.7774,2.0832
000408.SZ,20170829,20170630,31.2127,33.5128,-7.4081,5.1336
000409.SZ,20170831,20170630,-30.0262,-1639.3093,-1.3656,-8.1093
000410.SZ,20170831,20170630,-9.5289,28.0001,-7.5723,-123.4599
000411.SZ,20170826,20170630,11.0065,-4.0039,11.7766,5.3133
000413.SZ,20170811,20170630,90.0736,22.6322,-23.5469,2.5043
000415.SZ,20170831,20170630,57.1045,20.8203,58.016,3.1046
000416.SZ,20170810,20170630,-96.69,5.6132,750.8606,0.7574
000418.SZ,20170805,20170630,30.2446,26.7512,0.5451,11.6979
000419.SZ,20170819,20170630,6.8412,17.9478,2.0511,3.6803
000420.SZ,20170729,20170630,73.4528,367.7141,-6.0223,1.8876
000421.SZ,20170810,20170630,-19.7235,-63.2856,195.4169,3.0242
000422.SZ,20170830,20170630,-22.8147,590.863,74.0648,-0.6684
000423.SZ,20170815,20170630,5.6056,4.3325,-58.4281,9.8603
000425.SZ,20170831,20170630,81.1394,199.2706,11.533,2.3103
000426.SZ,20170831,20170630,184.6734,362.5056,60.7084,4.1551
000428.SZ,20170830,20170630,-16.6973,-11.2553,33.2985,-3.7233
000429.SZ,20170829,20170630,8.0399,91.4244,74.1833,7.6913
000430.SZ,20170822,20170630,5.5206,-15.2198,33.7955,2.0816
000488.SZ,20170816,20170630,32.1966,94.2145,-30.9434,7.2187
000498.SZ,20170825,20170630,117.8163,72.3053,8.3411,6.5883
000501.SZ,20170826,20170630,5.7072,43.8164,1.1721,9.7428
000503.SZ,20170826,20170630,-2.6651,-40.705,-308.3124,-5.3507
000504.SZ,20170831,20170630,188.2554,9.7596,66.6454,
000505.SZ,20170825,20170630,107.4203,139.2895,5.2387,25.2423
000506.SZ,20170829,20170630,25.7729,-673.7197,-3.6694,-9.4972
000507.SZ,20170829,20170630,-13.3608,74.547,17.4777,3.5932
000509.SZ,20170826,20170630,2598.783,60.1061,0.3802,-8.6119
000510.SZ,20170817,20170630,24.9626,46.3516,12.2564,4.3108
000511.SZ,20170831,20170630,508.1421,27.9958,-82.3816,-8.7747
000513.SZ,20170823,20170630,5.3955,27.964,8.8275,6.8137
000514.SZ,20170729,20170630,127.5509,205.8998,74.3737,1.4839
000516.SZ,20170816,20170630,4.3585,-28.4797,14.7877,3.573
000517.SZ,20170830,20170630,147.1495,686.7136,45.3901,11.159
000518.SZ,20170831,20170630,23.5329,311.8594,-295.8049,-0.8371
000519.SZ,20170828,20170630,31.6782,-35.7761,9.8628,-0.0257
000520.SZ,20170831,20170630,23.6854,179.5012,12.5029,4.0059
000521.SZ,20170810,20170630,23.1194,-45.3275,-1.3819,1.31
000523.SZ,20170826,20170630,14.7716,34.6087,-3.6468,0.5953
000524.SZ,20170831,20170630,7.7041,20.0842,20.8706,4.6416
000528.SZ,20170829,20170630,100.1394,13563.3999,9.5125,2.4372
000529.SZ,20170831,20170630,-7.0737,12.8696,16.8322,4.229
000530.SZ,20170826,20170630,22.6081,44.0249,-2.1722,2.1338
000532.SZ,20170831,20170630,43.5451,-30.4069,73.7746,1.9283
000533.SZ,20170824,20170630,85.2041,31.0461,-5.3337,0.7876
000534.SZ,20170816,20170630,5012.7291,-72.8212,121.5178,0.6131
000535.SZ,20180831,20170630,,,15.0506,
000536.SZ,20170809,20170630,16.6841,-95.4493,-69.4623,0.3371
000537.SZ,20170808,20170630,411.085,242.8505,44.9678,1.1027
000538.SZ,20170824,20170630,14.5715,9.6244,29.336,8.6979
000539.SZ,20170831,20170630,17.1858,-61.1454,16.1499,0.6747
000541.SZ,20170825,20170630,9.2693,9.5524,2.1348,4.6851
000543.SZ,20170831,20170630,45.8791,-108.5316,8.9903,-0.5184
000545.SZ,20170824,20170630,148.674,139.67,8.7319,5.3988
000546.SZ,20170831,20170630,11.6097,19.6497,29.6405,3.8818
000547.SZ,20170818,20170630,9.8538,10.7636,-8.7942,2.0401
000548.SZ,20170805,20170630,1593.1276,168.9698,-3.7028,7.7882
000550.SZ,20170831,20170630,37.3279,11.4599,-0.2646,3.0288
000552.SZ,20170829,20170630,53.3671,582.6417,-12.5466,4.2735
000553.SZ,20170816,20170630,53.4778,1156.7164,26.4407,7.9923
000554.SZ,20170830,20170630,-3.7403,-43.219,1.3716,0.396
000555.SZ,20170830,20170630,7.1676,10.2834,-25.5987,1.7327
000556.SZ,20170829,20170630,1669.1871,-82.1599,-5.1084,
000558.SZ,20170828,20170630,-51.0885,-17.2831,4.7548,0.8841
000559.SZ,20170819,20170630,-6.1264,-16.9349,12.4071,9.6946
000560.SZ,20170817,20170630,-53.6246,-44.9127,13.9467,0.6434
000561.SZ,20170826,20170630,24.3233,-13.5815,4.7379,1.4362
000564.SZ,20170831,20170630,107.3749,166.6276,4.2146,1.0525
000565.SZ,20170825,20170630,123.1757,5.4544,23.1198,3.6716
000566.SZ,20170830,20170630,-7.7552,-14.683,12.3173,1.1186
000567.SZ,20170831,20170630,13403.3617,1982.943,-1568.0423,14.231
000568.SZ,20170829,20170630,18.4156,30.6488,49.1815,13.2265
000570.SZ,20170825,20170630,14.8874,-56.3377,19.9983,0.8976
000571.SZ,20170831,20170630,66.2657,55.5473,26.9426,-2.348
000572.SZ,20170826,20170630,-33.5393,-128.7181,-54.8527,-0.0236
000573.SZ,20170831,20170630,314.8972,495.471,-16.6096,4.0535
000576.SZ,20170819,20170630,315.838,68.416,-23.5522,-2.6703
000581.SZ,20170825,20170630,23.8764,26.4226,11.4617,9.1066
000582.SZ,20170812,20170630,8.0592,11.5709,46.6375,4.6253
000583.SZ,20170829,20170630,,-8.0332,,
000584.SZ,20170803,20170630,47.9775,775.0954,28.4251,0.4165
000585.SZ,20170826,20170630,-27.8757,48.607,-61.7581,-10.5952
000586.SZ,20170825,20170630,-5.1557,-32.285,5.6742,-1.4972
000588.SZ,20170831,20170630,64.57,-267.5076,90.4601,1.4354
000589.SZ,20170830,20170630,26.9685,-142.4792,1.1071,-3.9285
000590.SZ,20170829,20170630,25.693,311.9769,-0.9683,2.8212
000591.SZ,20170824,20170630,22.6989,66.1772,16.8478,3.1932
000592.SZ,20170831,20170630,-1.1238,-13.8934,22.4755,0.0052
000593.SZ,20170831,20170630,-12.6721,59.8869,-2.8202,0.8245
000594.SZ,20180323,20170630,-56.3685,91.0792,-5.9121,
000595.SZ,20170831,20170630,104.6804,120.2017,-31.3116,-0.4557
000597.SZ,20170829,20170630,13.8159,293.4493,-23.5323,1.4004
000598.SZ,20170829,20170630,32.3818,3.4309,44.1187,4.9647
000599.SZ,20170831,20170630,-28.9718,10.0377,-16.7118,1.5827
000600.SZ,20170826,20170630,-0.45,-98.212,28.7368,1.9644
000601.SZ,20170830,20170630,8.5132,-6.8156,21.6186,7.3489
000603.SZ,20170825,20170630,31.1979,50.7644,29.1982,2.8664
000605.SZ,20170829,20170630,122.9631,216.8111,-17.3277,1.8473
000606.SZ,20170816,20170630,35.4227,-140.7816,-4.2478,-1.714
000607.SZ,20170830,20170630,3.92,-28.5035,-14.4413,1.5416
000608.SZ,20170801,20170630,38.1021,51.3421,7.4397,-2.5723
000609.SZ,20170819,20170630,517.1562,-38.6959,-311.3537,8.1958
000610.SZ,20170819,20170630,-19.609,-122.817,-24.2235,-1.7578
000611.SZ,20170831,20170630,39.3359,29.7918,3969.4465,-2.2396
000612.SZ,20170729,20170630,8.5626,-36.7315,0.4512,0.4826
000613.SZ,20170819,20170630,61.4524,45.854,10.8834,2.2882
000615.SZ,20170818,20170630,-13.2218,90.4219,-126.2842,-2.7287
000616.SZ,20170831,20170630,-67.8856,-200.6976,100.5172,-1.6066
000619.SZ,20170822,20170630,-0.172,-79.8704,10.7124,-1.3509
000620.SZ,20170828,20170630,69.367,201.404,156.343,0.8784
000623.SZ,20170826,20170630,11.5964,3.7913,8.5369,4.4875
000625.SZ,20170831,20170630,-3.5003,-21.2483,3.9861,8.0221
000627.SZ,20170720,20170630,335.4662,1312.5847,18.0915,4.5795
000628.SZ,20170819,20170630,-64.7881,426.1761,55.0276,0.2338
000629.SZ,20170815,20170630,-32.8816,122.1144,16.102,9.3422
000630.SZ,20170828,20170630,-14.9789,-30.8757,8.176,1.3956
000631.SZ,20170829,20170630,47.6909,26.1834,16.5175,5.3957
000632.SZ,20170831,20170630,-9.4161,52.658,26.9338,-0.0572
000633.SZ,20170825,20170630,40.4962,59.5772,-29.8721,-8.5524
000635.SZ,20170818,20170630,11.2405,-23.9895,2.5438,2.3371
000636.SZ,20170822,20170630,26.9009,67.5921,12.3703,1.6896
000637.SZ,20170829,20170630,70.7942,374.6141,18.1174,5.1835
000638.SZ,20170831,20170630,57.5045,268.8498,-221.3324,3.0437
000639.SZ,20170818,20170630,155.8607,79.6979,12.1616,7.0787
000650.SZ,20170825,20170630,5.9124,11.8565,28.5984,5.6984
000652.SZ,20170831,20170630,13.3362,109.276,3.1188,0.9535
000655.SZ,20170826,20170630,101.6923,198.3621,15.8345,2.1559
000656.SZ,20170822,20170630,-9.6354,-19.0841,-24.884,1.5646
000657.SZ,20170831,20170630,12.1945,7.2761,12.8276,1.526
000659.SZ,20170830,20170630,-3.489,420.7644,9.6575,1.9026
000660.SZ,20170812,20170630,,,4.3993,5.8531
000661.SZ,20170818,20170630,35.7829,52.3392,-28.0338,6.8821
000663.SZ,20170729,20170630,-22.3971,0.7473,-2.7975,-0.0472
000667.SZ,20170810,20170630,10.2856,27.3052,-12.6053,4.5504
000668.SZ,20170825,20170630,88.4978,135.544,-233.4081,-0.9788
000669.SZ,20170825,20170630,99.8422,84.2818,5.536,3.0234
000670.SZ,20170829,20170630,-44.615,-102.0493,-65.4228,0.2428
000671.SZ,20170824,20170630,189.9516,149.8302,85.8522,2.1422
000673.SZ,20170830,20170630,32.3194,-41.0187,-37.3611,1.0176
000675.SZ,20170830,20170630,,,,
000676.SZ,20170830,20170630,127.0366,2.175,-3.0803,3.8511
000677.SZ,20170826,20170630,4.5211,190.6894,-21.7753,1.0354
000678.SZ,20170830,20170630,14.9051,-60.2832,9.4611,-0.0873
000679.SZ,20170831,20170630,-8.1447,82.4108,22.7112,0.7124
000680.SZ,20170831,20170630,61.8267,2166.7447,21.1127,1.4487
000681.SZ,20170830,20170630,49.9343,49.6252,12.7346,4.2568
000683.SZ,20170824,20170630,59.0595,1550.5578,7.7133,3.8091
000685.SZ,20170826,20170630,4.9994,6.9467,38.6099,4.4814
000686.SZ,20170826,20170630,29.508,-37.3693,295.5552,1.9181
000688.SZ,20170822,20170630,26.508,201.8687,54.6529,12.8918
000689.SZ,20170831,20170630,,-7.7642,,
000690.SZ,20170826,20170630,-20.0051,3.2559,18.3262,0.3963
000691.SZ,20170830,20170630,102.3934,-985.3488,-5.7101,-4.9236
000692.SZ,20170826,20170630,-25.3277,11.7794,-391.8204,-2.6151
000693.SZ,20170831,20170630,-99.9949,-3.1943,-1155.974,-9.4043
000695.SZ,20170824,20170630,56.6266,112.2785,60.7944,-5.8875
000697.SZ,20170830,20170630,9659.179,-3061.4909,-381.5919,-10.7648
000698.SZ,20170826,20170630,76.7356,-38.4094,-6.0055,1.8649
000700.SZ,20170826,20170630,33.3169,-42.8441,10.2847,2.6448
000702.SZ,20170824,20170630,-0.9519,-24.9717,7.3588,-0.9579
000705.SZ,20170804,20170630,8.6549,78.8706,6.7271,2.9029
000707.SZ,20170831,20170630,-29.226,43.3111,6.6189,1.0297
000708.SZ,20170818,20170630,35.1829,39.6638,-10.6318,5.3668
000710.SZ,20170831,20170630,-11.5669,-341.0162,-1.7692,-9.3247
000711.SZ,20170729,20170630,16237.0959,1563.5241,-88.8222,3.3066
000713.SZ,20170818,20170630,8.2439,2.714,-13.1541,-1.6893
000715.SZ,20170819,20170630,-3.3688,26.2914,4.6318,3.0227
000717.SZ,20170729,20170630,74.9369,21112.7001,9.8673,85.9328
000718.SZ,20170825,20170630,-14.7436,-10.4999,21.9917,2.2465
000719.SZ,20170825,20170630,11.6404,5.6406,14.9523,4.5748
000720.SZ,20170818,20170630,19.3114,-49.4479,1.6379,-12.7276
000721.SZ,20170826,20170630,0.6437,-77.4848,-1.7723,-0.4856
000722.SZ,20170818,20170630,13.0665,-34.918,58.7584,2.4808
000723.SZ,20170830,20170630,135.8671,28.8593,12.3199,6.7544
000725.SZ,20170829,20170630,60.7713,402.4322,19.4397,5.0063
000726.SZ,20170830,20170630,10.906,20.9405,24.2516,5.5837
000727.SZ,20170829,20170630,700.993,731.1447,15.2108,-2.2216
000728.SZ,20170823,20170630,0.2931,-8.3659,88.6515,2.4852
000729.SZ,20170828,20170630,-0.6615,8.1914,31.1344,2.8565
000731.SZ,20170816,20170630,-3.664,230.6782,15.7988,3.2905
000732.SZ,20170831,20170630,46.8701,39.0323,-72.4743,4.7513
000733.SZ,20170828,20170630,42.6546,17.2576,-4.3335,3.274
000735.SZ,20170826,20170630,94.6103,191.3044,13.3246,3.3202
000736.SZ,20170825,20170630,-27.6085,-858.4809,-1367.502,-6.0495
000737.SZ,20170810,20170630,-14.7185,-216.9023,-26.5713,-180.5764
000738.SZ,20170822,20170630,4.4474,31.7993,50.6013,2.733
000739.SZ,20170828,20170630,16.4729,6.4194,8.4896,4.5287
000750.SZ,20170829,20170630,-8.9264,-35.0667,-290.7611,2.4284
000751.SZ,20170819,20170630,31.8824,-0.1234,11.4568,3.782
000752.SZ,20170830,20170630,18.3745,435.3509,-0.2188,0.8826
000753.SZ,20170812,20170630,-2.3149,146.5491,25.2606,0.3834
000755.SZ,20170808,20170630,-56.4974,32.2597,-33.263,-62.185
000756.SZ,20170814,20170630,11.4957,115.9706,-4.039,4.2436
000757.SZ,20170823,20170630,21.7027,-6.9954,4.5752,3.8199
000759.SZ,20170729,20170630,-1.2539,143.3778,-1.3869,-2.4889
000760.SZ,20170831,20170630,-37.4648,486.5053,-320.8023,-6.1695
000761.SZ,20170825,20170630,48.5369,56.2463,-6.5032,3.9197
000762.SZ,20170830,20170630,25.4598,21.6615,16.7572,-1.5186
000766.SZ,20170818,20170630,88.4781,58.3612,-0.9223,2.9115
000767.SZ,20170823,20170630,3.515,-842.5636,35.0893,-6.918
000768.SZ,20170822,20170630,31.0232,28.1861,-16.4699,0.3947
000769.SZ,20170830,20170630,,,-69.8926,
000776.SZ,20170826,20170630,-4.1506,-2.7868,220.3573,5.1968
000777.SZ,20170829,20170630,5.6604,-12.7622,-16.1831,-0.328
000779.SZ,20170816,20170630,16.7581,367.6166,-40.4442,-8.5825
000780.SZ,20170830,20170630,59.1943,212.9079,98.9891,3.2718
000783.SZ,20170812,20170630,13.0981,-8.1256,-576.6064,3.8323
000785.SZ,20170826,20170630,0.8029,38.6607,7.5557,5.4764
000786.SZ,20170821,20170630,27.3987,48.5061,23.1434,6.9739
000787.SZ,20170829,20170630,-29.486,-51.1103,-25.1928,2.4827
000788.SZ,20170830,20170630,24.044,189.8275,13.0473,1.084
000789.SZ,20170826,20170630,27.4771,30.7352,12.5989,2.9797
000790.SZ,20170818,20170630,1.586,-29.3048,15.3827,2.7645
000792.SZ,20170831,20170630,9.4188,-238.869,25.8467,-2.2916
000793.SZ,20170819,20170630,-28.9682,126.7657,21.8267,1.3944
000795.SZ,20170818,20170630,14.8932,557.487,-11.88,2.1064
000796.SZ,20170824,20170630,29.9968,172.9242,4.6386,3.879
000797.SZ,20170831,20170630,-14.4121,-135.6517,39.8829,2.3457
000798.SZ,20170811,20170630,71.4767,145.9041,16.1025,-0.6981
000799.SZ,20170814,20170630,52.5404,336.4458,11.6822,3.2024
000800.SZ,20170830,20170630,49.9414,126.9851,-3.5453,3.2383
000801.SZ,20170831,20170630,-5.6369,-145.6335,-7.0298,-1.9195
000802.SZ,20170811,20170630,1.6332,-4.4433,-58.8825,0.7696
000803.SZ,20170826,20170630,-77.0404,21.1779,-84.6226,-51.661
000805.SZ,20170822,20170630,92.7805,45.9516,87.2091,2.8328
000806.SZ,20170826,20170630,-14.526,-141.9208,17.477,-0.6572
000807.SZ,20170828,20170630,31.0587,-67.9096,8.3356,1.554
000809.SZ,20170818,20170630,-17.1536,10.7533,-401.6581,-2.7102
000810.SZ,20170825,20170630,26.7459,-80.5284,-12.9223,1.3089
000812.SZ,20170801,20170630,58.5687,-49.2659,-10.1414,1.1431
000813.SZ,20170819,20170630,28.7656,30.1066,57.45,10.6656
000815.SZ,20170825,20170630,27.567,125.5362,15.009,-0.5829
000816.SZ,20170826,20170630,-28.1203,-1148.9163,-43.637,-1.8545
000818.SZ,20170816,20170630,36.2477,2386.2235,-8.2392,2.9568
000819.SZ,20170822,20170630,-55.2709,-163.8666,-3.4414,-0.7273
000820.SZ,20170830,20170630,92.6041,134.6794,5.7781,26.8216
000822.SZ,20170804,20170630,53.0002,151.0126,12.1627,14.5896
000823.SZ,20170826,20170630,28.8982,-5.189,6.7094,3.0368
000828.SZ,20170823,20170630,21.298,13.7763,-0.015,8.8908
000829.SZ,20170831,20170630,24.8796,98.8572,33.1896,0.4783
000830.SZ,20170816,20170630,29.819,176.8138,31.0988,6.1459
000831.SZ,20170815,20170630,718.5458,187.742,-53.5732,0.5695
000832.SZ,20170826,20170630,,96.6963,,
000833.SZ,20170830,20170630,4.307,1023.2609,19.0856,1.0051
000835.SZ,20170831,20170630,-60.8465,109.6173,154.9348,4.5241
000836.SZ,20170826,20170630,12.3783,646.5952,15.3358,0.7214
000837.SZ,20170831,20170630,5.4387,95.3601,0.5171,-1.6855
000838.SZ,20170825,20170630,-57.8225,-89.5175,-110.9324,0.8796
000848.SZ,20170729,20170630,18.7295,3.0924,12.7046,11.6192
000850.SZ,20170829,20170630,29.0592,-96.2491,0.363,-1.1781
000851.SZ,20170829,20170630,3.2827,9.0038,0.9321,1.2283
000852.SZ,20170830,20170630,-4.8229,36.929,29.2306,-10.1897
000856.SZ,20170816,20170630,49.2632,-96.883,-5.2856,1.6334
000859.SZ,20170817,20170630,-2.9319,1222.4448,6.9074,-0.9208
000860.SZ,20170819,20170630,2.6886,2.3249,-0.7911,3.6004
000861.SZ,20170830,20170630,-5.5143,-51.3313,13.1514,1.6876
000862.SZ,20170818,20170630,-37.8203,-350.8528,18.6431,-0.6085
000863.SZ,20170830,20170630,-76.8293,-84.3173,48.3565,1.1285
000868.SZ,20170822,20170630,62.4391,-160.5729,75.2063,-5.0402
000869.SZ,20170829,20170630,-0.0334,0.8011,4.1357,7.641
000876.SZ,20170830,20170630,-2.4204,-36.1786,5.8563,5.4221
000877.SZ,20170818,20170630,26.1363,83.4085,25.0385,0.3873
000878.SZ,20170825,20170630,70.4706,-35.912,3.3689,0.5413
000880.SZ,20170831,20170630,10.7428,107.2308,25.4034,1.2342
000881.SZ,20170821,20170630,125.4909,34.8729,-5.9155,2.5374
000882.SZ,20170818,20170630,5.5556,-39.0739,-16.2318,-1.1592
000883.SZ,20170826,20170630,22.0114,0.9537,50.4622,5.5414
000885.SZ,20170825,20170630,41.1108,189.7853,22.404,5.1298
000886.SZ,20170830,20170630,251.7277,115.9144,25.8222,3.4919
000888.SZ,20170826,20170630,12.1983,6.7083,46.0031,3.0636
000890.SZ,20170825,20170630,20.9391,16.1966,9.8749,3.2243
000893.SZ,20170826,20170630,-38.5582,-239.8884,-17.5677,-0.4858
000895.SZ,20170815,20170630,-7.8365,-4.816,5.8409,13.5974
000897.SZ,20170831,20170630,-87.3322,-198.8664,-351.798,-3.122
000898.SZ,20170829,20170630,39.0647,-17.5956,0.8788,4.0256
000899.SZ,20170825,20170630,2.1115,-82.1983,10.7418,2.011
000900.SZ,20170823,20170630,-13.6603,4.8298,-0.83,4.9628
000903.SZ,20170831,20170630,49.8752,51.592,-22.6963,3.0558
000905.SZ,20170815,20170630,67.4333,-12.9621,5.9545,1.5823
000906.SZ,20170825,20170630,61.4635,3.5202,1.1179,3.9076
000908.SZ,20170811,20170630,-4.948,-67.4562,57.1709,2.0734
000909.SZ,20170826,20170630,114.0173,12.6589,-30.9863,1.2682
000910.SZ,20170829,20170630,4.946,33.6359,29.6195,4.5595
000911.SZ,20170823,20170630,-20.2706,12.4811,22.8688,-6.5055
000912.SZ,20170831,20170630,34.9793,71.7403,26.3925,-47.4204
000913.SZ,20170831,20170630,21.5691,312.524,-13.0354,2.2063
000915.SZ,20170728,20170630,8.4385,1.5377,19.7755,10.9144
000916.SZ,20170808,20170630,-2.9861,-3.5281,88.2959,3.7085
000917.SZ,20170812,20170630,24.097,193.9717,-13.746,1.0647
000918.SZ,20170825,20170630,-82.2628,49.2844,-722.5697,-27.6939
000919.SZ,20170829,20170630,-6.2598,-7.097,19.7381,3.8609
000921.SZ,20170811,20170630,34.521,0.7077,8.9298,12.0941
000922.SZ,20170829,20170630,42.1255,106.4078,-7.1667,-2.3396
000923.SZ,20170830,20170630,3.9448,52.383,-21.1681,-2.8454
000926.SZ,20170729,20170630,-8.1628,137.4115,13.0564,3.4805
000927.SZ,20170830,20170630,-38.4593,-19.3037,-220.6659,-50.7528
000928.SZ,20170728,20170630,-16.5161,15.4671,14.5841,5.7185
000929.SZ,20170728,20170630,-9.6276,-50.6593,34.1861,-0.5865
000930.SZ,20170828,20170630,3.2244,250.053,3.6138,-0.033
000931.SZ,20170819,20170630,-6.0638,-1495.2108,9.3605,-5.9236
000932.SZ,20170812,20170630,40.5033,597.8375,14.6936,14.6717
000933.SZ,20170804,20170630,7.6368,41.9309,9.519,9.661
000935.SZ,20170830,20170630,23.993,63.9745,15.8695,1.1684
000936.SZ,20170825,20170630,60.9313,22.03,-0.388,1.6611
000937.SZ,20170818,20170630,75.1506,5661.781,21.706,3.2411
000948.SZ,20170819,20170630,17.1562,-581.6426,-47.7623,-4.8164
000949.SZ,20170811,20170630,9.4301,-88.2822,-20.1944,1.303
000950.SZ,20170823,20170630,33.8174,60.5396,16.7707,-8.5348
000951.SZ,20170831,20170630,96.4236,149.3656,-5.1494,9.2766
000952.SZ,20170822,20170630,18.0049,-22.2594,-9.6962,7.3188
000953.SZ,20170831,20170630,-35.0632,135.0116,-26.3497,
000955.SZ,20170831,20170630,38.0488,-850.8704,3.1833,-2.6505
000957.SZ,20170829,20170630,-37.2294,-89.5075,-54.7319,0.6521
000958.SZ,20170824,20170630,7.1405,-126.1197,3.8518,1.8153
000959.SZ,20170822,20170630,26.649,-33.6589,4.7721,3.7603
000961.SZ,20170824,20170630,-13.5205,9.9259,-6.4992,2.3834
000962.SZ,20170822,20170630,13.7274,34.6858,35.4764,-7.0316
000963.SZ,20170830,20170630,14.2098,28.1198,16.6789,13.8052
000965.SZ,20170829,20170630,-59.7639,-109.0038,-1240.2935,-0.5904
000966.SZ,20170821,20170630,1.8674,-1179.9387,-10.311,-2.8782
000967.SZ,20170825,20170630,21.1144,57.1231,-23.8035,2.8868
000968.SZ,20170811,20170630,29.3406,82.0263,94.232,11.5599
000969.SZ,20170830,20170630,26.2911,410.0034,0.981,0.3605
000970.SZ,20170819,20170630,11.3011,-10.6802,-4.4475,3.4263
000971.SZ,20170826,20170630,42.1728,242.1996,15.3148,2.2213
000972.SZ,20170819,20170630,75.058,40.0738,14.787,-4.9284
000973.SZ,20170825,20170630,-4.7169,27.0482,5.9996,1.7601
000975.SZ,20170801,20170630,46.026,25.512,98.5492,2.5065
000976.SZ,20170831,20170630,-11.8859,81.4543,13.3267,1.7095
000977.SZ,20170823,20170630,51.6485,-48.1721,-20.2424,2.0127
000978.SZ,20170826,20170630,32.562,98.0581,47.7121,1.5298
000979.SZ,20170830,20170630,116.3806,53.2515,-21.778,0.369
000980.SZ,20170822,20170630,1158.1667,1932.3907,2.9325,2.6741
000981.SZ,20170831,20170630,28.7051,32.676,18.6779,4.3161
000983.SZ,20170801,20170630,54.7426,645.7971,10.2419,5.2241
000985.SZ,20170812,20170630,42.7017,-109.2926,4.284,2.972
000988.SZ,20170825,20170630,26.2611,67.4527,7.1437,4.3826
000989.SZ,20170728,20170630,64.7689,32.8664,12.2564,8.3174
000990.SZ,20170808,20170630,130.4074,2349.5857,9.8887,2.6099
000993.SZ,20170831,20170630,64.1835,-14.8538,33.8698,3.5597
000996.SZ,20170830,20170630,-44.4414,-21.8726,150.4915,1.8083
000997.SZ,20170804,20170630,38.8146,36.7661,-16.6238,15.0725
000998.SZ,20170822,20170630,43.3289,282.9404,60.6713,4.1298
000999.SZ,20170819,20170630,18.2573,13.2156,25.311,7.7688
001696.SZ,20170829,20170630,12.2353,4.3088,-11.7761,3.8593
001914.SZ,20170812,20170630,-10.9785,-139.9874,66.3636,-2.7427
001965.SZ,20170825,20170630,,,50.4694,
002003.SZ,20170819,20170630,23.456,21.3881,11.1044,7.3141
002005.SZ,20170830,20170630,16.1301,-81.4484,9.7283,-3.1542
002006.SZ,20170812,20170630,40.1988,-23.5618,0.8552,2.7398
002007.SZ,20170821,20170630,6.6475,-19.3335,12.4073,9.2544
002008.SZ,20170829,20170630,106.8282,168.1129,-1.7255,16.5826
002011.SZ,20170825,20170630,50.8642,-8.5538,18.9131,0.6387
002012.SZ,20170817,20170630,12.391,43.8483,11.6577,0.4516
002013.SZ,20170821,20170630,7.7288,-0.4803,-5.7676,1.824
002014.SZ,20170808,20170630,10.8408,-7.5651,9.8818,4.626
002015.SZ,20170824,20170630,-58.021,71.5827,-20.5076,-3.4786
002016.SZ,20170830,20170630,-93.4961,-112.502,36.3796,-1.095
002017.SZ,20170805,20170630,-9.9287,-23.027,-7.4732,2.2289
002018.SZ,20170824,20170630,64.8227,115.1567,3.8747,7.5857
002019.SZ,20170829,20170630,9.0,23.6861,28.0351,11.813
002020.SZ,20170824,20170630,9.5873,23.8768,14.7327,6.3216
002024.SZ,20170831,20170630,25.7566,21.9046,0.2314,-0.2791
002025.SZ,20170822,20170630,15.9227,17.3386,19.2852,6.3588
002026.SZ,20170829,20170630,20.6552,67.1751,-3.783,2.8879
002028.SZ,20170822,20170630,27.7779,33.696,16.0264,2.4767
002030.SZ,20170830,20170630,-7.3034,-17.0422,-0.6636,2.6201
002031.SZ,20170829,20170630,81.3496,177.7879,17.5509,0.0111
002032.SZ,20170831,20170630,13.1417,18.0037,4.8311,12.3155
002033.SZ,20170815,20170630,-15.2449,-29.2806,54.0214,4.5465
002036.SZ,20170828,20170630,209.3465,20.2562,-0.0214,4.917
002037.SZ,20170823,20170630,60.9653,5.2096,2.8987,1.7499
002038.SZ,20170830,20170630,12.2159,1.1538,62.0574,4.7962
002039.SZ,20170825,20170630,-2.6277,15.5833,52.8403,2.2127
002044.SZ,20170829,20170630,45.3757,25.9777,12.1356,0.484
002045.SZ,20170819,20170630,36.9225,2195.0779,5.236,1.6512
002046.SZ,20170816,20170630,18.4958,138.6919,55.1428,-0.6079
002047.SZ,20170828,20170630,16.4792,1.0635,0.1529,7.0183
002048.SZ,20170825,20170630,21.0631,-0.3079,17.0125,7.2161
002049.SZ,20170822,20170630,9.6498,-19.9681,46.1966,3.0789
002050.SZ,20170831,20170630,26.6309,27.3629,6.7977,9.2335
002052.SZ,20170825,20170630,14.8279,100.9968,-31.0873,-0.9347
002054.SZ,20170829,20170630,19.6983,-79.9482,11.0548,0.8663
002055.SZ,20170826,20170630,13.1514,89.3379,-12.3827,0.6681
002059.SZ,20170824,20170630,-36.8527,-56.3419,-43.883,0.9751
002060.SZ,20170823,20170630,39.7559,-2.8393,32.5817,1.8728
002063.SZ,20170825,20170630,-7.6552,2.3581,-36.5191,3.553
002066.SZ,20170828,20170630,6.431,-65.6271,-16.5342,1.0157
002068.SZ,20170822,20170630,45.0183,2031.5094,6.184,9.9137
002069.SZ,20170816,20170630,18.4478,70.1751,4.5618,3.3609
002070.SZ,20170829,20170630,14.8544,-249.6325,13.69,-11.1888
002074.SZ,20170830,20170630,5.2314,6.9509,63.3749,9.0341
002078.SZ,20170830,20170630,16.8808,106.362,10.1572,10.447
002081.SZ,20170826,20170630,4.7028,-1.4181,1.707,8.6503
002083.SZ,20170829,20170630,7.2156,41.6835,9.4232,6.8647
002084.SZ,20170830,20170630,20.7168,56.026,-13.72,2.7399
002087.SZ,20170728,20170630,43.1847,121.7919,-0.5877,4.5582
002088.SZ,20170825,20170630,41.3741,148.6641,27.9216,3.5748
002089.SZ,20170823,20170630,-64.1306,-15.0659,-12.7961,1.2313
002091.SZ,20170826,20170630,13.602,53.862,-19.8838,6.7262
002092.SZ,20170810,20170630,80.6485,151.8099,21.5425,7.3177
002093.SZ,20170830,20170630,29.4878,309.2164,37.2815,2.4106
002094.SZ,20170824,20170630,106.9151,667.7589,-1.9198,3.947
002102.SZ,20170822,20170630,793.7423,7.2742,-7.7625,1.7819
002105.SZ,20170818,20170630,75.4592,125.6265,0.7303,5.5364
002107.SZ,20170830,20170630,16.2186,71.6741,10.583,6.8517
002108.SZ,20170823,20170630,29.0,-3.5585,11.4619,9.8294
002110.SZ,20170825,20170630,46.826,112.1874,4.7305,13.9167
002118.SZ,20170825,20170630,32.1929,657.3813,-188.0694,2.4628
002120.SZ,20170824,20170630,43.6091,44.5752,37.8247,17.6228
002122.SZ,20170829,20170630,7.2255,50.9568,-14.424,0.0447
002127.SZ,20170825,20170630,56.0635,65.8176,49.7609,7.7915
002130.SZ,20170830,20170630,33.6831,14.8761,16.2154,1.6776
002132.SZ,20170829,20170630,42.8669,8.9154,17.0529,1.6839
002135.SZ,20170822,20170630,7.4845,113.2207,-4.7064,2.3648
002136.SZ,20170822,20170630,46.078,156.0295,16.512,14.6334
002138.SZ,20170812,20170630,9.7081,9.5151,34.6537,4.8372
002140.SZ,20170825,20170630,10.9487,11.9789,50.6042,3.2208
002143.SZ,20170822,20170630,-12.1824,-3.6474,19.6153,9.6639
002149.SZ,20170822,20170630,-1.54,81.3883,-42.8766,0.5517
002151.SZ,20170824,20170630,30.3241,-10.0116,-12.4883,0.081
002158.SZ,20170826,20170630,25.3328,2.3675,21.3254,3.8433
002159.SZ,20170824,20170630,12.1714,64.4945,54.694,-4.3708
002161.SZ,20170829,20170630,39.5309,-8.1419,16.5263,-1.4874
002162.SZ,20170803,20170630,22.1609,97.8451,12.1448,0.3493
002166.SZ,20170816,20170630,148.8886,464.6714,75.8412,7.8327
002168.SZ,20170801,20170630,44.9825,-1687.3673,-50.8505,-5.0176
002169.SZ,20170830,20170630,17.1779,2.9263,-20.7645,1.8756
002170.SZ,20170829,20170630,-20.5341,-87.5165,16.7523,0.3966
002171.SZ,20170828,20170630,31.9873,59.55,5.2947,3.3207
002172.SZ,20170825,20170630,16.5266,-39.3773,12.9258,6.9135
002173.SZ,20170824,20170630,17.6474,21.5254,33.7645,1.9944
002176.SZ,20170808,20170630,-10.9085,-76.2018,-33.8244,1.7152
002178.SZ,20170829,20170630,0.1849,-39.7192,-0.4313,-3.9887
002180.SZ,20170831,20170630,680.2663,-238.3829,3.3928,-82.7487
002181.SZ,20170823,20170630,-10.0199,64.6747,9.0253,-0.6596
002182.SZ,20170728,20170630,25.8786,-29.6548,10.5787,4.1262
002183.SZ,20170825,20170630,13.817,-0.997,1.8541,5.6044
002184.SZ,20170729,20170630,12.0501,1930.3502,-26.4364,-0.5391
002185.SZ,20170826,20170630,32.7243,36.8201,17.8316,4.7946
002187.SZ,20170819,20170630,4.9209,17.2153,1.7787,3.7549
002190.SZ,20170818,20170630,-49.6588,-105.5499,-62.6959,-0.0015
002194.SZ,20170812,20170630,-4.3133,-1514.1254,-7.7769,-14.369
002199.SZ,20170824,20170630,-30.658,93.7053,3.7641,-0.5201
002200.SZ,20170826,20170630,-38.7428,-237.9839,-9.7091,-5.7339
002201.SZ,20170830,20170630,19.7386,-39.2326,19.0475,-0.3568
002202.SZ,20170826,20170630,-9.8235,-11.7934,11.0575,5.3921
002204.SZ,20170830,20170630,-34.6637,-70.0105,11.1195,-0.4117
002206.SZ,20170817,20170630,28.9305,15.3256,21.2165,5.4558
002208.SZ,20170823,20170630,-47.5187,-1256.6333,242.3848,1.8546
002210.SZ,20170728,20170630,148.8353,5.5016,0.123,4.4423
002211.SZ,20170824,20170630,49.1134,269.3885,7.3075,1.0623
002212.SZ,20170829,20170630,42.1401,-41.2482,-10.53,-0.4713
002213.SZ,20170823,20170630,-5.0552,-36.1232,-11.6453,-0.0943
002215.SZ,20170823,20170630,6.355,233.407,-55.2819,10.8024
002224.SZ,20170726,20170630,8.9836,-28.6569,13.0752,4.8255
002230.SZ,20170810,20170630,50.2789,-82.041,-19.8591,1.0354
002231.SZ,20170829,20170630,-19.2625,53.142,0.5906,-2.2819
002235.SZ,20170824,20170630,88.311,279.7869,-8.0886,1.0061
002238.SZ,20170824,20170630,3.1772,-7.585,26.0124,4.7885
002240.SZ,20170727,20170630,72.28,120.8055,14.5673,0.1398
002245.SZ,20170808,20170630,107.6076,68.3916,-8.2204,6.5318
002249.SZ,20170822,20170630,33.2648,-23.3295,-2.2584,1.4323
002250.SZ,20170830,20170630,28.5467,-38.2086,14.0256,3.4562
002252.SZ,20170824,20170630,-15.613,44.7276,40.441,2.2628
002253.SZ,20170816,20170630,-33.8431,-0.5271,6.7267,0.824
002259.SZ,20170823,20170630,-17.938,-7.7296,11.067,-0.1806
002262.SZ,20170729,20170630,11.1116,21.8244,6.5907,9.5744
002263.SZ,20170825,20170630,10.6319,96.2199,-2.6134,-0.4507
002264.SZ,20170829,20170630,5.8518,46.754,-0.546,1.3073
002265.SZ,20170822,20170630,80.291,737.1857,-5.1011,1.3928
002267.SZ,20170816,20170630,7.9112,-25.8505,13.9997,4.657
002269.SZ,20170830,20170630,6.0387,33.9528,-18.0596,-1.6651
002270.SZ,20170824,20170630,81.1339,4.9511,-55.9412,4.6961
002271.SZ,20170819,20170630,48.4658,34.5268,-22.6431,9.0408
002277.SZ,20170821,20170630,15.9931,28.7453,10.403,5.3935
002285.SZ,20170824,20170630,28.4479,35.8501,-85.4874,6.3961
002288.SZ,20170726,20170630,60.8228,478.2258,-1.3253,1.8377
002290.SZ,20170828,20170630,44.6808,41.8222,-173.194,2.0023
002293.SZ,20170818,20170630,59.1882,6.5933,-21.571,5.7326
002294.SZ,20170825,20170630,8.7908,5.1939,29.8857,13.2766
002296.SZ,20170805,20170630,-0.3171,-46.5384,-4.7183,1.5038
002297.SZ,20170815,20170630,26.2594,44.2963,-8.2341,-0.9637
002299.SZ,20170725,20170630,10.6485,-103.4834,12.493,-0.5355
002307.SZ,20170825,20170630,57.438,37.8075,12.5467,1.0358
002308.SZ,20170822,20170630,12.9627,55.8856,21.5761,3.7021
002309.SZ,20170825,20170630,151.8163,567.7567,-7.7361,0.5385
002314.SZ,20170829,20170630,41.7117,58.98,25.5168,2.2268
002315.SZ,20170826,20170630,167.2289,-29.8616,-13.2497,0.8554
002316.SZ,20170824,20170630,10.2529,-125.8517,-17.8337,-4.9499
002317.SZ,20170822,20170630,31.2026,5.0342,9.2872,6.9963
002320.SZ,20170816,20170630,34.5933,100.3423,42.6949,5.833
002323.SZ,20170822,20170630,25.4869,64.8905,-25.9896,14.1642
002327.SZ,20170824,20170630,17.7543,-1.947,-23.3916,5.3366
002328.SZ,20170826,20170630,0.066,-13.5424,11.1267,1.6074
002331.SZ,20170808,20170630,-25.3154,11.6369,-13.8822,2.2036
002340.SZ,20170824,20170630,26.2827,61.5036,0.7577,3.7046
002341.SZ,20170808,20170630,89.4197,140.1093,21.4097,1.7383
002342.SZ,20170815,20170630,8.9973,-19.4912,-3.6611,0.3853
002343.SZ,20170825,20170630,-27.0191,-33.7714,-31.6794,4.7296
002344.SZ,20170825,20170630,-17.6023,-50.1297,44.7517,2.4516
002345.SZ,20170816,20170630,16.5396,14.3278,17.4188,5.574
002347.SZ,20170818,20170630,3.6936,-9.7502,-31.9385,0.5805
002349.SZ,20170731,20170630,33.0629,64.9488,13.3099,4.3297
002351.SZ,20170822,20170630,33.1915,60.4512,-4.0992,3.1035
002352.SZ,20170826,20170630,21.2517,3.4892,10.7652,8.4677
002356.SZ,20170830,20170630,-7.7129,-5.0304,-11.8194,3.251
002357.SZ,20170823,20170630,-4.8775,-39.5181,14.5911,6.1644
002359.SZ,20170822,20170630,86.9096,87.2199,103.6778,0.7838
002360.SZ,20170801,20170630,-20.2177,-13.9132,3.0572,3.1574
002361.SZ,20170828,20170630,29.1185,-32.3935,-1.0721,3.0366
002362.SZ,20170824,20170630,41.5259,144.7115,1.0018,2.4801
002367.SZ,20170825,20170630,-6.5167,-45.3594,10.8689,3.8816
002369.SZ,20170825,20170630,2.2937,459.8027,-4.7524,-0.4015
002373.SZ,20170824,20170630,-3.869,27.5095,-22.4377,3.1624
002382.SZ,20170830,20170630,21.7734,-5.6351,32.2773,7.994
002386.SZ,20170725,20170630,-10.9473,234.8901,0.6567,-0.4054
002394.SZ,20170819,20170630,8.7701,-9.2847,12.4711,3.3501
002395.SZ,20170815,20170630,18.1259,-41.3145,7.3997,1.3424
002401.SZ,20170818,20170630,-4.9016,3.0365,13.5173,3.4996
002404.SZ,20170829,20170630,29.697,60.5376,3.6965,4.2296
002406.SZ,20170818,20170630,38.2744,60.9483,15.2294,3.8756
002408.SZ,20170810,20170630,116.1286,33.2663,0.0219,5.1727
002412.SZ,20170824,20170630,9.2716,7.0666,37.1456,3.9969
002415.SZ,20170722,20170630,27.8775,23.6663,11.6107,13.1997
002422.SZ,20170830,20170630,19.8698,-64.2957,19.842,2.3053
002424.SZ,20170828,20170630,3.699,-1.8377,-6.6245,7.4372
002425.SZ,20170829,20170630,33.5705,83.9587,-20.8594,2.7819
002426.SZ,20170818,20170630,4.3888,-17.8839,5.9966,1.8687
002428.SZ,20170818,20170630,64.7582,104.5093,20.4903,-0.3475
002432.SZ,20170825,20170630,176.5275,-9.0311,-18.3481,-3.1961
002441.SZ,20170830,20170630,19.7988,-9.591,-5.3821,2.533
002446.SZ,20170822,20170630,-18.2577,-55.1571,11.9143,3.1202
002449.SZ,20170818,20170630,58.6228,78.2427,10.0499,5.2571
002453.SZ,20170808,20170630,50.3695,44.5887,-13.615,0.1586
002455.SZ,20170801,20170630,14.9676,90.5219,15.3556,3.9567
002458.SZ,20170830,20170630,-77.2662,-166.7466,-66.5318,-9.7565
002462.SZ,20170810,20170630,30.3832,16.628,-2.4075,7.2586
002466.SZ,20170818,20170630,41.9632,12.0485,37.9093,18.3627
002467.SZ,20170824,20170630,-0.7126,2396.186,21.7114,1.5397
002471.SZ,20170731,20170630,7.0581,-24.2278,-12.3686,2.1081
002473.SZ,20170823,20170630,10.9278,-21.6575,55.2598,-3.7334
002477.SZ,20170812,20170630,-20.3262,-0.0362,-24.7835,7.6838
002478.SZ,20170829,20170630,78.1057,47.0948,1.12,1.7317
002479.SZ,20170823,20170630,41.394,49.0537,17.7728,6.8928
002481.SZ,20170823,20170630,-14.2726,-1.4015,-7.0485,0.9728
002485.SZ,20170819,20170630,18.6231,-148.1984,-4.9793,-1.2024
002490.SZ,20170824,20170630,93.9362,170.2467,0.3525,-9.128
002494.SZ,20170819,20170630,26.1778,168.3335,119.3929,0.3703
002498.SZ,20170823,20170630,27.5835,-37.2196,-8.2393,2.0796
002499.SZ,20170824,20170630,785.2647,197.5975,-54.105,5.4411
002500.SZ,20170822,20170630,124.6624,-25.5841,-155.0827,1.9296
002501.SZ,20170815,20170630,24.2681,16.8649,58.2462,5.004
002504.SZ,20170831,20170630,-21.6919,16.5822,-6.0281,6.8859
002507.SZ,20170728,20170630,35.1474,66.1007,28.2615,10.2832
002508.SZ,20170727,20170630,21.6779,33.2611,27.9302,12.9293
002514.SZ,20170805,20170630,-10.8958,449.302,31.8831,4.3737
002517.SZ,20170828,20170630,-3.928,45.1784,40.9633,10.6989
002518.SZ,20170822,20170630,66.4509,50.8836,0.5801,7.1921
002530.SZ,20170817,20170630,134.9935,875.3718,17.1287,2.1738
002531.SZ,20170829,20170630,20.5875,12.0371,-4.2984,4.1711
002533.SZ,20170727,20170630,27.82,-9.3704,-2.4949,2.6929
002535.SZ,20170808,20170630,72.3068,123.2565,-11.2609,0.4569
002538.SZ,20170826,20170630,-28.8024,-27.4584,3.6762,1.3332
002547.SZ,20170812,20170630,24.2931,-54.4597,-7.4011,1.6285
002549.SZ,20170728,20170630,62.6735,242.6575,27.0408,1.2881
002550.SZ,20170822,20170630,32.8839,1.3435,-1.419,4.0458
002551.SZ,20170831,20170630,21.2071,16.6399,22.3451,5.143
002557.SZ,20170818,20170630,0.7113,-10.434,10.7791,3.4911
002562.SZ,20170731,20170630,51.5731,161.1975,10.4496,8.1824
002563.SZ,20170829,20170630,20.9711,5.0744,15.2017,5.0474
002571.SZ,20170822,20170630,-11.2622,575.2127,44.4744,-1.009
002573.SZ,20170823,20170630,13.2376,20.1591,3.628,8.4544
002579.SZ,20170826,20170630,43.1148,-52.7023,5.1549,0.4376
002580.SZ,20170823,20170630,10.6734,-38.7337,-5.7752,0.9372
002581.SZ,20170831,20170630,-11.7418,33.3944,36.9259,6.8633
002584.SZ,20170825,20170630,42.1229,-27.1734,5.3114,1.1718
002592.SZ,20170828,20170630,-18.6098,17.7331,-9.878,3.6393
002594.SZ,20170829,20170630,-2.7279,-20.7148,-4.3846,2.1478
002596.SZ,20170825,20170630,102.0468,264.6195,-1.1389,2.6132
002597.SZ,20170830,20170630,38.6406,201.1028,16.4586,15.7835
002600.SZ,20170829,20170630,58.3544,72.0001,2.7308,2.491
002601.SZ,20170829,20170630,289.5172,1227.7767,26.7863,10.1779
002602.SZ,20170824,20170630,-10.3089,221.6843,7.1623,4.2921
002603.SZ,20170825,20170630,-1.4954,-0.156,-2.0695,5.6176
002607.SZ,20170822,20170630,9.4198,-12.2499,-8.9671,2.0635
002610.SZ,20170815,20170630,1.8575,18.3619,-15.5834,0.8108
002617.SZ,20170829,20170630,113.4743,232.1278,-23.96,6.822
002625.SZ,20170830,20170630,-19.1111,136.185,1.0947,1.1222
002629.SZ,20170818,20170630,2422.1401,101.2638,-0.6945,-2.1239
002631.SZ,20170829,20170630,47.6539,8.7043,36.6924,6.9111
002632.SZ,20170728,20170630,35.6299,237.5425,4.251,2.6616
002635.SZ,20170825,20170630,13.4227,38.1973,24.3681,6.0268
002637.SZ,20170825,20170630,115.7115,4.6528,1.1368,2.082
002645.SZ,20170808,20170630,23.4026,50.998,2.9233,2.2979
002648.SZ,20170815,20170630,86.9058,1452.6604,7.2376,13.5168
002651.SZ,20170826,20170630,42.023,8.5642,21.8657,2.8147
002657.SZ,20170810,20170630,-21.6997,-12.5094,30.021,2.1497
002659.SZ,20170805,20170630,42.0039,-985.2115,43.6799,-1.3193
002663.SZ,20170831,20170630,48.834,34.2953,5.3358,1.9507
002664.SZ,20170818,20170630,33.9902,4.6622,-10.1687,7.3192
002667.SZ,20170824,20170630,175.4496,167.7586,26.7088,1.8358
002668.SZ,20170829,20170630,46.6358,8.1477,-10.0297,7.1983
002669.SZ,20170822,20170630,-15.9643,-26.2204,28.9708,2.2852
002670.SZ,20170809,20170630,60.417,26.7457,161.5164,1.5164
002672.SZ,20170821,20170630,8.5418,-4.3417,-1.2041,6.2688
002673.SZ,20170816,20170630,-2.5227,-18.1609,-331.2699,2.9463
002676.SZ,20170823,20170630,23.0268,-73.077,3.4335,0.936
002680.SZ,20170818,20170630,181.7261,157.5219,37.4448,6.6602
002681.SZ,20170810,20170630,26.2883,22.3916,-12.8123,4.0734
002684.SZ,20170825,20170630,193.8946,326.3219,-29.7534,0.8172
002686.SZ,20170802,20170630,43.0726,38.49,-6.4122,5.2589
002692.SZ,20170824,20170630,-10.3534,-56.0978,-11.155,2.2988
002694.SZ,20170818,20170630,31.652,21.8538,6.0823,0.5246
002696.SZ,20170822,20170630,-9.4239,17.8524,3.1398,0.9052
002702.SZ,20170805,20170630,15.4057,-313.5176,-30.551,-2.4126
002709.SZ,20170822,20170630,21.9392,-7.2706,5.2274,10.1386
002712.SZ,20170829,20170630,-3.5682,131.4634,-10.6921,6.5751
002714.SZ,20170720,20170630,64.9186,-26.1529,22.0738,16.1844
002716.SZ,20170825,20170630,-2.7375,45.9378,-8.5607,3.9446
002717.SZ,20170829,20170630,75.4265,103.9927,-28.3655,7.2325
002722.SZ,20170822,20170630,17.8858,-8.2598,1.5013,3.7385
002732.SZ,20170808,20170630,7.9737,21.5036,18.8176,6.1053
002736.SZ,20170828,20170630,-13.3762,-28.1722,101.4074,4.3479
002742.SZ,20170812,20170630,9.8367,183.9452,42.5355,4.4655
002743.SZ,20170829,20170630,68.7467,-4.6281,-17.2316,1.495
002747.SZ,20170829,20170630,91.3001,55.1106,-3.1284,2.1099
002752.SZ,20170828,20170630,12.2741,-40.9646,5.3818,3.634
002771.SZ,20170804,20170630,-2.1646,-16.7085,-7.44,4.9114
002772.SZ,20170729,20170630,83.3636,221.8407,18.7939,1.5144
002773.SZ,20170823,20170630,13.481,6.9861,33.2222,7.7449
002775.SZ,20170826,20170630,118.9689,67.2187,20.5059,7.9792
002778.SZ,20170818,20170630,6.7702,13.2191,12.6916,2.518
002780.SZ,20170812,20170630,16.5038,-44.3645,6.503,-0.1865
002781.SZ,20170829,20170630,16.3672,40.6306,-1.5187,4.1067
002782.SZ,20170819,20170630,4.8859,-26.9025,-1.321,2.5935
002786.SZ,20170817,20170630,9.3333,27.7477,-4.5837,1.6343
002788.SZ,20170808,20170630,12.5395,22.8579,-26.0764,4.507
002796.SZ,20170819,20170630,16.0754,-37.2345,4.9125,2.2217
002797.SZ,20170826,20170630,12.5518,-7.7835,376.5129,2.1611
002799.SZ,20170818,20170630,12.8587,-30.0554,13.9144,2.4704
002803.SZ,20170824,20170630,47.936,-9.0241,-27.0807,4.5068
002808.SZ,20170829,20170630,7.8739,-11.8676,5.2319,2.656
002812.SZ,20170810,20170630,4.3504,-10.3591,23.1215,3.7532
002821.SZ,20170810,20170630,-7.8997,34.7571,-1.03,5.1034
002842.SZ,20170823,20170630,24.6047,9.2394,27.0572,5.6339
002869.SZ,20170824,20170630,30.6483,8.8311,-2.9443,7.5699
002873.SZ,20170822,20170630,15.7545,11.5511,-4.6515,6.5275
002876.SZ,20170823,20170630,,,16.3282,3.7599
002877.SZ,20170821,20170630,,,-27.7075,4.9016
002879.SZ,20170814,20170630,21.3397,16.5334,-9.0953,6.3326
002880.SZ,20170831,20170630,,,14.8463,8.9672
002881.SZ,20170825,20170630,30.2475,0.0343,2.8168,4.2795
002882.SZ,20170825,20170630,32.1293,86.7725,-0.3271,7.0151
002885.SZ,20170821,20170630,18.3047,24.8321,13.1861,6.7226
002886.SZ,20170825,20170630,,,5.9333,3.4484
002887.SZ,20170828,20170630,33.8511,3.5446,-22.4493,11.3375
002889.SZ,20170830,20170630,,,14.671,8.4082
002901.SZ,20170905,20170630,,,43.4729,20.7254
002912.SZ,20171107,20170630,,,2.0681,5.0938
002919.SZ,20171129,20170630,,,16.5589,6.9026
002927.SZ,20180130,20170630,,,-0.9304,5.7606
002939.SZ,20170719,20170630,,,,
002945.SZ,20170901,20170630,-22.5367,-32.6719,12.1917,
002946.SZ,20170929,20170630,,,,9.3138
002952.SZ,20170822,20170630,,,25.5807,14.0527
002956.SZ,20171222,20170630,,,,17.0833
002967.SZ,20171013,20170630,,,4.5982,1.3303
002969.SZ,20170829,20170630,,,,
002972.SZ,20170831,20170630,,,-26.3245,8.1192
002978.SZ,20170929,20170630,,,,24.0723
002981.SZ,20171227,20170630,,,,15.1175
002982.SZ,20170826,20170630,,,,-15.6754
002999.SZ,20171220,20170630,,,,7.9626
003003.SZ,20170831,20170630,,,,5.9014
300002.SZ,20170829,20170630,-24.2895,-101.487,51.3374,-1.0813
300003.SZ,20170829,20170630,31.212,31.2913,19.648,8.6195
300007.SZ,20170829,20170630,28.1541,24.7827,35.1915,2.9256
300009.SZ,20170823,20170630,34.3432,37.3459,23.8515,7.0393
300010.SZ,20170829,20170630,91.5383,-38.1486,-25.7246,0.5743
300013.SZ,20170825,20170630,63.4675,2017.7062,11.134,2.7198
300016.SZ,20170823,20170630,6.8207,25.874,0.4959,7.6014
300019.SZ,20170818,20170630,29.5913,-33.9011,10.965,1.9496
300027.SZ,20170829,20170630,31.4678,1138.1563,-10.0366,1.0858
300031.SZ,20170829,20170630,-21.6426,25.1759,16.4393,4.3902
300037.SZ,20170808,20170630,3.8787,-16.9465,19.2741,5.3691
300044.SZ,20170829,20170630,182.1354,74.2875,-40.7461,3.2881
300047.SZ,20170811,20170630,28.726,-31.6139,-11.7756,0.3906
300050.SZ,20170728,20170630,7.2983,40.2563,2.4159,1.5688
300051.SZ,20170828,20170630,6.8481,-48.5622,28.1105,3.0242
300053.SZ,20170829,20170630,135.4627,230.2239,-4.0264,2.5172
300055.SZ,20170817,20170630,54.4371,46.0413,22.6681,3.5935
300056.SZ,20170825,20170630,-64.0319,-125.2458,83.492,-4.5428
300064.SZ,20170818,20170630,-19.166,-16.6241,21.9534,1.2629
300067.SZ,20170826,20170630,100.3529,-3.6564,10.1401,5.4627
300068.SZ,20170826,20170630,24.5232,-3.5829,2.0365,1.5118
300070.SZ,20170808,20170630,3.4403,29.2822,56.8291,2.034
300075.SZ,20170826,20170630,16.4928,37.4072,-35.7223,4.3672
300077.SZ,20170825,20170630,22.0348,17.137,-32.3871,1.3093
300080.SZ,20170825,20170630,-52.5138,-44915.8674,-34.1563,-7.0736
300082.SZ,20170829,20170630,34.9287,21.9451,16.7498,1.8785
300083.SZ,20170829,20170630,30.6799,606.8076,2.7683,5.4212
300086.SZ,20170829,20170630,2.603,195.1977,-4.4181,0.7977
300088.SZ,20170830,20170630,58.2921,110.2251,-2.1714,7.0079
300089.SZ,20170829,20170630,17.8185,72.9294,56.4511,0.8275
300092.SZ,20170825,20170630,44.6845,-56.4815,-35.1436,0.298
300095.SZ,20170826,20170630,-7.8085,3.2549,-51.7427,1.6033
300097.SZ,20170829,20170630,77.2802,14.9095,8.3199,4.0978
300098.SZ,20170829,20170630,48.3843,77.2797,24.7172,4.6613
300099.SZ,20170826,20170630,8.7404,-124.6929,77.4612,0.351
300101.SZ,20170815,20170630,-20.5025,-46.1569,-35.8806,2.2638
300102.SZ,20170818,20170630,17.0319,996.8851,33.7849,3.1248
300103.SZ,20170829,20170630,83.6515,55.5179,-3.648,2.4306
300105.SZ,20170811,20170630,27.7021,170.2308,-33.348,0.013
300106.SZ,20170829,20170630,-4.7664,-110.9366,56.0185,-5.5558
300107.SZ,20170824,20170630,39.628,82.997,4.5311,2.4247
300109.SZ,20170829,20170630,13.503,22.4254,27.5227,4.0331
300116.SZ,20170826,20170630,2114.7068,27130.1209,-16.5257,6.786
300124.SZ,20170825,20170630,28.7669,2.8989,20.0313,7.691
300125.SZ,20170725,20170630,0.7086,84.6846,15.0561,-1.6527
300126.SZ,20170826,20170630,-21.9706,-145.534,27.4128,0.1003
300128.SZ,20170818,20170630,10.4971,150.8191,-3.1875,0.0533
300130.SZ,20170829,20170630,-9.4566,-12.9237,1.1622,1.9021
300131.SZ,20170829,20170630,128.8326,36.0294,-5.2308,4.0621
300137.SZ,20170826,20170630,0.3266,11.3907,-9.0215,2.9457
300142.SZ,20170823,20170630,107.9136,88.5547,15.0363,-1.2591
300144.SZ,20170816,20170630,17.6327,16.9995,43.3607,7.9153
300146.SZ,20170731,20170630,29.9749,123.2937,44.8071,9.8467
300156.SZ,20170823,20170630,67.2253,94.0913,66.1731,15.1556
300158.SZ,20170829,20170630,43.6655,502.8951,-5.2264,2.6969
300159.SZ,20170810,20170630,113.2097,443.1923,-14.9209,1.9478
300163.SZ,20170829,20170630,-9.6319,-87.5792,23.9739,-0.0283
300167.SZ,20170818,20170630,82.9062,475.1819,-43.3436,0.0221
300174.SZ,20170829,20170630,23.0512,38.8702,13.4186,5.2468
300179.SZ,20170722,20170630,152.0514,687.3246,40.3545,4.9845
300185.SZ,20170829,20170630,31.1873,16.007,2.3084,1.8417
300198.SZ,20170825,20170630,50.4702,1267.5266,10.7389,1.731
300202.SZ,20170812,20170630,19.6834,-76.8294,-43.5191,0.6197
300203.SZ,20170829,20170630,36.4727,15.352,-14.6282,2.8716
300205.SZ,20170823,20170630,26.2982,-17.3332,-16.9365,2.3346
300206.SZ,20170822,20170630,25.6619,41.1787,10.9884,2.4441
300207.SZ,20170815,20170630,74.4259,5.347,-12.5161,6.1199
300211.SZ,20170818,20170630,-39.2073,-71.738,6.6552,0.453
300212.SZ,20170822,20170630,28.3148,-8.1775,17.385,2.8151
300218.SZ,20170822,20170630,-0.6187,-93.7168,11.9403,-0.3344
300220.SZ,20170829,20170630,-5.286,14.914,-49.2133,2.1223
300221.SZ,20170822,20170630,97.9358,1.1894,-4.2835,6.0902
300222.SZ,20170829,20170630,76.6439,31.4184,18.6545,2.0933
300225.SZ,20170829,20170630,-5.8847,-30.4863,14.5785,2.8683
300228.SZ,20170829,20170630,112.3215,155.232,-0.4017,1.6569
300234.SZ,20170804,20170630,34.0336,-36.1713,-29.8449,-0.4558
300236.SZ,20170821,20170630,13.6155,31.4097,19.0567,2.7458
300238.SZ,20170727,20170630,92.5008,96.2039,0.3387,1.3711
300239.SZ,20170825,20170630,4.0555,25.9881,9.0903,1.4507
300240.SZ,20170808,20170630,20.7797,10.4828,-2.1758,2.5529
300241.SZ,20170816,20170630,50.6295,249.0256,-1.647,2.1035
300247.SZ,20170822,20170630,138.3155,154.0754,43.4112,1.4588
300264.SZ,20170818,20170630,-24.072,-347.6159,-135.4773,-4.7277
300266.SZ,20170803,20170630,139.8622,98.4594,-9.5298,6.2354
300268.SZ,20170825,20170630,-55.6606,-67.5077,-5809.5907,-3.1088
300269.SZ,20170829,20170630,59.2024,29.1566,13.3807,3.3448
300271.SZ,20170815,20170630,23.2931,22.7725,-6.7419,8.261
300273.SZ,20170826,20170630,-29.3686,-77.2365,-134.5388,1.1336
300274.SZ,20170815,20170630,125.8035,130.8966,-12.1277,5.4236
300276.SZ,20170805,20170630,-15.6086,-7.291,-2.3715,0.9732
300277.SZ,20170825,20170630,16.3773,49.2542,-71.3579,-1.3471
300279.SZ,20170822,20170630,9.1741,-28.6719,-12.1384,2.9443
300284.SZ,20170801,20170630,90.7413,33.5062,-12.8981,4.5933
300285.SZ,20170815,20170630,89.1442,76.1104,8.2039,6.3502
300288.SZ,20170825,20170630,9.7796,36.2387,22.6818,4.1045
300290.SZ,20170830,20170630,-31.6322,33.6639,58.6959,2.0422
300295.SZ,20170826,20170630,-19.4676,-13.1271,-135.9463,3.597
300296.SZ,20170822,20170630,49.8114,95.1573,15.2317,7.6548
300297.SZ,20170808,20170630,113.335,44.1279,-33.5775,3.7542
300303.SZ,20170826,20170630,19.0089,11.3903,-1.2964,3.7312
300304.SZ,20170729,20170630,23.1752,16.0802,22.8321,4.3755
300307.SZ,20170829,20170630,13.5923,56.4744,21.7023,2.545
300308.SZ,20170829,20170630,20.8365,-29.3482,11.5284,0.4179
300311.SZ,20170829,20170630,69.5812,-10.0113,15.9959,5.0696
300312.SZ,20170829,20170630,-21.0634,-174.9402,28.0878,-2.0801
300315.SZ,20170826,20170630,-16.9189,-46.6037,21.9595,2.6442
300317.SZ,20170826,20170630,60.4952,67.9954,-11.4415,4.7413
300318.SZ,20170822,20170630,-16.5486,42.4959,-23.4266,0.3223
300319.SZ,20170829,20170630,23.3851,7.3918,-11.672,1.3267
300324.SZ,20170829,20170630,17.1349,-0.7241,26.166,3.1396
300327.SZ,20170829,20170630,19.8298,49.312,30.9381,8.9284
300328.SZ,20170822,20170630,29.3954,12.7008,33.9019,1.9259
300334.SZ,20170825,20170630,34.9645,-582.6121,-62.7173,-1.6438
300335.SZ,20170829,20170630,132.9366,138.4958,9.6175,7.9102
300336.SZ,20170822,20170630,45.0063,32.5048,2.4775,3.7846
300339.SZ,20170823,20170630,27.6032,14.5574,-31.2266,1.6313
300340.SZ,20170825,20170630,197.1341,2024.9591,-12.7308,4.4092
300346.SZ,20170823,20170630,112.9539,445.0494,28.9472,0.8843
300350.SZ,20170826,20170630,92.1059,98.865,-14.6947,3.037
300353.SZ,20170822,20170630,26.4948,7.4128,8.0812,2.0007
300354.SZ,20170829,20170630,-3.2925,28.8107,8.246,0.0186
300356.SZ,20170729,20170630,-32.5809,52.3483,-25.3566,-0.0387
300365.SZ,20170818,20170630,80.517,54.9286,-8.3817,6.1669
300366.SZ,20170817,20170630,98.1432,46.3238,1.9069,1.8028
300367.SZ,20170825,20170630,26.7858,50.1928,-3.747,2.7542
300370.SZ,20170825,20170630,103.0376,94.9274,-32.4776,-1.1095
300372.SZ,20170826,20170630,-69.0933,-532.2493,14.9653,-6.6054
300377.SZ,20170815,20170630,50.8976,86.0941,-112.1699,1.953
300378.SZ,20170727,20170630,11.8197,57.2799,23.2552,2.1214
300383.SZ,20170825,20170630,77.0543,71.2814,8.2867,3.3545
300385.SZ,20170826,20170630,24.8112,11.4137,1.4795,4.4663
300390.SZ,20170816,20170630,30.5912,-6.4764,8.8999,1.3688
300391.SZ,20170829,20170630,327.3085,3105.8063,3.3993,4.7675
300398.SZ,20170829,20170630,47.2844,-50.1456,25.5168,2.9843
300401.SZ,20170812,20170630,49.3418,374.6918,27.0198,9.1175
300402.SZ,20170829,20170630,150.3403,139.2718,-0.1208,-4.1333
300406.SZ,20170829,20170630,1.291,0.2185,30.9546,8.0596
300407.SZ,20170826,20170630,185.954,6.274,-21.8095,-2.4288
300409.SZ,20170721,20170630,32.9615,35.1923,13.892,5.3941
300419.SZ,20170728,20170630,52.8657,0.9008,17.1031,1.9379
300420.SZ,20170808,20170630,12.251,18.6962,-5.8777,3.689
300430.SZ,20170822,20170630,35.6053,18.9836,11.1338,3.1038
300431.SZ,20170829,20170630,23.9232,108.1972,-27.9547,0.209
300437.SZ,20170810,20170630,102.2534,168.59,8.2005,2.323
300438.SZ,20170829,20170630,107.6672,192.208,-15.7688,6.2736
300440.SZ,20170817,20170630,28.8855,48.9472,71.1601,5.1327
300443.SZ,20170826,20170630,9.5116,31.6142,19.407,6.2565
300446.SZ,20170825,20170630,-20.5756,-33.4298,82.875,8.7173
300467.SZ,20170808,20170630,19.4516,453.3713,43.8594,4.7987
300472.SZ,20170822,20170630,156.2942,-2.5365,19.8028,0.8446
300474.SZ,20170829,20170630,50.4477,39.816,-1.7832,6.2246
300475.SZ,20170818,20170630,-2.3712,-16.0793,23.5722,2.1386
300476.SZ,20170829,20170630,46.1202,24.8225,-3.2336,7.4214
300477.SZ,20170822,20170630,39.3714,5.9005,7.1845,3.4886
300478.SZ,20170828,20170630,3.1049,-11.0823,-8.4399,2.6074
300482.SZ,20170819,20170630,84.2321,36.7023,6.5547,10.272
300489.SZ,20170829,20170630,18.1718,26.1559,-32.5583,1.8631
300490.SZ,20170829,20170630,7.9455,-2.7733,15.9998,2.7295
300493.SZ,20170728,20170630,40.2442,28.6779,-3.0411,5.6378
300496.SZ,20170829,20170630,31.9848,-23.3747,19.3136,3.3288
300498.SZ,20170815,20170630,-17.3271,-91.8489,-4.2084,5.7189
300501.SZ,20170828,20170630,22.456,-1.7028,-7.7971,5.1856
300503.SZ,20170829,20170630,18.2369,20.3264,-0.6907,5.1882
300505.SZ,20170805,20170630,29.818,17.9097,15.0918,3.8229
300506.SZ,20170829,20170630,99.6146,232.0649,-46.3256,10.903
300507.SZ,20170823,20170630,15.0808,4.6724,19.9674,5.9217
300514.SZ,20170821,20170630,29.9427,111.8154,1.1066,6.899
300515.SZ,20170829,20170630,-8.2387,-46.7045,25.9518,2.3395
300520.SZ,20170822,20170630,17.0782,9.2346,-21.829,0.0715
300521.SZ,20170829,20170630,13.843,28.8246,33.6367,2.8919
300526.SZ,20170829,20170630,7.929,49.0376,29.2746,3.8983
300531.SZ,20170825,20170630,49.9514,19.246,-28.7257,4.1745
300536.SZ,20170817,20170630,7.2678,4.859,8.4181,5.1604
300537.SZ,20170829,20170630,22.2892,20.7666,10.058,2.9062
300538.SZ,20170825,20170630,2.1281,-86.1033,-3.669,1.3396
300547.SZ,20170829,20170630,30.7508,30.0247,13.6062,6.8828
300549.SZ,20170801,20170630,45.7616,84.8749,-6.0575,8.6105
300563.SZ,20170822,20170630,-10.5294,30.1504,10.5992,4.3422
300579.SZ,20170825,20170630,16.1337,72.5611,-11.4428,3.4562
300580.SZ,20170822,20170630,13.3944,18.6879,13.472,5.0063
300583.SZ,20170828,20170630,-6.2228,-48.7695,15.0733,1.9677
300588.SZ,20170822,20170630,25.904,19.3177,-37.8094,4.0127
300589.SZ,20170824,20170630,-7.0532,-7.78,-7.5586,2.8696
300595.SZ,20170826,20170630,17.1107,8.8282,46.2378,10.7101
300597.SZ,20170825,20170630,-18.5723,-3.9594,-49.5596,2.2186
300598.SZ,20170829,20170630,-5.6132,-35.2541,-1.5046,1.0067
300599.SZ,20170824,20170630,17.2656,-0.0808,2.4912,4.6282
300607.SZ,20170826,20170630,66.6925,21.8582,-8.9461,10.2281
300609.SZ,20170815,20170630,15.5938,-5.7365,30.1829,2.9616
300610.SZ,20170808,20170630,23.0075,54.3857,7.7366,6.6825
300611.SZ,20170821,20170630,15.2429,11.4365,-3.8689,3.8462
300615.SZ,20170818,20170630,-8.73,-50.8384,16.816,5.4509
300644.SZ,20171108,20170630,,,12.5998,4.2484
300650.SZ,20170825,20170630,16.5848,2.4505,9.5772,4.0213
300653.SZ,20170802,20170630,13.3456,15.9084,31.0065,6.3478
300654.SZ,20170905,20170630,,,28.7466,1.8999
300657.SZ,20170815,20170630,94.0035,89.4022,-22.2717,5.0804
300663.SZ,20170829,20170630,-5.7437,-1166.3407,-41.0673,-6.0246
300664.SZ,20171218,20170630,,,28.4277,5.7917
300673.SZ,20170829,20170630,4.4363,25.5411,18.0466,9.6276
300680.SZ,20170825,20170630,-18.6127,-8.3725,40.1642,5.4171
300686.SZ,20170825,20170630,-11.475,-9.2453,6.9516,6.0758
300690.SZ,20170829,20170630,,,2.4411,13.0127
300693.SZ,20170821,20170630,27.8944,253.2324,22.1329,11.4377
300699.SZ,20170815,20170630,,,28.6581,9.818
300700.SZ,20170822,20170630,,,-2.2696,13.9855
300705.SZ,20170912,20170630,29.8651,42.0464,18.5595,6.971
300707.SZ,20170920,20170630,,,38.9832,15.2221
300726.SZ,20171031,20170630,,,31.4775,11.1884
300730.SZ,20171114,20170630,,,-55.4877,-7.0778
300731.SZ,20171120,20170630,,,2.2793,15.4316
300738.SZ,20180108,20170630,,,26.4212,13.9502
300741.SZ,20171226,20170630,,,29.408,8.9581
300750.SZ,20171110,20170630,,,-16.8043,2.9192
300781.SZ,20171025,20170630,,,,8.2136
300787.SZ,20170929,20170630,,,,13.3863
300796.SZ,20170830,20170630,,,,11.0501
300798.SZ,20171229,20170630,,,,6.0187
300799.SZ,20171227,20170630,,,,10.472
300810.SZ,20171013,20170630,,,,9.4432
300813.SZ,20170831,20170630,,,,13.8152
300818.SZ,20170809,20170630,,,,6.8166
300827.SZ,20170911,20170630,,,,16.921
300828.SZ,20170830,20170630,,,-4.987,7.6379
300832.SZ,20171031,20170630,,,,15.3867
300835.SZ,20180103,20170630,,,25.5276,10.6043
300839.SZ,20170831,20170630,,,-93.1178,13.0741
600007.SH,20170831,20170630,13.7591,-32.2333,36.8763,4.8117
600016.SH,20170829,20170630,-9.2842,2.7521,-944.7823,7.9031
600019.SH,20170825,20170630,45.1165,9.2079,5.4066,4.5479
600025.SH,20171106,20170630,11.3615,137.2824,64.4198,5.0191
600028.SH,20170828,20170630,25.4737,-19.9158,8.1506,3.6474
600036.SH,20170819,20170630,1.6902,14.2231,285.0713,9.4842
600052.SH,20170822,20170630,-70.1427,-97.4981,-385.6386,1.0447
600053.SH,20170825,20170630,-55.3749,-44.2769,19.5238,7.4631
600056.SH,20170826,20170630,14.8665,27.0377,-1.7874,9.0084
600062.SH,20170818,20170630,10.0415,13.8736,22.0036,7.2613
600064.SH,20170729,20170630,-63.2344,-16.7912,76.4729,4.9429
600070.SH,20170823,20170630,123.5494,922.6141,6.6045,1.4623
600072.SH,20170831,20170630,-7.8902,177.3904,-19.8115,0.0175
600076.SH,20170818,20170630,53.0401,42.5612,3.404,7.5323
600079.SH,20170830,20170630,16.4518,-35.9082,7.4579,3.4464
600095.SH,20170831,20170630,-49.63,39.0228,28.86,-1.716
600101.SH,20170825,20170630,10.4018,7.6572,12.9692,2.1567
600112.SH,20170824,20170630,48.9866,175.9751,-2.0504,-1.6933
600113.SH,20170818,20170630,5.4502,-6.8154,37.7141,7.0487
600114.SH,20170825,20170630,25.4862,114.1045,7.8084,5.353
600131.SH,20170812,20170630,-35.5279,-56.112,29.184,3.3591
600136.SH,20170826,20170630,17.6606,2.8617,-190.5189,0.2452
600139.SH,20170831,20170630,-70.7427,-22.998,-98.9909,-6.4063
600141.SH,20170812,20170630,12.8075,300.871,6.2003,1.7098
600143.SH,20170829,20170630,34.8041,-44.4188,-4.3981,1.4136
600146.SH,20170829,20170630,15421.7339,574.5536,27.0452,1.8754
600149.SH,20170831,20170630,-40.0709,-123.9976,-133.8053,-3.0264
600158.SH,20170831,20170630,-4.5831,41.4653,45.5878,0.7503
600159.SH,20170830,20170630,-59.6173,-105.1483,-175.4108,-1.0327
600165.SH,20170830,20170630,-65.6978,58.9929,-13.0114,-1.754
600167.SH,20170828,20170630,0.2459,55.7264,-23.7611,9.6202
600168.SH,20170826,20170630,2.1856,4.0805,17.5096,3.2604
600180.SH,20170826,20170630,98.9286,6.8549,-8.7034,2.1302
600192.SH,20170824,20170630,2.6456,-29.3437,13.198,0.0113
600213.SH,20170830,20170630,-31.604,-69.3603,2.8499,7.0307
600218.SH,20170826,20170630,0.189,-75.3054,-16.5527,1.656
600225.SH,20170805,20170630,-6.7832,119.2106,-4.3303,-28.7139
600226.SH,20170815,20170630,83.5038,22.3716,27.737,5.7031
600227.SH,20170825,20170630,-52.4296,338.4694,-17.3758,-1.096
600242.SH,20170831,20170630,389.9629,388.3603,1.3066,3.8846
600257.SH,20170829,20170630,22.4715,-10.5416,11.2386,0.3908
600265.SH,20170826,20170630,-27.0712,53.8944,-109.3762,-90.1052
600276.SH,20170830,20170630,21.6326,20.8894,23.5162,12.0666
600286.SH,20170830,20170630,-27.4474,-13.4168,9.3016,5.9137
600287.SH,20170829,20170630,16.8823,104.3089,-9.5013,0.9323
600291.SH,20170831,20170630,-18.1914,584.2955,-246.3429,0.138
600300.SH,20170826,20170630,-21.7236,-79.2388,-6.8665,3.887
600313.SH,20170826,20170630,-21.3992,-376.6024,-6.8234,-1.9107
600318.SH,20170812,20170630,-4.635,944.7204,95.4816,3.0112
600319.SH,20170830,20170630,39.5686,119.169,-10.615,81.7131
600321.SH,20170726,20170630,75.8955,113.1961,20.6987,-0.4626
600328.SH,20170817,20170630,32.706,72.6972,10.4325,5.4327
600343.SH,20170826,20170630,-19.0868,-13.0013,-67.9641,0.4776
600352.SH,20170731,20170630,8.0902,-22.1675,3.1622,6.2018
600365.SH,20170825,20170630,85.6494,-386.8145,-9.08,0.2471
600366.SH,20170822,20170630,10.8945,-26.3951,-5.5432,2.4961
600367.SH,20170805,20170630,4.3437,-3.2087,17.3198,3.3294
600369.SH,20170830,20170630,-32.669,-33.6319,-61.4293,2.1157
600372.SH,20170831,20170630,19.2269,121.3259,-0.722,1.2552
600393.SH,20170729,20170630,273.7726,126.1165,-56.0187,17.4805
600396.SH,20170812,20170630,8.3426,-343.8152,19.6323,-3.7675
600398.SH,20170825,20170630,12.7139,6.1289,8.8062,18.7599
600408.SH,20170831,20170630,122.7029,91.9735,40.6756,-8.5128
600418.SH,20170831,20170630,-1.1101,-76.1179,-11.7504,1.3955
600419.SH,20170825,20170630,46.757,14.0311,20.5594,7.8657
600422.SH,20170819,20170630,11.8336,-25.7145,2.8608,5.3471
600446.SH,20170824,20170630,36.1504,423.8162,-2.605,0.9553
600463.SH,20170826,20170630,362.7046,172.5634,12.3076,4.3708
600482.SH,20170812,20170630,11.1501,35.1287,-3.9645,1.9537
600513.SH,20170825,20170630,6.2424,32.7776,12.7676,4.2345
600518.SH,20170829,20170630,14.8544,39.4844,-4.6602,7.2588
600525.SH,20170819,20170630,47.0113,31.8441,-3.2128,3.176
600527.SH,20170818,20170630,20.0332,70.112,2.0755,1.4063
600546.SH,20170829,20170630,-8.0542,119.6146,-1.88,3.0305
600558.SH,20170822,20170630,19.9287,-57.2477,4.5891,1.0144
600560.SH,20170826,20170630,-14.4546,-24.3396,18.948,1.4467
600565.SH,20170826,20170630,-48.4509,-47.906,25.9592,1.555
600566.SH,20170728,20170630,17.3882,25.8501,26.4712,15.0327
600583.SH,20170822,20170630,-20.0196,-0.5557,-18.9087,0.2186
600588.SH,20170826,20170630,25.7715,181.0682,4.5775,-1.9078
600594.SH,20170819,20170630,3.1911,-7.8861,-2.0144,4.2688
600598.SH,20170829,20170630,-21.93,-44.4597,-35.5339,9.128
600600.SH,20170831,20170630,1.7539,6.3506,24.5402,6.1973
600608.SH,20170822,20170630,136.1787,12.3192,44.5185,
600611.SH,20170830,20170630,15.8416,-47.1154,18.792,2.144
600615.SH,20170729,20170630,-7.677,1532.3503,671.9919,-0.1095
600618.SH,20170828,20170630,5.6796,6504.3383,7.5214,12.6063
600620.SH,20170823,20170630,-12.6138,16.1925,-7.0655,1.9734
600626.SH,20170831,20170630,4.3404,-7.2016,2.7664,1.8012
600630.SH,20170825,20170630,-5.4079,-44.0954,-7.3371,1.8542
600634.SH,20170825,20170630,-46.4041,-9.8677,44.6214,0.8116
600637.SH,20170830,20170630,16.8837,-15.0069,-8.6401,3.0663
600643.SH,20170830,20170630,48.9451,17.3233,322.6654,5.1996
600644.SH,20170810,20170630,12.4881,-76.6387,23.9325,4.6074
600650.SH,20170831,20170630,12.5502,-29.0199,12.2506,3.8745
600651.SH,20170826,20170630,2.5692,389.1079,-13.8607,-2.2107
600661.SH,20170830,20170630,21.5936,6.9914,33.7191,3.5099
600663.SH,20170729,20170630,-1.512,13.1721,-63.6942,8.1719
600664.SH,20170810,20170630,-15.8561,7.0122,6.1319,4.0701
600665.SH,20170824,20170630,120.8921,317.7235,58.7197,3.7594
600671.SH,20170829,20170630,-15.9228,-25.0077,-37.5683,-14.9316
600675.SH,20170809,20170630,-60.1151,1696.5362,52.8685,10.204
600678.SH,20170831,20170630,76.4457,135.71,12.7136,
600689.SH,20170831,20170630,25.7228,32.6872,-0.5022,-2.1134
600691.SH,20170825,20170630,11.9421,111.1524,18.6617,0.8011
600711.SH,20170808,20170630,67.0881,164.2864,2.2413,4.8365
600719.SH,20170818,20170630,60.3892,27.0438,5.9827,2.1823
600721.SH,20170816,20170630,-38.9626,130.4377,10.7597,1.8726
600722.SH,20170803,20170630,14.2923,89.6072,-47.4592,2.3662
600725.SH,20170816,20170630,-67.0148,101.2044,-22.5818,1.156
600727.SH,20170817,20170630,5.8847,167.7682,-58.7174,2.5047
600733.SH,20170829,20170630,-57.9981,-4.5103,-438.8517,-2.2299
600749.SH,20170831,20170630,17.4323,107.1271,19.8727,-4.7035
600760.SH,20170818,20170630,-6.1101,-7.9036,5.9899,-6.9482
600773.SH,20170819,20170630,-64.8372,-0.7059,140.9709,1.0643
600784.SH,20170819,20170630,-64.0929,190.9589,-14.0614,0.1793
600794.SH,20170815,20170630,15.6274,-479.1484,97.6226,-0.2997
600796.SH,20170818,20170630,7.7704,208.1818,18.8919,5.0553
600805.SH,20170826,20170630,-2.5995,-99.4482,44.275,-0.7316
600812.SH,20170812,20170630,1.8107,6.5425,0.8228,0.3218
600813.SH,20170811,20170630,,-397.0732,,2.3372
600816.SH,20170816,20170630,-30.7406,-24.5729,-42.0822,10.6283
600823.SH,20170824,20170630,90.428,0.4147,57.1581,5.2281
600827.SH,20170830,20170630,2.4418,-4.1439,1.506,3.6115
600828.SH,20170825,20170630,34.073,12.9314,16.8064,9.8805
600830.SH,20170830,20170630,-46.8014,-62.1992,31.773,0.5431
600831.SH,20170831,20170630,5.7948,32.1483,35.866,3.8655
600857.SH,20170808,20170630,7.0128,-18.6775,5.5771,2.9922
600871.SH,20170830,20170630,8.3319,66.7179,-6.1317,-31.5482
600874.SH,20170830,20170630,5.4666,-3.5043,47.3542,5.0102
600895.SH,20170831,20170630,-26.74,13.079,28.6218,3.3324
600908.SH,20170818,20170630,12.2375,10.3596,-324.5528,5.9693
600909.SH,20170829,20170630,42.0587,103.8134,70.3548,3.4202
600918.SH,20170901,20170630,-1.6808,-20.1671,-125.1528,3.2211
600939.SH,20170830,20170630,-0.0046,-33.8579,10.9763,2.647
600958.SH,20170828,20170630,65.2913,5.8828,-146.0097,3.7854
600959.SH,20170829,20170630,60.2183,-10.9172,66.9615,2.7145
600960.SH,20170831,20170630,42.5292,25.5494,-11.5408,2.758
600966.SH,20170812,20170630,13.4346,277.478,17.121,9.368
600976.SH,20170829,20170630,67.8694,61.0773,3.5693,4.3568
600977.SH,20170830,20170630,11.5628,-1.0257,-6.4207,5.8271
600984.SH,20170830,20170630,43.3672,24.2524,6.5355,1.5684
600987.SH,20170809,20170630,-1.3205,3.3778,22.098,7.1377
601066.SH,20180130,20170630,,,-179.227,4.3838
601088.SH,20170826,20170630,51.2067,131.3733,38.1021,8.028
601108.SH,20170926,20170630,,,163.8355,5.2233
601127.SH,20170818,20170630,33.5164,143.469,-3.7239,9.4156
601155.SH,20170819,20170630,17.2072,4.8666,-23.8497,6.4958
601169.SH,20170831,20170630,7.8558,5.3872,214.7611,7.6401
601186.SH,20170830,20170630,12.0546,12.1216,-3.5471,4.5423
601200.SH,20170831,20170630,4.2886,24.7055,63.9174,5.4866
601228.SH,20170825,20170630,27.5355,-1.9187,18.4775,3.1116
601233.SH,20170829,20170630,30.5748,54.7235,19.5166,5.3957
601318.SH,20170818,20170630,18.0703,1.4844,13.9863,10.7268
601319.SH,20170929,20170630,,,,7.3061
601336.SH,20170830,20170630,0.9042,4.5556,2.1339,5.4734
601398.SH,20170831,20170630,5.4005,2.3273,137.4277,7.6305
601399.SH,20170829,20170630,-8.1773,103.7363,18.0742,0.7323
601456.SH,20180119,20170630,,,-875.3149,3.1179
601628.SH,20170825,20170630,7.4683,18.4487,28.4596,4.0107
601633.SH,20170826,20170630,-14.272,-81.6142,77.0553,4.4622
601677.SH,20170822,20170630,36.5187,26.192,12.4686,4.9786
601678.SH,20170721,20170630,42.1661,3978.8546,5.6187,6.9988
601696.SH,20170831,20170630,,,-675.8843,5.1379
601727.SH,20170831,20170630,7.801,17.3074,0.269,2.5169
601766.SH,20170826,20170630,2.3216,-10.2046,-3.5938,2.8543
601808.SH,20170824,20170630,11.8877,102.3442,4.9342,-1.7095
601818.SH,20170826,20170630,-3.2056,4.5915,-337.7563,6.5521
601828.SH,20171225,20170630,15.0424,26.1534,67.7518,3.4266
601878.SH,20170816,20170630,-11.2427,-23.6019,19.8434,4.5857
601916.SH,20171110,20170630,,,-1230.4963,7.3726
601939.SH,20170831,20170630,3.231,4.383,-256.9416,8.5623
601963.SH,20170818,20170630,4.6157,10.9643,,
601992.SH,20170830,20170630,13.1834,-15.8453,-18.7396,3.6122
601995.SH,20170829,20170630,,,,
603009.SH,20170818,20170630,2.927,30.5653,9.0644,2.1883
603025.SH,20170810,20170630,63.8824,68.8883,20.8199,11.1141
603087.SH,20180116,20170630,,,,15.1594
603115.SH,20171229,20170630,,,,6.4133
603158.SH,20170830,20170630,24.3178,34.3372,9.4356,7.0503
603178.SH,20170822,20170630,21.9356,17.3793,5.7356,4.9028
603196.SH,20170822,20170630,,,-21.4699,3.2277
603198.SH,20170819,20170630,1.5761,-45.2626,-12.8566,8.7976
603225.SH,20170808,20170630,38.3707,441.2887,13.2616,11.7898
603288.SH,20170815,20170630,24.8795,25.1524,32.1788,17.4
603368.SH,20170822,20170630,21.4791,29.4807,4.8694,5.9246
603389.SH,20170815,20170630,9.3768,4.941,23.7515,2.6176
603439.SH,20170830,20170630,,,9.6969,5.8191
603518.SH,20170825,20170630,239.5529,132.3041,11.9866,2.3137
603530.SH,20171229,20170630,,,,9.8505
603536.SH,20170824,20170630,,,-18.654,2.4184
603579.SH,20170825,20170630,46.6863,10.7999,15.7385,12.995
603580.SH,20170822,20170630,,,27.7845,4.1448
603588.SH,20170830,20170630,36.2612,27.5316,15.8083,3.2952
603589.SH,20170825,20170630,19.8979,48.1579,12.4006,11.6907
603612.SH,20170823,20170630,,,8.8003,12.5229
603682.SH,20171031,20170630,,,,8.5987
603686.SH,20170805,20170630,38.3365,20.6955,20.4739,10.0049
603716.SH,20170830,20170630,26.807,-10.4813,-14.1396,3.8856
603786.SH,20171229,20170630,,,,12.4537
603806.SH,20170816,20170630,20.7724,-47.0466,9.042,4.7429
603861.SH,20170831,20170630,27.5946,-15.4676,-8.9476,1.6307
603900.SH,20170830,20170630,9.0948,34.7339,12.9235,8.6906
603927.SH,20171229,20170630,,,-11.326,8.2854
603933.SH,20170811,20170630,27.0203,48.5463,10.2245,12.6126
603939.SH,20170818,20170630,24.8908,42.8224,4.8168,5.0447
605088.SH,20170831,20170630,,,,8.7245
688020.SH,20171016,20170630,,,,13.8523
688026.SH,20170831,20170630,,,,6.5546
688057.SH,20170819,20170630,,,1.5251,9.3304
688078.SH,20170822,20170630,,,,5.9012
688080.SH,20170822,20170630,,,,6.7881
688086.SH,20170829,20170630,,,25.8485,2.2006
688095.SH,20170826,20170630,,,20.3997,3.7529
688098.SH,20171229,20170630,,,,9.7115
688159.SH,20170830,20170630,,,,7.4326
688181.SH,20170829,20170630,,,,3.6787
688199.SH,20170829,20170630,,,4.11,4.1274
688228.SH,20170826,20170630,,,,7.624
688268.SH,20170831,20170630,,,,4.5805
688299.SH,20170825,20170630,,,,0.6283
688310.SH,20170831,20170630,,,,3.1327
688357.SH,20170811,20170630,,,,8.131
688508.SH,20170830,20170630,,,12.2003,6.537
688588.SH,20171212,20170630,,,12.8211,6.5337
688981.SH,20170830,20170630,11.1839,-62.0513,32.6439,
833533.BJ,20170817,20170630,,,-2.5213,23.1013
831167.BJ,20170803,20170630,,,,10.6201
832145.BJ,20170829,20170630,,,,0.5533
301107.SZ,20170826,20170630,,,,9.3127
833523.BJ,20170824,20170630,,,,20.8361
838163.BJ,20170811,20170630,,,10.1307,12.2078
835184.BJ,20170823,20170630,,,7.6217,7.973
831010.BJ,20171031,20170630,,,,6.5539
301298.SZ,20170816,20170630,,,,2.9421
838171.BJ,20170815,20170630,,,,16.0743
301266.SZ,20170821,20170630,,,,5.8245
688287.SH,20170829,20170630,,,8.0256,9.4729
870299.BJ,20170818,20170630,,,,28.38
430564.BJ,20170817,20170630,,,,3.7818
301238.SZ,20170826,20170630,,,,
831278.BJ,20170810,20170630,,,,17.8299
301302.SZ,20171215,20170630,,,,8.6041
833943.BJ,20170830,20170630,,,,5.2524
301233.SZ,20170819,20170630,,,,11.436
688237.SH,20170823,20170630,,,,1.5264
838670.BJ,20170823,20170630,,,,8.2891
837821.BJ,20170817,20170630,,,36.9126,17.6354
430489.BJ,20170826,20170630,,,1.4429,4.3067
834062.BJ,20170818,20170630,,,,3.691
834639.BJ,20170829,20170630,,,,0.4129
688353.SH,20170819,20170630,,,,
839725.BJ,20170812,20170630,,,,8.6947
001236.SZ,20171229,20170630,,,,2.1908
837092.BJ,20170823,20170630,,,,15.8925
835640.BJ,20170901,20170630,,,12.7021,4.9081
836826.BJ,20170822,20170630,,,,7.6713
301318.SZ,20170829,20170630,,,,23.5177
301197.SZ,20170825,20170630,,,,7.3358
835985.BJ,20170818,20170630,,,,15.9278
688041.SH,20170810,20170630,,,,
301300.SZ,20170818,20170630,,,,8.4988
688292.SH,20170817,20170630,,,,-2.2401
301171.SZ,20170831,20170630,,,,14.4249
836675.BJ,20170818,20170630,,,-104.7071,5.4452
688401.SH,20170824,20170630,,,,2.1663
301192.SZ,20170819,20170630,,,46.188,21.459
831834.BJ,20170817,20170630,,,,5.3171
301152.SZ,20170831,20170630,,,-19.9382,11.6133
301115.SZ,20170829,20170630,,,,5.0845
688351.SH,20170829,20170630,,,,-13.2176
836395.BJ,20170819,20170630,,,,-0.1568
001259.SZ,20170829,20170630,,,,1.1786
836270.BJ,20170816,20170630,,,,7.4746
831152.BJ,20170804,20170630,,,,2.9123
688391.SH,20171023,20170630,,,,7.5579
001269.SZ,20170817,20170630,,,11.2964,17.2907
603182.SH,20170810,20170630,,,,7.8082
301327.SZ,20170818,20170630,,,,-1.2935
001238.SZ,20171017,20170630,,,,17.105
301227.SZ,20171023,20170630,,,,4.9365
838402.BJ,20170829,20170630,,,,0.3871
835207.BJ,20170819,20170630,,,,2.1359
301313.SZ,20170829,20170630,,,-0.4044,2.3604
838971.BJ,20170822,20170630,,,,3.8412
430139.BJ,20170825,20170630,,,12.7617,5.19
430685.BJ,20170824,20170630,,,,7.3118
001299.SZ,20170819,20170630,,,,8.3224
837046.BJ,20170816,20170630,,,,1.9424
430476.BJ,20170822,20170630,,,,-1.2516
688244.SH,20170825,20170630,,,,-31.8412
835892.BJ,20170721,20170630,,,,2.2413
688291.SH,20170819,20170630,,,,18.9405
301380.SZ,20171108,20170630,,,,21.0191
873527.BJ,20170812,20170630,,,,12.6628
871753.BJ,20170831,20170630,,,,9.5879
301230.SZ,20170809,20170630,,,,7.9407
301359.SZ,20170811,20170630,,,,11.4697
832876.BJ,20170823,20170630,,,,12.4885
301396.SZ,20170811,20170630,,,,1.5313
833914.BJ,20170825,20170630,,,19.8456,4.3832
872808.BJ,20180828,20170630,,,,
301335.SZ,20180130,20170630,,,,7.7533
301165.SZ,20170825,20170630,,,,
601022.SH,20170830,20170630,,,,
870357.BJ,20170822,20170630,,,,10.094
301290.SZ,20170817,20170630,,,,6.2606
601136.SH,20170901,20170630,,,,4.0309
872374.BJ,20180817,20170630,,,-3.461,
831641.BJ,20170818,20170630,,,,13.7003
870199.BJ,20170817,20170630,,,,0.3413
836414.BJ,20170819,20170630,,,,7.1328
832110.BJ,20170829,20170630,,,53.0081,6.7111
833230.BJ,20170826,20170630,,,,7.2805
834014.BJ,20170831,20170630,,,,-0.3756
430300.BJ,20170816,20170630,,,-22.3374,1.5722
831087.BJ,20170816,20170630,,,,-3.8253
836942.BJ,20170817,20170630,,,,12.3668
870866.BJ,20170826,20170630,,,,11.3499
301265.SZ,20170831,20170630,,,,1.8832
833075.BJ,20170826,20170630,,,,0.8956
836957.BJ,20170824,20170630,,,,9.4288
833429.BJ,20170823,20170630,,,,4.6725
833171.BJ,20170811,20170630,,,,3.6475
870508.BJ,20170829,20170630,,,,4.5272
834033.BJ,20170819,20170630,,,,7.6067
301280.SZ,20170816,20170630,,,,11.6208
838810.BJ,20170810,20170630,,,1.4239,8.1642
836807.BJ,20170829,20170630,,,,3.6009
836871.BJ,20170826,20170630,,,,11.087
830879.BJ,20170822,20170630,,,26.4588,1.5838
839790.BJ,20170817,20170630,,,,1.5264
835237.BJ,20170830,20170630,,,,9.7253
832662.BJ,20170822,20170630,,,,2.6904
301301.SZ,20170830,20170630,,,,
430718.BJ,20170826,20170630,,,8.6283,1.9345
831526.BJ,20170824,20170630,,,,10.3211
872190.BJ,20180814,20170630,,,-35.0039,
301191.SZ,20171013,20170630,,,,13.1865
301231.SZ,20170824,20170630,,,,7.0095
301160.SZ,20170819,20170630,,,,15.2322
301361.SZ,20170809,20170630,,,,9.6464
871634.BJ,20170819,20170630,,,,4.286
836247.BJ,20170810,20170630,,,,10.186
833781.BJ,20170809,20170630,,,,-1.0421
873001.BJ,20170825,20170630,,,,
838262.BJ,20170822,20170630,,,,8.7835
601059.SH,20170831,20170630,,,,
872392.BJ,20180815,20170630,,,,
688435.SH,20170721,20170630,,,,12.0891
831855.BJ,20170721,20170630,,,,13.1632
839371.BJ,20170831,20170630,,,,16.7059
832023.BJ,20170830,20170630,,,,2.2311
430425.BJ,20170826,20170630,,,,10.0123
301373.SZ,20170829,20170630,,,,13.7473
832802.BJ,20170826,20170630,,,13.84,7.8873
301358.SZ,20170909,20170630,,,,
301419.SZ,20171201,20170630,,,,25.1193
001314.SZ,20170819,20170630,,,,42.2287
832149.BJ,20170824,20170630,,,-24.2889,3.8894
834407.BJ,20170727,20170630,,,,4.3424
839273.BJ,20170816,20170630,,,,5.3173
831906.BJ,20170829,20170630,,,,4.9594
430478.BJ,20170826,20170630,,,,7.9847
001278.SZ,20170831,20170630,,,,1.6884
834770.BJ,20170831,20170630,,,19.4474,8.6893
301322.SZ,20170812,20170630,,,,6.3083
836422.BJ,20170809,20170630,,,,1.9666
603162.SH,20170816,20170630,,,,6.7915
872541.BJ,20171228,20170630,,,,-2.4858
603282.SH,20170826,20170630,,,,4.5702
837663.BJ,20170810,20170630,,,,20.5282
301246.SZ,20170822,20170630,,,,5.0515
835857.BJ,20170831,20170630,,,,3.7217
833575.BJ,20170825,20170630,,,,-21.704
830809.BJ,20171229,20170630,,,-32.6849,6.8134
301386.SZ,20170830,20170630,,,,9.0758
834261.BJ,20170826,20170630,,,,4.1009
873665.BJ,20170831,20170630,,,,13.1101
688535.SH,20170826,20170630,,,,8.7922
872895.BJ,20180829,20170630,,,,
301281.SZ,20170809,20170630,,,20.5383,11.8462
872869.BJ,20180830,20170630,,,,
836208.BJ,20170809,20170630,,,,8.0492
688539.SH,20170824,20170630,,,6.7299,6.2812
830896.BJ,20170829,20170630,,,,8.0727
831304.BJ,20170822,20170630,,,,3.1532
838758.BJ,20170825,20170630,,,52.9832,13.7102
838812.BJ,20170816,20170630,,,,11.1082
871694.BJ,20170826,20170630,,,,25.4235
838837.BJ,20170818,20170630,,,,5.2002
688479.SH,20170826,20170630,,,33.9049,10.7607
836699.BJ,20170817,20170630,,,,20.4953
871478.BJ,20170826,20170630,,,,-6.7386
873588.BJ,20170830,20170630,,,,
301428.SZ,20170802,20170630,,,,10.3546
688581.SH,20170830,20170630,,,,
831892.BJ,20170823,20170630,,,,7.7153
837006.BJ,20170823,20170630,,,,-0.833
839719.BJ,20170729,20170630,93.2104,331.8929,-23.2228,12.9397
832471.BJ,20170825,20170630,,,25.371,4.8492
832522.BJ,20170729,20170630,,,-35.3013,12.8601
872967.BJ,20180828,20170630,,,,
836961.BJ,20170815,20170630,,,,11.2397
430017.BJ,20170829,20170630,,,,2.2279
830779.BJ,20170805,20170630,,,,24.8397
688570.SH,20170828,20170630,,,,
688576.SH,20170824,20170630,,,,-3.2477
301355.SZ,20170826,20170630,,,,8.3139
688472.SH,20170828,20170630,19.1298,-56.2504,18.013,
836221.BJ,20170823,20170630,,,,3.4584
430547.BJ,20170819,20170630,,,,1.4225
873703.BJ,20170811,20170630,,,,-6.4919
301232.SZ,20170831,20170630,,,,17.0852
301225.SZ,20170829,20170630,,,,12.3233
831934.BJ,20170826,20170630,,,,7.0842
833334.BJ,20170823,20170630,,,,-4.3641
430073.BJ,20170819,20170630,,,,1.6653
872495.BJ,20180830,20170630,,,,
833455.BJ,20170822,20170630,,,,13.5863
831288.BJ,20170819,20170630,,,,7.1719
837654.BJ,20170822,20170630,,,,1.2778
301295.SZ,20170825,20170630,,,,15.6657
832651.BJ,20170831,20170630,,,,3.9994
430556.BJ,20170822,20170630,,,22.2894,2.6164
872351.BJ,20171101,20170630,,,,5.2232
830974.BJ,20170808,20170630,,,0.1479,4.4645
831195.BJ,20170831,20170630,,,15.7606,4.3201
833746.BJ,20170816,20170630,,,,-11.4584
838194.BJ,20170829,20170630,,,,-1.623
836717.BJ,20170823,20170630,,,,8.0336
301202.SZ,20170825,20170630,,,,12.2331
872320.BJ,20180822,20170630,,,,
837592.BJ,20170823,20170630,,,,-11.5332
301329.SZ,20170818,20170630,,,,7.9619
301393.SZ,20170818,20170630,,,,17.3994
873576.BJ,20170822,20170630,,,,
301381.SZ,20170830,20170630,,,,6.9469
873709.BJ,20170829,20170630,,,,9.5208
872709.BJ,20180201,20170630,,,,9.6482
871643.BJ,20170826,20170630,,,,11.7232
831406.BJ,20170826,20170630,,,,3.2833
836266.BJ,20170822,20170630,,,-45.8232,0.6123
836521.BJ,20170802,20170630,,,,24.5393
838693.BJ,20170824,20170630,,,,15.7041
834565.BJ,20170817,20170630,,,,10.2854
873690.BJ,20170929,20170630,,,,14.6089
836249.BJ,20170803,20170630,,,,7.2683
870757.BJ,20170817,20170630,,,,-10.5157
836193.BJ,20170812,20170630,,,,2.5891
871263.BJ,20170819,20170630,,,,10.5326
832214.BJ,20170829,20170630,,,2.6177,8.3266
688627.SH,20170825,20170630,,,,-8.5849
839583.BJ,20170830,20170630,,,,13.8569
838701.BJ,20170831,20170630,,,,4.0689
872423.BJ,20180824,20170630,,,,
831255.BJ,20170826,20170630,,,,6.5865
833640.BJ,20170830,20170630,,,,8.2086
832093.BJ,20170817,20170630,,,-1.8775,2.9953
873636.BJ,20170823,20170630,,,,-3.3788
833751.BJ,20170817,20170630,,,,4.6909
837934.BJ,20170829,20170630,,,,8.9099
834489.BJ,20170825,20170630,,,-13.18,5.0825
837601.BJ,20170826,20170630,,,,0.1138
837326.BJ,20170824,20170630,,,,13.5249
871108.BJ,20170829,20170630,,,,2.4173
838381.BJ,20170817,20170630,,,,10.9974
832063.BJ,20171117,20170630,,,3.7977,3.0659
833339.BJ,20170824,20170630,,,19.9352,1.1283
871037.BJ,20170819,20170630,,,,-1.2514
831828.BJ,20170829,20170630,,,,2.3997
873833.BJ,20170825,20170630,,,22.7723,10.354
870536.BJ,20170818,20170630,,,,3.0507
835287.BJ,20170829,20170630,,,,-9.2098
831718.BJ,20170818,20170630,,,-7.1551,10.4728
872931.BJ,20180828,20170630,,,,
831860.BJ,20170816,20170630,,,,0.2187
870979.BJ,20170810,20170630,,,,2.513
839335.BJ,20170822,20170630,,,,4.6947
834408.BJ,20170824,20170630,,,,12.7057
831978.BJ,20170829,20170630,,,,8.7178
837023.BJ,20170817,20170630,,,38.0355,15.0134
832586.BJ,20170826,20170630,,,,-2.5768
430755.BJ,20170809,20170630,,,-26.8829,9.6195
301172.SZ,20170831,20170630,,,,14.3183
832982.BJ,20170825,20170630,,,46.6495,7.443
688651.SH,20170830,20170630,,,,10.7303
301519.SZ,20170825,20170630,,,-17.323,9.0646
870726.BJ,20170826,20170630,,,,10.641
300904.SZ,20170830,20170630,,,,-33.7497
301372.SZ,20170830,20170630,,,,0.7823
688592.SH,20170829,20170630,49.1121,-74.4114,-13.9376,0.1543
301418.SZ,20170831,20170630,,,0.379,11.5721
834058.BJ,20170829,20170630,,,,16.6835
837174.BJ,20170713,20170630,,,,13.8891
837748.BJ,20170823,20170630,,,,-6.7379
301469.SZ,20171222,20170630,,,,6.4989
301421.SZ,20170818,20170630,,,,16.5567
872953.BJ,20180831,20170630,,,,
002604.SZ,20170822,20170630,69.9107,-15.8269,-7.6112,1.7758
600175.SH,20170830,20170630,26.7332,-110.3489,35.4893,0.1367
300028.SZ,20170829,20170630,-89.9002,-336.7573,45.83,-7.0225
300038.SZ,20170819,20170630,283.2573,410.5715,22.0706,4.2486
600093.SH,20170828,20170630,-3.1046,20.6846,-13.1926,6.1033
600614.SH,20170808,20170630,-14.3805,66.0281,6.3704,3.6489
600145.SH,20170818,20170630,,-73.5195,-1271.6251,0.6594
000540.SZ,20170829,20170630,-27.7259,-29.6013,-27.7277,9.3836
300104.SZ,20170829,20170630,-73.7291,-548.9134,-101.3935,-5.4935
601268.SH,20170829,20170630,-8.1773,103.7363,18.0742,0.7323
601558.SH,20170830,20170630,-69.7379,327.4687,286.4428,-16.6384
002220.SZ,20170809,20170630,-6.4126,-0.0524,24.9764,3.2066
832491.BJ,20170831,20170630,,,37.7071,1.54
300392.SZ,20170826,20170630,27.0396,3075.6963,-3.2252,0.8396
600270.SH,20170823,20170630,12.0532,29.688,3.2614,6.0024
002619.SZ,20170821,20170630,59.9674,74.883,37.875,3.3738
600385.SH,20170816,20170630,-88.9764,-106.1853,51.4693,-0.87
600432.SH,20170831,20170630,6.6295,-39.0433,9.4134,-33.6211
600700.SH,20170818,20170630,8.9194,4.0387,2.0983,
600701.SH,20170822,20170630,298.1399,242.3838,-1.4682,3.325
688555.SH,20170824,20170630,,,,9.0903
002509.SZ,20170829,20170630,62.3268,104.0321,-21.5587,4.984
600625.SH,20170826,20170630,-51.707,234.5163,17.2117,
600209.SH,20170826,20170630,276.5079,71.3388,-5.0295,-2.4292
603157.SH,20170905,20170630,,,-7.3125,7.2316
002720.SZ,20170824,20170630,,,,3.4985
600401.SH,20170831,20170630,-24.7864,-826.0575,73.2641,-13.6622
600466.SH,20170830,20170630,-17.5617,40.4255,118.8991,2.6017
002711.SZ,20170802,20170630,171.2388,220.5977,0.4112,6.5558
600652.SH,20170831,20170630,-36.8958,84.3338,15.2946,1.9124
600532.SH,20170801,20170630,312.3579,62.5311,10.6224,-1.4239
002450.SZ,20170815,20170630,33.557,38.7397,18.4537,11.0381
000939.SZ,20170816,20170630,12.5111,144.8184,-27.9199,1.032
600247.SH,20170831,20170630,-7.6527,41.1792,5.3874,
600555.SH,20170830,20170630,99.3404,-298.8167,1001.5622,-6.4609
000502.SZ,20170818,20170630,-6.0391,-122.3476,-1463.1781,-20.358
002071.SZ,20170828,20170630,-57.0719,9.9984,-65.6932,7.1151
002751.SZ,20170831,20170630,5.0702,8.4062,14.5565,1.6069
600090.SH,20170825,20170630,22.9229,22.6297,4.8676,4.4249
601258.SH,20170831,20170630,16.6755,659.2425,-25.1223,0.1712
600068.SH,20170831,20170630,20.2176,24.0705,13.3072,4.3271
600087.SH,20170812,20170630,-45.2287,-48.0065,43.5017,6.1628
600747.SH,20170831,20170630,-97.2015,60.6856,21.496,-0.9899
600485.SH,20170831,20170630,25.9839,6.1769,-13.6825,5.9701
600781.SH,20170830,20170630,1.3951,-48.1063,27.091,2.3992
000015.SZ,20170824,20170630,236.2943,8.0234,-5.1754,0.7131
600752.SH,20170829,20170630,,93.834,,
600670.SH,20170816,20170630,17.921,114.0201,909.4549,33.7359
000658.SZ,20170829,20170630,-100.0,-620.3163,,
600672.SH,20170829,20170630,-16.9068,78.4286,322.8013,-13.7985
600656.SH,20180913,20170630,,,,
002618.SZ,20170826,20170630,101.1862,19.9839,36.1429,0.453
002447.SZ,20170831,20170630,79.4243,161.6418,14.2117,1.1108
000038.SZ,20170826,20170630,81.3779,70.5976,-9.7258,3.3148
600723.SH,20170826,20170630,0.909,10.9428,3.2339,4.5992
000150.SZ,20170825,20170630,59.5398,293.1767,63.3285,4.2551
600677.SH,20170826,20170630,-39.7193,-12044.5155,-19.6258,-2.6677
600074.SH,20170811,20170630,51.9307,-0.2903,19.8066,7.7384
300090.SZ,20170825,20170630,9.504,-35.1587,-29.3278,0.9514
600065.SH,20170817,20170630,159.9324,18.1119,-3.3889,
000730.SZ,20170819,20170630,-4.7135,-14.7535,5.9038,3.275
000687.SZ,20170829,20170630,-27.0754,-27.0096,0.6774,4.3568
600077.SH,20170825,20170630,-90.4696,-85.1227,-369.4244,0.3381
600069.SH,20170824,20170630,17.7591,122.8485,16.2232,-1.1212
600311.SH,20170822,20170630,1065.3437,156.2102,65.6855,0.3736
002260.SZ,20170824,20170630,13.8939,-213.0919,-38.4028,-12.5839
600709.SH,20170901,20170630,100.1654,-36.0985,-132.3219,-4.8169
002417.SZ,20170824,20170630,-55.5905,141.2918,376.3624,-10.9149
600891.SH,20170822,20170630,60.8347,-44.6621,-58.5189,2.6892
600240.SH,20170826,20170630,421.6141,404.2165,-44.7306,13.5742
600669.SH,20170826,20170630,,-31.2931,,
300216.SZ,20170829,20170630,219.5515,1245.2704,122.3386,2.1535
002770.SZ,20170829,20170630,46.1566,42.9701,8.896,3.6164
603996.SH,20170821,20170630,57.6909,14.3751,-32.2583,0.9316
600978.SH,20170825,20170630,41.5536,20.3698,36.0733,6.1448
600806.SH,20170831,20170630,87.1763,-16.4411,20.236,-45.2611
600086.SH,20170805,20170630,-5.3702,-17.3277,-56.3824,6.4707
002464.SZ,20170823,20170630,-21.5077,-14.3643,28.5602,4.4977
600122.SH,20170823,20170630,-2.8505,35.7208,11.0736,2.2072
300178.SZ,20170829,20170630,175.496,214.5603,30.5424,5.2991
600275.SH,20170829,20170630,-0.6592,11.5567,1590.2346,-11.5125
300362.SZ,20170829,20170630,35.9716,6.9467,21.7757,1.275
300325.SZ,20170829,20170630,5.2157,-99.8496,49.713,0.4672
600896.SH,20170825,20170630,-93.1465,101.3744,67.4974,-2.5375
300023.SZ,20170825,20170630,13.0717,28.6934,-122.6828,3.2699
000587.SZ,20170830,20170630,-44.3509,-22.7375,-34.3187,3.9759
000662.SZ,20170825,20170630,-14.31,105.7764,-65.166,2.4375
600870.SH,20170830,20170630,-99.1908,-17427.441,-715.5204,-12.8704
600878.SH,20170829,20170630,,78.3594,,
300309.SZ,20170819,20170630,187.6346,277.9227,-109.7593,2.2458
000765.SZ,20170830,20170630,35.4177,-21.8433,-3.8041,4.7188
600890.SH,20170817,20170630,-54.5548,-9.6448,-1540.7908,-6.6676
600852.SH,20170829,20170630,,,,
600695.SH,20170829,20170630,-35.395,-260.4358,-225.0765,-3.8549
600687.SH,20170825,20170630,-31.1928,245.0586,-5.5475,3.7314
600767.SH,20170826,20170630,54.5542,-78.6908,23.2123,-14.1921
600856.SH,20170829,20170630,215.8222,-13.1697,27.5675,10.4014
002147.SZ,20170822,20170630,132.3757,135.8006,-207.2013,0.4808
300330.SZ,20170829,20170630,-11.5396,65.2442,-57.6375,-2.3404
002411.SZ,20170826,20170630,-5.9011,15.1658,45.0952,2.8011
300060.SZ,20170829,20170630,7.8739,-11.8676,5.2319,2.656
600260.SH,20170809,20170630,92.4547,573.9395,-1.6279,9.0482
600317.SH,20170825,20170630,7.7472,-23.7396,44.5112,2.4442
600091.SH,20170830,20170630,142.6375,81.7055,-483.0101,-2.9772
600092.SH,20170829,20170630,-58.2427,36.6838,-95.8031,
600680.SH,20170812,20170630,-33.6215,-2185.7742,-39.6113,-20.1243
870976.BJ,20170826,20170630,,,,-2.868
002113.SZ,20170818,20170630,54.4717,-8.1863,24.7324,1.772
873760.BJ,20170826,20170630,,,,2.0881
301550.SZ,20170822,20170630,,,,11.7665
688716.SH,20170804,20170630,,,,-1.4521
873777.BJ,20170811,20170630,,,,18.8927
836419.BJ,20170818,20170630,,,,0.2054
832469.BJ,20170830,20170630,,,,7.6141
873575.BJ,20170822,20170630,,,,
301558.SZ,20170826,20170630,,,8.4718,24.6046
873848.BJ,20170815,20170630,,,,
688657.SH,20170826,20170630,,,,4.0083
832978.BJ,20170826,20170630,,,16.7633,7.6395
603361.SH,20170829,20170630,,,,9.8685
873876.BJ,20170815,20170630,,,,9.3351
873689.BJ,20170826,20170630,,,,0.6475
832786.BJ,20170825,20170630,,,66.943,3.2423
301489.SZ,20170826,20170630,,,,9.2512
603273.SH,20170809,20170630,,,,-2.3982
831490.BJ,20170809,20170630,,,,2.3021
839010.BJ,20170816,20170630,,,,7.9092
833453.BJ,20170830,20170630,,,,9.5151
838849.BJ,20170818,20170630,,,,2.2891
832861.BJ,20170831,20170630,,,,6.9232
301555.SZ,20170823,20170630,,,,4.4236
001376.SZ,20170823,20170630,,,107.2455,4.9692
839493.BJ,20170823,20170630,,,,-27.2914
833030.BJ,20170818,20170630,,,,1.9238
000699.SZ,20180901,20170630,,,,
839335.BJ,20170822,20170630,,,,4.6947
838812.BJ,20170816,20170630,,,,11.1082
873918.BJ,20170822,20170630,,,,5.9747
839418.BJ,20170822,20170630,,,,33.2582
301568.SZ,20170803,20170630,319.3563,379.5227,-11.1451,27.8473
601083.SH,20170830,20170630,,,,
688410.SH,20170818,20170630,,,8.8053,-4.5464
835579.BJ,20170825,20170630,,,,6.8218
873731.BJ,20170823,20170630,,,,9.8214
301337.SZ,20170826,20170630,,,,11.454
831627.BJ,20170816,20170630,,,,11.3576
834950.BJ,20170819,20170630,,,,19.6089
838227.BJ,20170729,20170630,,,,28.9393
832175.BJ,20170817,20170630,,,-11.9408,7.6292
873833.BJ,20170825,20170630,,,22.7723,10.354
831175.BJ,20170831,20170630,32.0978,105.0563,15.1615,2.9487
833284.BJ,20170826,20170630,,,15.5882,8.4451
839036.BJ,20170816,20170630,,,,9.5133
301578.SZ,20170830,20170630,,,,11.0866
873879.BJ,20170825,20170630,,,,
603325.SH,20170829,20170630,,,,
870840.BJ,20170826,20170630,,,,5.7764
873864.BJ,20170816,20170630,,,,-0.0445
838547.BJ,20170830,20170630,,,-5.1675,11.4896
839515.BJ,20170812,20170630,,,,6.6716
874232.BJ,20170830,20170630,,,,-3.5373
874007.BJ,20170822,20170630,,,,
839962.BJ,20170825,20170630,,,,19.2824
873735.BJ,20170816,20170630,,,,13.2253
873919.BJ,20170830,20170630,,,,4.5911
873873.BJ,20170830,20170630,,,,13.4508
872325.BJ,20180823,20170630,,,245.4565,
873885.BJ,20170818,20170630,,,,16.5762
831075.BJ,20170819,20170630,,,,1.4644
837758.BJ,20170803,20170630,,,,0.7916
874018.BJ,20170818,20170630,34.4768,11.496,2.1124,12.9591
835203.BJ,20170818,20170630,,,,-4.2911
833070.BJ,20170811,20170630,,,,-0.2492
838897.BJ,20170810,20170630,,,,18.026
834549.BJ,20170816,20170630,,,6.7151,1.1698
301577.SZ,20170811,20170630,,,,22.9409
831396.BJ,20170830,20170630,,,1.0919,6.6149
603341.SH,20171227,20170630,,,,1.7746
688695.SH,20170819,20170630,,,,-8.3477
301538.SZ,20170815,20170630,,,,13.1288
002503.SZ,20170828,20170630,179.6737,103.9406,-13.6291,6.4162
301359.SZ,20170811,20170630,,,,11.4697
301355.SZ,20170826,20170630,,,,8.3139
300970.SZ,20171222,20170630,,,,3.5135
603110.SH,20170918,20170630,,,19.952,6.8514
603499.SH,20170918,20170630,,,18.642,8.5244
002903.SZ,20170918,20170630,,,13.6362,14.4484
002906.SZ,20180830,20170630,,,-9.2122,4.9759
300708.SZ,20170919,20170630,,,30.5059,9.4361
603661.SH,20171031,20170630,,,17.518,14.7019
603613.SH,20170929,20170630,,,-5.6502,10.8936
301263.SZ,20170829,20170630,,,16.8214,4.5435
688317.SH,20171110,20170630,,,,3.622
002905.SZ,20170920,20170630,,,19.9061,9.5858
300725.SZ,20171030,20170630,,,27.083,12.1656
603895.SH,20180108,20170630,,,32.8753,13.9451
605136.SH,20170918,20170630,,,,7.4999
603076.SH,20171030,20170630,,,3.8001,9.5714
600597.SH,20170829,20170630,5.3393,46.1885,13.293,7.5711
600026.SH,20170830,20170630,-43.5476,-77.356,51.2543,3.7811
600416.SH,20170831,20170630,25.6411,-12.2401,1.5869,0.0537
600587.SH,20170831,20170630,19.6966,-22.0859,11.2496,1.5499
600462.SH,20170829,20170630,63.0618,-42.6529,44.0371,0.5883
600348.SH,20170829,20170630,92.9771,478.1526,4.8603,6.3004
603458.SH,20170829,20170630,,,-8.0391,16.6914
300648.SZ,20170829,20170630,19.1614,53.7883,-32.4194,5.2222
300679.SZ,20170825,20170630,,,10.6434,16.2522
600505.SH,20170830,20170630,8.488,30.511,24.0102,1.0953
600475.SH,20170828,20170630,24.1855,-69.0605,-14.5538,7.4646
600595.SH,20170831,20170630,-23.9772,86.6792,17.8768,-0.503
300685.SZ,20170829,20170630,,,19.1899,12.8961
600481.SH,20170826,20170630,29.5659,5.6938,32.2143,-0.0194
601880.SH,20170825,20170630,-54.9748,-15.8779,7.9306,1.1856
600562.SH,20170825,20170630,-3.1756,-7.3414,28.4174,4.4791
600559.SH,20170831,20170630,12.5503,205.3289,-57.5823,2.5863
600526.SH,20170830,20170630,19.0835,352.2762,8.247,1.2115
300081.SZ,20170825,20170630,-5.6878,356.5281,29.8848,1.099
600021.SH,20170826,20170630,24.5153,-64.9976,20.5853,1.2345
002484.SZ,20170830,20170630,30.0867,47.7832,15.9539,2.1692
603938.SH,20170828,20170630,42.0817,66.8141,-4.4924,8.7956
002807.SZ,20170829,20170630,6.8073,-3.922,102.0044,4.042
600004.SH,20170831,20170630,4.4291,6.0066,71.4157,6.2558
600584.SH,20170826,20170630,32.2683,390.656,22.4609,-2.6932
600571.SH,20170831,20170630,21.5996,-38.9414,-14.8411,2.7021
600552.SH,20170826,20170630,51.3071,32.8147,-5.6584,1.1879
601099.SH,20170826,20170630,-47.5335,-120.5511,-659.4998,-1.0875
600590.SH,20170825,20170630,10.5499,124.9958,-62.1745,0.5491
601375.SH,20170825,20170630,-21.4371,-81.4179,665.2649,1.3545
603323.SH,20170825,20170630,24.5948,13.0927,77.3373,5.4895
600493.SH,20170830,20170630,2.7839,164.985,12.4805,1.3572
600184.SH,20170826,20170630,-19.3162,-4.8504,-48.2283,0.2428
601107.SH,20170831,20170630,14.0876,-8.6199,46.558,4.1607
600992.SH,20170830,20170630,21.1933,-0.2822,-0.1541,0.6299
300551.SZ,20170825,20170630,-38.5487,-68.3573,-37.222,-2.3462
600547.SH,20170831,20170630,0.5629,-7.4691,5.4759,4.029
600515.SH,20170831,20170630,379.1163,193.1837,64.3867,3.419
600467.SH,20170826,20170630,9.5732,12.6648,-14.8813,0.9476
300660.SZ,20170825,20170630,14.7098,-10.7136,11.7765,9.9591
600540.SH,20170829,20170630,348.4119,399.9255,5.0997,-0.9986
600035.SH,20170831,20170630,121.7452,84.4475,32.9386,5.3615
300669.SZ,20170828,20170630,7.7299,-3.9885,1.8708,5.2894
600397.SH,20170826,20170630,13.5088,128.8185,0.7166,0.3307
600496.SH,20170829,20170630,37.9086,-44.5539,10.0737,0.4705
600592.SH,20170826,20170630,45.866,892.5748,-12.0174,0.9651
601997.SH,20170829,20170630,27.9829,27.3431,304.0793,8.7687
600030.SH,20170826,20170630,-4.5488,-27.0798,-111.3987,3.5497
600031.SH,20170830,20170630,64.0524,767.1396,29.4435,4.2625
600926.SH,20170826,20170630,-1.0275,7.9743,955.6243,6.4107
600990.SH,20170826,20170630,-15.2699,-4.0996,-61.8494,-0.7569
600487.SH,20170830,20170630,44.7111,82.9674,1.1624,11.8482
600012.SH,20170828,20170630,18.9993,1.4638,65.9602,5.9518
601005.SH,20170831,20170630,107.5937,49.288,2.3239,
600039.SH,20170831,20170630,4.2681,14.1468,-12.8401,3.6967
603517.SH,20170825,20170630,18.8856,24.7428,19.4404,12.029
002116.SZ,20170830,20170630,-22.2481,-0.9529,2.3767,5.2575
600491.SH,20170829,20170630,35.5226,82.7065,8.5071,3.8105
600900.SH,20170831,20170630,-6.5252,0.739,69.8245,6.4468
601958.SH,20170829,20170630,-5.0987,169.3599,6.9591,-0.0253
600480.SH,20170829,20170630,28.254,55.5484,4.7043,6.4874
601038.SH,20170825,20170630,-23.8887,-148.239,-41.1369,0.0206
600573.SH,20170825,20170630,-2.3533,795.042,36.1703,-1.7732
600963.SH,20170826,20170630,-5.8282,651.3313,11.5891,0.9685
600436.SH,20170825,20170630,81.5318,30.251,18.8122,11.4913
600495.SH,20170829,20170630,55.9213,153.4053,29.7685,0.1067
600478.SH,20170830,20170630,-8.1238,-50.4541,-33.7431,-6.0814
600503.SH,20170826,20170630,-90.1244,-131.7901,-67.1944,1.8029
603885.SH,20170830,20170630,24.8859,-20.0906,15.3615,6.5375
600439.SH,20170825,20170630,1.3581,58.2891,8.6587,4.3544
600581.SH,20170826,20170630,60.6907,248.5832,3.6711,16.6291
603357.SH,20170831,20170630,9.9716,-21.1674,-2.9425,14.5079
300672.SZ,20170825,20170630,-41.0259,-74.2963,-15.0092,-4.3716
300647.SZ,20170829,20170630,-6.5767,-21.425,-25.5696,5.0645
603960.SH,20170829,20170630,-4.8329,-26.8577,57.9387,5.0553
600522.SH,20170829,20170630,41.2999,22.5252,4.2376,5.327
600433.SH,20170829,20170630,5.5342,-41.3532,0.2458,1.326
300026.SZ,20170825,20170630,-20.1191,-19.5508,28.7278,4.5323
600029.SH,20170830,20170630,12.5729,177.4487,20.8313,5.6154
600458.SH,20170825,20170630,-5.0117,-91.3017,15.3227,0.0992
600502.SH,20170830,20170630,-15.8496,88.2995,-30.8299,3.4135
600512.SH,20170830,20170630,2.4845,13.0952,1.9792,1.8417
600354.SH,20170831,20170630,83.1591,-82.9338,-99.135,-14.287
600993.SH,20170826,20170630,-16.1341,12.3556,21.7987,8.0324
000875.SZ,20170825,20170630,13.4146,9.1462,39.181,0.2464
002064.SZ,20170826,20170630,34.7649,121.5545,14.0927,6.1109
002099.SZ,20170829,20170630,-0.1274,-25.6551,16.6676,4.8405
600477.SH,20170826,20170630,29.1372,28.7445,20.7115,15.5235
600979.SH,20170830,20170630,9.4018,1.0322,26.8976,3.9167
600967.SH,20170829,20170630,20.3454,5.1469,-2.3074,2.6606
002112.SZ,20170830,20170630,-27.0511,-143.819,84.2825,-6.581
600479.SH,20170830,20170630,12.8395,7.3779,7.4753,2.2431
600579.SH,20170829,20170630,-25.8444,-55.408,-27.6598,0.0288
600429.SH,20170826,20170630,16.4465,-78.997,-1.9878,0.2904
600371.SH,20170829,20170630,-3.0234,-18.6938,94.704,5.8947
300150.SZ,20170825,20170630,46.6998,585.338,-27.8181,-1.2763
002332.SZ,20170825,20170630,3.6419,43.2765,17.6761,3.5213
600561.SH,20170825,20170630,16.8662,211.9541,16.4144,-0.2022
002377.SZ,20170828,20170630,-16.1603,-27.5842,20.0724,-0.695
600284.SH,20170829,20170630,25.6996,-5.6367,-14.0377,2.4358
300114.SZ,20170825,20170630,6.4128,10.5191,7.3795,5.0002
002203.SZ,20170828,20170630,66.7261,24.4775,-24.1421,5.6294
600570.SH,20170831,20170630,31.8118,101.8135,26.8875,5.5542
600969.SH,20170825,20170630,-2.5981,-21.3297,33.5573,1.4264
002705.SZ,20170829,20170630,25.5345,30.2829,20.2586,5.8008
601866.SH,20170831,20170630,18.8968,-15.974,61.2634,7.5724
600469.SH,20170830,20170630,-6.8718,-90.1944,15.6223,-5.2305
603803.SH,20170825,20170630,4.4495,-66.8275,-15.6188,4.0239
600489.SH,20170825,20170630,2.3155,-7.0641,8.8042,2.1637
002350.SZ,20170830,20170630,30.8108,31.3165,-12.2342,0.9738
002076.SZ,20170829,20170630,22.8561,-46.2223,-1.9773,0.553
002075.SZ,20170826,20170630,68.371,33.5557,13.7033,6.3751
002306.SZ,20170829,20170630,0.6872,21.0319,5.6415,
601666.SH,20170829,20170630,62.1358,-11.8925,-5.5964,5.3297
601006.SH,20170830,20170630,47.3958,174.4113,30.3824,8.3376
601699.SH,20170825,20170630,115.3791,1987.0467,54.9052,6.0205
601919.SH,20170831,20170630,32.8863,158.8298,10.3806,3.8766
601519.SH,20170826,20170630,-1.9206,27.7065,-70.3895,-11.7358
002207.SZ,20170825,20170630,-12.692,24.221,-71.1234,-13.0118
601001.SH,20170830,20170630,85.3591,1211.742,72.7295,1.4958
002216.SZ,20170825,20170630,10.4103,6.6745,8.8676,2.9296
300444.SZ,20170829,20170630,84.0075,185.2254,2.139,1.7906
002145.SZ,20170825,20170630,70.7933,103.952,18.6476,8.7926
600973.SH,20170830,20170630,13.1954,-25.4278,-36.2212,1.7241
000030.SZ,20170829,20170630,15.5501,9.3711,4.0178,8.2486
000021.SZ,20170825,20170630,13.2847,186.7387,6.5954,1.1111
001872.SZ,20170825,20170630,-0.4685,-5.3341,37.5189,5.8744
002085.SZ,20170825,20170630,1.1706,-9.7156,15.7311,8.2566
002103.SZ,20170830,20170630,60.3147,51.5005,0.3559,3.4508
600575.SH,20170829,20170630,66.4592,-21.8139,21.9338,2.3012
002067.SZ,20170826,20170630,48.4821,628.7876,14.2287,6.9625
300414.SZ,20170825,20170630,15.7588,-33.7867,-10.0004,2.2
000008.SZ,20170830,20170630,-9.2187,52.8608,-14.6888,0.6466
300681.SZ,20170829,20170630,35.4307,80.0809,-6.0767,12.5564
000063.SZ,20170825,20170630,9.1402,32.1186,-11.4462,5.2851
601788.SH,20170830,20170630,1.2468,-29.1631,322.6993,2.0556
002279.SZ,20170830,20170630,52.1831,98.4765,-4.1322,2.0722
000065.SZ,20170831,20170630,25.8812,19.9709,36.5103,5.9894
000002.SZ,20170825,20170630,-14.8922,46.2417,61.2521,6.3016
002098.SZ,20170830,20170630,26.444,-0.7519,5.4272,5.7195
000066.SZ,20170831,20170630,-87.8695,128.6433,-16.8513,4.6746
600983.SH,20170831,20170630,-8.8442,-590.5079,8.7579,-3.1958
601333.SH,20170825,20170630,0.8803,-36.3191,7.5068,1.8303
000078.SZ,20170829,20170630,55.7333,136.5086,4.5515,4.3846
000153.SZ,20170825,20170630,36.3194,72.6015,2.2613,2.4361
000617.SZ,20170828,20170630,71.1395,33.6246,19348.9513,5.3198
000596.SZ,20170826,20170630,24.5943,62.1242,-14.923,8.4777
000672.SZ,20170830,20170630,12.9482,140.9745,15.4081,16.2286
000651.SZ,20170831,20170630,60.9599,67.7005,-13.0142,16.937
000557.SZ,20170825,20170630,71.9468,135.7042,90.0614,0.6311
000626.SZ,20170831,20170630,34.2378,1.4277,-1.9257,-3.9714
000665.SZ,20170830,20170630,12.9118,15.4549,23.38,3.2984
000701.SZ,20170830,20170630,19.7313,-81.8384,5.0052,0.6856
000811.SZ,20170826,20170630,6.0637,-65.6587,-3.8424,3.208
000666.SZ,20170825,20170630,-7.7623,7.0249,219.1434,6.9484
000703.SZ,20170829,20170630,141.003,100.5772,0.5328,7.3498
000709.SZ,20170830,20170630,30.1698,105.882,3.9497,2.7818
000758.SZ,20170825,20170630,22.706,42.1603,5.2499,3.2385
000858.SZ,20170828,20170630,23.3009,40.1232,24.1853,10.3634
000892.SZ,20170825,20170630,-9.5455,-117.9513,-94.3153,-2.0862
001896.SZ,20170831,20170630,-10.4931,-69.9742,20.8181,-2.7075
000839.SZ,20170829,20170630,39.4685,118.3974,-4.5827,0.8182
000887.SZ,20170830,20170630,58.2828,30.9673,7.4957,8.928
000825.SZ,20170826,20170630,17.423,-50.8582,18.6357,3.0816
000889.SZ,20170829,20170630,4.4612,-21.9872,-4.3906,4.3034
000826.SZ,20170830,20170630,17.8269,16.0121,-13.772,5.1432
000960.SZ,20170831,20170630,-0.5628,974.147,12.8284,4.4053
000901.SZ,20170831,20170630,4.1412,506.5199,4.7297,1.924
000920.SZ,20170825,20170630,7.306,39.1258,0.0031,7.4913
000782.SZ,20170829,20170630,39.7733,26.7702,-10.1592,0.5612
000902.SZ,20170830,20170630,2.1656,-17.5097,52.6062,8.0561
300671.SZ,20170829,20170630,23.1243,44.3141,33.2956,5.2939
300613.SZ,20170828,20170630,45.7159,-0.4473,1.1428,9.1935
000778.SZ,20170829,20170630,-16.0923,80.8893,6.3667,2.3779
600000.SH,20170830,20170630,2.5337,6.6547,-134.3026,7.3167
600037.SH,20170826,20170630,4.5294,-8.7605,37.2494,2.5113
600075.SH,20170826,20170630,-18.06,17.5285,26.0791,8.4669
600038.SH,20170831,20170630,3.5038,-30.9124,-3.3704,2.1822
600055.SH,20170826,20170630,-17.439,-32.1369,-9.4986,1.7057
600081.SH,20170831,20170630,19.6857,49.1015,8.6028,6.7398
600962.SH,20170826,20170630,2.9419,-114.5984,98.2884,0.0624
600058.SH,20170831,20170630,62.379,119.4319,7.3368,-0.4675
600981.SH,20170825,20170630,4.89,-67.2498,-2.3918,-0.9676
600054.SH,20170825,20170630,5.4695,19.4969,43.3798,4.6937
600057.SH,20170826,20170630,70.0441,111.4266,4.2212,-0.1764
600006.SH,20170830,20170630,20.5516,-36.2386,-6.0722,1.8963
000982.SZ,20170825,20170630,-23.8995,20.0555,-7.7368,-19.0507
600008.SH,20170830,20170630,45.7061,-3.8353,35.6815,2.5748
300638.SZ,20170825,20170630,48.517,5.7213,-13.3354,5.7897
603063.SH,20170826,20170630,,,92.22,7.7361
603303.SH,20170829,20170630,49.2512,9.9677,-0.5202,6.8482
600009.SH,20170826,20170630,13.7308,18.1322,71.1545,7.4702
002510.SZ,20170828,20170630,2.8687,-11.3831,9.3454,3.1888
000995.SZ,20170830,20170630,-13.4173,-174.447,-53.6026,
601886.SH,20170825,20170630,10.7169,7.4089,-9.2858,3.3007
600033.SH,20170831,20170630,-0.0039,16.0345,61.3875,4.848
000938.SZ,20170825,20170630,46.9765,117.3752,3.798,2.1713
600085.SH,20170829,20170630,7.2512,1.6728,17.3823,7.5193
600088.SH,20170830,20170630,25.988,314.3774,18.1407,4.6809
600128.SH,20170831,20170630,14.2209,-75.6162,-4.4233,-0.6899
600089.SH,20170829,20170630,6.937,13.4559,24.5487,5.0072
600104.SH,20170830,20170630,20.3994,8.0223,10.0018,7.8819
600130.SH,20170829,20170630,-59.9077,-534.9205,7.8026,-3.2362
600107.SH,20170830,20170630,-5.8018,124.6573,-16.3726,-0.768
600177.SH,20170829,20170630,-35.5173,26.032,111.7667,6.9786
600066.SH,20170829,20170630,-33.1239,-42.9441,-21.2925,5.717
600132.SH,20170826,20170630,-5.3808,55.4311,33.2598,13.7598
600182.SH,20170829,20170630,15.8206,-127.0981,-24.2224,1.9543
600094.SH,20170830,20170630,-59.6998,-79.137,-44.2657,-0.4803
600133.SH,20170830,20170630,119.6915,801.1549,57.4706,0.2972
600067.SH,20170825,20170630,5.8607,555.5328,-165.011,5.3649
600096.SH,20170831,20170630,30.2773,38.3692,1.6104,-17.1704
600170.SH,20170829,20170630,18.1199,30.7548,3.9025,4.4022
600185.SH,20170830,20170630,6.4018,-79.833,-98.2249,3.7298
600082.SH,20170831,20170630,21.0309,71.8126,19.7395,-1.1979
600183.SH,20170831,20170630,23.6751,56.6682,2.8364,9.862
600099.SH,20170826,20170630,6.302,1089.9761,1.3053,0.2274
600098.SH,20170831,20170630,3.9702,-1.3022,4.908,2.2399
600073.SH,20170831,20170630,95.3281,25.7049,2.6412,7.8427
600083.SH,20170831,20170630,-24.2861,-190.8481,39.1249,-2.5838
600100.SH,20170829,20170630,-3.7623,160.4705,-11.8822,-0.8353
600172.SH,20170828,20170630,27.4988,-30.7408,1.0173,1.6365
600235.SH,20170825,20170630,6.0754,898.2274,9.189,0.7908
600162.SH,20170826,20170630,28.9921,46.3553,12.4718,5.2162
600152.SH,20170829,20170630,-21.2459,248.9772,-6.6352,-8.258
600125.SH,20170825,20170630,103.7193,31.1458,17.5076,3.4748
600135.SH,20170826,20170630,38.2412,52.3113,15.1285,2.7814
600153.SH,20170830,20170630,63.4955,-5.7244,5.5264,3.3242
600126.SH,20170826,20170630,29.0758,-34.4673,19.3008,2.1155
600219.SH,20170826,20170630,21.6184,31.3538,-1.0072,2.2938
600138.SH,20170825,20170630,4.5713,8.8449,10.8065,4.1927
600163.SH,20170829,20170630,5.699,-48.9114,72.4115,3.4049
600221.SH,20170826,20170630,56.9398,34.4026,1.5242,1.6995
600155.SH,20170830,20170630,80.8965,463.3274,39.557,0.9764
600223.SH,20170825,20170630,55.0729,30.7635,20.0294,1.8361
600157.SH,20170830,20170630,148.8166,-20.9668,21.7136,0.9901
600148.SH,20170825,20170630,31.2651,112.6477,-6.5642,4.0434
600108.SH,20170830,20170630,-19.9343,-42.263,8.4095,0.8364
600109.SH,20170830,20170630,-6.531,-17.5392,-284.868,2.9474
600115.SH,20170830,20170630,3.009,142.3138,19.9796,4.6144
600118.SH,20170825,20170630,29.0319,11.791,-21.3081,3.2748
600229.SH,20170829,20170630,1.9856,18.8387,30.8847,6.2
600160.SH,20170825,20170630,38.5522,311.1116,7.4501,4.8149
600120.SH,20170831,20170630,70.344,-43.1604,-2.1465,1.1121
600232.SH,20170829,20170630,36.3428,55.6276,-2.9972,0.8306
600150.SH,20170826,20170630,-25.5003,152.9251,-5.5899,-1.3311
600161.SH,20170829,20170630,-24.108,743.2522,16.9096,7.5603
600121.SH,20170826,20170630,-51.676,350.7278,7.3732,12.5066
600233.SH,20170825,20170630,13.4058,5.6352,11.1103,7.6714
600151.SH,20170825,20170630,-1.6318,-245.8297,-3.0388,-3.5323
600234.SH,20170830,20170630,-15.5527,-247.9944,-181.2944,-11.7447
600197.SH,20170826,20170630,-7.7227,0.8557,6.7365,7.6864
600210.SH,20170830,20170630,-0.7454,-11.0094,16.6626,4.186
600169.SH,20170826,20170630,200.6718,103.5949,0.2895,-0.3999
600212.SH,20170830,20170630,-21.7143,-66.582,8.3561,3.0358
600198.SH,20170826,20170630,-36.9221,14.6936,-2.6379,-15.9257
600199.SH,20170830,20170630,-20.301,92.6531,-23.1451,0.0704
600186.SH,20170831,20170630,4.1483,-18.0879,-3.605,-66.0029
600201.SH,20170826,20170630,5.4624,31.3704,39.2073,9.9211
600202.SH,20170829,20170630,-34.5432,56.4598,5.8159,-6.9905
600236.SH,20170831,20170630,-31.88,-61.4538,71.657,5.6562
600187.SH,20170829,20170630,32.7706,-63.8714,4.2748,0.2236
600203.SH,20170826,20170630,3.8745,-67.8615,-12.3446,0.4471
600188.SH,20170828,20170630,217.7016,317.6518,3.8866,6.4219
600190.SH,20170825,20170630,207.5891,267.9413,-20.7544,1.0364
600191.SH,20170831,20170630,231.836,-48.702,-3.1167,0.6642
600206.SH,20170825,20170630,-2.9372,63.2767,-7.1193,0.3637
600207.SH,20170830,20170630,9.8886,512.5334,-2.7758,-0.8183
600195.SH,20170828,20170630,-17.3358,-23.8032,-11.9528,3.2878
600208.SH,20170830,20170630,15.9149,-52.2103,67.6978,1.456
600166.SH,20170831,20170630,7.2188,-80.0405,2.5508,-3.0749
600196.SH,20170830,20170630,20.5203,9.847,15.68,5.4134
600250.SH,20170830,20170630,-21.416,357.7612,31.3969,-7.5368
600255.SH,20170830,20170630,7.9118,68.0485,-5.1278,0.067
600331.SH,20170831,20170630,36.7379,1.097,4.9526,2.5805
600268.SH,20170826,20170630,0.0137,1043.7756,0.9709,-8.8246
600283.SH,20170830,20170630,22.0473,434.3083,48.6869,0.4588
600316.SH,20170831,20170630,-24.4417,-212.3715,13.1107,-1.2416
600285.SH,20170830,20170630,29.3561,34.7528,-18.4915,5.7829
600428.SH,20170831,20170630,15.5217,1652.2291,19.4189,1.0911
600610.SH,20170828,20170630,1409.0951,106.0985,-30.0881,0.143
600290.SH,20170829,20170630,-7.6347,-76.0887,-27.8778,-0.1167
600468.SH,20170829,20170630,15.8294,17.1689,-7.2545,1.6417
600279.SH,20170825,20170630,367.0217,153.3897,-3.3712,1.7565
600488.SH,20170831,20170630,20.186,29.8579,-3.4989,1.4059
600215.SH,20170829,20170630,-53.1702,-63.3739,280.6516,0.6864
600292.SH,20170830,20170630,-5.3726,360.9479,17.2004,0.5425
600500.SH,20170831,20170630,4.7987,69.8403,9.0213,1.277
600216.SH,20170829,20170630,-2.8026,-48.069,13.516,1.2517
600297.SH,20170826,20170630,34.1836,60.1706,2.6198,8.5578
600395.SH,20170829,20170630,82.6705,85.096,7.0096,6.8441
600391.SH,20170831,20170630,-0.049,-5.0439,10.1951,1.0279
600258.SH,20170829,20170630,5.261,2875.7367,28.1982,3.5
600259.SH,20170831,20170630,37.0428,3.8618,-12.3781,-2.222
600302.SH,20170831,20170630,38.5032,16.6848,-9.9609,-2.2167
600399.SH,20170826,20170630,11.7007,-48.8553,-4.5807,5.1806
600261.SH,20170829,20170630,14.2899,-0.9876,7.7796,6.7478
600303.SH,20170825,20170630,35.7424,-263.2257,13.3462,-2.4147
600322.SH,20170829,20170630,97.8441,231.9234,180.4306,2.5336
600415.SH,20170826,20170630,-9.1031,-2.3697,33.0456,9.8063
600326.SH,20170826,20170630,5.7964,108.3578,25.7036,8.1553
600362.SH,20170830,20170630,4.3756,6.234,-0.2203,1.3285
600337.SH,20170829,20170630,30.2502,17.3703,2.9758,4.6829
600339.SH,20170830,20170630,2.8953,107.134,5.7224,2.6517
600388.SH,20170831,20170630,1.3957,17.6641,0.9973,5.1073
600616.SH,20170826,20170630,-7.9824,21.2747,-51.3351,1.5961
600617.SH,20170829,20170630,80.6863,-90.6637,2.2486,2.3585
600390.SH,20170830,20170630,-10.9565,47.429,49.9776,4.4641
600345.SH,20170831,20170630,-42.2031,343.6155,1.3284,8.6853
600373.SH,20170825,20170630,5.1708,26.9657,11.5521,6.9229
600376.SH,20170826,20170630,-8.6539,-58.5554,-134.602,0.6393
600377.SH,20170828,20170630,17.5727,29.8753,54.7765,8.563
600623.SH,20170829,20170630,14.0204,31.6779,-13.8331,1.8336
600624.SH,20170826,20170630,8.183,-43.4298,23.517,2.1431
600350.SH,20170831,20170630,6.5296,-6.4842,68.8093,5.0193
600380.SH,20170828,20170630,5.0479,37.9171,7.6536,5.2693
600358.SH,20170825,20170630,345.4003,20.4375,-60.6406,-4.6984
600383.SH,20170830,20170630,-7.2518,-36.4999,17.607,2.936
600612.SH,20170828,20170630,11.9489,-3.4857,7.0815,10.3523
600359.SH,20170831,20170630,16.9911,185.9182,41.419,-21.8403
600628.SH,20170830,20170630,-0.4064,395.0861,25.8643,2.7369
600386.SH,20170830,20170630,15.6964,2.7043,2.8603,2.1236
600613.SH,20170829,20170630,-1.6725,-5.2625,15.1443,2.1963
600629.SH,20170831,20170630,32.4886,-62.5738,4.5513,3.0851
600360.SH,20170826,20170630,0.3795,25.4815,14.9366,1.4866
600333.SH,20170830,20170630,27.4299,73.6266,-3.4755,0.4986
600556.SH,20170831,20170630,-23.7899,3.4694,-137.162,-12.0666
600536.SH,20170828,20170630,27.2855,-689.5956,18.8756,-9.0786
600638.SH,20170830,20170630,40.7637,1061.9422,-3.8859,0.0857
600596.SH,20170829,20170630,4.5206,396.6352,14.7634,3.2639
600798.SH,20170829,20170630,58.1478,571.1102,33.4722,2.1043
600639.SH,20170826,20170630,-20.0139,-31.6166,-14.0225,4.2648
600640.SH,20170826,20170630,-7.2606,170.3739,-0.7157,2.1612
600599.SH,20170830,20170630,50.3252,98.0379,-32.3858,-4.1521
600604.SH,20170830,20170630,10.8844,65.0492,-160.4747,1.0578
600801.SH,20170826,20170630,64.9644,338.2626,15.9868,6.6622
600605.SH,20170830,20170630,12.4086,-46.3055,2.2653,1.9321
600602.SH,20170826,20170630,9.8254,77.662,-7.9386,2.2045
600601.SH,20170826,20170630,-20.8389,-15.4317,1.9003,-3.9902
600642.SH,20170826,20170630,9.9021,-19.7418,7.9109,3.3363
600633.SH,20170825,20170630,-74.6006,-55.48,40.5319,1.7927
600568.SH,20170831,20170630,-80.2281,19.5505,-338.6748,1.549
600606.SH,20170829,20170630,13.6137,-15.6584,13.6599,7.0528
600523.SH,20170828,20170630,-8.3417,13.9716,14.952,4.5147
600582.SH,20170828,20170630,25.9744,20.9429,2.1699,2.3214
600578.SH,20170830,20170630,3.8954,-80.6081,18.5304,-0.077
600635.SH,20170830,20170630,-5.7249,-55.3078,21.7614,2.7713
600636.SH,20170830,20170630,20.5445,89.9267,-3.4274,4.7854
600528.SH,20170826,20170630,-70.8984,8.1388,-6.7859,6.0926
600533.SH,20170825,20170630,220.5897,503.3806,32.9069,-0.2099
600748.SH,20170829,20170630,-0.6665,7.195,-12.2154,2.3513
600766.SH,20170830,20170630,-2.131,-36.3407,113.8654,3.9381
600739.SH,20170826,20170630,51.1046,-60.0195,10.954,3.2456
600751.SH,20170831,20170630,9788.9489,-45.5425,-0.9567,2.1831
600775.SH,20170831,20170630,8.0921,103.9546,-3.3862,0.9445
600741.SH,20170825,20170630,16.1782,4.1279,8.3567,8.0935
600810.SH,20170826,20170630,-7.1454,-86.0675,17.0428,1.8034
600742.SH,20170825,20170630,4.47,39.8811,5.0671,6.4676
600811.SH,20170831,20170630,107.2407,58.0548,-105.3706,1.0599
600743.SH,20170829,20170630,4.3073,6.882,52.0269,3.2476
600754.SH,20170831,20170630,31.6499,58.5855,28.3492,1.5664
600815.SH,20170830,20170630,85.3177,173.9776,9.9858,-14.7537
600745.SH,20170830,20170630,19.1506,232.6871,11.0515,3.0146
600755.SH,20170825,20170630,78.4795,54.4289,9.2738,0.1275
600782.SH,20170825,20170630,88.7738,47.9819,16.2273,6.0562
600780.SH,20170826,20170630,-2.9984,8.5873,24.3643,0.551
600756.SH,20170831,20170630,-16.4448,-266.6067,-108.5328,0.6406
600817.SH,20170831,20170630,62.5702,-231.0268,-154.6906,-1.1773
600746.SH,20170831,20170630,18.4865,9.1329,-22.1618,10.5036
600757.SH,20170829,20170630,-56.8657,48.6984,2.678,5.5344
600803.SH,20170831,20170630,79.2548,-164.8351,7.2949,1.9922
600804.SH,20170825,20170630,-4.7659,-0.0943,49.8216,5.7594
600819.SH,20170825,20170630,12.6667,108.1529,-0.4806,-1.9481
600820.SH,20170826,20170630,5.9029,7.26,15.4961,3.8993
600759.SH,20170826,20170630,97.5595,-492.4254,-30.1914,-1.0664
600736.SH,20170830,20170630,-67.3333,-15.9295,222.2646,-0.9161
600761.SH,20170826,20170630,46.184,18.6837,9.7494,4.6902
600764.SH,20170828,20170630,12.3737,181.053,-29.6544,5.5243
600807.SH,20170831,20170630,-35.3888,-19.8051,-86.6344,-7.3358
600809.SH,20170826,20170630,30.2045,108.6137,18.3461,12.4595
600737.SH,20170829,20170630,94.069,41.9066,68.2911,5.5111
600738.SH,20170830,20170630,79.5648,295.609,59.9028,5.3223
600692.SH,20170829,20170630,103.4179,273.6809,7.3859,3.2746
600790.SH,20170825,20170630,6.7393,11.8422,-2.4258,4.5954
600704.SH,20170829,20170630,31.4881,21.7111,0.875,2.7766
600724.SH,20170825,20170630,-35.1014,-58.6582,165.5186,2.5735
600726.SH,20170826,20170630,9.7641,-50.4933,-9.9304,2.6066
600712.SH,20170826,20170630,-0.4158,-109.0659,-0.8188,-1.3111
600791.SH,20170826,20170630,-75.6908,-109.0418,356.929,0.2126
600705.SH,20170828,20170630,42.3087,28.2034,-428.5349,5.4578
600706.SH,20170825,20170630,4.0048,-24.7445,22.2265,5.4803
600714.SH,20170826,20170630,-46.4554,97.3636,24.4071,1.29
600797.SH,20170829,20170630,-28.2225,216.1173,-18.3697,0.4551
600682.SH,20170831,20170630,22.5048,293.3698,3.5753,1.8163
600729.SH,20170825,20170630,-0.2365,63.2689,8.6095,9.4439
600728.SH,20170829,20170630,58.216,69.1566,-14.7748,0.3141
600683.SH,20170825,20170630,431.1281,2853.7636,-7.8521,-0.6245
600707.SH,20170830,20170630,19.6621,55.8967,-25.3595,-8.4092
600708.SH,20170830,20170630,56.3121,111.7939,26.8614,3.4495
600730.SH,20170831,20170630,1038.4973,675.3367,-32.5624,1.9449
600685.SH,20170831,20170630,-9.7671,-29.0683,-27.2142,-0.1791
600783.SH,20170831,20170630,13.5638,-35.7875,-108.8388,4.7499
600715.SH,20170829,20170630,30.3125,102.6325,37.808,5.9828
600694.SH,20170829,20170630,-3.1428,-12.5333,5.9435,7.2067
600716.SH,20170830,20170630,-55.8984,-1384.4317,49.7545,-2.1708
600787.SH,20170831,20170630,100.1308,-62.1129,4.6202,0.96
600789.SH,20170826,20170630,8.3423,117.6635,11.858,1.3793
600686.SH,20170830,20170630,-31.2016,-15.1563,-17.487,-2.2698
600718.SH,20170831,20170630,-17.958,41.209,14.6765,0.9073
600697.SH,20170826,20170630,1.9717,0.6186,10.219,4.5379
600690.SH,20170828,20170630,50.0362,56.4461,6.4865,13.5613
600835.SH,20170830,20170630,5.8719,-25.0882,12.2683,6.5712
600647.SH,20170826,20170630,-74.5133,-98.5229,-502.8433,3.6639
600648.SH,20170830,20170630,-28.5371,-46.2766,32.7716,2.5277
600837.SH,20170830,20170630,-6.935,-28.9552,208.8614,3.2573
600658.SH,20170830,20170630,-46.2328,-45.5444,-109.1415,0.8667
600838.SH,20170830,20170630,12.948,-77.5704,-27.5134,4.0784
600649.SH,20170831,20170630,-75.7688,-61.7672,-215.4015,1.521
600824.SH,20170829,20170630,-31.9641,4.5584,11.85,4.6336
600843.SH,20170831,20170630,11.2502,11.2584,-2.3224,5.6903
600662.SH,20170831,20170630,-7.5659,-81.3233,13.3257,0.8818
600847.SH,20170830,20170630,59.7193,100.1266,30.6894,-0.6469
600848.SH,20170829,20170630,29.7433,58.6062,21.4718,3.3614
600666.SH,20170825,20170630,40.0592,-21.8219,23.9277,1.2088
600844.SH,20170826,20170630,35.8903,109.96,37.3249,2.0175
600668.SH,20170829,20170630,21.2073,64.2759,14.2516,9.4571
600653.SH,20170831,20170630,-53.6106,-1604.6632,-4.0928,-8.6247
600654.SH,20170825,20170630,19.3614,-121.7274,0.6702,-3.0524
600676.SH,20170830,20170630,11.0266,12.0079,1.4648,2.7298
600731.SH,20170829,20170630,17.124,19.4164,25.4871,1.752
600734.SH,20170831,20170630,68.3871,0.3438,-15.8835,1.8433
600655.SH,20170830,20170630,6.0342,21.4361,18.1106,2.3921
600679.SH,20170826,20170630,177.5164,185.9792,9.244,2.3548
600821.SH,20170826,20170630,-27.9759,-52019.2812,-30.6174,-17.1175
600834.SH,20170830,20170630,0.1896,28.9971,-59.6514,2.8977
600833.SH,20170831,20170630,3.3309,-3.4691,4.8223,3.3504
600735.SH,20170830,20170630,2.2717,29.5036,4.7142,4.2787
600657.SH,20170830,20170630,200.4365,35.6878,75.9473,1.9746
600822.SH,20170829,20170630,-71.688,110.5486,20.0521,2.5757
600645.SH,20170831,20170630,4.215,-186.979,7.9399,-0.5844
600862.SH,20170825,20170630,28.8303,367.7196,-6.2042,5.6853
600886.SH,20170831,20170630,1.5046,46.8502,53.9854,4.3172
600887.SH,20170831,20170630,19.6258,-1.6464,19.0993,13.6073
002358.SZ,20170829,20170630,5.3291,59.198,21.5686,4.2934
601800.SH,20170830,20170630,6.4809,-6.7794,10.8161,4.0615
600863.SH,20170825,20170630,12.5369,13.577,38.1875,-0.2258
600865.SH,20170826,20170630,-2.0159,-33.1642,13.5414,1.101
600893.SH,20170829,20170630,3.3391,33.0658,-53.3508,0.4945
002520.SZ,20170825,20170630,15.1912,76.8835,21.7824,1.7353
600866.SH,20170826,20170630,-2.3019,-353.5491,24.4066,-4.3485
600881.SH,20170826,20170630,7.1178,27.5886,-10.398,0.5147
600882.SH,20170831,20170630,211.7172,-36.8379,-19.4795,-1.0512
600894.SH,20170830,20170630,7.0538,-30.5432,6.8707,3.4907
601010.SH,20170830,20170630,7.3539,-15.1948,4.806,4.0488
600869.SH,20170825,20170630,48.9332,-20.8122,-11.3163,1.4681
600883.SH,20170826,20170630,159.4914,210.5004,-169.4867,1.708
300602.SZ,20170829,20170630,27.7906,-23.5344,-2.5907,4.8727
600897.SH,20170831,20170630,12.6898,7.3258,60.1709,6.6794
600858.SH,20170826,20170630,-0.1189,142.7445,11.9187,1.3098
600872.SH,20170826,20170630,11.2542,24.2623,17.5293,7.1963
600875.SH,20170831,20170630,0.664,164.7644,-3.1451,1.5656
601607.SH,20170829,20170630,7.3297,9.8078,2.7053,5.5215
600876.SH,20170830,20170630,15.5927,100.0751,9.0134,-3.4798
600850.SH,20170826,20170630,10.7697,7.521,-4.2216,7.8016
600853.SH,20170831,20170630,49.1293,81.4405,-20.0454,1.8158
600859.SH,20170826,20170630,13.7801,41.1352,6.0708,4.4942
600877.SH,20170831,20170630,2.3272,513.5263,46.2721,
600854.SH,20170830,20170630,147.2713,1001.6155,37.3012,4.0538
600861.SH,20170826,20170630,-13.8567,1.4132,-12.5946,1.9908
600879.SH,20170825,20170630,18.9201,26.5148,-13.8658,1.8953
600410.SH,20170829,20170630,37.3828,492.3968,23.7045,0.9089
601328.SH,20170825,20170630,3.1645,5.6843,-2.2622,6.1032
002021.SZ,20170829,20170630,30.9186,10.2688,18.8831,-4.218
600272.SH,20170825,20170630,7.2792,45.1096,13.2217,1.5096
600985.SH,20170830,20170630,10.4104,-7.5274,22.0767,3.4086
600421.SH,20170826,20170630,10.4207,-74.7188,-1.487,-13.1231
002042.SZ,20170825,20170630,24.749,37.0012,-9.9155,6.0937
600320.SH,20170830,20170630,-10.7792,-16.3249,-8.3715,0.7286
300605.SZ,20170828,20170630,17.2002,16.5588,-19.9138,3.8812
603269.SH,20170825,20170630,11.867,13.271,11.879,2.4226
603069.SH,20170825,20170630,3.2209,25.9937,30.7338,3.1336
002004.SZ,20170826,20170630,24.1772,-22.0063,-25.3185,3.2587
600483.SH,20170830,20170630,-15.8506,-65.066,17.5982,2.521
601000.SH,20170826,20170630,-13.4677,10.0755,27.3122,5.3121
600405.SH,20170825,20170630,-12.3539,-169.2947,-31.8836,-3.0668
601003.SH,20170829,20170630,63.7743,203.5859,26.2966,8.0117
002065.SZ,20170830,20170630,11.1022,-4.3896,8.9964,2.8407
002570.SZ,20170830,20170630,-3.4906,-38.2202,-82.612,-14.0719
600325.SH,20170831,20170630,-31.4882,-61.5582,62.5977,4.4631
600018.SH,20170830,20170630,4.9967,31.4392,27.8921,4.0019
300627.SZ,20170825,20170630,51.6986,79.7597,8.2193,5.4336
600997.SH,20170831,20170630,97.5763,104.979,9.0297,2.7897
600295.SH,20170831,20170630,38.6662,161.8892,-4.3332,2.1361
002027.SZ,20170830,20170630,14.109,13.9368,27.2562,28.2796
600027.SH,20170831,20170630,38.0779,-127.392,20.9198,-0.7516
600965.SH,20170829,20170630,-5.4501,-7.7346,7.8013,3.6424
603822.SH,20170829,20170630,81.6793,-0.9691,-2.9754,2.4212
603316.SH,20170829,20170630,11.753,-2.039,-13.2619,5.6385
601288.SH,20170831,20170630,5.0891,4.8018,37.9162,8.148
601988.SH,20170831,20170630,-14.4777,22.8855,199.2643,7.1055
300687.SZ,20170829,20170630,25.3076,46.3956,22.5933,12.4841
300560.SZ,20170829,20170630,10.8227,11.5268,3.9362,5.0722
002022.SZ,20170826,20170630,11.7685,0.3944,-6.3349,6.3952
601901.SH,20170825,20170630,-35.8619,-67.854,539.9992,2.3057
601390.SH,20170831,20170630,14.1103,59.4753,-5.25,5.269
300434.SZ,20170829,20170630,122.6752,106.0041,59.7643,1.3295
601166.SH,20170830,20170630,-15.9988,7.5395,14.0222,8.2532
601872.SH,20170830,20170630,-0.1032,-81.3561,61.768,3.2192
002104.SZ,20170825,20170630,56.2215,76.5449,-57.1234,4.9843
601857.SH,20170825,20170630,24.8845,-51.2715,14.8948,1.282
002448.SZ,20170825,20170630,52.7823,44.4287,20.5159,5.4501
002095.SZ,20170825,20170630,10.0794,7.1248,40.9908,1.6609
002300.SZ,20170825,20170630,12.8438,-43.1953,-4.0956,1.7132
603808.SH,20170829,20170630,100.6284,149.7938,18.3895,7.0815
601377.SH,20170829,20170630,16.6038,3.199,-271.9184,3.9103
600999.SH,20170825,20170630,8.5455,-4.4716,205.3627,3.7631
300175.SZ,20170826,20170630,-36.1735,-203.5849,19.5817,-2.2238
300151.SZ,20170829,20170630,-1.5231,-29.9399,24.503,1.0661
601555.SH,20170830,20170630,33.4571,-57.0813,-346.7641,2.074
601211.SH,20170826,20170630,-2.2534,-17.1011,19.474,3.9025
603331.SH,20170828,20170630,29.2189,19.7972,-1.4826,7.0748
002888.SZ,20170829,20170630,9.6853,0.4094,-19.5483,5.4392
603903.SH,20170826,20170630,-3.8507,-30.425,-8.1528,2.3257
603906.SH,20170830,20170630,20.25,-30.3481,-0.426,5.6991
603611.SH,20170829,20170630,63.6529,-8.5105,2.9605,3.4616
300006.SZ,20170825,20170630,42.1288,64.9336,-0.5544,2.3167
002082.SZ,20170830,20170630,65.187,-22.7908,1.0576,2.0105
002727.SZ,20170829,20170630,24.7525,31.3345,2.6931,8.4004
601218.SH,20170828,20170630,-17.44,-50.6075,16.6331,1.2514
002057.SZ,20170828,20170630,30.365,70.7689,-1.3518,0.8893
300072.SZ,20170826,20170630,61.2186,29.0896,-17.5696,17.5362
300388.SZ,20170825,20170630,58.0999,18.0491,-57.1126,3.6776
603799.SH,20170826,20170630,83.3531,11596.096,-22.3866,14.2764
601717.SH,20170826,20170630,205.4165,291.5143,10.494,1.3194
002375.SZ,20170828,20170630,14.9888,90.9081,12.1131,2.393
300015.SZ,20170826,20170630,38.6265,33.9345,18.633,12.4373
002718.SZ,20170830,20170630,32.7647,2.0779,27.9567,5.5839
600048.SH,20170830,20170630,0.7782,4.5111,11.3369,6.1381
601098.SH,20170826,20170630,-1.9871,3.8482,37.508,6.892
601117.SH,20170829,20170630,4.7792,16.5247,2.7942,2.9998
002381.SZ,20170830,20170630,-12.2597,85.0101,7.3991,0.5599
603098.SH,20170829,20170630,-3.1052,0.0173,-10.2062,4.9033
601888.SH,20170830,20170630,34.8524,41.9298,18.7928,10.1026
601877.SH,20170831,20170630,4.2148,29.4002,14.6597,7.4046
300008.SZ,20170828,20170630,-34.1556,-38.0475,25.8961,3.1193
601002.SH,20170829,20170630,29.0558,159.8082,-4.7902,3.4662
603222.SH,20170830,20170630,43.3545,88.3381,13.8885,2.6614
002403.SZ,20170830,20170630,22.3579,13.4895,-1.3777,3.4183
300323.SZ,20170825,20170630,84.272,101.6398,-9.7442,3.5986
603877.SH,20170829,20170630,14.1997,-56.7115,-10.6532,0.3537
002368.SZ,20170825,20170630,5.6721,80.2564,-37.6618,0.2845
601208.SH,20170826,20170630,-0.9069,65.808,-3.6412,1.1547
300226.SZ,20170829,20170630,70.123,77.3469,-0.9469,4.1082
002436.SZ,20170830,20170630,7.9275,36.4129,12.9948,3.9312
300022.SZ,20170829,20170630,3.9362,-176.0757,-0.251,-7.7456
601012.SH,20170830,20170630,-14.8485,33.9958,25.9831,11.6062
603987.SH,20170830,20170630,17.8983,18.1596,14.0899,4.3359
300119.SZ,20170825,20170630,2.1806,-8.0548,1.4769,2.3778
603633.SH,20170830,20170630,-9.8605,-18.2257,32.3442,3.0929
603077.SH,20170831,20170630,40.8243,21.547,-13.8595,2.2354
002749.SZ,20170830,20170630,11.3607,20.7565,45.7408,14.4418
002324.SZ,20170830,20170630,1.1225,-21.9673,17.3394,3.9078
300542.SZ,20170829,20170630,45.5699,33.7185,-30.7521,1.2867
002506.SZ,20170826,20170630,2.8432,64.0914,33.0898,-0.0669
002497.SZ,20170825,20170630,47.6754,62.3343,13.9376,4.7845
002540.SZ,20170829,20170630,33.0646,-18.1026,3.5981,4.7553
300659.SZ,20170828,20170630,8.8196,15.3656,-0.5086,1.2493
601789.SH,20170825,20170630,12.8516,16.6483,13.8425,3.1237
002559.SZ,20170828,20170630,13.3081,7.3508,4.3411,2.7602
300135.SZ,20170826,20170630,-21.0919,-6.0132,6.8485,-1.6345
002409.SZ,20170826,20170630,19.8762,46.8028,9.6227,2.4629
002090.SZ,20170829,20170630,101.2754,59.3471,-32.5945,5.7742
603787.SH,20170825,20170630,39.5129,-23.5421,-17.6861,3.044
603585.SH,20170825,20170630,5.4885,33.6419,20.7787,8.18
002622.SZ,20170830,20170630,303.3833,561.3273,-95.4143,1.307
300382.SZ,20170829,20170630,16.3012,8.4447,47.6829,3.8946
300076.SZ,20170829,20170630,-9.0011,-92.0948,23.1149,-1.9404
300192.SZ,20170829,20170630,0.3242,-90.5094,8.2252,0.9822
300389.SZ,20170826,20170630,9.2356,-43.2232,7.5973,2.743
002750.SZ,20170825,20170630,47.7749,-46.8781,32.8271,2.844
002364.SZ,20170825,20170630,-3.1102,-48.1125,-12.6005,2.3397
300331.SZ,20170825,20170630,176.9354,2936.6034,2.0891,2.0893
002248.SZ,20170825,20170630,21.8183,-94.3095,3.4114,-14.5734
002152.SZ,20170826,20170630,-18.3979,50.8364,-4.6272,1.4029
300338.SZ,20170828,20170630,219.038,1496.9064,23.4829,3.8126
601996.SH,20170831,20170630,11.3675,62.315,34.9188,3.5176
300127.SZ,20170825,20170630,13.1749,167.6321,33.1347,5.0804
002312.SZ,20170829,20170630,-3.0282,-44.6915,-30.2624,-4.4044
300408.SZ,20170829,20170630,-19.9448,-29.1084,29.2202,7.1319
300111.SZ,20170829,20170630,17.4186,11.8579,30.1003,0.6008
601007.SH,20170829,20170630,9.7682,424.3084,19.304,2.806
002480.SZ,20170825,20170630,-45.4145,-713.341,-9.2849,-3.4067
300021.SZ,20170826,20170630,-9.1871,-13.3286,9.3582,2.0245
002605.SZ,20170829,20170630,-29.4374,-49.3622,-16.2817,1.7547
002129.SZ,20170825,20170630,25.494,14.8823,11.4516,2.5233
601212.SH,20170829,20170630,-11.1818,34.1062,2.8749,0.6033
300168.SZ,20170830,20170630,38.2984,25.1797,-24.0703,1.3916
002131.SZ,20170831,20170630,47.6417,21.4779,6.5389,3.9354
603058.SH,20170825,20170630,-41.8039,-39.9204,21.7557,5.2096
002423.SZ,20170825,20170630,19.3112,-121.6809,-4.8102,-5.7479
300147.SZ,20170826,20170630,31.5557,20.1501,-1.8047,0.7596
300543.SZ,20170829,20170630,22.3164,39.8065,14.7114,5.7908
603801.SH,20170825,20170630,40.886,21.3394,39.2738,5.8456
002410.SZ,20170825,20170630,8.4259,35.9235,7.233,4.6738
300651.SZ,20170825,20170630,-26.9339,-32.1962,-17.719,2.0059
300302.SZ,20170828,20170630,-53.3223,-99.6486,-62.9949,0.9973
300011.SZ,20170829,20170630,41.1134,-63.4259,38.8222,0.3578
002698.SZ,20170829,20170630,10.8065,42.0036,-13.4544,1.9985
002666.SZ,20170830,20170630,37.5423,-24.4523,-14.3694,1.8879
300110.SZ,20170831,20170630,3.0344,541.6663,49.3046,0.5647
002437.SZ,20170826,20170630,-10.1145,-48.1346,36.2834,5.4471
603639.SH,20170829,20170630,28.6827,38.731,4.1373,13.4676
300117.SZ,20170828,20170630,81.1743,-48.3244,8.5067,4.1039
300196.SZ,20170830,20170630,10.3695,-41.6818,17.4071,3.9037
002638.SZ,20170830,20170630,211.994,617.1575,-21.3202,1.5262
300344.SZ,20170829,20170630,680.0849,60.9632,-8.5897,-1.8838
601811.SH,20170830,20170630,18.9417,75.8545,6.7533,4.3947
002819.SZ,20170830,20170630,8.1093,-11.9966,-18.2581,1.5941
002715.SZ,20170830,20170630,20.8688,-1277.8224,-18.6878,0.2537
300189.SZ,20170830,20170630,23.2385,-82.3743,120.954,0.1323
300073.SZ,20170829,20170630,60.6939,503.0729,-14.2094,3.4879
300260.SZ,20170829,20170630,53.2784,723.8357,3.778,1.7533
300306.SZ,20170829,20170630,177.0096,68.6373,11.9301,3.2186
300267.SZ,20170830,20170630,3.2766,-43.2993,47.4119,7.4817
300682.SZ,20170830,20170630,-15.9484,103.8557,-18.4712,-2.5675
601028.SH,20170826,20170630,-9.3273,-338.9824,39.796,-0.1037
603123.SH,20170826,20170630,-5.8462,99.9869,-0.3504,1.9735
601908.SH,20170829,20170630,-4.9376,36.2216,61.4815,2.5586
300187.SZ,20170826,20170630,-18.0857,-16.5266,40.5939,3.0319
300093.SZ,20170829,20170630,69.9239,3501.3339,21.8996,1.0457
002845.SZ,20170831,20170630,44.4986,221.7328,1.2574,10.0125
002434.SZ,20170825,20170630,43.2947,171.1235,-12.3608,6.0423
002281.SZ,20170825,20170630,12.9557,-4.8671,4.4636,5.8453
300004.SZ,20170826,20170630,7.9587,1299.6499,-29.6739,-1.2465
002227.SZ,20170830,20170630,8.0038,1066.3494,-28.5474,0.0866
601918.SH,20170825,20170630,36.69,-147.7516,33.2442,4.7823
002334.SZ,20170830,20170630,65.4726,252.8323,5.4294,3.6688
002284.SZ,20170829,20170630,10.3601,-61.9043,9.4808,2.3143
002239.SZ,20170826,20170630,3.5109,4.7645,8.2258,3.6572
002247.SZ,20170830,20170630,62.359,33.8583,10.29,4.3555
002179.SZ,20170831,20170630,4.5403,11.7277,19.8959,9.5336
002156.SZ,20170826,20170630,32.749,-8.7733,8.6615,0.932
300069.SZ,20170829,20170630,-3.3773,-61.0045,-1.8955,1.9409
601566.SH,20170830,20170630,19.0814,-5.7784,-2.801,5.0524
002177.SZ,20170830,20170630,-53.2579,-96.8913,-30.0265,0.3195
002435.SZ,20170828,20170630,4.2488,74.9206,18.6667,2.9437
603578.SH,20170825,20170630,8.2394,13.918,-12.4212,8.2546
603993.SH,20170828,20170630,432.6358,-35.839,34.9799,6.1907
002433.SZ,20170830,20170630,8.7155,32.0572,-3.695,2.359
603896.SH,20170825,20170630,24.471,9.0276,23.558,5.9659
002229.SZ,20170825,20170630,-23.8402,44.0013,6.4024,-1.1542
300465.SZ,20170829,20170630,10.6069,590.8114,-17.9303,0.1732
002266.SZ,20170829,20170630,-25.5708,6.7979,-25.7853,1.5358
601139.SH,20170831,20170630,22.8164,6.0845,25.7226,7.1316
002304.SZ,20170829,20170630,17.6484,20.4071,-7.4593,14.0581
002155.SZ,20170829,20170630,76.2905,75.2593,3.8625,4.0534
300040.SZ,20170826,20170630,235.0343,305.7091,-33.4412,3.9459
601999.SH,20170825,20170630,-0.7143,-7.5206,11.2947,1.0009
002189.SZ,20170825,20170630,18.0346,2.686,21.3944,1.5681
601216.SH,20170825,20170630,30.1607,14.3699,13.5807,6.5053
002254.SZ,20170830,20170630,1.3324,135.0773,23.1235,2.7649
300585.SZ,20170829,20170630,42.8361,10.5738,26.0377,6.9717
300061.SZ,20170829,20170630,135.5978,202.8906,11.4143,2.6611
300235.SZ,20170825,20170630,-34.715,-130.597,122.2277,-0.7729
002163.SZ,20170828,20170630,-1.2503,-818.5581,6.0772,-5.8146
002397.SZ,20170826,20170630,53.4854,45.3747,-23.1035,4.7723
300084.SZ,20170826,20170630,1.1436,-52.5358,20.4119,0.1162
601126.SH,20170831,20170630,-3.8114,-22.407,2.6509,0.4067
002444.SZ,20170825,20170630,4.7532,8.5612,5.0459,4.182
002251.SZ,20170829,20170630,15.1124,18.9356,7.7221,3.2517
002492.SZ,20170830,20170630,0.6762,30.5134,79.6909,2.7622
002209.SZ,20170825,20170630,18.8897,24.0683,0.4638,-2.5746
002273.SZ,20170829,20170630,40.6879,40.709,26.1969,4.7068
002544.SZ,20170826,20170630,12.5566,84.7217,-31.0133,1.1093
300424.SZ,20170825,20170630,8.5845,4.3686,-25.8036,1.9932
300616.SZ,20170829,20170630,31.9556,25.6158,27.7192,3.7686
603355.SH,20170826,20170630,30.5109,-28.3626,3.9753,6.9452
300652.SZ,20170828,20170630,15.3373,-1.8521,1.2315,7.8074
603012.SH,20170829,20170630,30.0795,16.2212,7.7242,2.7906
300263.SZ,20170829,20170630,3.3807,-7.4964,-16.8476,0.7846
300132.SZ,20170826,20170630,44.6602,214.5489,6.0577,6.9517
002157.SZ,20170831,20170630,-5.7017,-60.3339,-1.5427,4.6036
002539.SZ,20170829,20170630,8.0794,-97.4679,-6.8319,1.8934
300413.SZ,20170828,20170630,-25.363,-34.1936,-11.607,0.5162
002214.SZ,20170825,20170630,-17.8688,0.1627,-3.7793,0.634
603689.SH,20170829,20170630,29.3347,86.809,14.9534,4.1411
300452.SZ,20170825,20170630,7.4779,-8.3578,22.2106,5.0098
002693.SZ,20170828,20170630,-1.0005,-3.397,-235.1664,-3.2657
002396.SZ,20170825,20170630,36.8299,43.7008,-5.9426,1.0558
601179.SH,20170831,20170630,19.0957,25.3662,15.8128,2.943
002228.SZ,20170830,20170630,65.2093,41.039,-10.3172,3.9409
601985.SH,20170825,20170630,11.0011,-10.5654,58.2433,6.1808
002192.SZ,20170829,20170630,-6.7276,-10.9,20.9828,-0.4762
300213.SZ,20170825,20170630,-51.1188,-27.6617,-11.6482,1.1223
603020.SH,20170830,20170630,5.9403,-1.0893,-3.5859,4.8078
002763.SZ,20170829,20170630,11.7528,63.5678,31.7121,10.4399
601801.SH,20170831,20170630,15.9196,-12.8526,-0.2175,4.4213
600917.SH,20170830,20170630,6.335,-15.4986,16.3567,4.8669
601718.SH,20170829,20170630,6.0834,-30.857,-8.9954,0.0428
002614.SZ,20170829,20170630,25.9884,50.6126,-1.1537,2.961
002319.SZ,20170828,20170630,29.2757,253.5031,13.958,0.8077
002589.SZ,20170828,20170630,47.3259,68.5724,-6.6799,7.1023
002753.SZ,20170825,20170630,76.7091,382.2145,13.9671,9.6065
300057.SZ,20170829,20170630,43.4275,270.1482,13.0108,1.5647
300032.SZ,20170826,20170630,4.5052,454.7818,5.3305,1.6733
601966.SH,20170829,20170630,33.854,-37.0321,-7.6668,5.1914
300058.SZ,20170829,20170630,28.8106,-9.3536,-1.5431,2.9705
603022.SH,20170829,20170630,28.2035,-3.6635,-16.1109,1.819
601163.SH,20170825,20170630,10.4871,-49.2439,21.2199,2.7135
601608.SH,20170825,20170630,22.4922,46.6267,6.2926,-0.2489
300062.SZ,20170826,20170630,-35.4208,-68.728,-32.8663,0.8089
603167.SH,20170829,20170630,24.9819,73.005,31.8322,4.8854
002734.SZ,20170830,20170630,11.7256,-5.305,42.4701,5.0105
300065.SZ,20170826,20170630,24.7218,49.9204,-3.7574,2.9037
300219.SZ,20170829,20170630,68.6221,31.081,-5.034,5.7023
603159.SH,20170825,20170630,32.9872,-1.1541,12.5321,5.5304
300048.SZ,20170829,20170630,-2.0027,-21.7338,18.9568,1.5458
603998.SH,20170825,20170630,56.8036,29.3157,-8.7475,4.534
002555.SZ,20170831,20170630,17.7182,51.959,31.3649,14.1258
603387.SH,20170830,20170630,,,40.5775,23.5648
603042.SH,20170831,20170630,,,-21.9437,6.1695
002286.SZ,20170826,20170630,21.8673,29.4154,-5.0733,2.0043
002569.SZ,20170829,20170630,-3.8965,10.7887,-15.6255,-6.0659
300469.SZ,20170829,20170630,14.5073,11.1793,-35.2811,-2.0097
002289.SZ,20170825,20170630,-68.481,88.3122,258.1546,-7.3658
300230.SZ,20170829,20170630,80.3802,120.3277,11.1354,5.5514
300123.SZ,20170829,20170630,-27.9228,-16.8122,-18.8925,0.3771
300071.SZ,20170825,20170630,-6.6957,-66.3948,2.2887,1.439
300593.SZ,20170828,20170630,8.381,10.4841,2.797,2.6607
002374.SZ,20170828,20170630,31.0732,80.6847,-31.5707,1.7717
300554.SZ,20170825,20170630,25.3255,25.5292,70.5846,5.7857
601989.SH,20170830,20170630,-37.8254,-37.9936,17.8977,0.0234
002495.SZ,20170828,20170630,-6.9774,-8.0582,33.2361,1.5202
002487.SZ,20170828,20170630,0.5731,-78.3881,-12.1437,0.0407
002325.SZ,20170825,20170630,66.8745,23.54,-5.8389,2.84
300063.SZ,20170829,20170630,19.4258,14.5271,8.8889,3.2522
002461.SZ,20170826,20170630,9.933,54.8469,27.5606,0.5836
300094.SZ,20170829,20170630,89.2483,347.2212,-13.8197,3.8068
300136.SZ,20170829,20170630,71.4356,118.6006,11.5446,14.662
300253.SZ,20170826,20170630,10.4752,-84.5087,-36.557,3.5906
601618.SH,20170830,20170630,6.8647,17.3311,4.6632,3.4134
002688.SZ,20170825,20170630,-13.1798,-18.0937,-3.3698,4.9101
002599.SZ,20170825,20170630,45.693,123.7878,7.2371,1.8866
002291.SZ,20170828,20170630,15.5988,-1.3907,5.3452,1.1463
002516.SZ,20170825,20170630,-8.2196,16.8766,29.9542,4.6446
600919.SH,20170830,20170630,4.4161,9.1203,-192.6812,7.2866
300025.SZ,20170826,20170630,1.1122,-3.0539,-2.4073,2.492
300509.SZ,20170829,20170630,14.1363,16.6163,-1.483,3.4358
601188.SH,20170825,20170630,-2.3221,14.5641,163.9334,4.6681
002586.SZ,20170829,20170630,41.178,148.6934,-10.2306,0.5115
300030.SZ,20170826,20170630,5.7082,-1.2232,18.8562,0.8912
300049.SZ,20170829,20170630,12.3102,-12.385,12.7065,2.7439
603359.SH,20170831,20170630,-15.9975,-23.0641,21.531,7.9451
300232.SZ,20170829,20170630,68.6493,91.0027,-13.1898,7.9916
300662.SZ,20170826,20170630,32.891,-0.2382,11.3221,6.939
002346.SZ,20170825,20170630,-26.3918,-66.2596,42.5153,0.9608
603569.SH,20170829,20170630,28.1602,17.6239,0.7067,6.9383
002333.SZ,20170826,20170630,-5.065,-96.3149,17.4221,-2.0334
300108.SZ,20170828,20170630,17.6504,36.2672,58.638,2.4657
300087.SZ,20170826,20170630,20.8101,-36.082,-11.6465,-1.6901
601515.SH,20170829,20170630,39.8608,37.3755,44.8635,9.2126
300540.SZ,20170829,20170630,-22.9537,-63.2464,-12.0407,0.2587
601881.SH,20170831,20170630,-12.6663,-20.0275,-255.4226,3.5128
603126.SH,20170828,20170630,-1.125,19.5754,4.8135,3.5621
002824.SZ,20170825,20170630,-4.9393,-23.7179,4.7211,5.5661
002454.SZ,20170825,20170630,-1.9401,-27.5814,-8.5821,3.4059
002379.SZ,20170829,20170630,65.5061,-53.3618,-17.8845,2.3316
002630.SZ,20170825,20170630,45.8786,-22.5255,60.2714,1.9962
002486.SZ,20170829,20170630,48.9579,88.05,21.122,-3.2222
603618.SH,20170829,20170630,5.454,-47.6191,-30.9035,2.4201
603233.SH,20170829,20170630,18.833,28.1053,6.5356,17.3995
300635.SZ,20170825,20170630,19.0896,7.599,-19.525,4.727
603777.SH,20170830,20170630,7.1915,-24.8232,-8.1217,4.0835
603729.SH,20170830,20170630,-10.5652,-85.4604,6.1525,0.426
002639.SZ,20170828,20170630,-12.5404,-52.5679,12.2552,0.0248
603165.SH,20170825,20170630,105.6657,262.0057,-0.9407,28.0477
603800.SH,20170826,20170630,75.1946,142.6041,-10.6911,0.5696
002420.SZ,20170829,20170630,19.6308,59.5233,-37.3598,-4.9647
601018.SH,20170830,20170630,10.5558,21.4052,29.2418,3.8206
300289.SZ,20170826,20170630,8.3299,37.2066,38.1884,3.1792
601009.SH,20170825,20170630,-13.1053,18.2056,-294.3151,8.0772
002167.SZ,20170830,20170630,0.369,798.8634,4.0036,1.4565
002611.SZ,20170825,20170630,149.7298,281.2207,-1.0593,0.9725
002724.SZ,20170830,20170630,26.5844,118.3743,12.499,0.6462
300078.SZ,20170829,20170630,24.738,6.082,18.8202,3.2494
300141.SZ,20170829,20170630,16.0698,-186.5501,-23.9359,0.3879
300173.SZ,20170829,20170630,9.9839,34.835,10.5717,1.2164
603959.SH,20170829,20170630,23.5962,-31.8379,-21.2605,2.3656
002729.SZ,20170829,20170630,15.8597,99.6354,5.4336,3.224
300456.SZ,20170829,20170630,205.6091,15.5783,24.1077,1.1687
603003.SH,20170825,20170630,38.2346,7604.5871,-8.7219,0.5966
002405.SZ,20170828,20170630,19.6548,57.385,6.4929,2.4393
002106.SZ,20170829,20170630,11.0696,-53.6197,-13.6017,1.5387
603888.SH,20170829,20170630,-1.9208,3.7132,20.0754,3.0826
603883.SH,20170830,20170630,19.8204,18.5719,5.1163,9.6235
300494.SZ,20170829,20170630,19.2639,-47.3051,43.3811,4.3737
300462.SZ,20170828,20170630,24.0173,-27.792,5.3519,2.1311
300180.SZ,20170829,20170630,61.1927,108.3182,1.9545,2.1313
603788.SH,20170830,20170630,42.2271,59.4058,19.2023,12.5821
300429.SZ,20170829,20170630,87.9519,35.7073,12.7425,6.8399
300625.SZ,20170829,20170630,26.1825,34.3821,4.8559,4.9027
002560.SZ,20170825,20170630,9.4424,-87.1094,1.384,0.4428
601929.SH,20170828,20170630,-7.2262,47.1055,-1.1735,2.2264
002583.SZ,20170828,20170630,45.8711,70.5562,-12.1974,0.0476
300115.SZ,20170825,20170630,22.0616,-20.5501,-4.1001,8.2141
300153.SZ,20170829,20170630,43.7826,26.1008,-24.7104,1.5044
300154.SZ,20170829,20170630,37.7065,-0.1367,38.8594,3.1146
601111.SH,20170831,20170630,7.556,81.9397,27.8735,4.3457
603326.SH,20170828,20170630,27.9238,102.4386,32.7144,2.5671
300510.SZ,20170829,20170630,57.8342,134.2115,-5.9345,2.6181
300209.SZ,20170829,20170630,7.6406,-33.3026,11.4528,0.8784
603313.SH,20170826,20170630,38.6662,56.2658,1.2098,6.0069
300214.SZ,20170826,20170630,40.468,-3.4663,4.123,2.6122
300628.SZ,20170828,20170630,51.55,46.6568,33.1007,17.6746
300425.SZ,20170828,20170630,47.9776,39.0777,19.194,2.6777
300522.SZ,20170828,20170630,2.7469,1.5868,17.663,4.4854
300121.SZ,20170825,20170630,21.6023,6.6814,18.8578,11.659
603308.SH,20170830,20170630,17.1405,26.114,24.6689,1.8197
002811.SZ,20170828,20170630,-5.2317,-1.6047,-10.9724,2.9517
603999.SH,20170826,20170630,26.8804,3.0101,1.4472,1.7233
300140.SZ,20170825,20170630,124.9629,212.2979,-14.658,0.8351
002679.SZ,20170829,20170630,-50.9386,-308.1507,224.8852,-4.9737
002856.SZ,20170828,20170630,-20.6163,-18.742,-4.2204,4.8697
300386.SZ,20170826,20170630,11.3927,-27.3841,-16.3609,0.7497
603977.SH,20170826,20170630,-0.8898,-14.5778,44.2893,2.1429
002792.SZ,20170825,20170630,17.0995,4.6411,-9.779,3.9486
002739.SZ,20170829,20170630,21.89,21.1116,4.8781,7.7326
300527.SZ,20170829,20170630,9.4322,34.9844,0.6986,5.3084
603096.SH,20170831,20170630,23.3867,91.4107,36.8107,9.9024
002390.SZ,20170829,20170630,6.6749,8.9797,1.0218,2.1771
002532.SZ,20170830,20170630,15.3874,15.1245,16.6452,5.0431
300113.SZ,20170826,20170630,-10.278,-40.3441,44.9239,8.0982
002144.SZ,20170829,20170630,-9.7405,-27.1704,14.1648,2.7944
601998.SH,20170825,20170630,2.8521,1.7903,183.189,6.2229
601229.SH,20170826,20170630,-16.9512,6.5924,-670.8019,6.5464
300675.SZ,20170829,20170630,-8.3099,-38.9236,-9.0221,0.823
300387.SZ,20170825,20170630,-5.8787,-20.2542,5.2528,6.0055
300191.SZ,20170826,20170630,76.5256,-632.6508,131.5775,-1.3936
300112.SZ,20170829,20170630,14.4113,-11.4274,10.9028,1.3402
601113.SH,20170831,20170630,30.6084,-481.5624,-14.2,0.0034
603718.SH,20170826,20170630,-7.7945,26.3677,17.3495,4.5803
300278.SZ,20170829,20170630,66.6277,4.3958,26.8442,2.9807
002561.SZ,20170826,20170630,3.1308,-4.5497,4.5108,5.1261
002465.SZ,20170828,20170630,-7.3877,-28.6301,0.7934,0.7962
002541.SZ,20170825,20170630,18.6993,7.3484,-21.2289,1.1485
603978.SH,20170829,20170630,43.5136,-37.6659,-7.4463,6.7215
002598.SZ,20170825,20170630,56.6908,26.2605,-6.1157,3.9213
603000.SH,20170831,20170630,0.9542,330.1827,23.1456,-1.2873
603958.SH,20170826,20170630,-9.4319,-71.2986,17.5392,1.9322
603183.SH,20170904,20170630,,,-5.5247,7.3011
603628.SH,20170829,20170630,16.1067,-12.06,-56.371,3.0803
601225.SH,20170826,20170630,106.8451,866.8717,18.4897,14.8336
603039.SH,20170825,20170630,52.5521,25.7583,26.5164,4.7978
601928.SH,20170826,20170630,2.39,-1.2157,30.1131,5.5547
603277.SH,20170908,20170630,16.403,2.0603,24.1891,15.576
603043.SH,20170830,20170630,,,44.8233,3.4353
603630.SH,20170829,20170630,-23.7336,-38.2905,-20.7329,3.603
300043.SZ,20170825,20170630,11.1073,-2.3951,4.1838,3.7072
300085.SZ,20170829,20170630,22.9072,-64.9149,1.1942,1.0472
300326.SZ,20170829,20170630,39.2828,38.2344,-13.7409,4.8947
002623.SZ,20170830,20170630,-6.3543,-96.78,11.3673,0.1695
002378.SZ,20170829,20170630,76.7126,230.3879,-23.4894,0.4552
601008.SH,20170826,20170630,9.4493,-603.1856,23.041,-0.81
603779.SH,20170829,20170630,0.3463,9.2778,-5.9688,3.4191
002634.SZ,20170825,20170630,21.6972,54.7238,22.6809,3.3687
603797.SH,20170829,20170630,-8.0796,6.1568,61.7222,3.2928
002558.SZ,20170825,20170630,7.8978,1.9979,64.4458,8.6955
300619.SZ,20170825,20170630,-0.2707,-27.2341,20.5776,5.6676
600998.SH,20170830,20170630,21.4405,260.1447,-5.906,3.3431
300632.SZ,20170829,20170630,69.1614,76.9939,-15.0278,6.3967
002354.SZ,20170830,20170630,131.1224,187.0835,43.7962,6.7661
300120.SZ,20170829,20170630,-15.1954,49.9797,-2.1965,2.0543
002475.SZ,20170825,20170630,63.9498,88.7444,2.113,5.0674
002505.SZ,20170828,20170630,229.0744,-2092.7065,7.9212,-2.3041
603232.SH,20170825,20170630,-11.4277,-43.0675,-22.544,2.1749
601900.SH,20170829,20170630,8.6758,39.3169,60.6905,4.6511
601058.SH,20170831,20170630,16.3999,-37.9739,2.8195,0.3358
300535.SZ,20170829,20170630,7.5339,-14.4843,-2.5431,3.4993
603081.SH,20170825,20170630,-0.5227,21.5286,-8.914,8.2122
603698.SH,20170830,20170630,68.5454,83.666,20.6069,5.3435
603015.SH,20170829,20170630,39.591,28.1855,3.1952,3.531
002671.SZ,20170829,20170630,-33.4483,-152.85,-55.6748,-1.9737
603833.SH,20170829,20170630,44.8925,33.4333,33.053,8.8731
002636.SZ,20170830,20170630,15.2712,136.3552,8.4069,13.7586
603887.SH,20170829,20170630,40.5502,5.0843,-26.0407,5.7539
603322.SH,20170826,20170630,21.2868,-47.0743,-7.9262,-1.5808
300518.SZ,20170829,20170630,-14.1178,-19.171,36.1379,4.0578
300676.SZ,20170830,20170630,7.9925,30.4873,18.9782,4.8011
300539.SZ,20170828,20170630,4.396,-13.7293,-8.6444,4.2069
300320.SZ,20170825,20170630,35.7739,73.8515,-8.8364,6.8621
002713.SZ,20170830,20170630,32.3139,4.8245,32.7375,-0.9647
300548.SZ,20170825,20170630,32.4238,45.7406,-13.4853,6.2071
002543.SZ,20170826,20170630,48.8101,-29.0763,6.3923,6.3414
002616.SZ,20170830,20170630,-4.0525,-18.9228,10.5937,2.2461
603778.SH,20170829,20170630,10.5196,13.0297,22.4365,2.2139
300251.SZ,20170825,20170630,55.4232,98.0796,-25.5518,5.1438
300486.SZ,20170829,20170630,122.0858,206.6934,11.3727,4.2248
300432.SZ,20170829,20170630,96.4193,116.761,13.1246,5.8262
603699.SH,20170830,20170630,13.3178,-32.079,19.58,3.8327
603717.SH,20170830,20170630,-42.3135,-71.9227,-34.7244,4.3729
300351.SZ,20170825,20170630,77.2692,27.233,-2.2191,2.4413
300404.SZ,20170829,20170630,200.1939,284.229,5.0037,-0.0754
300301.SZ,20170829,20170630,9.774,-55.704,1.7326,0.001
300640.SZ,20170829,20170630,49.4164,10.9064,-1.676,9.7335
300291.SZ,20170829,20170630,-15.7266,-98.5066,-41.2149,0.9853
603908.SH,20170829,20170630,30.1902,18.8555,15.3179,13.025
300384.SZ,20170829,20170630,115.5485,185.3989,-57.1365,4.7349
603027.SH,20170825,20170630,31.9642,52.5757,11.2566,7.7645
603031.SH,20170829,20170630,10.8657,-16.0577,-3.2685,3.0047
300155.SZ,20170829,20170630,0.9792,-70.1756,-9.952,-0.9032
300427.SZ,20170829,20170630,-15.9266,5.2303,40.7156,2.2346
002867.SZ,20170830,20170630,30.5001,26.3981,18.2182,11.2175
002746.SZ,20170829,20170630,12.6458,-62.0254,22.1814,1.0911
300776.SZ,20170810,20170630,,,,29.0087
603697.SH,20171227,20170630,,,,17.0293
601860.SH,20180112,20170630,10.3122,19.6119,,6.0927
603187.SH,20171222,20170630,,,,17.0602
603105.SH,20170805,20170630,,,-0.505,3.6874
300848.SZ,20170811,20170630,,,,16.2206
601990.SH,20170829,20170630,,,,2.5807
300758.SZ,20170801,20170630,,,,11.7024
688391.SH,20171023,20170630,,,,7.5579
603722.SH,20170927,20170630,,,34.1583,8.6354
601577.SH,20170731,20170630,,,297.3901,
301266.SZ,20170821,20170630,,,,5.8245
603103.SH,20170913,20170630,,,29.6265,17.5318
603683.SH,20170925,20170630,,,12.1321,4.6151
002907.SZ,20170926,20170630,,,12.1726,9.207
301428.SZ,20170802,20170630,,,,10.3546
835174.BJ,20180130,20170630,,,,14.9873
301380.SZ,20171108,20170630,,,,21.0191
301246.SZ,20170822,20170630,,,,5.0515
300859.SZ,20171013,20170630,,,,-4.6803
831406.BJ,20170826,20170630,,,,3.2833
300803.SZ,20171023,20170630,,,,27.1843
603617.SH,20170821,20170630,19.1081,6.1668,37.0333,10.8631
603363.SH,20170905,20170630,,,15.5544,12.0222
300706.SZ,20170913,20170630,,,23.0201,9.7565
300709.SZ,20170921,20170630,,,51.3333,18.3723
603829.SH,20170920,20170630,,,12.1306,6.5678
300807.SZ,20170825,20170630,,,17.379,2.7858
834599.BJ,20170826,20170630,,,,6.6661
300736.SZ,20171226,20170630,,,-7.9935,9.8723
301469.SZ,20171222,20170630,,,,6.4989
688639.SH,20170812,20170630,,,,17.5587
603607.SH,20170928,20170630,,,27.8622,13.4728
603289.SH,20171010,20170630,,,14.3458,8.0834
603348.SH,20171206,20170630,,,12.5402,6.2481
300902.SZ,20170826,20170630,,,,2.0112
300829.SZ,20171212,20170630,,,17.9563,5.5301
002893.SZ,20170807,20170630,,,-48.0375,20.7353
603507.SH,20171017,20170630,,,-6.0293,11.2951
300775.SZ,20170824,20170630,,,,5.1388
603813.SH,20170808,20170630,,,33.1326,6.4551
601975.SH,20170812,20170630,-45.2287,-48.0065,43.5017,6.1628
002948.SZ,20180109,20170630,,,,7.2225
832089.BJ,20171222,20170630,,,,4.7958
603080.SH,20171212,20170630,,,44.1377,8.1888
688106.SH,20170819,20170630,,,32.3984,4.8544
600901.SH,20170710,20170630,,,123.5136,
300935.SZ,20170819,20170630,,,,11.802
603583.SH,20171212,20170630,,,,17.2316
002996.SZ,20171017,20170630,,,,7.8143
300749.SZ,20170815,20170630,,,,1.7535
834021.BJ,20170825,20170630,,,-0.7843,5.0319
301258.SZ,20170819,20170630,,,,12.8393
603700.SH,20180126,20170630,,,25.4482,14.5851
603937.SH,20171012,20170630,,,3.3441,5.6126
300718.SZ,20171016,20170630,,,31.1624,10.7041
603685.SH,20171106,20170630,,,5.4591,15.7456
002864.SZ,20171025,20170630,,,22.2711,5.2364
300710.SZ,20170927,20170630,,,10.01,7.9626
600903.SH,20171018,20170630,,,50.6218,3.6019
603912.SH,20171012,20170630,,,8.612,10.9694
300801.SZ,20170904,20170630,,,,6.0159
002902.SZ,20170912,20170630,,,12.1459,6.0775
300899.SZ,20170829,20170630,,,,4.6981
834682.BJ,20170829,20170630,,,-20.5724,5.7113
002936.SZ,20180830,20170630,-10.503,-3.9334,474.1616,10.3607
300943.SZ,20170918,20170630,,,10.3728,10.3408
603466.SH,20170925,20170630,,,6.9323,14.4543
300777.SZ,20170828,20170630,,,,8.4364
603083.SH,20171023,20170630,,,21.7281,5.5435
002911.SZ,20171031,20170630,,,17.5561,12.0283
836807.BJ,20170829,20170630,,,,3.6009
002930.SZ,20170829,20170630,-16.0668,-44.2152,63.3051,3.8834
831856.BJ,20170829,20170630,,,,5.7566
831039.BJ,20170829,20170630,,,,7.7049
300788.SZ,20170829,20170630,,,,16.2029
605183.SH,20170829,20170630,,,18.7668,6.987
002908.SZ,20170925,20170630,,,1.1567,5.6659
603963.SH,20170904,20170630,,,25.4552,15.3066
603922.SH,20170904,20170630,,,12.3438,10.015
002900.SZ,20170904,20170630,,,22.937,9.1702
601068.SH,20180830,20170630,101.4821,-17.0595,-3.0191,0.6148
300711.SZ,20171011,20170630,,,-10.2537,9.6706
603321.SH,20170828,20170630,,,8.445,7.052
002943.SZ,20171020,20170630,,,,7.1709
300703.SZ,20170906,20170630,,,13.1104,12.1773
002899.SZ,20180823,20170630,,,15.408,8.9156
300824.SZ,20171229,20170630,,,,8.3262
300594.SZ,20171201,20170630,,,,19.4077
603956.SH,20171229,20170630,,,,3.457
603867.SH,20171229,20170630,,,,8.7291
300845.SZ,20170817,20170630,,,-40.0393,2.1071
300823.SZ,20171229,20170630,,,,7.3927
830809.BJ,20171229,20170630,,,-32.6849,6.8134
300851.SZ,20171229,20170630,,,,8.8079
688800.SH,20170830,20170630,,,23.1467,3.9863
603863.SH,20171215,20170630,,,20.8941,9.5809
601298.SH,20171013,20170630,,,,8.2863
301302.SZ,20171215,20170630,,,,8.6041
600989.SH,20171229,20170630,108.4278,229.701,14.5899,12.599
300795.SZ,20171013,20170630,,,28.3746,5.0997
001236.SZ,20171229,20170630,,,,2.1908
301386.SZ,20170830,20170630,,,,9.0758
301168.SZ,20171229,20170630,,,,6.6707
830896.BJ,20170829,20170630,,,,8.0727
688550.SH,20170831,20170630,,,,10.113
603161.SH,20171127,20170630,,,13.7737,9.3232
300702.SZ,20170830,20170630,,,23.6989,11.4007
002915.SZ,20171114,20170630,,,4.062,6.2464
688067.SH,20170831,20170630,,,,5.9612
603533.SH,20170830,20170630,,,29.3557,8.483
002966.SZ,20180110,20170630,,,,5.3105
003010.SZ,20170822,20170630,,,-13.5988,8.7088
600928.SH,20170831,20170630,,,,
832063.BJ,20171117,20170630,,,3.7977,3.0659
001296.SZ,20171107,20170630,,,,5.5725
300716.SZ,20171018,20170630,,,17.4403,5.7404
300722.SZ,20171027,20170630,,,-1.7296,7.0731
603136.SH,20170913,20170630,,,56.0507,13.0653
300883.SZ,20171220,20170630,,,,4.892
301042.SZ,20170829,20170630,,,,14.5282
301227.SZ,20171023,20170630,,,,4.9365
603106.SH,20170831,20170630,,,21.8741,11.0095
603681.SH,20170831,20170630,,,,2.7503
300701.SZ,20170831,20170630,,,40.5275,15.6397
300960.SZ,20170830,20170630,,,6.4461,10.3957
605098.SH,20170831,20170630,,,,19.49
830799.BJ,20170831,20170630,,,55.3254,8.8695
430198.BJ,20170831,20170630,,,22.6044,2.7684
301237.SZ,20170831,20170630,,,,5.11
300724.SZ,20171024,20170630,,,-47.025,19.3168
300981.SZ,20170831,20170630,,,,12.4471
300748.SZ,20170831,20170630,,,,5.6682
300737.SZ,20180108,20170630,,,18.8261,8.4977
300721.SZ,20171024,20170630,,,12.7345,5.1612
600933.SH,20171030,20170630,27.5693,-8.4354,31.746,11.9953
603055.SH,20170901,20170630,,,10.2787,13.4406
603378.SH,20170911,20170630,,,4.3344,5.1974
601086.SH,20170911,20170630,,,13.9855,5.4929
603367.SH,20170911,20170630,,,3.4427,4.9436
300719.SZ,20171019,20170630,,,-62.3513,-2.4892
603605.SH,20171025,20170630,,,14.3989,12.8449
603970.SH,20171030,20170630,,,-0.1649,17.1892
603278.SH,20171023,20170630,,,3.4745,9.9501
603809.SH,20171018,20170630,,,40.285,9.2036
002910.SZ,20171010,20170630,,,35.1932,3.0793
002942.SZ,20170830,20170630,,,,15.3508
601077.SH,20170830,20170630,5.7963,9.2729,,
301062.SZ,20170830,20170630,,,,6.0761
833943.BJ,20170830,20170630,,,,5.2524
605368.SH,20170830,20170630,,,9.7882,8.0789
001267.SZ,20170830,20170630,35.4177,-21.8433,-3.8041,4.7188
605299.SH,20170830,20170630,,,8.4516,6.4501
603390.SH,20170830,20170630,,,16.7112,17.4472
601609.SH,20170829,20170630,,,5.2718,7.1503
300830.SZ,20170830,20170630,,,,6.4004
605111.SH,20170823,20170630,,,,10.0828
300898.SZ,20170823,20170630,,,14.8623,9.6067
605289.SH,20170823,20170630,,,,8.998
600956.SH,20170829,20170630,,,26.2874,
301020.SZ,20170817,20170630,,,,16.5098
300825.SZ,20170829,20170630,,,,0.2224
300836.SZ,20170809,20170630,,,,2.6835
688003.SH,20170830,20170630,,,,0.7006
300838.SZ,20170822,20170630,,,,3.9823
601598.SH,20170831,20170630,,,,
688218.SH,20170831,20170630,,,-2.5534,10.5692
688122.SH,20170816,20170630,,,-30.4699,4.3235
300846.SZ,20170826,20170630,,,30.3364,6.4893
688168.SH,20170829,20170630,,,,0.245
688388.SH,20170812,20170630,63.9051,68.9034,-4.2012,10.2994
688133.SH,20170901,20170630,,,,5.7469
605166.SH,20170829,20170630,,,,8.9184
300941.SZ,20170830,20170630,,,-45.5717,7.1202
300866.SZ,20170819,20170630,,,9.4505,26.1066
688004.SH,20170826,20170630,,,,5.256
003001.SZ,20170721,20170630,,,,18.2223
301007.SZ,20170825,20170630,,,,10.8806
300875.SZ,20170817,20170630,,,2.5483,-33.7821
003032.SZ,20170829,20170630,,,,33.8836
601665.SH,20170817,20170630,3.2416,60.6008,364.0225,7.9388
301172.SZ,20170831,20170630,,,,14.3183
300891.SZ,20170825,20170630,,,,11.2054
300909.SZ,20170822,20170630,,,,13.4971
003026.SZ,20170831,20170630,,,,14.5488
301073.SZ,20170826,20170630,,,,25.761
300922.SZ,20170811,20170630,,,22.6804,7.2876
301418.SZ,20170831,20170630,,,0.379,11.5721
300931.SZ,20170826,20170630,,,,7.7413
688257.SH,20170831,20170630,,,,13.2047
688277.SH,20170825,20170630,,,,-1.3788
003017.SZ,20170816,20170630,,,13.6402,7.9481
605196.SH,20170830,20170630,,,,3.6398
688109.SH,20170829,20170630,,,,16.0686
300614.SZ,20170831,20170630,,,44.02,6.438
300906.SZ,20170825,20170630,,,,7.0148
688339.SH,20170830,20170630,,,,-6.0018
834770.BJ,20170831,20170630,,,19.4474,8.6893
601658.SH,20170829,20170630,16.9339,19.2512,,
688579.SH,20170816,20170630,,,-24.4766,3.3811
688518.SH,20170829,20170630,68.5574,24.9269,17.0783,10.3239
003030.SZ,20170831,20170630,,,,1.7803
605258.SH,20170826,20170630,,,,34.2919
688516.SH,20170831,20170630,,,,21.7104
300774.SZ,20170824,20170630,,,,16.1933
688500.SH,20170831,20170630,,,,7.7144
688622.SH,20170825,20170630,,,,-13.092
688096.SH,20170816,20170630,,,-17.0406,6.9987
300986.SZ,20170831,20170630,,,,4.7061
605305.SH,20170816,20170630,,,36.8736,7.3631
003039.SZ,20170817,20170630,0.5611,-77.2912,5.3821,2.544
688180.SH,20170826,20170630,,,-4379.5956,-11.288
688309.SH,20170826,20170630,,,,6.5515
688577.SH,20170825,20170630,,,,11.9812
688390.SH,20170810,20170630,,,,45.3479
300895.SZ,20170824,20170630,,,,10.6579
600906.SH,20170831,20170630,,,,
870508.BJ,20170829,20170630,,,,4.5272
300950.SZ,20170830,20170630,,,,2.6742
688156.SH,20170825,20170630,,,45.7575,6.8382
688556.SH,20170809,20170630,,,,18.4949
300920.SZ,20170802,20170630,,,,33.8358
300925.SZ,20170826,20170630,,,,10.4076
001299.SZ,20170819,20170630,,,,8.3224
688378.SH,20170831,20170630,,,,-8.6641
605589.SH,20170802,20170630,,,8.4162,6.6806
688083.SH,20170830,20170630,,,,5.5805
688595.SH,20170831,20170630,,,,0.9959
300972.SZ,20170830,20170630,,,,2.723
301030.SZ,20170829,20170630,,,62.508,2.5313
688335.SH,20170825,20170630,,,0.4384,2.3912
688215.SH,20170812,20170630,,,,10.8922
688127.SH,20170830,20170630,,,,16.4278
688596.SH,20170829,20170630,,,,3.1353
301024.SZ,20170831,20170630,,,,-0.5502
605189.SH,20170823,20170630,,,,10.5085
688135.SH,20170826,20170630,,,,3.7889
300964.SZ,20170824,20170630,,,,12.1454
301011.SZ,20170825,20170630,,,,6.2506
301002.SZ,20170826,20170630,,,,32.4676
301171.SZ,20170831,20170630,,,,14.4249
300967.SZ,20170817,20170630,,,-3.6703,-3.8621
688677.SH,20170816,20170630,,,58.124,17.2442
688328.SH,20170830,20170630,,,1.5501,3.6556
688179.SH,20170823,20170630,,,37.3602,3.03
688680.SH,20170825,20170630,,,3.2981,4.4652
688131.SH,20170824,20170630,,,,20.836
688191.SH,20170818,20170630,,,,5.7428
688510.SH,20170829,20170630,,,,2.7035
301190.SZ,20170829,20170630,,,,26.3998
688678.SH,20170826,20170630,,,,18.5042
688739.SH,20170826,20170630,,,42.1835,11.3135
001206.SZ,20170822,20170630,,,,10.3716
001205.SZ,20170809,20170630,,,,8.2413
301013.SZ,20170831,20170630,,,35.4903,13.7223
605580.SH,20170830,20170630,,,,5.2335
301185.SZ,20170721,20170630,,,,11.4578
300971.SZ,20170825,20170630,,,,6.7217
839719.BJ,20170729,20170630,93.2104,331.8929,-23.2228,12.9397
300854.SZ,20170829,20170630,,,,5.5062
301077.SZ,20170829,20170630,,,,15.7714
301118.SZ,20170822,20170630,,,,7.3403
001202.SZ,20170822,20170630,,,,8.0843
301001.SZ,20170822,20170630,,,,21.8355
301169.SZ,20170831,20170630,,,,8.3803
301231.SZ,20170824,20170630,,,,7.0095
301040.SZ,20170831,20170630,,,,3.6492
301126.SZ,20170826,20170630,,,,7.3944
301166.SZ,20170825,20170630,,,,3.9369
301083.SZ,20170826,20170630,,,,10.4445
688226.SH,20170823,20170630,,,,4.4281
301069.SZ,20170826,20170630,,,,12.2597
688148.SH,20170816,20170630,,,,0.1046
301149.SZ,20170831,20170630,,,,3.8277
300989.SZ,20170824,20170630,,,,22.0442
300988.SZ,20170817,20170630,,,,10.36
301031.SZ,20170818,20170630,,,,20.0073
688565.SH,20170819,20170630,,,-5.9986,4.6575
301298.SZ,20170816,20170630,,,,2.9421
301120.SZ,20170824,20170630,,,,0.9283
301067.SZ,20170815,20170630,,,,23.1529
688681.SH,20170811,20170630,,,,0.8418
688319.SH,20170826,20170630,,,,-6.6254
301082.SZ,20170802,20170630,,,,8.3119
001317.SZ,20170831,20170630,,,,12.5019
003042.SZ,20170830,20170630,,,,14.5322
301057.SZ,20170830,20170630,,,,7.7336
301089.SZ,20170831,20170630,,,,4.5915
688395.SH,20170817,20170630,,,,5.7541
688239.SH,20170829,20170630,,,,-1.186
001269.SZ,20170817,20170630,,,11.2964,17.2907
831087.BJ,20170816,20170630,,,,-3.8253
688663.SH,20170826,20170630,,,,8.0563
688625.SH,20170809,20170630,,,,14.5469
688269.SH,20170823,20170630,,,,17.2761
688076.SH,20170831,20170630,,,76.5836,5.528
300991.SZ,20170822,20170630,,,,13.1335
301078.SZ,20170826,20170630,,,,5.601
300983.SZ,20170811,20170630,,,-10.5159,19.5043
300980.SZ,20170831,20170630,,,,8.428
301198.SZ,20170801,20170630,,,,23.8518
301060.SZ,20170829,20170630,,,,4.2703
688733.SH,20170819,20170630,,,-7.0749,2.9681
301178.SZ,20170829,20170630,,,,2.9183
301079.SZ,20170822,20170630,,,,9.1077
301092.SZ,20170829,20170630,,,,8.0018
688359.SH,20170822,20170630,,,,6.5107
301148.SZ,20170812,20170630,,,,29.7128
688303.SH,20170830,20170630,,,,20.8665
301232.SZ,20170831,20170630,,,,17.0852
688367.SH,20170831,20170630,,,,-1.7552
688296.SH,20170826,20170630,,,,9.1863
301213.SZ,20170826,20170630,,,,9.0215
301257.SZ,20170830,20170630,,,,25.4713
688701.SH,20170829,20170630,,,,8.9641
301160.SZ,20170819,20170630,,,,15.2322
688798.SH,20170811,20170630,,,,18.114
839792.BJ,20170826,20170630,,,,4.3987
301218.SZ,20170826,20170630,,,,7.1831
301113.SZ,20170808,20170630,,,,12.7129
301206.SZ,20170818,20170630,,,8.764,12.3236
688737.SH,20170818,20170630,,,,13.4028
601059.SH,20170831,20170630,,,,
301135.SZ,20170826,20170630,,,,2.1511
301106.SZ,20170826,20170630,,,,17.6438
688255.SH,20170818,20170630,,,,7.4029
301127.SZ,20170817,20170630,,,,10.6883
301189.SZ,20170830,20170630,,,,-4.8648
688711.SH,20170819,20170630,,,,0.0483
301221.SZ,20170819,20170630,,,,2.477
600927.SH,20170809,20170630,,,-56.3727,9.4939
301117.SZ,20170823,20170630,,,,3.7957
301212.SZ,20170815,20170630,,,,8.9123
301150.SZ,20170802,20170630,,,,36.7114
301096.SZ,20170812,20170630,,,,0.3025
832802.BJ,20170826,20170630,,,13.84,7.8873
688707.SH,20170729,20170630,,,,7.2176
301233.SZ,20170819,20170630,,,,11.436
301313.SZ,20170829,20170630,,,-0.4044,2.3604
688265.SH,20170830,20170630,,,,11.9243
301230.SZ,20170809,20170630,,,,7.9407
688167.SH,20170825,20170630,,,,3.6912
301107.SZ,20170826,20170630,,,,9.3127
301318.SZ,20170829,20170630,,,,23.5177
301300.SZ,20170818,20170630,,,,8.4988
601728.SH,20170907,20170630,3.0277,9.6923,28.6136,
688052.SH,20170829,20170630,,,,10.9876
001259.SZ,20170829,20170630,,,,1.1786
688292.SH,20170817,20170630,,,,-2.2401
300904.SZ,20170830,20170630,,,,-33.7497
301115.SZ,20170829,20170630,,,,5.0845
301396.SZ,20170811,20170630,,,,1.5313
301327.SZ,20170818,20170630,,,,-1.2935
301361.SZ,20170809,20170630,,,,9.6464
603182.SH,20170810,20170630,,,,7.8082
688351.SH,20170829,20170630,,,,-13.2176
301281.SZ,20170809,20170630,,,20.5383,11.8462
688237.SH,20170823,20170630,,,,1.5264
301197.SZ,20170825,20170630,,,,7.3358
001235.SZ,20170809,20170630,,,1.1794,9.7101
688244.SH,20170825,20170630,,,,-31.8412
688150.SH,20170831,20170630,,,,9.7417
688223.SH,20170830,20170630,20.7802,-93.399,1.5441,
603191.SH,20170823,20170630,,,14.8727,7.0808
688238.SH,20170811,20170630,,,,-13.4308
688283.SH,20170815,20170630,,,,27.0118
430556.BJ,20170822,20170630,,,22.2894,2.6164
688401.SH,20170824,20170630,,,,2.1663
688472.SH,20170828,20170630,19.1298,-56.2504,18.013,
837174.BJ,20170713,20170630,,,,13.8891
301290.SZ,20170817,20170630,,,,6.2606
688291.SH,20170819,20170630,,,,18.9405
601136.SH,20170901,20170630,,,,4.0309
836871.BJ,20170826,20170630,,,,11.087
430564.BJ,20170817,20170630,,,,3.7818
835179.BJ,20170819,20170630,,,,6.8651
832419.BJ,20170819,20170630,,,,13.0512
871970.BJ,20170830,20170630,,,,14.8484
838670.BJ,20170823,20170630,,,,8.2891
870299.BJ,20170818,20170630,,,,28.38
871857.BJ,20170830,20170630,,,,10.792
833580.BJ,20170816,20170630,,,,7.3293
837821.BJ,20170817,20170630,,,36.9126,17.6354
834062.BJ,20170818,20170630,,,,3.691
871245.BJ,20170822,20170630,,,,10.3339
836395.BJ,20170819,20170630,,,,-0.1568
831152.BJ,20170804,20170630,,,,2.9123
833533.BJ,20170817,20170630,,,-2.5213,23.1013
870204.BJ,20170831,20170630,,,,7.6019
831689.BJ,20170822,20170630,,,,8.9953
833346.BJ,20170825,20170630,,,,8.4506
831834.BJ,20170817,20170630,,,,5.3171
832214.BJ,20170829,20170630,,,2.6177,8.3266
837046.BJ,20170816,20170630,,,,1.9424
836270.BJ,20170816,20170630,,,,7.4746
839725.BJ,20170812,20170630,,,,8.6947
831167.BJ,20170803,20170630,,,,10.6201
830879.BJ,20170822,20170630,,,26.4588,1.5838
838171.BJ,20170815,20170630,,,,16.0743
301372.SZ,20170830,20170630,,,,0.7823
839790.BJ,20170817,20170630,,,,1.5264
835985.BJ,20170818,20170630,,,,15.9278
001278.SZ,20170831,20170630,,,,1.6884
688435.SH,20170721,20170630,,,,12.0891
834639.BJ,20170829,20170630,,,,0.4129
831278.BJ,20170810,20170630,,,,17.8299
838402.BJ,20170829,20170630,,,,0.3871
833914.BJ,20170825,20170630,,,19.8456,4.3832
871753.BJ,20170831,20170630,,,,9.5879
430476.BJ,20170822,20170630,,,,-1.2516
835207.BJ,20170819,20170630,,,,2.1359
834058.BJ,20170829,20170630,,,,16.6835
832110.BJ,20170829,20170630,,,53.0081,6.7111
430718.BJ,20170826,20170630,,,8.6283,1.9345
833230.BJ,20170826,20170630,,,,7.2805
688287.SH,20170829,20170630,,,8.0256,9.4729
870866.BJ,20170826,20170630,,,,11.3499
835892.BJ,20170721,20170630,,,,2.2413
301321.SZ,20170829,20170630,,,19.1894,17.4109
838810.BJ,20170810,20170630,,,1.4239,8.1642
430478.BJ,20170826,20170630,,,,7.9847
688592.SH,20170829,20170630,49.1121,-74.4114,-13.9376,0.1543
836414.BJ,20170819,20170630,,,,7.1328
871634.BJ,20170819,20170630,,,,4.286
430139.BJ,20170825,20170630,,,12.7617,5.19
430685.BJ,20170824,20170630,,,,7.3118
835237.BJ,20170830,20170630,,,,9.7253
831906.BJ,20170829,20170630,,,,4.9594
836942.BJ,20170817,20170630,,,,12.3668
832662.BJ,20170822,20170630,,,,2.6904
832876.BJ,20170823,20170630,,,,12.4885
873527.BJ,20170812,20170630,,,,12.6628
831641.BJ,20170818,20170630,,,,13.7003
871694.BJ,20170826,20170630,,,,25.4235
688576.SH,20170824,20170630,,,,-3.2477
832149.BJ,20170824,20170630,,,-24.2889,3.8894
430425.BJ,20170826,20170630,,,,10.0123
836422.BJ,20170809,20170630,,,,1.9666
831855.BJ,20170721,20170630,,,,13.1632
430300.BJ,20170816,20170630,,,-22.3374,1.5722
688627.SH,20170825,20170630,,,,-8.5849
838262.BJ,20170822,20170630,,,,8.7835
870357.BJ,20170822,20170630,,,,10.094
838971.BJ,20170822,20170630,,,,3.8412
870199.BJ,20170817,20170630,,,,0.3413
837592.BJ,20170823,20170630,,,,-11.5332
830974.BJ,20170808,20170630,,,0.1479,4.4645
301192.SZ,20170819,20170630,,,46.188,21.459
831195.BJ,20170831,20170630,,,15.7606,4.3201
832471.BJ,20170825,20170630,,,25.371,4.8492
833394.BJ,20170810,20170630,,,,1.9024
831304.BJ,20170822,20170630,,,,3.1532
836504.BJ,20170811,20170630,,,1.1904,-0.2427
837006.BJ,20170823,20170630,,,,-0.833
836547.BJ,20170817,20170630,,,,2.5616
870726.BJ,20170826,20170630,,,,10.641
870656.BJ,20170830,20170630,,,,8.5
837403.BJ,20170809,20170630,,,,9.0602
300766.SZ,20170922,20170630,,,,3.6787
603823.SH,20170829,20170630,5.4291,-34.0144,10.5918,4.2637
603017.SH,20170829,20170630,19.1011,15.7836,-14.0607,4.4491
603768.SH,20170830,20170630,24.8512,-46.5371,-8.5799,4.418
300618.SZ,20170829,20170630,-5.8511,553.9925,-36.7289,22.639
300561.SZ,20170825,20170630,-29.9666,-28.5081,-33.0161,4.4447
603901.SH,20170830,20170630,27.4633,-20.8063,5.5557,4.1004
603050.SH,20170826,20170630,-4.3174,142.7884,-3.3688,2.1401
603099.SH,20170825,20170630,15.7637,-228.373,30.7853,-4.3878
603997.SH,20170828,20170630,48.1186,20.2991,12.3626,8.6768
603037.SH,20170825,20170630,33.8215,13.4113,41.766,11.4322
601500.SH,20170829,20170630,-12.6841,-44.729,-12.1722,2.2673
603383.SH,20170829,20170630,,,-6.9415,3.7328
002546.SZ,20170826,20170630,-12.6324,13.113,38.8264,1.0185
603708.SH,20170829,20170630,3.8092,28.5679,1.9111,6.1782
002658.SZ,20170826,20170630,9.8747,16.3543,20.8896,2.6732
300525.SZ,20170825,20170630,86.697,245.332,-15.872,1.128
603090.SH,20170829,20170630,75.1824,-12.3903,16.1063,2.9761
603189.SH,20170826,20170630,35.0291,18.1886,66.3663,1.2171
002835.SZ,20170825,20170630,-4.223,-41.5273,7.9941,2.4395
300499.SZ,20170825,20170630,30.9386,-20.6357,25.1362,1.2055
601366.SH,20170828,20170630,4.1336,2.1002,13.5748,5.7661
300358.SZ,20170829,20170630,34.4885,49.1637,12.8594,3.6035
603843.SH,20170830,20170630,-38.8031,-18.8508,-1.2175,1.3562
603336.SH,20170829,20170630,-1.9017,17.2244,39.7764,4.1968
603299.SH,20170830,20170630,36.9435,6332.0583,18.4782,3.843
300363.SZ,20170826,20170630,-27.9331,-93.2181,52.7646,4.4141
300079.SZ,20170825,20170630,-3.3712,-80.2989,-4.2045,1.308
603703.SH,20170829,20170630,81.4902,2.7927,41.7559,2.6227
601858.SH,20170829,20170630,4.8497,9.6052,-193.6138,3.1243
300423.SZ,20170829,20170630,24.9983,5.3977,30.3479,2.2975
603828.SH,20170829,20170630,45.7348,-173.7726,2.2589,1.9381
300466.SZ,20170828,20170630,77.7041,2.4794,-7.9463,0.6727
002765.SZ,20170829,20170630,11.4632,17.9403,4.2638,5.0799
600936.SH,20170825,20170630,-6.5685,-20.7457,20.867,2.8661
603066.SH,20170831,20170630,22.5028,27.5829,14.3869,4.6299
300578.SZ,20170829,20170630,4.9161,-2.3244,19.2836,6.1321
603555.SH,20170830,20170630,64.1341,-37.8237,37.3287,3.9177
300439.SZ,20170829,20170630,90.8079,8.1537,21.3194,5.8794
300530.SZ,20170825,20170630,7.0136,33.1384,19.3401,4.7322
300411.SZ,20170825,20170630,-10.2289,-26.235,-47.0131,2.5756
002862.SZ,20170825,20170630,21.075,19.6929,36.8912,3.8659
603825.SH,20170829,20170630,,,16.1632,4.9202
300596.SZ,20170828,20170630,48.2603,13.5029,-8.3561,8.4948
300572.SZ,20170826,20170630,36.2342,67.7055,27.8429,7.2836
002855.SZ,20170831,20170630,-45.0919,-46.2595,-53.4529,2.2378
002620.SZ,20170826,20170630,44.3345,32.1663,12.895,3.3977
300442.SZ,20170825,20170630,43.5138,13.2761,0.2927,0.1471
601601.SH,20170828,20170630,12.8805,14.3546,21.3162,4.9408
603011.SH,20170825,20170630,3.0146,41.8139,22.827,1.4765
300488.SZ,20170829,20170630,57.0879,40.6081,27.5481,5.4824
300369.SZ,20170826,20170630,14.9737,-78.9428,-11.2076,-2.3217
300217.SZ,20170829,20170630,130.5973,85.9966,6.6591,1.4044
300287.SZ,20170825,20170630,0.8859,-5.7803,-2.1253,2.696
603817.SH,20170830,20170630,9.9093,57.6672,39.0851,4.5298
300293.SZ,20170829,20170630,1876.6201,485.7035,-20.3616,1.3436
300280.SZ,20170829,20170630,-7.0705,-544.8286,-27.1877,-0.4094
603676.SH,20170829,20170630,,,42.4191,10.4776
002725.SZ,20170825,20170630,22.1686,-36.5263,-2.58,1.999
300283.SZ,20170825,20170630,47.2002,-66.639,10.6434,1.1825
300345.SZ,20170826,20170630,-5.1226,63374.3748,-51.12,-0.224
002575.SZ,20170830,20170630,-99.9493,-85.7512,41893.8206,-1.5839
300449.SZ,20170825,20170630,19.4607,-46.9101,-31.1244,0.0233
002761.SZ,20170825,20170630,2.3901,66.6497,19.2592,0.9043
300670.SZ,20170829,20170630,9.0765,24.2113,11.5297,4.9215
300316.SZ,20170829,20170630,80.8028,63.0956,3.3947,4.0184
300210.SZ,20170826,20170630,-1.295,-57.2834,-54.7131,1.8633
300470.SZ,20170825,20170630,41.5216,32.7754,13.3172,4.8131
300592.SZ,20170828,20170630,9.7175,31.7496,5.4442,2.7797
002690.SZ,20170825,20170630,23.8513,24.6783,48.4169,6.3026
601611.SH,20170830,20170630,3.9669,1.5136,3.5469,2.7398
300426.SZ,20170829,20170630,6.0673,5.7903,-42.1713,4.8979
603186.SH,20170825,20170630,39.027,-31.2062,-8.9975,8.6618
603665.SH,20170826,20170630,11.5466,-33.5266,-9.4075,5.7036
603920.SH,20170829,20170630,28.2671,-25.4476,-0.9085,5.6663
603100.SH,20170826,20170630,4.5899,18.7218,-12.863,3.408
603160.SH,20170828,20170630,33.8815,31.0783,16.709,16.5831
300422.SZ,20170829,20170630,87.6127,124.0036,12.4737,4.6806
603041.SH,20170825,20170630,8.8545,-31.1858,28.4833,5.0002
603268.SH,20170829,20170630,60.552,88.0261,10.9374,3.194
300658.SZ,20170828,20170630,22.1101,-26.1464,7.4324,8.759
601689.SH,20170826,20170630,33.3104,50.037,26.8509,7.1524
603399.SH,20170831,20170630,84.7142,2141.9305,-12.7222,0.2724
300176.SZ,20170829,20170630,51.9209,150.5114,30.7239,5.7763
300243.SZ,20170829,20170630,29.1187,190.4062,7.8852,2.1692
300567.SZ,20170829,20170630,23.8603,1.494,62.1102,6.5993
603108.SH,20170829,20170630,104.9532,92.117,-0.6401,4.3436
601968.SH,20170829,20170630,38.692,-144.8162,8.47,-1.884
002851.SZ,20170829,20170630,21.2939,2.9746,-0.8885,4.3833
300275.SZ,20170829,20170630,80.4572,184.5717,-20.3178,6.8369
300591.SZ,20170829,20170630,-26.0128,12.0768,-65.6861,3.6526
300458.SZ,20170829,20170630,12.9098,-66.4872,-20.681,-1.2059
603023.SH,20170825,20170630,-37.1551,-32.8185,40.4137,3.5866
300581.SZ,20170828,20170630,-13.8362,-11.1584,-32.4713,3.0057
002789.SZ,20170829,20170630,27.4221,-13.4296,13.8776,3.5302
300573.SZ,20170829,20170630,10.6695,-17.9253,-7.0255,5.2407
300453.SZ,20170826,20170630,35.9306,37.1811,25.127,3.1552
601890.SH,20170829,20170630,-18.7357,-37.2848,24.8225,0.7009
002606.SZ,20170830,20170630,-18.5581,-58.7092,-6.4296,3.9809
300417.SZ,20170829,20170630,2.6513,12.2902,28.8473,4.4853
300270.SZ,20170829,20170630,-9.4738,-52.9648,-1.5755,4.2671
002522.SZ,20170829,20170630,19.6794,-20.9169,-2.5841,2.2487
300352.SZ,20170829,20170630,27.87,1.1275,-16.2081,0.7966
603690.SH,20170825,20170630,49.413,37.9799,-24.0367,5.7296
300188.SZ,20170825,20170630,45.8459,30.4242,16.9626,1.5523
002779.SZ,20170829,20170630,1.9745,-22.2524,38.1032,2.6088
603385.SH,20170828,20170630,25.9746,60.0929,5.4967,4.1886
603366.SH,20170826,20170630,41.2394,-34.5952,4.6906,0.4378
002656.SZ,20170830,20170630,33.6393,147.9705,-5.6208,0.075
300242.SZ,20170829,20170630,-14.699,-27.5513,9.7334,3.8407
300166.SZ,20170829,20170630,21.7138,52.3661,-25.7574,2.029
601619.SH,20170831,20170630,,,33.4286,4.2479
603726.SH,20170829,20170630,75.1051,29.4897,-1.2456,6.9963
300464.SZ,20170829,20170630,22.7396,-8.1038,1.4783,2.4427
603515.SH,20170825,20170630,32.3521,38.0752,24.2242,6.8398
603229.SH,20170830,20170630,60.1516,43.8681,9.2528,5.8525
300576.SZ,20170829,20170630,14.0128,2.1247,7.5494,4.7469
603315.SH,20170829,20170630,-47.5438,-50.4766,50.2407,1.1631
300516.SZ,20170825,20170630,-25.5408,-47.4063,-10.54,2.9151
603300.SH,20170830,20170630,64.6718,4.0055,13.7595,2.237
300256.SZ,20170826,20170630,6.2349,4.3025,-15.9592,0.7261
603878.SH,20170830,20170630,18.2334,-0.254,-12.7979,2.3466
002701.SZ,20170830,20170630,18.021,-17.0222,66.1929,6.4076
603421.SH,20170830,20170630,-5.8004,-41.8753,-2.2745,5.9519
002685.SZ,20170828,20170630,111.487,20.9333,1.7955,1.3494
300600.SZ,20170825,20170630,31.6356,11.2967,-33.9614,8.455
300622.SZ,20170829,20170630,9.4063,16.3003,7.5369,5.9007
002800.SZ,20170825,20170630,153.105,17.0701,3.8807,4.8677
601636.SH,20170825,20170630,4.358,144.0956,47.3088,8.0757
601011.SH,20170829,20170630,78.4491,229.7304,52.0862,1.2368
603859.SH,20170825,20170630,9.9964,-18.942,4.1682,0.6507
300332.SZ,20170826,20170630,28.4938,-63.3569,12.4605,0.2296
300252.SZ,20170829,20170630,16.962,-5.5564,-14.4775,4.9545
603730.SH,20170829,20170630,,,2.338,16.8439
601669.SH,20170829,20170630,18.2179,8.7093,-5.4274,5.1782
300298.SZ,20170829,20170630,58.788,473.6061,35.8707,6.8896
603060.SH,20170828,20170630,17.0585,11.7155,25.7663,6.0114
002585.SZ,20170829,20170630,21.2711,11.2055,36.1718,1.3342
603767.SH,20170830,20170630,8.2533,-17.6938,32.2383,3.9638
603337.SH,20170831,20170630,49.0966,31.1406,32.7567,9.0319
603029.SH,20170825,20170630,-39.5837,-172.5923,-23.1721,-1.5493
601882.SH,20170825,20170630,24.5205,29.4427,37.8518,3.2694
300237.SZ,20170829,20170630,51.9199,42.588,3.2845,8.7044
300355.SZ,20170825,20170630,153.472,169.8586,-23.4069,12.7078
300399.SZ,20170825,20170630,16.7067,-283.3227,8.8407,4.1114
603335.SH,20170828,20170630,,,12.1049,6.3753
603889.SH,20170826,20170630,22.2738,12.7531,18.3711,9.0965
300194.SZ,20170829,20170630,72.3378,71.659,20.8841,4.4487
300262.SZ,20170829,20170630,48.3442,42.2141,26.5542,5.8033
603218.SH,20170829,20170630,11.2287,-30.1618,15.0143,4.2669
300455.SZ,20170825,20170630,19.3904,43.6509,9.6563,3.1498
300255.SZ,20170826,20170630,-8.4688,1.7512,-16.9697,3.6501
300281.SZ,20170829,20170630,3.4852,18.9257,0.2228,3.4935
300299.SZ,20170829,20170630,-9.5517,-27.3079,0.6418,5.2058
300292.SZ,20170829,20170630,31.4966,-54.5559,0.3522,3.386
603918.SH,20170830,20170630,-0.3272,-17.1108,-12.604,0.2079
603789.SH,20170825,20170630,26.5827,40.8636,-10.1703,3.2406
601226.SH,20170830,20170630,43.7438,729.227,18.479,-1.4067
603030.SH,20170829,20170630,26.7287,-46.6226,-11.6565,1.4636
300360.SZ,20170829,20170630,-26.6283,-55.9598,15.1359,5.2532
603988.SH,20170830,20170630,22.0562,20.8239,29.5046,2.3974
300460.SZ,20170829,20170630,-8.0423,-49.5905,25.3642,0.2636
300639.SZ,20170829,20170630,18.9694,11.5319,16.9074,5.0135
002818.SZ,20170830,20170630,7.1136,26.3811,77.0776,8.5058
300565.SZ,20170829,20170630,-6.7868,42.031,10.1314,2.7276
002608.SZ,20170830,20170630,25.9169,400.9723,5.0556,5.351
300381.SZ,20170829,20170630,-8.611,-54.6911,27.1233,1.1389
603016.SH,20170829,20170630,8.765,-16.0651,20.4046,3.4305
603320.SH,20170825,20170630,,,-0.9867,5.5535
002691.SZ,20170828,20170630,95.1838,46.1285,-0.1012,0.6058
300359.SZ,20170825,20170630,2.6057,-150.1695,-35.2352,-0.8957
300246.SZ,20170825,20170630,20.483,38.2585,2.5252,6.4141
002762.SZ,20170829,20170630,5.6829,-6.5283,8.2118,3.4557
300655.SZ,20170828,20170630,,,6.0394,3.3584
603021.SH,20170825,20170630,-10.0322,-34.954,0.8808,1.3935
300553.SZ,20170825,20170630,0.1543,-26.3243,-14.7327,3.7947
002542.SZ,20170829,20170630,5.602,11.478,-4.1705,2.3282
603117.SH,20170829,20170630,16.2554,-3.3901,55.5011,1.8899
300512.SZ,20170828,20170630,5.6916,12.2059,33.3265,5.6556
300667.SZ,20170825,20170630,5.9874,-29.4526,-32.8968,2.0653
601969.SH,20170831,20170630,176.96,56.429,20.1725,0.0086
603600.SH,20170828,20170630,38.1107,44.56,10.422,9.1055
603986.SH,20170828,20170630,40.334,103.1555,30.1615,11.6388
603266.SH,20170826,20170630,4.1953,27.053,21.1214,6.2098
002552.SZ,20170828,20170630,15.4658,113.0532,22.2782,-1.9472
300677.SZ,20170825,20170630,,,18.5405,11.6568
603393.SH,20170825,20170630,10.9819,59.0553,13.9665,5.3218
300571.SZ,20170829,20170630,118.2195,79.9988,23.1346,17.1997
300550.SZ,20170829,20170630,-6.7242,-40.0411,-4.2811,2.2405
300348.SZ,20170829,20170630,52.551,615.9764,-26.0103,1.6755
300621.SZ,20170826,20170630,20.8627,14.1803,-15.616,6.4234
300665.SZ,20170828,20170630,12.0449,0.0966,-10.5147,2.6046
603197.SH,20170829,20170630,13.0304,42.8847,13.7686,9.6364
300529.SZ,20170829,20170630,34.3969,66.7096,61.1829,10.7252
300341.SZ,20170829,20170630,1.9482,17.3083,17.2116,5.1836
600220.SH,20170822,20170630,7.3451,-32.0601,30.7701,1.6421
600423.SH,20170810,20170630,-17.0814,14.8526,11.1782,
600179.SH,20170816,20170630,46.1952,3.2077,7.6054,8.6801
603203.SH,20170822,20170630,20.7992,30.1613,43.175,8.5202
600497.SH,20170822,20170630,22.5219,256.2545,24.8799,5.8624
603226.SH,20170823,20170630,20.9563,13.1432,23.8067,6.3424
600211.SH,20170817,20170630,22.0866,-90.306,1.9586,5.0089
300633.SZ,20170819,20170630,61.3597,135.2832,17.0073,8.4202
002086.SZ,20170822,20170630,18.0016,99.279,-6.7263,3.4169
600498.SH,20170729,20170630,25.9101,16.0043,-5.5703,5.8351
002460.SZ,20170824,20170630,47.0853,175.8195,-33.0069,15.7505
002233.SZ,20170808,20170630,16.7828,107.7746,15.199,5.965
600995.SH,20170819,20170630,0.9269,208.1308,30.0489,11.8743
600420.SH,20170818,20170630,-8.2999,5.7619,7.8713,6.0982
002703.SZ,20170821,20170630,-6.5233,-1.243,-20.0834,1.8503
600356.SH,20170824,20170630,2.6999,31.643,17.961,2.2513
600770.SH,20170819,20170630,6.6703,-31.0315,-1.0314,0.7262
603179.SH,20170726,20170630,138.252,113.606,-2.7601,11.7235
002440.SZ,20170818,20170630,24.7406,17.4375,14.2675,6.1892
601668.SH,20170823,20170630,13.6118,12.6948,2.7773,9.0758
600841.SH,20170824,20170630,46.4566,26.8638,29.1776,1.5568
600873.SH,20170822,20170630,3.202,53.0062,17.6078,5.7409
002418.SZ,20170819,20170630,5.9374,-39.0059,-9.5687,3.271
600281.SH,20170819,20170630,-38.5415,80.1774,-4.1646,-4.4887
002463.SZ,20170822,20170630,13.3693,311.202,1.8951,2.3258
600508.SH,20170824,20170630,33.5434,-24.7683,10.3478,4.1949
600829.SH,20170729,20170630,-12.9999,18.3185,3.6183,8.6857
603858.SH,20170818,20170630,5.5168,10.506,25.4095,5.3347
002313.SZ,20170805,20170630,4.815,293.5538,5.7572,0.2612
002883.SZ,20170823,20170630,,,-8.4711,8.1823
600278.SH,20170819,20170630,10.7925,-1.0154,-1.1207,0.9365
600779.SH,20170727,20170630,129.6724,74.4425,-13.9312,8.3459
300314.SZ,20170818,20170630,34.2017,34.6401,17.9842,4.501
600867.SH,20170808,20170630,40.3429,30.262,37.0157,10.1386
600550.SH,20170822,20170630,-39.2932,-8.9621,11.7232,-19.5096
002536.SZ,20170816,20170630,30.8231,98.0183,2.6628,5.1569
002863.SZ,20170822,20170630,5.5008,15.3284,-37.439,3.6073
002783.SZ,20170822,20170630,46.5583,31.6666,23.255,4.1315
002695.SZ,20170822,20170630,15.2439,56.1568,21.2695,4.673
002839.SZ,20170823,20170630,9.9977,4.7919,451.9273,4.5788
600312.SH,20170811,20170630,12.1384,-43.5079,-19.2029,3.9444
600836.SH,20170819,20170630,-33.3599,-823.1887,3.7778,-1.8947
600986.SH,20170729,20170630,8.3516,-23.5891,1.8158,3.4633
300033.SZ,20170821,20170630,-9.1259,-16.4349,10.8619,8.2402
600280.SH,20170818,20170630,85.3114,507.9581,5.7668,14.0994
600825.SH,20170819,20170630,-4.9484,-17.0993,29.8957,-0.713
601015.SH,20170728,20170630,131.9782,133.3437,7.9563,3.1077
002582.SZ,20170824,20170630,298.6207,367.0435,9.8941,1.3011
300122.SZ,20170815,20170630,603.3396,336.3733,15.8949,6.4738
002427.SZ,20170801,20170630,94.4875,79.0345,-16.1063,4.9107
300519.SZ,20170815,20170630,6.3115,3.4954,16.9787,7.6784
603007.SH,20170810,20170630,28.9028,-4.7396,4.383,8.4653
603416.SH,20170728,20170630,41.1117,58.7081,32.1032,6.6824
300568.SZ,20170809,20170630,9.7205,-10.2381,37.2361,5.0664
300029.SZ,20170823,20170630,-1.231,-140.1439,-18.7999,-13.1071
601069.SH,20170817,20170630,6.3389,38.1353,1.284,5.4641
300656.SZ,20170808,20170630,0.4397,6.7245,28.1458,6.0979
603311.SH,20170816,20170630,15.1822,7.7652,9.114,7.0216
002282.SZ,20170822,20170630,14.8141,359.9004,15.7803,1.3735
603128.SH,20170822,20170630,31.0223,-14.335,6.9553,4.1475
603727.SH,20170818,20170630,-59.4168,47.1502,-128.8674,3.4891
300557.SZ,20170728,20170630,5.7548,-45.5485,-34.2772,-1.2153
603358.SH,20170821,20170630,12.9785,-24.658,15.9461,6.9913
603086.SH,20170817,20170630,3.7021,-6.0735,22.5744,6.0462
002847.SZ,20170728,20170630,8.7942,-26.8941,15.395,6.8097
603535.SH,20170807,20170630,,,32.973,6.0889
600511.SH,20170823,20170630,4.7048,9.3918,-3.877,8.1716
002683.SZ,20170824,20170630,28.8221,79.5347,14.9805,2.6719
002822.SZ,20170822,20170630,25.3921,7.9817,-4.3511,3.3351
603811.SH,20170818,20170630,-18.6387,-27.6626,24.1422,6.3911
603298.SH,20170822,20170630,39.6575,34.4312,15.0101,7.3916
002387.SZ,20170725,20170630,-83.2702,-185.9969,98.477,-13.9068
002348.SZ,20170823,20170630,41.38,67.5652,-22.0774,0.7531
300623.SZ,20170810,20170630,36.8259,43.9861,31.6155,8.534
300586.SZ,20170822,20170630,-3.8159,10.1221,17.4311,4.126
002221.SZ,20170815,20170630,60.7248,181.4076,3.2326,6.3394
002801.SZ,20170731,20170630,33.3868,17.8379,34.8617,6.133
300197.SZ,20170822,20170630,93.1104,50.3641,-0.3724,4.9819
300143.SZ,20170818,20170630,-2.6997,427.6314,61.1038,1.6337
300643.SZ,20170819,20170630,12.3009,5.262,8.4496,6.1867
603869.SH,20170805,20170630,434.6811,223.0269,-14.7824,2.4228
002355.SZ,20170805,20170630,41.0752,26.4001,-3.5245,1.7388
300160.SZ,20170822,20170630,16.6927,41.9836,-5.3488,8.5235
002646.SZ,20170823,20170630,1.8205,-15.6307,-26.0722,3.5351
002511.SZ,20170818,20170630,18.9117,34.6493,14.8764,5.2667
002593.SZ,20170822,20170630,42.8414,46.5194,-14.3745,0.9784
300617.SZ,20170823,20170630,7.3018,-36.0065,-9.6996,6.4475
002700.SZ,20170823,20170630,-8.0116,-3.5917,-102.1247,3.9729
603928.SH,20170810,20170630,54.5143,2.5955,9.3061,4.0873
603758.SH,20170812,20170630,15.0213,45.301,41.9558,5.7871
603658.SH,20170803,20170630,41.0469,32.6784,38.2153,10.8896
300333.SZ,20170824,20170630,22.8283,26.6831,-5.3981,1.7856
002609.SZ,20170823,20170630,10.7801,17.9715,11.409,2.655
300066.SZ,20170818,20170630,-17.5453,-50.3019,-1.7825,2.2643
002416.SZ,20170822,20170630,21.661,106.6148,-5.0861,1.8561
603663.SH,20170816,20170630,45.2982,39.9407,11.6832,5.0305
300054.SZ,20170821,20170630,57.8135,41.2192,16.0943,5.3321
002326.SZ,20170818,20170630,37.5062,-22.3407,-21.0662,3.8567
603839.SH,20170816,20170630,17.4043,3.4623,5.7372,6.7383
002278.SZ,20170817,20170630,6.899,56.911,-1.7355,-1.968
002871.SZ,20170823,20170630,3.8205,44.6047,19.8022,6.5216
300661.SZ,20170822,20170630,,,11.2268,6.173
603979.SH,20170819,20170630,-9.8677,-8.0626,13.4055,2.922
300227.SZ,20170819,20170630,71.3695,130.0062,7.5358,2.3547
603078.SH,20170819,20170630,17.0632,-20.7574,35.253,4.6019
600516.SH,20170822,20170630,87.3314,8453.2105,56.3633,6.784
603886.SH,20170819,20170630,13.3722,1481.2257,23.1773,-0.4079
002650.SZ,20170804,20170630,-0.906,-6.6172,-0.0002,4.9004
603177.SH,20170815,20170630,10.7102,-35.4667,12.1722,2.4752
300612.SZ,20170815,20170630,-24.3282,-14.4583,17.7522,8.7444
603667.SH,20170818,20170630,5.8149,18.2386,-2.5543,4.4238
601360.SH,20170818,20170630,-16.1289,-80.9847,21.9108,1.1429
600403.SH,20170818,20170630,76.039,128.3955,-26.6552,3.9626
000531.SZ,20170819,20170630,33.1233,-79.448,12.8427,2.9088
300149.SZ,20170815,20170630,10.0955,20.219,41.1159,3.4747
000401.SZ,20170818,20170630,25.2835,310.5087,17.5609,-0.3274
300497.SZ,20170720,20170630,19.7125,1.6527,22.41,11.7595
600539.SH,20170805,20170630,-48.018,104.212,-54.4544,0.2539
600699.SH,20170819,20170630,72.99,228.2266,11.1493,2.8262
600702.SH,20170824,20170630,28.0263,95.3848,-11.9846,2.554
603826.SH,20170731,20170630,11.9177,9.4112,2.3635,6.9685
600084.SH,20170810,20170630,81.716,-1018.2905,-36.8056,-2.858
000622.SZ,20170824,20170630,34.2663,28.4859,-65.3759,-4.5681
300601.SZ,20170718,20170630,449.4407,800.2309,-0.3116,7.836
300630.SZ,20170819,20170630,21.9141,45.4901,30.9505,6.2527
002002.SZ,20170822,20170630,65.0824,19.7661,0.1653,12.7176
000712.SZ,20170822,20170630,-18.7078,-73.3576,-8774.3919,2.6142
600346.SH,20170801,20170630,43.3836,-6.7999,-6.6153,8.7562
002117.SZ,20170809,20170630,7.4552,14.0792,17.7679,6.3216
600548.SH,20170819,20170630,1.0954,8.2346,53.7969,5.5729
600740.SH,20170815,20170630,67.9694,-45.8754,-2.8344,1.5635
002080.SZ,20170816,20170630,7.9757,19.8757,19.478,4.3533
600379.SH,20170819,20170630,14.5408,-2.5076,8.9565,4.681
002337.SZ,20170823,20170630,148.4575,442.2523,14.9691,-0.0139
002237.SZ,20170818,20170630,29.7277,67.3957,-6.5041,5.9055
600785.SH,20170803,20170630,6.1916,314.444,-6.9902,6.1282
300231.SZ,20170729,20170630,18.5289,4.4838,-5.356,9.8588
601600.SH,20170818,20170630,73.9178,622.4707,5.6085,1.4803
300024.SZ,20170815,20170630,7.6684,6.4762,-3.0152,2.4561
601177.SH,20170823,20170630,1.6451,2663.9826,14.0025,-0.2861
002556.SZ,20170823,20170630,76.6562,-17.0993,-0.5255,2.7298
300020.SZ,20170811,20170630,24.4529,-69.2132,-1.2311,2.6093
002827.SZ,20170819,20170630,31.7652,27.9921,27.0757,7.4236
002443.SZ,20170819,20170630,29.7959,-20.5838,4.4175,0.4993
002275.SZ,20170823,20170630,6.357,13.0278,45.5727,10.0036
603133.SH,20170824,20170630,13.6432,-26.0054,15.0588,3.7212
002591.SZ,20170822,20170630,71.1227,126.0749,20.9786,-2.0151
300139.SZ,20170823,20170630,94.2374,-542.0916,57.8891,0.0792
300313.SZ,20170812,20170630,-35.936,148.3086,12.6541,-0.7621
002363.SZ,20170821,20170630,31.2359,26.0053,2.1524,2.3093
300415.SZ,20170822,20170630,38.1607,111.1388,-4.9906,13.4076
300376.SZ,20170823,20170630,50.1608,117.7484,29.7471,7.8139
002255.SZ,20170726,20170630,13.6045,74.4981,12.5469,1.8913
002311.SZ,20170818,20170630,19.0293,33.4652,0.8101,8.7482
603501.SH,20170824,20170630,-11.3436,-43.8672,-8.337,4.9687
002376.SZ,20170823,20170630,13.2676,36.2715,35.2117,5.3852
002496.SZ,20170804,20170630,145.6003,55.8337,-0.9477,5.0665
300418.SZ,20170725,20170630,26.4199,30.8095,51.7127,9.6439
002519.SZ,20170815,20170630,-32.3812,-33.584,15.3334,2.0917
300161.SZ,20170823,20170630,42.2572,180.5404,-23.1503,-2.3352
002234.SZ,20170823,20170630,-35.9395,-225.0924,0.7701,-19.6397
002468.SZ,20170821,20170630,35.8973,16.1401,12.8543,12.3336
002644.SZ,20170726,20170630,29.3768,-0.6241,7.2243,2.6539
002830.SZ,20170819,20170630,6.622,3.208,51.9754,1.7261
300380.SZ,20170822,20170630,10.8819,-84.3016,-41.2552,-2.0757
603602.SH,20170809,20170630,,,-11.5623,6.4411
603955.SH,20170822,20170630,28.0297,26.7867,-28.2772,3.5979
002767.SZ,20170728,20170630,-4.7525,6.0369,14.1316,2.4182
002587.SZ,20170808,20170630,134.9971,53.1748,-15.8551,5.4001
603113.SH,20170818,20170630,79.7033,140.7686,4.7581,12.1751
603505.SH,20170818,20170630,21.2304,19.7004,15.3076,4.9343
600577.SH,20170802,20170630,35.4084,58.7954,-8.083,5.6325
002829.SZ,20170824,20170630,8.3196,6.8008,-66.2687,2.4865
300459.SZ,20170822,20170630,53.3287,106.6048,16.006,3.9904
300349.SZ,20170824,20170630,78.4013,190.36,17.7664,3.2079
603067.SH,20170818,20170630,14.2247,-55.4746,7.1908,4.6329
002723.SZ,20170818,20170630,32.36,298.2392,17.9617,1.3818
002726.SZ,20170727,20170630,6.2712,-27.9936,-1.6478,7.078
002738.SZ,20170817,20170630,45.6605,3.0708,3.4225,2.8913
300157.SZ,20170824,20170630,137.5482,206.6542,-17.5605,0.1893
002728.SZ,20170805,20170630,20.8657,49.3257,17.8022,5.7994
601949.SH,20170818,20170630,9.4331,64.1556,12.1599,-0.2585
603586.SH,20170819,20170630,26.1808,-1.7997,14.2477,6.1005
600531.SH,20170823,20170630,30.4599,599.6807,28.2414,1.8366
002232.SZ,20170823,20170630,54.8877,811.8373,-23.8108,0.1536
300485.SZ,20170818,20170630,-6.6712,-17.7366,23.453,4.4839
002790.SZ,20170815,20170630,8.5143,2.2426,25.9701,5.7036
603966.SH,20170821,20170630,-0.8876,-13.0644,3.5744,2.9709
002776.SZ,20170818,20170630,24.4462,31.5006,-18.3597,3.1933
002330.SZ,20170823,20170630,-18.3103,-394.7476,2.3708,-0.2189
603668.SH,20170713,20170630,31.4286,32.5909,-24.3018,6.2017
603688.SH,20170810,20170630,28.5394,36.8931,5.5289,3.0264
603488.SH,20170822,20170630,,,41.4247,4.388
002858.SZ,20170823,20170630,13.4982,-44.529,54.5142,-1.9305
600461.SH,20170823,20170630,7.6552,-10.2392,17.3598,3.5563
600538.SH,20170815,20170630,-38.407,-65.1922,13.5724,-2.2758
603208.SH,20170822,20170630,9.0806,-7.5768,24.9752,7.7004
002760.SZ,20170722,20170630,12.7309,-453.8312,4.036,-3.306
002823.SZ,20170819,20170630,31.6455,40.9252,8.9679,6.8493
300691.SZ,20180828,20170630,,,4.2748,6.3528
300250.SZ,20170823,20170630,-31.3003,-35.0657,27.115,0.6947
002833.SZ,20170818,20170630,61.4638,61.83,43.2178,14.4992
300416.SZ,20170815,20170630,30.9355,23.1355,-0.809,4.5594
300457.SZ,20170822,20170630,143.5642,112.9209,-19.2598,11.9939
002878.SZ,20170823,20170630,,,-4.4773,9.9859
603088.SH,20170822,20170630,25.438,-62.3192,12.5015,2.0252
002802.SZ,20170815,20170630,23.7928,95.804,26.6317,4.4697
603227.SH,20170823,20170630,32.721,58.1727,6.3771,-0.1859
002615.SZ,20170821,20170630,4.7845,81.5591,-11.8879,9.1869
603595.SH,20170711,20170630,68.5225,115.9491,-4.8319,17.1238
002859.SZ,20170818,20170630,29.8417,54.1225,28.541,8.5091
601106.SH,20170818,20170630,143.4078,103.7953,43.1924,-0.2599
600517.SH,20170818,20170630,-9.9647,-78.6362,-43.2796,1.4188
002146.SZ,20170811,20170630,13.148,26.3214,-80.2694,6.297
603696.SH,20170823,20170630,-19.7029,-29.8379,27.0142,2.227
002853.SZ,20170805,20170630,47.7519,34.9772,32.0968,5.1487
002548.SZ,20170810,20170630,10.2331,-43.0324,16.6308,3.7632
300636.SZ,20170816,20170630,38.9354,60.7176,-9.6337,7.0021
603556.SH,20170822,20170630,37.8859,20.5393,2.523,6.0975
002647.SZ,20170824,20170630,-70.3134,189.3073,-276.5799,0.0112
002745.SZ,20170821,20170630,64.8235,69.898,24.0762,5.4604
603139.SH,20170823,20170630,1.4507,-7.1036,38.4489,3.002
002861.SZ,20170823,20170630,65.5744,65.6755,17.4506,4.8372
603728.SH,20170818,20170630,9.5319,19.8888,12.1971,6.1218
300343.SZ,20170818,20170630,4.3521,50.5859,12.6712,2.8876
600593.SH,20170822,20170630,19.0999,28.9104,48.6015,1.5643
300249.SZ,20170725,20170630,11.6226,254.0415,6.4155,1.556
603138.SH,20170823,20170630,13.2688,13.6342,28.9341,8.4928
300491.SZ,20170818,20170630,-33.1163,-136.3817,22.5166,-2.013
300629.SZ,20170821,20170630,5.8778,-9.3549,-8.7973,2.0791
300152.SZ,20170815,20170630,-58.6864,-103.5131,58.6035,0.0365
600178.SH,20170822,20170630,-34.5177,-70.2998,-50.8792,2.0576
600330.SH,20170815,20170630,40.4377,16.2855,11.8671,2.3063
002825.SZ,20170808,20170630,7.8912,-55.7763,1.4664,3.3072
600777.SH,20170823,20170630,16.9935,192.4435,180.3669,0.1792
600892.SH,20170819,20170630,10.4797,68.4591,-62.7875,1.4429
002100.SZ,20170823,20170630,2.3926,-13.5609,18.4819,6.7602
600022.SH,20170728,20170630,-10.0928,-60.2265,16.4287,2.2968
600243.SH,20170822,20170630,17.1529,62.4543,-11.8845,-1.9781
600277.SH,20170819,20170630,75.0423,-33.9669,18.0535,0.9553
600681.SH,20170819,20170630,3.5338,25.5835,-3.315,8.1323
600519.SH,20170728,20170630,32.9515,31.0315,7.5945,15.19
002043.SZ,20170822,20170630,71.3305,43.9616,18.3113,8.2248
603527.SH,20170816,20170630,,,5.7438,9.0078
600252.SH,20170824,20170630,38.5258,71.523,60.4312,7.1577
600309.SH,20170801,20170630,87.0505,188.4213,7.2671,26.7521
002009.SZ,20170824,20170630,26.9777,-12.4249,-0.7442,2.3062
601101.SH,20170823,20170630,90.1007,507.1051,24.0555,6.723
603606.SH,20170819,20170630,57.7969,37.8907,-15.1533,2.398
002554.SZ,20170824,20170630,30.4125,-86.9984,8.9365,4.2908
603980.SH,20170823,20170630,,,20.598,6.5607
600455.SH,20170812,20170630,15.1312,146.0523,-51.8321,-1.2369
002193.SZ,20170822,20170630,115.8386,-14.3098,-27.4409,0.4891
300074.SZ,20170818,20170630,85.6318,-27.5045,-22.4959,0.4517
300039.SZ,20170818,20170630,4.8235,-4.1805,4.4633,8.7357
002322.SZ,20170819,20170630,45.4822,220.0535,19.0777,3.4679
002674.SZ,20170822,20170630,-17.7707,45.7738,4.2062,0.8389
600017.SH,20170824,20170630,10.4622,48.243,48.9203,2.1666
002576.SZ,20170822,20170630,34.9133,152.7479,6.4182,0.5385
300373.SZ,20170807,20170630,29.5915,38.3782,7.0322,5.1933
002521.SZ,20170812,20170630,27.4441,-4.8966,-10.7976,2.5456
300272.SZ,20170815,20170630,10.7912,10.493,20.5242,4.589
600507.SH,20170819,20170630,67.7503,112.9861,8.5192,24.8749
002196.SZ,20170815,20170630,23.3906,13.3432,-0.8379,2.235
002472.SZ,20170821,20170630,43.3865,40.6363,21.1871,3.3608
002841.SZ,20170819,20170630,8.8841,-14.0326,4.3872,16.7645
002577.SZ,20170729,20170630,19.153,85.4895,6.7626,1.2945
002366.SZ,20170823,20170630,99.29,54.4669,9.7818,21.4509
300100.SZ,20170819,20170630,38.5209,-3.3059,2.4207,6.3959
603129.SH,20170817,20170630,23.5639,25.4937,10.3811,12.582
002852.SZ,20170818,20170630,17.0821,-43.4674,-48.6452,5.7515
002652.SZ,20170818,20170630,79.8043,-4.2906,-21.5594,6.6905
002641.SZ,20170822,20170630,26.4653,-40.5227,13.8759,1.932
600529.SH,20170815,20170630,10.5706,41.6853,8.3313,4.1397
300556.SZ,20170819,20170630,16.0329,12.7832,12.0384,0.6657
603669.SH,20170819,20170630,100.0676,-34.5031,12.5839,4.265
600460.SH,20170815,20170630,13.5895,129.4838,16.564,2.4919
603881.SH,20170811,20170630,21.8126,68.1321,22.6105,8.2136
603500.SH,20170815,20170630,,,11.7605,9.7099
300014.SZ,20170801,20170630,77.6543,248.3425,-4.0606,8.1107
603035.SH,20170818,20170630,-23.2508,0.4562,12.8685,5.3337
603345.SH,20170811,20170630,16.8648,5.6899,-0.6247,7.0374
600470.SH,20170819,20170630,-4.8893,586.9801,-11.9095,-0.7064
002175.SZ,20170823,20170630,-15.8147,-16.0174,-7.5634,-1.0935
300258.SZ,20170810,20170630,22.2803,36.109,37.6132,7.6779
603223.SH,20170822,20170630,67.4519,-14.5788,1.6908,3.5038
603866.SH,20170822,20170630,24.8147,4.9955,13.4433,8.6014
300170.SZ,20170821,20170630,29.6217,29.2359,13.3082,5.231
300001.SZ,20170818,20170630,15.31,3.8434,-47.326,3.1821
603568.SH,20170819,20170630,42.1465,50.4221,62.3084,11.7624
002287.SZ,20170817,20170630,6.3001,4.2304,90.8443,9.3984
002759.SZ,20170816,20170630,116.0094,453.0128,43.9109,3.9413
603089.SH,20170822,20170630,33.4569,-12.1947,20.0756,7.3129
603626.SH,20170812,20170630,36.2915,-25.5996,17.6389,5.2059
002628.SZ,20170821,20170630,-27.0095,37.6618,-3.9943,0.399
002419.SZ,20170818,20170630,8.8052,49.4777,0.8349,6.1251
002198.SZ,20170815,20170630,16.8072,-74.9376,13.2586,1.0093
002741.SZ,20170720,20170630,32.2609,48.1248,4.364,4.5232
300259.SZ,20170822,20170630,18.8134,-12.1323,6.5821,2.3871
002793.SZ,20170808,20170630,22.8336,8.8406,31.6958,8.7521
600327.SH,20170818,20170630,-1.0282,35.3453,4.9696,6.2512
300508.SZ,20170804,20170630,37.7213,53.2145,38.2565,6.5878
002402.SZ,20170728,20170630,54.86,84.6293,-2.3741,7.8813
600375.SH,20170725,20170630,71.728,111.4224,-7.5064,0.2116
603926.SH,20170817,20170630,12.6707,-13.2484,7.7419,6.3919
300698.SZ,20170814,20170630,,,26.3487,12.8835
300396.SZ,20170819,20170630,24.7614,58.6852,41.1421,6.9056
300558.SZ,20170822,20170630,10.2403,-43.6162,15.3128,5.255
000070.SZ,20170815,20170630,24.9806,42.5769,-2.4178,6.5324
000526.SZ,20170818,20170630,330.697,937.5208,-15.8868,102.6436
000716.SZ,20170802,20170630,57.6826,499.1437,18.2492,1.3925
600010.SH,20170824,20170630,58.8543,-32.527,15.7144,0.8229
600060.SH,20170818,20170630,11.4219,-38.9638,-1.7815,2.3942
600241.SH,20170819,20170630,63.6292,242.3906,-19.9062,-0.2432
002041.SZ,20170822,20170630,-9.2018,-31.0829,3.189,4.3551
002261.SZ,20170821,20170630,-5.2353,-1.211,17.4609,3.0243
600137.SH,20170822,20170630,55.2285,1391.1001,-37.1875,1.5549
600282.SH,20170818,20170630,39.1453,390.438,5.2855,15.278
600020.SH,20170819,20170630,24.4998,49.0739,17.4449,6.1219
600249.SH,20170811,20170630,-26.5753,0.4343,-10.601,-3.0572
600306.SH,20170824,20170630,-5.4783,32.9172,2.9574,-38.283
600015.SH,20170811,20170630,5.7876,-1.0751,-277.1875,6.3157
600335.SH,20170721,20170630,-5.0714,42.8106,-3.2202,6.6625
600425.SH,20170728,20170630,-0.0227,299.1672,32.6916,-3.2276
002660.SZ,20170818,20170630,51.8233,-32.0722,5.5578,0.0927
002407.SZ,20170824,20170630,16.6082,-40.8654,15.0297,4.7618
603558.SH,20170718,20170630,82.1613,14.4666,9.4549,2.8323
600750.SH,20170819,20170630,15.0022,13.7122,21.1658,8.0981
600774.SH,20170728,20170630,8.5601,-94.3078,8.9829,1.1905
002121.SZ,20170817,20170630,-9.7556,37.0258,2.9348,-0.2362
300041.SZ,20170731,20170630,36.3067,7.1035,6.3244,3.7033
300461.SZ,20170822,20170630,512.7825,507.6755,-33.1686,4.0807
002034.SZ,20170824,20170630,-24.6152,-59.9207,-1.914,-0.0042
600520.SH,20170815,20170630,48.2329,-136.1493,-0.0839,-1.2801
600880.SH,20170729,20170630,-13.5964,-571.8973,6.4958,-0.8826
300017.SZ,20170823,20170630,17.132,-36.2065,26.0976,4.4384
002258.SZ,20170817,20170630,54.717,56.0484,5.6752,7.1326
002243.SZ,20170823,20170630,15.8672,177.9935,-0.2262,1.4104
001979.SZ,20170822,20170630,-25.5228,-55.5995,-4.7669,5.9869
002205.SZ,20170819,20170630,106.6899,404.9118,-9.3025,-0.5947
603079.SH,20170809,20170630,,,31.2043,7.3641
600378.SH,20170802,20170630,13.1929,74.5608,-6.4913,2.5724
600688.SH,20170824,20170630,0.5224,-66.8641,-2.4123,10.4102
300294.SZ,20170808,20170630,40.6836,34.4209,-9.7364,6.2875
601369.SH,20170823,20170630,9.488,-4.006,13.9494,0.9743
002226.SZ,20170811,20170630,8.0772,32.1892,15.0277,1.3901
603286.SH,20170819,20170630,8.7685,12.27,-1.0839,5.0165
002137.SZ,20170822,20170630,35.1332,-82.7256,-12.6016,1.5281
002565.SZ,20170824,20170630,19.8304,-111.9982,-5.1877,2.0781
300631.SZ,20170822,20170630,67.1935,45.5796,18.7299,1.3654
300641.SZ,20170818,20170630,13.1156,-10.3378,14.5952,7.4483
002445.SZ,20170816,20170630,44.5796,226.3601,54.0281,3.3171
600603.SH,20170815,20170630,24.9787,6.1642,32.3823,2.7135
002515.SZ,20170811,20170630,182.6407,-33.3604,-69.2263,1.215
600338.SH,20170726,20170630,57.7061,88.8314,34.7353,38.9202
600448.SH,20170822,20170630,16.8951,81.7503,5.4822,0.3851
002165.SZ,20170729,20170630,30.7681,-33.1107,0.2897,2.6262
300165.SZ,20170824,20170630,60.1802,12.2824,8.459,2.1306
603660.SH,20170818,20170630,19.9569,26569.4758,-51.303,6.1947
300428.SZ,20170818,20170630,27.2929,-3.5671,8.966,5.4976
601326.SH,20170815,20170630,,,45.6782,4.8623
002321.SZ,20170818,20170630,44.1445,-85.8958,-8.8113,0.3842
002142.SZ,20170818,20170630,-1.4676,14.1162,-542.9465,9.2193
603429.SH,20170810,20170630,71.1485,146.1429,26.4175,7.932
603200.SH,20170816,20170630,,,-11.6157,4.6195
300199.SZ,20170817,20170630,55.0493,57.1951,2.1792,4.2926
603868.SH,20170816,20170630,17.5953,76.4293,10.4447,17.4443
300193.SZ,20170805,20170630,15.6552,35.2939,34.3383,2.9782
300300.SZ,20170817,20170630,-21.0764,1147.8412,-9.3633,1.5808
002815.SZ,20170824,20170630,42.6039,9.2154,20.5944,9.5778
603798.SH,20170810,20170630,6.2898,-0.9406,-27.1152,9.4488
600563.SH,20170811,20170630,26.1646,14.7189,22.4556,8.8333
600435.SH,20170824,20170630,4.0085,48.717,53.7155,0.2242
300492.SZ,20170822,20170630,-13.5069,-25.1034,-18.3714,0.9579
603305.SH,20170707,20170630,,,31.353,19.4572
603006.SH,20170804,20170630,11.2866,-21.085,-1.1712,6.1113
603819.SH,20170822,20170630,23.4449,-15.5186,-4.0895,2.7097
603033.SH,20170815,20170630,27.7518,-48.0401,20.8386,2.0427
603040.SH,20170818,20170630,108.4146,119.4324,35.5491,10.899
002413.SZ,20170823,20170630,91.0281,9.1568,-27.4257,1.2704
002816.SZ,20170823,20170630,8.178,-28.9706,-15.8033,1.3464
002840.SZ,20170822,20170630,18.7441,11.5298,1.074,5.6394
000166.SZ,20170812,20170630,2.7387,1.9603,56.0746,3.872
601952.SH,20170815,20170630,5.6127,7.6077,7.5458,6.8557
600490.SH,20170818,20170630,39.6027,371.9818,24.3871,2.5554
300575.SZ,20170818,20170630,47.5766,34.6603,6.732,6.7514
603131.SH,20170823,20170630,31.6628,25.2237,28.3502,6.4297
002482.SZ,20170818,20170630,42.2143,35.0914,13.2972,3.3639
002895.SZ,20170807,20170630,,,24.5397,4.8534
002768.SZ,20170731,20170630,54.2382,58.9432,-8.2568,8.7204
300626.SZ,20170823,20170630,27.8752,42.8794,-8.7236,5.9674
002890.SZ,20170720,20170630,,,20.4901,8.9426
600449.SH,20170818,20170630,29.8759,243.3768,21.9769,2.9875
600251.SH,20170817,20170630,44.571,49.3889,-8.5411,3.6348
002892.SZ,20170731,20170630,,,16.3771,13.2812
603538.SH,20170822,20170630,-6.838,-31.1539,-2.462,3.4011
002832.SZ,20170821,20170630,22.0893,24.037,-5.8767,6.2937
300649.SZ,20170822,20170630,23.8947,26.7151,43.9939,5.453
603520.SH,20170822,20170630,7.2012,22.6257,15.9381,6.3146
603976.SH,20170821,20170630,,,-1.7937,7.9237
601118.SH,20170819,20170630,53.3681,-6.5619,3.809,-4.7591
603238.SH,20170824,20170630,3.7106,-24.0479,14.7275,2.7933
603879.SH,20170815,20170630,6.465,7.4388,2.8627,5.724
603377.SH,20170812,20170630,-1.5837,-15.0282,24.0172,6.3197
603936.SH,20170815,20170630,34.8036,29.0816,-11.3461,3.4223
300566.SZ,20170823,20170630,7.5051,16.9386,-6.6093,3.7749
300517.SZ,20170822,20170630,-23.2316,-41.1104,-16.9697,1.9998
600996.SH,20170824,20170630,20.5821,88.2221,22.5297,7.875
002338.SZ,20170818,20170630,13.7039,-0.3856,2.5565,2.5649
300608.SZ,20170824,20170630,-15.0205,2.0306,-18.2795,-3.3441
603616.SH,20170823,20170630,31.7647,-124.1869,-41.3892,-3.3884
603656.SH,20170817,20170630,-5.5968,1.6315,22.0291,4.7628
300329.SZ,20170822,20170630,20.2726,15.0747,-1.9826,1.7837
300678.SZ,20170818,20170630,8.9518,-1.7907,12.6584,2.1019
000001.SZ,20170811,20170630,-3.2162,2.1592,-49.9678,6.0499
300587.SZ,20170817,20170630,-9.124,2.6835,-15.0818,3.0748
603707.SH,20170801,20170630,,,-64.619,8.7735
600980.SH,20170818,20170630,62.1774,70.5205,60.1363,2.9315
603679.SH,20170810,20170630,,,6.4764,3.4574
603776.SH,20170816,20170630,,,44.0203,10.6721
002553.SZ,20170808,20170630,23.2529,-11.9894,26.2804,5.9155
300200.SZ,20170824,20170630,57.2544,-34.9352,-5.6984,1.4508
603677.SH,20170803,20170630,18.5313,12.3207,-17.0663,6.9013
002731.SZ,20170811,20170630,26.3308,346.0866,42.6869,3.3681
300532.SZ,20170801,20170630,0.362,-55.1315,31.0885,1.9977
002489.SZ,20170818,20170630,43.7896,-90.3182,77.6534,7.2382
300374.SZ,20170718,20170630,416.5321,131.4664,-11.983,3.081
300570.SZ,20170720,20170630,-1.518,-13.1105,31.6879,4.4421
603818.SH,20170816,20170630,25.1748,41.9441,16.3564,7.2798
603608.SH,20170815,20170630,13.9379,47.1472,23.8131,5.8945
603166.SH,20170727,20170630,34.9433,75.9525,4.8904,2.0179
603599.SH,20170818,20170630,98.929,91.9966,15.0363,6.3028
603380.SH,20170810,20170630,,,9.6777,8.6132
000417.SZ,20170816,20170630,4.0092,-26.9544,-6.9154,4.5428
000096.SZ,20170815,20170630,43.8686,-19.9977,-3.2222,4.022
002072.SZ,20170819,20170630,2365.1187,-88.5799,-10.8849,3.4601
000525.SZ,20170815,20170630,-7.3092,557.6526,25.2708,6.6876
603396.SH,20170927,20170630,,,-5.3814,8.1144
003816.SZ,20170828,20170630,54.3661,46.2874,61.4132,
002758.SZ,20170816,20170630,15.1506,22.9928,13.9895,4.167
300208.SZ,20170805,20170630,68.3541,96.3473,-11.5743,14.41
603330.SH,20170816,20170630,16.779,-65.8524,4.4784,1.6647
603002.SH,20170817,20170630,16.957,-5.0832,-7.6183,1.4438
002627.SZ,20170822,20170630,27.2611,67.3205,6.3624,3.1518
002372.SZ,20170805,20170630,18.9963,30.2554,6.6987,10.7059
601798.SH,20170727,20170630,-9.8546,-79.7904,-21.5145,-0.1144
603637.SH,20170815,20170630,-55.9254,-43.7514,20.582,1.5344
002737.SZ,20170824,20170630,45.3197,33.6254,14.7249,6.8131
603005.SH,20170812,20170630,53.0194,197.3139,21.8136,2.5255
300172.SZ,20170801,20170630,1.4931,26.1089,5.3999,3.9926
300471.SZ,20170822,20170630,-3.1889,0.9744,-28.9896,3.0556
002848.SZ,20170822,20170630,-21.8024,-18.1631,-6.7894,0.9291
002740.SZ,20170814,20170630,123.2785,116.1571,-17.3674,2.1631
002838.SZ,20170810,20170630,34.7565,11.5753,1.9945,5.9719
002872.SZ,20170821,20170630,,,-26.6947,3.8681
603898.SH,20170815,20170630,35.5262,48.6044,40.5972,8.1944
002023.SZ,20170822,20170630,-14.5089,-59.0736,-18.5587,0.4998
002865.SZ,20170823,20170630,13.5537,-12.4656,-28.8962,3.2085
002857.SZ,20170821,20170630,13.6199,-24.3564,15.782,0.1576
600776.SH,20170815,20170630,-9.0058,12.5614,-29.6324,1.5209
600710.SH,20170812,20170630,30.323,455.1444,14.1933,3.7006
600305.SH,20170822,20170630,8.6945,24.3547,34.5587,5.2562
600382.SH,20170810,20170630,222.5309,-1.1995,-3.9202,3.1144
600289.SH,20170729,20170630,11.746,61.1167,-5.7669,0.7557
600361.SH,20170818,20170630,-4.5682,400.9964,-7.5899,0.2549
600753.SH,20170729,20170630,469.1976,183.0718,3.4212,1.1376
600763.SH,20170804,20170630,29.5073,26.2401,31.6456,10.3923
002708.SZ,20170822,20170630,19.2568,-121.7725,18.4064,0.787
600557.SH,20170818,20170630,11.159,-3.7427,23.8994,5.7863
600426.SH,20170818,20170630,12.3813,-13.6757,23.7794,6.5056
600273.SH,20170801,20170630,20.6422,7.4689,2.2764,11.1149
600438.SH,20170822,20170630,14.9393,44.9344,7.8713,6.4473
600370.SH,20170822,20170630,6.3005,-26.0265,6.1586,2.2982
600452.SH,20170728,20170630,38.6233,9.2047,15.2838,11.4198
600545.SH,20170804,20170630,-36.621,137.9336,23.1169,-1.4464
600551.SH,20170810,20170630,1.1603,-69.4949,5.0082,2.6006
600476.SH,20170815,20170630,-52.2922,-30.7315,11.1341,0.636
600988.SH,20170815,20170630,14.4357,-1.6154,7.1617,3.0802
600355.SH,20170821,20170630,-7.8856,-852.0621,-15.731,-2.5303
600509.SH,20170824,20170630,3.1579,-69.4977,58.9217,3.1207
600778.SH,20170810,20170630,-1.0286,-87.5837,18.1273,-18.6571
600129.SH,20170805,20170630,17.7383,-27.4958,0.6355,2.3489
600641.SH,20170818,20170630,222.5048,25624.6078,-11.4847,14.5859
600173.SH,20170727,20170630,28.4418,91.604,106.4396,5.2409
600793.SH,20170819,20170630,432902.0144,1961.2711,17.4641,-62.7895
600800.SH,20170823,20170630,14.7475,25.2218,-64.758,-32.4686
600769.SH,20170728,20170630,162.7131,41.3816,0.3946,2.1072
600703.SH,20170811,20170630,29.7777,61.8132,31.336,7.3233
600720.SH,20170817,20170630,23.0025,75.7355,21.4014,4.0047
600486.SH,20170822,20170630,22.4105,4.9145,24.1044,6.3027
600119.SH,20170822,20170630,165.9683,-91.6266,21.5394,1.2782
600256.SH,20170816,20170630,77.4903,94.1268,33.0047,0.6169
600123.SH,20170815,20170630,126.3152,1157.3402,4.5745,5.6227
600717.SH,20170824,20170630,12.0074,-22.0294,14.4932,3.5795
600248.SH,20170819,20170630,36.806,32.7959,6.9368,3.0723
300436.SZ,20170815,20170630,-0.3278,-45.3452,48.1761,4.8068
300483.SZ,20170822,20170630,42.0265,115.4813,116.0579,1.4373
002513.SZ,20170822,20170630,35.2969,24.179,41.1064,2.3069
002225.SZ,20170810,20170630,8.1049,-0.8505,7.8261,2.2458
300282.SZ,20170818,20170630,37.4836,42.9434,-2.4977,2.3084
002380.SZ,20170728,20170630,32.8327,28.3948,25.1097,2.2795
300569.SZ,20170812,20170630,-47.2386,-75.2134,14.9327,3.1184
002755.SZ,20170818,20170630,286.7824,446.1818,-31.6359,0.4485
300534.SZ,20170816,20170630,-6.0749,-56.2124,-9.3168,1.4958
300322.SZ,20170811,20170630,21.0819,-85.9443,-15.1237,0.3779
300229.SZ,20170818,20170630,27.8503,56.0544,3.9062,0.7087
002456.SZ,20170822,20170630,31.2061,76.8307,-6.5945,4.9661
002236.SZ,20170807,20170630,52.069,40.7809,9.61,11.2158
601567.SH,20170822,20170630,-3.376,-1.2907,13.9634,3.1433
601116.SH,20170818,20170630,-7.8625,39.8727,0.7879,3.589
300582.SZ,20170815,20170630,21.9671,-8.3606,12.8062,0.8991
600802.SH,20170822,20170630,33.4514,101.5679,-35.8548,-6.2513
002529.SZ,20170824,20170630,110.44,235.1458,-34.117,1.0281
300523.SZ,20170809,20170630,6.5498,-35.5053,-30.2658,-1.2938
300666.SZ,20170821,20170630,32.9824,16.4861,16.0544,4.6677
300394.SZ,20170808,20170630,14.8365,-7.3287,34.7941,7.5915
600851.SH,20170822,20170630,6.3365,-53.8103,6.8227,1.5773
601599.SH,20170822,20170630,11.2434,-12.5302,-13.7533,2.5622
002566.SZ,20170824,20170630,10.8174,5.3442,12.5036,1.491
002837.SZ,20170811,20170630,23.3886,-0.944,-7.0814,6.3486
603757.SH,20170824,20170630,31.9171,15.1644,3.6056,20.4746
300463.SZ,20170801,20170630,23.8904,16.6011,2.8502,8.0312
002219.SZ,20170822,20170630,55.8168,31.657,12.8251,3.7217
002272.SZ,20170824,20170630,17.5535,-113.1056,3.3778,-0.4606
002186.SZ,20170815,20170630,-1.0065,11.2187,9.211,5.1747
300604.SZ,20170824,20170630,43.5697,19.5215,9.0763,3.7099
002310.SZ,20170811,20170630,73.3628,38.2007,5.2331,6.2442
002160.SZ,20170818,20170630,40.5613,29.391,-14.1109,1.7558
603181.SH,20170823,20170630,,,14.3486,8.4092
603199.SH,20170714,20170630,13.8392,-6.485,48.2782,6.0264
300620.SZ,20170811,20170630,16.8057,38.7984,5.1625,6.3114
603306.SH,20170823,20170630,30.7513,7.1606,59.2747,9.4379
600868.SH,20170815,20170630,-33.1789,583.446,26.3591,0.4754
600898.SH,20170819,20170630,0.4095,-371.9349,-6.462,-4.314
002370.SZ,20170823,20170630,12.266,37.8483,7.257,4.3756
603838.SH,20170823,20170630,14.5257,-7.4424,12.94,3.8297
002384.SZ,20170822,20170630,129.4458,-26.3738,-12.7967,1.7638
002274.SZ,20170811,20170630,19.5308,-328.8085,8.7076,0.609
002817.SZ,20170821,20170630,0.5271,-18.195,29.8162,3.331
002870.SZ,20170818,20170630,18.6027,10.6767,6.2079,7.0559
002476.SZ,20170819,20170630,-49.7904,-904.7069,-39.5883,-5.0231
603028.SH,20170810,20170630,2.8588,-16.2915,28.1585,1.8583
002699.SZ,20170824,20170630,150.3111,101.0445,-16.5779,1.4877
300129.SZ,20170818,20170630,49.2262,-5.6889,9.618,4.0008
600406.SH,20170729,20170630,15.1533,24.3194,25.1959,3.8765
002795.SZ,20170819,20170630,19.2924,-11.8029,-2.5501,4.7962
601231.SH,20170824,20170630,27.8219,49.3375,0.9005,5.7924
600521.SH,20170821,20170630,20.2848,13.3372,5.8283,5.7194
002689.SZ,20170824,20170630,-6.2019,-2.1746,-6.8509,1.9252
600572.SH,20170815,20170630,-20.9287,27.1088,11.5903,8.9141
603369.SH,20170731,20170630,11.7275,17.6086,41.9573,13.2907
603456.SH,20170816,20170630,-0.6417,18775.4321,6.326,2.7066
002769.SZ,20170824,20170630,56.8956,1.8405,7.1698,7.2903
603557.SH,20170817,20170630,,,64.8727,7.8356
603508.SH,20170814,20170630,-4.6414,35.2232,2.903,2.2133
300410.SZ,20170823,20170630,144.8912,235.5087,0.8993,5.1566
002101.SZ,20170822,20170630,130.379,269.6068,11.0084,4.3944
300468.SZ,20170725,20170630,29.274,15.5272,9.1236,3.2347
002001.SZ,20170823,20170630,13.4848,-1.6142,21.6204,6.9382
300552.SZ,20170819,20170630,-14.7473,-44.269,-50.2509,0.9002
300321.SZ,20170822,20170630,3.4093,-28.6207,9.7677,1.3635
300484.SZ,20170822,20170630,-6.7531,-13.309,89.496,11.2002
600459.SH,20170824,20170630,45.9213,31.3344,-12.1789,2.9825
300441.SZ,20170819,20170630,87.801,123.8524,19.8844,5.9167
603725.SH,20170816,20170630,,,-0.6993,5.6114
300559.SZ,20170816,20170630,-7.7896,-8.1985,47.7502,3.6393
002572.SZ,20170814,20170630,49.4391,47.3076,38.2314,7.2709
002512.SZ,20170815,20170630,-12.1368,106.231,-12.4615,0.4567
601579.SH,20170824,20170630,15.8709,-83.5845,4.347,2.83
603101.SH,20170810,20170630,12.8736,85.2285,6.5287,5.1382
603180.SH,20170810,20170630,9.6381,106.1409,33.3889,6.4513
002329.SZ,20170823,20170630,-15.5895,-14.4326,52.8775,2.7217
600537.SH,20170822,20170630,-19.0004,-89.0862,1.7188,0.6405
603648.SH,20170824,20170630,,,5.9923,9.3274
300577.SZ,20170731,20170630,50.7751,54.4394,13.2857,9.9716
300397.SZ,20170818,20170630,46.8195,159.551,70.8819,0.2178
300645.SZ,20170822,20170630,49.3039,-50.9913,-47.5312,-0.5252
300562.SZ,20170817,20170630,9.4577,-224.5748,1.2842,-3.6404
002568.SZ,20170818,20170630,20.5732,150.1638,8.5207,3.6555
300603.SZ,20170818,20170630,314.9306,84.87,-7.2429,10.8562
002097.SZ,20170818,20170630,95.9838,214.9044,-2.1489,2.1537
603319.SH,20170821,20170630,45.4821,102.1035,36.0133,6.6808
603001.SH,20170816,20170630,-0.0826,-38.1224,24.1616,3.7644
300696.SZ,20170809,20170630,,,54.815,11.3117
002860.SZ,20170804,20170630,7.1045,16.3266,24.6854,8.5334
600271.SH,20170819,20170630,19.1028,-25.3947,8.6949,6.946
601777.SH,20170823,20170630,20.4192,-3.0655,-9.9893,1.3593
002828.SZ,20170823,20170630,29.0958,13.837,-33.0661,1.9818
600228.SH,20170819,20170630,34.4979,15.1456,-10.2196,-45.8045
600845.SH,20170822,20170630,24.4978,1.8735,33.1,4.4743
600381.SH,20170821,20170630,-25.8231,48.3558,46.3411,3.9227
600543.SH,20170720,20170630,50.2937,123.2842,-24.26,1.2648
603444.SH,20170815,20170630,-29.1133,-43.158,65.3938,15.2286
600826.SH,20170819,20170630,44.2318,-42.6459,0.2363,0.7341
300683.SZ,20170822,20170630,,,27.3085,8.9577
600660.SH,20170805,20170630,12.4205,-20.6504,14.7754,7.6002
600732.SH,20170822,20170630,91.369,296.1687,2.9956,6.4795
603036.SH,20170809,20170630,1.0588,-45.8788,29.9628,1.4231
600011.SH,20170802,20170630,15.9231,-95.1131,19.6506,0.8535
600301.SH,20170810,20170630,-52.63,-13.3779,-1643.9558,-3.5121
600117.SH,20170816,20170630,-18.7255,100.026,-7.1011,0.1914
600884.SH,20170816,20170630,75.6223,41.9921,3.2151,3.0327
600078.SH,20170818,20170630,-18.4633,-42.9494,5.9992,0.9307
002414.SZ,20170823,20170630,9.2811,-10.288,-10.8226,1.1651
000055.SZ,20170801,20170630,52.8935,417.4568,26.6424,9.3404
600855.SH,20170822,20170630,33.7699,-2.0996,-18.9121,-0.3437
600961.SH,20170728,20170630,5.7363,-36.2569,2.5734,15.3611
600696.SH,20170721,20170630,859.5065,114.3805,69.8516,-1.1498
300342.SZ,20170821,20170630,26.9217,4.3283,62.2391,7.3946
002109.SZ,20170818,20170630,-33.4642,49.7979,34.1471,3.1511
002567.SZ,20170808,20170630,31.8149,92.3422,5.1741,4.869
300487.SZ,20170815,20170630,21.7399,143.9088,36.0668,4.3988
601339.SH,20170809,20170630,13.0691,-3.0234,23.3392,3.8313
300248.SZ,20170819,20170630,35.9353,401.238,-20.9667,1.7517
002524.SZ,20170815,20170630,-5.1157,-28.2079,34.8858,-5.252
300169.SZ,20170815,20170630,2.9232,-24.3388,39.4063,0.0734
002442.SZ,20170811,20170630,56.9738,75.9485,12.5361,3.0002
300668.SZ,20170801,20170630,62.9768,73.7013,22.471,10.6317
002053.SZ,20170823,20170630,19.4575,2.6221,-26.3426,3.7384
002523.SZ,20170812,20170630,18.668,8.943,1.1079,2.0771
002195.SZ,20170818,20170630,53.9468,75.8025,-180.1592,6.1415
603328.SH,20170824,20170630,23.8124,0.7227,7.7133,5.5012
603737.SH,20170815,20170630,28.0462,11.1156,17.2379,2.1174
603766.SH,20170803,20170630,23.9648,17.225,-1.7976,6.9145
002849.SZ,20170819,20170630,9.3887,-5.3188,4.2327,4.7503
002125.SZ,20170818,20170630,24.1057,214.6527,25.8735,1.9479
002246.SZ,20170823,20170630,-3.3473,-48.0743,21.9855,1.8114
300606.SZ,20170818,20170630,5.4644,1.6882,28.4352,7.2055
300688.SZ,20170809,20170630,2.3131,-2.7166,10.1964,5.7267
603228.SH,20170815,20170630,30.2752,16.5806,8.4021,10.7895
603990.SH,20170801,20170630,15.3172,38.7247,-17.936,2.9092
300511.SZ,20170801,20170630,39.7272,79.9402,8.3541,2.46
300533.SZ,20170822,20170630,-19.0768,-53.1256,-1.7769,3.5028
300546.SZ,20170818,20170630,9.5156,-25.9215,-28.1052,3.8211
002687.SZ,20170823,20170630,-4.7768,-2.3719,-5.1378,3.3925
002295.SZ,20170822,20170630,62.2567,172.5703,1.5435,3.614
002491.SZ,20170824,20170630,5.5742,11.8108,17.0343,6.0891
002528.SZ,20170823,20170630,50.6157,2056.0302,-9.6097,-1.3547
300395.SZ,20170809,20170630,18.4108,11.226,21.5379,6.119
002730.SZ,20170822,20170630,29.5738,21.6834,-1.3207,2.1337
002188.SZ,20170815,20170630,8.2175,-74.7062,28.2752,-0.3642
603318.SH,20170818,20170630,25.704,82.5563,-15.8009,5.3219
603116.SH,20170824,20170630,7.7017,25.9995,11.8315,4.087
300310.SZ,20170823,20170630,32.6682,22.9436,0.5962,3.4495
002421.SZ,20170803,20170630,31.7417,35.6226,-7.6309,3.2906
603010.SH,20170729,20170630,40.2386,-12.1385,9.0935,6.0933
002429.SZ,20170802,20170630,30.1414,57.8557,-3.3153,3.557
601898.SH,20170824,20170630,39.5345,-37.4417,16.0925,1.8103
300059.SZ,20170729,20170630,-21.6668,-27.3838,-267.6213,1.9807
002748.SZ,20170823,20170630,22.841,149.2462,2.4448,10.986
300171.SZ,20170823,20170630,10.88,-46.7686,4.8829,2.4483
300451.SZ,20170811,20170630,125.0169,408.6326,-2.7635,2.5141
300421.SZ,20170823,20170630,22.7616,37.856,25.4366,2.6819
600050.SH,20170817,20170630,-1.0869,67.5858,40.0871,1.2829
601222.SH,20170818,20170630,18.8194,249.3268,-6.4588,4.1133
601799.SH,20170818,20170630,20.6293,31.2891,29.779,5.3788
002564.SZ,20170811,20170630,1720.8947,502.1603,7.3935,3.3257
002626.SZ,20170821,20170630,13.7271,1.5966,22.346,6.6627
002154.SZ,20170819,20170630,31.9041,58.2305,-2.29,-1.5672
300364.SZ,20170804,20170630,24.0588,37.1514,30.3762,0.779
002826.SZ,20170819,20170630,-23.6933,-20.3487,9.9349,3.6661
002846.SZ,20170821,20170630,36.88,-9.3177,29.9585,5.2918
300181.SZ,20170726,20170630,-6.2289,10.3756,-16.6229,2.9974
603882.SH,20170821,20170630,,,10.4366,6.1149
600580.SH,20170822,20170630,19.4219,32.8441,1.3144,2.3769
603038.SH,20170822,20170630,17.4074,1.0214,9.9998,5.1999
603701.SH,20170819,20170630,13.5526,5.3678,15.5312,6.7563
002392.SZ,20170818,20170630,12.7732,-16.7582,11.2789,1.9151
600576.SH,20170811,20170630,2.4327,-47.9688,-12.6974,2.02
000563.SZ,20170731,20170630,29.6535,8.0561,103.0042,3.4677
601368.SH,20170823,20170630,5.095,117.1596,35.4449,5.6154
002896.SZ,20170816,20170630,,,20.382,9.8885
002318.SZ,20170808,20170630,0.7277,8.7537,14.6679,2.2982
300447.SZ,20170822,20170630,69.5634,50.1576,23.4432,6.6602
300254.SZ,20170812,20170630,22.4048,11.2759,8.2783,2.3737
600080.SH,20170726,20170630,16.5844,-16.5101,3.0888,1.3504
002470.SZ,20170822,20170630,14.1226,1.4472,28.4413,8.9289
603018.SH,20170823,20170630,39.1036,40.226,-7.3933,6.0132
603601.SH,20170720,20170630,80.8669,122.9097,9.314,3.7756
002653.SZ,20170816,20170630,14.566,-51.8894,16.87,4.8751
603638.SH,20170808,20170630,57.9551,58.5374,26.96,10.4841
002305.SZ,20170823,20170630,-64.6798,483.2007,557.5266,0.2341
600116.SH,20170805,20170630,-6.801,23.6944,27.7381,4.697
600298.SH,20170713,20170630,19.0944,41.2423,23.751,11.9075
600262.SH,20170822,20170630,-1.9872,959.7443,20.5129,1.6222
600288.SH,20170824,20170630,12.6046,-46.811,1.031,-0.4268
600315.SH,20170817,20170630,-13.9652,-55.9197,24.4946,4.4539
600506.SH,20170819,20170630,95.2702,90.4472,71.7742,-0.7748
600818.SH,20170818,20170630,16.7799,-40.3854,-25.9162,-0.804
600189.SH,20170729,20170630,-13.036,210.6321,70.4696,-8.0966
002806.SZ,20170823,20170630,1.8639,-27.7612,5.4521,2.2012
002399.SZ,20170819,20170630,14.6281,-70.0044,-18.4857,-0.0493
600713.SH,20170819,20170630,6.5985,64.733,4.0465,3.6591
002661.SZ,20170819,20170630,15.3183,11.1858,-16.1534,2.3219
600622.SH,20170822,20170630,44.2411,337.4311,48.0864,4.9987
600111.SH,20170818,20170630,50.7254,52.477,6.7948,1.1607
600293.SH,20170714,20170630,936.2792,3523.1333,-12.186,4.9532
600589.SH,20170822,20170630,14.6958,52.3496,7.8528,2.1326
002035.SZ,20170821,20170630,29.1696,48.9115,11.4061,12.7093
600400.SH,20170822,20170630,20.9435,1441.6412,-45.3969,1.4846
600744.SH,20170819,20170630,85.6916,-0.0223,6.3726,-11.9638
600368.SH,20170818,20170630,36.6956,104.9907,55.9537,7.4469
600106.SH,20170818,20170630,-23.6874,7.0831,5.9695,4.5116
600667.SH,20170823,20170630,39.5413,314.2009,-5.1164,3.3068
600864.SH,20170823,20170630,17.0287,39.4198,-603.2253,1.8163
601168.SH,20170728,20170630,-1.3282,70.4343,9.2281,2.2352
600246.SH,20170731,20170630,-68.4639,-109.3919,85.9545,0.766
300692.SZ,20170731,20170630,,,101.8615,4.0219
002891.SZ,20170818,20170630,,,9.9007,12.8146
300412.SZ,20170817,20170630,42.1887,-7.8171,-42.418,2.8633
300182.SZ,20170801,20170630,33.813,37.2428,48.709,5.5025
300405.SZ,20170824,20170630,89.15,323.3288,0.0952,0.6643
002621.SZ,20170822,20170630,74.3408,-32.5916,-9.2571,0.5593
601595.SH,20170823,20170630,23.1889,2.4669,15.434,4.8129
300224.SZ,20170815,20170630,-34.9619,-149.0626,15.4831,-0.7233
603636.SH,20170823,20170630,-1.1741,-24.7643,67.3663,0.3399
300005.SZ,20170817,20170630,14.0914,27.4144,8.5264,2.1042
603085.SH,20170822,20170630,85.0271,94.0729,-0.0156,2.5305
603567.SH,20170819,20170630,19.3208,-41.8178,23.9953,3.4859
002383.SZ,20170808,20170630,74.316,125.2937,-139.9821,1.3499
002256.SZ,20170823,20170630,-35.227,-21.9166,32.1096,2.4741
603985.SH,20170823,20170630,10.3049,28.7673,4.6385,6.5629
300368.SZ,20170721,20170630,13.8637,47.8374,-20.7729,-1.5052
300286.SZ,20170805,20170630,23.8905,17.0088,19.8802,7.1783
603816.SH,20170823,20170630,55.4854,51.6573,8.3674,9.2345
002735.SZ,20170728,20170630,29.0078,48.3529,-0.9622,3.8364
002805.SZ,20170816,20170630,7.3074,-23.2758,0.2626,1.8515
603738.SH,20170817,20170630,15.8116,-16.6851,-2.7449,4.5188
300195.SZ,20170810,20170630,0.5765,-11.5069,84.5422,0.9964
300689.SZ,20170727,20170630,,,3.4966,8.8881
601388.SH,20170815,20170630,84.7203,2050.943,5.3526,5.7702
601199.SH,20170817,20170630,-2.8422,-15.5788,1.9656,5.8102
002677.SZ,20170818,20170630,58.6487,56.471,34.6616,7.878
300347.SZ,20170823,20170630,33.1624,100.9553,5.438,5.2624
002633.SZ,20170824,20170630,35.8231,80.592,13.4255,-0.5422
603188.SH,20170824,20170630,-5.6602,-23.8288,20.9512,9.2005
002493.SZ,20170815,20170630,73.6708,-16.3394,-8.7466,7.1791
603309.SH,20170818,20170630,35.1795,17.4564,12.2989,3.8939
002898.SZ,20170821,20170630,,,26.528,10.9279
603609.SH,20170824,20170630,11.479,-67.6897,11.49,3.2103
002813.SZ,20170817,20170630,15.6954,-49.8243,-6.2403,2.6368
002766.SZ,20170821,20170630,47.6507,91.9223,-1.608,3.894
603111.SH,20170727,20170630,16.289,2.2275,-4.1647,7.8812
300134.SZ,20170809,20170630,-28.7117,-373.3507,25.9805,-1.776
002218.SZ,20170822,20170630,59.3107,80.2023,1.332,3.1697
603991.SH,20170822,20170630,-13.6821,-11.5802,62.1476,3.7375
300555.SZ,20170823,20170630,24.7937,-10.0223,-37.4131,2.4906
300500.SZ,20170804,20170630,41.3737,-0.411,8.43,4.2624
603398.SH,20170816,20170630,7.6627,16.9498,37.1275,4.1633
002654.SZ,20170808,20170630,106.1547,-9.665,-1.1231,2.9948
300337.SZ,20170818,20170630,12.5434,-46.9945,-9.6114,0.7772
603721.SH,20170724,20170630,,,60.258,10.9787
002276.SZ,20170821,20170630,27.0021,16.5928,-26.0122,1.1505
603615.SH,20170809,20170630,-3.8406,-28.1375,8.4149,4.1128
300541.SZ,20170803,20170630,-1.9649,-10.3438,-7.3271,2.4376
002574.SZ,20170819,20170630,11.0999,154.8586,24.9227,1.4585
603127.SH,20170807,20170630,,,54.4504,3.1564
603496.SH,20170824,20170630,,,6.0085,7.6082
002706.SZ,20170805,20170630,30.1422,56.8406,27.5912,5.6528
603678.SH,20170807,20170630,25.1786,49.0584,0.8711,4.5918
603919.SH,20170728,20170630,12.501,27.8672,-9.6638,8.2099
603929.SH,20170811,20170630,-16.2463,72.5462,2.0441,8.7039
002757.SZ,20170817,20170630,48.7165,80.3401,20.2342,5.9217
603969.SH,20170816,20170630,51.7175,-23.3408,-4.0661,3.8548
002785.SZ,20170824,20170630,8.5823,10.4114,7.163,1.6337
002061.SZ,20170815,20170630,40.6715,953.7063,20.5005,9.0052
600444.SH,20170823,20170630,-4.9889,84.7669,-18.4399,-4.2147
603968.SH,20170824,20170630,4.2424,-40.428,-4.3416,5.1633
601616.SH,20170819,20170630,-10.6991,113.6544,9.9934,0.1696
000821.SZ,20170819,20170630,27.6562,118.9158,6.5723,3.5152
600237.SH,20170819,20170630,30.4287,105.2358,-9.4707,-0.2583
600549.SH,20170810,20170630,87.9157,574.1598,-5.2174,6.0916
600586.SH,20170729,20170630,27.914,329.1869,30.0817,2.4364
002843.SZ,20170818,20170630,16.1009,27.6064,38.7255,4.0621
002111.SZ,20170824,20170630,17.2537,32.9687,-23.6183,3.809
002831.SZ,20170821,20170630,25.3651,16.0906,35.4862,6.7096
603008.SH,20170729,20170630,59.894,52.0499,0.9535,3.301
600499.SH,20170819,20170630,-2.8524,-23.9601,-22.1801,5.9981
002875.SZ,20170822,20170630,,,18.2051,7.5071
002488.SZ,20170815,20170630,2.9779,-42.3107,-35.5199,-2.7656
300118.SZ,20170819,20170630,207.3803,54.4735,1.2304,4.9203
000925.SZ,20170818,20170630,1.4592,-217.7578,8.2596,-1.3614
600230.SH,20170811,20170630,92.0163,463.1313,30.5995,35.5701
603855.SH,20170822,20170630,41.0334,-3.6186,-1.5726,2.7072
300096.SZ,20170822,20170630,33.9634,-402.3624,-21.1753,-6.0752
300473.SZ,20170809,20170630,280.233,-7.9857,18.6481,3.7885
002643.SZ,20170817,20170630,39.6988,19.4178,20.2198,5.4422
600097.SH,20170818,20170630,168.672,152.2613,5.7776,-3.399
600217.SH,20170815,20170630,60.5191,161.4493,-53.3585,7.3821
600239.SH,20170822,20170630,153.8286,5.9779,18.8035,-7.4725
002791.SZ,20170818,20170630,15.1952,1.7385,-4.7204,3.7334
601137.SH,20170822,20170630,30.8703,103.8935,10.0945,4.2376
002040.SZ,20170824,20170630,237.2204,183.0676,39.7643,1.8602
600063.SH,20170802,20170630,36.858,32.3247,9.0187,1.4987
600193.SH,20170823,20170630,-87.3879,-87874.722,-995.4967,1.5983
600971.SH,20170819,20170630,92.6822,561.1381,36.8796,10.456
002697.SZ,20170726,20170630,14.352,9.4794,2.0914,4.4407
603032.SH,20170810,20170630,-19.7113,-68.3419,528.252,2.5024
300584.SZ,20170808,20170630,39.8252,34.8299,28.0528,7.4904
603360.SH,20170822,20170630,-8.7361,8.9112,34.7088,9.3513
603559.SH,20170729,20170630,32.7799,11.6666,-0.0637,2.2236
300204.SZ,20170822,20170630,11.2657,17.4442,1.564,7.3819
603338.SH,20170725,20170630,55.8666,48.6687,23.6546,12.6855
002545.SZ,20170823,20170630,19.9128,28.4372,32.4876,1.0663
601311.SH,20170819,20170630,44.8124,22.374,8.6123,2.8299
300223.SZ,20170809,20170630,64.8834,-73.083,-21.2222,-0.8804
002707.SZ,20170819,20170630,14.937,16.4171,7.7566,5.0676
300513.SZ,20170823,20170630,28.8463,-14.9711,-44.5793,1.7657
002469.SZ,20170726,20170630,291.8655,651.6802,-22.0993,1.7196
300433.SZ,20170812,20170630,52.6761,10.2038,10.61,1.6003
002787.SZ,20170824,20170630,14.7032,-26.8941,-1.9685,4.8559
002850.SZ,20170819,20170630,27.8721,-3.528,-32.1626,6.022
002884.SZ,20170815,20170630,,,7.8008,11.5132
002836.SZ,20170824,20170630,9.2036,74.0514,44.6153,3.8065
600814.SH,20170815,20170630,11.287,-11.0439,0.9268,3.5403
002128.SZ,20170821,20170630,81.1652,246.2171,19.3957,10.6389
603386.SH,20170822,20170630,,,18.7905,8.1572
600975.SH,20170810,20170630,-1.0077,-91.27,18.7236,3.2941
002526.SZ,20170818,20170630,7.8217,226.6206,43.2801,0.6274
603339.SH,20170810,20170630,59.7293,33.3173,30.0396,5.0574
002682.SZ,20170818,20170630,113.6364,271.3771,-13.2239,2.4634
300695.SZ,20170807,20170630,,,18.5948,14.6046
002124.SZ,20170822,20170630,18.2011,-38.2956,12.0971,5.2539
300642.SZ,20170818,20170630,28.2672,26.0731,32.7425,7.6974
300245.SZ,20170824,20170630,-19.9059,12.5221,-1.6869,2.7216
603880.SH,20180823,20170630,,,13.5286,10.7778
600765.SH,20170824,20170630,-5.2303,120.2611,23.2406,2.8812
300697.SZ,20170816,20170630,,,16.213,7.3681
002810.SZ,20170817,20170630,16.1706,-3.648,24.2819,3.6719
300257.SZ,20170818,20170630,46.4003,-46.3774,5.4354,0.9333
002388.SZ,20170823,20170630,14.0385,2783.4502,-39.0441,2.0505
002655.SZ,20170823,20170630,17.8035,-48.9121,15.7299,-0.0048
603388.SH,20170822,20170630,26.6639,39.7492,-24.656,5.2637
300305.SZ,20170822,20170630,5.3944,20.8635,23.9742,1.8704
601020.SH,20170816,20170630,10.5169,90.9186,63.6955,7.4213
300480.SZ,20170824,20170630,30.9285,17.5409,0.3473,2.9348
002126.SZ,20170824,20170630,39.5436,42.7953,6.6388,5.8705
300148.SZ,20170808,20170630,7.5219,-17.0086,68.0581,2.3612
002774.SZ,20170824,20170630,-9.971,-55.8253,4.7629,4.1273
300637.SZ,20170822,20170630,-4.8379,-33.9043,13.3758,5.992
002649.SZ,20170824,20170630,14.6903,-18.4575,-6.554,3.4652
300502.SZ,20170815,20170630,24.0598,21.454,-25.8456,5.6066
603528.SH,20170818,20170630,-22.0731,-42.7635,29.5037,4.7118
300590.SZ,20170811,20170630,39.326,14.9013,8.2319,8.6279
002897.SZ,20170821,20170630,,,12.8561,8.9499
603169.SH,20170818,20170630,162.0074,135.4555,-22.7855,0.3928
002537.SZ,20170823,20170630,84.2159,266.017,-9.9227,2.2946
603577.SH,20170804,20170630,34.4105,-8.1145,-12.482,2.4013
300184.SZ,20170727,20170630,623.6666,684.5148,2.3305,5.1531
300371.SZ,20170816,20170630,10.2032,8.1783,-6.3651,1.8463
603909.SH,20170819,20170630,47.1948,29.6985,-1.7051,4.5989
300012.SZ,20170812,20170630,26.0783,49.6345,19.6805,1.0194
300177.SZ,20170819,20170630,20.0233,-11.8645,1.9929,0.8899
002868.SZ,20170821,20170630,-17.8367,-31.3388,21.4197,9.5997
300393.SZ,20170823,20170630,156.662,80.9256,-15.8048,12.4661
300046.SZ,20170725,20170630,54.6337,215.4514,22.4169,3.3057
300244.SZ,20170818,20170630,28.4216,30.4698,5.4901,8.3596
002483.SZ,20170822,20170630,-53.4979,-28.0198,-10.7141,0.7138
002866.SZ,20170818,20170630,24.3786,-21.9234,-11.3689,6.0776
300265.SZ,20170815,20170630,5.0565,-38.0717,18.2757,3.6041
603026.SH,20170818,20170630,44.7934,-32.8665,8.6195,5.6928
600340.SH,20170818,20170630,14.201,35.9427,-12.8346,16.3375
831204.BJ,20170829,20170630,,,36.752,10.3501
600510.SH,20170822,20170630,-13.6236,-42.6873,33.9911,1.8147
600392.SH,20170818,20170630,395.1131,1394.0142,-30.27,4.5339
600409.SH,20170808,20170630,26.354,172.0909,7.7303,11.6733
002303.SZ,20170818,20170630,28.3752,20.8144,0.076,3.5313
002114.SZ,20170822,20170630,61.6012,1296.9901,-18.4195,0.5413
600387.SH,20170818,20170630,-3.0116,-44.4866,5.1481,0.753
002115.SZ,20170823,20170630,17.0059,386.1267,21.6603,0.293
600351.SH,20170819,20170630,67.2638,240.8031,6.2173,3.9137
600535.SH,20170816,20170630,20.3623,7.4399,-11.626,9.2135
002148.SZ,20170810,20170630,85.5287,152.2881,38.663,5.496
601238.SH,20170824,20170630,57.4985,14.5843,4.304,13.1104
600353.SH,20170822,20170630,19.946,-22.8849,15.5851,1.9062
601158.SH,20170812,20170630,-4.315,2.795,40.8452,7.1896
002056.SZ,20170823,20170630,20.9683,43.2074,6.5856,4.3942
600970.SH,20170808,20170630,14.9648,62.7114,8.8948,6.0097
002096.SZ,20170823,20170630,19.8458,3.0133,-7.451,0.3354
002119.SZ,20170822,20170630,5.5078,96.1384,-10.7261,4.1872
002073.SZ,20170823,20170630,11.6279,-12.301,15.8948,-0.3219
002191.SZ,20170819,20170630,-0.1159,11.4737,40.0113,6.395
002051.SZ,20170824,20170630,40.7389,18.4636,-5.7695,6.8191
300445.SZ,20170816,20170630,17.7404,41.4907,27.8488,4.5225
002062.SZ,20170823,20170630,12.5106,41.0542,21.6199,4.6951
300183.SZ,20170731,20170630,6.5445,6.6713,-2.9858,4.7506
603899.SH,20170819,20170630,31.2013,17.4682,3.9481,11.0969
000402.SZ,20170818,20170630,154.0696,2552.2117,32.5541,3.6192
000544.SZ,20170819,20170630,14.7185,65.9984,131.2415,2.3843
000551.SZ,20170822,20170630,17.6396,23.4066,7.8541,2.4678
000682.SZ,20170817,20170630,6.309,5.5342,-3.2585,1.3406
000791.SZ,20170824,20170630,22.2114,330.185,28.7494,-0.4858
600061.SH,20170824,20170630,59.8504,-11.505,-938.4402,4.2639
000987.SZ,20170818,20170630,-1.4122,-52.5775,-520.7469,1.8894
600051.SH,20170815,20170630,70.3465,-5.1266,19.7624,0.6976
600059.SH,20170728,20170630,6.8721,60.9792,-1.7882,2.2711
600071.SH,20170811,20170630,6.1221,31.1497,-16.3794,-5.709
600103.SH,20170822,20170630,6.1424,56.2502,2.2434,1.3246
600105.SH,20170818,20170630,-11.5075,11.2759,-34.5902,4.9169
600110.SH,20170801,20170630,67.1905,627.1567,-41.9232,4.9993
600127.SH,20170819,20170630,40.712,-8.0248,3.348,0.4961
600156.SH,20170823,20170630,26.7082,5.602,9.6259,-5.0233
600171.SH,20170815,20170630,-1.9828,598.5579,-2.4547,1.5553
600176.SH,20170818,20170630,13.5,33.2543,31.6633,8.7354
600231.SH,20170722,20170630,20.7983,366.6833,5.7544,7.1849
600200.SH,20170823,20170630,8.5396,203.7769,12.361,1.8112
600222.SH,20170819,20170630,37.3769,31.7315,4.786,-0.0202
600238.SH,20170812,20170630,67.5599,177.9084,22.4208,-1.9571
600310.SH,20170818,20170630,97.1204,-12.3848,0.0927,0.0647
600299.SH,20170727,20170630,-8.3452,-51.7795,24.2824,4.6825
600332.SH,20170821,20170630,0.3621,59.4076,10.9659,6.3692
600266.SH,20170812,20170630,-13.6189,-38.2968,-299.5492,1.3679
600329.SH,20170815,20170630,-6.803,3.4358,2.6509,5.3358
600269.SH,20170809,20170630,-17.6129,-72.1121,58.3529,2.4302
600323.SH,20170818,20170630,13.0624,17.342,34.8489,5.8644
600307.SH,20170805,20170630,2.8277,-74.2221,6.2973,3.3736
600336.SH,20170818,20170630,15.6072,-57.6996,-6.7831,1.9061
600267.SH,20170822,20170630,17.8687,-53.2407,3.4559,-0.0108
600308.SH,20170812,20170630,18.7665,298.6416,23.2765,4.3295
600501.SH,20170816,20170630,-0.3653,-175.5583,14.271,-0.5921
600567.SH,20170810,20170630,38.7594,339.6959,5.7877,9.2096
600456.SH,20170818,20170630,5.4135,60.5982,14.153,-1.6753
600363.SH,20170819,20170630,26.3065,-0.9355,0.2552,5.3956
600389.SH,20170822,20170630,-58.798,1018.6092,8.3331,4.2733
600585.SH,20170822,20170630,36.683,107.4487,15.5899,6.527
600621.SH,20170824,20170630,-28.5278,-58.9493,-549.6704,0.5712
600569.SH,20170810,20170630,-7.8242,-14.8763,10.6261,0.4318
600609.SH,20170824,20170630,5.7481,-741.5831,-52.6006,
600619.SH,20170819,20170630,36.1693,226.5969,12.8221,2.4555
600698.SH,20170726,20170630,-1.706,-41.6625,1.3651,0.1095
600674.SH,20170809,20170630,-51.9134,-11.3479,83.0321,5.9395
600693.SH,20170819,20170630,176.6854,606.9293,15.655,4.513
600673.SH,20170819,20170630,46.8024,642.3803,4.3669,4.8843
600684.SH,20170823,20170630,-12.2651,-5.8776,-7.1093,7.567
600758.SH,20170818,20170630,27.4214,132.8386,25.2118,7.806
600768.SH,20170818,20170630,12.7654,-233.9864,16.8987,-23.6121
600792.SH,20170822,20170630,39.6396,-227.7949,52.8643,-3.7368
600839.SH,20170818,20170630,4.4171,-50.5259,3.9119,-0.4615
600860.SH,20170812,20170630,3.7801,20.8314,-8.7769,-8.6277
600795.SH,20170824,20170630,-0.7743,-60.3048,22.2701,3.1798
600846.SH,20170812,20170630,29.0874,23.2456,-12.9447,2.8879
600808.SH,20170824,20170630,51.596,-7.3998,-1.0372,7.4343
600888.SH,20170818,20170630,-31.9639,259.093,38.8247,1.6388
600889.SH,20170722,20170630,39.5152,114.1451,-20.148,2.484
002365.SZ,20170818,20170630,46.7139,78.0917,42.0779,4.8105
600885.SH,20170801,20170630,26.7977,23.6435,5.4734,11.2625
601198.SH,20170819,20170630,-28.7176,-45.5647,-551.1113,3.0196
002139.SZ,20170731,20170630,52.882,79.3747,15.6319,5.0232
601991.SH,20170816,20170630,-8.1799,-55.4793,23.0221,2.1117
601688.SH,20170812,20170630,9.2238,4.2831,-28.8951,3.5421
002029.SZ,20170822,20170630,9.0788,25.6268,-21.1558,1.64
002010.SZ,20170822,20170630,152.2489,-69.8777,-30.7539,0.3821
300164.SZ,20170811,20170630,253.9183,238.5213,-21.174,-0.2948
300190.SZ,20170819,20170630,34.031,40.0548,-17.2438,2.1264
002588.SZ,20170824,20170630,-9.7582,-44.8587,3.5454,4.6599
002079.SZ,20170824,20170630,65.4728,-9.7024,-5.8386,3.2223
002141.SZ,20170823,20170630,48.2669,-49.8429,-16.1398,-0.2838
002058.SZ,20170823,20170630,9.4169,-106.6183,-27.0842,-2.9261
002077.SZ,20170816,20170630,1.9014,79.2087,18.7349,-0.3508
002153.SZ,20170824,20170630,8.0567,1.6257,9.4173,3.5357
300018.SZ,20170824,20170630,2.0647,-31.7475,20.2258,1.5942
603333.SH,20170718,20170630,95.8399,140.4551,6.1852,0.55
300379.SZ,20170809,20170630,-31.8416,-55.2251,59.975,0.3877
300034.SZ,20170818,20170630,7.8143,-24.7759,22.5436,2.5074
002733.SZ,20170818,20170630,21.9325,1.335,11.4282,2.1718
300042.SZ,20170823,20170630,127.1293,2.99,-0.1338,1.9976
002595.SZ,20170823,20170630,19.6463,-3.334,7.2093,10.0935
002613.SZ,20170818,20170630,8.5015,-431.8475,-2.0876,-2.0953
002457.SZ,20170822,20170630,19.0654,-2057.6063,-9.6291,-2.5069
300035.SZ,20170819,20170630,113.8732,77.2414,32.1661,2.8904
002385.SZ,20170819,20170630,7.469,44.23,4.3452,5.0048
300479.SZ,20170811,20170630,10.0557,-57.5124,-79.0687,2.0819
835438.BJ,20170819,20170630,,,,5.409
300375.SZ,20170811,20170630,5.6522,-4.108,3.2838,4.5844
002123.SZ,20170819,20170630,-3.3278,51.7271,8.7231,1.2583
002339.SZ,20170824,20170630,-3.733,-20.433,-23.8862,-0.5726
002678.SZ,20170819,20170630,16.3262,9.5858,-5.7847,4.2663
002371.SZ,20170824,20170630,42.5117,9.6158,0.6624,-5.6209
300448.SZ,20170818,20170630,131.7706,203.2315,-5.8986,0.7928
002150.SZ,20170818,20170630,34.0658,-1.9546,23.8024,4.0277
002134.SZ,20170731,20170630,15.3112,80.8403,-5.3794,-2.1262
002133.SZ,20170824,20170630,-57.2572,-73.0375,11.5465,1.8467
002164.SZ,20170819,20170630,48.9706,108.3559,18.8603,1.1844
002222.SZ,20170819,20170630,52.2408,89.2143,28.9877,9.4199
002197.SZ,20170824,20170630,2.7442,-34.6409,-36.6665,0.2616
002223.SZ,20170822,20170630,36.766,12.417,6.5382,7.7383
002391.SZ,20170818,20170630,9.7924,10.6822,34.6595,4.2945
002268.SZ,20170824,20170630,47.8878,-567.2445,-32.7126,-4.6318
002174.SZ,20170824,20170630,37.895,7.5863,18.0967,11.3665
002244.SZ,20170818,20170630,1.4679,68.5649,40.6755,5.1471
002353.SZ,20170810,20170630,-10.2286,-85.3966,25.3549,0.1135
002217.SZ,20170822,20170630,14.6331,26.0897,11.5561,4.5835
002241.SZ,20170818,20170630,41.2741,51.5542,21.2013,5.251
002242.SZ,20170819,20170630,6.9662,-2.7573,2.6226,8.8091
300233.SZ,20170824,20170630,143.0344,109.9516,4.9752,4.7355
002283.SZ,20170823,20170630,66.2542,33.7507,-9.3461,3.4623
002301.SZ,20170728,20170630,24.8342,32.3394,13.2307,3.2032
300261.SZ,20170823,20170630,77.3415,1049.0425,29.9337,3.9755
300036.SZ,20170822,20170630,41.6448,105.5971,-22.1736,1.2646
300215.SZ,20170810,20170630,32.8396,263.1423,55.2004,2.5454
002280.SZ,20170823,20170630,878.3421,-141.0137,1.715,-1.0457
002335.SZ,20170819,20170630,37.8428,1309.7205,-6.8023,1.6807
002292.SZ,20170819,20170630,3.668,-57.8491,23.8976,1.9813
300133.SZ,20170727,20170630,25.0594,-15.4255,-12.1038,3.4689
603989.SH,20170822,20170630,13.7155,-0.4137,15.8237,7.4655
601518.SH,20170824,20170630,16.1739,34.8364,92.3237,4.6372
002398.SZ,20170815,20170630,47.0098,-0.1781,6.9729,3.1584
002298.SZ,20170824,20170630,20.0668,36.1054,-3.4111,1.6343
002393.SZ,20170821,20170630,8.6262,41.6745,12.1057,2.6092
300145.SZ,20170815,20170630,37.5507,36.9894,17.3995,5.6179
002302.SZ,20170821,20170630,29.1503,-0.3235,-5.8494,-0.3933
603118.SH,20170816,20170630,19.9575,-61.3314,6.6221,2.3455
002389.SZ,20170823,20170630,4.8097,-20.6358,0.2786,1.5259
002820.SZ,20170818,20170630,0.3,-1.2977,11.3496,4.8589
002590.SZ,20170824,20170630,4.9994,2.271,8.9634,3.8157
603258.SH,20170808,20170630,-4.6067,-54.4628,8.0689,5.8001
603860.SH,20170801,20170630,18.855,17.6501,-14.2531,3.6999
300528.SZ,20170818,20170630,19.7685,-13.4639,17.1091,3.5119
603519.SH,20170822,20170630,34.9893,5.3402,9.5857,5.7206
002431.SZ,20170824,20170630,55.6895,5.7125,-5.3868,1.6639
603019.SH,20170810,20170630,32.3195,56.0975,-41.5336,2.0274
002719.SZ,20170819,20170630,2.9554,-46.5909,-13.2826,0.6414
300435.SZ,20170803,20170630,99.2348,71.0311,-11.7609,2.8893
601700.SH,20170822,20170630,-12.295,-12.3094,-6.5695,3.798
002798.SZ,20170803,20170630,19.2289,13.7684,10.2362,2.9628
300357.SZ,20170808,20170630,30.6928,57.9648,42.0396,11.0416
603566.SH,20170818,20170630,-5.3734,-38.4887,25.5471,3.6233
603239.SH,20170731,20170630,30.1288,48.3221,7.2355,10.3596
002777.SZ,20170824,20170630,17.3994,28.4436,5.6131,7.2553
601965.SH,20170822,20170630,48.6633,25.1522,20.5012,3.0314
002578.SZ,20170818,20170630,18.6965,197.3438,-35.1168,0.8324
603598.SH,20170823,20170630,-24.4997,10.2523,22.0982,2.8761
002642.SZ,20170818,20170630,-29.2888,-211.8935,-39.0855,-0.7842
300481.SZ,20170824,20170630,62.1196,16.2815,-2.5535,7.3323
002640.SZ,20170821,20170630,73.8463,119.6688,17.6608,7.0432
002756.SZ,20170815,20170630,24.4805,28.9682,2.3114,4.7409
002439.SZ,20170803,20170630,17.9699,-40.332,-6.666,-0.9632
601016.SH,20170815,20170630,24.718,65.1936,59.4273,3.4034
300495.SZ,20170822,20170630,246.7761,115.9103,-7.2987,4.1787
600982.SH,20170815,20170630,-23.4895,8.0467,-48.4686,-0.4802
002665.SZ,20170822,20170630,202.7022,71.126,-16.4075,2.9332
002336.SZ,20170818,20170630,-10.1421,-3083.0504,-3.4633,-3.7537
002430.SZ,20170819,20170630,42.222,363.6555,12.5805,2.1267
300545.SZ,20170822,20170630,63.348,45.6562,38.7006,4.4249
601021.SH,20170817,20170630,33.7552,-32.8678,29.7984,5.9166
300045.SZ,20170812,20170630,30.8385,78.3526,-11.5976,1.514
002459.SZ,20170818,20170630,54.9029,-62.792,4.4569,-1.135
601128.SH,20170811,20170630,9.5326,4.265,-352.232,5.6958
002612.SZ,20170822,20170630,152.5545,68.9494,-3.4267,1.7392
002721.SZ,20170823,20170630,4.1782,-85.4504,-21.7906,1.4091
300450.SZ,20170802,20170630,64.0227,90.007,96.8104,16.1865
002452.SZ,20170824,20170630,43.3983,44.5592,-21.1188,3.9154
300400.SZ,20170809,20170630,31.4483,19.6477,24.4521,6.8585
603603.SH,20170818,20170630,-47.7551,102.6399,-50.3576,4.026
002809.SZ,20170824,20170630,34.7474,5.478,-0.3386,3.8406
601588.SH,20170817,20170630,164.9481,52.9617,17.2179,5.207
300162.SZ,20170824,20170630,20.2337,-22.1485,-10.2922,1.8216
300138.SZ,20170815,20170630,22.348,25.1185,32.9469,4.4135
002474.SZ,20170824,20170630,-3.8722,3.7238,-10.0943,1.0757
002502.SZ,20170823,20170630,-7.0905,7.056,23.2921,4.1258
601933.SH,20170731,20170630,17.5961,57.6216,13.0497,5.4105
002400.SZ,20170808,20170630,1.0333,-28.6498,10.9996,3.415
002675.SZ,20170810,20170630,51.6109,8.133,-1.4958,2.569
300052.SZ,20170811,20170630,26.2322,100.4033,19.3392,1.0249
002624.SZ,20170823,20170630,47.7171,89.1262,17.9032,8.0485
002451.SZ,20170823,20170630,-13.3963,5297.9055,-40.9252,3.0653
002534.SZ,20170822,20170630,19.6389,71.7496,33.0115,6.8663
002438.SZ,20170815,20170630,8.0853,11.0286,20.2703,1.5786
601100.SH,20170815,20170630,138.2367,320.6243,13.0825,4.1415
002662.SZ,20170805,20170630,5.6008,-30.1288,17.5089,3.5553
603168.SH,20170819,20170630,-9.0831,-36.443,-2.7389,4.9858
002527.SZ,20170821,20170630,26.8665,7.1721,-12.1875,3.1389
300861.SZ,20181115,20170630,,,,
601825.SH,20180831,20170630,,,,
873703.BJ,20170811,20170630,,,,-6.4919
839036.BJ,20170816,20170630,,,,9.5133
600530.SH,20170829,20170630,18.6937,-4.1519,-15.6385,0.732
000333.SZ,20170831,20170630,65.1176,15.5566,10.646,15.5237
301329.SZ,20170818,20170630,,,,7.9619
603361.SH,20170829,20170630,,,,9.8685
832651.BJ,20170831,20170630,,,,3.9994
832982.BJ,20170825,20170630,,,46.6495,7.443
301152.SZ,20170831,20170630,,,-19.9382,11.6133
688716.SH,20170804,20170630,,,,-1.4521
301382.SZ,20170831,20170630,,,,8.952
301381.SZ,20170830,20170630,,,,6.9469
301373.SZ,20170829,20170630,,,,13.7473
836957.BJ,20170824,20170630,,,,9.4288
301265.SZ,20170831,20170630,,,,1.8832
688479.SH,20170826,20170630,,,33.9049,10.7607
301337.SZ,20170826,20170630,,,,11.454
301489.SZ,20170826,20170630,,,,9.2512
301519.SZ,20170825,20170630,,,-17.323,9.0646
301322.SZ,20170812,20170630,,,,6.3083
301558.SZ,20170826,20170630,,,8.4718,24.6046
301555.SZ,20170823,20170630,,,,4.4236
001314.SZ,20170819,20170630,,,,42.2287
301280.SZ,20170816,20170630,,,,11.6208
001376.SZ,20170823,20170630,,,107.2455,4.9692
301225.SZ,20170829,20170630,,,,12.3233
301358.SZ,20170909,20170630,,,,
301202.SZ,20170825,20170630,,,,12.2331
301295.SZ,20170825,20170630,,,,15.6657
301393.SZ,20170818,20170630,,,,17.3994
603282.SH,20170826,20170630,,,,4.5702
688657.SH,20170826,20170630,,,,4.0083
301421.SZ,20170818,20170630,,,,16.5567
833575.BJ,20170825,20170630,,,,-21.704
301578.SZ,20170830,20170630,,,,11.0866
301577.SZ,20170811,20170630,,,,22.9409
301550.SZ,20170822,20170630,,,,11.7665
688410.SH,20170818,20170630,,,8.8053,-4.5464
830779.BJ,20170805,20170630,,,,24.8397
839273.BJ,20170816,20170630,,,,5.3173
834261.BJ,20170826,20170630,,,,4.1009
301568.SZ,20170803,20170630,319.3563,379.5227,-11.1451,27.8473
831627.BJ,20170816,20170630,,,,11.3576
833171.BJ,20170811,20170630,,,,3.6475
833429.BJ,20170823,20170630,,,,4.6725
834014.BJ,20170831,20170630,,,,-0.3756
688651.SH,20170830,20170630,,,,10.7303
837748.BJ,20170823,20170630,,,,-6.7379
832023.BJ,20170830,20170630,,,,2.2311
837663.BJ,20170810,20170630,,,,20.5282
831526.BJ,20170824,20170630,,,,10.3211
833781.BJ,20170809,20170630,,,,-1.0421
834950.BJ,20170819,20170630,,,,19.6089
833075.BJ,20170826,20170630,,,,0.8956
834033.BJ,20170819,20170630,,,,7.6067
688535.SH,20170826,20170630,,,,8.7922
603273.SH,20170809,20170630,,,,-2.3982
838227.BJ,20170729,20170630,,,,28.9393
430017.BJ,20170829,20170630,,,,2.2279
836247.BJ,20170810,20170630,,,,10.186
835857.BJ,20170831,20170630,,,,3.7217
836208.BJ,20170809,20170630,,,,8.0492
834407.BJ,20170727,20170630,,,,4.3424
839371.BJ,20170831,20170630,,,,16.7059
603162.SH,20170816,20170630,,,,6.7915
832786.BJ,20170825,20170630,,,66.943,3.2423
688539.SH,20170824,20170630,,,6.7299,6.2812
833455.BJ,20170822,20170630,,,,13.5863
871478.BJ,20170826,20170630,,,,-6.7386
838837.BJ,20170818,20170630,,,,5.2002
836699.BJ,20170817,20170630,,,,20.4953
836717.BJ,20170823,20170630,,,,8.0336
836221.BJ,20170823,20170630,,,,3.4584
836419.BJ,20170818,20170630,,,,0.2054
833751.BJ,20170817,20170630,,,,4.6909
832978.BJ,20170826,20170630,,,16.7633,7.6395
832175.BJ,20170817,20170630,,,-11.9408,7.6292
832469.BJ,20170830,20170630,,,,7.6141
838701.BJ,20170831,20170630,,,,4.0689
870976.BJ,20170826,20170630,,,,-2.868
833284.BJ,20170826,20170630,,,15.5882,8.4451
870840.BJ,20170826,20170630,,,,5.7764
874018.BJ,20170818,20170630,34.4768,11.496,2.1124,12.9591
839258.BJ,20170825,20170630,,,-6.1067,12.7371
300201.SZ,20170808,20170630,17.7859,110.8722,-15.1034,2.2053
603659.SH,20170831,20170630,,,-6.4529,16.4968
603916.SH,20180820,20170630,,,2.85,4.882
300740.SZ,20171107,20170630,,,37.8153,15.2974
300712.SZ,20171011,20170630,,,61.0302,7.9734
300713.SZ,20171011,20170630,,,17.2858,13.7512
300727.SZ,20171107,20170630,,,-20.3417,4.1113
603848.SH,20171113,20170630,,,32.0951,9.569
300733.SZ,20171206,20170630,,,0.9336,7.6992
688558.SH,20171009,20170630,,,,10.0822
603709.SH,20180125,20170630,,,22.1431,25.7544
603302.SH,20171204,20170630,,,,12.0141
603856.SH,20171016,20170630,,,-3.6577,7.0301
300755.SZ,20171025,20170630,,,,12.3536
300717.SZ,20171024,20170630,,,59.031,6.911
300720.SZ,20171024,20170630,,,23.7439,5.6952
300728.SZ,20171106,20170630,,,,5.9086
300763.SZ,20171103,20170630,,,,22.9636
300715.SZ,20171010,20170630,,,-15.4512,11.7374
300723.SZ,20171030,20170630,,,10.6595,17.1434
601330.SH,20171023,20170630,,,45.8027,6.8608
603477.SH,20171128,20170630,,,4.9004,5.9135
001238.SZ,20171017,20170630,,,,17.105
002916.SZ,20171121,20170630,,,41.1227,13.0643
603917.SH,20171114,20170630,,,10.03,8.0773
300778.SZ,20170929,20170630,,,,16.8362
002909.SZ,20170928,20170630,,,18.9334,6.1742
003002.SZ,20170929,20170630,,,,1.1161
002913.SZ,20171113,20170630,,,15.3106,9.4703
002921.SZ,20171213,20170630,,,7.2428,5.5801
002922.SZ,20171212,20170630,,,14.3678,8.3214
603655.SH,20171211,20170630,,,22.3976,5.7215
002917.SZ,20171121,20170630,,,-3.0669,10.3575
002995.SZ,20170929,20170630,,,,28.9986
601019.SH,20171030,20170630,,,6.8728,11.9127
301191.SZ,20171013,20170630,,,,13.1865
603260.SH,20180817,20170630,,,30.4593,18.2794
300732.SZ,20171128,20170630,,,28.2076,10.3086
001216.SZ,20171020,20170630,,,,6.3601
002928.SZ,20171013,20170630,,,38.6919,18.7906
873848.BJ,20170815,20170630,,,,
873575.BJ,20170822,20170630,,,,
600023.SH,20170819,20170630,19.853,-46.1931,25.294,3.9653
601899.SH,20170819,20170630,-2.1858,5.305,12.0127,2.8775
873690.BJ,20170929,20170630,,,,14.6089
605296.SH,20170930,20170630,,,,13.8256
300772.SZ,20171020,20170630,,,,1.3345
300743.SZ,20171025,20170630,,,11.4246,15.5335
300735.SZ,20171211,20170630,,,29.5419,11.768
300729.SZ,20171113,20170630,,,14.8408,6.6882
603949.SH,20171023,20170630,,,,26.8066
688116.SH,20171024,20170630,,,,
301109.SZ,20180119,20170630,,,,1.0714
872351.BJ,20171101,20170630,,,,5.2232
873588.BJ,20170830,20170630,,,,
873879.BJ,20170825,20170630,,,,
600968.SH,20180105,20170630,,,,4.1113
301518.SZ,20171229,20170630,,,,13.1106
603236.SH,20171229,20170630,,,,14.5761
603706.SH,20180119,20170630,,,,9.6055
002925.SZ,20171226,20170630,,,14.0788,43.9107
002989.SZ,20171110,20170630,,,,8.7519
300674.SZ,20171220,20170630,,,,-2.4488
603212.SH,20171229,20170630,,,,
300767.SZ,20171229,20170630,,,,8.1897
301046.SZ,20171229,20170630,,,,3.6857
603982.SH,20171229,20170630,,,,5.4867
603687.SH,20171229,20170630,,,,9.448
300765.SZ,20171229,20170630,,,,17.2828
603059.SH,20171229,20170630,,,12.849,15.1675
300912.SZ,20171229,20170630,,,,7.727
601698.SH,20171229,20170630,,,,1.4043
301335.SZ,20180130,20170630,,,,7.7533
002957.SZ,20171229,20170630,,,,1.3371
002920.SZ,20171205,20170630,,,26.4278,25.5997
603356.SH,20180103,20170630,,,18.8124,8.6004
603516.SH,20180115,20170630,,,18.5467,18.7412
603351.SH,20171124,20170630,,,,12.6977
603327.SH,20171229,20170630,,,,8.2631
300779.SZ,20171222,20170630,,,,12.1147
301222.SZ,20171222,20170630,,,,8.9733
688300.SH,20171229,20170630,,,47.4355,9.0862
300624.SZ,20180103,20170630,,,11.9576,14.5836
830964.BJ,20180103,20170630,,,1.3723,5.5369
603486.SH,20171222,20170630,,,,15.85
300786.SZ,20180105,20170630,,,13.5531,4.9452
001227.SZ,20171113,20170630,,,,7.2378
603619.SH,20171116,20170630,,,21.2429,14.9065
603150.SH,20180123,20170630,,,,16.1581
603876.SH,20180123,20170630,,,-8.4323,3.9405
300634.SZ,20180117,20170630,,,6.0091,5.3545
002926.SZ,20180116,20170630,,,543.2031,4.4604
601162.SH,20171229,20170630,,,,2.2879
603279.SH,20180117,20170630,,,3.8097,5.2513
688699.SH,20180117,20170630,,,,14.1399
301076.SZ,20180117,20170630,,,,13.003
002931.SZ,20180103,20170630,,,19.7183,13.7619
002958.SZ,20180110,20170630,,,,7.0806
603773.SH,20180112,20170630,,,40.6448,16.0342
603693.SH,20180119,20170630,,,72.3992,5.9959
603214.SH,20180119,20170630,,,10.8307,10.4566
601838.SH,20171219,20170630,,,1299.9266,7.3988
002935.SZ,20171219,20170630,,,,4.4592
601187.SH,20180313,20170630,,,,6.1577
603871.SH,20180123,20170630,,,2.5782,26.5916
688029.SH,20171219,20170630,,,,17.5244
300742.SZ,20171220,20170630,,,-15.7785,4.9786
002929.SZ,20171226,20170630,,,-10.726,10.0894
003004.SZ,20171208,20170630,,,,12.2595
301186.SZ,20171208,20170630,,,,9.4909
603329.SH,20171212,20170630,,,8.0406,9.1505
300770.SZ,20171215,20170630,,,,10.3852
001201.SZ,20171215,20170630,,,,12.3453
002951.SZ,20171215,20170630,,,,12.0989
300746.SZ,20171227,20170630,,,7.8415,3.556
600929.SH,20171227,20170630,,,5.7112,4.7513
834765.BJ,20180105,20170630,,,18.2769,13.3355
603596.SH,20180109,20170630,,,-4.776,13.5011
605006.SH,20171031,20170630,,,,5.4834
603156.SH,20180122,20170630,,,160.8206,13.6289
605266.SH,20171031,20170630,,,,13.7346
603506.SH,20180102,20170630,,,9.1,14.4708
603267.SH,20180123,20170630,,,,10.774
002950.SZ,20171124,20170630,,,,11.5066
301419.SZ,20171201,20170630,,,,25.1193
002949.SZ,20171201,20170630,,,,5.2819
300868.SZ,20171215,20170630,,,,1.9261
002923.SZ,20171218,20170630,,,5.8039,9.974
301219.SZ,20180116,20170630,,,,51.6633
601528.SH,20180116,20170630,,,,4.7296
603220.SH,20180123,20170630,,,,-1.0671
603045.SH,20171128,20170630,,,19.5428,4.4329
002918.SZ,20171129,20170630,,,30.4123,13.592
603301.SH,20180105,20170630,,,16.098,8.2423
002932.SZ,20171229,20170630,,,,17.217
603712.SH,20180130,20170630,,,-2.0148,3.2891
603890.SH,20171121,20170630,,,3.1723,15.6079
300936.SZ,20171031,20170630,,,,21.2837
300771.SZ,20171031,20170630,,,,13.6735
300968.SZ,20171121,20170630,,,,3.3531
603365.SH,20171031,20170630,,,-1.8524,9.9622
300783.SZ,20171031,20170630,,,,35.4194
603680.SH,20180131,20170630,,,6.6575,13.8666
300739.SZ,20180115,20170630,,,18.8736,12.267
300789.SZ,20171110,20170630,,,,15.3007
002938.SZ,20171110,20170630,,,,1.7128
002953.SZ,20171110,20170630,,,,8.4319
603713.SH,20180712,20170630,,,4.0822,7.1177
603650.SH,20180814,20170630,,,,
601138.SH,20180814,20170630,,,-3.1142,
601606.SH,20180717,20170630,,,3.5851,0.4294
603587.SH,20180717,20170630,,,23.7074,
603897.SH,20180818,20170630,,,22.7925,
300454.SZ,20180820,20170630,,,29.4516,
300745.SZ,20180815,20170630,,,,
300684.SZ,20180810,20170630,,,-37.1359,
603283.SH,20180816,20170630,,,20.3235,
300504.SZ,20180825,20170630,,,-15.8181,
603733.SH,20180825,20170630,,,-3.5971,
603711.SH,20180817,20170630,,,-46.8558,
603259.SH,20180822,20170630,,,24.5733,
603657.SH,20180822,20170630,,,2.0067,
300747.SZ,20180821,20170630,,,,
603056.SH,20180821,20170630,,,17.7,
603666.SH,20180824,20170630,,,-13.2962,
603013.SH,20180823,20170630,,,8.9473,
300873.SZ,20171125,20170630,,,,
600935.SH,20180814,20170630,,,,
688819.SH,20170831,20170630,,,,
001219.SZ,20180823,20170630,,,,
301158.SZ,20180804,20170630,,,29.633,
872190.BJ,20180814,20170630,,,-35.0039,
872808.BJ,20180828,20170630,,,,
872392.BJ,20180815,20170630,,,,
872709.BJ,20180201,20170630,,,,9.6482
872541.BJ,20171228,20170630,,,,-2.4858
872895.BJ,20180829,20170630,,,,
872374.BJ,20180817,20170630,,,-3.461,
872953.BJ,20180831,20170630,,,,
873741.BJ,20180825,20170630,,,30.8693,
836504.BJ,20170811,20170630,,,1.1904,-0.2427
832522.BJ,20170729,20170630,,,-35.3013,12.8601
837023.BJ,20170817,20170630,,,38.0355,15.0134
688692.SH,20170828,20170630,,,,
301580.SZ,20170823,20170630,,,,13.4055
603350.SH,20170824,20170630,,,,13.2007
873044.BJ,20170831,20170630,,,,4.4923
873715.BJ,20170829,20170630,,,,10.1633
874047.BJ,20170819,20170630,,,,-12.2178
870355.BJ,20170819,20170630,,,,4.0441
874308.BJ,20170829,20170630,,,,7.4508
874400.BJ,20170801,20170630,,,,23.5645
874399.BJ,20170811,20170630,,,,8.5396
837611.BJ,20170816,20170630,,,,13.6409
874094.BJ,20170830,20170630,,,6.2959,4.4956
874435.BJ,20170823,20170630,,,,6.5293
874450.BJ,20170816,20170630,,,,16.2911
873896.BJ,20170815,20170630,,,,-1830.1025
871263.BJ,20170819,20170630,,,,10.5326
837403.BJ,20170809,20170630,,,,9.0602
301586.SZ,20170822,20170630,,,,-10.5313
920008.BJ,20170809,20170630,,,,2.3021
001277.SZ,20170819,20170630,,,,10.8975
920016.BJ,20170822,20170630,,,,0.7076
920099.BJ,20180830,20170630,,,,
301618.SZ,20170830,20170630,,,,10.838
301556.SZ,20170830,20170630,,,,8.0546
873884.BJ,20170829,20170630,,,27.0334,17.3592
301622.SZ,20170819,20170630,,,,0.6358
920098.BJ,20170822,20170630,,,,5.9747
301585.SZ,20170816,20170630,,,,7.3182
301598.SZ,20170830,20170630,,,,18.4305
001391.SZ,20170831,20170630,,,,
874111.BJ,20180825,20170630,,,,
874500.BJ,20170918,20170630,,,,40.5862
873374.BJ,20170801,20170630,,,,13.4086
874127.BJ,20170828,20170630,,,,
873808.BJ,20170822,20170630,,,,10.5294
872893.BJ,20180828,20170630,,,,
874456.BJ,20170823,20170630,,,,10.816
874476.BJ,20170819,20170630,,,,8.6755
874643.BJ,20170831,20170630,,,,14.1278
874402.BJ,20170815,20170630,,,,18.6559
834081.BJ,20171219,20170630,,,,9.7474
688545.SH,20170812,20170630,,,,
920108.BJ,20170819,20170630,,,,1.4644
834044.BJ,20170830,20170630,,,,4.3514
603409.SH,20170829,20170630,,,36.752,10.3501
302132.SZ,20170825,20170630,6.4128,10.5191,7.3795,5.0002
301479.SZ,20170829,20170630,,,,2.6654
920029.BJ,20170825,20170630,,,,
603120.SH,20170822,20170630,,,,13.1682
874652.BJ,20170826,20170630,,,,0.3103
920068.BJ,20170816,20170630,,,6.7151,1.1698
833137.BJ,20170826,20170630,,,-35.1358,17.8666
920682.BJ,20170829,20170630,,,-20.5724,5.7113
920799.BJ,20170831,20170630,,,55.3254,8.8695
920445.BJ,20170816,20170630,2.6979,25.7865,20.9322,9.8703
920167.BJ,20170812,20170630,,,,9.158
920819.BJ,20170826,20170630,,,-38.9587,2.8165
920489.BJ,20170826,20170630,,,1.4429,4.3067
430566.BJ,20170823,20170630,,,,5.0777
833464.BJ,20170818,20170630,,,,-13.3177
837078.BJ,20170804,20170630,,,,2.3788
831827.BJ,20170818,20170630,,,,-0.1445
870710.BJ,20170822,20170630,,,,-3.037
832075.BJ,20170819,20170630,,,18.1602,6.5279
831928.BJ,20170830,20170630,,,,2.7721
834218.BJ,20170829,20170630,,,60.6429,-11.4953
830877.BJ,20170818,20170630,,,,-9.3527
837506.BJ,20170830,20170630,,,,4.6745
837931.BJ,20170824,20170630,,,,4.9558
871451.BJ,20170826,20170630,,,,4.3819
839255.BJ,20170810,20170630,,,,24.4398
834684.BJ,20170822,20170630,,,,6.3252
870790.BJ,20170819,20170630,,,,6.7205
839483.BJ,20170830,20170630,,,-45.8736,-24.4997
833755.BJ,20170829,20170630,,,61.7013,7.5578
831378.BJ,20170803,20170630,,,62.26,4.0116
831394.BJ,20170829,20170630,,,,3.1181
870804.BJ,20170831,20170630,,,,12.4416
831237.BJ,20170829,20170630,,,,5.1723
430623.BJ,20170823,20170630,,,,1.5537
836027.BJ,20170826,20170630,,,,13.2844
833444.BJ,20170818,20170630,,,,-3.3783
430539.BJ,20171222,20170630,,,51.1025,8.0715
833179.BJ,20170719,20170630,,,,8.8808
833936.BJ,20170822,20170630,,,,9.0297
839874.BJ,20170819,20170630,,,,15.8409
838394.BJ,20170830,20170630,,,,-2.2293
872249.BJ,20180818,20170630,,,,
831275.BJ,20170830,20170630,,,,1.7561
833302.BJ,20170823,20170630,,,,2.9294
430161.BJ,20170826,20170630,,,,1.1881
836464.BJ,20170812,20170630,,,,3.4098
835421.BJ,20170824,20170630,,,,-2.704
837567.BJ,20170825,20170630,,,-61.4026,6.0853
839559.BJ,20170726,20170630,,,,11.7357
839123.BJ,20170829,20170630,,,2.2558,6.2368
430034.BJ,20170829,20170630,,,,3.8114
838504.BJ,20170819,20170630,,,3.5781,23.1313
836312.BJ,20170830,20170630,,,,12.521
837341.BJ,20170801,20170630,,,,7.486
430208.BJ,20170801,20170630,,,75.197,3.5422
836479.BJ,20170819,20170630,,,,-0.0207
837305.BJ,20170826,20170630,,,,7.1399
430369.BJ,20170824,20170630,,,14.1516,3.9459
833665.BJ,20170822,20170630,,,,4.2383
835401.BJ,20170819,20170630,,,,1.8553
870298.BJ,20170825,20170630,,,,-13.2166
835363.BJ,20170802,20170630,,,-7.0214,10.3111
001390.SZ,20170727,20170630,,,,3.4536
833243.BJ,20170824,20170630,,,,0.8223
832646.BJ,20170817,20170630,,,2.2235,17.5471
874281.BJ,20170822,20170630,,,,-4.5966
832350.BJ,20170829,20170630,,,,5.7769
831463.BJ,20170829,20170630,,,,7.7687
832958.BJ,20170816,20170630,,,-17.8316,10.1734
871757.BJ,20180818,20170630,,,,
830978.BJ,20170829,20170630,,,6.1225,-0.7498
831074.BJ,20170829,20170630,,,,-0.7661
832389.BJ,20170824,20170630,,,,22.1055
430555.BJ,20171222,20170630,,,2.2337,4.1766
832196.BJ,20180117,20170630,,,-3.4033,6.671
430372.BJ,20170727,20170630,,,19.0856,10.6993
430223.BJ,20180126,20170630,,,,10.1331
835092.BJ,20170829,20170630,70.299,114.8174,-0.759,1.1724
430330.BJ,20170819,20170630,,,53.7162,-3.0482
839120.BJ,20170823,20170630,,,,28.6788
870512.BJ,20170826,20170630,,,,1.9193
837950.BJ,20170829,20170630,,,,5.7838
835483.BJ,20170829,20170630,,,,7.6463
836213.BJ,20170825,20170630,,,,-5.2118
833694.BJ,20170826,20170630,,,-56.2899,5.6458
832859.BJ,20170816,20170630,,,61.4301,7.3115
870040.BJ,20170826,20170630,,,,16.3152
832513.BJ,20170822,20170630,,,,4.3929
831621.BJ,20170831,20170630,,,,6.1341
836109.BJ,20170818,20170630,,,,13.9141
871167.BJ,20170824,20170630,,,,10.4899
870307.BJ,20170826,20170630,,,,-12.5819
834857.BJ,20170819,20170630,,,,7.4878
838650.BJ,20170823,20170630,,,-2.3514,12.2569
837891.BJ,20170824,20170630,,,,6.9349
870043.BJ,20170803,20170630,,,,7.8698
872516.BJ,20180727,20170630,,,,
837899.BJ,20170823,20170630,,,,5.9882
839768.BJ,20170812,20170630,,,,4.958
830818.BJ,20170824,20170630,,,5.234,2.5634
430046.BJ,20170826,20170630,,,-54.5922,-4.2658
430220.BJ,20170823,20170630,,,,12.3412
835787.BJ,20170817,20170630,,,8.5841,2.5369
835852.BJ,20170829,20170630,,,-2.3883,12.3808
430588.BJ,20170823,20170630,,,45.254,11.9386
871129.BJ,20170815,20170630,,,,17.1732
832645.BJ,20170805,20170630,,,28.6684,12.8072
871936.BJ,20170831,20170630,,,,13.2091
836261.BJ,20170824,20170630,,,15.4198,14.3888
838804.BJ,20170816,20170630,,,,-0.0332
838997.BJ,20170822,20170630,,,,24.6019
871691.BJ,20170823,20170630,,,,28.5212
430376.BJ,20170830,20170630,,,7.9773,6.0512
838858.BJ,20170824,20170630,,,17.6244,7.3781
831511.BJ,20170829,20170630,,,-38.4156,2.0052
832236.BJ,20170810,20170630,,,43.6549,10.9116
832567.BJ,20170822,20170630,,,,10.2223
839551.BJ,20170825,20170630,,,,10.3678
832077.BJ,20170829,20170630,,,,0.1932
872247.BJ,20180821,20170630,,,,
837879.BJ,20170825,20170630,,,,7.8071
838564.BJ,20170819,20170630,,,-81.6253,1.2915
839181.BJ,20170825,20170630,,,,5.4738
870801.BJ,20170823,20170630,,,,-0.727
831873.BJ,20170829,20170630,,,6.4699,1.7843
838798.BJ,20170830,20170630,,,,14.2889
872230.BJ,20180830,20170630,,,,
870892.BJ,20170811,20170630,,,,15.9798
835333.BJ,20170804,20170630,,,,14.5852
872504.BJ,20180816,20170630,,,,
836030.BJ,20170822,20170630,,,-0.6875,8.5918
839574.BJ,20170729,20170630,,,,18.5276
838641.BJ,20170816,20170630,,,-1.9765,7.4528
830815.BJ,20170815,20170630,-34.0435,-23.7474,-44.5549,5.7302
871181.BJ,20170826,20170630,,,,14.8415
870382.BJ,20170826,20170630,,,,3.1381
836625.BJ,20170805,20170630,,,-11.4118,9.81
838795.BJ,20170829,20170630,,,4.6991,5.8945
834845.BJ,20170824,20170630,,,44.8397,12.4694
430225.BJ,20170812,20170630,,,29.5091,5.5314
837919.BJ,20170811,20170630,,,,7.563
835193.BJ,20170816,20170630,,,,24.2693
837062.BJ,20170812,20170630,,,,7.9396
920027.BJ,20170819,20170630,,,,-12.2178
832532.BJ,20170825,20170630,,,-18.8028,6.4586
874287.BJ,20170822,20170630,,,,19.4791
001388.SZ,20170826,20170630,,,,15.1874
873414.BJ,20170826,20170630,,,,10.1743
920037.BJ,20170830,20170630,,,6.2959,4.4956
833748.BJ,20170819,20170630,,,,9.7071
874522.BJ,20170811,20170630,,,,2.4496
874318.BJ,20170831,20170630,,,,10.5645
874445.BJ,20180824,20170630,,,-8.1355,
874550.BJ,20170823,20170630,,,,6.1809
834948.BJ,20170826,20170630,,,,6.9591
430293.BJ,20170816,20170630,,,,8.9814
874558.BJ,20170831,20170630,,,,8.7076
874417.BJ,20170817,20170630,,,,9.952
874569.BJ,20171208,20170630,,,,21.2758
430428.BJ,20170830,20170630,,,,5.133
830852.BJ,20170825,20170630,,,,-3.2074
874693.BJ,20170826,20170630,,,,9.1756
874360.BJ,20170819,20170630,,,,15.5118
873294.BJ,20170824,20170630,,,-8.1757,4.9029
301609.SZ,20180829,20170630,,,,
920101.BJ,20170816,20170630,,,,16.2911
920056.BJ,20170829,20170630,,,,10.1633
603370.SH,20170825,20170630,,,,8.6941
301575.SZ,20170816,20170630,,,-17.8316,10.1734
920112.BJ,20170829,20170630,,,27.0334,17.3592
873760.BJ,20170826,20170630,,,,2.0881
301518.SZ,20171229,20170630,,,,13.1106
838849.BJ,20170818,20170630,,,,2.2891
832861.BJ,20170831,20170630,,,,6.9232
873876.BJ,20170815,20170630,,,,9.3351
873777.BJ,20170811,20170630,,,,18.8927
873689.BJ,20170826,20170630,,,,0.6475
833453.BJ,20170830,20170630,,,,9.5151
839010.BJ,20170816,20170630,,,,7.9092
300752.SZ,20171206,20170630,,,,17.9088
603093.SH,20180903,20170630,,,,
839792.BJ,20170826,20170630,,,,4.3987
301382.SZ,20170831,20170630,,,,8.952
601568.SH,20171017,20170630,,,,
605086.SH,20171017,20170630,,,,
301321.SZ,20170829,20170630,,,19.1894,17.4109
833394.BJ,20170810,20170630,,,,1.9024
873665.BJ,20170831,20170630,,,,13.1101
836547.BJ,20170817,20170630,,,,2.5616
838758.BJ,20170825,20170630,,,52.9832,13.7102
831892.BJ,20170823,20170630,,,,7.7153
872423.BJ,20180824,20170630,,,,
836266.BJ,20170822,20170630,,,-45.8232,0.6123
836249.BJ,20170803,20170630,,,,7.2683
871643.BJ,20170826,20170630,,,,11.7232
831288.BJ,20170819,20170630,,,,7.1719
833746.BJ,20170816,20170630,,,,-11.4584
833640.BJ,20170830,20170630,,,,8.2086
831934.BJ,20170826,20170630,,,,7.0842
837934.BJ,20170829,20170630,,,,8.9099
834489.BJ,20170825,20170630,,,-13.18,5.0825
870757.BJ,20170817,20170630,,,,-10.5157
430073.BJ,20170819,20170630,,,,1.6653
833334.BJ,20170823,20170630,,,,-4.3641
833339.BJ,20170824,20170630,,,19.9352,1.1283
837601.BJ,20170826,20170630,,,,0.1138
873709.BJ,20170829,20170630,,,,9.5208
837326.BJ,20170824,20170630,,,,13.5249
871037.BJ,20170819,20170630,,,,-1.2514
870656.BJ,20170830,20170630,,,,8.5
871108.BJ,20170829,20170630,,,,2.4173
837654.BJ,20170822,20170630,,,,1.2778
838381.BJ,20170817,20170630,,,,10.9974
832093.BJ,20170817,20170630,,,-1.8775,2.9953
836961.BJ,20170815,20170630,,,,11.2397
872967.BJ,20180828,20170630,,,,
872495.BJ,20180830,20170630,,,,
430547.BJ,20170819,20170630,,,,1.4225
872320.BJ,20180822,20170630,,,,
836521.BJ,20170802,20170630,,,,24.5393
836193.BJ,20170812,20170630,,,,2.5891
831255.BJ,20170826,20170630,,,,6.5865
873636.BJ,20170823,20170630,,,,-3.3788
838693.BJ,20170824,20170630,,,,15.7041
838194.BJ,20170829,20170630,,,,-1.623
834565.BJ,20170817,20170630,,,,10.2854
839583.BJ,20170830,20170630,,,,13.8569
831828.BJ,20170829,20170630,,,,2.3997
870536.BJ,20170818,20170630,,,,3.0507
835287.BJ,20170829,20170630,,,,-9.2098
831718.BJ,20170818,20170630,,,-7.1551,10.4728
835203.BJ,20170818,20170630,,,,-4.2911
872931.BJ,20180828,20170630,,,,
839258.BJ,20170825,20170630,,,-6.1067,12.7371
831860.BJ,20170816,20170630,,,,0.2187
874232.BJ,20170830,20170630,,,,-3.5373
870979.BJ,20170810,20170630,,,,2.513
834408.BJ,20170824,20170630,,,,12.7057
831978.BJ,20170829,20170630,,,,8.7178
832586.BJ,20170826,20170630,,,,-2.5768
873873.BJ,20170830,20170630,,,,13.4508
430755.BJ,20170809,20170630,,,-26.8829,9.6195
873896.BJ,20170815,20170630,,,,-1830.1025
872325.BJ,20180823,20170630,,,245.4565,
833070.BJ,20170811,20170630,,,,-0.2492
839418.BJ,20170822,20170630,,,,33.2582
873885.BJ,20170818,20170630,,,,16.5762
839962.BJ,20170825,20170630,,,,19.2824
873864.BJ,20170816,20170630,,,,-0.0445
832491.BJ,20170831,20170630,,,37.7071,1.54
874399.BJ,20170811,20170630,,,,8.5396
838547.BJ,20170830,20170630,,,-5.1675,11.4896
873919.BJ,20170830,20170630,,,,4.5911
873741.BJ,20180825,20170630,,,30.8693,
870355.BJ,20170819,20170630,,,,4.0441
873731.BJ,20170823,20170630,,,,9.8214
838897.BJ,20170810,20170630,,,,18.026
837758.BJ,20170803,20170630,,,,0.7916
839515.BJ,20170812,20170630,,,,6.6716
873735.BJ,20170816,20170630,,,,13.2253
874402.BJ,20170815,20170630,,,,18.6559
834044.BJ,20170830,20170630,,,,4.3514
874476.BJ,20170819,20170630,,,,8.6755
874643.BJ,20170831,20170630,,,,14.1278
874652.BJ,20170826,20170630,,,,0.3103
873808.BJ,20170822,20170630,,,,10.5294
872893.BJ,20180828,20170630,,,,
874127.BJ,20170828,20170630,,,,
874522.BJ,20170811,20170630,,,,2.4496
874558.BJ,20170831,20170630,,,,8.7076
832532.BJ,20170825,20170630,,,-18.8028,6.4586
874445.BJ,20180824,20170630,,,-8.1355,
874550.BJ,20170823,20170630,,,,6.1809
833748.BJ,20170819,20170630,,,,9.7071
874693.BJ,20170826,20170630,,,,9.1756
874360.BJ,20170819,20170630,,,,15.5118
873294.BJ,20170824,20170630,,,-8.1757,4.9029
001285.SZ,20170824,20170630,,,,16.1986
688765.SH,20170825,20170630,,,,-10.7753
874718.BJ,20170826,20170630,,,,5.3574
920080.BJ,20170831,20170630,,,,4.4923
837291.BJ,20170830,20170630,,,,2.4249
920964.BJ,20180103,20170630,,,1.3723,5.5369
920174.BJ,20180130,20170630,,,,14.9873
920599.BJ,20170826,20170630,,,,6.6661
920089.BJ,20171222,20170630,,,,4.7958
920021.BJ,20170825,20170630,,,-0.7843,5.0319
920807.BJ,20170829,20170630,,,,3.6009
920856.BJ,20170829,20170630,,,,5.7566
920039.BJ,20170829,20170630,,,,7.7049
920690.BJ,20170929,20170630,,,,14.6089
920809.BJ,20171229,20170630,,,-32.6849,6.8134
920765.BJ,20180105,20170630,,,18.2769,13.3355
920896.BJ,20170829,20170630,,,,8.0727
920375.BJ,20170831,20170630,32.0978,105.0563,15.1615,2.9487
920198.BJ,20170831,20170630,,,22.6044,2.7684
920943.BJ,20170830,20170630,,,,5.2524
920770.BJ,20170831,20170630,,,19.4474,8.6893
920651.BJ,20170831,20170630,,,,3.9994
920608.BJ,20170829,20170630,,,,4.5272
920982.BJ,20170825,20170630,,,46.6495,7.443
920719.BJ,20170729,20170630,93.2104,331.8929,-23.2228,12.9397
920087.BJ,20170816,20170630,,,,-3.8253
920792.BJ,20170826,20170630,,,,4.3987
920957.BJ,20170824,20170630,,,,9.4288
920802.BJ,20170826,20170630,,,13.84,7.8873
920556.BJ,20170822,20170630,,,22.2894,2.6164
920274.BJ,20170713,20170630,,,,13.8891
920263.BJ,20170817,20170630,,,1.5132,6.8576
920553.BJ,20170829,20170630,,,,4.3346
920305.BJ,20170823,20170630,,,,6.0578
920090.BJ,20170809,20170630,,,3.6941,6.021
920077.BJ,20170815,20170630,,,,-2.0297
920266.BJ,20170825,20170630,,,16.3451,2.9845
920415.BJ,20170831,20170630,,,,-2.484
920726.BJ,20170819,20170630,,,,8.5965
920212.BJ,20170826,20170630,,,,15.2973
920344.BJ,20170822,20170630,,,,8.4652
920523.BJ,20170824,20170630,,,,20.8361
920735.BJ,20170825,20170630,,,11.3547,11.4135
920047.BJ,20170805,20170630,,,,-11.5413
920163.BJ,20170811,20170630,,,10.1307,12.2078
920475.BJ,20170819,20170630,,,16.5027,0.6784
920368.BJ,20170829,20170630,,,,8.7006
920768.BJ,20170831,20170630,,,,8.4979
920275.BJ,20170809,20170630,,,-19.4799,17.5593
920185.BJ,20170830,20170630,,,-3.0459,7.3368
920839.BJ,20170811,20170630,,,,4.475
920396.BJ,20170825,20170630,,,,3.8545
920566.BJ,20170819,20170630,,,-8.5047,4.5315
920729.BJ,20170829,20170630,,,,7.6404
920675.BJ,20170818,20170630,,,-104.7071,5.4452
920278.BJ,20170831,20170630,,,-13.5057,6.9035
920418.BJ,20170823,20170630,,,16.3991,11.2899
920832.BJ,20170810,20170630,,,,8.0705
920030.BJ,20170816,20170630,,,9.5818,27.0508
920642.BJ,20170831,20170630,,,,2.0844
920010.BJ,20171031,20170630,,,,6.5539
920149.BJ,20170826,20170630,,,-71.2859,3.2813
920427.BJ,20170830,20170630,,,,19.3328
920946.BJ,20170801,20170630,,,43.6153,9.1247
920239.BJ,20170819,20170630,,,-7.8625,4.32
920225.BJ,20170829,20170630,,,,6.4566
920242.BJ,20170831,20170630,,,,24.9514
920433.BJ,20170830,20170630,,,40.4114,10.2139
920885.BJ,20170822,20170630,,,,2.322
920000.BJ,20170817,20170630,,,,6.0545
920510.BJ,20170812,20170630,,,,7.8821
920508.BJ,20170829,20170630,,,-74.0893,2.6624
920509.BJ,20170819,20170630,,,,13.3407
920184.BJ,20170823,20170630,,,7.6217,7.973
920370.BJ,20170816,20170630,,,-4.9381,3.6089
920961.BJ,20170822,20170630,,,39.264,2.4648
920826.BJ,20170822,20170630,,,,7.6713
920670.BJ,20170818,20170630,,,41.7569,-1.1897
920146.BJ,20170819,20170630,,,,9.5565
920640.BJ,20170901,20170630,,,12.7021,4.9081
920892.BJ,20170822,20170630,,,14.4628,11.437
920871.BJ,20170826,20170630,,,,11.087
920564.BJ,20170817,20170630,,,,3.7818
920179.BJ,20170819,20170630,,,,6.8651
920419.BJ,20170819,20170630,,,,13.0512
920970.BJ,20170830,20170630,,,,14.8484
920870.BJ,20170823,20170630,,,,8.2891
920299.BJ,20170818,20170630,,,,28.38
920857.BJ,20170830,20170630,,,,10.792
920580.BJ,20170816,20170630,,,,7.3293
920821.BJ,20170817,20170630,,,36.9126,17.6354
920062.BJ,20170818,20170630,,,,3.691
920245.BJ,20170822,20170630,,,,10.3339
920924.BJ,20170817,20170630,,,-2.1021,5.4764
920395.BJ,20170819,20170630,,,,-0.1568
920152.BJ,20170804,20170630,,,,2.9123
920533.BJ,20170817,20170630,,,-2.5213,23.1013
920204.BJ,20170831,20170630,,,,7.6019
920405.BJ,20170829,20170630,,,42.0495,12.1825
920689.BJ,20170822,20170630,,,,8.9953
920346.BJ,20170825,20170630,,,,8.4506
920834.BJ,20170817,20170630,,,,5.3171
920046.BJ,20170816,20170630,,,,1.9424
920270.BJ,20170816,20170630,,,,7.4746
920725.BJ,20170812,20170630,,,,8.6947
920267.BJ,20170803,20170630,,,,10.6201
920879.BJ,20170822,20170630,,,26.4588,1.5838
920271.BJ,20170815,20170630,,,,16.0743
920790.BJ,20170817,20170630,,,,1.5264
920575.BJ,20170825,20170630,,,,-21.704
920130.BJ,20170818,20170630,,,,1.9238
920985.BJ,20170818,20170630,,,,15.9278
920145.BJ,20170829,20170630,,,,0.5533
920171.BJ,20170819,20170630,,,43.196,38.6476
920873.BJ,20170824,20170630,,,,2.434
920680.BJ,20170823,20170630,,,,11.184
920260.BJ,20170823,20170630,,,,2.4432
920639.BJ,20170829,20170630,,,,0.4129
920720.BJ,20170829,20170630,,,,17.3467
920092.BJ,20170823,20170630,,,,15.8925
920436.BJ,20170818,20170630,,,,7.3125
920454.BJ,20170811,20170630,,,,5.6665
920378.BJ,20170810,20170630,,,,17.8299
920779.BJ,20170805,20170630,,,,24.8397
920981.BJ,20170830,20170630,,,,3.7763
920932.BJ,20170825,20170630,,,,0.0172
920402.BJ,20170829,20170630,,,,0.3871
920914.BJ,20170825,20170630,,,19.8456,4.3832
920753.BJ,20170831,20170630,,,,9.5879
920476.BJ,20170822,20170630,,,,-1.2516
920273.BJ,20170816,20170630,,,,5.3173
920261.BJ,20170826,20170630,,,,4.1009
920207.BJ,20170819,20170630,,,,2.1359
920627.BJ,20170816,20170630,,,,11.3576
920571.BJ,20170811,20170630,,,,3.6475
920058.BJ,20170829,20170630,,,,16.6835
920110.BJ,20170829,20170630,,,53.0081,6.7111
920718.BJ,20170826,20170630,,,8.6283,1.9345
920429.BJ,20170823,20170630,,,,4.6725
920230.BJ,20170826,20170630,,,,7.2805
920866.BJ,20170826,20170630,,,,11.3499
920014.BJ,20170831,20170630,,,,-0.3756
920351.BJ,20171101,20170630,,,,5.2232
920748.BJ,20170823,20170630,,,,-6.7379
920023.BJ,20170830,20170630,,,,2.2311
920493.BJ,20170823,20170630,,,,-27.2914
920992.BJ,20170721,20170630,,,,2.2413
920810.BJ,20170810,20170630,,,1.4239,8.1642
920478.BJ,20170826,20170630,,,,7.9847
920414.BJ,20170819,20170630,,,,7.1328
920663.BJ,20170810,20170630,,,,20.5282
920526.BJ,20170824,20170630,,,,10.3211
920190.BJ,20180814,20170630,,,-35.0039,
920781.BJ,20170809,20170630,,,,-1.0421
920579.BJ,20170825,20170630,,,,6.8218
920950.BJ,20170819,20170630,,,,19.6089
920634.BJ,20170819,20170630,,,,4.286
920001.BJ,20170825,20170630,,,,
920139.BJ,20170825,20170630,,,12.7617,5.19
920808.BJ,20180828,20170630,,,,
920685.BJ,20170824,20170630,,,,7.3118
920075.BJ,20170826,20170630,,,,0.8956
920237.BJ,20170830,20170630,,,,9.7253
920392.BJ,20180815,20170630,,,,
920033.BJ,20170819,20170630,,,,7.6067
920906.BJ,20170829,20170630,,,,4.9594
920942.BJ,20170817,20170630,,,,12.3668
920662.BJ,20170822,20170630,,,,2.6904
920876.BJ,20170823,20170630,,,,12.4885
920541.BJ,20171228,20170630,,,,-2.4858
920527.BJ,20170812,20170630,,,,12.6628
920895.BJ,20180829,20170630,,,,
920227.BJ,20170729,20170630,,,,28.9393
920017.BJ,20170829,20170630,,,,2.2279
920247.BJ,20170810,20170630,,,,10.186
920641.BJ,20170818,20170630,,,,13.7003
920694.BJ,20170826,20170630,,,,25.4235
920374.BJ,20180817,20170630,,,-3.461,
920057.BJ,20170831,20170630,,,,3.7217
920208.BJ,20170809,20170630,,,,8.0492
920249.BJ,20170824,20170630,,,-24.2889,3.8894
920425.BJ,20170826,20170630,,,,10.0123
920422.BJ,20170809,20170630,,,,1.9666
920855.BJ,20170721,20170630,,,,13.1632
920300.BJ,20170816,20170630,,,-22.3374,1.5722
920407.BJ,20170727,20170630,,,,4.3424
920371.BJ,20170831,20170630,,,,16.7059
920262.BJ,20170822,20170630,,,,8.7835
920357.BJ,20170822,20170630,,,,10.094
920786.BJ,20170825,20170630,,,66.943,3.2423
920971.BJ,20170822,20170630,,,,3.8412
920199.BJ,20170817,20170630,,,,0.3413
920592.BJ,20170823,20170630,,,,-11.5332
920974.BJ,20170808,20170630,,,0.1479,4.4645
920195.BJ,20170831,20170630,,,15.7606,4.3201
920471.BJ,20170825,20170630,,,25.371,4.8492
920438.BJ,20170819,20170630,,,,5.409
920455.BJ,20170822,20170630,,,,13.5863
920578.BJ,20170826,20170630,,,,-6.7386
920394.BJ,20170810,20170630,,,,1.9024
920304.BJ,20170822,20170630,,,,3.1532
920953.BJ,20180831,20170630,,,,
920837.BJ,20170818,20170630,,,,5.2002
920699.BJ,20170817,20170630,,,,20.4953
920717.BJ,20170823,20170630,,,,8.0336
920221.BJ,20170823,20170630,,,,3.4584
920504.BJ,20170811,20170630,,,1.1904,-0.2427
920519.BJ,20170818,20170630,,,,0.2054
920665.BJ,20170831,20170630,,,,13.1101
920496.BJ,20170830,20170630,,,1.0919,6.6149
920576.BJ,20170822,20170630,,,,
920006.BJ,20170823,20170630,,,,-0.833
920751.BJ,20170817,20170630,,,,4.6909
920547.BJ,20170817,20170630,,,,2.5616
920978.BJ,20170826,20170630,,,16.7633,7.6395
920926.BJ,20170826,20170630,,,,10.641
920175.BJ,20170817,20170630,,,-11.9408,7.6292
920469.BJ,20170830,20170630,,,,7.6141
920701.BJ,20170831,20170630,,,,4.0689
920976.BJ,20170826,20170630,,,,-2.868
920284.BJ,20170826,20170630,,,15.5882,8.4451
920656.BJ,20170830,20170630,,,,8.5
920403.BJ,20170809,20170630,,,,9.0602
920061.BJ,20170815,20170630,,,,11.2397
920522.BJ,20170729,20170630,,,-35.3013,12.8601
920703.BJ,20170811,20170630,,,,-6.4919
920363.BJ,20170819,20170630,,,,10.5326
920833.BJ,20170825,20170630,,,22.7723,10.354
920931.BJ,20180828,20170630,,,,
920123.BJ,20170817,20170630,,,38.0355,15.0134
920491.BJ,20170831,20170630,,,37.7071,1.54
874347.BJ,20170826,20170630,,,,7.3304
920003.BJ,20170825,20170630,,,,19.2824
688727.SH,20170822,20170630,,,,2.5979
920124.BJ,20170831,20170630,,,,14.1278
874867.BJ,20170818,20170630,,,,-3.5593
603402.SH,20170824,20170630,,,,8.9613
874751.BJ,20170825,20170630,,,,5.6573
874785.BJ,20170831,20170630,,,10.8693,15.5831
874158.BJ,20170810,20170630,,,-0.1736,3.6434
832684.BJ,20170829,20170630,,,,4.6078
874769.BJ,20170808,20170630,,,,15.1902
874811.BJ,20171122,20170630,,,,27.3491
874225.BJ,20170819,20170630,,,,3.0417
920086.BJ,20170829,20170630,,,,7.4508
874589.BJ,20170830,20170630,,,,5.2942
920180.BJ,20170801,20170630,,,,23.5645
871633.BJ,20170818,20170630,,,,-7.5051
920168.BJ,20170826,20170630,,,-35.1358,17.8666
301680.SZ,20170823,20170630,,,,7.6584
920187.BJ,20171219,20170630,,,,9.7474
920181.BJ,20170831,20170630,,,,8.7076
920012.BJ,20170824,20170630,,,-8.1757,4.9029
920186.BJ,20170825,20170630,,,,-3.2074
874746.BJ,20170823,20170630,,,,
