ts_code,ann_date,end_date,q_sales_yoy,q_netprofit_yoy,q_ocf_to_sales,roe_dt
000509.SZ,20220118,20211231,1555.6773,-130.0283,-29.2626,-18.7276
000509.SZ,20220118,20211231,1555.6773,-130.0283,-29.2626,-18.7276
002107.SZ,20220121,20211231,-9.3794,-30.4333,23.4157,19.3264
002107.SZ,20220121,20211231,-9.3794,-30.4333,23.4157,19.3264
300803.SZ,20220125,20211231,45.0967,99.7021,21.7258,13.3406
300803.SZ,20220125,20211231,45.0967,99.7021,21.7258,13.3406
600272.SH,20220128,20211231,4.9828,77.926,25.9476,0.8185
603132.SH,20220127,20211231,,,56.6658,22.8897
600272.SH,20220128,20211231,4.9828,77.926,25.9476,0.8185
300708.SZ,20220129,20211231,32.1559,791.7197,9.3367,3.4213
002188.SZ,20220129,20211231,102.4586,233.5903,59.1116,
300708.SZ,20220129,20211231,32.1559,791.7197,9.3367,3.4213
002188.SZ,20220129,20211231,102.4586,233.5903,59.1116,
300390.SZ,20220208,20211231,331.4649,540.949,37.5327,38.5981
001266.SZ,20220209,20211231,,,73.4694,37.0004
301229.SZ,20220408,20211231,-4.3244,-33.8807,-10.3666,12.6698
000798.SZ,20220210,20211231,-29.5477,40.9509,20.3339,-14.5492
001266.SZ,20220209,20211231,,,73.4694,37.0004
000798.SZ,20220210,20211231,-29.5477,40.9509,20.3339,-14.5492
300390.SZ,20220208,20211231,331.4649,540.949,37.5327,38.5981
603209.SH,20220214,20211231,,,76.2521,24.2849
000670.SZ,20220215,20211231,14.5711,-97.2927,-0.7544,11.1862
002984.SZ,20220215,20211231,12.8554,-31.7593,33.8178,11.2106
000670.SZ,20220215,20211231,14.5711,-97.2927,-0.7544,11.1862
603209.SH,20220214,20211231,,,76.2521,24.2849
301215.SZ,20220415,20211231,17.1416,16.7308,90.279,6.8207
688281.SH,20220216,20211231,-11.9163,-3.6115,16.2681,47.3557
002984.SZ,20220215,20211231,12.8554,-31.7593,33.8178,11.2106
688020.SH,20220217,20211231,36.9939,-153.2943,-22.9459,1.0415
002092.SZ,20220217,20211231,5.1292,-60.0599,14.8257,12.0159
688281.SH,20220216,20211231,-11.9163,-3.6115,16.2681,47.3557
688020.SH,20220217,20211231,36.9939,-153.2943,-22.9459,1.0415
301222.SZ,20220427,20211231,18.5106,-17.6272,34.1946,21.5557
688163.SH,20220430,20211231,54.269,270.6536,45.9149,20.9305
002092.SZ,20220217,20211231,5.1292,-60.0599,14.8257,12.0159
603169.SH,20220219,20211231,23.6977,111.5448,15.2243,3.5765
300083.SZ,20220219,20211231,20.5693,110.6734,5.4056,14.6371
603169.SH,20220219,20211231,23.6977,111.5448,15.2243,3.5765
300083.SZ,20220219,20211231,20.5693,110.6734,5.4056,14.6371
603070.SH,20220427,20211231,,,26.8451,14.6603
301218.SZ,20220428,20211231,-2.8368,6.7692,32.9446,15.6481
002402.SZ,20220222,20211231,9.0787,-3.328,8.4242,14.3625
002947.SZ,20220222,20211231,85.7314,115.8919,-17.5324,5.2702
002759.SZ,20220222,20211231,176.6272,805.4337,20.6127,24.3561
002947.SZ,20220222,20211231,85.7314,115.8919,-17.5324,5.2702
301110.SZ,20220425,20211231,-9.289,-11.3985,22.4841,41.0705
688115.SH,20220223,20211231,83.7182,49.0149,36.5488,24.533
688368.SH,20220224,20211231,20.5854,166.7461,-0.8373,36.5463
002014.SZ,20220225,20211231,11.9421,17.8707,17.9244,13.575
688175.SH,20220430,20211231,,,40.505,15.9047
688368.SH,20220224,20211231,20.5854,166.7461,-0.8373,36.5463
003038.SZ,20220225,20211231,100.4198,35.5082,1.224,15.8768
688207.SH,20220225,20211231,,,-3.4573,-11.2308
301046.SZ,20220225,20211231,-7.6885,-46.277,28.3743,16.2955
002014.SZ,20220225,20211231,11.9421,17.8707,17.9244,13.575
688192.SH,20220226,20211231,-22.0246,-60.2943,-4195.8204,-38.4956
603897.SH,20220226,20211231,27.3036,-4.8768,3.4659,11.6748
002546.SZ,20220226,20211231,19.9801,75.6913,22.6538,1.5744
300753.SZ,20220226,20211231,-30.9853,-85.4792,26.6836,6.4559
002458.SZ,20220226,20211231,34.4553,-278.3219,-3.3219,0.6864
003038.SZ,20220225,20211231,100.4198,35.5082,1.224,15.8768
688207.SH,20220225,20211231,,,-3.4573,-11.2308
301046.SZ,20220225,20211231,-7.6885,-46.277,28.3743,16.2955
688021.SH,20220226,20211231,32.6472,-69.3728,46.6163,6.2008
688200.SH,20220226,20211231,129.9046,104.3096,39.7811,18.2752
688598.SH,20220226,20211231,225.7421,206.9417,29.4562,28.8866
002138.SZ,20220226,20211231,7.7279,0.1393,27.2276,13.3539
600423.SH,20220226,20211231,-6.9275,-75.4693,-1.4628,6.7912
300443.SZ,20220226,20211231,-8.1163,-52.4739,0.6159,14.3528
688192.SH,20220226,20211231,-22.0246,-60.2943,-4195.8204,-38.4956
603897.SH,20220226,20211231,27.3036,-4.8768,3.4659,11.6748
002546.SZ,20220226,20211231,19.9801,75.6913,22.6538,1.5744
300753.SZ,20220226,20211231,-30.9853,-85.4792,26.6836,6.4559
002458.SZ,20220226,20211231,34.4553,-278.3219,-3.3219,0.6864
688021.SH,20220226,20211231,32.6472,-69.3728,46.6163,6.2008
688200.SH,20220226,20211231,129.9046,104.3096,39.7811,18.2752
688598.SH,20220226,20211231,225.7421,206.9417,29.4562,28.8866
002138.SZ,20220226,20211231,7.7279,0.1393,27.2276,13.3539
600423.SH,20220226,20211231,-45.9476,-75.4693,-2.5188,6.7912
300443.SZ,20220226,20211231,-8.1163,-52.4739,0.6159,14.3528
301047.SZ,20220228,20211231,-71.1375,-56.5928,122.6107,14.8202
688100.SH,20220228,20211231,30.1144,40.2674,31.5344,12.6197
688621.SH,20220228,20211231,35.2072,-4.4653,27.9694,21.4745
688157.SH,20220228,20211231,19.6046,14.4348,9.0328,7.0232
605499.SH,20220228,20211231,54.946,82.3042,46.7063,35.2535
300596.SZ,20220228,20211231,23.4413,47.9277,17.8296,16.9658
301071.SZ,20220228,20211231,96.3279,165.0988,103.7358,32.6537
002455.SZ,20220228,20211231,52.0002,211.6501,27.1597,13.1371
600821.SH,20220228,20211231,61.276,159.5543,101.2576,9.0458
688282.SH,20220228,20211231,,,18.7887,32.3168
001308.SZ,20220228,20211231,,,2.8109,36.4303
002379.SZ,20220228,20211231,36.4867,36.399,5.15,-6.6289
605189.SH,20220301,20211231,28.3016,20.0915,4.8754,19.8339
301047.SZ,20220228,20211231,-71.1375,-56.5928,122.6107,14.8202
688100.SH,20220228,20211231,30.1144,40.2674,31.5344,12.6197
688621.SH,20220228,20211231,35.2072,-4.4653,27.9694,21.4745
688157.SH,20220228,20211231,19.6046,14.4348,9.0328,7.0232
605499.SH,20220228,20211231,54.946,82.3042,46.7063,35.2535
300596.SZ,20220228,20211231,23.4413,47.9277,17.8296,16.9658
301071.SZ,20220228,20211231,96.3279,165.0988,103.7358,32.6537
605189.SH,20220301,20211231,28.3016,20.0915,4.8754,19.8339
300033.SZ,20220301,20211231,12.3322,-3.2906,67.1948,32.2385
600255.SH,20220302,20211231,17.5321,60.3491,-5.2588,4.6908
300568.SZ,20220301,20211231,53.4694,279.9404,22.1592,8.2115
301003.SZ,20220301,20211231,30.4155,3.9577,21.829,17.9779
002843.SZ,20220301,20211231,24.1538,276.6053,64.4415,7.993
300653.SZ,20220301,20211231,28.5665,83.0493,30.4301,22.4692
300631.SZ,20220301,20211231,-10.4411,-0.1624,9.324,2.7597
600231.SH,20220302,20211231,7.6115,-227.9669,-7.3414,11.1454
603179.SH,20220302,20211231,20.6277,-28.6042,9.1498,7.1827
603826.SH,20220303,20211231,3.5746,-62.2721,21.5362,8.2626
600255.SH,20220302,20211231,17.5321,60.3491,-5.2588,4.6908
600231.SH,20220302,20211231,7.6115,-227.9669,-7.3414,11.1454
603179.SH,20220302,20211231,20.6277,-28.6042,9.1498,7.1827
300692.SZ,20220302,20211231,28.3823,4.4411,4.2155,10.263
688082.SH,20220302,20211231,33.4747,58.1979,-43.7781,6.6421
000552.SZ,20220302,20211231,44.5857,358.4171,63.1883,8.3539
600955.SH,20220302,20211231,50.3532,-7.7365,11.6992,40.7332
831689.BJ,20220407,20211231,30.5539,2.4659,1.7835,15.2845
603826.SH,20220303,20211231,3.5746,-62.2721,21.5362,8.2626
300873.SZ,20220303,20211231,34.7568,25.0026,35.711,11.1383
605136.SH,20220303,20211231,-22.5554,0.9563,16.8029,14.415
688306.SH,20220303,20211231,-30.5795,0.4114,12.1981,2.0573
688238.SH,20220303,20211231,35.1681,8.1305,92.7506,4.6388
300890.SZ,20220303,20211231,405.9217,652.1326,1.4617,9.4592
002793.SZ,20220305,20211231,-20.2557,-35.08,30.8586,8.3385
002258.SZ,20220305,20211231,37.6564,135.7095,36.4953,23.7653
001203.SZ,20220304,20211231,16.7732,-24.3406,15.4936,44.7157
301237.SZ,20220419,20211231,10.1962,-31.2197,23.9915,29.6161
300496.SZ,20220304,20211231,73.0292,29.9951,22.3815,12.0972
688197.SH,20220427,20211231,,-34.8174,-893.7795,-219.8953
600557.SH,20220304,20211231,39.9871,51.1474,21.1214,7.1254
002793.SZ,20220305,20211231,-20.2557,-35.08,30.8586,8.3385
300834.SZ,20220305,20211231,37.3052,-36.4115,-1.8662,45.8802
600300.SH,20220305,20211231,43.1058,-60.2558,35.1183,7.3209
000803.SZ,20220305,20211231,98.9658,74.3198,5.0004,8.3319
300281.SZ,20220305,20211231,30.7,23.358,3.35,2.1314
300146.SZ,20220305,20211231,32.0645,58.6395,61.2154,17.6762
600319.SH,20220305,20211231,1377.0144,4098.7492,-24.2709,-53.4551
002323.SZ,20220305,20211231,-22.0852,-1944.8866,-259.9408,-39.6377
000068.SZ,20220305,20211231,289.0487,40.3974,-22.7381,-32.9709
002258.SZ,20220305,20211231,37.6564,135.7095,36.4953,23.7653
002033.SZ,20220308,20211231,-56.6872,-321.6908,-41.2151,-1.3205
300801.SZ,20220308,20211231,109.7748,669.5654,20.9411,13.3386
300896.SZ,20220308,20211231,73.4821,66.6852,63.7719,19.1236
000803.SZ,20220305,20211231,98.9658,74.3198,5.0004,8.3319
300001.SZ,20220308,20211231,33.9839,62.5645,31.0376,2.0039
300437.SZ,20220308,20211231,62.0157,115.7047,31.5795,5.8388
300772.SZ,20220308,20211231,60.535,118.063,24.9882,21.3119
000589.SZ,20220308,20211231,3.3301,-83.2263,-6.5434,4.8825
000688.SZ,20220308,20211231,197.2571,-11.3457,13.1116,8.5253
300896.SZ,20220308,20211231,73.4821,66.6852,63.7719,19.1236
300001.SZ,20220308,20211231,33.9839,62.5645,31.0376,2.0039
300437.SZ,20220308,20211231,59.8353,114.9114,31.5795,5.9104
300772.SZ,20220308,20211231,60.535,118.063,24.9882,21.3119
000589.SZ,20220308,20211231,3.3301,-83.2263,-6.5434,4.8825
000688.SZ,20220308,20211231,197.2571,-11.3457,13.1116,8.5253
000712.SZ,20220309,20211231,-175.9439,-21.8543,,-3.3895
000586.SZ,20220309,20211231,-33.8458,-77.8551,15.8658,8.074
603901.SH,20220309,20211231,10.9879,24.9757,32.5875,12.0056
300801.SZ,20220308,20211231,109.7748,669.5654,20.9411,13.3386
603051.SH,20220428,20211231,,,21.4419,14.6928
600681.SH,20220308,20211231,2.3925,3.4881,53.835,12.1525
600481.SH,20220308,20211231,84.2799,61.7833,6.2042,10.3478
000063.SZ,20220309,20211231,12.3539,-37.9704,14.8302,6.976
300842.SZ,20220309,20211231,3.7156,-32.8459,23.9944,11.9284
301258.SZ,20220427,20211231,,,30.3602,16.9047
301226.SZ,20220428,20211231,,,8.6536,13.7764
000586.SZ,20220309,20211231,-33.8458,-77.8551,15.8658,8.074
603901.SH,20220309,20211231,10.9879,24.9757,32.5875,12.0056
300842.SZ,20220309,20211231,3.7156,-32.8459,23.9944,11.9284
300285.SZ,20220310,20211231,24.356,22.4806,35.9405,13.0207
002552.SZ,20220310,20211231,-2.6307,-1159.6185,-12.3102,-0.3614
603025.SH,20220310,20211231,15.1439,-35.725,13.0094,17.9787
001205.SZ,20220310,20211231,37.5235,-6.3349,5.2418,11.8088
600552.SH,20220310,20211231,2.7846,-68.1326,20.6639,2.3717
002273.SZ,20220310,20211231,-0.9844,-32.3455,29.7346,5.3853
000707.SZ,20220310,20211231,113.4956,273.9212,20.2006,281.9128
688600.SH,20220310,20211231,12.7421,-26.5409,8.3406,1.6745
603535.SH,20220310,20211231,4.061,-24.0779,-3.1318,8.6275
600989.SH,20220310,20211231,53.4773,19.1143,27.3463,25.925
603601.SH,20220310,20211231,-18.056,47.9957,16.6498,11.8619
000001.SZ,20220310,20211231,14.103,10.2757,-158.6164,9.5395
000739.SZ,20220310,20211231,22.9274,3.6466,-1.9348,17.6301
688357.SH,20220310,20211231,105.3303,122.6363,18.8384,22.3546
605358.SH,20220310,20211231,67.8553,992.824,22.9242,12.4283
300929.SZ,20220310,20211231,0.0367,2.2169,48.7116,9.8948
002346.SZ,20220310,20211231,62.648,-19.0483,-6.5204,4.3204
000026.SZ,20220310,20211231,-10.7829,-42.9445,15.4485,12.7097
300304.SZ,20220310,20211231,23.0877,-56.9364,4.6401,5.6161
600603.SH,20220310,20211231,-61.4373,-66.543,35.0108,8.4147
301122.SZ,20220311,20211231,57.3954,112.5813,50.2581,28.1859
000915.SZ,20220311,20211231,0.1063,-2.7027,32.4165,16.9759
600212.SH,20220311,20211231,0.7958,-268.281,26.8584,-0.7439
688018.SH,20220311,20211231,46.7979,116.3663,-3.0842,9.9707
000408.SZ,20220311,20211231,112.5197,227.6835,66.1787,15.6345
605299.SH,20220311,20211231,-8.2784,-39.5806,42.4771,7.9532
603303.SH,20220311,20211231,24.2819,-17.969,-8.2144,7.8244
000707.SZ,20220310,20211231,113.4956,273.9212,20.2006,281.9128
688600.SH,20220310,20211231,12.7421,-26.5409,8.3406,1.6745
603535.SH,20220310,20211231,4.061,-24.0779,-3.1318,8.6275
600989.SH,20220310,20211231,53.4773,19.1143,27.3463,25.925
603601.SH,20220310,20211231,-18.056,47.9957,16.6498,11.8619
000739.SZ,20220310,20211231,22.9274,3.6466,-1.9348,17.6301
688357.SH,20220310,20211231,105.3303,122.6363,18.8384,22.3546
605358.SH,20220310,20211231,67.8553,992.824,22.9242,12.4283
300929.SZ,20220310,20211231,0.0367,2.2169,48.7116,9.8948
002346.SZ,20220310,20211231,62.648,-19.0483,-6.5204,4.3204
000026.SZ,20220310,20211231,-10.7829,-42.9445,15.4485,12.7097
300304.SZ,20220310,20211231,23.0877,-56.9364,4.6401,5.6161
603938.SH,20220310,20211231,75.7658,192.6176,33.7856,23.8606
603860.SH,20220310,20211231,25.6231,7.5177,56.1952,5.0149
688037.SH,20220310,20211231,140.6396,485.7192,-4.5623,7.5289
600063.SH,20220310,20211231,-20.1262,5.6363,3.1571,16.4639
300285.SZ,20220310,20211231,24.356,22.4806,35.9405,13.0207
002552.SZ,20220310,20211231,-2.6307,-1159.6185,-12.3102,-0.3614
603025.SH,20220310,20211231,15.1439,-35.725,13.0094,17.9787
001205.SZ,20220310,20211231,37.5235,-6.3349,5.2418,11.8088
600552.SH,20220310,20211231,2.7846,-68.1326,20.6639,2.3717
002273.SZ,20220310,20211231,-0.9844,-32.3455,29.7346,5.3853
600603.SH,20220310,20211231,-61.4373,-66.543,35.0108,8.4147
688617.SH,20220311,20211231,49.9789,17.0697,38.6679,14.9732
300871.SZ,20220311,20211231,-10.9487,-75.3127,14.4333,7.6867
600992.SH,20220311,20211231,23.9707,2.6183,-2.2276,1.4842
002320.SZ,20220311,20211231,18.6549,-158.5634,34.2458,6.0338
300751.SZ,20220311,20211231,35.6933,55.5441,27.0664,15.6711
000062.SZ,20220311,20211231,32.1105,7.0896,0.0311,14.8281
601016.SH,20220311,20211231,44.219,-68.0876,79.9516,7.3788
600433.SH,20220311,20211231,4.0305,-141.5728,15.9692,0.0176
002056.SZ,20220311,20211231,38.0955,-33.5598,5.5351,14.183
002419.SZ,20220311,20211231,4.1458,-119.4215,27.5794,-1.636
605208.SH,20220311,20211231,25.7049,45.1012,-0.1628,8.7504
000708.SZ,20220311,20211231,12.7341,12.2578,37.5792,25.5777
688690.SH,20220311,20211231,112.7275,119.4936,58.1199,21.8283
600830.SH,20220311,20211231,913.6541,22.0269,1008.4733,0.1957
688363.SH,20220311,20211231,86.7748,9.0069,36.3217,12.3771
688193.SH,20220311,20211231,,,46.7782,22.8213
000915.SZ,20220311,20211231,0.1063,-2.7027,32.4165,16.9759
600212.SH,20220311,20211231,0.7958,-268.281,26.8584,-0.7439
688018.SH,20220311,20211231,46.7979,116.3663,-3.0842,9.9707
000408.SZ,20220311,20211231,112.5197,227.6835,66.1787,15.6345
605299.SH,20220311,20211231,-8.2784,-39.5806,42.4771,7.9532
603303.SH,20220311,20211231,24.2819,-17.969,-8.2144,7.8244
688617.SH,20220311,20211231,49.9789,17.0697,38.6679,14.9732
300871.SZ,20220311,20211231,-10.9487,-75.3127,14.4333,7.6867
600992.SH,20220311,20211231,23.9707,2.6183,-2.2276,1.4842
002320.SZ,20220311,20211231,18.6549,-158.5634,34.2458,6.0338
300751.SZ,20220311,20211231,35.6933,55.5441,27.0664,15.6711
000062.SZ,20220311,20211231,32.1105,7.0896,0.0311,14.8281
601016.SH,20220311,20211231,44.219,-68.0876,79.9516,7.3788
600433.SH,20220311,20211231,4.0305,-141.5728,15.9692,0.0176
002056.SZ,20220311,20211231,38.0955,-33.5598,5.5351,14.183
002419.SZ,20220311,20211231,4.1458,-119.4215,27.5794,-1.636
605208.SH,20220311,20211231,25.7049,45.1012,-0.1628,8.7504
000708.SZ,20220311,20211231,12.7341,12.2578,37.5792,25.5777
688690.SH,20220311,20211231,112.7275,119.4936,58.1199,21.8283
600830.SH,20220311,20211231,913.6541,22.0269,1008.4733,0.1957
688363.SH,20220311,20211231,86.7748,9.0069,36.3217,12.3771
600211.SH,20220312,20211231,50.3645,-323.7653,-11.57,2.562
605028.SH,20220312,20211231,28.9774,-15.9408,83.6305,23.3036
002817.SZ,20220312,20211231,-2.4245,21.8804,53.4226,6.1475
603477.SH,20220312,20211231,43.1671,-39.3523,5.669,10.345
002198.SZ,20220312,20211231,-9.1348,-115.0177,16.4699,0.0413
600306.SH,20220312,20211231,-9.097,5.2196,70.2429,
603103.SH,20220312,20211231,-5.44,-90.1489,27.965,-2.6484
600761.SH,20220312,20211231,-3.4555,-13.9711,15.9356,8.921
600113.SH,20220312,20211231,-4.2892,904.6267,6.9243,6.4723
000795.SZ,20220312,20211231,38.5581,-124.8722,-10.4347,4.2726
600050.SH,20220312,20211231,6.2208,-14.6345,38.9648,4.3455
600211.SH,20220312,20211231,50.3645,-323.7653,-11.57,2.562
000795.SZ,20220312,20211231,38.5581,-124.8722,-10.4347,4.2726
600050.SH,20220312,20211231,6.2208,-14.6345,38.9648,4.3455
002817.SZ,20220312,20211231,-2.4245,21.8804,53.4226,6.1475
603477.SH,20220312,20211231,43.1671,-39.3523,5.669,10.345
002198.SZ,20220312,20211231,-9.1348,-115.0177,16.4699,0.0413
600306.SH,20220312,20211231,-9.097,5.2196,70.2429,
603103.SH,20220312,20211231,-5.44,-90.1489,27.965,-2.6484
600761.SH,20220312,20211231,-3.4555,-13.9711,15.9356,8.921
600113.SH,20220312,20211231,-4.2892,904.6267,6.9243,6.4723
836826.BJ,20220312,20211231,73.8116,59.3331,23.8461,21.1344
600300.SH,20220305,20211231,43.1058,-60.2558,35.1183,7.3209
688536.SH,20220314,20211231,290.1655,528.3024,51.0711,12.8358
300211.SZ,20220314,20211231,403.0141,757.3527,34.4713,5.55
002777.SZ,20220314,20211231,3.1555,-0.5526,36.5505,15.1862
600873.SH,20220314,20211231,31.7448,528.416,5.9863,20.716
688331.SH,20220314,20211231,144999.2366,456.3199,76.334,4.9988
688350.SH,20220315,20211231,31.7609,7.0846,4.3482,7.5604
605339.SH,20220315,20211231,15.0919,-20.2813,7.6003,13.7542
002728.SZ,20220315,20211231,16.5705,59.8481,38.2627,9.6565
603078.SH,20220315,20211231,62.4769,84.6987,11.1713,4.6814
603330.SH,20220315,20211231,33.8444,15.9644,5.6569,4.9588
603018.SH,20220315,20211231,19.9655,21.5349,29.1408,16.5568
603773.SH,20220315,20211231,120.8575,-2465.8027,30.5646,-2.0475
603093.SH,20220315,20211231,74.1089,170.9034,4.3121,8.9562
600058.SH,20220315,20211231,16.4484,498.7277,4.847,4.8109
600523.SH,20220315,20211231,-5.8494,-50.9656,8.322,5.3914
688689.SH,20220315,20211231,20.0119,78.4657,19.0627,15.6711
603077.SH,20220315,20211231,104.7694,321.1442,36.279,23.7479
600973.SH,20220315,20211231,23.4065,-8961.8153,7.9822,-19.5553
002996.SZ,20220315,20211231,79.2761,35.7587,-20.9159,11.929
603356.SH,20220315,20211231,15.7079,206.3685,12.9164,-0.511
600746.SH,20220315,20211231,68.4822,41.1502,38.694,52.7337
300848.SZ,20220315,20211231,58.6063,-0.2164,30.2861,11.7842
002611.SZ,20220315,20211231,9.1978,-10.4003,17.3734,9.7138
002916.SZ,20220315,20211231,59.9407,36.7623,28.8926,15.9373
002233.SZ,20220315,20211231,4.238,29.56,46.1907,14.47
688776.SH,20220315,20211231,48.2161,36.2115,53.344,14.153
002324.SZ,20220315,20211231,11.8175,-302.2203,-28.0013,-1.486
002283.SZ,20220315,20211231,-42.2287,-41.6391,87.2247,9.7189
000050.SZ,20220315,20211231,20.1098,-45.7148,12.4205,2.0076
600749.SH,20220315,20211231,10.3569,-391.8918,56.37,-1.572
300721.SZ,20220315,20211231,41.8877,3942.2879,23.6426,13.3179
301055.SZ,20220315,20211231,34.6328,-37.128,41.0301,12.7869
300835.SZ,20220315,20211231,2.2673,-11.3234,17.7905,13.621
600309.SH,20220315,20211231,57.9229,8.8387,27.3152,41.5354
002420.SZ,20220315,20211231,3.7466,-36.9714,6.0377,7.7997
301096.SZ,20220315,20211231,85.5197,27.533,54.8911,7.742
002190.SZ,20220315,20211231,-17.0746,-86.3116,2.669,0.7861
688048.SH,20220315,20211231,,,68.797,12.6549
600765.SH,20220315,20211231,56.023,274.1569,21.2922,9.0085
600178.SH,20220315,20211231,-5.0124,-66.1074,10.8577,2.154
002182.SZ,20220316,20211231,31.3611,217.311,-9.7882,13.5299
600353.SH,20220316,20211231,30.8698,259.0675,9.1021,4.5256
300848.SZ,20220315,20211231,58.6063,-0.2164,30.2861,11.7842
002611.SZ,20220315,20211231,9.1978,-10.4003,17.3734,9.7138
002916.SZ,20220315,20211231,59.9407,36.7623,28.8926,15.9373
002233.SZ,20220315,20211231,4.238,29.56,46.1907,14.47
688776.SH,20220315,20211231,48.2161,36.2115,53.344,14.153
002324.SZ,20220315,20211231,11.8175,-302.2203,-28.0013,-1.486
002283.SZ,20220315,20211231,-42.2287,-41.6391,87.2247,9.7189
000050.SZ,20220315,20211231,20.1098,-45.7148,12.4205,2.0076
600749.SH,20220315,20211231,10.3569,-391.8918,56.37,-1.572
688586.SH,20220315,20211231,-12.7286,-7.4896,75.1386,9.9876
300721.SZ,20220315,20211231,41.8877,3942.2879,23.6426,13.3179
301055.SZ,20220315,20211231,34.6328,-37.128,41.0301,12.7869
300835.SZ,20220315,20211231,2.2673,-11.3234,17.7905,13.621
600309.SH,20220315,20211231,57.9229,8.8387,27.3152,41.5354
002420.SZ,20220315,20211231,3.7466,-36.9714,6.0377,7.7997
301096.SZ,20220315,20211231,85.5197,27.533,54.8911,7.742
002190.SZ,20220315,20211231,-17.0746,-86.3116,2.669,0.7861
600366.SH,20220316,20211231,70.565,224.266,-25.467,7.698
688239.SH,20220316,20211231,51.465,101.0846,-25.1398,15.558
002167.SZ,20220316,20211231,17.3904,123.859,-81.4754,9.4616
002013.SZ,20220316,20211231,-12.4011,-15.0994,44.2256,8.2632
832225.BJ,20220316,20211231,2.0301,-90.3633,10.5129,7.0184
600862.SH,20220316,20211231,66.615,-23.7826,23.4284,11.8928
600409.SH,20220316,20211231,13.8015,-78.2798,9.4208,13.3048
002731.SZ,20220316,20211231,116.3364,-79.7909,6.6115,2.8492
002515.SZ,20220316,20211231,-53.0724,58.0289,110.9803,1.5843
600765.SH,20220315,20211231,56.023,274.1569,21.2922,9.0085
600178.SH,20220315,20211231,-5.0124,-66.1074,10.8577,2.154
688350.SH,20220315,20211231,31.7609,7.0846,4.3482,7.5604
605339.SH,20220315,20211231,15.0919,-20.2813,7.6003,13.7542
002728.SZ,20220315,20211231,16.5705,59.8481,38.2627,9.6565
603078.SH,20220315,20211231,62.4769,84.6987,11.1713,4.6814
603330.SH,20220315,20211231,33.8444,15.9644,5.6569,4.9588
603018.SH,20220315,20211231,19.9655,21.5349,29.1408,16.5568
603773.SH,20220315,20211231,120.8575,-2465.8027,30.5646,-2.0475
600058.SH,20220315,20211231,16.4484,498.7277,4.847,4.8109
600523.SH,20220315,20211231,-5.8494,-50.9656,8.322,5.3914
688689.SH,20220315,20211231,20.0119,78.4657,19.0627,15.6711
603077.SH,20220315,20211231,104.7694,321.1442,36.279,23.7479
600973.SH,20220315,20211231,23.4065,-8961.8153,7.9822,
002996.SZ,20220315,20211231,79.2761,35.7587,-20.9159,11.929
603356.SH,20220315,20211231,15.7079,206.3685,12.9164,-0.511
600746.SH,20220315,20211231,68.4822,41.1502,38.694,52.7337
002644.SZ,20220316,20211231,-7.4064,689.8758,-42.5609,2.6858
603919.SH,20220316,20211231,-34.7406,-52.6085,79.4155,11.1962
688303.SH,20220316,20211231,51.518,128.9499,-33.5117,54.0147
000429.SZ,20220316,20211231,0.173,-28.216,59.4924,20.0181
002912.SZ,20220316,20211231,-47.3016,20.9935,26.573,-0.3351
301127.SZ,20220316,20211231,53.5739,91.2972,-6.2372,11.3593
300919.SZ,20220316,20211231,162.3774,24.1608,-15.1059,11.247
000048.SZ,20220316,20211231,-88.1497,-98.154,573.8106,12.8341
605123.SH,20220316,20211231,81.894,151.86,11.1288,16.8474
003036.SZ,20220316,20211231,99.5331,56.3695,25.1884,6.6599
603335.SH,20220316,20211231,76.0462,-569.0226,-9.3529,4.7455
688295.SH,20220316,20211231,,,26.5998,23.5053
301007.SZ,20220316,20211231,-10.9998,-64.0247,15.899,7.6627
002182.SZ,20220316,20211231,31.3611,217.311,-9.7882,13.5299
600353.SH,20220316,20211231,30.8698,259.0675,9.1021,4.5256
600366.SH,20220316,20211231,70.565,224.266,-25.467,7.698
688239.SH,20220316,20211231,51.465,101.0846,-25.1398,15.558
002167.SZ,20220316,20211231,17.3904,123.859,-81.4754,9.4616
002013.SZ,20220316,20211231,-12.4011,-15.0994,44.2256,8.2632
600862.SH,20220316,20211231,66.615,-23.7826,23.4284,11.8928
600409.SH,20220316,20211231,13.8015,-78.2798,9.4208,13.3048
002731.SZ,20220316,20211231,116.3364,-79.7909,6.6115,2.8492
002515.SZ,20220316,20211231,-53.0724,58.0289,110.9803,1.5843
000401.SZ,20220317,20211231,-1.8531,30.9283,14.1993,9.7684
600207.SH,20220317,20211231,20.0734,-93.6057,6.4547,9.6102
603866.SH,20220317,20211231,5.0835,-0.9494,18.7521,14.6561
000045.SZ,20220317,20211231,-2.2891,-272.2428,10.1669,1.4562
301069.SZ,20220317,20211231,76.8493,163.5665,13.8031,17.3463
688276.SH,20220317,20211231,-28.3286,-86.1663,65.5838,8.9899
688048.SH,20220315,20211231,,,68.797,12.6549
603919.SH,20220316,20211231,-34.7406,-52.6085,79.4155,11.1962
688303.SH,20220316,20211231,51.518,128.9499,-33.5117,54.0147
000429.SZ,20220316,20211231,0.173,-28.216,59.4924,20.0181
002912.SZ,20220316,20211231,-47.3016,20.9935,26.573,-0.3351
301127.SZ,20220316,20211231,53.5739,91.2972,-6.2372,11.3593
300919.SZ,20220316,20211231,162.3774,24.1608,-15.1059,11.247
000048.SZ,20220316,20211231,-88.1497,-98.154,573.8106,12.8341
605123.SH,20220316,20211231,81.894,151.86,11.1288,16.8474
003036.SZ,20220316,20211231,99.5331,56.3695,25.1884,6.6599
603335.SH,20220316,20211231,76.0462,-569.0226,-9.3529,4.7455
301007.SZ,20220316,20211231,-10.9998,-64.0247,15.899,7.6627
600315.SH,20220317,20211231,8.7136,93.7548,0.6862,10.0416
301151.SZ,20220429,20211231,,,27.1987,24.6918
688301.SH,20220317,20211231,58.2081,137.8362,39.1514,12.0241
002938.SZ,20220317,20211231,-0.6791,12.0917,18.6851,13.685
600511.SH,20220317,20211231,8.0684,19.7306,13.6118,13.9664
300688.SZ,20220317,20211231,165.2816,1382.5908,23.812,1.4048
002480.SZ,20220317,20211231,3.3332,-208.4187,-8.5433,-12.062
601588.SH,20220317,20211231,-62.7935,-170.0615,52.2384,1.1125
688337.SH,20220317,20211231,,,14.1708,-3.0789
300453.SZ,20220317,20211231,30.741,23.3632,37.675,17.1751
000661.SZ,20220317,20211231,15.1671,-22.4014,63.7484,29.3444
000856.SZ,20220317,20211231,57.7203,-182.9552,2.0016,1.0378
301268.SZ,20220429,20211231,,,18.3981,19.2237
605098.SH,20220317,20211231,30.3921,26.1678,110.0938,19.72
603806.SH,20220318,20211231,34.3528,24.0091,14.9669,20.1907
600151.SH,20220318,20211231,9.7831,-71.9488,18.684,-1.0002
000029.SZ,20220318,20211231,-10.8776,-37.3052,16.4191,5.3855
600933.SH,20220318,20211231,0.7625,-82.0745,34.8893,5.2525
603813.SH,20220318,20211231,20.6961,109.8489,51.5763,6.0807
002507.SZ,20220318,20211231,18.742,45.7472,38.0598,13.1271
601728.SH,20220318,20211231,8.5789,22.1394,17.0784,6.3232
002114.SZ,20220318,20211231,-71.257,-84.4023,-42.4199,3.4924
688059.SH,20220318,20211231,38.1706,47.0144,57.2505,23.4269
000401.SZ,20220317,20211231,-1.8531,30.9283,14.1993,9.7684
600207.SH,20220317,20211231,20.0734,-93.6057,6.4547,9.6102
603866.SH,20220317,20211231,5.0835,-0.9494,18.7521,14.6561
000045.SZ,20220317,20211231,-2.2891,-272.2428,10.1669,1.4562
301069.SZ,20220317,20211231,76.8493,163.5665,13.8031,17.3463
688276.SH,20220317,20211231,-28.3286,-86.1663,65.5838,8.9899
688301.SH,20220317,20211231,58.2081,137.8362,39.1514,12.0241
002938.SZ,20220317,20211231,-0.6791,12.0917,18.6851,13.685
600511.SH,20220317,20211231,8.0684,19.7306,13.6118,13.9664
300688.SZ,20220317,20211231,165.2816,1382.5908,23.812,1.4048
002480.SZ,20220317,20211231,3.3332,-208.4187,-8.5433,-12.062
601588.SH,20220317,20211231,-62.7935,-170.0615,52.2384,1.1125
300453.SZ,20220317,20211231,30.741,23.3632,37.675,17.1751
000661.SZ,20220317,20211231,15.1671,-22.4014,63.7484,29.3444
000856.SZ,20220317,20211231,57.7203,-182.9552,2.0016,1.0378
600660.SH,20220318,20211231,5.2183,-37.3031,16.9796,11.7574
002080.SZ,20220318,20211231,-3.8608,41.7953,42.3174,18.8483
600386.SH,20220318,20211231,-26.0173,-27.885,19.3538,7.5536
600702.SH,20220318,20211231,44.8929,2.1211,44.9084,28.9121
002838.SZ,20220318,20211231,19.5202,2.0796,-2.6344,9.9457
300786.SZ,20220318,20211231,-12.7442,-43.3731,31.3032,7.12
603186.SH,20220318,20211231,30.6704,-33.5903,11.4252,10.9918
603392.SH,20220318,20211231,185.338,296.2402,48.6744,55.4303
600720.SH,20220318,20211231,3.1031,42.7679,-3.4517,11.9746
600860.SH,20220318,20211231,21.0589,-108.4834,0.4244,-5.0563
600976.SH,20220318,20211231,-20.8852,207.7156,9.91,20.884
000058.SZ,20220318,20211231,77.6141,89.4895,126.0631,0.7455
000520.SZ,20220318,20211231,31.717,11344.793,8.2437,20.8232
300314.SZ,20220318,20211231,3.8234,32.8585,54.1269,6.8558
000905.SZ,20220318,20211231,27.9501,8.4063,4.7557,4.381
600315.SH,20220317,20211231,8.7136,93.7548,0.6862,10.0416
605098.SH,20220317,20211231,30.3921,26.1678,110.0938,19.72
000750.SZ,20220318,20211231,47.0152,92.1854,938.6901,4.2574
002231.SZ,20220318,20211231,4.8777,105.4423,36.4582,1.9901
002865.SZ,20220318,20211231,598.2222,-1622.0956,20.6107,-17.6375
001914.SZ,20220318,20211231,12.2264,21.7814,32.7766,4.3058
300765.SZ,20220318,20211231,34.7427,70.275,0.1567,10.6035
002549.SZ,20220318,20211231,25.8417,199.1176,40.0086,12.195
603217.SH,20220318,20211231,71.2198,83.261,5.1812,14.1459
002306.SZ,20220318,20211231,-76.0755,-12.4936,18.4441,-0.2144
003816.SZ,20220318,20211231,4.1296,-25.8192,37.7043,9.9192
002879.SZ,20220318,20211231,15.2456,-50.7792,48.9494,7.422
002478.SZ,20220318,20211231,36.983,122.5042,-33.2169,0.9372
002664.SZ,20220318,20211231,-11.8462,-79.7892,-6.2401,6.6192
002876.SZ,20220318,20211231,-8.5045,-7.6989,24.8381,15.4252
601318.SH,20220318,20211231,-8.4416,-50.1223,14.6424,12.9185
003000.SZ,20220318,20211231,67.8028,12.3376,29.4323,8.6016
688508.SH,20220318,20211231,45.4422,78.5101,47.2072,10.8292
603881.SH,20220318,20211231,36.1207,-72.0726,80.0764,3.3692
301179.SZ,20220318,20211231,7.6634,7.4146,1.7622,13.7265
603191.SH,20220318,20211231,,,34.1594,16.85
000058.SZ,20220318,20211231,77.6141,89.4895,126.0631,0.7455
002231.SZ,20220318,20211231,4.8777,105.4423,36.4582,1.9901
002865.SZ,20220318,20211231,598.2222,-1622.0956,20.6107,-17.6375
001914.SZ,20220318,20211231,12.2264,21.7814,32.7766,4.3058
300765.SZ,20220318,20211231,34.7427,70.275,0.1567,10.6035
002549.SZ,20220318,20211231,25.8417,199.1176,40.0086,12.195
603217.SH,20220318,20211231,71.2198,83.261,5.1812,14.1459
003816.SZ,20220318,20211231,4.1296,-25.8192,37.7043,9.9192
002879.SZ,20220318,20211231,15.2456,-50.7792,48.9494,7.422
002478.SZ,20220318,20211231,36.983,122.5042,-33.2169,0.9372
600963.SH,20220319,20211231,-7.4662,-140.4746,9.0784,2.4265
300059.SZ,20220319,20211231,44.0253,67.9878,252.358,21.867
600449.SH,20220319,20211231,32.3965,-24.0709,27.9084,11.2206
002664.SZ,20220318,20211231,-11.8462,-79.7892,-6.2401,6.6192
002876.SZ,20220318,20211231,-8.5045,-7.6989,24.8381,15.4252
003000.SZ,20220318,20211231,67.8028,12.3376,29.4323,8.6016
688508.SH,20220318,20211231,45.4422,78.5101,47.2072,10.8292
603881.SH,20220318,20211231,36.1207,-72.0726,80.0764,3.3692
301179.SZ,20220318,20211231,7.6634,7.4146,1.7622,13.7265
603806.SH,20220318,20211231,34.3528,24.0091,14.9669,20.1907
600151.SH,20220318,20211231,9.7831,-71.9488,18.684,-1.0002
000029.SZ,20220318,20211231,-10.8776,-37.3052,16.4191,5.3855
600933.SH,20220318,20211231,0.7625,-82.0745,34.8893,5.2525
002507.SZ,20220318,20211231,18.742,45.7472,38.0598,13.1271
002114.SZ,20220318,20211231,-71.257,-84.4023,-42.4199,3.4924
688059.SH,20220318,20211231,38.1706,47.0144,57.2505,23.4269
600422.SH,20220319,20211231,-2.9326,-30.2766,18.4595,6.0548
000655.SZ,20220319,20211231,-23.2625,-1166.2674,8.1033,4.4148
300289.SZ,20220319,20211231,2.0648,88.1415,46.5822,0.8245
300128.SZ,20220319,20211231,-26.1825,-1187.3364,22.4426,-33.103
603595.SH,20220319,20211231,14.0433,-46.4177,-0.0842,1.0347
001216.SZ,20220319,20211231,43.3821,7.0426,23.778,12.5946
600168.SH,20220319,20211231,13.1608,1592.9691,13.4444,0.2186
002315.SZ,20220319,20211231,24.1636,44.1283,80.5502,9.4577
002560.SZ,20220319,20211231,54.3604,-56.1298,36.8911,0.7742
002492.SZ,20220319,20211231,-13.8979,-52.9781,83.893,7.6354
603993.SH,20220319,20211231,44.7727,115.1947,7.7708,10.4226
600507.SH,20220319,20211231,19.8645,-8.1948,-22.5876,28.5894
600588.SH,20220319,20211231,2.2984,-41.9792,52.73,5.5758
300697.SZ,20220319,20211231,32.0108,-24.7162,14.5411,11.5222
300121.SZ,20220319,20211231,18.9522,-21.3922,2.5579,14.7688
603615.SH,20220319,20211231,-9.1964,-283.1877,7.3548,-2.0128
601677.SH,20220319,20211231,57.2564,28.0721,7.318,16.4561
600660.SH,20220318,20211231,5.2183,-37.3031,16.9796,11.7574
002080.SZ,20220318,20211231,-3.8608,41.7953,42.3174,18.8483
600386.SH,20220318,20211231,-26.0173,-27.885,19.3538,7.5536
600702.SH,20220318,20211231,44.8929,2.1211,44.9084,28.9121
002838.SZ,20220318,20211231,19.5202,2.0796,-2.6344,9.9457
300786.SZ,20220318,20211231,-12.7442,-43.3731,31.3032,7.12
603186.SH,20220318,20211231,30.6704,-33.5903,11.4252,10.9918
603392.SH,20220318,20211231,185.338,296.2402,48.6744,55.4303
600720.SH,20220318,20211231,3.1031,42.7679,-3.4517,11.9746
600860.SH,20220318,20211231,21.0589,-108.4834,0.4244,-5.0563
600976.SH,20220318,20211231,-20.8852,207.7156,9.91,20.884
000520.SZ,20220318,20211231,31.717,11344.793,8.2437,20.8232
300314.SZ,20220318,20211231,3.8234,32.8585,54.1269,6.8558
000905.SZ,20220318,20211231,27.9501,8.4063,4.7557,4.381
871857.BJ,20220318,20211231,22.27,-2.046,9.0133,26.3855
000655.SZ,20220319,20211231,-23.2625,-1166.2674,8.1033,4.4148
300128.SZ,20220319,20211231,-26.2873,-1187.3364,10.6258,-33.2688
002492.SZ,20220319,20211231,-13.8979,-52.9781,83.893,7.6354
603993.SH,20220319,20211231,44.7727,115.1947,7.7708,10.4226
300900.SZ,20220319,20211231,-76.4977,-102.577,177.6209,1.0858
300647.SZ,20220319,20211231,-11.1759,-1670.3838,-14.9461,-20.3763
600841.SH,20220319,20211231,33.0489,733.3066,16.7103,7.087
601899.SH,20220319,20211231,36.6689,125.7227,14.7125,23.0151
600210.SH,20220319,20211231,55.584,-1.6328,14.6447,9.8236
300121.SZ,20220319,20211231,18.9522,-21.3922,2.5579,14.7688
600332.SH,20220319,20211231,4.6346,59.3174,-0.7237,11.9782
301040.SZ,20220319,20211231,-3.6226,-142.572,24.3085,8.2276
600728.SH,20220319,20211231,63.7896,199.0464,41.568,5.2843
600036.SH,20220319,20211231,15.6274,26.848,124.8275,15.0939
600176.SH,20220319,20211231,54.8702,51.6859,34.5259,25.7478
000407.SZ,20220319,20211231,-22.0296,-609.2434,20.7058,3.9665
300767.SZ,20220319,20211231,60.2617,-53.5166,-51.0322,6.7131
300142.SZ,20220319,20211231,-2.8178,-88.8365,33.0071,7.8668
600861.SH,20220319,20211231,-13.7952,-200.8784,2.9181,-3.1199
300640.SZ,20220319,20211231,51.6757,-40.5837,-3.6275,2.4344
605286.SH,20220319,20211231,38.5415,-3.6604,14.8583,13.0388
600803.SH,20220319,20211231,27.0064,4.2115,17.1734,30.752
300160.SZ,20220319,20211231,3.8928,27.005,3.5299,10.3441
000608.SZ,20220319,20211231,-47.6568,-72.8383,70.8747,1.8048
300562.SZ,20220319,20211231,11.2495,-275.3968,24.6006,0.2649
002004.SZ,20220319,20211231,24.7964,8.4381,12.6203,6.1818
600963.SH,20220319,20211231,-7.4662,-140.4746,9.0784,2.4265
600449.SH,20220319,20211231,32.3965,-24.0709,27.9084,11.2206
833819.BJ,20220319,20211231,45.0412,193.0279,3.4803,10.6141
600422.SH,20220319,20211231,-2.9326,-30.2766,18.4595,6.0548
300289.SZ,20220319,20211231,2.0648,88.1415,46.5822,0.8245
603595.SH,20220319,20211231,14.0433,-46.4177,-0.0842,1.0347
001216.SZ,20220319,20211231,43.3821,7.0426,23.778,12.5946
600168.SH,20220319,20211231,13.1608,1592.9691,13.4444,0.2186
002315.SZ,20220319,20211231,24.1636,44.1283,80.5502,9.4577
002560.SZ,20220319,20211231,54.3604,-56.1298,36.8911,0.7742
600507.SH,20220319,20211231,19.8645,-8.1948,-22.5876,28.5894
600588.SH,20220319,20211231,2.2984,-41.9792,52.73,5.5758
300647.SZ,20220319,20211231,-11.1759,-1670.3838,-14.9461,-20.3763
600841.SH,20220319,20211231,33.0489,733.3066,16.7103,7.087
601899.SH,20220319,20211231,36.6689,125.7227,14.7125,23.0151
600210.SH,20220319,20211231,55.584,-1.6328,14.6447,9.8236
300697.SZ,20220319,20211231,32.0108,-24.7162,14.5411,11.5222
603615.SH,20220319,20211231,-9.1964,-283.1877,7.3548,-2.0128
601677.SH,20220319,20211231,57.2564,28.0721,7.318,16.4561
600332.SH,20220319,20211231,4.6346,59.3174,-0.7237,11.9782
301040.SZ,20220319,20211231,-3.6226,-142.572,24.3085,8.2276
600036.SH,20220319,20211231,15.6274,26.848,124.8275,15.0939
600176.SH,20220319,20211231,54.8702,51.6859,34.5259,25.7478
300767.SZ,20220319,20211231,60.2617,-53.5166,-51.0322,6.7131
300142.SZ,20220319,20211231,-2.8178,-88.8365,33.0071,7.8668
600861.SH,20220319,20211231,-13.7952,-200.8784,2.9181,-3.1199
300640.SZ,20220319,20211231,51.6757,-40.5837,-3.6275,2.4344
605286.SH,20220319,20211231,38.5415,-3.6604,14.8583,13.0388
600803.SH,20220319,20211231,27.0064,4.2115,17.1734,30.752
300160.SZ,20220319,20211231,3.8928,27.005,3.5299,10.3441
000608.SZ,20220319,20211231,-48.3097,-72.8383,71.7699,1.8048
300562.SZ,20220319,20211231,11.2495,-275.3968,24.6006,0.2649
002004.SZ,20220319,20211231,24.7964,8.4381,12.6203,6.1818
002629.SZ,20220321,20211231,-37.4873,-274.4485,-84.8984,-121.8345
002866.SZ,20220321,20211231,-1.7656,101.5842,7.5725,6.6971
688385.SH,20220321,20211231,49.7678,370.6667,29.9176,17.5211
688186.SH,20220321,20211231,54.9193,-142.3374,-56.8655,6.0781
600728.SH,20220319,20211231,63.7896,199.0464,41.568,5.2843
688306.SH,20220303,20211231,-30.5795,0.4114,12.1981,2.0573
688238.SH,20220303,20211231,35.1681,8.1305,92.7506,4.6388
600898.SH,20220322,20211231,-89.6311,38.8678,279.2434,-100.5938
600141.SH,20220322,20211231,130.0746,568.0624,37.3598,37.8964
600583.SH,20220322,20211231,30.9441,-163.2033,11.3699,0.0312
605111.SH,20220322,20211231,38.0604,159.6361,16.0281,29.8729
600705.SH,20220322,20211231,7.0509,146.6239,2317.7081,10.8303
601865.SH,20220322,20211231,5.8878,-50.668,62.2972,21.5827
300069.SZ,20220322,20211231,425.0515,32.0658,24.4494,-16.1773
603912.SH,20220322,20211231,-16.7191,-64.1716,60.7055,8.4151
600330.SH,20220322,20211231,8.1979,42.8479,36.4042,5.983
002629.SZ,20220321,20211231,-37.4873,-274.4485,-84.8984,-121.8345
002866.SZ,20220321,20211231,-1.7656,101.5842,7.5725,6.6971
688186.SH,20220321,20211231,54.9193,-142.3374,-56.8655,6.0781
300125.SZ,20220322,20211231,-3.5683,29.9534,2.3195,-14.1387
600237.SH,20220322,20211231,13.7524,566.1434,36.5423,4.0361
688501.SH,20220322,20211231,15.1465,-3.4732,20.7051,6.992
600232.SH,20220322,20211231,4.2415,231.7063,48.1434,2.4977
002136.SZ,20220322,20211231,70.445,300.7704,13.3025,22.197
600980.SH,20220322,20211231,45.163,74.8822,6.3151,8.1519
600284.SH,20220322,20211231,69.9026,9.916,44.913,6.5174
600415.SH,20220322,20211231,234.4255,168.22,42.6139,8.6748
603950.SH,20220322,20211231,-36.335,-68.9782,90.8541,10.5659
301135.SZ,20220321,20211231,,,13.5692,14.248
301212.SZ,20220429,20211231,8.9275,-28.4704,10.6466,21.8307
000810.SZ,20220322,20211231,25.429,48.8896,11.0006,5.7155
688077.SH,20220322,20211231,90.5494,136.1874,3.2043,13.1048
603013.SH,20220322,20211231,-18.6027,-63.2745,5.8563,12.0401
000819.SZ,20220322,20211231,56.7027,51.0844,11.276,7.2104
002407.SZ,20220322,20211231,85.1586,1392.0577,43.3212,30.7817
600470.SH,20220322,20211231,28.0193,-115.1247,10.2416,11.4442
600435.SH,20220322,20211231,-3.7245,-15.5803,2.6061,5.4326
300862.SZ,20220322,20211231,33.2398,12.7824,33.9783,6.3955
002469.SZ,20220322,20211231,145.4611,-64.3425,3.3901,15.0895
600794.SH,20220322,20211231,-46.6148,-69.4337,13.9151,2.4568
301049.SZ,20220322,20211231,-37.6147,-64.6419,60.4925,9.9834
300727.SZ,20220322,20211231,26.309,100.684,18.0424,13.5271
600655.SH,20220322,20211231,14.4045,2.0823,-7.0982,8.3212
600714.SH,20220322,20211231,138.9531,713.3998,15.3623,11.9466
600898.SH,20220322,20211231,-89.6311,38.8678,279.2434,-100.5938
600141.SH,20220322,20211231,130.0746,568.0624,37.3598,37.8964
600583.SH,20220322,20211231,30.9441,-163.2033,11.3699,0.0312
605111.SH,20220322,20211231,38.0604,159.6361,16.0281,29.8729
600705.SH,20220322,20211231,7.0509,146.6239,2317.7081,10.8303
601865.SH,20220322,20211231,5.8878,-50.668,62.2972,21.5827
300069.SZ,20220322,20211231,566.7068,36.8499,25.1695,-15.544
603912.SH,20220322,20211231,-16.7191,-64.1716,60.7055,8.4151
600330.SH,20220322,20211231,8.1979,42.8479,36.4042,5.983
001979.SZ,20220322,20211231,-0.7763,-60.0322,22.3536,8.4355
002245.SZ,20220322,20211231,34.5186,61.5008,19.1045,18.9282
603893.SH,20220322,20211231,3.7077,47.7422,-0.2835,17.4334
002597.SZ,20220322,20211231,91.3889,150.0635,17.1417,18.444
002237.SZ,20220322,20211231,23.9652,-28.9665,-3.2936,7.7919
300125.SZ,20220322,20211231,-3.5683,29.9534,2.3195,-14.1387
600237.SH,20220322,20211231,13.7524,566.1434,36.5423,4.0361
688501.SH,20220322,20211231,15.1465,-3.4732,20.7051,6.992
600232.SH,20220322,20211231,4.2415,231.7063,48.1434,2.4977
002136.SZ,20220322,20211231,70.445,300.7704,13.3025,22.197
600980.SH,20220322,20211231,45.163,74.8822,6.3151,8.1519
600995.SH,20220322,20211231,27.2862,2.1369,8.5892,3.7346
300787.SZ,20220322,20211231,44.3424,829.166,30.8298,13.4147
002765.SZ,20220322,20211231,18.0534,235.3064,-7.6942,6.4365
603719.SH,20220322,20211231,16.5312,-142.1743,0.679,9.7397
002978.SZ,20220322,20211231,15.9084,37.2915,56.5223,31.6301
300821.SZ,20220322,20211231,100.2569,121.9987,8.54,25.0197
688153.SH,20220322,20211231,,,-2.8916,1.7707
000868.SZ,20220322,20211231,-58.7353,-4.6029,20.8084,-79.0267
002648.SZ,20220322,20211231,165.0995,130.7068,31.0928,35.4739
688302.SH,20220322,20211231,,,,-38.9748
600284.SH,20220322,20211231,69.9026,9.916,44.913,6.5174
600415.SH,20220322,20211231,234.4255,168.22,42.6139,8.6748
603950.SH,20220322,20211231,-36.335,-68.9782,90.8541,10.5659
000862.SZ,20220322,20211231,43.0954,-1233.1488,327.1996,3.2752
600596.SH,20220322,20211231,82.9784,172.0553,23.9986,34.61
000524.SZ,20220322,20211231,-31.96,67.9149,-8.432,-8.071
002139.SZ,20220322,20211231,9.4268,-100.3009,-2.2937,10.1752
000807.SZ,20220322,20211231,-1.3781,-73.7491,17.0424,22.0795
300131.SZ,20220322,20211231,7.1547,52.8575,16.2536,5.201
601886.SH,20220322,20211231,8.0493,-376.993,39.6622,-14.9097
000877.SZ,20220322,20211231,4.0992,-26.1252,25.0045,11.4304
002155.SZ,20220322,20211231,51.2613,309.9882,5.4178,6.6297
603122.SH,20220322,20211231,-11.7073,-7.0902,24.0219,10.017
603045.SH,20220322,20211231,-15.4094,-3.8714,20.3293,6.177
300517.SZ,20220322,20211231,-33.0165,6.4061,8.0686,10.5477
600993.SH,20220323,20211231,-19.0723,8.1548,47.8008,14.3399
601600.SH,20220323,20211231,41.6066,-176.7548,14.0529,12.5987
601882.SH,20220323,20211231,37.3337,122.4824,29.4508,22.5595
300229.SZ,20220323,20211231,-43.6426,-36.0179,60.7743,8.7807
300957.SZ,20220323,20211231,56.6553,54.6659,42.1394,27.3091
601138.SH,20220323,20211231,-10.0594,4.3794,5.6874,16.6696
301135.SZ,20220321,20211231,,,13.5692,14.248
000810.SZ,20220322,20211231,25.429,48.8896,11.0006,5.7155
688077.SH,20220322,20211231,90.5494,136.1874,3.2043,13.1048
000819.SZ,20220322,20211231,56.7027,51.0844,11.276,7.2104
002407.SZ,20220322,20211231,85.1586,1392.0577,43.3212,30.7817
600470.SH,20220322,20211231,28.0193,-115.1247,10.2416,11.4442
600435.SH,20220322,20211231,-3.7245,-15.5803,2.6061,5.4326
300862.SZ,20220322,20211231,33.2398,12.7824,33.9783,6.3955
002469.SZ,20220322,20211231,145.4611,-64.3425,3.3901,15.0895
600794.SH,20220322,20211231,-46.6148,-69.4337,13.9151,2.4568
301049.SZ,20220322,20211231,-37.6147,-64.6419,60.4925,9.9834
300727.SZ,20220322,20211231,26.309,100.684,18.0424,13.5271
600655.SH,20220322,20211231,14.4045,2.0823,-7.0982,8.3212
600714.SH,20220322,20211231,138.9531,713.3998,15.3623,11.9466
603305.SH,20220323,20211231,93.5197,-20.0615,22.4931,11.0595
600022.SH,20220323,20211231,0.6974,-1306.8417,11.9562,9.1131
688285.SH,20220323,20211231,-9.0706,88.8514,39.6317,11.9219
600282.SH,20220323,20211231,14.2085,-25.8588,5.4352,14.7247
300294.SZ,20220323,20211231,-2.5629,-41.7782,26.8952,5.367
600196.SH,20220323,20211231,45.7394,-1.1231,7.8028,8.6032
300795.SZ,20220323,20211231,174.7865,-21.0325,12.5926,-13.0874
603909.SH,20220323,20211231,-0.4567,23.5903,33.5985,4.2392
603678.SH,20220323,20211231,-3.7572,-5.454,31.7009,22.1171
601969.SH,20220323,20211231,21.6021,-230.4041,29.2209,13.8151
300047.SZ,20220323,20211231,-6.0653,-227.5427,-29.8568,1.2474
605368.SH,20220323,20211231,9.5004,24.9335,34.558,17.3938
002463.SZ,20220323,20211231,5.4541,-28.4256,11.0031,14.1532
000786.SZ,20220323,20211231,9.027,-7.9545,36.7475,19.1721
600011.SH,20220323,20211231,25.25,-142.1082,-28.1237,-11.0669
002982.SZ,20220323,20211231,25.292,779.6764,25.3715,0.5428
605058.SH,20220323,20211231,10.8321,-38.5655,37.2384,8.4047
002649.SZ,20220323,20211231,41.2777,1.968,17.6471,10.8366
002801.SZ,20220323,20211231,28.7741,60.1565,27.3937,15.6464
600970.SH,20220323,20211231,25.0338,210.9492,25.2189,10.9206
688112.SH,20220323,20211231,19.2362,5.4158,31.88,9.7986
688302.SH,20220322,20211231,,,,-38.9748
600282.SH,20220323,20211231,14.2085,-25.8588,5.4352,14.7247
300294.SZ,20220323,20211231,-2.5629,-41.7782,26.8952,5.367
600196.SH,20220323,20211231,45.7394,-1.1231,7.8028,8.6032
300795.SZ,20220323,20211231,174.7865,-21.0325,12.5926,-13.0874
603909.SH,20220323,20211231,-0.4567,23.5903,33.5985,4.2392
603678.SH,20220323,20211231,-3.7572,-5.454,31.7009,22.1171
601969.SH,20220323,20211231,21.6021,-230.4041,29.2209,13.8151
300047.SZ,20220323,20211231,-6.0653,-227.5427,-29.8568,1.2474
605368.SH,20220323,20211231,9.5004,24.9335,34.558,17.3938
002463.SZ,20220323,20211231,5.4541,-28.4256,11.0031,14.1532
000786.SZ,20220323,20211231,9.027,-7.9545,36.7475,19.1721
600011.SH,20220323,20211231,25.25,-142.1082,-28.1237,-11.0669
002982.SZ,20220323,20211231,25.292,779.6764,25.3715,0.5428
605058.SH,20220323,20211231,10.8321,-38.5655,37.2384,8.4047
002649.SZ,20220323,20211231,41.2777,1.968,17.6471,10.8366
301109.SZ,20220427,20211231,,,92.6311,20.4787
301279.SZ,20220429,20211231,,,-16.2047,14.8058
002801.SZ,20220323,20211231,28.7741,60.1565,27.3937,15.6464
600970.SH,20220323,20211231,25.0338,210.9492,25.2189,10.9206
600993.SH,20220323,20211231,-19.0723,8.1548,47.8008,14.3399
601600.SH,20220323,20211231,41.6066,-176.7548,14.0529,12.5987
601882.SH,20220323,20211231,37.3337,122.4824,29.4508,22.5595
300229.SZ,20220323,20211231,-43.6426,-36.0179,60.7743,8.7807
300957.SZ,20220323,20211231,56.6553,54.6659,42.1394,27.3091
601138.SH,20220323,20211231,-10.0594,4.3794,5.6874,16.6696
688589.SH,20220324,20211231,131.1644,24.6134,35.3622,3.9839
839729.BJ,20220324,20211231,-16.5183,-24.9727,54.5799,12.0596
600354.SH,20220324,20211231,38.4394,170.4571,12.4545,-3.867
002243.SZ,20220324,20211231,75.2237,-12.1591,2.6185,7.1572
603677.SH,20220324,20211231,13.8618,158.3503,8.1417,7.098
002662.SZ,20220324,20211231,-25.0773,-100.6406,5.3788,3.2536
300206.SZ,20220324,20211231,-10.8464,-212.5766,11.4447,10.8057
603305.SH,20220323,20211231,93.5197,-20.0615,22.4931,11.0595
600022.SH,20220323,20211231,0.6974,-1306.8417,11.9562,9.1131
688285.SH,20220323,20211231,-9.0706,88.8514,39.6317,11.9219
688112.SH,20220323,20211231,19.2362,5.4158,31.88,9.7986
300999.SZ,20220324,20211231,15.6054,-50.5478,-6.108,5.8699
839729.BJ,20220324,20211231,-16.5183,-24.9727,54.5799,12.0596
300445.SZ,20220324,20211231,13.8363,-1.8045,22.9153,7.1262
603222.SH,20220324,20211231,14.456,108.675,43.9258,10.5465
600808.SH,20220324,20211231,19.7932,-380.8306,20.4796,17.7081
300471.SZ,20220324,20211231,49.1743,99.3764,21.4515,-0.7854
600941.SH,20220324,20211231,3.0833,10.2466,32.8852,9.4034
603259.SH,20220324,20211231,35.173,159.3315,22.0735,11.4492
002772.SZ,20220324,20211231,10.6181,52.245,-113.6774,1.0326
300824.SZ,20220324,20211231,16.6935,23.3559,28.3997,14.6788
600956.SH,20220324,20211231,26.039,10.445,22.4485,13.1187
300722.SZ,20220324,20211231,8.2234,-36.8274,82.6206,12.364
000159.SZ,20220412,20211231,148.2086,-232.022,16.804,0.1295
600688.SH,20220324,20211231,38.8133,-97.2089,16.0615,6.4161
002449.SZ,20220324,20211231,-1.1663,4.9665,17.3794,4.0384
000532.SZ,20220324,20211231,45.3511,309.3193,31.9031,16.8634
688111.SH,20220324,20211231,19.7852,-31.6432,72.5813,11.5329
688183.SH,20220325,20211231,19.1355,76.5059,6.2429,7.8102
002484.SZ,20220325,20211231,9.2391,-28.652,9.755,10.044
600750.SH,20220325,20211231,32.5423,-28.8549,48.5727,10.7655
601898.SH,20220325,20211231,70.4024,-18.6419,22.9044,12.1835
300414.SZ,20220325,20211231,18.0085,-610.6753,-1.0494,1.7705
600418.SH,20220325,20211231,-21.0759,-94.8363,12.7292,-13.3139
600835.SH,20220325,20211231,3.3374,-159.065,-5.5878,5.9904
601878.SH,20220325,20211231,22.4131,1.2526,-40.7863,9.7399
688314.SH,20220325,20211231,20.5596,81.0039,57.1726,17.7578
603577.SH,20220325,20211231,94.3747,-146.6231,-5.7036,3.4384
600727.SH,20220325,20211231,82.3588,56.8807,-0.7831,17.0722
002006.SZ,20220325,20211231,42.0196,107.6534,12.5,2.7778
002393.SZ,20220325,20211231,13.6983,134.567,31.9441,2.6779
600062.SH,20220325,20211231,4.9752,-64.6212,17.7898,9.0662
002396.SZ,20220325,20211231,16.4338,-33.5877,14.0686,10.9677
600508.SH,20220325,20211231,42.1154,-479.2751,12.2052,3.2482
603727.SH,20220325,20211231,24.7054,-137.0215,-30.6726,5.0311
002461.SZ,20220325,20211231,10.4353,-74.1251,-39.3321,5.4846
300233.SZ,20220325,20211231,1.7416,98.2262,19.6535,2.7886
600874.SH,20220325,20211231,43.8274,11.3493,8.7089,8.9501
603606.SH,20220325,20211231,41.1031,-17.0261,35.0565,28.6954
002365.SZ,20220325,20211231,56.3512,419.3772,20.1311,5.0708
600644.SH,20220325,20211231,3.8338,23.7903,30.1965,6.5008
688589.SH,20220324,20211231,131.1644,24.6134,35.3622,3.9839
600354.SH,20220324,20211231,38.4394,170.4571,12.4545,-3.867
600814.SH,20220325,20211231,-18.7477,9.4196,59.165,10.2406
301039.SZ,20220325,20211231,-33.9383,-56.8378,6.7863,5.8596
600717.SH,20220325,20211231,-13.3127,392.1251,23.8632,3.4338
002243.SZ,20220324,20211231,75.2237,-12.1591,2.6185,7.1572
603677.SH,20220324,20211231,13.8618,158.3503,8.1417,7.098
002662.SZ,20220324,20211231,-25.0773,-100.6406,5.3788,3.2536
300206.SZ,20220324,20211231,-10.8464,-212.5766,11.4447,10.8057
300999.SZ,20220324,20211231,15.6054,-50.5478,-6.108,5.8699
300445.SZ,20220324,20211231,13.8363,-1.8045,22.9153,7.1262
603222.SH,20220324,20211231,14.456,108.675,43.9258,10.5465
300471.SZ,20220324,20211231,49.1743,99.3764,21.4515,-0.7854
603259.SH,20220324,20211231,35.173,159.3315,22.0735,11.4492
002772.SZ,20220324,20211231,10.6181,52.245,-113.6774,1.0326
600956.SH,20220324,20211231,26.039,10.445,22.4485,13.1187
300722.SZ,20220324,20211231,8.2234,-36.8274,82.6206,12.364
600688.SH,20220324,20211231,38.8133,-97.2089,16.0615,6.4161
002449.SZ,20220324,20211231,-1.1663,4.9665,17.3794,4.0384
000532.SZ,20220324,20211231,45.3511,309.3193,31.9031,16.8634
688111.SH,20220324,20211231,19.7852,-31.6432,72.5813,11.5329
000037.SZ,20220325,20211231,-7.1789,-516.7636,-76.4121,-28.0184
002050.SZ,20220325,20211231,22.303,5.6669,9.189,14.0229
601898.SH,20220325,20211231,70.4024,-18.6419,22.9044,12.1835
300414.SZ,20220325,20211231,18.0085,-610.6753,-1.0494,1.7705
600835.SH,20220325,20211231,3.3374,-159.065,-5.5878,5.9904
601878.SH,20220325,20211231,22.4131,1.2526,-40.7863,9.7399
600062.SH,20220325,20211231,4.9752,-64.6212,17.7898,9.0662
601456.SH,20220325,20211231,78.6025,80.0383,-60.1784,6.5862
300374.SZ,20220325,20211231,-55.1219,-303.8383,24.6034,-27.5066
002053.SZ,20220325,20211231,18.6039,129.6515,44.2042,4.9897
603458.SH,20220325,20211231,-28.1516,-78.8435,44.7039,9.8263
000409.SZ,20220325,20211231,36.6209,-92.7019,0.7065,1.8449
300055.SZ,20220325,20211231,206.5669,98.0584,27.7876,2.0784
688139.SH,20220325,20211231,44.0213,35.3172,24.592,13.0666
300458.SZ,20220325,20211231,11.0512,265.6394,6.1414,14.1428
601808.SH,20220325,20211231,24.124,-307.7047,78.9227,-0.0915
601788.SH,20220325,20211231,-15.2867,123.2748,-200.2524,7.3008
603713.SH,20220325,20211231,158.8601,68.9335,3.5675,16.8942
688733.SH,20220325,20211231,102.5708,72.5297,18.3407,11.2919
002253.SZ,20220325,20211231,-52.4457,-126.3758,66.8976,0.632
600268.SH,20220325,20211231,2.6533,5.5563,44.7336,7.9692
600882.SH,20220325,20211231,37.4494,72.6811,25.5157,4.0684
300423.SZ,20220325,20211231,-28.2812,-74.9266,60.4079,4.6743
601998.SH,20220325,20211231,8.3456,15.1136,-106.9977,9.482
301051.SZ,20220325,20211231,19.7147,-87.2238,29.9301,7.2579
300233.SZ,20220325,20211231,1.7416,98.2262,19.6535,2.7886
002365.SZ,20220325,20211231,56.3512,419.3772,20.1311,5.0708
301039.SZ,20220325,20211231,-33.9383,-56.8378,6.7863,5.8596
002667.SZ,20220325,20211231,-62.8709,-1033.0811,-74.4039,-13.6492
300457.SZ,20220325,20211231,212.7126,260.8871,2.1518,5.3565
301075.SZ,20220325,20211231,-16.2666,-38.7906,6.4586,11.2473
002873.SZ,20220325,20211231,7.411,-8.2501,11.8519,10.8148
000835.SZ,20220325,20211231,139.1309,-291.3119,77.3662,
002564.SZ,20220325,20211231,-29.0721,-246.2309,48.8303,-120.6413
300650.SZ,20220325,20211231,8.6047,-41.6275,17.1584,13.9324
603288.SH,20220325,20211231,22.8526,7.189,52.9832,29.583
600675.SH,20220325,20211231,-73.604,-129.8006,231.1415,3.3924
688388.SH,20220325,20211231,97.6562,122.764,19.4468,16.0354
600575.SH,20220325,20211231,32.4544,330.6459,9.5606,3.3157
601628.SH,20220325,20211231,-2.0108,-23.9069,30.6283,11.0239
000952.SZ,20220325,20211231,76.4624,33.903,1.7797,4.6298
600825.SH,20220325,20211231,-17.3447,103.3837,165.2717,0.8481
300852.SZ,20220325,20211231,67.0365,35.6801,11.9066,17.945
601166.SH,20220325,20211231,11.3623,26.3779,-529.8239,12.65
000822.SZ,20220325,20211231,82.621,228.1622,32.4766,18.207
300036.SZ,20220325,20211231,9.2956,8.0881,95.1002,10.1072
601992.SH,20220325,20211231,0.1682,69.8491,15.169,2.6443
000761.SZ,20220326,20211231,19.1701,-1367.463,-6.8569,11.5708
600713.SH,20220326,20211231,9.1487,69.4774,23.2166,10.3492
000423.SZ,20220326,20211231,-25.2605,116.528,40.7745,3.5767
002187.SZ,20220326,20211231,18.052,-39.9607,17.4562,3.1262
836675.BJ,20220326,20211231,-46.6313,-40.457,89.81,11.9363
601799.SH,20220326,20211231,-12.5545,-53.3882,2.2403,12.2912
688183.SH,20220325,20211231,19.1355,76.5059,6.2429,7.8102
002484.SZ,20220325,20211231,9.2391,-28.652,9.755,10.044
600218.SH,20220326,20211231,29.8228,-32.4754,28.5037,4.0029
603758.SH,20220326,20211231,10.057,-61.5626,-11.3604,6.4236
600650.SH,20220326,20211231,-14.9714,-76.8735,12.2283,2.8804
600647.SH,20220326,20211231,145.2966,-122.6938,338.7906,0.1366
002683.SZ,20220326,20211231,30.6406,6.6231,29.1034,7.8232
688106.SH,20220326,20211231,47.5722,-24.1459,13.7444,4.7718
002079.SZ,20220326,20211231,-9.9089,106.5983,22.9785,7.7609
600750.SH,20220325,20211231,32.5423,-28.8549,48.5727,10.7655
600418.SH,20220325,20211231,-21.0759,-94.8363,12.7292,-13.3139
688314.SH,20220325,20211231,20.5596,81.0039,57.1726,17.7578
600318.SH,20220326,20211231,-33.5797,-732.0055,164.7756,-25.3575
600375.SH,20220326,20211231,-17.5879,-84.6345,17.5188,-69.6267
871553.BJ,20220326,20211231,4.9056,-32.8572,30.56,8.1288
002234.SZ,20220326,20211231,-17.4902,-886.6168,-46.1591,1.3377
002643.SZ,20220326,20211231,17.0486,-14.1438,4.8118,10.9849
002262.SZ,20220326,20211231,5.7663,-20.6692,16.5232,17.2149
603577.SH,20220325,20211231,94.3747,-146.6231,-5.7036,3.4384
600727.SH,20220325,20211231,82.3588,56.8807,-0.7831,17.0722
002006.SZ,20220325,20211231,42.0196,107.6534,12.5,2.7778
002393.SZ,20220325,20211231,13.6983,134.567,31.9441,2.6779
002396.SZ,20220325,20211231,16.4338,-33.5877,14.0686,10.9677
600508.SH,20220325,20211231,42.1154,-479.2751,12.2052,3.2482
600279.SH,20220326,20211231,-50.7877,43.6345,15.8321,0.0296
000544.SZ,20220326,20211231,241.6071,-14.5811,-46.3229,7.6108
601456.SH,20220325,20211231,78.6025,80.0383,-60.1784,6.5862
002053.SZ,20220325,20211231,18.6039,129.6515,44.2042,4.9897
603458.SH,20220325,20211231,-28.1516,-78.8435,44.7039,9.8263
002232.SZ,20220326,20211231,-24.1217,-110.6642,16.9303,1.9927
603933.SH,20220326,20211231,18.9896,-87.8603,-20.0538,6.9939
000970.SZ,20220326,20211231,34.3507,189.9462,-23.202,7.8281
600560.SH,20220326,20211231,69.1127,101.1742,-10.3912,4.065
300055.SZ,20220325,20211231,206.5669,98.0584,27.7876,2.0784
688139.SH,20220325,20211231,44.0213,35.3172,24.592,13.0666
300458.SZ,20220325,20211231,11.0512,265.6394,6.1414,14.1428
601808.SH,20220325,20211231,24.124,-307.7047,78.9227,-0.0915
601788.SH,20220325,20211231,-15.2867,123.2748,-200.2524,7.3008
603713.SH,20220325,20211231,158.8601,68.9335,3.5675,16.8942
688733.SH,20220325,20211231,102.5708,72.5297,18.3407,11.2919
000969.SZ,20220326,20211231,8.2779,-51.2682,37.5374,2.4499
600620.SH,20220326,20211231,74.8178,-3163.8181,-496.9642,3.5759
002253.SZ,20220325,20211231,-52.4457,-126.3758,66.8976,0.632
600268.SH,20220325,20211231,2.6533,5.5563,44.7336,7.9692
600882.SH,20220325,20211231,37.4494,72.6811,25.5157,4.0684
300423.SZ,20220325,20211231,-28.2812,-74.9266,60.4079,4.6743
601998.SH,20220325,20211231,8.3456,15.1136,-106.9977,9.482
301051.SZ,20220325,20211231,19.7147,-87.2238,29.9301,7.2579
002561.SZ,20220326,20211231,2.3107,263.7336,58.9228,3.5445
000759.SZ,20220326,20211231,3.1385,10.7484,-4.0519,-4.1432
600563.SH,20220326,20211231,42.4747,48.3275,42.647,23.2337
600829.SH,20220326,20211231,-9.7662,847.2106,0.8235,12.9449
603727.SH,20220325,20211231,24.7054,-137.0215,-30.6726,5.0311
002461.SZ,20220325,20211231,10.4353,-74.1251,-39.3321,5.4846
600874.SH,20220325,20211231,43.8274,11.3493,8.7089,8.9501
603606.SH,20220325,20211231,41.1031,-17.0261,35.0565,28.6954
600644.SH,20220325,20211231,3.8338,23.7903,30.1965,6.5008
600618.SH,20220326,20211231,38.1588,133.8838,36.5372,29.5627
600251.SH,20220326,20211231,-141.3487,409.683,,10.1765
600585.SH,20220326,20211231,-11.4759,4.4187,26.9214,18.1618
600362.SH,20220326,20211231,15.5903,43.2652,0.9156,10.939
601008.SH,20220326,20211231,8.127,79.319,-1.9203,0.9072
300265.SZ,20220326,20211231,35.7173,-24.8865,23.6143,1.8231
600814.SH,20220325,20211231,-18.7477,9.4196,59.165,10.2406
600717.SH,20220325,20211231,-13.3127,392.1251,23.8632,3.4338
002667.SZ,20220325,20211231,-62.8709,-1033.0811,-74.4039,-13.6492
300457.SZ,20220325,20211231,212.7126,260.8871,2.1518,5.3565
301075.SZ,20220325,20211231,-16.2666,-38.7906,6.4586,11.2473
002873.SZ,20220325,20211231,7.411,-8.2501,11.8519,10.8148
000835.SZ,20220325,20211231,139.1309,-291.3119,77.3662,
002564.SZ,20220325,20211231,-29.0721,-246.2309,48.8303,-120.6413
300650.SZ,20220325,20211231,8.6047,-41.6275,17.1584,13.9324
603288.SH,20220325,20211231,22.8526,7.189,52.9832,29.583
600675.SH,20220325,20211231,-73.604,-129.8006,231.1415,3.3924
688388.SH,20220325,20211231,97.6562,122.764,19.4468,16.0354
600575.SH,20220325,20211231,32.4544,330.6459,9.5606,3.3157
601628.SH,20220325,20211231,-2.0108,-23.9069,30.6283,11.0239
000952.SZ,20220325,20211231,76.4624,33.903,1.7797,4.6298
600825.SH,20220325,20211231,-17.3447,103.3837,165.2717,0.8481
300852.SZ,20220325,20211231,67.0365,35.6801,11.9066,17.945
000822.SZ,20220325,20211231,82.621,228.1622,32.4766,18.207
300036.SZ,20220325,20211231,9.2956,8.0881,95.1002,10.1072
601992.SH,20220325,20211231,0.1682,69.8491,15.169,2.6443
301163.SZ,20220325,20211231,,,-6.9583,11.3485
688125.SH,20220325,20211231,-19.9071,-48.6747,-20.3572,23.4178
301120.SZ,20220325,20211231,,,18.2951,10.4755
002202.SZ,20220326,20211231,-11.5067,-50.3425,41.8084,8.5882
300741.SZ,20220326,20211231,-11.3393,-30.8211,75.2461,11.0161
601088.SH,20220326,20211231,52.2737,69.7218,26.4689,13.5771
600649.SH,20220326,20211231,-2.8605,-66.9748,-23.7338,1.5303
600729.SH,20220326,20211231,-15.2214,52.2805,-5.3503,14.5006
002948.SZ,20220326,20211231,38.9906,30.5214,358.1734,9.2293
300675.SZ,20220326,20211231,3.9381,68.5688,68.9207,5.611
600828.SH,20220326,20211231,-10.9111,142.5744,89.9566,4.9318
600420.SH,20220326,20211231,1.3225,-451.7963,9.4843,5.945
601328.SH,20220326,20211231,14.1664,-9.1581,145.8413,9.5007
002909.SZ,20220326,20211231,2.7498,42.5672,43.1587,5.0757
600085.SH,20220326,20211231,3.9025,-2.8555,25.9153,11.8158
002945.SZ,20220326,20211231,-1.8173,-98.1436,-982.1087,7.1913
000928.SZ,20220326,20211231,-2.8408,-56.4827,55.8652,5.6021
002672.SZ,20220326,20211231,35.5911,-102.2424,9.8042,3.3827
600027.SH,20220326,20211231,-4.4129,-1152.3704,-46.8078,-12.4974
300639.SZ,20220326,20211231,55.6808,129.6524,54.6771,30.1103
601818.SH,20220326,20211231,0.8042,1.2162,180.1963,9.2049
000973.SZ,20220326,20211231,-7.623,-14.2946,14.1021,3.7433
002066.SZ,20220326,20211231,-5.6693,-21.2641,13.4729,7.2832
600647.SH,20220326,20211231,145.2966,-122.6938,338.7906,0.1366
688057.SH,20220326,20211231,-5.7397,3.9848,61.9857,11.5157
300363.SZ,20220326,20211231,84.1952,91.0931,21.3464,13.6366
601319.SH,20220326,20211231,10.9851,-35.2588,17.792,10.194
002175.SZ,20220326,20211231,-7.9177,230.9066,-1.7522,
000999.SZ,20220326,20211231,-2.377,1751.9421,9.5906,12.7745
603357.SH,20220326,20211231,5.3682,-0.1492,39.9974,13.3429
600673.SH,20220326,20211231,50.8317,132.4012,22.9683,2.8691
600318.SH,20220326,20211231,-33.5797,-732.0055,164.7756,-25.3575
000972.SZ,20220326,20211231,832.2081,76.7819,43.1773,-83.5882
000938.SZ,20220326,20211231,6.9189,-4.9227,8.0564,5.5417
000538.SZ,20220326,20211231,-9.0823,-72.0472,-16.3598,8.7538
000514.SZ,20220326,20211231,106.5056,71.5939,7.4302,4.9983
301002.SZ,20220326,20211231,15.736,-29.2472,11.6293,21.8447
003006.SZ,20220326,20211231,10.1652,4.0099,18.6294,18.0112
601375.SH,20220326,20211231,5.8354,-6.2309,-14.9361,3.6255
300322.SZ,20220326,20211231,-5.0791,372.1441,4.7041,2.3728
002465.SZ,20220326,20211231,-5.0478,6.4826,49.7926,5.5801
600733.SH,20220326,20211231,92.4006,27.7532,74.3749,-50.2989
000626.SZ,20220326,20211231,11.8183,114.1608,2.1395,3.8436
300019.SZ,20220326,20211231,50.4886,58.8976,27.1147,15.6353
601869.SH,20220326,20211231,-1.136,4.7857,19.576,3.2995
300119.SZ,20220326,20211231,-5.7316,-17.3617,32.7325,8.7732
600829.SH,20220326,20211231,-9.7662,847.2106,0.8235,12.9449
600251.SH,20220326,20211231,-141.3487,409.683,,10.1765
600585.SH,20220326,20211231,-11.4759,4.4187,26.9214,18.1618
600362.SH,20220326,20211231,15.5903,43.2652,0.9156,10.939
601200.SH,20220326,20211231,6.8181,-32.5166,-6.0404,7.0658
000619.SZ,20220326,20211231,-12.6287,-826.7259,-1.7611,-4.3782
300682.SZ,20220326,20211231,25.9087,15.9015,20.6018,12.1038
601608.SH,20220326,20211231,2.7508,-47.5541,23.7295,0.2371
300006.SZ,20220326,20211231,-34.847,63.1855,12.6131,-8.2948
002202.SZ,20220326,20211231,-11.5067,-50.3425,41.8084,8.5882
300741.SZ,20220326,20211231,-11.3393,-30.8211,75.2461,11.0161
601088.SH,20220326,20211231,52.2737,69.7218,26.4689,13.5771
600649.SH,20220326,20211231,-2.8605,-66.9748,-23.7338,1.5303
600729.SH,20220326,20211231,-15.2214,52.2805,-5.3503,14.5006
300675.SZ,20220326,20211231,3.9381,68.5688,68.9207,5.611
600828.SH,20220326,20211231,-10.9111,142.5744,89.9566,4.9368
600420.SH,20220326,20211231,1.3225,-451.7963,9.4843,5.945
002909.SZ,20220326,20211231,2.7498,42.5672,43.1587,5.0757
600085.SH,20220326,20211231,3.9025,-2.8555,25.9153,11.8158
000761.SZ,20220326,20211231,19.1701,-1367.463,-6.8569,11.5708
600713.SH,20220326,20211231,9.1487,69.4774,23.2166,10.3492
000423.SZ,20220326,20211231,-25.2605,116.528,40.7745,3.5767
002187.SZ,20220326,20211231,18.052,-39.9607,17.4562,3.1262
836675.BJ,20220326,20211231,-46.6313,-40.457,89.81,11.9363
601799.SH,20220326,20211231,-12.5545,-53.3882,2.2403,12.2912
000928.SZ,20220326,20211231,-2.8408,-56.4827,55.8652,5.6021
002672.SZ,20220326,20211231,35.5911,-102.2424,9.8042,3.3827
600027.SH,20220326,20211231,-4.4129,-1152.3704,-46.8078,-12.4974
300639.SZ,20220326,20211231,55.6808,129.6524,54.6771,30.1103
000973.SZ,20220326,20211231,-7.623,-14.2946,14.1021,3.7433
002066.SZ,20220326,20211231,-5.6693,-21.2641,13.4729,7.2832
600218.SH,20220326,20211231,29.8228,-32.4754,28.5037,4.0029
603758.SH,20220326,20211231,10.057,-61.5626,-11.3604,6.4236
600650.SH,20220326,20211231,-14.9714,-76.8735,12.2283,2.8804
002683.SZ,20220326,20211231,30.6406,6.6231,29.1034,7.8232
688106.SH,20220326,20211231,47.5722,-24.1459,13.7444,4.7718
002079.SZ,20220326,20211231,-9.9089,106.5983,22.9785,7.7609
688057.SH,20220326,20211231,-5.7397,3.9848,61.9857,11.5157
300363.SZ,20220326,20211231,84.1952,91.0931,21.3464,13.6366
601319.SH,20220326,20211231,10.9851,-35.2588,17.792,10.194
002175.SZ,20220326,20211231,-7.9177,230.9066,-1.7522,
000999.SZ,20220326,20211231,-2.377,1751.9421,9.5906,12.7745
603357.SH,20220326,20211231,5.3682,-0.1492,39.9974,13.3429
600673.SH,20220326,20211231,50.8317,132.4012,22.9683,2.8691
600375.SH,20220326,20211231,-17.5879,-84.6345,17.5188,-69.6267
002234.SZ,20220326,20211231,-17.4902,-886.6168,-46.1591,1.3377
002643.SZ,20220326,20211231,17.0486,-14.1438,4.8118,10.9854
002262.SZ,20220326,20211231,5.7663,-20.6692,16.5232,17.2149
000972.SZ,20220326,20211231,832.2081,76.7819,43.1773,-83.5882
000938.SZ,20220326,20211231,6.9189,-4.9227,8.0564,5.5417
000538.SZ,20220326,20211231,-9.0823,-72.0472,-16.3598,8.7538
000514.SZ,20220326,20211231,106.5056,71.5939,7.4302,4.9983
301002.SZ,20220326,20211231,15.736,-29.2472,11.6293,21.8447
003006.SZ,20220326,20211231,10.1652,4.0099,18.6294,18.0112
600279.SH,20220326,20211231,-50.7877,43.6345,15.8321,0.0296
000544.SZ,20220326,20211231,241.6071,-14.5811,-46.3229,7.6108
300322.SZ,20220326,20211231,-5.0791,372.1441,4.7041,2.3728
002465.SZ,20220326,20211231,-5.0478,6.4826,49.7926,5.5801
600733.SH,20220326,20211231,92.4006,27.7532,74.3749,-50.2989
000626.SZ,20220326,20211231,11.8183,114.1608,2.1395,3.8436
300019.SZ,20220326,20211231,50.4886,58.8976,27.1147,15.6353
002232.SZ,20220326,20211231,-24.1217,-110.6642,16.9303,1.9927
603933.SH,20220326,20211231,18.9896,-87.8603,-20.0538,6.9939
000970.SZ,20220326,20211231,34.3507,189.9462,-23.202,7.8281
600560.SH,20220326,20211231,69.1127,101.1742,-10.3912,4.065
601869.SH,20220326,20211231,-1.136,4.7857,19.576,3.2995
300119.SZ,20220326,20211231,-5.7316,-17.3617,32.7325,8.7732
600620.SH,20220326,20211231,74.8178,-3163.8181,-496.9642,3.5759
002561.SZ,20220326,20211231,2.3107,263.7336,58.9228,3.5445
600563.SH,20220326,20211231,42.4747,48.3275,42.647,23.2337
600618.SH,20220326,20211231,38.1588,133.8838,36.5372,29.5627
601008.SH,20220326,20211231,8.127,79.319,-1.9203,0.9072
300265.SZ,20220326,20211231,35.7173,-24.8865,23.6143,1.8231
601200.SH,20220326,20211231,6.8181,-32.5166,-6.0404,7.0658
000619.SZ,20220326,20211231,-12.6287,-826.7259,-1.7611,-4.3782
300682.SZ,20220326,20211231,25.9087,15.9015,20.6018,12.1038
601608.SH,20220326,20211231,2.7508,-47.5541,23.7295,0.2371
300006.SZ,20220326,20211231,-34.847,63.1855,12.6131,-8.2948
002585.SZ,20220328,20211231,6.1465,52.5434,-18.7756,13.9453
600202.SH,20220328,20211231,-19.7422,-38.1844,60.7975,-7.251
601872.SH,20220328,20211231,53.3163,311.2285,31.9114,7.1933
688185.SH,20220328,20211231,6217.1999,362.9685,66.4559,25.5517
002119.SZ,20220328,20211231,13.5306,248.9136,18.4942,15.8446
688662.SH,20220328,20211231,1.8881,10.1312,36.2555,14.564
002703.SZ,20220328,20211231,3.971,-479.8507,-12.1057,0.1183
300790.SZ,20220328,20211231,-13.0495,-65.1508,3.0795,16.0719
603527.SH,20220328,20211231,55.0775,163.858,3.8721,12.9724
300501.SZ,20220328,20211231,7.017,-15.569,-3.0769,8.782
300988.SZ,20220328,20211231,13.2211,-9.5616,15.728,9.7586
300759.SZ,20220328,20211231,38.4206,61.9886,29.9812,14.114
600377.SH,20220328,20211231,128.8785,-31.3546,21.5354,12.59
000534.SZ,20220328,20211231,3.6104,42.3272,32.9928,4.4892
000099.SZ,20220328,20211231,5.9441,-50.4172,46.2887,3.974
600028.SH,20220328,20211231,33.5657,15.7174,14.8401,9.5179
688511.SH,20220328,20211231,-16.6985,13.0777,48.4134,18.6795
688009.SH,20220328,20211231,-19.6079,-25.8329,18.6067,7.2548
600999.SH,20220328,20211231,19.9543,41.583,-4.2383,10.6185
601601.SH,20220328,20211231,11.7702,-15.9643,37.5224,12.082
301163.SZ,20220325,20211231,,,-6.9583,11.3485
002585.SZ,20220328,20211231,6.1465,52.5434,-18.7756,13.9453
600202.SH,20220328,20211231,-19.7422,-38.1844,60.7975,-7.251
601872.SH,20220328,20211231,53.3163,311.2285,31.9114,7.1933
688185.SH,20220328,20211231,6217.1999,362.9685,66.4559,25.5517
002119.SZ,20220328,20211231,13.5306,248.9136,18.4942,15.8446
688662.SH,20220328,20211231,1.8881,10.1312,36.2555,14.564
002703.SZ,20220328,20211231,3.971,-479.8507,-12.1057,0.1183
300790.SZ,20220328,20211231,-13.0495,-65.1508,3.0795,16.0719
603527.SH,20220328,20211231,55.0775,163.858,3.8721,12.9724
300501.SZ,20220328,20211231,7.017,-15.569,-3.0769,8.782
300988.SZ,20220328,20211231,13.2211,-9.5616,15.728,9.7586
300759.SZ,20220328,20211231,38.4206,61.9886,29.9812,14.114
000534.SZ,20220328,20211231,3.6104,42.3272,32.9928,4.4892
000099.SZ,20220328,20211231,5.9441,-50.4172,46.2887,3.974
600028.SH,20220328,20211231,33.5657,15.7174,14.8401,9.5179
688511.SH,20220328,20211231,-16.6985,13.0777,48.4134,18.6795
688009.SH,20220328,20211231,-19.6079,-25.8329,18.6067,7.2548
600999.SH,20220328,20211231,19.9543,41.583,-4.2383,10.6185
000919.SZ,20220329,20211231,1.8162,285.3877,11.7609,2.4946
603126.SH,20220329,20211231,11.4879,-61.4574,11.5301,6.994
002410.SZ,20220329,20211231,43.0675,84.4708,56.0108,10.683
300066.SZ,20220329,20211231,-12.6383,-23.4454,42.8947,8.6908
603886.SH,20220329,20211231,13.7939,8.0956,-35.3058,19.1442
603899.SH,20220329,20211231,18.6055,16.9761,10.5606,23.7001
605166.SH,20220329,20211231,86.459,-27.1683,2.2127,18.0766
002692.SZ,20220329,20211231,-4.5965,121.9845,32.9972,1.7905
600724.SH,20220329,20211231,36.0045,-20.307,12.5041,9.4475
600269.SH,20220329,20211231,31.3387,-32.2551,44.7255,6.4214
000962.SZ,20220329,20211231,-32.5507,-117.5832,-26.5163,6.1038
600754.SH,20220329,20211231,3.2573,102.0203,20.782,-0.8314
301106.SZ,20220329,20211231,26.6745,8.3793,20.2379,17.9162
603809.SH,20220329,20211231,0.5236,-37.403,39.9984,9.6041
600103.SH,20220329,20211231,15.0882,-56.2902,26.0354,3.7851
300347.SZ,20220329,20211231,103.9132,153.1793,38.2391,7.193
600547.SH,20220329,20211231,62.2378,484.2918,7.5498,-1.9074
600888.SH,20220329,20211231,12.4662,137.4259,0.8149,15.9802
300037.SZ,20220329,20211231,159.8128,204.7177,14.5357,20.9854
002401.SZ,20220329,20211231,-2.3006,-21.786,46.853,10.2945
300815.SZ,20220329,20211231,8.5621,-52.1412,19.5981,16.9206
300087.SZ,20220329,20211231,84.4208,32.479,-3.5911,14.6014
300354.SZ,20220329,20211231,0.1836,-2.7332,35.9964,16.7083
600370.SH,20220329,20211231,36.8819,30.6573,8.1006,10.4155
603268.SH,20220329,20211231,-25.4439,-5115.5814,7.1279,-60.6317
002988.SZ,20220329,20211231,44.7993,-35.7521,9.3473,5.8948
872925.BJ,20220329,20211231,-12.0406,-31.3699,43.7199,9.3683
300818.SZ,20220329,20211231,231.482,559.5103,6.239,16.1305
688697.SH,20220329,20211231,46.0334,197.6511,3.1978,17.4495
605277.SH,20220329,20211231,22.8604,-7.9418,13.9098,14.0728
601975.SH,20220329,20211231,24.703,284.8089,27.1087,4.8956
688326.SH,20220328,20211231,5.1923,1.215,28.8156,7.8017
600602.SH,20220329,20211231,-4.061,-7.4754,37.1926,3.5333
600845.SH,20220329,20211231,2.8083,12.3522,3.8771,21.0767
688196.SH,20220329,20211231,178.7363,196.1944,-1.9877,13.5735
600171.SH,20220329,20211231,17.1678,-43.5471,8.8867,11.0036
600460.SH,20220329,20211231,49.796,3287.7012,24.7906,18.1631
600130.SH,20220329,20211231,-29.2633,3853.7411,14.7504,-0.094
301060.SZ,20220329,20211231,34.5238,50.995,54.8029,13.0574
000910.SZ,20220329,20211231,0.2392,-41.4755,11.8969,9.5057
000895.SZ,20220329,20211231,-13.2987,7.2766,25.5664,19.042
603565.SH,20220329,20211231,10.3097,62.6799,43.1908,21.3896
688236.SH,20220329,20211231,17.9294,-0.0698,27.4047,17.3413
300755.SZ,20220329,20211231,18.0371,79.1956,-28.6683,21.1095
300885.SZ,20220329,20211231,12.4948,-31.7909,23.3554,10.2418
600724.SH,20220329,20211231,36.0045,-20.307,12.5041,9.4475
600754.SH,20220329,20211231,3.2573,102.0203,20.782,-0.8314
600547.SH,20220329,20211231,62.2378,484.2918,7.5498,-1.9074
601975.SH,20220329,20211231,24.703,284.8089,27.1087,4.8956
300997.SZ,20220329,20211231,26.1146,-12.0099,24.471,17.1018
300188.SZ,20220329,20211231,-1.0862,-9.1212,43.8612,8.0637
002054.SZ,20220329,20211231,3.2233,2942.9251,7.5107,5.9533
600597.SH,20220329,20211231,9.6119,-16.3134,15.8741,6.1299
603578.SH,20220329,20211231,44.0179,-7.0352,29.8538,9.6072
601231.SH,20220329,20211231,3.0973,-0.4475,3.949,13.4896
601666.SH,20220329,20211231,82.1648,212.2266,12.9288,17.5067
603267.SH,20220329,20211231,-6.4924,2.3413,112.1492,27.537
600792.SH,20220329,20211231,32.1616,-431.6306,4.784,-1.4238
600066.SH,20220329,20211231,-6.4247,-2.0352,-0.0795,1.9667
600623.SH,20220329,20211231,-2.9274,24.68,38.508,13.1007
300595.SZ,20220329,20211231,13.1974,-28.267,44.8103,24.5919
000768.SZ,20220329,20211231,-11.4787,-73.7088,-9.2271,3.6566
002968.SZ,20220329,20211231,51.567,18.2709,31.8755,16.4304
603859.SH,20220329,20211231,25.8657,34.781,32.3477,8.3161
000034.SZ,20220329,20211231,28.1998,-16.5447,-1.0752,12.472
300686.SZ,20220329,20211231,-42.3758,-240.85,18.4907,0.7828
000039.SZ,20220329,20211231,48.7012,-145.8693,11.737,12.2802
002226.SZ,20220329,20211231,135.2978,925.7483,11.4722,7.2785
601068.SH,20220329,20211231,11.1438,46.8914,15.1797,-12.5642
003018.SZ,20220329,20211231,59.5706,32.5269,62.5707,8.9198
300138.SZ,20220329,20211231,38.4806,47.9964,-73.0354,11.7348
002797.SZ,20220329,20211231,-19.8736,-52.4479,-222.6928,5.1659
600528.SH,20220329,20211231,12.0905,-8.9466,42.9167,7.6055
688505.SH,20220329,20211231,30.9872,18.6263,27.5534,8.2386
000513.SZ,20220329,20211231,3.8427,10.0865,22.1548,12.9588
688356.SH,20220329,20211231,46.9786,13.0863,-1.059,16.4763
688799.SH,20220329,20211231,8.6225,6.0,10.4918,13.1637
002012.SZ,20220329,20211231,-25.9556,-6.9593,23.8286,6.2763
600486.SH,20220329,20211231,38.6745,10.7091,-0.015,17.6438
300224.SZ,20220329,20211231,58.8543,127.6358,7.1783,9.4342
601717.SH,20220329,20211231,0.5241,1322.5306,29.7684,12.8733
000837.SZ,20220329,20211231,-13.2686,-25.0003,17.1356,4.4739
603199.SH,20220329,20211231,-26.2292,-75.9405,41.9773,3.791
688660.SH,20220329,20211231,-56.7595,-91.5454,93.0893,6.9156
000060.SZ,20220329,20211231,48.3646,-50.845,5.1631,8.3133
002430.SZ,20220329,20211231,4.3239,-25.4082,4.7986,16.8473
300011.SZ,20220329,20211231,40.9132,109.3869,-7.2257,-0.2656
300218.SZ,20220329,20211231,12.0645,-0.4187,18.0667,10.9748
688366.SH,20220329,20211231,11.7926,-64.4532,32.8404,5.8543
603659.SH,20220329,20211231,39.6478,105.2204,12.602,17.1131
300563.SZ,20220329,20211231,49.8376,58.3984,14.9328,6.4218
002966.SZ,20220329,20211231,11.7504,37.2113,-34.6437,9.7634
688513.SH,20220329,20211231,0.1351,-13.0368,1.296,6.2489
300614.SZ,20220329,20211231,-5.0841,-41.366,49.228,8.8537
000933.SZ,20220329,20211231,124.5007,795.4362,5.4383,42.6691
000533.SZ,20220329,20211231,2.574,-110.3854,13.5429,0.3772
300857.SZ,20220329,20211231,-11.1663,5.4014,-2.8737,8.1656
600857.SH,20220329,20211231,2.2904,-2.9296,14.913,7.1779
002240.SZ,20220329,20211231,244.9274,1436.5263,32.862,20.7281
603168.SH,20220329,20211231,32.7194,99.6756,37.3045,2.3372
300235.SZ,20220329,20211231,31.5008,63.256,121.1662,2.4357
000816.SZ,20220329,20211231,-26.9938,50.6588,57.5113,0.3204
688336.SH,20220329,20211231,336.3229,107.6876,-31.7633,-0.1674
600866.SH,20220329,20211231,32.2055,-30.8887,30.3073,5.6197
000680.SZ,20220329,20211231,0.6846,19.0911,-12.4169,5.5205
002294.SZ,20220329,20211231,44.1082,168.621,38.1476,4.1841
688151.SH,20220329,20211231,-17.6925,-62.4689,195.121,10.116
600012.SH,20220329,20211231,12.6574,9.6614,32.3288,12.0243
002819.SZ,20220329,20211231,127.8689,565.6721,24.4972,7.8337
000728.SZ,20220329,20211231,141.205,101.3071,9.7892,6.031
600760.SH,20220329,20211231,9.1153,-24.2912,29.2673,14.8097
600538.SH,20220329,20211231,39.055,-68.4524,33.1472,0.7974
688078.SH,20220329,20211231,57.7196,-0.1371,13.183,11.0073
600298.SH,20220329,20211231,22.9146,-19.0609,29.1868,16.6357
000629.SZ,20220329,20211231,14.5088,185.8377,45.5874,11.7767
600183.SH,20220329,20211231,22.474,29.811,13.2214,21.9987
300327.SZ,20220329,20211231,48.0698,74.0055,30.0318,30.4362
300184.SZ,20220329,20211231,9.2215,102.3984,-1.1862,9.8927
600600.SH,20220329,20211231,1.7312,41.3739,-3.5502,10.1164
002416.SZ,20220329,20211231,48.4379,-21.1629,5.22,13.9707
688209.SH,20220329,20211231,29.4202,56.1085,16.1677,34.757
300154.SZ,20220329,20211231,105.177,517.4772,11.4286,5.5203
300249.SZ,20220329,20211231,15.3811,98.965,6.3965,4.1701
600267.SH,20220329,20211231,-5.357,-116.8334,22.6404,3.0078
002839.SZ,20220329,20211231,8.3419,41.2569,343.6133,9.6939
600030.SH,20220329,20211231,51.0495,143.3393,-1.1688,11.9288
002948.SZ,20220326,20211231,38.9906,30.5214,358.1734,9.2293
688659.SH,20220330,20211231,-14.5897,-28.5405,-1.3169,9.9803
300016.SZ,20220330,20211231,-19.9823,-133.463,-26.6188,5.1979
300505.SZ,20220330,20211231,94.0416,1127.5165,26.4534,14.4934
002020.SZ,20220330,20211231,5.5267,-34.1256,25.6886,11.8003
688072.SH,20220329,20211231,,,55.5774,-7.085
000782.SZ,20220330,20211231,33.7702,-90.7321,-3.5758,4.4966
603967.SH,20220330,20211231,138.0411,10.8479,4.6921,9.3976
688321.SH,20220330,20211231,84.5752,726.1262,44.4717,-0.2684
601996.SH,20220330,20211231,15.4898,1.85,14.3578,5.1336
600018.SH,20220330,20211231,16.6025,27.9573,37.857,14.575
688323.SH,20220330,20211231,14.302,-6.029,40.599,6.8382
002342.SZ,20220330,20211231,-2.807,-68.2371,16.7894,0.7403
603099.SH,20220330,20211231,-30.2768,-54.8586,-69.9776,-6.2604
300092.SZ,20220330,20211231,42.0577,92.0464,23.3638,12.968
688569.SH,20220330,20211231,43.7247,27.2802,55.7574,7.0228
600621.SH,20220330,20211231,-22.8295,-77.8508,986.331,4.0769
688016.SH,20220330,20211231,22.8088,26.1662,43.9065,21.1458
601326.SH,20220330,20211231,2.1785,124.4085,27.4269,6.3596
603227.SH,20220330,20211231,6.9446,87.0161,15.2675,8.0138
601696.SH,20220330,20211231,10.2484,-47.4867,93.0752,5.5991
603877.SH,20220330,20211231,-9.1606,-69.3278,35.401,12.7454
000016.SZ,20220330,20211231,-14.9432,849.0947,12.8777,-37.1013
002373.SZ,20220330,20211231,-1.3816,-51.0072,21.7957,5.1676
002349.SZ,20220330,20211231,9.3171,245.7085,19.8254,6.0396
600548.SH,20220330,20211231,-5.6835,-51.4169,30.1909,9.7962
003013.SZ,20220330,20211231,1.8249,-43.4751,119.5304,18.6358
603327.SH,20220330,20211231,33.5396,14.5528,14.5525,18.2567
601880.SH,20220330,20211231,0.8914,9.2837,43.1208,5.1252
300827.SZ,20220330,20211231,19.283,-34.4051,81.2231,5.5713
000404.SZ,20220330,20211231,-3.7266,123.032,19.4276,0.9447
301207.SZ,20220330,20211231,-66.8534,-81.9145,61.4996,23.4389
601038.SH,20220330,20211231,-1.6435,-16.9177,-82.4224,6.8821
300057.SZ,20220330,20211231,-5.6758,-344.9462,23.2051,-1.5075
002901.SZ,20220330,20211231,44.5374,23.4381,49.5901,26.7081
002807.SZ,20220330,20211231,9.6453,28.3978,716.1747,10.0622
601018.SH,20220330,20211231,-19.1186,106.6567,24.0405,7.1277
000919.SZ,20220329,20211231,1.8162,285.3877,11.7609,2.4946
603126.SH,20220329,20211231,11.4879,-61.4574,11.5301,6.994
002410.SZ,20220329,20211231,43.0675,84.4708,56.0108,10.683
300066.SZ,20220329,20211231,-12.6383,-23.4454,42.8947,8.6908
603886.SH,20220329,20211231,13.7939,8.0956,-35.3058,19.1442
002727.SZ,20220330,20211231,19.651,-15.1445,25.2343,14.5633
002194.SZ,20220330,20211231,16.979,63.7213,38.3878,10.0661
300891.SZ,20220330,20211231,39.4108,-1.9537,21.2169,16.6999
002363.SZ,20220330,20211231,33.0022,126.3592,27.4362,1.1991
605006.SH,20220330,20211231,9.74,19.9859,39.5447,25.4987
002658.SZ,20220330,20211231,-6.8271,-29.6286,25.6926,7.1136
603899.SH,20220329,20211231,18.6055,16.9761,10.5606,23.7001
605166.SH,20220329,20211231,86.459,-27.1683,2.2127,18.0766
002692.SZ,20220329,20211231,-4.5965,121.9845,32.9972,1.7905
600269.SH,20220329,20211231,31.3387,-32.2551,44.7255,6.4214
000962.SZ,20220329,20211231,-32.5507,-117.5832,-26.5163,6.1038
603929.SH,20220330,20211231,50.6337,130.7323,4.9602,1.1226
688308.SH,20220330,20211231,11.9574,75.0129,39.7183,13.96
301106.SZ,20220329,20211231,26.6745,8.3793,20.2379,17.9162
603809.SH,20220329,20211231,0.5236,-37.403,39.9984,9.6041
600103.SH,20220329,20211231,15.0882,-56.2902,26.0354,3.7851
300347.SZ,20220329,20211231,103.9132,153.1793,38.2391,7.193
603166.SH,20220330,20211231,-17.9292,-27.7233,38.4121,7.7291
002462.SZ,20220330,20211231,-9.9441,21.5443,11.7039,9.2178
002596.SZ,20220330,20211231,-26.4254,-10095.455,-5.8658,-44.9295
688161.SH,20220330,20211231,3.7447,11.8609,45.6499,19.4123
002132.SZ,20220330,20211231,17.2726,32.2355,3.1497,3.7581
601811.SH,20220330,20211231,3.7343,18.6734,22.8433,12.2753
600888.SH,20220329,20211231,12.4662,137.4259,0.8149,15.9802
300037.SZ,20220329,20211231,159.8128,204.7177,14.5357,20.9854
002401.SZ,20220329,20211231,-2.3006,-21.786,46.853,10.2945
300815.SZ,20220329,20211231,8.5621,-52.1412,19.5981,16.9206
300087.SZ,20220329,20211231,84.4208,32.479,-3.5911,14.6014
300354.SZ,20220329,20211231,0.1836,-2.7332,35.9964,16.7083
600370.SH,20220329,20211231,36.8819,30.6573,8.1006,10.4155
603167.SH,20220330,20211231,6.6891,-1.683,23.5956,4.022
688686.SH,20220330,20211231,29.063,35.3241,28.4438,10.8807
000028.SZ,20220330,20211231,8.2226,-35.1303,1.2956,8.91
002457.SZ,20220330,20211231,-0.722,-56.7702,18.1704,6.1072
000878.SZ,20220330,20211231,51.8348,292.519,15.7731,4.1922
300401.SZ,20220330,20211231,291.2687,452.1123,50.1915,9.8262
601908.SH,20220330,20211231,64.9358,408.1065,10.2969,7.7166
603268.SH,20220329,20211231,-25.4439,-5115.5814,7.1279,-60.6317
002988.SZ,20220329,20211231,44.7993,-35.7521,9.3473,5.8948
872925.BJ,20220329,20211231,-12.0406,-31.3699,43.7199,9.3683
300818.SZ,20220329,20211231,231.482,559.5103,6.239,16.1305
688697.SH,20220329,20211231,46.0334,197.6511,3.1978,17.4495
605277.SH,20220329,20211231,22.8604,-7.9418,13.9098,14.0728
603212.SH,20220330,20211231,27.8175,-31.9033,-5.561,8.0778
000055.SZ,20220330,20211231,25.519,-73.6557,38.3385,3.0748
600871.SH,20220330,20211231,5.4223,7.9718,28.0189,-1.4762
605169.SH,20220330,20211231,43.0256,52.721,38.9555,12.0474
600033.SH,20220330,20211231,-7.2983,-43.1855,92.4989,8.4122
300997.SZ,20220329,20211231,26.1146,-12.0099,24.471,17.1018
300188.SZ,20220329,20211231,-1.0862,-9.1212,43.8612,8.0637
002054.SZ,20220329,20211231,3.2233,2942.9251,7.5107,5.9533
600597.SH,20220329,20211231,9.6119,-16.3134,15.8741,6.1299
603578.SH,20220329,20211231,44.0179,-7.0352,29.8538,9.6072
603267.SH,20220329,20211231,-6.4924,2.3413,112.1492,27.537
600792.SH,20220329,20211231,32.1616,-431.6306,4.784,-1.4238
600066.SH,20220329,20211231,-6.4247,-2.0352,-0.0795,1.9667
300595.SZ,20220329,20211231,13.1974,-28.267,44.8103,24.5919
000768.SZ,20220329,20211231,-11.4787,-73.7088,-9.2271,3.6566
002968.SZ,20220329,20211231,51.567,18.2709,31.8755,16.4304
603859.SH,20220329,20211231,25.8657,34.781,32.3477,8.3161
000034.SZ,20220329,20211231,28.1998,-16.5447,-1.0752,12.472
300686.SZ,20220329,20211231,-42.3758,-240.85,18.4907,0.7828
000039.SZ,20220329,20211231,48.7012,-145.8693,11.737,12.2802
002226.SZ,20220329,20211231,135.2978,925.7483,11.4722,7.2785
003018.SZ,20220329,20211231,59.5706,32.5269,62.5707,8.9198
300138.SZ,20220329,20211231,38.4806,47.9964,-73.0354,11.7348
600528.SH,20220329,20211231,12.0905,-8.9466,42.9167,7.6055
688505.SH,20220329,20211231,30.9872,18.6263,27.5534,8.2386
688356.SH,20220329,20211231,46.9786,13.0863,-1.059,16.4763
002012.SZ,20220329,20211231,-25.9556,-6.9593,23.8286,6.2763
600486.SH,20220329,20211231,38.6745,10.7091,-0.015,17.6438
300224.SZ,20220329,20211231,58.8543,127.6358,7.1783,9.4342
601717.SH,20220329,20211231,0.5241,1322.5306,29.7684,12.8733
000837.SZ,20220329,20211231,-13.2686,-25.0003,17.1356,4.4739
603199.SH,20220329,20211231,-26.2292,-75.9405,41.9773,3.791
688660.SH,20220329,20211231,-56.7595,-91.5454,93.0893,6.9156
000060.SZ,20220329,20211231,48.3646,-50.845,5.1631,8.3133
002430.SZ,20220329,20211231,4.3239,-25.4082,4.7986,16.8473
300011.SZ,20220329,20211231,40.9132,109.3869,-7.2257,-0.2656
300218.SZ,20220329,20211231,12.0645,-0.4187,18.0667,10.9748
688366.SH,20220329,20211231,11.7926,-64.4532,32.8404,5.8543
300563.SZ,20220329,20211231,49.8376,58.3984,14.9328,6.4218
300614.SZ,20220329,20211231,-5.0841,-41.366,49.228,8.8537
000933.SZ,20220329,20211231,124.5007,795.4362,5.4383,42.6691
000533.SZ,20220329,20211231,2.574,-110.3854,13.5429,0.3772
300857.SZ,20220329,20211231,-11.1663,5.4014,-2.8737,8.1656
600857.SH,20220329,20211231,2.2904,-2.9296,14.913,7.1779
002240.SZ,20220329,20211231,244.9274,1436.5263,32.862,20.7281
603168.SH,20220329,20211231,32.7194,99.6756,37.3045,2.3372
300235.SZ,20220329,20211231,31.5008,63.256,121.1662,2.4357
600602.SH,20220329,20211231,-4.061,-7.4754,37.1926,3.5333
688196.SH,20220329,20211231,178.7363,196.1944,-1.9877,13.5735
600171.SH,20220329,20211231,17.1678,-43.5471,8.8867,11.0036
000816.SZ,20220329,20211231,-26.9938,50.6588,57.5113,0.3204
688336.SH,20220329,20211231,336.3229,107.6876,-31.7633,-0.1674
600866.SH,20220329,20211231,32.2055,-30.8887,30.3073,5.6197
000680.SZ,20220329,20211231,0.6846,19.0911,-12.4169,5.5205
002294.SZ,20220329,20211231,44.1082,168.621,38.1476,4.1841
600460.SH,20220329,20211231,49.796,3287.7012,24.7906,18.1631
600130.SH,20220329,20211231,-29.2633,3853.7411,14.7504,-0.094
000910.SZ,20220329,20211231,0.2392,-41.4755,11.8969,9.5057
000895.SZ,20220329,20211231,-13.2987,7.2766,25.5664,19.042
603565.SH,20220329,20211231,10.3097,62.6799,43.1908,21.3896
688236.SH,20220329,20211231,17.9294,-0.0698,27.4047,17.3413
002819.SZ,20220329,20211231,127.8689,565.6721,24.4972,7.8337
600073.SH,20220330,20211231,4.8913,-290.3537,-1.6807,5.382
600598.SH,20220330,20211231,5.2907,113.5822,-74.6236,14.2691
301052.SZ,20220330,20211231,11.8559,-28.866,50.2716,11.1272
300847.SZ,20220330,20211231,8.7762,22.5587,26.5138,8.768
300755.SZ,20220329,20211231,18.0371,79.1956,-28.6683,21.1095
300885.SZ,20220329,20211231,12.4948,-31.7909,23.3554,10.2418
688078.SH,20220329,20211231,57.7196,-0.1371,13.183,11.0073
600426.SH,20220330,20211231,106.3197,223.4019,18.1097,38.2328
000629.SZ,20220329,20211231,14.5088,185.8377,45.5874,11.7767
600183.SH,20220329,20211231,22.474,29.811,13.2214,21.9987
300327.SZ,20220329,20211231,48.0698,74.0055,30.0318,30.4362
300184.SZ,20220329,20211231,9.2215,102.3984,-1.1862,9.8927
600600.SH,20220329,20211231,1.7312,41.3739,-3.5502,10.1164
002416.SZ,20220329,20211231,48.4379,-21.5659,5.22,13.9559
300154.SZ,20220329,20211231,105.177,517.4772,11.4286,5.5203
300249.SZ,20220329,20211231,15.3811,98.965,6.3965,4.1701
600267.SH,20220329,20211231,-22.9928,-116.447,28.736,2.9633
601939.SH,20220330,20211231,8.3601,7.8843,-18.268,12.2226
002059.SZ,20220330,20211231,-61.8313,-263.9262,-153.4016,-13.5585
601607.SH,20220330,20211231,6.329,-31.8697,3.8954,8.4484
600918.SH,20220330,20211231,46.8729,184.3643,-112.6831,8.9908
600273.SH,20220330,20211231,88.0749,32.6201,27.8459,21.7134
002060.SZ,20220330,20211231,12.113,8.2056,21.7323,8.5305
000559.SZ,20220330,20211231,12.2051,22.4833,12.0607,6.3555
601279.SH,20220330,20211231,-24.0728,-2.2789,1.0621,2.8381
601916.SH,20220330,20211231,12.7648,-4.388,-48.2391,8.4865
603877.SH,20220330,20211231,-9.1606,-69.3278,35.401,12.7454
002373.SZ,20220330,20211231,-1.3816,-51.0072,21.7957,5.1676
300057.SZ,20220330,20211231,-5.6758,-344.9462,23.2051,-1.5075
002727.SZ,20220330,20211231,19.651,-15.1445,25.2343,14.5633
688187.SH,20220330,20211231,7.1617,-16.6526,73.6235,5.4011
002132.SZ,20220330,20211231,17.2726,32.2355,3.1497,3.7581
000028.SZ,20220330,20211231,8.2226,-35.1303,1.2956,8.91
002421.SZ,20220330,20211231,-27.5517,-813.385,35.0998,-19.4691
000683.SZ,20220330,20211231,21.7339,2273.6596,7.5541,22.1472
000011.SZ,20220330,20211231,-44.2512,-62.1711,-96.9345,23.9536
001218.SZ,20220330,20211231,7.2373,-28.6843,9.3043,11.2698
000049.SZ,20220330,20211231,3.2839,0.3314,7.2571,24.1617
002829.SZ,20220330,20211231,10.0662,171.2036,37.4174,14.0381
688521.SH,20220330,20211231,38.8637,-41.4808,34.1457,-1.7514
300905.SZ,20220330,20211231,11.2914,-11.8217,78.2015,7.574
002242.SZ,20220330,20211231,-15.2696,-72.1564,12.1141,13.9639
300846.SZ,20220330,20211231,14.8516,29.2759,14.4656,0.4391
300130.SZ,20220330,20211231,29.9221,155.42,14.5941,4.7119
002937.SZ,20220330,20211231,15.8569,-28.3555,31.6745,9.9436
000546.SZ,20220330,20211231,-41.9912,-493.2694,-7.3159,0.2979
600784.SH,20220330,20211231,43.7402,330.8574,18.3869,7.0175
000550.SZ,20220330,20211231,-11.6786,-49.6575,22.7539,0.3032
600876.SH,20220330,20211231,-48.0333,-122.0841,-17.6411,7.0235
601598.SH,20220330,20211231,19.2763,-5.7191,9.2219,10.6669
600785.SH,20220330,20211231,-9.0996,183.715,10.8997,0.2465
000927.SZ,20220330,20211231,27.0757,1.4695,12.7734,13.3238
000988.SZ,20220330,20211231,71.9753,-163.8454,8.2036,7.7595
002007.SZ,20220330,20211231,-44.877,-62.6863,51.8613,15.1415
002628.SZ,20220330,20211231,-23.8269,-16.3189,26.2304,3.5833
688279.SH,20220330,20211231,,,20.329,35.1077
601330.SH,20220330,20211231,395.0241,11.3614,6.922,11.4203
601988.SH,20220330,20211231,9.4527,12.4621,264.6346,10.1243
301113.SZ,20220330,20211231,-12.442,-32.1569,25.0211,19.8834
300127.SZ,20220330,20211231,41.9733,16.3424,30.0564,14.307
003022.SZ,20220330,20211231,-2.7872,23.319,15.779,14.951
601618.SH,20220330,20211231,14.3349,-30.9718,13.0231,6.8478
688005.SH,20220330,20211231,176.6152,263.8139,-5.9337,16.3076
601187.SH,20220330,20211231,-19.6619,15.4004,-134.8532,10.0977
002594.SZ,20220330,20211231,37.5666,-26.6385,47.3474,1.6514
300337.SZ,20220330,20211231,40.0258,1.4096,16.0135,2.0223
600016.SH,20220330,20211231,-8.3137,63.3775,-370.2769,6.2501
300508.SZ,20220330,20211231,54.8407,-90.1037,18.1745,8.2777
002623.SZ,20220330,20211231,-4.6474,-79.468,-42.1748,0.4827
600801.SH,20220330,20211231,11.9105,12.0781,40.2379,21.0924
600039.SH,20220330,20211231,22.2328,64.8276,-3.1751,21.9984
600488.SH,20220330,20211231,46.1324,92.6199,8.5214,1.2431
688668.SH,20220330,20211231,77.2336,24.3851,19.6548,12.8912
600721.SH,20220330,20211231,3231.9545,101.7748,43.7441,1.3708
002723.SZ,20220330,20211231,-13.0308,74.6366,-12.0174,1.3651
600657.SH,20220330,20211231,2.7812,-37.8153,-34.0834,0.4446
000698.SZ,20220330,20211231,-43.1123,-120.8498,2.5621,6.5566
300769.SZ,20220330,20211231,599.7141,3334.2207,7.0761,29.782
000897.SZ,20220330,20211231,-76.9375,-214.7865,196.3813,28.6895
002264.SZ,20220330,20211231,-26.4266,-194.7614,8.7165,1.0042
003004.SZ,20220330,20211231,-4.1447,-52.4925,14.718,4.7121
002577.SZ,20220330,20211231,13.192,280.1964,17.9148,2.4484
300582.SZ,20220330,20211231,0.7855,-77.4419,13.8872,12.2433
300747.SZ,20220330,20211231,2.1268,-37.316,10.0369,14.9463
002678.SZ,20220330,20211231,-20.1219,-65.377,79.3365,4.6816
603301.SH,20220330,20211231,-46.1443,-74.9099,24.6673,12.17
688779.SH,20220330,20211231,145.7036,183.73,-7.1079,14.0717
600837.SH,20220330,20211231,-16.0526,-57.8534,75.9894,7.8348
300638.SZ,20220330,20211231,61.8226,30.5118,-1.0557,21.2294
300788.SZ,20220330,20211231,-16.4856,-60.4003,32.0561,10.7613
601633.SH,20220330,20211231,10.794,-35.8205,40.8679,7.0359
000833.SZ,20220330,20211231,34.145,-116.0718,-28.8893,8.0995
600677.SH,20220330,20211231,-28.3718,68.5536,46.5355,
002156.SZ,20220330,20211231,37.6101,230.9734,12.065,7.9539
601991.SH,20220330,20211231,5.9446,-2607.1363,-28.127,-14.7833
002241.SZ,20220330,20211231,10.5155,13.2881,11.1655,16.3148
300617.SZ,20220330,20211231,7.3901,701.5475,32.0095,9.5335
002367.SZ,20220330,20211231,28.1833,-22.2946,11.6056,11.8167
002745.SZ,20220330,20211231,-8.6667,157.4017,33.0944,8.1896
601336.SH,20220330,20211231,4.4226,-6.1461,41.8186,14.1575
000633.SZ,20220330,20211231,53.0671,317.2995,1.0468,1.5863
601607.SH,20220330,20211231,6.329,-31.8697,3.8954,8.4484
600273.SH,20220330,20211231,88.0749,32.6201,27.8459,21.7134
600101.SH,20220331,20211231,23.9225,335.0168,-0.5621,4.782
000597.SZ,20220331,20211231,7.5005,542.4634,15.0148,1.248
603155.SH,20220331,20211231,89.2686,156.5848,24.6777,13.9848
000756.SZ,20220331,20211231,18.4931,-19.7748,1.7714,8.7073
601298.SH,20220331,20211231,6.8388,-0.7073,34.758,10.9173
600329.SH,20220331,20211231,-5.5449,-41.7892,11.2704,12.1591
301035.SZ,20220331,20211231,114.4362,3750.9449,16.1114,20.699
000637.SZ,20220331,20211231,122.6389,1507.1182,6.3931,7.2159
601126.SH,20220331,20211231,5.1673,-32.8917,24.8463,10.1977
603997.SH,20220331,20211231,-8.6904,-198.3751,15.5865,2.2227
002479.SZ,20220331,20211231,11.7855,-55.0678,10.7052,3.5365
000585.SZ,20220331,20211231,10.2266,93.7489,24.937,
600299.SH,20220331,20211231,16.3912,-12.8688,24.0783,10.5704
600425.SH,20220331,20211231,-0.485,241.284,16.4679,7.7448
688425.SH,20220331,20211231,-7.641,-5.8235,0.7115,14.0367
300351.SZ,20220331,20211231,21.3569,6.1986,22.7051,5.3649
603165.SH,20220331,20211231,69.2198,74.9499,4.4621,14.6572
002060.SZ,20220330,20211231,12.113,8.2056,21.7323,8.5305
000559.SZ,20220330,20211231,12.2051,22.4833,12.0607,6.3555
601279.SH,20220330,20211231,-24.0728,-2.2789,1.0621,2.8381
601868.SH,20220330,20211231,14.8262,17.1798,15.5317,6.2378
600323.SH,20220331,20211231,99.3166,-18.7303,-16.6082,12.8748
600271.SH,20220331,20211231,-14.4703,-42.2979,30.8329,10.3955
000901.SZ,20220331,20211231,-1.2302,102.2184,33.4227,0.3032
834021.BJ,20220331,20211231,-7.0282,10.4536,20.1736,9.9298
600061.SH,20220331,20211231,-49.3791,44.0368,-5032.1128,10.0207
002519.SZ,20220331,20211231,-49.2815,1655.9985,43.9078,2.5645
603863.SH,20220331,20211231,25.9608,-120.7012,24.1101,0.0701
603555.SH,20220331,20211231,59.5899,68.4804,3.9216,9.7927
000875.SZ,20220331,20211231,30.681,-558.0653,17.529,3.9477
301045.SZ,20220331,20211231,9.8549,-54.1723,34.2263,14.871
601658.SH,20220331,20211231,14.963,2.7125,198.178,10.3047
600853.SH,20220331,20211231,8.4071,41.1708,27.0396,11.1367
002671.SZ,20220331,20211231,-0.5302,106.7168,34.4712,-1.1908
300286.SZ,20220331,20211231,42.3023,274.5487,0.9379,17.3658
688659.SH,20220330,20211231,-14.5897,-28.5405,-1.3169,9.9803
300016.SZ,20220330,20211231,-19.9823,-133.463,-26.6188,5.1979
002020.SZ,20220330,20211231,5.5267,-34.1256,25.6886,11.8003
603767.SH,20220331,20211231,11.019,161.0314,17.5444,3.7675
601107.SH,20220331,20211231,28.8619,127.4721,9.1213,5.8002
301162.SZ,20220330,20211231,,,25.5008,26.449
605020.SH,20220330,20211231,65.8993,311.5952,1.4366,16.3
830946.BJ,20220330,20211231,18.5781,-8.256,42.5955,12.8291
301248.SZ,20220428,20211231,,,50.3814,15.7662
002400.SZ,20220331,20211231,-11.2488,109.0496,15.5841,1.5212
600368.SH,20220331,20211231,6.1348,36.6913,87.2457,11.7434
688557.SH,20220331,20211231,176.9702,479.5867,10.8819,6.0576
600403.SH,20220331,20211231,-19.5774,170.0913,62.9183,16.5044
601766.SH,20220331,20211231,-0.7437,-15.3341,27.0834,5.158
000565.SZ,20220331,20211231,6.1186,-113.4921,29.9581,5.2841
600127.SH,20220331,20211231,17.3548,-158.4952,-8.0904,-4.8431
002563.SZ,20220331,20211231,-6.1888,-7.8155,19.8984,11.7015
000859.SZ,20220331,20211231,4.5381,1.1048,29.4339,8.5427
600361.SH,20220331,20211231,1439.5038,7506.9259,0.2122,17.8426
600889.SH,20220331,20211231,-1.328,-959.5332,-35.4727,-30.0264
603043.SH,20220331,20211231,20.5815,9.499,-32.7507,19.0524
600399.SH,20220331,20211231,18.4836,-33.2179,16.4476,12.5831
600819.SH,20220331,20211231,4.3537,-187.7366,15.8528,0.7089
600380.SH,20220331,20211231,16.1314,65.7387,23.7257,10.691
600292.SH,20220331,20211231,7.2906,10.8164,31.4743,0.0681
300026.SZ,20220331,20211231,22.7288,295.1983,0.4381,9.0627
688050.SH,20220331,20211231,18.1831,11.2315,68.5791,9.3786
600676.SH,20220331,20211231,-26.7303,99.7752,16.4061,-4.0628
000791.SZ,20220331,20211231,-5.8214,-20.8898,81.4334,3.7542
301187.SZ,20220330,20211231,-24.242,-52.2401,-0.1213,24.2604
600838.SH,20220331,20211231,-37.9659,42.9877,93.3096,5.2026
600535.SH,20220331,20211231,-0.1395,3279.9905,33.0415,4.8791
688072.SH,20220329,20211231,,,55.5774,-7.085
603069.SH,20220331,20211231,-24.502,-260.1519,7.4855,-9.1027
603319.SH,20220331,20211231,-21.5799,61.9001,32.6236,11.1815
601333.SH,20220331,20211231,9.5407,-228.4354,13.3222,-3.8159
600748.SH,20220331,20211231,344.2203,-257.8585,7.8428,-7.3078
600962.SH,20220331,20211231,39.8393,81.3411,-56.6353,-6.0837
300259.SZ,20220331,20211231,-11.7543,-10.4475,54.8227,9.8883
600219.SH,20220331,20211231,24.5761,40.2923,19.768,8.0172
688268.SH,20220331,20211231,11.4554,-18.8403,9.271,8.3989
000880.SZ,20220331,20211231,-22.0258,-0.5916,1.7813,7.1591
000903.SZ,20220331,20211231,-43.8186,-255.3123,7.6479,0.0591
002404.SZ,20220331,20211231,55.5634,8.3243,7.7111,6.1577
600308.SH,20220331,20211231,9.316,-76.1246,18.6898,8.5429
600584.SH,20220331,20211231,11.4842,56.0785,30.6966,14.4607
601377.SH,20220331,20211231,24.6116,25.207,7.185,11.8129
605162.SH,20220331,20211231,38.9867,-28.0789,44.3679,10.8478
002559.SZ,20220331,20211231,9.043,-127.8236,14.5314,5.921
688002.SH,20220331,20211231,18.1694,-2.6715,39.046,12.7254
301181.SZ,20220331,20211231,-31.5891,-26.5949,30.1084,27.447
300597.SZ,20220331,20211231,-18.0028,4.6446,43.4328,3.8635
600350.SH,20220331,20211231,14.3789,4.5417,89.0825,7.8333
603317.SH,20220331,20211231,-25.2201,136.7798,38.1382,3.2356
002467.SZ,20220331,20211231,-6.0372,-8.4032,28.6741,-1.5184
000782.SZ,20220330,20211231,33.7702,-90.7321,-3.5758,4.4966
603967.SH,20220330,20211231,138.0411,10.8479,4.6921,9.3976
688321.SH,20220330,20211231,84.5752,726.1262,44.4717,-0.2684
601996.SH,20220330,20211231,15.4898,1.85,14.3578,5.1336
600018.SH,20220330,20211231,16.6025,27.9573,37.857,14.575
600038.SH,20220331,20211231,1.7193,10.0959,27.6113,9.7812
605488.SH,20220331,20211231,7.6682,-69.0705,18.179,15.2974
600663.SH,20220331,20211231,3.2093,0.005,29.2749,17.3006
603090.SH,20220331,20211231,127.635,86.0779,-12.0722,1.5598
600235.SH,20220331,20211231,17.5813,-8.5502,7.9253,4.2933
600081.SH,20220331,20211231,-8.7599,849.1519,5.8818,8.2517
002690.SZ,20220331,20211231,-2.0644,-26.1236,51.9691,20.1009
688323.SH,20220330,20211231,14.302,-6.029,40.599,6.8382
002342.SZ,20220330,20211231,-2.807,-68.2371,16.7894,0.7403
603099.SH,20220330,20211231,-30.2768,-54.8586,-69.9776,-6.2604
300092.SZ,20220330,20211231,42.0577,92.0464,23.3638,12.968
688569.SH,20220330,20211231,43.7247,27.2802,55.7574,7.0228
600621.SH,20220330,20211231,-22.8295,-77.8508,986.331,4.0769
601208.SH,20220331,20211231,50.6405,40.6457,-9.002,10.2959
688012.SH,20220331,20211231,29.9096,118.1352,59.1089,3.5436
603996.SH,20220331,20211231,-93.3267,87.2206,-148.5557,
605050.SH,20220331,20211231,20.0557,-22.4014,8.1298,10.4641
601211.SH,20220331,20211231,15.2908,55.6796,100.0774,9.5129
601186.SH,20220331,20211231,-0.6222,-9.258,14.3839,8.5759
688016.SH,20220330,20211231,22.8088,26.1662,43.9065,21.1458
601326.SH,20220330,20211231,2.1785,124.4085,27.4269,6.3596
603227.SH,20220330,20211231,6.9446,87.0161,15.2675,8.0138
000016.SZ,20220330,20211231,-14.9432,849.0947,12.8777,-37.1013
600421.SH,20220331,20211231,-30.8882,-131.8396,24.9292,-28.4174
600313.SH,20220331,20211231,-30.4994,26.8661,35.427,0.8027
300575.SZ,20220331,20211231,56.5683,91.9571,7.9675,12.9031
601128.SH,20220331,20211231,26.7748,29.1967,245.3879,11.5876
600007.SH,20220331,20211231,6.846,16.4912,30.8099,12.1936
832885.BJ,20220331,20211231,25.3173,68.5612,38.055,12.9568
600643.SH,20220331,20211231,-43.463,-101.2524,386.7315,7.8825
300851.SZ,20220331,20211231,4.4488,-13.8237,5.4161,6.4078
002541.SZ,20220331,20211231,55.7297,9.7975,3.7409,12.9408
600935.SH,20220331,20211231,44.5382,-17.1498,17.1319,15.5567
688661.SH,20220331,20211231,8.4118,-11.7723,37.2244,25.1347
002349.SZ,20220330,20211231,9.3171,245.7085,19.8254,6.0396
600548.SH,20220330,20211231,-5.6835,-51.4169,30.1909,9.7962
003013.SZ,20220330,20211231,1.8249,-43.4751,119.5304,18.6358
603327.SH,20220330,20211231,33.5396,14.5528,14.5525,18.2567
601880.SH,20220330,20211231,0.8914,9.2837,43.1208,5.1252
300827.SZ,20220330,20211231,19.283,-34.4051,81.2231,5.5713
002272.SZ,20220331,20211231,10.8668,-113.2152,7.209,1.7604
600096.SH,20220331,20211231,27.9812,382.3851,18.7486,42.1914
300946.SZ,20220331,20211231,4.886,14.6129,40.5383,11.2948
600017.SH,20220331,20211231,31.4719,310.038,18.3978,5.6799
300485.SZ,20220331,20211231,-20.3459,927.2501,23.7311,3.4497
300179.SZ,20220331,20211231,35.262,-26.4911,24.0145,7.1618
300748.SZ,20220331,20211231,45.0435,10.7032,-3.9892,18.677
000404.SZ,20220330,20211231,-3.7266,123.032,19.4276,0.9447
301207.SZ,20220330,20211231,-66.8534,-81.9145,61.4996,23.4389
601038.SH,20220330,20211231,-1.6435,-16.9177,-82.4224,6.8821
002901.SZ,20220330,20211231,44.5374,23.4381,49.5901,26.7081
002807.SZ,20220330,20211231,9.6453,28.3978,716.1747,10.0622
601018.SH,20220330,20211231,-19.1186,106.6567,24.0405,7.1277
000722.SZ,20220331,20211231,7.7808,139.7003,-19.5118,2.8748
300243.SZ,20220331,20211231,16.3547,-78.386,37.1435,12.9485
603157.SH,20220331,20211231,-56.3842,48.7669,-5.0032,
600138.SH,20220331,20211231,-3.9475,84.618,10.7726,-1.808
002148.SZ,20220331,20211231,27.1007,180.8161,16.0724,1.1869
000921.SZ,20220331,20211231,29.338,-91.997,4.6884,6.6211
600879.SH,20220331,20211231,-5.8525,-11.8739,25.0364,3.7748
002194.SZ,20220330,20211231,16.979,63.7213,38.3878,10.0661
300891.SZ,20220330,20211231,39.4108,-1.9537,21.2169,16.6999
002363.SZ,20220330,20211231,33.0022,126.3592,27.4362,1.1991
605006.SH,20220330,20211231,9.74,19.9859,39.5447,25.4987
002658.SZ,20220330,20211231,-6.8271,-29.6286,25.6926,7.1136
603929.SH,20220330,20211231,50.6337,130.7323,4.9602,1.1226
688308.SH,20220330,20211231,11.9574,75.0129,39.7183,13.96
603166.SH,20220330,20211231,-17.9292,-27.7233,38.4121,7.7291
002462.SZ,20220330,20211231,-9.9441,18.0685,11.7039,9.2188
002596.SZ,20220330,20211231,-26.4254,-10095.455,-5.8658,-44.9295
688161.SH,20220330,20211231,3.7447,11.8609,45.6499,19.4123
601811.SH,20220330,20211231,3.7343,18.6734,22.8433,12.2753
600684.SH,20220331,20211231,164.8121,67.9831,-12.3843,1.0582
600458.SH,20220331,20211231,-34.9786,-82.3204,35.1307,0.7887
300926.SZ,20220331,20211231,82.7308,24.1971,-18.8844,8.6181
601558.SH,20220331,20211231,-8.1384,100.6577,25.1321,-2.2263
688981.SH,20220331,20211231,53.7934,172.7317,65.3637,5.1126
603167.SH,20220330,20211231,6.6891,-1.683,23.5956,4.022
688686.SH,20220330,20211231,29.063,35.3241,28.4438,10.8807
002457.SZ,20220330,20211231,-0.722,-56.7702,18.1704,6.1072
000878.SZ,20220330,20211231,51.8348,292.519,15.7731,4.1922
300401.SZ,20220330,20211231,291.2687,452.1123,50.1915,9.8262
601908.SH,20220330,20211231,64.9358,408.1065,10.2969,7.7166
603258.SH,20220331,20211231,-19.6227,-36.9175,18.2875,12.0468
600249.SH,20220331,20211231,15.6486,231.6699,4.0355,0.0798
600428.SH,20220331,20211231,81.5175,-1041.5471,23.8037,2.9274
002903.SZ,20220331,20211231,-5.6611,69.7973,64.9243,8.5784
002352.SZ,20220331,20211231,60.6689,43.0133,9.0067,2.6318
834682.BJ,20220331,20211231,19.7625,33.3013,26.3509,8.49
002247.SZ,20220331,20211231,0.0841,3199.1029,38.0837,12.0481
000055.SZ,20220330,20211231,25.519,-73.6557,38.3385,3.0748
600871.SH,20220330,20211231,5.4223,7.9718,28.0189,-1.4762
605169.SH,20220330,20211231,43.0256,52.721,38.9555,12.0474
600033.SH,20220330,20211231,-7.2983,-43.1855,92.4989,8.4122
000035.SZ,20220331,20211231,-41.8876,20.6944,11.7743,6.4326
688148.SH,20220331,20211231,32.2037,-116.2289,-0.548,5.7438
688386.SH,20220331,20211231,14.3151,4.652,28.0031,9.5785
601901.SH,20220331,20211231,19.0016,72.5355,294.9721,4.3402
603368.SH,20220331,20211231,8.723,-36.6374,31.9901,10.4807
605198.SH,20220331,20211231,38.7929,87.6295,-72.9486,4.5882
000800.SZ,20220331,20211231,-37.0086,1490.0684,-135.3871,14.0987
002265.SZ,20220331,20211231,2.5666,154.1903,23.9894,-0.7486
600531.SH,20220331,20211231,21.1129,49.2148,11.5178,9.1244
600985.SH,20220331,20211231,18.0771,63.7833,32.4543,18.9193
300007.SZ,20220331,20211231,22.5796,79.7122,36.513,8.8336
600571.SH,20220331,20211231,27.3396,-54.921,54.7928,0.4624
000501.SZ,20220331,20211231,-42.2699,-40.8317,18.3752,7.0277
002421.SZ,20220330,20211231,-27.5517,-813.385,35.0998,-19.4691
000683.SZ,20220330,20211231,21.7339,2273.6596,7.5541,22.1472
000011.SZ,20220330,20211231,-44.2512,-62.1711,-96.9345,23.9536
001218.SZ,20220330,20211231,7.2373,-28.6843,9.3043,11.2698
002829.SZ,20220330,20211231,10.0662,171.2036,37.4174,14.0381
688521.SH,20220330,20211231,38.8637,-41.4808,34.1457,-1.7514
300905.SZ,20220330,20211231,11.2914,-11.8217,78.2015,7.574
002242.SZ,20220330,20211231,-15.2696,-72.1564,12.1141,13.9639
300846.SZ,20220330,20211231,14.8516,29.2759,14.4656,0.4391
300130.SZ,20220330,20211231,29.9221,155.42,14.5941,4.7119
002937.SZ,20220330,20211231,15.8569,-28.3555,31.6745,9.9436
000546.SZ,20220330,20211231,-41.9912,-493.2694,-7.3159,0.2979
000550.SZ,20220330,20211231,-11.6786,-49.6575,22.7539,0.3032
600876.SH,20220330,20211231,-48.0333,-122.0841,-17.6411,7.0235
601598.SH,20220330,20211231,19.2763,-5.7191,9.2219,10.6669
600785.SH,20220330,20211231,-9.0996,183.715,10.8997,0.2465
000927.SZ,20220330,20211231,27.0757,1.4695,12.7734,13.3238
000988.SZ,20220330,20211231,71.9753,-163.8454,8.2036,7.7595
002007.SZ,20220330,20211231,-44.877,-62.6863,51.8613,15.1415
002628.SZ,20220330,20211231,-23.8269,-16.3189,26.2304,3.5833
601988.SH,20220330,20211231,9.4527,12.4621,264.6346,10.1243
301113.SZ,20220330,20211231,-12.442,-32.1569,25.0211,19.8834
300127.SZ,20220330,20211231,41.9733,16.3424,30.0564,14.307
003022.SZ,20220330,20211231,-2.7872,23.319,15.779,14.951
601618.SH,20220330,20211231,14.3349,-30.9718,13.0231,6.8478
002594.SZ,20220330,20211231,37.5666,-26.6385,47.3474,1.6514
300337.SZ,20220330,20211231,40.0258,1.4096,16.0135,2.0223
002623.SZ,20220330,20211231,-4.6474,-79.468,-42.1748,0.4827
600801.SH,20220330,20211231,11.9105,12.0781,40.2379,21.0924
600488.SH,20220330,20211231,46.1324,92.6199,8.5214,1.2431
688668.SH,20220330,20211231,77.2336,24.3851,19.6548,12.8912
600721.SH,20220330,20211231,3231.9545,101.7748,43.7441,1.3708
002723.SZ,20220330,20211231,-13.0308,74.6366,-12.0174,1.3651
600657.SH,20220330,20211231,2.7812,-37.8153,-34.0834,0.4446
688193.SH,20220311,20211231,,,46.7782,22.8213
688326.SH,20220328,20211231,5.1923,1.215,28.8156,7.8017
600598.SH,20220330,20211231,5.2907,113.5822,-74.6236,14.2691
301052.SZ,20220330,20211231,11.8559,-28.866,50.2716,11.1272
300847.SZ,20220330,20211231,8.7762,22.5587,26.5138,8.768
000897.SZ,20220330,20211231,-76.9375,-214.7865,196.3813,28.6895
002264.SZ,20220330,20211231,-26.4266,-194.7614,8.7165,1.0042
003004.SZ,20220330,20211231,-4.1447,-52.4925,14.718,4.7121
002577.SZ,20220330,20211231,13.192,280.1964,17.9148,2.4484
300582.SZ,20220330,20211231,0.7855,-77.4419,13.8872,12.2433
300747.SZ,20220330,20211231,2.1268,-37.316,10.0369,14.9463
002678.SZ,20220330,20211231,-20.1219,-65.377,79.3365,4.6816
603301.SH,20220330,20211231,-46.1443,-74.9099,24.6673,12.17
688779.SH,20220330,20211231,145.7036,183.73,-7.1079,14.0717
300788.SZ,20220330,20211231,-16.4856,-60.4003,32.0561,10.7613
601633.SH,20220330,20211231,10.794,-35.8205,40.8679,7.0359
000833.SZ,20220330,20211231,66.4986,-116.0718,-140.3715,8.0995
002156.SZ,20220330,20211231,37.6101,230.9734,12.065,7.9539
002241.SZ,20220330,20211231,10.5155,13.2881,11.1655,16.3148
300617.SZ,20220330,20211231,7.3901,741.2664,32.0095,9.6459
002367.SZ,20220330,20211231,28.1833,-22.2946,11.6056,11.8167
002745.SZ,20220330,20211231,-8.6667,157.4017,33.0944,8.1896
000633.SZ,20220330,20211231,53.0671,317.2995,1.0468,1.5863
002715.SZ,20220331,20211231,41.5022,-50.3671,25.0749,0.8155
600787.SH,20220331,20211231,40.192,-11.308,5.9852,2.8783
688778.SH,20220331,20211231,87.8412,65.5174,-5.7862,18.6946
002319.SZ,20220331,20211231,112.7109,-449.2874,5.5914,-31.7919
600029.SH,20220331,20211231,-14.9278,-77.0938,0.9201,-18.4431
000488.SZ,20220331,20211231,-16.2201,-118.3825,18.6766,8.0425
300375.SZ,20220331,20211231,-10.0128,98.4461,36.4218,3.1622
000597.SZ,20220331,20211231,7.5005,542.4634,15.0148,1.248
600329.SH,20220331,20211231,-5.5449,-41.7892,11.2704,12.1591
301035.SZ,20220331,20211231,114.4362,3750.9449,16.1114,20.699
002479.SZ,20220331,20211231,11.7855,-55.0678,10.7052,3.5365
600425.SH,20220331,20211231,-0.485,241.284,16.4679,7.7448
300351.SZ,20220331,20211231,21.3569,6.1986,22.7051,5.3649
000528.SZ,20220331,20211231,-1.4842,-76.1226,4.9195,5.7899
600379.SH,20220331,20211231,-32.9027,14.4161,6.6825,7.7285
000898.SZ,20220331,20211231,-5.3646,-186.3706,9.6812,12.2816
601528.SH,20220331,20211231,16.6137,19.7199,560.226,10.1587
300656.SZ,20220331,20211231,4.6317,3.7238,5.0551,8.9409
002818.SZ,20220331,20211231,9.8382,-19.3566,-34.1981,13.7474
002821.SZ,20220331,20211231,60.834,73.4505,-13.5378,10.0534
600323.SH,20220331,20211231,99.3166,-18.7303,-16.6082,12.8748
600271.SH,20220331,20211231,-14.4703,-42.2979,30.8329,10.3955
301045.SZ,20220331,20211231,9.8549,-54.1723,34.2263,14.871
601658.SH,20220331,20211231,14.963,2.7125,198.178,10.3047
002671.SZ,20220331,20211231,-0.5302,106.7168,34.4712,-1.1908
002400.SZ,20220331,20211231,-11.2488,109.0496,15.5841,1.5212
601766.SH,20220331,20211231,-0.7437,-15.3341,27.0834,5.158
000565.SZ,20220331,20211231,6.1186,-113.4921,29.9581,5.2841
600127.SH,20220331,20211231,17.4649,-158.7934,-9.3893,-4.8857
000859.SZ,20220331,20211231,4.5381,1.1048,29.4339,8.5427
603043.SH,20220331,20211231,20.5815,9.499,-32.7507,19.0524
301181.SZ,20220331,20211231,-31.5891,-26.5949,30.1084,27.447
300597.SZ,20220331,20211231,-18.0028,4.6446,43.4328,3.8635
002467.SZ,20220331,20211231,-6.0372,-8.4032,28.6741,-1.5184
601186.SH,20220331,20211231,-0.6222,-9.258,14.3839,8.5759
300674.SZ,20220331,20211231,23.0456,-23.9796,47.4945,14.2583
600115.SH,20220331,20211231,-10.4841,-48.4249,-48.7898,-25.6994
002152.SZ,20220331,20211231,0.5731,-6.4887,74.0515,6.8404
600958.SH,20220331,20211231,-21.9171,420.4391,-662.8635,8.5369
000009.SZ,20220331,20211231,47.34,2.03,-3.6304,5.1928
600549.SH,20220331,20211231,57.5563,-24.4839,-4.8893,12.4281
600775.SH,20220331,20211231,0.7628,-28.2823,16.2882,0.3379
601238.SH,20220331,20211231,0.6146,112.8091,8.6049,6.8473
600635.SH,20220331,20211231,11.8911,-73.7412,-6.089,3.9502
300851.SZ,20220331,20211231,4.4488,-13.8237,5.4161,6.4078
600935.SH,20220331,20211231,44.5382,-17.1498,17.1319,15.5567
688661.SH,20220331,20211231,8.4118,-11.7723,37.2244,25.1347
600026.SH,20220331,20211231,10.0544,-469.4197,33.1931,-15.6975
600118.SH,20220331,20211231,6.037,-83.1514,53.1703,3.4134
002598.SZ,20220331,20211231,61.8466,135.6742,-10.8555,10.6749
600909.SH,20220331,20211231,50.8184,71.5298,152.0798,7.9567
600685.SH,20220331,20211231,-3.0752,-78.695,114.8537,-0.3434
001872.SZ,20220331,20211231,11.0273,-68.258,44.9242,6.1251
601288.SH,20220331,20211231,9.5801,7.6774,49.7429,10.4407
002372.SZ,20220331,20211231,25.3157,-1.7418,29.1337,25.6721
002960.SZ,20220331,20211231,52.203,45.2267,40.6544,15.4864
300771.SZ,20220331,20211231,81.8329,133.6407,11.8295,8.9264
300378.SZ,20220331,20211231,28.0254,8.3713,34.8831,5.7289
600875.SH,20220331,20211231,42.0178,-18.6186,17.8757,5.561
601236.SH,20220331,20211231,-43.659,6.6155,-163.0912,8.2956
000715.SZ,20220331,20211231,-10.1176,-35.8157,1.6316,7.2535
002106.SZ,20220331,20211231,-4.2839,-29.5553,1.9849,9.9844
002272.SZ,20220331,20211231,10.8668,-113.2152,7.209,1.7604
600096.SH,20220331,20211231,27.9812,382.3851,18.7486,42.1914
300946.SZ,20220331,20211231,4.886,14.6129,40.5383,11.2948
300179.SZ,20220331,20211231,35.262,-26.4911,24.0145,7.1618
300748.SZ,20220331,20211231,45.0435,10.7032,-3.9892,18.677
000166.SZ,20220331,20211231,18.7459,60.7727,-38.3111,9.992
600986.SH,20220331,20211231,48.2161,1170.6017,0.9648,6.4925
000157.SZ,20220331,20211231,-36.0512,-67.4393,-15.8206,11.2504
300732.SZ,20220331,20211231,-6.9671,-3.6672,21.2164,10.0766
002030.SZ,20220331,20211231,13.7856,19.9339,55.7848,60.8799
601005.SH,20220331,20211231,23.1741,-325.7448,44.9003,11.5679
300456.SZ,20220331,20211231,25.9402,-9.6123,71.3274,0.8782
301020.SZ,20220331,20211231,-36.0153,-75.3866,2.1228,14.4609
002850.SZ,20220331,20211231,93.6583,108.1484,1.8803,12.0551
002910.SZ,20220331,20211231,33.6793,402.2493,-1.2642,3.1232
688722.SH,20220331,20211231,3.6876,-23.258,25.2195,5.2317
600006.SH,20220331,20211231,-7.6651,-324.9901,66.355,3.4235
601015.SH,20220331,20211231,26.8153,69.7225,2.8377,19.1423
300073.SZ,20220331,20211231,167.1535,202.1643,11.2347,12.4281
002148.SZ,20220331,20211231,27.1007,180.8161,16.0724,1.1869
000921.SZ,20220331,20211231,29.338,-91.997,4.6884,6.6211
300389.SZ,20220331,20211231,62.1549,218.8645,11.529,-1.2187
601155.SH,20220331,20211231,-21.5897,-36.1789,38.6072,18.6439
002534.SZ,20220331,20211231,39.769,-34.2461,22.3271,9.6424
600817.SH,20220331,20211231,1.0675,345.8135,17.339,12.5628
600310.SH,20220331,20211231,105.0554,-62.8189,177.8451,-4.4175
002389.SZ,20220331,20211231,16.6819,-22.967,27.841,2.4246
002179.SZ,20220331,20211231,13.3122,8.2699,43.2494,15.5227
603127.SH,20220331,20211231,48.4897,80.4838,33.6742,12.6827
301008.SZ,20220331,20211231,18.9957,-44.986,21.7982,8.6922
002943.SZ,20220331,20211231,62.217,-96.4385,8.7419,-1.4681
002967.SZ,20220331,20211231,5.8962,-11.0203,45.3259,5.4398
301011.SZ,20220331,20211231,25.3222,-71.7988,21.0349,8.7853
601398.SH,20220331,20211231,6.3128,10.6453,-262.5268,11.2464
601390.SH,20220331,20211231,6.1844,0.627,20.7908,9.8229
002936.SZ,20220331,20211231,18.6842,15.5747,-384.2147,6.2649
600690.SH,20220331,20211231,4.1238,21.2886,16.9646,16.1379
603063.SH,20220331,20211231,3.639,393.3655,-11.0917,7.8466
600355.SH,20220331,20211231,-24.9151,-34.4611,-18.595,-5.8131
002537.SZ,20220331,20211231,-17.2106,-59.0226,-9.3869,4.2056
000978.SZ,20220331,20211231,-57.6539,16.8055,-76.8198,-18.1976
600258.SH,20220331,20211231,-16.3245,-217.614,35.3676,0.1124
601688.SH,20220331,20211231,54.715,15.8314,-491.5653,9.5077
600135.SH,20220331,20211231,-23.3415,-90.5976,60.3877,0.5645
002891.SZ,20220331,20211231,41.9187,-38.136,13.2746,6.4071
600846.SH,20220331,20211231,-10.002,-7.4662,12.7871,17.3129
002616.SZ,20220331,20211231,-5.857,-317.8413,-6.0749,-7.5249
603393.SH,20220331,20211231,25.1832,-3.5141,80.2139,16.3706
300557.SZ,20220331,20211231,-42.4684,-47.6277,52.5959,0.6919
300114.SZ,20220331,20211231,-7.5269,-4.6104,29.0989,14.331
300678.SZ,20220331,20211231,5.5915,-17.575,22.3757,3.9003
601881.SH,20220331,20211231,74.3245,90.1802,120.9584,11.649
000069.SZ,20220331,20211231,9.5954,-94.8936,33.6368,2.8785
002928.SZ,20220331,20211231,-51.3132,-96.036,26.3217,-3.1725
000553.SZ,20220331,20211231,13.1701,26.3268,27.8342,0.367
601827.SH,20220331,20211231,11.4753,32.8629,47.8038,14.7627
601077.SH,20220331,20211231,8.1626,27.8328,259.1899,9.3707
300659.SZ,20220331,20211231,5.9811,-49.3266,31.9978,5.9692
601066.SH,20220331,20211231,23.6202,47.6842,-95.4614,13.8392
300346.SZ,20220331,20211231,66.3719,598.7971,43.8569,4.3525
300110.SZ,20220331,20211231,23.9582,-67.6465,43.4299,5.3259
000725.SZ,20220331,20211231,37.8339,127.1874,31.2667,19.4327
300009.SZ,20220331,20211231,13.1822,-471.8476,30.6718,5.6143
300838.SZ,20220331,20211231,15.9762,-4.2382,12.7683,10.1219
000993.SZ,20220331,20211231,109.9349,89.8199,128.1085,3.5255
603300.SH,20220331,20211231,55.0005,1.5724,36.161,13.189
002490.SZ,20220331,20211231,0.1387,-194.3414,50.6809,-23.1444
600184.SH,20220331,20211231,23.2414,59.2226,23.4584,1.8576
600358.SH,20220331,20211231,73.207,186.9217,-3.2524,-19.9127
600570.SH,20220331,20211231,29.4983,-13.0204,65.545,18.4713
300416.SZ,20220331,20211231,20.7286,26.4308,39.0907,12.3283
600129.SH,20220331,20211231,0.6551,-1648.326,19.7081,-23.3785
600648.SH,20220331,20211231,-17.1031,36.7249,83.583,5.8963
000590.SZ,20220331,20211231,-14.3437,-206.7984,-5.5222,3.3731
300926.SZ,20220331,20211231,82.7308,24.1971,-18.8844,8.6181
688981.SH,20220331,20211231,53.7934,172.7317,65.3637,5.1126
300158.SZ,20220331,20211231,-29.4169,4069.8215,5.0386,1.9507
000014.SZ,20220331,20211231,430.3144,803.9948,-2.0012,2.8749
002533.SZ,20220331,20211231,35.1973,-6.0852,19.0441,8.7552
600611.SH,20220331,20211231,-13.0366,-65.5241,73.0882,1.6118
300398.SZ,20220331,20211231,42.4933,92.0446,-4.025,10.6698
300829.SZ,20220331,20211231,38.7127,31.1571,3.4646,8.1156
300620.SZ,20220331,20211231,24.3033,115.2669,32.9891,7.4194
000338.SZ,20220331,20211231,-25.6203,-36.1992,29.609,13.621
601162.SH,20220331,20211231,60.4624,80.4569,201.4312,2.4214
002847.SZ,20220331,20211231,24.6526,37.9046,17.3442,10.5551
300996.SZ,20220331,20211231,31.7412,48.054,62.3169,18.9718
301016.SZ,20220331,20211231,-10.4854,-35.7344,213.1735,18.8877
600774.SH,20220331,20211231,8.4235,-76.1395,32.3229,4.7833
688300.SH,20220331,20211231,34.8958,9.7272,29.1731,15.1256
601828.SH,20220331,20211231,-11.6952,-3571.0903,14.5834,3.2651
600495.SH,20220331,20211231,118.0547,2845.7064,31.6389,-0.8136
300711.SZ,20220331,20211231,11.2118,38.5851,28.5576,6.7816
001289.SZ,20220331,20211231,30.0804,35.179,62.6859,10.088
002961.SZ,20220331,20211231,-17.6527,14.0901,94.7117,22.4532
000402.SZ,20220331,20211231,90.5573,-66.7376,10.942,1.2103
002256.SZ,20220331,20211231,-35.2963,-242.8136,-30.2717,-15.4041
002300.SZ,20220331,20211231,32.0308,3.3179,29.9077,8.1803
002903.SZ,20220331,20211231,-5.6611,69.7973,64.9243,8.5784
002352.SZ,20220331,20211231,60.6689,43.0133,9.0067,2.6318
688819.SH,20220331,20211231,20.3443,-62.6978,24.929,10.9032
002008.SZ,20220331,20211231,42.7621,1295.0196,23.5,16.0904
300481.SZ,20220331,20211231,65.5251,93.2483,12.7017,15.7103
300516.SZ,20220331,20211231,-50.043,-29.5441,123.4858,6.3095
000521.SZ,20220331,20211231,2.1492,-127.2743,8.3938,-2.8936
601111.SH,20220331,20211231,-18.886,-47.0744,16.0269,-24.5443
301200.SZ,20220331,20211231,112.5694,402.0622,-2.027,32.1022
000002.SZ,20220331,20211231,2.0785,-73.0508,1.5959,9.7214
002460.SZ,20220331,20211231,151.8947,296.9619,41.1945,17.8351
002660.SZ,20220331,20211231,17.6116,146.4854,23.8794,7.1854
000505.SZ,20220331,20211231,12.5616,8.7814,-5.2196,6.9467
000555.SZ,20220331,20211231,8.6208,-30.5376,19.6875,5.4763
600499.SH,20220331,20211231,22.2693,129.7622,26.3628,14.8904
600502.SH,20220331,20211231,14.0975,-4.1885,0.8002,9.6544
002595.SZ,20220331,20211231,1.8678,1.896,54.7767,16.0026
301059.SZ,20220331,20211231,-0.5383,-44.469,11.7843,11.8723
300940.SZ,20220331,20211231,-50.8889,-36.604,26.3762,4.4738
000885.SZ,20220331,20211231,16.0584,-34.9077,16.8437,17.743
600653.SH,20220331,20211231,-20.0332,104.6487,4.077,0.7698
300480.SZ,20220331,20211231,33.5832,118.7195,10.3565,6.3889
300579.SZ,20220331,20211231,15.298,10.4117,30.0316,12.8714
000035.SZ,20220331,20211231,-41.8876,20.6944,11.7743,6.4326
688386.SH,20220331,20211231,14.3151,4.652,28.0031,9.5785
000800.SZ,20220331,20211231,-37.0086,1490.0684,-135.3871,14.0987
600531.SH,20220331,20211231,21.1129,49.2148,11.5178,9.1244
600985.SH,20220331,20211231,18.0771,63.7833,32.4543,18.9193
300007.SZ,20220331,20211231,22.5796,79.7122,36.513,8.8336
688025.SH,20220331,20211231,30.7104,1115.1419,3.5268,3.8936
600730.SH,20220331,20211231,-14.6592,-85.9988,987.1792,-2.1157
603333.SH,20220331,20211231,37.613,-59.7525,19.5435,-1.9846
688278.SH,20220331,20211231,38.1412,32.7629,18.5549,18.1714
600372.SH,20220331,20211231,-1.0491,3.5206,36.2527,6.2877
601866.SH,20220331,20211231,62.4705,348.3678,60.4581,15.0636
601995.SH,20220331,20211231,23.1316,43.5066,241.741,13.6521
000776.SZ,20220331,20211231,-4.6797,16.6082,-262.5328,9.9038
300938.SZ,20220331,20211231,57.251,30.9621,27.4328,9.3749
688269.SH,20220331,20211231,22.6038,23.206,68.1176,24.4078
601919.SH,20220331,20211231,90.8774,257.7718,55.7813,100.7623
600316.SH,20220331,20211231,41.8253,-29.7335,7.0506,0.8227
300530.SZ,20220331,20211231,20.8133,66.0991,108.1133,-96.4489
600188.SH,20220331,20211231,-6.6489,3215.8519,35.8908,26.5107
603700.SH,20220331,20211231,2.5658,-21.5379,52.1587,14.051
688091.SH,20220331,20211231,,325.0855,-181.8538,-2.4992
301148.SZ,20220428,20211231,,,24.7106,19.4673
601800.SH,20220331,20211231,-22.23,-50.6336,27.0801,5.7742
002288.SZ,20220331,20211231,74.833,-164.3104,-5.3164,6.1952
600193.SH,20220331,20211231,-60.075,-102.8362,-0.9289,6.4617
603683.SH,20220331,20211231,10.6273,-99.5919,26.648,3.0675
600519.SH,20220331,20211231,13.8897,18.0556,86.4601,29.9725
002715.SZ,20220331,20211231,41.5022,-50.3671,25.0749,0.8155
600787.SH,20220331,20211231,40.192,-11.308,5.9852,2.8783
600029.SH,20220331,20211231,-14.9278,-77.0938,0.9201,-18.4431
000488.SZ,20220331,20211231,-16.2201,-118.3825,18.6766,8.0425
300375.SZ,20220331,20211231,-10.0128,98.4461,36.4218,3.1622
605177.SH,20220401,20211231,17.4062,123.1248,4.1835,2.7352
600101.SH,20220331,20211231,23.9225,335.0168,-0.5621,4.782
603155.SH,20220331,20211231,89.2686,156.5848,24.6777,13.9848
000756.SZ,20220331,20211231,18.4931,-19.7748,1.7714,8.7073
601298.SH,20220331,20211231,6.8388,-0.7073,34.758,10.9173
000637.SZ,20220331,20211231,122.6389,1507.1182,6.3931,7.2159
601126.SH,20220331,20211231,5.1673,-32.8917,24.8463,10.1977
603997.SH,20220331,20211231,-8.6904,-198.3751,15.5865,2.2227
000585.SZ,20220331,20211231,10.2266,93.7489,24.937,
600299.SH,20220331,20211231,16.3912,-12.8688,24.0783,10.5704
688425.SH,20220331,20211231,-7.641,-5.8235,0.7115,14.0367
603165.SH,20220331,20211231,69.2198,74.9499,4.4621,14.6572
600379.SH,20220331,20211231,-32.9027,14.4161,6.6825,7.7285
300656.SZ,20220331,20211231,4.6317,3.7238,5.0551,8.9409
002818.SZ,20220331,20211231,9.8382,-19.3566,-34.1981,13.7474
601916.SH,20220330,20211231,12.7648,-4.388,-48.2391,8.4865
000901.SZ,20220331,20211231,-1.2302,102.2184,33.4227,0.3032
600061.SH,20220331,20211231,-49.3791,44.0368,-5032.1128,10.0207
002519.SZ,20220331,20211231,-49.2815,1655.9985,43.9078,2.5645
603863.SH,20220331,20211231,25.9608,-120.7012,24.1101,0.0701
603555.SH,20220331,20211231,59.5899,68.4804,3.9216,9.7927
000875.SZ,20220331,20211231,30.681,-558.0653,17.529,3.9477
600853.SH,20220331,20211231,8.4071,41.1708,27.0396,11.1367
300286.SZ,20220331,20211231,42.3023,274.5487,0.9379,17.3658
300505.SZ,20220330,20211231,94.0416,1127.5165,26.4534,14.4934
603767.SH,20220331,20211231,11.019,161.0314,17.5444,3.7675
830964.BJ,20220331,20211231,8.8686,-5.8718,0.3615,6.8496
688052.SH,20220331,20211231,,,22.2402,50.6228
600938.SH,20220331,20211231,,,59.8584,14.9069
832735.BJ,20220331,20211231,25.7764,40.1206,9.2257,13.39
835185.BJ,20220331,20211231,107.2618,149.7611,-15.4903,16.1623
838275.BJ,20220331,20211231,5.609,-36.837,65.5641,15.1696
835640.BJ,20220331,20211231,0.9013,37.415,39.6915,13.3527
600368.SH,20220331,20211231,6.1348,36.6913,87.2457,11.7434
688557.SH,20220331,20211231,176.9702,479.5867,10.8819,6.0576
600403.SH,20220331,20211231,-19.5774,170.0913,62.9183,16.5044
002563.SZ,20220331,20211231,-6.1888,-7.8155,19.8984,11.7015
600361.SH,20220331,20211231,1439.5038,7506.9259,0.2122,17.8426
600889.SH,20220331,20211231,-1.328,-959.5332,-35.4727,-30.0264
600399.SH,20220331,20211231,18.4836,-33.2179,16.4476,12.5831
600819.SH,20220331,20211231,4.3537,-187.7366,15.8528,0.7089
600292.SH,20220331,20211231,7.2906,10.8164,31.4743,0.0681
688050.SH,20220331,20211231,18.1831,11.2315,68.5791,9.3786
600676.SH,20220331,20211231,-26.7303,99.7752,16.4061,-4.0628
688325.SH,20220331,20211231,,,30.7051,51.4511
301150.SZ,20220331,20211231,,,4.6552,43.5484
688046.SH,20220331,20211231,,,66.0483,10.748
600810.SH,20220331,20211231,234.0295,122.6541,-18.907,33.3825
301288.SZ,20220331,20211231,,,-14.8619,19.6003
600535.SH,20220331,20211231,-0.1395,3279.9905,33.0415,4.8791
831305.BJ,20220401,20211231,-19.2233,23.8898,36.6157,15.9936
300077.SZ,20220401,20211231,291.2608,621.5909,52.7827,3.3809
688180.SH,20220401,20211231,123.7183,40.5393,-4.9699,-12.8375
000982.SZ,20220401,20211231,49.8148,-86.4999,-9.7799,2.0498
601963.SH,20220401,20211231,5.2352,11.6314,456.7206,10.5116
603319.SH,20220331,20211231,-21.5799,61.9001,32.6236,11.1815
600962.SH,20220331,20211231,39.8393,81.3411,-56.6353,-6.0837
836892.BJ,20220401,20211231,11.0437,10.3163,5.0021,25.3157
300320.SZ,20220401,20211231,4.9366,-71.0651,11.6143,7.5374
002039.SZ,20220401,20211231,-49.1151,-811.9022,78.4737,7.4598
688268.SH,20220331,20211231,11.4554,-18.8403,9.271,8.3989
000880.SZ,20220331,20211231,-22.0258,-0.5916,1.7813,7.1591
000903.SZ,20220331,20211231,-41.7071,-214.8955,8.0567,-0.0786
600308.SH,20220331,20211231,9.316,-76.1246,18.6898,8.5429
600584.SH,20220331,20211231,11.4842,56.0785,30.6966,14.4607
605162.SH,20220331,20211231,38.9867,-28.0789,44.3679,10.8478
002559.SZ,20220331,20211231,9.043,-127.8236,14.5314,5.921
688002.SH,20220331,20211231,18.1694,-2.6715,39.046,12.7254
600350.SH,20220331,20211231,14.3789,4.5417,89.0825,7.8333
603317.SH,20220331,20211231,-25.2201,136.7798,38.1382,3.2356
600038.SH,20220331,20211231,1.7193,10.0959,27.6113,9.7812
605488.SH,20220331,20211231,7.6682,-69.0705,18.179,15.2974
600663.SH,20220331,20211231,3.2093,0.005,29.2749,17.3006
603090.SH,20220331,20211231,127.635,86.0779,-12.0722,1.5598
600235.SH,20220331,20211231,17.5813,-8.5502,7.9253,4.2933
600081.SH,20220331,20211231,-8.7599,849.1519,5.8818,8.2517
601208.SH,20220331,20211231,50.6405,40.6457,-9.002,10.2959
688012.SH,20220331,20211231,29.9096,118.1352,59.1089,3.5436
603996.SH,20220331,20211231,-93.3267,87.2206,-148.5557,
605050.SH,20220331,20211231,20.0557,-22.4014,8.1298,10.4641
002152.SZ,20220331,20211231,0.5731,-6.4887,74.0515,6.8404
600549.SH,20220331,20211231,57.5563,-24.4839,-4.8893,12.4281
600775.SH,20220331,20211231,0.7628,-28.2823,16.2882,0.3379
601238.SH,20220331,20211231,0.6146,112.8091,8.6049,6.8473
600635.SH,20220331,20211231,11.8911,-73.7412,-6.089,3.9502
600643.SH,20220331,20211231,-43.463,-101.2524,386.7315,7.8825
002541.SZ,20220331,20211231,55.7297,9.7975,3.7409,12.9408
600026.SH,20220331,20211231,10.0544,-469.4197,33.1931,-15.6975
600118.SH,20220331,20211231,6.037,-83.1514,53.1703,3.4134
002598.SZ,20220331,20211231,61.8466,135.6742,-10.8555,10.6749
600685.SH,20220331,20211231,-3.0752,-78.695,114.8537,-0.3434
002372.SZ,20220331,20211231,25.3157,-1.7418,29.1337,25.6721
600017.SH,20220331,20211231,31.4719,310.038,18.3978,5.6799
300485.SZ,20220331,20211231,-20.3459,927.2501,23.7311,3.4497
600986.SH,20220331,20211231,48.2161,1170.6017,0.9648,6.4925
000157.SZ,20220331,20211231,-36.0512,-67.4393,-15.8206,11.2504
601005.SH,20220331,20211231,23.1741,-325.7448,44.9003,11.5679
300456.SZ,20220331,20211231,25.9402,-9.6123,71.3274,0.8782
002850.SZ,20220331,20211231,93.6583,108.1484,1.8803,12.0551
002910.SZ,20220331,20211231,33.6793,402.2493,-1.2642,3.1232
688722.SH,20220331,20211231,3.6876,-23.258,25.2195,5.2317
600006.SH,20220331,20211231,-7.6651,-324.9901,66.355,3.4235
601015.SH,20220331,20211231,26.8153,69.7225,2.8377,19.1423
300073.SZ,20220331,20211231,167.1535,202.1643,11.2347,12.4281
000722.SZ,20220331,20211231,7.7808,139.7003,-19.5118,2.8748
300243.SZ,20220331,20211231,16.3547,-78.386,37.1435,12.9485
603157.SH,20220331,20211231,-56.3842,48.7669,-5.0032,
600138.SH,20220331,20211231,-3.9475,84.618,10.7726,-1.808
600879.SH,20220331,20211231,-5.8525,-11.8739,25.0364,3.7748
300389.SZ,20220331,20211231,62.1549,218.8645,11.529,-1.2187
601155.SH,20220331,20211231,-21.5897,-36.1789,38.6072,18.6439
600817.SH,20220331,20211231,1.0675,345.8135,17.339,12.5628
600310.SH,20220331,20211231,105.0554,-62.8189,177.8451,-4.4175
002389.SZ,20220331,20211231,16.6819,-22.967,27.841,2.4246
600097.SH,20220401,20211231,2.9242,-107.5606,-21.4407,4.4176
603722.SH,20220401,20211231,26.0122,45.6701,13.126,15.3735
001696.SZ,20220401,20211231,6.8661,24.454,20.3543,8.0915
600558.SH,20220401,20211231,-3.2549,-95.674,11.9013,3.0476
002179.SZ,20220331,20211231,13.3122,8.2699,43.2494,15.5227
002943.SZ,20220331,20211231,62.217,-96.4385,8.7419,-1.4681
601390.SH,20220331,20211231,6.1844,0.627,20.7908,9.8229
002936.SZ,20220331,20211231,18.6842,15.5747,-384.2147,6.2649
600690.SH,20220331,20211231,4.1238,21.2886,16.9646,16.1379
603063.SH,20220331,20211231,3.639,393.3655,-11.0917,7.8466
600355.SH,20220331,20211231,-24.9151,-34.4611,-18.595,-5.8131
002537.SZ,20220331,20211231,-17.2106,-59.0226,-9.3869,4.2056
000978.SZ,20220331,20211231,-57.6539,16.8055,-76.8198,-18.1976
600258.SH,20220331,20211231,-16.3245,-217.614,35.3676,0.1124
002891.SZ,20220331,20211231,41.9187,-38.136,13.2746,6.4071
600846.SH,20220331,20211231,-10.002,-7.4662,12.7871,17.3129
002616.SZ,20220331,20211231,-5.857,-317.8413,-6.0749,-7.5249
603393.SH,20220331,20211231,25.1832,-3.5141,80.2139,16.3706
300557.SZ,20220331,20211231,-42.4684,-47.6277,52.5959,0.6919
601881.SH,20220331,20211231,74.3245,90.1802,120.9584,11.649
002928.SZ,20220331,20211231,-51.3132,-96.036,26.3217,-3.1725
000553.SZ,20220331,20211231,13.1701,26.3268,27.8342,0.367
601827.SH,20220331,20211231,11.4753,32.8629,47.8038,14.7627
601077.SH,20220331,20211231,8.1626,27.8328,259.1899,9.3707
300346.SZ,20220331,20211231,66.3719,598.7971,43.8569,4.3525
300110.SZ,20220331,20211231,23.9582,-67.6465,43.4299,5.3259
300838.SZ,20220331,20211231,15.9762,-4.2382,12.7683,10.1219
000993.SZ,20220331,20211231,109.9349,89.8199,128.1085,3.5255
603300.SH,20220331,20211231,55.0005,1.5724,36.161,13.189
600184.SH,20220331,20211231,23.2414,59.2226,23.4584,1.8576
600358.SH,20220331,20211231,73.207,186.9217,-3.2524,-19.9127
600570.SH,20220331,20211231,29.4983,-13.0204,65.545,18.4713
600129.SH,20220331,20211231,0.6551,-1648.326,19.7081,-23.3785
600648.SH,20220331,20211231,-17.1031,36.7249,83.583,5.8963
000590.SZ,20220331,20211231,-14.3437,-206.7984,-5.5222,3.3731
600684.SH,20220331,20211231,164.8121,67.9831,-12.3843,1.0582
600458.SH,20220331,20211231,-34.9786,-82.3204,35.1307,0.7887
300158.SZ,20220331,20211231,-29.4169,4069.8215,5.0386,1.9507
600611.SH,20220331,20211231,-13.0366,-65.5241,73.0882,1.6118
300398.SZ,20220331,20211231,42.179,93.6835,-4.0339,10.6554
600774.SH,20220331,20211231,8.4235,-76.1395,32.3229,4.7833
688300.SH,20220331,20211231,34.8958,9.7272,29.1731,15.1256
601828.SH,20220331,20211231,-11.6952,-3571.0903,14.5834,3.2651
600495.SH,20220331,20211231,118.0547,2845.7064,31.6389,-0.8136
300711.SZ,20220331,20211231,11.2118,38.5851,28.5576,6.7816
002300.SZ,20220331,20211231,32.0308,3.3179,29.9077,8.1803
603258.SH,20220331,20211231,-19.6227,-36.9175,18.2875,12.0468
600249.SH,20220331,20211231,15.6486,231.6699,4.0355,0.0798
600428.SH,20220331,20211231,81.5175,-1041.5471,23.8037,2.9274
834682.BJ,20220331,20211231,19.7625,33.3013,26.3509,8.49
002247.SZ,20220331,20211231,0.0841,3199.1029,38.0837,12.0481
688819.SH,20220331,20211231,20.3443,-62.6978,24.929,10.9032
300481.SZ,20220331,20211231,65.5251,93.2483,12.7017,15.7103
601111.SH,20220331,20211231,-18.886,-47.0744,16.0269,-24.5443
000505.SZ,20220331,20211231,12.5616,8.7814,-5.2196,6.9467
000555.SZ,20220331,20211231,8.6208,-30.5376,19.6875,5.4763
600499.SH,20220331,20211231,22.2693,129.7622,26.3628,14.8904
600502.SH,20220331,20211231,14.0975,-4.1885,0.8002,9.6544
002595.SZ,20220331,20211231,1.8678,1.896,54.7767,16.0026
300940.SZ,20220331,20211231,-50.8889,-36.604,26.3762,4.4738
600653.SH,20220331,20211231,-20.0332,104.6487,4.077,0.7698
300579.SZ,20220331,20211231,15.298,10.4117,30.0316,12.8714
688148.SH,20220331,20211231,32.2037,-116.2289,-0.548,5.7438
603368.SH,20220331,20211231,8.723,-36.6374,31.9901,10.4807
605198.SH,20220331,20211231,38.7929,87.6295,-72.9486,4.5882
002265.SZ,20220331,20211231,2.5666,154.1903,23.9894,-0.7486
600571.SH,20220331,20211231,27.3396,-54.921,54.7928,0.4624
000501.SZ,20220331,20211231,-42.2699,-40.8317,18.3752,7.0277
688279.SH,20220330,20211231,,,20.329,35.1077
688025.SH,20220331,20211231,30.7104,1115.1419,3.5268,3.8936
600730.SH,20220331,20211231,-14.6592,-85.9988,987.1792,-2.1157
603333.SH,20220331,20211231,37.613,-59.7525,19.5435,-1.9846
688278.SH,20220331,20211231,38.1412,32.7629,18.5549,18.1714
600372.SH,20220331,20211231,-1.0491,3.5206,36.2527,6.2877
601866.SH,20220331,20211231,62.4705,348.3678,60.4581,15.0636
601995.SH,20220331,20211231,23.1316,43.5066,241.741,13.6521
000776.SZ,20220331,20211231,-4.6797,16.6082,-262.5328,9.9038
300938.SZ,20220331,20211231,57.251,30.9621,27.4328,9.3749
688269.SH,20220331,20211231,22.6038,23.206,68.1176,24.4078
601919.SH,20220331,20211231,90.8774,257.7718,55.7813,100.7623
600316.SH,20220331,20211231,41.8253,-29.7335,7.0506,0.8227
300530.SZ,20220331,20211231,20.8133,66.0991,108.1133,-96.4489
600188.SH,20220331,20211231,-6.6489,3215.8519,35.8908,26.5107
603700.SH,20220331,20211231,2.5658,-21.5379,52.1587,14.051
688091.SH,20220331,20211231,,325.0855,-181.8538,-2.4992
601800.SH,20220331,20211231,-22.23,-50.6336,27.0801,5.7742
002288.SZ,20220331,20211231,74.833,-164.3104,-5.3164,6.1952
603683.SH,20220331,20211231,10.6273,-99.5919,26.648,3.0675
600519.SH,20220331,20211231,13.8897,18.0556,86.4601,29.9725
300638.SZ,20220330,20211231,61.8226,30.5118,-1.0557,21.2294
688331.SH,20220314,20211231,144999.2366,456.3199,76.334,4.9988
600526.SH,20220401,20211231,41.1094,-55.7761,16.9392,-1.6009
601857.SH,20220401,20211231,44.5848,90.6355,15.6295,8.0292
300402.SZ,20220401,20211231,75.4539,87.1583,-42.4207,7.2588
002587.SZ,20220401,20211231,98.6382,110.8136,25.4174,0.7514
600855.SH,20220401,20211231,-9.0606,-38.267,29.9965,4.4291
000541.SZ,20220401,20211231,28.6963,-33.7429,-14.6464,2.4868
002428.SZ,20220401,20211231,3.4282,-110.3212,57.5325,-1.7797
688585.SH,20220401,20211231,-9.0953,-1.843,10.5014,1.0884
000811.SZ,20220401,20211231,20.5816,45.1265,28.157,5.2376
688234.SH,20220401,20211231,-11.5478,241.144,44.0875,0.5957
000951.SZ,20220401,20211231,-58.1259,-119.8367,0.1281,8.7038
603896.SH,20220401,20211231,18.7587,34.311,39.7327,13.4931
300709.SZ,20220401,20211231,51.5739,5.4308,37.747,3.5717
002474.SZ,20220401,20211231,-13.956,-97.794,45.6785,0.7409
002032.SZ,20220401,20211231,11.8661,-8.1563,25.0247,25.0687
605177.SH,20220401,20211231,17.4062,123.1248,4.1835,2.7352
300077.SZ,20220401,20211231,291.2608,621.5909,52.7827,3.3809
688180.SH,20220401,20211231,123.7183,40.5393,-4.9699,-12.8375
000982.SZ,20220401,20211231,49.8148,-86.4999,-9.7799,2.0498
836892.BJ,20220401,20211231,11.0437,10.3163,5.0021,25.3157
300320.SZ,20220401,20211231,4.9366,-71.0651,11.6143,7.5374
002039.SZ,20220401,20211231,-49.1151,-811.9022,78.4737,7.4598
600097.SH,20220401,20211231,2.9242,-107.5606,-21.4407,4.4176
603722.SH,20220401,20211231,26.0122,45.6701,13.126,15.3735
001696.SZ,20220401,20211231,6.8661,24.454,20.3543,8.0915
600558.SH,20220401,20211231,-3.2549,-95.674,11.9013,3.0476
600526.SH,20220401,20211231,41.1094,-55.7761,16.9392,-1.6009
601857.SH,20220401,20211231,44.5848,90.6355,15.6295,8.0292
300402.SZ,20220401,20211231,75.4539,87.1583,-42.4207,7.2588
002587.SZ,20220401,20211231,98.6382,110.8136,25.4174,0.7514
600855.SH,20220401,20211231,-9.0606,-38.267,29.9965,4.4291
000541.SZ,20220401,20211231,28.6963,-33.7429,-14.6464,2.4868
002428.SZ,20220401,20211231,3.4282,-110.3212,57.5325,-1.7797
688585.SH,20220401,20211231,-9.0953,-1.843,10.5014,1.0884
000811.SZ,20220401,20211231,20.5816,45.1265,28.157,5.2376
688234.SH,20220401,20211231,-11.5478,241.144,44.0875,0.5957
000951.SZ,20220401,20211231,-58.1259,-119.8367,0.1281,8.7038
603896.SH,20220401,20211231,18.7587,34.311,39.7327,13.4931
600071.SH,20220402,20211231,6.16,-95.9104,-2.8234,1.132
603380.SH,20220402,20211231,52.117,22.4848,4.6877,19.9427
002697.SZ,20220402,20211231,4.7122,29.6177,15.3864,12.3059
600833.SH,20220402,20211231,2.4004,23.8436,2.3012,3.0592
600616.SH,20220402,20211231,19.0085,-9.9792,24.384,-0.9619
000738.SZ,20220402,20211231,3.8364,113.8008,18.4994,5.6332
600076.SH,20220402,20211231,-27.4171,-172.7671,-32.4919,0.5396
000893.SZ,20220402,20211231,414.4691,224.226,72.7008,6.9567
000751.SZ,20220402,20211231,146.1598,-44.273,1.8776,5.3611
002686.SZ,20220402,20211231,-2.3722,120.0436,-17.3579,0.1432
002051.SZ,20220402,20211231,-10.7891,123.897,35.4941,1.1014
600836.SH,20220402,20211231,-16.1638,817.7992,58.9047,2.4437
002029.SZ,20220402,20211231,-2.1647,-4.4052,38.6262,3.7559
002302.SZ,20220402,20211231,4.5763,114.0107,28.669,8.8476
600067.SH,20220402,20211231,-7.1215,-1239.7951,53.9647,-14.1293
001965.SZ,20220402,20211231,-1.63,-2.6299,46.3157,8.5529
600132.SH,20220402,20211231,1.0814,887.6375,-14.4436,97.6867
300953.SZ,20220402,20211231,124.8221,-15.7127,-11.1459,14.9494
002578.SZ,20220402,20211231,73.0437,75.6944,-0.2655,3.2258
000548.SZ,20220402,20211231,16.7207,-8.4056,-2.0126,1.5156
300709.SZ,20220401,20211231,51.5739,5.4308,37.747,3.5717
002474.SZ,20220401,20211231,-13.956,-97.794,45.6785,0.7409
002032.SZ,20220401,20211231,11.8661,-8.1563,25.0247,25.0687
600076.SH,20220402,20211231,-27.4171,-213.5076,-32.4919,0.4692
000893.SZ,20220402,20211231,414.4691,224.226,72.7008,6.9567
601158.SH,20220402,20211231,1.2492,-71.1826,42.3891,10.9569
000987.SZ,20220402,20211231,47.6898,354.9039,-97.1597,10.2573
601058.SH,20220402,20211231,12.0628,-2.3409,6.441,12.4359
002362.SZ,20220402,20211231,-11.6332,-58.3425,15.3099,2.9465
300907.SZ,20220402,20211231,2.0306,-180.5218,9.8655,2.8625
600321.SH,20220402,20211231,168.3239,111.7875,2.2958,1.9759
000617.SZ,20220402,20211231,-2.6847,-80.2582,19174.4436,6.0184
688393.SH,20220402,20211231,1.0043,-71.3608,9.7122,5.2935
300506.SZ,20220402,20211231,-64.0776,-59.783,29.3602,-33.9403
000900.SZ,20220402,20211231,-16.0015,-66.8226,50.1956,5.4978
600768.SH,20220402,20211231,-40.8944,132.7904,-17.4929,-1.6679
600605.SH,20220402,20211231,8.2089,-35.3825,582.7701,1.1705
301288.SZ,20220331,20211231,,,-14.8619,19.6003
601963.SH,20220401,20211231,5.2352,11.6314,456.7206,10.5116
601601.SH,20220328,20211231,11.7702,-15.9643,37.5224,12.082
600071.SH,20220402,20211231,6.16,-95.9104,-2.8234,1.132
603380.SH,20220402,20211231,52.117,22.4848,4.6877,19.9427
002697.SZ,20220402,20211231,4.7122,29.6177,15.3864,12.3059
600833.SH,20220402,20211231,2.4004,23.8436,2.3012,3.0592
600616.SH,20220402,20211231,19.0085,-9.9792,24.384,-0.9619
000738.SZ,20220402,20211231,3.8364,113.8008,18.4994,5.6332
000751.SZ,20220402,20211231,146.1598,-44.273,1.8776,5.3611
002686.SZ,20220402,20211231,-2.3722,120.0436,-17.3579,0.1432
002051.SZ,20220402,20211231,-10.7891,123.897,35.4941,1.1014
600836.SH,20220402,20211231,-16.1638,817.7992,58.9047,2.4437
002029.SZ,20220402,20211231,-2.1647,-4.4052,38.6262,3.7559
002302.SZ,20220402,20211231,4.5763,114.0107,28.669,8.8476
600067.SH,20220402,20211231,-7.1215,-1239.7951,53.9647,-14.1293
001965.SZ,20220402,20211231,-1.63,-2.6299,46.3157,8.5529
600132.SH,20220402,20211231,1.0814,887.6375,-14.4436,97.6867
300953.SZ,20220402,20211231,124.8221,-15.7127,-11.1459,14.9494
002578.SZ,20220402,20211231,73.0437,75.6944,-0.2655,3.2258
000548.SZ,20220402,20211231,16.7207,-8.4056,-2.0126,1.5156
601158.SH,20220402,20211231,1.2492,-71.1826,42.3891,10.9569
601058.SH,20220402,20211231,12.0628,-2.3409,6.441,12.4359
002362.SZ,20220402,20211231,-11.6332,-58.3425,15.3099,2.9465
300907.SZ,20220402,20211231,2.0306,-180.5218,9.8655,2.8625
600321.SH,20220402,20211231,168.3239,111.7875,2.2958,1.9759
000617.SZ,20220402,20211231,-2.6847,-80.2582,19174.4436,6.0184
688393.SH,20220402,20211231,1.0043,-71.3608,9.7122,5.2935
300506.SZ,20220402,20211231,-68.4813,-59.783,33.4623,-33.9403
000900.SZ,20220402,20211231,-16.0015,-66.8226,50.1956,5.4978
600768.SH,20220402,20211231,-40.8944,132.7904,-17.4929,-1.6679
600605.SH,20220402,20211231,8.2089,-35.3825,582.7701,1.1705
600958.SH,20220331,20211231,-21.9171,420.4391,-662.8635,8.5369
600837.SH,20220330,20211231,-16.0526,-57.8534,75.9894,7.8348
601211.SH,20220331,20211231,15.2908,55.6796,100.0774,9.5129
301068.SZ,20220406,20211231,35.2687,0.67,30.1939,8.2108
000014.SZ,20220331,20211231,430.3144,803.9948,-2.0012,2.8749
301259.SZ,20220406,20211231,,,11.2062,19.2104
688295.SH,20220316,20211231,,,26.5998,23.5053
603585.SH,20220407,20211231,59.9491,108.1149,17.9008,10.9477
601069.SH,20220407,20211231,-61.5782,105.1539,70.0783,0.3102
301068.SZ,20220406,20211231,35.2687,0.67,30.1939,8.2108
003011.SZ,20220407,20211231,60.2732,-50.9002,20.2627,7.7486
688182.SH,20220407,20211231,-45.5607,-27.1446,49.1551,2.1281
688202.SH,20220407,20211231,63.4906,85.3726,66.1285,22.1211
603693.SH,20220407,20211231,39.3181,57.3532,50.858,5.8055
300641.SZ,20220407,20211231,33.4004,32.0803,48.9497,6.471
300823.SZ,20220407,20211231,0.4391,-23.0579,12.3369,9.0321
000863.SZ,20220407,20211231,-84.8512,-266.7437,-6.6072,-0.9608
603822.SH,20220407,20211231,73.4855,572.1312,5.8354,11.5637
603668.SH,20220407,20211231,64.3161,96.9986,22.7425,4.7874
600346.SH,20220407,20211231,-5.2155,-20.9475,-1.7614,27.8878
601069.SH,20220407,20211231,-61.5782,105.1539,70.0783,0.3102
301048.SZ,20220407,20211231,34.3473,100.5257,-2.7935,12.5058
603810.SH,20220407,20211231,-8.4445,-54.8505,39.0192,7.2199
300507.SZ,20220407,20211231,4.8312,-20.584,19.7624,5.4292
600738.SH,20220407,20211231,-8.5665,216.065,127.1046,8.926
300080.SZ,20220407,20211231,4.1785,-42.2894,-14.4536,-4.8213
688065.SH,20220407,20211231,63.7104,-13.5449,28.4621,5.4576
600731.SH,20220407,20211231,36.9182,-20.9737,1.8188,15.8893
301235.SZ,20220407,20211231,-0.2891,-5.2116,46.1464,14.2286
300710.SZ,20220407,20211231,60.3121,-86.103,17.0647,1.9079
688270.SH,20220407,20211231,15.8419,42.936,11.0533,21.9808
603989.SH,20220407,20211231,11.1229,15.3107,-3.6826,12.9471
300086.SZ,20220407,20211231,-13.5668,629.9264,18.45,-2.7195
300341.SZ,20220407,20211231,24.4098,27.3804,26.8929,13.066
688553.SH,20220407,20211231,22.939,-22.2461,21.7029,19.0227
300558.SZ,20220407,20211231,43.827,-60.8636,12.6906,7.9451
688337.SH,20220317,20211231,,,14.1708,-3.0789
000702.SZ,20220408,20211231,6.6131,-110.3684,19.8557,-45.5715
601000.SH,20220408,20211231,-7.2764,-30.4267,20.2814,8.9942
601939.SH,20220330,20211231,8.3601,7.8843,-18.268,12.2226
603585.SH,20220407,20211231,59.9491,108.1149,17.9008,10.9477
003011.SZ,20220407,20211231,60.2732,-50.9002,20.2627,7.7486
301048.SZ,20220407,20211231,34.3473,100.5257,-2.7935,12.5058
603810.SH,20220407,20211231,-8.4445,-54.8505,39.0192,7.2199
300507.SZ,20220407,20211231,4.8312,-20.584,19.7624,5.4292
600738.SH,20220407,20211231,-8.5665,216.065,127.1046,8.926
300080.SZ,20220407,20211231,4.1785,-42.2894,-14.4536,-4.8213
688065.SH,20220407,20211231,63.7104,-13.5449,28.4621,5.4576
600731.SH,20220407,20211231,36.9182,-20.9737,1.8188,15.8893
688182.SH,20220407,20211231,-45.5607,-27.1446,49.1551,2.1281
688202.SH,20220407,20211231,63.4906,85.3726,66.1285,22.1211
300641.SZ,20220407,20211231,33.4004,32.0803,48.9497,6.471
300823.SZ,20220407,20211231,0.4391,-23.0579,12.3369,9.0321
301235.SZ,20220407,20211231,-0.2891,-5.2116,46.1464,14.2286
300710.SZ,20220407,20211231,60.3121,-86.103,17.0647,1.9079
688270.SH,20220407,20211231,15.8419,42.936,11.0533,21.9808
603989.SH,20220407,20211231,11.1229,15.3107,-3.6826,12.9471
300341.SZ,20220407,20211231,24.4098,27.3804,26.8929,13.066
000863.SZ,20220407,20211231,-84.8512,-266.7437,-6.6072,-0.9608
603822.SH,20220407,20211231,73.4855,572.1312,5.8354,11.5637
603668.SH,20220407,20211231,64.3161,96.9986,22.7425,4.7874
600346.SH,20220407,20211231,-5.2155,-20.9475,-1.7614,27.8878
688553.SH,20220407,20211231,22.939,-22.2461,21.7029,19.0227
300558.SZ,20220407,20211231,43.827,-60.8636,12.6906,7.9451
831689.BJ,20220407,20211231,30.5539,2.4659,1.7835,15.2845
871245.BJ,20220407,20211231,24.3102,212.8452,21.9554,17.817
832000.BJ,20220407,20211231,21.1833,-44.3254,12.3853,7.1006
601066.SH,20220331,20211231,23.6202,47.6842,-95.4614,13.8392
601218.SH,20220408,20211231,-21.9298,20.7761,30.5824,6.8125
603109.SH,20220408,20211231,38.0146,420.0643,11.0324,7.9514
300581.SZ,20220408,20211231,-45.9805,-57.8692,42.1086,2.9385
603289.SH,20220408,20211231,-11.9976,-53.3811,27.3304,10.0521
002290.SZ,20220408,20211231,6.3912,-56.3362,3.3001,15.3882
600416.SH,20220408,20211231,9.1707,122.8467,-17.7046,0.4516
002532.SZ,20220408,20211231,-15.1274,-12.4182,26.4805,18.2149
603444.SH,20220408,20211231,63.6766,4.4792,60.5844,29.2439
000949.SZ,20220408,20211231,48.6799,30.1771,19.0807,28.1223
603505.SH,20220408,20211231,24.6746,6.9766,32.6542,20.6492
002693.SZ,20220408,20211231,-12.6196,41.0886,24.2667,-8.0805
300979.SZ,20220408,20211231,33.4591,37.3905,14.021,33.1331
688063.SH,20220408,20211231,146.38,-16.7202,-32.2985,10.5421
300528.SZ,20220408,20211231,10.722,49.3645,33.6049,-26.495
601606.SH,20220408,20211231,10.49,40.2678,9.8375,2.1122
688219.SH,20220408,20211231,25.1523,-72.0233,12.166,0.9986
688636.SH,20220408,20211231,36.4327,7.3999,68.7411,16.123
002414.SZ,20220408,20211231,-24.4989,-6.4385,131.5067,17.8291
300105.SZ,20220408,20211231,18.938,13.9416,17.5303,0.0103
002229.SZ,20220408,20211231,17.7734,65.047,19.9599,-0.5701
300918.SZ,20220408,20211231,31.4545,433.0157,60.36,8.8046
000719.SZ,20220408,20211231,-30.5748,-1.3498,78.9093,10.3143
603298.SH,20220408,20211231,7.4698,-19.5824,-3.7327,16.3567
301028.SZ,20220408,20211231,-24.3781,-30.9802,55.2388,20.1681
605155.SH,20220408,20211231,20.0779,-17.0966,34.3629,7.367
300876.SZ,20220408,20211231,1.2574,-52.0059,51.3892,7.0248
002142.SZ,20220408,20211231,28.0737,38.6346,-145.0058,14.5657
603279.SH,20220408,20211231,26.7721,-2.6385,12.7619,19.8562
002677.SZ,20220408,20211231,6.002,2.6253,27.6851,34.7653
600030.SH,20220329,20211231,51.0495,143.3393,-1.1688,11.9288
002583.SZ,20220408,20211231,23.4317,-380.7728,20.109,-11.142
603757.SH,20220408,20211231,5.8668,-19.1859,18.5241,10.6129
603031.SH,20220408,20211231,-14.5591,-225.4827,-1.1611,-9.4604
600396.SH,20220408,20211231,-3.6412,-1359.2274,-9.4462,-165.4701
300548.SZ,20220408,20211231,58.8282,53.6706,17.4622,12.215
300831.SZ,20220408,20211231,212.7123,1056.1682,61.1523,6.2567
002949.SZ,20220408,20211231,35.4955,-156.2605,33.1646,5.4031
600198.SH,20220408,20211231,-4.777,105.7131,-31.8108,
688033.SH,20220408,20211231,65.6445,46.4006,-7.3302,6.6744
300984.SZ,20220408,20211231,46.0313,-27.1167,-13.5848,11.5465
603009.SH,20220408,20211231,-2.827,-31.1173,-15.0243,3.5115
002935.SZ,20220408,20211231,1.9359,4.2233,43.2365,8.0217
002011.SZ,20220408,20211231,13.3505,107.7864,8.3623,24.4676
002635.SZ,20220408,20211231,37.2568,184.5149,11.6111,1.6099
688588.SH,20220408,20211231,0.5798,-30.4169,35.0545,8.7174
688800.SH,20220408,20211231,93.7314,251.5507,-0.7321,13.8426
688365.SH,20220408,20211231,2.3265,-183.5511,12.5559,-8.0676
300386.SZ,20220408,20211231,-23.144,-136.8019,69.5451,-3.1289
002600.SZ,20220408,20211231,1.336,-110.848,5.0354,5.3187
300070.SZ,20220408,20211231,-31.8411,-59.2307,15.9578,2.3408
300822.SZ,20220408,20211231,-5.0247,-95.7509,8.2428,9.965
002774.SZ,20220408,20211231,32.2415,-41.2763,70.9056,1.8144
601636.SH,20220408,20211231,23.2393,-4.7887,29.7906,36.42
300828.SZ,20220408,20211231,70.3706,8.0264,15.4982,9.4111
688707.SH,20220408,20211231,459.3893,509.246,11.9893,19.1583
300042.SZ,20220408,20211231,4.0027,-72.4795,5.2777,4.4932
002439.SZ,20220408,20211231,3.8634,19.2381,30.9867,12.0293
002858.SZ,20220408,20211231,31.4905,85.5487,61.7372,-1.5948
301005.SZ,20220408,20211231,-9.8536,-44.394,14.705,13.5522
002289.SZ,20220408,20211231,19.2314,-1.577,9.3499,-9.3372
000025.SZ,20220408,20211231,-6.2601,238.594,24.1872,5.2293
300608.SZ,20220408,20211231,-2.2785,-4.9192,62.793,6.0847
002402.SZ,20220222,20211231,9.0787,-3.328,8.4242,14.3625
300171.SZ,20220408,20211231,55.3237,53.783,31.0483,19.1839
000949.SZ,20220408,20211231,48.6799,30.1771,19.0807,28.1223
300528.SZ,20220408,20211231,9.7645,84.1235,34.0358,-13.1737
601606.SH,20220408,20211231,10.49,40.2678,9.8375,2.1122
000719.SZ,20220408,20211231,-30.5748,-1.3498,78.9093,10.3143
301028.SZ,20220408,20211231,-24.3781,-30.9802,55.2388,20.1681
688015.SH,20220408,20211231,9.3534,0.7898,26.5571,14.7552
002142.SZ,20220408,20211231,28.0737,38.6346,-145.0058,14.5657
688499.SH,20220408,20211231,45.5419,13.4056,8.5718,13.4273
300268.SZ,20220408,20211231,2.1693,29.269,-0.4927,-40.6863
301229.SZ,20220408,20211231,-4.3244,-33.8807,-10.3666,12.6698
002583.SZ,20220408,20211231,23.4317,-380.7728,20.109,-11.142
603757.SH,20220408,20211231,5.8668,-19.1859,18.5241,10.6129
603031.SH,20220408,20211231,-14.5591,-225.4827,-1.1611,-9.4604
600396.SH,20220408,20211231,-3.6412,-1359.2274,-9.4462,-165.4701
300548.SZ,20220408,20211231,58.8282,53.6706,17.4622,12.215
300831.SZ,20220408,20211231,212.7123,1056.1682,61.1523,6.2567
002949.SZ,20220408,20211231,35.4955,-156.2605,33.1646,5.4031
600198.SH,20220408,20211231,-4.777,105.7131,-31.8108,
688033.SH,20220408,20211231,65.6445,46.4006,-7.3302,6.6744
300984.SZ,20220408,20211231,46.0313,-27.1167,-13.5848,11.5465
603009.SH,20220408,20211231,-2.827,-31.1173,-15.0243,3.5115
002935.SZ,20220408,20211231,1.9359,4.2233,43.2365,8.0217
603290.SH,20220409,20211231,72.9361,183.2163,45.6146,12.2828
603005.SH,20220409,20211231,-2.2914,43.1204,43.5486,13.062
600008.SH,20220409,20211231,-8.3863,-31.1043,21.5735,6.1273
600665.SH,20220409,20211231,-11.2428,-53.7693,11.4716,6.2348
300385.SZ,20220409,20211231,-9.8118,115.1717,31.2636,2.7941
002075.SZ,20220409,20211231,9.5478,32.2106,26.2149,16.74
605168.SH,20220409,20211231,47.2294,35.5882,36.5678,25.0278
601228.SH,20220409,20211231,-6.4076,156.3611,15.6312,7.8466
603656.SH,20220409,20211231,15.803,148.0669,10.8202,-0.8826
603029.SH,20220409,20211231,55.3855,44.5738,26.0534,0.2868
600642.SH,20220409,20211231,26.1667,-272.4379,-3.024,0.7404
600894.SH,20220409,20211231,8.6862,-40.7951,3.7067,6.7921
600694.SH,20220409,20211231,-16.0803,-10.7929,19.9002,6.191
002255.SZ,20220409,20211231,50.9524,6.7415,9.3578,10.918
603977.SH,20220409,20211231,9.6796,74.1935,29.957,9.3403
600192.SH,20220409,20211231,-2.6352,80.238,-17.3557,-14.357
300730.SZ,20220409,20211231,7.8065,12.0035,37.878,5.8356
600800.SH,20220409,20211231,24.8616,-52.6678,37.1763,5.5948
601019.SH,20220409,20211231,-1.1179,-34.7363,49.7777,11.6856
600125.SH,20220409,20211231,1557.8786,-63.9377,4.4245,5.0439
300717.SZ,20220409,20211231,36.2033,-48.0053,9.5071,3.1105
688670.SH,20220409,20211231,-86.714,-116.5305,181.2609,7.7269
600126.SH,20220409,20211231,11.6399,-94.5785,5.0386,7.6047
000088.SZ,20220409,20211231,34.8104,50.3602,67.8678,5.1582
600826.SH,20220409,20211231,-48.302,-47.7917,28.2044,3.2375
000417.SZ,20220409,20211231,2.8499,115.5652,27.5237,2.311
000705.SZ,20220409,20211231,1.3664,3.7323,10.49,3.3464
002117.SZ,20220409,20211231,-11.2431,-4.0477,66.5009,9.7622
300189.SZ,20220409,20211231,-27.1744,75.0186,83.0309,-6.7246
000922.SZ,20220409,20211231,40.6146,63.4947,17.0645,6.5522
000576.SZ,20220409,20211231,-65.3267,0.6385,169.0623,0.694
603689.SH,20220409,20211231,-20.6477,-29.7652,1.2658,8.0744
600444.SH,20220409,20211231,45.4998,187.173,17.309,7.1868
300556.SZ,20220409,20211231,50.9705,148.1964,27.0157,8.7633
301079.SZ,20220409,20211231,-16.9391,-40.8386,25.5224,12.7896
600664.SH,20220409,20211231,-2.4449,83.628,-0.2059,5.9215
002760.SZ,20220409,20211231,-3.4302,30.4694,49.5654,9.048
603026.SH,20220409,20211231,28.4064,116.1891,15.9974,45.1058
603693.SH,20220407,20211231,39.3181,57.3532,50.858,5.8055
002011.SZ,20220408,20211231,13.3505,107.7864,8.3623,24.4676
002635.SZ,20220408,20211231,37.2568,184.5149,11.6111,1.6099
688588.SH,20220408,20211231,0.5798,-30.4169,35.0545,8.7174
688800.SH,20220408,20211231,93.7314,251.5507,-0.7321,13.8426
688365.SH,20220408,20211231,2.3265,-183.5511,12.5559,-8.0676
300386.SZ,20220408,20211231,-23.144,-136.8019,69.5451,-3.1289
002600.SZ,20220408,20211231,1.336,-110.848,5.0354,5.3187
300070.SZ,20220408,20211231,-31.8411,-59.2307,15.9578,2.3408
300822.SZ,20220408,20211231,-5.0247,-95.7509,8.2428,9.965
002774.SZ,20220408,20211231,32.2415,-41.2763,70.9056,1.8144
300828.SZ,20220408,20211231,70.3706,8.0264,15.4982,9.4111
603109.SH,20220408,20211231,38.0146,420.0643,11.0324,7.9514
300581.SZ,20220408,20211231,-45.9805,-57.8692,42.1086,2.9385
300042.SZ,20220408,20211231,4.0027,-72.4795,5.2777,4.4932
002439.SZ,20220408,20211231,3.8634,19.2381,30.9867,12.0293
002858.SZ,20220408,20211231,31.4905,85.5487,61.7372,-1.5948
301005.SZ,20220408,20211231,-9.8536,-44.394,14.705,13.5522
002289.SZ,20220408,20211231,19.2314,-1.577,9.3499,-9.3372
000025.SZ,20220408,20211231,-6.2601,238.594,24.1872,5.2293
300608.SZ,20220408,20211231,-2.2785,-4.9192,62.793,6.0847
300171.SZ,20220408,20211231,55.3237,53.783,31.0483,19.1839
603505.SH,20220408,20211231,24.6746,6.9766,32.6542,20.6492
002693.SZ,20220408,20211231,-12.6196,41.0886,24.2667,-8.0805
300979.SZ,20220408,20211231,33.4591,37.3905,14.021,33.1331
688063.SH,20220408,20211231,146.38,-16.7202,-32.2985,10.5421
688219.SH,20220408,20211231,25.1523,-72.0233,12.166,0.9986
688636.SH,20220408,20211231,36.4327,7.3999,68.7411,16.123
300105.SZ,20220408,20211231,18.938,13.9416,17.5303,0.0103
002229.SZ,20220408,20211231,17.7734,65.047,19.9599,-0.5701
300918.SZ,20220408,20211231,31.4545,433.0157,60.36,8.8046
603298.SH,20220408,20211231,7.4698,-19.5824,-3.7327,16.3567
605155.SH,20220408,20211231,20.0779,-17.0966,34.3629,7.367
300876.SZ,20220408,20211231,1.2574,-52.0059,51.3892,7.0248
603279.SH,20220408,20211231,26.7721,-2.6385,12.7619,19.8562
002677.SZ,20220408,20211231,6.002,2.6253,27.6851,34.7653
688499.SH,20220408,20211231,45.5419,13.4056,8.5718,13.4273
300268.SZ,20220408,20211231,2.1693,29.269,-0.4927,-40.6863
688155.SH,20220409,20211231,82.8662,-98.7743,43.7141,4.5541
300570.SZ,20220409,20211231,-12.1264,-60.1072,-8.3866,4.9817
000975.SZ,20220409,20211231,118.2069,-17.8847,13.8215,11.8063
002183.SZ,20220409,20211231,-30.3357,116.1331,2.9488,5.9698
000977.SZ,20220409,20211231,18.6231,-22.211,0.9085,12.139
000531.SZ,20220409,20211231,32.63,-561.2433,-26.1032,1.6404
600008.SH,20220409,20211231,-8.3863,-31.1043,21.5735,6.1273
603029.SH,20220409,20211231,55.3855,44.5738,26.0534,0.2868
000417.SZ,20220409,20211231,2.8499,115.5652,27.5237,2.311
000705.SZ,20220409,20211231,1.3664,3.7323,10.49,3.3464
605338.SH,20220409,20211231,25.9893,21.5367,9.7534,8.5933
603176.SH,20220409,20211231,,,10.846,9.6934
002986.SZ,20220409,20211231,120.6152,222.8849,-0.709,6.7984
300189.SZ,20220409,20211231,-27.1744,75.0186,83.0309,-6.7246
603183.SH,20220409,20211231,17.8691,4.6451,44.2936,9.7447
300731.SZ,20220409,20211231,46.2815,-579.3425,12.5534,-3.0514
300279.SZ,20220409,20211231,6.1145,352.9989,-3.0152,6.2347
600098.SH,20220409,20211231,10.0186,-1064.2483,12.4353,0.04
002590.SZ,20220409,20211231,0.8476,-77.1068,2.8829,-1.2489
300200.SZ,20220409,20211231,-10.2194,-75.5157,32.4221,8.2074
301167.SZ,20220409,20211231,-3.9184,-3.9262,67.9057,9.53
001896.SZ,20220409,20211231,9.7033,-1333.142,-37.034,-36.6316
000089.SZ,20220409,20211231,9.2537,-151.859,24.2977,-0.634
300227.SZ,20220409,20211231,10.1982,-93.2506,35.8625,5.8683
002959.SZ,20220409,20211231,6.826,-11.1348,35.3821,12.7727
600893.SH,20220409,20211231,19.7058,-21.0311,50.4125,1.92
600325.SH,20220409,20211231,1.4683,-0.4159,41.6832,14.077
300552.SZ,20220409,20211231,-49.9233,-117.1385,24.6323,1.1285
300970.SZ,20220409,20211231,16.8431,-36.076,41.0763,0.344
601555.SH,20220409,20211231,41.0138,125.8332,114.6849,7.3158
600004.SH,20220409,20211231,5.9832,71.5751,31.8807,-2.4199
002655.SZ,20220409,20211231,-30.1422,-68.121,0.9225,11.9419
000422.SZ,20220409,20211231,-23.7699,-30.6957,16.7847,99.132
300231.SZ,20220409,20211231,-34.3578,5.1185,94.4179,11.3962
300223.SZ,20220409,20211231,57.2706,472.8278,15.3379,9.671
000797.SZ,20220409,20211231,13.0641,-96.6596,8.9854,0.5877
603596.SH,20220409,20211231,14.4812,-15.7885,13.9709,13.9322
603906.SH,20220409,20211231,219.307,166.0369,-23.814,16.7569
688155.SH,20220409,20211231,82.8662,-98.7743,43.7141,4.5541
300570.SZ,20220409,20211231,-12.1264,-60.1072,-8.3866,4.9817
000975.SZ,20220409,20211231,118.2069,-17.8847,13.8215,11.8063
002183.SZ,20220409,20211231,-30.3357,116.1331,2.9488,5.9698
000977.SZ,20220409,20211231,18.6231,-22.211,0.9085,12.139
000531.SZ,20220409,20211231,32.63,-561.2433,-26.1032,1.6404
839167.BJ,20220409,20211231,-1.7037,-18.2615,31.4474,15.2616
603290.SH,20220409,20211231,72.9361,183.2163,45.6146,12.2828
603005.SH,20220409,20211231,-2.2914,43.1204,43.5486,13.062
600665.SH,20220409,20211231,-11.2428,-53.7693,11.4716,6.2348
300385.SZ,20220409,20211231,-9.8118,115.1717,31.2636,2.7941
002075.SZ,20220409,20211231,9.5478,32.2106,26.2149,16.74
605168.SH,20220409,20211231,47.2294,35.5882,36.5678,25.0278
601228.SH,20220409,20211231,-6.4076,156.3611,15.6312,7.8466
600642.SH,20220409,20211231,26.1667,-272.4379,-3.024,0.7404
600894.SH,20220409,20211231,8.6862,-40.7951,3.7067,6.7921
600694.SH,20220409,20211231,-16.0803,-10.7929,19.9002,6.191
002255.SZ,20220409,20211231,50.9524,6.7415,9.3578,10.918
603977.SH,20220409,20211231,9.6796,74.1935,29.957,9.3403
600192.SH,20220409,20211231,-2.6352,80.238,-17.3557,-14.357
300730.SZ,20220409,20211231,7.8065,12.0035,37.878,5.8356
601019.SH,20220409,20211231,-1.1179,-34.7363,49.7777,11.6856
300717.SZ,20220409,20211231,36.2033,-48.0053,9.5071,3.1105
688670.SH,20220409,20211231,-86.714,-116.5305,181.2609,7.7269
600126.SH,20220409,20211231,11.6399,-94.5785,5.0386,7.6047
000088.SZ,20220409,20211231,34.8104,50.3602,67.8678,5.1582
600826.SH,20220409,20211231,-48.302,-47.7917,28.2044,3.2375
002117.SZ,20220409,20211231,-11.2431,-4.0477,66.5009,9.7622
605338.SH,20220409,20211231,25.9893,21.5367,9.7534,8.5933
603176.SH,20220409,20211231,,,10.846,9.6934
002986.SZ,20220409,20211231,120.6152,222.8849,-0.709,6.7984
000922.SZ,20220409,20211231,40.6146,63.4947,17.0645,6.5522
000576.SZ,20220409,20211231,-65.3267,0.6385,169.0623,0.694
603689.SH,20220409,20211231,-20.6477,-29.7652,1.2658,8.0744
600444.SH,20220409,20211231,45.4998,187.173,17.309,7.1868
300556.SZ,20220409,20211231,50.9705,148.1964,27.0157,8.7633
301079.SZ,20220409,20211231,-16.9391,-40.8386,25.5224,12.7896
600664.SH,20220409,20211231,-2.4449,83.628,-0.2059,5.9215
002760.SZ,20220409,20211231,-3.4302,30.4694,49.5654,9.048
603026.SH,20220409,20211231,28.4064,116.1891,15.9974,45.1058
603183.SH,20220409,20211231,17.8691,4.6451,44.2936,9.7447
300731.SZ,20220409,20211231,46.2815,-579.3425,12.5534,-3.0514
300279.SZ,20220409,20211231,6.1145,352.9989,-3.0152,6.2347
600098.SH,20220409,20211231,10.0186,-1064.2483,12.4353,0.04
002590.SZ,20220409,20211231,0.8476,-77.1068,2.8829,-1.2489
300200.SZ,20220409,20211231,-10.2194,-75.5157,32.4221,8.2074
301167.SZ,20220409,20211231,-3.9184,-3.9262,67.9057,9.53
001896.SZ,20220409,20211231,9.7033,-1333.142,-37.034,-36.6316
000089.SZ,20220409,20211231,9.2537,-151.859,24.2977,-0.634
300227.SZ,20220409,20211231,10.1982,-93.2506,35.8625,5.8683
002959.SZ,20220409,20211231,6.826,-11.1348,35.3821,12.7727
600893.SH,20220409,20211231,19.7058,-21.0311,50.4125,1.92
600325.SH,20220409,20211231,1.4683,-0.4159,41.6832,14.077
300552.SZ,20220409,20211231,-49.9233,-117.1385,24.6323,1.1285
600004.SH,20220409,20211231,5.9832,71.5751,31.8807,-2.4199
002655.SZ,20220409,20211231,-30.1422,-68.121,0.9225,11.9419
000422.SZ,20220409,20211231,-23.7699,-30.6957,16.7847,99.132
300231.SZ,20220409,20211231,-34.3578,5.1185,94.4179,11.3962
300223.SZ,20220409,20211231,57.2706,472.8278,15.3379,9.671
000797.SZ,20220409,20211231,13.0641,-96.6596,8.9854,0.5877
603596.SH,20220409,20211231,14.4812,-15.7885,13.9709,13.9322
003008.SZ,20220411,20211231,-1.8374,131.9311,80.0053,5.307
002422.SZ,20220411,20211231,-4.3635,-22.4629,17.1182,7.586
300559.SZ,20220411,20211231,-49.2059,-124.4178,63.6035,7.6734
300342.SZ,20220411,20211231,3.7069,-51.5941,24.3209,6.0951
301090.SZ,20220411,20211231,24.4414,104.4142,30.7326,8.4401
002254.SZ,20220411,20211231,48.4038,199.3498,20.1491,22.9292
688305.SH,20220411,20211231,18.7554,19.3917,13.886,3.868
600916.SH,20220411,20211231,32.2892,38.197,-2.0033,12.8994
601118.SH,20220411,20211231,-15.2676,33.6186,18.8179,-2.463
688320.SH,20220411,20211231,,,4.1494,17.2231
688290.SH,20220411,20211231,,,56.5262,24.0946
688083.SH,20220412,20211231,37.4848,58.888,55.5768,6.0186
600692.SH,20220412,20211231,-22.1712,-52.9669,-5.6467,4.2794
301117.SZ,20220412,20211231,72.4168,75.7998,6.6434,35.5227
688092.SH,20220412,20211231,27.5882,-44.463,30.1591,12.0337
002591.SZ,20220412,20211231,39.4051,98.7908,36.2002,1.7417
605258.SH,20220412,20211231,18.5028,-42.0238,12.628,6.1416
002997.SZ,20220412,20211231,8.8715,9.2059,27.8702,7.8751
300399.SZ,20220412,20211231,57.8684,-9.7731,5.5379,-1.2084
301108.SZ,20220412,20211231,-44.1967,-47.1504,8.0417,19.693
600550.SH,20220412,20211231,2.3154,4112.8227,39.6301,2.9781
300685.SZ,20220412,20211231,11.0192,16.278,16.1703,17.3005
300882.SZ,20220412,20211231,-2.383,-42.6111,101.8197,6.9832
688004.SH,20220412,20211231,-16.5138,6.2047,94.4675,6.1119
000096.SZ,20220412,20211231,56.4049,-435.402,-1.4202,1.0926
600581.SH,20220412,20211231,-5.0466,-3880.3082,-7.7179,24.6824
688601.SH,20220412,20211231,53.4736,271.4165,21.2112,21.9423
000551.SZ,20220412,20211231,9.6269,-40.9709,26.3613,4.7194
300339.SZ,20220412,20211231,1.9429,13.1296,49.5859,2.7834
601156.SH,20220412,20211231,57.1629,83.0856,27.5415,43.742
300079.SZ,20220412,20211231,-5.6413,-22.571,33.0802,2.4162
603686.SH,20220412,20211231,-4.7239,-70.7894,20.5569,10.8303
600089.SH,20220412,20211231,46.6359,131.2571,19.9277,14.2525
603908.SH,20220412,20211231,50.6757,301.0266,-55.603,13.5679
000848.SZ,20220412,20211231,39.4821,28.153,69.7452,24.9166
600391.SH,20220412,20211231,3.0419,63.0833,-33.3539,0.1576
300798.SZ,20220412,20211231,22.3195,-75.1532,15.1079,4.0456
688330.SH,20220412,20211231,52.6385,34.181,39.5686,10.7203
688789.SH,20220412,20211231,-13.6238,-2.3613,20.5126,18.9264
000838.SZ,20220412,20211231,-19.5734,-1235.6043,38.7233,-47.5371
300965.SZ,20220412,20211231,-38.9015,-61.2701,46.1341,5.9918
603657.SH,20220412,20211231,45.9246,-57.1613,7.4297,9.9474
301022.SZ,20220412,20211231,9.2392,-35.9747,28.2017,5.3368
603383.SH,20220412,20211231,51.038,31.3472,131.0299,10.2867
688663.SH,20220412,20211231,11.1567,1.6072,12.9267,11.564
301012.SZ,20220412,20211231,21.6066,11.2881,-13.9687,9.6848
300465.SZ,20220412,20211231,-32.0612,106.8109,35.2846,18.6832
002516.SZ,20220412,20211231,5.5831,-2.2633,15.1059,5.1769
002135.SZ,20220412,20211231,8.2116,14.5786,9.5722,9.0499
002444.SZ,20220412,20211231,42.8775,-53.2711,10.3897,11.0533
300531.SZ,20220412,20211231,6.2982,444.8712,62.8199,9.5936
002626.SZ,20220412,20211231,-2.5755,-25.0813,22.7952,20.9243
300541.SZ,20220412,20211231,-54.4902,35.8909,31.3117,14.5303
002360.SZ,20220412,20211231,-10.7563,-59.4049,18.4703,8.2186
300908.SZ,20220412,20211231,11.1534,-45.3916,13.0475,6.3258
600586.SH,20220412,20211231,25.109,-59.5393,21.6392,24.3847
002025.SZ,20220412,20211231,12.2618,-25.3443,79.9339,10.5233
688201.SH,20220412,20211231,22.2593,25.4319,51.9156,19.7286
000159.SZ,20220412,20211231,148.2086,-232.022,16.804,0.1295
600692.SH,20220412,20211231,-22.1712,-52.9669,-5.6467,4.2794
002311.SZ,20220412,20211231,31.2789,-133.4823,4.0859,10.6873
002939.SZ,20220412,20211231,-7.5204,18.6419,-80.1195,9.3552
002868.SZ,20220412,20211231,65.6124,-69267.6117,31.3314,-1.5333
300065.SZ,20220412,20211231,-14.3004,90.5981,64.903,0.8038
002267.SZ,20220412,20211231,0.9583,-60.5677,-5.08,6.3347
605376.SH,20220412,20211231,40.973,39.7487,44.7858,14.7854
000031.SZ,20220412,20211231,-0.7532,12.0353,0.2943,0.2214
300048.SZ,20220412,20211231,-24.1527,103.1204,34.3718,2.2837
300791.SZ,20220412,20211231,1.2239,-55.9013,6.9807,8.8758
300699.SZ,20220412,20211231,25.8228,19.4965,195.6645,18.3108
688170.SH,20220412,20211231,,,25.1976,15.049
003015.SZ,20220412,20211231,6.3063,-36.0319,59.7093,7.0643
003028.SZ,20220412,20211231,12.7771,5.1245,9.909,17.2334
002812.SZ,20220412,20211231,55.3373,103.8109,35.7519,20.5902
603995.SH,20220412,20211231,30.1127,-0.2006,6.2294,16.3821
600051.SH,20220412,20211231,37.7891,31238.2452,6.123,6.0452
300323.SZ,20220412,20211231,-8.1006,-42.451,11.6629,-4.2404
002130.SZ,20220412,20211231,11.3764,9.6959,7.1785,14.9286
000902.SZ,20220412,20211231,23.9162,5.4781,12.407,15.8904
002571.SZ,20220412,20211231,11.8826,-229.5862,0.8085,-0.1201
300865.SZ,20220412,20211231,-17.6007,-1256.2213,-4.2081,2.107
688777.SH,20220412,20211231,46.5382,36.9524,17.7043,10.5619
300504.SZ,20220412,20211231,36.2993,319.943,42.4571,8.3864
002553.SZ,20220412,20211231,4.2051,-63.0168,23.7262,7.4057
002271.SZ,20220412,20211231,37.0092,21.3183,112.3907,18.9076
300021.SZ,20220412,20211231,98.4814,44.2813,31.1079,7.2105
300700.SZ,20220412,20211231,53.7731,-1919.0896,19.2298,-16.4554
600710.SH,20220412,20211231,58.2309,408.5687,14.6645,11.5406
002557.SZ,20220412,20211231,28.3336,21.4605,-1.4416,17.749
000582.SZ,20220412,20211231,14.8567,17.0554,33.617,9.1649
600322.SH,20220412,20211231,353.2268,32.8805,13.7409,-137.467
002399.SZ,20220412,20211231,-3.1125,-169.9332,-7.4602,0.7842
603759.SH,20220412,20211231,55.723,27.6531,50.9243,10.9786
300529.SZ,20220412,20211231,40.633,34.6599,65.2689,36.8726
002859.SZ,20220412,20211231,-5.6584,-23.8072,18.139,18.8793
300910.SZ,20220412,20211231,62.578,21.8438,9.0793,9.2898
301182.SZ,20220412,20211231,-3.696,-33.069,13.6008,7.1234
002572.SZ,20220412,20211231,-2.9235,-246.6612,28.1858,0.5385
002641.SZ,20220412,20211231,9.9931,-6.3641,13.2005,10.9737
301036.SZ,20220412,20211231,-28.0407,-67.1212,-19.3149,7.0872
002090.SZ,20220412,20211231,-25.2634,194.2202,30.6861,0.9632
300866.SZ,20220412,20211231,24.4439,4.0309,14.9925,12.3636
603239.SH,20220412,20211231,13.6117,-0.677,-77.0903,14.0332
603613.SH,20220412,20211231,-16.1023,90.6618,-9.6135,13.105
002542.SZ,20220412,20211231,-24.6354,-3128.598,49.5458,-8.5802
300403.SZ,20220412,20211231,10.0497,-21.3325,25.8075,11.4496
603195.SH,20220412,20211231,16.1261,-19.6539,24.9298,26.4662
000609.SZ,20220412,20211231,5559.3642,4.241,13.4289,-32.6921
605090.SH,20220413,20211231,135.8244,-92.0062,1.4774,15.4853
000848.SZ,20220412,20211231,39.4821,28.153,69.7452,24.9166
002135.SZ,20220412,20211231,8.2116,14.5786,9.5722,9.0499
688333.SH,20220413,20211231,11.7987,-33.1569,35.2363,-7.28
603180.SH,20220413,20211231,19.8723,24.8831,20.6687,12.4131
603331.SH,20220413,20211231,6.0788,-48.7617,-4.3771,9.1545
600683.SH,20220413,20211231,-48.2251,-38.8746,68.7369,2.2587
600335.SH,20220413,20211231,-13.9222,-63.1822,9.5593,1.0326
002531.SZ,20220413,20211231,13.1272,15.5634,16.4593,14.8721
002445.SZ,20220413,20211231,32.6241,-125.5241,-9.0581,-7.9016
605398.SH,20220413,20211231,8.5573,-40.1614,55.7009,8.0354
688558.SH,20220413,20211231,26.0676,23.8706,16.7381,13.5197
688232.SH,20220413,20211231,16.0797,31.8215,39.5214,16.3251
000059.SZ,20220413,20211231,36.4564,-24.2274,27.6048,6.3541
002813.SZ,20220413,20211231,66.2582,-100.2411,18.2238,-1.509
600697.SH,20220413,20211231,-12.3996,11.608,30.963,-1.0647
688126.SH,20220413,20211231,38.7109,-48.8188,20.4198,-1.3253
300729.SZ,20220413,20211231,6.8781,9.7996,19.1385,7.4733
002382.SZ,20220413,20211231,-52.2211,-1645.1619,-16.7895,0.6105
688369.SH,20220413,20211231,28.7028,23.3532,60.4606,8.782
000042.SZ,20220413,20211231,-46.4084,-169.0759,15.4945,2.2878
603328.SH,20220413,20211231,-6.9906,19.7696,8.4524,4.3771
002689.SZ,20220413,20211231,-8.7161,-5074.8845,13.551,-4.1084
000570.SZ,20220413,20211231,-13.5012,-120.0649,10.5847,0.1992
002285.SZ,20220413,20211231,-28.3671,-791.4903,32.1985,-31.1665
301038.SZ,20220413,20211231,-16.8737,56.6046,88.3308,11.9285
002046.SZ,20220413,20211231,8.2254,-744.817,23.6912,1.2364
002019.SZ,20220413,20211231,-19.603,-121.6449,-2.6366,2.5965
002890.SZ,20220413,20211231,-14.3257,44.3135,31.5318,3.7422
002666.SZ,20220413,20211231,-4.325,-33.2705,-5.8994,7.2003
600919.SH,20220413,20211231,17.0807,31.547,-62.0912,10.4218
002312.SZ,20220413,20211231,35.1122,202.5395,5.0933,12.5939
600858.SH,20220413,20211231,-19.8194,88.9475,25.7323,-1.137
300733.SZ,20220413,20211231,32.7083,-2902.2727,31.5749,1.2935
688315.SH,20220413,20211231,10.2023,8.0503,56.9801,12.077
300207.SZ,20220413,20211231,27.5864,-25.2978,5.2576,5.3205
002601.SZ,20220413,20211231,25.8318,149.4764,21.1905,27.8664
603580.SH,20220413,20211231,13.9145,-44.4812,32.6596,7.0572
688398.SH,20220413,20211231,16.0502,-13.9095,12.849,11.3559
603776.SH,20220413,20211231,-6.2546,-117.2526,-8.7577,1.1185
300162.SZ,20220413,20211231,134.4197,100.7427,7.7233,5.0827
688568.SH,20220413,20211231,18.4824,43.4492,77.8999,11.2501
600173.SH,20220413,20211231,-76.0522,-79.161,-19.3052,13.9289
002875.SZ,20220413,20211231,-29.7018,-1.6019,0.8633,-1.7743
688579.SH,20220413,20211231,37.0758,-10.723,37.0797,6.8905
603180.SH,20220413,20211231,19.8723,24.8831,20.6687,12.4131
000042.SZ,20220413,20211231,-46.4084,-169.0759,15.4945,2.2878
600089.SH,20220412,20211231,46.6359,131.2571,19.9277,14.2525
688296.SH,20220414,20211231,35.1551,-0.0504,28.6598,15.3244
601116.SH,20220414,20211231,2.3719,49.5796,10.7092,2.0578
600505.SH,20220414,20211231,2.3655,-79.4904,22.7038,3.2027
002990.SZ,20220414,20211231,10.6309,-75.2501,26.2425,6.7932
603320.SH,20220414,20211231,34.643,49.6121,9.3195,7.8178
300866.SZ,20220412,20211231,24.4439,4.0309,14.9925,12.3636
300590.SZ,20220414,20211231,87.6862,55.1431,23.259,10.9498
002827.SZ,20220414,20211231,-1.0034,109.8079,-22.8783,6.9857
300352.SZ,20220414,20211231,-16.7522,-892.0745,74.5516,-21.8994
600744.SH,20220414,20211231,9.8042,-3456.732,-33.7489,-128.9727
688571.SH,20220414,20211231,5.4867,-22.2904,11.3807,6.7912
000851.SZ,20220414,20211231,8.4515,-10.9647,15.0137,-5.6745
300299.SZ,20220414,20211231,-9.6683,143.3408,59.9091,14.9989
600320.SH,20220414,20211231,22.0938,29.9648,20.4264,-2.9782
002149.SZ,20220414,20211231,9.2299,-30.8472,24.5352,4.0162
002423.SZ,20220414,20211231,-97.6792,202.7007,-1439.4781,7.7196
002082.SZ,20220414,20211231,-74.5212,-91.323,28.1323,5.2105
000965.SZ,20220414,20211231,1835.6195,125.0757,29.5367,-1.1445
000573.SZ,20220414,20211231,-14.7656,106.5648,-11.6813,8.7733
605336.SH,20220414,20211231,18.7307,-9.8464,18.7869,12.5581
002126.SZ,20220414,20211231,9.3009,-89.0741,0.298,4.9871
002610.SZ,20220414,20211231,-13.9072,-5573.866,101.7144,-13.9688
002998.SZ,20220414,20211231,42.2172,-59.7376,38.4788,6.7886
301182.SZ,20220412,20211231,-3.696,-33.069,13.6008,7.1234
600059.SH,20220415,20211231,8.4119,12.8543,78.5617,3.7785
688399.SH,20220415,20211231,4.4043,-17.1215,63.2902,54.2558
600877.SH,20220415,20211231,-7.3587,10.593,-5.8068,7.7828
688786.SH,20220415,20211231,13.9887,30.1023,36.123,17.2086
002963.SZ,20220415,20211231,-40.5842,-828.0304,14.0578,-0.5704
601952.SH,20220415,20211231,24.1795,32.2427,25.409,9.7252
603225.SH,20220415,20211231,-41.1137,-6.8983,12.3902,15.2473
300991.SZ,20220415,20211231,-12.7307,-55.9012,20.935,13.2831
300283.SZ,20220415,20211231,-1.0542,-29.3815,33.6631,5.4398
300618.SZ,20220415,20211231,90.5747,2.6264,-22.8618,16.1186
300207.SZ,20220413,20211231,27.5864,-25.2978,5.2576,5.3205
002997.SZ,20220412,20211231,8.8715,9.2059,27.8702,7.8751
600581.SH,20220412,20211231,-5.0466,-3880.3082,-7.7179,24.6824
300590.SZ,20220414,20211231,87.6862,55.1431,23.259,10.9498
002827.SZ,20220414,20211231,-1.0034,109.8079,-22.8783,6.9857
300352.SZ,20220414,20211231,-16.7522,-892.0745,74.5516,-21.8994
688571.SH,20220414,20211231,5.4867,-22.2904,11.3807,6.7912
000851.SZ,20220414,20211231,170.6055,-24783.491,33.2996,-14.0365
300299.SZ,20220414,20211231,-9.6683,143.3408,59.9091,14.9989
600320.SH,20220414,20211231,22.0938,29.9648,20.4264,-2.9782
002149.SZ,20220414,20211231,9.2299,-30.8472,24.5352,4.0162
002082.SZ,20220414,20211231,-74.5212,-91.323,28.1323,5.2105
000965.SZ,20220414,20211231,1835.6195,125.0757,29.5367,-1.1445
002171.SZ,20220415,20211231,40.8443,109.8739,5.5377,6.4466
300020.SZ,20220415,20211231,-23.3055,-127.0171,33.2382,2.214
688190.SH,20220415,20211231,37.2214,64.2193,10.2839,8.9029
603118.SH,20220415,20211231,15.4254,115.7323,12.8527,6.5467
601519.SH,20220415,20211231,8.4157,-83.4089,45.0861,0.4871
000573.SZ,20220414,20211231,-14.7656,106.5648,-11.6813,8.7733
002126.SZ,20220414,20211231,9.3009,-89.0741,0.298,4.9871
600452.SH,20220415,20211231,15.3158,-39.6109,123.4981,16.8458
600387.SH,20220415,20211231,73.0945,234.3691,57.0021,2.1723
002444.SZ,20220412,20211231,42.8775,-53.2711,10.3897,11.0533
002610.SZ,20220414,20211231,-13.9072,-5573.866,101.7144,-13.9688
002998.SZ,20220414,20211231,42.2172,-59.7376,38.4788,6.7886
688296.SH,20220414,20211231,35.1551,-0.0504,28.6598,15.3244
601116.SH,20220414,20211231,2.3719,49.5796,10.7092,2.0578
600505.SH,20220414,20211231,2.3655,-79.4904,22.7038,3.2027
002990.SZ,20220414,20211231,10.6309,-75.2501,26.2425,6.7932
603611.SH,20220415,20211231,38.1071,45.6943,23.9124,13.5288
600639.SH,20220415,20211231,143.8249,142.4377,40.5061,13.4411
002539.SZ,20220415,20211231,104.4679,252.3649,6.2196,28.9037
600373.SH,20220415,20211231,1.8829,-37.6481,50.6621,8.0877
600604.SH,20220415,20211231,141.8691,94.9683,22.9602,-0.3238
688699.SH,20220415,20211231,-11.8601,-7.0711,-43.1505,45.1523
601177.SH,20220415,20211231,0.4603,-36.1599,20.377,3.8885
430510.BJ,20220414,20211231,30.8035,7.4967,20.5239,13.4106
603220.SH,20220415,20211231,0.067,121.4537,38.0993,10.5225
688019.SH,20220415,20211231,90.1119,-30.5575,32.9264,8.1011
002749.SZ,20220415,20211231,37.9425,167.0723,30.0856,14.8656
300264.SZ,20220415,20211231,41.4928,-100.1062,22.8549,-56.2028
000421.SZ,20220415,20211231,30.2569,154.7316,-25.8532,3.2522
002276.SZ,20220415,20211231,29.3969,65.8695,11.9738,5.2668
688206.SH,20220415,20211231,36.533,-5.6494,35.3707,1.5055
300886.SZ,20220415,20211231,54.7679,-196.6917,-6.3222,2.0696
300881.SZ,20220415,20211231,24.1298,34.2912,-113.0897,5.7629
300238.SZ,20220415,20211231,-0.7755,42.8818,26.4984,6.7556
603612.SH,20220415,20211231,57.4465,50.6435,-30.3563,15.0305
002141.SZ,20220415,20211231,12.4847,103.2747,7.3417,1.9185
600446.SH,20220415,20211231,19.8383,-75.4843,19.0807,6.6432
600256.SH,20220415,20211231,61.7132,257.3732,21.7694,26.9828
603927.SH,20220415,20211231,8.4705,7.8918,67.1435,22.6517
603838.SH,20220415,20211231,-48.0491,-2644.1991,46.492,-0.9967
300151.SZ,20220415,20211231,-15.4449,-10.2407,24.1858,7.9577
600111.SH,20220415,20211231,5.0545,417.1364,25.9274,38.5405
600479.SH,20220415,20211231,2.672,-15.3281,11.1922,11.4473
001202.SZ,20220415,20211231,-23.7964,-79.6022,6.9281,8.8349
300964.SZ,20220415,20211231,49.7341,-109.1037,4.8614,6.6156
688768.SH,20220415,20211231,45.8818,40.1813,15.4125,15.1393
300928.SZ,20220415,20211231,-59.1829,-30.6609,24.8944,2.8347
003035.SZ,20220415,20211231,45.4803,23.1734,39.3892,8.7928
600689.SH,20220415,20211231,9.0281,110.0043,-4.1771,-0.6472
688001.SH,20220415,20211231,21.4776,13.1092,40.6475,8.5925
301158.SZ,20220415,20211231,10.1126,1.7765,26.6232,9.0368
600971.SH,20220415,20211231,15.9499,58.7081,43.8899,14.3954
600295.SH,20220415,20211231,65.6595,314.49,26.998,37.5358
600195.SH,20220415,20211231,3.4771,176.0762,26.6834,10.8729
688739.SH,20220415,20211231,5.704,-26.877,77.1888,12.8064
688766.SH,20220415,20211231,10.1003,75.3588,7.5577,23.5123
603159.SH,20220415,20211231,9.4266,-21.9791,7.2865,7.7119
605222.SH,20220415,20211231,76.0398,70.7873,32.4498,19.7123
002281.SZ,20220415,20211231,-2.0917,12.5152,11.4766,8.8976
605056.SH,20220415,20211231,8.6258,-24.1886,29.9003,17.1699
600459.SH,20220415,20211231,-7.9562,27.2516,8.7305,9.5436
688087.SH,20220415,20211231,-5.5016,11.8032,21.6102,15.9203
688176.SH,20220415,20211231,,27.4868,-1340036.2512,-10.2233
002698.SZ,20220415,20211231,-4.125,-9.1296,20.8557,16.8606
600106.SH,20220415,20211231,-3.063,2.1834,94.2451,5.9654
002267.SZ,20220412,20211231,0.9583,-60.5677,-5.08,6.3347
000582.SZ,20220412,20211231,14.8567,17.0554,33.617,9.1649
600683.SH,20220413,20211231,-48.2251,-38.8746,68.7369,2.2587
000059.SZ,20220413,20211231,36.4564,-24.2274,27.6048,6.3541
600697.SH,20220413,20211231,-12.3996,11.608,30.963,-1.0647
688126.SH,20220413,20211231,38.7109,-48.8188,20.4198,-1.3253
603320.SH,20220414,20211231,34.643,49.6121,9.3195,7.8178
301215.SZ,20220415,20211231,17.1416,16.7308,90.279,6.8207
002542.SZ,20220412,20211231,-24.6354,-3128.598,49.5458,-8.5802
603195.SH,20220412,20211231,16.1261,-19.6539,24.9298,26.4662
688699.SH,20220415,20211231,-11.8601,-7.0711,-43.1505,45.1523
603220.SH,20220415,20211231,0.067,121.4537,38.0993,10.5225
300264.SZ,20220415,20211231,41.4928,-100.1062,22.8549,-56.2028
603612.SH,20220415,20211231,57.4465,50.6435,-30.3563,15.0305
300964.SZ,20220415,20211231,49.7341,-109.1037,4.8614,6.6156
688768.SH,20220415,20211231,45.8818,40.1813,15.4125,15.1393
688766.SH,20220415,20211231,10.1003,75.3588,7.5577,23.5123
605056.SH,20220415,20211231,8.6258,-24.1886,29.9003,17.1699
002413.SZ,20220415,20211231,27.7598,-593.2241,53.2883,-6.4924
002128.SZ,20220415,20211231,22.7595,5795.6254,20.4928,18.5358
002920.SZ,20220415,20211231,30.6089,70.9344,21.8196,16.4582
000428.SZ,20220415,20211231,-30.6554,334.5367,22.0175,-16.9042
002896.SZ,20220415,20211231,-2.6468,21.5629,31.7667,10.4274
003005.SZ,20220415,20211231,79.0353,111.5713,55.1063,7.3025
002977.SZ,20220415,20211231,-87.6127,-48.1322,276.9147,10.5113
300894.SZ,20220415,20211231,18.2853,-14.4306,43.7245,25.0054
600463.SH,20220415,20211231,-54.4474,-233.4996,26.0454,-6.4468
000584.SZ,20220415,20211231,17.0883,-1550.8881,20.4643,-29.5155
000591.SZ,20220415,20211231,17.8974,-114.3042,31.6639,7.3478
600312.SH,20220415,20211231,-17.8328,-422.7393,36.8389,0.3854
002713.SZ,20220415,20211231,-4.1213,-32.0332,-3.8772,9.1258
002368.SZ,20220415,20211231,-8.0343,-1.242,73.0292,7.791
603095.SH,20220415,20211231,91.4164,338.104,17.2263,9.8308
688339.SH,20220415,20211231,-42.2615,-337.5763,23.8586,-7.469
600223.SH,20220415,20211231,-8.601,-162.5286,33.9958,8.1765
002217.SZ,20220415,20211231,18.7429,100.2318,24.3542,-10.2054
002166.SZ,20220415,20211231,0.2665,54.7245,-44.7763,4.6649
600052.SH,20220415,20211231,1709.686,-3.7869,19.7343,0.4313
300939.SZ,20220415,20211231,36.3199,31.6309,25.4964,10.8698
300271.SZ,20220415,20211231,38.3446,-78.8115,43.6945,4.2123
603650.SH,20220415,20211231,8.8895,-37.6543,19.3927,9.4416
688519.SH,20220415,20211231,55.9175,68.2949,25.3157,13.0446
002880.SZ,20220415,20211231,-2.0972,-2.3951,43.5378,11.6868
300365.SZ,20220415,20211231,5.3647,88.3845,-6.6145,2.3109
300648.SZ,20220415,20211231,34.9537,-40.6776,22.5695,7.5753
000593.SZ,20220415,20211231,-7.7184,-26.0221,25.8498,4.3529
003019.SZ,20220415,20211231,96.8383,164.3638,10.7968,10.1069
002845.SZ,20220415,20211231,15.632,-59.3142,13.4434,11.1287
688608.SH,20220415,20211231,36.2787,39.678,4.296,5.1648
603214.SH,20220415,20211231,54.4932,-24.0781,-5.3003,2.8396
688188.SH,20220415,20211231,11.6749,-5.8812,51.6608,19.8332
688060.SH,20220415,20211231,37.6112,-38.4072,-9.7774,5.0799
002015.SZ,20220415,20211231,-13.1113,7.6244,22.5379,9.5418
300830.SZ,20220415,20211231,31.3268,7.3706,42.8459,3.9945
600348.SH,20220415,20211231,22.3089,202.7139,36.8999,20.3396
300330.SZ,20220415,20211231,32.2315,97.6478,78.3361,1.1168
601689.SH,20220415,20211231,66.0136,9.6189,9.3947,10.5639
605555.SH,20220415,20211231,-7.3393,-26.9982,18.2704,18.5762
603337.SH,20220415,20211231,47.3784,72.7033,-2.9656,14.0953
002209.SZ,20220415,20211231,-20.5214,-670.7176,-5.3315,-11.5555
300598.SZ,20220415,20211231,38.2434,-34.3467,11.0428,-1.7675
603129.SH,20220415,20211231,57.6089,33.9795,-0.1816,13.817
300369.SZ,20220415,20211231,29.0276,21.3115,4.0568,6.6136
000686.SZ,20220415,20211231,56.5153,13.2589,104.6,9.1482
002001.SZ,20220415,20211231,50.7237,52.4998,46.8752,20.1668
300348.SZ,20220415,20211231,-11.9974,-47.0826,51.7503,7.4263
605305.SH,20220415,20211231,30.7344,25.4716,4.0199,14.1854
601615.SH,20220415,20211231,19.0638,112.9553,32.7638,17.6956
000610.SZ,20220415,20211231,18.9038,22.248,23.5629,-10.891
300098.SZ,20220415,20211231,28.228,101.8979,34.0475,-2.3345
002494.SZ,20220415,20211231,0.7535,104.6299,38.7108,0.9044
002238.SZ,20220415,20211231,14.0169,-6.8326,34.3446,4.5057
601179.SH,20220415,20211231,-48.1011,420.9145,49.1192,2.2779
300226.SZ,20220415,20211231,10.7623,-69.536,2.6481,10.2224
688259.SH,20220415,20211231,282.2384,-52.6133,49.9023,44.1745
300296.SZ,20220415,20211231,40.5948,106.967,9.4616,7.4016
000710.SZ,20220415,20211231,-31.5799,-332.0841,60.8679,-5.3376
002196.SZ,20220415,20211231,48.261,108.1192,-13.5811,-9.7943
300054.SZ,20220415,20211231,25.2007,115.7358,5.495,5.4535
688488.SH,20220415,20211231,-53.5004,-459.7436,40.3048,-3.4376
603385.SH,20220415,20211231,6.7091,-88.6272,1.951,4.1643
600491.SH,20220415,20211231,48.3096,-73.9202,31.0679,2.9842
300379.SZ,20220415,20211231,7.2388,-10.1821,46.1338,10.2716
600509.SH,20220415,20211231,78.615,-8108.5402,12.6424,-2.1884
300451.SZ,20220415,20211231,33.8694,11.0265,61.6684,8.9027
000960.SZ,20220415,20211231,16.7261,337.4222,26.2639,20.3957
603386.SH,20220415,20211231,28.929,-19.5213,6.899,14.0109
002390.SZ,20220415,20211231,11.6667,24.8036,9.8104,5.0273
002383.SZ,20220415,20211231,24.507,139.5334,15.3314,-31.3832
002151.SZ,20220415,20211231,-4.5769,15.3393,31.9382,3.0245
600010.SH,20220415,20211231,39.7251,-481.7006,11.6604,5.2949
002353.SZ,20220415,20211231,13.1332,-23.5692,29.175,12.5557
002084.SZ,20220415,20211231,4.8594,-154.3844,4.3398,-0.3522
603019.SH,20220415,20211231,11.9871,38.5487,31.859,6.3603
688003.SH,20220415,20211231,26.5694,25.1603,19.198,6.2934
002296.SZ,20220415,20211231,-10.151,24.1168,40.5524,7.2275
688516.SH,20220415,20211231,26.1995,66.3358,24.9495,26.067
300613.SZ,20220415,20211231,91.1353,103.443,-3.2779,21.4678
603000.SH,20220415,20211231,-4.0847,-61.0784,48.6861,3.8194
002442.SZ,20220415,20211231,33.3871,-48.0511,5.8805,12.0652
688099.SH,20220415,20211231,58.5883,141.7585,20.3192,21.0879
300051.SZ,20220415,20211231,-11.7102,69.619,7.7086,-12.7065
002905.SZ,20220415,20211231,1.5101,-56.6385,76.7832,-38.6575
002031.SZ,20220415,20211231,13.9765,-182.4748,13.5611,-4.1777
301100.SZ,20220415,20211231,5.6107,-40.6876,-31.5465,7.2762
000736.SZ,20220415,20211231,100.2544,280.949,104.5712,-13.683
301080.SZ,20220415,20211231,44.4647,38.92,45.6734,12.3053
002336.SZ,20220415,20211231,-26.2292,-166.5462,-4.0763,-76.4659
000929.SZ,20220415,20211231,-25.5614,-111.4619,-585.5963,-3.7945
000721.SZ,20220415,20211231,-20.5884,-174.0211,45.3253,-32.5384
601515.SH,20220415,20211231,18.2142,4.7581,31.6631,14.96
600059.SH,20220415,20211231,8.4119,12.8543,78.5617,3.7785
688399.SH,20220415,20211231,4.4043,-17.1215,63.2902,54.2558
600877.SH,20220415,20211231,-7.3587,10.593,-5.8068,7.7828
688786.SH,20220415,20211231,13.9887,30.1023,36.123,17.2086
002963.SZ,20220415,20211231,-40.5842,-828.0304,14.0578,-0.5704
601952.SH,20220415,20211231,24.1795,32.2427,25.409,9.7252
603225.SH,20220415,20211231,-41.1137,-6.8983,12.3902,15.2473
300991.SZ,20220415,20211231,-12.7307,-55.9012,20.935,13.2831
300283.SZ,20220415,20211231,-1.0542,-29.3815,33.6631,5.4398
300618.SZ,20220415,20211231,90.5747,2.6264,-22.8618,16.1186
603688.SH,20220416,20211231,60.2012,169.3002,-9.4894,11.8344
600456.SH,20220416,20211231,-44.5103,-26.4514,62.1932,10.2299
871396.BJ,20220416,20211231,-11.249,-22.613,7.6674,11.1496
000753.SZ,20220416,20211231,-2.1637,-8.1665,-32.3009,4.7515
600984.SH,20220416,20211231,-5.8125,-132.7844,16.4193,6.1847
000631.SZ,20220416,20211231,-29.3157,-79.7613,487.9298,0.9704
605068.SH,20220416,20211231,2.4151,-66.6975,-33.0293,9.0555
603602.SH,20220416,20211231,-26.4905,-66.6521,81.4627,1.3178
603101.SH,20220416,20211231,-4.7505,-174.9429,36.5948,3.6405
002171.SZ,20220415,20211231,40.8443,109.8739,5.5377,6.4466
300020.SZ,20220415,20211231,-23.3055,-127.0171,33.2382,2.214
688190.SH,20220415,20211231,37.2214,64.2193,10.2839,8.9029
603118.SH,20220415,20211231,15.4254,115.7323,12.8527,6.5467
601519.SH,20220415,20211231,8.4157,-83.4089,45.0861,0.4871
600452.SH,20220415,20211231,15.3158,-39.6109,123.4981,16.8458
600387.SH,20220415,20211231,73.0945,234.3691,57.0021,2.1723
601512.SH,20220416,20211231,44.43,16.6894,-15.5594,12.7195
603369.SH,20220416,20211231,15.8104,30.389,107.551,23.1496
688039.SH,20220416,20211231,7.0393,-41.6235,17.4924,3.3742
300004.SZ,20220416,20211231,-41.7709,-1109.3074,23.9905,-4.1218
603336.SH,20220416,20211231,2.705,-34.5125,0.3294,4.0827
002687.SZ,20220416,20211231,9.8589,13.7957,91.3026,14.3198
601518.SH,20220416,20211231,7.8388,-34.7835,68.7376,7.9926
600906.SH,20220416,20211231,18.916,-22.1937,157.0458,6.8553
600246.SH,20220416,20211231,-52.2723,-1712.4773,7.653,1.2194
600206.SH,20220416,20211231,-10.6476,28.35,28.5516,3.9443
603611.SH,20220415,20211231,38.1071,45.6943,23.9124,13.5288
001317.SZ,20220416,20211231,-18.232,-93.5832,7.4128,6.6319
601686.SH,20220416,20211231,29.3339,-5.323,16.5611,10.0317
600088.SH,20220416,20211231,63.9905,144.3831,41.4415,-1.0039
002877.SZ,20220416,20211231,28.6052,17.81,-0.0447,7.5764
002354.SZ,20220416,20211231,144.1696,-95.407,12.7378,-6.7945
603529.SH,20220416,20211231,48.0131,1080.404,-15.1186,16.2064
688125.SH,20220325,20211231,-19.9071,-48.6747,-20.3572,23.4178
600639.SH,20220415,20211231,143.8249,142.4377,40.5061,13.4411
002539.SZ,20220415,20211231,104.4679,252.3649,6.2196,28.9037
600373.SH,20220415,20211231,1.8829,-37.6481,50.6621,8.0877
600604.SH,20220415,20211231,141.8691,94.9683,22.9602,-0.3238
601177.SH,20220415,20211231,0.4603,-36.1599,20.377,3.8885
688019.SH,20220415,20211231,90.1119,-30.5575,32.9264,8.1011
002749.SZ,20220415,20211231,37.9425,167.0723,30.0856,14.8656
000421.SZ,20220415,20211231,30.2569,154.7316,-25.8532,3.2522
002276.SZ,20220415,20211231,29.3969,65.8695,11.9738,5.2668
688206.SH,20220415,20211231,36.533,-5.6494,35.3707,1.5055
300886.SZ,20220415,20211231,54.7679,-196.6917,-6.3222,2.0696
300881.SZ,20220415,20211231,24.1298,34.2912,-113.0897,5.7629
300238.SZ,20220415,20211231,-0.7755,42.8818,26.4984,6.7556
002141.SZ,20220415,20211231,12.4847,103.2747,7.3417,1.9185
600446.SH,20220415,20211231,19.8383,-75.4843,19.0807,6.6432
600256.SH,20220415,20211231,61.7132,254.6276,21.7694,26.9038
603927.SH,20220415,20211231,8.4705,7.8918,67.1435,22.6517
603838.SH,20220415,20211231,-48.0491,-2644.1991,46.492,-0.9967
300151.SZ,20220415,20211231,-15.4449,-10.2407,24.1858,7.9577
600111.SH,20220415,20211231,5.0545,417.1364,25.9274,38.5405
600479.SH,20220415,20211231,2.672,-15.3281,11.1922,11.4473
001202.SZ,20220415,20211231,-23.7964,-79.6022,6.9281,8.8349
300928.SZ,20220415,20211231,-59.1829,-30.6609,24.8944,2.8347
003035.SZ,20220415,20211231,45.4803,23.1734,39.3892,8.7928
600689.SH,20220415,20211231,9.0281,110.0043,-4.1771,-0.6472
688001.SH,20220415,20211231,21.4776,13.1092,40.6475,8.5925
301158.SZ,20220415,20211231,10.1126,1.7765,26.6232,9.0368
600295.SH,20220415,20211231,65.6595,314.49,26.998,37.5358
600195.SH,20220415,20211231,3.4771,176.0762,26.6834,10.8729
688739.SH,20220415,20211231,5.704,-26.877,77.1888,12.8064
603159.SH,20220415,20211231,9.4266,-21.9791,7.2865,7.7119
605222.SH,20220415,20211231,76.0398,70.7873,32.4498,19.7123
002281.SZ,20220415,20211231,-2.0917,12.5152,11.4766,8.8976
600459.SH,20220415,20211231,-7.9562,27.2516,8.7305,9.5436
688087.SH,20220415,20211231,-5.5016,11.8032,21.6102,15.9203
688176.SH,20220415,20211231,,27.4868,-1340036.2512,-10.2233
002698.SZ,20220415,20211231,-4.125,-9.1296,20.8557,16.8606
600106.SH,20220415,20211231,-3.063,2.1834,94.2451,5.9654
600128.SH,20220416,20211231,5.502,18080.2978,0.2256,1.0675
002165.SZ,20220416,20211231,-16.5753,-127.3452,25.6063,0.4452
600037.SH,20220416,20211231,-0.524,922.2022,40.205,1.1322
300956.SZ,20220416,20211231,7.41,-32.7821,-1.5959,5.2764
603036.SH,20220416,20211231,-8.8352,-12.9059,26.123,3.8891
300208.SZ,20220416,20211231,243.8594,70.431,87.7884,-8.2644
600054.SH,20220416,20211231,-21.0541,1105.9765,7.4062,-1.192
002413.SZ,20220415,20211231,27.7598,-593.2241,53.2883,-6.4924
002128.SZ,20220415,20211231,22.7595,5795.6254,20.4928,18.5358
000428.SZ,20220415,20211231,-30.6554,334.5367,22.0175,-16.9042
002896.SZ,20220415,20211231,-2.6468,21.5629,31.7667,10.4274
003005.SZ,20220415,20211231,79.0353,111.5713,55.1063,7.3025
002977.SZ,20220415,20211231,-87.6127,-48.1322,276.9147,10.5113
300894.SZ,20220415,20211231,18.2853,-14.4306,43.7245,25.0054
600463.SH,20220415,20211231,-54.4474,-233.4996,26.0454,-6.4468
000584.SZ,20220415,20211231,17.0883,-1615.8696,20.4643,-29.6334
600312.SH,20220415,20211231,-17.8328,-422.7393,36.8389,0.3854
002368.SZ,20220415,20211231,-8.0343,-1.242,73.0292,7.791
603095.SH,20220415,20211231,91.4164,338.104,17.2263,9.8308
688339.SH,20220415,20211231,-42.2615,-337.5763,23.8586,-7.469
600223.SH,20220415,20211231,-8.601,-162.5286,33.9958,8.1765
002217.SZ,20220415,20211231,18.7429,100.2318,24.3542,-10.2054
002166.SZ,20220415,20211231,0.2665,54.7245,-44.7763,4.6649
600052.SH,20220415,20211231,1709.686,-3.7869,19.7343,0.4313
300939.SZ,20220415,20211231,36.3199,31.6309,25.4964,10.8698
300271.SZ,20220415,20211231,38.3446,-78.8115,43.6945,4.2123
603650.SH,20220415,20211231,8.8895,-37.6543,19.3927,9.4416
002880.SZ,20220415,20211231,-2.0972,-2.3951,43.5378,11.6868
300365.SZ,20220415,20211231,5.3647,88.3845,-6.6145,2.3109
300648.SZ,20220415,20211231,34.9537,-40.6776,22.5695,7.5753
000593.SZ,20220415,20211231,-7.7184,-26.0221,25.8498,4.3529
003019.SZ,20220415,20211231,96.8383,164.3638,10.7968,10.1069
002845.SZ,20220415,20211231,15.632,-59.3142,13.4434,11.1287
688608.SH,20220415,20211231,36.2787,39.678,4.296,5.1648
603214.SH,20220415,20211231,54.4932,-24.0781,-5.3003,2.8396
688188.SH,20220415,20211231,11.6749,-5.8812,51.6608,19.8332
688060.SH,20220415,20211231,37.6112,-38.4072,-9.7774,5.0799
300830.SZ,20220415,20211231,31.3268,7.3706,42.8459,3.9945
600348.SH,20220415,20211231,22.3089,202.7139,36.8999,20.3396
300330.SZ,20220415,20211231,32.2315,97.6478,78.3361,1.1168
601689.SH,20220415,20211231,66.0136,9.6189,9.3947,10.5639
605555.SH,20220415,20211231,-7.3393,-26.9982,18.2704,18.5762
603337.SH,20220415,20211231,47.3784,72.7033,-2.9656,14.0953
002209.SZ,20220415,20211231,-20.5214,-670.7176,-5.3315,-11.5555
300598.SZ,20220415,20211231,38.2434,-34.3467,11.0428,-1.7675
603129.SH,20220415,20211231,57.6089,33.9795,-0.1816,13.817
300369.SZ,20220415,20211231,29.0276,21.3115,4.0568,6.6136
002001.SZ,20220415,20211231,50.7237,52.4998,46.8752,20.1668
300348.SZ,20220415,20211231,-11.9974,-47.0826,51.7503,7.4263
605305.SH,20220415,20211231,30.7344,25.4716,4.0199,14.1854
601615.SH,20220415,20211231,19.0638,112.9553,32.7638,17.6956
000610.SZ,20220415,20211231,18.9038,22.248,23.5629,-10.891
300098.SZ,20220415,20211231,28.228,101.8979,34.0475,-2.3345
002238.SZ,20220415,20211231,14.0169,-6.8326,34.3446,4.5057
601179.SH,20220415,20211231,-48.1011,420.9145,49.1192,2.2779
300226.SZ,20220415,20211231,-2.7738,-69.536,3.0168,10.2224
688259.SH,20220415,20211231,282.2384,-52.6133,49.9023,44.1745
000710.SZ,20220415,20211231,-31.5799,-341.8629,60.8679,-5.5841
002196.SZ,20220415,20211231,53.9657,108.5619,-13.5811,-10.1229
300054.SZ,20220415,20211231,25.2007,115.7358,5.495,5.4535
688488.SH,20220415,20211231,-53.5004,-459.7436,40.3048,-3.4376
603385.SH,20220415,20211231,6.7091,-88.6272,1.951,4.1643
600491.SH,20220415,20211231,48.3096,-73.9202,31.0679,2.9842
300379.SZ,20220415,20211231,7.2388,-10.1821,46.1338,10.2716
600509.SH,20220415,20211231,78.615,-8108.5402,12.6424,-2.1884
300451.SZ,20220415,20211231,33.8694,11.0265,61.6684,8.9027
002390.SZ,20220415,20211231,11.6667,24.8036,9.8104,5.0273
002151.SZ,20220415,20211231,-4.5769,15.3393,31.9382,3.0245
600010.SH,20220415,20211231,39.7251,-481.7006,11.6604,5.2949
002353.SZ,20220415,20211231,13.1332,-23.5692,29.175,12.5557
002084.SZ,20220415,20211231,4.8594,-154.3844,4.3398,-0.3522
603019.SH,20220415,20211231,11.9871,38.5487,31.859,6.3603
688003.SH,20220415,20211231,26.5694,25.1603,19.198,6.2934
002296.SZ,20220415,20211231,-10.151,24.1168,40.5524,7.2275
688516.SH,20220415,20211231,26.1995,66.3358,24.9495,26.067
300613.SZ,20220415,20211231,91.1353,103.443,-3.2779,21.4678
603000.SH,20220415,20211231,-4.0847,-61.0784,48.6861,3.8194
002442.SZ,20220415,20211231,33.3871,-48.0511,5.8805,12.0652
688099.SH,20220415,20211231,58.5883,141.7585,20.3192,21.0879
300051.SZ,20220415,20211231,-11.7102,69.619,7.7086,-12.7065
002905.SZ,20220415,20211231,1.5101,-56.6385,76.7832,-38.6575
002031.SZ,20220415,20211231,13.9765,-182.4748,13.5611,-4.1777
301100.SZ,20220415,20211231,5.6107,-40.6876,-31.5465,7.2762
301080.SZ,20220415,20211231,44.4647,38.92,45.6734,12.3053
002336.SZ,20220415,20211231,-26.2292,-166.5462,-4.0763,-76.4659
000929.SZ,20220415,20211231,-25.5614,-111.4619,-585.5963,-3.7945
601515.SH,20220415,20211231,18.2142,4.7581,31.6631,14.96
600493.SH,20220416,20211231,-6.0174,-102.9666,1.581,6.4708
688700.SH,20220416,20211231,21.5674,46.0717,23.6438,26.5121
600020.SH,20220416,20211231,-6.9106,-123.156,15.9893,5.8414
600805.SH,20220416,20211231,-2.2434,71.5693,7.1549,-19.264
605088.SH,20220416,20211231,29.4254,274.1059,14.6821,5.8722
002199.SZ,20220416,20211231,-22.6339,-133.0966,29.6878,5.6698
002088.SZ,20220416,20211231,7.5082,-12.3646,27.1286,20.816
603053.SH,20220416,20211231,-6.5157,1.9065,-4.1871,12.1277
603988.SH,20220416,20211231,8.3577,2704.4731,-15.2076,6.234
600561.SH,20220416,20211231,-21.5832,98.327,38.213,-12.713
600009.SH,20220416,20211231,13.266,13.1066,-1.2138,-6.0581
300766.SZ,20220416,20211231,12.9514,265.1722,71.0668,5.2863
002067.SZ,20220416,20211231,23.3386,-26.255,7.0465,8.6236
600159.SH,20220416,20211231,107.8729,-81.2212,10.9623,4.1227
600376.SH,20220416,20211231,20.4469,-124.6869,-8.7404,0.5321
603660.SH,20220416,20211231,14.474,-11.4002,31.8438,1.9607
002347.SZ,20220416,20211231,35.561,-101.7035,-4.442,1.5304
600456.SH,20220416,20211231,-44.5103,-26.4514,62.1932,10.2299
000753.SZ,20220416,20211231,-2.1637,-8.1665,-32.3009,4.7515
601512.SH,20220416,20211231,44.43,16.6894,-15.5594,12.7195
600906.SH,20220416,20211231,18.916,-22.1937,157.0458,6.8553
601686.SH,20220416,20211231,29.3339,-5.323,16.5611,10.0317
603529.SH,20220416,20211231,48.0131,1080.404,-15.1186,16.2064
688798.SH,20220416,20211231,42.1925,325.2028,32.8954,12.0109
600566.SH,20220416,20211231,20.01,40.7774,13.4673,18.4464
600926.SH,20220416,20211231,13.5036,42.6968,-123.7771,10.7357
603916.SH,20220416,20211231,7.3032,19.7953,17.4671,13.8127
000158.SZ,20220416,20211231,-0.2022,9.3204,20.2138,-1.5174
000561.SZ,20220416,20211231,-1.9375,12.5308,52.725,5.012
002003.SZ,20220416,20211231,44.8339,-2.6656,31.8589,16.8683
300935.SZ,20220416,20211231,142.8117,266.9128,26.6854,6.7557
002415.SZ,20220416,20211231,20.0562,17.9557,34.03,28.0495
002044.SZ,20220416,20211231,-2.7571,-71.5897,47.861,0.9084
601668.SH,20220416,20211231,2.8476,-1.5269,10.4132,15.362
000006.SZ,20220416,20211231,-40.9364,-105.7404,-24.1694,7.094
000690.SZ,20220416,20211231,62.1728,-99.0599,-5.8138,7.2674
002523.SZ,20220416,20211231,18.8351,-10.6889,11.8444,1.3404
000727.SZ,20220416,20211231,-6.0378,-94.3174,9.7268,8.0854
002191.SZ,20220416,20211231,20.0609,25.5684,4.236,10.7655
600408.SH,20220416,20211231,37.2293,-162.7658,5.1306,10.3066
300466.SZ,20220416,20211231,-15.8569,-101.1619,27.9736,-1.7172
002078.SZ,20220416,20211231,39.1899,-66.9794,21.17,16.8273
002028.SZ,20220416,20211231,11.6446,206.7126,31.2583,14.9343
600756.SH,20220416,20211231,59.8668,304.5427,28.6521,0.3836
600498.SH,20220416,20211231,48.1038,102.3286,58.5612,2.1041
002154.SZ,20220416,20211231,-3.2098,-22.6799,32.6163,11.2006
300594.SZ,20220416,20211231,56.7439,-36.4146,41.7694,0.1809
300190.SZ,20220416,20211231,-33.3828,-71.2481,47.4389,3.6791
600500.SH,20220416,20211231,36.2197,-251.7994,15.2827,4.4795
688551.SH,20220416,20211231,64.2538,-58.5954,7.6318,3.2865
600691.SH,20220416,20211231,5.4771,-100.8816,7.1345,6.7251
002513.SZ,20220416,20211231,36.0524,-11396.8893,-12.8614,-53.2302
300706.SZ,20220416,20211231,50.4979,127.5523,28.2397,1.8095
002707.SZ,20220416,20211231,-3.5756,77.8192,-21.2697,-78.2407
603128.SH,20220416,20211231,88.4533,31.6856,3.7876,17.1288
002908.SZ,20220416,20211231,44.0132,46.8246,47.3605,10.8619
600436.SH,20220416,20211231,32.5513,22.5984,-9.5089,27.3913
603699.SH,20220416,20211231,14.4505,-29.9456,35.0554,13.4203
300475.SZ,20220416,20211231,5903.8852,270.7037,-7.8624,11.2505
688230.SH,20220416,20211231,-5.1185,4.0881,27.6807,9.7286
600266.SH,20220416,20211231,41.7528,-77.0927,29.3561,3.6413
002985.SZ,20220416,20211231,-0.528,-31.8448,28.6481,18.1942
603506.SH,20220416,20211231,6.6755,-15.5054,40.0281,13.4266
688676.SH,20220416,20211231,45.1374,1.7704,30.8896,9.1405
603682.SH,20220416,20211231,33.8803,-26.4817,68.5591,5.069
600567.SH,20220416,20211231,13.1933,-47.5121,3.1177,7.4741
002344.SZ,20220416,20211231,7.8867,201.3689,31.992,2.6731
002670.SZ,20220416,20211231,806.5285,58.1565,226166.1349,0.717
688389.SH,20220416,20211231,45.8093,33.4447,43.057,13.6035
688517.SH,20220416,20211231,23.7024,14.7264,25.4724,10.3951
605507.SH,20220416,20211231,21.9119,7.0636,-9.7281,14.3725
601009.SH,20220416,20211231,12.7737,16.6014,371.9279,13.7789
600966.SH,20220416,20211231,-6.7617,-168.8397,23.7243,25.6535
002815.SZ,20220416,20211231,40.8857,46.5045,33.7336,11.9306
002832.SZ,20220416,20211231,2.9662,10.2044,28.0235,20.4965
000789.SZ,20220416,20211231,23.8793,1.4725,28.2735,21.5725
002895.SZ,20220416,20211231,73.3644,2838488.113,12.496,10.5632
300244.SZ,20220416,20211231,17.8708,27.5598,22.5479,20.7363
603706.SH,20220416,20211231,3.275,105.8761,66.7984,8.1451
603985.SH,20220416,20211231,-20.5687,-31.7332,21.3942,11.3493
002940.SZ,20220416,20211231,5.9487,13.0631,10.5988,8.1165
000410.SZ,20220416,20211231,27.3753,-211.2378,-20.6692,
000948.SZ,20220416,20211231,45.2214,-42.0579,50.7738,3.6061
300995.SZ,20220416,20211231,6.7658,-87.1876,-0.8248,5.3714
600789.SH,20220416,20211231,17.6047,57.5427,-1.4821,1.1123
603236.SH,20220416,20211231,99.4943,89.249,21.9139,13.21
300498.SZ,20220416,20211231,-5.6282,-354.0212,12.1478,-37.4912
688256.SH,20220416,20211231,65.4383,-56.3964,-44.3293,-18.0281
688166.SH,20220416,20211231,10.565,39.3143,30.7601,14.4257
000090.SZ,20220416,20211231,61.5432,376.2449,-6.2135,15.9703
000623.SZ,20220416,20211231,10.9798,-57.1544,17.9072,7.6823
300349.SZ,20220416,20211231,14.762,159.7895,24.0028,5.6245
603230.SH,20220416,20211231,54.0984,20.8131,114.9188,12.9551
603688.SH,20220416,20211231,60.2012,169.3002,-9.4894,11.8344
871396.BJ,20220416,20211231,-11.249,-22.613,7.6674,11.1496
600984.SH,20220416,20211231,-5.8125,-132.7844,16.4193,6.1847
000631.SZ,20220416,20211231,-29.3157,-79.7613,487.9298,0.9704
605068.SH,20220416,20211231,2.4151,-66.6975,-33.0293,9.0555
603602.SH,20220416,20211231,-26.4905,-66.6521,81.4627,1.3178
603101.SH,20220416,20211231,-4.7505,-174.9429,36.5948,3.6405
603369.SH,20220416,20211231,15.8104,30.389,107.551,23.1496
688039.SH,20220416,20211231,7.0393,-41.6235,17.4924,3.3742
300004.SZ,20220416,20211231,-41.7709,-1109.3074,23.9905,-4.1218
603336.SH,20220416,20211231,2.705,-34.5125,0.3294,4.0827
002687.SZ,20220416,20211231,9.8589,13.7957,91.3026,14.3198
601518.SH,20220416,20211231,7.8388,-34.7835,68.7376,7.9926
600246.SH,20220416,20211231,-52.2723,-1712.4773,7.653,1.2194
600206.SH,20220416,20211231,-10.6476,28.35,28.5516,3.9443
001317.SZ,20220416,20211231,-18.232,-93.5832,7.4128,6.6319
600088.SH,20220416,20211231,63.9905,144.3831,41.4415,-1.0039
002877.SZ,20220416,20211231,28.6052,17.81,-0.0447,7.5764
002354.SZ,20220416,20211231,144.1696,-95.407,12.7378,-6.7945
600128.SH,20220416,20211231,5.502,18080.2978,0.2256,1.0675
002165.SZ,20220416,20211231,-16.5753,-127.3452,25.6063,0.4452
600037.SH,20220416,20211231,-0.524,922.2022,40.205,1.1322
300956.SZ,20220416,20211231,7.41,-32.7821,-1.5959,5.2764
603036.SH,20220416,20211231,-8.8352,-12.9059,26.123,3.8891
300208.SZ,20220416,20211231,243.8594,70.431,87.7884,-10.8333
600054.SH,20220416,20211231,-21.0541,1105.9765,7.4062,-1.192
688798.SH,20220416,20211231,42.1925,325.2028,32.8954,12.0109
600566.SH,20220416,20211231,20.01,40.7774,13.4673,18.4464
603916.SH,20220416,20211231,7.3032,19.7953,17.4671,13.8127
000158.SZ,20220416,20211231,-0.2022,9.3204,20.2138,-1.5174
000561.SZ,20220416,20211231,-1.9375,12.5308,52.725,5.012
002003.SZ,20220416,20211231,44.8339,-2.6656,31.8589,16.8683
002415.SZ,20220416,20211231,20.0562,17.9557,34.03,28.0495
000006.SZ,20220416,20211231,-40.9364,-105.7404,-24.1694,7.094
000690.SZ,20220416,20211231,62.1728,-99.0599,-5.8138,7.2674
002523.SZ,20220416,20211231,18.8351,-10.6889,11.8444,1.3404
002191.SZ,20220416,20211231,20.0609,25.5684,4.236,10.7655
600408.SH,20220416,20211231,37.2293,-162.7658,5.1306,10.3066
002078.SZ,20220416,20211231,39.1899,-66.9794,21.17,16.8273
600756.SH,20220416,20211231,59.8668,304.5427,28.6521,0.3836
600498.SH,20220416,20211231,48.1038,102.3286,58.5612,2.1041
002154.SZ,20220416,20211231,-3.2098,-22.6799,32.6163,11.2006
300594.SZ,20220416,20211231,56.7439,-36.4146,41.7694,0.1809
300190.SZ,20220416,20211231,-33.3828,-71.2481,47.4389,3.6791
688551.SH,20220416,20211231,64.2538,-58.5954,7.6318,3.2865
600691.SH,20220416,20211231,5.4771,-100.8816,7.1345,6.7251
002513.SZ,20220416,20211231,36.0524,-11396.8893,-12.8614,-53.2302
300706.SZ,20220416,20211231,50.4979,127.5523,28.2397,1.8095
603128.SH,20220416,20211231,88.4533,31.6856,3.7876,17.1288
002908.SZ,20220416,20211231,44.0132,46.8246,47.3605,10.8619
600436.SH,20220416,20211231,32.5513,22.5984,-9.5089,27.3913
603699.SH,20220416,20211231,14.4505,-29.9456,35.0554,13.4203
688230.SH,20220416,20211231,-5.1185,4.0881,27.6807,9.7286
002985.SZ,20220416,20211231,-0.528,-31.8448,28.6481,18.1942
603506.SH,20220416,20211231,6.6755,-15.5054,40.0281,13.4266
688676.SH,20220416,20211231,45.1374,1.7704,30.8896,9.1405
603682.SH,20220416,20211231,33.8803,-26.4817,68.5591,5.069
600567.SH,20220416,20211231,13.1933,-47.5121,3.1177,7.4741
688389.SH,20220416,20211231,45.8093,33.4447,43.057,13.6035
688517.SH,20220416,20211231,23.7024,14.7264,25.4724,10.3951
605507.SH,20220416,20211231,21.9119,7.0636,-9.7281,14.3725
601009.SH,20220416,20211231,12.7737,16.6014,371.9279,13.7789
600966.SH,20220416,20211231,-6.7617,-168.8397,23.7243,25.6535
002815.SZ,20220416,20211231,40.8857,46.5045,33.7336,11.9306
002832.SZ,20220416,20211231,2.9662,10.2044,28.0235,20.4965
000789.SZ,20220416,20211231,23.8793,1.4725,28.2735,21.5725
300244.SZ,20220416,20211231,17.8708,27.5598,22.5479,20.7363
603706.SH,20220416,20211231,3.275,105.8761,66.7984,8.1451
603985.SH,20220416,20211231,-20.5687,-31.7332,21.3942,11.3493
002940.SZ,20220416,20211231,5.9487,13.0631,10.5988,8.1165
688700.SH,20220416,20211231,21.5674,46.0717,23.6438,26.5121
600805.SH,20220416,20211231,-2.2434,71.5693,7.1549,-19.264
300995.SZ,20220416,20211231,6.7658,-87.1876,-0.8248,5.3714
600789.SH,20220416,20211231,17.6047,57.5427,-1.4821,1.1123
605088.SH,20220416,20211231,29.4254,274.1059,14.6821,5.8722
002088.SZ,20220416,20211231,7.5082,-12.3646,27.1286,20.816
603053.SH,20220416,20211231,-6.5157,1.9065,-4.1871,12.1277
688256.SH,20220416,20211231,65.4383,-56.3964,-44.3293,-18.0281
688166.SH,20220416,20211231,10.565,39.3143,30.7601,14.4257
300349.SZ,20220416,20211231,14.762,159.7895,24.0028,5.6245
603230.SH,20220416,20211231,54.0984,20.8131,114.9188,12.9551
603988.SH,20220416,20211231,8.3577,2704.4731,-15.2076,6.234
600561.SH,20220416,20211231,-21.5832,98.327,38.213,-12.713
600009.SH,20220416,20211231,13.266,13.1066,-1.2138,-6.0581
300766.SZ,20220416,20211231,12.9514,265.1722,71.0668,5.2863
002067.SZ,20220416,20211231,23.3386,-26.255,7.0465,8.6236
600159.SH,20220416,20211231,107.8729,-81.2212,10.9623,4.1227
600376.SH,20220416,20211231,20.4469,-124.6869,-8.7404,0.5321
603660.SH,20220416,20211231,14.474,-11.4002,31.8438,1.9607
002347.SZ,20220416,20211231,35.561,-101.7035,-4.442,1.5304
837344.BJ,20220416,20211231,19.1099,25.3729,18.7386,6.1185
688360.SH,20220418,20211231,45.9815,-54.5504,-6.6738,7.0154
301221.SZ,20220418,20211231,17.5132,-17.6699,12.9303,5.2461
603936.SH,20220418,20211231,13.7839,-58.7601,19.8107,5.935
605369.SH,20220418,20211231,44.3223,-11.7675,50.1667,22.8098
688055.SH,20220418,20211231,-9.5184,1.6519,9.5602,20.8057
603610.SH,20220418,20211231,14.6386,27.1261,23.6764,10.2934
600252.SH,20220418,20211231,-34.2734,-258.8536,-63.6636,1.1417
600170.SH,20220418,20211231,9.9987,-26.9547,30.5504,7.126
605196.SH,20220418,20211231,30.9161,9.8151,12.6695,4.1475
688698.SH,20220418,20211231,32.7119,92.2699,20.8126,13.9618
688550.SH,20220418,20211231,21.7203,37.455,10.9151,7.7175
001219.SZ,20220418,20211231,9.2344,-26.0022,20.8757,9.0787
301129.SZ,20220418,20211231,29.7919,26.0786,56.6146,15.0586
002762.SZ,20220418,20211231,-15.5761,-21.0167,59.755,1.2353
300898.SZ,20220418,20211231,-3.6097,-60.7356,28.3436,8.4604
688209.SH,20220329,20211231,29.4202,56.1085,16.1677,34.757
301120.SZ,20220325,20211231,,,18.2951,10.4755
600668.SH,20220419,20211231,21.6089,632.9814,20.4203,13.1635
600617.SH,20220419,20211231,-2.3747,228.5377,15.8746,-8.2388
603970.SH,20220419,20211231,-7.5969,34.0763,97.4602,14.5181
600121.SH,20220419,20211231,35.9528,73.4858,21.9699,-5.5877
601789.SH,20220419,20211231,5.7596,19.7825,3.1274,4.8822
301201.SZ,20220419,20211231,18.64,-45.647,-3.3644,19.3193
603501.SH,20220419,20211231,-1.1282,-2.2289,-5.5004,29.1788
688233.SH,20220419,20211231,57.549,16.5538,68.4076,16.308
600968.SH,20220419,20211231,4.9503,-113.2264,10.3946,5.4119
300879.SZ,20220419,20211231,86.0963,-217.1979,-45.4046,3.3586
600737.SH,20220419,20211231,4.5237,-1.4594,-36.3081,4.9622
600389.SH,20220419,20211231,24.8779,294.1311,27.5314,36.9883
605138.SH,20220419,20211231,,,9.9587,9.1236
300519.SZ,20220419,20211231,5.8204,10.7371,56.7988,13.0271
688358.SH,20220419,20211231,-4.5292,2.6086,33.3453,6.4145
003020.SZ,20220419,20211231,17.4228,32.242,6.9589,12.2496
000425.SZ,20220419,20211231,-35.9293,-22.3471,26.2815,14.5988
603788.SH,20220419,20211231,-9.4432,-65.9272,37.267,6.7957
603178.SH,20220419,20211231,20.6756,31.328,11.9418,5.3635
600851.SH,20220419,20211231,114.0515,-1092.6002,-0.5479,2.4974
002378.SZ,20220419,20211231,8.263,78.3199,22.6153,7.3748
600556.SH,20220419,20211231,50.8116,105.7061,0.6979,12.1381
603429.SH,20220419,20211231,50.9324,20.0215,49.4478,10.2883
601727.SH,20220419,20211231,-31.027,-493.846,25.9095,-19.0942
600475.SH,20220419,20211231,-10.9222,12.0903,20.9318,8.717
603339.SH,20220419,20211231,85.5074,280.8765,25.8831,8.0227
603351.SH,20220419,20211231,23.9125,-29.4439,23.9963,7.3457
600610.SH,20220419,20211231,15.5252,-94.0471,-6.5732,51.8246
002483.SZ,20220419,20211231,13.0645,-23.8855,43.4099,6.9564
002987.SZ,20220419,20211231,17.3382,-51.9526,60.7542,11.1814
002645.SZ,20220419,20211231,68.9925,140.4213,-5.13,15.4325
000581.SZ,20220419,20211231,-55.8774,-17.9063,9.0332,13.5059
603150.SH,20220419,20211231,17.4267,35.9527,3.7191,21.5791
002426.SZ,20220419,20211231,-49.9511,115.4642,4.7106,-11.858
002438.SZ,20220419,20211231,-9.5894,-25.8634,4.0792,10.1356
002102.SZ,20220419,20211231,-0.4136,-4.0097,5.3241,1.0978
688526.SH,20220419,20211231,36.9715,44.3303,17.553,18.9174
300435.SZ,20220419,20211231,10.9609,22.8573,14.3516,9.3677
603181.SH,20220419,20211231,-3.5995,-0.9656,12.0391,14.2295
605337.SH,20220419,20211231,14.8551,-4.3539,6.7469,20.8474
688216.SH,20220419,20211231,28.418,1.9912,51.9482,16.3377
600352.SH,20220419,20211231,-5.0296,-63.8,19.9688,8.1461
601579.SH,20220419,20211231,4.1604,-17.3036,74.447,3.9431
000766.SZ,20220419,20211231,26.6506,109.6912,21.2579,0.887
600371.SH,20220419,20211231,-12.0723,4.9988,-27.7961,6.0359
600678.SH,20220419,20211231,22.0401,314.375,59.339,30.7171
002337.SZ,20220419,20211231,109.3196,108.0495,-17.6125,1.192
601137.SH,20220419,20211231,36.0781,-37.017,29.2581,4.6874
002489.SZ,20220419,20211231,83.9837,-574.2895,-27.9741,5.4512
603726.SH,20220419,20211231,5.3315,-29.6479,7.0214,12.8771
300811.SZ,20220419,20211231,28.1736,24.4839,5.0986,12.388
688772.SH,20220419,20211231,18.425,-45.5684,16.5581,17.6614
300101.SZ,20220419,20211231,14.593,-9.0824,61.1306,7.0965
600539.SH,20220419,20211231,14.5216,-41.2323,12.1699,2.0699
688619.SH,20220419,20211231,209.5731,525.6349,23.1379,4.0926
300813.SZ,20220419,20211231,52.1276,34.8276,39.1128,12.5315
603171.SH,20220419,20211231,7.5423,-17.9764,57.5403,8.3212
301237.SZ,20220419,20211231,10.1962,-31.2197,23.9915,29.6161
600968.SH,20220419,20211231,4.9503,-113.2264,10.3946,5.4119
601727.SH,20220419,20211231,-31.027,-493.846,25.9095,-19.0942
600610.SH,20220419,20211231,15.5252,-94.0471,-6.5732,51.8246
000581.SZ,20220419,20211231,-55.8774,-17.9063,9.0332,13.5059
002102.SZ,20220419,20211231,-0.4136,-4.0097,5.3241,1.0978
301190.SZ,20220419,20211231,10.7241,16.0692,2.4909,11.2121
300927.SZ,20220419,20211231,50.2105,69.041,32.9103,12.9781
300394.SZ,20220419,20211231,22.9523,44.52,37.5086,14.9685
300826.SZ,20220419,20211231,53.7029,3.7842,51.9784,6.9669
301128.SZ,20220419,20211231,16.088,36.7347,57.0484,9.2877
688318.SH,20220419,20211231,3.226,-18.6809,99.7871,7.9194
300018.SZ,20220419,20211231,-2.8692,-23.9243,34.8381,0.9967
600262.SH,20220419,20211231,-10.8425,56.9563,12.9629,-0.2773
002009.SZ,20220419,20211231,-23.697,-48.1614,7.8808,4.3713
301138.SZ,20220419,20211231,11.1812,6.2314,-0.1653,13.5259
300204.SZ,20220419,20211231,22.4559,66.6891,-29.4671,-8.9506
002593.SZ,20220419,20211231,9.184,-19.1248,0.4261,3.8505
300532.SZ,20220419,20211231,49.7896,116.4546,7.928,8.1759
688518.SH,20220419,20211231,20.997,-34.039,-20.5437,4.6578
600153.SH,20220419,20211231,40.3789,66.0149,24.5484,9.5601
002395.SZ,20220419,20211231,-4.2917,-111.9856,7.6731,5.502
603071.SH,20220419,20211231,191.9926,-19.6132,7.9775,35.036
002002.SZ,20220419,20211231,-41.3237,-307.7926,-30.7415,9.6676
300240.SZ,20220419,20211231,78.9657,185.2335,4.4338,4.8992
600048.SH,20220419,20211231,16.579,-12.3304,19.9974,14.2769
003021.SZ,20220419,20211231,-7.8268,-74.7628,15.9621,4.4118
300446.SZ,20220419,20211231,12.7544,46.549,47.8325,-2.087
300855.SZ,20220419,20211231,29.228,58.6433,50.824,14.3223
688286.SH,20220419,20211231,-6.5576,-62.368,31.7892,-0.1822
300602.SZ,20220419,20211231,51.5862,-675.3972,7.5417,-5.4088
000778.SZ,20220419,20211231,-1.6175,-74.9444,20.9014,7.9634
300665.SZ,20220419,20211231,-12.7244,-70.0004,52.5141,1.7535
600982.SH,20220419,20211231,84.2043,187.9629,-7.8143,4.4645
603035.SH,20220419,20211231,11.1219,1.8744,5.412,8.9704
003027.SZ,20220419,20211231,41.6393,6.1731,46.3348,9.8203
301067.SZ,20220419,20211231,15.9433,-33.0002,14.5518,9.9133
603102.SH,20220419,20211231,19.6761,-14.1238,21.3833,20.7814
600536.SH,20220419,20211231,15.3178,-13.7821,44.3632,1.9832
300284.SZ,20220419,20211231,0.9757,18.0722,45.9282,6.8738
002041.SZ,20220419,20211231,24.5284,166.2664,-5.258,6.1419
002216.SZ,20220419,20211231,8.2362,29.368,28.8582,17.6966
300671.SZ,20220419,20211231,-41.9901,-172.639,129.0058,24.0059
300892.SZ,20220419,20211231,22.8663,-24.0681,39.1784,6.8027
601616.SH,20220419,20211231,47.446,-37.1137,18.4058,2.3587
003023.SZ,20220419,20211231,-8.5615,-33.4714,-1.6018,8.0637
600867.SH,20220419,20211231,15.0497,38.1239,40.7017,18.774
000691.SZ,20220419,20211231,44.7614,15.8823,6.7585,12.3021
002825.SZ,20220419,20211231,31.5067,-178.8079,7.6825,5.1884
000519.SZ,20220419,20211231,4.0393,-121.2732,45.4815,5.3698
003039.SZ,20220419,20211231,6.76,-0.6353,45.8698,13.4917
002790.SZ,20220419,20211231,12.3231,-27.7209,12.568,6.6143
300520.SZ,20220419,20211231,24.3147,554.1238,19.4424,5.3423
300936.SZ,20220419,20211231,14.6205,-6.5025,139.9492,7.1688
002778.SZ,20220419,20211231,4.4838,-33.6303,6.8073,15.5254
605589.SH,20220419,20211231,22.0704,-26.3906,68.0107,9.1282
002295.SZ,20220419,20211231,-7.9801,-85.2599,8.1586,3.6262
002725.SZ,20220419,20211231,14.0632,137.4465,8.0906,-0.0104
688312.SH,20220419,20211231,-8.5714,-12.6175,40.58,8.2811
002736.SZ,20220419,20211231,42.5853,102.7777,18.703,11.0788
300100.SZ,20220419,20211231,-30.9859,143.2201,9.2035,3.5077
002391.SZ,20220419,20211231,65.5662,159.9673,18.2405,5.4459
601798.SH,20220419,20211231,-22.5037,-1566.4956,9.9458,-11.6441
688136.SH,20220419,20211231,18.2599,-2.3149,6.166,2.5156
600057.SH,20220419,20211231,29.9862,37.3741,13.7255,13.3397
000301.SZ,20220419,20211231,47.5913,486.4411,20.1392,5.4719
003043.SZ,20220419,20211231,60.3664,119.8805,38.8317,16.8026
600326.SH,20220419,20211231,-29.707,-110.5206,40.494,0.6176
300911.SZ,20220419,20211231,77.8228,12.0307,23.5241,16.2353
600577.SH,20220419,20211231,29.1604,8.9039,4.5572,12.2633
600110.SH,20220419,20211231,52.9563,284.658,33.9795,10.3447
688090.SH,20220419,20211231,56.3831,-32.5798,27.7122,1.7755
300930.SZ,20220419,20211231,15.7443,31.7824,18.9633,17.2284
688289.SH,20220419,20211231,7.7439,-19.5803,35.6896,38.6986
600668.SH,20220419,20211231,21.6089,632.9814,20.4203,13.1635
600617.SH,20220419,20211231,-2.3747,228.5377,15.8746,-8.2388
603970.SH,20220419,20211231,-7.5969,34.0763,97.4602,14.5181
600121.SH,20220419,20211231,35.9528,73.4858,21.9699,-5.5877
601789.SH,20220419,20211231,5.7596,19.7825,3.1274,4.8822
300553.SZ,20220420,20211231,32.5689,-31.2695,19.545,5.8697
002441.SZ,20220420,20211231,6.3056,4914.1759,14.7601,7.4622
688639.SH,20220420,20211231,162.8094,84.1215,4.6968,17.3737
301201.SZ,20220419,20211231,18.64,-45.647,-3.3644,19.3193
603501.SH,20220419,20211231,-1.1282,-2.2289,-5.5004,29.1788
688233.SH,20220419,20211231,57.549,16.5538,68.4076,16.308
300879.SZ,20220419,20211231,86.0963,-217.1979,-45.4046,3.3586
603192.SH,20220420,20211231,66.3431,-49.346,13.7049,8.4873
603890.SH,20220420,20211231,-8.603,51.4624,17.1423,11.0728
600790.SH,20220420,20211231,48.2308,54.1221,48.7356,7.014
600283.SH,20220420,20211231,13.4301,-92.6071,41.3911,6.0903
600307.SH,20220420,20211231,-20.572,-723.3408,-21.4638,11.851
600737.SH,20220419,20211231,4.5237,-1.4594,-36.3081,4.9622
600389.SH,20220419,20211231,24.8779,294.1311,27.5314,36.9883
605138.SH,20220419,20211231,,,9.9587,9.1236
000411.SZ,20220420,20211231,4.6042,-22.8934,12.1179,8.6122
601568.SH,20220420,20211231,32.6457,-35.9019,20.1245,14.1237
601216.SH,20220420,20211231,44.2213,-52.157,43.4191,19.7065
300519.SZ,20220419,20211231,5.8204,10.7371,56.7988,13.0271
688358.SH,20220419,20211231,-4.5292,2.6086,33.3453,6.4145
003020.SZ,20220419,20211231,17.4228,32.242,6.9589,12.2496
000425.SZ,20220419,20211231,-35.9293,-22.3471,26.2815,14.5988
603788.SH,20220419,20211231,-9.4432,-65.9272,37.267,6.7957
603178.SH,20220419,20211231,20.6756,31.328,11.9418,5.3635
600851.SH,20220419,20211231,114.0515,-1092.6002,-0.5479,2.4974
002378.SZ,20220419,20211231,8.263,78.3199,22.6153,7.3748
600556.SH,20220419,20211231,50.8116,105.7061,0.6979,12.1381
603429.SH,20220419,20211231,50.9324,20.0215,49.4478,10.2883
600475.SH,20220419,20211231,-10.9222,12.0903,20.9318,8.717
603339.SH,20220419,20211231,85.5074,280.8765,25.8831,8.0227
603351.SH,20220419,20211231,23.9125,-29.4439,23.9963,7.3457
002483.SZ,20220419,20211231,13.0645,-23.8855,43.4099,6.9564
002987.SZ,20220419,20211231,17.3382,-51.9526,60.7542,11.1814
002645.SZ,20220419,20211231,68.9925,140.4213,-5.13,15.4325
603150.SH,20220419,20211231,17.4267,35.9527,3.7191,21.5791
002426.SZ,20220419,20211231,-49.9511,115.4642,4.7106,-11.858
002438.SZ,20220419,20211231,-9.5894,-25.8634,4.0792,10.1356
301190.SZ,20220419,20211231,10.7241,16.0692,2.4909,11.2121
300927.SZ,20220419,20211231,50.2105,69.041,32.9103,12.9781
688526.SH,20220419,20211231,36.9715,44.3303,17.553,18.9174
300435.SZ,20220419,20211231,10.9609,22.8573,14.3516,9.3677
834599.BJ,20220419,20211231,102.8359,25.0194,30.3138,25.5166
836077.BJ,20220419,20211231,123.2544,154.1867,11.4359,48.9073
831010.BJ,20220419,20211231,5.4137,-15.0967,39.5957,12.2748
833427.BJ,20220419,20211231,-12.8809,-6.8498,33.7377,18.5974
603181.SH,20220419,20211231,-3.5995,-0.9656,12.0391,14.2295
600743.SH,20220420,20211231,65.3017,-653.2434,25.4043,-7.936
002103.SZ,20220420,20211231,-18.3631,98.1316,16.0507,0.187
002481.SZ,20220420,20211231,18.8803,-53.6576,16.4305,8.9632
688216.SH,20220419,20211231,28.418,1.9912,51.9482,16.3377
601579.SH,20220419,20211231,4.1604,-17.3036,74.447,3.9431
000766.SZ,20220419,20211231,26.6506,109.6912,21.2579,0.887
600371.SH,20220419,20211231,-12.0723,4.9988,-27.7961,6.0359
603002.SH,20220420,20211231,40.392,-17.7761,15.0223,18.2668
002225.SZ,20220420,20211231,-4.0165,-230.2173,9.4094,2.3435
603879.SH,20220420,20211231,-44.6047,-120.4851,-0.4241,0.1029
600658.SH,20220420,20211231,-15.8742,219.4047,159.6048,-0.6427
600884.SH,20220420,20211231,88.0069,505.2233,10.2259,12.0328
600678.SH,20220419,20211231,22.0401,314.375,59.339,30.7171
002337.SZ,20220419,20211231,109.3196,108.0495,-17.6125,1.192
603968.SH,20220420,20211231,40.5767,41.5485,11.1905,7.3462
603815.SH,20220420,20211231,23.5158,-7.3321,12.6975,6.6528
603726.SH,20220419,20211231,5.3315,-29.6479,7.0214,12.8771
688179.SH,20220420,20211231,21.2862,13.7012,9.5576,10.245
601700.SH,20220420,20211231,5.3356,-85.6253,-2.9238,3.5414
002566.SZ,20220420,20211231,-10.581,18.9305,25.489,4.1187
688772.SH,20220419,20211231,18.425,-45.5684,16.5581,17.6614
300101.SZ,20220419,20211231,14.593,-9.0824,61.1306,7.0965
600539.SH,20220419,20211231,14.5216,-41.2323,12.1699,2.0699
000630.SZ,20220420,20211231,9.5089,396.5282,5.5286,13.478
600707.SH,20220420,20211231,-19.02,-192.535,24.601,11.8422
300573.SZ,20220420,20211231,17.4319,12.8022,46.5013,18.2388
600847.SH,20220420,20211231,-9.8758,-292.3769,15.1022,-1.8886
002983.SZ,20220420,20211231,34.3282,-25.6496,23.4181,5.4778
001319.SZ,20220418,20211231,,,17.5612,14.5113
688619.SH,20220419,20211231,209.5731,525.6349,23.1379,4.0926
300813.SZ,20220419,20211231,52.1276,34.8276,39.1128,12.5315
603171.SH,20220419,20211231,7.5423,-17.9764,57.5403,8.3212
300394.SZ,20220419,20211231,22.9523,44.52,37.5086,14.9685
300826.SZ,20220419,20211231,53.7029,3.7842,51.9784,6.9669
688318.SH,20220419,20211231,3.226,-18.6809,99.7871,7.9194
300018.SZ,20220419,20211231,-2.8692,-23.9243,34.8381,0.9967
600262.SH,20220419,20211231,-10.8425,56.9563,12.9629,-0.2773
002009.SZ,20220419,20211231,-23.697,-48.1614,7.8808,4.3713
301138.SZ,20220419,20211231,11.1812,6.2314,-0.1653,13.5259
300204.SZ,20220419,20211231,22.4559,66.6891,-29.4671,-8.9506
688518.SH,20220419,20211231,20.997,-34.039,-20.5437,4.6578
002395.SZ,20220419,20211231,-4.2917,-111.9856,7.6731,5.502
603071.SH,20220419,20211231,191.9926,-19.6132,7.9775,35.036
300240.SZ,20220419,20211231,78.9657,185.2335,4.4338,4.8992
003021.SZ,20220419,20211231,-7.8268,-74.7628,15.9621,4.4118
300446.SZ,20220419,20211231,12.7544,46.549,47.8325,-2.087
300855.SZ,20220419,20211231,29.228,58.6433,50.824,14.3223
688286.SH,20220419,20211231,-6.5576,-62.368,31.7892,-0.1822
300602.SZ,20220419,20211231,51.5862,-675.3972,7.5417,-5.4088
000778.SZ,20220419,20211231,-1.6175,-74.9444,20.9014,7.9634
300665.SZ,20220419,20211231,-12.7244,-70.0004,52.5141,1.7535
600982.SH,20220419,20211231,84.2043,187.9629,-7.8143,4.4645
603035.SH,20220419,20211231,11.1219,1.8744,5.412,8.9704
603102.SH,20220419,20211231,19.6761,-14.1238,21.3833,20.7814
600536.SH,20220419,20211231,15.3178,-13.7821,44.3632,1.9832
002041.SZ,20220419,20211231,24.5284,166.2664,-5.258,6.1419
301188.SZ,20220420,20211231,23.6151,12.2607,-1.4913,12.1471
603028.SH,20220420,20211231,9.7229,-15.1764,20.9177,6.8172
300255.SZ,20220420,20211231,11.4897,-45.0694,17.9135,7.5975
600797.SH,20220420,20211231,7.285,-523.783,49.4,-17.0739
300760.SZ,20220420,20211231,18.4572,3.4105,49.3643,31.2576
002434.SZ,20220420,20211231,-40.5737,-1264.9866,-22.5002,-14.09
300484.SZ,20220420,20211231,50.8817,13.9997,31.2222,9.6111
688679.SH,20220420,20211231,-6.6285,-42.8233,20.2931,2.7886
002538.SZ,20220420,20211231,40.8066,-25.7099,-10.612,9.9325
002369.SZ,20220420,20211231,-28.2942,74.5688,-3.2527,-13.6723
603080.SH,20220420,20211231,10.0389,-46.74,48.4344,7.7865
301057.SZ,20220420,20211231,-2.1814,-44.7993,55.1769,13.4359
002216.SZ,20220419,20211231,8.2362,29.368,28.8582,17.6966
300671.SZ,20220419,20211231,-41.9901,-172.639,129.0058,24.0059
002923.SZ,20220420,20211231,11.2579,104.563,18.0132,11.7777
600327.SH,20220420,20211231,-65.5826,41.4375,25.4089,4.2927
603408.SH,20220420,20211231,5.0739,-27.9633,12.8908,13.012
002476.SZ,20220420,20211231,29.1576,1363.3974,-9.4557,1.8049
301217.SZ,20220420,20211231,37.6647,182.7398,6.8032,18.4792
603516.SH,20220420,20211231,-17.0637,-27.2214,48.7615,6.3665
002691.SZ,20220420,20211231,83.7591,400.0747,-13.0244,0.6649
301149.SZ,20220420,20211231,26.9896,-37.3365,19.0558,16.9191
603739.SH,20220420,20211231,18.9377,6.0101,4.8674,7.1439
300892.SZ,20220419,20211231,22.8663,-24.0681,39.1784,6.8027
601616.SH,20220419,20211231,47.446,-37.1137,18.4058,2.3587
003023.SZ,20220419,20211231,-8.5615,-33.4714,-1.6018,8.0637
600867.SH,20220419,20211231,15.0497,38.1239,40.7017,18.774
000691.SZ,20220419,20211231,44.7614,15.8823,6.7585,12.3021
603215.SH,20220420,20211231,8.1612,-6.0222,18.9849,38.1711
300274.SZ,20220420,20211231,18.7911,-89.7318,25.2901,10.2224
300463.SZ,20220420,20211231,-17.2835,-29.5812,75.9659,23.3916
300214.SZ,20220420,20211231,38.1098,116.2356,-7.3431,8.7214
002659.SZ,20220420,20211231,-81.7515,-43.9864,130.3729,-5.4978
300545.SZ,20220420,20211231,-4.8378,-91.9612,57.6388,1.6601
600844.SH,20220420,20211231,-29.4522,62.2737,7.1607,-8.1797
002825.SZ,20220419,20211231,31.5067,-178.8079,7.6825,5.1884
000519.SZ,20220419,20211231,4.0393,-121.2732,45.4815,5.3698
003039.SZ,20220419,20211231,6.76,-0.6353,45.8698,13.4917
002790.SZ,20220419,20211231,12.3231,-27.7209,12.568,6.6143
300520.SZ,20220419,20211231,24.3147,554.1238,19.4424,5.3423
300936.SZ,20220419,20211231,14.6205,-6.5025,139.9492,7.1688
300897.SZ,20220420,20211231,9.8867,17.5272,38.4365,8.8744
000713.SZ,20220420,20211231,-3.034,474.0778,12.0545,2.3341
300275.SZ,20220420,20211231,10.3045,22.4419,13.3745,4.2088
300540.SZ,20220420,20211231,18.3154,-3355.1366,6.7823,-15.5999
300870.SZ,20220420,20211231,8.48,-89.373,13.2859,5.3598
603112.SH,20220420,20211231,43.5584,-32.5483,25.0529,14.734
003032.SZ,20220420,20211231,-12.4761,-74.1094,31.0726,4.7532
603979.SH,20220420,20211231,12.198,32.4497,42.7188,9.1012
600468.SH,20220420,20211231,-13.5934,-69.2089,28.5322,5.1859
002778.SZ,20220419,20211231,4.4838,-33.6303,6.8073,15.5254
605589.SH,20220419,20211231,22.0704,-26.3906,68.0107,9.1282
002295.SZ,20220419,20211231,-7.9801,-85.2599,8.1586,3.6262
002725.SZ,20220419,20211231,14.0632,137.4465,8.0906,-0.0104
688312.SH,20220419,20211231,-8.5714,-12.6175,40.58,8.2811
603617.SH,20220420,20211231,26.8011,-52.3206,-54.2037,7.4594
601678.SH,20220420,20211231,30.2396,-19.687,30.9341,22.1661
603536.SH,20220420,20211231,-5.7563,-610.3021,11.3511,-22.5169
688028.SH,20220420,20211231,30.1561,-40.7363,28.9913,5.5498
603008.SH,20220420,20211231,25.7402,38.8295,18.4271,16.1463
688272.SH,20220420,20211231,-15.3458,-33.8552,-34.2383,14.4908
603955.SH,20220420,20211231,-36.1936,-47.4696,94.2551,3.0071
300100.SZ,20220419,20211231,-30.9859,143.2201,9.2035,3.5077
002391.SZ,20220419,20211231,65.5662,159.9673,18.2405,5.4459
601798.SH,20220419,20211231,-22.5037,-1566.4956,9.9458,-11.6441
688136.SH,20220419,20211231,18.2599,-2.3149,6.166,2.5156
300673.SZ,20220420,20211231,-3.3251,-158.6425,3.3016,3.2995
301030.SZ,20220420,20211231,13.9979,-34.9087,23.244,4.9319
688101.SH,20220420,20211231,30.2772,-29.6211,38.2187,6.4875
300387.SZ,20220420,20211231,34.3161,73.2223,38.0625,2.8906
688116.SH,20220420,20211231,161.4043,202.6281,-2.0095,14.4005
300989.SZ,20220420,20211231,3.1124,7.4504,48.5132,15.4754
000301.SZ,20220419,20211231,47.5913,486.4411,20.1392,5.4719
003043.SZ,20220419,20211231,60.3664,119.8805,38.8317,16.8026
300911.SZ,20220419,20211231,77.8228,12.0307,23.5241,16.2353
600577.SH,20220419,20211231,29.1604,8.9039,4.5572,12.2633
603917.SH,20220420,20211231,-11.613,-35.5199,11.0463,4.2402
605086.SH,20220420,20211231,-18.4142,-48.7445,55.384,9.5103
301118.SZ,20220420,20211231,67.1658,107.8373,33.7867,23.8384
600770.SH,20220420,20211231,50.845,166.6542,37.4239,0.8635
600110.SH,20220419,20211231,52.9563,284.658,33.9795,10.3447
688090.SH,20220419,20211231,56.3831,-32.5798,27.7122,1.7755
300930.SZ,20220419,20211231,15.7443,31.7824,18.9633,17.2284
688289.SH,20220419,20211231,7.7439,-19.5803,35.6896,38.6986
603456.SH,20220420,20211231,17.4725,13.8534,23.9151,14.9677
002206.SZ,20220420,20211231,46.4566,25.6148,17.2007,17.8338
002284.SZ,20220420,20211231,15.0664,-77.6815,1.6076,-0.6464
002471.SZ,20220420,20211231,-13.9886,49.0237,-11.4503,1.5951
301150.SZ,20220331,20211231,,,4.6552,43.5484
600477.SH,20220420,20211231,-6.9011,-32.7,-16.6778,5.1329
300343.SZ,20220420,20211231,63.1811,214.6853,39.5161,32.5279
300212.SZ,20220420,20211231,-85.1565,-175.6157,165.5737,-6.986
300514.SZ,20220420,20211231,33.1367,9.8992,24.7167,8.2788
603518.SH,20220420,20211231,-2.7605,-71.6082,21.0057,8.7703
000779.SZ,20220420,20211231,11.8402,18.0757,32.4694,13.6726
688103.SH,20220420,20211231,17.5554,16.1273,38.8236,8.3818
002052.SZ,20220420,20211231,-43.0319,-43.9897,-57.9989,-111.893
600281.SH,20220420,20211231,-37.1137,-187.6809,-62.8538,-6.1778
002417.SZ,20220420,20211231,-106.4367,-4706.1388,,-58.7545
002785.SZ,20220420,20211231,-8.1803,-722.5987,-5.7688,-7.2893
002811.SZ,20220420,20211231,-20.8389,-142.3446,35.4375,0.6105
600568.SH,20220420,20211231,-20.6037,-399.9019,16.7866,-5.8207
600222.SH,20220420,20211231,7.7164,-647.3438,7.531,2.3237
600969.SH,20220420,20211231,17.7896,128.8856,12.821,0.9255
300817.SZ,20220420,20211231,14.2408,-4.899,22.6394,9.9211
300867.SZ,20220420,20211231,89.0386,-37.6504,35.724,13.8876
603885.SH,20220420,20211231,-10.0273,-7666.9586,-4.49,-6.3691
601002.SH,20220420,20211231,-11.1816,-97.4988,28.6696,4.9476
002631.SZ,20220420,20211231,40.925,145.7347,47.9381,2.0852
600712.SH,20220420,20211231,-8.4876,112.8598,-2.0079,-2.3461
300696.SZ,20220420,20211231,96.9443,55.759,103.6443,18.7185
003001.SZ,20220420,20211231,8.5434,156.4258,56.8309,8.0218
300454.SZ,20220420,20211231,9.7045,-45.2306,44.2117,1.8964
600378.SH,20220420,20211231,31.9091,27.3814,32.4913,12.9688
002734.SZ,20220420,20211231,30.624,205.3471,29.4015,11.2169
601956.SH,20220420,20211231,-5.7301,-71.9634,-9.8767,0.1671
002384.SZ,20220420,20211231,1.478,15.6786,20.1978,11.4062
002637.SZ,20220420,20211231,18.9183,1007.4064,3.7247,23.0493
601028.SH,20220420,20211231,-8.197,145.3965,-6.4686,15.4576
300181.SZ,20220420,20211231,17.926,81.1834,17.3718,10.0429
600818.SH,20220420,20211231,9.4669,-81.2119,-7.4842,-1.9412
605077.SH,20220420,20211231,22.5545,-27.6451,46.4132,11.6503
000801.SZ,20220420,20211231,38.559,45.7973,31.8738,3.9542
002017.SZ,20220420,20211231,-13.6108,28.5037,19.0453,2.3007
603869.SH,20220420,20211231,-11.3829,-89.1244,42.2323,0.4572
688681.SH,20220420,20211231,-11.9143,-23.9554,35.9125,9.8575
600064.SH,20220420,20211231,47.2099,94.2698,92.3676,13.9915
600122.SH,20220420,20211231,71.0144,96.6745,22.9244,-170.1294
688283.SH,20220420,20211231,-6.2876,-10.222,53.719,30.3593
003030.SZ,20220420,20211231,12.071,-45.8415,6.1266,5.4016
000030.SZ,20220420,20211231,15.7566,-4.8208,42.1948,9.2719
300808.SZ,20220420,20211231,-32.5541,-212.4135,33.4193,0.495
002884.SZ,20220420,20211231,26.3928,51.0454,24.9022,22.9061
603721.SH,20220420,20211231,-28.5482,189.5028,91.8012,0.9631
002376.SZ,20220420,20211231,0.9818,-26.636,2.3408,3.528
002575.SZ,20220420,20211231,-87.1849,-88.7826,134.3402,0.701
603229.SH,20220420,20211231,30.3927,72.5029,0.2299,11.2071
600327.SH,20220420,20211231,-65.5826,41.4375,25.4089,4.2927
605389.SH,20220420,20211231,-17.1922,-32.8747,-5.0567,15.6379
002907.SZ,20220420,20211231,-22.0284,-90.3953,11.2968,6.5837
300324.SZ,20220420,20211231,11.9168,105.147,21.3144,-6.6809
605033.SH,20220420,20211231,88.2788,126.0153,42.2845,15.6831
002522.SZ,20220420,20211231,14.6031,-29.6339,13.7249,8.1341
600108.SH,20220420,20211231,4.1848,102.6074,20.7415,0.8877
688345.SH,20220420,20211231,44.7557,1.5567,3.973,18.1031
003032.SZ,20220420,20211231,-12.4761,-74.1094,31.0726,4.7532
688611.SH,20220420,20211231,-1.7686,-13.3284,41.9936,15.967
600288.SH,20220420,20211231,-5.628,8.1303,24.0034,2.7407
300449.SZ,20220420,20211231,-84.2776,-5704.7769,-23.0156,-139.4266
688665.SH,20220420,20211231,31.3691,50.0725,38.2254,32.9601
300774.SZ,20220420,20211231,3.781,-15.2595,39.9512,13.0168
601609.SH,20220420,20211231,47.7601,31.029,9.4471,9.7111
301087.SZ,20220420,20211231,-8.811,34.3822,25.0194,12.1344
003017.SZ,20220420,20211231,17.9668,-96.2705,-44.661,5.9517
300989.SZ,20220420,20211231,3.1124,7.4504,48.5132,15.4754
002588.SZ,20220420,20211231,8.7035,-6.9164,-17.9403,6.909
002125.SZ,20220420,20211231,79.0184,1873.6398,13.2453,10.2383
002841.SZ,20220420,20211231,26.6472,-4.018,16.0047,18.8758
002350.SZ,20220420,20211231,17.363,175.278,31.196,3.814
000595.SZ,20220420,20211231,-20.9056,-304.5212,-30.0799,-21.1107
688032.SH,20220420,20211231,52.0899,106.9366,24.1255,6.1521
002307.SZ,20220420,20211231,-27.2789,-10.525,21.784,-1.5818
300868.SZ,20220420,20211231,-11.8608,-128.9637,1.4663,-0.3185
600338.SH,20220420,20211231,94.5941,340.2505,39.3969,31.5424
605388.SH,20220420,20211231,50.2856,-81.9239,57.5347,4.7972
688565.SH,20220420,20211231,103.4902,-87.1393,19.7122,1.031
301118.SZ,20220420,20211231,67.1658,107.8373,33.7867,23.8384
603138.SH,20220420,20211231,21.8861,-79.2395,23.7621,0.8727
600576.SH,20220420,20211231,326.739,-72.8675,93.1729,2.6287
002508.SZ,20220420,20211231,22.9576,-101.9983,11.8123,15.3121
688257.SH,20220420,20211231,12.5498,5.7781,32.5914,9.751
002993.SZ,20220420,20211231,45.1626,2.4859,8.9979,13.0803
300152.SZ,20220420,20211231,-75.7354,-567.1194,-138.6849,-43.3388
600506.SH,20220420,20211231,123.0991,-370.8695,31.1729,-14.2325
000990.SZ,20220420,20211231,-14.4843,-130.3501,-1.7483,6.25
300955.SZ,20220420,20211231,9.1481,22.5463,24.7738,12.6897
300690.SZ,20220420,20211231,-19.1822,-30.3741,9.1658,10.4026
002057.SZ,20220420,20211231,41.7814,14.0959,33.316,8.0967
002208.SZ,20220420,20211231,40.3565,-36.1842,-166.8453,15.0168
600032.SH,20220420,20211231,46.3353,669.5125,51.7149,4.8329
002913.SZ,20220420,20211231,43.3589,-7.4489,33.3134,13.8912
002293.SZ,20220420,20211231,6.5244,-0.2284,23.9387,16.2563
688217.SH,20220420,20211231,2.9853,-55.5899,39.628,4.4966
300623.SZ,20220420,20211231,33.4606,20.4139,-8.0396,15.9373
600582.SH,20220421,20211231,-0.0957,-4.8342,40.0316,8.011
002545.SZ,20220421,20211231,5.7096,-32.2985,49.9248,4.6684
300715.SZ,20220421,20211231,-6.4242,-199.9062,18.1823,1.461
600987.SH,20220421,20211231,58.0718,21.6415,12.0063,11.3589
600156.SH,20220421,20211231,15.8314,-2988.3438,2.134,-15.9838
603219.SH,20220421,20211231,2.6209,-44.1146,4.1514,17.817
688687.SH,20220421,20211231,33.9762,44.3587,3.598,5.658
002332.SZ,20220421,20211231,-6.013,7.3007,18.3223,12.5336
301033.SZ,20220421,20211231,20.4086,-8.287,69.8785,5.1396
833580.BJ,20220421,20211231,-23.8672,-40.2082,-6.0567,12.4211
600769.SH,20220421,20211231,13.9181,-6.9904,82.4137,9.5586
002330.SZ,20220421,20211231,-47.1536,14.0251,28.1542,2.7386
605117.SH,20220421,20211231,44.2396,73.0837,25.5263,30.4145
603663.SH,20220421,20211231,-29.8616,46.9618,28.354,11.4306
839680.BJ,20220421,20211231,19.7943,21.2807,20.2027,11.8432
002650.SZ,20220421,20211231,12.9996,-322.7676,-6.7058,-3.7064
603115.SH,20220421,20211231,24.551,78.2877,12.4725,12.9183
300174.SZ,20220421,20211231,45.6467,88.284,10.7204,7.3802
688395.SH,20220421,20211231,-20.399,-23.2625,47.987,13.7806
603987.SH,20220421,20211231,26.7185,54.8273,34.4234,14.1372
301053.SZ,20220421,20211231,0.2159,-17.1245,-6.5494,19.5758
603848.SH,20220421,20211231,2.2607,-28.3947,21.2303,15.7668
600674.SH,20220421,20211231,-2.7251,-32.0255,90.5582,10.0741
002049.SZ,20220421,20211231,63.4254,307.3342,54.9774,29.4265
430489.BJ,20220421,20211231,221.5412,618.2121,32.7138,11.1179
301219.SZ,20220421,20211231,159.3599,301.1661,8.3002,41.4982
688052.SH,20220331,20211231,,,22.2402,50.6228
301187.SZ,20220330,20211231,-24.242,-52.2401,-0.1213,24.2604
002545.SZ,20220421,20211231,5.7096,-32.2985,49.9248,4.6684
300715.SZ,20220421,20211231,-6.4242,-199.9062,18.1823,1.461
603696.SH,20220421,20211231,11.1983,-46.593,26.3529,6.6277
605298.SH,20220421,20211231,-20.9962,-33.3804,96.7267,11.2012
002221.SZ,20220421,20211231,-8.0653,0.3949,15.2878,10.3494
002922.SZ,20220421,20211231,33.0605,-37.1403,-0.6555,4.4994
000600.SZ,20220421,20211231,-7.844,-1512.3313,-16.979,-21.7016
000021.SZ,20220421,20211231,-3.9841,-37.1343,19.0267,3.5283
003009.SZ,20220421,20211231,-5.7909,-90.9103,42.3736,8.0448
002528.SZ,20220421,20211231,-59.6041,-1427.4323,1.4608,-50.8096
301053.SZ,20220421,20211231,0.2159,-17.1245,-6.5494,19.5758
300499.SZ,20220421,20211231,50.8817,-22.3971,16.8153,5.4993
688325.SH,20220331,20211231,,,30.7051,51.4511
300295.SZ,20220422,20211231,-145.0698,-256.3201,,-2.9853
300662.SZ,20220422,20211231,53.2717,22.5741,14.7177,13.6381
603223.SH,20220422,20211231,10.92,-51.2562,10.0706,5.4578
688169.SH,20220422,20211231,29.6235,-17.7962,18.3907,15.2531
300371.SZ,20220422,20211231,38.7007,43.3791,14.7233,16.8646
301085.SZ,20220422,20211231,14.9416,-100.5111,13.7277,11.7162
300584.SZ,20220422,20211231,-21.1878,3639.5531,22.4879,2.9509
600551.SH,20220422,20211231,0.7466,-32.0694,35.1973,3.0257
688377.SH,20220422,20211231,-1.0124,-56.0555,28.2385,1.2487
002536.SZ,20220422,20211231,-11.1669,-169.5896,2.0549,4.2303
600241.SH,20220422,20211231,87.9879,-186.9625,51.7988,-1.7647
002743.SZ,20220422,20211231,26.5235,13.2119,0.0529,5.2498
603213.SH,20220422,20211231,98.2728,258.9779,11.1723,37.1151
603605.SH,20220422,20211231,10.9205,10.8961,20.9256,21.5656
600080.SH,20220422,20211231,-32.7669,-1501.4776,17.8515,2.123
600766.SH,20220422,20211231,782.4527,93.1123,27.1552,1.4932
603948.SH,20220422,20211231,54.4095,339.3514,20.2512,17.5472
300993.SZ,20220422,20211231,14.8695,-4.2099,49.0487,15.1216
300644.SZ,20220422,20211231,33.0119,-92.2116,3.3313,2.7049
688696.SH,20220422,20211231,44.9723,88.4762,33.6207,24.2165
603500.SH,20220422,20211231,43.3316,-16.3971,13.4433,6.9392
605183.SH,20220422,20211231,40.4317,81.3103,6.0328,11.6221
002962.SZ,20220422,20211231,69.1014,-58.3211,24.944,4.0143
605268.SH,20220422,20211231,15.5274,-111.6317,34.8707,8.8944
688338.SH,20220422,20211231,6.3143,4.4763,65.1678,6.6613
603309.SH,20220422,20211231,22.4572,79.5856,25.906,7.3899
000677.SZ,20220422,20211231,68.055,790.5644,7.4178,24.1333
002965.SZ,20220422,20211231,47.1644,-79.3651,6.3354,1.8843
002250.SZ,20220422,20211231,36.0554,133.9352,20.1481,4.6742
688317.SH,20220422,20211231,-15.0784,-34.1242,49.1651,27.8212
300952.SZ,20220422,20211231,-0.1158,7.6314,40.9787,11.6849
605128.SH,20220422,20211231,-6.3261,-26.5719,20.0225,5.9445
600758.SH,20220422,20211231,114.7136,150.5984,80.4774,0.4226
600160.SH,20220422,20211231,4.2755,1395.4661,9.3462,7.9976
002860.SZ,20220422,20211231,20.6154,-49.67,30.9472,11.4267
300276.SZ,20220422,20211231,128.2396,99.5252,18.8519,3.2019
603728.SH,20220422,20211231,14.3519,29.0557,18.0057,11.1731
003031.SZ,20220422,20211231,3.811,21.6516,8.2366,9.8407
605366.SH,20220422,20211231,127.7089,220.9185,3.067,9.0588
300150.SZ,20220422,20211231,21.8903,135.5147,15.8221,1.279
002526.SZ,20220422,20211231,24.3129,20.6218,-2.3564,1.218
603856.SH,20220422,20211231,-27.4881,-109.2293,7.442,6.199
300800.SZ,20220422,20211231,30.9666,-11.9906,45.9946,11.1319
688079.SH,20220422,20211231,8.6834,-17.3623,38.5966,8.4934
688212.SH,20220422,20211231,5.6719,-21.6823,30.3442,5.3526
300358.SZ,20220422,20211231,14.7854,8.8205,21.2901,16.0609
300298.SZ,20220422,20211231,25.9727,-42.6784,47.2719,3.4817
600497.SH,20220422,20211231,3.1768,-148.0743,20.2021,6.4217
002274.SZ,20220422,20211231,23.7139,23.3425,11.6186,44.2628
603867.SH,20220422,20211231,6.3421,76.0761,9.6207,11.4689
600328.SH,20220422,20211231,25.454,-4.5641,3.5626,20.5145
600693.SH,20220422,20211231,-13.4236,650.7469,78.5134,1.0192
000632.SZ,20220422,20211231,-37.7373,-97.0588,11.7567,1.4633
300383.SZ,20220422,20211231,0.622,-34.1532,30.0446,7.7085
300072.SZ,20220422,20211231,-74.1648,162.8499,115.2621,0.0703
688655.SH,20220422,20211231,-7.5662,-64.628,20.8723,11.2525
603637.SH,20220422,20211231,-9.9194,-2.4423,0.7637,7.3073
300306.SZ,20220422,20211231,6.7799,582.6909,56.6474,4.952
603067.SH,20220422,20211231,88.2754,173.3605,0.4984,17.6382
600356.SH,20220422,20211231,12.5228,-119.939,10.585,3.719
603931.SH,20220422,20211231,53.9275,102.2946,4.7026,10.905
600230.SH,20220422,20211231,16.5532,-87.6323,12.2752,5.5341
600572.SH,20220422,20211231,11.9732,2082.4635,21.4223,2.6176
600367.SH,20220422,20211231,54.552,83.6403,15.078,17.2082
688038.SH,20220422,20211231,-20.2302,-20.1154,5.0955,4.7171
600163.SH,20220422,20211231,-9.7054,-6.7832,51.5468,15.1859
603177.SH,20220422,20211231,41.7503,17.0538,-45.0148,-23.3586
688378.SH,20220422,20211231,-78.3709,-129.8627,405.3167,4.8386
603698.SH,20220422,20211231,26.0075,-39.6972,-14.1403,3.1808
300592.SZ,20220422,20211231,13111.786,-65.2388,16.9151,-7.8704
603439.SH,20220422,20211231,21.7291,-10.9155,1.7905,13.5048
300503.SZ,20220422,20211231,-5.199,-84.4624,41.3317,9.2931
002116.SZ,20220422,20211231,12.6454,-0.838,8.7122,10.2556
603089.SH,20220422,20211231,30.8409,-95.7416,-2.2988,2.2258
603379.SH,20220422,20211231,122.787,3271.6773,1.6225,9.4246
300448.SZ,20220422,20211231,1.3093,-155.2045,42.0565,0.5695
605158.SH,20220422,20211231,27.9224,-166.261,19.1117,6.9098
300945.SZ,20220422,20211231,65.3192,7.1617,4.0622,9.2683
300703.SZ,20220422,20211231,11.3193,-338.3021,20.3857,0.0883
601311.SH,20220422,20211231,14.3933,-42.8473,15.7043,9.72
603066.SH,20220422,20211231,126.7119,137.1949,21.1498,7.7436
600201.SH,20220422,20211231,-7.6423,-132.8931,62.8677,7.2291
300410.SZ,20220422,20211231,39.5744,88.0788,25.2196,1.4216
603507.SH,20220422,20211231,17.7562,500.1279,41.0441,10.6928
300535.SZ,20220422,20211231,-14.3395,-66.4029,8.1693,7.1675
605128.SH,20220422,20211231,-6.3261,-26.5719,20.0225,5.9445
000906.SZ,20220422,20211231,-6.9777,40.4871,23.4648,16.2114
300370.SZ,20220422,20211231,-25.5851,-153.5668,5.2932,-7496.8986
300436.SZ,20220422,20211231,1.7221,-7516.7593,-9.0833,-5.6886
603969.SH,20220422,20211231,-4.0112,-72.0642,-12.2984,7.424
000925.SZ,20220422,20211231,-0.3106,70.2271,84.319,7.616
300526.SZ,20220422,20211231,-63.2319,12.6348,-91.7261,-42.8099
688131.SH,20220422,20211231,22.8843,-18.6554,13.6171,15.0832
600739.SH,20220422,20211231,6.471,17.208,13.6674,8.2103
000032.SZ,20220422,20211231,38.2292,195.2855,17.3961,8.9217
301169.SZ,20220422,20211231,-9.643,-13.2321,27.2451,7.4592
001217.SZ,20220422,20211231,57.245,39.3366,38.4547,29.85
002927.SZ,20220422,20211231,20.5595,-7.4654,19.9405,10.6802
300629.SZ,20220422,20211231,14.529,111.6087,128.8578,8.7122
603637.SH,20220422,20211231,-9.9194,-2.4423,0.7637,7.3073
300319.SZ,20220422,20211231,15.0922,305.2847,12.0613,9.0314
002109.SZ,20220422,20211231,-0.3806,-57.1828,11.5058,12.8879
000968.SZ,20220422,20211231,36.0601,171.7648,75.251,6.2669
688248.SH,20220422,20211231,8.3027,20.3313,53.7002,7.0469
002205.SZ,20220422,20211231,27.3093,-22.0768,6.3165,1.0686
301092.SZ,20220422,20211231,-49.0971,-94.9245,9.3543,6.961
605296.SH,20220422,20211231,-21.0027,-91.8077,64.5504,7.0622
000709.SZ,20220422,20211231,3.4722,-40.5824,-28.3533,4.0088
002556.SZ,20220422,20211231,21.453,1450.4746,2.2059,12.7438
601226.SH,20220422,20211231,63.8716,136.012,12.381,6.4258
002688.SZ,20220422,20211231,5.1846,-205.8348,-3.147,3.9497
300915.SZ,20220422,20211231,3.1011,-50.9458,24.8348,6.2727
300906.SZ,20220422,20211231,11.885,-65.3217,19.9597,3.6508
688261.SH,20220422,20211231,100.3267,338.9487,31.9011,28.5383
000027.SZ,20220422,20211231,91.0931,-554.9376,9.7801,4.4182
600901.SH,20220422,20211231,8.836,6.9378,-275.3598,14.8405
300467.SZ,20220422,20211231,3.0181,-1969.2427,6.7706,-29.2467
605178.SH,20220422,20211231,-48.1032,-228.304,40.3084,-1.3291
601229.SH,20220422,20211231,11.8342,-7.4576,-145.1663,11.1207
603113.SH,20220422,20211231,88.4055,-178.8537,-5.7404,9.4866
601360.SH,20220422,20211231,-35.542,-108.4125,9.6089,1.6937
002828.SZ,20220422,20211231,46.7867,-44.6103,10.9733,1.7444
688280.SH,20220422,20211231,25.6681,-16.0525,-95.2899,-34.6075
600429.SH,20220422,20211231,-6.949,-51.5551,11.7115,4.3851
300295.SZ,20220422,20211231,-145.0698,-256.3201,,-2.9853
603779.SH,20220423,20211231,9.5375,-649.1501,32.9785,-40.2447
002091.SZ,20220423,20211231,47.861,25.2717,10.2678,12.1762
600114.SH,20220423,20211231,-12.6982,-250.371,17.7697,-1.5057
300662.SZ,20220422,20211231,53.2717,22.5741,14.7177,13.6381
603223.SH,20220422,20211231,10.92,-51.2562,10.0706,5.4578
688169.SH,20220422,20211231,29.6235,-17.7962,18.3907,15.2531
300371.SZ,20220422,20211231,38.7007,43.3791,14.7233,16.8646
301085.SZ,20220422,20211231,14.9416,-100.5111,13.7277,11.7162
300584.SZ,20220422,20211231,-21.1878,3639.5531,22.4879,2.9509
600551.SH,20220422,20211231,0.7466,-32.0694,35.1973,3.0257
603221.SH,20220423,20211231,-3.0949,-89.3714,-6.6024,-0.3186
301010.SZ,20220423,20211231,31.7081,11.8076,8.547,9.7527
688377.SH,20220422,20211231,-1.0124,-56.0555,28.2385,1.2487
002536.SZ,20220422,20211231,-11.1669,-169.5896,2.0549,4.2303
002743.SZ,20220422,20211231,26.5235,13.2119,0.0529,5.2498
000823.SZ,20220423,20211231,12.9711,-19.4043,13.1826,9.1658
601816.SH,20220423,20211231,-21.8642,-66.0376,52.5155,2.598
603213.SH,20220422,20211231,98.2728,258.9779,11.1723,37.1151
603605.SH,20220422,20211231,10.9205,10.8961,20.9256,21.5656
600080.SH,20220422,20211231,-32.7669,-1501.4776,17.8515,2.123
601918.SH,20220423,20211231,76.6658,35.8062,28.6121,29.4497
002222.SZ,20220423,20211231,15.0843,43.2201,37.1905,15.7492
600766.SH,20220422,20211231,782.4527,93.1123,27.1552,1.4932
603948.SH,20220422,20211231,54.4095,339.3514,20.2512,17.5472
300993.SZ,20220422,20211231,14.8695,-4.2099,49.0487,15.1216
300644.SZ,20220422,20211231,33.0119,-92.2116,3.3313,2.7049
603500.SH,20220422,20211231,43.3316,-16.3971,13.4433,6.9392
300412.SZ,20220423,20211231,-23.7495,1.5691,30.3283,1.9117
002443.SZ,20220423,20211231,20.8582,-13.9553,16.4804,12.2432
002613.SZ,20220423,20211231,101.3572,2068.902,-1.0544,2.3125
603833.SH,20220423,20211231,20.5994,-9.8438,18.3932,19.0653
605183.SH,20220422,20211231,40.4317,81.3103,6.0328,11.6221
002962.SZ,20220422,20211231,69.1014,-58.3211,24.944,4.0143
605268.SH,20220422,20211231,15.5274,-111.6317,34.8707,8.8944
688338.SH,20220422,20211231,6.3143,4.4763,65.1678,6.6613
002381.SZ,20220423,20211231,8.6584,-88.8619,12.5539,5.952
300107.SZ,20220423,20211231,48.335,149.2646,36.8682,0.3572
603266.SH,20220423,20211231,11.9256,-16.013,16.7024,7.8265
600055.SH,20220423,20211231,-10.1478,-13.4192,9.5394,6.8237
300183.SZ,20220423,20211231,-0.2876,-23.741,33.5557,3.7395
301088.SZ,20220423,20211231,-10.995,-37.1345,22.0739,10.0574
002062.SZ,20220423,20211231,-25.2878,-21.427,4.1241,10.5833
002612.SZ,20220423,20211231,15.3188,-68.2284,9.1586,6.2243
688335.SH,20220423,20211231,10.1363,14.1949,-2.5677,4.5771
601399.SH,20220423,20211231,-3.9409,112.7651,13.2962,1.5751
002112.SZ,20220423,20211231,-11.8168,-13.494,14.1611,3.358
000989.SZ,20220423,20211231,-11.8272,-99.1888,-9.0708,6.1034
300718.SZ,20220422,20211231,21.1037,-21.6522,11.8913,8.7959
300075.SZ,20220422,20211231,-25.308,8.7194,61.2642,5.5399
301185.SZ,20220422,20211231,23.1818,3.4919,52.8745,10.8017
600131.SH,20220422,20211231,14.1497,-2.9115,42.4367,13.2841
002584.SZ,20220422,20211231,-54.4096,103.88,69.104,1.9222
300802.SZ,20220422,20211231,29.7805,-32.0086,20.8534,9.024
300702.SZ,20220422,20211231,3.7553,-101.5342,-12.7037,4.4318
603309.SH,20220422,20211231,22.4572,79.5856,25.906,7.3899
000677.SZ,20220422,20211231,68.055,790.5644,7.4178,24.1333
002965.SZ,20220422,20211231,47.1644,-79.3651,6.3354,1.8843
002250.SZ,20220422,20211231,36.0554,133.9352,20.1481,4.6742
002931.SZ,20220423,20211231,5.1385,-56.6483,30.4436,11.5056
300994.SZ,20220423,20211231,24.823,-5.4817,0.2897,25.0044
600698.SH,20220423,20211231,-48.0757,26.7472,40.5215,-0.4148
300684.SZ,20220422,20211231,-21.3096,-73.8069,15.1536,6.3485
300468.SZ,20220422,20211231,5.9427,-43.9645,50.9875,5.3139
300841.SZ,20220422,20211231,135.8569,282.2799,23.465,23.9105
600053.SH,20220422,20211231,6.3924,94.8271,-21.074,4.2444
603999.SH,20220422,20211231,5.2932,21.1521,31.4657,3.2348
300535.SZ,20220422,20211231,-14.3395,-66.4029,8.1693,7.1675
688359.SH,20220422,20211231,-0.1323,-18.8769,1.2808,9.2653
002496.SZ,20220422,20211231,-48.1503,49.3468,39.0148,-13.727
688317.SH,20220422,20211231,-15.0784,-34.1242,49.1651,27.8212
300952.SZ,20220422,20211231,-0.1158,7.6314,40.9787,11.6849
600758.SH,20220422,20211231,114.7136,150.5984,80.4774,0.4226
600160.SH,20220422,20211231,4.2755,1395.4661,9.3462,7.9976
002860.SZ,20220422,20211231,20.6154,-49.67,30.9472,11.4267
300276.SZ,20220422,20211231,128.2396,99.5252,18.8519,3.2019
603728.SH,20220422,20211231,14.3519,29.0557,18.0057,11.1731
003031.SZ,20220422,20211231,3.811,21.6516,8.2366,9.8407
000416.SZ,20220423,20211231,-76.6597,-27.0833,1290.7772,0.4218
600397.SH,20220423,20211231,-51.7905,3812.3562,6.8106,4.8403
002497.SZ,20220423,20211231,73.0474,134.2249,28.2262,15.9764
833523.BJ,20220423,20211231,46.6855,22.1479,26.9881,13.8946
300580.SZ,20220422,20211231,8.4666,-27.9638,35.5058,8.6803
301025.SZ,20220422,20211231,33.8531,20.0688,25.0407,9.8956
603786.SH,20220422,20211231,-18.2827,-39.7826,19.3562,8.5961
688127.SH,20220422,20211231,-13.8469,-44.4915,35.4289,7.4246
603701.SH,20220422,20211231,-17.2191,-25.2309,16.0599,4.297
605366.SH,20220422,20211231,127.7089,220.9185,3.067,9.0588
300150.SZ,20220422,20211231,21.8903,135.5147,15.8221,1.279
002526.SZ,20220422,20211231,24.3129,20.6218,-2.3564,1.218
603856.SH,20220422,20211231,-27.4881,-109.2293,7.442,6.199
300800.SZ,20220422,20211231,30.9666,-11.9906,45.9946,11.1319
688079.SH,20220422,20211231,8.6834,-17.3623,38.5966,8.4934
300370.SZ,20220422,20211231,-25.5851,-153.5668,5.2932,-7496.8986
300436.SZ,20220422,20211231,1.7221,-7516.7593,-9.0833,-5.6886
002326.SZ,20220423,20211231,22.5919,11.2336,9.3006,12.5711
002339.SZ,20220423,20211231,-14.9309,-138.0144,37.7276,-2.8421
300922.SZ,20220422,20211231,11.0244,11.7571,29.5723,8.3801
002230.SZ,20220422,20211231,29.7018,2.2444,31.9705,6.6471
300933.SZ,20220422,20211231,2.8325,-27.8556,58.4491,6.7208
600831.SH,20220422,20211231,27.6146,-42.8911,9.5997,1.0367
000598.SZ,20220422,20211231,36.4245,1.3704,57.3814,11.4089
300046.SZ,20220422,20211231,-66.2449,-1181.683,26.6961,4.3643
002979.SZ,20220422,20211231,9.0214,1.8954,14.7184,18.8686
688105.SH,20220422,20211231,36.0846,-40.8828,54.7463,23.5889
603871.SH,20220422,20211231,57.8868,21.7942,20.9849,13.1537
688212.SH,20220422,20211231,5.6719,-21.6823,30.3442,5.3526
300358.SZ,20220422,20211231,14.7854,8.8205,21.2901,16.0609
300298.SZ,20220422,20211231,25.9727,-42.6784,47.2719,3.4817
603969.SH,20220422,20211231,-4.0112,-72.0642,-12.2984,7.424
000925.SZ,20220422,20211231,-0.3106,70.2271,84.319,7.616
300526.SZ,20220422,20211231,-63.2319,12.6348,-91.7261,-42.8099
688131.SH,20220422,20211231,22.8843,-18.6554,13.6171,15.0832
600739.SH,20220422,20211231,6.471,17.208,13.6674,8.2103
600336.SH,20220423,20211231,7.4332,-83.0176,3.6338,6.9768
836239.BJ,20220423,20211231,32.1605,15.4079,-2.4289,30.7528
002270.SZ,20220422,20211231,-6.8264,19.0009,2.0182,6.6025
002851.SZ,20220422,20211231,34.0894,-45.0924,5.2512,8.4134
300966.SZ,20220422,20211231,-2.4828,10.3056,39.1742,7.8317
300888.SZ,20220422,20211231,-26.3491,-79.513,19.9022,9.7403
301098.SZ,20220422,20211231,-11.927,-17.9358,4.7045,9.8287
300809.SZ,20220422,20211231,-30.1334,-88.5129,-22.8755,3.2177
600497.SH,20220422,20211231,3.1768,-148.0743,20.2021,6.4217
002274.SZ,20220422,20211231,23.7139,23.3425,11.6186,44.2628
603568.SH,20220423,20211231,-13.2928,-3.2273,37.9468,22.6521
601928.SH,20220423,20211231,-10.5698,33.8786,30.5362,8.8912
300850.SZ,20220422,20211231,-23.4248,-31.0508,29.4808,19.5548
002737.SZ,20220422,20211231,15.1409,13.5885,32.6,17.6591
838030.BJ,20220422,20211231,4.7663,66.7423,7.6355,8.8742
002694.SZ,20220422,20211231,-20.5171,-138.4153,5.9156,-125.1692
300373.SZ,20220422,20211231,49.4927,75.6375,32.8421,17.7385
603619.SH,20220422,20211231,64.6923,112.9269,43.9264,3.2562
688138.SH,20220422,20211231,50.8603,-1.3314,24.8222,2.7484
300681.SZ,20220422,20211231,196.4421,159.3205,-4.8619,2.119
600903.SH,20220423,20211231,11.7167,-59.835,6.1702,5.6359
300479.SZ,20220422,20211231,-8.2252,-2708.3153,67.7925,-24.9174
688173.SH,20220422,20211231,6.5941,92.7525,15.2377,3.4436
000539.SZ,20220422,20211231,20.0252,-704.0234,-27.0746,-11.4937
301072.SZ,20220422,20211231,-9.0389,-72.4276,-1.7712,5.6828
300978.SZ,20220422,20211231,3.0499,-55.4469,8.603,5.7068
002268.SZ,20220422,20211231,-10.7637,-10.4463,129.309,3.4896
600365.SH,20220423,20211231,15.6744,145.4783,-60.9742,0.7717
600592.SH,20220423,20211231,-0.2025,217.3109,58.5256,2.718
301091.SZ,20220422,20211231,-10.807,-11.6318,59.2176,11.1826
301083.SZ,20220422,20211231,5.6083,-27.0828,33.8652,9.7717
301177.SZ,20220422,20211231,25.5006,23.4448,33.2375,31.2716
301186.SZ,20220422,20211231,-22.1588,-66.4654,-15.3223,5.1894
002068.SZ,20220422,20211231,7.4788,-141.5666,-3.9985,13.8771
600461.SH,20220422,20211231,26.004,27.5867,28.5085,13.9346
300566.SZ,20220422,20211231,35.2698,-63.7073,-12.2762,7.532
603867.SH,20220422,20211231,6.3421,76.0761,9.6207,11.4689
600328.SH,20220422,20211231,25.454,-4.5641,3.5626,20.5145
600693.SH,20220422,20211231,-13.4236,650.7469,78.5134,1.0192
000632.SZ,20220422,20211231,-37.7373,-97.0588,11.7567,1.4633
835670.BJ,20220423,20211231,-44.5118,-58.5346,55.1287,4.6601
000828.SZ,20220422,20211231,963.7717,-42.7187,8.5636,11.0266
300368.SZ,20220422,20211231,-9.8532,-107.3795,35.2036,-6.1164
002218.SZ,20220422,20211231,-10.3893,27.2646,26.8216,3.8614
603816.SH,20220422,20211231,24.1564,359.6125,20.7229,19.3349
002427.SZ,20220422,20211231,27.6077,-81.4017,1.3618,
300884.SZ,20220422,20211231,10.0186,-30.5743,36.9308,6.1904
688456.SH,20220422,20211231,51.0691,-64.0132,9.8537,5.9939
002544.SZ,20220422,20211231,-1.5735,-53.83,27.2538,3.3577
301089.SZ,20220422,20211231,-10.3403,-100.625,-14.4933,7.8924
300383.SZ,20220422,20211231,0.622,-34.1532,30.0446,7.7085
300072.SZ,20220422,20211231,-74.1648,162.8499,115.2621,0.0703
688655.SH,20220422,20211231,-7.5662,-64.628,20.8723,11.2525
603533.SH,20220423,20211231,-16.1994,-98.1012,-5.6624,7.6028
603416.SH,20220423,20211231,1.7873,-13.6789,32.269,16.1251
688089.SH,20220423,20211231,16.0506,34.9258,49.3238,6.1823
002521.SZ,20220423,20211231,10.4128,-88.6774,5.8592,3.5667
002204.SZ,20220422,20211231,13.3974,60.2561,14.2052,0.9191
300875.SZ,20220422,20211231,-25.2488,-109.0779,72.2228,0.8449
600983.SH,20220422,20211231,-13.492,-910.6995,-11.1113,-20.5119
300500.SZ,20220422,20211231,13.931,210.8441,19.7968,7.5709
300810.SZ,20220422,20211231,-11.36,-84.5209,-35.6882,-0.3716
002127.SZ,20220422,20211231,-20.4414,-84.1444,59.9711,8.3876
300306.SZ,20220422,20211231,6.7799,582.6909,56.6474,4.952
603067.SH,20220422,20211231,88.2754,173.3605,0.4984,17.6382
600356.SH,20220422,20211231,12.5228,-119.939,10.585,3.719
603931.SH,20220422,20211231,53.9275,102.2946,4.7026,10.905
600599.SH,20220423,20211231,38.7546,-52.3468,41.7163,9.473
002093.SZ,20220423,20211231,2.7811,323.2118,0.522,2.3627
002885.SZ,20220423,20211231,49.6064,98.0307,-1.8559,-2.1973
300022.SZ,20220423,20211231,-18.6622,274.687,16.9398,5.0418
300937.SZ,20220422,20211231,29.7697,-121.2172,1.895,-0.3035
300750.SZ,20220422,20211231,203.2092,267.4065,24.953,18.0773
688198.SH,20220422,20211231,8.5485,-9.5471,30.6889,3.9102
300166.SZ,20220422,20211231,5.595,-22.4729,34.3558,4.1937
300213.SZ,20220422,20211231,22.4728,173.9498,36.1685,4.8702
002878.SZ,20220422,20211231,31.6853,-24.7976,22.6277,11.6131
002969.SZ,20220422,20211231,50.4283,59.06,9.795,7.0822
600230.SH,20220422,20211231,16.5532,-87.6323,12.2752,5.5341
600572.SH,20220422,20211231,11.9732,2082.4635,21.4223,2.6176
600367.SH,20220422,20211231,54.552,83.6403,15.078,17.2082
688038.SH,20220422,20211231,-20.2302,-20.1154,5.0955,4.7171
300683.SZ,20220423,20211231,26.6529,162.197,5.2607,0.2773
300783.SZ,20220423,20211231,5.3622,-184.0484,6.7279,14.6809
300669.SZ,20220423,20211231,12.1229,-10.1077,24.1971,6.5599
300502.SZ,20220422,20211231,58.6285,31.4509,-0.8685,16.1464
002633.SZ,20220422,20211231,69.4406,43.4899,-3.8888,-3.3657
000829.SZ,20220422,20211231,22.1306,-2.5421,-8.2145,7.5192
603579.SH,20220422,20211231,21.4982,43.1305,38.6972,7.8373
300388.SZ,20220422,20211231,13.4762,55.8231,38.8462,7.6117
300716.SZ,20220422,20211231,-21.8192,-39.9029,3.1855,-65.008
300832.SZ,20220422,20211231,4.3136,27.9079,49.4951,16.952
600163.SH,20220422,20211231,-9.7054,-6.7832,51.5468,15.1859
603177.SH,20220422,20211231,41.7503,17.0538,-45.0148,-23.3586
688378.SH,20220422,20211231,-78.3709,-129.8627,405.3167,4.8386
603698.SH,20220422,20211231,26.0075,-39.6972,-14.1403,3.1808
603799.SH,20220423,20211231,97.2283,219.7199,-18.9623,26.2986
002394.SZ,20220423,20211231,-62.8497,-89.9261,-45.6738,4.2528
605399.SH,20220423,20211231,142.1713,358.0229,19.7656,38.2835
300095.SZ,20220423,20211231,-3.6078,-197.6966,0.6012,7.7382
002606.SZ,20220422,20211231,38.3861,337.1889,-37.3675,11.7945
002787.SZ,20220422,20211231,18.5721,-275.1934,52.0139,0.2062
002668.SZ,20220422,20211231,4.7132,101.9148,41.8573,-18.0443
300943.SZ,20220422,20211231,-13.3502,-16.1443,52.3194,9.1612
603348.SH,20220422,20211231,0.0536,193.3515,4.0876,3.268
002826.SZ,20220422,20211231,4.0248,5.6036,19.4258,5.5014
301133.SZ,20220422,20211231,24.7945,-46.0265,26.839,6.5642
002524.SZ,20220422,20211231,-12.2394,-173.8412,43.3764,-21.2134
002642.SZ,20220422,20211231,29.6733,103.9508,16.2109,0.9476
300958.SZ,20220422,20211231,-28.2429,1.8159,15.1709,8.368
300592.SZ,20220422,20211231,13111.786,-65.2388,16.9151,-7.8704
002550.SZ,20220423,20211231,0.3955,96.8218,19.0495,5.9111
002638.SZ,20220423,20211231,-42.7346,-895.0805,17.4908,-28.2289
300062.SZ,20220423,20211231,11.7351,-68.2214,11.5759,2.2935
600997.SH,20220423,20211231,28.9448,-24.1596,25.4887,14.2513
300193.SZ,20220423,20211231,-10.5503,-30.1933,13.6672,7.217
300797.SZ,20220422,20211231,-7.4085,-60.3363,51.4836,7.4917
301061.SZ,20220422,20211231,-1.9245,21.2716,24.5453,17.7763
300222.SZ,20220422,20211231,-0.6376,28.0783,34.8628,-24.039
688195.SH,20220422,20211231,23.8553,-10.1536,36.588,6.285
002510.SZ,20220422,20211231,60.8116,67.3908,17.9357,-12.7997
301092.SZ,20220422,20211231,-49.0971,-94.9245,9.3543,6.961
605296.SH,20220422,20211231,-21.0027,-91.8077,64.5504,7.0622
000709.SZ,20220422,20211231,3.4722,-40.5824,-28.3533,4.0088
603439.SH,20220422,20211231,21.7291,-10.9155,1.7905,13.5048
300503.SZ,20220422,20211231,0.7363,-80.4009,38.8965,9.4224
002116.SZ,20220422,20211231,12.6454,-0.838,8.7122,10.2556
603569.SH,20220423,20211231,-0.1867,9.2923,8.8356,2.4262
300090.SZ,20220423,20211231,-48.5393,98.7977,-35.2823,
600859.SH,20220423,20211231,-0.3669,429.3671,23.242,6.1116
300849.SZ,20220423,20211231,38.2164,-383.5191,23.8056,0.3394
600674.SH,20220421,20211231,-2.7251,-32.0255,90.5582,10.0741
688262.SH,20220422,20211231,-11.393,-41.5073,57.677,2.6744
300525.SZ,20220422,20211231,28.8284,43.2865,56.8566,14.2123
000785.SZ,20220422,20211231,18.9117,37.1564,32.3197,11.4709
002063.SZ,20220422,20211231,8.788,30.8757,86.1139,10.3067
600075.SH,20220422,20211231,18.9458,-45.29,39.628,17.1578
601226.SH,20220422,20211231,63.8716,136.012,12.381,6.4258
002688.SZ,20220422,20211231,5.1846,-205.8348,-3.147,3.9497
300915.SZ,20220422,20211231,3.1011,-50.9458,24.8348,6.2727
300906.SZ,20220422,20211231,11.885,-65.3217,19.9597,3.6508
688261.SH,20220422,20211231,100.3267,338.9487,31.9011,28.5383
603089.SH,20220422,20211231,30.8409,-95.7416,-2.2988,2.2258
603379.SH,20220422,20211231,122.787,3271.6773,1.6225,9.4246
300448.SZ,20220422,20211231,1.3093,-155.2045,42.0565,0.5695
002105.SZ,20220423,20211231,33.52,33.2632,16.036,32.7369
600865.SH,20220423,20211231,3.1416,-124.5291,90.0349,3.9854
000666.SZ,20220423,20211231,-2.5054,21.8094,281.5914,6.5823
300499.SZ,20220421,20211231,50.8817,-22.3971,16.8153,5.4993
300534.SZ,20220422,20211231,39.2888,-106.3009,17.664,-2.3486
002824.SZ,20220422,20211231,48.2333,68.1168,0.4566,20.7538
300726.SZ,20220422,20211231,0.3484,20.3728,66.0999,24.4897
300415.SZ,20220422,20211231,3.2527,-11.8418,5.8276,25.2868
001267.SZ,20220422,20211231,-22.2821,-19.5513,24.7616,6.3355
601229.SH,20220422,20211231,11.8342,-7.4576,-145.1663,11.1207
603113.SH,20220422,20211231,88.4055,-178.8537,-5.7404,9.4866
601360.SH,20220422,20211231,-35.542,-108.4125,9.6089,1.6937
002828.SZ,20220422,20211231,46.7867,-44.6103,10.9733,1.7444
688280.SH,20220422,20211231,25.6681,-16.0525,-95.2899,-34.6075
600429.SH,20220422,20211231,-6.949,-51.5551,11.7115,4.3851
605158.SH,20220422,20211231,27.9224,-166.261,19.1117,6.9098
300945.SZ,20220422,20211231,65.3192,7.1617,4.0622,9.2683
300703.SZ,20220422,20211231,11.3193,-338.3021,20.3857,0.0883
601311.SH,20220422,20211231,14.3933,-42.8473,15.7043,9.72
603066.SH,20220422,20211231,126.7119,137.1949,21.1498,7.7436
300328.SZ,20220423,20211231,17.5427,-1426.7388,-5.1832,-17.7098
600217.SH,20220423,20211231,-26.6482,-47.5973,58.6215,12.3715
300452.SZ,20220423,20211231,11.9362,-34.659,38.9659,12.9543
300549.SZ,20220423,20211231,-5.9815,-14.2483,14.6837,5.8698
300177.SZ,20220423,20211231,-20.8305,60.0536,28.1121,1.8195
300292.SZ,20220423,20211231,-17.6871,99.6437,26.8716,1.9224
300564.SZ,20220423,20211231,-4.0058,44.8774,72.2277,9.1543
002236.SZ,20220423,20211231,10.2003,-9.1208,25.9098,14.3044
600516.SH,20220423,20211231,15.3961,43.6109,-51.1404,5.1013
002424.SZ,20220423,20211231,5.7209,74.6662,1.6343,2.038
600072.SH,20220423,20211231,-38.1817,-103.3295,22.3105,1.9814
002657.SZ,20220423,20211231,-29.4607,-225.6818,28.6183,-3.6677
603590.SH,20220423,20211231,-17.5693,-74.1155,39.4123,3.8273
300836.SZ,20220423,20211231,30.164,-19338.0311,-8.0392,-2.5222
600594.SH,20220423,20211231,-24.3795,-241.4601,53.2557,5.4137
688228.SH,20220423,20211231,111.2809,5.4474,26.5986,3.5191
002099.SZ,20220423,20211231,33.5849,143.9884,-35.6156,1.059
300360.SZ,20220423,20211231,9.0604,41.1993,42.2975,11.3919
601965.SH,20220423,20211231,21.0983,-10.1153,54.2829,10.8317
300041.SZ,20220423,20211231,26.7951,-55.2314,12.5656,9.463
300825.SZ,20220423,20211231,25.7884,91.9639,27.2191,9.5142
301010.SZ,20220423,20211231,31.7081,11.8076,8.547,9.7527
002186.SZ,20220423,20211231,-17.3072,-51.0486,-29.2253,-16.7156
300689.SZ,20220423,20211231,52.9905,223.3897,9.9986,1.7188
002327.SZ,20220423,20211231,1.2515,-5.4433,55.9205,14.1805
600031.SH,20220423,20211231,-30.4531,-117.8901,9.0685,17.116
603829.SH,20220423,20211231,40.2392,36.062,5.6906,8.5482
002918.SZ,20220423,20211231,34.8029,-154.1982,2.3435,8.1842
300861.SZ,20220423,20211231,72.5768,69.685,21.6723,18.2831
601928.SH,20220423,20211231,-10.5698,33.8786,30.5362,8.8912
603533.SH,20220423,20211231,-16.1994,-98.1012,-5.6624,7.6028
300090.SZ,20220423,20211231,-48.5393,98.7977,-35.2823,
300140.SZ,20220423,20211231,-37.2889,34.768,20.3272,-23.6619
300376.SZ,20220423,20211231,29.1268,19.4298,37.792,8.0993
002712.SZ,20220423,20211231,-38.2208,100.7357,43.3266,1.4803
300439.SZ,20220423,20211231,-4.0201,27169.9065,53.2604,8.4051
603486.SH,20220423,20211231,56.6015,73.7963,26.5246,45.557
000890.SZ,20220423,20211231,109.1439,5899.5641,24.573,-81.1747
300400.SZ,20220423,20211231,13.1364,-322.3396,-25.8696,8.6563
002297.SZ,20220423,20211231,35.5182,-76.0933,50.8709,-0.6411
603156.SH,20220423,20211231,34.5444,17.3304,101.7515,14.5254
300856.SZ,20220423,20211231,40.5327,-52.8208,10.8355,7.4983
002925.SZ,20220423,20211231,-25.8217,-39.0313,28.4183,18.6013
000912.SZ,20220423,20211231,11.7381,-103.7958,31.129,7.1332
603100.SH,20220423,20211231,24.056,-33.7017,20.7533,13.3245
300698.SZ,20220423,20211231,-7.1469,-4420.7009,23.3194,0.4604
301009.SZ,20220423,20211231,-20.4351,-164.6312,19.2404,3.2961
300971.SZ,20220423,20211231,8.456,-59.3269,36.1993,10.6876
002956.SZ,20220423,20211231,6.8751,-115.8282,-3.1054,6.0102
002820.SZ,20220423,20211231,-11.774,-2057.5221,-16.6746,1.512
603042.SH,20220423,20211231,24.19,-70.9198,2.6112,-3.3153
600716.SH,20220423,20211231,-93.0993,-1242.1296,300.3075,0.5086
300676.SZ,20220423,20211231,-1.888,107.6913,44.6493,17.8395
300031.SZ,20220423,20211231,14.8253,-42.436,1.8222,11.0328
300017.SZ,20220423,20211231,7.5682,101.2866,24.159,-0.1752
600276.SH,20220423,20211231,-31.4237,-84.3938,12.6259,12.8251
300405.SZ,20220423,20211231,14.9841,104.132,-10.5829,0.6793
000682.SZ,20220423,20211231,26.4333,37.5157,38.3621,7.2689
300321.SZ,20220423,20211231,29.2844,-210.3771,23.4039,-0.0967
300621.SZ,20220423,20211231,37.3741,-93.02,6.8719,1.845
300441.SZ,20220423,20211231,-12.9293,132.3035,25.0573,16.7481
002609.SZ,20220423,20211231,0.9255,-3.1858,19.7915,6.363
000825.SZ,20220423,20211231,39.7361,-173.2513,15.6395,18.5036
002322.SZ,20220423,20211231,-13.6507,-463.6198,59.5464,1.6944
300253.SZ,20220423,20211231,10.2792,-58.8323,62.6684,4.4046
002144.SZ,20220423,20211231,17.4666,-609.1952,19.0704,0.6902
600172.SH,20220423,20211231,39.8705,100.2929,31.0677,3.5591
300661.SZ,20220423,20211231,110.6484,203.7427,45.4061,33.2262
002840.SZ,20220423,20211231,-22.1605,-544.9903,6.5312,-14.6505
600666.SH,20220423,20211231,51.6468,37.2887,-0.7001,
600149.SH,20220423,20211231,31.9501,51.4266,62.4927,0.703
601888.SH,20220423,20211231,4.109,-60.925,28.6384,36.7196
300950.SZ,20220423,20211231,-3.7617,-46.9072,20.4143,7.0044
002223.SZ,20220423,20211231,-15.6287,-47.4319,7.1662,16.7917
300761.SZ,20220423,20211231,14.2552,58.0591,6.8018,-7.3146
300088.SZ,20220423,20211231,4.4513,179.1272,33.5196,11.3808
300359.SZ,20220423,20211231,-18.299,-113.6106,56.7414,-1.0037
002214.SZ,20220423,20211231,-76.467,-254.3354,143.7587,5.5882
600779.SH,20220423,20211231,14.0499,-13.432,15.2347,51.007
300805.SZ,20220423,20211231,-35.8854,-195.8405,11.7707,-2.572
300951.SZ,20220423,20211231,-18.8854,-23.2373,32.759,18.9804
300487.SZ,20220423,20211231,26.4627,92.9405,72.5809,15.8808
603050.SH,20220423,20211231,6.9891,-84.8003,16.309,1.5385
000419.SZ,20220423,20211231,-1.9113,-4.9086,51.9665,3.6577
300512.SZ,20220423,20211231,75.3624,25734.5225,-0.2323,7.8103
300860.SZ,20220423,20211231,-2.9006,-112.6331,86.8727,0.7436
688311.SH,20220423,20211231,-3.8233,15.7028,66.0221,6.8239
603703.SH,20220423,20211231,26.7728,-3318.3362,-1.1725,0.7829
600392.SH,20220423,20211231,7.0724,38.6128,24.399,12.0749
002279.SZ,20220423,20211231,17.6155,-109.4582,37.2708,-14.3798
605122.SH,20220423,20211231,62.2895,-54.5002,-24.5365,7.3809
002757.SZ,20220423,20211231,11.1099,-30.6924,18.2961,12.6713
300636.SZ,20220423,20211231,70.7887,52.5627,18.6994,9.2912
601777.SH,20220423,20211231,37.4983,-99.8286,-42.035,-0.3606
601168.SH,20220423,20211231,25.0781,781.7086,15.4577,23.2548
300147.SZ,20220423,20211231,27.0924,-1325.9658,12.1498,-22.2667
002328.SZ,20220423,20211231,-13.4041,188.0374,0.0171,3.3264
003010.SZ,20220423,20211231,14.2417,-172.2744,12.4459,1.8222
300191.SZ,20220423,20211231,0.1334,53.6965,9.2384,2.7975
688618.SH,20220423,20211231,25.0266,14.2604,12.6646,6.4904
300610.SZ,20220423,20211231,-8.2211,-23.5531,23.9185,14.0931
300701.SZ,20220423,20211231,-15.8569,-20.8505,39.6382,12.6647
600773.SH,20220423,20211231,9.7596,-18.649,-7.5143,3.367
301021.SZ,20220423,20211231,-21.418,-76.1896,8.0045,6.6342
600227.SH,20220423,20211231,-26.9009,-1331.3037,12.6184,-1.7923
600990.SH,20220423,20211231,-36.7744,-11.3163,42.2457,4.8072
300118.SZ,20220423,20211231,11.6329,17.8105,3.5723,-7.6481
300287.SZ,20220423,20211231,88.9453,72.8623,25.3772,-12.2338
603023.SH,20220423,20211231,5.0339,-13.6166,28.5275,0.7942
300303.SZ,20220423,20211231,-2.6477,5.5855,0.0455,7.8133
300278.SZ,20220423,20211231,64.2447,147.664,-0.4635,-69.2611
300187.SZ,20220423,20211231,29.0367,195.1646,48.4894,3.9148
300624.SZ,20220423,20211231,5.6362,181.8347,19.8206,1.2135
300604.SZ,20220423,20211231,45.7494,79.5549,34.1111,13.5387
000151.SZ,20220423,20211231,43.3258,114.8086,3.1289,-6.9298
300887.SZ,20220423,20211231,32.0839,13.9327,23.2116,9.9055
000530.SZ,20220423,20211231,-13.7059,-1438.4356,-0.9924,-11.1328
600823.SH,20220423,20211231,-55.4177,-148.8683,-395.096,3.9994
688396.SH,20220423,20211231,11.1661,110.9123,42.3513,15.0584
300628.SZ,20220423,20211231,45.6486,46.861,43.7412,24.7613
688110.SH,20220423,20211231,81.0264,2912.5849,24.0761,11.8133
300355.SZ,20220423,20211231,13.783,-40.4532,26.9925,6.185
300523.SZ,20220423,20211231,-0.124,-82.1742,18.9134,-11.6347
688313.SH,20220423,20211231,46.971,1318.5247,11.0914,0.8794
002305.SZ,20220423,20211231,49.8594,-223.8764,199.0777,-32.3232
601699.SH,20220423,20211231,81.7208,53.6263,25.8137,25.1884
300084.SZ,20220423,20211231,6.2094,-6964.4463,30.6266,-24.5445
300593.SZ,20220423,20211231,65.9771,43.9443,11.8805,28.2958
300173.SZ,20220423,20211231,-2.217,-7192.0403,18.9288,-23.8444
300433.SZ,20220423,20211231,4.4739,-183.8007,20.6968,2.9146
300642.SZ,20220423,20211231,-8.428,-36.1109,0.6986,9.2332
002385.SZ,20220423,20211231,4.4938,-215.7937,7.1762,-7.8765
300381.SZ,20220423,20211231,24.7567,-591.3609,16.4834,-4.6433
600960.SH,20220423,20211231,-28.3714,-194.6587,9.1735,-2.3028
300144.SZ,20220423,20211231,-40.4265,93.7759,7.2868,3.5573
688023.SH,20220423,20211231,44.0546,68.1181,35.0685,-3.3437
600662.SH,20220423,20211231,-46.6046,13.898,36.7291,13.067
688223.SH,20220423,20211231,70.2798,46.3076,24.2167,4.072
600025.SH,20220423,20211231,3.3464,100.0937,84.7313,8.9382
688017.SH,20220423,20211231,82.9512,154.3554,-21.1406,8.3634
605179.SH,20220423,20211231,8.6196,-223.1695,21.3561,0.5776
688109.SH,20220423,20211231,30.5118,-26.9473,23.7444,7.5041
300775.SZ,20220423,20211231,91.6777,72.2301,48.4087,18.493
600593.SH,20220423,20211231,-77.4158,-2226.6731,-95.2461,-36.9635
002701.SZ,20220423,20211231,5.7101,-70.6253,2.256,11.2879
300549.SZ,20220423,20211231,-5.9815,-14.2483,14.6837,5.8698
603779.SH,20220423,20211231,9.5375,-649.1501,32.9785,-40.2447
002091.SZ,20220423,20211231,47.861,25.2717,10.2678,12.1762
300177.SZ,20220423,20211231,-20.8305,60.0536,28.1121,1.8195
300292.SZ,20220423,20211231,-17.6871,99.6437,26.8716,1.9224
300564.SZ,20220423,20211231,-4.0058,44.8774,72.2277,9.1543
002236.SZ,20220423,20211231,10.2003,-9.1208,25.9098,14.3044
600516.SH,20220423,20211231,15.3961,43.6109,-51.1404,5.1013
002424.SZ,20220423,20211231,5.6719,-553.2369,1.635,0.7685
600072.SH,20220423,20211231,-38.1817,-103.3295,22.3105,1.9814
002657.SZ,20220423,20211231,-29.4607,-225.6818,28.6183,-3.6677
603590.SH,20220423,20211231,-17.5693,-74.1155,39.4123,3.8273
300836.SZ,20220423,20211231,30.164,-19338.0311,-8.0392,-2.5222
600594.SH,20220423,20211231,-24.3795,-284.9297,53.2557,5.6984
688228.SH,20220423,20211231,111.2809,5.4474,26.5986,3.5191
002099.SZ,20220423,20211231,33.5849,143.9884,-35.6156,1.059
300360.SZ,20220423,20211231,9.0604,41.1993,42.2975,11.3919
601965.SH,20220423,20211231,21.0983,-10.1153,54.2829,10.8317
300041.SZ,20220423,20211231,26.7951,-55.2314,12.5656,9.463
300825.SZ,20220423,20211231,25.7884,91.9639,27.2191,9.5142
603221.SH,20220423,20211231,-3.0949,-89.3714,-6.6024,-0.3186
000823.SZ,20220423,20211231,12.9711,-19.4043,13.1826,9.1658
601918.SH,20220423,20211231,76.6658,35.8062,28.6121,29.4497
002222.SZ,20220423,20211231,15.0843,43.2201,37.1905,15.7492
300412.SZ,20220423,20211231,-23.7495,1.5691,30.3283,1.9117
002613.SZ,20220423,20211231,101.3572,2068.902,-1.0544,2.3125
603833.SH,20220423,20211231,20.5994,-9.8438,18.3932,19.0653
300689.SZ,20220423,20211231,52.9905,223.3897,9.9986,1.7188
002327.SZ,20220423,20211231,1.2515,-5.4433,55.9205,14.1805
002381.SZ,20220423,20211231,8.6584,-88.8619,12.5539,5.952
300107.SZ,20220423,20211231,48.335,149.2646,36.8682,0.3572
603266.SH,20220423,20211231,11.9256,-16.013,16.7024,7.8265
300183.SZ,20220423,20211231,-0.2876,-23.741,33.5557,3.7395
301088.SZ,20220423,20211231,-10.995,-37.1345,22.0739,10.0574
002062.SZ,20220423,20211231,-25.2878,-21.427,4.1241,10.5833
002612.SZ,20220423,20211231,15.3188,-68.2284,9.1586,6.2243
601399.SH,20220423,20211231,-3.9409,112.7651,13.2962,1.5751
002112.SZ,20220423,20211231,-11.8168,-13.494,14.1611,3.358
300994.SZ,20220423,20211231,24.823,-5.4817,0.2897,25.0044
600698.SH,20220423,20211231,-48.0757,26.7472,40.5215,-0.4148
000416.SZ,20220423,20211231,-76.6597,-27.0833,1290.7772,0.4218
600397.SH,20220423,20211231,-51.7905,3812.3562,6.8106,4.8403
002497.SZ,20220423,20211231,73.0474,134.2249,28.2262,15.9764
002326.SZ,20220423,20211231,22.5919,11.2336,9.3006,12.5711
002339.SZ,20220423,20211231,-14.9309,-138.0144,37.7276,-2.8421
600336.SH,20220423,20211231,7.4332,-83.0176,3.6338,6.9768
836239.BJ,20220423,20211231,32.1605,15.4079,-2.4289,30.7528
603829.SH,20220423,20211231,40.2392,36.062,5.6906,8.5482
002918.SZ,20220423,20211231,34.8029,-154.1982,2.3435,8.1842
603568.SH,20220423,20211231,-13.2928,-3.2273,37.9468,22.6521
600903.SH,20220423,20211231,11.7167,-59.835,6.1702,5.6359
600365.SH,20220423,20211231,15.6744,145.4783,-60.9742,0.7717
600592.SH,20220423,20211231,-3.3911,217.3109,60.4573,2.718
603416.SH,20220423,20211231,1.7873,-13.6789,32.269,16.1251
688089.SH,20220423,20211231,16.0506,34.9258,49.3238,6.1823
002521.SZ,20220423,20211231,10.4128,-88.6774,5.8592,3.5667
600599.SH,20220423,20211231,38.7546,-52.3468,41.7163,9.473
002093.SZ,20220423,20211231,2.7811,323.2118,0.522,2.3627
002885.SZ,20220423,20211231,49.6064,98.0307,-1.8559,-2.1973
300022.SZ,20220423,20211231,-18.6622,274.687,16.9398,5.0418
300683.SZ,20220423,20211231,26.6529,162.197,5.2607,0.2773
300783.SZ,20220423,20211231,5.3622,-184.0484,6.7279,14.6809
300669.SZ,20220423,20211231,12.1229,-10.1077,24.1971,6.5599
603799.SH,20220423,20211231,97.2283,219.7199,-18.9623,26.2986
002394.SZ,20220423,20211231,-62.8497,-89.9261,-45.6738,4.2528
605399.SH,20220423,20211231,142.1713,358.0229,19.7656,38.2835
300095.SZ,20220423,20211231,-3.6078,-197.6966,0.6012,7.7382
002550.SZ,20220423,20211231,0.3955,96.8218,19.0495,5.9111
002638.SZ,20220423,20211231,-42.7346,-895.0805,17.4908,-28.2289
300062.SZ,20220423,20211231,11.7351,-68.2214,11.5759,2.2935
600997.SH,20220423,20211231,28.9448,-24.1596,25.4887,14.2513
300193.SZ,20220423,20211231,-10.5503,-30.1933,13.6672,7.217
603569.SH,20220423,20211231,-0.1867,9.2923,8.8356,2.4262
600859.SH,20220423,20211231,-0.3669,429.3671,23.242,6.1116
300849.SZ,20220423,20211231,38.2164,-383.5191,23.8056,0.3394
002105.SZ,20220423,20211231,33.52,33.2632,16.036,32.7369
600865.SH,20220423,20211231,3.1416,-124.5291,90.0349,3.9854
000666.SZ,20220423,20211231,-2.5054,21.8094,281.5914,6.5823
300328.SZ,20220423,20211231,17.5427,-1426.7388,-5.1832,-17.7098
600217.SH,20220423,20211231,-26.6482,-47.5973,58.6215,12.3715
300452.SZ,20220423,20211231,11.9362,-34.659,38.9659,12.9543
300140.SZ,20220423,20211231,-37.2889,34.768,20.3272,-23.6619
300376.SZ,20220423,20211231,129.8373,25.012,-14.4937,8.0164
002712.SZ,20220423,20211231,-38.2208,100.7357,43.3266,1.4803
300439.SZ,20220423,20211231,-4.0201,27169.9065,53.2604,8.4051
603486.SH,20220423,20211231,56.6015,73.7963,26.5246,45.557
000890.SZ,20220423,20211231,109.1439,5899.5641,24.573,-81.1747
300400.SZ,20220423,20211231,13.1364,-322.3396,-25.8696,8.6563
002297.SZ,20220423,20211231,35.5182,-76.0933,50.8709,-0.6411
603156.SH,20220423,20211231,34.5444,17.3304,101.7515,14.5254
300856.SZ,20220423,20211231,40.5327,-52.8208,10.8355,7.4983
002925.SZ,20220423,20211231,-25.8217,-39.0313,28.4183,18.6013
000912.SZ,20220423,20211231,11.7381,-103.7958,31.129,7.1332
603100.SH,20220423,20211231,24.056,-33.7017,20.7533,13.3245
300698.SZ,20220423,20211231,-7.1469,-4420.7009,23.3194,0.4604
301009.SZ,20220423,20211231,-20.4351,-164.6312,19.2404,3.2961
300971.SZ,20220423,20211231,8.456,-59.3269,36.1993,10.6876
002956.SZ,20220423,20211231,6.8751,-115.8282,-3.1054,6.0102
002820.SZ,20220423,20211231,-11.774,-2057.5221,-16.6746,1.512
603042.SH,20220423,20211231,24.19,-70.9198,2.6112,-3.3153
600716.SH,20220423,20211231,-93.0993,-1242.1296,300.3075,0.5086
300031.SZ,20220423,20211231,14.8253,-42.436,1.8222,11.0328
300017.SZ,20220423,20211231,7.5682,101.2866,24.159,-0.1752
600276.SH,20220423,20211231,-31.4237,-84.3938,12.6259,12.8251
300405.SZ,20220423,20211231,14.9841,104.132,-10.5829,0.6793
000682.SZ,20220423,20211231,26.4333,37.5157,38.3621,7.2689
300321.SZ,20220423,20211231,29.2844,-210.3771,23.4039,-0.0967
300621.SZ,20220423,20211231,37.3741,-93.02,6.8719,1.845
300441.SZ,20220423,20211231,-12.9293,132.3035,25.0573,16.7481
002609.SZ,20220423,20211231,0.9255,-3.1858,19.7915,6.363
000825.SZ,20220423,20211231,39.7361,-173.2513,15.6395,18.5036
002144.SZ,20220423,20211231,17.4666,-609.1952,19.0704,0.6902
600172.SH,20220423,20211231,39.8705,100.2929,31.0677,3.5591
300661.SZ,20220423,20211231,110.6484,203.7427,45.4061,33.2262
002840.SZ,20220423,20211231,-22.1605,-544.9903,6.5312,-14.6505
600666.SH,20220423,20211231,51.6468,37.2887,-0.7001,
600149.SH,20220423,20211231,31.9501,51.4266,62.4927,0.703
601888.SH,20220423,20211231,4.109,-60.925,28.6384,36.7196
300950.SZ,20220423,20211231,-3.7617,-46.9072,20.4143,7.0044
002223.SZ,20220423,20211231,-15.6287,-47.4319,7.1662,16.7917
300761.SZ,20220423,20211231,14.2552,58.0591,6.8018,-7.3146
300088.SZ,20220423,20211231,4.4513,179.1272,33.5196,11.3808
300359.SZ,20220423,20211231,-18.299,-113.6106,56.7414,-1.0037
002214.SZ,20220423,20211231,-76.467,-254.3354,143.7587,5.5882
600779.SH,20220423,20211231,14.0499,-13.432,15.2347,51.007
300805.SZ,20220423,20211231,-35.8854,-195.8405,11.7707,-2.572
300951.SZ,20220423,20211231,-18.8854,-23.2373,32.759,18.9804
300487.SZ,20220423,20211231,26.4627,92.9405,72.5809,15.8808
603050.SH,20220423,20211231,6.9891,-84.8003,16.309,1.5385
000419.SZ,20220423,20211231,-1.9113,-4.9086,51.9665,3.6577
300512.SZ,20220423,20211231,75.3624,25734.5225,-0.2323,7.8103
688311.SH,20220423,20211231,-3.8233,15.7028,66.0221,6.8239
603703.SH,20220423,20211231,26.7728,-3318.3362,-1.1725,0.7829
600392.SH,20220423,20211231,7.0724,38.6128,24.399,12.0749
002279.SZ,20220423,20211231,17.6155,-109.4582,37.2708,-14.3798
605122.SH,20220423,20211231,62.2895,-54.5002,-24.5365,7.3809
002757.SZ,20220423,20211231,11.1099,-30.6924,18.2961,12.6713
300636.SZ,20220423,20211231,70.7887,52.5627,18.6994,9.2912
601777.SH,20220423,20211231,37.4983,-99.8286,-42.035,-0.3606
601168.SH,20220423,20211231,25.0781,781.7086,15.4577,23.2548
300147.SZ,20220423,20211231,27.0924,-817.3651,12.106,-22.2482
002328.SZ,20220423,20211231,-13.4041,188.0374,0.0171,3.3264
003010.SZ,20220423,20211231,14.2417,-172.2744,12.4459,1.8222
300191.SZ,20220423,20211231,0.1334,53.6965,9.2384,2.7975
688618.SH,20220423,20211231,25.0266,14.2604,12.6646,6.4904
300610.SZ,20220423,20211231,-8.2211,-23.5531,23.9185,14.0931
300701.SZ,20220423,20211231,-15.8569,-20.8505,39.6382,12.6647
600773.SH,20220423,20211231,9.7596,-18.649,-7.5143,3.367
301021.SZ,20220423,20211231,-21.418,-76.1896,8.0045,6.6342
600227.SH,20220423,20211231,-26.9009,-1331.3037,12.6184,-1.8049
831039.BJ,20220423,20211231,-6.818,-22.1726,-16.3431,13.297
002808.SZ,20220423,20211231,-67.2906,-1822.466,-12.8881,-34.1849
830799.BJ,20220423,20211231,35.6527,-14.0686,43.6845,11.7944
831370.BJ,20220423,20211231,-12.719,-68.3963,8.392,5.0581
600680.SH,20220423,20211231,-23.1567,-104.3672,-48.5097,-6.6261
600990.SH,20220423,20211231,-36.7744,-11.3163,42.2457,4.8072
300118.SZ,20220423,20211231,11.6329,17.8105,3.5723,-7.6481
300287.SZ,20220423,20211231,88.9453,72.8623,25.3772,-12.2338
603023.SH,20220423,20211231,5.0339,-13.6166,28.5275,0.7942
300303.SZ,20220423,20211231,-2.6477,5.5855,0.0455,7.8133
300187.SZ,20220423,20211231,29.0367,195.1646,48.4894,3.9148
300624.SZ,20220423,20211231,5.6362,181.8347,19.8206,1.2135
300604.SZ,20220423,20211231,45.7494,79.5549,34.1111,13.5387
000151.SZ,20220423,20211231,43.3258,114.8086,3.1289,-6.9298
300887.SZ,20220423,20211231,32.0839,13.9327,23.2116,9.9055
000530.SZ,20220423,20211231,-13.7059,-1438.4356,-0.9924,-11.1328
600823.SH,20220423,20211231,-55.4177,-148.8683,-395.096,3.9994
688396.SH,20220423,20211231,11.1661,110.9123,42.3513,15.0584
300628.SZ,20220423,20211231,45.6486,46.861,43.7412,24.7613
688110.SH,20220423,20211231,81.0264,2912.5849,24.0761,11.8133
300355.SZ,20220423,20211231,13.783,-40.4532,26.9925,6.185
300523.SZ,20220423,20211231,-0.124,-82.1742,18.9134,-11.6347
688313.SH,20220423,20211231,46.971,1318.5247,11.0914,0.8794
002305.SZ,20220423,20211231,49.8594,-223.8764,199.0777,-32.3232
601699.SH,20220423,20211231,81.7208,53.6263,25.8137,25.1884
300084.SZ,20220423,20211231,6.2094,-6964.4463,30.6266,-24.5445
300173.SZ,20220423,20211231,-2.217,-819.7723,18.9288,-22.7886
300433.SZ,20220423,20211231,4.4739,-183.8007,20.6968,2.9146
300642.SZ,20220423,20211231,-8.428,-36.1109,0.6986,9.2332
300381.SZ,20220423,20211231,24.7567,-591.3609,16.4834,-4.6433
300144.SZ,20220423,20211231,-40.4265,93.7759,7.2868,3.5573
600662.SH,20220423,20211231,-46.6046,13.898,36.7291,13.067
688223.SH,20220423,20211231,70.2798,46.3076,24.2167,4.072
600025.SH,20220423,20211231,3.3464,100.0937,84.7313,8.9382
688017.SH,20220423,20211231,82.9512,154.3554,-21.1406,8.3634
605179.SH,20220423,20211231,8.6196,-223.1695,21.3561,0.5776
688109.SH,20220423,20211231,30.5118,-26.9473,23.7444,7.5041
300775.SZ,20220423,20211231,91.6777,72.2301,48.4087,18.493
600593.SH,20220423,20211231,-77.4158,-2226.6731,-95.2461,-36.9635
002701.SZ,20220423,20211231,5.7101,-70.6253,2.256,11.2879
301110.SZ,20220425,20211231,-9.289,-11.3985,22.4841,41.0705
688102.SH,20220425,20211231,41.4353,106.266,59.5504,9.0083
300895.SZ,20220425,20211231,-49.742,-72.0353,-5.4707,3.996
300247.SZ,20220425,20211231,0.3511,80.8942,10.519,0.6074
300111.SZ,20220425,20211231,49.0613,60.7001,20.071,1.7429
300990.SZ,20220425,20211231,19.9466,-33.0902,6.6778,10.1279
301130.SZ,20220425,20211231,-4.5871,8.0258,41.7109,9.0334
688656.SH,20220425,20211231,4.9845,-36.2035,73.8861,15.0156
301101.SZ,20220425,20211231,-0.4438,-16.0291,48.8734,7.7072
300382.SZ,20220425,20211231,21.9612,378.6723,23.0156,8.6174
301019.SZ,20220425,20211231,0.8567,-22.1606,40.1634,15.3264
300413.SZ,20220425,20211231,-17.8679,-63.7858,6.3534,14.9505
301111.SZ,20220425,20211231,6.7485,-35.2532,5.8727,10.2386
001288.SZ,20220425,20211231,-5.9189,-39.6714,6.4861,5.6047
603085.SH,20220425,20211231,5.4561,-374.1782,9.7253,0.7504
600759.SH,20220425,20211231,74.7389,-312.4757,12.6538,0.0147
300670.SZ,20220425,20211231,9.2737,-5.8827,46.9355,4.1209
300163.SZ,20220425,20211231,51.4754,-181.8647,30.1671,-2.2744
301058.SZ,20220425,20211231,17.6337,-3.3895,30.8807,9.9151
300812.SZ,20220425,20211231,16.399,20.8945,17.3587,7.7495
002892.SZ,20220425,20211231,19.8373,-2.1677,0.1872,9.9473
300931.SZ,20220425,20211231,9.1353,1.4077,38.4157,5.1176
300837.SZ,20220425,20211231,12.8103,34.4139,20.0929,15.0228
301126.SZ,20220425,20211231,8.7571,-48.1228,23.9698,4.7796
603015.SH,20220425,20211231,-13.0343,-41.4765,32.9877,5.9113
300932.SZ,20220425,20211231,34.3635,-78.0112,9.4212,7.6032
300998.SZ,20220425,20211231,-7.3305,-8.1388,2.0889,2.9889
001234.SZ,20220425,20211231,17.6503,-12.5109,18.3583,21.4004
600872.SH,20220425,20211231,29.6997,68.9324,38.1764,16.9902
300982.SZ,20220425,20211231,43.6312,9.7719,32.7252,25.5084
300081.SZ,20220425,20211231,139.095,-17.5477,22.1404,-25.8885
603685.SH,20220425,20211231,-1.6781,-76.7862,6.8227,7.1253
300735.SZ,20220425,20211231,172.6792,382.8556,-2.7956,6.5857
002627.SZ,20220425,20211231,-5.0577,-6.9718,16.0114,3.3415
600645.SH,20220425,20211231,7.4422,86.3434,23.5315,1.605
300408.SZ,20220425,20211231,30.9049,-30.5239,-4.1124,13.54
300816.SZ,20220425,20211231,14.9422,-63.2558,17.566,4.5238
300221.SZ,20220425,20211231,36.9558,-82.8677,4.2971,3.4765
300030.SZ,20220425,20211231,-29.1236,65.6266,14.0485,0.2359
300902.SZ,20220425,20211231,-0.4237,-43.202,36.2017,1.6904
301026.SZ,20220425,20211231,55.6997,-31.5651,-15.8219,25.6249
301099.SZ,20220425,20211231,18.0264,-3.0533,23.7946,15.1818
603311.SH,20220425,20211231,10.0333,-97.3226,11.1924,7.5443
301001.SZ,20220425,20211231,-9.3227,-70.8398,-12.6574,7.3476
301093.SZ,20220425,20211231,26.3822,8.8934,61.3677,15.2126
600383.SH,20220425,20211231,4.222,12.8568,22.4316,14.3045
301031.SZ,20220425,20211231,54.1772,52.0548,1.7944,13.9591
301050.SZ,20220425,20211231,38.8749,-43.7226,3.578,14.1571
300758.SZ,20220425,20211231,31.5622,-28.7614,16.6618,10.3924
000012.SZ,20220425,20211231,5.5954,-62.8638,37.4489,13.3028
300450.SZ,20220425,20211231,139.2225,353.8709,17.4934,20.3182
300482.SZ,20220425,20211231,33.8974,-89.4517,46.2265,17.7739
301018.SZ,20220425,20211231,18.5209,-20.3543,8.6405,11.0132
002915.SZ,20220425,20211231,42.3068,-20.9653,22.0818,13.3901
300172.SZ,20220425,20211231,-14.3856,-61.2088,33.9018,4.3041
001296.SZ,20220425,20211231,-14.9043,-46.5889,37.071,6.9643
300941.SZ,20220425,20211231,-38.1511,-27.4921,107.7078,11.7538
300947.SZ,20220425,20211231,17.9626,-21.5784,82.0613,7.1768
300428.SZ,20220425,20211231,27.4087,-20.2379,-4.493,7.6546
300364.SZ,20220425,20211231,1.5573,1510.4585,8.0257,1.5541
300913.SZ,20220425,20211231,21.7529,32.5711,9.4057,9.3458
300425.SZ,20220425,20211231,10.622,-12.4849,8.9297,8.5869
300762.SZ,20220425,20211231,11.1324,32.1517,35.814,10.3687
300460.SZ,20220425,20211231,-27.5674,-415.3867,66.7208,11.5098
300780.SZ,20220425,20211231,62.9187,-26.6423,-117.3499,5.6827
300668.SZ,20220425,20211231,30.0938,-192.9621,19.3212,3.4423
002917.SZ,20220425,20211231,57.9979,-177.7838,14.4772,3.5509
300344.SZ,20220425,20211231,172.2083,90.1839,-68.5085,-2.5384
300632.SZ,20220425,20211231,-11.2584,-174.129,2.7177,1.4554
300637.SZ,20220425,20211231,43.0801,-104.7302,14.5702,1.169
300643.SZ,20220425,20211231,7.974,74.6135,17.5159,15.8393
300554.SZ,20220425,20211231,-2.5044,-2273.6801,-12.2665,-15.1318
300561.SZ,20220425,20211231,-55.6069,-416.4514,72.9036,1.0881
688793.SH,20220425,20211231,23.7664,-31.7753,7.5131,17.2374
300329.SZ,20220425,20211231,-11.8804,-1084.3139,19.584,-8.3315
301086.SZ,20220425,20211231,-9.235,-31.909,50.9176,11.9342
300197.SZ,20220425,20211231,-51.7415,-136.9132,16.99,-5.9878
301166.SZ,20220425,20211231,13.3491,11.4388,24.3714,8.1798
300012.SZ,20220425,20211231,8.1569,7.3532,50.9573,15.767
300076.SZ,20220425,20211231,-79.5799,-44.341,749.5537,-1.9108
300789.SZ,20220425,20211231,23.2387,3.3668,55.5106,7.5384
300248.SZ,20220425,20211231,8.2781,13.1051,49.6128,8.3184
300975.SZ,20220425,20211231,58.7631,40.1822,-8.805,16.8539
300040.SZ,20220425,20211231,0.6885,413.5237,37.0923,2.1773
300486.SZ,20220425,20211231,3.963,-82.3673,14.3298,2.5659
301193.SZ,20220425,20211231,14.9837,-34.2247,17.3972,5.696
688049.SH,20220425,20211231,-19.6934,-14.0547,19.8797,5.6317
300992.SZ,20220425,20211231,38.3295,-20.523,17.1485,8.8129
301077.SZ,20220425,20211231,10.2933,-12.9045,19.3087,12.1236
301024.SZ,20220425,20211231,1.0555,-76.1201,8.8167,7.2149
688246.SH,20220425,20211231,14.7297,11.8739,4.5127,3.6078
002716.SZ,20220425,20211231,953.9593,-99.5832,-65.5918,-5.1481
000899.SZ,20220425,20211231,-15.999,-828.5505,-10.7374,-4.7367
300806.SZ,20220425,20211231,31.8619,3.6381,19.6977,12.6446
300973.SZ,20220425,20211231,40.4284,16.5796,18.2899,20.4128
000430.SZ,20220425,20211231,-54.8724,-137.0361,-4.3029,-10.0208
300587.SZ,20220425,20211231,-12.9529,-79.9482,21.2671,14.5278
300430.SZ,20220425,20211231,-2.0591,4.9517,19.0378,4.9116
300738.SZ,20220425,20211231,13.262,-42.5415,52.6682,10.7131
603216.SH,20220425,20211231,11.0934,-26.7258,27.0905,16.4398
300645.SZ,20220425,20211231,18.1832,71.4937,60.0009,6.9141
301006.SZ,20220425,20211231,2.7309,-33.9419,50.1304,15.5979
300308.SZ,20220425,20211231,28.6488,19.3014,19.3781,7.5116
300163.SZ,20220425,20211231,51.4754,-181.8647,30.1671,-2.2744
301058.SZ,20220425,20211231,17.6337,-3.3895,30.8807,9.9151
301153.SZ,20220425,20211231,,,122.3673,31.3018
603311.SH,20220425,20211231,10.0333,-97.3226,11.1924,7.5443
002808.SZ,20220423,20211231,187.8763,-73.6512,-12.8881,-11.8721
002931.SZ,20220423,20211231,5.1385,-56.6483,30.4436,11.5056
300676.SZ,20220423,20211231,-1.888,107.6913,44.6493,17.8395
603256.SH,20220426,20211231,27.773,-24.9894,22.2702,7.6021
002870.SZ,20220426,20211231,393.9324,-332.1984,25.5659,18.3654
300877.SZ,20220426,20211231,-13.9027,-86.1526,15.0351,1.3161
300895.SZ,20220425,20211231,-49.742,-72.0353,-5.4707,3.996
300111.SZ,20220425,20211231,49.0613,60.7001,20.071,1.7429
300990.SZ,20220425,20211231,19.9466,-33.0902,6.6778,10.1279
603081.SH,20220426,20211231,19.1131,43.8641,-25.4103,15.1315
603278.SH,20220426,20211231,96.1484,142.7682,17.3776,2.4954
301042.SZ,20220426,20211231,-21.9648,-46.2142,65.8858,8.6847
600381.SH,20220426,20211231,-25.1751,12.7941,26.9262,-11.7727
002661.SZ,20220426,20211231,19.7158,-299.0813,9.5388,0.8184
688509.SH,20220426,20211231,-19.1919,-28.0391,39.0556,2.5352
603811.SH,20220426,20211231,-30.7433,-15.566,30.4121,16.8053
300749.SZ,20220426,20211231,29.0958,-1482.227,25.0251,-11.6481
301130.SZ,20220425,20211231,-4.5871,8.0258,41.7109,9.0334
605588.SH,20220426,20211231,-9.5071,9.5752,32.2377,12.8653
300139.SZ,20220426,20211231,-6.7894,92.6047,194.5527,2.2641
600615.SH,20220426,20211231,327.262,-118.6001,-20.3992,-0.4967
301101.SZ,20220425,20211231,-0.4438,-16.0291,48.8734,7.7072
603421.SH,20220426,20211231,63.6944,200.4098,26.0134,4.4233
300889.SZ,20220426,20211231,-33.8213,-115.3373,93.154,1.0238
300112.SZ,20220426,20211231,29.6869,-60.816,13.638,7.8128
603033.SH,20220426,20211231,47.6604,-103.2495,25.6888,3.7573
600177.SH,20220426,20211231,43.543,-18.4008,-53.9545,14.2122
603920.SH,20220426,20211231,59.3251,-39.6215,6.3268,7.3573
605580.SH,20220426,20211231,59.9627,13.3557,29.9376,19.6211
688680.SH,20220426,20211231,92.1323,22.9943,-17.698,15.931
603655.SH,20220426,20211231,-1.3748,-39.3133,12.9576,4.4981
002921.SZ,20220426,20211231,23.9025,-28.9321,-3.1429,7.2131
301019.SZ,20220425,20211231,0.8567,-22.1606,40.1634,15.3264
300413.SZ,20220425,20211231,-17.8679,-63.7858,6.3534,14.9505
301111.SZ,20220425,20211231,6.7485,-35.2532,5.8727,10.2386
002083.SZ,20220426,20211231,21.2774,1466.6186,7.8853,5.8525
603001.SH,20220426,20211231,-30.4605,-160.0448,40.5925,-0.3978
001288.SZ,20220425,20211231,-5.9189,-39.6714,6.4861,5.6047
603085.SH,20220425,20211231,5.4561,-374.1782,9.7253,0.7504
600759.SH,20220425,20211231,74.7389,-312.4757,12.6538,0.0147
300670.SZ,20220425,20211231,9.2737,-5.8827,46.9355,4.1209
603978.SH,20220426,20211231,37.5151,-1082.293,-20.7502,0.4339
002788.SZ,20220426,20211231,9.9414,43.0032,0.1096,11.9089
000731.SZ,20220426,20211231,45.836,497.5811,13.9108,17.2341
600824.SH,20220426,20211231,-12.8906,-102.3436,33.0384,-1.7666
601890.SH,20220426,20211231,15.1003,20.6363,28.6433,3.0788
002282.SZ,20220426,20211231,-3.8018,91.6016,19.6647,3.4516
605218.SH,20220426,20211231,-12.0264,-52.9434,2.2588,3.0947
600467.SH,20220426,20211231,-1.2129,6.4002,116.0278,0.7234
002892.SZ,20220425,20211231,19.8373,-2.1677,0.1872,9.9473
688299.SH,20220426,20211231,11.2415,-2.6679,21.8801,9.3146
002799.SZ,20220426,20211231,4.7632,-86.5409,11.3735,12.4804
600483.SH,20220426,20211231,-9.6833,-66.9007,19.25,7.5652
002185.SZ,20220426,20211231,31.032,52.4314,30.9506,9.3448
000650.SZ,20220426,20211231,5.9476,-30.1058,39.0359,11.8398
603032.SH,20220426,20211231,491.453,160.4425,26.3288,6.7175
600959.SH,20220426,20211231,-0.6093,149.2279,73.2808,-0.9179
603878.SH,20220426,20211231,11.5163,-34.872,3.7422,6.135
300931.SZ,20220425,20211231,9.1353,1.4077,38.4157,5.1176
300837.SZ,20220425,20211231,12.8103,34.4139,20.0929,15.0228
603015.SH,20220425,20211231,-13.0343,-41.4765,32.9877,5.9113
300932.SZ,20220425,20211231,34.3635,-78.0112,9.4212,7.6032
002756.SZ,20220426,20211231,70.4079,8497.5493,20.7547,16.8669
002364.SZ,20220426,20211231,17.2461,223.6191,14.1342,3.0375
002810.SZ,20220426,20211231,14.6246,0.5798,14.8813,22.8747
688390.SH,20220426,20211231,75.0169,1.3956,23.5855,15.7256
300720.SZ,20220426,20211231,5.4434,1.9949,33.9497,13.2111
600478.SH,20220426,20211231,17.6766,-98.1067,19.1119,0.6285
838924.BJ,20220426,20211231,,,68.277,13.8601
600438.SH,20220426,20211231,34.0929,721.9221,24.1582,24.9441
601011.SH,20220426,20211231,4.9326,-28.8943,29.763,2.4118
603059.SH,20220426,20211231,31.6339,593.7848,-31.1246,3.0496
603198.SH,20220426,20211231,14.2712,-0.3283,61.1238,23.2617
300983.SZ,20220426,20211231,-1.388,-13.6434,57.7743,14.3698
603232.SH,20220426,20211231,20.1661,12.9275,62.7079,2.4416
001234.SZ,20220425,20211231,17.6503,-12.5109,18.3583,21.4004
600872.SH,20220425,20211231,29.6997,68.9324,38.1764,16.9902
300982.SZ,20220425,20211231,43.6312,9.7719,32.7252,25.5084
603685.SH,20220425,20211231,-1.6781,-76.7862,6.8227,7.1253
600158.SH,20220426,20211231,-13.1851,105.9645,24.3571,1.6527
001206.SZ,20220426,20211231,15.3587,-59.2076,-6.305,8.7119
600137.SH,20220426,20211231,1.2067,18.8649,43.9365,3.0615
688027.SH,20220426,20211231,25.2662,-86.2674,21.0174,-5.0623
600651.SH,20220426,20211231,-4.0435,-15.2974,4.5015,-17.3924
600725.SH,20220426,20211231,-48.5752,-63.058,47.6027,2.2447
600815.SH,20220426,20211231,-38.6285,-2535.6037,-3.1942,-15.4386
300194.SZ,20220426,20211231,14.4397,-3525.8826,27.4272,-8.2569
600850.SH,20220426,20211231,-20.1125,-11.9961,64.4016,11.0297
600820.SH,20220426,20211231,5.3902,3.8935,24.9079,9.4269
002627.SZ,20220425,20211231,-5.0577,-6.9718,16.0114,3.3415
300408.SZ,20220425,20211231,30.9049,-30.5239,-4.1124,13.54
688677.SH,20220426,20211231,20.0299,24.2367,28.3072,13.3685
300820.SZ,20220426,20211231,37.8286,-3.3415,30.1943,12.787
002436.SZ,20220426,20211231,28.9737,105.2237,14.8565,16.7614
688097.SH,20220426,20211231,43.3636,3.8591,15.5555,6.5531
603332.SH,20220426,20211231,-1.6264,-82.8511,9.1118,1.1704
688113.SH,20220426,20211231,-24.5363,-15.7963,38.6025,13.1175
002073.SZ,20220426,20211231,83.047,-17.5385,6.1761,1.9406
002975.SZ,20220426,20211231,2.5434,-60.191,31.9632,14.482
605118.SH,20220426,20211231,30.0756,-17.1497,18.935,10.6592
300221.SZ,20220425,20211231,36.9558,-82.8677,4.2971,3.4765
301026.SZ,20220425,20211231,55.6997,-31.5651,-15.8219,25.6249
002646.SZ,20220426,20211231,1.6086,56.3986,-12.737,1.9477
603389.SH,20220426,20211231,-40.0016,-171.9545,61.8353,-13.4093
300533.SZ,20220426,20211231,116.9986,-121.087,96.0937,-7.4864
603105.SH,20220426,20211231,22.3783,149.8923,167.8679,5.9168
000675.SZ,20220426,20211231,,,,
605289.SH,20220426,20211231,-3.7944,-18.1419,40.6099,11.0803
300763.SZ,20220426,20211231,37.5477,2.6864,28.0227,19.2685
002682.SZ,20220426,20211231,32.2044,97.1859,5.2408,-3.2809
603558.SH,20220426,20211231,22.8067,97.6273,41.2094,6.5275
600152.SH,20220426,20211231,-17.5211,-1327.9265,-22.8191,-9.4553
600740.SH,20220426,20211231,45.808,-446.4163,5.5452,10.7603
301099.SZ,20220425,20211231,18.0264,-3.0533,23.7946,15.1818
600383.SH,20220425,20211231,4.222,12.8568,22.4316,14.3045
301031.SZ,20220425,20211231,54.1772,52.0548,1.7944,13.9591
301050.SZ,20220425,20211231,38.8749,-43.7226,3.578,14.1571
300758.SZ,20220425,20211231,31.5622,-28.7614,16.6618,10.3924
300968.SZ,20220426,20211231,-26.6124,-60.2396,-0.3579,5.2954
600084.SH,20220426,20211231,121.6372,146.8761,-27.6175,-2.1136
603297.SH,20220426,20211231,22.5537,-35.1372,43.0993,11.7593
603817.SH,20220426,20211231,32.6647,41.8584,19.0188,7.4699
688622.SH,20220426,20211231,46.1915,-0.2041,34.0419,10.3605
600286.SH,20220426,20211231,115.227,-77.662,-12.4346,0.236
002746.SZ,20220426,20211231,16.4072,-272.5711,-12.5278,-0.7147
605180.SH,20220426,20211231,11.1726,-19.2775,20.0487,22.0757
300450.SZ,20220425,20211231,139.2225,353.8709,17.4934,20.3182
301018.SZ,20220425,20211231,18.5209,-20.3543,8.6405,11.0132
002915.SZ,20220425,20211231,42.3068,-20.9653,22.0818,13.3901
001296.SZ,20220425,20211231,-14.9043,-46.5889,37.071,6.9643
300941.SZ,20220425,20211231,-38.1511,-27.4921,107.7078,11.7538
835184.BJ,20220426,20211231,-13.36,-76.6078,52.6244,-0.0758
002023.SZ,20220426,20211231,-9.3728,23.9086,19.939,-3.6241
601566.SH,20220426,20211231,-3.6483,52.2403,18.6947,4.1623
600608.SH,20220426,20211231,-64.8332,-245.9371,22.22,2.398
300694.SZ,20220426,20211231,11.1855,-424.2711,1.4909,-1.9223
300488.SZ,20220426,20211231,5.5052,142.9104,57.021,11.0528
300762.SZ,20220425,20211231,11.1324,32.1517,35.814,10.3687
002917.SZ,20220425,20211231,57.9979,-177.7838,14.4772,3.5509
300015.SZ,20220426,20211231,1.7207,79.9217,24.62,26.2971
301015.SZ,20220426,20211231,0.7707,1.2572,10.308,22.7799
600883.SH,20220426,20211231,7.4512,95.73,132.2994,7.1539
605018.SH,20220426,20211231,-4.6225,-54.6919,22.4803,7.4368
600123.SH,20220426,20211231,118.464,628.2361,45.6752,20.2009
300768.SZ,20220426,20211231,-14.569,-13.6932,55.6578,11.5281
600569.SH,20220426,20211231,53.602,-100.942,9.3337,9.7589
603639.SH,20220426,20211231,70.2987,88.1892,25.9099,14.9428
300561.SZ,20220425,20211231,-55.6069,-416.4514,72.9036,1.0881
688793.SH,20220425,20211231,23.7664,-31.7753,7.5131,17.2374
300329.SZ,20220425,20211231,-11.8804,-1084.3139,19.584,-8.3315
300197.SZ,20220425,20211231,-51.7415,-136.9132,16.99,-5.9878
301166.SZ,20220425,20211231,13.3491,11.4388,24.3714,8.1798
300012.SZ,20220425,20211231,8.1569,7.3532,50.9573,15.767
603283.SH,20220426,20211231,-17.7944,-8.4959,42.699,11.9442
301065.SZ,20220426,20211231,-14.8982,-63.5807,5.6013,5.8598
600527.SH,20220426,20211231,-3.9228,28.7332,-36.3279,3.8068
688310.SH,20220426,20211231,23.6168,255.1498,51.5122,7.7274
601368.SH,20220426,20211231,85.3779,629.8037,19.7123,6.3175
300076.SZ,20220425,20211231,-79.5799,-44.341,749.5537,-1.9108
300789.SZ,20220425,20211231,23.2387,3.3668,55.5106,7.5384
300248.SZ,20220425,20211231,8.2781,13.1051,49.6128,8.3184
300040.SZ,20220425,20211231,0.6885,413.5237,37.0923,2.1773
300486.SZ,20220425,20211231,3.963,-82.3673,14.3298,2.5659
688049.SH,20220425,20211231,-19.6934,-14.0547,19.8797,5.6317
300992.SZ,20220425,20211231,38.3295,-20.523,17.1485,8.8129
301077.SZ,20220425,20211231,10.2933,-12.9045,19.3087,12.1236
600967.SH,20220426,20211231,-3.4404,21.2556,89.9074,6.859
002837.SZ,20220426,20211231,13.167,-9.6555,16.3076,11.3674
601100.SH,20220426,20211231,-16.0014,-9.4617,32.3775,30.9823
603937.SH,20220426,20211231,17.9957,-7.8945,1.1127,8.4394
688029.SH,20220426,20211231,41.0639,45.6652,-0.6965,9.9247
301056.SZ,20220426,20211231,-19.786,-30.7746,19.7292,10.1833
002026.SZ,20220426,20211231,28.0189,5.2412,33.4379,11.5605
605500.SH,20220426,20211231,19.654,-10.3759,4.2948,12.8638
002576.SZ,20220426,20211231,36.1429,-59.8732,-0.5834,8.8768
301024.SZ,20220425,20211231,1.0555,-76.1201,8.8167,7.2149
688246.SH,20220425,20211231,14.7297,11.8739,4.5127,3.6078
301076.SZ,20220426,20211231,39.0228,12.4321,26.7215,8.7
600480.SH,20220426,20211231,-0.8685,-13.7483,32.5719,4.7351
871981.BJ,20220426,20211231,,,29.1267,17.4927
300583.SZ,20220426,20211231,70.341,103.5379,60.1255,1.2889
603888.SH,20220426,20211231,-5.2987,-37.6961,36.989,2.017
600285.SH,20220426,20211231,10.0147,-37.7484,33.8799,15.4544
603360.SH,20220426,20211231,72.0518,110.4037,9.9567,24.8758
600998.SH,20220426,20211231,-0.7404,-95.3413,20.9726,6.2037
000430.SZ,20220425,20211231,-54.8724,-137.0361,-4.3029,-10.0208
300587.SZ,20220425,20211231,-12.9529,-79.9482,21.2671,14.5278
603519.SH,20220426,20211231,-1.1763,130.0886,13.4164,13.7218
600696.SH,20220426,20211231,322.2981,-1298.0768,95.6062,14.9629
603583.SH,20220426,20211231,69.2036,15.4116,22.5055,6.1967
600529.SH,20220426,20211231,-4.0694,-19.1118,32.6001,12.8216
603889.SH,20220426,20211231,33.6475,-13.0575,34.8285,10.8296
605365.SH,20220426,20211231,21.3695,-84.2877,6.1689,8.8761
002406.SZ,20220426,20211231,-38.5036,-50.5533,-5.8173,5.8646
300962.SZ,20220426,20211231,7.1115,-61.8477,12.8587,11.1108
600229.SH,20220426,20211231,9.5101,308.0246,51.4595,8.9147
301198.SZ,20220426,20211231,-4.9263,-23.7827,-37.7642,9.1317
300738.SZ,20220425,20211231,13.262,-42.5415,52.6682,10.7131
603216.SH,20220425,20211231,11.0934,-26.7258,27.0905,16.4398
300645.SZ,20220425,20211231,18.1832,71.4937,60.0009,6.9141
300434.SZ,20220426,20211231,9.7415,97.5589,9.7921,2.7679
603520.SH,20220426,20211231,114.9447,158.8389,40.9046,15.3991
600573.SH,20220426,20211231,7.7151,-3.4256,-135.2581,1.6036
600161.SH,20220426,20211231,59.8261,42.0454,11.1733,12.0301
603318.SH,20220426,20211231,96.1217,-26.0727,9.0256,2.6594
688215.SH,20220426,20211231,165.6767,245.8512,21.3957,1.102
601388.SH,20220426,20211231,44.0875,6.026,2.4184,23.7865
688128.SH,20220426,20211231,20.2239,-11.6988,9.7642,10.2164
688226.SH,20220426,20211231,3.4633,-21.6193,27.3551,7.4062
300609.SZ,20220426,20211231,157.9236,63.0684,40.257,0.3189
600703.SH,20220426,20211231,19.0696,-65.3456,11.1114,1.733
600960.SH,20220423,20211231,-28.3714,-194.6587,9.1735,-2.3028
301236.SZ,20220426,20211231,22.7228,-39.6926,17.1271,18.886
301137.SZ,20220426,20211231,,,-9.2037,11.5544
301213.SZ,20220426,20211231,-4.7871,2.9953,28.6812,10.3612
002869.SZ,20220426,20211231,-83.6505,-191.6067,90.0387,-8.886
002872.SZ,20220426,20211231,-55.4416,100.0084,40.1823,-5.6196
000980.SZ,20220426,20211231,-40.2342,100.3422,-529.2425,
301199.SZ,20220426,20211231,9.8147,-75.7772,-8.2253,3.824
300440.SZ,20220426,20211231,27.1758,-51.8773,27.2973,6.2615
300781.SZ,20220426,20211231,35.2056,550.2264,22.8781,7.774
001212.SZ,20220426,20211231,8.7314,-14.9641,34.13,13.2585
300980.SZ,20220426,20211231,17.4692,-26.674,5.647,12.1669
603716.SH,20220426,20211231,0.6299,-274.038,8.3476,-3.1549
002624.SZ,20220426,20211231,-17.765,-66.9195,33.2193,0.9622
000400.SZ,20220426,20211231,-3.1092,-28.813,23.8483,7.3879
600157.SH,20220426,20211231,35.0663,-91.8784,16.9209,1.8202
603131.SH,20220426,20211231,-5.1832,-19.2499,19.564,8.9813
688383.SH,20220426,20211231,83.3507,87.962,16.2329,24.0662
688199.SH,20220426,20211231,17.8451,154.197,9.5268,4.7162
002816.SZ,20220426,20211231,60.3808,63.1489,-9.4134,-8.6325
002886.SZ,20220426,20211231,6.0927,-26.0745,-6.6627,3.2698
002518.SZ,20220426,20211231,12.8876,32.9245,23.3407,10.9109
301159.SZ,20220426,20211231,12.3719,-14.944,20.6567,8.472
688211.SH,20220426,20211231,105.6437,15.3842,-5.4015,10.1788
301073.SZ,20220426,20211231,-25.4983,-80.9759,67.4151,7.9712
002101.SZ,20220426,20211231,-6.188,38.058,12.1482,5.9842
300611.SZ,20220426,20211231,10.3431,-168.8663,7.3077,1.789
002902.SZ,20220426,20211231,3.0555,-804.3892,14.4147,-8.9284
300521.SZ,20220426,20211231,-3.5856,345.03,49.7841,0.6205
301029.SZ,20220426,20211231,24.5653,9.7065,45.4212,21.7342
002249.SZ,20220426,20211231,20.6761,-29.7535,6.6038,1.1794
603048.SH,20220426,20211231,-18.9649,-66.2005,4.5472,9.1497
300743.SZ,20220426,20211231,18.5962,45.3531,-2.2229,3.9626
301013.SZ,20220426,20211231,4.0228,40.3759,15.3202,4.8706
688718.SH,20220426,20211231,9.1419,-47.6578,7.8873,8.6216
000498.SZ,20220426,20211231,36.4981,28.1805,5.2594,17.4809
300239.SZ,20220426,20211231,35.2873,187.7671,13.1311,2.2316
600782.SH,20220426,20211231,-4.9636,12.4482,14.4967,16.2061
300246.SZ,20220426,20211231,4.4439,-117.9161,5.8555,4.8836
000652.SZ,20220426,20211231,-16.8618,25.5904,-16.977,3.0749
300634.SZ,20220426,20211231,38.2129,-9.353,17.5619,7.3498
600929.SH,20220426,20211231,47.3506,196.8973,15.8929,3.9706
300779.SZ,20220426,20211231,-7.7372,-71.464,-46.796,0.6697
300091.SZ,20220426,20211231,221.0884,-282.0179,-10.5522,0.6109
002981.SZ,20220426,20211231,40.4884,-676.8446,34.1727,-5.5865
300923.SZ,20220426,20211231,-5.7642,103.4774,52.2272,4.6196
002615.SZ,20220426,20211231,49.7957,403.3664,27.6302,14.1729
002453.SZ,20220426,20211231,15.4265,-1362.0031,26.9155,-13.4367
300470.SZ,20220426,20211231,7.2258,29.0187,39.7303,13.8457
300291.SZ,20220426,20211231,26.8471,-91.0322,51.3266,1.051
000061.SZ,20220426,20211231,16.8199,101.3512,44.753,3.86
603888.SH,20220426,20211231,-5.2987,-37.6961,36.989,2.017
688220.SH,20220426,20211231,88.2101,50.0094,12.3479,-39.9892
002527.SZ,20220426,20211231,2.7091,107.9308,12.0151,3.4907
000017.SZ,20220426,20211231,134.4001,-165.8743,26.2166,-45.8931
001235.SZ,20220426,20211231,,,,23.6725
001318.SZ,20220426,20211231,,,56.0569,23.9559
300713.SZ,20220426,20211231,-24.5314,-137.9729,49.2026,-0.2363
000572.SZ,20220426,20211231,40.0868,125.6868,-1.0423,-11.9249
000526.SZ,20220426,20211231,-23.6987,-4477.561,-66.7153,-193.1252
002547.SZ,20220426,20211231,15.5154,-12.281,16.3925,-70.5454
002864.SZ,20220426,20211231,20.9211,53.184,12.8257,12.3816
002846.SZ,20220426,20211231,32.4574,-282.4552,10.8227,5.0461
002529.SZ,20220426,20211231,-32.4742,-309.8322,25.2162,-12.1673
300858.SZ,20220426,20211231,1.0863,2.77,50.5973,8.7431
688056.SH,20220426,20211231,-18.9585,-44.4025,37.1525,8.2534
002926.SZ,20220426,20211231,-8.6248,-46.1162,-62.5744,7.4601
601567.SH,20220426,20211231,19.7965,-89.881,35.1123,5.9355
300600.SZ,20220426,20211231,-42.3263,-157.9738,6.8067,-26.6878
300666.SZ,20220426,20211231,46.3771,-69.4433,-0.3698,6.0124
002137.SZ,20220426,20211231,335.8545,-559.9969,29.8742,-8.9432
002036.SZ,20220426,20211231,83.2426,-64.8885,15.9715,0.6782
688085.SH,20220426,20211231,43.5357,88.1658,49.6884,7.806
600981.SH,20220426,20211231,-20.8381,20.42,-0.8561,-0.9818
300237.SZ,20220426,20211231,-46.6054,-1074.3187,17.4554,-23.7523
600695.SH,20220426,20211231,328.136,109.8175,45.4471,-4.7615
600578.SH,20220426,20211231,20.0688,-1383.3465,-30.532,-15.098
301258.SZ,20220427,20211231,,,30.3602,16.9047
603070.SH,20220427,20211231,,,26.8451,14.6603
301222.SZ,20220427,20211231,18.5106,-17.6272,34.1946,21.5557
603324.SH,20220427,20211231,-5.2463,-10.5473,42.3457,13.6069
688597.SH,20220427,20211231,10.14,36.7214,15.8358,4.9848
300651.SZ,20220427,20211231,65.4973,476.9189,24.2157,3.2381
600854.SH,20220427,20211231,-67.4847,110.6389,414.2072,4.68
002766.SZ,20220427,20211231,-48.8258,68.5549,30.3431,
300781.SZ,20220426,20211231,35.2056,550.2264,22.8781,7.774
688510.SH,20220427,20211231,26.0683,-35.4538,106.7955,0.5752
837212.BJ,20220427,20211231,-13.2617,4.3413,-1.6717,19.2147
603882.SH,20220427,20211231,37.6442,20.3695,30.7201,43.3821
601199.SH,20220427,20211231,-4.9302,-23.1049,32.6088,8.296
601339.SH,20220427,20211231,13.4237,209.6513,20.8803,15.6163
002952.SZ,20220427,20211231,55.6431,-28.3789,-38.4776,3.2859
000869.SZ,20220427,20211231,6.584,-27.6623,25.993,4.5592
601163.SH,20220427,20211231,-0.9228,-52.6118,20.2124,3.5275
605377.SH,20220427,20211231,82.1901,47.5065,39.6949,17.9171
601990.SH,20220427,20211231,35.2646,-0.2202,137.4028,6.0697
300893.SZ,20220427,20211231,35.0676,26.4192,29.4735,14.104
600864.SH,20220427,20211231,-4.7243,3120.0279,87.6813,0.8049
300705.SZ,20220427,20211231,54.9986,29.4023,19.095,18.6179
600706.SH,20220427,20211231,9.1927,185.338,17.7514,-2.548
300633.SZ,20220427,20211231,11.9018,247.5325,44.1473,9.0603
688030.SH,20220427,20211231,37.0098,-10.1776,41.5743,3.6866
601595.SH,20220427,20211231,18.3763,99.7859,53.5324,-1.2365
603188.SH,20220427,20211231,138.7534,97.0329,-27.0111,-16.0621
300707.SZ,20220427,20211231,103.1433,577.2301,16.615,6.1051
300543.SZ,20220427,20211231,6.2243,-107.0306,8.4768,10.54
603160.SH,20220427,20211231,0.8823,-56.2715,8.9212,8.6207
002110.SZ,20220427,20211231,4.8746,6.6635,-2.5968,18.5939
000802.SZ,20220427,20211231,-66.2816,83.7544,6.9041,-8.1215
600363.SH,20220427,20211231,-63.2022,-130.8041,39.3655,5.5664
000931.SZ,20220427,20211231,-9.2964,-2260.7367,25.936,-7.3305
002331.SZ,20220427,20211231,-39.901,57.0001,43.5993,-5.5338
603508.SH,20220427,20211231,19.2624,116.3811,16.9562,9.121
603729.SH,20220427,20211231,-20.0751,-19.7025,-6.2187,-8.2237
301062.SZ,20220427,20211231,28.6226,-20.5139,-11.8101,15.7735
000510.SZ,20220427,20211231,17.0182,131.7425,17.0554,26.912
603121.SH,20220427,20211231,9.2906,-27.5286,22.0529,4.8935
605005.SH,20220427,20211231,-3.0956,-42.9705,4.7038,14.2901
688577.SH,20220427,20211231,4.3339,-7.9909,3.5286,7.8478
300034.SZ,20220427,20211231,11.7971,-30.2665,39.1067,7.0044
600390.SH,20220427,20211231,-93.2533,-75.8255,741.3764,5.0547
688069.SH,20220427,20211231,-12.9519,-50.9556,13.8822,6.3383
002758.SZ,20220427,20211231,9.0669,164.9661,8.3429,18.2343
600099.SH,20220427,20211231,64.8598,-45.7244,13.7461,1.8086
002941.SZ,20220427,20211231,47.3341,148.1945,23.1255,8.6032
300660.SZ,20220427,20211231,8.5785,-56.8828,-36.2131,8.8708
601958.SH,20220427,20211231,19.8862,10.1771,39.7962,3.8155
002791.SZ,20220427,20211231,28.1106,-41.49,37.5045,20.0635
688616.SH,20220427,20211231,-5.3879,34.8033,39.2374,10.4965
002162.SZ,20220427,20211231,0.4121,-30.0889,47.6382,2.4873
003002.SZ,20220427,20211231,51.5956,-31.9189,11.3555,7.3215
300257.SZ,20220427,20211231,5.3608,22.9226,21.1755,5.7238
600885.SH,20220427,20211231,3.2122,2.901,-0.4953,15.2801
002160.SZ,20220427,20211231,13.9026,-81.0203,-5.3692,2.9739
831768.BJ,20220427,20211231,-7.443,-57.6418,-2.3001,10.5056
600780.SH,20220427,20211231,22.1219,33.1631,11.5149,2.9267
600216.SH,20220427,20211231,22.1389,204.2422,29.4947,11.9406
836260.BJ,20220427,20211231,,,28.9218,13.8962
603658.SH,20220427,20211231,15.0307,10.106,49.2637,13.9125
688309.SH,20220427,20211231,-27.6145,-147.5318,-39.9554,-3.0157
300333.SZ,20220427,20211231,1.5935,304.4639,32.6872,-6.2848
000658.SZ,20220427,20211231,-98.4716,-422.5355,-31695.2346,
833873.BJ,20220427,20211231,4.6058,-15.6886,10.9996,7.2594
300395.SZ,20220427,20211231,27.4177,7.3206,44.1077,15.3701
002145.SZ,20220427,20211231,38.8566,80.3446,43.6705,18.4519
833509.BJ,20220427,20211231,36.0001,-4.9319,84.801,13.1084
603027.SH,20220427,20211231,20.9517,594.1706,6.1229,10.9703
002343.SZ,20220427,20211231,-98.3404,27.3871,2273.3205,-23.3242
002263.SZ,20220427,20211231,-4.5255,-17.1694,11.952,9.3542
000850.SZ,20220427,20211231,-4.7488,534.1848,-5.6974,3.37
300869.SZ,20220427,20211231,-34.7027,-34.7093,-4.3684,20.2365
002932.SZ,20220427,20211231,179.5321,261.8379,37.957,72.1422
301109.SZ,20220427,20211231,,,92.6311,20.4787
688197.SH,20220427,20211231,,-34.8174,-893.7795,-219.8953
873169.BJ,20220427,20211231,7.9058,1.0725,13.8742,27.8108
301256.SZ,20220427,20211231,,,31.0251,14.3418
301102.SZ,20220427,20211231,,,70.599,31.685
301263.SZ,20220427,20211231,-3.6545,-8.9572,34.0273,16.6612
601921.SH,20220427,20211231,4.8107,6.2405,18.9903,11.1091
000813.SZ,20220427,20211231,78.562,-503.2807,-37.659,-1.7804
001213.SZ,20220427,20211231,-12.5222,275.458,-7.486,2.302
603108.SH,20220427,20211231,-2.6702,-41.906,21.7438,11.1304
300872.SZ,20220427,20211231,30.9287,-146.7029,43.4141,2.2499
600863.SH,20220427,20211231,41.2148,207.1892,13.9694,2.6718
002425.SZ,20220427,20211231,65.0737,-550.2993,24.3404,2.4354
000592.SZ,20220427,20211231,-6.9306,-71.8468,-12.4121,-13.7402
688007.SH,20220427,20211231,17.8922,-68.421,9.462,5.4874
002702.SZ,20220427,20211231,-13.1461,-174.8291,5.9532,-5.3978
300132.SZ,20220427,20211231,-7.4825,-1101.2239,15.9058,-34.7265
300153.SZ,20220427,20211231,108.1613,96.9769,38.6596,-0.3181
601599.SH,20220427,20211231,-10.0266,156.1432,36.1447,-33.2344
603060.SH,20220427,20211231,54.3467,42.2206,28.6402,14.7706
300102.SZ,20220427,20211231,-9.2379,448.6558,82.0327,3.7189
300311.SZ,20220427,20211231,-44.4617,-95.5817,0.9506,-9.2333
000667.SZ,20220427,20211231,-19.3618,-982.0129,12.0445,-41.9252
002309.SZ,20220427,20211231,-20.2639,-4.4078,38.1457,-80.3996
002357.SZ,20220427,20211231,-8.2847,-303.4105,44.1599,2.8955
000923.SZ,20220427,20211231,-54.3176,-109.5842,-0.2383,16.7919
603903.SH,20220427,20211231,-9.4229,21.6622,13.7325,14.8794
300586.SZ,20220427,20211231,57.7807,294.6194,12.4182,5.9351
300116.SZ,20220427,20211231,-66.9592,36.5073,177.376,-41.2239
688158.SH,20220427,20211231,-31.6614,18.5601,12.7673,-21.8507
600400.SH,20220427,20211231,5.6655,-97.9628,28.6672,2.0276
300220.SZ,20220427,20211231,17.4668,15.736,-43.2364,-37.0696
300331.SZ,20220427,20211231,21.7577,-2211.5637,18.2836,-21.4023
300316.SZ,20220427,20211231,48.6226,79.8738,44.8554,27.0358
603056.SH,20220427,20211231,2.9126,-66.1899,4.9788,-3.4504
300577.SZ,20220427,20211231,52.2855,-29.0655,12.5331,5.8789
601990.SH,20220427,20211231,35.2646,-0.2202,137.4028,6.0697
600927.SH,20220427,20211231,51.8492,13.5764,28.9063,13.4117
300977.SZ,20220427,20211231,19.0711,-52.3042,40.4293,11.3653
000692.SZ,20220427,20211231,6.3946,95.3122,29.086,-292.5619
002120.SZ,20220427,20211231,26.0728,80.913,17.3505,9.2935
300603.SZ,20220427,20211231,2093.562,47.5164,17.834,-50.9559
300345.SZ,20220427,20211231,13.7381,-85.843,39.7779,-2.1284
002906.SZ,20220427,20211231,8.0928,-1.4362,25.2921,6.9553
300527.SZ,20220427,20211231,-34.3603,-27.6936,43.5462,1.9661
300652.SZ,20220427,20211231,38.1272,75.8192,8.3458,7.7402
002213.SZ,20220427,20211231,87.9088,12.883,30.0279,1.8501
002189.SZ,20220427,20211231,31.623,-34.8063,65.5191,7.731
600369.SH,20220427,20211231,-35.3653,-60.5077,-241.691,3.9731
300843.SZ,20220427,20211231,8.8494,1.2607,38.5898,10.705
300115.SZ,20220427,20211231,20.5755,-506.0563,-14.353,-12.8252
300141.SZ,20220427,20211231,-70.8267,117.2367,73.2948,1.2698
300377.SZ,20220427,20211231,51.8113,148.1136,79.2782,1.8416
300135.SZ,20220427,20211231,7.61,-7255.3796,42.7485,-5.0544
300252.SZ,20220427,20211231,62.7153,110.6946,21.9492,0.4308
688258.SH,20220427,20211231,6.1174,-147.36,35.2218,2.8412
300819.SZ,20220427,20211231,132.0314,84.3519,18.1464,2.1298
002134.SZ,20220427,20211231,62.2865,175.3133,24.1264,5.7879
002898.SZ,20220427,20211231,1100.8853,23.0231,51.1357,-6.8358
300883.SZ,20220427,20211231,11.2438,-33.5697,32.1644,3.0206
603991.SH,20220427,20211231,-65.6599,-201.6246,195.968,-16.4506
002334.SZ,20220427,20211231,28.0574,-54.2629,14.9477,7.3762
300752.SZ,20220427,20211231,5.7279,316.4945,29.2674,-12.576
300424.SZ,20220427,20211231,-16.0382,102.8314,34.804,2.7524
300483.SZ,20220427,20211231,13.121,-131.1238,60.5346,2.1689
600265.SH,20220427,20211231,464.2382,-261.7277,-67.3845,-29.2943
000997.SZ,20220427,20211231,5.2977,3254.5026,13.1602,8.0647
300164.SZ,20220427,20211231,42.5684,99.9131,32.7109,-3.2767
002942.SZ,20220427,20211231,26.7773,108.3041,16.5382,10.7577
603801.SH,20220427,20211231,24.6878,3.9191,8.8543,19.0955
000507.SZ,20220427,20211231,41.0365,45.8939,7.6518,8.1296
300455.SZ,20220427,20211231,1.8303,-24.6119,58.1748,6.6467
300407.SZ,20220427,20211231,7.2475,-30.8186,27.5633,3.9829
603956.SH,20220427,20211231,12.037,-37.3719,19.2739,13.346
300663.SZ,20220427,20211231,38.7554,-31.619,45.1529,3.0188
300245.SZ,20220427,20211231,7.6829,26.0772,66.0063,0.2698
301206.SZ,20220427,20211231,67.2233,56.8584,32.8859,67.9411
603707.SH,20220427,20211231,19.8391,11.1916,48.2907,22.5069
300942.SZ,20220427,20211231,131.3282,201.4573,32.7037,28.6111
300161.SZ,20220427,20211231,39.2992,826.9776,61.6466,-4.5733
688171.SH,20220427,20211231,60.4874,-18.9522,3.0911,19.9522
603398.SH,20220427,20211231,-75.5192,-5016.6036,74.3235,-18.2785
603055.SH,20220427,20211231,43.0257,217.4575,12.5098,13.2614
300228.SZ,20220427,20211231,-28.0854,-68.4372,1.8661,0.4898
002831.SZ,20220427,20211231,8.7279,-24.6046,12.0574,10.222
000793.SZ,20220427,20211231,-59.0927,99.8923,154.5511,-11.7991
000926.SZ,20220427,20211231,21.1281,-43.7155,25.7132,1.0206
688578.SH,20220427,20211231,28364.2513,-10.3725,-142.8918,-2.1206
300313.SZ,20220427,20211231,55.6774,-176.4657,-80.3182,-48.2753
300236.SZ,20220427,20211231,46.854,-78.3918,13.2747,1.9623
002333.SZ,20220427,20211231,23.0219,-56.2402,-8.8924,1.2646
688367.SH,20220427,20211231,29.0538,10.2056,18.7457,10.1433
300509.SZ,20220427,20211231,2.2331,-26.6234,9.4577,3.249
600165.SH,20220427,20211231,-5.6418,-114.4072,-2.8408,-2.8325
002110.SZ,20220427,20211231,4.8746,6.6635,-2.5968,18.5939
600363.SH,20220427,20211231,-63.2022,-130.8041,39.3655,5.5664
603618.SH,20220427,20211231,39.9689,260.7245,3.1617,4.066
600977.SH,20220427,20211231,4.9371,-912.7365,-6.8064,0.8456
300310.SZ,20220427,20211231,3.4078,376.8332,72.5822,0.6317
002973.SZ,20220427,20211231,41.2128,-70.557,-11.7917,15.9865
300863.SZ,20220427,20211231,39.3697,-33.1187,-7.284,12.1124
300332.SZ,20220427,20211231,44.4724,637.3435,-6.1134,4.1474
300833.SZ,20220427,20211231,130.5527,103.1725,1.0215,6.7766
688625.SH,20220427,20211231,26.2971,33.7198,128.6821,24.2364
300693.SZ,20220427,20211231,27.6779,-6.8286,14.3427,12.5858
688520.SH,20220427,20211231,151466.4668,-4.1655,-182.4817,-486.4979
300792.SZ,20220427,20211231,-14.3931,-15.7275,18.6395,12.4596
300967.SZ,20220427,20211231,59.1749,9984.4595,24.0038,8.9803
300353.SZ,20220427,20211231,270.5152,104.7463,31.572,-8.9152
300745.SZ,20220427,20211231,124.6873,108.1318,-19.914,-2.2438
603980.SH,20220427,20211231,3.721,-115.1355,-5.8779,0.1633
002700.SZ,20220427,20211231,40.3466,-1.3996,25.7887,-24.9891
002863.SZ,20220427,20211231,29.7051,707.9714,10.6864,1.698
300511.SZ,20220427,20211231,-0.8116,-1382.1781,27.745,-15.7237
300420.SZ,20220427,20211231,-16.9704,-2095.6494,14.0093,-8.9902
603218.SH,20220427,20211231,-11.0029,-65.169,43.2705,6.6161
300903.SZ,20220427,20211231,25.2405,-75.1556,6.6304,4.8595
002782.SZ,20220427,20211231,21.339,-498.4723,-2.8399,3.84
300005.SZ,20220427,20211231,30.5604,126.6982,22.5684,0.8872
300880.SZ,20220427,20211231,33.1215,25.4513,1.3608,14.4743
300976.SZ,20220427,20211231,-1.6212,-22.8139,13.645,10.6113
603187.SH,20220427,20211231,39.4688,-40.525,2.7992,10.0877
300357.SZ,20220427,20211231,29.5012,28.5539,63.0574,19.7882
300406.SZ,20220427,20211231,18.7624,285.2332,44.2444,13.089
000701.SZ,20220427,20211231,-3.8584,94.619,14.7094,2.0737
300591.SZ,20220427,20211231,52.2779,-24.0448,44.7858,-30.3043
603530.SH,20220427,20211231,17.0055,6.1381,0.0608,5.531
300053.SZ,20220427,20211231,-45.2828,-101.7991,131.2917,0.79
600757.SH,20220427,20211231,-24.1614,-89.342,65.4577,8.2268
002791.SZ,20220427,20211231,28.1106,-41.49,37.5045,20.0635
002696.SZ,20220427,20211231,24.944,88.1481,5.83,0.6646
300432.SZ,20220427,20211231,51.1889,108.2882,-0.8734,10.3154
603511.SH,20220427,20211231,2.5045,-37.8568,-6.2048,7.7149
300793.SZ,20220427,20211231,-35.3413,-343.3052,11.5878,0.3372
002882.SZ,20220427,20211231,43.1536,-345.4529,15.3034,2.6367
003033.SZ,20220427,20211231,27.4893,-17.2655,28.3008,9.8421
600839.SH,20220427,20211231,-10.9611,-34.5902,17.2795,1.9134
831768.BJ,20220427,20211231,-7.443,-57.6418,-2.3001,10.5056
300109.SZ,20220427,20211231,21.3956,698.2806,-1.7689,0.314
002806.SZ,20220427,20211231,60.076,116.4644,23.6157,0.572
002653.SZ,20220427,20211231,-9.68,-70.0875,16.7427,1.2257
002472.SZ,20220427,20211231,10.0253,173.3073,27.8544,6.8199
002580.SZ,20220427,20211231,10.9412,107.665,9.9432,0.1589
603012.SH,20220427,20211231,45.4472,-24.0009,10.2599,9.8642
688022.SH,20220427,20211231,-9.5212,-31.3833,33.772,3.3799
002215.SZ,20220427,20211231,47.9366,78.7826,91.9522,8.4385
300477.SZ,20220427,20211231,68.6697,105.6417,26.9647,4.4954
600780.SH,20220427,20211231,22.1219,33.1631,11.5149,2.9267
603515.SH,20220427,20211231,-1.8667,-2.4184,29.2192,12.6178
605599.SH,20220427,20211231,43.9215,-0.8185,-16.4599,13.239
300785.SZ,20220427,20211231,31.3837,5.6275,15.98,9.7718
300724.SZ,20220427,20211231,35.614,62.694,61.0007,14.3071
300987.SZ,20220427,20211231,13.4856,71.2081,89.2822,5.2173
301180.SZ,20220427,20211231,0.1724,5.5672,0.3067,20.1754
300536.SZ,20220427,20211231,-32.3969,-160.7505,50.1035,-0.629
300854.SZ,20220427,20211231,-10.9473,-51.6143,16.0283,7.1262
300442.SZ,20220427,20211231,2.7261,88.9718,19.1052,-2.7255
000040.SZ,20220427,20211231,9.6956,49.9811,-3.839,-5.2239
000658.SZ,20220427,20211231,-98.4716,-422.5355,-31695.2346,
002783.SZ,20220427,20211231,-4.4353,-3641.0051,3.3569,-26.2023
300571.SZ,20220427,20211231,47.1896,-101.8233,-3.6677,20.5067
300599.SZ,20220427,20211231,-4.6038,-101.5093,11.2754,5.1985
300627.SZ,20220427,20211231,11.6004,33.9179,57.5917,14.065
300539.SZ,20220427,20211231,3.029,13.7261,29.1655,3.7203
300411.SZ,20220427,20211231,-53.6117,-804.3951,64.0415,-1.3417
301043.SZ,20220427,20211231,28.2111,-76.574,4.6858,9.7232
300844.SZ,20220427,20211231,19.0396,-94.7134,-7.6096,6.6906
300776.SZ,20220427,20211231,-10.5946,-14.3058,18.3933,17.48
000567.SZ,20220427,20211231,277.2712,1159.4093,-62.591,8.4504
603226.SH,20220427,20211231,21.3671,-185.0246,24.8134,6.4247
300807.SZ,20220427,20211231,24.3974,-72.9544,-1.8369,-8.0453
301189.SZ,20220427,20211231,-38.3726,-61.3567,14.5195,8.7004
002100.SZ,20220427,20211231,1.4676,-303.0674,-61.3781,-9.7937
300061.SZ,20220427,20211231,-48.913,46.8559,10.6125,-27.2631
688560.SH,20220427,20211231,6.4765,35.3295,58.0362,6.8707
600070.SH,20220427,20211231,-84.1262,27.5497,-48.2214,-27.101
000566.SZ,20220427,20211231,3.904,-76.5359,13.2187,-45.2068
002121.SZ,20220427,20211231,0.2748,-145.2051,6.6612,-54.5217
600767.SH,20220427,20211231,27.1647,-12.7871,29.9208,-3.7898
600093.SH,20220427,20211231,86.2388,92.9759,,
300607.SZ,20220427,20211231,38.3076,-3587.0874,28.3519,1.3201
600225.SH,20220427,20211231,-119.2947,130.2374,,
300961.SZ,20220427,20211231,-38.7807,-131.7021,24.0489,4.3806
601718.SH,20220427,20211231,-2.7201,79.0634,20.7845,-1.9826
300096.SZ,20220427,20211231,2.2289,-108.2327,54.1972,-20.3907
002129.SZ,20220427,20211231,111.534,422.5671,7.203,15.2626
002431.SZ,20220427,20211231,-84.6026,-17957.3101,-92.5415,-16.9161
300478.SZ,20220427,20211231,13.2091,98.2039,-2.5074,-64.6034
300335.SZ,20220427,20211231,-56.0744,-1274.2648,28.8433,-7.5585
300094.SZ,20220427,20211231,14.34,81.2102,-11.1042,-1.5527
300178.SZ,20220427,20211231,-3.1328,-81.1034,-2.448,
300778.SZ,20220427,20211231,-9.2555,-16.05,53.0278,6.596
000005.SZ,20220427,20211231,-49.3485,84.6327,373.2096,-2.1303
002957.SZ,20220427,20211231,-9.7104,-371.3293,-18.4346,-0.1825
300742.SZ,20220427,20211231,-59.3033,-7360.7824,-71.1533,-95.1451
002227.SZ,20220427,20211231,-47.5336,-174.6252,-11.2607,-3.9819
000971.SZ,20220427,20211231,-37.7279,-545.6576,-62.6681,-57.8156
300010.SZ,20220427,20211231,-10.7545,83.9417,43.161,-173.7633
000911.SZ,20220427,20211231,178.8988,-2928.2322,17.1969,-67.3085
300056.SZ,20220427,20211231,-27.705,-5565.6803,33.4127,-53.7365
300380.SZ,20220427,20211231,23.1098,-55.8745,57.9316,1.1385
688266.SH,20220427,20211231,29014.3983,-74.2589,-137.2636,-35.3785
300859.SZ,20220427,20211231,-58.6817,-150.8118,-237.9898,4.2289
002310.SZ,20220427,20211231,-34.3987,-41.559,-4.988,-10.2393
300280.SZ,20220427,20211231,-52.7178,-102.9532,7.9511,12.4271
002656.SZ,20220427,20211231,-21.0739,-26179.5993,74.7517,-18.7649
603272.SH,20220427,20211231,,,48.9792,19.8356
301218.SZ,20220428,20211231,-2.8368,6.7692,32.9446,15.6481
871970.BJ,20220428,20211231,4.5239,9.6947,59.0945,14.5971
300514.SZ,20220420,20211231,33.1367,9.8992,24.7167,8.2788
300275.SZ,20220420,20211231,10.3045,22.4419,13.3745,4.2088
600302.SH,20220428,20211231,0.1339,-142.9896,5.869,-6.8169
000010.SZ,20220428,20211231,10.5414,-86.8905,20.5689,4.1638
002248.SZ,20220428,20211231,51.8349,148.8043,0.9249,12.8859
603629.SH,20220428,20211231,-2.4529,87.1463,14.2138,2.5288
600520.SH,20220428,20211231,12.7248,-42.2036,14.0299,1.1817
300049.SZ,20220428,20211231,20.4611,18.8518,24.6329,6.3906
688468.SH,20220428,20211231,-5.9009,-13.5332,34.1135,11.541
601006.SH,20220428,20211231,6.1316,-3.0953,20.4193,9.9518
600834.SH,20220428,20211231,6.6733,69.5425,724.4556,4.3151
688528.SH,20220428,20211231,-14.2396,-34.0242,26.1293,2.3477
600530.SH,20220428,20211231,10.997,-193.4161,43.8191,-2.5039
605378.SH,20220428,20211231,1.7255,-61.6223,24.4526,6.4703
600667.SH,20220428,20211231,55.3714,-2.4119,24.4525,11.5411
688067.SH,20220428,20211231,-3.5214,-44.9098,50.4125,6.7158
003042.SZ,20220428,20211231,11.574,133.5311,31.7392,7.3284
300270.SZ,20220428,20211231,107.693,72.6961,11.3664,-7.0219
300035.SZ,20220428,20211231,141.6889,123.639,-27.876,15.669
603353.SH,20220428,20211231,113.8688,-82.7214,8.7044,5.0461
002452.SZ,20220428,20211231,-19.363,53.9213,105.5723,10.6582
603858.SH,20220428,20211231,-7.9168,-124.0387,13.9746,7.5928
605060.SH,20220428,20211231,4.9225,-35.421,35.2791,9.7533
603308.SH,20220428,20211231,8.4089,14.8805,24.1091,3.8793
300317.SZ,20220428,20211231,-24.3216,-1502.4706,131.3514,-14.2457
000939.SZ,20220428,20211231,,,,
300263.SZ,20220428,20211231,18.5726,79.4808,15.7778,8.0665
603589.SH,20220428,20211231,5.7205,39.9468,36.799,19.1617
601225.SH,20220428,20211231,0.235,103.1927,62.075,26.3207
603286.SH,20220428,20211231,4.6998,-241.1335,-20.4478,1.9867
605055.SH,20220428,20211231,77.2133,-9.5222,13.5254,6.5036
301211.SZ,20220428,20211231,-28.2245,-42.1552,39.666,7.0314
300106.SZ,20220428,20211231,29.3783,-100.337,5.8934,3.2259
300605.SZ,20220428,20211231,19.7466,-77.0931,18.2998,8.3982
603915.SH,20220428,20211231,11.4848,-4.241,33.076,15.4639
000886.SZ,20220428,20211231,14.7676,-226.7217,-40.4423,-2.1947
603277.SH,20220428,20211231,64.5261,18.2439,-1.5681,15.1186
300043.SZ,20220428,20211231,14.008,-41507.8227,45.0468,-26.4685
688609.SH,20220428,20211231,42.7615,-26.4005,30.1545,7.8975
603329.SH,20220428,20211231,84.647,570.8878,20.6056,15.6588
300215.SZ,20220428,20211231,19.029,111.6444,83.0938,8.4641
603006.SH,20220428,20211231,-5.625,-22.5462,15.525,8.3514
603022.SH,20220428,20211231,-5.6127,-107.4979,-45.5003,2.7952
600961.SH,20220428,20211231,2.6775,297.3235,4.9562,73.5168
601012.SH,20220428,20211231,19.1559,-30.3211,30.9156,21.3826
603233.SH,20220428,20211231,7.6668,-113.8886,7.5559,13.2179
600796.SH,20220428,20211231,3.3662,34.3163,17.5603,-0.2636
600809.SH,20220428,20211231,-24.7928,-24.8993,56.0458,42.0748
688566.SH,20220428,20211231,-12.3561,-24.0552,36.0026,5.8759
600351.SH,20220428,20211231,-25.653,170.1551,29.1768,4.9183
603158.SH,20220428,20211231,19.257,-121.1003,1.7295,4.8054
300219.SZ,20220428,20211231,-0.3242,67.3687,32.2299,9.8671
603626.SH,20220428,20211231,48.8488,103.6959,8.3391,3.6514
603959.SH,20220428,20211231,20.3796,27.5357,32.4584,2.8995
600398.SH,20220428,20211231,-2.4002,-10.2457,36.1401,16.6346
003037.SZ,20220428,20211231,-15.875,-83.2963,26.0584,3.4488
688580.SH,20220428,20211231,2.7916,20.9975,56.8705,10.2171
000720.SZ,20220428,20211231,-54.1268,-107.1131,9.5637,-3.5604
603963.SH,20220428,20211231,-17.8377,-2141.1481,33.8435,-10.1319
300137.SZ,20220428,20211231,-30.579,-93.6448,66.6211,2.6378
000809.SZ,20220428,20211231,-34.638,-863.3934,84.325,-4.941
300576.SZ,20220428,20211231,29.3852,-116.024,-5.6933,6.2855
603928.SH,20220428,20211231,36.0676,235.1682,1.9345,8.3563
002282.SZ,20220426,20211231,-3.8018,91.6016,19.6647,3.4516
301063.SZ,20220428,20211231,19.2419,-16.8474,-3.459,9.4406
300679.SZ,20220428,20211231,11.2746,12.4763,51.7365,9.1768
688667.SH,20220428,20211231,-5.2601,-59.0201,19.7025,12.5711
300899.SZ,20220428,20211231,89.2587,110.0787,19.0396,6.2589
600562.SH,20220428,20211231,-9.328,25.1027,3.9072,10.3039
002043.SZ,20220428,20211231,18.4297,-10.2852,23.3461,29.1427
601669.SH,20220428,20211231,-7.2284,7.1647,20.5334,6.6618
301155.SZ,20220428,20211231,-37.8409,-16.3123,21.5335,34.3893
603110.SH,20220428,20211231,-9.8308,-169.1053,17.695,1.196
600798.SH,20220428,20211231,4.8962,423.3181,35.5104,5.1925
603260.SH,20220428,20211231,172.9364,368.0324,18.0165,54.8605
603599.SH,20220428,20211231,104.2865,191.2957,-15.3405,21.8413
002621.SZ,20220428,20211231,-16.7998,59.31,101.3632,-69.6416
002730.SZ,20220428,20211231,25.5009,218.5788,6.2805,7.3275
000518.SZ,20220428,20211231,-23.996,-316.6266,10.7693,-5.8914
605288.SH,20220428,20211231,13.2552,-58.7498,-1.511,4.5914
300572.SZ,20220428,20211231,-52.8434,-153.2145,27.3202,-0.6584
002045.SZ,20220428,20211231,11.5625,-304.8046,1.6118,0.4864
600636.SH,20220428,20211231,-39.822,-793.6862,43.3214,-17.0363
603818.SH,20220428,20211231,-3.4073,-104.7807,17.8468,7.0651
300058.SZ,20220428,20211231,-26.3452,-122.627,1.2851,7.1322
603898.SH,20220428,20211231,21.2472,-274.9074,27.1514,1.4741
600092.SH,20220428,20211231,,,,
000557.SZ,20220428,20211231,44.9502,-7.56,-3.5133,4.5477
603768.SH,20220428,20211231,10.6318,-2151.2535,20.7613,2.4382
688218.SH,20220428,20211231,16.3781,-54.6357,36.5037,1.8975
600419.SH,20220428,20211231,19.6917,35.2884,33.6694,7.0412
300307.SZ,20220428,20211231,97.0537,93.4607,-16.2957,1.4879
688133.SH,20220428,20211231,37.6657,11.0016,16.27,8.2482
600590.SH,20220428,20211231,-16.3812,6.2223,-7.9151,-11.2502
002871.SZ,20220428,20211231,27.9913,50.5356,32.0932,7.1566
300622.SZ,20220428,20211231,6.9553,-30.2341,17.2695,13.4389
603922.SH,20220428,20211231,20.1492,60.7756,26.9899,-1.7777
000717.SZ,20220428,20211231,33.2063,-56.8612,-2.2922,18.8656
002752.SZ,20220428,20211231,44.7484,7.8557,-5.1752,6.6073
834475.BJ,20220427,20211231,10.1655,-84.9429,-43.8819,8.402
600091.SH,20220428,20211231,199.4839,-18.4763,-68.8022,-5.9261
002999.SZ,20220428,20211231,25.0411,57.7744,46.0044,8.3307
600513.SH,20220428,20211231,12.9271,39.7082,15.1911,10.0578
688098.SH,20220428,20211231,141.7758,331.3904,88.5624,6.8376
000628.SZ,20220428,20211231,-6.3095,-67.7846,9.8157,8.735
603986.SH,20220428,20211231,64.7755,231.4433,24.2545,18.4014
688626.SH,20220428,20211231,-5.431,-12.2368,54.7138,11.335
300234.SZ,20220428,20211231,158.189,122.926,24.3732,5.6996
603662.SH,20220428,20211231,6.5032,-3.4127,26.2243,9.2193
688606.SH,20220428,20211231,66.8514,-6.0366,63.9038,34.347
603868.SH,20220428,20211231,7.4179,-17.566,33.2265,19.8925
000718.SZ,20220428,20211231,-70.0758,-163.3844,-11.6499,6.8678
835368.BJ,20220428,20211231,-10.6827,-24.3196,0.0475,11.4838
002361.SZ,20220428,20211231,16.2195,-148.995,12.0057,3.1872
430198.BJ,20220428,20211231,-21.6793,-24.5039,19.1484,7.8122
002780.SZ,20220428,20211231,9.1746,82.3103,26.0079,-4.3558
300427.SZ,20220428,20211231,-7.5089,-11129.1372,16.2124,-33.7723
300649.SZ,20220428,20211231,-18.2889,-123.976,46.6318,5.8691
688408.SH,20220428,20211231,-45.6649,-133.1834,41.3959,-1.4912
601233.SH,20220428,20211231,-32.5041,12.6895,28.4629,23.7088
605266.SH,20220428,20211231,22.5339,30.1938,12.5132,15.6033
603958.SH,20220428,20211231,5.2069,29.4994,9.0982,-3.5358
003016.SZ,20220428,20211231,-1.953,-29.02,27.1319,9.233
300277.SZ,20220428,20211231,-37.5245,-38.6307,2.6595,2.1264
603982.SH,20220428,20211231,-10.4689,-80.9308,-32.0278,5.2947
600119.SH,20220428,20211231,93.7213,-123.5053,9.5527,-62.4245
605008.SH,20220428,20211231,3.1521,-83.3783,4.8091,11.1564
300547.SZ,20220428,20211231,3.361,-12.2543,13.6831,11.3502
000755.SZ,20220428,20211231,-4.525,23.1577,93.534,10.2095
002554.SZ,20220428,20211231,26.4637,-235.1572,4.4078,2.2315
002409.SZ,20220428,20211231,85.5156,-179.5636,19.0186,6.5062
300232.SZ,20220428,20211231,32.9813,30.9125,7.6261,2.7443
688613.SH,20220428,20211231,-0.2517,-16.2993,43.0605,10.4412
603038.SH,20220428,20211231,8.8038,-143.774,17.92,-0.807
603616.SH,20220428,20211231,16.8787,-116.7639,-3.5669,2.6417
000832.SZ,20220428,20211231,,18.6933,,
603238.SH,20220428,20211231,-27.6052,-100.5768,10.7077,7.1465
000818.SZ,20220428,20211231,29.529,74.9328,18.1538,21.9638
300782.SZ,20220428,20211231,40.297,71.049,16.3008,37.6334
300417.SZ,20220428,20211231,-51.7441,-97.2353,35.6179,0.081
300315.SZ,20220428,20211231,-30.7936,-787.8588,14.9876,-25.5064
603016.SH,20220428,20211231,18.706,-18.5461,18.1506,5.463
300473.SZ,20220428,20211231,-10.5981,98.1352,17.0951,0.6366
603712.SH,20220428,20211231,22.1323,26.4325,-4.6544,19.5812
000913.SZ,20220428,20211231,-9.3273,-84.7373,-1.194,6.4573
603528.SH,20220428,20211231,-45.6357,-894.7702,67.4086,-11.1111
600068.SH,20220427,20211231,34.9748,29.7871,21.1931,
600763.SH,20220428,20211231,6.3371,-10.8672,40.2157,26.6771
603185.SH,20220428,20211231,212.7713,62.1343,36.6799,28.39
605007.SH,20220428,20211231,53.019,-19.508,-4.1836,18.5768
002849.SZ,20220428,20211231,-14.0434,-104.3549,36.231,6.311
603825.SH,20220428,20211231,96.0552,2.7024,6.8766,11.6852
002511.SZ,20220428,20211231,26.7526,-58.7216,15.3201,11.4203
603680.SH,20220428,20211231,-14.4727,-18.109,51.3578,6.4752
688633.SH,20220428,20211231,-38.5577,-55.9126,-13.9964,11.0885
600175.SH,20220428,20211231,-4.0586,100.5251,0.1627,-17.6498
603607.SH,20220428,20211231,16.6931,-38.6711,9.6683,10.5973
300550.SZ,20220428,20211231,-3.9473,-102.4631,29.5566,2.4339
688075.SH,20220428,20211231,24.3387,14.7498,38.4325,42.5338
002308.SZ,20220428,20211231,-3.8592,-82.0133,46.4742,-19.6454
300680.SZ,20220428,20211231,49.5074,12.044,3.6421,10.2944
600887.SH,20220428,20211231,10.6502,-27.8167,12.2061,20.3446
601900.SH,20220428,20211231,-1.7874,-54.2638,49.6614,8.6603
300340.SZ,20220428,20211231,110.7612,98.7149,0.8911,-0.3255
300155.SZ,20220428,20211231,-49.0004,-149.1675,53.7438,1.6255
001207.SZ,20220428,20211231,46.9597,-2.5105,8.0515,16.1836
300305.SZ,20220428,20211231,6.102,-31.7427,18.4186,12.958
300429.SZ,20220428,20211231,49.2838,209.8886,18.0948,5.0505
002077.SZ,20220428,20211231,-42.205,-268.6768,40.8055,0.7488
600395.SH,20220428,20211231,112.3294,35.4998,19.0516,19.6742
688767.SH,20220428,20211231,42.084,45.034,35.6227,64.7138
300972.SZ,20220426,20211231,44.5572,81.9821,30.179,0.7375
300538.SZ,20220426,20211231,70.8173,-3684.968,2.0026,-4.0287
002392.SZ,20220426,20211231,1.8916,-81.9212,7.3287,8.3781
600704.SH,20220426,20211231,31.878,187.5854,11.3085,12.1887
603261.SH,20220428,20211231,,,113.6068,13.6177
301248.SZ,20220428,20211231,,,50.3814,15.7662
301131.SZ,20220428,20211231,,,-8.8744,13.3756
688150.SH,20220428,20211231,,,77.6992,12.5688
603051.SH,20220428,20211231,,,21.4419,14.6928
301226.SZ,20220428,20211231,,,8.6536,13.7764
301148.SZ,20220428,20211231,,,24.7106,19.4673
601003.SH,20220428,20211231,54.9419,-277.3598,10.4872,11.699
688068.SH,20220428,20211231,327.5929,563.0561,82.1518,121.2472
002853.SZ,20220428,20211231,4.7863,-1315.3585,4.7559,-47.7182
600337.SH,20220428,20211231,4.4583,-72.2266,27.6247,4.4722
300409.SZ,20220428,20211231,70.877,82945.4404,10.6733,16.2022
300336.SZ,20220428,20211231,-83.1519,67.8016,499.2436,
000676.SZ,20220428,20211231,-50.7117,96.7347,22.828,1.5942
600812.SH,20220428,20211231,-9.4994,102.07,18.554,-0.8059
002742.SZ,20220428,20211231,-1.5347,-1233.1645,23.589,-25.3757
300241.SZ,20220428,20211231,5.6381,664.5426,52.6964,-1.1645
688737.SH,20220428,20211231,-58.5229,-244.7634,-6.4896,-1.4116
600116.SH,20220428,20211231,26.1319,-77.2553,32.8561,7.0117
600000.SH,20220428,20211231,-0.3253,-15.5783,-185.8647,8.0339
002388.SZ,20220428,20211231,29.0223,-41.9527,64.6463,4.4681
300326.SZ,20220428,20211231,9.7963,88.4032,36.545,3.0012
603007.SH,20220428,20211231,-99.878,-780.1515,53773.5359,-74.0723
002888.SZ,20220428,20211231,-16.1166,-69.9964,7.2859,5.4554
601106.SH,20220428,20211231,-4.9568,35.7136,40.4173,1.2045
600095.SH,20220428,20211231,64.4857,10900.7178,-478.1397,4.0758
300770.SZ,20220428,20211231,25.9373,12.7163,34.4128,21.9584
301037.SZ,20220428,20211231,-16.8397,-73.2774,5.8816,6.4801
688316.SH,20220428,20211231,-30.5855,-42.4484,-43.8187,-77.3155
300792.SZ,20220427,20211231,-14.3931,-15.7275,18.6395,12.4596
300560.SZ,20220428,20211231,50.9886,-11.3818,137.3443,6.3508
603387.SH,20220428,20211231,33.0473,35.5584,69.8407,18.6345
002630.SZ,20220428,20211231,457.7364,9.408,-33.1751,-33.0282
002098.SZ,20220428,20211231,46.125,-96.5493,15.6891,13.752
836433.BJ,20220428,20211231,5.3307,-7.4244,1.144,10.9987
600804.SH,20220428,20211231,-46.2808,-38.5268,-37.2559,-193.8892
000516.SZ,20220428,20211231,63.1946,-143.6303,34.033,-14.5507
688167.SH,20220428,20211231,40.2686,17.9665,11.8812,3.2955
300297.SZ,20220428,20211231,-115.454,45.4847,,-76.594
603017.SH,20220428,20211231,3.5832,-826.4204,42.3319,-25.9108
002805.SZ,20220428,20211231,183.0435,143.4413,28.4671,6.4621
000669.SZ,20220428,20211231,13.0556,-171.7945,4.6821,-73.5145
600778.SH,20220428,20211231,-23.4537,58.9911,16.728,-3.6355
000711.SZ,20220428,20211231,-77.7815,38.222,-0.711,-103.1336
300262.SZ,20220428,20211231,-188.8043,-153.7109,,-107.7253
002792.SZ,20220428,20211231,-61.968,-536.3145,24.8584,0.1084
601838.SH,20220428,20211231,13.8825,48.0051,-648.0167,15.9309
000687.SZ,20220428,20211231,-53.7199,70.3094,-8.9409,
600939.SH,20220428,20211231,-4.8718,-179.1693,6.4713,0.6773
600100.SH,20220428,20211231,-7.8658,-513.1536,21.7289,-13.6137
002930.SZ,20220428,20211231,14.1979,-7.7455,70.3885,11.7492
600226.SH,20220428,20211231,117.9827,93.7253,1.6055,5.0596
002153.SZ,20220428,20211231,-10.2229,-258.4786,31.9421,-6.086
600213.SH,20220428,20211231,-39.4093,242.4998,34.0661,-905.3026
601139.SH,20220428,20211231,38.4685,-34.5902,4.2639,11.0277
688595.SH,20220428,20211231,79.995,-55.6458,12.559,11.178
688265.SH,20220428,20211231,23.9129,6.7267,70.8912,5.1485
002822.SZ,20220428,20211231,13.5132,-262.6578,-10.2693,2.585
002955.SZ,20220428,20211231,15.1349,22.7868,23.3306,4.2853
300215.SZ,20220428,20211231,19.029,111.6444,83.0938,8.4641
603323.SH,20220428,20211231,2.2365,79.6379,159.2705,8.9559
300438.SZ,20220428,20211231,54.0466,121.0544,16.7763,5.2452
002673.SZ,20220428,20211231,28.5266,119.8814,-38.7675,5.2201
300044.SZ,20220428,20211231,0.3198,32.9773,122.6656,-58.1515
300025.SZ,20220428,20211231,-12.4189,89.4734,15.9698,-12.6003
300266.SZ,20220428,20211231,-36.4858,92.6207,-42.295,-11.8017
300176.SZ,20220428,20211231,13.1208,-356.1885,12.3879,-5.7158
300097.SZ,20220428,20211231,-48.5168,-9311.8187,-0.8863,-72.1074
002096.SZ,20220428,20211231,9.8733,-20.9794,13.8115,2.0078
300195.SZ,20220428,20211231,26.1448,74.4753,24.4533,0.2446
300134.SZ,20220428,20211231,16.7424,-2957.7812,2.2091,-7.578
688728.SH,20220428,20211231,-3.4577,119.064,4.6322,23.4291
600092.SH,20220428,20211231,,,,
300071.SZ,20220428,20211231,-8.0358,164.8877,7.2551,
002340.SZ,20220428,20211231,67.677,137.8444,9.6954,5.2448
002203.SZ,20220428,20211231,15.8344,36.4087,-5.59,7.3169
688596.SH,20220428,20211231,38.6612,-21.9366,6.5055,7.702
688260.SH,20220428,20211231,6.8173,83.6046,5.2679,2.4446
002989.SZ,20220428,20211231,14.3217,-126.9508,23.3968,5.3379
300201.SZ,20220428,20211231,-30.5204,142.7078,39.1445,10.8403
000812.SZ,20220428,20211231,51.502,35.1383,9.4325,2.0597
300205.SZ,20220428,20211231,-6.2211,-626.5724,-7.2487,-12.5502
002639.SZ,20220428,20211231,44.2459,38.455,-0.3038,-6.1395
002748.SZ,20220428,20211231,155.8947,186.2297,21.0295,18.6576
000056.SZ,20220428,20211231,19.8847,-251.3913,42.5636,-5.9552
002329.SZ,20220428,20211231,-18.6533,-187.7061,22.3668,-28.9482
688107.SH,20220428,20211231,302.8744,21.9969,-9.7885,-6.8612
000100.SZ,20220428,20211231,52.364,-59.5649,20.9301,24.4672
600726.SH,20220428,20211231,-6.8464,-226.928,20.6334,
001227.SZ,20220428,20211231,-32.0511,-65.0194,184.7727,5.7484
002505.SZ,20220428,20211231,-35.0628,230.2547,1.3402,2.217
002995.SZ,20220428,20211231,-20.0738,-145.5294,7.5159,4.2949
688282.SH,20220228,20211231,,,18.7887,32.3168
000883.SZ,20220428,20211231,46.2387,-1223.6367,-15.8955,7.2253
688225.SH,20220429,20211231,62.0542,71.6277,39.3358,7.066
300461.SZ,20220429,20211231,34.4128,-62.8035,48.6895,11.7792
600021.SH,20220429,20211231,40.2245,-616.7217,-28.9691,-10.0286
605016.SH,20220429,20211231,36.6908,24.6604,18.5362,10.0632
600735.SH,20220429,20211231,75.0122,77.7998,-5.1703,4.2444
300588.SZ,20220429,20211231,-69.7879,9.7659,131.2178,-24.1182
603269.SH,20220429,20211231,-4.127,-56.5552,10.8423,5.0729
600559.SH,20220429,20211231,14.273,75.6318,1.8164,9.6639
603960.SH,20220429,20211231,-35.9243,-99.1787,8.56,4.6133
300725.SZ,20220429,20211231,0.6424,5.525,-14.2137,10.7815
000657.SZ,20220429,20211231,-16.1842,97.6748,20.7655,10.6348
601665.SH,20220429,20211231,43.8932,38.4948,499.5599,9.025
603316.SH,20220429,20211231,11.8894,-86.0739,16.2206,1.6731
600083.SH,20220429,20211231,-3.2242,-21.9129,34.5902,72.7474
600852.SH,20220429,20211231,,,,
603681.SH,20220429,20211231,75.7237,-15.6438,5.2813,9.9588
603738.SH,20220429,20211231,76.0297,167.2683,47.3143,19.7652
300216.SZ,20220429,20211231,-5.7452,94.8376,3.9432,
600360.SH,20220429,20211231,26.2344,258.745,26.0809,3.5474
300074.SZ,20220429,20211231,24.7889,16.7767,35.0163,-1.6378
001208.SZ,20220429,20211231,54.7592,-30.5175,45.157,10.6231
600203.SH,20220429,20211231,54.0294,-296.7359,6.2977,-10.5915
601198.SH,20220429,20211231,-1.4236,76.7327,54.1578,6.8914
000959.SZ,20220429,20211231,36.596,91.0258,15.6664,19.8178
002498.SZ,20220429,20211231,39.3058,-7.8696,31.889,12.2909
603789.SH,20220429,20211231,-86.1706,42.6345,-196.0166,-28.7698
601020.SH,20220429,20211231,-40.1922,-116.8585,14.705,5.1212
000036.SZ,20220429,20211231,484.8172,1193.9597,17.4993,7.6896
605318.SH,20220429,20211231,27.2878,-46.6852,33.9286,6.7957
600190.SH,20220429,20211231,222.3202,-140.4217,110.5468,0.3153
002176.SZ,20220429,20211231,116.0579,2031.2788,27.7682,20.6216
688108.SH,20220429,20211231,40.0034,26.03,6.9928,-13.4125
002374.SZ,20220429,20211231,-12.0271,-358.6212,40.4956,-28.1601
601989.SH,20220429,20211231,44.9465,162.0441,17.0314,-1.7995
601108.SH,20220429,20211231,-4.0002,24.9746,-19.3571,10.3661
600806.SH,20220429,20211231,-14.7729,-1844.74,6.9964,
600469.SH,20220429,20211231,-10.5685,-409.142,11.8823,-4.3972
000767.SZ,20220429,20211231,62.6843,-101.1312,26.375,-1.8468
603139.SH,20220429,20211231,-11.4772,225.7637,21.9189,1.5172
600234.SH,20220429,20211231,-81.864,-80.6315,49.9964,4.7054
300422.SZ,20220429,20211231,-74.3912,-4514.0706,65.7651,-21.6717
002574.SZ,20220429,20211231,39.7215,102.4182,24.3601,-0.8847
002304.SZ,20220429,20211231,55.7992,-0.4607,288.8545,18.2109
600410.SH,20220429,20211231,0.4338,2235.226,16.5272,-2.141
000955.SZ,20220429,20211231,0.1278,114.8572,37.0906,-0.3775
002450.SZ,20220429,20211231,-30.2248,49.5799,-3.2212,
002676.SZ,20220429,20211231,13.9397,-589.6692,13.8653,1.3671
002048.SZ,20220429,20211231,-14.543,33.3127,26.8852,10.9762
002718.SZ,20220429,20211231,3.6246,-1702.186,7.7915,-6.9084
002779.SZ,20220429,20211231,43.771,92.1578,3.3655,0.6508
430047.BJ,20220427,20211231,173.3178,-9.2228,-38.4023,-22.2622
688556.SH,20220429,20211231,148.2551,228.2163,12.0808,16.2027
000511.SZ,20220429,20211231,350.9389,-443.2644,0.1509,-147.3163
002087.SZ,20220429,20211231,31.575,-4221.5084,-32.0981,2.9958
603040.SH,20220429,20211231,-8.3586,1.0983,33.3449,13.674
605228.SH,20220429,20211231,-19.451,-20.1614,16.8644,6.8663
002386.SZ,20220429,20211231,6.292,50.7187,5.2435,11.7005
002161.SZ,20220429,20211231,35.8125,130.5877,31.4506,-5.5193
688701.SH,20220429,20211231,15.6667,-95.0235,6.4158,3.8191
603566.SH,20220429,20211231,-1.2553,-79.9205,29.0974,10.5335
603648.SH,20220429,20211231,12.8216,36.3106,18.6036,7.9409
002604.SZ,20220429,20211231,,,,
688355.SH,20220429,20211231,17.4865,54.3539,26.7092,12.9746
601099.SH,20220429,20211231,-5.2451,74.5201,-17.7777,1.1966
600890.SH,20220429,20211231,-95.3098,61.5723,-1214.0127,-13.767
600897.SH,20220429,20211231,-41.1531,-128.5163,34.3602,1.8832
002675.SZ,20220429,20211231,32.6265,-238.563,34.0818,2.9334
603718.SH,20220429,20211231,25.4454,935.5799,-7.515,2.2015
000078.SZ,20220429,20211231,-8.8622,75.3727,-2.5733,0.723
600107.SH,20220429,20211231,15.9873,-91.3891,18.7211,2.1889
000545.SZ,20220429,20211231,21.9341,74.6676,27.3987,5.2435
601966.SH,20220429,20211231,-16.9763,-122.5117,18.0198,3.9069
000023.SZ,20220429,20211231,-51.5708,-928.7869,41.3788,-14.7789
600908.SH,20220429,20211231,7.5971,24.1673,78.6352,10.5022
688122.SH,20220429,20211231,40.694,105.8082,35.6823,16.0025
603551.SH,20220429,20211231,12.9657,-275.8305,42.1459,1.371
600626.SH,20220429,20211231,-22.2656,94.5659,12.8492,-10.7772
001211.SZ,20220429,20211231,9.4059,-25.3924,12.1179,9.0142
300550.SZ,20220428,20211231,-3.9473,-102.4631,29.5566,2.4339
839946.BJ,20220429,20211231,-36.5844,-138.1148,-55.3562,9.2476
603358.SH,20220429,20211231,-8.5762,12.9676,12.0157,10.1969
600476.SH,20220429,20211231,17.3618,71.9441,42.0143,2.2804
603466.SH,20220429,20211231,14.2149,-29.3354,61.2039,19.288
600455.SH,20220429,20211231,11.3994,2.8238,1.8322,17.8044
600023.SH,20220429,20211231,39.7262,-455.3091,-11.1187,-1.7181
832278.BJ,20220429,20211231,-10.4776,-72.6312,10.7047,8.6109
600167.SH,20220429,20211231,-0.5439,-39.9323,163.262,12.5164
603306.SH,20220429,20211231,17.5701,-35.226,25.0887,5.1622
000537.SZ,20220429,20211231,-44.6867,-240.9029,-14.7101,-9.5648
002177.SZ,20220429,20211231,-44.0246,159.6662,115.9869,-1.3788
002883.SZ,20220429,20211231,-4.8917,-37.0609,21.1664,9.8604
000831.SZ,20220429,20211231,40.247,-101.7241,-59.2534,7.4786
002739.SZ,20220429,20211231,4.4466,96.041,15.0026,0.134
000622.SZ,20220429,20211231,-19.0058,534.4425,417.9792,-0.5824
600482.SH,20220429,20211231,7.7229,312.8003,39.1772,0.5047
688590.SH,20220429,20211231,22.0721,96.4817,54.0347,6.0054
002303.SZ,20220429,20211231,-4.54,-50.1953,15.3365,1.7373
601188.SH,20220429,20211231,-45.2286,-107.8225,-2.9967,4.2275
603730.SH,20220429,20211231,3.3275,-2190.6123,-15.0413,8.7535
300421.SZ,20220429,20211231,-8.4121,-78.7165,-9.0858,6.6752
000568.SZ,20220429,20211231,29.256,41.1401,57.2925,30.8495
603883.SH,20220429,20211231,14.7679,2.1374,14.1983,13.2401
601698.SH,20220429,20211231,-2.1513,29.801,188.9245,4.4662
600764.SH,20220429,20211231,1.1852,3.9192,19.6151,11.4262
002695.SZ,20220429,20211231,-19.2458,-179.6443,-28.8322,4.944
600462.SH,20220429,20211231,32.3953,-156.6494,11.4934,-144.9953
603133.SH,20220429,20211231,-58.6424,-135.6702,-101.7715,-82.5593
603488.SH,20220429,20211231,9.2596,-45.9534,-0.8418,6.4973
001215.SZ,20220429,20211231,14.9028,14.6297,15.4692,11.1397
002287.SZ,20220429,20211231,25.5064,-14.3551,79.7788,11.9206
002448.SZ,20220429,20211231,-2.9616,10.9374,6.8334,6.0794
688575.SH,20220429,20211231,10.5926,-18.9415,40.8393,15.8671
000930.SZ,20220429,20211231,-8.6458,224.003,-7.4902,9.6768
002027.SZ,20220429,20211231,-12.6338,-8.9282,81.6603,30.5899
300396.SZ,20220429,20211231,22.8165,69.668,45.5473,10.6296
688255.SH,20220429,20211231,-42.265,-37.0997,16.7914,7.2314
002348.SZ,20220429,20211231,-17.9934,54.6639,23.805,-17.6336
603136.SH,20220429,20211231,-32.8666,-72.0229,23.9845,4.0329
002150.SZ,20220429,20211231,55.9925,73.5505,14.8124,9.8756
603355.SH,20220429,20211231,8.0742,128.1459,5.7465,13.1219
603359.SH,20220429,20211231,57.5411,280.8605,21.0868,14.0392
600148.SH,20220429,20211231,-42.6299,2.3555,62.76,6.6333
002796.SZ,20220429,20211231,5.4546,-785.7018,-8.8836,-54.7496
600741.SH,20220429,20211231,-5.3572,-23.1999,1.6194,9.7984
002454.SZ,20220429,20211231,9.6523,-87.8779,19.8876,1.5104
002636.SZ,20220429,20211231,9.4048,-128.7045,0.1329,20.0577
600035.SH,20220429,20211231,-0.7044,97.3648,59.3482,10.7068
603855.SH,20220429,20211231,8.5385,42.7929,29.8575,18.0682
600587.SH,20220429,20211231,-18.7724,460.9351,5.4799,8.267
688129.SH,20220429,20211231,30.7609,26.6642,25.2796,8.8226
600512.SH,20220429,20211231,-10.8369,-71.3875,18.1556,14.0827
300210.SZ,20220429,20211231,-44.0506,-268.9285,119.849,-21.9117
002897.SZ,20220429,20211231,79.3368,152.0821,1.5127,8.0251
603880.SH,20220429,20211231,-24.5068,-707.5046,-42.3314,-3.3318
300067.SZ,20220429,20211231,-3.2811,101.8548,17.2324,3.8554
002338.SZ,20220429,20211231,-4.7238,-100.4155,67.3464,3.5236
002603.SZ,20220429,20211231,-14.1289,-40.6818,12.4378,14.0623
300302.SZ,20220429,20211231,-7.8461,-137.3802,66.2288,-1.3867
871642.BJ,20220429,20211231,-22.6187,-82.5766,37.5232,7.7972
603819.SH,20220429,20211231,76.5277,570.2438,-13.3371,3.0847
002530.SZ,20220429,20211231,156.5992,82.4737,36.892,-21.3416
301151.SZ,20220429,20211231,,,27.1987,24.6918
301279.SZ,20220429,20211231,,,-16.2047,14.8058
688327.SH,20220429,20211231,,,26.416,-53.8675
301212.SZ,20220429,20211231,8.9275,-28.4704,10.6466,21.8307
301216.SZ,20220429,20211231,-0.3307,582.7457,-14.7341,23.8039
301268.SZ,20220429,20211231,,,18.3981,19.2237
301103.SZ,20220429,20211231,,,8.4328,7.5327
605016.SH,20220429,20211231,36.6908,24.6604,18.5362,10.0632
300588.SZ,20220429,20211231,-69.7879,9.7659,131.2178,-24.1182
601665.SH,20220429,20211231,43.8932,38.4948,499.5599,9.025
600852.SH,20220429,20211231,,,,
300216.SZ,20220429,20211231,-5.7452,94.8376,3.9432,
300074.SZ,20220429,20211231,24.7889,16.7767,35.0163,-1.6378
601020.SH,20220429,20211231,-40.1922,-116.8585,14.705,5.1212
000036.SZ,20220429,20211231,484.8172,1193.9597,17.4993,7.6896
600190.SH,20220429,20211231,206.575,-671.8496,120.0473,-0.8554
688108.SH,20220429,20211231,40.0034,26.03,6.9928,-13.4125
601989.SH,20220429,20211231,44.9465,162.0441,17.0314,-1.7995
601108.SH,20220429,20211231,-4.0002,24.9746,-19.3571,10.3661
600806.SH,20220429,20211231,-14.7729,-1844.74,6.9964,
000767.SZ,20220429,20211231,62.6843,-101.1312,26.375,-1.8468
300422.SZ,20220429,20211231,-74.3912,-4514.0706,65.7651,-21.6717
002450.SZ,20220429,20211231,-30.2248,49.5799,-3.2212,
002676.SZ,20220429,20211231,13.9397,-589.6692,13.8653,1.3671
002161.SZ,20220429,20211231,35.8125,130.5877,31.4506,-5.5193
688701.SH,20220429,20211231,15.6667,-95.0235,6.4158,3.8191
002604.SZ,20220429,20211231,,,,
600405.SH,20220429,20211231,-18.8922,-38.0278,18.0308,-14.7126
002675.SZ,20220429,20211231,32.6265,-238.563,34.0818,2.9334
688122.SH,20220429,20211231,40.694,105.8082,35.6823,16.0025
600626.SH,20220429,20211231,-22.2656,94.5659,12.8492,-10.7772
839946.BJ,20220429,20211231,-36.5844,-138.1148,-55.3562,9.2476
603358.SH,20220429,20211231,-8.5762,12.9676,12.0157,10.1969
600019.SH,20220429,20211231,6.053,-57.7351,35.2542,12.5365
002435.SZ,20220429,20211231,-8.6801,-2896.6042,53.8896,-12.484
300078.SZ,20220429,20211231,-100.4128,-1097.3174,,-30.8535
600518.SH,20220429,20211231,-25.9603,131.1441,9.903,
600807.SH,20220429,20211231,17.8014,123.3632,-112.7664,2.0221
300029.SZ,20220429,20211231,96.3588,597.3333,1.5402,-64.5342
300157.SZ,20220429,20211231,-62.0808,43.8154,17.3407,-116.6053
600289.SH,20220429,20211231,-86.4304,0.9558,67.6119,-11.6493
000560.SZ,20220429,20211231,6.829,-557.8384,21.3991,1.1696
688235.SH,20220429,20211231,105.9395,-29.4892,-228.2076,-30.5494
300338.SZ,20220429,20211231,-40.4842,52.7852,-27.2931,-176.8631
002569.SZ,20220429,20211231,-8.8523,85.9532,42.7523,-2.1727
300013.SZ,20220429,20211231,-1.958,63.3495,34.0009,-153.2092
300063.SZ,20220429,20211231,-7.072,-11.7726,0.6105,4.7084
300143.SZ,20220429,20211231,10.5188,-538.1502,8.0002,-23.7792
002503.SZ,20220429,20211231,-60.1218,30.0158,-13.6167,-160.1767
601212.SH,20220429,20211231,41.3447,17.2194,2.793,0.1476
002398.SZ,20220429,20211231,4.0979,-55.589,14.692,7.2511
601999.SH,20220429,20211231,-12.3599,-49.7066,29.8124,1.6922
300168.SZ,20220429,20211231,-28.1893,103.1009,101.8373,0.5641
000599.SZ,20220429,20211231,-30.5205,-351.0033,-12.8103,-19.7873
603076.SH,20220429,20211231,28.3018,-172.9423,26.5826,4.2469
605108.SH,20220429,20211231,2.0013,-17.9597,11.2898,6.4735
603777.SH,20220429,20211231,9.2362,165.9786,11.0092,-3.8976
601778.SH,20220429,20211231,-3.9155,-91.055,59.1968,2.7208
002622.SZ,20220429,20211231,63.4011,71.3554,9.2238,-9.249
600162.SH,20220429,20211231,-35.7964,-110.7523,47.5261,2.0703
000008.SZ,20220429,20211231,21.5108,-98.5263,46.4727,-23.9731
000762.SZ,20220429,20211231,67.1859,286.1443,60.7287,5.3502
300129.SZ,20220429,20211231,10.2025,-56.5963,-3.0759,8.6505
002946.SZ,20220429,20211231,10.7885,-34.4306,10.4808,9.6979
000659.SZ,20220429,20211231,28.0225,48.4817,25.7535,-6.1246
600718.SH,20220429,20211231,1.7488,1673.419,33.8815,0.3911
002197.SZ,20220429,20211231,-26.1258,365.7782,109.4511,0.0805
002170.SZ,20220429,20211231,24.5731,-31.2552,8.2665,3.6398
000156.SZ,20220429,20211231,10.8889,-9.5223,69.926,5.1985
000983.SZ,20220429,20211231,57.0954,231.9139,26.0738,19.6773
002193.SZ,20220429,20211231,-5.5699,384.9605,40.3004,-0.5175
002184.SZ,20220429,20211231,11.8873,8.1513,20.9951,10.2591
002625.SZ,20220429,20211231,51.9828,146.2197,-17.7539,3.051
603998.SH,20220429,20211231,28.432,133.6253,33.4926,5.3685
002747.SZ,20220429,20211231,-3.7806,-19.9399,54.71,3.1053
002122.SZ,20220429,20211231,38.9054,-1540.1775,35.3243,4.265
603096.SH,20220429,20211231,9.274,-100.8205,58.4445,5.9364
002953.SZ,20220429,20211231,58.9352,-75.2244,-9.3529,10.3956
000733.SZ,20220429,20211231,60.2498,116.6696,47.4266,20.5995
300082.SZ,20220429,20211231,-3.7453,63.4777,21.5952,10.0319
002207.SZ,20220429,20211231,-19.6394,430.0897,-27.3775,-30.7734
000558.SZ,20220429,20211231,-22.1296,43.8547,-18.4944,-8.4185
688159.SH,20220429,20211231,139.9298,92.1329,-0.188,-2.6776
600619.SH,20220429,20211231,5.042,111.1123,14.0588,0.3961
300773.SZ,20220429,20211231,15.274,15.9426,26.3026,18.4448
600182.SH,20220429,20211231,10.3666,-54.0228,17.1465,3.1919
300273.SZ,20220429,20211231,-89.2629,-2941.2544,721.0799,-24.4587
603079.SH,20220429,20211231,4.7822,497.108,-0.8674,3.9255
000799.SZ,20220429,20211231,10.8133,7.8195,103.6664,27.7693
688168.SH,20220429,20211231,44.6757,7.9096,34.5205,5.9719
603876.SH,20220429,20211231,54.719,5589.7837,17.14,8.7495
000852.SZ,20220429,20211231,39.5104,1183.205,10.2544,0.2337
000695.SZ,20220429,20211231,-54.1699,-661.2536,-4.1334,-17.8129
000758.SZ,20220429,20211231,-16.9749,-301.0151,-4.9455,0.7003
002065.SZ,20220429,20211231,14.0462,-241.4785,39.3332,4.0172
000536.SZ,20220429,20211231,-5.6228,-950.4729,33.7383,-10.2462
000506.SZ,20220429,20211231,-14.9639,77.4672,50.7921,-24.2578
000882.SZ,20220429,20211231,44.4472,-551.8417,49.1452,-0.7387
002089.SZ,20220429,20211231,52.7237,137.2176,-18.9336,-6.3446
002074.SZ,20220429,20211231,74.9874,-47.1183,21.4565,-2.3041
000678.SZ,20220429,20211231,-32.9614,-13.3668,14.4759,-5.4307
300677.SZ,20220429,20211231,-46.9833,-81.4928,15.3162,58.5815
603676.SH,20220429,20211231,12.8786,2.4222,24.4775,7.9157
605089.SH,20220429,20211231,20.3342,-2.9192,5.029,15.6743
002958.SZ,20220429,20211231,-25.5866,-31.5197,-103.8838,9.5413
002280.SZ,20220429,20211231,-14.4502,-157.947,3.2111,-21.8601
002753.SZ,20220429,20211231,34.0681,-45.0831,5.0017,15.0523
603556.SH,20220429,20211231,10.2735,48.9129,20.1479,2.3828
002919.SZ,20220429,20211231,-27.4844,-77.4642,48.6738,15.5077
300537.SZ,20220429,20211231,-41.0836,-75.5513,28.7497,-45.3373
605300.SH,20220429,20211231,5.5797,-45.4146,8.5721,7.7264
600928.SH,20220429,20211231,-4.67,1.1225,686.9802,10.5393
002740.SZ,20220429,20211231,-60.4501,50.4325,-1.1478,-147.5578
600979.SH,20220429,20211231,11.2324,25.0793,28.3832,4.2039
600290.SH,20220429,20211231,-52.9432,-538.3902,-91.9678,-81.9332
601021.SH,20220429,20211231,-12.8006,72.7097,-7.6945,-0.7868
002517.SZ,20220429,20211231,71.8665,463.2928,43.1156,14.7466
002911.SZ,20220429,20211231,55.4566,163.2757,9.868,12.9006
003003.SZ,20220429,20211231,25.6023,-81.9904,9.6431,0.3396
002729.SZ,20220429,20211231,4.6522,728.3998,120.5194,5.2594
002857.SZ,20220429,20211231,43.1192,42.5814,19.6293,3.3032
002482.SZ,20220429,20211231,-75.1747,-464.7807,-158.8438,-163.9942
002429.SZ,20220429,20211231,-29.3632,-290.9468,41.7351,0.6942
300757.SZ,20220429,20211231,42.9273,-80.9463,-20.4238,-9.5111
833346.BJ,20220429,20211231,-1.7304,-16.5255,28.4962,17.5375
300497.SZ,20220429,20211231,-5.3207,-536.1397,-9.6619,3.6158
300024.SZ,20220429,20211231,56.8369,49.7408,24.6416,-17.1848
688081.SH,20220429,20211231,-38.6553,-166.5822,1.5126,-7.2693
003041.SZ,20220429,20211231,-1.5135,-39.0148,74.2091,11.0097
688177.SH,20220429,20211231,436.5215,228.1276,87.6039,1.7553
000726.SZ,20220429,20211231,21.0445,6009.5635,6.1898,2.4312
002035.SZ,20220429,20211231,16.9569,-151.8642,11.8778,5.7993
601949.SH,20220429,20211231,-0.1402,2.6035,38.5288,7.5685
688008.SH,20220429,20211231,172.8835,40.1799,34.1728,7.5014
002733.SZ,20220429,20211231,6.6849,-2097.4001,-4.0363,-19.651
002486.SZ,20220429,20211231,23.6043,212.6159,23.0762,1.3466
002856.SZ,20220429,20211231,-81.1944,-2596.9933,51.95,-22.5847
600708.SH,20220429,20211231,32.9246,-89.3387,34.9673,-2.2317
300254.SZ,20220429,20211231,-14.3053,37.9326,9.3647,-20.7881
300202.SZ,20220429,20211231,-65.3882,-12686.9487,93.4858,-11.6968
002095.SZ,20220429,20211231,-79.7664,-64.7557,141.0994,0.2137
002108.SZ,20220429,20211231,-1.3438,-63.1468,31.2923,8.6103
600406.SH,20220429,20211231,4.2098,6.3728,31.3596,15.3282
000861.SZ,20220429,20211231,239.3305,-540.273,116.4651,-18.1698
002608.SZ,20220429,20211231,42.6482,-400.2286,-26.4832,-2.0416
688178.SH,20220429,20211231,23.6645,-95.5976,36.5387,5.4258
601997.SH,20220429,20211231,-6.7287,2.2146,-239.2486,12.5797
300185.SZ,20220429,20211231,-12.5998,-59.0726,-3.005,4.2621
688013.SH,20220429,20211231,36.7436,-42.8821,31.333,6.2135
600881.SH,20220429,20211231,-42.6821,-7585.8431,23.7735,-9.7314
688669.SH,20220429,20211231,14.7336,-35.1005,31.4033,1.4458
002259.SZ,20220429,20211231,30.599,-89.0131,1.5177,45.3077
002504.SZ,20220429,20211231,-67.5518,-471.5492,-86.2654,-99.4983
601577.SH,20220429,20211231,5.4053,15.9776,-264.1647,12.0986
000966.SZ,20220429,20211231,7.827,-344.8892,6.4903,-4.0927
002104.SZ,20220429,20211231,-10.3309,145.1681,55.7556,0.7825
003012.SZ,20220429,20211231,-6.2402,-171.9993,25.0968,0.6238
001210.SZ,20220429,20211231,7.4821,6.0064,87.1309,12.5357
002767.SZ,20220429,20211231,58.5681,92.773,37.2767,1.7759
002403.SZ,20220429,20211231,8.5573,-100.0736,38.8386,-5.9709
002286.SZ,20220429,20211231,34.397,1182.9677,-11.9222,9.6331
603338.SH,20220429,20211231,95.4862,252.624,37.4842,17.6809
688658.SH,20220429,20211231,5.6376,-8.6985,14.2191,13.6006
000153.SZ,20220429,20211231,-1.4321,-26.2724,13.3298,4.7552
300167.SZ,20220429,20211231,78.0471,-24.5302,2.1269,-50.1512
300619.SZ,20220429,20211231,68.0264,4.4266,7.0664,3.2145
688418.SH,20220429,20211231,-14.5654,-210.5479,0.8045,-9.533
603058.SH,20220429,20211231,3.4718,-93.5295,-25.0507,2.0636
300068.SZ,20220429,20211231,-38.0294,-74.2491,25.7918,-24.2752
600880.SH,20220429,20211231,-3.8242,-31.1974,40.9446,2.4387
605567.SH,20220429,20211231,-5.2759,-156.8918,7.4981,6.2577
002380.SZ,20220429,20211231,66.813,-140.6002,-68.0548,0.9822
300392.SZ,20220429,20211231,1123.2855,44.0274,-91.0958,-29.8874
002836.SZ,20220429,20211231,-28.5239,-86.3086,50.7106,2.1623
688787.SH,20220429,20211231,-16.446,-80.3483,-2.5705,3.3874
002210.SZ,20220429,20211231,36.2008,-99.9882,-16.7947,-1.6721
601801.SH,20220429,20211231,-2.7463,-162.2731,25.7973,5.3078
603939.SH,20220429,20211231,18.3517,12.4597,11.0206,13.2621
002219.SZ,20220429,20211231,-0.7912,-9608.3805,8.5561,-49.2533
600661.SH,20220429,20211231,-45.9508,-103.2807,-127.3032,-86.5128
301136.SZ,20220429,20211231,5.1653,-12.8265,72.3462,8.8901
688135.SH,20220429,20211231,55.9557,32.7093,52.3831,9.0441
603843.SH,20220429,20211231,19.2779,-46.4557,10.9586,5.2408
600155.SH,20220429,20211231,1955.0714,118.5369,189.3055,6.2893
002172.SZ,20220429,20211231,-37.081,49.7694,40.4321,-204.1929
002992.SZ,20220429,20211231,-19.9709,-892.0819,1.6359,-27.6556
300367.SZ,20220429,20211231,-82.6388,-16.3322,104.5829,
600259.SH,20220429,20211231,26.6404,-37.5609,24.4499,8.0926
300290.SZ,20220429,20211231,-53.8189,-777.2153,131.6185,-29.7854
002464.SZ,20220429,20211231,-38.8266,414.9259,90.8338,
688210.SH,20220429,20211231,-7.0151,-54.6321,16.1889,5.8665
002848.SZ,20220429,20211231,-10.6995,72.3072,14.9265,-48.3207
600868.SH,20220429,20211231,425.5029,45.8705,-10.7494,0.2415
600343.SH,20220429,20211231,-8.4354,-821.1357,58.7496,-13.6918
002520.SZ,20220429,20211231,11.3809,-524.924,50.7763,0.4786
300878.SZ,20220429,20211231,-12.5246,-91.8803,9.642,6.1092
002567.SZ,20220429,20211231,4.3788,-407.3285,-4.1911,-18.7054
002021.SZ,20220429,20211231,31.9792,-918.9493,-35.2347,3.1016
002607.SZ,20220429,20211231,-83.7777,-250.3472,-74.0573,-80.6506
300093.SZ,20220429,20211231,-68.2456,-146.6513,-245.2284,-37.445
002061.SZ,20220429,20211231,18.4063,-46.0254,17.4657,10.5805
600802.SH,20220429,20211231,41.1038,169.5555,14.7469,21.3855
300555.SZ,20220429,20211231,57.1792,-455.2246,-65.4778,-4.2595
600209.SH,20220429,20211231,-77.9555,53.476,685.6141,-14.5978
000858.SZ,20220429,20211231,11.1946,11.8365,69.0009,25.2499
002501.SZ,20220429,20211231,153.4691,-106.1105,-159.5,-31.3027
603208.SH,20220429,20211231,-12.0767,-130.0133,30.3903,12.3754
688093.SH,20220429,20211231,7.5072,17.2606,79.2943,12.5542
600612.SH,20220429,20211231,13.3605,6.9899,21.6984,18.5289
002887.SZ,20220429,20211231,-50.5177,-54.8417,-23.2349,6.7522
000620.SZ,20220429,20211231,35.1416,-247.8314,43.8997,-72.3457
002592.SZ,20220429,20211231,-18.6372,70.7213,28.9445,-16.0623
688222.SH,20220429,20211231,-28.826,-31.8175,21.8621,1.7964
300038.SZ,20220429,20211231,-100.1783,84.7499,,-31.6198
600686.SH,20220429,20211231,1.3536,-225.7895,30.095,-17.1456
300198.SZ,20220429,20211231,8.153,-1774.1276,-29.2979,-7.7917
002488.SZ,20220429,20211231,27.4182,65.678,-7.5747,-5.0949
688121.SH,20220429,20211231,101.536,183.1533,-8.0467,21.7167
002085.SZ,20220429,20211231,17.1995,-37.0373,9.2147,3.7532
600515.SH,20220429,20211231,-67.491,101.1739,-44.2558,0.4583
002005.SZ,20220429,20211231,-18.6676,28.536,8.9211,-23.1422
603609.SH,20220429,20211231,10.7183,-77.0858,6.7702,2.0402
300261.SZ,20220429,20211231,-7.4668,-19.1984,13.7602,6.9297
300126.SZ,20220429,20211231,14.4528,57.5228,26.9796,0.7121
000937.SZ,20220429,20211231,115.5961,3856.1311,23.4017,12.5306
002681.SZ,20220429,20211231,15.7386,4090.9858,9.9589,1.1791
600719.SH,20220429,20211231,-4.6117,-350.0529,152.7414,-16.3708
600293.SH,20220429,20211231,40.0866,97.5987,65.6375,19.6191
603687.SH,20220429,20211231,20.7238,-68.888,-4.4066,3.3013
002387.SZ,20220429,20211231,27.0295,-323.9567,51.6856,-12.3765
002976.SZ,20220429,20211231,20.3983,5.6405,-3.4892,4.5852
300657.SZ,20220429,20211231,21.7086,-980.4946,-0.5233,-19.5521
300209.SZ,20220429,20211231,-83.2558,-61.1229,31.6053,-151.3096
002408.SZ,20220429,20211231,9.3827,21.7503,5.655,21.877
603039.SH,20220429,20211231,41.111,-6.4114,28.5507,12.8236
002212.SZ,20220429,20211231,1.3793,-53.9254,33.747,1.6149
605001.SH,20220429,20211231,-49.9222,-163.0598,-86.2568,-8.4199
002582.SZ,20220429,20211231,96.7788,151.8088,-41.6635,-0.5127
002706.SZ,20220429,20211231,37.7834,26.2147,28.7387,18.3777
300182.SZ,20220429,20211231,-7.4792,97.9435,36.4327,4.0376
300912.SZ,20220429,20211231,-67.1644,-429.2434,18.1841,-13.9168
600996.SH,20220429,20211231,-3.949,1073.4992,27.5339,-10.9542
002889.SZ,20220429,20211231,-52.4012,7.4689,18.7761,11.1775
002113.SZ,20220429,20211231,-36.723,-214.4953,-106.4,-165.1443
300052.SZ,20220429,20211231,20.657,62.4961,28.0104,-4.9237
001313.SZ,20220429,20211231,32.0408,-15.8099,31.4582,7.5496
002072.SZ,20220429,20211231,1848.2882,106.9426,-13.3492,
600150.SH,20220429,20211231,26.7737,-246.8569,19.4419,-1.903
300282.SZ,20220429,20211231,-11.2941,81.7996,30.7598,-10.2515
600936.SH,20220429,20211231,-30.1851,-914.2487,72.1235,-11.7552
000752.SZ,20220429,20211231,-31.9168,-101.6329,58.1803,-0.3584
002852.SZ,20220429,20211231,26.9923,-71.5868,-5.1825,-7.2515
688607.SH,20220429,20211231,-17.4833,-26.5255,16.7183,11.8662
605333.SH,20220429,20211231,47.0276,-252.6582,-20.4721,-0.3214
601877.SH,20220429,20211231,2.075,-81.5915,47.1636,11.035
600886.SH,20220429,20211231,17.9089,-436.2,21.484,4.3995
600385.SH,20220429,20211231,44.3595,104.3423,106.7296,10.8656
600109.SH,20220429,20211231,65.3893,161.9507,-218.4952,9.6588
688058.SH,20220429,20211231,-33.9617,-65.2349,52.7524,1.3661
603679.SH,20220429,20211231,-19.395,-628.9555,85.1448,-9.2875
000788.SZ,20220429,20211231,-7.237,-1533.5142,6.363,3.3394
605066.SH,20220429,20211231,-18.245,-171.6818,9.6116,4.2442
002809.SZ,20220429,20211231,-12.3325,-41.5716,59.4288,6.0257
001215.SZ,20220429,20211231,14.9028,14.6297,15.4692,11.1397
871642.BJ,20220429,20211231,-22.6187,-82.5766,37.5232,7.7972
301162.SZ,20220330,20211231,,,25.5008,26.449
688163.SH,20220430,20211231,54.269,270.6536,45.9149,20.9305
600848.SH,20220428,20211231,63.8315,-5.7468,-11.2137,10.4214
300537.SZ,20220429,20211231,-41.0836,-75.5513,28.7497,-45.3373
600179.SH,20220430,20211231,74.222,-43.9908,38.8236,23.7255
603041.SH,20220430,20211231,21.594,-15.285,38.4369,6.8862
600345.SH,20220430,20211231,-75.9778,-21.4232,184.5348,4.493
600333.SH,20220430,20211231,9.1491,4.9835,28.28,-0.9104
600895.SH,20220430,20211231,132.5863,-114.9739,228.7408,7.6916
002679.SZ,20220430,20211231,117.5797,891.0416,102.089,-1.3851
601086.SH,20220430,20211231,-41.0771,-98.5597,14.0691,4.6186
002605.SZ,20220430,20211231,19.2278,4.4973,23.4543,22.461
000689.SZ,20220430,20211231,,-40.9022,,
600331.SH,20220430,20211231,20.7978,100.6338,9.2069,41.7682
002251.SZ,20220430,20211231,-19.9842,-518.3038,50.8006,-6.0952
603766.SH,20220430,20211231,13.142,-2342.9971,7.2955,1.1562
000935.SZ,20220430,20211231,21.8591,76.087,47.4922,17.7647
600074.SH,20220430,20211231,-76.012,64.9346,-1.0797,
688227.SH,20220430,20211231,-5.8239,9.4658,31.3642,5.2888
002278.SZ,20220430,20211231,25.5197,203.1077,42.231,1.9836
600771.SH,20220430,20211231,-38.5868,-525.8069,14.5683,-15.4013
000953.SZ,20220430,20211231,36.4804,143.0156,-4.4125,1.3361
603366.SH,20220430,20211231,14.1626,53.804,26.6466,5.0165
002418.SZ,20220430,20211231,-30.5092,-51.6082,26.1107,-1.3322
000627.SZ,20220430,20211231,115.3538,2433.5914,45.2343,2.0538
688096.SH,20220430,20211231,7.6676,-9.1731,9.0389,6.4197
600393.SH,20220430,20211231,2013.5906,45.2352,57.9778,-15.7271
600186.SH,20220430,20211231,9.0646,-65.1051,-3.2837,5.0528
600065.SH,20220430,20211231,1403.9332,-1107.8827,-16.6989,
605566.SH,20220430,20211231,29.6595,-39.8909,16.0088,11.6077
000607.SZ,20220430,20211231,-6.1116,111.1309,66.2598,5.5361
600672.SH,20220430,20211231,0.042,-53.8355,51.0052,10.1143
000517.SZ,20220430,20211231,-7.1985,-65.9203,92.4663,16.5485
600978.SH,20220430,20211231,107.5241,95.5827,-309.8317,-108.3633
300362.SZ,20220430,20211231,6.3716,-559.3661,-41.1128,-102.6449
603123.SH,20220430,20211231,-16.7426,-22.9908,41.1641,2.9252
002157.SZ,20220430,20211231,-53.5083,-3697.1638,-5.4556,-142.8916
600622.SH,20220430,20211231,85.6976,67.9567,44.7195,4.658
600208.SH,20220430,20211231,37.0225,-57.1171,100.2652,4.7082
300104.SZ,20220430,20211231,-50.4823,-26.9355,12.2036,
600533.SH,20220430,20211231,-59.7649,-61.6928,-14.5328,8.2479
600580.SH,20220430,20211231,5.9171,30.2846,21.51,5.5678
001209.SZ,20220430,20211231,7.8117,-45.0432,37.3749,10.2532
000985.SZ,20220430,20211231,29.9623,87.4912,-13.1383,1.6314
603600.SH,20220430,20211231,8.2714,-18.283,2.0036,9.8071
002795.SZ,20220430,20211231,56.0144,63.5013,29.6874,2.0863
600788.SH,20220430,20211231,,,,
000601.SZ,20220430,20211231,-39.8444,14.4583,-9.6893,-0.2313
000950.SZ,20220430,20211231,10.1266,18.8453,18.9648,8.9233
600015.SH,20220430,20211231,-5.1643,2.5856,-79.4328,8.1454
603787.SH,20220430,20211231,23.9242,2.873,-43.7956,-1.0503
000639.SZ,20220430,20211231,-1.5353,-96.8361,1.3427,4.2795
601825.SH,20220430,20211231,12.0297,9.2619,-239.8958,11.1721
600613.SH,20220430,20211231,22.5365,108.5452,11.6947,1.6713
601010.SH,20220430,20211231,-12.9157,-63.9479,21.4651,4.536
603313.SH,20220430,20211231,1.248,-388.9147,20.0038,-7.9953
603010.SH,20220430,20211231,35.7103,22.5308,23.2668,41.1068
600822.SH,20220430,20211231,-47.0235,-95.9412,8.5527,4.3192
605133.SH,20220430,20211231,5.6723,-42.7406,6.3919,6.3483
688010.SH,20220430,20211231,-12.0668,-18.3689,21.8505,0.9802
600679.SH,20220430,20211231,27.2671,104.5914,18.6425,4.056
600671.SH,20220430,20211231,1.5792,59.696,-50.5975,-60.7248
603983.SH,20220430,20211231,6.8491,-16.2268,28.3364,5.9043
603638.SH,20220430,20211231,-13.6028,-11.5259,-0.902,16.9208
603377.SH,20220430,20211231,0.6218,-121.9992,-21.6748,6.0311
603557.SH,20220430,20211231,271.3968,46.196,-105.665,-15.1346
605167.SH,20220430,20211231,2.6454,-11.9977,4.8461,8.4088
603322.SH,20220430,20211231,-21.2481,-3429.7101,48.3358,-84.722
002314.SZ,20220430,20211231,-21.2333,-58.4183,1.1073,5.5957
603378.SH,20220430,20211231,-9.0284,-930.9084,6.7852,-35.3287
600640.SH,20220430,20211231,-13.549,-192.886,-0.9392,-8.113
605100.SH,20220430,20211231,-45.148,-36.2591,60.5447,8.6264
603633.SH,20220430,20211231,18.3163,-28.6917,12.3742,4.1218
603800.SH,20220430,20211231,52.0997,-22.5497,-0.6284,-6.3093
603665.SH,20220430,20211231,20.8497,-22358.7153,0.1334,-19.8905
688071.SH,20220430,20211231,10.6507,60.1615,16.1803,16.053
002158.SZ,20220430,20211231,3.2797,0.8809,31.8109,18.5877
600448.SH,20220430,20211231,8.8111,-3059.9234,22.2199,-4.5606
600579.SH,20220430,20211231,2.147,25.5624,-0.7743,-2.9796
002802.SZ,20220430,20211231,7.5236,15.3752,15.1637,13.5131
002722.SZ,20220430,20211231,9.4312,-72.3125,23.7961,6.175
600624.SH,20220430,20211231,16.0085,-44.8968,-32.3498,-11.3824
603990.SH,20220430,20211231,-1.9536,-17.6937,33.2231,2.8485
600776.SH,20220430,20211231,-7.0167,-2.5141,16.0466,0.8428
600094.SH,20220430,20211231,-55.6275,-609.7994,124.5565,-4.7547
600813.SH,20220430,20211231,2.2378,-2.8979,-0.3116,
000957.SZ,20220430,20211231,99.8622,-90.8027,30.3375,-10.3512
603489.SH,20220430,20211231,75.1647,79.7057,34.5877,22.1814
600827.SH,20220430,20211231,-8.9654,-51.0928,14.4225,3.5226
600261.SH,20220430,20211231,-8.8183,-164.0387,20.4855,3.6266
002133.SZ,20220430,20211231,117.7626,-4.9255,-41.6021,8.097
600747.SH,20220430,20211231,91.1123,-4.0913,-1.254,
600753.SH,20220430,20211231,-38.9547,-556.9451,-12.9535,-21.8725
000621.SZ,20220430,20211231,-38.6888,-69.2479,-19.7461,17.1678
600189.SH,20220430,20211231,-41.2893,193.9412,28.6399,0.4059
000996.SZ,20220430,20211231,7.3883,-12.8859,-6.8345,0.3102
600086.SH,20220430,20211231,,,,
600439.SH,20220430,20211231,6.2225,-45.1784,40.9181,2.1036
603798.SH,20220430,20211231,31.8598,-34.4711,17.5707,9.4177
603711.SH,20220430,20211231,-20.1152,-41.6474,11.2433,4.2136
600641.SH,20220430,20211231,-36.4346,-23.452,247.0366,3.2658
002893.SZ,20220430,20211231,11.5809,432.0607,61.7877,4.202
600656.SH,20220430,20211231,,,,
605186.SH,20220430,20211231,87.733,8.4686,15.9625,12.5794
600104.SH,20220430,20211231,-7.0696,10.5741,6.6235,6.9585
600166.SH,20220430,20211231,-31.8137,-4112.638,3.2598,-44.014
603098.SH,20220430,20211231,10.1276,-222.404,25.3331,1.1958
600242.SH,20220430,20211231,-91.1486,-5711.8382,640.5761,-166.3582
688026.SH,20220430,20211231,76.8418,305.1001,16.3041,19.562
600701.SH,20220430,20211231,303.2417,48.7106,117.6349,
601929.SH,20220430,20211231,7.6156,-227.9517,100.9056,-1.28
600522.SH,20220430,20211231,-20.0846,-145.3745,15.534,0.1813
603020.SH,20220430,20211231,16.9804,-18.3686,8.281,4.3421
603037.SH,20220430,20211231,5.5293,-41.0667,35.0265,9.0445
688070.SH,20220430,20211231,17.0685,-124.1954,26.311,-7.3402
603111.SH,20220430,20211231,17.5644,14.8659,66.6254,12.2865
600652.SH,20220430,20211231,169.698,-177.957,-265.6236,-4.2814
600638.SH,20220430,20211231,281.6231,-82.6284,31.2336,1.7404
002599.SZ,20220430,20211231,-2.485,99.2339,24.2455,4.1444
605116.SH,20220430,20211231,20.4815,106.7767,19.1607,11.3019
688165.SH,20220430,20211231,-11.923,-23.7152,-14.1193,-16.1945
688175.SH,20220430,20211231,,,40.505,15.9047
600291.SH,20220430,20211231,101.9303,52.217,-73.2862,4.3773
600340.SH,20220430,20211231,-66.8165,-607.5047,15.2243,-96.5011
605598.SH,20220430,20211231,-50.4465,-110.7056,12.9951,5.2093
603598.SH,20220430,20211231,-25.2092,-872.8209,5.6998,-70.4125
002551.SZ,20220430,20211231,-11.5524,-191.1837,27.0091,0.5537
002640.SZ,20220430,20211231,-48.1522,107.2698,9.5234,-169.6142
000889.SZ,20220430,20211231,-64.7174,-23172.0693,69.0124,-129.1161
600490.SH,20220430,20211231,-53.3259,-103.8399,58.7382,1.204
000403.SZ,20220430,20211231,62.3286,6.0286,31.727,7.1206
600133.SH,20220430,20211231,5.0063,-30.6425,24.4435,6.6618
000606.SZ,20220430,20211231,-99.3432,50.0304,-4812.9379,-808.1581
002321.SZ,20220430,20211231,1.8418,-242.4693,-45.9396,-84.5252
300301.SZ,20220430,20211231,-2.5014,-81.6041,-17.6041,-44.4446
002684.SZ,20220430,20211231,10.5029,230.3065,13.2739,
000616.SZ,20220430,20211231,-99.2512,-105.5897,-238.2381,1.0979
603068.SH,20220430,20211231,17.9166,136.3555,9.7817,2.2374
688711.SH,20220430,20211231,90.3154,171.3446,-45.6734,7.7617
600069.SH,20220430,20211231,16.8964,97.519,-3.4785,
002620.SZ,20220430,20211231,-22.0774,-7513.8288,10.9428,-118.6328
600112.SH,20220430,20211231,55.3438,310.4741,-30.9267,-3868.8865
600629.SH,20220430,20211231,13.9976,176.5155,39.3744,8.1704
002468.SZ,20220430,20211231,21.7377,-2257.3579,16.0937,-11.3484
002269.SZ,20220430,20211231,-37.4772,-80.1793,47.7285,-64.359
002366.SZ,20220430,20211231,2.9832,42.8553,52.4446,-202.2092
601860.SH,20220430,20211231,22.6389,15.3092,-357.2867,9.5977
000638.SZ,20220430,20211231,297.3765,1265.7535,5.8608,4.2419
300149.SZ,20220430,20211231,4.1154,-685.4232,27.0471,-19.2291
002798.SZ,20220430,20211231,-7.5824,-273.7637,-12.296,1.6473
000613.SZ,20220430,20211231,-24.2415,35.8479,-25.9,-6.239
000046.SZ,20220430,20211231,72.214,-135.9991,153.844,-88.6459
603030.SH,20220430,20211231,-47.7925,-4016.1129,-2.0751,-76.3327
603203.SH,20220430,20211231,28.7516,-0.858,37.278,17.9974
603690.SH,20220430,20211231,25.8597,-47.433,1.0364,4.4988
002375.SZ,20220430,20211231,-13.6382,-1689.5174,49.4387,-11.9964
000587.SZ,20220430,20211231,100.811,-138.3514,-183.5517,-3533.5813
688500.SH,20220430,20211231,8.6637,-3181.0776,47.6979,-5.4276
601169.SH,20220430,20211231,2.5686,-17.7081,-159.2833,8.6872
002325.SZ,20220430,20211231,-39.9586,-2.4597,34.4001,-12.015
002781.SZ,20220430,20211231,3.6605,-257.1384,5.2885,-271.9258
300469.SZ,20220430,20211231,-33.3726,-9.1758,106.6313,-64.9815
600260.SH,20220430,20211231,-155.6776,-1348.9667,,-294.9339
000918.SZ,20220430,20211231,23.2028,-172.0912,28.824,-57.7669
002773.SZ,20220430,20211231,-19.7256,72.6637,8.0911,5.0755
600078.SH,20220430,20211231,-3.8349,184.6355,14.8365,-27.8334
603603.SH,20220430,20211231,-118.5408,-224.7819,,
600816.SH,20220430,20211231,,123.596,,-153.003
000615.SZ,20220430,20211231,-81.6577,-1104.7152,-113.2026,-42.2375
300023.SZ,20220430,20211231,1140.9317,2264.6958,0.9455,-0.127
000671.SZ,20220430,20211231,-97.2937,-498.0472,-973.8873,-39.2803
002708.SZ,20220430,20211231,1.4685,-1037.4821,-9.8177,-8.4736
000540.SZ,20220430,20211231,-112.0391,-2327.9812,,-40.519
600077.SH,20220430,20211231,-23.3058,-344.5933,70.1559,-8.3891
002581.SZ,20220430,20211231,1.2962,14.9977,-22.4945,11.2697
002178.SZ,20220430,20211231,11.4934,102.4158,56.3268,-1.8499
688555.SH,20220430,20211231,27.5807,-68.8697,74.271,4.6773
002750.SZ,20220430,20211231,21.2699,-136.5205,2.9256,-1.6161
601127.SH,20220430,20211231,3.7589,26.1797,-3.7523,-42.5709
000826.SZ,20220430,20211231,17.6933,56.3607,20.8663,-42.1101
600228.SH,20220430,20211231,-7.7793,-20.1202,8.6909,18.4089
000070.SZ,20220430,20211231,-36.7019,-2279.4525,30.0116,-30.1341
000007.SZ,20220430,20211231,337.727,154.6319,-75.3006,14.6177
600275.SH,20220430,20211231,640.3562,-10.8422,8.9206,-171.2698
600215.SH,20220430,20211231,-25.0372,-59.9297,3.6145,1.8565
002447.SZ,20220430,20211231,-44.0845,-32.8686,11.8867,-37.9512
300064.SZ,20220430,20211231,27.5525,25.6203,-26.0356,
600187.SH,20220430,20211231,-24.044,-1629.0704,69.7167,-3.4506
002356.SZ,20220430,20211231,-47.9498,410.7189,-0.1506,
600637.SH,20220430,20211231,-7.2254,173.9819,29.5202,1.1888
300104.SZ,20220430,20211231,-50.4823,-17.3111,12.2036,
600545.SH,20220430,20211231,17.1823,54.9412,24.4076,-21.5293
002506.SZ,20220430,20211231,9.6826,32.5336,64.3759,-57.6512
600015.SH,20220430,20211231,-5.1643,2.5856,-79.4328,8.1454
601968.SH,20220430,20211231,21.5677,464.7635,21.4638,8.9315
000820.SZ,20220430,20211231,6431.2973,106.647,-11.0288,
000908.SZ,20220430,20211231,529.1921,84.4172,14.9427,-115.4932
002316.SZ,20220430,20211231,-52.768,52.8958,11.5829,-423.7478
002602.SZ,20220430,20211231,-2.1989,-180.3802,-4.2142,0.8041
002024.SZ,20220430,20211231,-67.3396,-640.3121,-8.4636,-81.9941
000333.SZ,20220430,20211231,18.4268,-1.6575,9.0059,21.395
600388.SH,20220430,20211231,-4.8227,28.6339,28.2731,10.6441
000769.SZ,20220429,20211231,49.0306,-84.7014,30.7225,3.3201
000525.SZ,20220430,20211231,56.2509,-1414.4306,15.1052,-11.0556
600555.SH,20220430,20211231,1960.7404,24.0339,45.1618,-25.4348
600654.SH,20220430,20211231,-32.2522,-1679.4775,2.9874,
600870.SH,20220430,20211231,4562.9103,-133.9346,20.5596,-66.9262
600732.SH,20220430,20211231,25.3818,-118.4853,7.9013,-5.3877
002751.SZ,20220430,20211231,-52.0611,-2004.3121,-157.7217,-35.2403
000673.SZ,20220430,20211231,-41.4879,-178.7456,-103.1656,
600277.SH,20220430,20211231,-45.5264,-19.1118,27.6811,4.6101
002775.SZ,20220430,20211231,-53.026,-7963.0437,-137.3031,-106.2565
000571.SZ,20220430,20211231,119.767,66.2945,15.7409,-21.7819
002558.SZ,20220430,20211231,18.1045,-37.1859,48.3683,10.5393
002699.SZ,20220430,20211231,35.2172,70.8521,96.0281,-14.3875
600466.SH,20220430,20211231,-54.5815,-1228.4099,-9.9397,-114.2492
000621.SZ,20220430,20211231,-38.6888,-69.2479,-19.7461,17.1678
600086.SH,20220430,20211231,,,,
300089.SZ,20220430,20211231,-75.7022,-151.7865,238.696,
300325.SZ,20220430,20211231,60.2562,35.8595,19.5718,
000732.SZ,20220430,20211231,312.3137,-7.4098,51.5431,-35.0052
000150.SZ,20220430,20211231,-9.8892,-10.678,36.6904,
600117.SH,20220430,20211231,-2.932,-1976.489,21.7719,-73.532
000917.SZ,20220430,20211231,-51.2541,76.5374,6.7107,2.3138
002086.SZ,20220430,20211231,-11.8037,-188.3434,27.043,-88.3394
600221.SH,20220430,20211231,-29.4153,116.8744,-25.1945,
600522.SH,20220430,20211231,-20.0846,-145.3745,15.534,0.1813
603808.SH,20220430,20211231,12.0537,-41.8498,24.9364,9.9216
002147.SZ,20220430,20211231,-13.231,88.2523,28.8892,
000806.SZ,20220430,20211231,16.6266,-3611.8083,15.0488,
000981.SZ,20220430,20211231,-41.4443,-74.3944,0.9069,-68.5533
002377.SZ,20220430,20211231,-49.7961,83.2121,11.1769,-65.47
000796.SZ,20220430,20211231,-62.5494,14.6686,1.508,-105.7565
603861.SH,20220430,20211231,30.3793,-78.2863,13.8906,1.3902
002355.SZ,20220430,20211231,-44.0166,-145.1718,-51.8223,-25.7579
000415.SZ,20220430,20211231,103.6642,80.5016,59.9248,-10.016
603191.SH,20220318,20211231,,,34.1594,16.85
600016.SH,20220330,20211231,-8.3137,63.3775,-370.2769,6.2501
000668.SZ,20220430,20211231,206.2866,11913.28,-188.3196,-13.5019
002899.SZ,20220430,20211231,-20.671,-185.7813,40.6861,2.8611
002665.SZ,20220430,20211231,-133.0022,83.8917,,-3.921
002345.SZ,20220430,20211231,32.1573,11.2507,-1.7038,9.7191
002617.SZ,20220430,20211231,-6.2897,-61.1559,-10.5853,-0.2149
000605.SZ,20220430,20211231,9.9285,-21.8904,13.2309,-1.5039
688329.SH,20220430,20211231,18.2571,29.7452,15.614,14.1283
002473.SZ,20220430,20211231,-31926.7322,143.3496,,-98.6369
002726.SZ,20220430,20211231,-33.5525,-438.5216,-1.7314,-17.3212
002146.SZ,20220430,20211231,-95.239,-360.1702,804.3673,-11.4527
000887.SZ,20220430,20211231,-13.6039,-23.011,2.7741,7.3192
002224.SZ,20220430,20211231,5.2275,-100.8641,46.7069,5.7012
600340.SH,20220430,20211231,-66.8165,-607.5047,15.2243,-96.5011
688086.SH,20220430,20211231,-44.9851,-124477.5404,-178.8855,-6.8167
605598.SH,20220430,20211231,-50.4465,-110.7056,12.9951,5.2093
603598.SH,20220430,20211231,-25.2092,-872.8209,5.6998,-70.4125
600339.SH,20220430,20211231,7.1248,-254.2198,31.1873,1.6856
600917.SH,20220430,20211231,12.6314,69.0024,0.7046,8.8502
002081.SZ,20220430,20211231,-39.248,-1062.707,25.5486,-35.3983
601258.SH,20220430,20211231,-9.3108,-43.2533,-0.9695,-3.4267
002495.SZ,20220430,20211231,-24.9773,-43.9494,141.9405,1.3358
600139.SH,20220430,20211231,-99.9322,78.4031,20475.6929,
002786.SZ,20220430,20211231,40.8669,-7.5658,1.5504,-112.7315
600359.SH,20220430,20211231,-6.2727,-143.706,14.2203,5.254
688189.SH,20220430,20211231,-35.1708,-481.3617,112.072,-11.7385
688682.SH,20220430,20211231,68.9073,36.6344,32.5041,12.827
002573.SZ,20220430,20211231,35.5492,352.4969,1.6292,9.2973
000730.SZ,20220430,20211231,-9.6879,-161.3143,22.284,1.432
000413.SZ,20220430,20211231,-31.1864,39.2636,39.1202,-10.3463
002769.SZ,20220430,20211231,-40.2898,-74.4115,-24.2564,0.9746
002277.SZ,20220430,20211231,-19.6752,-191.7036,31.3916,1.6797
002833.SZ,20220430,20211231,-0.297,-14.9323,32.1888,23.0584
002714.SZ,20220430,20211231,32.1142,-127.8558,13.2778,12.9536
002647.SZ,20220430,20211231,14.3872,88.652,24.0112,-17.7643
000839.SZ,20220430,20211231,73.1819,57.3874,5.5436,-24.7129
002570.SZ,20220430,20211231,49.4197,109.2153,22.5372,0.4505
603326.SH,20220430,20211231,-17.3887,-370.6582,49.7523,-19.4318
600628.SH,20220430,20211231,-1.5708,-122.5382,39.0753,0.4592
000716.SZ,20220430,20211231,-11.8966,-464.003,25.9185,-4.0818
600783.SH,20220430,20211231,6.0286,353.2439,-22.4679,12.8115
002535.SZ,20220430,20211231,-65.0489,-1152.3375,291.3423,-68.9276
002735.SZ,20220430,20211231,0.1319,-16.5815,10.585,9.6195
600257.SH,20220430,20211231,20.8823,-13188.0829,13.3996,-8.3211
600191.SH,20220430,20211231,518.0019,100.7313,-57.9547,0.5166
600601.SH,20220430,20211231,-13.9887,-1.355,3.455,-7032.988
688051.SH,20220430,20211231,-54.3427,-239.7208,91.0776,-10.7939
002321.SZ,20220430,20211231,1.8418,-242.4693,-45.9396,-84.5252
300301.SZ,20220430,20211231,-2.5014,-81.6041,-17.6041,-44.4446
002684.SZ,20220430,20211231,10.5029,230.3065,13.2739,
000616.SZ,20220430,20211231,-99.2512,-105.5897,-238.2381,1.0979
002397.SZ,20220430,20211231,7.9501,-1032.9429,10.8874,-9.4085
002173.SZ,20220430,20211231,-12.0435,74.5517,-2.1439,-4.3656
603399.SH,20220430,20211231,41.4915,76.5034,26.1959,0.6999
600136.SH,20220430,20211231,-118.9389,-83.375,,-162.0564
000596.SZ,20220430,20211231,42.5129,3.8078,41.0928,16.4498
002565.SZ,20220430,20211231,-15.0712,-1526.2375,16.1123,-1.7587
000651.SZ,20220430,20211231,17.5477,-12.475,-9.1838,19.9688
002589.SZ,20220430,20211231,-52.5457,-52.9319,-11.6765,-3.0517
600311.SH,20220430,20211231,53.9222,55.2895,5.3789,-361.6055
002131.SZ,20220430,20211231,19.1821,-155.2191,-2.2897,-11.8353
002830.SZ,20220430,20211231,-15.1412,-41.553,21.9516,4.0219
000881.SZ,20220430,20211231,31.8749,-256.5807,13.2929,0.8832
000821.SZ,20220430,20211231,40.3421,103.9424,43.5669,5.1078
002432.SZ,20220430,20211231,300.6951,811.1515,22.7704,34.5771
002502.SZ,20220430,20211231,153.6973,314.9633,35.6393,-6.1523
605319.SH,20220430,20211231,7.0839,-21.5964,40.4453,5.5127
000656.SZ,20220430,20211231,21.6301,-135.7511,13.9296,7.567
002485.SZ,20220430,20211231,-156.5848,-1411.2197,,-1.9802
002291.SZ,20220430,20211231,53.2444,-502.464,25.0925,-16.1959
002301.SZ,20220430,20211231,-27.2202,-1681.0522,2.5847,-17.814
300736.SZ,20220430,20211231,-59.9072,94.1405,21.653,0.1688
600496.SH,20220430,20211231,27.4629,-20.3085,7.4215,8.8426
002867.SZ,20220430,20211231,54.5512,-27.292,39.7478,21.3599
603661.SH,20220430,20211231,19.0719,18.0453,9.1885,9.8542
600682.SH,20220430,20211231,4.0781,44.2632,51.3893,6.0292
000611.SZ,20220430,20211231,3251.4092,193.9007,-23.0604,-5.2454
000564.SZ,20220430,20211231,-21.9919,92.0243,-5.0913,-7.9713
688006.SH,20220430,20211231,56.0646,-104.5839,33.9949,6.145
600546.SH,20220430,20211231,126.0168,1655.2146,53.3269,47.5281
002459.SZ,20220430,20211231,66.1417,237.5424,34.3843,11.8573
000920.SZ,20220430,20211231,-25.8641,-56.1802,18.0995,8.3803
000065.SZ,20220430,20211231,-8.4483,-44.6009,46.7639,6.423
601007.SH,20220430,20211231,28.7261,-43.4192,16.0467,0.859
000735.SZ,20220430,20211231,-3.0567,-10650.8011,34.702,-9.8447
603228.SH,20220430,20211231,29.7703,-4.3268,16.8501,12.1221
002058.SZ,20220430,20211231,27.1349,192.3543,13.4218,3.9977
002174.SZ,20220430,20211231,-29.5111,75.0833,17.1525,-5.701
002862.SZ,20220430,20211231,58.2131,66.7285,55.88,-3.9203
600896.SH,20220430,20211231,-0.2274,-209.8737,-25.5601,-15.1398
000967.SZ,20220430,20211231,-14.8765,-65.6643,58.1443,3.15
000504.SZ,20220430,20211231,-23.8626,-192.0521,146.3866,-135.9597
603567.SH,20220430,20211231,-12.5755,-54.1195,4.6627,1.264
600843.SH,20220430,20211231,9.408,-158.4874,12.8425,1.4603
002313.SZ,20220430,20211231,85.9284,61.6524,35.4721,-10.0717
002244.SZ,20220430,20211231,-13.7381,18.3113,2.5006,15.3384
688221.SH,20220430,20211231,-74.9657,-23.2835,-1463.8815,-15.6557
600250.SH,20220430,20211231,-25.083,-199.0639,42.6034,-22.882
002466.SZ,20220430,20211231,366.4394,312.0568,18.8474,14.8467
688328.SH,20220430,20211231,-36.4396,-60.9995,41.2958,8.237
002721.SZ,20220430,20211231,-65.9057,52.8028,-28.4121,-85.8572
603797.SH,20220430,20211231,32.3599,90.1167,57.5531,12.2705
002440.SZ,20220430,20211231,-16.0598,-27.8642,-13.879,6.5347
300225.SZ,20220430,20211231,-33.0286,-300.5496,2.5384,-12.8562
603189.SH,20220430,20211231,5.0896,-60.8566,6.4511,4.0794
600056.SH,20220430,20211231,5.1068,-359.7546,9.5809,5.7719
603895.SH,20220430,20211231,4.9134,2.0293,-17.7973,0.0239
600856.SH,20220430,20211231,21.8495,-999.4276,30.0243,
688567.SH,20220430,20211231,173.3245,-1304.1441,64.0252,-13.0516
002168.SZ,20220430,20211231,-14.5964,55.0674,48.0735,-89.6229
002618.SZ,20220430,20211231,377.4031,92.774,7.0246,-24.504
002470.SZ,20220430,20211231,-11.3493,80.7639,-22.0209,-15.4064
000976.SZ,20220430,20211231,-91.6637,-159.9992,2340.8056,5.1677
601113.SH,20220430,20211231,-32.0691,-166.5746,1.7385,-20.6476
002211.SZ,20220430,20211231,-43.9574,-930.1805,2.8011,-152.8931
002586.SZ,20220430,20211231,51.1923,80.0846,12.2844,-3.6632
002047.SZ,20220430,20211231,-33.416,-4453.8119,-32.4568,-50.2024
600595.SH,20220430,20211231,54.4917,109.8484,11.5131,12.9165
603887.SH,20220430,20211231,-16.2988,-716.0621,2.2386,-17.0886
002292.SZ,20220430,20211231,5.5241,19.8399,-9.2214,-15.2176
002663.SZ,20220430,20211231,6.5547,-169.5805,12.8458,-18.5759
000066.SZ,20220430,20211231,-15.2674,-54.6308,54.2174,1.4175
002097.SZ,20220430,20211231,-18.0155,-893.2795,14.6141,3.922
600793.SH,20220430,20211231,-45.5914,-54.6405,22.4047,3.5423
002266.SZ,20220430,20211231,31.9389,-23.8714,-2.432,21.1882
600589.SH,20220430,20211231,-105.4256,44.9367,,-67.8902
000790.SZ,20220430,20211231,77.0699,371.9715,2.4892,7.4471
000932.SZ,20220430,20211231,7.8167,22.9952,2.1137,24.2079
000523.SZ,20220430,20211231,126.5154,144.2668,-15.1431,
002717.SZ,20220430,20211231,-23.9302,101.0289,21.0029,0.143
002239.SZ,20220430,20211231,7.5347,35.2119,24.3913,-0.2761
000679.SZ,20220430,20211231,-29.3042,-8296.7063,35.3698,-41.1833
002115.SZ,20220430,20211231,-0.5257,-626637.1322,15.934,-30.0906
002335.SZ,20220430,20211231,11.5988,23.319,48.1593,9.5481
600791.SH,20220430,20211231,507.5865,1032.4789,9.6287,-2.1727
600082.SH,20220430,20211231,-45.6889,-28.4588,83.6345,-1.1229
002405.SZ,20220430,20211231,93.7155,242.5411,20.5769,0.6024
300269.SZ,20220430,20211231,6.3954,84.4303,24.669,-55.1143
002159.SZ,20220430,20211231,-51.8075,-526.0398,23.9719,-18.1359
300149.SZ,20220430,20211231,4.1154,-685.4232,27.0471,-19.2291
002798.SZ,20220430,20211231,-7.5824,-273.7637,-12.296,1.6473
000613.SZ,20220430,20211231,-24.2415,35.8479,-25.9,-6.239
002094.SZ,20220430,20211231,-46.9441,91.7136,38.873,0.3653
000697.SZ,20220430,20211231,-4.6738,-21.2597,-19.5206,-77.4798
000502.SZ,20220430,20211231,2374.7764,0.6082,38.3292,-12.8881
600501.SH,20220430,20211231,-20.8206,-9.5445,76.3026,1.4877
002771.SZ,20220430,20211231,-8.0995,63.1413,50.8194,1.6869
002755.SZ,20220430,20211231,-38.027,-104.9956,43.2719,10.4314
000892.SZ,20220430,20211231,-143.2815,38.1796,,-22.9382
603203.SH,20220430,20211231,28.7516,-0.858,37.278,17.9974
603690.SH,20220430,20211231,25.8597,-64.9623,1.0364,3.8843
002375.SZ,20220430,20211231,-13.6382,-1689.5174,49.4387,-11.9964
000587.SZ,20220430,20211231,100.811,-138.3514,-183.5517,-3533.5813
833266.BJ,20220430,20211231,8.4899,-13.0256,-30.1587,4.5148
603669.SH,20220430,20211231,-62.6181,-268.2904,156.2449,1.991
002260.SZ,20220430,20211231,-112.1392,-12013.4446,,-21.3532
605151.SH,20220430,20211231,-18.0537,3.6594,18.2596,7.2934
000909.SZ,20220430,20211231,-121.7631,460.0639,,1.3652
600060.SH,20220430,20211231,8.834,-17.4632,17.8225,5.0284
601611.SH,20220430,20211231,-0.4739,20.0032,27.3046,7.1529
002195.SZ,20220430,20211231,-28.6371,106.2507,-261.0178,4.0322
002325.SZ,20220430,20211231,-39.9586,-2.4597,34.4001,-12.015
002781.SZ,20220430,20211231,3.6605,-257.1384,5.2885,-271.9258
300469.SZ,20220430,20211231,-33.3726,-9.1758,106.6313,-64.9815
600303.SH,20220430,20211231,-57.7166,-420.9016,-10.3,-18.7088
000038.SZ,20220430,20211231,-56.9329,-1793.1844,9.8217,-9.9572
002499.SZ,20220430,20211231,1123.7238,-75.6784,35.0715,-89.2227
002064.SZ,20220430,20211231,53.7476,74.3925,41.4527,51.3941
002456.SZ,20220430,20211231,-49.994,3.6804,11.7011,-32.5017
603628.SH,20220430,20211231,-13.7404,-100.5312,8.1826,4.5948
002358.SZ,20220430,20211231,-4.3163,57.3504,33.8371,-15.6552
600734.SH,20220430,20211231,-13.6579,499.8771,-47.7895,
600742.SH,20220430,20211231,4.5737,-33.4469,-2.5901,9.552
002164.SZ,20220430,20211231,5.5783,1177.3969,30.0816,19.0505
000503.SZ,20220430,20211231,8.7106,39.7977,28.7005,-21.6762
300551.SZ,20220430,20211231,-59.2907,12.5803,140.5115,-5.0852
003040.SZ,20220430,20211231,24.9678,-30.8414,61.7568,4.9581
000918.SZ,20220430,20211231,23.2028,-172.0912,28.824,-57.7669
002773.SZ,20220430,20211231,-19.7256,72.6637,8.0911,5.0755
000004.SZ,20220430,20211231,-8.1013,-7658.129,46.5608,-43.3525
002037.SZ,20220430,20211231,-9.068,-312.6982,-13.0901,-3.3203
600199.SH,20220430,20211231,8.0519,-112.7084,-35.2303,-6.9582
002370.SZ,20220430,20211231,-37.158,-199.2248,-21.425,-43.699
002201.SZ,20220430,20211231,-29.4409,-62.0998,-10.5305,3.1159
600988.SH,20220430,20211231,3.9259,-88.5976,-26.6262,12.2663
002842.SZ,20220430,20211231,25.0192,-224.9153,5.4129,1.704
603321.SH,20220430,20211231,55.0001,-22.3541,9.1438,3.2928
000700.SZ,20220430,20211231,-11.0456,-24.4207,3.3269,7.1489
000615.SZ,20220430,20211231,-81.6577,-1126.1361,-113.2026,-43.219
300023.SZ,20220430,20211231,1140.9317,2264.6958,0.9455,-0.127
000671.SZ,20220430,20211231,-97.2937,-498.0472,-973.8873,-39.2803
000426.SZ,20220430,20211231,20.4766,69.129,54.6582,5.2561
603021.SH,20220430,20211231,-52.8777,-658.4563,-8.3249,-34.0354
002069.SZ,20220430,20211231,12.3815,530.9131,14.2256,-366.2216
300489.SZ,20220430,20211231,24.1628,-154.9649,-68.1032,-3.6123
600606.SH,20220430,20211231,-12.8528,-268.6361,11.2144,6.4724
600751.SH,20220430,20211231,-100.1046,129.8871,,19.572
603737.SH,20220430,20211231,9.9296,-371.9051,15.0644,-25.253
002652.SZ,20220430,20211231,-235.673,-628.6958,,-19.2998
000540.SZ,20220430,20211231,-112.0391,-2327.9812,,-40.519
600077.SH,20220430,20211231,-23.3058,-344.5933,70.1559,-8.3891
600287.SH,20220430,20211231,58.5355,-15268.6622,-16.0353,-30.7114
600811.SH,20220430,20211231,-9.0635,-736.3965,2.9426,-5.7545
603559.SH,20220430,20211231,-3.2697,-52479.9824,31.2224,-54.7064
002933.SZ,20220430,20211231,-8.8923,-117.2357,72.1888,-0.768
600185.SH,20220430,20211231,-54.9398,1.0294,81.1421,5.4683
002789.SZ,20220430,20211231,-40.1993,-1376.8715,-20.875,-166.9784
688123.SH,20220430,20211231,17.6116,-40.9867,9.6676,5.7059
300495.SZ,20220430,20211231,-91.2754,-437.0979,-2855.7161,-53.5697
002178.SZ,20220430,20211231,11.4934,102.4158,56.3268,-1.8499
688555.SH,20220430,20211231,27.5807,-68.8697,74.271,4.6773
002750.SZ,20220430,20211231,21.2699,-136.5205,2.9256,-1.6161
601127.SH,20220430,20211231,3.7589,26.1797,-3.7523,-42.5709
603708.SH,20220430,20211231,8.3766,-1347.9641,-0.0625,-13.1804
000830.SZ,20220430,20211231,50.9173,185.757,25.9059,32.7154
002169.SZ,20220430,20211231,-17.7078,-248.8095,9.077,-9.9912
600900.SH,20220430,20211231,1.8395,10.8937,92.948,13.6708
002543.SZ,20220430,20211231,9.1902,-192.4797,5.0627,7.4497
002022.SZ,20220430,20211231,-29.0589,-55.6447,27.7201,23.8493
002040.SZ,20220430,20211231,-7.6516,-14.2126,48.4084,4.829
600777.SH,20220430,20211231,183.0888,95.0026,80.8198,7.1242
000007.SZ,20220430,20211231,337.727,154.6319,-75.3006,14.6177
600275.SH,20220430,20211231,640.3562,-10.8422,8.9206,-171.2698
600215.SH,20220430,20211231,-25.0372,-59.9297,3.6145,1.8565
002447.SZ,20220430,20211231,-44.0845,-32.8686,11.8867,-37.9512
600179.SH,20220430,20211231,74.222,-43.9908,38.8236,23.7255
603041.SH,20220430,20211231,21.594,-15.285,38.4369,6.8862
600345.SH,20220430,20211231,-75.9778,-21.4232,184.5348,4.493
300064.SZ,20220430,20211231,27.5525,25.6203,-26.0356,
600187.SH,20220430,20211231,-24.044,-1629.0704,69.7167,-3.4506
002356.SZ,20220430,20211231,-47.9498,410.7189,-0.1506,
600333.SH,20220430,20211231,9.1491,4.9835,28.28,-0.9104
600895.SH,20220430,20211231,132.5863,-114.9739,228.7408,7.6916
600637.SH,20220430,20211231,-7.2254,173.9819,29.5202,1.1888
002679.SZ,20220430,20211231,117.5797,891.0416,102.089,-1.3851
601086.SH,20220430,20211231,-41.0771,-98.5597,14.0691,4.6186
002605.SZ,20220430,20211231,-42.3751,4.4973,67.7863,22.461
601933.SH,20220430,20211231,3.396,-655.0107,-8.0039,-25.546
000689.SZ,20220430,20211231,,-40.9022,,
600331.SH,20220430,20211231,20.7978,100.6338,9.2069,41.7682
002251.SZ,20220430,20211231,-19.9842,-518.3038,50.8006,-6.0952
603766.SH,20220430,20211231,13.142,-2342.9971,7.2955,1.1562
000935.SZ,20220430,20211231,21.8591,76.087,47.4922,17.7647
600074.SH,20220430,20211231,-76.012,64.9346,-1.0797,
688227.SH,20220430,20211231,-5.8239,9.4658,31.3642,5.2888
002278.SZ,20220430,20211231,25.5197,203.1077,42.231,1.9836
600771.SH,20220430,20211231,24.3088,201.8921,7.5849,-5.1983
000953.SZ,20220430,20211231,36.4804,143.0156,-4.4125,1.3361
603366.SH,20220430,20211231,14.1626,53.804,26.6466,5.0165
002418.SZ,20220430,20211231,-30.5092,-51.6082,26.1107,-1.3322
688096.SH,20220430,20211231,7.6676,-9.1731,9.0389,6.4197
600393.SH,20220430,20211231,2013.5906,45.2352,57.9778,-15.7271
600186.SH,20220430,20211231,9.0646,-65.1051,-3.2837,5.0528
605566.SH,20220430,20211231,29.6595,-39.8909,16.0088,11.6077
000607.SZ,20220430,20211231,-6.1116,111.1309,66.2598,5.5361
600672.SH,20220430,20211231,0.042,-53.8355,51.0052,10.1143
000517.SZ,20220430,20211231,-7.1985,-65.9203,92.4663,16.5485
600978.SH,20220430,20211231,107.5241,95.5827,-309.8317,-108.3633
603123.SH,20220430,20211231,-16.7426,-22.9908,41.1641,2.9252
002157.SZ,20220430,20211231,-53.5083,-3697.1638,-5.4556,-142.8916
600622.SH,20220430,20211231,85.6976,64.9235,44.7195,4.6165
600208.SH,20220430,20211231,37.0225,-57.1171,100.2652,4.7082
600533.SH,20220430,20211231,-59.7649,-61.6928,-14.5328,8.2479
600580.SH,20220430,20211231,-3.1497,30.2846,23.5237,5.5678
001209.SZ,20220430,20211231,7.8117,-45.0432,37.3749,10.2532
000985.SZ,20220430,20211231,29.9623,87.4912,-13.1383,1.6314
603600.SH,20220430,20211231,8.2714,-18.283,2.0036,9.8071
002795.SZ,20220430,20211231,56.0144,63.5013,29.6874,2.0863
600788.SH,20220430,20211231,,,,
000601.SZ,20220430,20211231,-39.8444,14.4583,-9.6893,-0.2313
600545.SH,20220430,20211231,17.1823,54.9412,24.4076,-21.5293
002506.SZ,20220430,20211231,9.6826,32.5336,64.3759,-57.6512
000950.SZ,20220430,20211231,10.1266,18.8453,18.9648,8.9233
603787.SH,20220430,20211231,23.9242,2.873,-43.7956,-1.0503
000639.SZ,20220430,20211231,-1.5353,-96.8361,1.3427,4.2795
601825.SH,20220430,20211231,12.0297,9.2619,-239.8958,11.1721
600613.SH,20220430,20211231,22.5365,108.5452,11.6947,1.6713
601010.SH,20220430,20211231,-12.9157,-63.9479,21.4651,4.536
603313.SH,20220430,20211231,1.248,-388.9147,20.0038,-7.9953
000820.SZ,20220430,20211231,6431.2973,106.647,-11.0288,
000908.SZ,20220430,20211231,529.1921,83.9862,14.9427,-132.8793
002316.SZ,20220430,20211231,-52.768,52.8958,11.5829,-423.7478
603010.SH,20220430,20211231,35.7103,22.5308,23.2668,41.1068
600822.SH,20220430,20211231,-47.0235,-95.9412,8.5527,4.3192
605133.SH,20220430,20211231,5.6723,-42.7406,6.3919,6.3483
688010.SH,20220430,20211231,-12.0668,-18.3689,21.8505,0.9802
600679.SH,20220430,20211231,27.2671,104.5914,18.6425,4.056
002602.SZ,20220430,20211231,25.2104,38.1046,-13.0561,1.4346
002024.SZ,20220430,20211231,-67.3396,-640.3121,-8.4636,-81.9941
000333.SZ,20220430,20211231,18.4268,-1.6575,9.0059,21.395
600388.SH,20220430,20211231,-4.8227,28.6339,28.2731,10.6441
600671.SH,20220430,20211231,1.5792,59.696,-50.5975,-60.7248
603983.SH,20220430,20211231,6.8491,-16.2268,28.3364,5.9043
603638.SH,20220430,20211231,-13.6028,-11.5259,-0.902,16.9208
603377.SH,20220430,20211231,0.6218,-146.1767,-21.6748,5.2195
603557.SH,20220430,20211231,271.3968,53.8508,-105.665,-14.1345
605167.SH,20220430,20211231,2.6454,-11.9977,4.8461,8.4088
603322.SH,20220430,20211231,-21.2481,-3429.7101,48.3358,-84.722
000525.SZ,20220430,20211231,56.2509,-1414.4306,15.1052,-11.0556
600555.SH,20220430,20211231,1960.7404,24.0339,45.1618,-25.4348
600654.SH,20220430,20211231,-32.2522,-1679.4775,2.9874,
002314.SZ,20220430,20211231,-21.2333,-58.4183,1.1073,5.5957
603378.SH,20220430,20211231,-9.0284,-930.9084,6.7852,-35.3287
600640.SH,20220430,20211231,-13.549,-192.886,-0.9392,-8.113
605100.SH,20220430,20211231,-45.148,-36.2591,60.5447,8.6264
603633.SH,20220430,20211231,18.3163,-28.6917,12.3742,4.1218
603800.SH,20220430,20211231,52.0997,-22.5497,-0.6284,-6.3093
603665.SH,20220430,20211231,20.8497,-22358.7153,0.1334,-19.8905
688071.SH,20220430,20211231,10.6507,60.1615,16.1803,16.053
603363.SH,20220430,20211231,12.7665,-1538.1867,3.8646,-74.7338
002158.SZ,20220430,20211231,3.2797,0.8809,31.8109,18.5877
600870.SH,20220430,20211231,4562.9103,-133.9346,20.5596,-66.9262
600732.SH,20220430,20211231,25.3818,-118.4853,7.9013,-5.3877
002751.SZ,20220430,20211231,-52.0611,-2004.3121,-157.7217,-35.2403
600448.SH,20220430,20211231,8.8111,-3059.9234,22.2199,-4.5606
600579.SH,20220430,20211231,2.147,25.5624,-0.7743,-2.9796
002802.SZ,20220430,20211231,7.5236,15.3752,15.1637,13.5131
002722.SZ,20220430,20211231,9.4312,-72.3125,23.7961,6.175
600624.SH,20220430,20211231,16.0085,-45.9353,-32.3498,-12.3365
603990.SH,20220430,20211231,-1.9536,-17.6937,33.2231,2.8485
600776.SH,20220430,20211231,-7.0167,-2.5141,16.0466,0.8428
000673.SZ,20220430,20211231,-41.4879,-178.7456,-103.1656,
600277.SH,20220430,20211231,-45.5264,-19.1118,27.6811,4.6101
002775.SZ,20220430,20211231,-53.026,-7963.0437,-137.3031,-106.2565
600094.SH,20220430,20211231,-55.6275,-609.7994,124.5565,-4.7547
600813.SH,20220430,20211231,2.2378,-2.8979,-0.3116,
000957.SZ,20220430,20211231,99.8622,-90.8027,30.3375,-10.3512
603489.SH,20220430,20211231,75.1647,79.7057,34.5877,22.1814
600827.SH,20220430,20211231,-8.9654,-51.0928,14.4225,3.5226
000571.SZ,20220430,20211231,119.767,66.2945,15.7409,-21.7819
600261.SH,20220430,20211231,-8.8183,-164.0387,20.4855,3.6266
002133.SZ,20220430,20211231,117.7626,-4.9255,-41.6021,8.097
002558.SZ,20220430,20211231,18.1045,-37.1859,48.3683,10.5393
002699.SZ,20220430,20211231,35.2172,70.8521,96.0281,-14.3875
600466.SH,20220430,20211231,-54.5815,-1228.4099,-9.9397,-114.2492
600753.SH,20220430,20211231,-38.9547,-579.9559,-12.9535,-23.1101
600189.SH,20220430,20211231,-41.2893,193.9412,28.6399,0.4059
000996.SZ,20220430,20211231,7.3883,-12.8859,-6.8345,0.3102
600439.SH,20220430,20211231,6.2225,-45.1784,40.9181,2.1036
603798.SH,20220430,20211231,31.8598,-34.4711,17.5707,9.4177
603711.SH,20220430,20211231,-20.1152,-41.6474,11.2433,4.2136
600641.SH,20220430,20211231,-36.4346,-23.452,247.0366,3.2658
300089.SZ,20220430,20211231,-75.7022,-151.7865,238.696,
300325.SZ,20220430,20211231,60.2562,35.8595,19.5718,
000732.SZ,20220430,20211231,312.3137,-7.4098,51.5431,-35.0052
000150.SZ,20220430,20211231,-9.8892,-10.678,36.6904,
002893.SZ,20220430,20211231,11.5809,432.0607,61.7877,4.202
605186.SH,20220430,20211231,87.733,8.4686,15.9625,12.5794
600104.SH,20220430,20211231,-7.0696,10.5741,6.6235,6.9585
600166.SH,20220430,20211231,-31.8137,-4112.638,3.2598,-44.014
603098.SH,20220430,20211231,10.1276,-222.404,25.3331,1.1958
600242.SH,20220430,20211231,-91.1486,-5711.8382,640.5761,-166.3582
688026.SH,20220430,20211231,76.8418,305.1001,16.3041,19.562
600117.SH,20220430,20211231,-2.932,-1976.489,21.7719,-73.532
000917.SZ,20220430,20211231,-51.2541,76.5374,6.7107,2.3138
002086.SZ,20220430,20211231,-11.8037,-188.3434,27.043,-88.3394
601929.SH,20220430,20211231,7.6156,-227.9517,100.9056,-1.28
603020.SH,20220430,20211231,16.9804,26.6511,8.281,4.9239
603037.SH,20220430,20211231,5.5293,-41.0667,35.0265,9.0445
688070.SH,20220430,20211231,17.0685,-124.1954,26.311,-7.3402
603808.SH,20220430,20211231,12.0537,-41.8498,24.9364,9.9216
603111.SH,20220430,20211231,17.5644,14.8659,66.6254,12.2865
002147.SZ,20220430,20211231,-13.231,88.2523,28.8892,
000806.SZ,20220430,20211231,16.6266,-3611.8083,15.0488,
000981.SZ,20220430,20211231,-41.4443,-74.3944,0.9069,-68.5533
002377.SZ,20220430,20211231,-49.7961,83.2121,11.1769,-65.47
000796.SZ,20220430,20211231,-62.5494,14.6686,1.508,-105.7565
600652.SH,20220430,20211231,169.698,-177.957,-265.6236,-4.2814
600638.SH,20220430,20211231,281.6231,-82.6284,31.2336,1.7404
002599.SZ,20220430,20211231,-2.485,99.2339,24.2455,4.1444
603861.SH,20220430,20211231,30.3793,-78.2863,13.8906,1.3902
002355.SZ,20220430,20211231,-44.0166,-145.1718,-51.8223,-25.7579
000415.SZ,20220430,20211231,103.6642,80.5016,59.9248,-10.016
605116.SH,20220430,20211231,20.4815,106.7767,19.1607,11.3019
688165.SH,20220430,20211231,-11.923,-23.7152,-14.1193,-16.1945
000560.SZ,20220429,20211231,6.829,-557.8384,21.3991,1.1696
002770.SZ,20220430,20211231,13.235,95.9963,-7.2926,-58.4962
000003.SZ,20220429,20211231,,,,-7.7162
000005.SZ,20220427,20211231,-49.3485,84.6327,373.2096,-2.1303
000008.SZ,20220429,20211231,21.5108,-98.5263,46.4727,-23.9731
000010.SZ,20220428,20211231,10.5414,-86.8905,20.5689,4.1638
000017.SZ,20220426,20211231,134.4001,-165.8743,26.2166,-45.8931
000019.SZ,20220426,20211231,-34.4967,39.2271,12.7979,8.185
000020.SZ,20220426,20211231,-15.0777,-146.0365,7.2372,1.8771
000023.SZ,20220429,20211231,-51.5708,-928.7869,41.3788,-14.7789
000030.SZ,20220420,20211231,15.7566,-4.8208,42.1948,9.2719
000033.SZ,20220429,20211231,-39.5529,-191.3446,10.1112,
000040.SZ,20220427,20211231,9.6956,49.9811,-3.839,-5.2239
000056.SZ,20220428,20211231,19.8847,-251.3913,42.5636,-5.9552
000078.SZ,20220429,20211231,-8.8622,75.3727,-2.5733,0.723
000153.SZ,20220429,20211231,-1.4321,-26.2724,13.3298,4.7552
000155.SZ,20220421,20211231,-8.5273,46.1673,36.8798,5.3164
000156.SZ,20220429,20211231,10.8889,-9.5223,69.926,5.1985
000405.SZ,20220427,20211231,-100.0,-430.0481,,-40.0654
000411.SZ,20220420,20211231,4.6042,-22.8934,12.1179,8.6122
000498.SZ,20220426,20211231,36.4981,28.1805,5.2594,17.4809
000506.SZ,20220429,20211231,-14.9639,77.4672,50.7921,-24.2578
000507.SZ,20220427,20211231,41.0365,45.8939,7.6518,8.1296
000510.SZ,20220427,20211231,17.0182,131.7425,17.0554,26.912
000511.SZ,20220429,20211231,350.9389,-443.2644,0.1509,-147.3163
000516.SZ,20220428,20211231,63.1946,-143.6303,34.033,-14.5507
000518.SZ,20220428,20211231,-23.996,-316.6266,10.7693,-5.8914
000526.SZ,20220426,20211231,-23.6987,-4477.561,-66.7153,-193.1252
000529.SZ,20220428,20211231,13.6736,21.5823,22.2696,13.7242
000535.SZ,20220429,20211231,,,,-12.1625
000536.SZ,20220429,20211231,-5.6228,-950.4729,33.7383,-10.2462
000537.SZ,20220429,20211231,-44.6867,-240.9029,-14.7101,-9.5648
000543.SZ,20220428,20211231,22.9967,-504.8441,-35.4337,-10.1045
000545.SZ,20220429,20211231,21.9341,74.6676,27.3987,5.2435
000547.SZ,20220426,20211231,-25.5918,-50.9955,41.2966,5.6083
000551.SZ,20220412,20211231,9.6269,-40.9709,26.3613,4.7194
000554.SZ,20220428,20211231,3.9329,-33.4706,-6.6305,1.482
000556.SZ,20220428,20211231,940.9067,-223.1465,2.186,6.4669
000557.SZ,20220428,20211231,44.9502,-7.56,-3.5133,4.5477
000558.SZ,20220429,20211231,-22.1296,43.8547,-18.4944,-8.4185
000563.SZ,20220428,20211231,-23.7896,0.2257,-320.1121,5.9395
000567.SZ,20220427,20211231,277.2712,1159.4093,-62.591,8.4504
000568.SZ,20220429,20211231,29.256,41.1401,57.2925,30.8495
000570.SZ,20220413,20211231,-13.5012,-120.0649,10.5847,0.1992
000572.SZ,20220426,20211231,40.0868,125.6868,-1.0423,-11.9249
000595.SZ,20220420,20211231,-20.9056,-303.3424,-30.0799,-21.5311
000599.SZ,20220429,20211231,-30.5205,-351.0033,-12.8103,-19.7873
000603.SZ,20220426,20211231,15.234,59.5237,67.271,16.9685
000612.SZ,20220428,20211231,-14.1091,-165.0487,-33.5098,13.1382
000620.SZ,20220429,20211231,35.1416,-247.8314,43.8997,-72.3457
000622.SZ,20220429,20211231,-19.0058,534.4425,417.9792,-0.5824
000625.SZ,20220428,20211231,-9.6839,446.4083,1.1424,3.0286
000628.SZ,20220428,20211231,-6.3095,-67.7846,9.8157,8.735
000635.SZ,20220428,20211231,-21.6127,-589.4093,-11.9715,-0.4625
000636.SZ,20220428,20211231,-22.1282,425.6857,-5.3146,12.023
000650.SZ,20220426,20211231,5.9476,-30.1058,39.0359,11.8398
000652.SZ,20220426,20211231,-16.8618,25.5904,-16.977,3.0749
000657.SZ,20220429,20211231,-16.1842,97.6748,20.7655,10.6348
000659.SZ,20220429,20211231,28.0225,48.4817,25.7535,-6.1246
000663.SZ,20220428,20211231,-29.51,-136.6341,-25.0348,4.7836
000665.SZ,20220426,20211231,-12.7863,59.5022,48.5163,-8.2851
000669.SZ,20220428,20211231,13.0556,-171.7945,4.6821,-73.5145
000672.SZ,20220427,20211231,32.3914,14.7007,49.8454,27.8626
000675.SZ,20220426,20211231,,,,
000678.SZ,20220429,20211231,-32.9614,-13.3668,14.4759,-5.4307
000681.SZ,20220428,20211231,3.4581,-89.6141,52.644,3.8777
000685.SZ,20220428,20211231,-11.4175,-9.3792,8.5936,10.0065
000692.SZ,20220427,20211231,6.3946,95.3122,29.086,-292.5619
000695.SZ,20220429,20211231,-54.1699,-661.2536,-4.1334,-17.8129
000701.SZ,20220427,20211231,-3.8584,94.619,14.7094,2.0737
000703.SZ,20220426,20211231,28.5952,2027.7859,16.7455,11.0555
000711.SZ,20220428,20211231,-31.9001,41.9188,-0.3191,-103.4728
000712.SZ,20220309,20211231,-175.9439,-21.8543,,-3.3895
000713.SZ,20220420,20211231,-3.034,474.0778,12.0545,2.3341
000717.SZ,20220428,20211231,33.2063,-56.8612,-2.2922,18.8656
000718.SZ,20220428,20211231,-70.0758,-163.3844,-11.6499,6.8678
000720.SZ,20220428,20211231,-54.1268,-107.1131,9.5637,-3.5604
000723.SZ,20220428,20211231,42.5427,125.7782,15.7751,25.6896
000729.SZ,20220428,20211231,48.1572,-17.7917,-74.1823,1.2871
000731.SZ,20220426,20211231,45.836,497.5811,13.9108,17.2341
000733.SZ,20220429,20211231,60.2498,116.6696,47.4266,20.5995
000737.SZ,20220421,20211231,19.0751,61.0142,7.3315,2.4591
000752.SZ,20220429,20211231,-31.9168,-104.8358,58.1803,-6.6457
000755.SZ,20220428,20211231,-4.525,23.1577,93.534,10.2095
000757.SZ,20220428,20211231,-6.8113,-76.2834,3.43,4.1395
000758.SZ,20220429,20211231,-16.9749,-301.0151,-4.9455,0.7003
000762.SZ,20220429,20211231,67.1859,286.1443,60.7287,5.3502
000777.SZ,20220421,20211231,23.4354,32.3413,50.3665,5.833
000779.SZ,20220420,20211231,11.8402,18.0757,32.4694,13.6726
000783.SZ,20220430,20211231,4.8964,36.8489,-9.5826,7.852
000788.SZ,20220429,20211231,-7.237,-1533.5142,6.363,3.3394
000792.SZ,20220426,20211231,298.8423,1070.6121,7.2271,66.6179
000793.SZ,20220427,20211231,-92.6592,99.8923,861.2518,-11.7991
000799.SZ,20220429,20211231,10.8133,7.8195,103.6664,27.7693
000801.SZ,20220420,20211231,38.559,45.7973,31.8738,3.9542
000802.SZ,20220427,20211231,-66.2816,83.7544,6.9041,-8.1215
000809.SZ,20220428,20211231,-34.638,-863.3934,84.325,-4.941
000812.SZ,20220428,20211231,51.502,35.1383,9.4325,2.0597
000813.SZ,20220427,20211231,78.562,-503.2807,-37.659,-1.7804
000815.SZ,20220428,20211231,-0.3031,-206.0459,4.0031,-1.7361
000818.SZ,20220428,20211231,29.529,74.9328,18.1538,21.9638
000831.SZ,20220429,20211231,40.247,-101.7241,-59.2534,7.4786
000832.SZ,20220428,20211231,,18.6933,,
000836.SZ,20220428,20211231,55.7403,435.5774,-8.3039,-1.239
000838.SZ,20220412,20211231,-19.5734,-1235.6043,38.7233,-47.5371
000852.SZ,20220429,20211231,39.5104,1183.205,10.2544,0.2337
000858.SZ,20220429,20211231,11.1946,11.8365,69.0009,25.2499
000860.SZ,20220428,20211231,5.3835,-1893.678,26.6794,1.3389
000861.SZ,20220429,20211231,239.3305,-540.273,116.4651,-18.1698
000869.SZ,20220427,20211231,6.584,-27.6623,25.993,4.5592
000876.SZ,20220428,20211231,-9.2791,-2171.986,4.508,-21.5863
000886.SZ,20220428,20211231,14.7676,-226.7217,-40.4423,-2.1947
000888.SZ,20220428,20211231,14.4393,-169.5017,30.7418,0.2274
000902.SZ,20220412,20211231,23.9162,5.4781,12.407,15.8904
000911.SZ,20220427,20211231,178.8988,-2928.2322,17.1969,-67.3085
000913.SZ,20220428,20211231,-9.3273,-84.7373,-1.194,6.4573
000923.SZ,20220427,20211231,-54.3176,-109.5842,-0.2383,16.7919
000926.SZ,20220427,20211231,21.1281,-43.7155,25.7132,1.0206
000931.SZ,20220427,20211231,-9.2964,-2260.7367,25.936,-7.3305
000936.SZ,20220427,20211231,19.028,715.3857,-22.8614,6.9421
000937.SZ,20220429,20211231,115.5961,3856.1311,23.4017,12.5306
000955.SZ,20220429,20211231,0.1278,114.8572,37.0906,-0.3775
000958.SZ,20220426,20211231,-88.2657,8.3391,74.6305,7.0628
000959.SZ,20220429,20211231,36.596,91.0258,15.6664,19.8178
000961.SZ,20220426,20211231,-44.6426,-281.1524,84.8465,-15.4905
000963.SZ,20220428,20211231,5.5443,-5.17,12.3189,14.0321
000966.SZ,20220429,20211231,7.827,-344.8892,6.4903,-4.0927
000983.SZ,20220429,20211231,57.0954,231.9139,26.0738,19.6773
000990.SZ,20220420,20211231,-14.4843,-130.3501,-1.7483,6.25
000995.SZ,20220428,20211231,15.1207,-90.024,31.9298,-14.3969
000997.SZ,20220427,20211231,5.2977,3254.5026,13.1602,8.0647
000998.SZ,20220426,20211231,14.0622,-20.8285,28.6163,-8.1287
001201.SZ,20220428,20211231,-37.7734,-117.9854,-6.7129,9.268
001206.SZ,20220426,20211231,15.3587,-59.2076,-6.305,8.7119
001207.SZ,20220428,20211231,46.9597,-2.5105,8.0515,16.1836
001208.SZ,20220429,20211231,54.7592,-30.5175,45.157,10.6231
001210.SZ,20220429,20211231,7.4821,6.0064,87.1309,12.5357
001211.SZ,20220429,20211231,9.4059,-25.3924,12.1179,9.0142
001212.SZ,20220426,20211231,8.7314,-14.9641,34.13,13.2585
001213.SZ,20220427,20211231,-12.5222,275.458,-7.486,2.302
001227.SZ,20220428,20211231,-32.0511,-65.0194,184.7727,5.7484
001228.SZ,20220412,20211231,,,20.0377,25.3897
001235.SZ,20220426,20211231,,,,23.6725
001313.SZ,20220429,20211231,32.0408,-15.8099,31.4582,7.5496
002005.SZ,20220429,20211231,-18.6676,28.536,8.9211,-23.1422
002010.SZ,20220426,20211231,43.5606,53.3754,8.6859,12.7604
002016.SZ,20220428,20211231,14.7397,72.1256,-1.3309,15.7031
002017.SZ,20220420,20211231,-13.6108,28.5037,19.0453,2.3007
002019.SZ,20220413,20211231,-19.603,-121.6449,-2.6366,2.5965
002021.SZ,20220429,20211231,31.9792,-918.9493,-35.2347,3.1016
002023.SZ,20220426,20211231,-9.3728,23.9086,19.939,-3.6241
002025.SZ,20220412,20211231,12.2618,-25.3443,79.9339,10.5233
002026.SZ,20220426,20211231,28.0189,5.2412,33.4379,11.5605
002027.SZ,20220429,20211231,-12.6338,-8.9282,81.6603,30.5899
002034.SZ,20220428,20211231,0.3,14.0743,78.1864,12.4964
002035.SZ,20220429,20211231,16.9569,-151.8642,11.8778,5.7993
002038.SZ,20220426,20211231,11.518,-116.2691,60.7595,4.4038
002042.SZ,20220428,20211231,-28.3427,162.0422,-50.3459,5.5747
002043.SZ,20220428,20211231,18.4297,-10.2852,23.3461,29.1427
002045.SZ,20220428,20211231,11.5625,-304.8046,1.6118,0.4864
002046.SZ,20220413,20211231,8.2254,-744.817,23.6912,1.2364
002048.SZ,20220429,20211231,-14.543,33.3127,26.8852,10.9762
002049.SZ,20220421,20211231,63.4254,307.3342,54.9774,29.4265
002052.SZ,20220420,20211231,-43.0319,-43.9897,-57.9989,-111.893
002055.SZ,20220428,20211231,-6.4286,-29.091,57.3482,-27.3945
002057.SZ,20220420,20211231,41.7814,14.0959,33.316,8.0967
002061.SZ,20220429,20211231,18.4063,-46.0254,17.4657,10.5805
002065.SZ,20220429,20211231,14.0462,-241.4785,39.3332,4.0172
002072.SZ,20220429,20211231,1848.2882,106.9426,-13.3492,
002073.SZ,20220426,20211231,83.047,-17.5385,6.1761,1.9406
002074.SZ,20220429,20211231,74.9874,-47.1183,21.4565,-2.3041
002076.SZ,20220428,20211231,-65.317,-263.1199,17.9578,
002077.SZ,20220428,20211231,-42.205,-268.6768,40.8055,0.7488
002085.SZ,20220429,20211231,17.1995,-37.0373,9.2147,3.7532
002087.SZ,20220429,20211231,2980.3557,-28.2061,-173.863,-89.0441
002090.SZ,20220412,20211231,-25.2634,194.2202,30.6861,0.9632
002095.SZ,20220429,20211231,-79.7664,-64.7557,141.0994,0.2137
002096.SZ,20220428,20211231,9.8733,-20.9794,13.8115,2.0078
002098.SZ,20220428,20211231,46.125,-96.5493,15.6891,13.752
002100.SZ,20220427,20211231,1.4676,-303.0674,-61.3781,-9.7937
002101.SZ,20220426,20211231,-6.188,38.058,12.1482,5.9842
002103.SZ,20220420,20211231,-18.3631,98.1316,16.0507,0.187
002104.SZ,20220429,20211231,-10.3309,145.1681,55.7556,0.7825
002108.SZ,20220429,20211231,-1.3438,-63.1468,31.2923,8.6103
002111.SZ,20220426,20211231,-32.1499,-277.8721,79.7108,1.0169
002113.SZ,20220429,20211231,-36.723,-214.4953,-106.4,-165.1443
002120.SZ,20220427,20211231,26.0728,80.913,17.3505,9.2935
002121.SZ,20220427,20211231,0.2748,-145.2051,6.6612,-54.5217
002122.SZ,20220429,20211231,38.9054,-1540.1775,35.3243,4.2308
002123.SZ,20220426,20211231,47.7977,-668.7651,-35.2805,-6.9548
002124.SZ,20220428,20211231,-24.062,-519.778,14.9099,-80.1874
002125.SZ,20220420,20211231,79.0184,1873.6398,13.2453,10.2383
002129.SZ,20220427,20211231,111.534,422.5671,7.203,15.2626
002130.SZ,20220412,20211231,11.3764,9.6959,7.1785,14.9286
002134.SZ,20220427,20211231,62.2865,175.3133,24.1264,5.7879
002137.SZ,20220426,20211231,335.8545,-559.9969,29.8742,-8.9432
002140.SZ,20220428,20211231,-14.9996,21.5889,18.6629,9.2716
002145.SZ,20220427,20211231,38.8566,80.3446,43.6705,18.4519
002150.SZ,20220429,20211231,55.9925,73.5505,14.8124,9.8756
002153.SZ,20220428,20211231,-10.2229,-258.4786,31.9421,-6.086
002160.SZ,20220427,20211231,13.9026,-81.0203,-5.3692,2.9739
002162.SZ,20220427,20211231,0.4121,-30.0889,47.6382,2.4873
002163.SZ,20220428,20211231,17.6646,-80.615,21.1696,-10.0776
002170.SZ,20220429,20211231,24.5731,-31.2552,8.2665,3.6398
002176.SZ,20220429,20211231,116.0579,2031.2788,27.7682,20.6216
002177.SZ,20220429,20211231,-44.0246,159.6662,115.9869,-1.3788
002180.SZ,20220428,20211231,24.9888,281.1158,23.3365,5.8635
002181.SZ,20220428,20211231,15.198,-63.6708,3.7818,1.5258
002184.SZ,20220429,20211231,11.8873,8.1513,20.9951,10.2591
002185.SZ,20220426,20211231,31.032,52.4314,30.9506,9.3448
002189.SZ,20220427,20211231,31.623,-34.8063,65.5191,7.731
002192.SZ,20220426,20211231,87.4521,137.9958,27.5757,10.5152
002193.SZ,20220429,20211231,-5.5699,384.9605,40.3004,-0.5175
002197.SZ,20220429,20211231,-26.1258,190.2458,109.4511,-0.1684
002200.SZ,20220426,20211231,-77.0541,-627.9359,462.1902,-116.2619
002203.SZ,20220428,20211231,15.8344,36.4087,-5.59,7.3169
002206.SZ,20220420,20211231,46.4566,25.6148,17.2007,17.8338
002207.SZ,20220429,20211231,-19.6394,430.0897,-27.3775,-30.7734
002208.SZ,20220420,20211231,40.3565,-36.1842,-166.8453,15.0168
002210.SZ,20220429,20211231,36.2008,-99.9882,-16.7947,-1.6721
002212.SZ,20220429,20211231,1.3793,-53.9254,33.747,1.6149
002213.SZ,20220427,20211231,87.9088,12.883,30.0279,1.8501
002215.SZ,20220427,20211231,47.9366,78.7826,91.9522,8.4385
002219.SZ,20220429,20211231,-0.7912,-9608.3805,8.5561,-49.2533
002225.SZ,20220420,20211231,-4.0165,-230.2173,9.4094,2.3435
002227.SZ,20220427,20211231,-47.5336,-174.6252,-11.2607,-3.9819
002228.SZ,20220421,20211231,24.0202,-81.1661,1.5134,5.2566
002235.SZ,20220428,20211231,88.12,101.0858,-24.1255,0.5957
002246.SZ,20220426,20211231,-3.4672,125.3872,39.5975,2.4779
002248.SZ,20220428,20211231,51.8349,148.8043,0.9249,12.8859
002249.SZ,20220426,20211231,20.6761,-29.7535,6.6038,1.1794
002252.SZ,20220428,20211231,71.5278,-144.565,9.1637,5.3653
002259.SZ,20220429,20211231,30.599,-89.0131,1.5177,45.3077
002261.SZ,20220428,20211231,74.0645,66.5437,39.564,0.8253
002263.SZ,20220427,20211231,-4.5255,-17.1694,11.952,9.3542
002271.SZ,20220412,20211231,37.0092,21.3183,112.3907,18.9076
002275.SZ,20220427,20211231,3.6182,281.4632,24.455,8.9835
002280.SZ,20220429,20211231,-14.4502,-157.947,3.2111,-21.8601
002284.SZ,20220420,20211231,15.0664,-77.6815,1.6076,-0.6464
002285.SZ,20220413,20211231,-28.3671,-791.4903,32.1985,-31.1665
002286.SZ,20220429,20211231,34.397,1182.9677,-11.9222,9.6331
002287.SZ,20220429,20211231,25.5064,-14.3551,79.7788,11.9206
002293.SZ,20220420,20211231,6.5244,-0.2284,23.9387,16.2563
002298.SZ,20220428,20211231,-9.5467,97.1105,27.045,4.009
002299.SZ,20220421,20211231,5.6756,-66.055,18.6793,3.7498
002303.SZ,20220429,20211231,-4.54,-50.1953,15.3365,1.7373
002304.SZ,20220429,20211231,55.7992,-0.4607,288.8545,18.2109
002307.SZ,20220420,20211231,-27.2789,-10.525,21.784,-1.5818
002308.SZ,20220428,20211231,-3.8592,-82.0133,46.4742,-19.6454
002309.SZ,20220427,20211231,-20.2639,-4.4078,38.1457,-80.3996
002310.SZ,20220427,20211231,-34.3987,-41.559,-4.988,-10.2713
002311.SZ,20220412,20211231,31.2789,-133.4823,4.0859,10.6873
002312.SZ,20220413,20211231,35.1122,202.5395,5.0933,12.5939
002317.SZ,20220426,20211231,3.4157,95.0375,49.6791,8.5598
002318.SZ,20220426,20211231,7.861,-18.2551,-0.9705,14.7882
002329.SZ,20220428,20211231,-22.1392,-187.7061,23.3682,-28.9482
002330.SZ,20220421,20211231,-47.1536,14.0251,28.1542,2.7386
002331.SZ,20220427,20211231,-39.901,57.0001,43.5993,-5.5338
002332.SZ,20220421,20211231,-6.013,7.3007,18.3223,12.5336
002334.SZ,20220427,20211231,28.0574,-54.2629,14.9477,7.3762
002338.SZ,20220429,20211231,-4.7238,-100.4155,67.3464,3.5236
002340.SZ,20220428,20211231,67.677,137.8444,9.6954,5.2448
002341.SZ,20220428,20211231,-64.3707,13.1253,-36.1412,-37.0004
002343.SZ,20220427,20211231,-98.3404,27.3871,2273.3205,-23.3242
002351.SZ,20220428,20211231,-4.1239,-32.914,38.5605,11.3176
002357.SZ,20220427,20211231,-8.2847,-303.4105,44.1599,2.8955
002360.SZ,20220412,20211231,-10.7563,-60.8514,18.4703,8.1451
002361.SZ,20220428,20211231,16.2195,-148.995,12.0057,3.1872
002364.SZ,20220426,20211231,17.2461,223.6191,14.1342,3.0375
002369.SZ,20220420,20211231,-28.2942,74.5688,-3.2527,-13.6723
002371.SZ,20220428,20211231,58.0797,99.2505,-4.9758,6.814
002374.SZ,20220429,20211231,-12.0271,-358.6212,40.4956,-28.1601
002376.SZ,20220420,20211231,0.9818,-26.636,2.3408,3.528
002380.SZ,20220429,20211231,66.813,-140.6002,-68.0548,0.9822
002382.SZ,20220413,20211231,-52.2211,-1645.1619,-16.7895,0.6105
002384.SZ,20220420,20211231,1.478,15.6786,20.1978,11.4062
002387.SZ,20220429,20211231,27.0295,-323.9567,51.6856,-12.3765
002398.SZ,20220429,20211231,4.0979,-55.589,14.692,7.2511
002399.SZ,20220412,20211231,-3.1125,-169.9332,-7.4602,0.7842
002403.SZ,20220429,20211231,8.5573,-100.0736,38.8386,-5.9709
002406.SZ,20220426,20211231,-38.5036,-50.5533,-5.8173,5.8646
002408.SZ,20220429,20211231,9.3827,21.7503,5.655,21.877
002409.SZ,20220428,20211231,85.5156,-179.5636,19.0186,6.5062
002412.SZ,20220428,20211231,5.7333,-0.1731,14.517,7.881
002417.SZ,20220420,20211231,-106.4367,-4706.1388,,-58.7545
002429.SZ,20220429,20211231,-29.3632,-290.9468,41.7351,0.6942
002434.SZ,20220420,20211231,-40.5737,-1264.9866,-22.5002,-14.09
002435.SZ,20220429,20211231,-8.6801,-2896.6042,53.8896,-12.484
002436.SZ,20220426,20211231,28.9737,105.2237,14.8565,16.7614
002437.SZ,20220426,20211231,-1.5836,74.5887,8.1596,-1.4102
002441.SZ,20220420,20211231,6.3056,4914.1759,14.7601,7.4622
002445.SZ,20220413,20211231,32.6241,-125.5241,-9.0581,-7.9016
002446.SZ,20220428,20211231,-9.3533,-7415.876,58.5488,-7.6558
002451.SZ,20220426,20211231,72.5387,-76.0438,-70.6436,0.8903
002453.SZ,20220426,20211231,15.4265,-1362.0031,26.9155,-13.4367
002454.SZ,20220429,20211231,9.6523,-87.8779,19.8876,1.5104
002464.SZ,20220429,20211231,-38.8266,414.9259,90.8338,
002471.SZ,20220420,20211231,-13.9886,49.0237,-11.4503,1.5951
002472.SZ,20220427,20211231,10.0253,173.3073,27.8544,6.8199
002475.SZ,20220428,20211231,121.1907,-6.4807,-0.4427,18.9795
002476.SZ,20220420,20211231,29.1576,1363.3974,-9.4557,1.8049
002481.SZ,20220420,20211231,18.8803,-53.6576,16.4305,8.9632
002482.SZ,20220429,20211231,-75.1747,-464.7807,-158.8438,-163.9942
002486.SZ,20220429,20211231,23.6043,212.6159,23.0762,1.3933
002487.SZ,20220428,20211231,-4.1937,-7.3474,6.696,20.7859
002488.SZ,20220429,20211231,27.4182,65.678,-7.5747,-5.0949
002491.SZ,20220428,20211231,-3.4642,-1797.0678,17.048,-36.5804
002493.SZ,20220426,20211231,60.769,63.0884,-0.133,28.9765
002498.SZ,20220429,20211231,39.3058,-7.8696,31.889,12.2909
002500.SZ,20220428,20211231,71.8694,445.3043,-147.9691,4.754
002501.SZ,20220429,20211231,153.4691,-106.1105,-159.5,-31.3027
002503.SZ,20220429,20211231,-81.7527,30.0158,-29.7582,-159.9773
002504.SZ,20220429,20211231,-67.5518,-471.5492,-86.2654,-99.4983
002505.SZ,20220428,20211231,-35.0628,230.2547,1.3402,2.217
002508.SZ,20220420,20211231,22.9576,-101.9983,11.8123,15.3121
002511.SZ,20220428,20211231,26.7526,-58.7216,15.3201,11.4203
002512.SZ,20220428,20211231,-17.3782,-1970.8178,-72.6891,-40.9741
002514.SZ,20220426,20211231,26.7985,102.0628,-4.5225,-6.0684
002516.SZ,20220412,20211231,5.5831,-2.2633,15.1059,5.1769
002517.SZ,20220429,20211231,71.8665,463.2928,43.1156,14.7466
002518.SZ,20220426,20211231,12.8876,32.9245,23.3407,10.9109
002520.SZ,20220429,20211231,11.3809,-524.924,50.7763,0.4786
002522.SZ,20220420,20211231,14.6031,-29.6339,13.7249,8.1341
002527.SZ,20220426,20211231,2.7091,107.9308,12.0151,3.4907
002529.SZ,20220426,20211231,-32.4742,-309.8322,25.2162,-12.1673
002530.SZ,20220429,20211231,156.5992,82.4737,36.892,-21.3416
002531.SZ,20220413,20211231,13.1272,15.5634,16.4593,14.8721
002538.SZ,20220420,20211231,40.8066,-89.0593,-18.9396,8.6855
002540.SZ,20220426,20211231,22.5059,60.5934,4.1255,7.2363
002547.SZ,20220426,20211231,15.5154,-12.281,16.3925,-70.5454
002548.SZ,20220426,20211231,-30.7831,-260.9303,14.8267,-25.0719
002554.SZ,20220428,20211231,26.4637,-235.1572,4.4078,2.2315
002555.SZ,20220426,20211231,32.0131,130.5437,37.5594,31.2502
002557.SZ,20220412,20211231,28.3336,21.4605,-1.4416,17.749
002562.SZ,20220428,20211231,66.0674,134.328,20.6817,0.3237
002567.SZ,20220429,20211231,4.3788,-407.3285,-4.1911,-18.7054
002568.SZ,20220426,20211231,12.9679,-32.4055,26.5419,17.9692
002569.SZ,20220429,20211231,-34.7748,95.8297,59.7435,1.2105
002571.SZ,20220412,20211231,11.8826,-229.5862,0.8085,-0.1201
002572.SZ,20220412,20211231,-2.9235,-246.6612,28.1858,0.5385
002574.SZ,20220429,20211231,39.7215,102.4182,24.3601,-0.8847
002575.SZ,20220420,20211231,-87.1849,-88.7826,134.3402,0.701
002576.SZ,20220426,20211231,36.1429,-59.8732,-0.5834,8.8768
002579.SZ,20220426,20211231,13.6894,-100.0488,-9.3161,4.7971
002580.SZ,20220427,20211231,10.9412,107.665,9.9432,0.1589
002582.SZ,20220429,20211231,96.7788,151.8088,-41.6635,-0.5127
002588.SZ,20220420,20211231,8.7035,-6.9164,-17.9403,6.909
002591.SZ,20220412,20211231,39.4051,98.7908,36.2002,1.7417
002592.SZ,20220429,20211231,-18.6372,70.7213,28.9445,-16.0623
002601.SZ,20220413,20211231,25.8318,149.4764,21.1905,27.8664
002603.SZ,20220429,20211231,-14.1289,-40.6818,12.4378,14.0623
002607.SZ,20220429,20211231,-83.7777,-250.3472,-74.0573,-80.6506
002608.SZ,20220429,20211231,42.6482,-400.2286,-26.4832,-2.0416
002614.SZ,20220428,20211231,-7.5999,26.326,16.0393,3.0485
002615.SZ,20220426,20211231,49.7957,403.3664,27.6302,14.1729
002621.SZ,20220428,20211231,-16.7998,59.31,101.3632,-69.6416
002622.SZ,20220429,20211231,63.4011,71.3554,9.2238,-9.249
002624.SZ,20220426,20211231,-17.765,-66.9195,33.2193,0.9622
002625.SZ,20220429,20211231,51.9828,146.2197,-17.7539,3.051
002626.SZ,20220412,20211231,-2.5755,-25.0813,22.7952,20.9243
002630.SZ,20220428,20211231,457.7364,9.408,-33.1751,-33.0282
002631.SZ,20220420,20211231,40.925,145.7347,47.9381,2.0852
002632.SZ,20220426,20211231,-0.3228,-1307.8795,28.0746,1.8233
002634.SZ,20220428,20211231,-22.1326,12.0795,18.6111,4.6257
002636.SZ,20220429,20211231,9.4048,-128.7045,0.1329,20.0577
002637.SZ,20220420,20211231,18.9183,1007.4064,3.7247,23.0493
002639.SZ,20220428,20211231,44.2459,38.455,-0.3038,-6.1395
002641.SZ,20220412,20211231,9.9931,-6.3641,13.2005,10.9737
002646.SZ,20220426,20211231,1.6086,56.3986,-12.737,1.9477
002650.SZ,20220421,20211231,12.9996,-322.7676,-6.7058,-3.7064
002651.SZ,20220427,20211231,-26.9254,-52.6887,54.8908,7.7752
002653.SZ,20220427,20211231,-9.68,-70.0875,16.7427,1.2257
002654.SZ,20220426,20211231,-1.4301,-11148.3274,24.5115,-21.4474
002656.SZ,20220427,20211231,-21.0739,-26179.5993,74.7517,-18.7649
002659.SZ,20220420,20211231,-81.7515,-43.9864,130.3729,-5.4978
002661.SZ,20220426,20211231,19.7158,-299.0813,9.5388,0.8184
002666.SZ,20220413,20211231,-4.325,-33.2705,-5.8994,7.2003
002669.SZ,20220426,20211231,38.5042,-33.5248,12.0348,0.2368
002674.SZ,20220426,20211231,-19.243,-94.331,12.4544,7.6445
002681.SZ,20220429,20211231,15.7386,3191.4259,9.9589,1.9494
002685.SZ,20220428,20211231,-92.5408,-14.184,-46.1915,-45.5686
002689.SZ,20220413,20211231,-8.7161,-5074.8845,13.551,-4.1649
002691.SZ,20220420,20211231,83.7591,400.0747,-13.0244,0.6649
002695.SZ,20220429,20211231,-19.2458,-179.6443,-28.8322,4.944
002696.SZ,20220427,20211231,24.944,88.1481,5.83,0.6646
002700.SZ,20220427,20211231,40.3466,-1.3996,25.7887,-24.9891
002702.SZ,20220427,20211231,-13.1461,-174.8291,5.9532,-5.3978
002705.SZ,20220428,20211231,3.2587,-5.236,21.4613,11.2572
002706.SZ,20220429,20211231,37.7834,26.2147,28.7387,18.3777
002709.SZ,20220322,20211231,213.8618,4415.5645,23.6721,41.149
002718.SZ,20220429,20211231,3.6246,-1702.186,7.7915,-6.9084
002719.SZ,20220426,20211231,40.4884,-97.6695,10.9496,0.6825
002724.SZ,20220428,20211231,10.1303,12.6547,34.2491,13.0891
002729.SZ,20220429,20211231,4.6522,728.3998,120.5194,5.2594
002730.SZ,20220428,20211231,25.5009,218.5788,6.2805,7.3275
002732.SZ,20220428,20211231,9.7753,-101.8195,10.4875,13.0029
002734.SZ,20220420,20211231,30.624,205.3471,29.4015,11.2169
002738.SZ,20220426,20211231,120.8499,247.0702,47.6325,14.9132
002739.SZ,20220429,20211231,4.4466,96.041,15.0026,0.134
002740.SZ,20220429,20211231,-60.4501,50.4325,-1.1478,-147.5578
002741.SZ,20220421,20211231,21.2942,-9.9205,8.063,2.842
002742.SZ,20220428,20211231,-1.5347,-1233.1645,23.589,-25.3757
002746.SZ,20220426,20211231,16.4072,-272.5711,-12.5278,-0.7147
002747.SZ,20220429,20211231,-3.7806,-19.9399,54.71,3.1053
002748.SZ,20220428,20211231,155.8947,186.2297,21.0295,18.6576
002752.SZ,20220428,20211231,44.7484,7.8557,-5.1752,6.6073
002753.SZ,20220429,20211231,34.0681,-45.0831,5.0017,15.0523
002756.SZ,20220426,20211231,70.4079,8497.5493,20.7547,16.8669
002758.SZ,20220427,20211231,9.0669,164.9661,8.3429,18.2343
002761.SZ,20220428,20211231,33.5681,-55.1081,17.3213,12.809
002763.SZ,20220428,20211231,2.5116,-60.3815,7.8678,14.0014
002766.SZ,20220427,20211231,-48.8258,68.5549,30.3431,
002767.SZ,20220429,20211231,58.5681,92.773,37.2767,1.7759
002768.SZ,20220426,20211231,67.2821,123.2761,3.3179,19.1704
002770.SZ,20220430,20211231,13.235,95.9963,-7.2926,-58.4962
002779.SZ,20220429,20211231,43.771,92.1578,3.3655,0.6508
002780.SZ,20220428,20211231,9.1746,82.3103,26.0079,-4.3558
002782.SZ,20220427,20211231,21.339,-498.4723,-2.8399,3.84
002783.SZ,20220427,20211231,-4.4353,-3641.0051,3.3569,-26.2023
002785.SZ,20220420,20211231,-48.6549,-720.7141,-10.3162,-7.2694
002788.SZ,20220426,20211231,9.9414,43.0032,0.1096,11.9089
002792.SZ,20220428,20211231,-61.968,-536.3145,24.8584,0.1084
002799.SZ,20220426,20211231,4.7632,-86.5409,11.3735,12.4804
002800.SZ,20220421,20211231,154.6147,-38.9347,36.9637,6.3483
002803.SZ,20220426,20211231,11.4622,-116.3143,2.5307,11.1514
002805.SZ,20220428,20211231,183.0435,143.4413,28.4671,6.4621
002806.SZ,20220427,20211231,60.076,116.4644,23.6157,0.572
002809.SZ,20220429,20211231,-12.3325,-41.5716,59.4288,6.0257
002810.SZ,20220426,20211231,14.6246,0.5798,14.8813,22.8747
002811.SZ,20220420,20211231,-20.8389,-142.3446,35.4375,0.6105
002813.SZ,20220413,20211231,66.2582,-100.2411,18.2238,-1.509
002816.SZ,20220426,20211231,60.3808,63.1489,-9.4134,-8.6325
002822.SZ,20220428,20211231,13.5132,-262.6578,-10.2693,2.6126
002823.SZ,20220428,20211231,-10.2738,158.6502,27.9551,-2.1626
002831.SZ,20220427,20211231,8.7279,-24.6046,12.0574,10.222
002835.SZ,20220426,20211231,33.3646,493.5317,10.9648,8.2217
002836.SZ,20220429,20211231,-28.5239,-86.3086,50.7106,2.1623
002837.SZ,20220426,20211231,13.167,-9.6555,16.3076,11.3674
002846.SZ,20220426,20211231,32.4574,-282.4552,10.8227,5.0461
002848.SZ,20220429,20211231,-10.6995,72.3072,14.9265,-48.3207
002849.SZ,20220428,20211231,-14.0434,-104.3549,36.231,6.311
002852.SZ,20220429,20211231,26.9923,-71.5868,-5.1825,-7.2515
002853.SZ,20220428,20211231,4.7863,-1315.3585,4.7559,-47.7182
002855.SZ,20220428,20211231,-12.0641,-623.9429,4.2345,-16.7878
002856.SZ,20220429,20211231,-81.1944,-2596.9933,51.95,-22.5847
002857.SZ,20220429,20211231,43.1192,42.5814,19.6293,3.3032
002859.SZ,20220412,20211231,-5.6584,-23.8072,18.139,18.8793
002861.SZ,20220428,20211231,-36.4749,-351.9963,32.3802,-4.3719
002863.SZ,20220427,20211231,29.7051,707.9714,10.6864,1.698
002864.SZ,20220426,20211231,20.9211,53.184,12.8257,12.3816
002868.SZ,20220412,20211231,65.6124,-69267.6117,31.3314,-1.5333
002869.SZ,20220426,20211231,-83.6505,-191.6067,90.0387,-8.886
002871.SZ,20220428,20211231,27.9913,50.5356,32.0932,7.1566
002872.SZ,20220426,20211231,-55.4416,100.0084,40.1823,-5.6196
002875.SZ,20220413,20211231,-29.7018,-1.6019,0.8633,-1.7743
002881.SZ,20220428,20211231,50.1368,155.4477,9.7289,10.5346
002882.SZ,20220427,20211231,43.1536,-345.4529,15.3034,2.6367
002883.SZ,20220429,20211231,-4.8917,-37.0609,21.1664,9.8604
002884.SZ,20220420,20211231,26.3928,51.0454,24.9022,22.9061
002886.SZ,20220426,20211231,6.0927,-26.0745,-6.6627,3.2698
002887.SZ,20220429,20211231,-50.5177,-54.8417,-23.2349,6.7522
002889.SZ,20220429,20211231,-52.4012,7.4689,18.7761,11.1775
002890.SZ,20220413,20211231,-14.3257,44.3135,31.5318,3.7422
002898.SZ,20220427,20211231,1100.8853,23.0231,51.1357,-6.8358
002900.SZ,20220427,20211231,-36.057,-2735.11,1.5056,-7.66
002902.SZ,20220426,20211231,3.0555,-804.3892,14.4147,-8.9284
002906.SZ,20220427,20211231,8.0928,-1.4362,25.2921,6.9553
002907.SZ,20220420,20211231,-22.0284,-90.3953,11.2968,6.5837
002911.SZ,20220429,20211231,55.4566,163.2757,9.868,12.9006
002913.SZ,20220420,20211231,43.3589,-7.4489,33.3134,13.8912
002919.SZ,20220429,20211231,-27.4844,-77.4642,48.6738,15.5077
002921.SZ,20220426,20211231,23.9025,-28.9321,-3.1429,7.2131
002923.SZ,20220420,20211231,11.2579,104.563,18.0132,11.7777
002929.SZ,20220426,20211231,50.33,3.3107,49.5456,9.4087
002930.SZ,20220428,20211231,14.1979,-7.7455,70.3885,11.7492
002941.SZ,20220427,20211231,47.3341,148.1945,23.1255,8.6032
002942.SZ,20220427,20211231,26.7773,108.3041,16.5382,10.7577
002946.SZ,20220429,20211231,10.7885,-34.4306,10.4808,9.6979
002950.SZ,20220426,20211231,-19.7721,-48.54,22.563,12.1189
002951.SZ,20220421,20211231,-59.9363,-99.0113,21.7422,3.2166
002952.SZ,20220427,20211231,55.6431,-28.3789,-38.4776,3.2859
002953.SZ,20220429,20211231,58.9352,-75.2244,-9.3529,10.3956
002955.SZ,20220428,20211231,15.1349,22.7868,23.3306,4.2853
002958.SZ,20220429,20211231,-25.5866,-31.5197,-103.8838,9.5413
002970.SZ,20220428,20211231,-27.0668,-121.8302,21.2987,0.315
002971.SZ,20220421,20211231,24.0935,21.9557,16.13,6.7783
002972.SZ,20220428,20211231,7.21,-3.486,70.2445,11.4695
002973.SZ,20220427,20211231,41.2128,-70.557,-11.7917,15.9865
002976.SZ,20220429,20211231,20.3983,5.6405,-3.4892,4.5852
002980.SZ,20220430,20211231,9.3,-18.7659,8.7135,12.3113
002981.SZ,20220426,20211231,40.4884,-676.8446,34.1727,-5.5865
002983.SZ,20220420,20211231,34.3282,-25.6496,23.4181,5.4778
002989.SZ,20220428,20211231,14.3217,-126.9508,23.3968,5.3379
002991.SZ,20220428,20211231,15.8133,38.4249,16.3398,8.9057
002992.SZ,20220429,20211231,-19.9709,-892.0819,1.6359,-27.6556
002993.SZ,20220420,20211231,45.1626,2.4859,8.9979,13.0803
002995.SZ,20220428,20211231,-20.0738,-145.5294,7.5159,4.2949
002999.SZ,20220428,20211231,25.0411,57.7744,46.0044,8.3307
003001.SZ,20220420,20211231,8.5434,156.4258,56.8309,8.0218
003002.SZ,20220427,20211231,51.5956,-31.9189,11.3555,7.3215
003003.SZ,20220429,20211231,25.6023,-81.9904,9.6431,0.3396
003007.SZ,20220426,20211231,-10.3677,-69.762,16.2046,-9.9846
003008.SZ,20220411,20211231,-1.8374,131.9311,80.0053,5.307
003012.SZ,20220429,20211231,-6.2402,-171.9993,25.0968,0.6238
003015.SZ,20220412,20211231,6.3063,-36.0319,59.7093,7.0643
003016.SZ,20220428,20211231,-1.953,-29.02,27.1319,9.233
003017.SZ,20220420,20211231,17.9668,-96.2705,-44.661,5.9517
003025.SZ,20220428,20211231,23.6788,79.9924,25.8754,13.3475
003026.SZ,20220426,20211231,57.9341,-28.5524,12.8318,16.5747
003028.SZ,20220412,20211231,12.7771,5.1245,9.909,17.2334
003029.SZ,20220426,20211231,28.4465,46.1765,45.7197,10.2
003030.SZ,20220420,20211231,12.071,-45.8415,6.1266,5.4016
003033.SZ,20220427,20211231,27.4893,-17.2655,28.3008,9.8421
003037.SZ,20220428,20211231,-15.875,-83.2963,26.0584,3.4488
003042.SZ,20220428,20211231,11.574,133.5311,31.7392,7.3284
300002.SZ,20220428,20211231,0.7076,19.2446,13.6358,7.7299
300003.SZ,20220426,20211231,22.619,-17.9644,36.3798,17.3792
300005.SZ,20220427,20211231,30.5604,126.6982,22.5684,0.8872
300008.SZ,20220428,20211231,346.553,147.4896,-0.5666,0.9259
300013.SZ,20220429,20211231,-1.958,63.3495,34.0009,-153.2092
300014.SZ,20220426,20211231,93.1907,-2.2481,26.8665,15.7666
300015.SZ,20220426,20211231,1.7207,79.9217,24.62,26.2971
300021.SZ,20220412,20211231,98.4814,44.2813,31.1079,7.2105
300024.SZ,20220429,20211231,56.8369,49.7408,24.6416,-17.1848
300027.SZ,20220428,20211231,12.9058,-14.8378,-8.5035,-39.7191
300029.SZ,20220429,20211231,96.3588,597.3333,1.5402,-64.5342
300032.SZ,20220428,20211231,-2.4555,-22.3781,-17.3038,-5.3895
300034.SZ,20220427,20211231,11.7971,-30.2665,39.1067,7.0044
300039.SZ,20220426,20211231,17.448,6287.4388,7.6322,4.4791
300044.SZ,20220428,20211231,0.3198,32.9773,122.6656,-58.1515
300045.SZ,20220426,20211231,22.2198,-1342.5782,128.1751,-14.2824
300048.SZ,20220412,20211231,-24.1527,103.1204,34.3718,2.2837
300049.SZ,20220428,20211231,20.4611,18.8518,24.6329,6.3906
300050.SZ,20220428,20211231,-116.4542,-20801.9323,,-80.7092
300052.SZ,20220429,20211231,20.657,62.4961,28.0104,-4.9237
300053.SZ,20220427,20211231,-45.2828,-101.7991,131.2917,0.79
300056.SZ,20220427,20211231,-27.705,-5565.6803,33.4127,-53.7365
300058.SZ,20220428,20211231,-26.3452,-122.627,1.2851,7.1322
300063.SZ,20220429,20211231,-7.072,-11.7726,0.6105,4.7084
300065.SZ,20220412,20211231,-14.3004,90.5981,64.903,0.8038
300068.SZ,20220429,20211231,-38.0294,-74.2491,25.7918,-24.2752
300071.SZ,20220428,20211231,-8.0358,164.8877,7.2551,
300079.SZ,20220412,20211231,-5.6413,-22.571,33.0802,2.4162
300082.SZ,20220429,20211231,-3.7453,63.4777,21.5952,10.0319
300085.SZ,20220428,20211231,-31.9762,-575.9427,41.4501,-25.1849
300091.SZ,20220426,20211231,147.6221,-4.0152,-13.2891,-2.5481
300093.SZ,20220429,20211231,-68.2456,-146.6513,-245.2284,-37.445
300094.SZ,20220427,20211231,3.3359,81.2102,-12.2866,-1.5527
300096.SZ,20220427,20211231,2.2289,-108.2327,54.1972,-20.3907
300099.SZ,20220428,20211231,10.3635,-45.2107,-3.0398,9.7438
300102.SZ,20220427,20211231,-9.2379,448.6558,82.0327,3.7189
300103.SZ,20220426,20211231,1.7379,-25.9741,9.9907,-10.0752
300106.SZ,20220428,20211231,29.3783,-100.337,5.8934,3.2259
300109.SZ,20220427,20211231,21.3956,698.2806,-1.7689,0.314
300112.SZ,20220426,20211231,29.6869,-60.816,13.638,7.8128
300113.SZ,20220428,20211231,6.3753,-262.9979,34.3461,0.9497
300115.SZ,20220427,20211231,20.5755,-506.0563,-14.353,-12.8252
300116.SZ,20220427,20211231,-66.9592,36.5073,177.376,-41.2239
300117.SZ,20220426,20211231,-47.9897,-1070.0422,-44.3043,-165.007
300120.SZ,20220426,20211231,-0.1449,-414.8203,11.2467,0.975
300122.SZ,20220428,20211231,113.1044,119.384,2.11,78.6241
300123.SZ,20220426,20211231,13.2206,-7651.8952,15.4025,-26.9627
300124.SZ,20220426,20211231,34.6516,79.7016,24.7386,22.0079
300126.SZ,20220429,20211231,14.4528,57.5228,26.9796,0.7121
300129.SZ,20220429,20211231,10.2025,-56.5963,-3.0759,8.6505
300132.SZ,20220427,20211231,-7.4825,-1101.2239,15.9058,-34.7265
300133.SZ,20220428,20211231,-40.0388,-61.1074,8.7302,4.124
300134.SZ,20220428,20211231,16.7424,-2957.7812,2.2091,-7.578
300135.SZ,20220427,20211231,7.61,-7255.3796,42.7485,-5.0544
300136.SZ,20220428,20211231,7.671,-87.996,31.5679,7.089
300137.SZ,20220428,20211231,-30.579,-287.5523,66.6211,2.6248
300139.SZ,20220426,20211231,-6.7894,92.6047,194.5527,2.2641
300141.SZ,20220427,20211231,-70.8267,117.2367,73.2948,1.2698
300143.SZ,20220429,20211231,10.5188,-538.1502,8.0002,-23.7792
300145.SZ,20220426,20211231,-3.4236,55.1033,5.453,-32.6876
300148.SZ,20220426,20211231,-47.3147,24.6157,101.9204,-35.5475
300152.SZ,20220420,20211231,-75.7354,-567.1194,-138.6849,-43.3388
300153.SZ,20220427,20211231,108.1613,96.9769,38.6596,-0.3181
300155.SZ,20220428,20211231,-49.0004,-149.1675,53.7438,1.6255
300157.SZ,20220429,20211231,-62.0808,43.8154,17.3407,-116.6053
300159.SZ,20220428,20211231,99.917,164.5572,0.8138,-104.7226
300161.SZ,20220427,20211231,39.2992,826.9776,61.6466,-4.5733
300162.SZ,20220413,20211231,134.4197,100.7427,7.7233,5.0827
300164.SZ,20220427,20211231,42.5684,99.9131,32.7109,-3.2767
300165.SZ,20220426,20211231,62.2007,-3602.2074,-35.4678,-4.4829
300167.SZ,20220429,20211231,78.0471,-24.5302,2.1269,-50.1512
300168.SZ,20220429,20211231,-28.1893,103.1009,101.8373,0.5641
300169.SZ,20220426,20211231,-18.9764,42.1951,-46.7717,-30.9927
300170.SZ,20220426,20211231,21.4175,686.5858,38.2646,-4.8029
300174.SZ,20220421,20211231,45.6467,88.284,10.7204,7.3802
300175.SZ,20220428,20211231,-4.8962,87.7018,5.902,-9.9553
300178.SZ,20220427,20211231,-3.1328,-81.1034,-2.448,
300180.SZ,20220426,20211231,-8.9201,85.3927,29.0095,0.1863
300181.SZ,20220420,20211231,17.926,81.1834,17.3718,10.0429
300182.SZ,20220429,20211231,-7.4792,97.9435,36.4327,4.0376
300185.SZ,20220429,20211231,-12.5998,-59.0726,-3.005,4.2621
300192.SZ,20220428,20211231,-10.0339,-13964.9026,25.093,-56.9128
300195.SZ,20220428,20211231,26.1448,74.4753,24.4533,0.2446
300196.SZ,20220421,20211231,19.0657,103.4644,22.9291,15.15
300199.SZ,20220428,20211231,566.522,122.3767,11.8558,-24.8257
300201.SZ,20220428,20211231,-30.5204,142.7078,39.1445,10.8403
300203.SZ,20220428,20211231,-4.7749,-138.2939,3.4038,-9.6691
300205.SZ,20220428,20211231,-6.2211,-626.5724,-7.2487,-12.5502
300209.SZ,20220429,20211231,-83.2558,-61.1229,31.6053,-151.3096
300212.SZ,20220420,20211231,-85.1565,-175.6157,165.5737,-6.986
300214.SZ,20220420,20211231,38.1098,116.2356,-7.3431,8.7214
300217.SZ,20220426,20211231,13.5349,3875.0866,8.8428,4.2718
300219.SZ,20220428,20211231,-0.3242,67.3687,32.2299,9.8671
300220.SZ,20220427,20211231,17.4668,15.736,-43.2364,-37.0696
300228.SZ,20220427,20211231,-28.0854,-68.4372,1.8661,0.4898
300230.SZ,20220428,20211231,-45.1405,105.8974,21.4477,8.7501
300232.SZ,20220428,20211231,32.9813,30.9125,7.6261,2.7443
300234.SZ,20220428,20211231,158.189,122.926,24.3732,5.6996
300239.SZ,20220426,20211231,35.2873,187.7671,13.1311,2.2316
300241.SZ,20220428,20211231,5.6381,664.5426,52.6964,-1.1645
300242.SZ,20220428,20211231,-41.1282,39.3692,13.9476,-37.5461
300246.SZ,20220426,20211231,4.4439,-117.9161,5.8555,4.8836
300250.SZ,20220426,20211231,6.2833,110.482,35.5269,10.4396
300251.SZ,20220428,20211231,-72.0407,-480.3023,-61.6497,-4.7943
300252.SZ,20220427,20211231,62.7153,110.6946,21.9492,0.4308
300254.SZ,20220429,20211231,-14.3053,37.9326,9.3647,-20.7881
300255.SZ,20220420,20211231,11.4897,-45.0694,17.9135,7.5975
300256.SZ,20220428,20211231,-70.9624,105.9443,57.8171,
300257.SZ,20220427,20211231,5.3608,22.9226,21.1755,5.7238
300258.SZ,20220428,20211231,4.8154,-26.1762,-5.0297,4.0095
300260.SZ,20220426,20211231,67.9828,147.2872,24.3416,13.5866
300261.SZ,20220429,20211231,-7.4668,-19.1984,13.7602,6.9297
300262.SZ,20220428,20211231,-188.8043,-153.7109,,-107.7253
300263.SZ,20220428,20211231,18.5726,79.4808,15.7778,8.0665
300266.SZ,20220428,20211231,-36.4858,92.6207,-42.295,-11.8017
300267.SZ,20220428,20211231,8.8158,-8785.6324,-14.4609,-15.2156
300270.SZ,20220428,20211231,107.693,72.6961,11.3664,-7.0219
300272.SZ,20220428,20211231,19.4024,144.9748,15.3103,5.3337
300274.SZ,20220420,20211231,18.7911,-89.7318,25.2901,10.2224
300277.SZ,20220428,20211231,-33.5636,-38.6307,2.8102,2.1264
300278.SZ,20220423,20211231,64.2447,147.664,-0.4635,-69.2611
300280.SZ,20220427,20211231,-52.7178,-102.9532,7.9511,12.4271
300282.SZ,20220429,20211231,-11.2941,81.7996,30.7598,-10.2515
300288.SZ,20220426,20211231,23.6434,202.5866,21.5017,3.9898
300290.SZ,20220429,20211231,-53.8189,-777.2153,131.6185,-29.7854
300291.SZ,20220426,20211231,26.8471,-91.0322,51.3266,1.051
300293.SZ,20220428,20211231,22.5635,66.851,25.1508,-16.6602
300297.SZ,20220428,20211231,-115.454,45.4847,,-76.594
300300.SZ,20220428,20211231,-42.6265,1.2139,-0.0373,-32.3175
300302.SZ,20220429,20211231,-7.8461,-137.3802,66.2288,-1.3867
300305.SZ,20220428,20211231,6.102,-31.7427,18.4186,12.958
300307.SZ,20220428,20211231,97.0537,93.4607,-16.2957,1.4879
300309.SZ,20220428,20211231,-93.613,-221.0518,340.0132,
300310.SZ,20220427,20211231,3.4078,376.8332,72.5822,0.6317
300311.SZ,20220427,20211231,-44.4617,-95.5817,0.9506,-9.2333
300313.SZ,20220427,20211231,55.6774,-176.4657,-80.3182,-48.2753
300315.SZ,20220428,20211231,-30.7936,-787.8588,14.9876,-25.5064
300318.SZ,20220428,20211231,-23.8527,-16348.6216,2.283,-29.6361
300323.SZ,20220412,20211231,-8.1006,-42.451,11.6629,-4.2404
300324.SZ,20220420,20211231,11.9168,105.147,21.3144,-6.6809
300332.SZ,20220427,20211231,44.4724,637.3435,-6.1134,4.1474
300333.SZ,20220427,20211231,1.5935,304.4639,32.6872,-6.2848
300334.SZ,20220426,20211231,-22.0567,123.3201,18.3674,0.7892
300335.SZ,20220427,20211231,-56.0744,-1274.2648,28.8433,-7.5585
300336.SZ,20220428,20211231,-83.1519,67.8016,499.2436,
300338.SZ,20220429,20211231,-40.4842,52.7852,-27.2931,-176.8631
300339.SZ,20220412,20211231,1.9429,13.1296,49.5859,2.7834
300340.SZ,20220428,20211231,110.7612,98.7149,0.8911,-0.3255
300343.SZ,20220420,20211231,63.1811,153.8394,39.5161,24.6492
300345.SZ,20220427,20211231,13.7381,-85.843,39.7779,-2.1284
300350.SZ,20220428,20211231,1.895,-177.9434,19.3066,-3.9693
300356.SZ,20220428,20211231,-27.9703,-163.2719,18.7444,-24.8799
300357.SZ,20220427,20211231,29.5012,28.5539,63.0574,19.7882
300366.SZ,20220426,20211231,-35.3875,91.9863,25.5572,-1.8596
300367.SZ,20220429,20211231,-82.6388,-16.3322,104.5829,
300380.SZ,20220427,20211231,23.1098,-55.8745,57.9316,1.1385
300384.SZ,20220426,20211231,-1.3136,47.5421,11.347,9.1112
300387.SZ,20220420,20211231,34.3161,73.2223,38.0625,2.8906
300391.SZ,20220428,20211231,-4.5192,-294.6288,8.4192,6.3323
300392.SZ,20220429,20211231,1123.2855,44.0274,-91.0958,-29.8874
300393.SZ,20220426,20211231,15.234,-132.0951,-1.291,-10.3804
300395.SZ,20220427,20211231,27.4177,7.3206,44.1077,15.3701
300396.SZ,20220429,20211231,22.8165,69.668,45.5473,10.6296
300397.SZ,20220426,20211231,-48.4799,-476.376,6.5098,-6.464
300399.SZ,20220412,20211231,57.8684,-9.7731,5.5379,-1.2084
300403.SZ,20220412,20211231,10.0497,-21.3325,25.8075,11.4496
300404.SZ,20220426,20211231,31.0538,326.3344,13.6649,4.0079
300406.SZ,20220427,20211231,18.7624,285.2332,44.2444,13.089
300409.SZ,20220428,20211231,70.877,82945.4404,10.6733,16.2022
300411.SZ,20220427,20211231,-53.6117,-804.3951,64.0415,-1.3417
300417.SZ,20220428,20211231,-51.7441,-97.2353,35.6179,0.081
300418.SZ,20220428,20211231,22.683,-205.9944,43.3885,12.8114
300419.SZ,20220428,20211231,1.8013,-778.002,-5.5448,-5.6259
300421.SZ,20220429,20211231,-8.4121,-78.7165,-9.0858,6.6752
300424.SZ,20220427,20211231,-16.0382,102.8314,34.804,2.7524
300426.SZ,20220426,20211231,913.1701,2471.8822,84.7174,10.7265
300427.SZ,20220428,20211231,-7.5089,-11129.1372,1.9443,-33.7723
300429.SZ,20220428,20211231,49.2838,209.8886,18.0948,5.0505
300432.SZ,20220427,20211231,51.1889,108.2882,-0.8734,10.3154
300434.SZ,20220426,20211231,9.7415,97.5589,9.7921,2.7679
300440.SZ,20220426,20211231,27.1758,-51.8773,27.2973,6.2615
300442.SZ,20220427,20211231,2.7261,88.9718,19.1052,-2.7255
300444.SZ,20220428,20211231,22.2244,-8905.6936,6.2624,-11.117
300447.SZ,20220426,20211231,41.2022,-28.8293,32.4887,10.5767
300449.SZ,20220420,20211231,-84.2776,-5704.7769,-23.0156,-139.4266
300454.SZ,20220420,20211231,9.7045,-45.2306,44.2117,1.8964
300455.SZ,20220427,20211231,1.8303,-24.6119,58.1748,6.6467
300459.SZ,20220426,20211231,-5.2083,-18.3414,78.107,22.4106
300461.SZ,20220429,20211231,34.4128,-62.8035,48.6895,11.7792
300462.SZ,20220427,20211231,-50.6307,-99.9827,14.2711,-12.5456
300463.SZ,20220420,20211231,-17.2835,-29.5812,75.9659,23.3916
300464.SZ,20220426,20211231,-68.5898,-16550.7526,13.185,-129.3759
300465.SZ,20220412,20211231,-32.0612,106.8109,35.2846,18.6832
300470.SZ,20220426,20211231,7.2258,29.0187,39.7303,13.8457
300472.SZ,20220428,20211231,14.0617,15.6665,91.4387,-36.384
300473.SZ,20220428,20211231,-10.5981,98.1352,17.0951,0.6366
300474.SZ,20220428,20211231,49.1207,-28.908,49.7471,9.5062
300476.SZ,20220428,20211231,12.7265,-49.1537,12.1458,12.3284
300477.SZ,20220427,20211231,68.6697,105.6417,26.9647,4.4954
300483.SZ,20220427,20211231,13.121,-131.1238,60.5346,2.1689
300484.SZ,20220420,20211231,50.8817,13.9997,31.2222,9.6111
300490.SZ,20220428,20211231,91.7313,-67.8518,-1.07,1.5249
300491.SZ,20220426,20211231,30.4737,-22.3463,18.5654,2.7675
300492.SZ,20220428,20211231,-13.6241,-39.8285,26.6678,2.1141
300493.SZ,20220427,20211231,25.0615,-2.765,4.1605,7.4908
300494.SZ,20220426,20211231,19.797,584.2417,43.5569,10.2078
300497.SZ,20220429,20211231,-5.3207,-536.1397,-9.6619,3.6158
300504.SZ,20220412,20211231,36.2993,319.943,42.4571,8.3864
300509.SZ,20220427,20211231,2.2331,-26.6234,9.4577,3.249
300510.SZ,20220428,20211231,47.288,-83.4899,29.241,0.0467
300513.SZ,20220428,20211231,-30.2625,-544.4324,44.845,-7.2977
300515.SZ,20220426,20211231,23.774,8.2355,30.2904,12.5688
300518.SZ,20220428,20211231,99.9474,-79.2498,122.0307,6.1199
300521.SZ,20220426,20211231,-3.5856,345.03,49.7841,0.6205
300522.SZ,20220428,20211231,7.0446,-120.5127,60.0178,12.5272
300529.SZ,20220412,20211231,40.633,34.6599,65.2689,36.8726
300531.SZ,20220412,20211231,6.2982,444.8712,62.8199,9.5936
300533.SZ,20220426,20211231,116.9986,-121.087,96.0937,-7.4864
300536.SZ,20220427,20211231,-32.3969,-160.7505,50.1035,-0.629
300539.SZ,20220427,20211231,3.029,13.7261,29.1655,3.7203
300540.SZ,20220420,20211231,18.3154,-3355.1366,6.7823,-15.5999
300541.SZ,20220412,20211231,-54.4902,35.8909,31.3117,14.5303
300542.SZ,20220426,20211231,18.2305,-2.5383,32.4323,9.593
300543.SZ,20220427,20211231,6.2243,-107.0306,8.4768,10.54
300545.SZ,20220420,20211231,-4.8378,-91.9612,57.6388,1.6601
300546.SZ,20220428,20211231,14.2147,1454.3512,29.3794,0.0925
300547.SZ,20220428,20211231,3.361,-12.2543,13.6831,11.3502
300553.SZ,20220420,20211231,32.5689,-31.2695,19.545,5.8697
300555.SZ,20220429,20211231,57.1792,-455.2246,-65.4778,-4.2595
300559.SZ,20220411,20211231,-49.2059,-124.4178,63.6035,7.6734
300565.SZ,20220426,20211231,-38.5034,-518.491,-9.3105,-20.2459
300567.SZ,20220426,20211231,-23.6968,-89.2286,25.8596,4.5887
300569.SZ,20220428,20211231,32.0763,-34.6549,-1.0083,12.4861
300571.SZ,20220427,20211231,47.1896,-101.8233,-3.6677,20.5067
300572.SZ,20220428,20211231,-52.8434,-153.2145,27.3202,-0.6584
300573.SZ,20220420,20211231,17.4319,12.8022,46.5013,18.2388
300576.SZ,20220428,20211231,29.3852,-116.024,-5.6933,6.2855
300577.SZ,20220427,20211231,52.2855,-29.0655,12.5331,5.8789
300578.SZ,20220428,20211231,-27.792,-2793.3124,17.5036,-20.2204
300583.SZ,20220426,20211231,70.341,103.5379,60.1255,1.2889
300585.SZ,20220426,20211231,9.862,136.7454,23.2868,2.8651
300589.SZ,20220428,20211231,12.9517,30.8498,47.21,5.6731
300599.SZ,20220427,20211231,-4.6038,-101.5093,11.2754,5.1985
300600.SZ,20220426,20211231,-42.3263,-0.5246,6.8067,-23.8655
300601.SZ,20220428,20211231,51.6164,-7.602,54.2807,14.3183
300603.SZ,20220427,20211231,2093.562,47.5164,17.834,-50.9559
300605.SZ,20220428,20211231,19.7466,-77.0931,18.2998,8.3982
300606.SZ,20220421,20211231,34.3964,110.0838,2.802,11.4009
300607.SZ,20220427,20211231,38.3076,-3587.0874,28.3519,1.3201
300609.SZ,20220426,20211231,157.9236,63.0684,40.257,0.3189
300611.SZ,20220426,20211231,10.3431,-168.8663,7.3077,1.789
300612.SZ,20220421,20211231,28.0912,246.9767,-2.3428,3.3522
300615.SZ,20220426,20211231,27.125,-58.9108,18.1706,0.31
300616.SZ,20220428,20211231,0.6699,-93.9111,36.0977,1.1993
300619.SZ,20220429,20211231,68.0264,4.4266,7.0664,3.2145
300622.SZ,20220428,20211231,6.9553,-30.2341,17.2695,13.4389
300623.SZ,20220420,20211231,33.4606,20.4139,-8.0396,15.9373
300625.SZ,20220426,20211231,1.3431,-259.8116,19.3491,0.4613
300626.SZ,20220426,20211231,-10.9963,3116.7113,-4.6089,8.1998
300630.SZ,20220426,20211231,-60.139,-170.1514,0.2174,13.1277
300633.SZ,20220427,20211231,11.9018,247.5325,44.1473,9.0603
300634.SZ,20220426,20211231,38.2129,-9.353,17.5619,7.3498
300635.SZ,20220428,20211231,-13.71,573.313,45.2837,4.9924
300649.SZ,20220428,20211231,-18.2889,-123.976,46.6318,5.8691
300651.SZ,20220427,20211231,65.4973,476.9189,24.2157,3.2381
300652.SZ,20220427,20211231,38.1272,75.8192,8.3458,7.7402
300654.SZ,20220428,20211231,16.5188,69.0205,23.2582,5.3602
300655.SZ,20220428,20211231,69.7027,134.6155,0.1978,7.8433
300657.SZ,20220429,20211231,21.7086,-980.4946,-0.5233,-19.5521
300658.SZ,20220426,20211231,17.2378,157.2708,-7.7814,-0.7608
300660.SZ,20220427,20211231,8.5785,-56.8828,-36.2131,8.8708
300664.SZ,20220427,20211231,-33.4473,-75.3522,8.4671,7.8476
300666.SZ,20220426,20211231,46.3771,-69.4433,-0.3698,6.0124
300667.SZ,20220426,20211231,14.49,27.8184,37.9206,5.4164
300672.SZ,20220428,20211231,25.6494,61.0036,-59.9003,18.3822
300673.SZ,20220420,20211231,-3.3251,-158.6425,3.3016,3.2995
300677.SZ,20220429,20211231,-46.9833,-81.4928,15.3162,58.5815
300679.SZ,20220428,20211231,11.2746,12.4763,51.7365,9.1768
300680.SZ,20220428,20211231,49.5074,12.044,3.6421,10.2944
300685.SZ,20220412,20211231,11.0192,16.278,16.1703,17.3005
300687.SZ,20220428,20211231,33.3976,38.7116,19.2013,12.7711
300690.SZ,20220420,20211231,-19.1822,-30.3741,9.1658,10.4026
300691.SZ,20220426,20211231,-8.656,-61.5219,2.4238,5.3194
300693.SZ,20220427,20211231,27.6779,-6.8286,14.3427,12.5858
300694.SZ,20220426,20211231,11.1855,-424.2711,1.4909,-1.9223
300695.SZ,20220421,20211231,98.4749,15.251,44.1262,5.9436
300696.SZ,20220420,20211231,96.9443,55.759,103.6443,18.7185
300699.SZ,20220412,20211231,25.8228,19.4965,195.6645,18.3108
300700.SZ,20220412,20211231,53.7731,-1919.0896,19.2298,-16.4554
300705.SZ,20220427,20211231,54.9986,29.4023,19.095,18.6179
300707.SZ,20220427,20211231,103.1433,577.2301,16.615,6.1051
300712.SZ,20220428,20211231,90.7826,70.7539,27.0524,1.7441
300713.SZ,20220426,20211231,-24.5314,-137.9729,49.2026,-0.2363
300719.SZ,20220426,20211231,-20.8529,-63.4394,56.0607,0.9065
300720.SZ,20220426,20211231,5.4434,1.9949,33.9497,13.2111
300723.SZ,20220421,20211231,13.4352,-35.8267,35.6873,10.8317
300724.SZ,20220427,20211231,35.614,62.694,61.0007,14.3071
300725.SZ,20220429,20211231,0.6424,5.525,-14.2137,10.7815
300729.SZ,20220413,20211231,6.8781,9.7996,19.1385,7.4733
300737.SZ,20220428,20211231,9.7755,-100.2247,58.943,12.5467
300739.SZ,20220421,20211231,70.2243,32.6386,4.3378,4.4556
300740.SZ,20220428,20211231,23.5909,32.0041,4.9104,14.5718
300742.SZ,20220427,20211231,-59.3033,-7360.7824,-71.1533,-95.1451
300743.SZ,20220426,20211231,18.5962,45.3531,-2.2229,3.9626
300746.SZ,20220426,20211231,5.7416,-65.3821,19.9101,3.7182
300749.SZ,20220426,20211231,29.0958,-1482.227,25.0251,-11.6481
300756.SZ,20220428,20211231,-40.9543,44.4324,3.3065,1.2984
300757.SZ,20220429,20211231,42.9273,-80.9463,-20.4238,-9.5111
300760.SZ,20220420,20211231,18.4572,3.4105,49.3643,31.2576
300768.SZ,20220426,20211231,-14.569,-13.6932,55.6578,11.5281
300773.SZ,20220429,20211231,15.274,15.9426,26.3026,18.4448
300774.SZ,20220420,20211231,3.781,-15.2595,39.9512,13.0168
300776.SZ,20220427,20211231,-10.5946,-14.3058,18.3933,17.48
300777.SZ,20220428,20211231,-13.8491,-44.2346,230.9299,14.9903
300778.SZ,20220427,20211231,-9.2555,-16.05,53.0278,6.596
300779.SZ,20220426,20211231,-7.7372,-71.464,-46.796,0.6697
300782.SZ,20220428,20211231,40.297,71.049,16.3008,37.6334
300785.SZ,20220427,20211231,31.3837,5.6275,15.98,9.7718
300791.SZ,20220412,20211231,1.2239,-55.9013,6.9807,8.8758
300793.SZ,20220427,20211231,-35.3413,-343.3052,11.5878,0.3372
300796.SZ,20220428,20211231,11.8024,-47.0003,22.4724,5.5041
300798.SZ,20220412,20211231,22.3195,-75.1532,15.1079,4.0456
300799.SZ,20220428,20211231,-86.303,-125.3745,-153.4821,0.3439
300807.SZ,20220427,20211231,24.3974,-72.9544,-1.8369,-8.0453
300808.SZ,20220420,20211231,-32.5541,-212.4135,33.4193,0.495
300814.SZ,20220428,20211231,73.4406,15.239,-8.785,10.7787
300817.SZ,20220420,20211231,14.2408,-4.899,22.6394,9.9211
300819.SZ,20220427,20211231,132.0314,84.3519,18.1464,2.1298
300820.SZ,20220426,20211231,37.8286,-3.3415,30.1943,12.787
300833.SZ,20220427,20211231,130.5527,103.1725,1.0215,6.7766
300839.SZ,20220426,20211231,58.1221,195.5348,38.0251,4.8628
300840.SZ,20220426,20211231,7.6576,455.5176,23.6199,4.5013
300843.SZ,20220427,20211231,8.8494,1.2607,38.5898,10.705
300844.SZ,20220427,20211231,19.0396,-94.7134,-7.6096,6.6906
300845.SZ,20220426,20211231,-13.5386,-42.8513,64.5997,4.3435
300853.SZ,20220428,20211231,83.912,91.5629,13.414,13.309
300854.SZ,20220427,20211231,-10.9473,-51.6143,16.0283,7.1262
300859.SZ,20220427,20211231,-58.6817,-150.8118,-237.9898,4.2289
300863.SZ,20220427,20211231,39.3697,-33.1187,-7.284,12.1124
300864.SZ,20220428,20211231,5.6787,-40.0847,66.1064,7.504
300865.SZ,20220412,20211231,-17.6007,-1256.2213,-4.2081,2.107
300867.SZ,20220420,20211231,89.0386,-37.6504,35.724,13.8876
300868.SZ,20220420,20211231,-11.8608,-128.9637,1.4663,-0.3185
300870.SZ,20220420,20211231,8.48,-89.373,13.2859,5.3598
300872.SZ,20220427,20211231,30.9287,-146.7029,43.4141,2.2499
300878.SZ,20220429,20211231,-12.5246,-91.8803,9.642,6.1092
300880.SZ,20220427,20211231,33.1215,25.4513,1.3608,14.4743
300882.SZ,20220412,20211231,-2.383,-42.6111,101.8197,6.9832
300889.SZ,20220426,20211231,-33.8213,-115.3373,93.154,1.0238
300893.SZ,20220427,20211231,35.0676,26.4192,29.4735,14.104
300897.SZ,20220420,20211231,9.8867,17.5272,38.4365,8.8744
300899.SZ,20220428,20211231,89.2587,110.0787,19.0396,6.2589
300901.SZ,20220426,20211231,0.8757,-66.2457,6.8448,5.3793
300903.SZ,20220427,20211231,25.2405,-75.1556,6.6304,4.8595
300908.SZ,20220412,20211231,11.1534,-45.3916,13.0475,6.3258
300909.SZ,20220426,20211231,15.3869,84.7583,18.259,11.5001
300910.SZ,20220412,20211231,62.578,21.8438,9.0793,9.2898
300912.SZ,20220429,20211231,-67.1644,-429.2434,18.1841,-13.9168
300916.SZ,20220426,20211231,13.8855,35.1975,36.2245,13.5758
300917.SZ,20220426,20211231,38.1275,2.0917,18.704,11.5716
300920.SZ,20220428,20211231,4.4018,-53.6523,33.2295,7.1461
300921.SZ,20220426,20211231,20.9765,-34.7268,22.4597,6.2394
300923.SZ,20220426,20211231,-5.7642,103.4774,52.2272,4.6196
300925.SZ,20220426,20211231,41.2466,-1.2796,18.8549,9.581
300935.SZ,20220416,20211231,142.8117,266.9128,26.6854,6.7557
300942.SZ,20220427,20211231,131.3282,201.4573,32.7037,28.6111
300948.SZ,20220426,20211231,131.3976,175.6951,-24.1547,10.755
300949.SZ,20220427,20211231,14.5625,-37.5082,2.0545,7.3112
300955.SZ,20220420,20211231,9.1481,22.5463,24.7738,12.6897
300959.SZ,20220426,20211231,-7.2458,-26.0863,14.1838,9.942
300960.SZ,20220426,20211231,-6.1315,-16.4718,7.733,7.0476
300961.SZ,20220427,20211231,-38.7807,-131.7021,24.0489,4.3806
300962.SZ,20220426,20211231,7.1115,-61.8477,12.8587,11.1108
300963.SZ,20220426,20211231,20.8367,31.2681,15.2242,6.0619
300965.SZ,20220412,20211231,-38.9015,-61.2701,46.1341,5.9918
300968.SZ,20220426,20211231,-26.6124,-60.2396,-0.3579,5.2954
300969.SZ,20220428,20211231,26.2144,2.9607,20.7551,18.7001
300976.SZ,20220427,20211231,-1.6212,-22.8139,13.645,10.6113
300977.SZ,20220427,20211231,19.0711,-52.3042,40.4293,11.3653
300980.SZ,20220426,20211231,17.4692,-26.674,5.647,12.1669
300981.SZ,20220428,20211231,-68.7338,-98.2679,86.2258,49.3065
300983.SZ,20220426,20211231,-1.388,-13.6434,57.7743,14.3698
300985.SZ,20220426,20211231,-88.2272,-123.9235,288.3825,1.7046
300986.SZ,20220426,20211231,31.3018,12.6491,25.1206,14.2412
301000.SZ,20220421,20211231,-8.9576,-9.7661,44.4151,15.457
301004.SZ,20220426,20211231,49.7888,-16.5992,28.5584,15.4185
301012.SZ,20220412,20211231,21.6066,11.2881,-13.9687,9.6848
301013.SZ,20220426,20211231,4.0228,40.3759,15.3202,4.8706
301015.SZ,20220426,20211231,0.7707,1.2572,10.308,22.7799
301017.SZ,20220428,20211231,23.2858,-94.7496,3.9719,5.9983
301022.SZ,20220412,20211231,9.2392,-35.9747,28.2017,5.3368
301023.SZ,20220426,20211231,14.2791,16.3883,46.3256,11.0428
301027.SZ,20220426,20211231,-2.057,-2.9012,23.7678,18.1381
301029.SZ,20220426,20211231,24.5653,9.7065,45.4212,21.7342
301030.SZ,20220420,20211231,13.9979,-34.9087,23.244,4.9319
301032.SZ,20220427,20211231,-23.0398,-9.8688,30.7648,6.4261
301033.SZ,20220421,20211231,20.4086,-8.287,69.8785,5.1396
301036.SZ,20220412,20211231,-28.0407,-67.1212,-19.3149,7.0872
301037.SZ,20220428,20211231,-16.8397,-73.2774,5.8816,6.4801
301038.SZ,20220413,20211231,-16.8737,56.6046,88.3308,11.9285
301041.SZ,20220428,20211231,20.8356,-16.7015,27.34,7.6658
301042.SZ,20220426,20211231,-21.9648,-46.2142,65.8858,8.6847
301043.SZ,20220427,20211231,28.2111,-76.574,4.6858,9.7232
301056.SZ,20220426,20211231,-19.786,-30.7746,19.7292,10.1833
301057.SZ,20220420,20211231,-2.1814,-44.7993,55.1769,13.4359
301062.SZ,20220427,20211231,28.6226,-20.5139,-11.8101,15.7735
301063.SZ,20220428,20211231,19.2419,-16.8474,-3.459,9.4406
301065.SZ,20220426,20211231,-14.8982,-63.5807,5.6013,5.8598
301066.SZ,20220426,20211231,-19.3234,-96.7986,11.0089,8.1193
301070.SZ,20220426,20211231,-1.5791,-173.6902,32.5845,8.229
301073.SZ,20220426,20211231,-25.4983,-80.9759,67.4151,7.9712
301076.SZ,20220426,20211231,39.0228,12.4321,26.7215,8.7
301078.SZ,20220428,20211231,-3.1809,-126.6239,11.2226,4.9217
301081.SZ,20220426,20211231,21.0409,21.4233,17.4882,11.2676
301082.SZ,20220428,20211231,62.542,-34.9721,-64.2093,11.2534
301087.SZ,20220420,20211231,-8.811,34.3822,25.0194,12.1344
301090.SZ,20220411,20211231,24.4414,104.4142,30.7326,8.4401
301108.SZ,20220412,20211231,-44.1967,-47.1504,8.0417,19.693
301116.SZ,20220428,20211231,10.2327,-29.3049,2.3193,7.2609
301117.SZ,20220412,20211231,72.4168,75.7998,6.6434,35.5227
301119.SZ,20220421,20211231,18.2238,-10.7245,13.1573,8.4433
301123.SZ,20220426,20211231,,,15.9956,20.4199
301136.SZ,20220429,20211231,5.1653,-12.8265,72.3462,8.8901
301149.SZ,20220420,20211231,26.9896,-37.3365,19.0558,16.9191
301155.SZ,20220428,20211231,-37.8409,-16.3123,21.5335,34.3893
301159.SZ,20220426,20211231,12.3719,-14.944,20.6567,8.472
301168.SZ,20220426,20211231,-22.3886,-35.493,75.1408,5.8307
301178.SZ,20220428,20211231,2.4687,-17.1552,35.5929,9.694
301180.SZ,20220427,20211231,0.1724,5.5672,0.3067,20.1754
301188.SZ,20220420,20211231,23.6151,12.2607,-1.4913,12.1471
301189.SZ,20220427,20211231,-38.3726,-61.3567,14.5195,8.7004
301196.SZ,20220426,20211231,-24.1036,-37.2494,36.2605,16.9511
301199.SZ,20220426,20211231,9.8147,-75.7772,-8.2253,3.824
301206.SZ,20220427,20211231,67.2233,56.8584,32.8859,67.9411
301211.SZ,20220428,20211231,-28.2245,-42.1552,39.666,7.0314
301213.SZ,20220426,20211231,-8.0922,2.8745,29.7126,10.3505
301217.SZ,20220420,20211231,37.6647,182.7398,6.8032,18.4792
301228.SZ,20220428,20211231,-2.0328,4.8275,53.7712,12.0165
301257.SZ,20220429,20211231,,,42.6408,29.2538
430090.BJ,20220420,20211231,-9.3035,-6.5119,40.5568,8.8746
430198.BJ,20220428,20211231,-21.6793,-24.5039,19.1484,7.8122
430418.BJ,20220412,20211231,-11.0466,-28.4527,7.3564,9.3183
430489.BJ,20220421,20211231,221.5412,618.2121,32.7138,11.1179
600021.SH,20220429,20211231,40.2245,-616.7217,-28.9691,-10.0286
600023.SH,20220429,20211231,39.7262,-455.3091,-11.1187,-1.7181
600032.SH,20220420,20211231,46.3353,669.5125,51.7149,4.8329
600035.SH,20220429,20211231,-0.7044,97.3648,59.3482,10.7068
600051.SH,20220412,20211231,37.7891,31238.2452,6.123,6.0452
600064.SH,20220420,20211231,47.2099,94.2698,92.3676,13.9915
600070.SH,20220427,20211231,-84.1262,27.5497,-48.2214,-27.101
600079.SH,20220428,20211231,-2.5094,-43.2139,23.8353,8.5271
600083.SH,20220429,20211231,-3.2242,-21.9129,34.5902,72.7474
600084.SH,20220426,20211231,121.6372,163.061,-27.6175,-1.9681
600091.SH,20220428,20211231,199.4839,-18.4763,-68.8022,-5.9261
600099.SH,20220427,20211231,64.8598,-45.7244,13.7461,1.8086
600100.SH,20220428,20211231,-7.8658,-513.1536,21.7289,-13.6137
600105.SH,20220426,20211231,4.7933,95.0338,-16.9089,0.9857
600107.SH,20220429,20211231,15.9873,-91.3891,18.7211,2.1889
600108.SH,20220420,20211231,4.1848,102.6074,20.7415,0.8877
600119.SH,20220428,20211231,93.7213,-123.5053,9.5527,-62.4245
600120.SH,20220428,20211231,-18.6748,-37.316,3.7788,4.3132
600122.SH,20220420,20211231,71.0144,96.6745,22.9244,-170.1294
600123.SH,20220426,20211231,118.464,628.2361,45.6752,20.2009
600137.SH,20220426,20211231,1.2067,18.8649,43.9365,3.0615
600143.SH,20220426,20211231,19.6791,-108.7652,6.9611,10.3001
600148.SH,20220429,20211231,-42.6299,2.3555,62.76,6.6333
600150.SH,20220429,20211231,26.7737,-246.8569,19.4419,-1.903
600152.SH,20220426,20211231,-17.5211,-1327.9265,-22.8191,-9.4553
600157.SH,20220426,20211231,35.0663,-91.8784,16.9209,1.8202
600158.SH,20220426,20211231,-13.1851,105.9645,24.3571,1.6527
600161.SH,20220426,20211231,59.8261,42.0454,11.1733,12.0301
600162.SH,20220429,20211231,-35.7964,-110.7523,47.5261,2.0703
600169.SH,20220428,20211231,-8.5356,-102.3696,0.9378,-0.4998
600170.SH,20220418,20211231,9.9987,-26.9547,30.5504,7.126
600173.SH,20220413,20211231,-76.0522,-82.9138,-19.3052,13.6367
600175.SH,20220428,20211231,-4.0586,100.5251,0.1627,-17.6498
600177.SH,20220426,20211231,43.543,-18.4008,-53.9545,14.2122
600180.SH,20220428,20211231,36.4848,4749.8347,-4.8307,13.0705
600182.SH,20220429,20211231,10.3666,-54.0228,17.1465,3.1919
600197.SH,20220428,20211231,-26.469,-66.8244,35.2348,8.7478
600200.SH,20220427,20211231,-21.2789,94.2073,50.6711,-4.7514
600203.SH,20220429,20211231,54.0294,-296.7359,6.2977,-10.5915
600209.SH,20220429,20211231,-77.9555,53.476,685.6141,-14.5978
600213.SH,20220428,20211231,-41.1575,242.4998,36.0053,-905.3026
600216.SH,20220427,20211231,22.1389,204.2422,29.4947,11.9406
600220.SH,20220428,20211231,-8.96,79.1981,79.3033,3.0148
600222.SH,20220420,20211231,7.7164,-647.3438,7.531,2.3237
600226.SH,20220428,20211231,117.9827,93.7253,1.6055,5.0596
600229.SH,20220426,20211231,9.5101,308.0246,51.4595,8.9147
600233.SH,20220427,20211231,27.2151,201.8346,16.6186,10.401
600234.SH,20220429,20211231,-81.864,-80.6315,49.9964,4.7054
600236.SH,20220428,20211231,-15.5848,-139.9375,-1.0219,8.0553
600238.SH,20220426,20211231,-58.9458,-221.0228,-38.7329,-20.9681
600239.SH,20220426,20211231,311.0418,58.2984,62.0657,-1384.5816
600243.SH,20220426,20211231,45.1668,-462.9849,37.6817,-13.2208
600248.SH,20220428,20211231,12.3011,-94.5538,3.2497,18.6634
600252.SH,20220418,20211231,-34.2734,-258.8536,-63.6636,1.1417
600259.SH,20220429,20211231,26.6404,-37.5609,24.4499,8.0926
600278.SH,20220426,20211231,-31.368,-40.9584,8.1957,3.421
600280.SH,20220428,20211231,-60.8387,-64.3926,63.7109,-21.1929
600281.SH,20220420,20211231,-37.1137,-187.6809,-62.8538,-6.1778
600283.SH,20220420,20211231,13.4301,-92.6071,41.3911,6.0903
600285.SH,20220426,20211231,10.0147,-37.7484,33.8799,15.4544
600286.SH,20220426,20211231,115.227,-77.662,-12.4346,0.236
600289.SH,20220429,20211231,-86.4304,0.9558,67.6119,-11.6493
600290.SH,20220429,20211231,-52.9432,-538.3902,-91.9678,-81.9332
600293.SH,20220429,20211231,40.0866,96.9572,65.6375,19.0782
600297.SH,20220428,20211231,-25.9551,-109.1542,25.0767,3.2963
600301.SH,20220413,20211231,-263.1342,327.4514,,3.4778
600302.SH,20220428,20211231,0.1339,-142.9896,5.869,-6.8169
600305.SH,20220426,20211231,-6.6491,-118.688,40.3123,4.741
600307.SH,20220420,20211231,-20.572,-723.3408,-21.4638,11.851
600322.SH,20220412,20211231,353.2268,32.8805,13.7409,-137.467
600335.SH,20220413,20211231,-13.9222,-63.1822,9.5593,1.0326
600337.SH,20220428,20211231,4.4583,-72.2266,27.6247,4.4722
600338.SH,20220420,20211231,94.5941,304.2423,39.3969,31.7194
600343.SH,20220429,20211231,-8.4354,-589.0354,58.7496,-10.9037
600351.SH,20220428,20211231,-25.653,170.1551,29.1768,4.9183
600360.SH,20220429,20211231,26.2344,258.745,26.0809,3.5474
600378.SH,20220420,20211231,31.9091,27.3814,32.4913,12.9688
600381.SH,20220426,20211231,-25.1751,12.7941,26.9262,-11.7727
600382.SH,20220428,20211231,8.8439,56.081,62.6167,3.1311
600385.SH,20220429,20211231,44.3595,104.3423,106.7296,10.8656
600390.SH,20220427,20211231,-93.2533,-75.8255,741.3764,5.0547
600391.SH,20220412,20211231,3.0419,63.0833,-33.3539,0.1576
600395.SH,20220428,20211231,112.3294,35.4998,19.0516,19.6742
600398.SH,20220428,20211231,-2.4002,-10.2457,36.1401,16.6346
600400.SH,20220427,20211231,5.6655,-97.9628,28.6672,2.0276
600406.SH,20220429,20211231,4.2098,6.3728,31.3596,15.3282
600410.SH,20220429,20211231,0.4338,2235.226,16.5272,-2.141
600419.SH,20220428,20211231,19.6917,35.2884,33.6694,7.0412
600438.SH,20220426,20211231,34.0929,721.9221,24.1582,24.9441
600455.SH,20220429,20211231,11.3994,-9.8187,1.8322,16.5672
600467.SH,20220426,20211231,-1.2129,6.4002,116.0278,0.7234
600468.SH,20220420,20211231,-13.5934,-69.2089,28.5322,5.1859
600469.SH,20220429,20211231,-10.5685,-409.142,11.8823,-4.3972
600476.SH,20220429,20211231,17.3618,71.9441,42.0143,2.2804
600477.SH,20220420,20211231,-6.9011,-32.7,-16.6778,5.1329
600478.SH,20220426,20211231,17.6766,-98.1067,19.1119,0.6285
600480.SH,20220426,20211231,-0.8685,-13.7483,32.5719,4.7351
600483.SH,20220426,20211231,-9.6833,-66.9007,19.25,7.5652
600487.SH,20220426,20211231,63.239,-35.8173,7.5206,6.6505
600489.SH,20220421,20211231,-3.691,-39.9276,18.6153,7.0019
600503.SH,20220427,20211231,-84.564,38.078,118.1328,2.2236
600506.SH,20220420,20211231,123.0991,-370.8695,31.1729,-14.2325
600510.SH,20220426,20211231,17.4089,-78.3664,-36.7665,6.9818
600512.SH,20220429,20211231,-10.8369,-71.3875,18.1556,14.0827
600513.SH,20220428,20211231,12.9271,39.7082,15.1911,10.0578
600515.SH,20220429,20211231,-67.491,101.1739,-44.2558,0.4583
600517.SH,20220421,20211231,19.5603,707.4267,-4.2612,8.431
600520.SH,20220428,20211231,12.7248,-42.2036,14.0299,1.1817
600521.SH,20220426,20211231,26.7102,-214.3394,12.5956,0.9094
600525.SH,20220428,20211231,-4.1191,-1642.6579,20.09,-28.7696
600527.SH,20220426,20211231,-3.9228,28.7332,-36.3279,3.8068
600529.SH,20220426,20211231,-4.0694,-19.1118,32.6001,12.8216
600530.SH,20220428,20211231,10.997,-193.4161,43.8191,-2.5039
600537.SH,20220426,20211231,1.548,38.6679,33.6171,-15.0413
600540.SH,20220428,20211231,-46.3996,-2588.53,-317.791,-26.3394
600543.SH,20220428,20211231,-36.9085,-917.1101,84.1589,-8.1864
600550.SH,20220412,20211231,2.3154,4112.8227,39.6301,2.9781
600559.SH,20220429,20211231,14.273,75.6318,1.8164,9.6639
600562.SH,20220428,20211231,-9.328,25.1027,3.9072,10.3039
600565.SH,20220428,20211231,-38.0431,-252.3837,32.6451,-21.5858
600568.SH,20220420,20211231,-20.6037,-399.9019,16.7866,-5.8207
600569.SH,20220426,20211231,53.602,-100.942,9.3337,9.7589
600573.SH,20220426,20211231,7.7151,-3.4256,-135.2581,1.6036
600576.SH,20220420,20211231,326.739,-72.8675,93.1729,2.6287
600582.SH,20220421,20211231,-0.0957,-4.8342,40.0316,8.011
600586.SH,20220412,20211231,25.109,-59.5393,21.6392,24.3847
600590.SH,20220428,20211231,-16.3812,6.2223,-7.9151,-11.2502
600608.SH,20220426,20211231,-64.8332,-245.9371,22.22,2.398
600609.SH,20220421,20211231,-20.2812,91.791,26.7281,33.3008
600612.SH,20220429,20211231,13.3605,6.9899,21.6984,18.5289
600615.SH,20220426,20211231,327.262,-118.6001,-20.3992,-0.4967
600619.SH,20220429,20211231,5.042,111.1123,14.0588,0.3961
600625.SH,20220428,20211231,,,,-2.4585
600630.SH,20220428,20211231,-29.4962,-87.6768,26.5053,-25.4349
600633.SH,20220428,20211231,-1.8583,-42.4371,49.4426,3.5154
600636.SH,20220428,20211231,-39.822,-793.6862,43.3214,-17.0363
600651.SH,20220426,20211231,-4.0435,-15.2974,4.5015,-17.3924
600661.SH,20220429,20211231,-45.9508,-103.2807,-127.3032,-86.5128
600667.SH,20220428,20211231,55.3714,-2.4119,24.4525,11.5411
600686.SH,20220429,20211231,1.3536,-225.7895,30.095,-17.1456
600696.SH,20220426,20211231,322.2981,-1298.0768,95.6062,14.9629
600699.SH,20220426,20211231,-17.4594,-519.8679,6.4562,-28.5368
600703.SH,20220426,20211231,19.0696,-65.3456,11.1114,1.733
600706.SH,20220427,20211231,9.1927,185.338,17.7514,-2.548
600708.SH,20220429,20211231,32.9246,-89.3387,34.9673,-2.2317
600709.SH,20220429,20211231,-14.2771,3.5211,-59.4812,-8.7123
600710.SH,20220412,20211231,58.2309,408.5687,14.6645,11.5406
600711.SH,20220426,20211231,23.3182,-126.4812,4.3203,5.7592
600712.SH,20220420,20211231,-8.4876,112.8598,-2.0079,-2.3461
600715.SH,20220428,20211231,-10.1297,83.4142,58.5122,-23.2131
600718.SH,20220429,20211231,1.7488,1673.419,33.8815,0.3911
600719.SH,20220429,20211231,-4.6117,-350.0529,152.7414,-16.3708
600722.SH,20220428,20211231,97.0749,12878.3362,13.1542,4.4969
600725.SH,20220426,20211231,-82.5798,-61.9245,140.524,2.2589
600726.SH,20220428,20211231,-6.8464,-226.928,20.6334,
600735.SH,20220429,20211231,75.0122,77.7998,-5.1703,4.2444
600736.SH,20220426,20211231,-10.9576,-29.7835,-57.1632,1.5591
600740.SH,20220426,20211231,45.808,-446.4163,5.5452,10.7603
600745.SH,20220426,20211231,5.3608,264.8492,20.1622,7.0154
600755.SH,20220421,20211231,-14.5342,-14.7285,7.9134,9.4475
600757.SH,20220427,20211231,-24.1614,-96.1055,65.4577,8.1206
600763.SH,20220428,20211231,6.3371,-10.8672,40.2157,26.6771
600764.SH,20220429,20211231,1.1852,3.9192,19.6151,11.4262
600767.SH,20220427,20211231,27.1647,-12.7871,29.9208,-3.7898
600769.SH,20220421,20211231,13.9181,-6.9904,82.4137,9.5586
600770.SH,20220420,20211231,50.845,166.6542,37.4239,0.8635
600778.SH,20220428,20211231,-23.4537,58.9911,16.728,-3.6355
600782.SH,20220426,20211231,-4.9636,12.4482,14.4967,16.2061
600790.SH,20220420,20211231,48.2308,54.1221,48.7356,7.014
600795.SH,20220426,20211231,22.1501,-898.3004,8.4378,-8.6635
600796.SH,20220428,20211231,3.3662,34.3163,17.5603,-0.2636
600797.SH,20220420,20211231,7.285,-523.783,49.4,-17.0739
600798.SH,20220428,20211231,4.8962,423.3181,35.5104,5.1925
600802.SH,20220429,20211231,41.1038,169.5555,14.7469,21.3855
600804.SH,20220428,20211231,-46.2808,-35.6196,-37.2559,-197.5883
600807.SH,20220429,20211231,17.8014,123.3632,-112.7664,2.0221
600809.SH,20220428,20211231,-24.7928,-24.8993,56.0458,42.0748
600812.SH,20220428,20211231,-9.4994,102.07,18.554,-0.8059
600815.SH,20220426,20211231,-38.6285,-2535.6037,-3.1942,-15.4386
600818.SH,20220420,20211231,9.4669,-81.2119,-7.4842,-1.9412
600824.SH,20220426,20211231,-12.8906,-102.3436,33.0384,-1.7666
600834.SH,20220428,20211231,6.6733,69.5425,724.4556,4.3151
600839.SH,20220427,20211231,-10.9611,-34.5902,17.2795,1.9134
600844.SH,20220420,20211231,-29.4522,62.2737,7.1607,-8.1797
600847.SH,20220420,20211231,-9.8758,-292.3769,15.1022,-1.8886
600850.SH,20220426,20211231,-20.1125,-11.9961,64.4016,11.0297
600854.SH,20220427,20211231,-67.4847,110.6389,414.2072,4.68
600858.SH,20220413,20211231,-19.8194,88.9475,25.7323,-1.137
600864.SH,20220427,20211231,-4.7243,3120.0279,87.6813,0.8049
600868.SH,20220429,20211231,425.5029,45.8705,-10.7494,0.2415
600869.SH,20220426,20211231,2.7393,105.8098,9.3106,9.1527
600878.SH,20220429,20211231,-92.6551,-140.9169,-1387.006,0.7225
600880.SH,20220429,20211231,-3.8242,-31.1974,40.9446,2.4387
600881.SH,20220429,20211231,-42.6821,-7585.8431,23.7735,-9.7314
600883.SH,20220426,20211231,7.4512,95.73,132.2994,7.1539
600885.SH,20220427,20211231,3.2122,2.901,-0.4953,15.2801
600886.SH,20220429,20211231,17.9089,-436.2,21.484,4.3995
600887.SH,20220428,20211231,10.6502,-27.8167,12.2061,20.3446
600890.SH,20220429,20211231,-95.3098,61.5723,-1214.0127,-13.767
600892.SH,20220428,20211231,20.0506,-586.0995,39.7647,-55.2102
600897.SH,20220429,20211231,-41.1531,-128.5163,34.3602,1.8832
600905.SH,20220428,20211231,34.7999,105.6075,75.9657,9.1506
600908.SH,20220429,20211231,7.5971,24.1673,78.6352,10.5022
600919.SH,20220413,20211231,17.0807,31.547,-62.0912,10.4218
600929.SH,20220426,20211231,47.3506,196.8973,15.8929,3.9706
600936.SH,20220429,20211231,-30.1851,-914.2487,72.1235,-11.7552
600938.SH,20220331,20211231,,,59.8584,14.9069
600961.SH,20220428,20211231,2.6775,297.3235,4.9562,73.5168
600965.SH,20220429,20211231,-11.5116,-92.4596,2.038,6.8093
600967.SH,20220426,20211231,-3.4404,21.2556,89.9074,6.859
600975.SH,20220428,20211231,-39.0452,-495.2237,-28.8492,-15.6837
600977.SH,20220427,20211231,4.9371,-912.7365,-6.8064,0.8456
600987.SH,20220421,20211231,58.0718,21.6415,12.0063,11.3589
600996.SH,20220429,20211231,-3.949,1073.4992,27.5339,-10.9542
600998.SH,20220426,20211231,-0.7404,-95.3413,20.9726,6.2037
601001.SH,20220429,20211231,141.5775,1728.7074,57.2625,46.4803
601002.SH,20220420,20211231,-11.1816,-97.4988,28.6696,4.9476
601011.SH,20220426,20211231,4.9326,-28.8943,29.763,2.4118
601012.SH,20220428,20211231,19.1559,-30.3211,30.9156,21.3826
601021.SH,20220429,20211231,-12.8006,72.7097,-7.6945,-0.7868
601028.SH,20220420,20211231,-8.197,145.3965,-6.4686,15.4576
601098.SH,20220426,20211231,-13.8861,18.2839,-2.363,9.2312
601099.SH,20220429,20211231,-5.2451,74.5201,-17.7777,1.1966
601100.SH,20220426,20211231,-16.0014,-9.4617,32.3775,30.9823
601101.SH,20220426,20211231,120.6032,1411.4025,30.5725,23.9134
601117.SH,20220428,20211231,8.9407,96.2064,13.3339,8.0815
601156.SH,20220412,20211231,57.1629,83.0856,27.5415,43.742
601163.SH,20220427,20211231,-0.9228,-52.6118,20.2124,3.5275
601188.SH,20220429,20211231,-45.2286,-107.8225,-2.9967,4.2275
601198.SH,20220429,20211231,-1.4236,76.7327,54.1578,6.8914
601199.SH,20220427,20211231,-4.9302,-23.1049,32.6088,8.296
601212.SH,20220429,20211231,41.3447,277.2085,2.793,-0.1766
601222.SH,20220426,20211231,-15.0986,37.1416,56.8934,6.982
601233.SH,20220428,20211231,-32.5041,12.6895,28.4629,23.7088
601339.SH,20220427,20211231,13.4237,209.6513,20.8803,15.6163
601366.SH,20220428,20211231,-20.8734,-128.4265,-8.7447,-2.9291
601369.SH,20220428,20211231,5.0829,-8.9894,9.1354,8.8943
601388.SH,20220426,20211231,44.0875,6.026,2.4184,23.7865
601500.SH,20220428,20211231,5.5251,-486.0269,-6.0725,-1.2417
601566.SH,20220426,20211231,-3.6483,52.2403,18.6947,4.1623
601568.SH,20220420,20211231,32.6457,-35.9019,20.1245,14.1237
601577.SH,20220429,20211231,5.4053,15.9776,-264.1647,12.0986
601595.SH,20220427,20211231,18.3763,99.7859,53.5324,-1.2365
601609.SH,20220420,20211231,47.7601,31.029,9.4471,9.7111
601619.SH,20220428,20211231,58.8616,6627.5012,43.9067,16.7933
601669.SH,20220428,20211231,-7.2284,7.1647,20.5334,6.6618
601678.SH,20220420,20211231,30.2396,-19.687,30.9341,22.1661
601698.SH,20220429,20211231,-2.1513,29.801,188.9245,4.4662
601700.SH,20220420,20211231,5.3356,-85.6253,-2.9238,3.5414
601702.SH,20220427,20211231,31.8892,40.8091,32.9854,16.5792
601718.SH,20220427,20211231,-2.7201,79.0634,20.7845,-1.9826
601778.SH,20220429,20211231,-3.9155,-91.055,59.1968,2.7208
601801.SH,20220429,20211231,4.6185,-162.2731,24.9123,5.3016
601858.SH,20220428,20211231,-0.8823,-10.8,44.7478,10.234
601877.SH,20220429,20211231,2.075,-81.5915,47.1636,11.035
601890.SH,20220426,20211231,15.1003,20.6363,28.6433,3.0788
601900.SH,20220428,20211231,-1.7874,-54.2638,49.6614,8.6603
601921.SH,20220427,20211231,4.8107,6.2405,18.9903,11.1091
601949.SH,20220429,20211231,-0.1402,2.6035,38.5288,7.5685
601956.SH,20220420,20211231,-5.7301,-71.9634,-9.8767,0.1671
601958.SH,20220427,20211231,19.8862,10.1771,39.7962,3.8155
601966.SH,20220429,20211231,-16.9763,-122.5117,18.0198,3.9069
601985.SH,20220428,20211231,12.995,56.2879,46.944,10.6905
601997.SH,20220429,20211231,-6.7287,2.2146,-239.2486,12.5797
601999.SH,20220429,20211231,-12.3599,-49.7066,29.8124,1.6922
603001.SH,20220426,20211231,-30.4605,-160.0448,40.5925,-0.3978
603002.SH,20220420,20211231,40.392,-17.7761,15.0223,18.2668
603003.SH,20220428,20211231,39.5466,-78.5294,,-5.184
603006.SH,20220428,20211231,-5.625,-22.5462,15.525,8.3514
603008.SH,20220420,20211231,25.7402,38.8295,18.4271,16.1463
603011.SH,20220428,20211231,48.4501,931.2781,12.478,2.6925
603012.SH,20220427,20211231,45.4472,-24.0009,10.2599,9.8642
603016.SH,20220428,20211231,18.706,-18.5461,18.1506,5.463
603022.SH,20220428,20211231,-5.6127,-107.4979,-45.5003,2.7952
603027.SH,20220427,20211231,20.9517,594.1706,6.1229,10.9703
603028.SH,20220420,20211231,9.7229,-15.1764,20.9177,6.8172
603032.SH,20220426,20211231,491.453,160.4425,26.3288,6.7175
603033.SH,20220426,20211231,47.6604,-103.2495,25.6888,3.7573
603038.SH,20220428,20211231,8.8038,-143.774,17.92,-0.807
603039.SH,20220429,20211231,41.111,-6.4114,28.5507,12.8236
603040.SH,20220429,20211231,-8.3586,1.0983,33.3449,13.674
603048.SH,20220426,20211231,-18.9649,-66.2005,4.5472,9.1497
603055.SH,20220427,20211231,43.0257,217.4575,12.5098,13.2614
603058.SH,20220429,20211231,3.4718,-93.5295,-25.0507,2.0636
603059.SH,20220426,20211231,31.6339,593.7848,-31.1246,3.0496
603060.SH,20220427,20211231,54.3467,42.2206,28.6402,14.7706
603076.SH,20220429,20211231,28.3018,-172.9423,26.5826,4.2469
603079.SH,20220429,20211231,4.7822,497.108,-0.8674,3.9255
603080.SH,20220420,20211231,10.0389,-46.74,48.4344,7.7865
603081.SH,20220426,20211231,19.1131,43.8641,-25.4103,15.1315
603083.SH,20220428,20211231,48.6546,118.9534,18.1879,1.8616
603086.SH,20220426,20211231,22.6385,74.464,20.6326,8.5072
603087.SH,20220428,20211231,-5.2283,6.7655,26.7452,14.0619
603088.SH,20220426,20211231,2.5563,-1.1863,60.5008,13.2257
603096.SH,20220429,20211231,9.274,-100.8205,58.4445,5.9364
603097.SH,20220420,20211231,,,42.8024,12.7594
603105.SH,20220426,20211231,22.3783,149.8923,167.8679,5.9168
603106.SH,20220426,20211231,-14.9003,-102.5381,86.9991,-1.2571
603108.SH,20220427,20211231,-2.6702,-41.906,21.7438,11.1304
603110.SH,20220428,20211231,-9.8308,-169.1053,17.695,1.196
603112.SH,20220420,20211231,43.5584,-32.5483,25.0529,14.734
603115.SH,20220421,20211231,24.551,78.2877,12.4725,12.9183
603116.SH,20220428,20211231,-25.0946,-187.4383,27.5754,-2.1889
603117.SH,20220429,20211231,-24.8176,-3062.7219,-422.9067,-12.8221
603121.SH,20220427,20211231,9.2906,-27.5286,22.0529,4.8935
603131.SH,20220426,20211231,-5.1832,-19.2499,19.564,8.9813
603133.SH,20220429,20211231,-58.6424,-135.6702,-101.7715,-82.5593
603138.SH,20220420,20211231,21.8861,-79.2395,23.7621,0.8727
603139.SH,20220429,20211231,-11.4772,225.7637,21.9189,1.5172
603158.SH,20220428,20211231,19.257,-121.1003,1.7295,4.8054
603160.SH,20220427,20211231,0.8823,-56.2715,8.9212,8.6207
603161.SH,20220428,20211231,-8.9064,-325.2264,42.6106,-6.6277
603185.SH,20220428,20211231,212.7713,62.1343,36.6799,28.39
603187.SH,20220427,20211231,39.4688,-40.525,2.7992,10.0877
603188.SH,20220427,20211231,138.7534,97.0329,-27.0111,-16.0621
603192.SH,20220420,20211231,66.3431,-49.346,13.7049,8.4873
603196.SH,20220426,20211231,12.5029,-21.1202,21.355,8.5984
603197.SH,20220428,20211231,3.737,3.427,4.9889,9.4329
603198.SH,20220426,20211231,14.2712,-0.3283,61.1238,23.2617
603200.SH,20220427,20211231,46.5976,146.7978,-2.0376,4.4763
603206.SH,20220412,20211231,,,27.8055,24.4017
603208.SH,20220429,20211231,-12.0767,-130.0133,30.3903,12.3754
603215.SH,20220420,20211231,8.1612,-6.0222,18.9849,38.1711
603218.SH,20220427,20211231,-11.0029,-65.169,43.2705,6.6161
603219.SH,20220421,20211231,2.6209,-44.1146,4.1514,17.817
603226.SH,20220427,20211231,21.3671,-181.5803,24.8134,6.4247
603229.SH,20220420,20211231,30.3927,72.5029,0.2299,11.2071
603232.SH,20220426,20211231,20.1661,12.9275,62.7079,2.4416
603238.SH,20220428,20211231,-27.6052,-100.5768,10.7077,7.1465
603239.SH,20220412,20211231,13.6117,-0.677,-77.0903,14.0332
603260.SH,20220428,20211231,172.9364,368.0324,18.0165,54.8605
603269.SH,20220429,20211231,-4.127,-56.5552,10.8423,5.0729
603272.SH,20220427,20211231,,,48.9792,19.8356
603278.SH,20220426,20211231,96.1484,142.7682,17.3776,2.4954
603283.SH,20220426,20211231,-17.7944,-8.4959,42.699,11.9442
603286.SH,20220428,20211231,4.6998,-241.1335,-20.4478,1.9867
603297.SH,20220426,20211231,22.5537,-35.1372,43.0993,11.7593
603299.SH,20220428,20211231,22.6042,833.6767,0.4798,7.3448
603306.SH,20220429,20211231,17.5701,-35.226,25.0887,5.1622
603308.SH,20220428,20211231,8.4089,14.8805,24.1091,3.8793
603315.SH,20220426,20211231,17.4591,-6.6564,-1.5394,4.9911
603316.SH,20220429,20211231,11.8894,-86.0739,16.2206,1.6731
603318.SH,20220426,20211231,96.1217,-26.0727,9.0256,2.6594
603324.SH,20220427,20211231,-5.2463,-10.5473,42.3457,13.6069
603329.SH,20220428,20211231,84.647,570.8878,20.6056,15.6588
603331.SH,20220413,20211231,6.0788,-48.7617,-4.3771,9.1545
603332.SH,20220426,20211231,-1.6264,-82.8511,9.1118,1.1704
603338.SH,20220429,20211231,95.4862,252.624,37.4842,17.6809
603345.SH,20220426,20211231,28.0632,-16.1073,6.3506,12.7838
603353.SH,20220428,20211231,113.8688,-82.7214,8.7044,5.0461
603355.SH,20220429,20211231,8.0742,128.1459,5.7465,13.1219
603360.SH,20220426,20211231,72.0518,110.4037,9.9567,24.8758
603365.SH,20220426,20211231,19.993,33.9325,45.4669,14.5002
603367.SH,20220427,20211231,0.1652,-56.9926,19.4138,6.0966
603383.SH,20220412,20211231,51.038,31.3472,131.0299,10.2867
603387.SH,20220428,20211231,33.0473,35.5584,69.8407,18.6345
603388.SH,20220426,20211231,53.6527,-96.2196,43.6315,2.8014
603389.SH,20220426,20211231,-40.0016,-171.9545,61.8353,-13.4093
603390.SH,20220428,20211231,-20.694,-201.2861,15.4141,-1.2308
603396.SH,20220428,20211231,105.2343,-197.9841,-15.3482,3.6163
603398.SH,20220427,20211231,-75.5192,-5016.6036,74.3235,-18.2785
603408.SH,20220420,20211231,5.0739,-27.9633,12.8908,13.012
603421.SH,20220426,20211231,63.6944,200.4098,26.0134,4.4233
603456.SH,20220420,20211231,17.4725,13.8534,23.9151,14.9677
603466.SH,20220429,20211231,14.2149,-29.3354,61.2039,19.288
603488.SH,20220429,20211231,9.2596,-45.9534,-0.8418,6.4973
603496.SH,20220428,20211231,-20.9109,-71.7852,-23.8155,1.0172
603499.SH,20220428,20211231,24.4737,-1501.1337,11.5947,-3.6801
603508.SH,20220427,20211231,19.2624,116.3811,16.9562,9.121
603511.SH,20220427,20211231,2.5045,-37.8568,-6.2048,7.7149
603515.SH,20220427,20211231,-1.8667,-2.4184,29.2192,12.6178
603516.SH,20220420,20211231,-17.0637,-27.2214,48.7615,6.3665
603517.SH,20220428,20211231,19.3261,-88.2341,4.7554,13.5395
603518.SH,20220420,20211231,-2.7605,-71.6082,21.0057,8.7703
603519.SH,20220426,20211231,-1.1763,130.0886,13.4164,13.7218
603520.SH,20220426,20211231,114.9447,158.8389,40.9046,15.3991
603528.SH,20220428,20211231,-45.6357,-894.7702,67.4086,-11.1111
603530.SH,20220427,20211231,17.0055,6.1381,0.0608,5.531
603536.SH,20220420,20211231,-5.7563,-610.3021,11.3511,-22.5169
603538.SH,20220426,20211231,38.8558,-52.0337,10.774,7.6287
603551.SH,20220429,20211231,12.9657,-275.8305,42.1459,1.371
603556.SH,20220429,20211231,10.2735,48.9129,20.1479,2.3828
603558.SH,20220426,20211231,22.8067,97.6273,41.2094,6.5275
603566.SH,20220429,20211231,-1.2553,-79.9205,29.0974,10.5335
603580.SH,20220413,20211231,13.9145,-44.4812,32.6596,7.0572
603583.SH,20220426,20211231,69.2036,15.4116,22.5055,6.1967
603586.SH,20220428,20211231,28.3259,-120.1624,20.8039,0.5448
603587.SH,20220428,20211231,-6.0979,-13.5176,32.2415,17.9938
603588.SH,20220428,20211231,-6.6836,4.3705,8.5478,13.466
603589.SH,20220428,20211231,5.7205,39.9468,36.799,19.1617
603599.SH,20220428,20211231,104.2865,191.2957,-15.3405,21.8413
603607.SH,20220428,20211231,16.6931,-38.6711,9.6683,10.5973
603608.SH,20220426,20211231,-11.6683,80.4192,-16.4051,-5.8876
603609.SH,20220429,20211231,10.7183,-77.0858,6.7702,2.0402
603610.SH,20220418,20211231,14.6386,27.1261,23.6764,10.2934
603613.SH,20220412,20211231,-16.1023,90.6618,-9.6135,13.105
603616.SH,20220428,20211231,16.8787,-109.8372,-3.5669,2.9066
603617.SH,20220420,20211231,26.8011,-52.3206,-54.2037,7.4594
603618.SH,20220427,20211231,39.9689,260.7245,3.1617,4.066
603626.SH,20220428,20211231,48.8488,103.6959,8.3391,3.6514
603629.SH,20220428,20211231,-2.4529,87.1463,14.2138,2.5288
603630.SH,20220428,20211231,1.1669,-80.5959,4.1587,0.1849
603636.SH,20220428,20211231,1.3463,-40.3884,31.2213,3.2154
603639.SH,20220426,20211231,70.2987,88.1892,25.9099,14.9428
603648.SH,20220429,20211231,12.8216,36.3106,18.6036,7.9409
603655.SH,20220426,20211231,-1.3748,-39.3133,12.9576,4.4981
603657.SH,20220412,20211231,45.9246,-57.1613,7.4297,9.9474
603658.SH,20220427,20211231,15.0307,10.106,49.2637,13.9125
603662.SH,20220428,20211231,6.5032,-3.4127,26.2243,9.2193
603663.SH,20220421,20211231,-29.8616,46.9618,28.354,11.4306
603666.SH,20220428,20211231,23.7391,46.9117,1.5127,17.9176
603667.SH,20220428,20211231,24.0071,-54.2244,1.7094,4.5787
603676.SH,20220429,20211231,12.8786,2.4222,24.4775,7.9157
603679.SH,20220429,20211231,-19.395,-628.9555,85.1448,-9.2875
603680.SH,20220428,20211231,-14.4727,-18.109,51.3578,6.4752
603681.SH,20220429,20211231,75.7237,-15.6438,5.2813,9.9588
603686.SH,20220412,20211231,-4.7239,-70.7894,20.5569,10.8303
603687.SH,20220429,20211231,20.7238,-68.888,-4.4066,3.3013
603697.SH,20220428,20211231,5.2483,-8.9779,-0.6426,9.4549
603707.SH,20220427,20211231,19.8391,11.1916,48.2907,22.5069
603709.SH,20220428,20211231,-21.8588,-493.9891,26.2395,-4.2164
603712.SH,20220428,20211231,22.1323,26.4325,-4.6544,19.5812
603717.SH,20220426,20211231,37.4147,-9.046,-53.0001,-18.5745
603718.SH,20220429,20211231,25.4454,935.5799,-7.515,2.2015
603721.SH,20220420,20211231,-28.5482,189.5028,91.8012,0.9631
603725.SH,20220426,20211231,165.9452,-578.1117,21.871,-7.9142
603729.SH,20220427,20211231,-20.0751,-19.7025,-6.2187,-8.2237
603730.SH,20220429,20211231,3.3275,-2190.6123,-15.0413,8.7535
603733.SH,20220428,20211231,9.9165,-49.0286,2.4606,16.2777
603738.SH,20220429,20211231,76.0297,167.2683,47.3143,19.7652
603739.SH,20220420,20211231,18.9377,6.0101,4.8674,7.1439
603755.SH,20220427,20211231,24.2509,13.4976,36.0505,10.8577
603759.SH,20220412,20211231,55.723,27.6531,50.9243,10.9786
603768.SH,20220428,20211231,10.6318,-2151.2535,20.7613,2.4382
603776.SH,20220413,20211231,-6.2546,-117.2526,-8.7577,1.1185
603777.SH,20220429,20211231,9.2362,165.9786,11.0092,-3.8976
603778.SH,20220428,20211231,-63.0534,-153.1951,-10.1186,-16.8232
603789.SH,20220429,20211231,-86.1706,42.6345,-196.0166,-28.7698
603790.SH,20220428,20211231,7.8243,102.3105,10.3403,5.4407
603801.SH,20220427,20211231,24.6878,3.9191,8.8543,19.0955
603803.SH,20220428,20211231,-2.292,-207.3935,31.7239,-35.937
603811.SH,20220426,20211231,-30.7433,-15.566,30.4121,16.8053
603817.SH,20220426,20211231,32.6647,41.8584,19.0188,7.4699
603818.SH,20220428,20211231,-3.4073,-104.7807,17.8468,7.0651
603819.SH,20220429,20211231,76.5277,570.2438,-13.3371,3.0847
603823.SH,20220428,20211231,8.4584,9.341,11.2002,15.4935
603825.SH,20220428,20211231,96.0552,2.6103,6.8766,11.6651
603828.SH,20220428,20211231,-23.547,-2069.2329,8.5006,-28.0287
603836.SH,20220421,20211231,92.9369,113.5493,10.952,29.5173
603839.SH,20220428,20211231,-40.2019,-176.0183,39.9475,3.097
603843.SH,20220429,20211231,19.2779,-46.4557,10.9586,5.2408
603848.SH,20220421,20211231,2.2607,-28.3947,21.2303,15.7668
603858.SH,20220428,20211231,-7.9168,-124.0387,13.9746,7.5928
603868.SH,20220428,20211231,7.4179,-17.566,33.2265,19.8925
603869.SH,20220420,20211231,-12.7302,-85.1935,-2.8841,0.619
603876.SH,20220429,20211231,54.719,5589.7837,17.14,8.7495
603878.SH,20220426,20211231,11.5163,-34.872,3.7422,6.135
603882.SH,20220427,20211231,37.6442,20.3695,30.7201,43.3821
603883.SH,20220429,20211231,14.7679,2.1374,14.1983,13.2401
603885.SH,20220420,20211231,-10.0273,-7666.9586,-4.49,-6.3691
603889.SH,20220426,20211231,33.6475,-13.0575,34.8285,10.8296
603890.SH,20220420,20211231,-8.603,51.4624,17.1423,11.0728
603898.SH,20220428,20211231,21.2472,-274.9074,27.1514,1.4741
603900.SH,20220428,20211231,-31.2346,-662.9891,39.4864,0.7553
603908.SH,20220412,20211231,50.6757,301.0266,-55.603,13.5679
603915.SH,20220428,20211231,11.4848,-4.241,33.076,15.4639
603917.SH,20220420,20211231,-11.613,-35.5199,11.0463,4.2402
603918.SH,20220413,20211231,5.406,-12.2431,30.547,8.841
603920.SH,20220426,20211231,59.3251,-39.6215,6.3268,7.3573
603922.SH,20220428,20211231,20.1492,60.7756,26.9899,-1.7777
603926.SH,20220426,20211231,31.4504,-64.8164,5.6261,11.4456
603928.SH,20220428,20211231,36.0676,235.1682,1.9345,8.3563
603936.SH,20220418,20211231,2.1705,-57.983,22.0625,5.9639
603937.SH,20220426,20211231,17.9957,-7.8945,1.1127,8.4394
603939.SH,20220429,20211231,18.3517,12.4597,11.0206,13.2621
603949.SH,20220428,20211231,-32.12,-46.4774,85.4749,10.6896
603955.SH,20220420,20211231,-36.1936,-47.4696,94.2551,3.0071
603958.SH,20220428,20211231,5.2069,29.4994,9.0982,-3.5358
603959.SH,20220428,20211231,20.3796,27.5357,32.4584,2.8995
603960.SH,20220429,20211231,-35.9243,-99.1787,8.56,4.6133
603963.SH,20220428,20211231,-17.8377,-2141.1481,33.8435,-10.1319
603966.SH,20220428,20211231,21.2567,-16.5154,28.4853,12.8506
603976.SH,20220426,20211231,63.792,221.2358,3.585,8.3802
603978.SH,20220426,20211231,37.5151,-1082.293,-20.7502,0.4339
603980.SH,20220427,20211231,3.721,-115.1355,-5.8779,0.1633
603982.SH,20220428,20211231,-10.4689,-80.9308,-32.0278,5.2947
603986.SH,20220428,20211231,64.7755,231.4433,24.2545,18.4014
603987.SH,20220421,20211231,26.7185,54.8273,34.4234,14.1372
603991.SH,20220427,20211231,-65.6599,-201.6246,195.968,-16.4506
603992.SH,20220426,20211231,49.0331,17.3403,18.7578,11.9475
603995.SH,20220412,20211231,30.1127,-0.2006,6.2294,16.3821
603998.SH,20220429,20211231,28.432,133.6253,33.4926,5.3685
605001.SH,20220429,20211231,-49.9222,-163.0598,-86.2568,-8.4199
605003.SH,20220428,20211231,14.7242,-14.2438,22.5965,12.5973
605005.SH,20220427,20211231,-3.0956,-42.9705,4.7038,14.2901
605007.SH,20220428,20211231,53.019,-19.508,-4.1836,18.5768
605008.SH,20220428,20211231,3.1521,-83.3783,4.8091,11.1564
605009.SH,20220426,20211231,47.5153,23.0048,24.911,12.2115
605011.SH,20220428,20211231,71.7375,-44.3442,-9.8612,10.9771
605018.SH,20220426,20211231,-4.6225,-54.6919,22.4803,7.4368
605033.SH,20220420,20211231,88.2788,126.0153,42.2845,15.6831
605055.SH,20220428,20211231,77.2133,-9.5222,13.5254,6.5036
605060.SH,20220428,20211231,4.9225,-35.421,35.2791,9.7533
605066.SH,20220429,20211231,-18.245,-171.6818,9.6116,4.2442
605069.SH,20220426,20211231,-32.4255,-65.3322,-38.3099,6.8788
605077.SH,20220420,20211231,22.5545,-27.6451,46.4132,11.6503
605080.SH,20220428,20211231,38.2696,14.4836,-12.1931,17.3125
605081.SH,20220426,20211231,14.6625,-46.3003,14.5524,6.5001
605086.SH,20220420,20211231,-18.4142,-48.7445,55.384,9.5103
605089.SH,20220429,20211231,20.3342,-2.9192,5.029,15.6743
605099.SH,20220428,20211231,9.005,-38.3329,20.9308,18.6101
605108.SH,20220429,20211231,2.0013,-17.9597,11.2898,6.4735
605117.SH,20220421,20211231,44.2396,73.0837,25.5263,30.4145
605118.SH,20220426,20211231,30.0756,-17.1497,18.935,10.6592
605180.SH,20220426,20211231,11.1726,-19.2775,20.0487,22.0757
605188.SH,20220428,20211231,-0.861,-138.0238,-5.9719,0.8245
605196.SH,20220418,20211231,30.9161,9.8151,12.6695,4.1475
605199.SH,20220428,20211231,27.1647,-111.2492,28.6934,5.467
605218.SH,20220426,20211231,-12.0264,-52.9434,2.2588,3.0947
605228.SH,20220429,20211231,-19.451,-20.1614,16.8644,6.8663
605255.SH,20220428,20211231,-17.3971,-91.7943,44.7405,3.7529
605258.SH,20220412,20211231,18.5028,-42.0238,12.628,6.1416
605259.SH,20220428,20211231,23.3958,116.569,22.7721,14.4613
605266.SH,20220428,20211231,22.5339,30.1938,12.5132,15.6033
605287.SH,20220428,20211231,26.604,-116.8734,9.7297,12.3088
605288.SH,20220428,20211231,13.2552,-58.7498,-1.511,4.5914
605300.SH,20220429,20211231,5.5797,-45.4146,8.5721,7.7264
605303.SH,20220428,20211231,12.2309,27.4178,11.7699,4.3929
605318.SH,20220429,20211231,27.2878,-46.6852,33.9286,6.7957
605333.SH,20220429,20211231,47.0276,-252.6582,-20.4721,-0.3214
605365.SH,20220426,20211231,21.3695,-84.2877,6.1689,8.8761
605376.SH,20220412,20211231,40.973,39.7487,44.7858,14.7854
605377.SH,20220427,20211231,82.1901,47.5065,39.6949,17.9171
605378.SH,20220428,20211231,1.7255,-61.6223,24.4526,6.4703
605388.SH,20220420,20211231,50.2856,-81.9239,57.5347,4.7972
605389.SH,20220420,20211231,-17.1922,-32.8747,-5.0567,15.6379
605398.SH,20220413,20211231,8.5573,-40.1614,55.7009,8.0354
605500.SH,20220426,20211231,19.654,-10.3759,4.2948,12.8638
605567.SH,20220429,20211231,-5.2759,-156.8918,7.4981,6.2577
605577.SH,20220426,20211231,59.0795,490.0173,37.3162,6.7131
605580.SH,20220426,20211231,59.9627,13.3557,29.9376,19.6211
605588.SH,20220426,20211231,-9.5071,9.5752,32.2377,12.8653
605599.SH,20220427,20211231,43.9215,-0.8185,-16.4599,13.239
688011.SH,20220428,20211231,-16.553,-109.9082,56.7226,-1.5486
688013.SH,20220429,20211231,36.7436,-42.8821,31.333,6.2135
688022.SH,20220427,20211231,-9.5212,-31.3833,33.772,3.3799
688027.SH,20220426,20211231,25.2662,-86.2674,21.0174,-5.0623
688028.SH,20220420,20211231,30.1561,-40.7363,28.9913,5.5498
688029.SH,20220426,20211231,41.0639,45.6652,-0.6965,9.9247
688030.SH,20220427,20211231,37.0098,-10.1776,41.5743,3.6866
688032.SH,20220420,20211231,52.0899,106.9366,24.1255,6.1521
688036.SH,20220426,20211231,6.3778,40.2607,18.7495,25.3862
688055.SH,20220418,20211231,-9.5184,1.6519,9.5602,20.8057
688058.SH,20220429,20211231,-33.9617,-65.2349,52.7524,1.3661
688062.SH,20220421,20211231,663.0202,-38.6013,-2703.6768,-62.222
688066.SH,20220428,20211231,49.9596,51.5654,48.0191,8.4002
688067.SH,20220428,20211231,-3.5214,-44.9098,50.4125,6.7158
688069.SH,20220427,20211231,-12.9519,-50.9556,13.8822,6.3383
688075.SH,20220428,20211231,24.3387,14.7498,38.4325,42.5338
688076.SH,20220428,20211231,-14.6521,-56.4662,29.83,
688080.SH,20220426,20211231,9.7523,96.0264,20.8696,10.1638
688081.SH,20220429,20211231,-38.6553,-166.5822,1.5126,-7.2693
688083.SH,20220412,20211231,37.4848,58.888,55.5768,6.0186
688088.SH,20220428,20211231,-30.8483,-55.725,52.8069,3.6887
688092.SH,20220412,20211231,27.5882,-44.463,30.1591,12.0337
688093.SH,20220429,20211231,7.5072,17.2606,79.2943,12.5542
688095.SH,20220428,20211231,11.8824,-73.7405,26.4671,-0.7596
688097.SH,20220426,20211231,43.3636,3.8591,15.5555,6.5531
688098.SH,20220428,20211231,141.7758,331.3904,88.5624,6.8376
688101.SH,20220420,20211231,30.2772,-29.6211,38.2187,6.4875
688103.SH,20220420,20211231,17.5554,16.1273,38.8236,8.3818
688107.SH,20220428,20211231,302.8744,21.9969,-9.7885,-6.8612
688113.SH,20220426,20211231,-24.5363,-15.7963,38.6025,13.1175
688116.SH,20220420,20211231,161.4043,202.6281,-2.0095,14.4005
688117.SH,20220426,20211231,-0.4245,-0.6667,22.1672,9.5035
688118.SH,20220421,20211231,14.8953,-9.1609,39.6356,1.5399
688121.SH,20220429,20211231,101.536,183.1533,-8.0467,21.7167
688128.SH,20220426,20211231,20.2239,-11.6988,9.7642,10.2164
688133.SH,20220428,20211231,37.6657,11.0016,16.27,8.2482
688135.SH,20220429,20211231,55.9557,32.7093,52.3831,9.0441
688156.SH,20220421,20211231,45.9547,17.0323,30.0197,8.8254
688158.SH,20220427,20211231,-31.6614,18.5601,12.7673,-21.8507
688159.SH,20220429,20211231,139.9298,92.1329,-0.188,-2.6776
688160.SH,20220421,20211231,11.3665,1.3335,14.8576,10.7233
688162.SH,20220426,20211231,29.9516,-111.4391,-10.2873,6.2859
688167.SH,20220428,20211231,40.2686,17.9665,11.8812,3.2955
688168.SH,20220429,20211231,44.6757,7.9096,34.5205,5.9719
688170.SH,20220412,20211231,,,25.1976,15.049
688171.SH,20220427,20211231,60.4874,-18.9522,3.0911,19.9522
688177.SH,20220429,20211231,436.5215,228.1276,87.6039,1.7553
688178.SH,20220429,20211231,23.6645,-95.5976,36.5387,5.4258
688179.SH,20220420,20211231,21.2862,13.7012,9.5576,10.245
688181.SH,20220421,20211231,17.0162,1.1042,26.8908,9.851
688191.SH,20220421,20211231,18.9912,-53.5835,46.0164,8.7684
688199.SH,20220426,20211231,17.8451,154.197,9.5268,4.7162
688201.SH,20220412,20211231,22.2593,25.4319,51.9156,19.7286
688208.SH,20220426,20211231,22.7209,-15.3655,-9.9273,14.189
688210.SH,20220429,20211231,-7.0151,-54.6321,16.1889,5.8665
688211.SH,20220426,20211231,105.6437,15.3842,-5.4015,10.1788
688213.SH,20220428,20211231,-4.5199,23.3608,-48.1961,16.1729
688215.SH,20220426,20211231,165.6767,245.8512,21.3957,1.102
688217.SH,20220420,20211231,2.9853,-55.5899,39.628,4.4966
688218.SH,20220428,20211231,16.3781,-54.6357,36.5037,1.8975
688222.SH,20220429,20211231,-28.826,-31.8175,21.8621,1.7964
688225.SH,20220429,20211231,62.0542,71.6277,39.3358,7.066
688226.SH,20220426,20211231,3.4633,-21.6193,27.3551,7.4062
688229.SH,20220428,20211231,-8.409,-82.0592,-29.5025,-10.3243
688232.SH,20220413,20211231,16.0797,31.8215,39.5214,16.3251
688235.SH,20220429,20211231,105.9395,-29.4892,-228.2076,-30.5494
688257.SH,20220420,20211231,12.5498,5.7781,32.5914,9.751
688258.SH,20220427,20211231,6.1174,-147.36,35.2218,2.8412
688260.SH,20220428,20211231,6.8173,83.6046,5.2679,2.4446
688265.SH,20220428,20211231,23.9129,6.7267,70.8912,5.1485
688266.SH,20220427,20211231,29014.3983,-74.2589,-137.2636,-35.3785
688267.SH,20220428,20211231,-17.0998,-54.4035,-17.2722,16.5476
688272.SH,20220420,20211231,-15.3458,-33.8552,-34.2383,14.4908
688277.SH,20220426,20211231,-13.8581,-397.6121,9.556,-10.3066
688283.SH,20220420,20211231,-6.2876,-10.222,53.719,30.3593
688288.SH,20220428,20211231,-42.9548,-139.1965,47.6534,2.2838
688298.SH,20220428,20211231,27.8922,-1.1829,36.3524,105.4322
688299.SH,20220426,20211231,11.2415,-2.6679,21.8801,9.3146
688309.SH,20220427,20211231,-27.6145,-147.5318,-39.9554,-3.0157
688310.SH,20220426,20211231,23.6168,255.1498,51.5122,7.7274
688315.SH,20220413,20211231,10.2023,8.0503,56.9801,12.077
688316.SH,20220428,20211231,-30.5855,-42.4484,-43.8187,-77.3155
688319.SH,20220428,20211231,68.6267,1143614.6831,14.5919,15.8248
688330.SH,20220412,20211231,52.6385,34.181,39.5686,10.7203
688333.SH,20220413,20211231,11.7987,-33.1569,35.2363,-7.28
688345.SH,20220420,20211231,44.7557,1.5567,3.973,18.1031
688355.SH,20220429,20211231,17.4865,54.3539,26.7092,12.9746
688369.SH,20220413,20211231,28.7028,23.3532,60.4606,8.782
688379.SH,20220426,20211231,9.2087,-82.2577,-16.1013,4.51
688383.SH,20220426,20211231,83.3507,87.962,16.2329,24.0662
688390.SH,20220426,20211231,75.0169,1.3956,23.5855,15.7256
688395.SH,20220421,20211231,-20.399,-23.2625,47.987,13.7806
688408.SH,20220428,20211231,-45.6649,-133.1834,41.3959,-1.4912
688418.SH,20220429,20211231,-14.5654,-210.5479,0.8045,-9.533
688466.SH,20220428,20211231,-18.1845,-27.3222,64.6952,5.721
688468.SH,20220428,20211231,-5.9009,-13.5332,34.1135,11.541
688509.SH,20220426,20211231,-19.1919,-28.0391,39.0556,2.5352
688510.SH,20220427,20211231,26.0683,-35.4538,106.7955,0.5752
688528.SH,20220428,20211231,-14.2396,-34.0242,26.1293,2.3477
688529.SH,20220429,20211231,79.6878,90.856,24.5706,3.9265
688533.SH,20220428,20211231,12.6074,-53.6402,-7.4891,5.7162
688538.SH,20220428,20211231,46.3436,-2.7769,2.0352,-7.7164
688550.SH,20220418,20211231,21.7203,37.455,10.9151,7.7175
688556.SH,20220429,20211231,148.2551,228.2163,12.0808,16.2027
688558.SH,20220413,20211231,26.0676,23.8706,16.7381,13.5197
688559.SH,20220428,20211231,53.1341,70.8171,56.8037,4.9479
688560.SH,20220427,20211231,6.4765,35.3295,58.0362,6.8707
688561.SH,20220426,20211231,36.8088,-10.5234,11.7776,-7.9197
688565.SH,20220420,20211231,103.4902,-87.1393,19.7122,1.031
688566.SH,20220428,20211231,-12.3561,-24.0552,36.0026,5.8759
688568.SH,20220413,20211231,18.4824,43.4492,77.8999,11.2501
688575.SH,20220429,20211231,10.5926,-18.9415,40.8393,15.8671
688577.SH,20220427,20211231,4.3339,-7.9909,3.5286,7.8478
688579.SH,20220413,20211231,37.0758,-10.723,37.0797,6.8905
688580.SH,20220428,20211231,2.7916,20.9975,56.8705,10.2171
688590.SH,20220429,20211231,22.0721,96.4817,54.0347,6.0054
688595.SH,20220428,20211231,79.995,-55.6458,12.559,11.178
688596.SH,20220428,20211231,38.6612,-21.9366,6.5055,7.702
688597.SH,20220427,20211231,10.14,36.7214,15.8358,4.9848
688599.SH,20220428,20211231,39.237,62.9119,10.6132,9.6152
688601.SH,20220412,20211231,53.4736,271.4165,21.2112,21.9423
688606.SH,20220428,20211231,66.8514,-6.0366,63.9038,34.347
688607.SH,20220429,20211231,-17.4833,-26.5255,16.7183,11.8662
688611.SH,20220420,20211231,-1.7686,-13.3284,41.9936,15.967
688613.SH,20220428,20211231,-0.2517,-16.2993,43.0605,10.4412
688616.SH,20220427,20211231,-5.3879,34.8033,39.2374,10.4965
688622.SH,20220426,20211231,46.1915,-0.2041,34.0419,10.3605
688625.SH,20220427,20211231,26.2971,33.7198,128.6821,24.2364
688626.SH,20220428,20211231,-5.431,-12.2368,54.7138,11.335
688628.SH,20220428,20211231,-7.0375,28.2358,29.2349,14.914
688630.SH,20220428,20211231,8.3745,-8.6945,23.6315,12.9471
688633.SH,20220428,20211231,-38.5577,-55.9126,-13.9964,11.0885
688639.SH,20220420,20211231,162.8094,84.1215,4.6968,17.3737
688663.SH,20220412,20211231,11.1567,1.6072,12.9267,11.564
688665.SH,20220420,20211231,31.3691,50.0725,38.2254,32.9601
688667.SH,20220428,20211231,-5.2601,-59.0201,19.7025,12.5711
688669.SH,20220429,20211231,14.7336,-35.1005,31.4033,1.4458
688677.SH,20220426,20211231,20.0299,24.2367,28.3072,13.3685
688678.SH,20220428,20211231,15.348,-26.4215,-2.5875,8.2903
688679.SH,20220420,20211231,-6.6285,-42.8233,20.2931,2.7886
688680.SH,20220426,20211231,92.1323,22.9943,-17.698,15.931
688681.SH,20220420,20211231,-11.9143,-23.9554,35.9125,9.8575
688683.SH,20220428,20211231,3.7039,0.9631,26.3603,8.6946
688685.SH,20220426,20211231,7.801,-3.0888,108.2802,7.5348
688687.SH,20220421,20211231,33.9762,44.3587,3.598,5.658
688698.SH,20220418,20211231,32.7119,92.2699,20.8126,13.9618
688718.SH,20220426,20211231,9.1419,-47.6578,7.8873,8.6216
688737.SH,20220428,20211231,-58.5229,-244.7634,-6.4896,-1.4116
688767.SH,20220428,20211231,42.084,45.034,35.6227,64.7138
688777.SH,20220412,20211231,46.5382,36.9524,17.7043,10.5619
688787.SH,20220429,20211231,-16.446,-80.3483,-2.5705,3.3874
688788.SH,20220428,20211231,-86.5282,-122.5815,-108.9232,5.6903
688789.SH,20220412,20211231,-13.6238,-2.3613,20.5126,18.9264
830832.BJ,20220421,20211231,16.0263,152.1047,1.9116,9.7161
830839.BJ,20220429,20211231,5.8839,-48.9575,10.6875,9.474
831445.BJ,20220420,20211231,6.4927,-20.8996,22.5328,15.2773
831726.BJ,20220429,20211231,1.9367,-2.4991,-5.6882,16.4285
831832.BJ,20220421,20211231,13.4914,-0.942,9.8749,8.0023
831856.BJ,20220427,20211231,53.3854,-50.5379,5.9894,3.9148
831961.BJ,20220412,20211231,20.0612,-3.821,41.5957,4.6148
832089.BJ,20220427,20211231,1.6442,-14.2019,-9.4896,11.1425
832145.BJ,20220428,20211231,-46.6233,-32.494,75.6219,5.4802
832171.BJ,20220430,20211231,-6.3149,-24.6688,35.9536,11.2788
832419.BJ,20220421,20211231,9.5769,-1.945,14.1652,8.9853
832566.BJ,20220426,20211231,12.2991,97.0444,0.656,14.2794
833454.BJ,20220421,20211231,,,57.3753,9.7076
834415.BJ,20220429,20211231,-26.786,-12.0522,45.9149,3.1566
834599.BJ,20220419,20211231,102.8359,25.0194,30.3138,25.5166
834765.BJ,20220429,20211231,-30.2309,-129.9013,15.6561,0.4606
835174.BJ,20220426,20211231,-13.0382,-31.6466,-0.9584,20.168
835179.BJ,20220413,20211231,9.8087,-26.5927,28.1539,11.124
835305.BJ,20220428,20211231,57.7761,-3.8658,26.0742,9.1658
835368.BJ,20220428,20211231,-10.6827,-24.3196,0.0475,11.4838
835508.BJ,20220429,20211231,-42.8177,-12.539,51.8205,0.8408
836149.BJ,20220429,20211231,14.1769,29.6021,-14.303,9.6314
836263.BJ,20220427,20211231,30.6147,-31.679,11.3421,2.538
836720.BJ,20220412,20211231,,,1.8993,22.3477
837092.BJ,20220420,20211231,0.0588,19.5734,49.8952,14.9435
837242.BJ,20220428,20211231,10.3028,-13.49,5.1592,9.8255
838163.BJ,20220427,20211231,-3.4385,-53.1962,25.0705,8.9183
870204.BJ,20220427,20211231,8.7931,-10.2922,16.6176,17.1004
870436.BJ,20220420,20211231,,,10.3978,11.0923
871981.BJ,20220426,20211231,,,29.1267,17.4927
688086.SH,20220430,20211231,-44.9851,-124477.5404,-178.8855,-6.8167
833533.BJ,20220506,20211231,104.6731,32.6353,11.921,25.3005
601599.SH,20220427,20211231,-10.0266,156.1432,36.1447,-33.2344
300756.SZ,20220428,20211231,-40.9543,44.4324,3.3065,1.2984
300025.SZ,20220428,20211231,-12.4189,89.4734,15.9698,-12.6003
002386.SZ,20220429,20211231,6.292,50.7187,5.2435,11.7005
002172.SZ,20220429,20211231,-37.081,49.7694,40.4321,-204.1929
688046.SH,20220331,20211231,,,66.0483,10.748
831167.BJ,20220507,20211231,2.731,-53.5419,13.8231,16.2604
600068.SH,20220427,20211231,34.9748,29.7871,21.1931,
002980.SZ,20220430,20211231,9.3,-18.7659,8.7135,12.3113
002499.SZ,20220430,20211231,1123.7238,-75.6784,35.0715,-89.2227
000004.SZ,20220430,20211231,-8.1013,-7658.129,46.5608,-43.3525
688360.SH,20220418,20211231,45.9815,-54.5504,-6.6738,7.0154
603656.SH,20220409,20211231,15.803,148.0669,10.8202,-0.8826
603212.SH,20220330,20211231,27.8175,-31.9033,-5.561,8.0778
603906.SH,20220409,20211231,219.307,166.0369,-23.814,16.7569
002812.SZ,20220412,20211231,55.3373,103.8109,35.7519,20.5902
600193.SH,20220331,20211231,-50.2896,-95.3945,-0.7341,7.3848
002414.SZ,20220408,20211231,-24.4989,-6.4385,131.5067,17.8291
000609.SZ,20220412,20211231,5559.3642,4.241,13.4289,-32.6921
603979.SH,20220420,20211231,12.198,32.4497,42.7188,9.1012
300407.SZ,20220427,20211231,7.2475,-30.8186,27.5633,3.9829
600167.SH,20220429,20211231,-0.5439,-39.9323,163.262,12.5164
300858.SZ,20220426,20211231,1.0863,2.77,50.5973,8.7431
600462.SH,20220429,20211231,32.3953,-156.6494,11.4934,-144.9953
603926.SH,20220426,20211231,31.4504,-64.8164,5.6261,11.4456
688045.SH,20220509,20211231,,,25.8507,71.2505
600319.SH,20220305,20211231,1377.0144,4098.7492,-24.2709,-53.4551
832735.BJ,20220331,20211231,25.7764,40.1206,9.2257,13.39
832885.BJ,20220331,20211231,25.3173,68.5612,38.055,12.9568
831961.BJ,20220412,20211231,20.0612,-3.821,41.5957,4.6148
836720.BJ,20220412,20211231,,,1.8993,22.3477
832225.BJ,20220316,20211231,2.0301,-90.3633,10.5129,7.0184
832000.BJ,20220407,20211231,21.1833,-44.3254,12.3853,7.1006
836077.BJ,20220419,20211231,123.2544,154.1867,11.4359,48.9073
833427.BJ,20220419,20211231,-12.8809,-6.8498,33.7377,18.5974
833454.BJ,20220421,20211231,,,57.3753,9.7076
832419.BJ,20220421,20211231,9.5769,-1.945,14.1652,8.9853
836826.BJ,20220312,20211231,73.8116,59.3331,23.8461,21.1344
835670.BJ,20220423,20211231,-44.5118,-58.5346,55.1287,4.6601
836433.BJ,20220428,20211231,5.3307,-7.4244,1.144,10.9987
833509.BJ,20220427,20211231,36.0001,-4.9319,84.801,13.1084
832145.BJ,20220428,20211231,-46.6233,-32.494,75.6219,5.4802
832566.BJ,20220426,20211231,12.2991,97.0444,0.656,14.2794
836260.BJ,20220427,20211231,,,28.9218,13.8962
832089.BJ,20220427,20211231,1.6442,-14.2019,-9.4896,11.1425
831856.BJ,20220427,20211231,53.3854,-50.5379,5.9894,3.9148
836263.BJ,20220427,20211231,30.6147,-31.679,11.3421,2.538
832278.BJ,20220429,20211231,-10.4776,-72.6312,10.7047,8.6109
833346.BJ,20220429,20211231,-1.7304,-16.5255,28.4962,17.5375
833266.BJ,20220430,20211231,8.4899,-13.0256,-30.1587,4.5148
832171.BJ,20220430,20211231,-6.3149,-24.6688,35.9536,11.2788
836149.BJ,20220429,20211231,14.1769,29.6021,-14.303,9.6314
835508.BJ,20220429,20211231,-42.8177,-12.539,51.8205,0.8408
301183.SZ,20220511,20211231,-21.2137,-29.9241,51.0163,15.8249
301107.SZ,20220511,20211231,53.0028,46.459,-0.0365,20.3241
833819.BJ,20220319,20211231,45.0412,193.0279,3.4803,10.6141
839167.BJ,20220409,20211231,-1.7037,-18.2615,31.4474,15.2616
834021.BJ,20220331,20211231,-7.0282,10.4536,20.1736,9.9298
430418.BJ,20220412,20211231,-11.0466,-28.4527,7.3564,9.3183
430510.BJ,20220414,20211231,30.8035,7.4967,20.5239,13.4106
838030.BJ,20220422,20211231,4.7663,66.7423,7.6355,8.8742
430090.BJ,20220420,20211231,-9.3035,-6.5119,40.5568,8.8746
837092.BJ,20220420,20211231,0.0588,19.5734,49.8952,14.9435
837344.BJ,20220416,20211231,19.1099,25.3729,18.7386,6.1185
837212.BJ,20220427,20211231,-13.2617,4.3413,-1.6717,19.2147
833873.BJ,20220427,20211231,4.6058,-15.6886,10.9996,7.2594
838924.BJ,20220426,20211231,,,68.277,13.8601
837242.BJ,20220428,20211231,10.3028,-13.49,5.1592,9.8255
838163.BJ,20220427,20211231,-3.4385,-53.1962,25.0705,8.9183
002586.SZ,20220430,20211231,51.262,57.0588,12.2787,-6.1901
833523.BJ,20220423,20211231,46.6855,22.1479,26.9881,13.8946
834415.BJ,20220429,20211231,-26.786,-12.0522,45.9149,3.1566
000001.SZ,20220310,20211231,14.103,10.2757,-158.6164,9.5395
600680.SH,20220423,20211231,-23.1567,-104.3672,-48.5097,-6.6261
835185.BJ,20220331,20211231,107.2618,149.7611,-15.4903,16.1623
830946.BJ,20220330,20211231,18.5781,-8.256,42.5955,12.8291
871553.BJ,20220326,20211231,4.9056,-32.8572,30.56,8.1288
835179.BJ,20220413,20211231,9.8087,-26.5927,28.1539,11.124
871245.BJ,20220407,20211231,24.3102,212.8452,21.9554,17.817
871857.BJ,20220318,20211231,22.27,-2.046,9.0133,26.3855
830832.BJ,20220421,20211231,16.0263,152.1047,1.9116,9.7161
873223.BJ,20220513,20211231,27.6058,-2.2364,31.7157,11.61
870436.BJ,20220420,20211231,,,10.3978,11.0923
839680.BJ,20220421,20211231,19.7943,21.2807,20.2027,11.8432
835305.BJ,20220428,20211231,57.7761,-3.8658,26.0742,9.1658
870204.BJ,20220427,20211231,8.7931,-10.2922,16.6176,17.1004
835184.BJ,20220426,20211231,-13.36,-76.6078,52.6244,-0.0758
830799.BJ,20220423,20211231,35.6527,-14.0686,43.6845,11.7944
830839.BJ,20220429,20211231,5.8839,-48.9575,10.6875,9.474
834765.BJ,20220429,20211231,-30.2309,-129.9013,15.6561,0.4606
835174.BJ,20220426,20211231,-13.0382,-31.6466,-0.9584,20.168
301160.SZ,20220513,20211231,26.8624,-0.9305,-0.9973,20.3536
301191.SZ,20220513,20211231,,,7.9057,38.1604
600918.SH,20220330,20211231,46.8729,184.3643,-112.6831,8.9908
831305.BJ,20220401,20211231,-19.2233,19.7314,36.6157,15.911
831010.BJ,20220419,20211231,5.4137,-15.0967,39.5957,12.2748
831832.BJ,20220421,20211231,13.4914,-0.942,9.8749,8.0023
831445.BJ,20220420,20211231,6.4927,-20.8996,22.5328,15.2773
831039.BJ,20220423,20211231,-6.818,-22.1726,-16.3431,13.297
831370.BJ,20220423,20211231,-12.719,-68.3963,8.392,5.0581
831726.BJ,20220429,20211231,1.9367,-2.4991,-5.6882,16.4285
001270.SZ,20220516,20211231,,,24.2726,17.0812
301125.SZ,20220517,20211231,,,18.0307,19.0953
688119.SH,20220517,20211231,15.8461,-40.1816,25.2562,10.1073
838171.BJ,20220517,20211231,101.3552,-41.6038,6.6917,14.5266
688251.SH,20220517,20211231,,,17.2039,28.2212
688251.SH,20220517,20211231,,,17.2039,28.2212
301298.SZ,20220517,20211231,,,-14.1129,12.7203
301266.SZ,20220518,20211231,,,7.1311,11.5639
001226.SZ,20220518,20211231,,,-17.0226,27.0751
688120.SH,20220518,20211231,,,23.5991,16.0915
688287.SH,20220524,20211231,61.9069,124.4448,7.5455,7.9791
001226.SZ,20220518,20211231,,,-17.0226,27.0751
688213.SH,20220428,20211231,-4.5199,23.3608,-48.1961,16.1729
688348.SH,20220519,20211231,,,3.4937,39.8534
870299.BJ,20220520,20211231,18.6963,-3.0796,37.5512,17.121
833994.BJ,20220519,20211231,19.545,-52.2065,23.1447,6.8755
688348.SH,20220519,20211231,,,3.4937,39.8534
001318.SZ,20220426,20211231,,,56.0569,23.9559
001316.SZ,20220523,20211231,,,34.2432,24.5594
001316.SZ,20220523,20211231,,,34.2432,24.5594
301286.SZ,20220524,20211231,,,12.7861,23.8918
600810.SH,20220331,20211231,234.0295,122.6541,-18.907,33.3825
430564.BJ,20220526,20211231,,,26.7474,25.6578
301286.SZ,20220524,20211231,,,12.7861,23.8918
000420.SZ,20220528,20211231,14.5059,-463.1986,9.9372,-4.5046
600601.SH,20220430,20211231,-13.9887,-1.355,3.455,-7032.988
301238.SZ,20220530,20211231,,,7.5818,26.1603
000420.SZ,20220528,20211231,14.5059,-463.1986,9.9372,-4.5046
301153.SZ,20220425,20211231,,,122.3673,31.3018
600891.SH,20220531,20211231,-58.0221,113.2816,-20.2354,
831278.BJ,20220601,20211231,9.8315,31.0972,20.3191,12.39
600891.SH,20220531,20211231,-58.0221,113.2816,-20.2354,
301220.SZ,20220601,20211231,,,5.1392,12.734
000787.SZ,20220601,20211231,3.1395,27.4238,-7.6595,-11.255
688290.SH,20220411,20211231,,,56.5262,24.0946
000787.SZ,20220601,20211231,3.1395,27.4238,-7.6595,-11.255
301302.SZ,20220602,20211231,19.8788,13.7406,53.0384,11.8478
301112.SZ,20220602,20211231,,,9.0,15.7248
600614.SH,20220602,20211231,-94.0356,-1626.0995,128.5129,
688349.SH,20220602,20211231,6.3845,-27.4546,43.1307,51.4944
600614.SH,20220602,20211231,-94.0356,-1626.0995,128.5129,
301156.SZ,20220606,20211231,,,37.9935,22.2432
001323.SZ,20220606,20211231,,,27.1212,30.4642
688047.SH,20220607,20211231,,,11.5484,13.4818
688297.SH,20220607,20211231,,,-35.5405,32.4796
833943.BJ,20220609,20211231,27.4682,2156.92,20.6592,8.9152
301233.SZ,20220609,20211231,4.3024,15.7738,25.8466,16.5349
301289.SZ,20220609,20211231,,,65.2476,19.8757
301239.SZ,20220610,20211231,0.7656,-485.0572,22.5263,9.5112
001270.SZ,20220516,20211231,,,24.2726,17.0812
301257.SZ,20220429,20211231,,,42.6408,29.2538
601089.SH,20220613,20211231,,,16.9049,27.501
001268.SZ,20220613,20211231,,,2.802,22.0376
688237.SH,20220614,20211231,,,70.3455,15.5214
688400.SH,20220615,20211231,,,17.6918,10.6121
301298.SZ,20220517,20211231,,,-14.1129,12.7203
002433.SZ,20220616,20211231,-22.6971,-7308.8244,33.3519,-15.9326
002433.SZ,20220616,20211231,-22.6814,-9135.1271,33.3451,-24.7757
301175.SZ,20220617,20211231,,,34.5759,10.9574
838670.BJ,20220618,20211231,71.6765,118.7001,41.9838,48.2429
688322.SH,20220620,20211231,,,-25.4633,-12.7437
301139.SZ,20220620,20211231,,,34.7833,16.2161
001309.SZ,20220620,20211231,,,31.9244,18.4284
837821.BJ,20220621,20211231,61.4865,-17.3601,15.0947,10.858
688053.SH,20220621,20211231,,,61.059,33.9757
600687.SH,20220622,20211231,-74.4215,65.6275,3.7239,
301234.SZ,20220622,20211231,,,6.4158,27.8693
600687.SH,20220622,20211231,-74.4215,65.6275,3.7239,
301208.SZ,20220623,20211231,,,44.5876,23.9393
834639.BJ,20220624,20211231,-3.3568,138.8018,32.6982,9.8137
834062.BJ,20220624,20211231,,,45.5434,9.1467
603235.SH,20220623,20211231,,,20.0821,45.8451
688353.SH,20220624,20211231,,,51.7835,50.7366
839725.BJ,20220625,20211231,,,30.322,28.2235
600432.SH,20220625,20211231,95.4872,-20.2627,14.3124,18.5748
301312.SZ,20220627,20211231,,,20.974,40.131
001230.SZ,20220627,20211231,,,34.4665,28.4429
001236.SZ,20220628,20211231,,,25.5045,4.7115
688332.SH,20220628,20211231,,,11.4806,25.2772
603170.SH,20220628,20211231,,,16.5154,30.8443
300108.SZ,20220629,20211231,44.5728,20.2107,-18.0493,
000699.SZ,20220630,20211231,,133.0677,,
300108.SZ,20220629,20211231,44.5728,20.2107,-18.0493,
836871.BJ,20220630,20211231,3.3038,-22.6039,13.8709,26.2742
600670.SH,20220630,20211231,,-3081.5925,,-14.9584
600240.SH,20220630,20211231,139.7558,-125.6646,9.3636,
600670.SH,20220630,20211231,,-3081.5925,,-14.9584
600781.SH,20220630,20211231,-72.9389,-92.7688,5.378,-116.9306
002118.SZ,20220630,20211231,-0.899,-53.147,-224.0966,-30.6044
600532.SH,20220630,20211231,-102.7356,-2000.4738,,-19.1528
002411.SZ,20220630,20211231,15.0862,-30.0062,16.7649,-7.7896
002118.SZ,20220630,20211231,-0.899,-53.147,-224.0966,-30.6044
002411.SZ,20220630,20211231,15.0862,-30.0062,16.7649,-7.7896
600532.SH,20220630,20211231,-102.7356,-2000.4738,,-19.1528
600781.SH,20220630,20211231,-72.9389,-92.7688,5.378,-116.9306
688375.SH,20220701,20211231,,,84.36,14.8452
688231.SH,20220701,20211231,,,28.4363,6.0091
002776.SZ,20220702,20211231,-71.8273,-230.3,279.7162,-164.115
001336.SZ,20220704,20211231,,,23.8186,35.0689
001336.SZ,20220704,20211231,,,23.8186,35.0689
001258.SZ,20220705,20211231,,,90.5673,7.7781
001258.SZ,20220705,20211231,,,90.5673,7.7781
301306.SZ,20220706,20211231,,,53.1328,18.7618
688382.SH,20220706,20211231,,,,-42.7961
603211.SH,20220706,20211231,,,9.5836,12.5168
301238.SZ,20220530,20211231,,,7.5818,26.1603
001323.SZ,20220606,20211231,,,27.1212,30.4642
603211.SH,20220706,20211231,,,9.5836,12.5168
688253.SH,20220711,20211231,,,93.7999,15.4499
301269.SZ,20220711,20211231,,,15.9026,5.7499
001231.SZ,20220711,20211231,,,59.4171,19.6438
603255.SH,20220711,20211231,,,8.0804,19.0809
688130.SH,20220712,20211231,,,-2.2707,27.6625
301195.SZ,20220712,20211231,,,34.5884,32.2003
600065.SH,20220430,20211231,1403.9332,-1107.8827,-16.6989,
688371.SH,20220714,20211231,,,7.0845,8.8007
600709.SH,20220429,20211231,-14.2771,3.5211,-59.4812,-8.7123
301121.SZ,20220715,20211231,,,11.7679,16.8155
301308.SZ,20220715,20211231,,,1.2803,23.6926
301095.SZ,20220718,20211231,,,10.5943,15.5898
603201.SH,20220718,20211231,,,0.3658,24.501
301318.SZ,20220719,20211231,-36.4183,-21.2564,54.0139,29.729
301197.SZ,20220719,20211231,,,64.5092,14.1267
688373.SH,20220719,20211231,,,-2506.3509,-49.9297
688380.SH,20220719,20211231,,,15.6703,58.3055
001229.SZ,20220719,20211231,,,39.7581,33.5962
301333.SZ,20220720,20211231,,,54.9166,25.3346
688205.SH,20220721,20211231,,,4.5317,18.3494
301278.SZ,20220722,20211231,,,28.3602,17.3472
835985.BJ,20220722,20211231,62.8729,680.3927,-8.5216,19.5899
688273.SH,20220722,20211231,,,48.0428,34.65
301132.SZ,20220722,20211231,,,14.8534,14.3894
688041.SH,20220726,20211231,,,61.697,5.1872
001222.SZ,20220726,20211231,,,62.8847,25.9997
001222.SZ,20220726,20211231,,,62.8847,25.9997
688292.SH,20220727,20211231,,,56.6381,15.0973
301338.SZ,20220727,20211231,,,-7.2941,24.9208
301300.SZ,20220727,20211231,,,24.7245,28.6431
001339.SZ,20220727,20211231,,,-5.1824,26.8981
301330.SZ,20220728,20211231,,,16.1708,11.439
301171.SZ,20220728,20211231,,,-8.4816,16.0123
688203.SH,20220728,20211231,,,36.8994,5.3004
688271.SH,20220729,20211231,,,45.3859,26.9915
688403.SH,20220729,20211231,,,53.4217,7.4077
688401.SH,20220729,20211231,,,35.3772,10.8948
301336.SZ,20220729,20211231,,,34.5645,14.2548
001330.SZ,20220801,20211231,,,77.0021,5.4265
001331.SZ,20220801,20211231,,,11.3537,25.1857
001331.SZ,20220801,20211231,,,11.3537,25.1857
688381.SH,20220803,20211231,,,29.3248,35.9386
301282.SZ,20220803,20211231,,,19.3362,19.456
600233.SH,20220427,20211231,27.2151,201.8346,16.6186,10.401
301192.SZ,20220810,20211231,-35.4004,-59.7115,56.4733,11.1874
831834.BJ,20220804,20211231,7.3537,-4.0488,27.1003,26.682
688370.SH,20220805,20211231,,,46.2777,15.4397
688247.SH,20220808,20211231,,,104.8565,13.8013
301152.SZ,20220808,20211231,42.1771,111.8182,-12.1873,13.9562
688439.SH,20220809,20211231,,,-17.4501,41.5961
301270.SZ,20220809,20211231,,,62.2727,13.7721
688416.SH,20220810,20211231,,,18.7769,40.4703
688351.SH,20220811,20211231,,,8.8681,-5.072
301115.SZ,20220811,20211231,,,31.0827,21.9482
301209.SZ,20220811,20211231,,,-1.2983,20.2798
836395.BJ,20220812,20211231,-18.987,49.0929,1.7578,54.6376
301296.SZ,20220815,20211231,61.4482,8.3895,15.2862,13.8267
603237.SH,20220815,20211231,,,-90.341,18.5907
001259.SZ,20220815,20211231,,,40.1433,19.1402
688293.SH,20220816,20211231,,,66.8011,9.3793
001259.SZ,20220815,20211231,,,40.1433,19.1402
836270.BJ,20220816,20211231,11.3477,108.5585,40.3288,23.5857
301283.SZ,20220816,20211231,,,3.7919,15.0982
603237.SH,20220815,20211231,,,-90.341,18.5907
301349.SZ,20220817,20211231,,,7.2574,28.7909
831152.BJ,20220818,20211231,27.5939,-20.2144,30.106,11.6385
301321.SZ,20220817,20211231,19.545,-52.2065,27.0952,6.8755
301328.SZ,20220817,20211231,,,13.7903,27.7027
301231.SZ,20220819,20211231,-0.3628,-9.5036,68.4539,8.8732
688391.SH,20220822,20211231,,,49.8075,35.8261
301276.SZ,20220822,20211231,,,33.4291,27.2877
001269.SZ,20220822,20211231,,,16.5476,31.2799
001283.SZ,20220822,20211231,,,5.5521,17.7122
002619.SZ,20220823,20211231,-43.4055,43.1485,,-49.2817
688114.SH,20220823,20211231,4.0045,-74.9604,44.4893,13.1481
301339.SZ,20220823,20211231,,,203.0034,13.8254
603182.SH,20220823,20211231,,,-6.1368,17.6318
002619.SZ,20220823,20211231,-43.4055,43.1485,,-49.2817
301161.SZ,20220825,20211231,,,2.3873,16.0898
688455.SH,20220826,20211231,,,21.2224,23.6997
601528.SH,20220331,20211231,16.6137,19.7199,560.226,10.1587
001255.SZ,20220826,20211231,,,35.0288,23.4297
001255.SZ,20220826,20211231,,,35.0288,23.4297
301309.SZ,20220829,20211231,,,36.352,29.0939
301205.SZ,20220829,20211231,,,20.2901,17.9153
301327.SZ,20220829,20211231,,,20.1624,73.0491
688035.SH,20220830,20211231,,,16.0263,12.7667
688184.SH,20220830,20211231,,,15.4003,7.5141
301326.SZ,20220830,20211231,,,29.11,19.2718
001339.SZ,20220727,20211231,,,-5.1824,26.8981
001231.SZ,20220711,20211231,,,59.4171,19.6438
001238.SZ,20220830,20211231,,,-2.6741,12.6113
688448.SH,20220831,20211231,,,4.6751,14.0298
603163.SH,20220831,20211231,,,-1.1794,33.2009
000611.SZ,20220430,20211231,48.0396,193.9007,-522.0541,-5.2454
000018.SZ,20220901,20211231,-386.3829,346.9848,,
688428.SH,20220901,20211231,,,-183.3074,-1.2324
002711.SZ,20220901,20211231,-121.8995,2574.4076,,
000018.SZ,20220901,20211231,-386.3829,346.9848,,
301331.SZ,20220902,20211231,2.3552,-4.3138,12.6023,13.7619
301227.SZ,20220902,20211231,,,35.7701,13.3645
688132.SH,20220905,20211231,,,47.5317,10.9191
001332.SZ,20220905,20211231,,,41.2676,24.457
603057.SH,20220905,20211231,,,1.0866,23.1849
001238.SZ,20220830,20211231,,,-2.6741,12.6113
839790.BJ,20220819,20211231,5.039,27.0614,30.043,12.2983
688392.SH,20220906,20211231,,,39.3409,27.5329
301366.SZ,20220906,20211231,,,26.9324,21.407
688387.SH,20220906,20211231,,,25.1668,-58.4589
001332.SZ,20220905,20211231,,,41.2676,24.457
688252.SH,20220907,20211231,,,19.0002,45.3898
301319.SZ,20220907,20211231,,,-1.0818,22.7226
001322.SZ,20220907,20211231,,,30.1679,19.9341
838402.BJ,20220908,20211231,0.97,-80.5298,-12.0179,10.28
835207.BJ,20220908,20211231,,,27.3765,14.8663
301369.SZ,20220907,20211231,,,33.3262,32.7078
873122.BJ,20220908,20211231,-0.3342,5.7706,11.3367,12.9511
688275.SH,20220908,20211231,,,-27.072,27.3127
001322.SZ,20220907,20211231,,,30.1679,19.9341
301176.SZ,20220908,20211231,,,5.7346,25.1183
301285.SZ,20220908,20211231,,,24.6651,19.5308
688137.SH,20220909,20211231,,,35.5687,64.3242
301313.SZ,20220909,20211231,,,18.0713,14.7542
600965.SH,20220429,20211231,-11.5116,-87.6951,2.038,6.8865
001298.SZ,20220913,20211231,,,15.4902,34.5008
001298.SZ,20220913,20211231,,,15.4902,34.5008
688409.SH,20220914,20211231,,,21.931,7.6179
838971.BJ,20220914,20211231,,,40.7745,43.1135
430139.BJ,20220915,20211231,34.4291,18.6457,92.6662,16.0782
688073.SH,20220915,20211231,,,-9.4716,18.1002
688459.SH,20220916,20211231,,,27.4715,8.0837
430685.BJ,20220916,20211231,,,69.171,29.7724
301363.SZ,20220916,20211231,,,11.2799,23.6615
301316.SZ,20220916,20211231,,,24.0749,11.2832
001299.SZ,20220919,20211231,,,43.7888,15.6489
603052.SH,20220921,20211231,,,21.2992,27.0752
688061.SH,20220922,20211231,,,37.8235,29.8829
688031.SH,20220922,20211231,,,-1.742,-40.278
837046.BJ,20220922,20211231,11.0424,75.4992,6.9241,22.2424
301273.SZ,20220922,20211231,,,-2.6806,25.7439
430476.BJ,20220922,20211231,,,40.3321,10.6599
835892.BJ,20220923,20211231,-47.5042,-76.2972,36.6574,29.7052
688244.SH,20220923,20211231,,,39.6146,7.772
301223.SZ,20220923,20211231,10.8963,87.0335,7.3789,16.9041
001300.SZ,20220923,20211231,,,7.9852,32.5483
603151.SH,20220923,20211231,,,16.1452,35.376
301299.SZ,20220926,20211231,,,66.4152,21.7158
688291.SH,20220928,20211231,,,18.4347,22.9565
301380.SZ,20220928,20211231,,,8.5438,19.5193
301389.SZ,20220928,20211231,,,43.9633,32.2051
688426.SH,20220929,20211231,,,98.8182,23.2466
688152.SH,20220929,20211231,,,30.1287,31.764
873527.BJ,20220929,20211231,,,31.5622,14.8491
301379.SZ,20220929,20211231,,,8.5281,23.1792
688372.SH,20220930,20211231,,,50.9626,17.408
871753.BJ,20220930,20211231,11.2896,28.4071,47.1155,13.2667
301230.SZ,20220930,20211231,86.0927,321.3189,32.9853,22.9648
301367.SZ,20220930,20211231,,,32.908,31.2346
000979.SZ,20221001,20211231,-63.1537,36.1164,38.9305,
000979.SZ,20221001,20211231,-63.1537,36.1164,38.9305,
300362.SZ,20220430,20211231,6.3716,-559.3661,-41.1128,-102.6449
603130.SH,20221011,20211231,,,38.7775,25.9689
603130.SH,20221011,20211231,,,38.7775,25.9689
301267.SZ,20221014,20211231,9.4627,9.6368,33.1395,29.28
301388.SZ,20221014,20211231,,,29.2504,21.1441
301359.SZ,20221018,20211231,,,29.1172,14.4263
688419.SH,20221019,20211231,,,55.71,28.55
603280.SH,20221019,20211231,,,8.0456,32.2553
600063.SH,20220310,20211231,-20.1262,5.6363,3.1571,16.4639
301356.SZ,20221021,20211231,,,22.5575,28.1621
001300.SZ,20220923,20211231,,,7.9852,32.5483
688432.SH,20221024,20211231,,,36.8549,8.5362
832876.BJ,20221025,20211231,,,,24.9112
301396.SZ,20221025,20211231,,,48.7567,23.37
001338.SZ,20221025,20211231,,,51.9543,6.758
001338.SZ,20221025,20211231,,,51.9543,6.758
301361.SZ,20221026,20211231,,,51.6206,31.1444
688273.SH,20220722,20211231,,,48.0428,34.65
833914.BJ,20221027,20211231,,,,20.0849
688362.SH,20221028,20211231,,,37.7081,35.0653
301277.SZ,20221028,20211231,,,7.1241,31.6257
001333.SZ,20221028,20211231,,,3.2461,28.9739
001333.SZ,20221028,20211231,,,3.2461,28.9739
600677.SH,20220330,20211231,-28.3718,68.5536,46.5355,
872808.BJ,20221029,20211231,,,,46.3952
002313.SZ,20220430,20211231,57.4388,73.9132,35.4722,-10.4632
688376.SH,20221031,20211231,9.4286,55.1453,1.7156,25.9658
301335.SZ,20221031,20211231,,,20.2,13.4605
301377.SZ,20221031,20211231,,,28.2992,27.7359
301165.SZ,20221031,20211231,,,,31.1764
301365.SZ,20221031,20211231,,,6.9157,43.8183
601022.SH,20221031,20211231,,,6.1145,15.955
300372.SZ,20221103,20211231,30.1635,14.4519,-257.2766,
870357.BJ,20221104,20211231,146.4975,218.2475,19.9638,49.4244
603280.SH,20221019,20211231,,,8.0456,32.2553
688480.SH,20221108,20211231,,,17.7478,9.6929
301290.SZ,20221110,20211231,,,55.4506,10.0212
301311.SZ,20221111,20211231,,,55.2251,10.2932
601136.SH,20221114,20211231,,,810.7547,9.0204
301391.SZ,20221114,20211231,,,58.5275,24.4173
001256.SZ,20221114,20211231,,,26.9908,18.374
688489.SH,20221115,20211231,,,23.4922,20.9251
872374.BJ,20221115,20211231,,,23.8947,41.0156
831641.BJ,20221117,20211231,,,12.112,14.8439
870199.BJ,20221117,20211231,,,23.2067,88.7023
688143.SH,20221118,20211231,,,8.9685,18.3896
001301.SZ,20221118,20211231,,,18.1593,33.859
836414.BJ,20221119,20211231,84.7973,852.8576,8.3793,34.3337
688420.SH,20221121,20211231,,,45.3005,24.6727
688084.SH,20221121,20211231,,,116.3527,11.394
688503.SH,20221122,20211231,,,-9.5041,21.9865
832110.BJ,20221122,20211231,,,10.3878,23.3419
833230.BJ,20221122,20211231,,,2.2901,31.1932
832110.BJ,20221122,20211231,,,10.3878,23.3419
834014.BJ,20221123,20211231,-7.8074,-72.1772,32.7329,16.3234
430300.BJ,20221123,20211231,30.4784,425.3153,62.3504,10.9913
831087.BJ,20221123,20211231,0.406,-4.6627,33.4438,13.7316
836942.BJ,20221124,20211231,,,-0.4927,25.8304
601868.SH,20220330,20211231,14.8262,17.1798,15.5317,6.2378
603860.SH,20220310,20211231,25.6231,7.5177,56.1952,5.0149
688023.SH,20220423,20211231,44.0546,68.1181,35.0685,-3.3437
870866.BJ,20221125,20211231,,,20.1433,15.7993
601001.SH,20220429,20211231,141.5775,1728.7074,57.2625,46.4803
301368.SZ,20221125,20211231,,,35.0858,19.8141
002323.SZ,20220305,20211231,-22.0852,-1944.8866,-259.9408,-39.6377
000068.SZ,20220305,20211231,289.0487,40.3974,-22.7381,-32.9709
600565.SH,20220428,20211231,-38.0431,-252.3837,32.6451,-21.5858
832662.BJ,20221110,20211231,46.6526,-19.8222,31.9105,19.8089
835237.BJ,20221111,20211231,,,7.7908,19.9475
871634.BJ,20221110,20211231,19.9955,71.49,18.3407,30.0523
873339.BJ,20221028,20211231,78.3825,373.849,11.3964,33.4561
301398.SZ,20221128,20211231,,,93.5976,14.3379
301265.SZ,20221128,20211231,,,32.4655,16.585
833075.BJ,20221129,20211231,32.2672,31.6656,16.449,17.9753
836957.BJ,20221130,20211231,-14.6274,-44.794,3.6897,11.4598
833429.BJ,20221130,20211231,,,35.187,9.0792
688172.SH,20221130,20211231,,,48.1892,5.0766
833171.BJ,20221201,20211231,,,58.9912,70.063
870508.BJ,20221202,20211231,,,85.3804,12.0944
834033.BJ,20221202,20211231,,,23.4415,25.2102
688498.SH,20221202,20211231,,,14.3621,15.4394
301280.SZ,20221202,20211231,,,7.5053,28.7026
838810.BJ,20221203,20211231,60.8324,719.3314,19.2106,38.1823
830879.BJ,20221206,20211231,10.2634,11.6962,59.0176,11.0096
836807.BJ,20221206,20211231,,,-2.8452,14.8307
688141.SH,20221206,20211231,,,-13.2838,19.4661
688147.SH,20221206,20211231,,,-19.6846,3.4909
873305.BJ,20221207,20211231,-4.3216,-10.3107,4.9908,19.0646
301301.SZ,20221207,20211231,,,47.049,3.8322
430718.BJ,20221208,20211231,,,4.2363,13.4789
688475.SH,20221208,20211231,,,13.463,34.2055
831526.BJ,20221208,20211231,,,8.6319,17.8044
301255.SZ,20221208,20211231,,,30.7152,24.3509
688496.SH,20221209,20211231,,,-5.4044,7.4849
872190.BJ,20221209,20211231,,,-3.6008,17.8199
001203.SZ,20220304,20211231,16.7732,-24.3406,15.4936,44.7157
300568.SZ,20220301,20211231,53.4694,279.9404,22.1592,8.2115
002945.SZ,20220326,20211231,-1.8173,-98.1436,-982.1087,7.1913
300631.SZ,20220301,20211231,-10.4411,-0.1624,9.324,2.7597
605020.SH,20220330,20211231,65.8993,311.5952,1.4366,16.3
002379.SZ,20220228,20211231,36.4867,36.399,5.15,-6.6289
601377.SH,20220331,20211231,24.6116,25.207,7.185,11.8129
603918.SH,20220413,20211231,5.406,-12.2431,30.547,8.841
601696.SH,20220330,20211231,10.2484,-47.4867,93.0752,5.5991
601236.SH,20220331,20211231,-43.659,6.6155,-163.0912,8.2956
600681.SH,20220308,20211231,2.3925,3.4881,53.835,12.1525
600481.SH,20220308,20211231,84.2799,61.7833,6.2042,10.3478
688037.SH,20220310,20211231,140.6396,485.7192,-4.5623,7.5289
603289.SH,20220408,20211231,-11.9976,-53.3811,27.3304,10.0521
601558.SH,20220331,20211231,-8.1384,100.6577,25.1321,-2.2263
601162.SH,20220331,20211231,60.4624,80.4569,201.4312,2.4214
601555.SH,20220409,20211231,41.0138,125.8332,114.6849,7.3158
601901.SH,20220331,20211231,19.0016,72.5355,294.9721,4.3402
002939.SZ,20220412,20211231,-7.5204,18.6419,-80.1195,9.3552
600926.SH,20220416,20211231,13.5036,42.6968,-123.7771,10.7357
002797.SZ,20220329,20211231,-19.8736,-52.4479,-222.6928,5.1659
601187.SH,20220330,20211231,-19.6619,15.4004,-134.8532,10.0977
002344.SZ,20220416,20211231,7.8867,201.3689,31.992,2.6731
002966.SZ,20220329,20211231,11.7504,37.2113,-34.6437,9.7634
000686.SZ,20220415,20211231,56.5153,13.2589,104.6,9.1482
000552.SZ,20220302,20211231,44.5857,358.4171,63.1883,8.3539
000728.SZ,20220329,20211231,141.205,101.3071,9.7892,6.031
300873.SZ,20220303,20211231,34.7568,25.0026,35.711,11.1383
605136.SH,20220303,20211231,-22.5554,0.9563,16.8029,14.415
300890.SZ,20220303,20211231,405.9217,652.1326,1.4617,9.4592
002839.SZ,20220329,20211231,8.3419,41.2569,343.6133,9.6939
603093.SH,20220315,20211231,74.1089,170.9034,4.3121,8.9562
300146.SZ,20220305,20211231,32.0645,58.6395,61.2154,17.6762
002736.SZ,20220419,20211231,42.5853,102.7777,18.703,11.0788
000939.SZ,20220428,20211231,,,,
000563.SZ,20220428,20211231,-23.7896,0.2257,-320.1121,5.9395
002500.SZ,20220428,20211231,71.8694,445.3043,-147.9691,4.754
000556.SZ,20220428,20211231,940.9067,-223.1465,2.186,6.4669
600625.SH,20220428,20211231,,,,-2.4585
600633.SH,20220428,20211231,-1.8583,-42.4371,49.4426,3.5154
000405.SZ,20220427,20211231,-100.0,-430.0481,,-40.0654
000730.SZ,20220430,20211231,-9.6879,-161.3143,22.284,1.432
000413.SZ,20220430,20211231,-31.1864,39.2636,39.1202,-10.3463
688410.SH,20221208,20211231,,,26.7292,4.1777
688051.SH,20220430,20211231,-54.3427,-239.7208,91.0776,-10.7939
000564.SZ,20220430,20211231,-21.9919,92.0243,-5.0913,-7.9713
600843.SH,20220430,20211231,9.408,-158.4874,12.8425,1.4603
603895.SH,20220430,20211231,4.9134,2.0293,-17.7973,0.0239
002211.SZ,20220430,20211231,-43.9574,-930.1805,2.8011,-152.8931
002717.SZ,20220430,20211231,-24.4851,113.0261,21.7797,1.5172
000038.SZ,20220430,20211231,-56.9329,-1793.1844,9.8217,-9.9572
603117.SH,20220429,20211231,-24.8176,-3062.7219,-422.9067,-12.8221
000627.SZ,20220430,20211231,115.3538,2433.5914,45.2343,2.0538
688529.SH,20220429,20211231,79.6878,90.856,24.5706,3.9265
600656.SH,20220430,20211231,,,,
600701.SH,20220430,20211231,303.2417,48.7106,117.6349,
600432.SH,20220625,20211231,95.4872,-20.2627,14.3124,18.5748
836247.BJ,20221209,20211231,-10.6025,-6.9276,13.2103,27.7327
833781.BJ,20221210,20211231,,,23.4271,30.9537
301297.SZ,20221212,20211231,,,27.7029,13.4246
873001.BJ,20221213,20211231,,,35.3055,20.304
603938.SH,20220310,20211231,75.7658,192.6176,33.7856,23.8606
688525.SH,20221213,20211231,,,-31.8892,8.1087
831855.BJ,20221215,20211231,,,0.2991,11.1862
831195.BJ,20221216,20211231,,,2.967,16.0862
838262.BJ,20221216,20211231,-2.6962,-3.7802,9.5883,20.2372
301105.SZ,20221216,20211231,,,20.524,14.7163
601059.SH,20221216,20211231,,,,9.8289
872392.BJ,20221217,20211231,,,22.691,21.876
002028.SZ,20220416,20211231,11.6446,206.7126,31.2583,14.9343
688506.SH,20221219,20211231,,,-43.2418,-39.3653
001223.SZ,20221129,20211231,,,19.6619,41.156
838227.BJ,20221214,20211231,,,61.2462,28.0251
872351.BJ,20221215,20211231,,,6.4118,16.5789
834950.BJ,20221223,20211231,1.9396,80.605,3.912,58.8732
688485.SH,20221228,20211231,,,71.9163,9.6519
603173.SH,20221229,20211231,,,-3.8756,30.9842
603173.SH,20221229,20211231,,,-3.8756,30.9842
688435.SH,20221230,20211231,,,49.6895,7.9928
301317.SZ,20221230,20211231,,,15.904,18.6031
839371.BJ,20221231,20211231,31.9346,303.324,15.2162,6.4554
873152.BJ,20230104,20211231,48.5567,83.9502,2.0629,40.4607
603281.SH,20230105,20211231,,,11.3723,63.8142
603281.SH,20230105,20211231,,,11.3723,63.8142
832023.BJ,20230107,20211231,,,-22.0809,6.9867
430425.BJ,20230110,20211231,,,81.9136,35.4786
301260.SZ,20230110,20211231,,,-26.0284,20.3321
301373.SZ,20230110,20211231,,,22.7081,15.8877
603307.SH,20230110,20211231,,,11.1018,22.7475
832802.BJ,20230112,20211231,,,26.4782,11.7124
301358.SZ,20230113,20211231,,,-12.0387,56.2457
688515.SH,20230113,20211231,,,80.2171,-5.6514
301419.SZ,20230116,20211231,,,20.0124,23.8875
001314.SZ,20230116,20211231,,,,34.8755
001314.SZ,20230116,20211231,,,,34.8755
873167.BJ,20230120,20211231,28.5422,25.8308,24.3173,18.1922
688307.SH,20230120,20211231,,,45.0275,10.0573
001260.SZ,20230130,20211231,,,14.3073,20.1449
688486.SH,20230131,20211231,,,52.7812,29.7706
832149.BJ,20230131,20211231,,,-1.0458,28.9779
834407.BJ,20230131,20211231,,,3.2569,14.6401
839273.BJ,20230131,20211231,,,-36.5339,17.2837
603190.SH,20230131,20211231,,,32.3248,15.7821
301303.SZ,20230131,20211231,,,16.841,24.7578
603190.SH,20230131,20211231,,,32.3248,15.7821
301303.SZ,20230131,20211231,,,16.841,24.7578
001225.SZ,20230206,20211231,,,,30.8274
001311.SZ,20230206,20211231,,,,31.0885
603073.SH,20230206,20211231,,,,21.6893
001311.SZ,20230206,20211231,,,,31.0885
603073.SH,20230206,20211231,,,,21.6893
831906.BJ,20230208,20211231,,,-0.3179,12.0421
430478.BJ,20230209,20211231,,,46.2901,12.3829
603065.SH,20230209,20211231,,,,18.3386
603065.SH,20230209,20211231,,,,18.3386
301408.SZ,20230210,20211231,,,-4.5938,8.1588
001278.SZ,20230210,20211231,,,,16.3435
688522.SH,20230210,20211231,,,,21.4555
834770.BJ,20230211,20211231,,,36.2428,12.2113
001366.SZ,20230214,20211231,,,,19.8732
001337.SZ,20230214,20211231,,,34.6031,22.9361
001337.SZ,20230214,20211231,,,34.6031,22.9361
836422.BJ,20230215,20211231,,,-2.2245,21.8491
301322.SZ,20230215,20211231,,,,36.9381
688502.SH,20230216,20211231,,,,14.9457
001260.SZ,20230130,20211231,,,14.3073,20.1449
603291.SH,20230216,20211231,,,,9.6929
603061.SH,20230216,20211231,,,,43.7507
603291.SH,20230216,20211231,,,,9.6929
603061.SH,20230216,20211231,,,,43.7507
601121.SH,20230217,20211231,,,,15.3226
301157.SZ,20230217,20211231,,,,26.7271
603162.SH,20230217,20211231,,,,50.7152
600925.SH,20230217,20211231,,,80.8652,24.1789
600925.SH,20230217,20211231,,,80.8652,24.1789
001368.SZ,20230220,20211231,,,,22.9709
603153.SH,20230221,20211231,,,,9.0781
872541.BJ,20230222,20211231,,,24.9059,11.6397
603282.SH,20230222,20211231,,,,25.1191
837663.BJ,20230225,20211231,,,57.6264,23.4804
301246.SZ,20230227,20211231,,,,33.9167
301345.SZ,20230227,20211231,,,,36.1881
835857.BJ,20230228,20211231,-13.5216,15.8548,0.3597,10.6577
301439.SZ,20230228,20211231,,,25.2054,21.7862
833575.BJ,20230301,20211231,,,-52018.8837,-33.1394
301378.SZ,20230301,20211231,,,,28.9346
830809.BJ,20230303,20211231,1986.3059,281.3958,-8.8124,22.6719
430556.BJ,20230302,20211231,6.1739,-58.42,32.518,12.588
830974.BJ,20230221,20211231,,,16.4602,13.9674
301386.SZ,20230309,20211231,,,,16.5059
834261.BJ,20230310,20211231,,,7.1508,21.478
688531.SH,20230314,20211231,,,21.6092,16.0366
301314.SZ,20230315,20211231,,,,39.6144
301141.SZ,20230315,20211231,,,,28.423
873665.BJ,20230912,20211231,,,27.396,10.1027
688535.SH,20230316,20211231,,,,17.9455
688343.SH,20230316,20211231,,,,-29.5336
301203.SZ,20230316,20211231,,,,29.0972
688484.SH,20230317,20211231,,,,37.5517
872895.BJ,20230317,20211231,11.8395,-32.8011,25.608,27.6616
301281.SZ,20230317,20211231,,,10.2656,20.6556
001367.SZ,20230320,20211231,,,,28.1345
601065.SH,20230321,20211231,,,,11.0505
601061.SH,20230320,20211231,,,,15.3217
601133.SH,20230321,20211231,,,,15.4379
001360.SZ,20230321,20211231,,,,20.5583
001286.SZ,20230321,20211231,,,,3.018
603125.SH,20230320,20211231,,,17.5017,24.756
001287.SZ,20230320,20211231,,,13.8202,15.0402
001328.SZ,20230320,20211231,,,,19.0664
872869.BJ,20220426,20211231,,,3.8641,12.7768
873593.BJ,20230325,20211231,74.5821,20.582,29.3546,60.7891
688433.SH,20230327,20211231,,,43.949,14.1917
301429.SZ,20230327,20211231,,,,17.5373
603137.SH,20230328,20211231,,,,22.569
836208.BJ,20230328,20211231,,,71.9513,32.9016
688507.SH,20230328,20211231,,,,7.0824
301357.SZ,20230328,20211231,,,,40.8078
301387.SZ,20230328,20211231,,,,29.6473
688352.SH,20230329,20211231,,,,10.4953
688539.SH,20230329,20211231,,,,19.503
603135.SH,20230320,20211231,,,,32.6253
836547.BJ,20220428,20211231,44.0727,-6.9971,18.2819,32.7441
839792.BJ,20230311,20211231,,,54.3911,14.2713
688478.SH,20230331,20211231,,,-0.1703,10.1171
830896.BJ,20230331,20211231,,,1.3266,14.4126
688146.SH,20230331,20211231,,,,19.2112
831304.BJ,20230331,20211231,8.9728,12.3601,-5.9556,21.4816
301360.SZ,20230331,20211231,,,,35.547
301307.SZ,20230331,20211231,,,,6.1417
838758.BJ,20220429,20211231,,,49.455,44.882
838812.BJ,20220428,20211231,-7.549,-35.6007,32.1573,18.7577
838812.BJ,20220428,20211231,-7.549,-35.6007,32.1573,18.7577
871694.BJ,20230407,20211231,,,32.5707,18.4078
833394.BJ,20230408,20211231,20.1844,-41.1166,-27.2382,9.7754
688249.SH,20230412,20211231,,,,18.7252
001366.SZ,20230214,20211231,,,,19.8732
838837.BJ,20230413,20211231,,,-6.6124,11.9341
301293.SZ,20230413,20211231,,,,6.8176
603172.SH,20230418,20211231,,,,14.8217
688469.SH,20230418,20211231,,,,-30.5074
301325.SZ,20230418,20211231,,,50.5744,35.2872
688479.SH,20230419,20211231,,,,21.2138
836699.BJ,20230419,20211231,,,2.5991,36.1239
301390.SZ,20230419,20211231,,,,21.4303
688479.SH,20230419,20211231,,,,21.2138
688512.SH,20230421,20211231,,,,-17.9884
688552.SH,20230421,20211231,,,,14.6211
871478.BJ,20230421,20211231,-30.8911,-45.0552,51.4685,24.0962
873588.BJ,20220423,20211231,,,,14.5314
301332.SZ,20230424,20211231,,,,13.4963
301428.SZ,20230424,20211231,,,-27.5559,11.9885
688581.SH,20230427,20211231,,,,40.9922
688361.SH,20230427,20211231,,,,0.6617
831892.BJ,20220421,20211231,,,,16.6603
831892.BJ,20220421,20211231,,,,16.6603
301305.SZ,20230428,20211231,,,,14.1537
301399.SZ,20230428,20211231,,,,36.2669
001282.SZ,20230428,20211231,,,,13.1201
688458.SH,20230428,20211231,,,,16.006
688562.SH,20230428,20211231,,,,3.3849
837006.BJ,20230428,20211231,,,11.6284,16.0612
002070.SZ,20230428,20211231,,,,
873132.BJ,20231031,20211231,,,,44.9595
839719.BJ,20230509,20211231,,,20.7059,15.7081
832471.BJ,20230510,20211231,,,7.1204,28.6327
832522.BJ,20220409,20211231,,,-0.5714,14.6758
872967.BJ,20220329,20211231,,,,18.0905
873437.BJ,20220317,20211231,-20.4919,-10.3314,38.86,85.4106
301252.SZ,20230511,20211231,,,,19.0731
836961.BJ,20220412,20211231,,,,19.0426
430017.BJ,20230512,20211231,,,24.4008,4.6134
688593.SH,20230515,20211231,,,,57.1496
688523.SH,20230516,20211231,,,,14.2188
301310.SZ,20230516,20211231,,,,23.3013
830779.BJ,20230517,20211231,,,54.0056,27.3662
688570.SH,20230517,20211231,,,,31.1016
301353.SZ,20230517,20211231,,,,19.3578
301323.SZ,20230517,20211231,,,,16.7535
688576.SH,20230518,20211231,,,,24.1923
001373.SZ,20230518,20211231,,,-1.9343,25.3667
688623.SH,20230519,20211231,,,,29.509
301320.SZ,20230519,20211231,,,,17.385
301383.SZ,20230519,20211231,,,,25.0229
301355.SZ,20230522,20211231,,,,13.091
836221.BJ,20230523,20211231,,,-17.7161,24.8754
688472.SH,20230523,20211231,,,,-4.3443
430547.BJ,20220429,20211231,,,,15.8683
873703.BJ,20231123,20211231,,,-33.7838,33.1446
301232.SZ,20230526,20211231,,,,11.59
301225.SZ,20230529,20211231,,,,28.3822
688334.SH,20230530,20211231,,,,5.0655
831934.BJ,20220421,20211231,,,,14.1637
833334.BJ,20220429,20211231,,,,14.7135
301262.SZ,20230531,20211231,,,,23.7451
873570.BJ,20220429,20211231,,,,23.9481
430073.BJ,20220421,20211231,,,,11.5111
000003.SZ,20220429,20211231,,,,-7.7162
688443.SH,20230601,20211231,,,,
301287.SZ,20230601,20211231,,,,26.6939
301376.SZ,20230601,20211231,,,,14.584
301315.SZ,20230601,20211231,,,,20.2545
873642.BJ,20220401,20211231,,,,8.5696
688543.SH,20230602,20211231,,,,16.5773
301397.SZ,20230602,20211231,,,,25.4045
872495.BJ,20220429,20211231,75.4333,186.9222,16.3049,28.5788
688620.SH,20230605,20211231,,,,9.2092
300804.SZ,20230605,20211231,,,,21.1222
301170.SZ,20230605,20211231,,,,9.3859
688629.SH,20230606,20211231,,,,7.3123
833455.BJ,20230606,20211231,,,16.7913,17.8221
837654.BJ,20220330,20211231,,,,4.6509
831288.BJ,20220401,20211231,,,,45.507
301295.SZ,20230606,20211231,,,0.1641,27.9191
301448.SZ,20230606,20211231,,,,21.8929
837654.BJ,20220330,20211231,,,,4.6509
688631.SH,20230607,20211231,,,,14.5969
832651.BJ,20230607,20211231,,,55.9755,19.6224
688429.SH,20230608,20211231,,,,10.3294
301395.SZ,20230608,20211231,,,,23.1415
301291.SZ,20230608,20211231,,,,25.4835
688582.SH,20230609,20211231,,,,15.3453
301210.SZ,20230609,20211231,,,8.3218,30.2217
833746.BJ,20220428,20211231,,,,43.3967
838194.BJ,20220423,20211231,,,,12.6288
301488.SZ,20230612,20211231,,,,43.8454
301292.SZ,20230612,20211231,,,,39.6733
301337.SZ,20230427,20211231,,,,23.4672
836717.BJ,20230614,20211231,,,47.1969,9.3965
301261.SZ,20230614,20211231,,,,19.03
301202.SZ,20230614,20211231,,,26.3467,16.6277
301486.SZ,20230615,20211231,,,,13.0638
688603.SH,20230616,20211231,,,,19.9842
301370.SZ,20230616,20211231,,,,11.2971
873718.BJ,20220614,20211231,,,7.8974,4.4404
872320.BJ,20220428,20211231,,,,8.4415
301456.SZ,20230619,20211231,,,,23.5853
301272.SZ,20230619,20211231,,,,20.4874
688638.SH,20230620,20211231,,,,33.1663
837592.BJ,20230620,20211231,,,52.0154,15.0591
301393.SZ,20230620,20211231,,,,34.3181
301329.SZ,20230620,20211231,,,,17.397
301382.SZ,20230421,20211231,,,,21.8687
873576.BJ,20230621,20211231,,,6.1113,15.089
301381.SZ,20230621,20211231,,,,29.428
873709.BJ,20220527,20211231,,,-3.6595,15.474
872709.BJ,20220430,20211231,,,,23.8405
871643.BJ,20220428,20211231,16.0539,97.0818,6.4597,20.0145
001380.SZ,20230421,20211231,,,,12.9317
831406.BJ,20220429,20211231,,,,17.8192
001324.SZ,20230427,20211231,,,,17.6905
836266.BJ,20220416,20211231,,,,14.5797
836521.BJ,20220430,20211231,,,,103.3395
872320.BJ,20220428,20211231,,,,8.4415
838693.BJ,20220429,20211231,,,,30.2612
873707.BJ,20220514,20211231,,,-8.6855,5.0215
834565.BJ,20220422,20211231,,,,5.8529
873549.BJ,20220423,20211231,4.4682,-32.5716,7.6919,8.0688
688610.SH,20230628,20211231,,,,25.7079
873693.BJ,20230928,20211231,,,0.83,10.8288
301503.SZ,20230628,20211231,,,,19.8058
873690.BJ,20231223,20211231,,,0.7573,9.1579
836249.BJ,20220420,20211231,,,,24.4467
870757.BJ,20220426,20211231,,,,27.0479
871263.BJ,20231215,20211231,,,,18.1178
836193.BJ,20220426,20211231,94.244,-30.2628,-76.9147,28.9728
873712.BJ,20220618,20211231,,,9.3623,15.1756
688627.SH,20230629,20211231,,,,12.9215
873726.BJ,20230928,20211231,,,-15.3667,46.5685
839583.BJ,20220428,20211231,,,33.3564,37.0527
301505.SZ,20230629,20211231,,,,18.1326
838701.BJ,20230629,20211231,,,9.3099,11.3757
872423.BJ,20220426,20211231,192.1522,6.7038,50.4102,15.0606
831255.BJ,20220416,20211231,,,45.9546,25.0453
688563.SH,20230630,20211231,,,,24.6507
832093.BJ,20220311,20211231,-70.9524,91.7836,,24.4247
833640.BJ,20220329,20211231,,,,8.8637
873636.BJ,20220428,20211231,17.9657,14.8443,44.8844,21.1658
301499.SZ,20230630,20211231,,,,10.8532
301468.SZ,20230630,20211231,,,69.7699,26.5523
833751.BJ,20230630,20211231,,,37.8273,12.9529
873652.BJ,20220429,20211231,4.9501,-84.7482,-0.5039,11.8677
838381.BJ,20220423,20211231,34.2054,-988.952,11.0203,-10.3022
834489.BJ,20220429,20211231,,,,5.5167
837934.BJ,20220421,20211231,,,,17.0559
837601.BJ,20220427,20211231,,,,17.5801
837326.BJ,20220429,20211231,,,,19.4684
871108.BJ,20220423,20211231,,,,
873706.BJ,20240227,20211231,,,,3.9277
832063.BJ,20220429,20211231,,,,11.9707
871037.BJ,20220427,20211231,,,,18.2207
833339.BJ,20220427,20211231,,,30.3668,13.4391
835287.BJ,20220430,20211231,29.6966,373.5521,78.1103,31.7254
831828.BJ,20220426,20211231,12.002,359.998,8.0975,11.1887
873833.BJ,20231027,20211231,,,,10.7215
870536.BJ,20220305,20211231,,,,
831718.BJ,20220430,20211231,,,,15.7252
872931.BJ,20240326,20211231,,,,16.9511
831860.BJ,20220429,20211231,,,,10.2402
832586.BJ,20220430,20211231,22.5454,-3.3721,-405.191,-28.7083
873696.BJ,20220510,20211231,,,23.8738,20.4607
870979.BJ,20220429,20211231,,,1.6551,23.9208
839335.BJ,20220430,20211231,,,,15.3733
834408.BJ,20220427,20211231,,,,20.6186
831978.BJ,20220426,20211231,,,,
837023.BJ,20220429,20211231,,,,8.7302
430755.BJ,20220427,20211231,,,7.1626,21.9409
873688.BJ,20220513,20211231,,,,
832586.BJ,20220430,20211231,22.5454,-3.3721,-405.191,-28.7083
688602.SH,20230703,20211231,,,,11.7938
301515.SZ,20230703,20211231,,,,14.3663
831860.BJ,20220429,20211231,,,,10.2402
873696.BJ,20220510,20211231,,,23.8738,20.4607
301172.SZ,20230704,20211231,-35.3133,-38.8188,71.8622,15.0195
688450.SH,20230705,20211231,,,,39.998
832982.BJ,20230706,20211231,,,28.1488,15.2926
301512.SZ,20230706,20211231,,,,24.901
688612.SH,20230707,20211231,,,,11.4807
688651.SH,20230707,20211231,,,,20.7167
301519.SZ,20230707,20211231,,,,14.1028
301446.SZ,20230707,20211231,,,,36.4447
688646.SH,20230711,20211231,,,,10.2328
603119.SH,20230711,20211231,,,,26.0546
301371.SZ,20230711,20211231,,,39.99,62.1413
301518.SZ,20230713,20211231,,,12.6202,23.1835
301509.SZ,20230714,20211231,,,,12.3339
301362.SZ,20230717,20211231,,,,18.5581
688347.SH,20230718,20211231,,,,6.6899
870726.BJ,20230719,20211231,,,-49.2985,19.9058
301348.SZ,20230719,20211231,,,,11.1741
603296.SH,20230720,20211231,,,,12.2907
301487.SZ,20230720,20211231,,,,6.3579
300904.SZ,20230721,20211231,-10.0425,-18.1514,-0.2707,30.3374
301372.SZ,20230721,20211231,,,,61.0942
688671.SH,20230721,20211231,,,,13.2608
301511.SZ,20230725,20211231,,,,36.3743
301510.SZ,20230725,20211231,,,,10.6849
301533.SZ,20230725,20211231,,,,19.6877
688592.SH,20230726,20211231,,,,4.8171
301418.SZ,20230726,20211231,,,,18.5841
834058.BJ,20230727,20211231,,,34.4688,102.1178
688548.SH,20230727,20211231,,,,6.5481
301498.SZ,20230727,20211231,,,,8.7184
837174.BJ,20230728,20211231,,,29.0579,9.0582
688573.SH,20230728,20211231,,,,20.8863
837748.BJ,20230729,20211231,,,86.241,15.1096
688693.SH,20230731,20211231,,,,21.6726
301469.SZ,20230731,20211231,,,,20.0529
301421.SZ,20230802,20211231,,,,18.2532
872953.BJ,20230803,20211231,,,33.532,39.9774
301528.SZ,20230804,20211231,,,,22.3531
603275.SH,20230804,20211231,,,,35.9909
300060.SZ,20220423,20211231,-67.2906,-1822.466,-12.8881,-34.1849
301097.SZ,20220426,20211231,,,28.1229,16.9826
601268.SH,20220423,20211231,-3.9409,112.7651,13.2962,1.5751
002070.SZ,20230428,20211231,,,,
600856.SH,20220430,20211231,21.8495,-999.4276,30.0243,
689009.SH,20220426,20211231,15.353,293.4191,-23.7233,6.4275
300038.SZ,20220429,20211231,-100.1783,84.7499,,-31.6198
600139.SH,20220430,20211231,-99.9322,78.4031,20475.6929,
833994.BJ,20220817,20211231,19.545,-52.2065,27.0952,6.8755
002260.SZ,20220430,20211231,-112.1392,-12013.4446,,-21.3532
000769.SZ,20220429,20211231,49.0306,-84.7014,30.7225,3.3201
832317.BJ,20220524,20211231,61.9069,124.4448,7.5455,7.9791
833874.BJ,20220810,20211231,-35.4004,-59.7115,56.4733,11.1874
600069.SH,20220430,20211231,16.8964,97.519,-3.4785,
600087.SH,20220329,20211231,24.703,284.8089,27.1087,4.8956
600260.SH,20220430,20211231,-155.6776,-1348.9667,,-294.9339
000687.SZ,20220428,20211231,-53.7199,38.9225,-8.9409,
300309.SZ,20220428,20211231,-93.613,-221.0518,340.0132,
300202.SZ,20220429,20211231,-65.3882,-12686.9487,93.4858,-11.6968
000606.SZ,20220430,20211231,-99.3432,50.0304,-4812.9379,-808.1581
832491.BJ,20220526,20211231,-11.8756,6.4825,29.3214,10.2298
300372.SZ,20221103,20211231,30.1635,14.4519,-257.2766,
000667.SZ,20220427,20211231,-19.3618,-982.0129,12.0445,-41.9252
600896.SH,20220430,20211231,-0.2274,-209.8737,-25.5601,-15.1398
300273.SZ,20220429,20211231,-89.2629,-2941.2544,721.0799,-24.4587
300356.SZ,20220428,20211231,-27.9703,-163.2719,18.7444,-24.8799
600695.SH,20220426,20211231,328.136,109.8175,45.4471,-4.7615
002711.SZ,20220901,20211231,-121.8995,2574.4076,,
002618.SZ,20220430,20211231,377.4031,92.774,7.0246,-24.504
000502.SZ,20220430,20211231,2374.7764,0.6082,38.3292,-12.8881
601258.SH,20220430,20211231,-9.3108,-43.2533,-0.9695,-3.4267
600311.SH,20220430,20211231,53.9222,55.2895,5.3789,-361.6055
002473.SZ,20220430,20211231,-31926.7322,143.3496,,-98.6369
600291.SH,20220430,20211231,101.9303,52.217,-73.2862,4.3773
600093.SH,20220427,20211231,86.2388,92.9759,,
000765.SZ,20220422,20211231,-22.2821,-19.5513,24.7616,6.3355
688591.SH,20230808,20211231,,,,9.0351
870976.BJ,20230810,20211231,21.4703,15.0393,25.7818,27.8532
301525.SZ,20230811,20211231,,,-0.2945,21.8255
301507.SZ,20230811,20211231,,,,12.7647
603270.SH,20230815,20211231,,,,16.9445
301251.SZ,20230816,20211231,,,,19.9645
873760.BJ,20220715,20211231,,,,2.5172
873760.BJ,20220715,20211231,,,,2.5172
688549.SH,20230818,20211231,,,,-0.626
301529.SZ,20230821,20211231,,,8.0548,19.8734
603075.SH,20230822,20211231,,,,24.722
301550.SZ,20230824,20211231,,,,24.049
873806.BJ,20231229,20211231,,,,12.2913
688702.SH,20230825,20211231,,,,-13.0961
873806.BJ,20231229,20211231,,,,12.2913
301548.SZ,20230830,20211231,,,,19.2883
301500.SZ,20230831,20211231,,,,24.7276
688716.SH,20230901,20211231,,,,17.387
873777.BJ,20220716,20211231,,,,63.5731
873777.BJ,20220716,20211231,,,,63.5731
836419.BJ,20230902,20211231,,,58.8893,2.9989
832469.BJ,20230905,20211231,,,74.3195,13.6104
301520.SZ,20230905,20211231,,,,37.7873
873762.BJ,20220728,20211231,,,,13.3869
873575.BJ,20220322,20211231,,,52.9576,6.5963
603276.SH,20230906,20211231,,,,13.7462
873575.BJ,20220322,20211231,,,52.9576,6.5963
831978.BJ,20220426,20211231,,,,5.1136
688719.SH,20230908,20211231,,,,17.9713
832175.BJ,20230613,20211231,,,21.5593,14.1633
301558.SZ,20230911,20211231,,,,39.6476
873848.BJ,20220701,20211231,,,,7.0314
833339.BJ,20220427,20211231,,,30.3668,13.4391
873665.BJ,20230912,20211231,,,27.396,10.1027
873679.BJ,20231026,20211231,,,,15.8699
688657.SH,20230913,20211231,,,,35.4801
301559.SZ,20230914,20211231,,,,16.2437
301517.SZ,20230918,20211231,,,,10.98
603193.SH,20230919,20211231,,,,28.7457
832978.BJ,20230919,20211231,,,10.5384,13.0367
834489.BJ,20220429,20211231,,,,5.5167
603361.SH,20230921,20211231,,,,24.8821
873652.BJ,20220429,20211231,4.9501,-84.7482,-0.5039,11.8677
873876.BJ,20220716,20211231,,,,34.5382
873689.BJ,20220608,20211231,,,,6.6805
832786.BJ,20230923,20211231,,,41.1163,11.6329
301489.SZ,20230925,20211231,,,39.1974,16.3887
603273.SH,20230926,20211231,,,,31.5349
873778.BJ,20220722,20211231,,,,72.4309
873825.BJ,20220629,20211231,,,,19.2232
873788.BJ,20220722,20211231,,,18.625,16.732
831490.BJ,20220430,20211231,,,,24.3431
873825.BJ,20220629,20211231,,,,19.2232
839010.BJ,20220430,20211231,,,,9.4782
831490.BJ,20220430,20211231,,,,24.3431
873693.BJ,20230928,20211231,,,0.83,10.8288
833453.BJ,20220429,20211231,,,34.9049,37.4404
873732.BJ,20220722,20211231,,,,11.9099
838849.BJ,20220427,20211231,,,,-4.661
832861.BJ,20220326,20211231,,,,11.9786
873234.BJ,20220624,20211231,,,3.2188,10.3442
831627.BJ,20230829,20211231,,,17.481,17.8262
831718.BJ,20220430,20211231,,,,15.7252
832093.BJ,20220311,20211231,-70.9524,91.7836,,24.4247
836504.BJ,20230804,20211231,,,86.7164,25.4702
837403.BJ,20220428,20211231,,,,16.2779
838381.BJ,20220423,20211231,34.2054,-988.952,11.0203,-10.3022
870536.BJ,20220305,20211231,,,,10.4294
870656.BJ,20220421,20211231,,,,63.8035
870979.BJ,20220429,20211231,,,1.6551,23.9208
871108.BJ,20220423,20211231,,,,16.4311
873688.BJ,20220513,20211231,,,,13.7326
873749.BJ,20220705,20211231,,,,13.8804
001378.SZ,20231011,20211231,,,17.9649,35.3135
838849.BJ,20220427,20211231,,,,-4.661
873789.BJ,20220726,20211231,,,9.5771,20.4469
301555.SZ,20231012,20211231,,,,12.4511
603107.SH,20231013,20211231,,,,11.5814
839335.BJ,20220430,20211231,,,,15.3733
001376.SZ,20231017,20211231,76.0079,-38.4767,35.3559,9.5809
603062.SH,20231019,20211231,,,,84.3782
839493.BJ,20231019,20211231,109.0467,-159.6438,8.9815,-65.972
001326.SZ,20231020,20211231,,,,47.1073
833030.BJ,20231024,20211231,-14.3198,-17.2127,20.601,13.1909
688648.SH,20231025,20211231,,,,7.8441
836961.BJ,20231209,20211231,,,,19.0426
001306.SZ,20231027,20211231,,,,23.1261
688653.SH,20231031,20211231,,,,1.0569
873918.BJ,20220901,20211231,,,37.8425,10.9715
873393.BJ,20220309,20211231,,,,21.516
873393.BJ,20220309,20211231,,,,21.516
839418.BJ,20220430,20211231,,,,35.6658
873843.BJ,20230105,20211231,,,,12.2222
873843.BJ,20230105,20211231,,,,12.2222
301568.SZ,20231109,20211231,,,,42.1666
688652.SH,20231110,20211231,,,,15.5803
301508.SZ,20231110,20211231,,,,11.4599
874058.BJ,20230201,20211231,,,,11.9568
873570.BJ,20231114,20211231,,,,23.9481
873739.BJ,20220610,20211231,,,,7.2837
301516.SZ,20231115,20211231,,,,12.834
601083.SH,20231116,20211231,,,,30.9475
688720.SH,20231117,20211231,,,,8.9153
835579.BJ,20231121,20211231,,,-8.6839,18.6623
001239.SZ,20231122,20211231,,,,23.3192
873731.BJ,20220616,20211231,,,,19.6224
603231.SH,20231124,20211231,,,,18.762
837403.BJ,20240105,20211231,,,,16.2779
301459.SZ,20231124,20211231,,,,29.3067
873811.BJ,20220730,20211231,,,63.7732,0.6549
873789.BJ,20220726,20211231,,,9.5771,20.4469
836547.BJ,20231129,20211231,44.0727,-6.9971,18.2819,32.7441
301413.SZ,20231129,20211231,,,,11.4753
603373.SH,20231201,20211231,,,,8.6511
001358.SZ,20231201,20211231,,,,36.3521
873743.BJ,20221001,20211231,,,23.0214,19.2071
601096.SH,20231205,20211231,,,,6.2738
831175.BJ,20231205,20211231,,,36.5328,9.9231
832861.BJ,20220326,20211231,,,,11.9786
873234.BJ,20241017,20211231,,,3.2188,10.3442
833284.BJ,20231207,20211231,33.7235,-72.0472,-18.5058,12.7164
301526.SZ,20231207,20211231,,,,22.5619
603004.SH,20231208,20211231,,,,13.9491
839036.BJ,20220317,20211231,,,,21.9921
873827.BJ,20220730,20211231,,,,13.3483
873827.BJ,20220730,20211231,,,,13.3483
301578.SZ,20231211,20211231,,,,36.1332
301566.SZ,20231212,20211231,,,,21.1784
873879.BJ,20221229,20211231,,,,9.1301
873703.BJ,20231123,20211231,,,-33.7838,33.1446
688717.SH,20231214,20211231,,,,55.3138
873931.BJ,20230218,20211231,,,,16.7731
874016.BJ,20230218,20211231,,,,76.6919
874021.BJ,20241026,20211231,,,,14.949
873914.BJ,20221026,20211231,,,,21.674
873908.BJ,20221223,20211231,,,,6.3603
603325.SH,20231221,20211231,,,,42.7733
603312.SH,20231222,20211231,,,,40.2383
870840.BJ,20220326,20211231,2.0274,8.1488,13.9508,20.4953
001387.SZ,20231222,20211231,,,,23.9605
873864.BJ,20221020,20211231,,,37.524,26.3958
873805.BJ,20220729,20211231,,,15.9199,12.5058
873809.BJ,20220730,20211231,,,,18.3751
873783.BJ,20220721,20211231,,,,10.3017
873902.BJ,20220730,20211231,,,,22.1385
838547.BJ,20220429,20211231,,,,7.0043
839515.BJ,20220416,20211231,,,,
873766.BJ,20220712,20211231,,,,16.8806
001379.SZ,20231228,20211231,,,,22.4697
601033.SH,20231229,20211231,,,,11.0854
874232.BJ,20231114,20211231,,,,11.92
873902.BJ,20220730,20211231,,,,22.1385
874007.BJ,20221119,20211231,,,,6.9875
873384.BJ,20220720,20211231,,,2.2462,15.7676
839962.BJ,20220430,20211231,,,44.3502,32.5398
873735.BJ,20220625,20211231,,,47.1173,
873919.BJ,20220915,20211231,,,,
873989.BJ,20221101,20211231,,,,8.2333
873324.BJ,20221108,20211231,,,-17.5206,170.7241
873873.BJ,20220716,20211231,,,,64.2316
873738.BJ,20220611,20211231,,,,15.9264
873669.BJ,20220428,20211231,,,,22.4611
873885.BJ,20220730,20211231,,,14.6603,16.2376
872325.BJ,20220429,20211231,-65.3788,-49.1671,244.5403,45.5171
831075.BJ,20220428,20211231,-342.8695,77.346,,11.9379
837758.BJ,20220422,20211231,195.672,135.0734,113.3494,23.1499
874289.BJ,20230929,20211231,,,,22.6566
834549.BJ,20220331,20211231,,,,1.9013
835203.BJ,20220324,20211231,,,57.4023,38.3408
874056.BJ,20230131,20211231,,,64.556,13.3509
874018.BJ,20221231,20211231,,,,14.5908
873669.BJ,20220428,20211231,,,,22.4611
833070.BJ,20220428,20211231,,,,45.2291
872325.BJ,20220429,20211231,-65.3788,-49.1671,244.5403,45.5171
873860.BJ,20220830,20211231,,,,10.9845
838897.BJ,20220423,20211231,,,,17.8214
873664.BJ,20220611,20211231,,,,17.7696
873444.BJ,20220726,20211231,,,,6.4152
874327.BJ,20231201,20211231,,,,7.1972
873862.BJ,20230218,20211231,,,,
834549.BJ,20220331,20211231,,,,1.9013
838897.BJ,20220423,20211231,,,,17.8214
301567.SZ,20240103,20211231,,,,21.6399
603375.SH,20240105,20211231,,,,25.9674
873848.BJ,20220701,20211231,,,,7.0314
874063.BJ,20230518,20211231,,,,24.3063
603082.SH,20240111,20211231,,,,27.2715
301577.SZ,20240111,20211231,,,,21.8779
831396.BJ,20240116,20211231,,,23.4323,9.9224
301502.SZ,20240116,20211231,,,,19.5585
688709.SH,20240119,20211231,,,38.7801,23.9977
688584.SH,20240122,20211231,,,,10.0748
870656.BJ,20240123,20211231,,,,63.8035
301589.SZ,20240123,20211231,,,,18.4297
603341.SH,20240131,20211231,,,,16.4922
301591.SZ,20240131,20211231,,,,16.1168
873919.BJ,20220915,20211231,,,,31.6502
839515.BJ,20220416,20211231,,,,13.204
873862.BJ,20230218,20211231,,,,
688695.SH,20240223,20211231,,,,22.1265
301588.SZ,20240223,20211231,,,-34.8477,31.1418
301538.SZ,20240301,20211231,,,,27.6462
603344.SH,20240301,20211231,,,,35.7862
831204.BJ,20230303,20211231,,,,22.2731
001359.SZ,20240307,20211231,,,,19.188
301536.SZ,20240308,20211231,,,,61.1921
835438.BJ,20240312,20211231,,,,9.8218
001389.SZ,20240314,20211231,,,,7.9624
301587.SZ,20240315,20211231,,,,16.8583
873976.BJ,20221224,20211231,,,-15.7115,11.5851
301318.SZ,20220719,20211231,-36.4183,-21.2564,54.0139,29.729
301302.SZ,20220602,20211231,19.8788,13.7406,53.0384,11.8478
688292.SH,20220727,20211231,,,56.6381,15.0973
000750.SZ,20220318,20211231,47.0152,92.1854,938.6901,4.2574
301259.SZ,20220406,20211231,,,11.2062,19.2104
688778.SH,20220331,20211231,87.8412,65.5174,-5.7862,18.6946
002319.SZ,20220331,20211231,112.7109,-449.2874,5.5914,-31.7919
002306.SZ,20220318,20211231,-76.0755,-12.4936,18.4441,-0.2144
000702.SZ,20220408,20211231,6.6131,-110.3684,19.8557,-45.5715
601000.SH,20220408,20211231,-7.2764,-30.4267,20.2814,8.9942
688439.SH,20220809,20211231,,,-17.4501,41.5961
301219.SZ,20220421,20211231,159.3599,301.1661,8.3002,41.4982
002059.SZ,20220330,20211231,-61.8313,-263.9262,-153.4016,-13.5585
301125.SZ,20220517,20211231,,,18.0307,19.0953
300059.SZ,20220319,20211231,44.0253,67.9878,252.358,21.867
831278.BJ,20220601,20211231,9.8315,31.0972,20.3191,12.39
301357.SZ,20230328,20211231,,,,40.8078
688586.SH,20220315,20211231,-12.7286,-7.4896,75.1386,9.9876
601318.SH,20220318,20211231,-8.4416,-50.1223,14.6424,12.9185
000528.SZ,20220331,20211231,-1.4842,-76.1226,4.9195,5.7899
000898.SZ,20220331,20211231,-5.3646,-186.3706,9.6812,12.2816
002821.SZ,20220331,20211231,60.834,73.4505,-13.5378,10.0534
301290.SZ,20221110,20211231,,,55.4506,10.0212
688271.SH,20220729,20211231,,,45.3859,26.9915
600301.SH,20220413,20211231,-263.1342,327.4514,,3.4778
605090.SH,20220413,20211231,135.8244,-92.0062,1.4774,15.4853
603261.SH,20220428,20211231,,,113.6068,13.6177
002245.SZ,20220322,20211231,34.5186,61.5008,19.1045,18.9282
603893.SH,20220322,20211231,3.7077,47.7422,-0.2835,17.4334
002597.SZ,20220322,20211231,91.3889,150.0635,17.1417,18.444
002237.SZ,20220322,20211231,23.9652,-28.9665,-3.2936,7.7919
688385.SH,20220321,20211231,49.7678,370.6667,29.9176,17.5211
601328.SH,20220326,20211231,14.1664,-9.1581,145.8413,9.5007
301160.SZ,20220513,20211231,26.8624,-0.9305,-0.9973,20.3536
601107.SH,20220331,20211231,28.8619,127.4721,9.1213,5.8002
830964.BJ,20220331,20211231,8.8686,-5.8718,0.3615,6.8496
838275.BJ,20220331,20211231,8.9281,-36.837,63.5663,15.1696
835640.BJ,20220331,20211231,0.9013,37.415,39.6915,13.3527
301379.SZ,20220929,20211231,,,8.5281,23.1792
836270.BJ,20220816,20211231,11.3477,108.5585,40.3288,23.5857
301112.SZ,20220602,20211231,,,9.0,15.7248
301378.SZ,20230301,20211231,,,,28.9346
301398.SZ,20221128,20211231,,,93.5976,14.3379
831087.BJ,20221123,20211231,0.406,-4.6627,33.4438,13.7316
603328.SH,20220413,20211231,-6.9906,19.7696,8.4524,4.3771
002033.SZ,20220308,20211231,-56.6872,-321.6908,-41.2151,-1.3205
839790.BJ,20220819,20211231,5.039,27.0614,30.043,12.2983
600995.SH,20220322,20211231,27.2862,2.1369,8.5892,3.7346
300787.SZ,20220322,20211231,44.3424,829.166,30.8298,13.4147
002765.SZ,20220322,20211231,18.0534,235.3064,-7.6942,6.4365
001367.SZ,20230320,20211231,,,,28.1345
603719.SH,20220322,20211231,16.5312,-142.1743,0.679,9.7397
002978.SZ,20220322,20211231,15.9084,37.2915,56.5223,31.6301
300821.SZ,20220322,20211231,100.2569,121.9987,8.54,25.0197
301360.SZ,20230331,20211231,,,,35.547
301266.SZ,20220518,20211231,,,7.1311,11.5639
301310.SZ,20230516,20211231,,,,23.3013
301382.SZ,20230421,20211231,,,,21.8687
688153.SH,20220322,20211231,,,-2.8916,1.7707
000868.SZ,20220322,20211231,-58.7353,-4.6029,20.8084,-79.0267
002648.SZ,20220322,20211231,165.0995,130.7068,31.0928,35.4739
301281.SZ,20230317,20211231,,,10.2656,20.6556
601818.SH,20220326,20211231,0.8042,1.2162,180.1963,9.2049
600380.SH,20220331,20211231,16.1314,65.7387,23.7257,10.691
300026.SZ,20220331,20211231,22.7288,295.1983,0.4381,9.0627
000791.SZ,20220331,20211231,-5.8214,-20.8898,81.4334,3.7542
301305.SZ,20230428,20211231,,,,14.1537
301296.SZ,20220815,20211231,61.4482,8.3895,15.2862,13.8267
833943.BJ,20220609,20211231,27.4682,2156.92,20.6592,8.9152
688381.SH,20220803,20211231,,,29.3248,35.9386
301121.SZ,20220715,20211231,,,11.7679,16.8155
601121.SH,20230217,20211231,,,,15.3226
000862.SZ,20220322,20211231,43.0954,-1233.1488,327.1996,3.2752
600596.SH,20220322,20211231,82.9784,172.0553,23.9986,34.61
000524.SZ,20220322,20211231,-31.96,67.9149,-8.432,-8.071
002139.SZ,20220322,20211231,9.4268,-100.3009,-2.2937,10.1752
000807.SZ,20220322,20211231,-1.3781,-73.7491,17.0424,22.0795
300131.SZ,20220322,20211231,7.1547,52.8575,16.2536,5.201
301408.SZ,20230210,20211231,,,-4.5938,8.1588
301095.SZ,20220718,20211231,,,10.5943,15.5898
301336.SZ,20220729,20211231,,,34.5645,14.2548
301419.SZ,20230116,20211231,,,20.0124,23.8875
688351.SH,20220811,20211231,,,8.8681,-5.072
832802.BJ,20230112,20211231,,,26.4782,11.7124
600838.SH,20220331,20211231,-37.9659,42.9877,93.3096,5.2026
301131.SZ,20220428,20211231,,,-8.8744,13.3756
002455.SZ,20220228,20211231,52.0002,211.6501,27.1597,13.1371
600821.SH,20220228,20211231,61.276,159.5543,101.2576,9.0458
001308.SZ,20220228,20211231,,,2.8109,36.4303
688150.SH,20220428,20211231,,,77.6992,12.5688
301246.SZ,20230227,20211231,,,,33.9167
300733.SZ,20220413,20211231,32.7083,-2902.2727,31.5749,1.2935
834639.BJ,20220624,20211231,-3.3568,138.8018,32.6982,9.8137
000063.SZ,20220309,20211231,12.3539,-37.9704,14.8302,6.976
838670.BJ,20220618,20211231,71.6765,118.7001,41.9838,48.2429
301122.SZ,20220311,20211231,57.3954,112.5813,50.2581,28.1859
301306.SZ,20220706,20211231,,,53.1328,18.7618
301265.SZ,20221128,20211231,,,32.4655,16.585
601886.SH,20220322,20211231,8.0493,-376.993,39.6622,-14.9097
000877.SZ,20220322,20211231,4.0992,-26.1252,25.0045,11.4304
002155.SZ,20220322,20211231,51.2613,309.9882,5.4178,6.6297
603122.SH,20220322,20211231,-11.7073,-7.0902,24.0219,10.017
301345.SZ,20230227,20211231,,,,36.1881
301197.SZ,20220719,20211231,,,64.5092,14.1267
301353.SZ,20230517,20211231,,,,19.3578
301307.SZ,20230331,20211231,,,,6.1417
301270.SZ,20220809,20211231,,,62.2727,13.7721
600800.SH,20220409,20211231,24.8616,-52.6678,37.1763,5.5948
600125.SH,20220409,20211231,314.8206,-63.9377,3.8656,5.0439
601375.SH,20220326,20211231,5.8354,-6.2309,-14.9361,3.6255
603069.SH,20220331,20211231,-24.502,-260.1519,7.4855,-9.1027
601333.SH,20220331,20211231,9.5407,-228.4354,13.3222,-3.8159
600748.SH,20220331,20211231,344.2203,-257.8585,7.8428,-7.3078
300259.SZ,20220331,20211231,-11.7543,-10.4475,54.8227,9.8883
600219.SH,20220331,20211231,24.5761,40.2923,19.768,8.0172
301309.SZ,20220829,20211231,,,36.352,29.0939
301278.SZ,20220722,20211231,,,28.3602,17.3472
301231.SZ,20220819,20211231,-0.3628,-9.5036,68.4539,8.8732
688130.SH,20220712,20211231,,,-2.2707,27.6625
301115.SZ,20220811,20211231,,,31.0827,21.9482
001380.SZ,20230421,20211231,,,,12.9317
688398.SH,20220413,20211231,16.0502,-13.9095,12.849,11.3559
603045.SH,20220322,20211231,-15.4094,-3.8714,20.3293,6.177
300517.SZ,20220322,20211231,-33.0165,6.4061,8.0686,10.5477
300374.SZ,20220325,20211231,-55.1219,-303.8383,24.6034,-27.5066
301267.SZ,20221014,20211231,9.4627,9.6368,33.1395,29.28
301203.SZ,20230316,20211231,,,,29.0972
301386.SZ,20230309,20211231,,,,16.5059
301319.SZ,20220907,20211231,,,-1.0818,22.7226
002404.SZ,20220331,20211231,55.5634,8.3243,7.7111,6.1577
301156.SZ,20220606,20211231,,,37.9935,22.2432
002422.SZ,20220411,20211231,-4.3635,-22.4629,17.1182,7.586
300342.SZ,20220411,20211231,3.7069,-51.5941,24.3209,6.0951
002254.SZ,20220411,20211231,48.4038,199.3498,20.1491,22.9292
688305.SH,20220411,20211231,18.7554,19.3917,13.886,3.868
600916.SH,20220411,20211231,32.2892,38.197,-2.0033,12.8994
301337.SZ,20230427,20211231,,,,23.4672
301335.SZ,20221031,20211231,,,20.2,13.4605
301338.SZ,20220727,20211231,,,-7.2941,24.9208
688172.SH,20221130,20211231,,,48.1892,5.0766
831167.BJ,20220507,20211231,2.731,-53.5419,13.8231,16.2604
836395.BJ,20220812,20211231,-18.987,49.0929,1.7578,54.6376
301439.SZ,20230228,20211231,,,25.2054,21.7862
000409.SZ,20220325,20211231,36.6209,-92.7019,0.7065,1.8449
301358.SZ,20230113,20211231,,,-12.0387,56.2457
301183.SZ,20220511,20211231,-21.2137,-29.9241,51.0163,15.8249
002690.SZ,20220331,20211231,-2.0644,-26.1236,51.9691,20.1009
601118.SH,20220411,20211231,-13.0872,33.6186,18.3458,-2.4026
688382.SH,20220706,20211231,,,,-42.7961
688327.SH,20220429,20211231,,,26.416,-53.8675
688004.SH,20220412,20211231,-14.137,7.5682,91.8525,6.1668
000096.SZ,20220412,20211231,56.4049,-435.402,-1.4202,1.0926
000969.SZ,20220326,20211231,8.2779,-51.2682,37.5374,2.4499
600377.SH,20220328,20211231,128.8785,-31.3546,21.5354,12.59
301359.SZ,20221018,20211231,,,29.1172,14.4263
301293.SZ,20230413,20211231,,,,6.8176
301195.SZ,20220712,20211231,,,34.5884,32.2003
301252.SZ,20230511,20211231,,,,19.0731
301220.SZ,20220601,20211231,,,5.1392,12.734
600744.SH,20220414,20211231,9.8042,-3456.732,-33.7489,-128.9727
301152.SZ,20220808,20211231,42.1771,111.8182,-12.1873,13.9562
688416.SH,20220810,20211231,,,18.7769,40.4703
301232.SZ,20230526,20211231,,,,11.59
600421.SH,20220331,20211231,-30.8882,-131.8396,24.9292,-28.4174
600313.SH,20220331,20211231,-30.4994,26.8661,35.427,0.8027
300575.SZ,20220331,20211231,56.5683,91.9571,7.9675,12.9031
301233.SZ,20220609,20211231,4.3024,15.7738,25.8466,16.5349
601128.SH,20220331,20211231,26.7748,29.1967,245.3879,11.5876
600007.SH,20220331,20211231,6.846,16.4912,30.8099,12.1936
300674.SZ,20220331,20211231,23.0456,-23.9796,47.4945,14.2583
301205.SZ,20220829,20211231,,,20.2901,17.9153
000759.SZ,20220326,20211231,3.1385,109.2828,-4.0519,-3.3101
301277.SZ,20221028,20211231,,,7.1241,31.6257
600115.SH,20220331,20211231,-10.4841,-48.4249,-48.7898,-25.6994
000009.SZ,20220331,20211231,47.34,2.03,-3.6304,5.1928
301269.SZ,20220711,20211231,,,15.9026,5.7499
301176.SZ,20220908,20211231,,,5.7346,25.1183
301161.SZ,20220825,20211231,,,2.3873,16.0898
837821.BJ,20220621,20211231,61.4865,-17.3601,15.0947,10.858
001225.SZ,20230206,20211231,,,,30.8274
835985.BJ,20220722,20211231,62.8729,680.3927,-8.5216,19.5899
002423.SZ,20220414,20211231,-97.6792,202.7007,-1439.4781,7.7196
839725.BJ,20220625,20211231,,,30.322,28.2235
301327.SZ,20220829,20211231,,,20.1624,73.0491
600909.SH,20220331,20211231,50.8184,71.5298,152.0798,7.9567
001872.SZ,20220331,20211231,11.0273,-68.258,44.9242,6.1251
601288.SH,20220331,20211231,9.5801,7.6774,49.7429,10.4407
301276.SZ,20220822,20211231,,,33.4291,27.2877
301314.SZ,20230315,20211231,,,,39.6144
002960.SZ,20220331,20211231,52.203,45.2267,40.6544,15.4864
300771.SZ,20220331,20211231,81.8329,133.6407,11.8295,8.9264
300378.SZ,20220331,20211231,28.0254,8.3713,34.8831,5.7289
600875.SH,20220331,20211231,42.0178,-18.6186,17.8757,5.561
000715.SZ,20220331,20211231,-10.1176,-35.8157,1.6316,7.2535
002106.SZ,20220331,20211231,-4.2839,-29.5553,1.9849,9.9844
301283.SZ,20220816,20211231,,,3.7919,15.0982
605336.SH,20220414,20211231,18.7307,-9.8464,18.7869,12.5581
301368.SZ,20221125,20211231,,,35.0858,19.8141
603813.SH,20220318,20211231,20.6961,109.8489,51.5763,6.0807
601728.SH,20220318,20211231,8.5789,22.1394,17.0784,6.3232
301320.SZ,20230519,20211231,,,,17.385
300086.SZ,20220407,20211231,-13.5668,629.9264,18.45,-2.7195
301331.SZ,20220902,20211231,2.3552,-4.3138,12.6023,13.7619
301230.SZ,20220930,20211231,86.0927,321.3189,32.9853,22.9648
301323.SZ,20230517,20211231,,,,16.7535
301255.SZ,20221208,20211231,,,30.7152,24.3509
000166.SZ,20220331,20211231,18.7459,60.7727,-38.3111,9.992
300732.SZ,20220331,20211231,-7.565,-7.7043,21.3536,10.268
002030.SZ,20220331,20211231,13.7856,19.9339,55.7848,60.8799
301020.SZ,20220331,20211231,-36.0153,-75.3866,2.1228,14.4609
301399.SZ,20230428,20211231,,,,36.2669
688187.SH,20220330,20211231,7.1617,-16.6526,73.6235,5.4011
002534.SZ,20220331,20211231,39.769,-34.2461,22.3271,9.6424
831834.BJ,20220804,20211231,7.3537,-4.0488,27.1003,26.682
300496.SZ,20220304,20211231,73.0292,29.9951,22.3815,12.0972
603127.SH,20220331,20211231,48.4897,80.4838,33.6742,12.6827
301008.SZ,20220331,20211231,18.9957,-44.986,21.7982,8.6922
002967.SZ,20220331,20211231,5.8962,-11.0203,45.3259,5.4398
301011.SZ,20220331,20211231,25.3222,-71.7988,21.0349,8.7853
001236.SZ,20220628,20211231,,,25.5045,4.7115
301223.SZ,20220923,20211231,10.8963,87.0335,7.3789,16.9041
603206.SH,20220412,20211231,,,27.8055,24.4017
001228.SZ,20220412,20211231,,,20.0377,25.3897
688403.SH,20220729,20211231,,,53.4217,7.4077
300900.SZ,20220319,20211231,-76.4977,-102.577,177.6209,1.0858
601688.SH,20220331,20211231,54.715,15.8314,-491.5653,9.5077
600135.SH,20220331,20211231,-23.3415,-90.5976,60.3877,0.5645
836957.BJ,20221130,20211231,-14.6274,-44.794,3.6897,11.4598
600557.SH,20220304,20211231,39.9871,51.1474,21.1214,7.1254
688041.SH,20220726,20211231,,,61.697,5.1872
300114.SZ,20220331,20211231,-7.5269,-4.6104,29.0989,14.331
300678.SZ,20220331,20211231,5.5915,-17.575,22.3757,3.9003
000069.SZ,20220331,20211231,9.5954,-94.8936,33.6368,2.8785
688293.SH,20220816,20211231,,,66.8011,9.3793
688373.SH,20220719,20211231,,,-2506.3509,-49.9297
688035.SH,20220830,20211231,,,16.0263,12.7667
601636.SH,20220408,20211231,23.2393,-4.7887,29.7906,36.42
688707.SH,20220408,20211231,459.3893,509.246,11.9893,19.1583
000407.SZ,20220319,20211231,-22.0296,-609.2434,20.7058,3.9665
300659.SZ,20220331,20211231,5.9811,-49.3266,31.9978,5.9692
000725.SZ,20220331,20211231,37.8339,127.1874,31.2667,19.4327
300009.SZ,20220331,20211231,13.1822,-471.8476,30.6718,5.6143
002490.SZ,20220331,20211231,0.1387,-194.3414,50.6809,-23.1444
300416.SZ,20220331,20211231,20.7286,26.4308,39.0907,12.3283
601218.SH,20220408,20211231,-21.9298,20.7761,30.5824,6.8125
002290.SZ,20220408,20211231,6.3912,-56.3362,3.3001,15.3882
600416.SH,20220408,20211231,9.1707,122.8467,-17.7046,0.4516
002532.SZ,20220408,20211231,-15.1274,-12.4182,26.4805,18.2149
603013.SH,20220322,20211231,-18.6027,-63.2745,5.8563,12.0401
873169.BJ,20220427,20211231,7.9058,1.0725,13.8742,27.8108
002533.SZ,20220331,20211231,35.1973,-6.0852,19.0441,8.7552
300829.SZ,20220331,20211231,38.7127,31.1571,3.4646,8.1156
300620.SZ,20220331,20211231,24.3033,115.2669,32.9891,7.4194
000338.SZ,20220331,20211231,-25.6203,-36.1992,29.609,13.621
002847.SZ,20220331,20211231,24.6526,37.9046,17.3442,10.5551
300996.SZ,20220331,20211231,31.7412,48.054,62.3169,18.9718
301016.SZ,20220331,20211231,-10.4854,-35.7344,213.1735,18.8877
001289.SZ,20220331,20211231,30.0804,35.179,62.6859,10.088
002961.SZ,20220331,20211231,-17.6527,14.0901,94.7117,22.4532
000402.SZ,20220331,20211231,90.5573,-66.7376,10.942,1.2103
002256.SZ,20220331,20211231,-35.2963,-242.8136,-30.2717,-15.4041
300970.SZ,20220409,20211231,16.8431,-36.076,41.0763,0.344
600971.SH,20220415,20211231,15.9499,58.7081,43.8899,14.3954
601166.SH,20220325,20211231,11.3623,26.3779,-529.8239,12.65
688320.SH,20220411,20211231,,,4.1494,17.2231
301289.SZ,20220609,20211231,,,65.2476,19.8757
002008.SZ,20220331,20211231,42.7621,1295.0196,23.5,16.0904
300516.SZ,20220331,20211231,-50.043,-29.5441,123.4858,6.3095
000521.SZ,20220331,20211231,2.1492,-127.2743,8.3938,-2.8936
301200.SZ,20220331,20211231,112.5694,402.0622,-2.027,32.1022
000002.SZ,20220331,20211231,2.0785,-73.0508,1.5959,9.7214
002460.SZ,20220331,20211231,151.8947,296.9619,41.1945,17.8351
002660.SZ,20220331,20211231,17.6116,146.4854,23.8794,7.1854
301059.SZ,20220331,20211231,-0.5383,-44.469,11.7843,11.8723
000885.SZ,20220331,20211231,16.0584,-34.9077,16.8437,17.743
300480.SZ,20220331,20211231,33.5832,118.7195,10.3565,6.3889
603444.SH,20220408,20211231,63.6766,4.4792,60.5844,29.2439
688249.SH,20230412,20211231,,,,18.7252
301448.SZ,20230606,20211231,,,,21.8929
605028.SH,20220312,20211231,28.9774,-15.9408,83.6305,23.3036
831152.BJ,20220818,20211231,27.5939,-20.2144,30.106,11.6385
301236.SZ,20220426,20211231,22.7228,-39.6926,17.1271,18.886
301299.SZ,20220926,20211231,,,66.4152,21.7158
301216.SZ,20220429,20211231,-0.3307,582.7457,-14.7341,23.8039
601231.SH,20220329,20211231,3.0973,-0.4475,3.949,13.4896
601666.SH,20220329,20211231,82.1648,236.3515,12.9288,18.0175
000049.SZ,20220330,20211231,3.2839,0.3314,7.2571,24.1617
600114.SH,20220423,20211231,-12.6982,-250.371,17.7697,-1.5057
600623.SH,20220329,20211231,-2.9274,24.68,38.508,13.1007
600784.SH,20220330,20211231,43.7402,330.8574,18.3869,7.0175
603132.SH,20220127,20211231,,,56.6658,22.8897
301300.SZ,20220727,20211231,,,24.7245,28.6431
301387.SZ,20230328,20211231,,,,29.6473
301280.SZ,20221202,20211231,,,7.5053,28.7026
301139.SZ,20220620,20211231,,,34.7833,16.2161
000031.SZ,20220412,20211231,-0.7532,12.0353,0.2943,0.2214
002920.SZ,20220415,20211231,30.6089,70.9344,21.8196,16.4582
002044.SZ,20220416,20211231,-2.7571,-71.5897,47.861,0.9084
601668.SH,20220416,20211231,2.8476,-1.5269,10.4132,15.362
000727.SZ,20220416,20211231,-6.0378,-94.3174,9.7268,8.0854
300466.SZ,20220416,20211231,-15.8569,-101.1619,27.9736,-1.7172
601216.SH,20220420,20211231,44.2213,-52.157,43.4191,19.7065
601068.SH,20220329,20211231,11.1438,46.8914,15.1797,-12.5642
601330.SH,20220330,20211231,395.0241,11.3614,6.922,11.4203
301355.SZ,20230522,20211231,,,,13.091
301191.SZ,20220513,20211231,,,7.9057,38.1604
000591.SZ,20220415,20211231,17.8974,-114.3042,31.6639,7.3478
600500.SH,20220416,20211231,36.2197,-251.7994,15.2827,4.4795
301339.SZ,20220823,20211231,,,203.0034,13.8254
000513.SZ,20220329,20211231,3.8427,10.0865,22.1548,12.9588
688005.SH,20220330,20211231,176.6152,263.8139,-5.9337,16.3076
300508.SZ,20220330,20211231,54.8407,-90.1037,18.1745,8.2777
600039.SH,20220330,20211231,22.2328,64.8276,-3.1751,21.9984
301308.SZ,20220715,20211231,,,1.2803,23.6926
002553.SZ,20220412,20211231,4.2051,-63.0168,23.7262,7.4057
002713.SZ,20220415,20211231,-4.1213,-32.0332,-3.8772,9.1258
002707.SZ,20220416,20211231,-3.5756,77.8192,-21.2697,-78.2407
301209.SZ,20220811,20211231,,,-1.2983,20.2798
301225.SZ,20230529,20211231,,,,28.3822
301105.SZ,20221216,20211231,,,20.524,14.7163
688799.SH,20220329,20211231,8.6225,6.0,10.4918,13.1637
688519.SH,20220415,20211231,55.9175,68.2949,25.3157,13.0446
300475.SZ,20220416,20211231,5903.8852,270.7037,-7.8624,11.2505
600266.SH,20220416,20211231,41.7528,-77.0927,29.3561,3.6413
301349.SZ,20220817,20211231,,,7.2574,28.7909
600156.SH,20220421,20211231,18.4112,-2988.3438,2.0875,-15.9838
600755.SH,20220421,20211231,-14.5342,-14.7285,7.9134,9.4475
603696.SH,20220421,20211231,11.1983,-29.7067,26.3742,6.9466
838402.BJ,20220908,20211231,0.97,-80.5298,-12.0179,10.28
600808.SH,20220324,20211231,19.7932,-380.8306,20.4796,17.7081
301221.SZ,20220418,20211231,17.5132,-17.6699,12.9303,5.2461
002228.SZ,20220421,20211231,24.0202,-81.1661,1.5134,5.2566
300695.SZ,20220421,20211231,98.4749,15.251,44.1262,5.9436
603836.SH,20220421,20211231,92.9369,113.5493,10.952,29.5173
002299.SZ,20220421,20211231,5.6756,-66.055,18.6793,3.7498
300723.SZ,20220421,20211231,13.4352,-35.8267,35.6873,10.8317
300196.SZ,20220421,20211231,19.0657,103.4644,22.9291,15.15
002644.SZ,20220316,20211231,-7.4064,689.8758,-42.5609,2.6858
300824.SZ,20220324,20211231,16.6935,23.3559,28.3997,14.6788
603659.SH,20220329,20211231,39.6478,105.2204,12.602,17.1131
688513.SH,20220329,20211231,0.1351,-13.0368,1.296,6.2489
002015.SZ,20220415,20211231,-13.1113,7.6244,22.5379,9.5418
605369.SH,20220418,20211231,44.3223,-11.7675,50.1667,22.8098
300739.SZ,20220421,20211231,70.2243,32.6386,4.3378,4.4556
688191.SH,20220421,20211231,18.9912,-53.5835,46.0164,8.7684
600609.SH,20220421,20211231,-20.2812,91.791,26.7281,33.3008
605298.SH,20220421,20211231,-20.9962,-33.3804,96.7267,11.2012
600241.SH,20220422,20211231,87.9879,-186.9625,51.7988,-1.7647
601816.SH,20220423,20211231,-21.8642,-66.0376,52.5155,2.598
000037.SZ,20220325,20211231,-7.1789,-516.7636,-76.4121,-28.0184
001219.SZ,20220418,20211231,9.2344,-26.0022,20.8757,9.0787
300612.SZ,20220421,20211231,28.0912,246.9767,-2.3428,3.3522
000737.SZ,20220421,20211231,19.0751,61.0142,7.3315,2.4591
002741.SZ,20220421,20211231,21.2942,-9.9205,8.063,2.842
002951.SZ,20220421,20211231,-59.9363,-99.0113,21.7422,3.2166
000777.SZ,20220421,20211231,23.4354,32.3413,50.3665,5.833
002221.SZ,20220421,20211231,-8.0653,0.3949,15.2878,10.3494
430564.BJ,20220526,20211231,,,26.7474,25.6578
688115.SH,20220223,20211231,83.7182,49.0149,36.5488,24.533
300692.SZ,20220302,20211231,28.3823,4.4411,4.2155,10.263
688082.SH,20220302,20211231,33.4747,58.1979,-43.7781,6.6421
002050.SZ,20220325,20211231,22.303,5.6669,9.189,14.0229
600845.SH,20220329,20211231,2.8083,12.3522,3.8771,21.0767
301175.SZ,20220617,20211231,,,34.5759,10.9574
301380.SZ,20220928,20211231,,,8.5438,19.5193
688420.SH,20221121,20211231,,,45.3005,24.6727
000987.SZ,20220402,20211231,47.6898,354.9039,-97.1597,10.2573
301129.SZ,20220418,20211231,29.7919,26.0786,56.6146,15.0586
002922.SZ,20220421,20211231,33.0605,-37.1403,-0.6555,4.4994
300606.SZ,20220421,20211231,34.3964,110.0838,2.802,11.4009
688062.SH,20220421,20211231,663.0202,-38.6013,-2703.6768,-62.222
688045.SH,20220509,20211231,,,25.8507,71.2505
000600.SZ,20220421,20211231,-7.844,-1512.3313,-16.979,-21.7016
688696.SH,20220422,20211231,44.9723,88.4762,33.6207,24.2165
603172.SH,20230418,20211231,,,,14.8217
002443.SZ,20220423,20211231,20.8582,-13.9553,16.4804,12.2432
301137.SZ,20220426,20211231,,,-9.2037,11.5544
301103.SZ,20220429,20211231,,,8.4328,7.5327
301256.SZ,20220427,20211231,,,31.0251,14.3418
301060.SZ,20220329,20211231,34.5238,50.995,54.8029,13.0574
600012.SH,20220329,20211231,12.6574,9.6614,32.3288,12.0243
600073.SH,20220330,20211231,4.8913,-290.3537,-1.6807,5.382
002494.SZ,20220415,20211231,0.7535,104.6299,38.7108,0.9044
300296.SZ,20220415,20211231,40.5948,106.967,9.4616,7.4016
002670.SZ,20220416,20211231,806.5285,58.1565,226166.1349,0.717
002762.SZ,20220418,20211231,-15.5761,-21.0167,59.755,1.2353
688160.SH,20220421,20211231,11.3665,1.3335,14.8576,10.7233
688118.SH,20220421,20211231,14.8953,-9.1609,39.6356,1.5399
002971.SZ,20220421,20211231,24.0935,21.9557,16.13,6.7783
002800.SZ,20220421,20211231,154.6147,-38.9347,36.9637,6.3483
600517.SH,20220421,20211231,19.5603,10.2444,-4.2612,6.7887
002186.SZ,20220423,20211231,-17.3072,-51.0486,-29.2253,-16.7156
833533.BJ,20220506,20211231,104.6731,32.6353,11.921,25.3005
871970.BJ,20220428,20211231,4.5239,9.6947,59.0945,14.5971
600760.SH,20220329,20211231,9.1153,-24.2912,29.2673,14.8097
600538.SH,20220329,20211231,39.055,-68.4524,33.1472,0.7974
834062.BJ,20220624,20211231,,,45.5434,9.1467
600426.SH,20220330,20211231,106.3197,223.4019,18.1097,38.2328
688047.SH,20220607,20211231,,,11.5484,13.4818
688428.SH,20220901,20211231,,,-183.3074,-1.2324
605337.SH,20220419,20211231,14.8551,-4.3539,6.7469,20.8474
600743.SH,20220420,20211231,65.3017,-653.2434,25.4043,-7.936
301119.SZ,20220421,20211231,18.2238,-10.7245,13.1573,8.4433
301000.SZ,20220421,20211231,-8.9576,-9.7661,44.4151,15.457
688181.SH,20220421,20211231,17.0162,1.1042,26.8908,9.851
000021.SZ,20220421,20211231,-3.9841,-37.1343,19.0267,3.5283
000155.SZ,20220421,20211231,-8.5273,46.1673,36.8798,5.3164
003009.SZ,20220421,20211231,-5.7909,-90.9103,42.3736,8.0448
600055.SH,20220423,20211231,-10.1478,-13.4192,9.5394,6.8237
600298.SH,20220329,20211231,22.9146,-19.0609,29.1868,16.6357
300898.SZ,20220418,20211231,-3.6097,-60.7356,28.3436,8.4604
000960.SZ,20220415,20211231,16.7261,337.4222,26.2639,20.3957
603386.SH,20220415,20211231,28.929,-19.5213,6.899,14.0109
870299.BJ,20220520,20211231,18.6963,-3.0796,37.5512,17.121
600352.SH,20220419,20211231,-5.0296,-63.8,19.9688,8.1461
603879.SH,20220420,20211231,-44.6047,-120.4851,-0.4241,0.1029
600658.SH,20220420,20211231,-15.8742,219.4047,159.6048,-0.6427
600884.SH,20220420,20211231,88.0069,505.2233,10.2259,12.0328
833575.BJ,20230301,20211231,,,-52018.8837,-33.1394
000698.SZ,20220330,20211231,-43.1123,-164.8063,2.5621,2.4154
300769.SZ,20220330,20211231,599.7141,3334.2207,7.0761,29.782
301366.SZ,20220906,20211231,,,26.9324,21.407
301429.SZ,20230327,20211231,,,,17.5373
688015.SH,20220408,20211231,9.3534,0.7898,26.5571,14.7552
002895.SZ,20220416,20211231,73.3644,2838488.113,12.496,10.5632
601137.SH,20220419,20211231,36.0781,-37.017,29.2581,4.6874
002489.SZ,20220419,20211231,83.9837,-574.2895,-27.9741,5.4512
603968.SH,20220420,20211231,40.5767,41.5485,11.1905,7.3462
603815.SH,20220420,20211231,23.5158,-7.3321,12.6975,6.6528
688156.SH,20220421,20211231,45.9547,17.0323,30.0197,8.8254
002528.SZ,20220421,20211231,-66.252,-900.386,1.4593,-49.3016
600489.SH,20220421,20211231,-3.691,-39.9276,18.6153,7.0019
688459.SH,20220916,20211231,,,27.4715,8.0837
301102.SZ,20220427,20211231,,,70.599,31.685
301312.SZ,20220627,20211231,,,20.974,40.131
301285.SZ,20220908,20211231,,,24.6651,19.5308
301361.SZ,20221026,20211231,,,51.6206,31.1444
301363.SZ,20220916,20211231,,,11.2799,23.6615
000736.SZ,20220415,20211231,100.2544,280.949,104.5712,-13.683
301316.SZ,20220916,20211231,,,24.0749,11.2832
300811.SZ,20220419,20211231,28.1736,24.4839,5.0986,12.388
002566.SZ,20220420,20211231,-10.581,18.9305,25.489,4.1187
688335.SH,20220423,20211231,10.1363,14.1949,-2.5677,4.5771
430556.BJ,20230302,20211231,6.1739,-58.42,32.518,12.588
301282.SZ,20220803,20211231,,,19.3362,19.456
000721.SZ,20220415,20211231,-20.5884,-174.0211,45.3253,-32.5384
301389.SZ,20220928,20211231,,,43.9633,32.2051
600493.SH,20220416,20211231,-6.0174,-102.9666,1.581,6.4708
600020.SH,20220416,20211231,-6.9106,-123.156,15.9893,5.8414
000410.SZ,20220416,20211231,27.3753,-211.2378,-20.6692,
000948.SZ,20220416,20211231,45.2214,-42.0579,50.7738,3.6061
603236.SH,20220416,20211231,99.4943,89.249,21.9139,13.21
000630.SZ,20220420,20211231,9.5089,396.5282,5.5286,13.478
600707.SH,20220420,20211231,-19.02,-192.535,24.601,11.8422
688119.SH,20220517,20211231,15.8461,-40.1816,25.2562,10.1073
000989.SZ,20220423,20211231,-11.8272,-99.1888,-9.0708,6.1034
301157.SZ,20230217,20211231,,,,26.7271
601991.SH,20220330,20211231,5.9446,-2607.1363,-28.127,-14.7833
601336.SH,20220330,20211231,4.4226,-6.1461,41.8186,14.1575
002199.SZ,20220416,20211231,-22.6339,-133.0966,29.6878,5.6698
300498.SZ,20220416,20211231,-5.6282,-354.0212,12.1478,-37.4912
000090.SZ,20220416,20211231,61.5432,376.2449,-6.2135,15.9703
000623.SZ,20220416,20211231,10.9798,-57.1544,17.9072,7.6823
001319.SZ,20220418,20211231,,,17.5612,14.5113
688061.SH,20220922,20211231,,,37.8235,29.8829
301377.SZ,20221031,20211231,,,28.2992,27.7359
301128.SZ,20220419,20211231,16.088,36.7347,57.0484,9.2877
873223.BJ,20220513,20211231,27.6058,-2.2364,31.7157,11.61
300718.SZ,20220422,20211231,21.1037,-21.6522,11.8913,8.7959
300075.SZ,20220422,20211231,-25.308,8.7194,61.2642,5.5399
301185.SZ,20220422,20211231,23.1818,3.4919,52.8745,10.8017
600131.SH,20220422,20211231,14.1497,-2.9115,42.4367,13.2841
600201.SH,20220422,20211231,-7.6423,-132.8931,62.8677,7.2291
002584.SZ,20220422,20211231,-54.4096,103.88,69.104,1.9222
300802.SZ,20220422,20211231,29.7805,-32.0086,20.8534,9.024
300702.SZ,20220422,20211231,3.7553,-101.5342,-12.7037,4.4318
600031.SH,20220423,20211231,-30.4531,-117.8901,9.0685,17.116
688503.SH,20221122,20211231,,,-9.5041,21.9865
300684.SZ,20220422,20211231,-21.3096,-73.8069,15.1536,6.3485
300468.SZ,20220422,20211231,5.9427,-43.9645,50.9875,5.3139
300410.SZ,20220422,20211231,39.5744,88.0788,25.2196,1.4216
300841.SZ,20220422,20211231,135.8569,282.2799,23.465,23.9105
600053.SH,20220422,20211231,6.3924,94.8271,-21.074,4.2444
603507.SH,20220422,20211231,17.7562,500.1279,41.0441,10.6928
603999.SH,20220422,20211231,5.2932,21.1521,31.4657,3.2348
688359.SH,20220422,20211231,-0.1323,-18.8769,1.2808,9.2653
002496.SZ,20220422,20211231,-48.1503,49.3468,39.0148,-13.727
839719.BJ,20230509,20211231,,,20.7059,15.7081
002593.SZ,20220419,20211231,9.184,-19.1248,0.4261,3.8505
300532.SZ,20220419,20211231,49.7896,116.4546,7.928,8.1759
600153.SH,20220419,20211231,40.3789,66.0149,24.5484,9.5601
838171.BJ,20220517,20211231,101.3552,-41.6038,6.6917,14.5266
600969.SH,20220420,20211231,17.7896,128.8856,12.821,0.9255
300580.SZ,20220422,20211231,8.4666,-27.9638,35.5058,8.6803
301025.SZ,20220422,20211231,33.8531,20.0688,25.0407,9.8956
000906.SZ,20220422,20211231,-6.9777,40.4871,23.4648,16.2114
603786.SH,20220422,20211231,-18.2827,-39.7826,19.3562,8.5961
688127.SH,20220422,20211231,-13.8469,-44.4915,35.4289,7.4246
603701.SH,20220422,20211231,-17.2191,-25.2309,16.0599,4.297
002002.SZ,20220419,20211231,-41.3237,-307.7926,-30.7415,9.6676
600048.SH,20220419,20211231,16.579,-12.3304,19.9974,14.2769
300922.SZ,20220422,20211231,11.0244,11.7571,29.5723,8.3801
002230.SZ,20220422,20211231,29.7018,2.2444,31.9705,6.6471
300933.SZ,20220422,20211231,2.8325,-27.8556,58.4491,6.7208
600831.SH,20220422,20211231,27.6146,-42.8911,9.5997,1.0367
000598.SZ,20220422,20211231,36.4245,1.3704,57.3814,11.4089
300046.SZ,20220422,20211231,-66.2449,-1181.683,26.6961,4.3643
002979.SZ,20220422,20211231,9.0214,1.8954,14.7184,18.8686
688105.SH,20220422,20211231,36.0846,-40.8828,54.7463,23.5889
603871.SH,20220422,20211231,57.8868,21.7942,20.9849,13.1537
300861.SZ,20220423,20211231,72.5768,69.685,21.6723,18.2831
833580.BJ,20220421,20211231,-23.8672,-40.2082,-6.0567,12.4211
002270.SZ,20220422,20211231,-6.8264,19.0009,2.0182,6.6025
002851.SZ,20220422,20211231,34.0894,-45.0924,5.2512,8.4134
300966.SZ,20220422,20211231,-2.4828,10.3056,39.1742,7.8317
300888.SZ,20220422,20211231,-26.3491,-79.513,19.9022,9.7403
301098.SZ,20220422,20211231,-11.927,-17.9358,4.7045,9.8287
000032.SZ,20220422,20211231,38.2292,195.2855,17.3961,8.9217
301169.SZ,20220422,20211231,-9.643,-13.2321,27.2451,7.4592
300809.SZ,20220422,20211231,-30.1334,-88.5129,-22.8755,3.2177
003027.SZ,20220419,20211231,41.6393,6.1731,46.3348,9.8203
301067.SZ,20220419,20211231,15.9433,-33.0002,14.5518,9.9133
301263.SZ,20220427,20211231,-3.6545,-8.9572,34.0273,16.6612
301107.SZ,20220511,20211231,53.0028,46.459,-0.0365,20.3241
837046.BJ,20220922,20211231,11.0424,75.4992,6.9241,22.2424
300850.SZ,20220422,20211231,-23.4248,-31.0508,29.4808,19.5548
002737.SZ,20220422,20211231,15.1409,13.5885,32.6,17.6591
002694.SZ,20220422,20211231,-20.5171,-138.4153,5.9156,-125.1692
300373.SZ,20220422,20211231,49.4927,75.6375,32.8421,17.7385
603619.SH,20220422,20211231,64.6923,112.9269,43.9264,3.2562
688138.SH,20220422,20211231,50.8603,-1.3314,24.8222,2.7484
300681.SZ,20220422,20211231,196.4421,159.3205,-4.8619,2.119
301328.SZ,20220817,20211231,,,13.7903,27.7027
300284.SZ,20220419,20211231,0.9757,18.0722,45.9282,6.8738
001217.SZ,20220422,20211231,57.245,39.3366,38.4547,29.85
300479.SZ,20220422,20211231,-8.2252,-2708.3153,67.7925,-24.9174
688173.SH,20220422,20211231,6.5941,92.7525,15.2377,3.4436
000539.SZ,20220422,20211231,20.0252,-704.0234,-27.0746,-11.4937
301072.SZ,20220422,20211231,-9.0389,-72.4276,-1.7712,5.6828
300978.SZ,20220422,20211231,3.0499,-55.4469,8.603,5.7068
002927.SZ,20220422,20211231,20.5595,-7.4654,19.9405,10.6802
002268.SZ,20220422,20211231,-10.7637,-10.4463,129.309,3.4896
301091.SZ,20220422,20211231,-10.807,-11.6318,59.2176,11.1826
301083.SZ,20220422,20211231,5.6083,-27.0828,33.8652,9.7717
301177.SZ,20220422,20211231,25.5006,23.4448,33.2375,31.2716
301186.SZ,20220422,20211231,-22.1588,-66.4654,-15.3223,5.1894
300629.SZ,20220422,20211231,14.529,111.6087,128.8578,8.7122
002068.SZ,20220422,20211231,7.4788,-141.5666,-3.9985,13.8771
600461.SH,20220422,20211231,26.004,27.5867,28.5085,13.9346
300566.SZ,20220422,20211231,35.2698,-63.7073,-12.2762,7.532
688536.SH,20220314,20211231,290.1655,528.3024,51.0711,12.8358
300211.SZ,20220314,20211231,403.0141,757.3527,34.4713,5.55
002777.SZ,20220314,20211231,3.1555,-0.5526,36.5505,15.1862
600873.SH,20220314,20211231,31.7448,528.416,5.9863,20.716
836807.BJ,20221206,20211231,,,-2.8452,14.8307
301330.SZ,20220728,20211231,,,16.1708,11.439
688391.SH,20220822,20211231,,,49.8075,35.8261
000828.SZ,20220422,20211231,963.7717,-42.7187,8.5636,11.0266
300368.SZ,20220422,20211231,-9.8532,-107.3795,35.2036,-6.1164
002218.SZ,20220422,20211231,-10.3893,27.2646,26.8216,3.8614
603816.SH,20220422,20211231,24.1564,359.6125,20.7229,19.3349
002427.SZ,20220422,20211231,27.6077,-81.4017,1.3618,
300884.SZ,20220422,20211231,10.0186,-30.5743,36.9308,6.1904
688456.SH,20220422,20211231,51.0691,-64.0132,9.8537,5.9939
002544.SZ,20220422,20211231,-1.5735,-53.83,27.2538,3.3577
301089.SZ,20220422,20211231,-10.3403,-100.625,-14.4933,7.8924
603097.SH,20220420,20211231,,,42.8024,12.7594
301311.SZ,20221111,20211231,,,55.2251,10.2932
300319.SZ,20220422,20211231,15.0922,305.2847,12.0613,9.0314
002204.SZ,20220422,20211231,13.3974,60.2561,14.2052,0.9191
300875.SZ,20220422,20211231,-25.2488,-109.0779,72.2228,0.8449
600983.SH,20220422,20211231,-13.492,-910.6995,-11.1113,-20.5119
300500.SZ,20220422,20211231,17.1675,284.3167,19.6343,8.3446
300810.SZ,20220422,20211231,-11.36,-84.5209,-35.6882,-0.3716
002127.SZ,20220422,20211231,-20.4414,-84.1444,59.9711,8.3876
688102.SH,20220425,20211231,41.4353,106.266,59.5504,9.0083
688400.SH,20220615,20211231,,,17.6918,10.6121
836871.BJ,20220630,20211231,3.3038,-22.6039,13.8709,26.2742
300937.SZ,20220422,20211231,29.7697,-121.2172,1.895,-0.3035
300750.SZ,20220422,20211231,203.2092,267.4065,24.953,18.0773
688198.SH,20220422,20211231,8.5485,-9.5471,30.6889,3.9102
300166.SZ,20220422,20211231,5.595,-22.4729,34.3558,4.1937
300213.SZ,20220422,20211231,22.4728,173.9498,36.1685,4.8702
002109.SZ,20220422,20211231,-0.3806,-57.1828,11.5058,12.8879
002878.SZ,20220422,20211231,31.6853,-24.7976,22.6277,11.6131
000968.SZ,20220422,20211231,36.0601,171.7648,75.251,6.2669
002969.SZ,20220422,20211231,50.4283,59.06,9.795,7.0822
688248.SH,20220422,20211231,8.3027,20.3313,53.7002,7.0469
600288.SH,20220420,20211231,-5.628,8.1303,24.0034,2.7407
301313.SZ,20220909,20211231,,,18.0713,14.7542
300502.SZ,20220422,20211231,58.6285,31.4509,-0.8685,16.1464
002633.SZ,20220422,20211231,69.4406,43.4899,-3.8888,-3.3657
000829.SZ,20220422,20211231,22.1306,-2.5421,-8.2145,7.5192
603579.SH,20220422,20211231,21.4982,43.1305,38.6972,7.8373
002205.SZ,20220422,20211231,27.3093,-22.0768,6.3165,1.0686
300388.SZ,20220422,20211231,13.4762,55.8231,38.8462,7.6117
300716.SZ,20220422,20211231,-21.8192,-39.9029,3.1855,-65.008
300832.SZ,20220422,20211231,4.3136,27.9079,49.4951,16.952
002606.SZ,20220422,20211231,38.3861,337.1889,-37.3675,11.7945
002787.SZ,20220422,20211231,18.5721,-275.1934,52.0139,0.2062
002668.SZ,20220422,20211231,4.7132,101.9148,41.8573,-18.0443
300943.SZ,20220422,20211231,-13.3502,-16.1443,52.3194,9.1612
603348.SH,20220422,20211231,0.0536,193.3515,4.0876,3.268
002826.SZ,20220422,20211231,4.0248,5.6036,19.4258,5.5014
301133.SZ,20220422,20211231,24.7945,-46.0265,26.839,6.5642
002524.SZ,20220422,20211231,-12.2394,-173.8412,43.3764,-21.2134
002642.SZ,20220422,20211231,29.6733,103.9508,16.2109,0.9476
300958.SZ,20220422,20211231,-28.2429,1.8159,15.1709,8.368
002841.SZ,20220420,20211231,26.6472,-4.018,16.0047,18.8758
002350.SZ,20220420,20211231,17.363,175.278,31.196,3.814
300797.SZ,20220422,20211231,-7.4085,-60.3363,51.4836,7.4917
301061.SZ,20220422,20211231,-1.9245,21.2716,24.5453,17.7763
300222.SZ,20220422,20211231,-0.6376,28.0783,34.8628,-24.039
688195.SH,20220422,20211231,23.8553,-10.1536,36.588,6.285
002510.SZ,20220422,20211231,60.8116,67.3908,17.9357,-12.7997
301367.SZ,20220930,20211231,,,32.908,31.2346
600057.SH,20220419,20211231,29.9862,37.3741,13.7255,13.3397
600326.SH,20220419,20211231,-29.4456,-107.2728,40.2694,0.7014
301388.SZ,20221014,20211231,,,29.2504,21.1441
688262.SH,20220422,20211231,-11.393,-41.5073,57.677,2.6744
300525.SZ,20220422,20211231,28.8284,43.2865,56.8566,14.2123
000785.SZ,20220422,20211231,18.9117,37.1564,32.3197,11.4709
002556.SZ,20220422,20211231,21.453,1450.4746,2.2059,12.7438
002063.SZ,20220422,20211231,8.788,30.8757,86.1139,10.3067
600075.SH,20220422,20211231,18.9458,-45.29,39.628,17.1578
301260.SZ,20230110,20211231,,,-26.0284,20.3321
000027.SZ,20220422,20211231,91.0931,-554.9376,9.7801,4.4182
300534.SZ,20220422,20211231,39.2888,-106.3009,17.664,-2.3486
600901.SH,20220422,20211231,8.836,6.9378,-275.3598,14.8405
300726.SZ,20220422,20211231,0.3484,20.3728,66.0999,24.4897
300467.SZ,20220422,20211231,3.0181,-1969.2427,6.7706,-29.2467
605178.SH,20220422,20211231,-48.1032,-228.304,40.3084,-1.3291
300415.SZ,20220422,20211231,3.2527,-11.8418,5.8276,25.2868
001267.SZ,20220422,20211231,-22.2821,-19.5513,24.7616,6.3355
601003.SH,20220428,20211231,54.9419,-277.3598,10.4872,11.699
002761.SZ,20220428,20211231,33.5681,-55.1081,17.3213,12.809
300864.SZ,20220428,20211231,5.6787,-40.0847,66.1064,7.504
002076.SZ,20220428,20211231,-65.317,-263.1199,17.9578,
300199.SZ,20220428,20211231,566.522,122.3767,11.8558,-24.8257
603011.SH,20220428,20211231,48.4501,931.2781,12.478,2.6925
600382.SH,20220428,20211231,8.8439,56.081,62.6167,3.1311
603709.SH,20220428,20211231,-21.8588,-493.9891,26.2395,-4.2164
300136.SZ,20220428,20211231,7.671,-87.996,31.5679,7.089
600248.SH,20220428,20211231,12.3011,-94.5538,3.2497,18.6634
301116.SZ,20220428,20211231,10.2327,-29.3049,2.3193,7.2609
300113.SZ,20220428,20211231,6.3753,-262.9979,34.3461,0.9497
300518.SZ,20220428,20211231,99.9474,-79.2498,122.0307,6.1199
300293.SZ,20220428,20211231,22.5635,66.851,25.1508,-16.6602
300258.SZ,20220428,20211231,4.8154,-26.1762,-5.0297,4.0095
605199.SH,20220428,20211231,27.1647,-111.2492,28.6934,5.467
002972.SZ,20220428,20211231,7.21,-3.486,70.2445,11.4695
000980.SZ,20220426,20211231,-40.2342,103.242,-529.2425,
600863.SH,20220427,20211231,41.2148,206.3855,13.9694,2.6642
002425.SZ,20220427,20211231,65.0737,-498.9869,44.313,2.7307
000592.SZ,20220427,20211231,-6.9306,-71.8468,-12.4121,-13.7402
688007.SH,20220427,20211231,17.8922,-68.421,9.462,5.4874
002512.SZ,20220428,20211231,-17.3782,-1923.3386,102.2467,-40.2035
002446.SZ,20220428,20211231,-9.3533,-7415.876,58.5488,-7.6558
002163.SZ,20220428,20211231,17.6646,-80.615,21.1696,-10.0776
688478.SH,20230331,20211231,,,-0.1703,10.1171
000612.SZ,20220428,20211231,-14.1091,-165.0487,-33.5098,13.1382
605188.SH,20220428,20211231,-0.861,-138.0238,-5.9719,0.8245
300027.SZ,20220428,20211231,12.9058,-14.8378,-8.5035,-39.7191
688068.SH,20220428,20211231,327.5929,563.0561,82.1518,121.2472
601006.SH,20220428,20211231,6.1316,-3.0953,20.4193,9.9518
600722.SH,20220428,20211231,97.0749,12878.3362,13.1542,4.4969
603087.SH,20220428,20211231,-5.2283,6.7655,26.7452,14.0619
600892.SH,20220428,20211231,20.0506,-586.0995,39.7647,-55.2102
603499.SH,20220428,20211231,24.4737,-1501.1337,11.5947,-3.6801
688288.SH,20220428,20211231,-42.9548,-139.1965,47.6534,2.2838
605011.SH,20220428,20211231,71.7375,-44.3442,-9.8612,10.9771
603949.SH,20220428,20211231,-32.12,-46.4774,85.4749,10.6896
603496.SH,20220428,20211231,-20.9109,-71.7852,-23.8155,1.0172
300251.SZ,20220428,20211231,-72.0407,-480.3023,-61.6497,-4.7943
002055.SZ,20220428,20211231,-6.4286,-423.7824,61.8786,-24.4885
000676.SZ,20220428,20211231,-50.7117,96.6528,22.828,1.5412
300476.SZ,20220428,20211231,12.7265,-49.1537,12.1458,12.3284
300853.SZ,20220428,20211231,83.912,91.5629,13.414,13.309
300050.SZ,20220428,20211231,-116.4542,-20801.9323,,-80.7092
603716.SH,20220426,20211231,0.6299,-274.038,8.3476,-3.1549
000400.SZ,20220426,20211231,-3.1092,-28.813,23.8483,7.3879
603903.SH,20220427,20211231,-9.4229,21.6622,13.7325,14.8794
300586.SZ,20220427,20211231,57.7807,294.6194,12.4182,5.9351
300331.SZ,20220427,20211231,21.7577,-2211.5637,18.2836,-21.4023
300316.SZ,20220427,20211231,48.6226,79.8738,44.8554,27.0358
603056.SH,20220427,20211231,2.9126,-66.1899,4.9788,-3.4504
002487.SZ,20220428,20211231,-4.1937,-7.3474,6.696,20.7859
000836.SZ,20220428,20211231,55.7403,435.5774,-8.3039,-1.239
688559.SH,20220428,20211231,53.1341,70.8171,56.8037,4.9479
002991.SZ,20220428,20211231,15.8133,38.4249,16.3398,8.9057
603587.SH,20220428,20211231,-6.0979,-13.5176,32.2415,17.9938
603778.SH,20220428,20211231,-63.0534,-153.1951,-10.1186,-16.8232
301017.SZ,20220428,20211231,23.2858,-94.7496,3.9719,5.9983
300159.SZ,20220428,20211231,99.917,164.5572,0.8138,-104.7226
601985.SH,20220428,20211231,12.995,56.2879,46.944,10.6905
601500.SH,20220428,20211231,5.5251,-486.0269,-6.0725,-1.2417
002823.SZ,20220428,20211231,-10.2738,158.6502,27.9551,-2.1626
002705.SZ,20220428,20211231,3.2587,-5.236,21.4613,11.2572
002181.SZ,20220428,20211231,15.198,-63.6708,3.7818,1.5258
600116.SH,20220428,20211231,26.1319,-77.2553,32.8561,7.0117
000636.SZ,20220428,20211231,-22.1282,425.6857,-5.3146,12.023
688466.SH,20220428,20211231,-18.1845,-27.3222,64.6952,5.721
600927.SH,20220427,20211231,51.8492,13.5764,28.9063,13.4117
300527.SZ,20220427,20211231,-34.3603,-27.6936,43.5462,1.9661
600369.SH,20220427,20211231,-35.3653,-60.5077,-241.691,3.9731
300035.SZ,20220428,20211231,141.6889,123.639,-27.876,15.669
688538.SH,20220428,20211231,46.3436,-2.7769,2.0352,-7.7164
002861.SZ,20220428,20211231,-36.4749,-351.9963,32.3802,-4.3719
300085.SZ,20220428,20211231,-31.9762,-575.9427,41.4501,-25.1849
300192.SZ,20220428,20211231,-10.0339,-13964.9026,25.093,-56.9128
603299.SH,20220428,20211231,22.6042,833.6767,0.4798,7.3448
000663.SZ,20220428,20211231,-29.51,-136.6341,-25.0348,4.7836
600848.SH,20220428,20211231,63.8315,-5.7468,-11.2137,10.4214
300601.SZ,20220428,20211231,51.6164,-7.602,54.2807,14.3183
601369.SH,20220428,20211231,5.0829,-8.9894,9.1354,8.8943
300737.SZ,20220428,20211231,9.7755,-100.2247,58.943,12.5467
002140.SZ,20220428,20211231,-14.9996,21.5889,18.6629,9.2716
300513.SZ,20220428,20211231,-30.2625,-544.4324,44.845,-7.2977
603839.SH,20220428,20211231,-40.2019,-176.0183,39.9475,3.097
002732.SZ,20220428,20211231,9.7753,-101.8195,10.4875,13.0029
603803.SH,20220428,20211231,-2.292,-207.3935,31.7239,-35.937
300377.SZ,20220427,20211231,51.8113,148.1136,79.2782,1.8416
300883.SZ,20220427,20211231,11.2438,-33.5697,32.1644,3.0206
300752.SZ,20220427,20211231,5.7279,316.4945,29.2674,-12.576
002452.SZ,20220428,20211231,-19.363,53.9213,105.5723,10.6582
600000.SH,20220428,20211231,-0.3253,-15.5783,-185.8647,8.0339
002475.SZ,20220428,20211231,121.1907,-6.4807,-0.4427,18.9795
002388.SZ,20220428,20211231,28.2225,-41.9527,59.9401,4.4681
300350.SZ,20220428,20211231,1.895,-177.9434,19.3066,-3.9693
300444.SZ,20220428,20211231,22.2244,-8905.6936,6.2624,-11.117
603116.SH,20220428,20211231,-25.0946,-187.4383,27.5754,-2.1889
002970.SZ,20220428,20211231,-27.0668,-121.8302,21.2987,0.315
000815.SZ,20220428,20211231,-0.3031,-206.0459,4.0031,-1.7361
300981.SZ,20220428,20211231,-68.7338,-98.2679,86.2258,49.3065
603083.SH,20220428,20211231,48.6546,118.9534,18.1879,1.8616
605080.SH,20220428,20211231,38.2696,14.4836,-12.1931,17.3125
300256.SZ,20220428,20211231,-70.9624,105.9443,57.8171,
000554.SZ,20220428,20211231,3.9329,-33.4706,-6.6305,1.482
300122.SZ,20220428,20211231,113.1044,119.384,2.11,78.6241
300318.SZ,20220428,20211231,-23.8527,-16348.6216,2.283,-29.6361
300326.SZ,20220428,20211231,9.7963,88.4032,36.545,3.0012
002614.SZ,20220428,20211231,-7.5999,26.326,16.0393,3.0485
600265.SH,20220427,20211231,464.2382,-261.7277,-67.3845,-29.2943
002322.SZ,20220423,20211231,-13.6507,-463.6198,59.5464,1.6944
300253.SZ,20220423,20211231,10.2792,-58.8323,62.6684,4.4046
603956.SH,20220427,20211231,12.037,-37.3719,19.2739,13.346
300663.SZ,20220427,20211231,38.7554,-31.619,45.1529,3.0188
300245.SZ,20220427,20211231,7.6829,26.0772,66.0063,0.2698
688678.SH,20220428,20211231,15.348,-26.4215,-2.5875,8.2903
603517.SH,20220428,20211231,22.3938,-90.7054,5.0562,13.4895
002724.SZ,20220428,20211231,10.1303,12.6547,34.2491,13.0891
002685.SZ,20220428,20211231,-92.5408,-14.184,-46.1915,-45.5686
603966.SH,20220428,20211231,21.2567,-16.5154,28.4853,12.8506
002042.SZ,20220428,20211231,-28.3427,162.0422,-50.3459,5.5747
301178.SZ,20220428,20211231,2.4687,-17.1552,35.5929,9.694
300242.SZ,20220428,20211231,-41.1282,39.3692,13.9476,-37.5461
000876.SZ,20220428,20211231,-9.2791,-2171.986,4.508,-21.5863
300099.SZ,20220428,20211231,10.3635,-45.2107,-3.0398,9.7438
300740.SZ,20220428,20211231,23.5909,32.0041,4.9104,14.5718
603007.SH,20220428,20211231,-99.878,-780.1515,53773.5359,-74.0723
002261.SZ,20220428,20211231,74.0645,66.5437,39.564,0.8253
300391.SZ,20220428,20211231,-4.5192,-294.6288,8.4192,6.3323
300635.SZ,20220428,20211231,-13.71,573.313,45.2837,4.9924
002888.SZ,20220428,20211231,-16.1166,-69.9964,7.2859,5.4554
300672.SZ,20220428,20211231,25.6494,61.0036,-59.9003,18.3822
688578.SH,20220427,20211231,28364.2513,-10.3725,-142.8918,-2.1206
300236.SZ,20220427,20211231,46.854,-78.3918,13.2747,1.9623
002333.SZ,20220427,20211231,23.0219,-56.2402,-8.8924,1.2646
688367.SH,20220427,20211231,29.0538,10.2056,18.7457,10.1433
600165.SH,20220427,20211231,-5.6418,-114.4072,-2.8408,-2.8325
600540.SH,20220428,20211231,-46.3996,-2588.53,-317.791,-26.3394
000635.SZ,20220428,20211231,-21.6127,-589.4093,-11.9715,-0.4625
600905.SH,20220428,20211231,34.7999,105.6075,75.9657,9.1506
003025.SZ,20220428,20211231,23.6788,79.9924,25.8754,13.3475
600220.SH,20220428,20211231,-8.96,79.1981,79.3033,3.0148
601106.SH,20220428,20211231,-4.9568,35.7136,40.4173,1.2045
688066.SH,20220428,20211231,49.9596,51.5654,48.0191,8.4002
300616.SZ,20220428,20211231,0.6699,-93.9111,36.0977,1.1993
300920.SZ,20220428,20211231,4.4018,-53.6523,33.2295,7.1461
002763.SZ,20220428,20211231,2.5116,-60.3815,7.8678,14.0014
300777.SZ,20220428,20211231,-13.8491,-44.2346,230.9299,14.9903
000681.SZ,20220428,20211231,3.4581,-89.6141,52.644,3.8777
600095.SH,20220428,20211231,64.4857,10900.7178,-478.1397,4.0758
300770.SZ,20220428,20211231,25.9373,12.7163,34.4128,21.9584
002298.SZ,20220428,20211231,-9.5467,97.1105,27.045,4.009
000995.SZ,20220428,20211231,15.1207,-90.024,31.9298,-14.3969
688137.SH,20220909,20211231,,,35.5687,64.3242
688520.SH,20220427,20211231,151466.4668,-4.1655,-182.4817,-486.4979
300967.SZ,20220427,20211231,59.1749,9984.4595,24.0038,8.9803
300353.SZ,20220427,20211231,270.5152,104.7463,31.572,-8.9152
688630.SH,20220428,20211231,8.3745,-8.6945,23.6315,12.9471
300654.SZ,20220428,20211231,16.5188,69.0205,23.2582,5.3602
688298.SH,20220428,20211231,27.8922,-1.1829,36.3524,105.4322
688011.SH,20220428,20211231,-16.553,-109.9082,56.7226,-1.5486
000625.SZ,20220428,20211231,-9.6839,446.4083,1.1424,3.0286
603390.SH,20220428,20211231,-20.694,-201.2861,15.4141,-1.2308
600180.SH,20220428,20211231,36.4848,4749.8347,-4.8307,13.0705
001201.SZ,20220428,20211231,-37.7734,-117.9854,-6.7129,9.268
300799.SZ,20220428,20211231,-86.303,-125.3745,-153.4821,0.3439
301078.SZ,20220428,20211231,-3.1809,-126.6239,11.2226,4.9217
300655.SZ,20220428,20211231,69.7027,134.6155,0.1978,7.8433
688095.SH,20220428,20211231,11.8824,-73.7405,26.4671,-0.7596
301041.SZ,20220428,20211231,20.8356,-16.7015,27.34,7.6658
300133.SZ,20220428,20211231,-40.0388,-61.1074,8.7302,4.124
300560.SZ,20220428,20211231,50.9886,-11.3818,137.3443,6.3508
000723.SZ,20220428,20211231,42.5427,125.7782,15.7751,25.6896
300745.SZ,20220427,20211231,124.6873,108.1318,-19.914,-2.2438
300511.SZ,20220427,20211231,-0.8116,-732.2098,27.745,-16.5605
300317.SZ,20220428,20211231,-24.3216,-1502.4706,131.3514,-14.2457
000757.SZ,20220428,20211231,-6.8113,-76.2834,3.43,4.1395
688788.SH,20220428,20211231,-86.5282,-122.5815,-108.9232,5.6903
603636.SH,20220428,20211231,1.3463,-40.3884,31.2213,3.2154
603823.SH,20220428,20211231,8.4584,9.341,11.2002,15.4935
002252.SZ,20220428,20211231,71.5278,-144.565,9.1637,5.3653
300712.SZ,20220428,20211231,90.7826,70.7539,27.0524,1.7441
300492.SZ,20220428,20211231,-13.6241,-39.8285,26.6678,2.1141
688628.SH,20220428,20211231,-7.0375,28.2358,29.2349,14.914
300203.SZ,20220428,20211231,-4.7749,-138.2939,3.4038,-9.6691
300472.SZ,20220428,20211231,14.0617,15.6665,91.4387,-36.384
603197.SH,20220428,20211231,3.737,3.427,4.9889,9.4329
000963.SZ,20220428,20211231,5.5443,-5.17,12.3189,14.0321
688319.SH,20220428,20211231,68.6267,1143614.6831,14.5919,15.8248
002235.SZ,20220428,20211231,88.12,101.0858,-24.1255,0.5957
002412.SZ,20220428,20211231,5.7333,-0.1731,14.517,7.881
603790.SH,20220428,20211231,7.8243,102.3105,10.3403,5.4407
300267.SZ,20220428,20211231,8.8158,-8785.6324,-14.4609,-15.2156
600715.SH,20220428,20211231,-10.1297,83.4142,58.5122,-23.2131
300420.SZ,20220427,20211231,-16.9704,-2095.6494,14.0093,-8.9902
301376.SZ,20230601,20211231,,,,14.584
605255.SH,20220428,20211231,-17.3971,-91.7943,44.7405,3.7529
605303.SH,20220428,20211231,12.2309,27.4178,11.7699,4.3929
000529.SZ,20220428,20211231,13.6736,21.5823,22.2696,13.7242
002016.SZ,20220428,20211231,14.7397,72.1256,-1.3309,15.7031
603733.SH,20220428,20211231,9.9165,-49.0286,2.4606,16.2777
605099.SH,20220428,20211231,9.005,-38.3329,20.9308,18.6101
002371.SZ,20220428,20211231,58.0797,99.2505,-4.9758,6.814
000543.SZ,20220428,20211231,22.9967,-504.8441,-35.4337,-10.1045
002634.SZ,20220428,20211231,-22.1326,12.0795,18.6111,4.6257
000888.SZ,20220428,20211231,14.4393,-169.5017,30.7418,0.2274
688533.SH,20220428,20211231,12.6074,-53.6402,-7.4891,5.7162
603017.SH,20220428,20211231,3.5832,-826.4204,42.3319,-25.9108
300860.SZ,20220423,20211231,-2.9006,-112.6331,86.8727,0.7436
300591.SZ,20220427,20211231,52.2779,-24.0448,44.7858,-30.3043
601225.SH,20220428,20211231,0.235,103.1927,62.075,26.3207
300419.SZ,20220428,20211231,-21.8267,-778.002,-4.6962,-5.6259
002881.SZ,20220428,20211231,50.1368,155.4477,9.7289,10.5346
600079.SH,20220428,20211231,-2.5094,-43.2139,23.8353,8.5271
300796.SZ,20220428,20211231,11.8024,-47.0003,22.4724,5.5041
688076.SH,20220428,20211231,0.9611,6.4675,25.2169,7.5561
603586.SH,20220428,20211231,28.3259,-120.1624,20.8039,0.5448
600280.SH,20220428,20211231,-60.8387,-64.3926,63.7109,-21.1929
002180.SZ,20220428,20211231,24.9888,281.1158,23.3365,5.8635
002341.SZ,20220428,20211231,-64.3707,13.1253,-36.1412,-37.0004
000883.SZ,20220428,20211231,46.2387,-1223.6367,-15.8955,7.2253
300032.SZ,20220428,20211231,-2.4555,-22.3781,-17.3038,-5.3895
605259.SH,20220428,20211231,23.3958,116.569,22.7721,14.4613
300418.SZ,20220428,20211231,22.683,-205.9944,43.3885,12.8114
300230.SZ,20220428,20211231,-45.1405,105.8974,21.4477,8.7501
688683.SH,20220428,20211231,3.7039,0.9631,26.3603,8.6946
300969.SZ,20220428,20211231,26.2144,2.9607,20.7551,18.7001
603667.SH,20220428,20211231,24.0071,-54.2244,1.7094,4.5787
002855.SZ,20220428,20211231,-12.0641,-623.9429,4.2345,-16.7878
002124.SZ,20220428,20211231,-24.062,-519.778,14.9099,-80.1874
601838.SH,20220428,20211231,13.8825,48.0051,-648.0167,15.9309
002351.SZ,20220428,20211231,-4.1239,-32.914,38.5605,11.3176
300589.SZ,20220428,20211231,12.9517,30.8498,47.21,5.6731
603666.SH,20220428,20211231,23.7391,46.9117,1.5127,17.9176
300578.SZ,20220428,20211231,-27.792,-2793.3124,17.5036,-20.2204
002034.SZ,20220428,20211231,0.3,14.0743,78.1864,12.4964
601366.SH,20220428,20211231,-20.8734,-128.4265,-8.7447,-2.9291
603828.SH,20220428,20211231,-23.547,-2069.2329,8.5006,-28.0287
300300.SZ,20220428,20211231,-42.6265,1.2139,-0.0373,-32.3175
600630.SH,20220428,20211231,-29.4962,-87.6768,26.5053,-25.4349
300175.SZ,20220428,20211231,-4.8962,87.7018,5.902,-9.9553
600939.SH,20220428,20211231,-4.8718,-179.1693,6.4713,0.6773
603277.SH,20220428,20211231,64.5261,18.2439,-1.5681,15.1186
600120.SH,20220428,20211231,-18.6748,-37.316,3.7788,4.3132
000729.SZ,20220428,20211231,48.1572,-17.7917,-74.1823,1.2871
600525.SH,20220428,20211231,-4.1191,-1642.6579,20.09,-28.7696
688267.SH,20220428,20211231,-17.0998,-54.4035,-17.2722,16.5476
601619.SH,20220428,20211231,58.8616,6627.5012,43.9067,16.7933
605003.SH,20220428,20211231,14.7242,-14.2438,22.5965,12.5973
300002.SZ,20220428,20211231,0.7076,19.2446,13.6358,7.7299
600169.SH,20220428,20211231,-6.3526,-115.8877,0.9729,-1.4441
300569.SZ,20220428,20211231,32.0763,-34.6549,-1.0083,12.4861
603003.SH,20220428,20211231,55.5878,-90.5885,15.8821,-4.9326
300522.SZ,20220428,20211231,7.0446,-120.5127,60.0178,12.5272
600543.SH,20220428,20211231,-36.9085,-917.1101,84.1589,-8.1864
300546.SZ,20220428,20211231,14.2147,1454.3512,29.3794,0.0925
603900.SH,20220428,20211231,-31.2346,-662.9891,39.4864,0.7553
601139.SH,20220428,20211231,38.4685,-34.5902,4.2639,11.0277
688599.SH,20220428,20211231,39.237,62.9119,10.6132,9.6152
000061.SZ,20220426,20211231,16.8199,101.3512,44.753,3.86
300987.SZ,20220427,20211231,13.4856,71.2081,89.2822,5.2173
300043.SZ,20220428,20211231,14.008,-41507.8227,45.0468,-26.4685
688609.SH,20220428,20211231,42.7615,-26.4005,30.1545,7.8975
300814.SZ,20220428,20211231,73.4406,15.239,-8.785,10.7787
000685.SZ,20220428,20211231,-11.4175,-9.3792,8.5936,10.0065
603697.SH,20220428,20211231,5.2483,-8.9779,-0.6426,9.4549
603323.SH,20220428,20211231,2.2365,79.6379,159.2705,8.9559
002562.SZ,20220428,20211231,66.0674,134.328,20.6817,0.3237
300438.SZ,20220428,20211231,54.0466,121.0544,16.7763,5.2452
600197.SH,20220428,20211231,-26.469,-66.8244,35.2348,8.7478
300272.SZ,20220428,20211231,19.4024,144.9748,15.3103,5.3337
688229.SH,20220428,20211231,-8.409,-82.0592,-29.5025,-10.3243
301082.SZ,20220428,20211231,62.542,-34.9721,-64.2093,11.2534
603630.SH,20220428,20211231,1.1669,-80.5959,4.1587,0.1849
600975.SH,20220428,20211231,-39.0452,-495.2237,-28.8492,-15.6837
601858.SH,20220428,20211231,-0.8823,-10.8,44.7478,10.234
002673.SZ,20220428,20211231,28.5266,119.8814,-38.7675,5.2201
300510.SZ,20220428,20211231,47.288,-83.4899,29.241,0.0467
688088.SH,20220428,20211231,-30.8483,-55.725,52.8069,3.6887
300627.SZ,20220427,20211231,11.6004,33.9179,57.5917,14.065
603233.SH,20220428,20211231,7.6668,-113.8886,7.5559,13.2179
301228.SZ,20220428,20211231,-2.0328,4.8275,53.7712,12.0165
600236.SH,20220428,20211231,-15.5848,-139.9375,-1.0219,8.0553
603396.SH,20220428,20211231,105.2343,-197.9841,-15.3482,3.6163
603588.SH,20220428,20211231,-6.6836,4.3705,8.5478,13.466
000860.SZ,20220428,20211231,5.3835,-1893.678,26.6794,1.3389
300687.SZ,20220428,20211231,33.3976,38.7116,19.2013,12.7711
300176.SZ,20220428,20211231,13.1208,-356.1885,12.3879,-5.7158
600297.SH,20220428,20211231,-25.9551,-109.1542,25.0767,3.2963
601117.SH,20220428,20211231,8.9407,96.2064,13.3339,8.0815
300474.SZ,20220428,20211231,49.1207,-28.908,49.7471,9.5062
002491.SZ,20220428,20211231,-3.4642,-1797.0678,17.048,-36.5804
605287.SH,20220428,20211231,26.604,-116.8734,9.7297,12.3088
300097.SZ,20220428,20211231,-48.5168,-9311.8187,-0.8863,-72.1074
688728.SH,20220428,20211231,-3.4577,119.064,4.6322,23.4291
300061.SZ,20220427,20211231,-48.913,46.8559,10.6125,-27.2631
603256.SH,20220426,20211231,27.773,-24.9894,22.2702,7.6021
002870.SZ,20220426,20211231,393.9324,-332.1984,25.5659,18.3654
300877.SZ,20220426,20211231,-13.9027,-86.1526,15.0351,1.3161
000672.SZ,20220427,20211231,32.3914,14.7007,49.8454,27.8626
300247.SZ,20220425,20211231,0.3511,80.8942,10.519,0.6074
301171.SZ,20220728,20211231,,,-8.4816,16.0123
688184.SH,20220830,20211231,,,15.4003,7.5141
688656.SH,20220425,20211231,4.9845,-36.2035,73.8861,15.0156
300382.SZ,20220425,20211231,21.9612,378.6723,23.0156,8.6174
002083.SZ,20220426,20211231,21.2774,1466.6186,7.8853,5.8525
300664.SZ,20220427,20211231,-33.4473,-75.3522,8.4671,7.8476
000850.SZ,20220427,20211231,-4.7488,534.1848,-5.6974,3.37
002275.SZ,20220427,20211231,3.6182,281.4632,24.455,8.9835
300949.SZ,20220427,20211231,14.5625,-37.5082,2.0545,7.3112
000936.SZ,20220427,20211231,19.028,715.3857,-22.8614,6.9421
300812.SZ,20220425,20211231,16.399,20.8945,17.3587,7.7495
601136.SH,20221114,20211231,,,810.7547,9.0204
600959.SH,20220426,20211231,-0.6093,149.2279,73.2808,-0.9179
000566.SZ,20220427,20211231,3.904,-76.5359,13.2187,-45.2068
301126.SZ,20220425,20211231,8.7571,-48.1228,23.9698,4.7796
002651.SZ,20220427,20211231,-26.9254,-52.6887,54.8908,7.7752
300998.SZ,20220425,20211231,-7.3305,-8.1388,2.0889,2.9889
300081.SZ,20220425,20211231,139.095,-17.5477,22.1404,-25.8885
300194.SZ,20220426,20211231,14.4397,-3525.8826,27.4272,-8.2569
600820.SH,20220426,20211231,5.3902,3.8935,24.9079,9.4269
600225.SH,20220427,20211231,-38.9189,130.2374,-2.398,
301297.SZ,20221212,20211231,,,27.7029,13.4246
300735.SZ,20220425,20211231,172.6792,382.8556,-2.7956,6.5857
600645.SH,20220425,20211231,7.4422,86.3434,23.5315,1.605
834475.BJ,20220427,20211231,10.1655,-84.9429,-43.8819,8.402
688426.SH,20220929,20211231,,,98.8182,23.2466
002975.SZ,20220426,20211231,2.5434,-60.191,31.9632,14.482
603200.SH,20220427,20211231,46.5976,146.7978,-2.0376,4.4763
002431.SZ,20220427,20211231,-84.6026,-17957.3101,-92.5415,-16.9161
300478.SZ,20220427,20211231,13.2091,98.2039,-2.5074,-64.6034
300816.SZ,20220425,20211231,14.9422,-63.2558,17.566,4.5238
300030.SZ,20220425,20211231,-29.1236,65.6266,14.0485,0.2359
300902.SZ,20220425,20211231,-0.4237,-43.202,36.2017,1.6904
834770.BJ,20230211,20211231,,,36.2428,12.2113
605289.SH,20220426,20211231,-3.7944,-18.1419,40.6099,11.0803
300763.SZ,20220426,20211231,37.5477,2.6864,28.0227,19.2685
002682.SZ,20220426,20211231,32.2044,97.1859,5.2408,-3.2809
603755.SH,20220427,20211231,24.2509,13.4976,36.0505,10.8577
301093.SZ,20220425,20211231,26.3822,8.8934,61.3677,15.2126
601702.SH,20220427,20211231,31.8892,40.8091,32.9854,16.5792
002957.SZ,20220427,20211231,-9.7104,-371.3293,-18.4346,-0.1825
301332.SZ,20230424,20211231,,,,13.4963
000012.SZ,20220425,20211231,5.5954,-62.8638,37.4489,13.3028
300482.SZ,20220425,20211231,33.8974,-89.4517,46.2265,17.7739
300172.SZ,20220425,20211231,-14.3856,-61.2088,33.9018,4.3041
300947.SZ,20220425,20211231,17.9626,-21.5784,82.0613,7.1768
300428.SZ,20220425,20211231,27.4087,-20.2379,-4.493,7.6546
300364.SZ,20220425,20211231,1.5573,1510.4585,8.0257,1.5541
430047.BJ,20220427,20211231,173.3178,-9.2228,-38.4023,-22.2622
300488.SZ,20220426,20211231,5.5052,142.9104,57.021,11.0528
300493.SZ,20220427,20211231,25.0615,-2.765,4.1605,7.4908
000971.SZ,20220427,20211231,-37.7279,-545.6576,-62.6681,-57.8156
300010.SZ,20220427,20211231,-10.7545,83.9417,43.161,-173.7633
300913.SZ,20220425,20211231,21.7529,32.5711,9.4057,9.3458
300425.SZ,20220425,20211231,10.622,-12.4849,8.9297,8.5869
300460.SZ,20220425,20211231,-9.5184,-318.0747,53.912,12.8176
300780.SZ,20220425,20211231,62.9187,-26.6423,-117.3499,5.6827
300668.SZ,20220425,20211231,30.0938,-192.9621,19.3212,3.4423
300344.SZ,20220425,20211231,210.0352,90.1839,-60.1499,-2.5384
300632.SZ,20220425,20211231,-11.2584,-174.129,2.7177,1.4554
300637.SZ,20220425,20211231,43.0801,-104.7302,14.5702,1.169
300643.SZ,20220425,20211231,7.974,74.6135,17.5159,15.8393
300554.SZ,20220425,20211231,-2.5044,-2273.6801,-12.2665,-15.1318
301086.SZ,20220425,20211231,-9.235,-31.909,50.9176,11.9342
600405.SH,20220429,20211231,-18.8922,-38.0278,18.0308,-14.7126
601368.SH,20220426,20211231,85.3779,629.8037,19.7123,6.3175
002900.SZ,20220427,20211231,-36.057,-2735.11,1.5056,-7.66
688409.SH,20220914,20211231,,,21.931,7.6179
300975.SZ,20220425,20211231,58.7631,40.1822,-8.805,16.8539
301193.SZ,20220425,20211231,14.9837,-34.2247,17.3972,5.696
301326.SZ,20220830,20211231,,,29.11,19.2718
603367.SH,20220427,20211231,0.1652,-56.9926,19.4138,6.0966
002716.SZ,20220425,20211231,953.9593,-99.5832,-65.5918,-5.1481
000899.SZ,20220425,20211231,-15.999,-828.5505,-10.7374,-4.7367
300806.SZ,20220425,20211231,31.8619,3.6381,19.6977,12.6446
831406.BJ,20220429,20211231,,,,17.8192
301032.SZ,20220427,20211231,-23.0398,-9.8688,30.7648,6.4261
300869.SZ,20220427,20211231,-34.7027,-34.7093,-4.3684,20.2365
002932.SZ,20220427,20211231,179.5321,261.8379,37.957,72.1422
300973.SZ,20220425,20211231,40.4284,16.5796,18.2899,20.4128
300430.SZ,20220425,20211231,-2.0591,4.9517,19.0378,4.9116
600019.SH,20220429,20211231,6.053,-57.7351,35.2542,12.5365
301198.SZ,20220426,20211231,-4.9263,-23.7827,-37.7642,9.1317
600200.SH,20220427,20211231,-21.2789,94.2073,50.6711,-4.7514
600503.SH,20220427,20211231,-84.564,38.078,118.1328,2.2236
301006.SZ,20220425,20211231,2.7309,-33.9419,50.1304,15.5979
300308.SZ,20220425,20211231,28.6488,19.3014,19.3781,7.5116
301227.SZ,20220902,20211231,,,35.7701,13.3645
839273.BJ,20230131,20211231,,,-36.5339,17.2837
834261.BJ,20230310,20211231,,,7.1508,21.478
835207.BJ,20220908,20211231,,,27.3765,14.8663
870508.BJ,20221202,20211231,,,85.3804,12.0944
300593.SZ,20220423,20211231,65.9771,43.9443,11.8805,28.2958
002385.SZ,20220423,20211231,4.4938,-215.7937,7.1762,-7.8765
430476.BJ,20220922,20211231,,,40.3321,10.6599
003026.SZ,20220426,20211231,57.9341,-28.5524,12.8318,16.5747
000961.SZ,20220426,20211231,-44.6426,-281.1524,84.8465,-15.4905
002318.SZ,20220426,20211231,7.861,-18.2551,-0.9705,14.7882
300691.SZ,20220426,20211231,-8.656,-61.5219,2.4238,5.3194
002437.SZ,20220426,20211231,-1.5836,74.5887,8.1596,-1.4102
603976.SH,20220426,20211231,63.792,221.2358,3.585,8.3802
301027.SZ,20220426,20211231,-2.057,-2.9012,23.7678,18.1381
300542.SZ,20220426,20211231,18.2305,-2.5383,32.4323,9.593
300960.SZ,20220426,20211231,-6.1315,-16.4718,7.733,7.0476
300567.SZ,20220426,20211231,-23.6968,-89.2286,25.8596,4.5887
688220.SH,20220426,20211231,88.2101,50.0094,12.3479,-39.9892
603088.SH,20220426,20211231,2.5563,-1.1863,60.5008,13.2257
300948.SZ,20220426,20211231,131.3976,175.6951,-24.1547,10.755
603196.SH,20220426,20211231,12.5029,-21.1202,21.355,8.5984
003007.SZ,20220426,20211231,-10.3677,-69.762,16.2046,-9.9846
600239.SH,20220426,20211231,311.0418,58.2984,62.0657,-1384.5816
002493.SZ,20220426,20211231,60.769,63.0884,-0.133,28.9765
688379.SH,20220426,20211231,9.2087,-82.2577,-16.1013,4.51
688277.SH,20220426,20211231,-13.8581,-397.6121,9.556,-10.3066
688117.SH,20220426,20211231,-0.4245,-0.6667,22.1672,9.5035
002579.SZ,20220426,20211231,13.6894,-100.0488,-9.3161,4.7971
601098.SH,20220426,20211231,-13.8861,18.2839,-2.363,9.2312
300165.SZ,20220426,20211231,55.2479,-3257.5677,-37.0563,-4.131
600482.SH,20220429,20211231,7.7229,312.8003,39.1772,0.5047
300169.SZ,20220426,20211231,-18.9764,42.1951,-46.7717,-30.9927
002654.SZ,20220426,20211231,-1.4301,-11148.3274,24.5115,-21.4474
002950.SZ,20220426,20211231,-19.7721,-48.54,22.563,12.1189
300840.SZ,20220426,20211231,7.6576,455.5176,23.6199,4.5013
300972.SZ,20220426,20211231,44.5572,81.9821,30.179,0.7375
002738.SZ,20220426,20211231,120.8499,247.0702,47.6325,14.9132
300901.SZ,20220426,20211231,0.8757,-66.2457,6.8448,5.3793
870866.BJ,20221125,20211231,,,20.1433,15.7993
301070.SZ,20220426,20211231,-1.5791,-173.6902,32.5845,8.229
300103.SZ,20220426,20211231,1.7379,-25.9741,9.9907,-10.0752
300917.SZ,20220426,20211231,38.1275,2.0917,18.704,11.5716
000603.SZ,20220426,20211231,15.234,59.5237,67.271,16.9685
600745.SH,20220426,20211231,5.3608,264.8492,20.1622,7.0154
688056.SH,20220426,20211231,-18.9585,-44.4025,37.1525,8.2534
300615.SZ,20220426,20211231,27.125,-58.9108,18.1706,0.31
002926.SZ,20220426,20211231,-8.6248,-46.1162,-62.5744,7.4601
601567.SH,20220426,20211231,19.7965,-89.881,35.1123,5.9355
000100.SZ,20220428,20211231,52.364,-59.5649,20.9301,24.4672
002568.SZ,20220426,20211231,12.9679,-32.4055,26.5419,17.9692
300003.SZ,20220426,20211231,22.619,-17.9644,36.3798,17.3792
300180.SZ,20220426,20211231,-8.9201,85.3927,29.0095,0.1863
000665.SZ,20220426,20211231,-12.7863,59.5022,48.5163,-8.2851
603345.SH,20220426,20211231,28.0632,-16.1073,6.3506,12.7838
002036.SZ,20220426,20211231,83.2426,-64.8885,15.9715,0.6782
603538.SH,20220426,20211231,38.8558,-52.0337,10.774,7.6287
002555.SZ,20220426,20211231,32.0131,130.5437,37.5594,31.2502
002540.SZ,20220426,20211231,22.5059,60.5934,4.1255,7.2363
300845.SZ,20220426,20211231,-13.5386,-42.8513,64.5997,4.3435
300565.SZ,20220426,20211231,-38.5034,-518.491,-9.3105,-20.2459
002200.SZ,20220426,20211231,-77.0541,-627.9359,462.1902,-116.2619
300117.SZ,20220426,20211231,-47.9897,-1070.0422,-44.3043,-165.007
300959.SZ,20220426,20211231,-7.2458,-26.0863,14.1838,9.942
002192.SZ,20220426,20211231,87.4521,137.9958,27.5757,10.5152
603717.SH,20220426,20211231,37.4147,-9.046,-53.0001,-18.5745
300124.SZ,20220426,20211231,34.6516,79.7016,24.7386,22.0079
300459.SZ,20220426,20211231,-5.2083,-18.3414,78.107,22.4106
600143.SH,20220426,20211231,19.6791,-108.7652,6.9611,10.3001
002514.SZ,20220426,20211231,26.7985,102.0628,-4.5225,-6.0684
600305.SH,20220426,20211231,-6.6491,-118.688,40.3123,4.741
002448.SZ,20220429,20211231,-2.9616,10.9374,6.8334,6.0794
000930.SZ,20220429,20211231,-8.6458,224.003,-7.4902,9.6768
603992.SH,20220426,20211231,49.0331,17.3403,18.7578,11.9475
300538.SZ,20220426,20211231,70.8173,-3684.968,2.0026,-4.0287
688561.SH,20220426,20211231,36.8088,-10.5234,11.7776,-7.9197
688036.SH,20220426,20211231,6.3778,40.2607,18.7495,25.3862
300464.SZ,20220426,20211231,-68.5898,-16550.7526,13.185,-129.3759
300491.SZ,20220426,20211231,30.4737,-22.3463,18.5654,2.7675
603365.SH,20220426,20211231,19.993,33.9325,45.4669,14.5002
002392.SZ,20220426,20211231,1.8916,-81.9212,7.3287,8.3781
600537.SH,20220426,20211231,1.548,38.6679,33.6171,-15.0413
002317.SZ,20220426,20211231,3.4157,95.0375,49.6791,8.5598
000547.SZ,20220426,20211231,-39.8715,-50.3559,44.8898,5.7535
300986.SZ,20220426,20211231,31.3018,12.6491,25.1206,14.2412
688085.SH,20220426,20211231,43.5357,88.1658,49.6884,7.806
002929.SZ,20220426,20211231,50.33,3.3107,49.5456,9.4087
600981.SH,20220426,20211231,-20.8381,20.42,-0.8561,-0.9818
688255.SH,20220429,20211231,-42.265,-37.0997,16.7914,7.2314
002348.SZ,20220429,20211231,-17.9934,54.6639,23.805,-17.6336
603136.SH,20220429,20211231,-32.8666,-72.0229,23.9845,4.0329
688080.SH,20220426,20211231,9.7523,96.0264,20.8696,10.1638
601101.SH,20220426,20211231,120.6032,1411.4025,30.5725,23.9134
300217.SZ,20220426,20211231,13.5349,3875.0866,8.8428,4.2718
600869.SH,20220426,20211231,2.7393,105.8098,9.3106,9.1527
000998.SZ,20220426,20211231,14.0622,-20.8285,28.6163,-8.1287
605577.SH,20220426,20211231,59.0795,490.0173,37.3162,6.7131
300667.SZ,20220426,20211231,14.49,27.8184,37.9206,5.4164
300658.SZ,20220426,20211231,17.2378,157.2708,-7.7814,-0.7608
600699.SH,20220426,20211231,-17.4594,-519.8679,6.4562,-28.5368
300120.SZ,20220426,20211231,-0.1449,-414.8203,11.2467,0.975
603608.SH,20220426,20211231,-11.6683,80.4192,-16.4051,-5.8876
000020.SZ,20220426,20211231,-15.0777,-146.0365,7.2372,1.8771
600105.SH,20220426,20211231,4.7933,95.0338,-16.9089,0.9151
603359.SH,20220429,20211231,57.5411,280.8605,21.0868,14.0392
002796.SZ,20220429,20211231,5.4546,-785.7018,-8.8836,-54.7496
002803.SZ,20220426,20211231,11.4622,-116.3143,2.5307,11.1514
603086.SH,20220426,20211231,22.6385,74.464,20.6326,8.5072
600711.SH,20220426,20211231,23.3182,-126.4812,4.3203,5.7592
300148.SZ,20220426,20211231,-47.3147,24.6157,101.9204,-35.5475
300145.SZ,20220426,20211231,-3.4236,55.1033,5.453,-32.6876
300909.SZ,20220426,20211231,15.3869,84.7583,18.259,11.5001
003029.SZ,20220426,20211231,28.4465,46.1765,45.7197,10.2
300925.SZ,20220426,20211231,41.2466,-1.2796,18.8549,9.581
300746.SZ,20220426,20211231,5.7416,-65.3821,19.9101,3.7182
002123.SZ,20220426,20211231,47.7977,-668.7651,-35.2805,-6.9548
300921.SZ,20220426,20211231,20.9765,-34.7268,22.4597,6.2394
000792.SZ,20220426,20211231,298.8423,1070.6121,7.2271,66.6179
833230.BJ,20221122,20211231,,,2.2901,31.1932
600741.SH,20220429,20211231,-5.3572,-23.1999,1.6194,9.7984
002451.SZ,20220426,20211231,72.5387,-76.0438,-70.6436,0.8903
300626.SZ,20220426,20211231,-10.9963,3116.7113,-4.6089,8.1998
300630.SZ,20220426,20211231,-8.4551,-78.428,0.0946,17.7116
300404.SZ,20220426,20211231,31.0538,326.3344,13.6649,4.0079
603725.SH,20220426,20211231,165.9452,-578.1117,21.871,-7.9142
600243.SH,20220426,20211231,45.1668,-462.9849,37.6817,-13.2208
605009.SH,20220426,20211231,47.5153,23.0048,24.911,12.2115
688162.SH,20220426,20211231,29.9516,-111.4391,-10.2873,6.2859
300393.SZ,20220426,20211231,15.234,-132.0951,-1.291,-10.3804
300045.SZ,20220426,20211231,22.2198,-1342.5782,128.1751,-14.2824
300334.SZ,20220426,20211231,-22.0567,123.3201,18.3674,0.7892
300585.SZ,20220426,20211231,9.862,136.7454,23.2868,2.8651
688208.SH,20220426,20211231,22.7209,-15.3655,-9.9273,14.189
300260.SZ,20220426,20211231,67.9828,147.2872,24.3416,13.5866
603855.SH,20220429,20211231,8.5385,42.7929,29.8575,18.0682
600587.SH,20220429,20211231,-18.7724,460.9351,5.4799,8.267
688129.SH,20220429,20211231,30.7609,26.6642,25.2796,8.8226
300250.SZ,20220426,20211231,6.2833,110.482,35.5269,10.4396
603106.SH,20220426,20211231,-14.9003,-102.5381,86.9991,-1.2571
002111.SZ,20220426,20211231,-32.1499,-277.8721,79.7108,1.0169
301168.SZ,20220426,20211231,-22.3886,-35.493,75.1408,5.8307
600521.SH,20220426,20211231,26.7102,-214.3394,12.5956,0.9094
300366.SZ,20220426,20211231,-35.3875,91.9863,25.5572,-1.8596
300515.SZ,20220426,20211231,23.774,8.2355,30.2904,12.5688
600487.SH,20220426,20211231,63.239,-35.8173,7.5206,6.6505
002768.SZ,20220426,20211231,67.2821,123.2761,3.3179,19.1704
301023.SZ,20220426,20211231,14.2791,16.3883,46.3256,11.0428
300014.SZ,20220426,20211231,93.1907,-2.2481,26.8665,15.7666
300210.SZ,20220429,20211231,-44.0506,-268.9285,119.849,-21.9117
002897.SZ,20220429,20211231,79.3368,152.0821,1.5127,8.0251
600238.SH,20220426,20211231,-51.8986,-180.1295,-32.4836,-17.4967
300426.SZ,20220426,20211231,913.1701,2471.8822,84.7174,10.7265
603315.SH,20220426,20211231,17.4591,-6.6564,-1.5394,4.9911
002674.SZ,20220426,20211231,-19.243,-94.331,12.4544,7.6445
002719.SZ,20220426,20211231,40.4884,-97.6695,10.9496,0.6825
300397.SZ,20220426,20211231,-48.4799,-476.376,6.5098,-6.464
000703.SZ,20220426,20211231,28.5952,2027.7859,16.7455,11.0555
002835.SZ,20220426,20211231,33.3646,493.5317,10.9648,8.2217
600278.SH,20220426,20211231,-31.368,-40.9584,8.1957,3.421
600736.SH,20220426,20211231,-10.9576,-29.7835,-57.1632,1.5591
688287.SH,20220524,20211231,61.9069,124.4448,7.5455,7.9791
300067.SZ,20220429,20211231,-3.2811,101.8548,17.2324,3.8554
300237.SZ,20220426,20211231,-46.5603,-640.8369,17.4554,-17.0422
301081.SZ,20220426,20211231,21.0409,21.4233,17.4882,11.2676
301196.SZ,20220426,20211231,-24.1036,-37.2494,36.2605,16.9511
300985.SZ,20220426,20211231,-88.2272,-123.9235,288.3825,1.7046
002038.SZ,20220426,20211231,11.518,-116.2691,60.7595,4.4038
301123.SZ,20220426,20211231,,,15.9956,20.4199
300839.SZ,20220426,20211231,58.1221,195.5348,38.0251,4.8628
002246.SZ,20220426,20211231,-3.4672,125.3872,39.5975,2.4779
002010.SZ,20220426,20211231,43.5606,53.3754,8.6859,12.7604
301066.SZ,20220426,20211231,-19.3234,-96.7986,11.0089,8.1193
600795.SH,20220426,20211231,22.1501,-898.3004,8.4378,-8.6635
301004.SZ,20220426,20211231,49.7888,-16.5992,28.5584,15.4185
300170.SZ,20220426,20211231,21.4175,686.5858,38.2646,-4.8029
300916.SZ,20220426,20211231,13.8855,35.1975,36.2245,13.5758
600578.SH,20220426,20211231,20.0688,-1383.3465,-30.532,-15.098
300123.SZ,20220426,20211231,13.2206,-7651.8952,15.4025,-26.9627
002632.SZ,20220426,20211231,-0.3228,-1307.8795,28.0746,1.8233
300447.SZ,20220426,20211231,41.2022,-28.8293,32.4887,10.5767
002669.SZ,20220426,20211231,38.5042,-33.5248,12.0348,0.2368
300963.SZ,20220426,20211231,20.8367,31.2681,15.2242,6.0619
605069.SH,20220426,20211231,-32.4255,-65.3322,-38.3099,6.8788
300625.SZ,20220426,20211231,1.3431,-259.8116,19.3491,0.4613
600704.SH,20220426,20211231,31.878,187.5854,11.3085,12.1887
300039.SZ,20220426,20211231,17.448,6287.4388,7.6322,4.4791
000019.SZ,20220426,20211231,-34.4967,39.2271,12.7979,8.185
002548.SZ,20220426,20211231,-30.7831,-260.9303,14.8267,-25.0719
601222.SH,20220426,20211231,-15.0986,37.1416,56.8934,6.982
300494.SZ,20220426,20211231,19.797,584.2417,43.5569,10.2078
300288.SZ,20220426,20211231,23.6434,202.5866,21.5017,3.9898
000958.SZ,20220426,20211231,-88.2657,8.3391,74.6305,7.0628
300719.SZ,20220426,20211231,-20.8529,-63.4394,56.0607,0.9065
300384.SZ,20220426,20211231,-1.3136,47.5421,11.347,9.1112
688685.SH,20220426,20211231,7.801,-3.0888,108.2802,7.5348
832023.BJ,20230107,20211231,,,-22.0809,6.9867
833914.BJ,20221027,20211231,,,,20.0849
836414.BJ,20221119,20211231,84.7973,852.8576,8.3793,34.3337
873339.BJ,20221028,20211231,78.3825,373.849,11.3964,33.4561
872190.BJ,20221209,20211231,,,-3.6008,17.8199
831526.BJ,20221208,20211231,,,8.6319,17.8044
833781.BJ,20221210,20211231,,,23.4271,30.9537
835892.BJ,20220923,20211231,-47.5042,-76.2972,36.6574,29.7052
873001.BJ,20221213,20211231,,,35.3055,20.304
872808.BJ,20221029,20211231,,,,46.3952
430139.BJ,20220915,20211231,34.4291,18.6457,92.6662,16.0782
872392.BJ,20221217,20211231,,,22.691,21.876
834033.BJ,20221202,20211231,,,23.4415,25.2102
832662.BJ,20221110,20211231,46.6526,-19.8222,31.9105,19.8089
835237.BJ,20221111,20211231,,,7.7908,19.9475
831906.BJ,20230208,20211231,,,-0.3179,12.0421
873527.BJ,20220929,20211231,,,31.5622,14.8491
838227.BJ,20221214,20211231,,,61.2462,28.0251
835857.BJ,20230228,20211231,-13.5216,15.8548,0.3597,10.6577
430017.BJ,20230512,20211231,,,24.4008,4.6134
836247.BJ,20221209,20211231,-10.6025,-6.9276,13.2103,27.7327
831641.BJ,20221117,20211231,,,12.112,14.8439
872541.BJ,20230222,20211231,,,24.9059,11.6397
872374.BJ,20221115,20211231,,,23.8947,41.0156
301192.SZ,20220810,20211231,-35.4004,-59.7115,56.4733,11.1874
831855.BJ,20221215,20211231,,,0.2991,11.1862
430425.BJ,20230110,20211231,,,81.9136,35.4786
836422.BJ,20230215,20211231,,,-2.2245,21.8491
831195.BJ,20221216,20211231,,,2.967,16.0862
834407.BJ,20230131,20211231,,,3.2569,14.6401
839371.BJ,20221231,20211231,31.9346,303.324,15.2162,6.4554
838971.BJ,20220914,20211231,,,40.7745,43.1135
870357.BJ,20221104,20211231,146.4975,218.2475,19.9638,49.4244
833394.BJ,20230408,20211231,20.1844,-41.1166,-27.2382,9.7754
831304.BJ,20230331,20211231,8.9728,12.3601,-5.9556,21.4816
838837.BJ,20230413,20211231,,,-6.6124,11.9341
836699.BJ,20230419,20211231,,,2.5991,36.1239
873588.BJ,20220423,20211231,,,,14.5314
871037.BJ,20220427,20211231,,,,18.2207
836249.BJ,20220420,20211231,,,,24.4467
870757.BJ,20220426,20211231,,,,27.0479
837934.BJ,20220421,20211231,,,,17.0559
833640.BJ,20220329,20211231,,,,8.8637
837601.BJ,20220427,20211231,,,,17.5801
873636.BJ,20220428,20211231,17.9657,14.8443,44.8844,21.1658
872931.BJ,20220427,20211231,,,,16.9511
834408.BJ,20220427,20211231,,,,20.6186
688691.SH,20240321,20211231,,,,7.3064
301287.SZ,20230601,20211231,,,,26.6939
300078.SZ,20220429,20211231,-100.7079,-4582.8751,,-31.378
600518.SH,20220429,20211231,-25.9603,131.1441,9.903,
000668.SZ,20220430,20211231,206.2866,11913.28,-188.3196,-13.5019
002899.SZ,20220430,20211231,-20.671,-185.7813,40.6861,2.8611
002665.SZ,20220430,20211231,-133.0022,83.8917,,-3.921
002345.SZ,20220430,20211231,32.1573,11.2507,-1.7038,9.7191
002617.SZ,20220430,20211231,-6.2897,-61.1559,-10.5853,-0.2149
000605.SZ,20220430,20211231,9.9285,-21.8904,13.2309,-1.5039
688329.SH,20220430,20211231,18.2571,29.7452,15.614,14.1283
002726.SZ,20220430,20211231,-33.5525,-438.0834,-1.7314,-17.2232
002146.SZ,20220430,20211231,-95.239,-360.1702,804.3673,-11.4527
000887.SZ,20220430,20211231,-13.6039,-23.011,2.7741,7.3192
002224.SZ,20220430,20211231,5.2275,-100.8641,46.7069,5.7012
688372.SH,20220930,20211231,,,50.9626,17.408
688435.SH,20221230,20211231,,,49.6895,7.9928
871753.BJ,20220930,20211231,11.2896,28.4071,47.1155,13.2667
688332.SH,20220628,20211231,,,11.4806,25.2772
002551.SZ,20220430,20211231,-11.5524,-191.1837,27.0091,0.5537
600339.SH,20220430,20211231,7.1248,-254.2198,31.1873,1.6856
600917.SH,20220430,20211231,12.6314,69.0024,0.7046,8.8502
002640.SZ,20220430,20211231,-48.1522,107.2698,9.5234,-169.6142
002081.SZ,20220430,20211231,-39.248,-1062.707,25.5486,-35.3983
000889.SZ,20220430,20211231,-64.7174,-23172.0693,69.0124,-129.1161
002495.SZ,20220430,20211231,-24.9773,-43.9494,141.9405,1.3358
002786.SZ,20220430,20211231,40.8669,-7.5658,1.5504,-112.7315
600490.SH,20220430,20211231,-53.3259,-103.8399,58.7382,1.204
600359.SH,20220430,20211231,-6.2727,-143.706,14.2203,5.254
000403.SZ,20220430,20211231,62.3286,6.0286,31.727,7.1206
688189.SH,20220430,20211231,-32.2506,-478.9562,107.2413,-11.6415
688682.SH,20220430,20211231,68.9073,36.6344,32.5041,12.827
002573.SZ,20220430,20211231,35.5492,352.4969,1.6292,9.2973
603135.SH,20230320,20211231,,,,32.6253
001360.SZ,20230321,20211231,,,,20.5583
688410.SH,20221208,20211231,,,26.7292,4.1777
688475.SH,20221208,20211231,,,13.463,34.2055
002769.SZ,20220430,20211231,-40.2898,-74.4115,-24.2564,0.9746
002277.SZ,20220430,20211231,-19.6752,-191.7036,31.3916,1.6797
002833.SZ,20220430,20211231,-0.297,-14.9323,32.1888,23.0584
600133.SH,20220430,20211231,5.0063,-30.6425,24.4435,6.6618
002714.SZ,20220430,20211231,32.1142,-127.8558,13.2778,12.9536
002647.SZ,20220430,20211231,14.3872,88.652,24.0112,-17.7643
000839.SZ,20220430,20211231,73.1819,57.3874,5.5436,-24.7129
603326.SH,20220430,20211231,-17.3887,-370.6582,49.7523,-19.4318
600628.SH,20220430,20211231,-1.5708,-122.5382,39.0753,0.4592
000716.SZ,20220430,20211231,-11.8966,-464.003,25.9185,-4.0818
600783.SH,20220430,20211231,6.0286,353.2439,-22.4679,12.8115
002535.SZ,20220430,20211231,-65.0489,-1152.3375,291.3423,-68.9276
002735.SZ,20220430,20211231,0.1319,-16.5815,10.585,9.6195
600257.SH,20220430,20211231,20.8823,-13188.0829,13.3996,-8.3211
600191.SH,20220430,20211231,518.0019,100.7313,-57.9547,0.5166
301390.SZ,20230419,20211231,,,,21.4303
688392.SH,20220906,20211231,,,39.3409,27.5329
301383.SZ,20230519,20211231,,,,25.0229
688252.SH,20220907,20211231,,,19.0002,45.3898
002397.SZ,20220430,20211231,7.9501,-1032.9429,10.8874,-9.4085
002173.SZ,20220430,20211231,-12.0435,74.5517,-2.1439,-4.3656
603068.SH,20220430,20211231,17.9166,136.3555,9.7817,2.2374
603399.SH,20220430,20211231,41.4915,76.5034,26.1959,0.6999
688711.SH,20220430,20211231,90.3154,171.3446,-45.6734,7.7617
600136.SH,20220430,20211231,-118.9389,-51.315,,-84.104
000596.SZ,20220430,20211231,42.5129,3.8078,41.0928,16.4498
002620.SZ,20220430,20211231,-22.0774,-7513.8288,10.9428,-118.6328
002565.SZ,20220430,20211231,-15.0712,-1526.2375,16.1123,-1.7587
000651.SZ,20220430,20211231,17.5477,-12.475,-9.1838,19.9688
002589.SZ,20220430,20211231,-52.5457,-52.9319,-11.6765,-3.0517
002131.SZ,20220430,20211231,19.1821,-155.2191,-2.2897,-11.8353
002830.SZ,20220430,20211231,-15.1412,-41.553,21.9516,4.0219
601059.SH,20221216,20211231,,,,9.8289
600112.SH,20220430,20211231,55.3438,310.4741,-30.9267,-3868.8865
688387.SH,20220906,20211231,,,25.1668,-58.4589
688203.SH,20220728,20211231,,,36.8994,5.3004
688349.SH,20220602,20211231,6.3845,-27.4546,43.1307,51.4944
688297.SH,20220607,20211231,,,-35.5405,32.4796
301321.SZ,20220817,20211231,19.545,-52.2065,27.0952,6.8755
301273.SZ,20220922,20211231,,,-2.6806,25.7439
688253.SH,20220711,20211231,,,93.7999,15.4499
301165.SZ,20221031,20211231,,,,31.1764
000881.SZ,20220430,20211231,31.8749,-256.5807,13.2929,0.8832
688486.SH,20230131,20211231,,,52.7812,29.7706
000821.SZ,20220430,20211231,40.3421,103.9424,43.5669,5.1078
600629.SH,20220430,20211231,13.9976,176.5155,39.3744,8.1704
002432.SZ,20220430,20211231,300.6951,811.1515,22.7704,34.5771
002502.SZ,20220430,20211231,153.6973,314.9633,35.6393,-6.1523
605319.SH,20220430,20211231,7.0839,-21.5964,40.4453,5.5127
000656.SZ,20220430,20211231,21.6301,-135.7511,13.9296,7.567
002291.SZ,20220430,20211231,53.2444,-502.464,25.0925,-16.1959
002301.SZ,20220430,20211231,-27.2202,-1681.0522,2.5847,-17.814
300736.SZ,20220430,20211231,-59.9072,94.1405,21.653,0.1688
600496.SH,20220430,20211231,27.4629,-20.3085,7.4215,8.8426
002867.SZ,20220430,20211231,54.5512,-27.292,39.7478,21.3599
603661.SH,20220430,20211231,19.0719,18.0453,9.1885,9.8542
600682.SH,20220430,20211231,4.0781,44.2632,51.3893,6.0292
301396.SZ,20221025,20211231,,,48.7567,23.37
000882.SZ,20220429,20211231,44.4472,-551.8417,49.1452,-0.7387
002089.SZ,20220429,20211231,52.7237,137.2176,-18.9336,-6.3446
301141.SZ,20230315,20211231,,,,28.423
873727.BJ,20220610,20211231,,,10.4416,9.0581
688006.SH,20220430,20211231,56.0646,-104.5839,33.9949,6.145
600546.SH,20220430,20211231,126.0168,1655.2146,53.3269,47.5281
002459.SZ,20220430,20211231,66.1417,237.5424,34.3843,11.8573
002468.SZ,20220430,20211231,21.7377,-2257.3579,16.0937,-11.3484
000920.SZ,20220430,20211231,-25.8641,-56.1802,18.0995,8.3803
000065.SZ,20220430,20211231,-8.4483,-44.6009,46.7639,6.423
601007.SH,20220430,20211231,28.7261,-43.4192,16.0467,0.859
000735.SZ,20220430,20211231,-3.0567,-10650.8011,34.702,-9.8447
603228.SH,20220430,20211231,29.7703,-4.3268,16.8501,12.1221
002058.SZ,20220430,20211231,27.1349,192.3543,13.4218,3.9977
002174.SZ,20220430,20211231,-29.5111,75.0833,17.1525,-5.701
002862.SZ,20220430,20211231,58.2131,66.7285,55.88,-3.9203
000967.SZ,20220430,20211231,-14.8765,-65.6643,58.1443,3.15
000504.SZ,20220430,20211231,-23.8626,-192.0521,146.3866,-135.9597
603567.SH,20220430,20211231,-12.5755,-54.1195,4.6627,1.264
001286.SZ,20230321,20211231,,,,3.018
600928.SH,20220429,20211231,-4.67,1.1225,686.9802,10.5393
600979.SH,20220429,20211231,11.2324,25.0793,28.3832,4.2039
002244.SZ,20220430,20211231,-13.7381,18.3113,2.5006,15.3384
688221.SH,20220430,20211231,-74.9657,-23.2835,-1463.8815,-15.6557
600250.SH,20220430,20211231,-25.083,-199.0639,42.6034,-22.882
002466.SZ,20220430,20211231,366.4394,312.0568,18.8474,14.8467
688328.SH,20220430,20211231,-36.4396,-60.9995,41.2958,8.237
002269.SZ,20220430,20211231,-37.4772,-80.1793,47.7285,-64.359
002721.SZ,20220430,20211231,-65.9057,52.8028,-28.4121,-85.8572
603797.SH,20220430,20211231,32.3599,90.1167,57.5531,12.2705
002440.SZ,20220430,20211231,-16.0598,-27.8642,-13.879,6.5347
300225.SZ,20220430,20211231,-33.0286,-300.5496,2.5384,-12.8562
603189.SH,20220430,20211231,5.0896,-60.8566,6.4511,4.0794
600056.SH,20220430,20211231,5.1068,-359.7546,9.5809,5.7719
688567.SH,20220430,20211231,173.3245,-1304.1441,64.0252,-13.0516
002168.SZ,20220430,20211231,-14.5964,55.0674,48.0735,-89.6229
002470.SZ,20220430,20211231,-11.3493,80.7639,-22.0209,-15.4064
000976.SZ,20220430,20211231,-91.6637,-159.9992,2340.8056,5.1677
601113.SH,20220430,20211231,-32.0691,-166.5746,1.7385,-20.6476
873167.BJ,20230120,20211231,28.5422,25.8308,24.3173,18.1922
688031.SH,20220922,20211231,,,-1.742,-40.278
688291.SH,20220928,20211231,,,18.4347,22.9565
002047.SZ,20220430,20211231,-33.416,-4453.8119,-32.4568,-50.2024
600595.SH,20220430,20211231,54.4917,109.8484,11.5131,12.9165
002366.SZ,20220430,20211231,2.9832,42.8553,52.4446,-202.2092
603887.SH,20220430,20211231,-16.2988,-716.0621,2.2386,-17.0886
002292.SZ,20220430,20211231,5.5241,19.8399,-9.2214,-15.2176
002663.SZ,20220430,20211231,6.5547,-169.5805,12.8458,-18.5759
000066.SZ,20220430,20211231,-15.2674,-54.6308,54.2174,1.4175
002097.SZ,20220430,20211231,-20.0461,-427.6507,14.6141,4.0968
600793.SH,20220430,20211231,-45.5914,-54.6405,22.4047,3.5423
002266.SZ,20220430,20211231,31.9389,-23.8714,-2.432,21.1882
600589.SH,20220430,20211231,-105.4256,44.9367,,-67.8902
601860.SH,20220430,20211231,22.6389,15.3092,-357.2867,9.5977
000638.SZ,20220430,20211231,297.3765,1265.7535,5.8608,4.2419
000790.SZ,20220430,20211231,77.0699,371.9715,2.4892,7.4471
000932.SZ,20220430,20211231,7.8167,22.9952,2.1137,24.2079
000523.SZ,20220430,20211231,126.5154,144.2668,-15.1431,
003041.SZ,20220429,20211231,-1.5135,-39.0148,74.2091,11.0097
000726.SZ,20220429,20211231,21.0445,6009.5635,6.1898,2.4312
688008.SH,20220429,20211231,172.8835,40.1799,34.1728,7.5014
002733.SZ,20220429,20211231,6.6849,-2097.4001,-4.0363,-19.651
002239.SZ,20220430,20211231,7.5347,35.2119,24.3913,-0.2761
000679.SZ,20220430,20211231,-29.3042,-8296.7063,35.3698,-41.1833
002115.SZ,20220430,20211231,-0.5257,-626637.1322,15.934,-30.0906
002335.SZ,20220430,20211231,11.5988,23.319,48.1593,9.5481
600791.SH,20220430,20211231,507.5865,1032.4789,9.6287,-2.1727
600082.SH,20220430,20211231,109.7114,-24.7371,21.6597,-0.9699
002405.SZ,20220430,20211231,93.7155,242.5411,20.5769,0.6024
300269.SZ,20220430,20211231,6.3954,84.4303,24.669,-55.1143
002159.SZ,20220430,20211231,-51.8075,-526.0398,23.9719,-18.1359
688419.SH,20221019,20211231,,,55.71,28.55
603282.SH,20230222,20211231,,,,25.1191
688152.SH,20220929,20211231,,,30.1287,31.764
002094.SZ,20220430,20211231,-46.9441,91.7136,38.873,0.3653
000697.SZ,20220430,20211231,-4.6738,-21.2597,-19.5206,-77.4798
000046.SZ,20220430,20211231,72.214,-135.9991,153.844,-88.6459
600501.SH,20220430,20211231,-20.8206,-9.5445,76.3026,1.4877
603030.SH,20220430,20211231,-47.7925,-4016.1129,-2.0751,-76.3327
002771.SZ,20220430,20211231,-8.0995,63.1413,50.8194,1.6869
002755.SZ,20220430,20211231,-38.027,-104.9956,43.2719,10.4314
000892.SZ,20220430,20211231,-143.2815,38.1796,,-22.9382
001282.SZ,20230428,20211231,,,,13.1201
688658.SH,20220429,20211231,5.6376,-8.6985,14.2191,13.6006
603669.SH,20220430,20211231,-62.6181,-268.2904,156.2449,1.991
601169.SH,20220430,20211231,2.5686,-17.7081,-159.2833,8.6872
605151.SH,20220430,20211231,-18.0537,3.6594,18.2596,7.2934
000909.SZ,20220430,20211231,-40.8598,283.4648,43.2756,1.4724
600060.SH,20220430,20211231,8.834,-17.4632,17.8225,5.0284
601611.SH,20220430,20211231,-0.4739,20.0032,27.3046,7.1529
002195.SZ,20220430,20211231,-28.6371,106.2507,-261.0178,4.0322
301539.SZ,20240321,20211231,,,,20.2902
600303.SH,20220430,20211231,-57.7166,-420.9016,-10.3,-18.7088
601065.SH,20230321,20211231,,,,11.0505
688120.SH,20220518,20211231,,,23.5991,16.0915
002064.SZ,20220430,20211231,53.7476,74.3925,41.4527,51.3941
002456.SZ,20220430,20211231,-49.994,3.6804,11.7011,-32.5017
603628.SH,20220430,20211231,-13.7404,-100.5312,8.1826,4.5948
002358.SZ,20220430,20211231,-4.3163,57.3504,33.8371,-15.6552
600734.SH,20220430,20211231,-13.6579,499.8771,-47.7895,
600742.SH,20220430,20211231,4.5737,-33.4469,-2.5901,9.552
002164.SZ,20220430,20211231,5.5783,1177.3969,30.0816,19.0505
000503.SZ,20220430,20211231,8.7106,39.7977,28.7005,-21.6762
300551.SZ,20220430,20211231,-59.2907,12.5803,140.5115,-5.0852
003040.SZ,20220430,20211231,24.9678,-30.8414,61.7568,4.9581
301369.SZ,20220907,20211231,,,33.3262,32.7078
688352.SH,20230329,20211231,,,,10.4953
688448.SH,20220831,20211231,,,4.6751,14.0298
002037.SZ,20220430,20211231,-9.068,-312.6982,-13.0901,-3.2718
600078.SH,20220430,20211231,-3.8349,184.6355,14.8365,-27.8334
603603.SH,20220430,20211231,-118.5408,-224.7819,,
600199.SH,20220430,20211231,8.0519,-112.7084,-35.2303,-6.9582
002370.SZ,20220430,20211231,-37.158,-199.2248,-21.425,-43.699
002201.SZ,20220430,20211231,-29.4409,-62.0998,-10.5305,3.1159
600988.SH,20220430,20211231,3.9259,-88.5976,-26.6262,12.2663
002842.SZ,20220430,20211231,25.0192,-224.9153,5.4129,1.704
603321.SH,20220430,20211231,55.0001,-22.3541,9.1438,3.2928
000700.SZ,20220430,20211231,-11.0456,-24.4207,3.3269,7.1489
600816.SH,20220430,20211231,,123.596,,-153.003
301365.SZ,20221031,20211231,,,6.9157,43.8183
688237.SH,20220614,20211231,,,70.3455,15.5214
688322.SH,20220620,20211231,,,-25.4633,-12.7437
300198.SZ,20220429,20211231,8.153,-1774.1276,-29.2979,-7.7917
000426.SZ,20220430,20211231,20.4766,69.129,54.6582,5.2561
603021.SH,20220430,20211231,-47.2156,-639.2992,-7.5101,-33.2574
000783.SZ,20220430,20211231,4.8964,36.8489,-9.5826,7.852
002069.SZ,20220430,20211231,12.3815,530.9131,14.2256,-366.2216
300489.SZ,20220430,20211231,24.1628,-154.9649,-68.1032,-3.6123
600606.SH,20220430,20211231,-12.8528,-268.6361,11.2144,6.4724
002708.SZ,20220430,20211231,1.4685,-1037.4821,-9.8177,-8.4736
600751.SH,20220430,20211231,-100.1046,129.8871,,19.572
603737.SH,20220430,20211231,9.9296,-371.9051,15.0644,-25.253
002652.SZ,20220430,20211231,-235.673,-628.6958,,-19.2998
301315.SZ,20230601,20211231,,,,20.2545
601061.SH,20230320,20211231,,,,15.3217
600287.SH,20220430,20211231,68.7261,-13304.1892,-15.0668,-27.0552
603559.SH,20220430,20211231,-11.2391,-11136.4406,34.0986,-53.1933
002933.SZ,20220430,20211231,-8.8923,-117.2357,72.1888,-0.768
600185.SH,20220430,20211231,-54.9398,1.0294,81.1421,5.4683
002789.SZ,20220430,20211231,-40.1993,-1376.8715,-20.875,-166.9784
688123.SH,20220430,20211231,17.6116,-40.9867,9.6676,5.7059
002581.SZ,20220430,20211231,1.2962,14.9977,-22.4945,11.3296
300495.SZ,20220430,20211231,-91.2754,-437.0979,-2855.7161,-53.5697
688307.SH,20230120,20211231,,,45.0275,10.0573
688512.SH,20230421,20211231,,,,-17.9884
603708.SH,20220430,20211231,8.3766,-1347.9641,-0.0625,-13.1804
000830.SZ,20220430,20211231,50.9173,185.757,25.9059,32.7154
002169.SZ,20220430,20211231,-17.7078,-248.8095,9.077,-9.9912
600900.SH,20220430,20211231,1.8395,10.8937,92.948,13.6708
002543.SZ,20220430,20211231,9.1902,-192.4797,5.0627,7.4497
000826.SZ,20220430,20211231,17.6933,56.3607,20.8663,-42.1101
002022.SZ,20220430,20211231,-29.0589,-55.6447,27.7201,23.8493
002040.SZ,20220430,20211231,-7.6516,-14.2126,48.4084,4.829
600228.SH,20220430,20211231,-7.7793,-20.1202,8.6909,18.4089
000070.SZ,20220430,20211231,-36.7019,-2279.4525,30.0116,-30.1341
600777.SH,20220430,20211231,183.0888,95.0026,80.8198,7.1242
301234.SZ,20220622,20211231,,,6.4158,27.8693
301317.SZ,20221230,20211231,,,15.904,18.6031
688489.SH,20221115,20211231,,,23.4922,20.9251
600109.SH,20220429,20211231,65.3893,161.9507,-218.4952,9.6588
601933.SH,20220430,20211231,3.396,-655.0107,-8.0039,-25.546
839792.BJ,20230311,20211231,,,54.3911,14.2713
301208.SZ,20220623,20211231,,,44.5876,23.9393
601968.SH,20220430,20211231,21.5677,464.7635,21.4638,8.9315
873122.BJ,20220908,20211231,-0.3342,5.7706,11.3367,12.9511
603363.SH,20220430,20211231,12.7665,-1538.1867,3.8646,-74.7338
830809.BJ,20230303,20211231,1986.3059,281.3958,-8.8124,22.6719
600221.SH,20220430,20211231,-29.4153,116.8744,-25.1945,
832214.BJ,20220430,20211231,,,,6.8386
688205.SH,20220721,20211231,,,4.5317,18.3494
301391.SZ,20221114,20211231,,,58.5275,24.4173
871634.BJ,20221110,20211231,19.9955,71.49,18.3407,30.0523
688132.SH,20220905,20211231,,,47.5317,10.9191
834014.BJ,20221123,20211231,-7.8074,-72.1772,32.7329,16.3234
688496.SH,20221209,20211231,,,-5.4044,7.4849
872351.BJ,20221215,20211231,,,6.4118,16.5789
301373.SZ,20230110,20211231,,,22.7081,15.8877
001373.SZ,20230518,20211231,,,-1.9343,25.3667
001328.SZ,20230320,20211231,,,,19.0664
603137.SH,20230328,20211231,,,,22.569
601133.SH,20230321,20211231,,,,15.4379
301356.SZ,20221021,20211231,,,22.5575,28.1621
603162.SH,20230217,20211231,,,,50.7152
603182.SH,20220823,20211231,,,-6.1368,17.6318
834950.BJ,20221223,20211231,1.9396,80.605,3.912,58.8732
688375.SH,20220701,20211231,,,84.36,14.8452
688443.SH,20230601,20211231,,,,
001309.SZ,20220620,20211231,,,31.9244,18.4284
688484.SH,20230317,20211231,,,,37.5517
688432.SH,20221024,20211231,,,36.8549,8.5362
301132.SZ,20220722,20211231,,,14.8534,14.3894
688570.SH,20230517,20211231,,,,31.1016
430685.BJ,20220916,20211231,,,69.171,29.7724
688334.SH,20230530,20211231,,,,5.0655
688506.SH,20221219,20211231,,,-43.2418,-39.3653
688543.SH,20230602,20211231,,,,16.5773
688539.SH,20230329,20211231,,,,19.503
688581.SH,20230427,20211231,,,,40.9922
001324.SZ,20230427,20211231,,,,17.6905
688602.SH,20230703,20211231,,,,11.7938
688531.SH,20230314,20211231,,,21.6092,16.0366
688141.SH,20221206,20211231,,,-13.2838,19.4661
688631.SH,20230607,20211231,,,,14.5969
688371.SH,20220714,20211231,,,7.0845,8.8007
688523.SH,20230516,20211231,,,,14.2188
688576.SH,20230518,20211231,,,,24.1923
688502.SH,20230216,20211231,,,,14.9457
001229.SZ,20220719,20211231,,,39.7581,33.5962
688147.SH,20221206,20211231,,,-19.6846,3.4909
001269.SZ,20220822,20211231,,,16.5476,31.2799
001283.SZ,20220822,20211231,,,5.5521,17.7122
833075.BJ,20221129,20211231,32.2672,31.6656,16.449,17.9753
001278.SZ,20230210,20211231,,,,16.3435
601089.SH,20220613,20211231,,,16.9049,27.501
688247.SH,20220808,20211231,,,104.8565,13.8013
001268.SZ,20220613,20211231,,,2.802,22.0376
688535.SH,20230316,20211231,,,,17.9455
688143.SH,20221118,20211231,,,8.9685,18.3896
688084.SH,20221121,20211231,,,116.3527,11.394
688429.SH,20230608,20211231,,,,10.3294
688353.SH,20220624,20211231,,,51.7835,50.7366
688053.SH,20220621,20211231,,,61.059,33.9757
688361.SH,20230427,20211231,,,,0.6617
301239.SZ,20220610,20211231,0.7656,-485.0572,22.5263,9.5112
688458.SH,20230428,20211231,,,,16.006
001230.SZ,20220627,20211231,,,34.4665,28.4429
603170.SH,20220628,20211231,,,16.5154,30.8443
872709.BJ,20220430,20211231,,,,23.8405
836942.BJ,20221124,20211231,,,-0.4927,25.8304
002776.SZ,20220702,20211231,-71.8273,-230.3,279.7162,-164.115
832876.BJ,20221025,20211231,,,,24.9112
688498.SH,20221202,20211231,,,14.3621,15.4394
301428.SZ,20230424,20211231,,,-27.5559,11.9885
688380.SH,20220719,20211231,,,15.6703,58.3055
688525.SH,20221213,20211231,,,-31.8892,8.1087
603235.SH,20220623,20211231,,,20.0821,45.8451
688623.SH,20230519,20211231,,,,29.509
688401.SH,20220729,20211231,,,35.3772,10.8948
688515.SH,20230113,20211231,,,80.2171,-5.6514
301333.SZ,20220720,20211231,,,54.9166,25.3346
301301.SZ,20221207,20211231,,,47.049,3.8322
603255.SH,20220711,20211231,,,8.0804,19.0809
688370.SH,20220805,20211231,,,46.2777,15.4397
603201.SH,20220718,20211231,,,0.3658,24.501
688469.SH,20230418,20211231,,,,-30.5074
688073.SH,20220915,20211231,,,-9.4716,18.1002
838262.BJ,20221216,20211231,-2.6962,-3.7802,9.5883,20.2372
688480.SH,20221108,20211231,,,17.7478,9.6929
301325.SZ,20230418,20211231,,,50.5744,35.2872
688433.SH,20230327,20211231,,,43.949,14.1917
688275.SH,20220908,20211231,,,-27.072,27.3127
301322.SZ,20230215,20211231,,,,36.9381
688629.SH,20230606,20211231,,,,7.3123
688146.SH,20230331,20211231,,,,19.2112
688507.SH,20230328,20211231,,,,7.0824
430300.BJ,20221123,20211231,30.4784,425.3153,62.3504,10.9913
001330.SZ,20220801,20211231,,,77.0021,5.4265
688114.SH,20220823,20211231,4.0045,-74.9604,44.4893,13.1481
688593.SH,20230515,20211231,,,,57.1496
688231.SH,20220701,20211231,,,28.4363,6.0091
603125.SH,20230320,20211231,,,17.5017,24.756
688552.SH,20230421,20211231,,,,14.6211
870199.BJ,20221117,20211231,,,23.2067,88.7023
832471.BJ,20230510,20211231,,,7.1204,28.6327
001299.SZ,20220919,20211231,,,43.7888,15.6489
001256.SZ,20221114,20211231,,,26.9908,18.374
601022.SH,20221031,20211231,,,6.1145,15.955
603163.SH,20220831,20211231,,,-1.1794,33.2009
688362.SH,20221028,20211231,,,37.7081,35.0653
833455.BJ,20230606,20211231,,,16.7913,17.8221
603151.SH,20220923,20211231,,,16.1452,35.376
688376.SH,20221031,20211231,9.4286,55.1453,1.7156,25.9658
603052.SH,20220921,20211231,,,21.2992,27.0752
688244.SH,20220923,20211231,,,39.6146,7.772
603057.SH,20220905,20211231,,,1.0866,23.1849
301262.SZ,20230531,20211231,,,,23.7451
001368.SZ,20230220,20211231,,,,22.9709
603153.SH,20230221,20211231,,,,9.0781
603307.SH,20230110,20211231,,,11.1018,22.7475
001287.SZ,20230320,20211231,,,13.8202,15.0402
688343.SH,20230316,20211231,,,,-29.5336
688522.SH,20230210,20211231,,,,21.4555
001223.SZ,20221129,20211231,,,19.6619,41.156
688485.SH,20221228,20211231,,,71.9163,9.6519
688472.SH,20230523,20211231,,,,-4.3443
001301.SZ,20221118,20211231,,,18.1593,33.859
837326.BJ,20220429,20211231,,,,19.4684
430547.BJ,20220429,20211231,,,,15.8683
873718.BJ,20220614,20211231,,,7.8974,4.4404
873712.BJ,20220618,20211231,,,9.3623,15.1756
835287.BJ,20220430,20211231,29.6966,373.5521,78.1103,31.7254
874327.BJ,20231230,20211231,,,,7.1972
832522.BJ,20231031,20211231,,,-0.5714,14.6758
837023.BJ,20240319,20211231,,,,8.7302
688530.SH,20240417,20211231,,,,11.9823
873931.BJ,20230218,20211231,,,,16.7731
873762.BJ,20220728,20211231,,,,13.3869
830879.BJ,20221206,20211231,10.2634,11.6962,59.0176,11.0096
603361.SH,20230921,20211231,,,,24.8821
001979.SZ,20220322,20211231,-0.7763,-60.0322,22.3536,8.4355
301488.SZ,20230612,20211231,,,,43.8454
301498.SZ,20230727,20211231,,,,8.7184
301505.SZ,20230629,20211231,,,,18.1326
833030.BJ,20231024,20211231,-14.3198,-17.2127,20.601,13.1909
301456.SZ,20230619,20211231,,,,23.5853
301487.SZ,20230720,20211231,,,,6.3579
301503.SZ,20230628,20211231,,,,19.8058
301292.SZ,20230612,20211231,,,,39.6733
301295.SZ,20230606,20211231,,,0.1641,27.9191
301469.SZ,20230731,20211231,,,,20.0529
301393.SZ,20230620,20211231,,,,34.3181
301329.SZ,20230620,20211231,,,,17.397
301555.SZ,20231012,20211231,,,,12.4511
601398.SH,20220331,20211231,6.3128,10.6453,-262.5268,11.2464
837174.BJ,20230728,20211231,,,29.0579,9.0582
301348.SZ,20230719,20211231,,,,11.1741
301486.SZ,20230615,20211231,,,,13.0638
301202.SZ,20230614,20211231,,,26.3467,16.6277
301418.SZ,20230726,20211231,,,,18.5841
300904.SZ,20230721,20211231,-10.0425,-18.1514,-0.2707,30.3374
301519.SZ,20230707,20211231,,,,14.1028
600941.SH,20220324,20211231,3.0833,10.2466,32.8852,9.4034
832982.BJ,20230706,20211231,,,28.1488,15.2926
002759.SZ,20220222,20211231,176.6272,805.4337,20.6127,24.3561
301172.SZ,20230704,20211231,-35.3133,-38.8188,71.8622,15.0195
002383.SZ,20220415,20211231,24.507,139.5334,15.3314,-31.3832
300804.SZ,20230605,20211231,,,,21.1222
301512.SZ,20230706,20211231,,,,24.901
001376.SZ,20231017,20211231,76.0079,-38.4767,35.3559,9.5809
301511.SZ,20230725,20211231,,,,36.3743
603276.SH,20230906,20211231,,,,13.7462
300490.SZ,20220428,20211231,91.7313,-67.8518,-1.07,1.5249
688716.SH,20230901,20211231,,,,17.387
832651.BJ,20230607,20211231,,,55.9755,19.6224
301528.SZ,20230804,20211231,,,,22.3531
300462.SZ,20220427,20211231,-50.6307,-99.9827,14.2711,-12.5456
301421.SZ,20230802,20211231,,,,18.2532
430718.BJ,20221208,20211231,,,4.2363,13.4789
600155.SH,20220429,20211231,18.4483,118.5369,61.9187,6.2893
834058.BJ,20230727,20211231,,,34.4688,102.1178
830896.BJ,20230331,20211231,,,1.3266,14.4126
830779.BJ,20230517,20211231,,,54.0056,27.3662
833429.BJ,20221130,20211231,,,35.187,9.0792
831175.BJ,20231205,20211231,,,36.5328,9.9231
600510.SH,20220426,20211231,17.4089,-78.3664,-36.7665,6.9818
301515.SZ,20230703,20211231,,,,14.3663
603880.SH,20220429,20211231,-24.5068,-707.5046,-42.3314,-3.3318
430478.BJ,20230209,20211231,,,46.2901,12.3829
837748.BJ,20230729,20211231,,,86.241,15.1096
838810.BJ,20221203,20211231,60.8324,719.3314,19.2106,38.1823
688592.SH,20230726,20211231,,,,4.8171
839493.BJ,20231019,20211231,109.0467,-159.6438,8.9815,-65.972
837663.BJ,20230225,20211231,,,57.6264,23.4804
603273.SH,20230926,20211231,,,,31.5349
873152.BJ,20230104,20211231,48.5567,83.9502,2.0629,40.4607
836208.BJ,20230328,20211231,,,71.9513,32.9016
872895.BJ,20230317,20211231,11.8395,-32.8011,25.608,27.6616
871694.BJ,20230407,20211231,,,32.5707,18.4078
832149.BJ,20230131,20211231,,,-1.0458,28.9779
832786.BJ,20230923,20211231,,,41.1163,11.6329
873305.BJ,20221207,20211231,-4.3216,-10.3107,4.9908,19.0646
833171.BJ,20221201,20211231,,,58.9912,70.063
837592.BJ,20230620,20211231,,,52.0154,15.0591
830974.BJ,20230221,20211231,,,16.4602,13.9674
871478.BJ,20230421,20211231,-30.8911,-45.0552,51.4685,24.0962
872953.BJ,20230803,20211231,,,33.532,39.9774
836717.BJ,20230614,20211231,,,47.1969,9.3965
836221.BJ,20230523,20211231,,,-17.7161,24.8754
873593.BJ,20230325,20211231,74.5821,20.582,29.3546,60.7891
832978.BJ,20230919,20211231,,,10.5384,13.0367
870726.BJ,20230719,20211231,,,-49.2985,19.9058
832469.BJ,20230905,20211231,,,74.3195,13.6104
838701.BJ,20230629,20211231,,,9.3099,11.3757
870976.BJ,20230810,20211231,21.4703,15.0393,25.7818,27.8532
836266.BJ,20220416,20211231,,,,14.5797
872495.BJ,20220429,20211231,75.4333,186.9222,16.3049,28.5788
836193.BJ,20220426,20211231,94.244,-30.2628,-76.9147,28.9728
834565.BJ,20220422,20211231,,,,5.8529
873549.BJ,20220423,20211231,4.4682,-32.5716,7.6919,8.0688
870840.BJ,20220326,20211231,2.0274,8.1488,13.9508,20.4953
835203.BJ,20220324,20211231,,,57.4023,38.3408
839258.BJ,20220429,20211231,223.8393,-124.5926,-3.2987,1.9372
430755.BJ,20220427,20211231,,,7.1626,21.9409
839036.BJ,20220317,20211231,,,,21.9921
833070.BJ,20220428,20211231,,,,45.2291
839962.BJ,20220430,20211231,,,44.3502,32.5398
831075.BJ,20220428,20211231,-342.8695,77.346,,11.9379
873664.BJ,20220611,20211231,,,,17.7696
837758.BJ,20220422,20211231,195.672,135.0734,113.3494,23.1499
873735.BJ,20220625,20211231,,,47.1173,33.7249
873778.BJ,20220722,20211231,,,,72.4309
873876.BJ,20220716,20211231,,,,34.5382
873689.BJ,20220608,20211231,,,,6.6805
873788.BJ,20220722,20211231,,,18.625,16.732
839010.BJ,20220430,20211231,,,,9.4782
301261.SZ,20230614,20211231,,,,19.03
301525.SZ,20230811,20211231,,,-0.2945,21.8255
301395.SZ,20230608,20211231,,,,23.1415
301518.SZ,20230713,20211231,,,12.6202,23.1835
301520.SZ,20230905,20211231,,,,37.7873
603193.SH,20230919,20211231,,,,28.7457
301558.SZ,20230911,20211231,,,,39.6476
301291.SZ,20230608,20211231,,,,25.4835
002485.SZ,20220430,20211231,-156.5848,-1411.2197,,-1.9802
301397.SZ,20230602,20211231,,,,25.4045
301381.SZ,20230621,20211231,,,,29.428
301372.SZ,20230721,20211231,,,,61.0942
301499.SZ,20230630,20211231,,,,10.8532
873690.BJ,20231223,20211231,,,0.7573,9.1579
301510.SZ,20230725,20211231,,,,10.6849
301362.SZ,20230717,20211231,,,,18.5581
301550.SZ,20230824,20211231,,,,24.049
688646.SH,20230711,20211231,,,,10.2328
301533.SZ,20230725,20211231,,,,19.6877
603119.SH,20230711,20211231,,,,26.0546
301507.SZ,20230811,20211231,,,,12.7647
301529.SZ,20230821,20211231,,,8.0548,19.8734
001239.SZ,20231122,20211231,,,,23.3192
301548.SZ,20230830,20211231,,,,19.2883
301446.SZ,20230707,20211231,,,,36.4447
603270.SH,20230815,20211231,,,,16.9445
301272.SZ,20230619,20211231,,,,20.4874
688648.SH,20231025,20211231,,,,7.8441
688450.SH,20230705,20211231,,,,39.998
688582.SH,20230609,20211231,,,,15.3453
688717.SH,20231214,20211231,,,,55.3138
301251.SZ,20230816,20211231,,,,19.9645
688620.SH,20230605,20211231,,,,9.2092
688610.SH,20230628,20211231,,,,25.7079
603296.SH,20230720,20211231,,,,12.2907
688563.SH,20230630,20211231,,,,24.6507
688612.SH,20230707,20211231,,,,11.4807
688671.SH,20230721,20211231,,,,13.2608
603275.SH,20230804,20211231,,,,35.9909
688702.SH,20230825,20211231,,,,-13.0961
688562.SH,20230428,20211231,,,,3.3849
301489.SZ,20230925,20211231,,,39.1974,16.3887
301516.SZ,20231115,20211231,,,,12.834
301468.SZ,20230630,20211231,,,69.7699,26.5523
603075.SH,20230822,20211231,,,,24.722
688651.SH,20230707,20211231,,,,20.7167
688627.SH,20230629,20211231,,,,12.9215
688657.SH,20230913,20211231,,,,35.4801
301170.SZ,20230605,20211231,,,,9.3859
301500.SZ,20230831,20211231,,,,24.7276
688591.SH,20230808,20211231,,,,9.0351
301210.SZ,20230609,20211231,,,8.3218,30.2217
301371.SZ,20230711,20211231,,,39.99,62.1413
301370.SZ,20230616,20211231,,,,11.2971
688638.SH,20230620,20211231,,,,33.1663
688573.SH,20230728,20211231,,,,20.8863
688549.SH,20230818,20211231,,,,-0.626
688603.SH,20230616,20211231,,,,19.9842
688347.SH,20230718,20211231,,,,6.6899
688652.SH,20231110,20211231,,,,15.5803
836504.BJ,20230804,20211231,,,86.7164,25.4702
688548.SH,20230727,20211231,,,,6.5481
688719.SH,20230908,20211231,,,,17.9713
837006.BJ,20230428,20211231,,,11.6284,16.0612
832175.BJ,20230613,20211231,,,21.5593,14.1633
873709.BJ,20220527,20211231,,,-3.6595,15.474
873833.BJ,20231027,20211231,,,,10.7215
873989.BJ,20221101,20211231,,,,8.2333
873873.BJ,20220716,20211231,,,,64.2316
874063.BJ,20230518,20211231,,,,24.3063
873739.BJ,20220610,20211231,,,,7.2837
873811.BJ,20220730,20211231,,,63.7732,0.6549
874021.BJ,20230121,20211231,,,,14.949
874007.BJ,20221119,20211231,,,,6.9875
873783.BJ,20220721,20211231,,,,10.3017
839418.BJ,20220430,20211231,,,,35.6658
873384.BJ,20220720,20211231,,,2.2462,15.7676
873864.BJ,20221020,20211231,,,37.524,26.3958
873741.BJ,20220715,20211231,,,-12.2921,17.8267
873809.BJ,20220730,20211231,,,,18.3751
873860.BJ,20220830,20211231,,,,10.9845
873914.BJ,20221026,20211231,,,,21.674
873766.BJ,20220712,20211231,,,,16.8806
873908.BJ,20221223,20211231,,,,6.3158
873444.BJ,20220726,20211231,,,,6.4152
301596.SZ,20240425,20211231,,,,24.3814
688151.SH,20220329,20211231,-17.8564,-65.9051,195.5105,10.0797
301392.SZ,20240516,20211231,,,,24.9422
920002.BJ,20240518,20211231,,,,12.2222
688692.SH,20240523,20211231,,,,50.0173
300784.SZ,20240524,20211231,,,,26.3846
301565.SZ,20240531,20211231,,,,29.3265
603381.SH,20240606,20211231,,,,10.6119
301580.SZ,20240606,20211231,,,55.0739,10.0331
603350.SH,20240614,20211231,,,,36.1575
603285.SH,20240618,20211231,,,,71.323
301603.SZ,20240621,20211231,,,,30.0453
873044.BJ,20230901,20211231,,,,19.4219
874085.BJ,20230426,20211231,,,,68.8173
873134.BJ,20230601,20211231,,,,21.1255
874085.BJ,20230426,20211231,,,,68.8173
873134.BJ,20230601,20211231,,,,21.1255
874325.BJ,20231201,20211231,,,,14.5896
874096.BJ,20230531,20211231,,,,11.9264
874087.BJ,20230606,20211231,,,,12.6005
873715.BJ,20220617,20211231,,,-15.999,7.347
873911.BJ,20221025,20211231,,,,15.8417
873755.BJ,20220706,20211231,,,,10.4207
874087.BJ,20230606,20211231,,,,13.3226
873715.BJ,20220617,20211231,,,-15.999,7.347
873911.BJ,20221025,20211231,,,,15.8417
873755.BJ,20220706,20211231,,,,10.4241
301552.SZ,20240627,20211231,,,,25.1897
874047.BJ,20230120,20211231,,,,26.7358
870355.BJ,20220430,20211231,,,,21.5372
874105.BJ,20230920,20211231,,,,10.0274
874134.BJ,20231129,20211231,,,,2.4847
874280.BJ,20230908,20211231,,,,17.0756
873702.BJ,20220521,20211231,,,-53.0465,19.9163
874400.BJ,20240124,20211231,,,,26.129
874308.BJ,20240208,20211231,,,,18.2304
874185.BJ,20230713,20211231,,,,36.1281
874195.BJ,20230719,20211231,,,,11.3931
874242.BJ,20230929,20211231,,,,5.1835
874399.BJ,20240120,20211231,,,,14.4713
837611.BJ,20220803,20211231,,,,32.0037
874435.BJ,20230629,20211231,,,,38.7937
874094.BJ,20231031,20211231,,,,2.7519
874397.BJ,20240220,20211231,,,,32.478
874450.BJ,20240614,20211231,,,,17.1324
873896.BJ,20230202,20211231,,,,21.72
873682.BJ,20220420,20211231,,,11.1535,7.8308
301606.SZ,20240705,20211231,,,,36.2461
603391.SH,20240712,20211231,,,,25.3394
301608.SZ,20240712,20211231,,,,31.552
688721.SH,20240718,20211231,,,,60.4546
603310.SH,20240726,20211231,,,,35.6271
301611.SZ,20240726,20211231,,,,19.4811
301571.SZ,20240802,20211231,,,,10.7924
603207.SH,20240807,20211231,,,,71.9891
301586.SZ,20240809,20211231,,,,27.7347
920118.BJ,20240810,20211231,,,23.0214,19.2071
688710.SH,20240815,20211231,,,,11.2806
301607.SZ,20240816,20211231,,,,21.0851
920008.BJ,20240817,20211231,,,,24.3431
001277.SZ,20240821,20211231,,,,18.2534
603091.SH,20240829,20211231,,,,31.7292
301600.SZ,20240829,20211231,,,,29.2096
920016.BJ,20240831,20211231,,,44.8273,38.7933
688615.SH,20240905,20211231,,,,38.4807
301551.SZ,20240905,20211231,,,,24.5121
920099.BJ,20240907,20211231,,,3.8641,12.7768
920019.BJ,20240913,20211231,,,10.4416,9.0581
301618.SZ,20240913,20211231,,,,14.1559
001279.SZ,20240913,20211231,,,,23.9684
000699.SZ,20220630,20211231,,133.0677,,
301522.SZ,20240920,20211231,,,,6.0374
301556.SZ,20240920,20211231,,,,18.0972
301613.SZ,20240926,20211231,,,,8.4258
301626.SZ,20240927,20211231,,,,17.8593
873884.BJ,20230218,20211231,,,,21.8056
872924.BJ,20240528,20211231,,,,10.5307
301592.SZ,20241009,20211231,,,,39.5961
688726.SH,20241010,20211231,,,,-40.7222
603205.SH,20241017,20211231,,,,14.7794
920088.BJ,20241017,20211231,,,3.2188,10.3565
301628.SZ,20241017,20211231,,,,27.7911
920066.BJ,20241019,20211231,,,,17.7701
301633.SZ,20241023,20211231,,,,29.369
920111.BJ,20241026,20211231,,,,14.949
688750.SH,20241031,20211231,,,,7.8421
301631.SZ,20241031,20211231,,,,36.6546
874070.BJ,20230117,20211231,,,,
873312.BJ,20220428,20211231,321.0701,-163.1297,-6.0537,4.9177
603395.SH,20241107,20211231,,,,17.7913
920060.BJ,20241107,20211231,,,7.8974,4.4404
688449.SH,20241108,20211231,,,,0.891
301622.SZ,20241114,20211231,,,,33.5297
688708.SH,20241115,20211231,,,,52.4556
920128.BJ,20241115,20211231,,,,10.3017
301617.SZ,20241120,20211231,,,,28.0604
688605.SH,20241122,20211231,,,,23.177
920098.BJ,20241123,20211231,,,37.8425,10.9715
301585.SZ,20241128,20211231,,,,24.1184
603194.SH,20241205,20211231,,,,34.1886
301598.SZ,20241205,20211231,,,,41.2436
920106.BJ,20241207,20211231,,,11.1535,7.8308
874194.BJ,20240522,20211231,,,,18.6037
001391.SZ,20241211,20211231,,,,31.6441
603072.SH,20241212,20211231,,,0.1581,18.9652
874111.BJ,20230603,20211231,,,,18.4979
920082.BJ,20241214,20211231,,,,6.3603
301581.SZ,20241219,20211231,,,,38.9829
688758.SH,20241220,20211231,,,,3.9767
301458.SZ,20241220,20211231,,,,31.1516
920116.BJ,20241221,20211231,,,,76.6919
874500.BJ,20241224,20211231,,,0.4184,30.2361
873374.BJ,20231227,20211231,,,,15.2656
874127.BJ,20231205,20211231,,,,5.9295
874392.BJ,20240127,20211231,,,,8.8826
874513.BJ,20241213,20211231,,,,28.1166
688583.SH,20241226,20211231,,,,65.2393
301601.SZ,20241226,20211231,,,,18.3951
874637.BJ,20241217,20211231,,,,18.4855
874603.BJ,20241203,20211231,,,,41.2975
874637.BJ,20241217,20211231,,,,18.4855
874603.BJ,20241203,20211231,,,,41.2975
874187.BJ,20230826,20211231,,,,6.8834
874433.BJ,20240313,20211231,,,,6.4644
873808.BJ,20220729,20211231,,,,12.7894
872893.BJ,20220423,20211231,,,,43.2816
874456.BJ,20240330,20211231,,,,9.961
874643.BJ,20241224,20211231,,,,17.966
874475.BJ,20240629,20211231,,,,21.5046
874555.BJ,20241207,20211231,,,,13.2573
874481.BJ,20241221,20211231,,,,50.1868
874476.BJ,20241206,20211231,,,,11.7978
873867.BJ,20221222,20211231,,,,12.1316
874560.BJ,20241219,20211231,,,,29.8681
874084.BJ,20241128,20211231,,,,24.9237
874311.BJ,20231024,20211231,,,,22.1958
874125.BJ,20240206,20211231,,,,41.8599
874175.BJ,20230929,20211231,,,,12.6532
873694.BJ,20230117,20211231,,,,26.0882
874402.BJ,20241211,20211231,,,,15.4729
834081.BJ,20220429,20211231,,,,13.2209
873697.BJ,20220521,20211231,,,22.3321,1.6458
873981.BJ,20221130,20211231,,,,8.6981
874552.BJ,20240329,20211231,,,,12.0687
874402.BJ,20241211,20211231,,,,15.4729
874391.BJ,20241121,20211231,,,,11.0703
301602.SZ,20250102,20211231,,,,15.4496
688545.SH,20250103,20211231,,,,11.9542
001356.SZ,20250103,20211231,,,,15.0334
001395.SZ,20250108,20211231,,,,21.031
688411.SH,20250108,20211231,,,,-0.5668
920108.BJ,20250116,20211231,-342.8695,77.346,,11.9379
834044.BJ,20220429,20211231,,,,6.8837
301173.SZ,20250212,20211231,,,,15.4905
603409.SH,20250213,20211231,,,,22.2731
301557.SZ,20250214,20211231,,,,14.0096
302132.SZ,20220331,20211231,-7.5269,-4.6104,29.0989,14.331
603271.SH,20250220,20211231,,,,44.0683
301275.SZ,20250220,20211231,,,,1.5873
301479.SZ,20250221,20211231,,,,13.7191
301501.SZ,20250227,20211231,,,,18.8098
603124.SH,20250228,20211231,,,,18.1482
001382.SZ,20250228,20211231,,,,12.7364
301535.SZ,20250306,20211231,,,,8.7586
688757.SH,20250306,20211231,,,,7.5435
301629.SZ,20250307,20211231,,,,23.8931
874378.BJ,20240613,20211231,,,,9.076
301616.SZ,20250313,20211231,,,,13.3391
603257.SH,20250313,20211231,,,,9.7816
301658.SZ,20250314,20211231,,,,39.5048
920029.BJ,20250315,20211231,,,,9.1301
874380.BJ,20240626,20211231,,,,30.3781
874617.BJ,20241203,20211231,,,,3.652
301665.SZ,20250320,20211231,,,,20.95
603210.SH,20250320,20211231,,,,14.3983
001335.SZ,20250321,20211231,,,,27.3232
603120.SH,20250327,20211231,,,,15.9556
301662.SZ,20250327,20211231,,,,28.2406
874652.BJ,20250128,20211231,,,,15.0398
301560.SZ,20230308,20211231,,,,19.8406
603202.SH,20241114,20211231,,,,29.519
001400.SZ,20230811,20211231,,,29.0334,51.8868
839583.BJ,20220428,20211231,,,33.3564,37.0527
301636.SZ,20231128,20211231,,,,25.6103
301595.SZ,20230625,20211231,,,,21.9448
688755.SH,20241231,20211231,,,,1.8008
920068.BJ,20220331,20211231,,,,1.9013
603014.SH,20241107,20211231,,,,6.7665
833137.BJ,20220429,20211231,,,,2.2797
874405.BJ,20240601,20211231,,,,9.9255
920819.BJ,20220319,20211231,45.0412,193.0279,3.4803,10.6141
920167.BJ,20220409,20211231,-1.7037,-18.2615,31.4474,15.2616
920682.BJ,20220331,20211231,19.7625,33.3013,26.3509,8.49
920445.BJ,20220420,20211231,6.4927,-20.8996,22.5328,15.2773
920489.BJ,20220421,20211231,208.8585,661.4461,29.9508,10.2673
920799.BJ,20220423,20211231,35.6527,-14.0686,43.6845,11.7944
833444.BJ,20220426,20211231,,,11.5726,12.6973
839255.BJ,20220426,20211231,,,29.1304,44.5162
833665.BJ,20220421,20211231,-28.5729,-25.6997,23.0474,9.2307
836479.BJ,20220421,20211231,-59.0583,-70.7427,-3.002,27.8873
836464.BJ,20220421,20211231,,,,12.692
835363.BJ,20220421,20211231,,,,29.0502
835401.BJ,20220419,20211231,,,-25.2714,10.7312
832075.BJ,20220421,20211231,-25.3378,-36.7915,68.1849,20.0404
830877.BJ,20220421,20211231,,,29.5016,22.5471
837931.BJ,20220426,20211231,-12.6053,-84.4366,57.9845,34.6574
833302.BJ,20220426,20211231,,,,0.461
834218.BJ,20220426,20211231,,,23.4365,-20.4573
833936.BJ,20220429,20211231,,,45.6211,16.6765
838504.BJ,20220429,20211231,,,10.3133,55.7653
870710.BJ,20220427,20211231,37.1844,16.9014,-27.7455,24.4873
831827.BJ,20220427,20211231,,,70.453,14.5082
839874.BJ,20220427,20211231,,,,10.2046
430566.BJ,20220427,20211231,,,0.2786,13.9785
872249.BJ,20220427,20211231,54.449,49.0007,16.7745,42.5636
839123.BJ,20220428,20211231,-54.5702,-56.5134,10.0518,32.4109
836312.BJ,20220428,20211231,,,39.6418,41.9434
837305.BJ,20220428,20211231,,,2.2522,55.918
834684.BJ,20220311,20211231,,,-3.6844,24.9479
839483.BJ,20220319,20211231,17.6644,8.4331,41.8049,29.5283
833755.BJ,20220416,20211231,10.5649,63.6888,42.3813,9.7993
870790.BJ,20220427,20211231,,,88.1503,13.9113
831378.BJ,20220329,20211231,,,54.8498,6.3965
831394.BJ,20220301,20211231,-8.5966,-216.3402,-1.2194,16.4474
870804.BJ,20220421,20211231,,,14.1781,36.601
831237.BJ,20220428,20211231,,,32.0181,13.1599
430623.BJ,20220429,20211231,-17.8412,-43.2977,89.8183,8.9297
836027.BJ,20220427,20211231,,,,9.3872
833179.BJ,20220420,20211231,,,11.1258,25.557
430208.BJ,20220427,20211231,-10.3771,-110.7926,47.2877,-13.0307
838394.BJ,20220427,20211231,-36.9785,-100.2639,17.1211,26.8397
430161.BJ,20220326,20211231,-25.9093,-43.4535,25.1483,10.2078
839559.BJ,20220226,20211231,,,,16.4516
837567.BJ,20220322,20211231,,,,10.2977
837506.BJ,20220401,20211231,,,0.3866,9.1753
870298.BJ,20220312,20211231,,,,23.4503
833464.BJ,20220429,20211231,,11.431,,-47.7347
430539.BJ,20220430,20211231,,,,-32.3303
835421.BJ,20220430,20211231,,,,-6.0961
831928.BJ,20220430,20211231,,,11.1492,64.5364
871451.BJ,20220430,20211231,77.7943,-47048.4275,-33.0317,42.0638
837078.BJ,20220430,20211231,81.8039,483.7626,30.9494,20.3304
430034.BJ,20220429,20211231,,,,13.6581
430369.BJ,20220429,20211231,,,39.103,6.491
831275.BJ,20220429,20211231,-7.1023,-34.8983,73.0365,15.1119
837341.BJ,20220429,20211231,,,-8.058,22.2107
001390.SZ,20230427,20211231,,,,15.4456
832646.BJ,20220426,20211231,47.3001,25.7306,3.1332,14.5535
832859.BJ,20220427,20211231,,,,29.8744
835092.BJ,20220415,20211231,,,,8.624
871691.BJ,20220416,20211231,,,,-14.7219
870801.BJ,20220416,20211231,,,109.5818,24.1744
835787.BJ,20220419,20211231,,,,3.5007
838641.BJ,20220422,20211231,,,,4.6051
837879.BJ,20220422,20211231,-10.2736,-52.1271,13.4477,22.4677
837062.BJ,20220423,20211231,,,,29.3914
836261.BJ,20220423,20211231,37.1695,-9.6355,-7.816,29.0054
870040.BJ,20220426,20211231,-54.571,-86.1986,-26.3384,11.4149
839574.BJ,20220429,20211231,3.5635,-3.5616,-10.0737,17.2683
839551.BJ,20220429,20211231,,,,19.5601
430330.BJ,20220427,20211231,7.2608,-90.3536,16.9638,-0.0128
430046.BJ,20220427,20211231,,,8.2528,8.8667
837899.BJ,20220427,20211231,,,,-13.4619
834845.BJ,20220427,20211231,,,,-4.9811
832389.BJ,20220427,20211231,,,,3.1107
830818.BJ,20220427,20211231,,,28.8943,10.3674
838804.BJ,20220427,20211231,,,,2.4532
873233.BJ,20220427,20211231,,,17.5651,18.798
835333.BJ,20220427,20211231,,,-13.3131,20.4831
430588.BJ,20220427,20211231,,,67.023,19.4347
830978.BJ,20220427,20211231,8.1334,-3845.2191,51.095,0.7685
832236.BJ,20220427,20211231,,,,1.1085
834857.BJ,20220428,20211231,,,,-18.2688
430223.BJ,20220428,20211231,,,,8.2147
837919.BJ,20220428,20211231,-5.2392,-77.0002,34.4644,11.8714
832196.BJ,20220428,20211231,-0.6962,14.7097,10.5273,7.7776
835483.BJ,20220429,20211231,,,,6.1239
430376.BJ,20220429,20211231,,,,5.942
831463.BJ,20220401,20211231,,,45.5372,10.2722
832958.BJ,20230203,20211231,,,,21.9006
871757.BJ,20220429,20211231,,,10.8654,7.8767
836109.BJ,20220402,20211231,-8.5245,989.0697,45.1951,13.903
872247.BJ,20220429,20211231,17.3878,-26.1649,21.2085,19.4971
833694.BJ,20220319,20211231,6.7192,-1.0045,75.8211,12.4172
872516.BJ,20220319,20211231,12.5155,34.4226,89.8608,23.1455
871167.BJ,20220401,20211231,2.1195,-55.9995,19.9989,14.4908
836030.BJ,20220402,20211231,,,,9.8545
871181.BJ,20220322,20211231,47.7982,114.5102,14.0897,8.9708
832645.BJ,20220316,20211231,-1.4422,22.7436,72.1479,17.5745
871129.BJ,20220301,20211231,,,22.0078,18.5657
873459.BJ,20220421,20211231,18.6779,106.6328,30.3195,12.5399
838858.BJ,20220413,20211231,7.4677,-22.6107,43.5355,13.3284
832513.BJ,20220211,20211231,9.306,33.0708,23.4782,20.2786
831511.BJ,20220301,20211231,,,,14.9852
837891.BJ,20220402,20211231,,,,7.9761
872230.BJ,20220323,20211231,1.4394,-1.9114,37.2459,8.2944
870512.BJ,20220409,20211231,,,,31.6011
839768.BJ,20220329,20211231,9.6991,-33.5933,3.2289,12.3595
430220.BJ,20220331,20211231,,,,25.0813
870892.BJ,20220429,20211231,18.6766,15.2265,28.7234,17.0675
870307.BJ,20220303,20211231,,,,-45.8948
871936.BJ,20220409,20211231,,,,15.8466
870382.BJ,20220416,20211231,10.612,1.0356,18.0734,13.5766
836625.BJ,20220312,20211231,,,,20.164
835852.BJ,20220401,20211231,,,,8.9913
839181.BJ,20220315,20211231,8.0386,32.2653,26.6817,15.2288
835193.BJ,20220415,20211231,-49.8278,-99.3541,8.4737,47.1895
838564.BJ,20220316,20211231,,,,3.0945
838798.BJ,20220402,20211231,,,,32.5393
831621.BJ,20220430,20211231,,,,-1.0604
831873.BJ,20220430,20211231,,,,5.3723
837950.BJ,20220430,20211231,-37.0432,-55.7398,14.8761,11.4779
874281.BJ,20240203,20211231,,,,10.128
832350.BJ,20220430,20211231,33.956,22.9278,30.0262,13.9397
832077.BJ,20220430,20211231,-41.6079,-80.3222,27.7532,14.6902
833243.BJ,20220430,20211231,,,-15.6588,20.9951
872504.BJ,20220601,20211231,,,,26.6088
430225.BJ,20220701,20211231,,,,1.8441
838795.BJ,20220602,20211231,,,,-59.1901
831074.BJ,20220429,20211231,,,,0.5246
839120.BJ,20220429,20211231,-38.2141,-245.3636,46.0585,-8.4933
832567.BJ,20220429,20211231,,,,3.0263
430555.BJ,20220308,20211231,17.1994,-18.4825,11.3119,7.4487
873425.BJ,20220331,20211231,,,,12.216
430372.BJ,20220211,20211231,12.2866,42.7117,11.0997,31.8096
603049.SH,20241209,20211231,,,,12.6676
301590.SZ,20230712,20211231,,,,30.8906
688775.SH,20250227,20211231,,,,31.0958
603382.SH,20241231,20211231,,,,44.6486
920027.BJ,20230120,20211231,,,,26.7358
301678.SZ,20221222,20211231,,,,11.4368
603400.SH,20230227,20211231,,,,25.5952
832532.BJ,20220422,20211231,23.978,-85.6658,-0.0662,8.5801
874287.BJ,20220922,20211231,,,,23.6263
002843.SZ,20220301,20211231,24.1538,276.6053,64.4415,7.993
001388.SZ,20230928,20211231,,,41.9844,20.3576
873414.BJ,20220829,20211231,,,,19.8942
920037.BJ,20231031,20211231,,,,2.7519
874249.BJ,20231223,20211231,,,,2.1327
874431.BJ,20240330,20211231,,,,23.2662
688729.SH,20250313,20211231,,,,3.9319
874549.BJ,20220426,20211231,,,,18.8861
874302.BJ,20231129,20211231,,,,17.7225
874149.BJ,20240116,20211231,,,,23.2527
873855.BJ,20230202,20211231,,,,16.2783
833748.BJ,20220427,20211231,,,,9.849
874343.BJ,20231229,20211231,,,,15.3522
874611.BJ,20221104,20211231,,,,32.1095
874339.BJ,20231124,20211231,,,,30.5304
874023.BJ,20230201,20211231,,,,24.1205
874318.BJ,20240209,20211231,,,,11.4591
874239.BJ,20230722,20211231,,,,31.9859
874339.BJ,20231124,20211231,,,,29.0424
874142.BJ,20231219,20211231,,,,11.5883
873772.BJ,20220720,20211231,,,,22.9465
874178.BJ,20230927,20211231,,,,25.2626
874445.BJ,20240613,20211231,,,,30.8625
874508.BJ,20240206,20211231,,,,
874025.BJ,20230118,20211231,,,,10.0656
874326.BJ,20231031,20211231,,,,12.0957
301630.SZ,20230215,20211231,,,,68.5045
600930.SH,20230303,20211231,34.5202,55.6308,113.9093,12.2003
874677.BJ,20240316,20211231,,,,26.3665
874578.BJ,20230731,20211231,,,,34.6757
873700.BJ,20220611,20211231,,,5.7078,5.4691
874075.BJ,20230104,20211231,,,,36.4768
834948.BJ,20230919,20211231,,,,11.6155
430293.BJ,20220331,20211231,,,,21.4005
874387.BJ,20240319,20211231,,,,38.6936
873885.BJ,20220730,20211231,,,14.6603,17.8006
830852.BJ,20220427,20211231,,,,-6.8947
874569.BJ,20231230,20211231,,,,26.0502
874162.BJ,20230228,20211231,,,,15.2153
874396.BJ,20230301,20211231,,,,23.1131
430428.BJ,20240115,20211231,,,,11.0082
873514.BJ,20231226,20211231,,,,13.7128
874697.BJ,20240630,20211231,,,,39.3938
874537.BJ,20231227,20211231,,,,47.0216
874484.BJ,20230310,20211231,,,,5.4504
873534.BJ,20230630,20211231,,,,20.2029
874417.BJ,20240327,20211231,,,,16.894
874133.BJ,20230629,20211231,,,,44.0515
874360.BJ,20231226,20211231,,,,12.984
874118.BJ,20240110,20211231,,,,35.6345
873994.BJ,20230708,20211231,,,,11.4649
603262.SH,20241022,20211231,,,,34.4091
301609.SZ,20241228,20211231,,,,20.6507
001221.SZ,20241230,20211231,,,,33.7785
301491.SZ,20240927,20211231,,,,9.5061
603406.SH,20241102,20211231,,,,20.3891
920005.BJ,20240220,20211231,,,,32.478
301632.SZ,20230512,20211231,,,31.0771,4.8411
920007.BJ,20231201,20211231,,,,14.5896
920101.BJ,20240614,20211231,,,,17.1324
920018.BJ,20230719,20211231,,,,11.3931
920056.BJ,20220617,20211231,,,-15.999,7.347
603370.SH,20241230,20211231,,,,17.1537
301575.SZ,20230203,20211231,,,,21.9006
920112.BJ,20230218,20211231,,,,21.8056
920100.BJ,20220428,20211231,,,,22.4611
600878.SH,20220429,20211231,-92.6551,-140.9169,-1387.006,0.7225
000535.SZ,20220429,20211231,,,,-12.1625
833453.BJ,20220429,20211231,,,34.9049,37.4404
873732.BJ,20220722,20211231,,,,11.9099
300033.SZ,20220301,20211231,12.3322,-3.2906,67.1948,32.2385
301003.SZ,20220301,20211231,30.4155,3.9577,21.829,17.9779
300653.SZ,20220301,20211231,28.5665,83.0493,30.4301,22.4692
002709.SZ,20220322,20211231,213.8618,4415.5645,23.6721,41.149
600955.SH,20220302,20211231,50.3532,-7.7365,11.6992,40.7332
300834.SZ,20220305,20211231,37.3052,-36.4115,-1.8662,45.8802
300281.SZ,20220305,20211231,30.7,23.358,3.35,2.1314
603161.SH,20220428,20211231,-8.9064,-325.2264,42.6106,-6.6277
832214.BJ,20220430,20211231,,,,6.8386
838758.BJ,20220429,20211231,,,49.455,44.882
872423.BJ,20220426,20211231,192.1522,6.7038,50.4102,15.0606
831934.BJ,20220421,20211231,,,,14.1637
873642.BJ,20220401,20211231,,,,8.5696
831288.BJ,20220401,20211231,,,,45.507
430073.BJ,20220421,20211231,,,,11.5111
833334.BJ,20220429,20211231,,,,14.7135
872967.BJ,20220329,20211231,,,,18.0905
873437.BJ,20220317,20211231,-20.4919,-10.3314,38.86,85.4106
833746.BJ,20220428,20211231,,,,43.3967
871643.BJ,20220428,20211231,16.0539,97.0818,6.4597,20.0145
836521.BJ,20220430,20211231,,,,103.3395
831255.BJ,20220416,20211231,,,45.9546,25.0453
838693.BJ,20220429,20211231,,,,30.2612
873707.BJ,20220514,20211231,,,-8.6855,5.0215
838194.BJ,20220423,20211231,,,,12.6288
831828.BJ,20220426,20211231,12.002,359.998,8.0975,11.1887
689009.SH,20220426,20211231,15.353,293.4191,-23.7233,6.4275
839258.BJ,20220429,20211231,223.8393,-124.5926,-3.2987,1.9372
873749.BJ,20220705,20211231,,,,13.8804
874056.BJ,20230131,20211231,,,64.556,13.3509
873324.BJ,20221108,20211231,,,-17.5206,170.7241
600747.SH,20220430,20211231,91.1123,-4.0913,-1.254,
600240.SH,20220630,20211231,139.7558,-125.6646,9.3636,
000033.SZ,20220429,20211231,-39.5529,-191.3446,10.1112,
873896.BJ,20230202,20211231,,,,21.72
873805.BJ,20220729,20211231,,,15.9199,12.5058
874242.BJ,20230929,20211231,,,,4.2997
874399.BJ,20240120,20211231,,,,14.4713
838547.BJ,20220429,20211231,,,,7.0043
873741.BJ,20220715,20211231,,,-12.2921,17.8267
874105.BJ,20230920,20211231,,,,10.0274
301097.SZ,20220426,20211231,,,28.1229,16.9826
874134.BJ,20231129,20211231,,,,2.4847
832491.BJ,20220526,20211231,-11.8756,6.4825,29.3214,10.2298
873731.BJ,20220616,20211231,,,,19.6224
874552.BJ,20240329,20211231,,,,12.0687
874643.BJ,20241224,20211231,,,,17.966
874555.BJ,20241231,20211231,,,,13.2573
872924.BJ,20240528,20211231,,,,10.5307
873312.BJ,20220428,20211231,321.0701,-163.1297,-6.0537,4.9177
874187.BJ,20230826,20211231,,,,6.8834
874433.BJ,20241227,20211231,,,,6.4644
874617.BJ,20241203,20211231,,,,3.652
874378.BJ,20250313,20211231,,,,9.076
874142.BJ,20231219,20211231,,,,11.5883
873772.BJ,20220720,20211231,,,,22.9465
874249.BJ,20231223,20211231,,,,2.1327
874023.BJ,20230201,20211231,,,,24.1205
874431.BJ,20240330,20211231,,,,23.2662
832532.BJ,20220422,20211231,23.978,-85.6658,-0.0662,8.5801
874178.BJ,20230927,20211231,,,,25.2626
874445.BJ,20240613,20211231,,,,30.8625
874508.BJ,20240206,20211231,,,,
873855.BJ,20230202,20211231,,,,16.2783
873700.BJ,20220611,20211231,,,5.7078,5.4691
833748.BJ,20220427,20211231,,,,9.849
874025.BJ,20230118,20211231,,,,10.0656
874075.BJ,20230104,20211231,,,,36.4768
874326.BJ,20231031,20211231,,,,12.0957
874133.BJ,20230629,20211231,,,,44.0515
874360.BJ,20231226,20211231,,,,12.984
874118.BJ,20240110,20211231,,,,35.6345
873994.BJ,20230708,20211231,,,,11.4649
301668.SZ,20240911,20211231,,,,37.8129
603418.SH,20241226,20211231,,,,20.2115
301584.SZ,20230424,20211231,,,,13.6089
301656.SZ,20241231,20211231,,,,-15.8436
920022.BJ,20220521,20211231,,,-53.0465,19.9163
301563.SZ,20230927,20211231,,,,43.0921
001285.SZ,20241231,20211231,,,,11.1319
920015.BJ,20230426,20211231,,,,68.8173
688765.SH,20241231,20211231,,,,-40.1413
601026.SH,20241119,20211231,,,,8.4712
874718.BJ,20240629,20211231,,,,66.1556
920080.BJ,20230901,20211231,,,,19.4219
920158.BJ,20221222,20211231,,,,12.1316
874382.BJ,20220326,20211231,,,,
001386.SZ,20230628,20211231,,,,29.8506
688783.SH,20241129,20211231,,,,-9.615
603175.SH,20241230,20211231,,,,7.1048
837291.BJ,20220630,20211231,,,,11.8809
920806.BJ,20231229,20211231,,,,12.2913
920627.BJ,20230829,20211231,,,17.481,17.8262
920879.BJ,20221206,20211231,10.2634,11.6962,59.0176,11.0096
920378.BJ,20220601,20211231,9.8315,31.0972,20.3191,12.39
920021.BJ,20220331,20211231,-7.0282,10.4536,20.1736,9.9298
920964.BJ,20220331,20211231,8.8686,-5.8718,0.3615,6.8496
920735.BJ,20220331,20211231,25.7764,40.1206,9.2257,13.39
920185.BJ,20220331,20211231,107.2618,149.7611,-15.4903,16.1623
920275.BJ,20220331,20211231,5.609,-36.837,65.5641,15.1696
920640.BJ,20220331,20211231,0.9013,37.415,39.6915,13.3527
920675.BJ,20220326,20211231,-46.6313,-40.457,89.81,11.9363
920270.BJ,20220816,20211231,11.3477,108.5585,40.3288,23.5857
920087.BJ,20221123,20211231,0.406,-4.6627,33.4438,13.7316
920790.BJ,20220819,20211231,5.039,27.0614,30.043,12.2983
920396.BJ,20220416,20211231,-11.249,-22.613,7.6674,11.1496
920946.BJ,20220330,20211231,18.5781,-8.256,42.5955,12.8291
920943.BJ,20220609,20211231,27.4682,2156.92,20.6592,8.9152
920802.BJ,20230112,20211231,,,26.4782,11.7124
920553.BJ,20220326,20211231,4.9056,-32.8572,30.56,8.1288
920639.BJ,20220624,20211231,-3.3568,138.8018,32.6982,9.8137
920870.BJ,20220618,20211231,71.6765,118.7001,41.9838,48.2429
920130.BJ,20231024,20211231,-14.3198,-17.2127,20.601,13.1909
920892.BJ,20220401,20211231,11.0437,10.3163,5.0021,25.3157
920179.BJ,20220413,20211231,9.8087,-26.5927,28.1539,11.124
920267.BJ,20220507,20211231,2.731,-53.5419,13.8231,16.2604
920395.BJ,20220812,20211231,-18.987,49.0929,1.7578,54.6376
920821.BJ,20220621,20211231,61.4865,-17.3601,15.0947,10.858
920985.BJ,20220722,20211231,62.8729,680.3927,-8.5216,19.5899
920725.BJ,20220625,20211231,,,30.322,28.2235
920885.BJ,20220331,20211231,25.3173,68.5612,38.055,12.9568
920729.BJ,20220324,20211231,-16.5183,-24.9727,54.5799,12.0596
920961.BJ,20220412,20211231,20.0612,-3.821,41.5957,4.6148
920834.BJ,20220804,20211231,7.3537,-4.0488,27.1003,26.682
920418.BJ,20220412,20211231,-11.0466,-28.4527,7.3564,9.3183
920720.BJ,20220412,20211231,,,1.8993,22.3477
920225.BJ,20220316,20211231,2.0301,-90.3633,10.5129,7.0184
920957.BJ,20221130,20211231,-14.6274,-44.794,3.6897,11.4598
920689.BJ,20220407,20211231,30.5539,2.4659,1.7835,15.2845
920245.BJ,20220407,20211231,24.3102,212.8452,21.9554,17.817
920000.BJ,20220407,20211231,21.1833,-44.3254,12.3853,7.1006
920510.BJ,20220414,20211231,30.8035,7.4967,20.5239,13.4106
920274.BJ,20230728,20211231,,,29.0579,9.0582
920169.BJ,20220427,20211231,7.9058,1.0725,13.8742,27.8108
920925.BJ,20220329,20211231,-12.0406,-31.3699,43.7199,9.3683
920152.BJ,20220818,20211231,27.5939,-20.2144,30.106,11.6385
920857.BJ,20220318,20211231,22.27,-2.046,9.0133,26.3855
920402.BJ,20220908,20211231,0.97,-80.5298,-12.0179,10.28
920982.BJ,20230706,20211231,,,28.1488,15.2926
920564.BJ,20220526,20211231,,,26.7474,25.6578
920599.BJ,20220419,20211231,102.8359,25.0194,30.3138,25.5166
920077.BJ,20220419,20211231,123.2544,154.1867,11.4359,48.9073
920010.BJ,20220419,20211231,5.4137,-15.0967,39.5957,12.2748
920427.BJ,20220419,20211231,-12.8809,-6.8498,33.7377,18.5974
920533.BJ,20220506,20211231,104.6731,32.6353,11.921,25.3005
920970.BJ,20220428,20211231,4.5239,9.6947,59.0945,14.5971
920062.BJ,20220624,20211231,,,45.5434,9.1467
920299.BJ,20220520,20211231,18.6963,-3.0796,37.5512,17.121
920575.BJ,20230301,20211231,,,-52018.8837,-33.1394
920932.BJ,20220421,20211231,13.4914,-0.942,9.8749,8.0023
920556.BJ,20230302,20211231,6.1739,-58.42,32.518,12.588
920454.BJ,20220421,20211231,,,57.3753,9.7076
920419.BJ,20220421,20211231,9.5769,-1.945,14.1652,8.9853
920832.BJ,20220421,20211231,16.0263,152.1047,1.9116,9.7161
920223.BJ,20220513,20211231,27.6058,-2.2364,31.7157,11.61
920719.BJ,20230509,20211231,,,20.7059,15.7081
920271.BJ,20220517,20211231,101.3552,-41.6038,6.6917,14.5266
920239.BJ,20220423,20211231,32.1605,15.4079,-2.4289,30.7528
920580.BJ,20220421,20211231,-23.8672,-40.2082,-6.0567,12.4211
920046.BJ,20220922,20211231,11.0424,75.4992,6.9241,22.2424
920030.BJ,20220422,20211231,4.7663,66.7423,7.6355,8.8742
920826.BJ,20220312,20211231,73.8116,59.3331,23.8461,21.1344
920670.BJ,20220423,20211231,-64.7035,-74.1578,86.6656,3.058
920807.BJ,20221206,20211231,,,-2.8452,14.8307
920679.BJ,20231026,20211231,,,,15.8699
920090.BJ,20220420,20211231,-9.3035,-6.5119,40.5568,8.8746
920092.BJ,20220420,20211231,0.0588,19.5734,49.8952,14.9435
920436.BJ,20220420,20211231,,,10.3978,11.0923
920344.BJ,20220416,20211231,19.1099,25.3729,18.7386,6.1185
920871.BJ,20220630,20211231,3.3038,-22.6039,13.8709,26.2742
920680.BJ,20220421,20211231,19.7943,21.2807,20.2027,11.8432
920212.BJ,20220427,20211231,-13.2617,4.3413,-1.6717,19.2147
920433.BJ,20220428,20211231,5.3307,-7.4244,1.144,10.9987
920768.BJ,20220427,20211231,-7.443,-57.6418,-2.3001,10.5056
920873.BJ,20220427,20211231,4.6058,-15.6886,10.9996,7.2594
920509.BJ,20220427,20211231,36.0001,-4.9319,84.801,13.1084
920305.BJ,20220428,20211231,57.7761,-3.8658,26.0742,9.1658
920924.BJ,20220426,20211231,,,68.277,13.8601
920145.BJ,20220428,20211231,-46.6233,-32.494,75.6219,5.4802
920242.BJ,20220428,20211231,10.3028,-13.49,5.1592,9.8255
920566.BJ,20220426,20211231,12.2991,97.0444,0.656,14.2794
920260.BJ,20220427,20211231,,,28.9218,13.8962
920475.BJ,20220427,20211231,10.1655,-84.9429,-43.8819,8.402
920163.BJ,20220427,20211231,-3.4385,-53.1962,25.0705,8.9183
920770.BJ,20230211,20211231,,,36.2428,12.2113
920204.BJ,20220427,20211231,8.7931,-10.2922,16.6176,17.1004
920368.BJ,20220428,20211231,-10.6827,-24.3196,0.0475,11.4838
920198.BJ,20220428,20211231,-21.6793,-24.5039,19.1484,7.8122
920184.BJ,20220426,20211231,-13.36,-76.6078,52.6244,-0.0758
920047.BJ,20220427,20211231,173.3178,-9.2228,-38.4023,-22.2622
920651.BJ,20230607,20211231,,,55.9755,19.6224
920089.BJ,20220427,20211231,1.6442,-14.2019,-9.4896,11.1425
920856.BJ,20220427,20211231,53.3854,-50.5379,5.9894,3.9148
920263.BJ,20220427,20211231,30.6147,-31.679,11.3421,2.538
920039.BJ,20220423,20211231,-6.818,-22.1726,-16.3431,13.297
920370.BJ,20220423,20211231,-12.719,-68.3963,8.392,5.0581
920981.BJ,20220426,20211231,,,29.1267,17.4927
920146.BJ,20220429,20211231,-36.5844,-138.1148,-55.3562,9.2476
920278.BJ,20220429,20211231,-10.4776,-72.6312,10.7047,8.6109
920718.BJ,20221208,20211231,,,4.2363,13.4789
920753.BJ,20220930,20211231,11.2896,28.4071,47.1155,13.2667
920273.BJ,20230131,20211231,,,-36.5339,17.2837
920261.BJ,20230310,20211231,,,7.1508,21.478
920706.BJ,20240227,20211231,,,,3.9277
920367.BJ,20230120,20211231,28.5422,25.8308,24.3173,18.1922
920207.BJ,20220908,20211231,,,27.3765,14.8663
920608.BJ,20221202,20211231,,,85.3804,12.0944
920346.BJ,20220429,20211231,-1.7304,-16.5255,28.4962,17.5375
920266.BJ,20220430,20211231,8.4899,-13.0256,-30.1587,4.5148
920058.BJ,20230727,20211231,,,34.4688,102.1178
920690.BJ,20231223,20211231,,,0.7573,9.1579
920523.BJ,20220423,20211231,46.6855,22.1479,26.9881,13.8946
920171.BJ,20220430,20211231,-6.3149,-24.6688,35.9536,11.2788
920476.BJ,20220922,20211231,,,40.3321,10.6599
920839.BJ,20220429,20211231,5.8839,-48.9575,10.6875,9.474
920896.BJ,20230331,20211231,,,1.3266,14.4126
920726.BJ,20220429,20211231,1.9367,-2.4991,-5.6882,16.4285
920866.BJ,20221125,20211231,,,20.1433,15.7993
920792.BJ,20230311,20211231,,,54.3911,14.2713
920779.BJ,20230517,20211231,,,54.0056,27.3662
920765.BJ,20220429,20211231,-30.2309,-129.9013,15.6561,0.4606
920429.BJ,20221130,20211231,,,35.187,9.0792
920149.BJ,20220429,20211231,14.1769,29.6021,-14.303,9.6314
920375.BJ,20231205,20211231,,,36.5328,9.9231
920230.BJ,20221122,20211231,,,2.2901,31.1932
920508.BJ,20220429,20211231,-42.8177,-12.539,51.8205,0.8408
920122.BJ,20220908,20211231,-0.3342,5.7706,11.3367,12.9511
920415.BJ,20220429,20211231,-26.786,-12.0522,45.9149,3.1566
920809.BJ,20230303,20211231,1986.3059,281.3958,-8.8124,22.6719
920174.BJ,20220426,20211231,-13.0382,-31.6466,-0.9584,20.168
920642.BJ,20220429,20211231,-22.6187,-82.5766,37.5232,7.7972
920634.BJ,20221110,20211231,19.9955,71.49,18.3407,30.0523
920014.BJ,20221123,20211231,-7.8074,-72.1772,32.7329,16.3234
920478.BJ,20230209,20211231,,,46.2901,12.3829
920748.BJ,20230729,20211231,,,86.241,15.1096
920351.BJ,20221215,20211231,,,6.4118,16.5789
920023.BJ,20230107,20211231,,,-22.0809,6.9867
920914.BJ,20221027,20211231,,,,20.0849
920414.BJ,20221119,20211231,84.7973,852.8576,8.3793,34.3337
920810.BJ,20221203,20211231,60.8324,719.3314,19.2106,38.1823
920339.BJ,20221028,20211231,78.3825,373.849,11.3964,33.4561
920493.BJ,20231019,20211231,109.0467,-159.6438,8.9815,-65.972
920950.BJ,20221223,20211231,1.9396,80.605,3.912,58.8732
920190.BJ,20221209,20211231,,,-3.6008,17.8199
920526.BJ,20221208,20211231,,,8.6319,17.8044
920663.BJ,20230225,20211231,,,57.6264,23.4804
920781.BJ,20221210,20211231,,,23.4271,30.9537
920579.BJ,20231121,20211231,,,-8.6839,18.6623
920992.BJ,20220923,20211231,-47.5042,-76.2972,36.6574,29.7052
920685.BJ,20220916,20211231,,,69.171,29.7724
920001.BJ,20221213,20211231,,,35.3055,20.304
920808.BJ,20221029,20211231,,,,46.3952
920139.BJ,20220915,20211231,34.4291,18.6457,92.6662,16.0782
920075.BJ,20221129,20211231,32.2672,31.6656,16.449,17.9753
920392.BJ,20221217,20211231,,,22.691,21.876
920033.BJ,20221202,20211231,,,23.4415,25.2102
920662.BJ,20221110,20211231,46.6526,-19.8222,31.9105,19.8089
920237.BJ,20221111,20211231,,,7.7908,19.9475
920942.BJ,20221124,20211231,,,-0.4927,25.8304
920906.BJ,20230208,20211231,,,-0.3179,12.0421
920252.BJ,20230104,20211231,48.5567,83.9502,2.0629,40.4607
920208.BJ,20230328,20211231,,,71.9513,32.9016
920876.BJ,20221025,20211231,,,,24.9112
920527.BJ,20220929,20211231,,,31.5622,14.8491
920227.BJ,20221214,20211231,,,61.2462,28.0251
920057.BJ,20230228,20211231,-13.5216,15.8548,0.3597,10.6577
920017.BJ,20230512,20211231,,,24.4008,4.6134
920247.BJ,20221209,20211231,-10.6025,-6.9276,13.2103,27.7327
920641.BJ,20221117,20211231,,,12.112,14.8439
920895.BJ,20230317,20211231,11.8395,-32.8011,25.608,27.6616
920694.BJ,20230407,20211231,,,32.5707,18.4078
920541.BJ,20230222,20211231,,,24.9059,11.6397
920374.BJ,20221115,20211231,,,23.8947,41.0156
920249.BJ,20230131,20211231,,,-1.0316,29.1044
920855.BJ,20221215,20211231,,,0.2991,11.1862
920425.BJ,20230110,20211231,,,81.9136,35.4786
920422.BJ,20230215,20211231,,,-2.2245,21.8491
920786.BJ,20230923,20211231,,,41.1163,11.6329
920195.BJ,20221216,20211231,,,2.967,16.0862
920407.BJ,20230131,20211231,,,3.2569,14.6401
920505.BJ,20221207,20211231,-4.3216,-10.3107,4.9908,19.0646
920262.BJ,20221216,20211231,-2.6962,-3.7802,9.5883,20.2372
920371.BJ,20221231,20211231,31.9346,303.324,15.2162,6.4554
920971.BJ,20220914,20211231,,,40.7745,43.1135
920571.BJ,20221201,20211231,,,58.9912,70.063
920300.BJ,20221123,20211231,30.4784,425.3153,62.3504,10.9913
920592.BJ,20230620,20211231,,,52.0154,15.0591
920974.BJ,20230221,20211231,,,16.4602,13.9674
920199.BJ,20221117,20211231,,,23.2067,88.7023
920357.BJ,20221104,20211231,146.4975,218.2475,19.9638,49.4244
920471.BJ,20230510,20211231,,,7.1204,28.6327
920438.BJ,20240312,20211231,,,,9.8218
920455.BJ,20230606,20211231,,,16.7913,17.8221
920578.BJ,20230421,20211231,-30.8911,-45.0552,51.4685,24.0962
920394.BJ,20230408,20211231,20.1844,-41.1166,-27.2382,9.7754
920304.BJ,20230331,20211231,8.9728,12.3601,-5.9556,21.4816
920953.BJ,20230803,20211231,,,33.532,39.9774
920837.BJ,20230413,20211231,,,-6.6124,11.9341
920699.BJ,20230419,20211231,,,2.5991,36.1239
920717.BJ,20230614,20211231,,,47.1969,9.3965
920221.BJ,20230523,20211231,,,-17.7161,24.8754
920593.BJ,20230325,20211231,74.5821,20.582,29.3546,60.7891
920519.BJ,20230902,20211231,,,58.8893,2.9989
920665.BJ,20230912,20211231,,,27.396,10.1027
920496.BJ,20240116,20211231,,,23.4323,9.9224
920504.BJ,20230804,20211231,,,86.7164,25.4702
920576.BJ,20230621,20211231,,,6.1113,15.089
920110.BJ,20221122,20211231,,,10.3878,23.3419
920006.BJ,20230428,20211231,,,11.6284,16.0612
920751.BJ,20230630,20211231,,,37.8273,12.9529
920547.BJ,20231129,20211231,44.0727,-6.9971,18.2819,32.7441
920978.BJ,20230919,20211231,,,10.5384,13.0367
920926.BJ,20230719,20211231,,,-49.2985,19.9058
920175.BJ,20230613,20211231,,,21.5593,14.1633
920469.BJ,20230905,20211231,,,74.3195,13.6104
920701.BJ,20230629,20211231,,,9.3099,11.3757
920976.BJ,20230810,20211231,21.4703,15.0393,25.7818,27.8532
920284.BJ,20231207,20211231,33.7235,-72.0472,-18.5058,12.7164
920403.BJ,20240105,20211231,,,,16.2779
920570.BJ,20231114,20211231,,,,23.9481
920026.BJ,20230928,20211231,,,-15.3667,46.5685
920656.BJ,20240123,20211231,,,,63.8035
920061.BJ,20231209,20211231,,,,19.0426
920132.BJ,20231031,20211231,,,,44.9595
920363.BJ,20231215,20211231,,,,18.1178
920522.BJ,20231031,20211231,,,-0.5714,14.6758
920693.BJ,20230928,20211231,,,0.83,10.8288
920703.BJ,20231123,20211231,,,-33.7838,33.1446
920833.BJ,20231027,20211231,,,,10.7215
920931.BJ,20240326,20211231,,,,16.9511
920123.BJ,20240319,20211231,,,,8.7302
920491.BJ,20220526,20211231,-11.8756,6.4825,29.3214,10.2298
920405.BJ,20220401,20211231,-19.2233,19.7314,36.6157,15.911
688759.SH,20220629,20211231,,,,-40.2858
920020.BJ,20240522,20211231,,,,18.6037
603376.SH,20230303,20211231,,,,47.5671
603334.SH,20241231,20211231,,,,32.3831
603092.SH,20241231,20211231,,,,25.1907
874279.BJ,20230914,20211231,,,,10.9648
920009.BJ,20230929,20211231,,,,22.6566
874347.BJ,20240320,20211231,,,,1.937
920003.BJ,20220430,20211231,,,44.3502,32.5398
688727.SH,20241226,20211231,,,,1.8989
920160.BJ,20230117,20211231,,,,26.0882
920091.BJ,20220610,20211231,,,,7.2837
001233.SZ,20241211,20211231,,,,13.2473
920124.BJ,20241224,20211231,,,,17.966
001280.SZ,20241230,20211231,,,,10.1457
920035.BJ,20230531,20211231,,,,11.9264
874320.BJ,20240302,20211231,,,,20.7521
688796.SH,20241231,20211231,,,,-41.9667
301667.SZ,20241230,20211231,,,,20.4113
603248.SH,20241231,20211231,,,,34.4275
001325.SZ,20241230,20211231,,,,12.0241
001369.SZ,20230328,20211231,,,,34.7031
001396.SZ,20230725,20211231,,,,23.8514
688809.SH,20241230,20211231,,,,-1.2809
301687.SZ,20241231,20211231,,,,33.4425
920121.BJ,20241219,20211231,,,,29.8681
874867.BJ,20230222,20211231,,,,15.976
603402.SH,20220401,20211231,,,,8.1015
920045.BJ,20241128,20211231,,,,24.9237
873952.BJ,20230218,20211231,,,,13.0775
874919.BJ,20251129,20211231,,,,24.5533
874859.BJ,20231225,20211231,,,,31.9049
873074.BJ,20221228,20211231,,,,13.0916
874322.BJ,20230627,20211231,,,,14.5281
874785.BJ,20240629,20211231,,,,25.6254
874865.BJ,20230727,20211231,,,,32.0344
874498.BJ,20240629,20211231,,,,14.3941
832684.BJ,20220427,20211231,,,,11.3177
874225.BJ,20230615,20211231,,,,6.9587
874567.BJ,20220331,20211231,,,,23.4265
920086.BJ,20240208,20211231,,,,18.2304
874811.BJ,20240229,20211231,,,,24.9207
874217.BJ,20240222,20211231,,,,15.5692
874332.BJ,20231114,20211231,,,,32.8429
872814.BJ,20230728,20211231,,,,8.2792
874217.BJ,20240222,20211231,,,,15.5692
920050.BJ,20230920,20211231,,,,10.0274
874320.BJ,20240302,20211231,,,,20.7521
920076.BJ,20231129,20211231,,,,2.4847
001220.SZ,20230816,20211231,,,,17.449
920159.BJ,20241213,20211231,,,,28.1166
688712.SH,20241231,20211231,,,,-31.7818
920180.BJ,20240124,20211231,,,,26.129
871633.BJ,20220426,20211231,13.7774,-211.8522,-43.1666,-0.403
920168.BJ,20220429,20211231,,,,2.2797
920187.BJ,20220429,20211231,,,,13.2209
920183.BJ,20241221,20211231,,,,50.1868
920036.BJ,20220521,20211231,,,22.3321,1.6458
920078.BJ,20240601,20211231,,,,9.9255
688813.SH,20241231,20211231,,,,28.6202
301513.SZ,20230630,20211231,,,,25.5531
920191.BJ,20231230,20211231,,,,7.1972
920186.BJ,20220427,20211231,,,,-6.8947
920096.BJ,20231129,20211231,,,,17.7225
874746.BJ,20220428,20211231,,,,
688635.SH,20220331,20211231,,,,
920220.BJ,20231031,20211231,,,,12.0957
A26016.SZ,20220418,20211231,,,,
920218.BJ,20241231,20211231,,,,13.2573
