ts_code,ann_date,end_date,q_sales_yoy,q_netprofit_yoy,q_ocf_to_sales,roe_dt
300692.SZ,20220402,20220331,33.7924,41.4189,21.8865,2.1608
300692.SZ,20220402,20220331,33.7924,41.4189,21.8865,2.1608
600731.SH,20220407,20220331,20.2688,8.4037,-1.8929,3.5351
600731.SH,20220407,20220331,20.2688,8.4037,-1.8929,3.5351
600313.SH,20220408,20220331,4.1643,4517.6025,11.4467,1.0912
300708.SZ,20220412,20220331,7.1458,60.6601,1.5734,-0.3214
002664.SZ,20220412,20220331,9.829,-42.8442,-15.9748,0.9901
000838.SZ,20220412,20220331,162.323,160.0944,-13.3043,1.4249
601899.SH,20220412,20220331,36.3532,143.8807,11.4679,8.0808
688663.SH,20220412,20220331,14.6246,-13.1645,-35.2279,1.4264
300337.SZ,20220412,20220331,20.2609,279.7642,-0.6478,2.1698
000921.SZ,20220412,20220331,31.3525,22.1022,-1.1068,1.7779
600557.SH,20220412,20220331,25.1618,30.9387,7.3371,2.446
603659.SH,20220412,20220331,80.0025,90.2801,-4.4115,5.669
605358.SH,20220412,20220331,63.8646,214.022,-5.5209,3.0999
002772.SZ,20220412,20220331,23.3515,-67.3854,26.2909,1.7575
600586.SH,20220412,20220331,21.1981,-59.1573,20.5811,2.574
601636.SH,20220412,20220331,4.8137,-40.6885,-1.158,3.5356
300708.SZ,20220412,20220331,7.1458,60.6601,1.5734,-0.3214
600557.SH,20220412,20220331,25.1618,30.9387,7.3371,2.446
002311.SZ,20220412,20220331,26.9844,-71.623,-5.2454,1.2602
300048.SZ,20220412,20220331,13.4088,4.8667,14.4605,0.6224
300504.SZ,20220412,20220331,41.3409,42.579,-39.8379,3.2448
605090.SH,20220413,20220331,126.1831,40.6618,10.8029,6.5683
002916.SZ,20220413,20220331,21.6838,42.8276,18.3997,3.2508
300791.SZ,20220413,20220331,-17.0052,-74.4796,33.053,0.1687
002990.SZ,20220414,20220331,46.1075,49.0916,-31.9536,2.0824
002697.SZ,20220414,20220331,7.9886,-1.5807,5.6114,3.113
300590.SZ,20220414,20220331,37.4901,-23.4266,-98.2206,1.1358
300352.SZ,20220414,20220331,52.6932,109.9227,31.7752,-0.0022
300529.SZ,20220414,20220331,20.4619,18.32,18.3647,9.1481
688125.SH,20220414,20220331,15.3445,5.3476,19.8042,3.2431
300803.SZ,20220415,20220331,89.5078,176.4998,88.2347,18.6365
688219.SH,20220415,20220331,22.4363,11.1809,-3.4707,1.3674
301215.SZ,20220415,20220331,5.212,4.5479,23.1227,0.7593
600096.SH,20220415,20220331,13.2808,186.152,10.1978,14.3794
002868.SZ,20220415,20220331,-31.0603,-471.1247,7.9784,-0.6943
688768.SH,20220415,20220331,50.2438,4.4109,-66.4235,-2.9881
300020.SZ,20220415,20220331,0.245,-13.36,-12.1512,1.4235
002167.SZ,20220415,20220331,43.993,3775.9142,31.9484,4.3059
688125.SH,20220414,20220331,15.3445,5.3476,19.8042,3.2431
688699.SH,20220415,20220331,28.4114,8.7958,-35.8942,3.8166
300238.SZ,20220415,20220331,-4.2926,19.3591,20.0852,2.5373
600256.SH,20220415,20220331,70.0982,175.6734,21.0965,9.9441
002273.SZ,20220415,20220331,9.2478,18.6602,11.4301,0.9986
001216.SZ,20220415,20220331,49.9914,50.2612,9.8274,2.2652
600660.SH,20220415,20220331,14.7528,1.8623,20.4835,3.2009
002458.SZ,20220415,20220331,-44.9215,-357.2126,-64.4209,-9.5274
605056.SH,20220415,20220331,5.7286,0.5432,18.7021,1.1241
688668.SH,20220415,20220331,70.6356,46.09,17.699,3.7985
300653.SZ,20220415,20220331,15.2794,25.0663,54.8941,6.7231
000546.SZ,20220415,20220331,-35.5136,24.7115,-0.7244,-0.9095
000915.SZ,20220415,20220331,23.7449,43.1829,45.6303,6.7038
002903.SZ,20220415,20220331,10.8281,3.7634,96.7629,3.0058
600415.SH,20220415,20220331,106.6834,78.1274,-41.1994,4.4001
688768.SH,20220415,20220331,50.2438,4.4109,-66.4235,-2.9881
688699.SH,20220415,20220331,28.4114,8.7958,-35.8942,3.8166
605056.SH,20220415,20220331,5.7286,0.5432,18.7021,1.1241
002977.SZ,20220415,20220331,62.2492,16.0605,-30.5242,1.7555
600312.SH,20220415,20220331,56.602,206.7237,-8.1487,0.4281
603129.SH,20220415,20220331,44.933,10.2206,-3.4222,2.3308
688519.SH,20220415,20220331,14.3122,-7.9658,-6.1418,1.5765
300769.SZ,20220415,20220331,561.8752,1402.7743,-51.1934,21.3876
002264.SZ,20220415,20220331,-17.3155,-45.5837,9.4384,4.8147
000710.SZ,20220415,20220331,-6.4149,-156.1535,-16.0925,-0.5
002196.SZ,20220415,20220331,37.9645,-12.287,13.0128,0.038
601179.SH,20220415,20220331,23.6147,47.5871,16.5645,0.5199
002709.SZ,20220415,20220331,229.7126,422.1874,11.0181,18.8941
002383.SZ,20220415,20220331,22.8137,119.5662,-5.1757,-0.1648
002296.SZ,20220415,20220331,-3.1296,-31.8494,24.2831,0.5887
000929.SZ,20220415,20220331,-28.4543,-139.4578,30.4815,-0.6067
002880.SZ,20220415,20220331,-0.6233,-6.1255,-3.9033,1.3428
605068.SH,20220416,20220331,-33.5957,-76.3366,48.0743,0.4918
003022.SZ,20220416,20220331,-13.7257,-60.1389,12.5852,0.6776
300004.SZ,20220416,20220331,-54.2603,253.9588,-69.514,-0.3055
600976.SH,20220416,20220331,9.0998,25.9465,-13.1638,4.9677
002877.SZ,20220416,20220331,5.8387,14.5027,-41.1849,1.202
600523.SH,20220416,20220331,1.2333,3.395,2.8895,1.0883
002165.SZ,20220416,20220331,-14.4802,-213.4575,4.59,-1.6795
605168.SH,20220416,20220331,58.8262,13.0682,-39.1088,2.8908
002107.SZ,20220416,20220331,2.7348,-47.1145,18.8516,3.4919
300019.SZ,20220416,20220331,86.6835,50.8867,-28.4486,1.9125
300208.SZ,20220416,20220331,-56.1397,-1616.1838,-262.8656,-5.1406
002196.SZ,20220415,20220331,37.9645,-12.287,13.0128,0.039
002383.SZ,20220415,20220331,22.8137,119.5662,-5.1757,-0.1648
002901.SZ,20220416,20220331,14.9432,-14.5838,-25.6384,3.4285
603392.SH,20220416,20220331,284.8461,360.1761,14.1302,25.6239
002117.SZ,20220416,20220331,-0.8993,2.5654,-37.6405,2.6667
601218.SH,20220416,20220331,-2.9692,-3.3736,37.8664,0.7053
603053.SH,20220416,20220331,11.0947,4.3756,11.7499,4.6924
601882.SH,20220416,20220331,30.8687,77.4734,-18.1116,5.4654
600481.SH,20220416,20220331,299.4999,340.7968,-18.2908,4.0896
600422.SH,20220416,20220331,24.7084,-41.2673,-14.4365,2.1956
688083.SH,20220416,20220331,1.2401,-440.7752,-128.0715,-1.3142
600523.SH,20220416,20220331,1.2333,3.395,2.8895,1.0883
002415.SZ,20220416,20220331,18.1091,5.2887,-23.6354,3.416
002707.SZ,20220416,20220331,-30.1561,23.6969,-19.617,-18.3595
603128.SH,20220416,20220331,40.3292,36.0373,3.6578,4.7312
002908.SZ,20220416,20220331,41.816,79.2305,-88.9213,0.9859
688389.SH,20220416,20220331,27.7041,24.3568,9.0967,4.9683
601009.SH,20220416,20220331,20.3877,22.3306,-105.3264,3.9465
002985.SZ,20220416,20220331,44.7292,47.5541,-48.1676,5.8264
002832.SZ,20220416,20220331,30.1599,41.2902,57.576,5.7704
002895.SZ,20220416,20220331,57.1197,205.1338,0.0437,2.8312
300935.SZ,20220416,20220331,70.1427,-180.2719,-99.2773,-1.1775
300803.SZ,20220415,20220331,89.5078,176.4998,88.2347,18.6365
688219.SH,20220415,20220331,22.4363,11.1809,-3.4707,1.3674
600096.SH,20220415,20220331,13.2808,186.152,10.1978,14.3794
002868.SZ,20220415,20220331,-31.0603,-471.1247,7.9784,-0.6943
300581.SZ,20220413,20220331,-54.4224,311.0152,-79.1448,-1.3545
605068.SH,20220416,20220331,-33.5957,-76.3366,48.0743,0.4918
003022.SZ,20220416,20220331,-13.7257,-60.1389,12.5852,0.6776
300004.SZ,20220416,20220331,-54.2603,253.9588,-69.514,-0.3055
300791.SZ,20220413,20220331,-17.0052,-74.4796,33.053,0.1687
300590.SZ,20220414,20220331,37.4901,-23.4266,-98.2206,1.1358
300352.SZ,20220414,20220331,52.6932,109.9227,31.7752,-0.0022
300020.SZ,20220415,20220331,0.245,-13.36,-12.1512,1.4235
300529.SZ,20220414,20220331,20.4619,18.32,18.3647,9.1481
002167.SZ,20220415,20220331,43.993,3775.9142,31.9484,4.3059
600976.SH,20220416,20220331,9.0998,25.9465,-13.1638,4.9677
002990.SZ,20220414,20220331,46.1075,49.0916,-31.9536,2.0824
002877.SZ,20220416,20220331,5.8387,14.5027,-41.1849,1.202
300238.SZ,20220415,20220331,-4.2926,19.3591,20.0852,2.5373
600256.SH,20220415,20220331,70.0982,175.6734,21.0965,9.9479
002273.SZ,20220415,20220331,9.2478,18.6602,11.4301,0.9986
001216.SZ,20220415,20220331,49.9914,50.2612,9.8274,2.2652
600660.SH,20220415,20220331,14.7528,1.8623,20.4835,3.2009
002458.SZ,20220415,20220331,-44.9215,-357.2126,-64.4209,-9.5274
300653.SZ,20220415,20220331,15.2794,25.0663,54.8941,6.7231
000546.SZ,20220415,20220331,-35.5136,24.7115,-0.7244,-0.9095
000915.SZ,20220415,20220331,23.7449,43.1829,45.6303,6.7038
002903.SZ,20220415,20220331,10.8281,3.7634,96.7629,3.0058
600415.SH,20220415,20220331,106.6834,78.1274,-41.1994,4.4001
002165.SZ,20220416,20220331,-14.4802,-213.4575,4.59,-1.6795
605168.SH,20220416,20220331,58.8262,13.0682,-39.1088,2.8908
002107.SZ,20220416,20220331,2.7348,-47.1145,18.8516,3.4919
300019.SZ,20220416,20220331,86.6835,50.8867,-28.4486,1.9125
300208.SZ,20220416,20220331,-56.1397,-1616.1838,-262.8656,-7.0009
002415.SZ,20220416,20220331,18.1091,5.2887,-23.6354,3.416
002977.SZ,20220415,20220331,62.2492,16.0605,-30.5242,1.7555
600312.SH,20220415,20220331,56.602,206.7237,-8.1487,0.4281
002707.SZ,20220416,20220331,-30.1561,23.6969,-19.617,-18.3595
603128.SH,20220416,20220331,40.3292,36.0373,3.6578,4.7312
002908.SZ,20220416,20220331,41.816,79.2305,-88.9213,0.9859
002916.SZ,20220413,20220331,21.6838,42.8276,18.3997,3.2508
603129.SH,20220415,20220331,44.933,10.2206,-3.4222,2.3308
002697.SZ,20220414,20220331,7.9886,-1.5807,5.6114,3.113
300769.SZ,20220415,20220331,561.8752,1402.7743,-51.1934,21.3876
002264.SZ,20220415,20220331,-17.3155,-45.5837,9.4384,4.8147
000710.SZ,20220415,20220331,-6.4149,-156.1535,-16.0925,-0.5006
688389.SH,20220416,20220331,27.7041,24.3568,9.0967,4.9683
601179.SH,20220415,20220331,23.6147,47.5871,16.5645,0.5199
002709.SZ,20220415,20220331,229.7126,422.1874,11.0181,18.8941
002832.SZ,20220416,20220331,30.1599,41.2902,57.576,5.7704
002296.SZ,20220415,20220331,-3.1296,-31.8494,24.2831,0.5887
000929.SZ,20220415,20220331,-28.4543,-139.4578,30.4815,-0.6067
002880.SZ,20220415,20220331,-0.6233,-6.1255,-3.9033,1.3428
002901.SZ,20220416,20220331,14.9432,-14.5838,-25.6384,3.4285
603392.SH,20220416,20220331,284.8461,360.1761,14.1302,25.6239
300935.SZ,20220416,20220331,70.1427,-180.2719,-99.2773,-1.1775
002117.SZ,20220416,20220331,-0.8993,2.5654,-37.6405,2.6667
601218.SH,20220416,20220331,-2.9692,-3.3736,37.8664,0.7053
601882.SH,20220416,20220331,30.8687,77.4734,-18.1116,5.4654
600481.SH,20220416,20220331,299.4999,340.7968,-18.2908,4.0896
600422.SH,20220416,20220331,24.7084,-41.2673,-14.4365,2.1956
688083.SH,20220416,20220331,1.2401,-440.7752,-128.0715,-1.3142
688091.SH,20220418,20220331,,658.5487,61.8266,1.9415
300582.SZ,20220418,20220331,20.0682,-48.9072,26.2304,1.469
605369.SH,20220418,20220331,32.711,19.7715,15.0639,6.4378
000928.SZ,20220418,20220331,10.0264,4.9701,-52.2971,2.0502
001219.SZ,20220418,20220331,21.6227,27.9598,17.1488,1.7829
002920.SZ,20220418,20220331,53.8645,39.2235,1.4515,5.5849
688209.SH,20220418,20220331,21.4017,53.9787,-12.6261,8.0863
301201.SZ,20220419,20220331,23.5432,25.2767,8.0549,1.8024
600389.SH,20220419,20220331,74.9695,452.2248,12.8202,23.8749
605138.SH,20220419,20220331,30.5002,43.4052,6.9445,3.3632
300268.SZ,20220419,20220331,6.1605,170.475,11.0071,15.2563
603788.SH,20220419,20220331,11.7844,-12.1627,-13.2899,1.7512
688358.SH,20220419,20220331,23.0382,9.0542,-9.8068,1.9207
603178.SH,20220419,20220331,3.0838,0.9835,10.6973,1.7334
603809.SH,20220419,20220331,11.8266,23.6073,-6.6599,4.0743
688077.SH,20220419,20220331,60.8117,73.5696,-48.8194,4.6222
002986.SZ,20220419,20220331,157.5846,197.6002,6.8011,3.7233
600475.SH,20220419,20220331,12.4176,0.2431,2.1124,2.7541
600882.SH,20220419,20220331,35.2357,129.5531,-10.2615,1.5482
002987.SZ,20220419,20220331,20.1195,-53.6688,-51.9371,1.0421
300751.SZ,20220419,20220331,32.0851,49.769,3.5281,2.8847
300435.SZ,20220419,20220331,39.0231,7.4988,2.5777,2.3208
002843.SZ,20220419,20220331,18.5844,18.231,-8.7937,2.3332
603866.SH,20220419,20220331,9.4335,-2.7963,15.7416,2.9836
603967.SH,20220419,20220331,55.8121,12.3222,0.6935,2.3723
688216.SH,20220419,20220331,-17.1928,-130.1951,33.9976,-0.9765
300125.SZ,20220419,20220331,3.1357,-1107.3739,17.3579,-4.9466
688200.SH,20220419,20220331,124.0471,355.7435,34.692,4.6352
000902.SZ,20220419,20220331,37.2547,24.1377,11.1532,4.9718
002515.SZ,20220419,20220331,-45.1376,-63.191,68.7974,1.6059
601677.SH,20220419,20220331,53.2512,82.7841,2.6924,4.4103
603209.SH,20220419,20220331,31.2192,7.1531,20.83,3.4084
603186.SH,20220419,20220331,8.7575,-51.3456,-7.971,1.4689
600989.SH,20220419,20220331,30.8337,1.065,21.2218,5.9769
688516.SH,20220419,20220331,70.2547,109.4911,7.3281,6.7852
002875.SZ,20220419,20220331,-18.9745,-162.8575,-23.2702,-2.8832
688526.SH,20220419,20220331,-36.4559,-46.2766,52.4884,2.7166
688772.SH,20220419,20220331,32.1753,-80.0492,11.9175,0.5464
300101.SZ,20220419,20220331,18.2461,79.5944,-11.579,5.0316
002519.SZ,20220419,20220331,-40.7013,-13.2701,-4.1994,1.4183
605138.SH,20220419,20220331,30.5002,43.4052,6.9445,3.3632
300582.SZ,20220418,20220331,20.0682,-48.9072,26.2304,1.469
300927.SZ,20220419,20220331,12.0595,10.0576,0.5676,3.7909
300826.SZ,20220419,20220331,10.3235,-23.6889,-74.6823,0.8248
301128.SZ,20220419,20220331,18.8423,-754.2708,78.2451,-0.54
300204.SZ,20220419,20220331,6.8287,-22.6107,-29.9166,-1.6524
300083.SZ,20220419,20220331,13.3266,24.696,-7.6646,4.4673
002294.SZ,20220419,20220331,22.1051,53.0895,17.6712,2.2639
300532.SZ,20220419,20220331,941.4524,222.2247,-32.3727,3.5939
300446.SZ,20220419,20220331,-2.9704,664.2546,34.1026,0.3784
300855.SZ,20220419,20220331,42.1498,11.8609,7.4285,3.2098
300602.SZ,20220419,20220331,20.2901,-151.0315,20.0505,-1.8761
300665.SZ,20220419,20220331,-8.7556,-43.5465,-216.0714,-2.0133
688072.SH,20220419,20220331,86.207,-15.0244,64.6517,-1.8252
603102.SH,20220419,20220331,1.1169,-3.9976,9.2505,2.8769
688279.SH,20220419,20220331,5.3677,9.1713,-0.7006,8.3759
600298.SH,20220419,20220331,14.136,-29.2986,-10.3076,3.7694
601616.SH,20220419,20220331,3.3066,-17.0106,3.3451,0.5142
003023.SZ,20220419,20220331,-15.9802,-32.6869,56.41,1.7264
002054.SZ,20220419,20220331,23.8853,36.0975,0.6427,1.7216
605589.SH,20220419,20220331,16.5261,-21.809,-37.058,1.5005
002391.SZ,20220419,20220331,24.299,41.4876,-15.0829,1.7864
601798.SH,20220419,20220331,-6.0991,-38.2047,-2.448,-1.9927
002968.SZ,20220419,20220331,43.475,19.8895,-30.2169,3.9958
300686.SZ,20220419,20220331,-21.0205,-76.201,13.0414,0.3596
002671.SZ,20220419,20220331,-25.2845,-2077.9975,-103.6243,-2.1172
688090.SH,20220419,20220331,47.6847,191.1039,-20.371,0.3018
688289.SH,20220419,20220331,23.8136,4.7835,38.2869,9.3659
000520.SZ,20220420,20220331,7.2727,66.2728,16.1303,2.0238
002677.SZ,20220420,20220331,12.148,20.9171,17.7313,6.0229
688799.SH,20220420,20220331,23.1174,1.8337,4.9508,1.9601
600063.SH,20220420,20220331,46.9604,221.923,21.2956,6.5516
002610.SZ,20220420,20220331,121.0368,-505.8543,-19.7614,-2.1371
600307.SH,20220420,20220331,5.0905,-97.7078,7.4226,0.0572
300852.SZ,20220420,20220331,27.2409,-6.4928,8.467,3.0968
601568.SH,20220420,20220331,20.2421,6.225,9.2541,3.7246
688100.SH,20220420,20220331,19.3628,22.5391,5.6077,2.4045
603178.SH,20220419,20220331,3.0838,0.9835,10.6973,1.7334
688077.SH,20220419,20220331,60.8117,73.5696,-48.8194,4.6222
688209.SH,20220418,20220331,21.4017,53.9787,-12.6261,8.0863
300327.SZ,20220420,20220331,51.4376,89.9669,10.2124,7.9651
002481.SZ,20220420,20220331,-4.0565,-48.305,-57.7598,1.8313
300755.SZ,20220420,20220331,51.028,30.3929,0.0042,6.9057
002225.SZ,20220420,20220331,9.9189,-4.9281,-20.4691,2.0687
002983.SZ,20220420,20220331,40.1481,45.6305,39.338,2.2087
605111.SH,20220420,20220331,30.7878,50.106,11.6326,6.6838
000404.SZ,20220420,20220331,9.2682,369.5173,-9.2484,0.6164
603298.SH,20220420,20220331,7.5031,-13.8208,6.2456,3.2493
002407.SZ,20220420,20220331,114.2406,685.0595,17.4423,13.5875
000803.SZ,20220420,20220331,75.7284,300.6913,-27.2177,3.0775
601700.SH,20220420,20220331,34.1765,-35.26,-18.6048,0.6121
603773.SH,20220420,20220331,88.6359,-78.5745,-8.0695,0.0192
300617.SZ,20220420,20220331,2.8425,22.9237,-10.2224,2.3315
601886.SH,20220420,20220331,6.0568,-56.4171,-58.2052,2.049
002442.SZ,20220420,20220331,22.2891,-85.7477,11.8584,0.5841
600538.SH,20220420,20220331,28.5346,74.5256,-16.9629,0.7626
000401.SZ,20220420,20220331,-2.505,-352.8776,-14.0715,-0.7901
603028.SH,20220420,20220331,-2.847,16.4672,-25.2933,0.8225
002591.SZ,20220420,20220331,-23.263,-125.8683,-57.8265,-0.4283
300801.SZ,20220420,20220331,75.5498,234.2355,9.0504,5.5019
000756.SZ,20220420,20220331,3.5707,8.2046,-0.9673,2.8718
300760.SZ,20220420,20220331,20.1012,22.7421,12.5268,7.5372
300484.SZ,20220420,20220331,11.5475,48.7443,-19.2368,1.7329
002216.SZ,20220420,20220331,0.4875,48.3593,5.1279,7.1372
603080.SH,20220420,20220331,3.6185,6.9051,8.1653,2.9548
300570.SZ,20220420,20220331,14.5343,6.756,4.0595,1.8049
603516.SH,20220420,20220331,-22.4517,-170.5004,-0.6872,-0.953
002923.SZ,20220420,20220331,-0.4252,8.7901,-5.7069,3.1309
603408.SH,20220420,20220331,6.6732,-7.4148,10.7718,3.2164
000721.SZ,20220420,20220331,5.1804,-25.5473,-33.5946,-8.8268
002691.SZ,20220420,20220331,38.2101,-82.5248,-7.4719,-0.0504
603739.SH,20220420,20220331,-3.8284,-37.6812,-4.563,0.5947
601616.SH,20220419,20220331,3.3066,-17.0106,3.3451,0.5142
300274.SZ,20220420,20220331,36.4818,6.2561,-36.8365,2.3341
600547.SH,20220420,20220331,84.4897,195.6153,1.1859,1.1495
300354.SZ,20220420,20220331,54.922,364.0616,-32.5602,0.8994
300365.SZ,20220420,20220331,-39.4995,-269.9646,-156.7945,-0.8487
000833.SZ,20220420,20220331,3.4556,2883.3897,-3.0226,1.1
002191.SZ,20220420,20220331,15.3598,20.8493,4.5292,3.5885
300275.SZ,20220420,20220331,40.104,55.2534,33.9138,0.9588
300540.SZ,20220420,20220331,51.8565,381.0673,-73.4367,2.0121
002414.SZ,20220420,20220331,12.9536,30.6219,-6.2194,3.8626
002457.SZ,20220420,20220331,26.7689,-134.5319,-79.719,-0.246
603979.SH,20220420,20220331,22.6766,27.2495,-2.8549,2.9532
603617.SH,20220420,20220331,8.3563,-29.9214,-3.5776,1.4853
600728.SH,20220420,20220331,1.2031,117.083,-55.5817,0.5712
601678.SH,20220420,20220331,5.7911,-25.0677,8.5502,3.4539
603300.SH,20220420,20220331,55.2926,41.4022,38.6534,2.6046
688550.SH,20220420,20220331,38.0011,57.9111,-1.6771,2.6161
300989.SZ,20220420,20220331,-1.5607,-6.2722,-139.7496,0.9712
002465.SZ,20220420,20220331,7.503,8.0969,-47.3975,0.2829
300673.SZ,20220420,20220331,7.026,22.1249,-33.5002,1.6329
300387.SZ,20220420,20220331,6.055,-42.9497,-5.2581,1.0978
834021.BJ,20220420,20220331,64.6494,47.2033,-90.6284,2.0233
300918.SZ,20220420,20220331,8.0324,17.7092,-13.2837,1.5894
600511.SH,20220420,20220331,6.9275,25.5322,-11.8358,2.8413
603456.SH,20220420,20220331,60.4582,120.1279,27.8347,4.1741
002138.SZ,20220420,20220331,-4.5471,-14.7642,1.6963,2.7306
301188.SZ,20220420,20220331,-4.0596,28.202,-11.1941,1.6223
300868.SZ,20220420,20220331,16.781,-165.7055,-18.3556,-1.1055
001219.SZ,20220418,20220331,21.6227,27.9598,17.1488,1.7829
300343.SZ,20220420,20220331,83.9025,2208.1087,9.8011,26.8144
002421.SZ,20220420,20220331,1.2272,-75.1962,-38.9952,0.3019
300514.SZ,20220420,20220331,224.9145,172.3064,-38.2347,0.2554
002978.SZ,20220420,20220331,-4.5736,-0.9867,50.6476,7.031
002588.SZ,20220420,20220331,76.9953,46.9978,29.9029,2.7915
002611.SZ,20220420,20220331,-0.0669,-42.5801,13.4469,1.2495
002254.SZ,20220420,20220331,10.5741,-17.5901,-1.7751,3.4002
300696.SZ,20220420,20220331,63.0983,40.947,-55.9806,3.6304
601956.SH,20220420,20220331,-2.3899,46.8412,-11.4434,0.8418
300181.SZ,20220420,20220331,29.1806,56.9726,19.5105,3.7875
000801.SZ,20220420,20220331,7.1644,18.4087,-4.8462,0.7781
002017.SZ,20220420,20220331,12.0018,25.12,-14.315,0.5257
000521.SZ,20220420,20220331,-2.8376,-2.8347,-26.5269,-0.466
600064.SH,20220420,20220331,-77.8272,20.8611,31.4264,4.1719
000756.SZ,20220420,20220331,3.5707,8.2046,-0.9673,2.8718
688283.SH,20220420,20220331,68.6002,81.1142,-117.0323,-0.1654
003030.SZ,20220420,20220331,11.0711,-37.1012,-2.7101,0.7017
002376.SZ,20220420,20220331,-24.4951,-254.7015,-67.7342,-1.1192
603229.SH,20220420,20220331,42.4467,61.1784,-1.1349,5.4882
300453.SZ,20220420,20220331,30.6115,39.3704,4.6248,5.0144
688345.SH,20220420,20220331,19.8632,-45.727,-20.6231,2.0733
688611.SH,20220420,20220331,33.954,48.7458,59.7245,1.2765
300449.SZ,20220420,20220331,-80.7306,-11.2041,26.1522,-6.3581
300774.SZ,20220420,20220331,41.0941,37.5056,4.412,2.5398
002601.SZ,20220420,20220331,30.6253,0.0307,8.8583,5.3162
601609.SH,20220420,20220331,36.4382,32.0539,-17.0768,1.4251
600338.SH,20220420,20220331,10.6231,-60.0595,55.5072,3.1187
301150.SZ,20220420,20220331,61.3406,26.2812,-26.9551,9.3181
002829.SZ,20220420,20220331,-55.9079,-146.1133,-170.1127,-0.8495
603138.SH,20220420,20220331,-22.8392,-312.1764,-5.7514,-1.2108
002508.SZ,20220420,20220331,9.3188,2.4736,6.1238,3.8082
002993.SZ,20220420,20220331,29.7773,26.985,5.8668,3.8164
300152.SZ,20220420,20220331,125.0945,120.6783,-85.5435,0.1913
600506.SH,20220420,20220331,4668.6252,-367.8393,0.8694,-3.7881
300690.SZ,20220420,20220331,-35.2475,-79.8478,20.6348,0.7306
002057.SZ,20220420,20220331,43.7317,122.1771,-28.2557,1.6697
002913.SZ,20220420,20220331,18.5808,37.3422,5.1464,3.0459
002293.SZ,20220420,20220331,-2.4875,-12.8101,1.5898,3.463
002564.SZ,20220421,20220331,-31.6122,-61.197,-52.9053,-1.7555
603227.SH,20220421,20220331,27.4942,154.3496,4.3193,4.136
002821.SZ,20220421,20220331,165.2776,223.5901,9.9241,3.7237
600456.SH,20220421,20220331,30.181,100.991,-14.5233,3.121
300401.SZ,20220421,20220331,120.7709,64.9986,63.5445,5.6229
301200.SZ,20220421,20220331,33.1774,94.015,-12.6076,4.4892
600829.SH,20220421,20220331,7.7023,15.2767,-1.6756,2.036
603327.SH,20220421,20220331,46.2763,32.1442,-0.5843,5.5244
300715.SZ,20220421,20220331,-26.8536,-84.145,-64.8201,0.0684
000810.SZ,20220421,20220331,24.8094,33.7379,0.0919,4.2269
603212.SH,20220421,20220331,81.8488,76.3264,-7.1096,3.8599
603656.SH,20220421,20220331,9.894,232.6679,-17.8738,-0.7025
300563.SZ,20220421,20220331,5.9485,11.306,-9.4672,1.5619
603668.SH,20220421,20220331,54.7965,108.6243,-9.7599,2.0369
688687.SH,20220421,20220331,-0.0186,18.767,32.4775,0.8172
000856.SZ,20220421,20220331,-15.6564,-146.9852,2.9646,-0.8725
002812.SZ,20220421,20220331,79.6191,111.9239,6.9463,6.1475
301033.SZ,20220421,20220331,14.631,-31.0707,-6.3139,0.7498
300685.SZ,20220421,20220331,18.6006,23.4574,13.5701,3.5427
002066.SZ,20220421,20220331,8.6637,27.0313,-1.5272,2.8183
835179.BJ,20220421,20220331,4.369,59.7262,58.8717,1.7254
688050.SH,20220421,20220331,55.5432,62.996,31.1292,3.06
601728.SH,20220421,20220331,11.5309,12.1386,23.8438,1.8477
301053.SZ,20220421,20220331,11.6804,-12.6575,-23.8649,1.8852
603219.SH,20220421,20220331,6.1128,0.5516,18.7706,3.9862
600674.SH,20220421,20220331,-18.1845,-13.6875,63.1628,1.7555
688536.SH,20220421,20220331,164.7008,193.7325,35.3771,2.2216
002293.SZ,20220420,20220331,-2.4875,-12.8101,1.5898,3.463
835179.BJ,20220421,20220331,4.369,59.7262,58.8717,1.7254
300499.SZ,20220421,20220331,47.3489,80.2744,-7.1456,0.4146
002549.SZ,20220422,20220331,57.7648,247.9392,17.4492,4.8171
301012.SZ,20220422,20220331,120.5497,184.6792,-15.4156,4.1917
002281.SZ,20220422,20220331,13.3387,8.7082,10.7555,2.3893
600602.SH,20220422,20220331,-3.4982,97.9856,-38.1505,0.0392
600963.SH,20220422,20220331,-14.9693,-25.6285,1.3195,1.2806
002963.SZ,20220422,20220331,-27.5596,-235.4706,-37.6375,-1.5171
603385.SH,20220422,20220331,-4.1957,-103.4293,2.67,-0.6127
600724.SH,20220422,20220331,74.951,-11.3672,-9.3529,2.205
601689.SH,20220422,20220331,54.3408,56.8364,10.336,3.4936
603727.SH,20220422,20220331,-24.8895,-72.5131,-38.3999,0.3974
000513.SZ,20220422,20220331,3.8573,6.4741,20.4169,4.2239
688169.SH,20220422,20220331,22.3008,8.7614,12.2806,3.4766
000629.SZ,20220422,20220331,23.1914,120.7431,10.9784,5.4864
600702.SH,20220422,20220331,83.2522,75.746,22.2273,10.2056
000514.SZ,20220422,20220331,5.7258,42.8387,-532.848,-0.4339
300584.SZ,20220422,20220331,-7.1506,-6.5797,-26.6501,1.2621
002536.SZ,20220422,20220331,-10.4809,-88.2257,11.7823,0.1195
605028.SH,20220422,20220331,6.8931,23.9819,34.1097,4.0257
603289.SH,20220422,20220331,7.2514,-27.8558,11.6541,1.8575
002237.SZ,20220422,20220331,6.0007,-10.3088,1.8611,2.0461
002478.SZ,20220422,20220331,20.8023,204.075,2.0964,0.7735
300865.SZ,20220422,20220331,27.0784,-44.2837,-24.8447,0.8415
300787.SZ,20220422,20220331,21.0933,99.4611,2.3639,4.0157
688377.SH,20220422,20220331,65.0157,136.9364,-8.1741,1.5876
605299.SH,20220422,20220331,-13.7393,4.2981,-19.2532,0.835
688325.SH,20220421,20220331,-27.4384,-27.2695,-41.2111,3.3459
002283.SZ,20220422,20220331,-40.8797,-45.5194,5.4028,1.7002
603813.SH,20220422,20220331,24.819,242.5579,28.5953,1.7382
688156.SH,20220422,20220331,15.413,-54.1789,24.1585,0.4478
603213.SH,20220422,20220331,81.7664,83.7289,-2.2415,6.0919
300939.SZ,20220422,20220331,18.1074,150.1719,22.9418,2.0091
002233.SZ,20220422,20220331,-16.371,-85.0369,-33.4016,0.9699
300721.SZ,20220422,20220331,25.705,124.9547,-5.9619,3.56
603605.SH,20220422,20220331,38.5319,44.1554,27.2735,4.9986
600560.SH,20220422,20220331,9.5153,-2.7129,2.406,1.7165
600080.SH,20220422,20220331,11.6098,22.921,10.9653,0.7161
300821.SZ,20220422,20220331,88.3416,95.3328,6.6497,4.6951
603948.SH,20220422,20220331,21.7786,140.4368,15.3,7.6054
002552.SZ,20220422,20220331,18.1129,-33.5932,-8.9207,0.0421
300993.SZ,20220422,20220331,9.6447,-12.7665,9.892,2.3281
301069.SZ,20220422,20220331,31.3514,33.5827,-9.9133,5.122
301117.SZ,20220422,20220331,358.6378,35.993,-357.2302,-0.9028
300928.SZ,20220422,20220331,26.4921,25.2664,25.8358,0.2754
688338.SH,20220422,20220331,-2.887,-6.1996,6.3481,1.2707
603856.SH,20220422,20220331,27.7759,2.598,-0.4911,2.0901
603309.SH,20220422,20220331,36.8509,70.098,9.405,2.1728
300910.SZ,20220422,20220331,60.6481,-12.466,-6.9855,1.0266
688303.SH,20220422,20220331,389.2766,640.8455,16.1901,23.1062
002860.SZ,20220422,20220331,-16.0921,-23.8913,7.2044,2.7604
300162.SZ,20220422,20220331,28.6478,105.3471,-2.6946,0.9715
300314.SZ,20220422,20220331,2.8169,-56.4285,-18.333,0.2535
002155.SZ,20220422,20220331,47.103,26.4503,-1.4425,1.6227
002560.SZ,20220422,20220331,150.4351,-36.9268,-5.1573,0.4155
300150.SZ,20220422,20220331,-29.0641,-51.5237,-28.9377,-0.8101
688020.SH,20220422,20220331,62.8769,-164.7163,-37.0317,-0.9805
003031.SZ,20220422,20220331,30.9348,26.0493,-8.9845,2.7278
688079.SH,20220422,20220331,-4.6443,-45.1198,56.3482,0.9099
688212.SH,20220422,20220331,13.7652,-63.7985,-37.5735,0.1404
300508.SZ,20220422,20220331,14.7375,-73.4616,-19.6974,1.369
300383.SZ,20220422,20220331,-6.4893,-13.6272,8.9929,1.4724
600785.SH,20220422,20220331,2.8057,-15.4925,15.5074,1.8628
600497.SH,20220422,20220331,3.6582,48.3318,12.3779,3.3058
603867.SH,20220422,20220331,5.955,77.1369,5.4461,5.6881
600328.SH,20220422,20220331,86.5743,141.4788,23.5368,7.6063
300072.SZ,20220422,20220331,51.9392,-1454.8001,-5.5435,-2.3995
002813.SZ,20220422,20220331,-20.908,-57.9227,7.7511,-0.1529
603637.SH,20220422,20220331,-11.2479,39.5725,-75.2239,1.4882
300306.SZ,20220422,20220331,-5.1928,-10.0885,-43.8371,0.4138
603067.SH,20220422,20220331,18.3609,173.2469,13.4545,4.5551
600356.SH,20220422,20220331,9.3436,-40.3842,5.487,0.8978
003021.SZ,20220422,20220331,-17.3032,-50.1086,-5.8121,0.7568
002379.SZ,20220422,20220331,33.877,130.572,-7.4588,0.3533
603303.SH,20220422,20220331,4.5569,-36.6162,9.1148,2.0483
300298.SZ,20220422,20220331,23.2688,45.2222,-5.0424,2.1519
002838.SZ,20220422,20220331,18.8536,-26.8773,-6.4059,1.9375
600135.SH,20220422,20220331,-6.9258,-47.299,-23.7884,0.1445
002080.SZ,20220422,20220331,15.886,24.5056,-30.8492,4.1382
603439.SH,20220422,20220331,22.8598,1.2314,34.9348,2.0266
003816.SZ,20220422,20220331,0.1718,20.1003,22.9652,2.7507
300465.SZ,20220422,20220331,-73.1871,-88.1076,-69.1666,0.1833
002014.SZ,20220422,20220331,0.1256,6.9304,23.0774,3.0065
300348.SZ,20220422,20220331,62.6057,-182.5913,-95.2958,-0.7848
301181.SZ,20220422,20220331,18.9652,5.6712,11.9847,2.9863
688078.SH,20220422,20220331,70.7746,216.8158,-50.1503,1.5755
688662.SH,20220422,20220331,-7.0315,4.6001,23.3245,1.4922
002839.SZ,20220422,20220331,11.8038,29.7374,78.9357,2.465
603613.SH,20220422,20220331,99.7632,98.8529,0.9136,3.2917
688169.SH,20220422,20220331,22.3008,8.7614,12.2806,3.4766
600201.SH,20220422,20220331,-34.2234,-61.6846,-6.3325,1.6889
603816.SH,20220422,20220331,20.0484,15.1106,-11.6672,4.6476
300370.SZ,20220422,20220331,9.5131,-29.0351,-7.0223,
300436.SZ,20220422,20220331,1.6789,-615.8959,-20.0243,-1.1143
603222.SH,20220422,20220331,12.5002,76.9412,38.6852,4.8336
000032.SZ,20220422,20220331,35.7214,-564.0167,-17.2588,-2.2823
600461.SH,20220422,20220331,-12.7421,11.7325,15.3475,3.9868
300525.SZ,20220422,20220331,40.8443,-15.3979,-144.7342,-2.9675
600983.SH,20220422,20220331,-13.6936,25.7083,-18.6881,-0.7341
000968.SZ,20220422,20220331,19.9347,168.3414,42.3843,5.6646
300906.SZ,20220422,20220331,15.8095,24.2588,-42.101,0.9843
300958.SZ,20220422,20220331,1.3307,-4.9603,-14.1979,1.2999
605296.SH,20220422,20220331,-35.8928,-147.7145,-9.218,-3.4455
000709.SZ,20220422,20220331,-5.8446,-35.2685,9.2812,0.6037
601226.SH,20220422,20220331,2.6682,-676.1007,-55.3967,-2.8966
300915.SZ,20220422,20220331,36.9757,96.2204,-1.1192,1.7191
605178.SH,20220422,20220331,-8.1242,-327.0088,-2.8963,-0.663
601360.SH,20220422,20220331,-1.0309,-17.9819,-12.3015,0.5503
600306.SH,20220423,20220331,-0.2968,15.3841,-15.9435,-37.4381
300697.SZ,20220423,20220331,6.7966,-15.9443,-4.4927,3.6864
300349.SZ,20220423,20220331,29.8456,-13.2198,-32.2657,1.2532
600833.SH,20220423,20220331,18.4638,-37.7437,-12.4318,0.7659
002546.SZ,20220423,20220331,38.3875,-134.5167,-26.8576,0.4135
600566.SH,20220423,20220331,13.4315,32.3601,46.2818,5.3421
600746.SH,20220423,20220331,23.4404,-25.2985,17.0821,6.375
600729.SH,20220423,20220331,-19.0371,-5.03,19.4611,6.0939
600596.SH,20220423,20220331,70.8597,336.7072,9.6261,12.6926
300289.SZ,20220423,20220331,65.5488,93.1368,2.2612,0.62
301010.SZ,20220423,20220331,6.8098,-19.767,-69.9002,0.2864
002683.SZ,20220423,20220331,20.2854,-44.2687,-23.6608,0.6239
002028.SZ,20220423,20220331,-4.0125,-45.7283,-25.4705,1.686
300929.SZ,20220423,20220331,-19.8991,45.1945,-27.8627,1.4233
688046.SH,20220422,20220331,51.1556,66.9537,-22.4395,2.7156
000922.SZ,20220423,20220331,25.8125,0.2959,-16.3489,2.3163
000951.SZ,20220423,20220331,-63.7469,-79.4285,25.881,0.8497
000014.SZ,20220423,20220331,1663.4703,266.401,1.5469,1.4308
600888.SH,20220423,20220331,16.7323,162.0367,15.5479,5.4524
601918.SH,20220423,20220331,4.526,7.4616,30.1271,5.4265
300294.SZ,20220423,20220331,4.8896,2.7974,3.3831,1.5746
002262.SZ,20220423,20220331,9.7913,12.4539,28.8306,3.7834
002222.SZ,20220423,20220331,19.8896,14.6911,28.3259,4.1407
688513.SH,20220423,20220331,21.5624,24.2754,13.8419,1.8061
600206.SH,20220423,20220331,7.2923,69.1894,-21.1214,2.8671
002443.SZ,20220423,20220331,11.7159,-38.2248,-16.2603,1.4785
002715.SZ,20220423,20220331,-0.8753,-181.3601,0.6433,-0.8031
603444.SH,20220423,20220331,9.9764,-4.2672,26.6761,6.9995
300730.SZ,20220423,20220331,221.204,8.7397,-190.5385,-4.04
002255.SZ,20220423,20220331,23.6175,-25.2508,1.046,0.9401
000753.SZ,20220423,20220331,4.0943,0.3181,-16.3502,1.1746
601633.SH,20220423,20220331,8.0417,-0.3392,-34.1244,2.0529
300183.SZ,20220423,20220331,24.7839,44.9584,-35.1418,0.6576
600805.SH,20220423,20220331,-6.3869,130.8734,-17.9417,-1.5329
002033.SZ,20220423,20220331,-42.3125,-185.0383,-57.473,-1.2253
002445.SZ,20220423,20220331,11.8191,-65.1684,-15.6687,0.9597
300059.SZ,20220423,20220331,-11.463,13.6349,-28.3494,3.8673
000969.SZ,20220423,20220331,38.7734,48.3847,-11.7529,1.7242
301088.SZ,20220423,20220331,-10.4742,-9.4513,18.5,1.7789
603758.SH,20220423,20220331,9.6791,56.4094,42.6909,1.4718
600563.SH,20220423,20220331,44.6953,23.5495,19.6117,5.4498
688335.SH,20220423,20220331,33.0569,17.882,39.8609,1.4057
601399.SH,20220423,20220331,1.2526,8.6758,-44.1994,0.4994
600862.SH,20220423,20220331,16.6405,22.7394,-0.5378,5.7777
000989.SZ,20220423,20220331,4.4008,15.5794,11.64,2.8199
300871.SZ,20220423,20220331,-34.3969,-96.8107,-7.7918,0.0705
603822.SH,20220423,20220331,62.0896,33.8186,-4.2003,2.8582
002931.SZ,20220423,20220331,2.6827,-39.328,-13.1358,2.0736
300994.SZ,20220423,20220331,3.3058,27.4095,-0.2683,3.8679
000417.SZ,20220423,20220331,0.1731,-15.5665,5.2805,1.4236
600036.SH,20220423,20220331,8.5415,12.516,6.0344,4.0907
002497.SZ,20220423,20220331,210.2219,1210.0233,7.3116,14.3217
603337.SH,20220423,20220331,3.9127,37.43,-18.6619,5.5691
000026.SZ,20220423,20220331,-14.8429,-26.956,1.3649,2.7645
002326.SZ,20220423,20220331,103.7492,434.6724,20.3915,10.236
300200.SZ,20220423,20220331,-7.561,-30.5842,7.2882,2.1463
603008.SH,20220423,20220331,12.3526,-36.1788,-39.2549,1.525
600436.SH,20220423,20220331,17.3003,21.9318,21.5521,6.7484
600050.SH,20220422,20220331,8.2039,20.0217,16.0381,1.3355
300339.SZ,20220423,20220331,5.8992,16.2236,-31.0977,0.3747
000619.SZ,20220423,20220331,14.253,7.1357,-31.0928,-1.379
603169.SH,20220423,20220331,12.1289,24.3457,6.7478,0.7616
600055.SH,20220423,20220331,-12.2505,-49.7266,-12.1533,0.6863
002253.SZ,20220423,20220331,14.7941,-44.3795,-57.94,0.1068
000655.SZ,20220423,20220331,-23.914,-57.939,55.4297,1.3919
300466.SZ,20220423,20220331,35.8752,7.1966,-21.2858,0.1323
603595.SH,20220423,20220331,60.6913,42.298,13.871,1.1385
000631.SZ,20220423,20220331,16.2852,60.3299,510.3233,0.4959
000708.SZ,20220423,20220331,6.8885,0.9275,4.0288,5.4735
600365.SH,20220423,20220331,4.0145,-763.3233,-19.1995,-1.0875
000509.SZ,20220423,20220331,2558.1632,-86.6852,17.9807,1.2245
600592.SH,20220423,20220331,20.8183,-168.3713,-8.8185,2.4963
688196.SH,20220423,20220331,142.5847,74.5918,1.2496,3.8882
000610.SZ,20220423,20220331,5.5452,-143.3501,-105.5635,-4.6009
600171.SH,20220423,20220331,4.0037,3.478,-20.6585,2.3509
603416.SH,20220423,20220331,4.2328,-15.6152,6.4314,3.746
002521.SZ,20220423,20220331,-4.9852,-77.1771,-9.8567,0.3309
002885.SZ,20220423,20220331,30.9227,254.5236,2.7176,0.9375
600251.SH,20220423,20220331,-67.8445,172.3807,109.7513,6.521
600089.SH,20220423,20220331,81.1872,47.2845,13.746,7.0749
300683.SZ,20220423,20220331,5.3073,-47.0682,-24.3208,-0.0017
300783.SZ,20220423,20220331,-15.8512,-48.7475,9.8112,5.053
300648.SZ,20220423,20220331,2.0658,-261.2927,-24.1686,-3.2541
600941.SH,20220422,20220331,14.5599,6.5181,34.2117,1.9852
603909.SH,20220423,20220331,-14.8583,-41.2125,-32.0174,0.5002
002394.SZ,20220423,20220331,22.2302,-25.6315,11.7967,1.2267
605399.SH,20220423,20220331,98.6297,203.0447,34.8254,10.8742
002550.SZ,20220423,20220331,41.1579,135.9266,16.6551,3.4851
600067.SH,20220423,20220331,21.526,42.8425,27.1268,0.4175
300193.SZ,20220423,20220331,12.0501,-14.5187,-12.837,1.8636
300849.SZ,20220423,20220331,3.6568,-72.8691,26.6989,-0.2291
600674.SH,20220421,20220331,-18.1845,-13.6875,63.1628,1.7555
000683.SZ,20220423,20220331,19.8114,137.7852,27.1329,5.0233
603357.SH,20220423,20220331,17.1029,12.002,-26.4515,3.7626
300499.SZ,20220421,20220331,47.3489,80.2744,-7.1456,0.4146
300328.SZ,20220423,20220331,41.4695,637.0518,-4.0118,0.6766
300700.SZ,20220423,20220331,175.7489,321.5116,-18.7653,2.4396
600126.SH,20220423,20220331,10.6484,10.2116,10.6761,1.8402
601128.SH,20220423,20220331,19.3407,23.3794,408.9713,3.2743
002302.SZ,20220423,20220331,-6.1925,-66.8902,-56.9838,0.2998
603590.SH,20220423,20220331,-25.9949,-27.8874,36.6153,0.2371
300549.SZ,20220423,20220331,-1.1102,-50.039,-3.6974,0.9532
300292.SZ,20220423,20220331,-14.0633,-175.4938,-7.5721,0.7053
002236.SZ,20220423,20220331,14.3432,2.302,-42.2899,1.4522
002657.SZ,20220423,20220331,-42.861,-13.0233,-98.7093,-1.226
002609.SZ,20220423,20220331,-18.4502,-471.6594,-134.9866,-2.2473
300836.SZ,20220423,20220331,48.234,381.2289,12.4739,0.6747
600594.SH,20220423,20220331,-16.602,-28.7918,7.6492,1.3491
688228.SH,20220423,20220331,62.7136,-202.1034,-120.955,-0.5365
300360.SZ,20220423,20220331,37.5635,16.8274,5.3294,2.8178
002598.SZ,20220423,20220331,20.8683,10.0239,3.767,2.0001
601965.SH,20220423,20220331,-33.1768,9.9363,-30.821,2.2067
000922.SZ,20220423,20220331,25.8125,0.2959,-16.3489,2.3163
600750.SH,20220423,20220331,37.3819,15.2799,-2.1015,4.2353
300689.SZ,20220423,20220331,28.1096,114.1714,1.3249,0.2737
002327.SZ,20220423,20220331,6.8353,13.8222,4.1689,2.6169
600036.SH,20220423,20220331,8.5415,12.516,6.0344,4.0907
603829.SH,20220423,20220331,14.464,-99.7816,-21.9591,-0.1765
002847.SZ,20220423,20220331,-2.9073,-25.1525,15.0814,5.3816
600171.SH,20220423,20220331,4.0037,3.478,-20.6585,2.3509
002885.SZ,20220423,20220331,30.9227,254.5236,2.7176,0.9375
605399.SH,20220423,20220331,98.6297,203.0447,34.8254,10.8742
603357.SH,20220423,20220331,17.1029,12.002,-26.4515,3.7626
601128.SH,20220423,20220331,19.3407,23.3794,408.9713,3.2743
300140.SZ,20220423,20220331,-10.8728,87.7431,34.5412,-0.3737
002712.SZ,20220423,20220331,-18.7445,-208.47,-18.595,-0.9535
688600.SH,20220423,20220331,73.2302,23.8377,-48.2974,-1.8386
000999.SZ,20220423,20220331,2.8076,30.4475,10.9465,5.0785
300557.SZ,20220423,20220331,25.985,28.4411,-45.956,-0.9178
603486.SH,20220423,20220331,43.8988,27.2033,6.6758,7.1202
300400.SZ,20220423,20220331,-39.7087,-80.7477,-6.7597,0.5518
603156.SH,20220423,20220331,-8.424,-29.0989,-46.7379,3.8695
002925.SZ,20220423,20220331,-20.602,-38.9776,11.945,2.3816
300971.SZ,20220423,20220331,-26.857,-35.9498,37.1328,1.2105
000715.SZ,20220423,20220331,-9.1692,-17.8542,-16.7917,1.1419
301009.SZ,20220423,20220331,-3.3402,-95.1365,-8.2427,0.1005
002234.SZ,20220423,20220331,-51.1679,-236.079,-52.2361,-6.051
300676.SZ,20220423,20220331,-8.5219,-37.0615,-47.1473,3.2587
300031.SZ,20220423,20220331,-9.6225,-43.9556,-2.4936,1.6802
600276.SH,20220423,20220331,-20.9338,-17.3465,2.7025,3.3126
300405.SZ,20220423,20220331,-3.4263,-48.1722,-35.6614,-0.3667
300321.SZ,20220423,20220331,26.5504,-41.8713,-38.4434,0.2191
603132.SH,20220423,20220331,-10.1065,-8.7526,49.1478,3.8643
300441.SZ,20220423,20220331,-12.9133,-51.6062,-1.569,2.2607
300253.SZ,20220423,20220331,29.249,121.7342,-22.1487,0.6014
300661.SZ,20220423,20220331,96.8069,244.9818,37.4638,9.7056
600666.SH,20220423,20220331,0.697,-47.948,12.0143,
601888.SH,20220423,20220331,-7.4516,-9.9913,-7.3486,8.2928
300950.SZ,20220423,20220331,29.4328,-37.3396,-41.8318,0.6963
300761.SZ,20220423,20220331,-0.9069,-161.6343,9.4102,-3.0425
300375.SZ,20220423,20220331,17.8212,10.8607,5.3391,1.7503
300088.SZ,20220423,20220331,10.4987,-21.6649,28.4926,2.2018
300688.SZ,20220423,20220331,238.7339,-521.5406,-18.5041,-3.4306
600779.SH,20220423,20220331,14.102,-13.5424,27.8376,12.7821
688368.SH,20220423,20220331,-25.931,-116.5968,-97.3124,-1.8958
300951.SZ,20220423,20220331,44.7187,23.256,46.7344,3.0131
300487.SZ,20220423,20220331,13.1984,-7.7876,33.7991,3.6665
001203.SZ,20220423,20220331,77.9396,27.0443,36.4568,8.5012
300860.SZ,20220423,20220331,31.385,212.0273,-46.5218,0.05
000825.SZ,20220423,20220331,9.0338,-31.8001,6.8451,3.4779
688311.SH,20220423,20220331,-37.5119,-1455.3933,-1029.4481,-1.0217
300077.SZ,20220423,20220331,249.3535,251.3947,-48.1911,1.463
605122.SH,20220423,20220331,38.2378,-22.8797,8.7889,1.0786
003010.SZ,20220423,20220331,5.6314,-81.206,8.7268,0.3175
300378.SZ,20220423,20220331,13.8802,1.9295,-56.3068,-1.4063
300610.SZ,20220423,20220331,-10.3438,-17.9507,17.8264,3.6571
688589.SH,20220423,20220331,138.2976,950.6128,-34.8506,1.2696
600773.SH,20220423,20220331,16.1925,6.4878,103.5571,0.7461
000807.SZ,20220423,20220331,7.7836,64.8614,15.1486,5.9508
002136.SZ,20220423,20220331,60.5477,85.2142,3.9776,6.3859
301080.SZ,20220423,20220331,27.7308,31.6632,32.0895,2.1717
300303.SZ,20220423,20220331,-7.8243,-6.287,17.846,1.6131
300624.SZ,20220423,20220331,3.7071,-112.1285,-10.7747,-0.9892
000530.SZ,20220423,20220331,18.005,55.861,-18.4166,0.1945
688396.SH,20220423,20220331,22.9443,54.8805,41.1148,3.4101
300628.SZ,20220423,20220331,40.0983,30.0535,22.1927,6.792
300523.SZ,20220423,20220331,49.1705,108.8532,-22.6959,-0.2182
688313.SH,20220423,20220331,19.3034,266.3844,11.7766,1.5563
002305.SZ,20220423,20220331,165.5236,58.2975,-376.4039,-2.0189
601699.SH,20220423,20220331,78.6289,55.3595,15.4369,6.7575
300593.SZ,20220423,20220331,66.4754,69.6893,-9.692,7.2395
300173.SZ,20220423,20220331,-20.2204,-48.1829,9.9096,0.0571
300433.SZ,20220423,20220331,-22.1527,-134.1207,38.5379,-1.0076
300642.SZ,20220423,20220331,22.2975,-77.0958,48.0155,0.2199
600960.SH,20220423,20220331,-13.7459,-542.6393,-11.522,-0.5967
300144.SZ,20220423,20220331,-72.164,-129.1466,24.6528,-0.5257
688023.SH,20220423,20220331,26.8991,-50.759,-180.8562,-6.5291
600025.SH,20220423,20220331,2.7221,23.3972,51.6815,1.1453
300110.SZ,20220423,20220331,12.2726,0.8576,1.1164,0.9816
603606.SH,20220423,20220331,25.5991,0.1635,-46.4791,5.5044
688109.SH,20220423,20220331,-7.0918,-288.0838,-116.6776,-3.2535
300775.SZ,20220423,20220331,127.0494,89.6148,-1.9908,5.5168
839729.BJ,20220423,20220331,-25.4633,-46.6206,0.1994,2.0816
603703.SH,20220423,20220331,-16.4756,-49.6988,11.7051,0.4817
600237.SH,20220423,20220331,0.3368,24.365,-12.6797,1.6382
600594.SH,20220423,20220331,-16.602,-28.7918,7.6492,1.3827
603486.SH,20220423,20220331,43.8988,27.2033,6.6758,7.1202
300172.SZ,20220425,20220331,85.7938,13.267,-7.9394,0.9674
600380.SH,20220425,20220331,12.364,25.5248,18.7211,3.8268
300837.SZ,20220425,20220331,33.0872,27.7259,-9.6396,4.3248
300780.SZ,20220425,20220331,38.9273,123.7262,8.6821,2.0627
300076.SZ,20220425,20220331,-43.68,67.0884,-12.6351,-0.8721
300389.SZ,20220425,20220331,34.4164,177.1708,-15.442,0.4427
300308.SZ,20220425,20220331,41.9134,63.3825,43.0797,1.6898
300644.SZ,20220425,20220331,9.1109,-6.2822,-7.6121,1.5075
688102.SH,20220425,20220331,25.823,139.563,-32.6242,1.4839
300735.SZ,20220425,20220331,107.3627,107.1654,54.2636,0.7861
300428.SZ,20220425,20220331,29.1242,0.7745,-17.1751,2.1333
300248.SZ,20220425,20220331,8.2472,-138.5632,-80.7129,-1.152
301099.SZ,20220425,20220331,52.9741,253.315,-19.4852,3.7382
301026.SZ,20220425,20220331,100.8592,-34.7467,8.6044,3.1991
301058.SZ,20220425,20220331,71.619,57.5329,-36.2689,1.4747
688259.SH,20220425,20220331,422.2517,1274.5582,5.1578,2.852
300425.SZ,20220425,20220331,52.2246,-16.8514,2.9089,1.0281
001288.SZ,20220425,20220331,36.2977,14.5343,-30.0819,1.1136
300816.SZ,20220425,20220331,22.6037,-58.1688,-2.974,0.5961
300221.SZ,20220425,20220331,6.7969,-104.8498,36.5673,-0.2019
603085.SH,20220425,20220331,15.4829,-34.9365,11.3304,1.6753
301101.SZ,20220425,20220331,13.2619,70.0072,6.8924,1.2154
600759.SH,20220425,20220331,27.1686,9664.2934,32.1602,2.3574
300561.SZ,20220425,20220331,3.3175,-5.4262,-34.123,0.8021
002892.SZ,20220425,20220331,2.6798,-24.1351,9.9741,1.2821
300973.SZ,20220425,20220331,8.8298,-45.2927,8.0439,1.9421
600999.SH,20220425,20220331,-38.0067,-42.9869,574.9302,1.324
300670.SZ,20220425,20220331,-39.1084,-271.6417,-49.854,-0.8465
688193.SH,20220425,20220331,7.4337,-13.5356,6.3907,2.5821
002984.SZ,20220425,20220331,21.1206,2.6589,5.0289,3.4094
601789.SH,20220425,20220331,-4.0286,20.0059,-10.6144,1.5364
002917.SZ,20220425,20220331,48.2785,-101.4093,-16.2613,-0.2535
300975.SZ,20220425,20220331,29.0445,25.0427,2.7274,4.5414
001234.SZ,20220425,20220331,-1.1946,17.1761,6.3005,3.7186
300450.SZ,20220425,20220331,142.4085,72.5,-41.3987,3.5339
300931.SZ,20220425,20220331,9.2099,-410.0157,-472.344,-1.7633
301110.SZ,20220425,20220331,-20.3015,-42.7403,-7.2607,1.117
600872.SH,20220425,20220331,6.6313,-9.4637,-1.3886,3.9722
003000.SZ,20220425,20220331,15.5308,-5.7873,24.071,1.9312
002627.SZ,20220425,20220331,-16.552,8.0556,54.7329,0.4193
600645.SH,20220425,20220331,7.4971,-21.3591,7.6273,1.0297
688707.SH,20220425,20220331,161.4007,345.3502,-3.5579,10.919
300030.SZ,20220425,20220331,-22.1248,-213.8978,-10.8759,-3.9714
301001.SZ,20220425,20220331,-17.4105,-164.6119,14.4245,-1.1911
600491.SH,20220425,20220331,-2.8957,-9.5277,-21.9647,1.1376
301106.SZ,20220425,20220331,29.2186,10.9575,4.2551,2.4934
001308.SZ,20220425,20220331,22.123,91.5536,-5.6411,5.2909
301050.SZ,20220425,20220331,-17.1236,35.1183,368.5835,4.6384
300758.SZ,20220425,20220331,4.5295,-48.7682,-19.402,1.6752
300413.SZ,20220425,20220331,-22.0752,-34.3882,-23.4776,2.7545
300482.SZ,20220425,20220331,276.868,481.3232,-13.6167,23.5793
002915.SZ,20220425,20220331,9.2648,10.3759,-2.8722,2.4041
300941.SZ,20220425,20220331,-23.1278,2.9636,-106.554,1.2072
688793.SH,20220425,20220331,15.2881,-188.8358,-28.9143,-1.4723
300762.SZ,20220425,20220331,-72.4661,-365.0457,-419.7919,-0.8727
002449.SZ,20220425,20220331,-10.2756,-42.9086,-1.908,0.0548
300643.SZ,20220425,20220331,15.133,46.1406,7.2438,3.6387
300668.SZ,20220425,20220331,-9.4858,-605.3975,-53.8554,-3.0032
688551.SH,20220425,20220331,60.7793,-41.3913,-26.1083,-0.3501
300554.SZ,20220425,20220331,20.2113,-200.8746,-23.8265,-1.2972
002998.SZ,20220425,20220331,33.8659,-23.609,-43.9432,1.7448
301086.SZ,20220425,20220331,-4.4864,6.7138,3.964,1.6309
300012.SZ,20220425,20220331,19.1566,19.8033,-10.7834,2.2874
300789.SZ,20220425,20220331,11.0936,-31.2863,-85.763,0.5454
301127.SZ,20220425,20220331,20.4359,-13.6044,-87.0459,0.8213
300486.SZ,20220425,20220331,17.0785,8.8062,-8.6172,1.0566
688246.SH,20220425,20220331,33.9432,-38.1236,-160.3854,-1.6437
600246.SH,20220425,20220331,-75.6653,-48.7215,-50.5165,-0.6619
000899.SZ,20220425,20220331,25.526,-103.7503,5.5197,-0.0275
301077.SZ,20220425,20220331,1.3789,0.0222,-4.941,1.7832
300587.SZ,20220425,20220331,4.1649,52.2265,3.1174,4.3604
301182.SZ,20220425,20220331,-14.3636,28.8948,2.5908,0.7359
300738.SZ,20220425,20220331,-4.0517,44.1345,25.4417,1.9497
301006.SZ,20220425,20220331,16.9744,36.565,10.2627,2.3346
688690.SH,20220425,20220331,111.6994,176.235,-26.5823,5.3108
300895.SZ,20220425,20220331,102.0012,1.8093,-32.4699,0.7694
601636.SH,20220412,20220331,4.8137,-40.6885,-1.158,3.5356
300428.SZ,20220425,20220331,29.1242,0.7745,-17.1751,2.1333
300425.SZ,20220425,20220331,52.2246,-16.8514,2.9089,1.0281
600999.SH,20220425,20220331,-38.0067,-42.9869,574.9302,1.324
300450.SZ,20220425,20220331,142.4085,72.5,-41.3987,3.5339
300030.SZ,20220425,20220331,-22.1248,-213.8978,-10.8759,-3.9714
300482.SZ,20220425,20220331,276.868,481.3232,-13.6167,23.5793
301259.SZ,20220425,20220331,-3.0217,-13.766,-156.8959,3.0983
601965.SH,20220423,20220331,-33.1768,9.9363,-30.821,2.2067
601918.SH,20220423,20220331,4.526,7.4616,30.1271,5.4265
300676.SZ,20220423,20220331,-8.5219,-37.0615,-47.1473,3.2587
300780.SZ,20220425,20220331,38.9273,123.7262,8.6821,2.0627
605258.SH,20220426,20220331,-5.8365,-45.6943,-8.5721,0.7446
000159.SZ,20220426,20220331,70.4351,-38.1723,-4.1008,0.9289
300100.SZ,20220426,20220331,3.4091,-44.2949,1.0834,1.1299
300877.SZ,20220426,20220331,-18.1737,-120.4825,-47.8404,-0.4297
603081.SH,20220426,20220331,9.3019,6.1124,-70.2379,2.6211
600817.SH,20220426,20220331,-14.5747,-9.4252,-24.2238,2.2041
300548.SZ,20220426,20220331,29.6391,1.254,22.8728,2.0792
603278.SH,20220426,20220331,-23.2592,-156.5829,5.0848,-2.3649
002009.SZ,20220426,20220331,29.9467,121.2231,-11.271,3.6676
002661.SZ,20220426,20220331,-0.6075,-29.1132,9.9916,2.1495
688660.SH,20220426,20220331,2.4358,-2.1929,-57.0523,1.7832
600703.SH,20220426,20220331,14.3482,-22.9387,7.9611,0.3558
688509.SH,20220426,20220331,-10.9168,38.7601,-41.4783,-1.0265
300898.SZ,20220426,20220331,-1.7633,-19.2092,-29.3796,1.1023
603811.SH,20220426,20220331,-6.7487,-36.9095,21.2352,3.0921
688337.SH,20220426,20220331,26.2771,135.1418,3.8354,0.0842
605588.SH,20220426,20220331,-2.622,-3.2655,-6.2062,2.0084
002188.SZ,20220426,20220331,42.9477,153.6142,-99.9341,10.6619
600615.SH,20220426,20220331,140.9481,15.7266,-3.2269,-0.4577
603389.SH,20220426,20220331,6.9037,-38.8182,-39.4429,-3.7745
600058.SH,20220426,20220331,-8.2453,40.9389,-21.2744,1.5013
300889.SZ,20220426,20220331,0.1625,-77.6462,-96.953,-0.7831
000666.SZ,20220426,20220331,24.4885,6.6784,-146.6987,1.36
300240.SZ,20220426,20220331,51.1338,51.4555,1.2634,2.7837
688681.SH,20220426,20220331,-5.1223,-49.611,-14.4756,-2.3742
603920.SH,20220426,20220331,42.1455,69.0864,-4.5869,1.663
688680.SH,20220426,20220331,118.8716,2.5543,-56.1393,3.2903
603655.SH,20220426,20220331,-16.6309,-76.6095,9.3485,0.3443
603198.SH,20220426,20220331,37.2253,49.0666,33.737,8.6289
601890.SH,20220426,20220331,-21.209,-17.5725,20.2266,0.9714
300545.SZ,20220426,20220331,-10.5558,214.7132,-5.2582,0.6574
002378.SZ,20220426,20220331,51.5883,876.8554,-20.848,2.9494
300386.SZ,20220426,20220331,27.5711,41.7476,-69.1383,-0.4901
002083.SZ,20220426,20220331,10.8161,-38.694,1.0971,1.4125
603001.SH,20220426,20220331,-8.971,-75.0282,-7.0602,0.0433
603978.SH,20220426,20220331,27.3392,178.8331,1.1746,1.3676
002788.SZ,20220426,20220331,11.3236,11.0387,-8.9858,2.7976
000731.SZ,20220426,20220331,60.1347,245.3003,24.5139,4.8933
300741.SZ,20220426,20220331,-10.8661,-21.0654,0.1207,2.1967
002369.SZ,20220426,20220331,-37.2124,-80.4094,5.6378,-4.8342
836077.BJ,20220426,20220331,159.3037,152.1491,2.7988,18.7445
688300.SH,20220426,20220331,27.2842,16.3543,3.5413,3.6733
600176.SH,20220426,20220331,28.4434,72.6752,26.0197,6.1435
000063.SZ,20220426,20220331,6.4349,1.6047,4.2506,3.7113
300437.SZ,20220426,20220331,59.1711,2114.9301,-12.147,4.4817
002282.SZ,20220426,20220331,-10.5735,-64.9396,-5.6393,0.4942
301096.SZ,20220426,20220331,114.2628,352.5743,-34.5034,0.6891
600051.SH,20220426,20220331,-24.3316,-120.2374,-24.967,-0.0139
300341.SZ,20220426,20220331,24.0921,29.7066,3.9642,3.4403
605218.SH,20220426,20220331,5.9246,-76.0396,6.3102,0.4922
600740.SH,20220426,20220331,33.0066,73.7186,3.3216,8.7868
000049.SZ,20220426,20220331,27.5585,14.3628,0.4164,4.0998
603919.SH,20220426,20220331,38.794,42.7817,38.0902,5.3206
688299.SH,20220426,20220331,2.1854,-18.0939,16.9062,1.3638
600926.SH,20220426,20220331,15.7336,31.3876,-192.6313,3.5368
002655.SZ,20220426,20220331,1.6349,-22.224,20.5665,2.8288
603032.SH,20220426,20220331,1077.8835,1738.7497,1.7837,6.279
002756.SZ,20220426,20220331,94.2509,553.5973,13.9947,14.1256
600824.SH,20220426,20220331,-26.9544,-10.5921,-40.0811,1.025
600267.SH,20220426,20220331,-2.9574,7.4815,9.6256,1.5408
002023.SZ,20220426,20220331,20.1814,132.8116,38.3932,0.5153
002151.SZ,20220426,20220331,-16.7638,9.4476,-21.5625,0.7398
600800.SH,20220426,20220331,-7.006,-198.1115,-27.4419,-2.015
301163.SZ,20220426,20220331,14.0419,-0.2958,0.8589,2.6651
002360.SZ,20220426,20220331,10.1711,7.5867,30.5813,1.2262
002444.SZ,20220426,20220331,45.1975,-28.7668,1.4729,1.8014
600483.SH,20220426,20220331,-10.693,16.9359,10.3736,3.5552
300620.SZ,20220426,20220331,-2.9602,-7.5553,-1.9834,0.8579
301179.SZ,20220426,20220331,28.4443,127.4995,81.2165,0.5657
002099.SZ,20220426,20220331,25.2554,52.1723,18.5982,1.2427
600826.SH,20220426,20220331,-37.3283,-73.2551,-306.4778,-1.1985
600232.SH,20220426,20220331,15.1586,413.9532,-7.5188,1.2173
603878.SH,20220426,20220331,-12.0982,-36.1082,-11.2088,0.3914
000877.SZ,20220426,20220331,-1.7671,-23.3888,-5.7985,1.1488
300130.SZ,20220426,20220331,44.0622,72.0851,5.0105,2.7526
300894.SZ,20220426,20220331,29.223,35.9207,-26.3826,3.4111
002810.SZ,20220426,20220331,19.0531,20.6594,4.0486,5.9778
600526.SH,20220426,20220331,-1.8107,-33.3022,-50.174,0.0371
300720.SZ,20220426,20220331,0.4048,-42.2915,0.3229,1.2835
688330.SH,20220426,20220331,47.5723,61.317,-51.0712,2.9095
601011.SH,20220426,20220331,-2.4937,-0.3898,5.5391,0.5346
603059.SH,20220426,20220331,-23.7874,-100.1525,19.2247,0.2586
600335.SH,20220426,20220331,-27.0121,-64.9502,-17.7395,1.1815
688179.SH,20220426,20220331,46.6867,54.8165,-15.3,3.012
003015.SZ,20220426,20220331,14.647,-35.0936,25.9874,1.0875
002270.SZ,20220426,20220331,2.7279,54.1123,26.173,2.0815
300054.SZ,20220426,20220331,9.567,90.1235,12.7236,1.6416
603985.SH,20220426,20220331,-40.3676,-90.9063,-3.554,0.2806
300983.SZ,20220426,20220331,-37.3505,-152.6979,-121.2552,-0.7227
600794.SH,20220426,20220331,-55.6303,-19.3831,-62.6107,1.7213
002461.SZ,20220426,20220331,12.7744,1.4473,0.8852,0.633
000099.SZ,20220426,20220331,8.5749,111.8677,47.2699,1.4865
300224.SZ,20220426,20220331,71.3885,187.9709,-7.9485,2.7313
603232.SH,20220426,20220331,87.5504,-133.9793,-97.2815,-4.6189
605376.SH,20220426,20220331,26.9786,-18.2292,-30.3771,2.6184
688390.SH,20220426,20220331,46.163,-86.5385,-27.5424,0.3139
600158.SH,20220426,20220331,12.9626,2.2269,77.4602,-2.1162
300285.SZ,20220426,20220331,34.7777,11.9438,-3.8065,3.262
001206.SZ,20220426,20220331,13.872,-44.9139,16.382,0.8517
600438.SH,20220426,20220331,132.4904,513.0142,13.1614,12.5511
600309.SH,20220426,20220331,33.4436,-18.8386,9.6944,7.5161
002013.SZ,20220426,20220331,10.315,26.0711,-39.5356,1.8272
002102.SZ,20220426,20220331,-5.888,116.8225,1.0714,2.2861
688027.SH,20220426,20220331,99.6797,-45.8664,-206.1314,-2.2952
300847.SZ,20220426,20220331,15.734,46.7662,-0.4047,2.2929
300138.SZ,20220426,20220331,56.6093,37.0004,-1.7866,3.3712
600517.SH,20220426,20220331,88.7879,-31.1728,-21.339,0.8098
603071.SH,20220426,20220331,24.0403,59.8938,-15.6793,6.0325
300235.SZ,20220426,20220331,-12.1507,-17.02,-39.1336,1.6354
301111.SZ,20220426,20220331,-5.0104,27.4116,20.4436,0.9574
600178.SH,20220426,20220331,8.3096,-70.9794,-1.3113,1.2995
300881.SZ,20220426,20220331,27.8405,11.8142,-65.5521,1.6547
603035.SH,20220426,20220331,12.2121,-23.7534,25.132,1.5525
600569.SH,20220426,20220331,-19.3222,-363.0486,8.9181,-5.2009
300281.SZ,20220426,20220331,17.1604,-32.305,-3.9827,0.6082
688113.SH,20220426,20220331,4.895,31.2987,42.4125,3.0245
603429.SH,20220426,20220331,15.9852,14.7014,30.0013,2.5719
300194.SZ,20220426,20220331,-14.8816,-39.4412,10.5468,0.8336
600850.SH,20220426,20220331,13.4202,3.8619,-71.6545,2.3698
002093.SZ,20220426,20220331,8.4995,17.7239,-47.9173,0.7422
600645.SH,20220425,20220331,7.4971,-21.3591,7.6273,1.0297
688677.SH,20220426,20220331,39.208,36.976,25.1034,3.0221
605389.SH,20220426,20220331,-4.2469,-42.0604,-31.3608,2.2051
300820.SZ,20220426,20220331,78.2397,90.473,-20.7921,4.0913
301028.SZ,20220426,20220331,-2.6412,1.1041,-8.0953,3.6313
688039.SH,20220426,20220331,10.1619,-1139.1339,-137.0406,-1.0148
603936.SH,20220426,20220331,-5.5463,-12.8443,-6.5345,0.8701
002997.SZ,20220426,20220331,3.048,-30.3746,-44.5383,0.3713
603332.SH,20220426,20220331,15.4132,-210.1903,-46.8002,-1.4193
301049.SZ,20220426,20220331,-8.0059,-57.8522,50.2265,0.5362
603113.SH,20220426,20220331,75.5491,-73.8796,20.3489,1.0963
600738.SH,20220426,20220331,30.9753,422.587,-15.1573,1.3695
002073.SZ,20220426,20220331,106.7614,61.3613,-2.643,0.1552
605289.SH,20220426,20220331,-34.5671,-62.8012,-369.2731,0.057
300047.SZ,20220426,20220331,-8.8978,38.828,42.7295,-0.1171
002975.SZ,20220426,20220331,-19.5723,-43.0137,-11.1366,2.0819
605208.SH,20220426,20220331,25.9236,25.9934,-17.264,1.7007
601608.SH,20220426,20220331,14.8802,23.4797,-10.8395,0.549
601311.SH,20220426,20220331,-3.5372,-49.1056,-11.0877,1.5831
002646.SZ,20220426,20220331,11.4873,53.4262,15.6536,3.8566
002649.SZ,20220426,20220331,29.6452,-7.1085,-4.2321,1.162
300533.SZ,20220426,20220331,326.9019,1632.339,17.9331,12.1851
300732.SZ,20220426,20220331,18.8406,5.2824,-23.2967,1.5544
000728.SZ,20220426,20220331,-36.7056,-135.963,-222.7707,-0.3925
688363.SH,20220426,20220331,61.5657,31.0735,-17.3064,3.1232
600673.SH,20220426,20220331,8.8807,1222.9574,20.6114,3.5163
603105.SH,20220426,20220331,35.0226,4.5116,11.1473,0.7206
300033.SZ,20220426,20220331,-2.895,-34.0126,17.3654,1.7892
688063.SH,20220426,20220331,216.1811,70.4528,15.9514,3.2599
000962.SZ,20220426,20220331,24.9348,217.6865,3.1549,1.7611
000677.SZ,20220426,20220331,14.7602,43.389,0.5961,4.1537
300763.SZ,20220426,20220331,78.7233,54.9714,5.2131,5.9151
301036.SZ,20220426,20220331,-14.0093,-40.1501,-16.3606,0.8482
603558.SH,20220426,20220331,28.5437,74.1009,14.0069,2.8613
301193.SZ,20220426,20220331,35.8232,57.2044,-7.6295,1.2658
002050.SZ,20220426,20220331,40.941,25.8052,2.6216,3.5379
601137.SH,20220426,20220331,58.4024,15.4721,-20.6728,2.3285
000795.SZ,20220426,20220331,43.5579,47.9854,-9.5853,1.6998
300968.SZ,20220426,20220331,7.0031,-68.1499,14.499,0.4185
603259.SH,20220426,20220331,71.1838,9.544,5.8702,4.3475
603297.SH,20220426,20220331,21.2272,-54.9958,1.8746,2.7078
000422.SZ,20220426,20220331,55.1016,200.6458,19.8797,21.8964
600898.SH,20220426,20220331,39.7344,-224.5295,-98.0976,-9.7543
603817.SH,20220426,20220331,32.1997,20.9247,17.6354,1.9403
000862.SZ,20220426,20220331,-14.2346,-66.277,28.2898,0.8757
600286.SH,20220426,20220331,188.987,13.1039,-437.4127,-3.1145
600552.SH,20220426,20220331,-19.1793,57.4101,7.994,0.5933
002746.SZ,20220426,20220331,42.2412,-170.3401,-14.3317,-1.5887
603077.SH,20220426,20220331,85.432,323.4432,19.7232,6.8454
600643.SH,20220426,20220331,-26.987,-8.9582,51.2999,1.5653
600608.SH,20220426,20220331,-7.8701,407.0972,-31.7157,3.2337
002300.SZ,20220426,20220331,23.1817,51.4585,-24.3703,1.3809
688777.SH,20220426,20220331,34.5632,70.9427,-45.5396,0.8679
600353.SH,20220426,20220331,50.3365,5.6737,-25.0798,0.8545
002463.SZ,20220426,20220331,9.771,13.0415,13.932,3.2012
603168.SH,20220426,20220331,-2.4759,163.6426,20.4632,0.8717
603339.SH,20220426,20220331,43.5666,41.9776,8.9227,2.3456
603167.SH,20220426,20220331,-16.4801,5.284,23.2603,-0.8075
002825.SZ,20220426,20220331,37.8519,6.4684,1.1443,2.4457
003013.SZ,20220426,20220331,12.0266,-6.9782,-60.0149,4.6969
688301.SH,20220426,20220331,46.2745,35.4654,10.2712,3.6854
600720.SH,20220426,20220331,19.3736,-94.0128,54.7181,0.0809
300838.SZ,20220426,20220331,63.5359,29.2867,-11.5282,2.025
300848.SZ,20220426,20220331,43.2436,0.4928,-12.5012,1.986
002731.SZ,20220426,20220331,52.8067,115.5491,3.1252,2.1564
600857.SH,20220426,20220331,-20.439,4.7773,-0.9148,1.7217
300575.SZ,20220426,20220331,41.218,80.6963,18.2441,6.1842
601566.SH,20220426,20220331,-5.616,-158.0593,7.0884,2.6144
605388.SH,20220426,20220331,-2.259,-71.6407,-65.8545,0.7021
600535.SH,20220426,20220331,5.9653,-272.523,4.3989,1.8284
688004.SH,20220426,20220331,29.3677,-20.3704,-206.5049,-0.8625
300694.SZ,20220426,20220331,8.0922,-20.8662,9.1083,0.6837
300079.SZ,20220426,20220331,-14.1221,-73.0359,58.8237,0.3726
603383.SH,20220426,20220331,38.2149,13.4544,-122.9541,0.009
301122.SZ,20220426,20220331,39.4642,6.402,-0.5117,3.5877
300488.SZ,20220426,20220331,21.1659,40.8182,25.778,2.0879
872925.BJ,20220426,20220331,-1.4196,-10.8283,19.294,1.5473
300015.SZ,20220426,20220331,18.7242,26.152,24.7941,5.3777
600761.SH,20220426,20220331,13.6505,8.4592,5.0372,2.5963
600866.SH,20220426,20220331,-8.6762,-33.8247,-2.6625,1.0934
301015.SZ,20220426,20220331,14.426,2.7946,-6.4138,4.3353
605018.SH,20220426,20220331,31.2137,-3.7461,16.2593,1.4312
600123.SH,20220426,20220331,50.4994,285.7267,25.6794,6.4545
300768.SZ,20220426,20220331,10.3238,-2.3982,12.1739,1.4081
603657.SH,20220426,20220331,14.9334,-53.5622,36.5089,1.4645
603639.SH,20220426,20220331,6.5663,8.937,-1.6391,4.4498
600255.SH,20220426,20220331,24.4802,-35.8362,7.1694,0.8638
002988.SZ,20220426,20220331,31.423,33.8496,-47.4558,1.0631
600916.SH,20220426,20220331,8.0239,22.0607,-3.5728,3.6174
603283.SH,20220426,20220331,34.9666,39.9298,18.1798,1.5523
301065.SZ,20220426,20220331,25.4896,1.7792,10.5063,1.2172
600433.SH,20220426,20220331,-3.1722,-45.1752,18.4678,0.688
600967.SH,20220426,20220331,46.6567,16.604,-85.556,1.9554
300650.SZ,20220426,20220331,-28.9734,-34.3235,14.2168,2.1029
002778.SZ,20220426,20220331,-19.9233,-93.2367,9.0347,0.1875
600768.SH,20220426,20220331,-36.0239,-131.1233,-27.9849,-1.4016
603015.SH,20220426,20220331,-12.562,-45.534,-13.3471,1.0045
688310.SH,20220426,20220331,10.9303,-74.6255,-46.7373,0.1947
688029.SH,20220426,20220331,12.4953,-35.1165,-5.2683,1.444
603987.SH,20220426,20220331,28.8095,55.6684,0.3588,2.9525
300243.SZ,20220426,20220331,26.0352,0.4611,-18.1483,3.2927
002190.SZ,20220426,20220331,43.8666,714.0177,-4.5573,0.1741
603565.SH,20220426,20220331,24.899,170.2348,21.4774,4.9822
603759.SH,20220426,20220331,23.0344,20.974,13.0717,1.59
600486.SH,20220426,20220331,42.0782,103.5061,14.9846,12.0816
002837.SZ,20220426,20220331,17.0995,-59.2636,14.671,0.4633
601100.SH,20220426,20220331,-22.9728,-32.558,12.9599,5.3316
301056.SZ,20220426,20220331,24.5901,-31.8343,-16.5469,1.0131
300154.SZ,20220426,20220331,26.9803,-53.7949,4.8496,1.079
002029.SZ,20220426,20220331,-5.2243,-29.8973,9.7015,0.6606
002026.SZ,20220426,20220331,29.8871,-31.5751,-28.507,1.9802
605088.SH,20220426,20220331,18.1583,22.6396,-5.7759,1.2164
002395.SZ,20220426,20220331,-1.8734,-129.2342,-4.5375,-0.7398
603931.SH,20220426,20220331,40.5784,26.2655,-5.6446,2.9235
000819.SZ,20220426,20220331,157.7521,306.4382,-6.6824,1.2677
605500.SH,20220426,20220331,11.733,-37.1838,4.1184,1.4499
301076.SZ,20220426,20220331,15.5589,24.5104,18.6853,2.267
300471.SZ,20220426,20220331,-8.3072,-565.5442,-80.1833,-1.8634
600480.SH,20220426,20220331,5.9629,10.377,-4.9401,1.425
871981.BJ,20220426,20220331,23.9327,34.16,14.5505,2.4642
300583.SZ,20220426,20220331,-6.8763,337.1842,3.6238,0.7212
600285.SH,20220426,20220331,15.7341,35.4085,12.6603,4.4478
603360.SH,20220426,20220331,34.6485,89.9732,39.3491,8.8745
002416.SZ,20220426,20220331,15.3476,27.542,7.1782,3.3585
688722.SH,20220426,20220331,50.8931,139.5915,53.9087,2.586
300092.SZ,20220426,20220331,-8.1197,11.3103,-13.8509,4.3943
300829.SZ,20220426,20220331,18.1825,54.75,5.4896,2.7996
600572.SH,20220426,20220331,0.2307,112.2477,3.1599,2.7172
300857.SZ,20220426,20220331,1.5118,8.1765,-10.1351,1.6066
603317.SH,20220426,20220331,20.6043,25.266,24.8779,2.5381
002483.SZ,20220426,20220331,3.5063,-47.2509,25.513,1.0054
300284.SZ,20220426,20220331,1.8602,26.3212,-46.7683,0.4412
300738.SZ,20220425,20220331,-4.0517,44.1345,25.4417,1.9497
600273.SH,20220426,20220331,74.0418,71.8769,-2.1779,6.2108
603583.SH,20220426,20220331,56.6947,17.6274,6.6837,1.6278
600529.SH,20220426,20220331,12.5331,-1.9348,-3.7244,3.2007
002960.SZ,20220426,20220331,64.7137,30.6369,-47.3919,1.752
301166.SZ,20220426,20220331,2.4253,1.8054,-50.8891,1.013
688686.SH,20220426,20220331,22.5286,1.2278,-1.8155,2.2165
605365.SH,20220426,20220331,37.4972,9.0358,-14.6157,2.6036
600161.SH,20220426,20220331,-16.7975,-17.4963,29.4072,1.43
600998.SH,20220426,20220331,7.7275,-40.4846,-7.528,2.0203
601916.SH,20220426,20220331,18.3741,11.8444,314.1316,3.2117
300846.SZ,20220426,20220331,6.3217,-827.0684,14.5199,-1.8845
002817.SZ,20220426,20220331,-2.6756,29.357,23.2948,1.1986
300962.SZ,20220426,20220331,15.0,24.4321,48.3879,3.2729
605169.SH,20220426,20220331,65.562,92.0945,13.5216,3.0618
603176.SH,20220426,20220331,-1.7496,-94.7479,-130.8909,-3.9293
301198.SZ,20220426,20220331,41.2794,14.2041,-17.623,1.4588
301003.SZ,20220426,20220331,12.0724,34.067,12.0704,2.7171
300434.SZ,20220426,20220331,-16.4225,-15.6236,4.8723,3.0041
600980.SH,20220426,20220331,13.8813,95.1582,7.6717,1.1314
000519.SZ,20220426,20220331,1.1523,191.0307,-40.3954,3.0427
688215.SH,20220426,20220331,75.6652,-37.9118,-59.6075,0.1635
002890.SZ,20220426,20220331,-1.7038,-1.0077,-33.1665,0.5894
301042.SZ,20220426,20220331,11.6188,7.3608,7.5409,1.5849
688128.SH,20220426,20220331,26.5884,5.2558,-21.2609,1.5126
300609.SZ,20220426,20220331,26.177,-192.0977,-31.9894,-2.0273
300623.SZ,20220426,20220331,2.4554,0.0774,7.5162,2.6623
688396.SH,20220423,20220331,22.9443,54.8805,41.1148,3.4101
601699.SH,20220423,20220331,78.6289,55.3595,15.4369,6.7575
301259.SZ,20220425,20220331,-3.0217,-13.766,-156.8959,3.0983
002869.SZ,20220426,20220331,13.3143,-377.99,-29.45,-1.0531
002872.SZ,20220426,20220331,-59.4789,37.7113,6.6272,-1.0584
301199.SZ,20220426,20220331,0.4021,-168.658,-2.9408,-0.7537
001212.SZ,20220426,20220331,7.4368,-38.5376,-7.95,1.2071
300710.SZ,20220426,20220331,-9.3273,266.4413,8.5501,-0.0242
300980.SZ,20220426,20220331,-5.7211,-60.3219,-6.3564,1.1447
000998.SZ,20220426,20220331,6.4772,34.3821,-41.2184,0.7783
002624.SZ,20220426,20220331,-4.6006,80.9892,4.1038,3.9077
600157.SH,20220426,20220331,42.0137,41.7635,13.6697,0.738
603131.SH,20220426,20220331,11.17,-19.5583,-24.8441,0.4798
688383.SH,20220426,20220331,74.2652,83.9968,-35.4973,5.2354
688199.SH,20220426,20220331,35.8398,43.2228,8.8547,1.7251
002518.SZ,20220426,20220331,18.4879,-36.7273,-33.5399,1.4142
301159.SZ,20220426,20220331,3.5623,-87.1277,-276.8668,-2.7162
688211.SH,20220426,20220331,-56.6911,-144.8714,-64.9743,-0.9978
301073.SZ,20220426,20220331,-3.7219,-44.5797,19.5927,0.5883
002101.SZ,20220426,20220331,-1.3605,13.2265,8.1717,1.2399
300611.SZ,20220426,20220331,39.2607,-85.2413,-6.54,0.0408
002902.SZ,20220426,20220331,8.3758,524.0967,-23.5776,0.3473
300521.SZ,20220426,20220331,0.8021,-20.1453,-21.9284,-0.5545
301029.SZ,20220426,20220331,52.5953,63.7195,-16.0167,4.2079
002249.SZ,20220426,20220331,21.5407,12.5381,2.2443,1.42
300249.SZ,20220426,20220331,12.5412,-92.6907,-15.1191,-2.5025
002785.SZ,20220426,20220331,21.0227,-77.0784,0.5703,0.6961
603048.SH,20220426,20220331,-13.9967,-63.5198,16.6857,1.0039
000868.SZ,20220426,20220331,-14.899,-107.8762,96.1711,-20.8499
300743.SZ,20220426,20220331,33.4598,0.931,-10.8037,1.6204
301013.SZ,20220426,20220331,6.6172,-143.4077,-73.5611,-1.2314
688718.SH,20220426,20220331,-25.6206,-101.5699,3.4222,-0.1609
601101.SH,20220426,20220331,27.0165,82.894,45.6145,3.2102
000498.SZ,20220426,20220331,61.61,47.9216,-12.3167,1.6482
688359.SH,20220426,20220331,0.4506,-147.1658,-3.4522,-1.1457
300239.SZ,20220426,20220331,65.1273,412.5298,11.0803,1.5767
600929.SH,20220426,20220331,61.9645,151.6805,4.3994,3.0853
300923.SZ,20220426,20220331,29.8253,-16.9574,-18.4093,0.9657
002049.SZ,20220426,20220331,40.835,63.9103,-14.9477,6.7608
002615.SZ,20220426,20220331,15.6727,20.4985,8.8256,2.8553
301236.SZ,20220426,20220331,23.15,21.8993,-28.3305,1.0771
600143.SH,20220426,20220331,4.4151,-44.9286,-4.6734,2.6143
002046.SZ,20220426,20220331,38.714,14.0603,2.268,1.7741
300470.SZ,20220426,20220331,14.9789,18.9177,0.4592,2.4324
000061.SZ,20220426,20220331,4.7858,2.1747,35.9455,1.0112
601916.SH,20220426,20220331,18.3741,11.8444,314.1316,3.2117
600305.SH,20220426,20220331,10.4275,-0.7507,-7.3978,3.1848
600981.SH,20220426,20220331,-21.5579,-86.2745,-7.6231,-0.2294
603992.SH,20220426,20220331,49.3033,-1.2581,19.3693,2.8474
002527.SZ,20220426,20220331,-8.6942,-175.444,-45.7326,-0.8624
300713.SZ,20220426,20220331,25.677,-14.0341,-32.8658,0.019
002548.SZ,20220426,20220331,-14.9652,-869.1427,9.4345,-8.7449
688085.SH,20220426,20220331,9.5833,10.756,13.4693,1.7947
000526.SZ,20220426,20220331,-28.2194,-78.1812,27.9943,-1.1476
002864.SZ,20220426,20220331,13.702,13.206,19.8242,2.6317
002846.SZ,20220426,20220331,12.7982,-133.2538,-2.1958,-0.7732
002529.SZ,20220426,20220331,41.7979,150.4278,6.0054,-0.0836
300858.SZ,20220426,20220331,6.63,8.7543,42.5068,1.9959
300600.SZ,20220426,20220331,-19.1403,-272.1275,1.5295,-1.1715
300666.SZ,20220426,20220331,54.2878,90.148,-13.7237,2.7428
002137.SZ,20220426,20220331,-0.0843,33.186,-0.1959,0.7997
600578.SH,20220426,20220331,39.7947,340.5212,16.7095,1.3154
601567.SH,20220426,20220331,42.7667,-3.2347,-16.1278,2.249
603520.SH,20220426,20220331,42.0835,24.2658,-18.108,3.303
603027.SH,20220427,20220331,0.9296,38.4727,17.075,2.565
603324.SH,20220427,20220331,7.5305,17.8054,-72.0756,0.9248
600449.SH,20220427,20220331,70.6036,741.1774,-28.8128,0.1508
600780.SH,20220427,20220331,43.0332,129.0671,11.1637,4.5271
000965.SZ,20220427,20220331,889.4431,164.6067,54.3732,0.5912
601600.SH,20220427,20220331,43.6228,60.5161,11.3143,2.7681
301059.SZ,20220427,20220331,36.7539,7.3022,16.0121,1.8558
600854.SH,20220427,20220331,-5.0498,504.3919,47.854,1.4484
002766.SZ,20220427,20220331,12.1118,95.6416,1.7072,-0.738
002075.SZ,20220427,20220331,13.2357,-12.3686,1.1577,2.5415
601958.SH,20220427,20220331,37.4115,276.1389,-14.2257,2.223
300319.SZ,20220427,20220331,19.1658,-33.8812,20.8199,0.9037
603882.SH,20220427,20220331,58.702,57.9984,2.1237,12.4054
000698.SZ,20220427,20220331,-48.2405,-136.5166,-0.0105,-3.0221
002951.SZ,20220427,20220331,-66.9741,-97.4353,-26.8913,-0.0648
002703.SZ,20220427,20220331,-11.2343,-119.8455,2.4985,-0.8646
002367.SZ,20220427,20220331,7.0827,-36.957,-29.8288,0.7333
600066.SH,20220427,20220331,-2.8401,-4.4271,-20.8925,-2.1542
002484.SZ,20220427,20220331,31.2033,42.231,8.9425,2.6002
300595.SZ,20220427,20220331,29.3494,7.2376,42.7725,6.0063
002149.SZ,20220427,20220331,5.8154,-31.5606,-14.4043,0.4708
300358.SZ,20220427,20220331,20.1435,22.0532,-46.3775,3.7577
603386.SH,20220427,20220331,9.0866,-47.4091,0.8128,1.7913
002952.SZ,20220427,20220331,40.2961,-26.0597,-9.3868,0.9237
000001.SZ,20220427,20220331,10.5748,26.8259,318.4085,3.2117
001205.SZ,20220427,20220331,26.3549,17.5157,14.9217,2.7704
000948.SZ,20220427,20220331,92.8455,41.1074,-112.4684,-0.5977
002039.SZ,20220427,20220331,35.0285,99.192,71.3163,2.6137
000751.SZ,20220427,20220331,49.7424,-76.3568,3.2088,0.023
000782.SZ,20220427,20220331,5.4068,-4.8116,-16.8277,1.386
605377.SH,20220427,20220331,19.3892,14.6151,0.9844,3.4342
601990.SH,20220427,20220331,-20.1159,-29.138,516.6802,0.7585
601717.SH,20220427,20220331,5.4051,22.5479,3.8567,3.7219
603199.SH,20220427,20220331,-19.4827,-131.6332,-52.455,-0.628
300873.SZ,20220427,20220331,18.0153,44.9021,30.5965,2.5644
301167.SZ,20220427,20220331,5.5971,17.3132,-56.7688,1.7016
000510.SZ,20220427,20220331,29.0058,-52.9088,-15.3014,2.3235
600011.SH,20220427,20220331,30.5434,-129.9593,12.8795,-1.3476
301000.SZ,20220427,20220331,-6.8634,-2.9532,-1.1683,2.0824
002422.SZ,20220427,20220331,7.9662,66.0828,0.9399,1.8624
300342.SZ,20220427,20220331,-11.6139,-95.4706,-21.164,0.0597
600864.SH,20220427,20220331,-2.6479,-418.7373,-127.0171,-3.7723
600874.SH,20220427,20220331,22.4235,17.8548,19.8175,2.4802
300705.SZ,20220427,20220331,61.4718,20.4929,-0.4116,4.8315
002128.SZ,20220427,20220331,23.9552,49.5282,26.7087,7.1363
002392.SZ,20220427,20220331,-5.1614,-37.1512,-7.1391,1.1013
301258.SZ,20220427,20220331,23.2344,48.5026,15.8287,2.6379
000665.SZ,20220427,20220331,-11.4559,-77.6279,2.8061,-1.7384
603977.SH,20220427,20220331,17.5994,5.4589,-15.2078,1.1734
002353.SZ,20220427,20220331,27.2651,-21.8399,-36.7479,1.4659
300160.SZ,20220427,20220331,26.9422,230.2805,-2.8516,4.6336
300087.SZ,20220427,20220331,49.6577,1085.4538,-27.2435,1.2492
300398.SZ,20220427,20220331,53.734,103.4323,-3.3432,4.4712
000925.SZ,20220427,20220331,-14.6513,-37.8933,-106.6027,0.5674
002743.SZ,20220427,20220331,9.1187,11.8794,8.0849,0.432
300633.SZ,20220427,20220331,31.5285,41.3638,14.036,2.0444
603026.SH,20220427,20220331,5.097,94.0794,28.9594,13.3761
688030.SH,20220427,20220331,52.965,14.7141,-27.5002,-5.1054
600379.SH,20220427,20220331,30.3398,1.0408,15.9051,0.9395
600470.SH,20220427,20220331,38.0114,21.4686,3.6799,3.5812
301016.SZ,20220427,20220331,-21.4466,-46.2715,-43.1487,2.1734
000405.SZ,20220427,20220331,-100.0,12.3464,,-2.4731
300324.SZ,20220427,20220331,-14.4674,9.7358,-44.3483,-1.1401
300006.SZ,20220427,20220331,-44.8474,-153.9879,-6.3906,-1.4136
601595.SH,20220427,20220331,-29.4218,-105.1443,43.1477,-0.2907
603188.SH,20220427,20220331,304.1018,48.816,-46.6259,-2.3519
600200.SH,20220427,20220331,-18.4224,-91.9785,9.8127,0.1911
300707.SZ,20220427,20220331,43.8929,40.0585,9.2249,1.9987
601177.SH,20220427,20220331,5.2327,-3.9253,-28.1335,2.3346
002648.SZ,20220427,20220331,124.5439,98.4446,16.1762,7.6763
002635.SZ,20220427,20220331,44.6844,1787.6582,10.9399,1.5192
300543.SZ,20220427,20220331,-0.5428,-55.6395,15.8887,1.8596
603160.SH,20220427,20220331,-38.3895,-132.26,-25.949,-0.36
001965.SZ,20220427,20220331,-10.1447,-11.661,17.4156,1.836
832419.BJ,20220427,20220331,33.6361,-25.6749,8.4982,1.4498
300558.SZ,20220427,20220331,-5.4733,-43.3629,5.0122,1.6149
000802.SZ,20220427,20220331,-68.5895,22.5569,-202.1838,-1.3154
002331.SZ,20220427,20220331,25.9668,14.3044,-51.3501,-0.8826
600363.SH,20220427,20220331,14.7924,2.3388,-17.3636,1.6595
000993.SZ,20220427,20220331,79.8392,304.6055,98.0075,1.5358
000931.SZ,20220427,20220331,16.7087,1.5349,-18.5146,-0.5161
000722.SZ,20220427,20220331,30.3358,97.3932,-20.5518,1.2287
300902.SZ,20220427,20220331,57.9167,108.3632,50.5537,0.5635
301004.SZ,20220427,20220331,131.2119,177.5943,-0.5464,4.5942
300394.SZ,20220427,20220331,16.176,18.0944,42.1227,3.2316
003018.SZ,20220427,20220331,15.3307,12.5376,-26.7626,1.8172
000761.SZ,20220427,20220331,8.9772,-36.7988,1.739,1.8627
002289.SZ,20220427,20220331,-18.9494,-9.7564,-38.7337,-2.0611
605086.SH,20220427,20220331,12.9875,13.8758,47.4775,2.3953
002690.SZ,20220427,20220331,14.8578,5.9268,-36.6625,4.1713
601116.SH,20220427,20220331,-0.6163,75.9844,19.8958,1.4283
002363.SZ,20220427,20220331,19.5528,-5.6468,22.5304,0.6702
002015.SZ,20220427,20220331,-8.5967,-8.0933,10.445,1.208
603070.SH,20220427,20220331,8.4287,-8.9612,-14.673,1.1476
002288.SZ,20220427,20220331,4.469,-16.355,7.9664,2.4313
603121.SH,20220427,20220331,-7.2459,-84.4606,-0.9559,0.1307
688187.SH,20220427,20220331,22.2896,31.0062,-50.1713,0.6455
300206.SZ,20220427,20220331,-23.793,-60.2124,6.3972,1.8881
002474.SZ,20220427,20220331,-15.2373,-18.5337,-12.0808,0.4102
300381.SZ,20220427,20220331,6.5686,-225.2314,26.1186,-1.2935
300908.SZ,20220427,20220331,-3.9565,-58.4565,-20.3561,0.7553
688577.SH,20220427,20220331,16.8161,-3.7748,-25.0806,1.493
300990.SZ,20220427,20220331,9.8902,-27.0715,-23.8314,0.8886
300034.SZ,20220427,20220331,49.2091,10.3869,-46.9087,2.0067
600390.SH,20220427,20220331,-88.1332,-45.0288,3496.5569,1.2067
000505.SZ,20220427,20220331,29.3169,1.1141,-6.4029,1.2418
002346.SZ,20220427,20220331,17.4381,50.0078,38.1182,0.9807
600099.SH,20220427,20220331,6.0916,20.4403,-8.841,0.4207
300445.SZ,20220427,20220331,21.4662,5.0995,-16.5659,1.1827
002020.SZ,20220427,20220331,1.5225,2.429,19.4441,2.6428
002791.SZ,20220427,20220331,3.9296,-309.5734,-53.8773,-1.953
688616.SH,20220427,20220331,-4.1544,-59.9584,10.0402,0.5382
300660.SZ,20220427,20220331,0.4236,-16.6906,9.2152,2.4487
000552.SZ,20220427,20220331,16.3393,178.7173,22.3855,4.8861
002162.SZ,20220427,20220331,-10.6744,-32.6191,-52.6363,-1.2406
003002.SZ,20220427,20220331,46.0126,-4.9098,-0.8094,0.2873
600549.SH,20220427,20220331,66.825,23.3003,-4.9386,3.4247
300457.SZ,20220427,20220331,178.8847,188.9161,-31.9243,1.2
002819.SZ,20220427,20220331,109.5496,-217.3527,-40.207,-0.2584
300296.SZ,20220427,20220331,18.2134,10.746,-10.3596,1.3214
600837.SH,20220427,20220331,-63.0895,-58.5342,10.559,0.6148
600885.SH,20220427,20220331,20.8206,20.7767,10.2346,3.7659
002160.SZ,20220427,20220331,7.1058,-15.6488,0.6729,0.7173
002175.SZ,20220427,20220331,47.9601,126.6027,-8.4951,2.4473
688207.SH,20220427,20220331,192.845,65.5338,-54.9723,-0.8094
002623.SZ,20220427,20220331,22.3719,-76.0392,-18.4879,0.1253
000797.SZ,20220427,20220331,10.0167,-36.4589,3.6786,0.2733
300753.SZ,20220427,20220331,-28.8539,-157.0533,-80.992,-1.4101
300952.SZ,20220427,20220331,-9.6903,-36.0322,16.6049,1.1132
300988.SZ,20220427,20220331,15.6172,18.2998,5.129,1.9528
002476.SZ,20220427,20220331,42.6989,4753.9095,-110.3295,1.1845
600710.SH,20220427,20220331,-7.0104,5.5998,-8.3554,3.6133
002142.SZ,20220427,20220331,15.4015,20.8025,989.694,3.7578
000011.SZ,20220427,20220331,29.9913,2.6439,-60.7089,5.0349
600970.SH,20220427,20220331,16.0815,4.9893,-25.0179,3.4598
002713.SZ,20220427,20220331,-23.3533,-10.6689,-40.0804,-28.8953
301229.SZ,20220427,20220331,14.4117,-71.8534,-12.0793,0.8237
300905.SZ,20220427,20220331,7.4045,-29.0475,-28.0095,1.3035
600397.SH,20220427,20220331,2.4563,-628.4745,-0.4083,-25.9053
300439.SZ,20220427,20220331,8.7002,-7.9179,-14.8039,2.2178
002012.SZ,20220427,20220331,-38.8803,-43.9355,28.2385,0.5662
605005.SH,20220427,20220331,8.6817,-34.1562,-4.4524,2.103
600059.SH,20220427,20220331,12.549,12.3643,-6.8511,1.2422
688510.SH,20220427,20220331,5.6413,-27.4839,-60.0784,0.1267
300887.SZ,20220427,20220331,71.2134,112.947,-14.1085,0.3993
603658.SH,20220427,20220331,26.2111,40.0728,17.6467,3.1533
688326.SH,20220427,20220331,-2.7148,-198.159,-18.3562,-4.2912
688309.SH,20220427,20220331,101.1518,442.2265,50.7294,1.6264
688069.SH,20220427,20220331,-61.3318,-92.3142,-29.3967,-0.038
002148.SZ,20220427,20220331,13.7902,-1.6956,21.5345,-0.0636
300333.SZ,20220427,20220331,-2.2028,-356.7204,-98.1065,-2.2441
300468.SZ,20220427,20220331,3.8354,5.68,-36.1925,0.6276
000550.SZ,20220427,20220331,-10.0639,-30.1057,-37.2142,-0.3196
000779.SZ,20220427,20220331,3.007,-28.4938,-69.8106,1.327
833873.BJ,20220427,20220331,42.3651,15.8866,-153.8169,-3.741
002132.SZ,20220427,20220331,16.7366,-36.8503,-12.3548,0.7317
000859.SZ,20220427,20220331,27.2123,11.4685,-3.5235,1.647
300970.SZ,20220427,20220331,22.7608,-13.1958,31.4708,1.5682
300955.SZ,20220427,20220331,0.6402,-19.5416,5.7207,1.6861
002145.SZ,20220427,20220331,20.5235,4.6081,14.4925,4.1091
688065.SH,20220427,20220331,35.7715,23.536,21.8459,1.567
002966.SZ,20220427,20220331,5.0074,20.5562,522.0457,3.0903
002306.SZ,20220427,20220331,-80.4564,-117.7095,-17.9832,-1.4654
688238.SH,20220427,20220331,56.8497,28.7837,-40.2296,0.7135
002343.SZ,20220427,20220331,2968.8463,372.0722,30.0243,4.7158
688597.SH,20220427,20220331,56.2699,138.7281,-6.2392,0.6564
002263.SZ,20220427,20220331,6.0385,-32.0981,4.4888,1.1425
688636.SH,20220427,20220331,86.4695,-6.5636,-59.6056,0.8615
605155.SH,20220427,20220331,23.4766,8.1466,14.3401,1.7744
600196.SH,20220427,20220331,28.8702,-45.406,8.3375,2.0664
603112.SH,20220427,20220331,49.7292,37.8821,0.9412,3.5555
603569.SH,20220427,20220331,-13.4565,-99.0466,-10.0415,-0.1678
002932.SZ,20220427,20220331,267.4105,307.0492,11.6494,39.7244
600249.SH,20220427,20220331,-11.1636,-52.3849,-17.0397,-0.0733
603970.SH,20220427,20220331,11.7491,27.7949,-18.09,3.3637
600449.SH,20220427,20220331,70.6036,741.1774,-28.8128,0.1508
600780.SH,20220427,20220331,43.0332,129.0671,11.1637,4.5271
601600.SH,20220427,20220331,43.6228,60.5161,11.3143,2.7681
000567.SZ,20220427,20220331,171.947,164.9514,-204.5509,2.7283
002783.SZ,20220427,20220331,29.1406,1156.041,13.663,0.7077
300776.SZ,20220427,20220331,13.2494,26.3672,7.149,3.7685
002347.SZ,20220427,20220331,19.4709,-86.6359,-10.6626,-0.4672
002971.SZ,20220427,20220331,45.5434,25.1049,-11.6326,2.163
002430.SZ,20220427,20220331,13.5361,7.7236,-5.4157,4.1743
300069.SZ,20220427,20220331,-44.8604,8.2956,-45.8654,-3.4693
603801.SH,20220427,20220331,11.1682,1.3651,-38.6018,1.5491
002672.SZ,20220427,20220331,28.2416,-83.5155,-1.2093,-0.1063
300477.SZ,20220427,20220331,42.6423,318.9026,-21.8565,3.714
603707.SH,20220427,20220331,33.2379,20.9569,21.4195,5.8868
002425.SZ,20220427,20220331,-33.8518,-88.9794,-0.115,0.2877
300880.SZ,20220427,20220331,50.4057,4.259,80.7609,1.6373
300001.SZ,20220427,20220331,32.8703,-19.5558,-29.3243,0.0834
002400.SZ,20220427,20220331,1.6765,1.8639,-28.0959,0.6171
600400.SH,20220427,20220331,10.9213,-41.028,-19.2422,0.7645
300586.SZ,20220427,20220331,35.8821,353.7347,29.0942,6.7163
002438.SZ,20220427,20220331,8.3522,11.6561,-1.1649,2.5651
688779.SH,20220427,20220331,179.3067,163.7462,-14.0587,4.1556
300115.SZ,20220427,20220331,60.4271,-241.3379,-8.8059,-4.1103
301237.SZ,20220427,20220331,13.4057,-21.6138,-7.2771,2.889
300511.SZ,20220427,20220331,1.6622,-43.3771,6.2869,2.6969
300380.SZ,20220427,20220331,-4.2352,-803.4005,-159.6295,-1.7435
300509.SZ,20220427,20220331,-2.8306,35.3454,-20.1986,0.9124
002333.SZ,20220427,20220331,37.1153,-393.6343,-14.2112,-0.184
000667.SZ,20220427,20220331,761.3928,-2.6324,-4.3604,-1.6282
300358.SZ,20220427,20220331,20.1435,22.0532,-46.3775,3.7577
000001.SZ,20220427,20220331,10.5748,26.8259,318.4085,3.2117
301102.SZ,20220427,20220331,35.0035,15.1616,40.8076,3.24
301222.SZ,20220427,20220331,22.1143,9.6324,10.4822,2.3597
002590.SZ,20220427,20220331,5.7897,-124.8339,-0.0132,-0.443
688131.SH,20220427,20220331,33.0243,15.0617,-1.2615,3.1763
300116.SZ,20220427,20220331,13.7865,-3.9895,-50.8706,-8.3453
301043.SZ,20220427,20220331,6.3701,-57.5048,-48.9671,0.3097
300345.SZ,20220427,20220331,-0.3652,-91.5202,24.8094,-0.1837
300332.SZ,20220427,20220331,141.3639,1585.8336,0.6953,3.5994
300807.SZ,20220427,20220331,73.3178,-48.1972,-164.9541,-2.9334
603187.SH,20220427,20220331,47.8251,24.7584,-11.9425,3.1677
300220.SZ,20220427,20220331,-2.1343,-58.5873,-2.6905,-4.9772
300316.SZ,20220427,20220331,114.0281,57.1311,-38.1448,6.1189
002227.SZ,20220427,20220331,-10.2026,-259.6256,-101.7234,-1.0331
300591.SZ,20220427,20220331,17.0118,-49.9841,-9.7661,0.388
603991.SH,20220427,20220331,-30.1224,38.2074,-38.4051,-1.0298
601990.SH,20220427,20220331,-20.1159,-29.138,516.6802,0.7585
600927.SH,20220427,20220331,5.9332,-90.1025,-6.1045,0.27
600977.SH,20220427,20220331,-24.8322,-19.3173,213.3413,0.7465
300596.SZ,20220427,20220331,23.0377,39.6579,3.6967,4.8557
601921.SH,20220427,20220331,27.1783,92.9396,11.9072,0.9418
688158.SH,20220427,20220331,-25.7303,-7.5135,4.4089,-5.1469
300161.SZ,20220427,20220331,7.1581,-57.7032,-93.8723,-3.8009
300603.SZ,20220427,20220331,30.3203,134.5743,-22.4596,0.5628
002120.SZ,20220427,20220331,38.6604,52.0072,8.7077,2.5083
603530.SH,20220427,20220331,35.4856,-91.4433,-41.015,-0.0664
603956.SH,20220427,20220331,-25.7785,-499.6547,-169.6361,-4.2715
688367.SH,20220427,20220331,56.6994,161.9731,-169.2991,-0.3189
300822.SZ,20220427,20220331,3.8137,-57.1658,24.2179,1.3828
002272.SZ,20220427,20220331,12.8751,-39.14,-6.3508,-0.2797
000701.SZ,20220427,20220331,20.0872,54.8633,-8.6299,0.0513
688176.SH,20220427,20220331,,45.1806,-756625.9396,-1.8477
300455.SZ,20220427,20220331,41.9503,24.5173,-80.0018,0.4752
600369.SH,20220427,20220331,-94.8106,-152.1223,1117.2158,-0.5243
300854.SZ,20220427,20220331,-31.1114,-192.7532,-80.4758,0.0186
300411.SZ,20220427,20220331,-17.0488,1215.8917,-5.7045,3.016
300592.SZ,20220427,20220331,2619.13,1063.8371,-6.7442,1.5826
688766.SH,20220427,20220331,-4.9056,8.0725,-35.1737,1.9707
002215.SZ,20220427,20220331,4.5366,12.1618,-46.3976,4.9703
002898.SZ,20220427,20220331,-8.9105,-37.9285,-30.6024,-0.3832
300188.SZ,20220427,20220331,16.7739,-83.5881,-154.295,-1.8643
688022.SH,20220427,20220331,16.9473,153.6138,-13.9542,-1.5202
300061.SZ,20220427,20220331,-3.0001,161.1753,-24.4888,0.7653
300833.SZ,20220427,20220331,266.5993,518.5198,17.0534,3.0148
603677.SH,20220427,20220331,-9.351,7.3535,7.549,1.3738
688320.SH,20220427,20220331,14.8552,-17.3693,-35.7022,2.9728
001896.SZ,20220427,20220331,34.4655,-671.1064,8.1812,-10.1119
002213.SZ,20220427,20220331,15.013,99.8581,-13.1935,0.2024
300883.SZ,20220427,20220331,0.7952,-9.509,6.4007,0.6299
300987.SZ,20220427,20220331,4.1269,-36.9206,-29.7807,0.4324
300752.SZ,20220427,20220331,-32.4282,45.899,22.9163,-1.9697
000405.SZ,20220427,20220331,-100.0,12.3464,,-2.4731
300483.SZ,20220427,20220331,5.2102,-14.2612,13.0665,1.4149
301180.SZ,20220427,20220331,-1.4025,33.8703,23.6754,4.2517
300627.SZ,20220427,20220331,21.9694,34.9242,-50.2009,2.2553
300539.SZ,20220427,20220331,3.8518,26.0344,12.7991,0.8465
300639.SZ,20220427,20220331,147.8733,190.6402,7.8957,14.2752
000960.SZ,20220427,20220331,8.1309,268.046,4.3172,7.123
002357.SZ,20220427,20220331,10.1145,0.0498,-14.057,2.9091
300432.SZ,20220427,20220331,212.2403,108.6939,-15.0687,6.259
300834.SZ,20220427,20220331,5.5501,-41.3882,30.2071,2.5655
300802.SZ,20220427,20220331,24.1265,-9.1481,6.7196,1.9702
301206.SZ,20220427,20220331,3.4555,-9.6438,7.4997,1.7481
300631.SZ,20220427,20220331,38.7092,-31.82,-3.7259,0.2447
300571.SZ,20220427,20220331,103.5979,40.1023,-31.5257,7.268
300663.SZ,20220427,20220331,15.8139,4.6761,-69.0074,0.4103
300778.SZ,20220427,20220331,-8.8731,-9.2339,-57.8671,1.8515
300967.SZ,20220427,20220331,27.4131,-21.2347,11.8469,0.8514
601595.SH,20220427,20220331,-29.4218,-105.1443,43.1477,-0.2907
300942.SZ,20220427,20220331,100.1126,30.2688,-17.4071,10.7388
300977.SZ,20220427,20220331,-22.8757,-916.6629,-97.9286,-2.2631
300374.SZ,20220427,20220331,-59.1116,-2511.9278,-92.8415,-3.4081
002334.SZ,20220427,20220331,23.302,-91.7566,-11.2042,0.0028
688007.SH,20220427,20220331,0.0327,-67.1767,-12.9915,0.0224
300311.SZ,20220427,20220331,-27.3802,-93.3503,-115.6831,-6.8926
300207.SZ,20220427,20220331,35.1144,-26.126,10.9997,0.7465
300236.SZ,20220427,20220331,18.9522,-1672.8631,-30.2613,0.4867
688625.SH,20220427,20220331,26.2747,27.9167,-11.4095,4.5388
300745.SZ,20220427,20220331,50.5997,82.253,-25.0366,0.0806
603056.SH,20220427,20220331,-4.7528,-838.7342,13.7697,-2.5714
688578.SH,20220427,20220331,202.3224,48.8172,-46.1057,-1.2542
600363.SH,20220427,20220331,14.7924,2.3388,-17.3636,1.6595
002696.SZ,20220427,20220331,32.2857,148.499,2.9918,0.0891
600233.SH,20220427,20220331,31.9992,134.8796,8.2898,3.5612
301040.SZ,20220427,20220331,-12.7301,-43.0796,-7.8054,1.551
002243.SZ,20220427,20220331,12.9697,-9.4656,3.6459,0.0542
002702.SZ,20220427,20220331,-9.5342,51.0931,27.9778,2.3123
002202.SZ,20220427,20220331,-8.2574,15.2691,-58.706,3.9206
002973.SZ,20220427,20220331,22.0559,-11.0907,2.9348,4.5976
300903.SZ,20220427,20220331,41.8795,30.0272,-7.1337,1.3595
688258.SH,20220427,20220331,16.0073,-6.944,-11.5381,1.2862
000658.SZ,20220427,20220331,153.5887,-188.2582,-804.782,
002797.SZ,20220427,20220331,46.1591,421.7665,-197.8984,0.4743
688280.SH,20220427,20220331,24.1886,-7.2688,-11.045,-5.475
688520.SH,20220427,20220331,,25.5533,-61.1987,
300527.SZ,20220427,20220331,-64.5307,-483.5724,-304.063,-2.3121
002240.SZ,20220427,20220331,212.5915,900.9602,3.4029,18.9598
000069.SZ,20220427,20220331,-12.5637,-80.4441,-152.3221,-0.0785
603511.SH,20220427,20220331,4.3773,1.0336,16.8661,2.8071
300131.SZ,20220427,20220331,-22.4646,-0.7019,-2.1842,1.9067
002943.SZ,20220427,20220331,134.8553,827.1708,-11.3272,2.0448
300407.SZ,20220427,20220331,10.6285,-6.4575,-51.1414,-1.9673
300244.SZ,20220427,20220331,62.0773,122.6228,-20.9331,12.006
300377.SZ,20220427,20220331,13.9355,-120.0173,-95.2274,-1.2697
000595.SZ,20220427,20220331,23.1498,20.1358,-65.4222,-2.2405
000692.SZ,20220427,20220331,11.6545,-616.6902,-14.7659,
688286.SH,20220427,20220331,-15.8152,-161.1508,-30.1204,-0.2858
688171.SH,20220427,20220331,-4.9039,37.2844,2.9635,0.4703
300577.SZ,20220427,20220331,35.5604,2.7789,-14.3941,0.7375
002125.SZ,20220427,20220331,27.6966,633.9721,4.4257,6.7056
301039.SZ,20220427,20220331,-25.2913,-38.6454,-9.1777,0.8947
300536.SZ,20220427,20220331,-56.8169,224.5253,-305.5822,0.6437
603070.SH,20220427,20220331,8.4287,-8.9612,-14.673,1.1476
601599.SH,20220427,20220331,38.9918,367.3067,-17.5282,1.3414
002947.SZ,20220427,20220331,81.0485,96.6228,12.7617,1.8153
000777.SZ,20220427,20220331,-24.1002,-186.5339,-115.6653,-0.988
002389.SZ,20220427,20220331,46.0797,82.3352,-20.5231,0.1623
300187.SZ,20220427,20220331,20.9902,-56.6247,-14.4233,0.3653
003033.SZ,20220427,20220331,29.6738,45.5407,-22.8915,2.4417
002827.SZ,20220427,20220331,15.1695,300.1785,-11.5493,0.0815
688296.SH,20220427,20220331,54.7816,61.7894,-124.4443,-0.354
300313.SZ,20220427,20220331,17.7009,-117.4061,109.2287,-4.7558
300304.SZ,20220427,20220331,10.1409,-78.6979,8.5478,1.6993
002189.SZ,20220427,20220331,2.0344,-1027.5022,-12.518,-2.0593
300135.SZ,20220427,20220331,-24.2928,-40.6777,-21.0289,-0.7928
300109.SZ,20220427,20220331,9.2117,-47.7779,-56.2046,1.3873
002782.SZ,20220427,20220331,39.1311,8.0385,-2.584,1.3032
300936.SZ,20220427,20220331,-13.2421,-19.7064,-1.1,0.5492
301005.SZ,20220427,20220331,10.9767,-15.5633,10.324,1.993
300252.SZ,20220427,20220331,10.0173,131.6082,-9.367,-0.2924
600265.SH,20220427,20220331,215.74,46.1791,-41.7032,-1.5997
000926.SZ,20220427,20220331,-11.4843,-46.9257,-80.1103,0.2046
002831.SZ,20220427,20220331,26.0234,32.6785,10.9888,2.0546
002882.SZ,20220427,20220331,23.5808,13.8419,-25.6276,2.2904
002906.SZ,20220427,20220331,25.2266,25.5667,-0.2832,1.6681
600839.SH,20220427,20220331,-15.7175,143.5753,-21.5784,0.2614
301256.SZ,20220427,20220331,11.6103,-75.1995,-22.6786,0.4064
688369.SH,20220427,20220331,20.6029,-1004.3151,-155.4667,-2.0933
301075.SZ,20220427,20220331,-40.2276,-59.1032,-21.4482,0.168
300863.SZ,20220427,20220331,40.1936,131.8149,-9.8064,3.6033
300454.SZ,20220427,20220331,4.7612,-438.8968,-60.6104,-8.248
002134.SZ,20220427,20220331,13.4041,163.7437,29.9687,0.5587
000923.SZ,20220427,20220331,-19.2928,-35.6993,21.7204,3.4123
605599.SH,20220427,20220331,17.5493,71.5388,21.7231,5.2152
300357.SZ,20220427,20220331,20.0014,30.2057,28.1356,4.306
688103.SH,20220427,20220331,53.9071,31.8168,13.3238,1.2127
301051.SZ,20220427,20220331,-33.0373,-89.6774,-24.123,-0.2281
002806.SZ,20220427,20220331,56.6199,151.7019,9.2288,0.0761
601975.SH,20220427,20220331,20.3022,-2.3691,9.6506,1.7678
688778.SH,20220427,20220331,103.3329,78.9907,1.1757,3.829
300402.SZ,20220427,20220331,56.4846,99.7592,37.3998,1.9841
300785.SZ,20220427,20220331,6.5511,-184.1857,-29.507,-1.4758
600837.SH,20220427,20220331,-63.0895,-58.5342,10.559,0.6148
300310.SZ,20220427,20220331,16.6187,-68.2486,-55.2715,0.042
300598.SZ,20220427,20220331,48.8117,-341.3639,-8.8622,-4.3437
002579.SZ,20220427,20220331,15.1816,-86.0761,19.1845,0.0026
002580.SZ,20220427,20220331,7.9699,213.1201,-34.4776,1.0983
000997.SZ,20220427,20220331,4.3076,-19.2151,10.911,2.8615
002241.SZ,20220427,20220331,43.3672,-6.7124,7.2917,3.1517
002774.SZ,20220427,20220331,34.5276,145.1499,-104.8595,-0.0817
301189.SZ,20220427,20220331,-46.5958,-72.904,27.5851,0.2767
001213.SZ,20220427,20220331,-5.4327,-15.0671,2.4091,0.6353
002942.SZ,20220427,20220331,13.9595,17.7693,-6.6409,2.6578
688036.SH,20220427,20220331,-1.7507,-0.7,1.1096,4.9238
002840.SZ,20220427,20220331,-34.8494,-213.4672,-9.0843,-6.5049
300900.SZ,20220427,20220331,594.213,1020.6937,-14.9202,1.021
002460.SZ,20220427,20220331,233.9054,640.4135,21.1525,13.1471
002226.SZ,20220427,20220331,10.2354,-8.0706,0.3572,1.8853
603398.SH,20220427,20220331,10.6998,-3813.5614,38.9228,-0.9969
300534.SZ,20220427,20220331,12.4207,219.221,9.6485,0.0302
300844.SZ,20220427,20220331,-44.691,-25438.8043,-139.1024,-7.426
600519.SH,20220427,20220331,18.4258,23.5803,-21.2909,8.7015
300164.SZ,20220427,20220331,-24.322,-71.8516,-15.4473,0.0759
600863.SH,20220427,20220331,44.6657,188.3189,13.4406,2.9643
300724.SZ,20220427,20220331,15.7707,29.2636,24.8466,3.8553
300976.SZ,20220427,20220331,-13.24,-59.7193,4.987,0.5559
603012.SH,20220427,20220331,16.8828,46.9979,26.3558,2.3538
000040.SZ,20220427,20220331,16.1634,30.0884,-4.1108,-0.4951
300353.SZ,20220427,20220331,-41.5812,-109.3309,-56.9576,-7.3289
603226.SH,20220427,20220331,-28.0188,-210.2174,-61.991,-0.7401
300747.SZ,20220427,20220331,20.1313,-81.0142,-10.7578,0.6053
603515.SH,20220427,20220331,-17.1423,-50.8802,-58.7774,0.2269
300456.SZ,20220427,20220331,-13.1229,-30.7374,21.2225,-0.8228
300599.SZ,20220427,20220331,1.3344,-83.1774,-11.5759,0.278
688197.SH,20220427,20220331,-99.9823,-46.058,-4498721.3529,-7.6959
000778.SZ,20220427,20220331,-2.0225,31.3993,-3.5883,2.3507
300102.SZ,20220427,20220331,-7.8433,-116.6552,15.7955,-0.6423
688385.SH,20220427,20220331,54.5377,169.6189,22.9459,6.9089
300843.SZ,20220427,20220331,1.6472,-29.3313,-15.3192,2.4141
002966.SZ,20220427,20220331,5.0074,20.5562,522.0457,3.0903
002343.SZ,20220427,20220331,2968.8463,372.0722,30.0243,4.7158
300406.SZ,20220427,20220331,-0.2939,-12.5267,3.327,3.3045
301263.SZ,20220427,20220331,30.8083,210.7966,24.415,4.2057
002204.SZ,20220427,20220331,23.446,156.041,-5.6816,0.517
603218.SH,20220427,20220331,-21.8314,-78.147,20.6896,0.3007
300118.SZ,20220427,20220331,40.4622,280.5906,12.7857,2.6053
688560.SH,20220427,20220331,40.4457,34.2714,-4.6873,2.2299
002121.SZ,20220427,20220331,-12.1109,-18.6971,-7.0729,-7.3148
600093.SH,20220427,20220331,-53.8646,-57.5003,7.0991,
300607.SZ,20220427,20220331,17.4529,-41.5337,5.1985,2.2743
300096.SZ,20220427,20220331,0.0837,-22.3593,-250.7171,-12.7767
300961.SZ,20220427,20220331,49.2064,52.8709,-86.1268,0.5113
601718.SH,20220427,20220331,22.696,867.74,-16.1817,0.2811
002129.SZ,20220427,20220331,79.1256,142.0779,7.1558,4.0342
002431.SZ,20220427,20220331,58.6184,-31.5706,4.0763,-5.0842
300478.SZ,20220427,20220331,-3.4296,116.3166,7.5602,-8.4425
300335.SZ,20220427,20220331,-32.6365,-59.1708,-7.1267,-0.1225
300094.SZ,20220427,20220331,-2.4022,110.5512,18.0185,0.3825
300792.SZ,20220427,20220331,19.5767,-2.3792,-42.6274,1.9201
000972.SZ,20220427,20220331,,75.041,172.6406,-7.6392
000005.SZ,20220427,20220331,-39.2479,-81.3223,-47.5627,0.1101
002957.SZ,20220427,20220331,-2.5275,-13.8995,19.6297,0.9559
300742.SZ,20220427,20220331,2.8266,-386.6381,12.1773,-15.2296
300010.SZ,20220427,20220331,-29.8293,3.956,-42.5832,-56.5071
000911.SZ,20220427,20220331,-10.4997,-1080.8999,-125.1629,-21.0506
300056.SZ,20220427,20220331,2.2715,-57.84,12.0389,-1.9795
688266.SH,20220427,20220331,,-49.8362,-136.0176,-11.0445
300280.SZ,20220427,20220331,4.1433,-56.7169,13.718,2.9252
603969.SH,20220427,20220331,-13.8612,-16.9765,33.832,1.3716
601992.SH,20220428,20220331,0.6322,24.7663,0.8801,0.2686
600302.SH,20220428,20220331,0.4207,43.2986,-39.997,-0.9706
000766.SZ,20220428,20220331,-6.6417,42.1878,1.8934,0.1846
600617.SH,20220428,20220331,15.415,36.6244,-4.8407,2.9108
600354.SH,20220428,20220331,-4.8837,-50.5528,-8.1945,0.8035
000919.SZ,20220428,20220331,-1.2239,12.1161,-10.4555,1.5383
002110.SZ,20220428,20220331,-11.5769,-42.3889,-7.4145,2.2205
300946.SZ,20220428,20220331,24.9816,-23.4205,-24.1771,2.2308
603536.SH,20220428,20220331,4.4631,8.252,13.5952,-6.0551
603650.SH,20220428,20220331,-0.4183,-50.4709,10.4119,2.4186
600818.SH,20220428,20220331,-3.8726,-43.067,29.7494,-1.5769
601388.SH,20220428,20220331,-1.6112,-26.2914,23.7717,3.6926
002248.SZ,20220428,20220331,-14.8454,-17.8859,-8.352,4.193
000006.SZ,20220428,20220331,-61.7339,-83.5055,-34.8026,0.5739
000600.SZ,20220428,20220331,19.5773,-76.854,-18.325,0.617
300662.SZ,20220428,20220331,50.92,35.5695,-5.7676,2.2878
300283.SZ,20220428,20220331,-9.8438,-36.4237,-16.6704,0.5405
603757.SH,20220428,20220331,-11.2213,-24.5188,3.2016,1.885
600520.SH,20220428,20220331,38.7311,151.2742,-9.0966,0.6777
605189.SH,20220428,20220331,44.0229,-32.72,-17.3592,2.1656
000010.SZ,20220428,20220331,-19.3544,24.9239,38.4919,0.2581
002541.SZ,20220428,20220331,7.0265,-8.2559,-2.5046,1.3123
600894.SH,20220428,20220331,10.2846,-93.615,-11.6288,0.6894
300885.SZ,20220428,20220331,17.1234,-9.6727,18.6635,2.6205
301072.SZ,20220428,20220331,-3.2865,-39.5184,-6.5974,0.7142
600834.SH,20220428,20220331,4.3162,22.808,-177.3504,1.0196
688517.SH,20220428,20220331,23.6135,23.9904,14.347,0.2379
688468.SH,20220428,20220331,0.5549,2.5389,48.7423,2.6941
002996.SZ,20220428,20220331,68.4847,61.2909,2.3069,4.3227
300984.SZ,20220428,20220331,43.5596,-33.7902,-5.6422,1.3264
600851.SH,20220428,20220331,19.101,15.3837,6.3079,0.5934
000609.SZ,20220428,20220331,128.5312,-3.8737,163.0074,-4.5248
600396.SH,20220428,20220331,7.8104,-1766.7743,2.5908,
300817.SZ,20220428,20220331,-16.8666,-34.8566,5.3453,1.6366
601865.SH,20220428,20220331,70.6069,-47.8753,15.9931,3.4892
600028.SH,20220428,20220331,33.7913,24.4769,-6.0645,2.8609
600444.SH,20220428,20220331,30.3572,19.9451,22.4487,1.1869
600367.SH,20220428,20220331,56.0574,553.099,-5.9225,4.9008
600667.SH,20220428,20220331,55.4565,33.5756,-22.991,2.1119
600272.SH,20220428,20220331,-6.5321,507.6819,-9.708,0.5485
300886.SZ,20220428,20220331,7.6787,12.6968,16.8344,0.976
603886.SH,20220428,20220331,7.9401,-1570.8779,-8.6403,-2.3897
000158.SZ,20220428,20220331,36.9705,2.6696,-61.9525,-2.3803
600657.SH,20220428,20220331,196.5424,-89.7261,-26.668,0.0162
600292.SH,20220428,20220331,-8.6959,53.8284,-15.4141,0.3643
600530.SH,20220428,20220331,-1.566,-67.0946,-7.7644,0.5803
688399.SH,20220428,20220331,77.6862,62.9046,32.2215,21.9061
003017.SZ,20220428,20220331,9.8322,-66.5583,-19.9291,0.5557
002001.SZ,20220428,20220331,13.6597,5.1777,9.806,5.1104
000782.SZ,20220427,20220331,5.4068,-4.8116,-16.8277,1.386
000903.SZ,20220428,20220331,-20.4751,-168.7386,-58.508,-1.7463
688192.SH,20220428,20220331,,-34.168,,-8.1628
600787.SH,20220428,20220331,20.0388,479.208,-4.4461,0.5297
688067.SH,20220428,20220331,-2.4623,-11.1714,-6.4365,0.8444
688336.SH,20220428,20220331,3.3409,101.1153,49.9701,-0.1181
003042.SZ,20220428,20220331,14.8434,30.7189,-18.3875,1.4393
600623.SH,20220428,20220331,10.5791,10.1654,7.3346,2.4913
300270.SZ,20220428,20220331,-32.4502,96.2988,78.4334,-0.0357
301035.SZ,20220428,20220331,72.134,303.1168,-7.1887,7.6347
605378.SH,20220428,20220331,-13.7149,-89.0488,-0.4289,-0.3728
600361.SH,20220428,20220331,-6.705,-40.6962,12.2693,0.3624
600655.SH,20220428,20220331,12.0029,-42.176,-13.8224,0.7927
603043.SH,20220428,20220331,11.5138,10.3647,-7.4339,1.6786
000798.SZ,20220428,20220331,-19.3283,31.6672,-47.0308,-2.0853
301052.SZ,20220428,20220331,14.0303,-43.056,-0.0979,1.9515
605507.SH,20220428,20220331,2.9619,8.2628,5.8268,3.0606
300035.SZ,20220428,20220331,161.6006,91.2538,-52.3193,3.8999
002274.SZ,20220428,20220331,15.5082,-23.3557,14.9638,5.9472
601339.SH,20220428,20220331,5.3919,54.5763,15.9485,3.6802
301213.SZ,20220428,20220331,-50.3427,49.2573,-720.2424,-0.3007
300355.SZ,20220428,20220331,24.2563,197.3469,-65.7435,0.3677
603353.SH,20220428,20220331,105.5791,-37.6698,-5.2406,1.1581
301190.SZ,20220428,20220331,19.4147,80.2257,55.8893,1.199
002413.SZ,20220428,20220331,62.2503,27.8391,-40.2624,0.3761
600688.SH,20220428,20220331,27.6116,-81.8055,-6.866,0.7928
002232.SZ,20220428,20220331,80.6591,49.9487,18.7149,0.5734
603331.SH,20220428,20220331,3.335,-43.2789,14.1382,1.678
688048.SH,20220428,20220331,43.5617,45.734,-55.9775,1.0118
688586.SH,20220428,20220331,42.3776,28.5228,-67.1231,2.2829
600105.SH,20220428,20220331,11.9301,-88.0853,-24.1065,0.4897
600283.SH,20220428,20220331,20.3579,-16.7672,36.9078,1.056
600386.SH,20220428,20220331,-7.0072,-59.0126,0.0952,0.3095
300516.SZ,20220428,20220331,-22.3681,-35.643,-134.4688,0.4326
601231.SH,20220428,20220331,27.6104,79.3962,12.1401,3.1159
603858.SH,20220428,20220331,-4.4856,5.9086,11.7155,1.9186
301068.SZ,20220428,20220331,48.311,-65.4652,-9.1247,0.4925
600845.SH,20220428,20220331,23.7641,12.6841,41.8684,4.7583
688181.SH,20220428,20220331,24.4724,29.7131,-3.6308,2.9499
601908.SH,20220428,20220331,76.7883,-95.8911,-2.9742,-0.0724
688565.SH,20220428,20220331,2.6988,46.4181,10.2355,0.3554
002328.SZ,20220428,20220331,39.6805,141.1102,1.5204,1.0019
601579.SH,20220428,20220331,0.73,-6.7397,-4.674,2.1088
300016.SZ,20220428,20220331,-17.177,-22.1768,11.623,1.7907
601666.SH,20220428,20220331,53.3326,199.4029,17.7435,9.2677
605162.SH,20220428,20220331,49.6045,25.0626,29.8382,2.1699
603256.SH,20220428,20220331,-7.0639,-47.9444,-14.3315,0.8444
603050.SH,20220428,20220331,43.2722,15.16,-54.8265,1.0878
002545.SZ,20220428,20220331,92.7414,326.5422,8.2718,2.4188
603239.SH,20220428,20220331,12.0438,-26.0879,-48.2538,3.4164
600219.SH,20220428,20220331,54.3956,34.6058,14.3695,1.7044
688285.SH,20220428,20220331,-12.4615,-36.1637,-67.6091,1.4207
300169.SZ,20220428,20220331,-28.0131,-328.965,14.4627,-3.9885
000713.SZ,20220428,20220331,-11.9693,-46.8486,-31.0218,0.2203
603101.SH,20220428,20220331,6.2703,51.143,9.7832,3.7485
605277.SH,20220428,20220331,8.9242,-6.0853,9.7983,2.7968
603180.SH,20220428,20220331,17.2356,-31.1606,-88.5971,0.5513
605060.SH,20220428,20220331,38.2439,10.6155,16.4995,1.8571
603308.SH,20220428,20220331,14.2933,10.0642,19.9146,1.1794
002571.SZ,20220428,20220331,5.3524,-77.6956,-11.007,0.0496
600877.SH,20220428,20220331,-11.7555,67.7273,-29.5084,1.3157
002331.SZ,20220427,20220331,25.9668,14.3044,-51.3501,-0.8826
600446.SH,20220428,20220331,8.5021,-206.6918,-21.0383,-0.8641
600468.SH,20220428,20220331,1.3805,2.1783,-13.8352,1.4199
300957.SZ,20220428,20220331,59.3203,85.7446,-20.6768,2.5773
603698.SH,20220428,20220331,77.0034,15.3083,51.865,0.5809
603890.SH,20220428,20220331,0.4688,-38.1912,12.3869,1.5424
603927.SH,20220428,20220331,-2.1486,7.7718,-91.5876,0.1782
603929.SH,20220428,20220331,30.2482,161.6055,6.1904,0.3202
002284.SZ,20220428,20220331,8.7676,58.7314,11.659,0.6934
603108.SH,20220428,20220331,7.3409,-53.9575,-15.4079,1.067
000544.SZ,20220428,20220331,-3.065,-13.964,-79.4795,1.7209
688012.SH,20220428,20220331,57.3131,-14.9404,-28.8612,1.33
603118.SH,20220428,20220331,-3.2816,-16.8781,-6.6304,0.7413
000982.SZ,20220428,20220331,-28.703,-147.9476,-78.5262,-0.631
603901.SH,20220428,20220331,25.1956,10.2459,-38.2872,2.8692
300317.SZ,20220428,20220331,29.2271,145.8113,147.1167,0.552
603955.SH,20220428,20220331,-21.7129,-76.8377,-185.5471,0.1277
002116.SZ,20220428,20220331,18.397,30.0482,-22.7585,2.6018
603305.SH,20220428,20220331,96.3436,33.7093,15.3633,2.9336
603277.SH,20220428,20220331,42.0042,43.4067,-13.1636,5.0579
002965.SZ,20220428,20220331,54.5358,9.0562,9.8002,1.5336
603815.SH,20220428,20220331,34.6293,48.9822,-51.1414,1.5286
601512.SH,20220428,20220331,7.0411,-9.163,-2.3254,4.7634
603150.SH,20220428,20220331,12.4647,12.5017,-40.3461,3.3649
000910.SZ,20220428,20220331,-6.1637,-130.8828,-3.9351,-0.5313
002441.SZ,20220428,20220331,4.4692,20.0804,-12.6457,3.3278
000737.SZ,20220428,20220331,37.3005,18.7069,25.0594,6.8505
300263.SZ,20220428,20220331,49.2779,19.1354,-7.3953,1.852
600968.SH,20220428,20220331,25.1676,37.474,21.1761,1.2047
603585.SH,20220428,20220331,91.1694,158.4792,0.8372,4.1524
002689.SZ,20220428,20220331,43.1424,7.2855,-69.9286,-4.0307
603290.SH,20220428,20220331,66.9562,101.5353,47.7874,2.8508
603519.SH,20220428,20220331,-4.479,8.0291,5.6926,4.3619
300965.SZ,20220428,20220331,-22.9307,-96.6532,-41.0552,0.0673
600711.SH,20220428,20220331,-45.8396,-9.9772,23.2237,3.7275
002728.SZ,20220428,20220331,-0.0156,9.5925,13.7074,3.522
600884.SH,20220428,20220331,25.7607,166.9317,2.1346,3.1791
001696.SZ,20220428,20220331,3.7944,-17.7113,7.0754,1.7745
300111.SZ,20220428,20220331,19.8463,-221.0553,65.5983,-2.5257
600435.SH,20220428,20220331,31.4795,2633.8881,69.9865,0.5146
688217.SH,20220428,20220331,-25.4702,-114.2289,6.0505,-0.4427
000848.SZ,20220428,20220331,14.9478,11.1886,7.1849,9.4961
300818.SZ,20220428,20220331,154.8766,404.4951,-13.938,3.113
002079.SZ,20220428,20220331,42.2056,17.4503,-10.3111,2.2972
601368.SH,20220428,20220331,37.3011,63.8414,42.4649,1.5909
000400.SZ,20220428,20220331,36.0388,21.7232,-15.2289,0.9888
600010.SH,20220428,20220331,15.2798,-54.9224,4.7018,0.5831
603060.SH,20220428,20220331,15.1191,-99.2214,-27.4472,-2.1849
603589.SH,20220428,20220331,11.8015,15.5338,11.8974,5.5757
600071.SH,20220428,20220331,13.3095,-438.9431,5.1335,-3.0478
300911.SZ,20220428,20220331,63.0833,51.4807,-29.4744,3.145
601225.SH,20220428,20220331,13.5048,68.7946,15.6772,8.3105
300330.SZ,20220428,20220331,-53.8792,-404.9631,-114.0238,-1.5339
600508.SH,20220428,20220331,55.8007,306.548,5.11,7.1616
002532.SZ,20220428,20220331,35.7376,34.8514,14.9927,4.8799
605077.SH,20220428,20220331,23.3431,-2.2126,-15.8022,1.6472
002250.SZ,20220428,20220331,18.5017,-11.7105,27.5038,0.838
300717.SZ,20220428,20220331,17.7057,-51.0759,17.3335,0.6591
601006.SH,20220428,20220331,-5.9387,-18.1202,6.0261,2.3578
000661.SZ,20220428,20220331,30.3968,30.1588,20.287,7.5055
601898.SH,20220428,20220331,33.5102,93.1495,16.1507,5.7561
601002.SH,20220428,20220331,18.8544,9.6333,-24.9169,1.2365
600421.SH,20220428,20220331,-12.4271,-54.6665,-42.6779,-8.4496
002112.SZ,20220428,20220331,13.8015,34.4348,8.1904,0.2869
002051.SZ,20220428,20220331,53.0472,9.1896,-5.9028,0.6128
300106.SZ,20220428,20220331,22.1296,4.9541,-10.9998,0.4816
605183.SH,20220428,20220331,30.3001,24.9473,23.1329,3.0881
603286.SH,20220428,20220331,19.864,-41.4536,-7.1897,0.4806
002156.SZ,20220428,20220331,37.7481,5.5452,-3.6605,1.37
601038.SH,20220428,20220331,30.7376,23.7924,1.0815,7.9914
603223.SH,20220428,20220331,-21.5429,-83.6116,-3.2471,0.329
603915.SH,20220428,20220331,-5.052,-18.5497,-22.5993,1.9706
600558.SH,20220428,20220331,-0.887,-37.1371,-6.5892,0.8647
002698.SZ,20220428,20220331,-7.6874,2.1651,11.0934,4.9176
688331.SH,20220428,20220331,3406.557,-55.4783,-233.4418,-6.3647
605055.SH,20220428,20220331,105.6166,-67.3054,1.2531,0.5075
688057.SH,20220428,20220331,2.9331,3.7598,8.7532,2.964
000028.SZ,20220428,20220331,6.8591,-23.2477,-1.2679,1.6095
002808.SZ,20220428,20220331,-50.9301,-209.4234,-0.4618,-1.4158
002523.SZ,20220428,20220331,9.3334,1.7614,-54.3938,0.2118
601008.SH,20220428,20220331,13.0225,158.399,90.9973,0.5264
300605.SZ,20220428,20220331,22.3882,32.6274,-86.4393,1.1727
603505.SH,20220428,20220331,-12.7625,-23.0034,14.3577,2.5512
605098.SH,20220428,20220331,30.7636,84.1699,-36.2252,0.4856
600301.SH,20220428,20220331,91.5194,-7.333,21.2374,1.0999
603088.SH,20220428,20220331,26.0841,47.8714,-3.7832,3.8901
002539.SZ,20220428,20220331,87.0329,157.5948,10.5642,9.4457
603696.SH,20220428,20220331,-16.4568,-78.5241,-26.0921,0.993
300506.SZ,20220428,20220331,-58.3365,-75.2796,-32.9813,1.1172
000886.SZ,20220428,20220331,413.628,-92.3111,-25.4779,-0.179
603216.SH,20220428,20220331,1.7996,18.8566,-55.6374,1.2387
603217.SH,20220428,20220331,65.488,63.593,12.4046,4.8734
600889.SH,20220428,20220331,-3.7606,-126.8918,-25.2437,-2.7037
603968.SH,20220428,20220331,44.094,104.3905,-4.2456,4.5402
603336.SH,20220428,20220331,23.5131,-18.7333,9.4763,1.2899
003006.SZ,20220428,20220331,6.5851,-31.0039,4.225,4.3382
605398.SH,20220428,20220331,30.0582,-4.8959,-80.2809,0.8151
000970.SZ,20220428,20220331,67.9711,229.7858,-15.9086,2.9459
002826.SZ,20220428,20220331,17.8442,62.1648,-2.7839,1.1393
600790.SH,20220428,20220331,1.4878,9.3628,-43.2504,1.2747
688609.SH,20220428,20220331,1.1578,505.1272,3.7011,0.454
688166.SH,20220428,20220331,31.5258,24.9963,-11.937,3.4516
300043.SZ,20220428,20220331,31.9997,87.8898,12.6422,-0.5683
603095.SH,20220428,20220331,6.8277,-4.9135,14.7847,2.0866
603329.SH,20220428,20220331,85.3028,137.0526,-18.2278,5.3072
605033.SH,20220428,20220331,77.5643,96.9939,-16.7712,8.9236
601952.SH,20220428,20220331,31.4166,15.0368,-3.036,1.8303
605305.SH,20220428,20220331,15.4834,-11.8353,-1.959,1.889
000927.SZ,20220428,20220331,17.0604,5.3426,-22.8123,2.6752
600757.SH,20220428,20220331,19.5594,12.747,-13.4464,3.604
301129.SZ,20220428,20220331,46.1374,102.8633,-231.0266,-0.1799
603685.SH,20220428,20220331,-18.3968,-88.0069,27.7773,0.3053
603006.SH,20220428,20220331,-9.7292,-45.2632,23.2235,1.2121
603022.SH,20220428,20220331,7.9904,88.6266,0.7397,1.1417
002182.SZ,20220428,20220331,44.0308,302.6671,3.5829,8.2597
300412.SZ,20220428,20220331,25.1289,68.2075,-33.8599,1.5481
600479.SH,20220428,20220331,4.4416,5.4332,-9.3441,1.6445
688276.SH,20220428,20220331,-44.2673,-68.7557,-59.4451,0.49
600696.SH,20220428,20220331,161.0513,8.2188,7.1377,2.0606
601518.SH,20220428,20220331,8.67,24.1568,10.6075,2.0442
002342.SZ,20220428,20220331,-6.7936,-36.9034,-17.8467,0.1566
002364.SZ,20220428,20220331,6.9744,-69.763,-26.0523,0.1608
300215.SZ,20220428,20220331,-7.7376,-26.6747,51.2117,0.4565
300055.SZ,20220428,20220331,115.9968,-78.4398,19.3848,0.4926
300049.SZ,20220428,20220331,18.2923,-31.2053,17.7575,0.5763
300009.SZ,20220428,20220331,10.0096,37.6748,30.83,5.4537
835184.BJ,20220428,20220331,8.0522,-74.932,-74.1602,-0.0682
600467.SH,20220428,20220331,2.717,-11.4497,-2.9273,0.049
600505.SH,20220428,20220331,10.1075,-1372.5345,-13.0255,-1.5696
603726.SH,20220428,20220331,-4.8179,-43.2993,2.1023,1.8866
603233.SH,20220428,20220331,15.2206,12.8234,14.2357,6.9876
600796.SH,20220428,20220331,17.2533,1895.5916,6.165,0.8571
002306.SZ,20220427,20220331,-80.4564,-117.7095,-17.9832,-1.4654
300132.SZ,20220428,20220331,-19.6715,-167.1738,14.1455,-2.8741
600809.SH,20220428,20220331,43.6197,70.0279,33.603,21.7007
002290.SZ,20220428,20220331,6.1308,-29.8834,17.0784,4.3716
688566.SH,20220428,20220331,15.6126,5.9496,12.3395,1.7607
000878.SZ,20220428,20220331,6.7694,161.3003,-2.6237,4.0363
002557.SZ,20220428,20220331,3.8557,5.15,-5.431,3.7385
603126.SH,20220428,20220331,-27.1833,15.0642,-0.2203,0.9109
002221.SZ,20220428,20220331,-4.1717,-71.3529,-15.3135,0.6996
001914.SZ,20220428,20220331,14.7469,24.3453,-33.8013,1.4605
688656.SH,20220428,20220331,24.753,1.693,5.3076,1.6701
603158.SH,20220428,20220331,15.7326,-38.3511,4.145,1.199
600310.SH,20220428,20220331,-30.1778,62.6797,-13.9309,4.6108
300219.SZ,20220428,20220331,-2.2728,-12.97,2.1005,2.3467
002737.SZ,20220428,20220331,-1.5,-2.965,35.9289,5.3184
300245.SZ,20220428,20220331,-12.8998,-229.5456,-118.3306,-0.7155
300429.SZ,20220428,20220331,18.8253,-21.5743,2.0402,1.0811
002692.SZ,20220428,20220331,-12.1631,2561.2556,-13.9003,-0.1625
688528.SH,20220428,20220331,1.2935,-1017.3801,-78.4289,-1.3805
000039.SZ,20220428,20220331,23.1935,13.1981,17.0562,3.3069
603959.SH,20220428,20220331,65.9911,2.4916,-4.8571,4.4035
688767.SH,20220428,20220331,106.8327,111.2465,68.4694,20.5853
300711.SZ,20220428,20220331,22.731,48.223,-31.9145,-0.6333
600398.SH,20220428,20220331,-5.1459,-14.1653,17.4411,4.7282
600721.SH,20220428,20220331,24.399,28.0005,-21.5701,0.1387
601088.SH,20220428,20220331,24.1007,63.2676,33.8919,4.8115
003037.SZ,20220428,20220331,-27.8383,-83.8257,-33.8864,-0.0399
688580.SH,20220428,20220331,-32.5344,-45.6245,-7.4421,0.59
002896.SZ,20220428,20220331,-0.0483,-5.6519,-5.4608,1.6631
300323.SZ,20220428,20220331,-4.8595,122.4242,28.4537,-0.7591
300259.SZ,20220428,20220331,-10.561,-89.186,-11.0663,1.2739
605136.SH,20220428,20220331,-5.3359,-71.4688,-45.8615,0.4347
603688.SH,20220428,20220331,25.1643,106.1127,-7.3145,4.072
002678.SZ,20220428,20220331,-13.7199,-16.4697,-9.4646,1.4102
000720.SZ,20220428,20220331,15.1152,-130.7773,-23.7205,-1.2172
603260.SH,20220428,20220331,92.5658,124.7415,9.0142,9.6849
300891.SZ,20220428,20220331,28.6114,-34.7975,0.3489,2.186
603963.SH,20220428,20220331,-18.7403,-1791.5964,-15.506,-1.0982
000559.SZ,20220428,20220331,17.6134,58.1479,4.1884,2.8224
603348.SH,20220428,20220331,18.3479,58.3198,0.0386,2.8045
600861.SH,20220428,20220331,-3.0074,-189.4131,-3.4777,-0.9196
300899.SZ,20220428,20220331,-45.1523,46.3166,-34.6911,-0.565
300223.SZ,20220428,20220331,32.3675,92.4157,-20.2402,2.1657
002662.SZ,20220428,20220331,14.3281,28.2496,12.2441,2.9646
688568.SH,20220428,20220331,44.7947,79.2828,-151.9468,-1.0657
300137.SZ,20220428,20220331,-9.1232,-48.9577,-71.6971,-0.0692
000809.SZ,20220428,20220331,-19.1506,-10.5791,-327.5666,-1.1691
603018.SH,20220428,20220331,14.0912,17.6927,-32.281,2.2843
002907.SZ,20220428,20220331,-11.7455,-19.529,17.6198,2.1587
002082.SZ,20220428,20220331,-42.8475,-10.1036,-26.1298,0.809
600933.SH,20220428,20220331,12.668,-21.1134,5.8851,1.3595
300679.SZ,20220428,20220331,-7.0912,-14.0723,21.8944,2.142
002918.SZ,20220428,20220331,6.7443,-256.7917,-12.9886,-2.0147
000016.SZ,20220428,20220331,-15.2923,42.6757,-7.5832,-4.5424
688298.SH,20220428,20220331,112.2778,74.2041,37.3796,26.4109
688272.SH,20220428,20220331,-74.763,-349.33,-200.9422,-2.8833
605286.SH,20220428,20220331,23.006,18.8842,14.5829,1.5011
002401.SZ,20220428,20220331,5.9573,18.6499,-23.4695,3.3204
600562.SH,20220428,20220331,-29.5149,14.8775,-38.994,1.7981
300636.SZ,20220428,20220331,30.889,33.2238,53.6451,2.8742
002043.SZ,20220428,20220331,18.9673,-7.7111,-24.0609,3.5262
003036.SZ,20220428,20220331,78.0471,40.8282,-3.138,1.3615
301155.SZ,20220428,20220331,-86.0343,-70.2677,-95.132,-0.0826
600403.SH,20220428,20220331,35.4003,79.8615,33.0049,3.2524
830964.BJ,20220428,20220331,7.6574,-2.0195,-78.1498,0.7625
300430.SZ,20220428,20220331,27.9521,32.1822,-23.7276,0.9428
002218.SZ,20220428,20220331,10.2897,-84.152,53.3069,0.2751
603110.SH,20220428,20220331,-18.6358,-89.3266,-7.4878,0.0821
002299.SZ,20220428,20220331,9.4507,-181.5285,0.6144,-0.8152
603599.SH,20220428,20220331,64.3887,101.9025,36.2928,7.4239
000561.SZ,20220428,20220331,-14.1378,-135.7169,-157.1028,-2.0824
600111.SH,20220428,20220331,49.7194,88.5102,19.5489,10.3575
301063.SZ,20220428,20220331,3.436,-68.2748,-16.9882,0.9746
301038.SZ,20220428,20220331,-53.8894,-2357.125,-71.6309,-5.4251
002730.SZ,20220428,20220331,46.5267,5.2561,-0.7459,0.8288
002600.SZ,20220428,20220331,9.9292,-35.0451,13.2605,1.4838
601015.SH,20220428,20220331,21.742,-54.4441,1.1365,2.7566
301030.SZ,20220428,20220331,174.3138,46.332,-27.0428,0.7071
002507.SZ,20220428,20220331,-2.8816,5.3918,16.2774,2.679
603693.SH,20220428,20220331,-1.0895,-36.3791,29.4048,2.2129
300800.SZ,20220428,20220331,-24.7908,-36.7722,-89.0855,1.5323
605288.SH,20220428,20220331,-17.1164,-77.254,1.5858,0.0297
300693.SZ,20220428,20220331,31.057,-21.5428,-20.4353,2.5329
600798.SH,20220428,20220331,-7.6205,-34.2294,20.5268,0.4201
300576.SZ,20220428,20220331,-0.4818,-39.5955,11.9479,1.2624
300572.SZ,20220428,20220331,9.8799,-1.866,-146.4827,0.3952
003008.SZ,20220428,20220331,-13.5278,-30.4665,23.9086,0.9575
002045.SZ,20220428,20220331,1.3019,-89.0671,16.385,0.1228
600636.SH,20220428,20220331,-4.6366,-48.7825,-110.1613,0.0595
688278.SH,20220428,20220331,60.1643,67.9014,24.0426,6.3487
000409.SZ,20220428,20220331,152.596,-51.9576,-3.4572,0.4525
603818.SH,20220428,20220331,14.2537,-5.3006,1.364,2.1433
600419.SH,20220428,20220331,17.3283,5.6896,-9.2429,1.441
600749.SH,20220428,20220331,-47.4703,-83.1233,-302.3015,-2.3636
301002.SZ,20220428,20220331,-21.3901,-27.4436,17.3409,2.4529
300058.SZ,20220428,20220331,-25.1093,-91.003,2.5979,1.2625
871553.BJ,20220428,20220331,-3.1391,0.5757,-16.0115,0.2524
002223.SZ,20220428,20220331,9.6002,1.1129,22.6196,4.6196
002127.SZ,20220428,20220331,16.4195,3.7849,-39.0256,2.6874
603898.SH,20220428,20220331,8.3506,3.8703,-14.5267,1.3
000557.SZ,20220428,20220331,52.5026,19.903,7.359,1.3625
688499.SH,20220428,20220331,53.6641,76.7787,-0.6015,3.4982
300622.SZ,20220428,20220331,9.1849,-67.803,15.0244,0.8899
003011.SZ,20220428,20220331,11.4648,-32.6814,4.0405,1.332
603768.SH,20220428,20220331,-5.6067,-74.5633,-11.3744,0.0106
688218.SH,20220428,20220331,-34.5288,-238.1062,-11.2275,-0.5144
603019.SH,20220428,20220331,9.746,39.6115,-47.0031,0.3815
002271.SZ,20220428,20220331,17.3146,7.0667,-75.8393,1.1224
601012.SH,20220428,20220331,17.2888,6.4618,-1.6627,5.398
300307.SZ,20220428,20220331,1.0684,-31.2093,8.548,0.3597
688133.SH,20220428,20220331,41.8723,25.5465,-38.8626,1.0157
300501.SZ,20220428,20220331,3.5719,-24.1272,-16.8463,1.4895
600590.SH,20220428,20220331,5.4965,-59.9165,4.8973,0.7602
603013.SH,20220428,20220331,1.576,12.2668,23.8544,3.4957
002871.SZ,20220428,20220331,20.7718,-26.8273,19.3729,1.0263
002687.SZ,20220428,20220331,12.3172,-8.7766,-61.4881,1.4289
603893.SH,20220428,20220331,-3.9048,-24.6417,-18.7178,2.6145
300295.SZ,20220428,20220331,-31.6054,-83.6312,170.0214,0.4964
603069.SH,20220428,20220331,15.5327,46.5642,-6.4381,-2.3175
300979.SZ,20220428,20220331,11.388,12.3966,9.1365,5.6716
688386.SH,20220428,20220331,9.5013,11.9808,36.6136,2.291
603922.SH,20220428,20220331,0.6235,73.0453,45.8932,0.3663
600370.SH,20220428,20220331,28.7785,143.7169,-3.4898,5.6935
688776.SH,20220428,20220331,86.3238,51.3294,-25.6148,2.4998
000539.SZ,20220428,20220331,28.2914,-436.5103,-5.4462,-2.0144
000553.SZ,20220428,20220331,25.4457,187.4314,-20.1181,1.9485
002752.SZ,20220428,20220331,34.513,9.9802,6.7148,1.4896
831768.BJ,20220427,20220331,-28.8115,-72.7719,20.7153,0.7357
600091.SH,20220428,20220331,-98.9856,-21.6516,-43285.3243,-1.3023
300824.SZ,20220428,20220331,4.4782,-42.4914,3.9593,2.3283
688037.SH,20220428,20220331,61.9874,398.3432,-0.6973,3.4566
002815.SZ,20220428,20220331,15.6085,28.2026,10.7554,3.3711
002962.SZ,20220428,20220331,84.2189,-37.6007,24.1054,0.7749
300234.SZ,20220428,20220331,78.7495,182.3945,-10.9036,0.7337
600350.SH,20220428,20220331,4.7271,5.3567,34.0366,1.885
300808.SZ,20220428,20220331,-14.6615,-126.6579,7.7179,-0.3007
300148.SZ,20220428,20220331,-32.0312,-125.5975,-116.2176,-0.5128
002999.SZ,20220428,20220331,42.4842,43.1891,-26.5697,1.1507
600755.SH,20220428,20220331,20.6768,11.6456,-23.8277,4.4924
688606.SH,20220428,20220331,628.1714,598.1818,44.3979,27.5888
600459.SH,20220428,20220331,-0.166,11.7813,-1.9185,4.8863
600513.SH,20220428,20220331,21.7913,19.5849,-6.6153,2.2316
300766.SZ,20220428,20220331,23.4903,-14.3183,-5.8858,0.9197
688098.SH,20220428,20220331,7.4764,-15.6961,-47.4713,1.3626
603171.SH,20220428,20220331,8.05,-16.5902,-113.3976,0.8236
000875.SZ,20220428,20220331,22.237,-2.4995,20.9011,3.868
603986.SH,20220428,20220331,39.0188,127.6473,-0.0294,4.7284
688630.SH,20220428,20220331,28.2062,51.1917,-30.819,1.8091
000402.SZ,20220428,20220331,210.4773,67.7054,-50.886,0.393
603335.SH,20220428,20220331,44.3579,-19.2937,-8.4157,2.0858
605007.SH,20220428,20220331,74.8475,-8.738,-5.4548,4.7246
002354.SZ,20220428,20220331,76.0846,-50.4382,-14.7092,-0.1691
603662.SH,20220428,20220331,-0.8882,-0.6264,-3.0197,1.139
000718.SZ,20220428,20220331,-41.8177,-51.4941,33.3261,1.4861
002320.SZ,20220428,20220331,152.7943,-16.3454,30.9394,2.3784
002417.SZ,20220428,20220331,-85.3212,-200.7204,79.7417,-2.9697
688314.SH,20220428,20220331,30.1489,29.248,29.2631,3.4592
300080.SZ,20220428,20220331,45.6772,833.519,3.7768,0.4616
603868.SH,20220428,20220331,27.5449,59.0983,6.1208,7.1585
603799.SH,20220428,20220331,105.6619,84.3967,1.1639,5.7835
301218.SZ,20220428,20220331,74.4238,57.6972,-88.1266,-0.5435
300473.SZ,20220428,20220331,-7.12,-86.0893,4.6222,0.0595
601799.SH,20220428,20220331,11.6023,-5.6125,40.1801,3.0756
688087.SH,20220428,20220331,21.6115,14.5077,11.467,2.6971
002745.SZ,20220428,20220331,-10.7043,-38.6465,-6.6446,1.2983
002322.SZ,20220428,20220331,-30.2007,-57.1335,-73.4442,0.6587
601199.SH,20220427,20220331,4.0477,16.554,24.1761,1.7204
835368.BJ,20220428,20220331,2.8899,18.5977,-38.0264,0.7282
603066.SH,20220428,20220331,65.9676,46.5101,-19.6185,1.5838
002734.SZ,20220428,20220331,-2.5389,-39.5823,-9.1067,3.3965
603836.SH,20220428,20220331,78.7842,20.4285,-4.0304,3.5506
002011.SZ,20220428,20220331,-6.4002,-14.6673,-1.6809,4.1177
688173.SH,20220428,20220331,76.5884,4040.6606,-49.6403,0.6876
002780.SZ,20220428,20220331,1.9287,8.9246,-12.0291,0.1701
002628.SZ,20220428,20220331,-59.6677,-67.0329,25.7806,0.5888
603776.SH,20220428,20220331,-15.8847,-57.3298,-29.913,0.2822
300427.SZ,20220428,20220331,15.1313,-11.6036,-24.1485,1.1583
003019.SZ,20220428,20220331,72.7409,110.7084,1.0216,4.1111
000501.SZ,20220428,20220331,-6.4679,-34.1952,-5.0057,1.6349
600184.SH,20220428,20220331,16.3737,29.4335,-50.0424,0.7274
002361.SZ,20220428,20220331,15.5928,-78.817,-23.8307,0.0997
688408.SH,20220428,20220331,78.78,-160.241,-78.1112,-0.4767
600712.SH,20220428,20220331,-14.3303,-496.6133,-27.0524,-0.4723
000009.SZ,20220428,20220331,53.563,-13.2107,-8.3414,2.4888
600198.SH,20220428,20220331,-2.9561,42.2134,8.97,-19.145
300277.SZ,20220428,20220331,1.4137,-153.5916,30.7661,-0.2739
601233.SH,20220428,20220331,16.7181,-12.4539,-28.7317,4.0703
688622.SH,20220428,20220331,-9.2567,-1358.6276,-177.369,-3.1603
300621.SZ,20220428,20220331,53.4357,-142.6534,-3.0378,-0.5939
605266.SH,20220428,20220331,24.2799,-54.6424,-1.9199,1.8198
600570.SH,20220428,20220331,29.5861,-124.4897,-110.1981,0.2701
603958.SH,20220428,20220331,-17.5852,-481.119,-9.2244,-3.601
605158.SH,20220428,20220331,24.9622,-38.73,6.2796,1.3497
601238.SH,20220428,20220331,45.6651,27.1673,-13.8383,3.0914
003016.SZ,20220428,20220331,-7.4415,-34.2892,17.4272,1.8381
834475.BJ,20220427,20220331,26.8068,12.6702,12.493,2.6114
002594.SZ,20220428,20220331,63.0206,240.5888,17.8575,0.5384
002492.SZ,20220428,20220331,-17.4259,-51.6618,-72.1546,1.714
603982.SH,20220428,20220331,-3.7165,-62.5426,19.7289,-0.4047
688306.SH,20220428,20220331,-24.3822,-1.0653,-16.2758,1.7074
002631.SZ,20220428,20220331,-14.9245,-744.9968,-64.8664,-1.6853
300547.SZ,20220428,20220331,11.2173,2.8098,13.1152,2.168
002406.SZ,20220428,20220331,-51.2545,-68.7651,14.2346,0.6158
603616.SH,20220428,20220331,-58.0896,-93.9022,19.0666,-1.4947
000055.SZ,20220428,20220331,0.7704,-41.6102,-46.7601,0.7075
002554.SZ,20220428,20220331,38.4945,50.7801,-2.706,0.4661
300815.SZ,20220428,20220331,7.7407,-14.3261,-5.039,4.3384
300938.SZ,20220428,20220331,49.6163,87.0508,18.1842,1.851
000818.SZ,20220428,20220331,-10.5231,-57.4319,-9.1915,2.361
300232.SZ,20220428,20220331,20.3366,1.3924,-14.0094,1.3337
605008.SH,20220428,20220331,106.4714,49.1584,-20.9982,4.5943
600733.SH,20220428,20220331,108.419,-12.0804,7.1847,-9.1451
688613.SH,20220428,20220331,25.0954,-27.3208,19.2483,0.5604
603038.SH,20220428,20220331,-26.1162,-115.9928,-9.6714,0.0334
002171.SZ,20220428,20220331,28.699,-5.2295,-11.3495,1.2544
002307.SZ,20220428,20220331,6.2405,6.3103,-51.8709,0.2424
688138.SH,20220428,20220331,34.283,5.0273,5.3417,0.7884
000988.SZ,20220428,20220331,59.8063,98.7252,-4.781,2.7647
603238.SH,20220428,20220331,-27.5817,-85.0017,9.91,0.5049
300417.SZ,20220428,20220331,-65.5326,-129.54,-5.236,-0.9923
002409.SZ,20220428,20220331,8.6876,22.1366,7.2601,2.2763
300997.SZ,20220428,20220331,5.998,9.5024,-20.6118,3.8628
300782.SZ,20220428,20220331,12.4312,-6.7038,16.8223,5.8673
000789.SZ,20220428,20220331,0.9617,-35.6384,0.025,2.7156
300424.SZ,20220428,20220331,7.454,-381.0201,-30.9579,-2.841
002841.SZ,20220428,20220331,17.2394,53.0899,-6.8189,3.0484
688655.SH,20220428,20220331,-16.0555,-78.2931,7.731,0.2866
603528.SH,20220428,20220331,-30.0117,-81.0343,35.8361,0.0353
300286.SZ,20220428,20220331,3.3639,2.3524,-29.7464,2.908
300940.SZ,20220428,20220331,-33.5079,48.4045,-15.5768,1.2035
688626.SH,20220428,20220331,-15.5652,-72.2464,-28.2142,0.2582
301020.SZ,20220428,20220331,-21.1676,-32.6019,31.7537,2.2473
430090.BJ,20220428,20220331,-8.9072,28.4727,-90.0741,-1.521
600955.SH,20220428,20220331,-12.1807,-48.5917,18.5612,3.5177
688601.SH,20220428,20220331,59.3246,171.9937,-16.4069,6.1104
001296.SZ,20220428,20220331,11.0793,-5.063,-5.2746,0.6979
002472.SZ,20220428,20220331,40.9194,124.0479,1.066,2.1696
000151.SZ,20220428,20220331,60.8979,-82.4718,28.4294,0.1571
002584.SZ,20220428,20220331,16.2384,505.0749,0.6909,0.6193
300231.SZ,20220428,20220331,20.055,6.2641,-49.0459,1.4433
000898.SZ,20220428,20220331,9.7746,-1.2,5.6547,2.5158
603185.SH,20220428,20220331,252.6175,108.1457,11.5004,6.4186
300315.SZ,20220428,20220331,-6.8527,-61.7238,-13.8649,0.9586
600858.SH,20220428,20220331,4.0062,74.3436,18.4773,1.8852
300218.SZ,20220428,20220331,9.4393,512.3167,6.243,1.0843
300151.SZ,20220428,20220331,7.3094,13.7289,15.6592,2.8503
688226.SH,20220428,20220331,24.1036,1.1382,-27.4498,1.5573
688106.SH,20220428,20220331,26.5073,0.7689,17.148,1.1056
603712.SH,20220428,20220331,18.2445,26.69,-24.877,0.5474
688001.SH,20220428,20220331,32.1441,44.9191,-29.4797,0.757
600966.SH,20220428,20220331,2.1515,-77.7189,3.6038,2.4291
300463.SZ,20220428,20220331,-13.5396,-35.5824,12.9885,3.8728
300440.SZ,20220428,20220331,-69.6458,-1190.0148,-491.7754,-2.4258
000835.SZ,20220428,20220331,-92.3901,5.4758,-3605.3378,
603678.SH,20220428,20220331,-26.9166,-24.8905,28.7804,3.9511
000565.SZ,20220428,20220331,-2.4956,106.8107,-21.6414,3.8636
600763.SH,20220428,20220331,3.737,1.2507,9.899,5.4958
002336.SZ,20220428,20220331,-24.0239,13.0987,1.7415,-14.1051
002152.SZ,20220428,20220331,10.6178,11.1342,-53.8578,1.9152
000691.SZ,20220428,20220331,-49.1864,-137.7161,-12.0063,-2.2741
300897.SZ,20220428,20220331,42.3454,40.4539,-46.88,1.104
002818.SZ,20220428,20220331,13.2948,33.5345,53.6617,3.5367
300190.SZ,20220428,20220331,-34.5767,-44.4123,-48.067,0.2527
300767.SZ,20220428,20220331,50.962,10.2712,-15.289,2.5032
002194.SZ,20220428,20220331,-2.4975,41.2053,-12.0116,4.4433
600175.SH,20220428,20220331,-70.5638,-112.3555,0.0758,-1.6569
603016.SH,20220428,20220331,22.1061,3.2177,10.7898,1.2355
002849.SZ,20220428,20220331,-45.4442,-1.8305,-70.1343,-1.2738
002982.SZ,20220428,20220331,7.9994,42.8884,-1.3084,0.4474
603214.SH,20220428,20220331,57.3823,-210.3972,14.7162,-1.6665
002801.SZ,20220428,20220331,43.7646,92.8499,-5.1141,5.0553
300550.SZ,20220428,20220331,21.6506,3.9842,-101.9,0.3805
000913.SZ,20220428,20220331,1.5249,-40.6482,5.3774,1.0799
601598.SH,20220428,20220331,2.5572,17.6819,-4.9275,2.6781
603825.SH,20220428,20220331,11.9163,28.7499,-7.4131,0.8317
300649.SZ,20220428,20220331,-0.0284,9.7313,-47.0248,3.6309
600156.SH,20220428,20220331,-19.6825,34.5765,-16.3152,-3.6904
301021.SZ,20220428,20220331,-6.486,-36.6429,44.7487,1.0023
002420.SZ,20220428,20220331,-23.0876,-65.6321,2.8479,-0.5645
000598.SZ,20220428,20220331,19.1036,18.8352,-5.5182,2.5348
300057.SZ,20220428,20220331,-5.0657,663.0137,-13.1208,1.4108
002511.SZ,20220428,20220331,-10.3603,-50.817,13.1335,2.5532
601069.SH,20220428,20220331,-86.5993,-133.4123,-72.0205,-2.8601
301235.SZ,20220428,20220331,66.1987,21.8419,-147.1604,-0.7392
002419.SZ,20220428,20220331,2.745,104.6153,-7.4827,1.4331
839680.BJ,20220428,20220331,-72.0296,-1334.1634,32.6079,-1.7689
603680.SH,20220428,20220331,-12.167,-74.4655,-12.3605,0.3733
002285.SZ,20220428,20220331,-24.7706,-239.3747,-1.1804,-1.8058
002659.SZ,20220428,20220331,-88.9072,-145.7862,-220.2006,-1.6578
002621.SZ,20220428,20220331,-44.2088,-253.826,-62.2834,-1.3111
603368.SH,20220428,20220331,15.6675,6.3518,-14.9081,3.9277
000597.SZ,20220428,20220331,16.4926,76.6521,11.1484,1.2682
300825.SZ,20220428,20220331,4.9194,-35.4428,-46.8077,1.0107
300459.SZ,20220428,20220331,-6.1557,-20.0392,39.1905,4.9291
002967.SZ,20220428,20220331,17.0959,-9.2354,-18.9147,-2.5669
300612.SZ,20220428,20220331,16.2005,241.2781,-16.3098,2.8638
688075.SH,20220428,20220331,2763.4152,3147.8686,66.3421,67.9479
300634.SZ,20220428,20220331,87.0107,96.4213,-26.8638,1.7776
603535.SH,20220428,20220331,13.1183,6.947,7.415,1.927
301067.SZ,20220428,20220331,20.0694,-13.8841,11.1002,1.059
002561.SZ,20220428,20220331,-10.8125,-42.8989,-15.2211,0.7073
688357.SH,20220428,20220331,56.952,33.5885,5.4786,2.9973
301113.SZ,20220428,20220331,-20.7015,14.8914,83.0165,2.5826
688055.SH,20220428,20220331,-12.3041,-32.6146,-16.0807,3.1947
002077.SZ,20220428,20220331,1.4894,169.4783,-7.8979,0.3205
002572.SZ,20220428,20220331,13.5334,-2.8698,-14.1808,1.8652
002308.SZ,20220428,20220331,20.4486,281.6727,-16.2323,0.6151
300451.SZ,20220428,20220331,15.1119,2.084,-45.2285,2.1167
000551.SZ,20220428,20220331,8.5378,12.1752,-4.8299,1.7881
002949.SZ,20220428,20220331,3.2701,50.7798,-39.8129,-0.9215
688633.SH,20220428,20220331,0.245,30.052,16.2604,2.7625
600887.SH,20220428,20220331,13.405,24.3167,1.4279,6.657
601900.SH,20220428,20220331,9.067,-17.836,14.1552,2.6206
002637.SZ,20220428,20220331,14.5415,-9.1072,3.2034,3.8388
600351.SH,20220428,20220331,-12.4702,10.2813,7.2052,2.3584
300340.SZ,20220428,20220331,27.5834,628.0316,9.3429,1.5763
688317.SH,20220428,20220331,23.4329,-12.8962,34.038,6.9527
300329.SZ,20220428,20220331,-24.9635,-52.3541,-61.1189,0.4511
300155.SZ,20220428,20220331,-28.7296,-22.6646,-24.6737,0.1286
001207.SZ,20220428,20220331,7.5581,-56.6697,-8.3781,1.4418
000755.SZ,20220428,20220331,-6.9445,2.864,87.2079,2.3096
300305.SZ,20220428,20220331,24.1939,-8.6482,-22.6661,3.0988
688569.SH,20220428,20220331,102.4194,758.8175,23.3137,1.9837
600395.SH,20220428,20220331,63.6969,130.598,15.5715,6.8215
601187.SH,20220428,20220331,18.2151,16.518,679.3946,2.7185
002323.SZ,20220428,20220331,220.7616,166.5722,-198.2196,0.7916
300779.SZ,20220428,20220331,-24.3396,-226.4882,-68.497,-1.0202
600704.SH,20220426,20220331,12.5952,11.7626,-17.3538,2.9743
603337.SH,20220423,20220331,3.9127,37.43,-18.6619,5.5691
002972.SZ,20220428,20220331,12.5253,0.0511,-3.5405,1.8739
300114.SZ,20220428,20220331,-1.631,-37.2448,-42.6638,1.1038
688599.SH,20220428,20220331,79.2039,135.9701,-12.4922,2.5595
002853.SZ,20220428,20220331,-31.8382,-46.8654,-48.2341,1.4062
300409.SZ,20220428,20220331,73.5794,141.6845,24.9363,3.4275
300336.SZ,20220428,20220331,-53.4312,-74.3033,54.5448,
600812.SH,20220428,20220331,-6.2508,123.9192,1.4652,0.1436
300241.SZ,20220428,20220331,0.4468,-124.7223,-17.9188,-0.8139
688737.SH,20220428,20220331,-68.162,-211.4291,-22.1734,-0.9776
688150.SH,20220428,20220331,-2.2264,11.3132,125.4008,1.9227
002630.SZ,20220428,20220331,-45.9798,-186.212,-13.0403,-9.9782
300490.SZ,20220428,20220331,52.0277,-456.605,-82.9984,-0.5077
600726.SH,20220428,20220331,9.558,-10056.3943,-11.3001,
300176.SZ,20220428,20220331,24.0713,-317.2402,8.861,-2.0943
300672.SZ,20220428,20220331,23.5756,-2042.4604,-95.4414,-1.8483
300560.SZ,20220428,20220331,34.9402,28.5405,-29.3101,0.8648
301037.SZ,20220428,20220331,45.1478,114.2657,-5.8496,0.6562
688316.SH,20220428,20220331,-9.0125,-17.2212,-55.6068,-13.2692
603387.SH,20220428,20220331,106.7957,249.0558,11.7218,9.9319
002098.SZ,20220428,20220331,24.7109,16.4772,1.196,2.4576
836433.BJ,20220428,20220331,-25.6228,-45.0897,233.8876,0.6876
002820.SZ,20220428,20220331,-39.923,-314.1546,-10.4023,-2.0796
601838.SH,20220428,20220331,17.6472,28.8279,-14.7833,4.0308
601106.SH,20220428,20220331,15.6246,3.3063,-11.2703,0.276
603607.SH,20220428,20220331,34.2557,20.0436,15.0468,2.6905
000516.SZ,20220428,20220331,-51.7804,-134.0147,-67.6667,-8.0681
688167.SH,20220428,20220331,20.767,120.9186,3.4211,0.4926
301131.SZ,20220428,20220331,19.3265,-20.9413,-7.2857,1.1627
300297.SZ,20220428,20220331,-29.3293,-106.9459,-9.8196,-26.3812
603017.SH,20220428,20220331,3.7469,15.921,-44.0953,1.8282
600337.SH,20220428,20220331,-14.5619,-232.3918,-28.9955,-2.2699
300475.SZ,20220428,20220331,5104.089,9.4273,0.2879,3.9328
001227.SZ,20220428,20220331,-1.5763,94.047,-45.8833,1.7648
000711.SZ,20220428,20220331,-52.1631,2.6641,-1.6446,-12.1577
002792.SZ,20220428,20220331,17.8125,29.9774,-15.7553,0.3235
002808.SZ,20220428,20220331,-50.9301,-209.4234,-0.4618,-1.4493
000681.SZ,20220428,20220331,11.7942,-26.4776,4.5444,0.9331
000687.SZ,20220428,20220331,53.7589,44.1319,93.5834,
002930.SZ,20220428,20220331,4.2577,-18.4101,53.3212,2.1965
600226.SH,20220428,20220331,2.4952,210.2263,-1.8492,0.7944
688595.SH,20220428,20220331,43.7597,134.568,-26.6053,0.0487
603261.SH,20220428,20220331,176.7907,156.1267,-317.8711,0.3278
002955.SZ,20220428,20220331,13.7177,504.5352,-44.6475,0.9175
601139.SH,20220428,20220331,55.9242,-21.0427,-11.0783,1.649
300044.SZ,20220428,20220331,-75.8218,109.9624,23.4974,0.0861
300025.SZ,20220428,20220331,-10.9471,71.4336,3.2726,-0.7195
300266.SZ,20220428,20220331,-33.1629,-5.2925,-99.8178,-2.3283
002096.SZ,20220428,20220331,16.9263,-37.796,-34.4928,-0.8044
300215.SZ,20220428,20220331,-7.7376,-26.6747,51.2117,0.4565
300195.SZ,20220428,20220331,-7.3026,-68.4233,2.6949,-0.0512
000815.SZ,20220428,20220331,-10.5393,-112.3354,-12.307,-0.1876
300134.SZ,20220428,20220331,-6.8264,-1926.134,-2.7189,-0.9895
300792.SZ,20220427,20220331,19.5767,-2.3792,-42.6274,1.9201
600175.SH,20220428,20220331,-70.5638,-112.3555,0.0758,-1.6569
300550.SZ,20220428,20220331,21.6506,3.9842,-101.9,0.3805
002323.SZ,20220428,20220331,220.7616,166.5722,-198.2196,0.7916
300071.SZ,20220428,20220331,10.604,188.2705,5.9952,32.592
002340.SZ,20220428,20220331,86.7826,20.2324,-30.9119,2.2119
688596.SH,20220428,20220331,110.618,1216.36,-4.8029,0.1787
002989.SZ,20220428,20220331,0.7214,12.2163,-0.4047,1.858
002742.SZ,20220428,20220331,-18.4558,-79.3867,-4.8596,0.1209
603051.SH,20220428,20220331,65.0104,12.0574,-32.978,2.9181
000812.SZ,20220428,20220331,21.5795,630.6984,-37.2855,0.3592
300205.SZ,20220428,20220331,18.7498,106.613,-14.5213,0.1952
002639.SZ,20220428,20220331,30.0057,108.4658,-33.0519,-0.8552
002748.SZ,20220428,20220331,52.7112,290.7996,0.0333,4.5012
300526.SZ,20220428,20220331,-15.0531,47.5051,-242.3722,-5.5798
002256.SZ,20220428,20220331,-21.1873,3.4761,-30.2925,-2.9991
300133.SZ,20220428,20220331,-66.3754,-16.9004,-4.0012,1.3867
000832.SZ,20220428,20220331,,85.5808,,
002329.SZ,20220428,20220331,-6.0918,1387.6985,-0.5113,-0.8067
688107.SH,20220428,20220331,72.1515,206.3391,-46.7972,1.0174
000100.SZ,20220428,20220331,26.2052,-43.7319,9.5249,1.4134
002995.SZ,20220428,20220331,-15.9811,-251.6776,-15.8109,-1.4991
300737.SZ,20220428,20220331,18.7057,-40.8212,-63.3191,1.5726
300236.SZ,20220427,20220331,18.9522,-1672.8631,-30.2613,0.4867
002371.SZ,20220428,20220331,50.0419,183.1783,-60.6021,0.9097
300546.SZ,20220428,20220331,-25.3243,-174.1429,-136.6035,-2.3995
000883.SZ,20220428,20220331,6.2571,-20.7373,59.683,1.6864
603700.SH,20220429,20220331,-13.4821,-85.8661,-80.7176,-0.2697
002638.SZ,20220429,20220331,-21.7349,-2567.7979,-15.7644,-1.4971
688225.SH,20220429,20220331,9.8485,-6823.7449,-78.8899,-4.6944
601800.SH,20220429,20220331,13.2746,17.7431,-19.3866,1.8717
600735.SH,20220429,20220331,36.4372,0.047,13.7795,0.9108
300461.SZ,20220429,20220331,-61.2401,-185.1958,-0.6836,-5.1155
600990.SH,20220429,20220331,21.7974,-66.8847,-227.9491,-3.4979
300872.SZ,20220429,20220331,13.5185,-43.2998,-65.1552,-0.0994
300112.SZ,20220429,20220331,32.0579,39.0337,-17.7284,0.5409
300842.SZ,20220429,20220331,6.0755,-40.4329,45.7765,2.4625
603960.SH,20220429,20220331,-26.8881,-98.7483,-11.8616,-0.1853
831305.BJ,20220429,20220331,-38.0567,-58.1527,66.9676,1.1217
834682.BJ,20220429,20220331,11.5332,32.1976,-20.5979,1.4538
300703.SZ,20220429,20220331,21.9589,48.2167,-0.9185,-0.1296
300237.SZ,20220429,20220331,-14.3783,-99.6976,-20.5025,-5.0135
605366.SH,20220429,20220331,109.0897,386.3358,17.8507,6.671
603269.SH,20220429,20220331,75.8387,35.7802,-18.7829,0.3428
601108.SH,20220429,20220331,-51.0783,-64.8305,336.8466,0.5731
300147.SZ,20220429,20220331,-22.4052,-320.8501,-2.4391,-3.7442
300123.SZ,20220429,20220331,-24.1582,-364.3083,-119.1374,-1.5183
300725.SZ,20220429,20220331,17.4368,1.5305,5.9149,2.6465
600282.SH,20220429,20220331,0.6219,-26.895,2.6174,2.9898
000657.SZ,20220429,20220331,12.7685,37.8203,-6.7831,2.0872
603608.SH,20220429,20220331,-28.4691,-205.0094,-10.7019,-1.9616
300062.SZ,20220429,20220331,48.8394,181.1149,-12.5679,1.0253
300255.SZ,20220429,20220331,-19.1834,-56.7542,-27.6351,0.8864
601665.SH,20220429,20220331,18.0035,20.0527,90.937,2.7344
600368.SH,20220429,20220331,-33.8698,-4.5415,77.0015,3.0641
688110.SH,20220429,20220331,82.862,216.9248,25.5607,2.8397
600559.SH,20220429,20220331,20.3618,373.716,64.3147,1.8275
603316.SH,20220429,20220331,-31.6401,-239.3754,-97.592,-0.7147
603828.SH,20220429,20220331,-8.5478,-289.7552,-23.5538,-3.0962
300097.SZ,20220429,20220331,-78.9505,-154.9619,-29.1003,-6.2213
600083.SH,20220429,20220331,-59.0142,7641.1262,-73.2099,1.8424
603681.SH,20220429,20220331,51.2639,11.8486,3.6311,1.9508
300022.SZ,20220429,20220331,31.1167,48.5093,13.939,-2.6685
600985.SH,20220429,20220331,41.9079,36.2892,10.0234,5.8309
603738.SH,20220429,20220331,4.2605,93.0433,42.5774,2.8954
601077.SH,20220429,20220331,1.3309,11.4157,706.8593,3.3658
300246.SZ,20220429,20220331,20.2153,-43.3115,2.2477,1.0954
688312.SH,20220429,20220331,-6.4694,-60.5372,61.6274,0.303
300658.SZ,20220429,20220331,9.1312,7.7517,1.9874,0.3341
600360.SH,20220429,20220331,19.6745,133.5586,35.4291,0.7778
002053.SZ,20220429,20220331,13.2094,37.346,10.3794,2.6339
002845.SZ,20220429,20220331,-19.2439,-23.3806,1.1264,-0.1924
300074.SZ,20220429,20220331,15.3599,63.4509,28.2581,-0.5873
600556.SH,20220429,20220331,36.1648,12.4267,2.2374,2.6568
300579.SZ,20220429,20220331,29.7705,148.7203,-99.0173,-0.0777
835670.BJ,20220429,20220331,-65.7468,-384.093,-322.0901,-2.5471
301207.SZ,20220429,20220331,32.6672,79.3922,-354.6845,-0.0915
300233.SZ,20220429,20220331,56.5021,121.1752,-4.8053,3.1594
600195.SH,20220429,20220331,-12.927,-17.0574,-23.237,2.6784
001208.SZ,20220429,20220331,80.9946,3.8875,-57.0468,1.771
300531.SZ,20220429,20220331,-1.7577,-33.1395,-21.4449,1.4998
688270.SH,20220429,20220331,12.7734,-27.3586,-7.9475,0.5171
300797.SZ,20220429,20220331,40.1529,123.7004,-41.6454,1.2372
300257.SZ,20220429,20220331,12.3964,75.24,9.4484,2.0497
601228.SH,20220429,20220331,2.7562,21.6899,9.0093,2.0056
000959.SZ,20220429,20220331,8.7713,0.9831,0.6071,2.4931
601020.SH,20220429,20220331,-67.7228,-114.2683,35.7832,-0.1401
601991.SH,20220429,20220331,18.1172,-144.318,18.5217,-0.7882
002498.SZ,20220429,20220331,49.3283,17.0213,-11.7174,1.9561
600348.SH,20220429,20220331,-16.4844,181.7289,4.3181,5.8577
605555.SH,20220429,20220331,-7.4094,2.4189,34.7585,2.1709
600235.SH,20220429,20220331,3.5596,1.7807,8.7902,1.0833
301109.SZ,20220427,20220331,-34.1898,31.2426,2.138,3.8761
002493.SZ,20220429,20220331,98.3777,18.8529,27.1103,5.922
601588.SH,20220429,20220331,-64.501,-89.7453,43.8849,0.1869
603903.SH,20220429,20220331,-13.3863,-18.2346,-60.4353,1.4736
600792.SH,20220429,20220331,34.5803,-197.2115,-2.7519,-0.3665
603789.SH,20220429,20220331,-42.8263,69.0826,45.3044,-1.9912
000625.SZ,20220429,20220331,7.9574,431.4469,2.2249,3.8877
003005.SZ,20220429,20220331,-72.3759,-147.2388,-200.1177,-1.0905
600507.SH,20220429,20220331,29.4571,-2.084,57.4356,5.5316
300597.SZ,20220429,20220331,1.2876,1.155,-65.4006,0.5187
300210.SZ,20220429,20220331,-28.7196,-354.6806,-1.2514,-2.0214
430489.BJ,20220429,20220331,71.5001,207.1757,2.7347,2.6641
300117.SZ,20220429,20220331,3.5022,537.3773,6.389,10.7606
000912.SZ,20220429,20220331,54.412,176.3458,16.8494,2.2726
002658.SZ,20220429,20220331,39.224,186.5747,-6.049,2.1149
000590.SZ,20220429,20220331,20.4319,-38.9021,-41.1866,1.54
301024.SZ,20220429,20220331,-29.9479,-306.4795,15.7336,-2.4225
600906.SH,20220429,20220331,-29.9172,-63.3439,-142.5122,0.6596
000900.SZ,20220429,20220331,-31.7187,-42.7654,6.9757,1.494
836239.BJ,20220429,20220331,48.1237,8.1434,8.989,5.46
002596.SZ,20220429,20220331,-16.0017,65.1414,-4.6355,-0.74
003035.SZ,20220429,20220331,27.9034,20.2345,20.9666,1.4357
002593.SZ,20220429,20220331,-1.6669,-43.1784,-11.6521,0.6196
605006.SH,20220429,20220331,12.9951,19.4118,12.1964,7.339
300040.SZ,20220429,20220331,-13.2473,28.4463,73.0671,1.4387
603689.SH,20220429,20220331,15.2605,1.2263,0.5886,2.4933
601166.SH,20220429,20220331,6.719,15.6165,-420.44,3.9462
300569.SZ,20220429,20220331,25.0459,-71.2529,-75.7085,0.5825
300279.SZ,20220429,20220331,-11.052,-423.3046,1.9525,-4.4829
000893.SZ,20220429,20220331,316.5649,1498.7011,46.5772,5.8852
600129.SH,20220429,20220331,6.2849,-20.0316,-1.161,2.6029
300121.SZ,20220429,20220331,42.2374,28.2086,6.3684,5.7073
002595.SZ,20220429,20220331,4.4216,-3.7846,6.6994,3.2743
002765.SZ,20220429,20220331,-0.227,25.4177,20.6594,2.2305
002176.SZ,20220429,20220331,152.5695,809.807,24.762,29.6551
300651.SZ,20220429,20220331,28.6217,-23.0226,-52.8033,0.26
688617.SH,20220429,20220331,65.0758,41.5544,25.079,3.392
300098.SZ,20220429,20220331,3.059,-43.3899,-24.0661,-2.5059
688670.SH,20220429,20220331,-58.5018,50.1061,49.1979,-0.4692
300869.SZ,20220429,20220331,-29.5258,-36.1503,19.4017,3.9079
300395.SZ,20220429,20220331,42.1717,20.4252,2.6358,3.3551
601298.SH,20220429,20220331,18.4035,4.752,14.7892,3.1018
300966.SZ,20220429,20220331,-15.072,-14.6167,-30.3526,1.5467
600053.SH,20220429,20220331,246.4751,102.0471,65.4778,1.6164
000759.SZ,20220429,20220331,-1.2461,-9.4996,9.4261,-0.2059
002716.SZ,20220429,20220331,48456.3999,83.7338,11.4781,-0.5619
300443.SZ,20220429,20220331,-24.6588,-64.9425,-3.6386,1.3585
688108.SH,20220429,20220331,113.2676,28.8052,-73.9356,-3.3464
000888.SZ,20220429,20220331,12.6575,268.2017,-42.7024,0.0418
002245.SZ,20220429,20220331,25.7235,25.3998,-0.8988,3.8616
688308.SH,20220429,20220331,16.391,22.6845,-1.747,3.495
002374.SZ,20220429,20220331,16.351,-29.6409,10.5656,0.7996
002032.SZ,20220429,20220331,9.2528,6.6118,6.4977,6.6781
002811.SZ,20220429,20220331,-18.7475,-68.3374,20.9113,0.2775
870204.BJ,20220429,20220331,-14.309,-57.872,-5.4028,1.762
300480.SZ,20220429,20220331,165.6633,155.305,-18.0145,0.9393
601989.SH,20220429,20220331,-14.1694,-72.6957,-45.0089,-0.0438
300142.SZ,20220429,20220331,51.275,20.093,1.5316,1.1399
600536.SH,20220429,20220331,49.6434,34.8945,-121.1534,-4.394
300376.SZ,20220429,20220331,95.3163,29.3842,-8.9223,1.5849
601901.SH,20220429,20220331,-18.5953,-46.3106,-69.1296,1.1215
300163.SZ,20220429,20220331,-7.6656,-184.5456,-15.4049,-0.6116
600118.SH,20220429,20220331,0.5345,-14.2168,-31.6678,0.7266
688185.SH,20220429,20220331,6.9837,960.231,-119.7841,1.0258
600469.SH,20220429,20220331,-31.8876,-251.2356,4.1653,-1.7119
600675.SH,20220429,20220331,-14.5417,-259.6127,98.4337,-0.8965
000767.SZ,20220429,20220331,42.3801,-79.6035,5.0779,-0.0034
601000.SH,20220429,20220331,-30.7916,-16.3263,49.7365,2.0456
300036.SZ,20220429,20220331,2.88,1.2459,-153.0648,0.2183
600804.SH,20220429,20220331,-24.9105,657.3892,-15.5117,-1.6858
000027.SZ,20220429,20220331,31.2659,-15.2405,17.5994,1.3021
600234.SH,20220429,20220331,-72.2598,-513.1056,-59.9607,-3.1946
600995.SH,20220429,20220331,18.6437,-0.2638,30.0973,4.2394
300588.SZ,20220429,20220331,-39.5595,-176.2073,-192.4265,-3.7709
300422.SZ,20220429,20220331,-54.9433,-299.0117,-24.5814,-3.6355
300503.SZ,20220429,20220331,-12.3147,-44.7355,2.3752,1.184
000408.SZ,20220429,20220331,199.3939,221.693,73.3803,8.2015
300146.SZ,20220429,20220331,2.5994,-18.7791,-1.9785,6.637
002153.SZ,20220429,20220331,-5.601,-25.5281,-48.939,0.0396
000089.SZ,20220429,20220331,-17.6479,-697.9608,35.8201,-2.6166
600642.SH,20220429,20220331,26.0341,-76.8725,6.2619,1.1174
832885.BJ,20220429,20220331,7.847,24.9769,-13.1448,1.6619
688116.SH,20220429,20220331,119.7718,87.6667,-1.5735,4.5287
002574.SZ,20220429,20220331,11.265,33.8167,18.5031,1.0739
603458.SH,20220429,20220331,-47.1033,-61.132,-65.3822,0.7259
002304.SZ,20220429,20220331,23.8213,29.0669,-23.5052,10.8855
600836.SH,20220429,20220331,-43.8579,-69.2122,17.9538,0.0578
002526.SZ,20220429,20220331,24.5538,26.961,-12.7567,1.2151
605166.SH,20220429,20220331,83.2268,0.566,-6.0798,4.2889
688232.SH,20220429,20220331,-13.1656,-1268.6737,-118.7998,-1.3138
688318.SH,20220429,20220331,-20.1594,-13.6665,-17.828,1.05
601198.SH,20220429,20220331,-20.0896,-87.971,1243.0851,0.089
600167.SH,20220429,20220331,2.6377,-4.4011,-13.273,7.6608
600410.SH,20220429,20220331,-1.6327,-73.9583,10.2658,-2.138
000955.SZ,20220429,20220331,-24.1455,-249.0447,-15.7402,-1.8547
300528.SZ,20220429,20220331,-15.2088,-800.0203,19.024,-8.1711
002676.SZ,20220429,20220331,-7.143,-28.7107,-6.7537,1.2116
002718.SZ,20220429,20220331,12.1753,115.0487,30.4236,0.2739
002688.SZ,20220429,20220331,12.4619,-54.6127,7.0824,1.1534
000705.SZ,20220429,20220331,12.7353,-16.2023,-15.1606,0.6808
002779.SZ,20220429,20220331,22.3285,820.7815,28.8903,0.7735
603230.SH,20220429,20220331,9.0074,7.9811,-42.342,5.1817
688556.SH,20220429,20220331,103.0617,173.275,-25.9493,8.0161
300772.SZ,20220429,20220331,65.3152,30.2112,-31.958,3.2575
002455.SZ,20220429,20220331,11.9498,112.6582,-4.3829,1.8317
300373.SZ,20220429,20220331,50.4634,77.8168,-1.765,5.251
000511.SZ,20220429,20220331,-100.0,19.5034,,-81.2348
002087.SZ,20220429,20220331,-26.5541,-68.6382,7.2262,0.1896
002762.SZ,20220429,20220331,-1.4274,-9.772,5.4454,0.5988
000980.SZ,20220429,20220331,-39.1195,38.4872,11.8054,-4.7244
600599.SH,20220429,20220331,49.9383,35.4048,-89.2868,5.04
002048.SZ,20220429,20220331,-3.2036,-17.598,10.3022,1.666
603040.SH,20220429,20220331,-6.708,0.1881,34.5523,3.0409
600644.SH,20220429,20220331,23.2063,-28.1639,-15.1504,1.3807
002187.SZ,20220429,20220331,11.0694,-73.6422,-6.3352,0.6983
002238.SZ,20220429,20220331,-7.2882,-37.3187,-3.6153,0.284
600030.SH,20220429,20220331,-7.2002,1.2444,508.8123,2.2796
002166.SZ,20220429,20220331,27.7646,78.4395,15.2842,1.5771
688139.SH,20220429,20220331,36.2224,-72.9601,17.3348,2.7633
600935.SH,20220429,20220331,23.2249,1.0365,8.7366,3.5513
300103.SZ,20220429,20220331,-75.9625,-138.8831,-1.1457,-0.3655
300917.SZ,20220429,20220331,18.2598,15.2811,16.3402,3.0183
601808.SH,20220429,20220331,15.1755,67.6578,-32.7165,0.6983
000572.SZ,20220429,20220331,119.9511,3.0968,-42.1055,-0.942
300680.SZ,20220429,20220331,42.5499,36.398,5.7041,3.0968
603315.SH,20220429,20220331,-5.6826,-22.4421,12.2931,0.634
688661.SH,20220429,20220331,0.2191,-43.0865,-0.608,3.0805
605228.SH,20220429,20220331,-4.5733,-39.4353,4.2178,0.9955
301019.SZ,20220429,20220331,-2.3029,9.7254,-5.1531,1.7198
688689.SH,20220429,20220331,0.2078,13.6922,15.8922,1.5328
002938.SZ,20220429,20220331,24.4023,68.9691,46.607,2.4461
002386.SZ,20220429,20220331,-11.5023,41.6854,9.7828,2.973
300250.SZ,20220429,20220331,5.1643,30.9846,-43.328,0.4562
002452.SZ,20220429,20220331,-14.315,-14.7992,2.1917,1.3697
002161.SZ,20220429,20220331,2.6667,48.1022,-31.0054,-1.4168
600418.SH,20220429,20220331,-16.4283,-253.4538,11.9341,-3.1758
601319.SH,20220429,20220331,9.0964,-12.8563,12.4589,4.0265
601996.SH,20220429,20220331,-3.6857,79.041,14.8738,0.9802
600992.SH,20220429,20220331,19.3135,16.2053,-7.3656,0.2331
002368.SZ,20220429,20220331,18.65,-5.0822,-79.2339,0.4306
300227.SZ,20220429,20220331,22.1245,-8.7482,-10.1508,1.0126
688206.SH,20220429,20220331,44.0192,706.2024,-12.1878,0.0705
600982.SH,20220429,20220331,50.9958,-20.014,17.0916,1.8095
688701.SH,20220429,20220331,43.8925,7.7149,-52.0789,-0.3903
601107.SH,20220429,20220331,41.8351,-19.6596,35.5328,1.3554
603566.SH,20220429,20220331,-20.5364,-56.7952,-3.4655,1.9145
603648.SH,20220429,20220331,1.0665,15.8342,-1.2549,2.6461
000829.SZ,20220429,20220331,-7.0564,-19.0488,5.2302,0.2667
002056.SZ,20220429,20220331,71.8533,41.5941,4.022,4.1707
688355.SH,20220429,20220331,0.0466,-48.3403,5.7666,1.0384
603115.SH,20220429,20220331,35.8993,110.8922,2.8899,2.87
603279.SH,20220429,20220331,30.4947,54.5356,12.2732,4.3703
600132.SH,20220429,20220331,17.1162,15.3252,29.5288,17.391
688800.SH,20220429,20220331,144.3437,241.1055,-11.2999,4.5905
600405.SH,20220429,20220331,73.6962,53.3644,-7.537,-2.2983
000617.SZ,20220429,20220331,2.6172,-0.8843,-6667.6414,1.837
002092.SZ,20220429,20220331,-32.5138,-39.7312,-9.7389,1.6714
603612.SH,20220429,20220331,87.5949,44.2102,-21.2884,3.3748
300251.SZ,20220429,20220331,83.9407,-62.4135,2.867,0.4486
601669.SH,20220429,20220331,6.0254,5.0429,-14.4482,1.9869
600062.SH,20220429,20220331,4.5862,15.9879,7.1336,3.1993
601099.SH,20220429,20220331,94.0388,97.7343,-453.8384,0.0694
600890.SH,20220429,20220331,3476.7392,-13.9177,-582.297,-3.9794
600897.SH,20220429,20220331,-17.7293,-86.6004,9.4128,-0.4087
600203.SH,20220429,20220331,23.4172,167.2437,-9.5713,0.0764
688257.SH,20220429,20220331,29.9645,1.9852,-24.3908,1.3722
002675.SZ,20220429,20220331,-1.1771,-17.9023,5.7698,1.2148
603718.SH,20220429,20220331,-15.8211,-37.409,-60.3132,0.6391
002723.SZ,20220429,20220331,13.0483,67.3429,-26.4955,0.1582
003027.SZ,20220429,20220331,4.8745,3.4976,-8.0232,1.56
601696.SH,20220429,20220331,-3.6307,-8.1522,432.5275,1.4973
002078.SZ,20220429,20220331,26.4788,-39.0798,10.7045,3.4516
300907.SZ,20220429,20220331,-3.1462,-56.0347,-8.2484,0.5865
603380.SH,20220429,20220331,34.0125,27.701,-3.781,4.9953
603713.SH,20220429,20220331,111.9025,72.0962,5.2021,4.0252
000851.SZ,20220429,20220331,-22.7727,81.1412,-54.8537,-0.0163
000078.SZ,20220429,20220331,-9.1989,-22.4799,1.8246,1.1375
300512.SZ,20220429,20220331,12.3072,8.3655,-4.2512,1.8213
600908.SH,20220429,20220331,9.0651,22.5172,233.3923,2.725
002231.SZ,20220429,20220331,-58.3206,-72.6238,-13.9971,0.7642
300267.SZ,20220429,20220331,11.0879,-49.4456,31.9283,0.3383
300166.SZ,20220429,20220331,10.1477,-35.9965,-71.6422,0.4248
000768.SZ,20220429,20220331,12.4343,14.256,-54.3817,0.9555
600107.SH,20220429,20220331,17.1606,-11914.1674,0.1009,-0.4674
601966.SH,20220429,20220331,-12.7432,-118.5747,3.8009,-0.932
600717.SH,20220429,20220331,-26.881,-34.0207,0.9222,0.7317
000663.SZ,20220429,20220331,12.2692,-24.2438,-9.0286,1.5429
600163.SH,20220429,20220331,38.1462,52.2611,49.3816,5.6046
002319.SZ,20220429,20220331,12.5498,-39.95,2.2462,-4.4318
000717.SZ,20220429,20220331,-11.8774,-74.0324,6.76,0.9449
688667.SH,20220429,20220331,-14.4811,-26.0847,22.3305,1.2259
600032.SH,20220429,20220331,107.1062,487.6337,35.6584,2.4289
002007.SZ,20220429,20220331,2.7717,-8.4042,9.1257,2.3718
000901.SZ,20220429,20220331,-3.49,-51.776,-9.5674,0.1207
600576.SH,20220429,20220331,-11.2657,-44.7044,-229.0413,0.0933
688122.SH,20220429,20220331,66.5097,67.3993,-28.1945,3.7007
000555.SZ,20220429,20220331,-5.7491,-20.3558,-38.067,0.2895
002490.SZ,20220429,20220331,3.0907,38.4351,-14.2074,-5.105
603551.SH,20220429,20220331,7.1097,-11.6033,-50.0451,1.6323
688101.SH,20220429,20220331,2.7763,-7.9877,8.8686,1.4369
000545.SZ,20220429,20220331,28.6713,-3.0201,-8.7768,1.5964
601066.SH,20220429,20220331,31.8265,-10.4616,226.3529,1.8524
301118.SZ,20220429,20220331,30.7347,46.0796,26.3938,4.4926
300709.SZ,20220429,20220331,1.1143,2.8747,36.4177,0.6042
001211.SZ,20220429,20220331,-3.9433,-3.899,1.337,0.9121
300385.SZ,20220429,20220331,2.063,-90.3485,-31.8566,0.118
002799.SZ,20220429,20220331,-6.4333,-8.7666,4.0743,3.2398
600362.SH,20220429,20220331,19.7164,71.4547,-1.5905,2.3487
603358.SH,20220429,20220331,25.7563,-14.9556,6.988,2.3798
603139.SH,20220429,20220331,21.6849,-3.4442,20.9682,0.7457
836675.BJ,20220429,20220331,5.188,0.1929,6.8744,3.1283
000023.SZ,20220429,20220331,-80.2908,-917.9139,12.9602,-8.5969
002019.SZ,20220429,20220331,-24.5278,-8.3012,-5.0797,0.8938
688739.SH,20220429,20220331,-38.4581,-46.1561,10.4127,1.4091
002349.SZ,20220429,20220331,22.1937,17.9564,11.9973,2.7407
300932.SZ,20220429,20220331,27.4803,-36.5677,-6.4282,0.8318
600476.SH,20220429,20220331,17.6432,-244.8406,-60.7303,-8.9062
603906.SH,20220429,20220331,329.8865,252.0137,-33.8514,9.6905
603466.SH,20220429,20220331,-59.8865,-109.9608,-119.0693,-0.7889
600455.SH,20220429,20220331,6.2695,-60.4774,-78.3467,0.2537
000938.SZ,20220429,20220331,13.5813,35.2641,-15.1678,1.2047
002312.SZ,20220429,20220331,64.057,145.698,11.2263,4.0111
600019.SH,20220429,20220331,3.7824,-30.4086,10.3498,1.8113
603869.SH,20220429,20220331,-16.105,-84.553,-57.4448,0.042
002185.SZ,20220429,20220331,15.7972,-26.6135,12.8376,0.9783
601111.SH,20220429,20220331,-11.4062,-43.367,-59.29,-15.7541
000793.SZ,20220429,20220331,-24.078,23.8674,-12.3589,-1.6347
300084.SZ,20220429,20220331,-30.5352,-72.786,-17.483,-2.8356
600023.SH,20220429,20220331,26.6707,-40.4574,1.2591,0.6571
600795.SH,20220429,20220331,19.8281,-50.6575,17.0862,1.8993
300542.SZ,20220429,20220331,89.7457,20.3329,-65.6757,-1.2652
600269.SH,20220429,20220331,33.1716,89.7761,21.9857,2.1886
603885.SH,20220429,20220331,1.1748,-95.4465,1.0403,-5.8234
600730.SH,20220429,20220331,-5.2864,-72.9142,-68.927,-0.1284
603306.SH,20220429,20220331,29.5769,7.8661,3.0957,1.0261
601519.SH,20220429,20220331,-4.815,-1512.0911,-57.2275,-3.0115
688182.SH,20220429,20220331,-44.6921,-50.895,49.1928,0.1941
600021.SH,20220429,20220331,16.377,-62.186,8.7258,-0.0463
300481.SZ,20220429,20220331,31.7177,78.3967,10.2961,3.9381
002130.SZ,20220429,20220331,-1.8662,-31.6401,6.1814,2.4813
688236.SH,20220429,20220331,13.4536,8.0889,-7.8257,2.9702
002803.SZ,20220429,20220331,2.0806,-53.557,1.3555,2.0662
838924.BJ,20220429,20220331,-19.0562,-66.3803,-101.0291,0.2818
300920.SZ,20220429,20220331,11.465,-34.5578,4.4664,1.3084
301047.SZ,20220429,20220331,-61.4867,-65.6096,39.3081,1.45
300197.SZ,20220429,20220331,6.34,16.0958,-25.35,-1.6653
688126.SH,20220429,20220331,47.0936,-267.1888,20.7705,-0.0268
300749.SZ,20220429,20220331,8.0344,-73.086,-61.8744,0.2593
300859.SZ,20220429,20220331,-48.3368,-72.152,-251.5803,-2.8387
002177.SZ,20220429,20220331,-13.2889,18.2075,36.1527,0.2732
600029.SH,20220429,20220331,1.0257,-12.2317,0.0792,-6.9988
300819.SZ,20220429,20220331,114.0973,1.182,-3.0381,0.9326
600775.SH,20220429,20220331,6.8956,-28.92,4.5912,-0.5513
603663.SH,20220429,20220331,-19.5863,32.3612,7.4548,2.6742
300177.SZ,20220429,20220331,-24.0932,1383.0619,-37.4693,-0.9033
603288.SH,20220429,20220331,0.7237,-6.3631,-15.0106,7.3671
000637.SZ,20220429,20220331,85.2974,-163.7121,17.6293,-0.0065
600084.SH,20220429,20220331,-5.0123,-113.3324,-53.2484,-0.2112
301008.SZ,20220429,20220331,7.517,-47.11,0.7565,0.9663
300229.SZ,20220429,20220331,23.6029,66.8903,-48.8208,0.4261
300276.SZ,20220429,20220331,80.461,-38.2746,-9.5237,0.1492
603136.SH,20220429,20220331,-28.0513,-371.2716,-35.04,-1.94
600268.SH,20220429,20220331,24.144,3.4278,-51.9038,-2.6741
301060.SZ,20220429,20220331,132.2382,232.4085,-18.382,10.5096
603877.SH,20220429,20220331,-7.7368,-6.4435,-9.2626,2.573
301061.SZ,20220429,20220331,1.0624,-15.7815,-5.0052,2.4393
002883.SZ,20220429,20220331,37.7779,-5.3384,-6.0003,1.757
601878.SH,20220429,20220331,-3.9234,-23.194,35.9985,1.3439
000537.SZ,20220429,20220331,-85.2629,-79.2732,-1407.3209,0.9006
301062.SZ,20220429,20220331,12.3198,-25.7003,7.9214,2.7763
000547.SZ,20220429,20220331,6.6166,-23.0703,-52.4953,1.7185
300861.SZ,20220429,20220331,83.6187,49.1751,41.916,6.4488
301126.SZ,20220429,20220331,8.7362,-2.5626,-43.5692,1.1249
601336.SH,20220429,20220331,-7.8682,-78.6836,48.2225,1.2727
605336.SH,20220429,20220331,23.3361,10.3133,13.5011,1.6536
600758.SH,20220429,20220331,21.1184,492.1882,14.8452,4.4117
603577.SH,20220429,20220331,24.8331,-40.3268,-9.748,0.7923
688282.SH,20220429,20220331,42.9879,122.7353,-15.4286,1.5419
600262.SH,20220429,20220331,94.3164,65.0417,-12.7906,2.1123
603388.SH,20220429,20220331,-2.6241,963.9666,-25.2941,0.2035
000538.SZ,20220429,20220331,-8.6968,19.8138,-1.8061,3.411
300813.SZ,20220429,20220331,48.8967,45.0786,-3.4984,2.536
002467.SZ,20220429,20220331,-1.1171,191.6551,-2.3545,0.5255
000831.SZ,20220429,20220331,56.8754,65.5864,16.6844,6.2582
603833.SH,20220429,20220331,25.5987,3.8793,-7.8157,1.6071
002556.SZ,20220429,20220331,12.4604,15.1862,18.0917,4.5936
601366.SH,20220429,20220331,-7.7701,-331.0417,2.9205,-0.5758
600626.SH,20220429,20220331,-13.2893,-124.644,-4.9595,-2.2448
603355.SH,20220429,20220331,16.7906,10.6385,3.119,6.2555
002739.SZ,20220429,20220331,-16.0136,-91.4179,10.2903,0.223
605488.SH,20220429,20220331,36.3008,-53.6435,-13.6082,1.5109
000622.SZ,20220429,20220331,-19.239,-208.1895,-77.1536,-1.6378
300882.SZ,20220429,20220331,50.2942,-8.8068,-61.143,0.4698
301007.SZ,20220429,20220331,11.6766,-35.6933,5.9292,1.7008
002653.SZ,20220429,20220331,-22.8126,-90.8783,-14.7355,0.6314
601188.SH,20220429,20220331,-6.6675,1.7708,55.2845,1.328
603917.SH,20220429,20220331,-13.4392,-22.4552,43.4363,0.497
600113.SH,20220429,20220331,175.9565,77.5148,1.8813,2.1211
603225.SH,20220429,20220331,-1.9826,-42.7457,-18.9428,1.8936
600488.SH,20220429,20220331,5.0894,-11.3011,7.9801,0.6933
002576.SZ,20220429,20220331,6.1551,-65.0339,0.7447,0.9274
688621.SH,20220429,20220331,54.4935,62.6514,2.2618,4.004
600210.SH,20220429,20220331,4.4077,-2.0029,-5.4023,2.0621
300722.SZ,20220429,20220331,46.1123,49.0399,-23.0951,2.1512
002426.SZ,20220429,20220331,-24.5052,-89.2145,9.0869,-2.4119
603093.SH,20220429,20220331,-23.6343,-19.0135,64.961,0.9991
603192.SH,20220429,20220331,52.0733,-16.2898,-20.927,1.4946
600830.SH,20220429,20220331,40.313,-38.8474,-761.7391,0.7693
300346.SZ,20220429,20220331,94.6676,89.3759,-2.8376,3.3274
600463.SH,20220429,20220331,-8.9846,22.8746,-48.3172,-0.1432
002246.SZ,20220429,20220331,2.1459,-41.7386,-27.3496,0.5158
600956.SH,20220429,20220331,16.747,-7.3585,15.5877,4.7396
688733.SH,20220429,20220331,109.6219,149.2686,-18.2883,2.9699
600231.SH,20220429,20220331,4.0435,-46.8817,-0.6717,1.3298
000885.SZ,20220429,20220331,62.3828,15.7364,4.0018,3.8593
603730.SH,20220429,20220331,-4.9456,-11.4242,12.3309,3.3302
600691.SH,20220429,20220331,7.3611,-30.4059,9.4995,1.381
300421.SZ,20220429,20220331,-5.8861,-63.5183,-30.7339,0.8637
600825.SH,20220429,20220331,-8.4006,48.4705,8.6843,0.0285
603993.SH,20220429,20220331,11.5475,77.8784,-2.4665,4.1597
600482.SH,20220429,20220331,-4.5463,-54.2456,-12.5428,0.1554
000568.SZ,20220429,20220331,26.1464,32.7166,17.9262,9.7109
300913.SZ,20220429,20220331,20.4709,6.9146,6.1023,2.3062
603499.SH,20220429,20220331,16.3365,135.2461,46.4277,0.1945
002695.SZ,20220429,20220331,-10.6177,-45.5663,26.6126,1.2458
002516.SZ,20220429,20220331,10.4844,11.7682,2.9827,1.4686
002626.SZ,20220429,20220331,-17.7383,-59.9144,14.6157,2.9824
605222.SH,20220429,20220331,29.4392,5.4207,-61.5356,3.8088
300095.SZ,20220429,20220331,2.6589,10.7727,-11.8569,2.5101
605268.SH,20220429,20220331,5.4019,-122.6828,-40.4195,-0.559
300128.SZ,20220429,20220331,-5.9003,148.2799,-13.8733,-2.5195
300765.SZ,20220429,20220331,25.2235,32.3508,15.7671,3.7083
002303.SZ,20220429,20220331,12.7337,3.457,6.3114,0.5505
603883.SH,20220429,20220331,13.8133,6.2627,6.3001,4.0522
688786.SH,20220429,20220331,34.9177,63.5125,23.92,3.3949
600583.SH,20220429,20220331,40.8423,-1.4264,5.5689,0.2384
603506.SH,20220429,20220331,10.7562,14.161,-10.3991,3.5105
600323.SH,20220429,20220331,32.0426,-34.3043,-4.1161,1.5193
600838.SH,20220429,20220331,-33.0595,-26.8201,-17.75,0.8534
600707.SH,20220429,20220331,-40.9707,-166.7303,14.9714,-3.4621
601019.SH,20220429,20220331,10.5018,26.9313,-33.8838,1.487
301162.SZ,20220428,20220331,25.9722,199.3583,-31.288,1.4506
600879.SH,20220429,20220331,27.5839,29.8522,-43.3985,1.165
600764.SH,20220429,20220331,-47.4747,-75.09,-71.7419,0.0609
600243.SH,20220429,20220331,23.528,43.9173,-7.6442,-2.2995
688161.SH,20220429,20220331,-19.3058,-11.9896,34.5567,2.0908
603236.SH,20220429,20220331,64.7371,104.2484,-0.5128,3.2371
601811.SH,20220429,20220331,12.975,8.1466,-2.4778,1.3317
601777.SH,20220429,20220331,48.7394,220.5434,11.1562,0.4188
601615.SH,20220429,20220331,63.3964,398.5338,-56.9828,7.0571
002041.SZ,20220429,20220331,45.7843,76.8925,-43.7291,2.7736
300806.SZ,20220429,20220331,20.7897,198.7512,-13.6143,0.8855
603215.SH,20220429,20220331,13.4469,11.306,20.5414,3.2864
300318.SZ,20220429,20220331,10.2287,-26.4685,-16.7647,-1.3798
603997.SH,20220429,20220331,-7.2518,-129.3986,4.1702,-0.8079
600676.SH,20220429,20220331,-18.9865,-487.1757,-2.9799,-0.9463
002199.SZ,20220429,20220331,-32.515,-163.0108,-9.384,-1.434
600919.SH,20220429,20220331,11.0445,26.0024,901.5091,3.3237
300831.SZ,20220429,20220331,93.9199,2953.2233,172.0451,1.3058
600258.SH,20220429,20220331,-4.6396,-27.727,8.7342,-2.3561
603579.SH,20220429,20220331,8.5482,-15.016,-4.8541,2.3665
300759.SZ,20220429,20220331,41.1925,1.3066,19.8674,3.0546
600462.SH,20220429,20220331,-27.2835,-105.1454,-33.0722,-29.6163
600575.SH,20220429,20220331,30.7917,19.5651,3.0711,2.0845
300211.SZ,20220429,20220331,167.8416,145.4521,-37.3266,0.8168
301119.SZ,20220429,20220331,13.8955,26.4244,32.4724,1.7951
600815.SH,20220429,20220331,-36.3666,-113.424,3.5472,-1.4662
601333.SH,20220429,20220331,13.2508,-326.6484,-4.0521,-1.5255
300795.SZ,20220429,20220331,11.5263,5.4369,-28.6226,-4.8566
300396.SZ,20220429,20220331,14.0717,4.081,-12.9908,3.0398
600737.SH,20220429,20220331,15.2407,14.0858,-16.0079,1.8942
603859.SH,20220429,20220331,29.5536,30.4841,-8.3506,1.1846
300420.SZ,20220429,20220331,-5.9404,-75.8268,-18.519,0.1861
301090.SZ,20220429,20220331,24.0682,34.9022,-20.2759,2.7393
600279.SH,20220429,20220331,2.3051,96.1,-4.1031,-0.1858
301135.SZ,20220429,20220331,1.0137,-25.899,-0.5814,1.3188
301288.SZ,20220429,20220331,-25.3039,19.1283,-39.7024,1.2907
600220.SH,20220429,20220331,42.4834,136.3183,-11.5225,0.4572
603937.SH,20220429,20220331,0.9361,-22.4558,7.6085,1.7946
600819.SH,20220429,20220331,9.1377,-17.4753,-1.3982,0.201
002873.SZ,20220429,20220331,16.1,21.7333,1.4829,3.2459
603488.SH,20220429,20220331,-8.216,-95.8935,-33.946,0.8192
600668.SH,20220429,20220331,6.4515,-77.6383,11.0151,-0.3483
301093.SZ,20220429,20220331,-22.1584,-24.2179,17.6595,0.9137
601126.SH,20220429,20220331,32.5568,38.3059,-5.012,3.2402
600160.SH,20220429,20220331,28.074,1880.0283,8.7501,1.6496
603615.SH,20220429,20220331,-23.3557,-115.9803,21.7528,-0.2817
603266.SH,20220429,20220331,14.0453,4.0634,20.0954,2.3029
300066.SZ,20220429,20220331,-4.8951,1.6531,-28.6074,1.4647
603005.SH,20220429,20220331,-7.2186,-27.9607,16.8467,2.1705
600052.SH,20220429,20220331,650.2778,-821.9468,172.4883,-0.1202
002091.SZ,20220429,20220331,58.5094,161.6093,-3.7178,3.8843
002106.SZ,20220429,20220331,-16.4484,-51.2532,10.8591,1.6502
301279.SZ,20220429,20220331,13.0951,8.6963,-6.4836,2.5563
300706.SZ,20220429,20220331,82.7823,409.6478,-7.5697,0.4694
001215.SZ,20220429,20220331,20.1672,44.7792,7.7072,2.4652
002961.SZ,20220429,20220331,-7.9961,8.1346,-5.7548,4.3888
601558.SH,20220429,20220331,156.5581,120.0114,31.8988,0.0445
600222.SH,20220429,20220331,1.5203,-91.3277,-35.9882,0.1439
000682.SZ,20220429,20220331,24.9544,24.1741,-35.5815,1.4272
688202.SH,20220429,20220331,65.7868,71.0857,-14.3187,5.4633
603133.SH,20220429,20220331,-84.1535,66.5932,-188.7244,-4.4282
600803.SH,20220429,20220331,36.9095,25.0834,-9.2248,4.1439
300922.SZ,20220429,20220331,-25.74,-36.6957,125.7689,1.0314
605117.SH,20220429,20220331,-2.7247,31.8061,-12.534,4.4408
300647.SZ,20220429,20220331,161.1197,1035.823,-7.9547,2.4092
002287.SZ,20220429,20220331,23.973,-15.587,2.2768,3.663
600027.SH,20220429,20220331,-3.9808,-50.2576,14.0188,0.7251
301048.SZ,20220429,20220331,13.5165,17.0484,20.5164,3.5404
603155.SH,20220429,20220331,70.2469,35.3863,35.6891,4.0011
002863.SZ,20220429,20220331,5.4643,5.5804,1.18,0.6761
002186.SZ,20220429,20220331,4.0365,-0.4253,-23.519,-5.0215
002448.SZ,20220429,20220331,-13.2714,-32.9012,7.9911,1.2204
300226.SZ,20220429,20220331,36.8875,-14.254,-0.507,2.3309
600373.SH,20220429,20220331,0.1347,3.4161,0.2192,2.4322
688575.SH,20220429,20220331,481.5482,1257.7869,40.7793,28.5332
600585.SH,20220429,20220331,-26.0712,-15.2088,11.2861,2.459
688378.SH,20220429,20220331,58.7541,65.2279,1.2943,4.8132
601880.SH,20220429,20220331,-1.3045,-18.6576,5.3634,1.1824
603899.SH,20220429,20220331,10.9342,-16.0396,0.0989,4.029
300739.SZ,20220429,20220331,56.1151,172.2316,16.9602,2.175
600577.SH,20220429,20220331,16.212,-10.0914,1.177,1.9864
002404.SZ,20220429,20220331,41.5768,419.3387,-1.285,2.4666
300408.SZ,20220429,20220331,7.0704,1.5884,33.7366,2.5538
600127.SH,20220429,20220331,-10.1079,-149.623,5.3374,-1.1956
000626.SZ,20220429,20220331,-4.4401,-81.1457,-6.9768,0.1866
300695.SZ,20220429,20220331,-8.1956,9.4301,39.3995,0.6584
600918.SH,20220429,20220331,-24.3842,-66.9888,298.7206,0.5223
002027.SZ,20220429,20220331,-18.1929,-32.1186,55.1332,4.3069
300552.SZ,20220429,20220331,5.329,-84.9972,-23.9256,-0.0316
600600.SH,20220429,20220331,3.1408,10.1972,10.1391,4.3332
600561.SH,20220429,20220331,-12.3693,21.3981,6.7028,-5.8292
600550.SH,20220429,20220331,2.7848,152.7597,-43.4164,0.4521
688255.SH,20220429,20220331,-26.7325,-24.3946,3.7455,0.7281
300701.SZ,20220429,20220331,-32.7814,-68.513,21.6142,0.8925
000518.SZ,20220429,20220331,-28.9593,-75.4288,-14.644,-3.9133
002650.SZ,20220429,20220331,1.1073,-97.791,-18.2954,0.0352
688365.SH,20220429,20220331,-2.6583,-387.7858,-41.3642,-3.0297
600844.SH,20220429,20220331,-1.9987,92.4417,6.4905,-0.2242
600141.SH,20220429,20220331,90.6476,384.6437,15.0499,11.5722
300018.SZ,20220429,20220331,1.4941,-302.6646,-30.5,-0.1778
605128.SH,20220429,20220331,17.6004,-43.7062,-13.3581,0.9525
002348.SZ,20220429,20220331,-26.5391,-174.8444,-0.6429,-7.9537
600548.SH,20220429,20220331,-9.6476,-24.2114,34.4672,1.7073
300851.SZ,20220429,20220331,-28.5655,-118.353,-10.4246,-0.6805
603897.SH,20220429,20220331,10.6852,-37.415,-6.6123,1.7957
300403.SZ,20220429,20220331,-7.9428,-41.664,19.3838,2.2559
000930.SZ,20220429,20220331,-4.2579,-1.9048,-1.1813,2.5289
001202.SZ,20220429,20220331,39.7591,-42.95,-4.2277,1.4436
002396.SZ,20220429,20220331,53.7201,197.1311,-38.4612,2.044
300105.SZ,20220429,20220331,28.0702,-6.1561,-50.1207,-0.4346
300698.SZ,20220429,20220331,-12.2901,5.8592,-49.6609,-2.8052
688558.SH,20220429,20220331,18.619,20.5332,-12.5282,2.7803
002150.SZ,20220429,20220331,30.6706,22.955,8.7577,2.0361
300786.SZ,20220429,20220331,-15.8759,-60.7815,9.2732,0.2651
600103.SH,20220429,20220331,12.8263,6.213,14.2782,1.4041
300638.SZ,20220429,20220331,36.9769,30.1849,1.0037,4.9349
603002.SH,20220429,20220331,-0.0311,-33.0237,9.7581,2.5901
300390.SZ,20220429,20220331,407.1519,939.0529,31.6489,40.4919
600315.SH,20220429,20220331,0.1106,17.8115,25.955,3.0132
301092.SZ,20220429,20220331,17.1436,-17.4903,-7.4748,1.2569
605177.SH,20220429,20220331,34.4462,-8.4715,-5.7841,1.207
603318.SH,20220429,20220331,32.1878,29.1049,21.8512,1.0466
300388.SZ,20220429,20220331,9.4329,-14.0017,-22.5373,1.4555
003032.SZ,20220429,20220331,12.856,193.7679,61.5895,1.0674
300982.SZ,20220429,20220331,22.1111,-28.8739,-74.0432,2.394
603330.SH,20220429,20220331,41.8401,-94.5333,-23.9035,-0.0534
688511.SH,20220429,20220331,-0.3782,-18.1469,4.3826,2.4153
688234.SH,20220429,20220331,-46.6906,-283.2013,-102.7432,-1.3135
000025.SZ,20220429,20220331,-2.7521,55.8558,-11.2001,1.6885
300065.SZ,20220429,20220331,0.9229,5.4136,-26.9485,-1.6487
600853.SH,20220429,20220331,29.3954,68.7249,-140.0671,0.1341
600633.SH,20220429,20220331,37.4878,-69.481,6.2394,1.4778
600366.SH,20220429,20220331,77.2725,14.1092,-68.7696,1.8683
002642.SZ,20220429,20220331,8.0849,16.7922,-30.9986,0.1264
688700.SH,20220429,20220331,20.5894,47.8579,-3.4269,4.5919
000002.SZ,20220429,20220331,0.6472,10.5788,-21.1581,0.4621
002796.SZ,20220429,20220331,-26.6809,-277.5591,1.3794,-1.8801
300399.SZ,20220429,20220331,48.6222,130.9157,15.6609,-0.3335
002758.SZ,20220429,20220331,17.1159,74.1538,13.9581,3.4638
603916.SH,20220429,20220331,-7.2835,2.79,-5.6775,1.8875
300247.SZ,20220429,20220331,-13.1967,-36.9815,5.1735,0.574
600741.SH,20220429,20220331,7.1461,32.1287,10.5935,2.5023
688395.SH,20220429,20220331,-4.0936,-3.4476,10.7631,1.9201
600581.SH,20220429,20220331,-15.9968,-284.3144,-8.771,-8.2851
603500.SH,20220429,20220331,41.8101,-39.013,-24.2834,1.1586
603359.SH,20220429,20220331,-17.9103,-18.0687,7.5248,2.2205
000952.SZ,20220429,20220331,-24.4171,-39.6155,-0.2469,-0.2265
300926.SZ,20220429,20220331,74.1071,65.3309,-12.8556,1.8321
603838.SH,20220429,20220331,-27.9468,-151.6782,-4.9705,-0.5772
600336.SH,20220429,20220331,21.26,49.8004,-12.3029,1.372
002454.SZ,20220429,20220331,-6.1866,-31.9103,-4.3618,0.3238
603728.SH,20220429,20220331,10.029,-31.438,-8.9592,1.5752
300075.SZ,20220429,20220331,12.0087,42.9009,-49.2958,1.0645
603181.SH,20220429,20220331,20.1295,59.2672,10.3532,4.1065
600288.SH,20220429,20220331,23.6583,61.767,-36.8911,-0.5657
600321.SH,20220429,20220331,-45.6187,-143.0086,-40.602,-2.0072
002636.SZ,20220429,20220331,-26.4921,-93.7903,11.6157,0.4446
603083.SH,20220429,20220331,-38.1492,-489.5166,4.3813,-6.4423
002941.SZ,20220429,20220331,26.5752,116.029,-191.4543,-0.6889
002641.SZ,20220429,20220331,8.1101,-57.0901,17.5571,0.4226
300943.SZ,20220429,20220331,1.5003,-21.1507,-13.5611,1.0456
300363.SZ,20220429,20220331,165.7723,333.5258,23.1685,9.1086
603379.SH,20220429,20220331,40.4119,203.868,20.0816,3.2661
600227.SH,20220429,20220331,30.8832,-381.9424,-3.3735,-2.7765
300553.SZ,20220429,20220331,22.9071,-16.0115,-16.5,0.8463
600692.SH,20220429,20220331,38.3154,-24.3506,11.7435,0.1863
000628.SZ,20220429,20220331,-15.8842,-26.4041,-52.1452,0.7058
603855.SH,20220429,20220331,28.6823,-1.206,-14.8226,4.5344
300798.SZ,20220429,20220331,-0.3798,-59.7449,-12.5084,0.4814
600391.SH,20220429,20220331,6.5819,2.4447,-2.658,-1.8669
300626.SZ,20220429,20220331,-8.7305,-33.9788,16.0177,0.979
600587.SH,20220429,20220331,-16.0545,-12.8353,-16.7139,2.9808
603725.SH,20220429,20220331,103.7679,-88.3857,-7.2023,-0.1603
600565.SH,20220429,20220331,-42.0298,-220.441,12.3091,-0.7449
600352.SH,20220429,20220331,7.9331,-56.0627,4.662,1.8129
603319.SH,20220429,20220331,-7.0869,-31.4508,0.6511,1.8258
600392.SH,20220429,20220331,84.5694,129.3664,27.1525,6.967
600582.SH,20220429,20220331,16.3907,68.0714,-11.3945,2.097
002337.SZ,20220429,20220331,-76.2273,-55.2876,160.9555,-0.9352
600551.SH,20220429,20220331,1.0051,6.6947,-17.8443,1.6826
603619.SH,20220429,20220331,83.2074,725.3182,47.6632,3.3895
301149.SZ,20220429,20220331,-3.1872,-29.5312,8.0962,2.1842
600873.SH,20220429,20220331,26.4478,183.7067,10.8488,10.1145
300876.SZ,20220429,20220331,5.7605,-44.2501,6.3338,1.5367
601156.SH,20220429,20220331,46.4256,102.3247,40.7569,11.3101
300141.SZ,20220429,20220331,-29.4473,-242.9911,-24.0858,-0.3707
300793.SZ,20220429,20220331,-14.1147,226.7721,-12.6624,0.4862
300972.SZ,20220429,20220331,12.9799,4.8529,36.7004,2.3767
688697.SH,20220429,20220331,25.1128,189.3165,3.5905,3.631
601326.SH,20220429,20220331,0.2557,2.6685,36.6941,1.977
600375.SH,20220429,20220331,-40.1343,-1273.4881,-70.8961,-11.9062
300893.SZ,20220429,20220331,36.9896,-10.3122,-9.3961,2.968
300991.SZ,20220429,20220331,-22.9913,-75.1896,13.4371,0.5437
600022.SH,20220429,20220331,-9.6172,-4.3215,4.2313,2.5768
003009.SZ,20220429,20220331,-2.1283,-21.2893,-25.6372,2.7665
603159.SH,20220429,20220331,-21.633,-42.2324,5.1653,1.5093
002959.SZ,20220429,20220331,7.6906,15.9264,22.1923,4.6435
600512.SH,20220429,20220331,-31.5183,-142.9814,2.9899,1.4432
600119.SH,20220429,20220331,32.1867,-1811.9285,-4.3034,-2.3073
605198.SH,20220429,20220331,76.389,163.9921,47.228,2.1295
002088.SZ,20220429,20220331,6.7329,6.9495,-0.995,4.5173
600706.SH,20220429,20220331,-28.2265,-149.5144,-51.0395,-4.4628
002597.SZ,20220429,20220331,66.9129,110.2107,11.1411,7.4986
300614.SZ,20220429,20220331,-6.8682,-41.4655,26.1566,1.9344
600478.SH,20220429,20220331,11.7645,169.9304,27.3261,0.9058
003020.SZ,20220429,20220331,14.4827,13.0378,2.2296,3.3057
300669.SZ,20220429,20220331,14.4628,2.0777,26.7524,0.8382
002381.SZ,20220429,20220331,27.6202,-43.8336,16.0674,1.5567
300107.SZ,20220429,20220331,3.6903,186.7914,20.8215,0.7158
601018.SH,20220429,20220331,23.726,1.3294,28.1977,1.8479
600503.SH,20220429,20220331,-98.49,-41.5407,-310.459,1.6978
300007.SZ,20220429,20220331,12.2651,21.7304,-21.8798,1.4092
300299.SZ,20220429,20220331,-13.9031,8.7746,-8.6023,1.9001
000669.SZ,20220429,20220331,-1.983,-175.5537,26.747,0.1866
600620.SH,20220429,20220331,-63.1169,-673.6253,-3559.1704,-0.4592
300460.SZ,20220429,20220331,-20.1102,-87.4465,3.8975,0.2738
605368.SH,20220429,20220331,27.9665,75.2017,4.482,6.2714
603036.SH,20220429,20220331,5.0891,2.1868,9.9115,0.9805
600683.SH,20220429,20220331,-86.0248,-35.4284,-1642.9833,-0.1196
600971.SH,20220429,20220331,47.1042,51.2042,15.907,3.8085
002897.SZ,20220429,20220331,23.7635,58.8004,3.8461,2.8047
002886.SZ,20220429,20220331,7.1715,-74.8843,5.9884,0.29
300953.SZ,20220429,20220331,145.4996,35.5248,-9.507,3.5225
600452.SH,20220429,20220331,10.6708,22.0417,22.8239,4.2544
002578.SZ,20220429,20220331,49.4856,53.7683,13.1284,0.9292
603880.SH,20220429,20220331,0.96,-26.3066,-3.5545,1.0394
300517.SZ,20220429,20220331,-66.319,-22.5603,-33.8621,3.1625
300026.SZ,20220429,20220331,5.7011,23.3365,10.1674,2.573
300067.SZ,20220429,20220331,-22.3375,-37.4933,-11.1121,1.3077
600766.SH,20220429,20220331,-98.9506,-135.4792,-1875.465,-1.3916
301083.SZ,20220429,20220331,-13.458,-39.5533,-20.7171,0.6034
600151.SH,20220429,20220331,39.9398,-16.8625,8.6987,-0.3988
688019.SH,20220429,20220331,95.407,1830.266,13.6606,4.1364
300265.SZ,20220429,20220331,44.1401,10.0879,-22.6709,0.2523
300992.SZ,20220429,20220331,9.0157,-22.8427,17.6217,1.3176
002205.SZ,20220429,20220331,-33.9012,-26.9412,426.1148,-4.5992
301138.SZ,20220429,20220331,-16.958,-30.8435,-29.9298,0.8655
603393.SH,20220429,20220331,60.5063,-68.2831,52.2385,4.3698
600610.SH,20220429,20220331,2.3915,-20.9683,35.7948,11.9993
600007.SH,20220429,20220331,7.6187,12.6042,66.6395,3.0288
688190.SH,20220429,20220331,56.3243,47.1199,0.3427,1.6261
600841.SH,20220429,20220331,-48.1471,-86.9647,-63.6345,-0.4488
002790.SZ,20220429,20220331,22.4643,19.7223,20.0872,1.7813
300359.SZ,20220429,20220331,-4.7106,-72.0587,-54.7117,-0.0572
603578.SH,20220429,20220331,28.9676,39.595,-17.1767,3.3246
000630.SZ,20220429,20220331,-9.6522,64.0306,4.5345,2.8305
603706.SH,20220429,20220331,7.6483,20.4394,2.5326,3.7764
300099.SZ,20220429,20220331,-31.3726,-18.1249,42.8456,1.4394
600969.SH,20220429,20220331,17.5241,130.6568,20.2595,-0.1983
603090.SH,20220429,20220331,52.1557,-0.2477,-12.2936,0.5378
688009.SH,20220429,20220331,5.6197,10.5366,-14.622,1.4665
300344.SZ,20220429,20220331,-38.451,-156.4482,-21.3465,-3.9231
600106.SH,20220429,20220331,-26.7541,-78.988,406.0681,0.3124
600693.SH,20220429,20220331,-0.9064,0.134,-4.3354,0.8413
603611.SH,20220429,20220331,22.5254,8.2164,-16.1759,2.6589
000632.SZ,20220429,20220331,-13.1444,-61.5389,-18.2302,0.2896
300919.SZ,20220429,20220331,71.5146,20.4276,-44.4254,2.0815
600939.SH,20220429,20220331,-4.2298,10.0447,-16.7746,0.7536
600037.SH,20220429,20220331,-4.3397,1236.5785,18.4622,-0.0682
688059.SH,20220429,20220331,22.3206,15.6801,14.6854,4.2925
600725.SH,20220429,20220331,0.4338,92.2653,-31.8007,1.948
603328.SH,20220429,20220331,11.2586,23.05,23.6546,1.1251
300416.SZ,20220429,20220331,21.4558,79.8371,-26.4686,1.4574
002338.SZ,20220429,20220331,-18.9405,7.4063,-22.764,1.6308
300086.SZ,20220429,20220331,-40.8969,-54.7613,-39.7495,-3.3397
871642.BJ,20220429,20220331,361.4942,192.1395,-20.5016,1.3694
603396.SH,20220429,20220331,57.476,5.5538,-21.9677,1.818
603928.SH,20220429,20220331,21.9072,145.5259,-18.8572,2.3946
600663.SH,20220429,20220331,-8.3729,-25.9584,-128.8548,2.8143
603000.SH,20220429,20220331,-8.4068,33.3967,-52.7265,-0.6085
600168.SH,20220429,20220331,5.3694,-59.7163,-41.6243,0.6058
603031.SH,20220429,20220331,100.3703,2908.8518,28.3479,5.5753
300139.SZ,20220429,20220331,40.315,-9326.8183,-48.0899,-5.4962
600428.SH,20220429,20220331,76.6213,1343.3215,15.7245,3.2274
600867.SH,20220429,20220331,7.8505,146.8992,39.8465,5.8925
603888.SH,20220429,20220331,9.0367,197.7685,-17.517,-0.1335
002603.SZ,20220429,20220331,-25.8,-28.2163,20.0401,5.2584
605118.SH,20220429,20220331,67.707,32.0704,16.4459,3.0345
688571.SH,20220429,20220331,9.6082,-57.8276,6.2872,0.5835
301211.SZ,20220429,20220331,6.0088,-23.4451,45.8771,1.0965
600371.SH,20220429,20220331,1.43,221.2269,13.7064,7.5262
603686.SH,20220429,20220331,-12.6699,-33.7432,-15.4461,2.3022
300302.SZ,20220429,20220331,108.6029,2775.946,-54.6642,0.5828
603871.SH,20220429,20220331,8.4308,28.5912,-13.5351,3.6218
600531.SH,20220429,20220331,23.8849,4.7061,4.7729,1.717
300805.SZ,20220429,20220331,-22.549,-130.6625,-10.684,-0.477
600073.SH,20220429,20220331,-4.2698,16.6223,-1.5914,3.9948
002859.SZ,20220429,20220331,-24.9326,-65.9307,37.4886,1.4746
000017.SZ,20220429,20220331,116.9246,-327.3475,-17.7729,-14.0662
603529.SH,20220429,20220331,46.6502,108.9315,21.6224,6.2909
300995.SZ,20220429,20220331,2.488,-19.1478,44.0794,0.6483
603421.SH,20220429,20220331,13.3185,-41.9277,-2.1585,-3.1783
603089.SH,20220429,20220331,9.3356,-79.5813,2.601,0.6828
600865.SH,20220429,20220331,-13.7173,-33.7858,6.9808,0.6956
605337.SH,20220429,20220331,3.2802,-23.5942,28.4275,2.1125
002090.SZ,20220429,20220331,1.2219,-72.1321,-29.2587,0.4606
603258.SH,20220429,20220331,-13.7459,-29.9334,-1.0386,2.6106
300945.SZ,20220429,20220331,-6.623,-11.9604,-8.7716,2.6464
600152.SH,20220429,20220331,8.3134,-365.0793,-33.7238,-0.6568
603889.SH,20220429,20220331,40.2438,47.3953,-8.5977,2.6453
600148.SH,20220429,20220331,-49.6945,-93.4289,26.6801,-0.2164
002141.SZ,20220429,20220331,-12.2599,275.1976,2.691,-1.4255
300827.SZ,20220429,20220331,36.2922,3.5194,-184.6047,1.62
603268.SH,20220429,20220331,-45.9995,-193.4852,13.6438,-6.2034
300485.SZ,20220429,20220331,-17.6024,151.227,9.1472,0.4708
600860.SH,20220429,20220331,13.1788,70.7889,-15.1256,-0.2435
603779.SH,20220429,20220331,-2.0839,2189.3623,1.3119,1.2692
300452.SZ,20220429,20220331,10.9858,8.7555,2.5503,4.5578
301022.SZ,20220429,20220331,-16.1065,22.7479,-34.0329,0.9263
688188.SH,20220429,20220331,1.4036,-13.203,49.0566,3.3676
600299.SH,20220429,20220331,15.4955,16.3527,10.5489,3.0149
605298.SH,20220429,20220331,-28.5014,-12.4089,-8.3094,0.5966
002909.SZ,20220429,20220331,13.5679,-83.6677,-18.3991,-0.0919
603819.SH,20220429,20220331,27.7655,1367.5655,7.9016,3.4892
600035.SH,20220429,20220331,-7.2551,-0.9389,43.5213,3.3956
300228.SZ,20220429,20220331,-32.1462,-317.5473,67.4428,-1.1812
002530.SZ,20220429,20220331,-7.5,-31.1785,-40.0611,-2.547
300290.SZ,20220429,20220331,-16.951,-1074.9418,-134.6436,-2.2722
601800.SH,20220429,20220331,13.2746,17.7431,-19.3866,1.8717
600735.SH,20220429,20220331,36.4372,0.047,13.7795,0.9108
603960.SH,20220429,20220331,-26.8881,-98.7483,-11.8616,-0.1853
831305.BJ,20220429,20220331,-38.0567,-58.1527,66.9676,1.1257
834682.BJ,20220429,20220331,11.5332,32.1976,-20.5979,1.4538
605016.SH,20220429,20220331,47.9205,133.3766,2.5342,3.0389
605366.SH,20220429,20220331,109.0897,386.3358,17.8507,6.671
603269.SH,20220429,20220331,75.8387,35.7802,-18.7829,0.3428
300147.SZ,20220429,20220331,-22.4052,-320.8501,-2.4391,-3.8104
300725.SZ,20220429,20220331,17.4368,1.5305,5.9149,2.6465
600282.SH,20220429,20220331,0.6219,-26.895,2.6174,2.9898
600083.SH,20220429,20220331,-59.0142,7641.1262,-73.2099,1.8424
601077.SH,20220429,20220331,1.3309,11.4157,706.8593,3.3658
600360.SH,20220429,20220331,19.6745,133.5586,35.4291,0.7778
600556.SH,20220429,20220331,36.1648,12.4267,2.2374,2.6568
301207.SZ,20220429,20220331,32.6672,79.3922,-354.6845,-0.0915
601020.SH,20220429,20220331,-67.7228,-114.2683,35.7832,-0.1401
600792.SH,20220429,20220331,34.5803,-197.2115,-2.7519,-0.3665
430489.BJ,20220429,20220331,71.5001,207.1757,2.7347,2.6641
600906.SH,20220429,20220331,-29.9172,-63.3439,-142.5122,0.6596
002596.SZ,20220429,20220331,-16.0017,65.1414,-4.6355,-0.74
605006.SH,20220429,20220331,12.9951,19.4118,12.1964,7.339
601166.SH,20220429,20220331,6.719,15.6165,-420.44,3.9462
300078.SZ,20220429,20220331,17.2902,-1.6172,-37.0459,1.3146
300121.SZ,20220429,20220331,42.2374,28.2086,6.3684,5.7073
688108.SH,20220429,20220331,113.2676,28.8052,-73.9356,-3.3464
000888.SZ,20220429,20220331,12.6575,268.2017,-42.7024,0.0418
688308.SH,20220429,20220331,16.391,22.6845,-1.747,3.495
870204.BJ,20220429,20220331,-14.309,-57.872,-5.4028,1.762
601989.SH,20220429,20220331,-14.1694,-72.6957,-45.0089,-0.0438
600536.SH,20220429,20220331,49.6434,34.8945,-121.1534,-4.394
601901.SH,20220429,20220331,-18.5953,-46.3106,-69.1296,1.1215
688185.SH,20220429,20220331,6.9837,960.231,-119.7841,1.0258
601000.SH,20220429,20220331,-30.7916,-16.3263,49.7365,2.0456
600804.SH,20220429,20220331,-24.9105,657.3892,-15.5117,-1.6866
000027.SZ,20220429,20220331,31.2659,-15.2405,17.5994,1.3021
600234.SH,20220429,20220331,-72.2598,-513.1056,-59.9607,-3.1946
300588.SZ,20220429,20220331,-39.5595,-176.2073,-192.4265,-3.7709
300422.SZ,20220429,20220331,-54.9433,-299.0117,-24.5814,-3.6355
600836.SH,20220429,20220331,-43.8579,-69.2122,17.9538,0.0578
688318.SH,20220429,20220331,-20.1594,-13.6665,-17.828,1.05
300528.SZ,20220429,20220331,-15.2088,-800.0203,19.024,-5.6283
000705.SZ,20220429,20220331,12.7353,-16.2023,-15.1606,0.6808
000511.SZ,20220429,20220331,-100.0,19.5034,,-81.2348
600644.SH,20220429,20220331,23.2063,-28.1639,-15.1504,1.3807
002187.SZ,20220429,20220331,11.0694,-73.6422,-6.3352,0.6983
600030.SH,20220429,20220331,-7.2002,1.2444,508.8123,2.2796
002166.SZ,20220429,20220331,27.7646,78.4395,15.2842,1.5771
688139.SH,20220429,20220331,36.2224,-72.9601,17.3348,2.7633
600935.SH,20220429,20220331,23.2249,1.0365,8.7366,3.5513
601808.SH,20220429,20220331,15.1755,67.6578,-32.7165,0.6983
688661.SH,20220429,20220331,0.2191,-43.0865,-0.608,3.0805
605228.SH,20220429,20220331,-4.5733,-39.4353,4.2178,0.9955
002161.SZ,20220429,20220331,2.6667,48.1022,-31.0054,-1.4168
601996.SH,20220429,20220331,-3.6857,79.041,14.8738,0.9802
600982.SH,20220429,20220331,50.9958,-20.014,17.0916,1.8095
688701.SH,20220429,20220331,43.8925,7.7149,-52.0789,-0.3903
603566.SH,20220429,20220331,-20.5364,-56.7952,-3.4655,1.9145
603115.SH,20220429,20220331,35.8993,110.8922,2.8899,2.87
600405.SH,20220429,20220331,73.6962,53.3644,-7.537,-2.2983
601669.SH,20220429,20220331,6.0254,5.0429,-14.4482,1.9869
601099.SH,20220429,20220331,94.0388,97.7343,-453.8384,0.0694
600890.SH,20220429,20220331,3476.7392,-13.9177,-582.297,-3.9794
000898.SZ,20220428,20220331,9.7746,-1.2,5.6547,2.5158
600203.SH,20220429,20220331,23.4172,167.2437,-9.5713,0.0764
002723.SZ,20220429,20220331,13.0483,67.3429,-26.4955,0.1582
601696.SH,20220429,20220331,-3.6307,-8.1522,432.5275,1.4973
603713.SH,20220429,20220331,111.9025,72.0962,5.2021,4.0252
600362.SH,20220429,20220331,19.7164,71.4547,-1.5905,2.3487
603358.SH,20220429,20220331,25.7563,-14.9556,6.988,2.3798
000023.SZ,20220429,20220331,-80.2908,-917.9139,12.9602,-8.5969
600476.SH,20220429,20220331,17.6432,-244.8406,-60.7303,-8.9062
603869.SH,20220429,20220331,-16.105,-84.553,-57.4448,0.0422
002185.SZ,20220429,20220331,15.7972,-26.6135,12.8376,0.9783
601111.SH,20220429,20220331,-11.4062,-43.367,-59.29,-15.7541
002435.SZ,20220429,20220331,-13.4385,-29.5146,20.0163,0.8697
600795.SH,20220429,20220331,19.8281,-50.6575,17.0862,1.8993
601519.SH,20220429,20220331,-4.815,-1512.0911,-57.2275,-3.0115
688236.SH,20220429,20220331,13.4536,8.0889,-7.8257,2.9702
301047.SZ,20220429,20220331,-61.4867,-65.6096,39.3081,1.45
002809.SZ,20220429,20220331,-35.6027,-65.6405,-8.2799,0.1283
000603.SZ,20220429,20220331,33.1547,369.4329,-64.1341,1.3514
605066.SH,20220429,20220331,-25.2027,-67.6845,-10.898,0.6262
300129.SZ,20220429,20220331,58.0255,-18.1451,-55.882,1.9137
002946.SZ,20220429,20220331,15.0247,48.7005,4.7441,1.3103
300029.SZ,20220429,20220331,-68.3247,538.7233,87.3172,-31.4333
300157.SZ,20220429,20220331,-26.2634,11.3801,10.8497,-26.7779
000566.SZ,20220429,20220331,1.5356,88.3127,8.679,-1.9989
601601.SH,20220429,20220331,-3.1131,-36.387,35.7472,2.4076
300338.SZ,20220429,20220331,-22.0201,41.8749,-12.6698,-566.5024
002569.SZ,20220429,20220331,-8.3474,41.3199,-66.0323,-3.9367
002450.SZ,20220429,20220331,-99.9573,94.2586,-63.5763,
300063.SZ,20220429,20220331,-5.6183,-35.2083,3.6895,0.4843
300677.SZ,20220429,20220331,-66.0285,-97.765,18.2136,0.5844
688658.SH,20220429,20220331,2.4756,-9.5802,-3.6535,1.4371
688093.SH,20220429,20220331,23.7893,-14.833,38.5115,1.8678
300322.SZ,20220429,20220331,-18.8143,-75.9902,17.2371,-0.5159
002953.SZ,20220429,20220331,17.3107,-25.395,3.538,2.1844
688135.SH,20220429,20220331,57.4706,-28.7984,35.8688,0.8529
300024.SZ,20220429,20220331,2.6178,-139.9055,-54.6231,-1.8499
600690.SH,20220429,20220331,10.0021,15.1184,1.9166,3.894
600100.SH,20220429,20220331,-13.8729,-6667.3587,-50.2178,-2.4675
688186.SH,20220429,20220331,8.9598,-67.9402,-15.9622,0.4015
002936.SZ,20220429,20220331,7.1286,3.6587,-568.793,1.9991
688265.SH,20220429,20220331,33.8837,17.6426,-28.3061,0.5046
002747.SZ,20220429,20220331,26.592,83.7013,-3.8719,0.9428
002592.SZ,20220429,20220331,-1.4177,-97.4434,0.4243,0.3362
603076.SH,20220429,20220331,31.5704,-49.9418,-23.6315,0.7886
603998.SH,20220429,20220331,25.4946,45.4248,9.2839,2.0207
000659.SZ,20220429,20220331,2.1725,-106.2659,17.3733,-2.4506
600502.SH,20220429,20220331,2.9596,7.2402,-28.0661,2.5354
601607.SH,20220429,20220331,10.2679,-40.9937,-4.3765,2.1944
300909.SZ,20220429,20220331,20.8695,1.216,11.6468,1.7593
002286.SZ,20220429,20220331,18.538,383.9387,-20.692,2.1494
300262.SZ,20220429,20220331,-52.7754,-16756.7128,24.7948,-10.3302
002108.SZ,20220429,20220331,-13.5928,-47.1098,-1.7435,1.366
601801.SH,20220429,20220331,22.3275,13.7658,6.713,2.9449
300757.SZ,20220429,20220331,-21.054,-83.1306,-47.6625,0.3091
000423.SZ,20220429,20220331,21.4019,86.014,50.2398,0.9124
300500.SZ,20220429,20220331,-27.5894,-149.834,-57.2919,-1.189
688333.SH,20220429,20220331,97.3399,35.1261,-85.204,-2.8481
300168.SZ,20220429,20220331,-1.8941,214.1104,-89.3714,0.0107
688260.SH,20220429,20220331,-7.183,-33.396,-15.3538,0.9745
300884.SZ,20220429,20220331,1.7629,-45.9689,-41.4521,0.3776
002402.SZ,20220429,20220331,-2.6971,-33.7929,1.6095,1.5734
000599.SZ,20220429,20220331,-24.7819,-400.2635,3.0317,-5.5335
002387.SZ,20220429,20220331,22.9321,-55.5921,-61.4148,-4.4015
002453.SZ,20220429,20220331,17.0197,-134.1389,1.6383,-0.2617
603096.SH,20220429,20220331,-4.5634,-21.2035,6.3901,1.9732
300675.SZ,20220429,20220331,-23.4985,-53.3952,-99.9446,-4.615
002824.SZ,20220429,20220331,60.1625,38.7302,-21.1061,4.4337
002701.SZ,20220429,20220331,3.7123,-28.9655,-5.1593,2.5938
601212.SH,20220429,20220331,55.712,943.7026,-6.4179,0.2057
002553.SZ,20220429,20220331,1.7965,-31.0029,15.8863,1.2115
301136.SZ,20220429,20220331,11.4113,9.1078,-200.0636,0.7449
002608.SZ,20220429,20220331,22.8958,-26.3955,32.4789,1.2107
002280.SZ,20220429,20220331,-17.7735,-270.262,-5.3732,-7.0251
000983.SZ,20220429,20220331,43.408,170.0237,21.1595,10.2073
603122.SH,20220429,20220331,19.6729,7.2388,-21.7718,1.5823
300733.SZ,20220429,20220331,51.9871,63.9137,-8.3674,2.0055
000068.SZ,20220429,20220331,262.0129,60.3478,6.0309,-3.9638
300537.SZ,20220429,20220331,-2.8175,-240.1987,-1.957,-1.802
300773.SZ,20220429,20220331,-0.3376,10.0895,13.7379,3.6329
688208.SH,20220429,20220331,13.1638,-42.4809,-35.1941,1.6116
603876.SH,20220429,20220331,65.82,387.4844,3.0232,3.7934
300017.SZ,20220429,20220331,18.6446,23.1819,-1.9952,0.2075
600429.SH,20220429,20220331,1.2879,-42.7157,0.9487,0.7541
603938.SH,20220429,20220331,85.0995,183.7479,-18.243,9.0823
688268.SH,20220429,20220331,30.683,41.1155,-6.0795,2.4978
603676.SH,20220429,20220331,51.6161,109.7096,8.3857,3.4685
600385.SH,20220429,20220331,30.8152,155.6397,14.5759,16.2952
002958.SZ,20220429,20220331,-6.3445,3.085,-209.4703,2.7199
603777.SH,20220429,20220331,8.2726,15.2436,12.0106,4.924
301151.SZ,20220429,20220331,-6.637,-23.5257,-18.2101,2.809
002428.SZ,20220429,20220331,37.9054,-43.7221,1.6174,0.0704
688013.SH,20220429,20220331,10.4767,-43.8309,18.861,1.1577
000558.SZ,20220429,20220331,-33.9693,35.2321,75.3923,-0.7621
002945.SZ,20220429,20220331,-9.0912,-19.4339,2598.8816,2.3139
603079.SH,20220429,20220331,-3.5245,-11.0713,-6.1217,1.0812
300273.SZ,20220429,20220331,-38.7284,-197.9946,-60.1397,-1.44
002403.SZ,20220429,20220331,-7.4334,-260.7261,-16.7593,-2.0978
603338.SH,20220429,20220331,48.9701,15.0708,-16.4946,3.1508
000678.SZ,20220429,20220331,-23.0299,-671.2352,16.4868,-2.844
002905.SZ,20220429,20220331,-24.2663,-347.8688,25.218,-9.8947
300635.SZ,20220429,20220331,9.4923,-8.2808,-2.8886,1.0871
301212.SZ,20220429,20220331,7.1526,-37.1446,-2.6356,3.9826
300167.SZ,20220429,20220331,106.2828,-110.5092,-22.3796,-15.5299
301055.SZ,20220429,20220331,28.0865,-45.9595,-19.5661,1.6567
000153.SZ,20220429,20220331,11.4319,31.0389,3.3494,1.5346
002209.SZ,20220429,20220331,-12.7829,-29.5316,-19.997,0.6327
600802.SH,20220429,20220331,-16.8225,-219.1644,-36.5714,-2.9357
300496.SZ,20220429,20220331,45.8058,41.3649,6.2692,2.7945
002105.SZ,20220429,20220331,-12.6701,-23.5738,2.9821,4.7167
600979.SH,20220429,20220331,9.2501,-23.1675,10.2084,0.3606
002089.SZ,20220429,20220331,4.5478,135.221,26.2572,0.2024
300081.SZ,20220429,20220331,-37.8385,23.116,-54.2726,-1.5312
688607.SH,20220429,20220331,-57.0879,-132.1813,-49.2917,-1.2106
002822.SZ,20220429,20220331,-19.3579,-136.4515,-40.8281,-0.3857
002310.SZ,20220429,20220331,2.3768,-12.5219,0.1573,-3.3972
688223.SH,20220429,20220331,86.416,66.3857,2.0125,1.6075
300619.SZ,20220429,20220331,96.3371,14.9263,4.1973,-1.2985
002753.SZ,20220429,20220331,1.1469,-91.9083,-4.4365,0.303
603556.SH,20220429,20220331,45.7501,211.9712,-9.3273,2.2234
001313.SZ,20220429,20220331,28.7878,-108.2566,-2.5112,-1.8717
688588.SH,20220429,20220331,0.3211,0.8012,-0.8593,2.2758
688696.SH,20220429,20220331,24.3171,35.7747,-13.4358,3.6307
002740.SZ,20220429,20220331,-57.7373,-327.2017,1.3644,-26.1482
600928.SH,20220429,20220331,-18.5177,-14.1703,71.4245,2.1991
000882.SZ,20220429,20220331,37.5552,24.607,36.7912,-0.0287
000536.SZ,20220429,20220331,8.0907,-608.1134,-11.4098,-2.7593
301018.SZ,20220429,20220331,120.505,758.8742,11.1105,2.1674
300013.SZ,20220429,20220331,11.9085,186.8047,11.0536,7.0168
601021.SH,20220429,20220331,6.1773,-53.4575,-16.2264,-3.4407
600406.SH,20220429,20220331,16.9518,88.3708,-24.0682,0.9394
300799.SZ,20220429,20220331,-81.4328,-225.436,-584.7244,-3.644
002622.SZ,20220429,20220331,395.8504,-693.9785,-39.1013,-3.0051
300497.SZ,20220429,20220331,1.823,-62.3859,-12.1689,0.8784
000620.SZ,20220429,20220331,5.9975,-18.1044,-2.0284,-20.7007
002911.SZ,20220429,20220331,56.0826,7.8051,4.0977,1.6146
002207.SZ,20220429,20220331,-9.3278,203.9651,-8.5774,-11.7176
300052.SZ,20220429,20220331,-12.8573,-42.0579,18.2621,0.0773
002385.SZ,20220429,20220331,-12.7262,-159.4902,-14.7093,-2.5628
002857.SZ,20220429,20220331,5.3612,13.1188,144.6945,-0.6712
600807.SH,20220429,20220331,29.375,-93.5202,-14.9832,-3.1443
002074.SZ,20220429,20220331,203.1398,-32.7945,1.1281,0.0522
002482.SZ,20220429,20220331,-56.1636,-729.5958,-38.3288,-16.0552
601949.SH,20220429,20220331,-15.4832,-87.9723,-48.7709,-0.388
002733.SZ,20220429,20220331,19.8887,184.917,3.6831,-0.4096
002429.SZ,20220429,20220331,-28.704,-25.8961,31.4729,2.2627
603719.SH,20220429,20220331,14.2978,-8.8573,3.0224,2.8285
300291.SZ,20220429,20220331,-74.8436,-185.9534,-94.1066,-0.6912
300037.SZ,20220429,20220331,137.951,228.9361,18.7972,7.1808
300203.SZ,20220429,20220331,-4.1602,28.8669,-74.1736,-2.077
002095.SZ,20220429,20220331,-7.6249,-17.5006,-44.4093,0.3156
301133.SZ,20220429,20220331,30.0041,49.166,-25.1997,1.623
002940.SZ,20220429,20220331,6.0617,19.2295,26.5866,2.7699
002587.SZ,20220429,20220331,15.3823,-432.6469,-22.0266,-0.6402
600661.SH,20220429,20220331,-58.8186,41.5244,-121.7553,-10.1128
002681.SZ,20220429,20220331,-17.0903,-42.4466,12.426,0.3969
000852.SZ,20220429,20220331,26.6464,571.7654,-7.3988,0.463
002935.SZ,20220429,20220331,9.2065,-26.471,-5.2467,-0.977
600612.SH,20220429,20220331,7.2315,-37.303,33.5663,4.9603
603157.SH,20220429,20220331,-54.418,-25.3503,-22.4968,
603679.SH,20220429,20220331,-49.6564,-129.0693,-12.2568,-1.1462
300442.SZ,20220429,20220331,-46.4011,-593.9115,67.1121,-3.587
600878.SH,20220429,20220331,426.8796,1875.3031,3.1078,
688177.SH,20220429,20220331,23.078,-1.1099,-76.5208,-6.0466
300185.SZ,20220429,20220331,-8.381,-48.1971,2.0769,0.5852
003001.SZ,20220429,20220331,-20.994,-59.242,-88.6012,0.454
688008.SH,20220429,20220331,200.6123,128.2315,28.736,2.688
002486.SZ,20220429,20220331,39.8658,155.6291,-3.4293,0.1786
000560.SZ,20220429,20220331,18.6472,-240.2706,73.8968,-2.2906
600708.SH,20220429,20220331,-2.2607,-73.572,-8.8937,-0.0533
300254.SZ,20220429,20220331,-14.0518,-251.2591,16.8055,-2.5125
002504.SZ,20220429,20220331,-27.9901,17.6597,-1.9988,-4.199
688126.SH,20220429,20220331,47.0936,-267.1888,20.7705,-0.0268
300153.SZ,20220429,20220331,22.3383,67.1914,-25.9792,0.5342
300032.SZ,20220429,20220331,46.3412,45.1585,1.2252,1.0223
002582.SZ,20220429,20220331,14.2906,-76.2056,4.1079,0.1331
603839.SH,20220429,20220331,-29.8545,-72.9842,26.0367,0.6576
601778.SH,20220429,20220331,-18.8098,46.0356,-11.5848,-0.5011
300082.SZ,20220429,20220331,-3.0595,95.0775,-11.5781,2.6643
601997.SH,20220429,20220331,2.4842,1.1813,-212.6289,2.9851
000012.SZ,20220429,20220331,-7.354,-33.071,3.6636,2.8942
601788.SH,20220429,20220331,-34.4496,-4.3924,900.701,1.0789
002059.SZ,20220429,20220331,-13.0336,-330.1918,-38.8911,-0.5723
601999.SH,20220429,20220331,20.8937,35.6714,-29.3304,-0.6549
603843.SH,20220429,20220331,-65.6694,-194.0833,-55.952,-0.3895
605333.SH,20220429,20220331,84.4644,-1.9773,-0.5181,0.6635
600886.SH,20220429,20220331,20.0992,-14.9109,33.1715,1.9045
300068.SZ,20220429,20220331,-16.2451,1510.4866,6.2179,0.2422
000695.SZ,20220429,20220331,18.1374,-129.7778,-37.0571,-5.2252
002035.SZ,20220429,20220331,6.9159,2.7982,-2.6045,2.2516
300912.SZ,20220429,20220331,-10.0269,-35.6317,-36.9075,-2.2208
002856.SZ,20220429,20220331,-8.8527,-59.3961,-46.0037,0.0606
600881.SH,20220429,20220331,-6.9851,-74.4419,37.4742,-3.628
688669.SH,20220429,20220331,65.3211,-35.5331,-12.9966,0.7745
002259.SZ,20220429,20220331,40.7956,-120.8934,12.9555,0.8085
601577.SH,20220429,20220331,12.0062,13.0531,-97.9376,3.2561
000966.SZ,20220429,20220331,19.9072,-52.3897,10.2353,0.8197
002104.SZ,20220429,20220331,-12.8951,-314.2048,-75.006,-0.5963
000045.SZ,20220429,20220331,21.268,-58.7956,-9.8377,0.5345
300933.SZ,20220429,20220331,8.4097,27.1558,-56.6683,0.9862
002767.SZ,20220429,20220331,8.5057,59.5464,-50.1783,-0.3152
603208.SH,20220429,20220331,3.4624,67.4805,-29.7633,0.4434
002517.SZ,20220429,20220331,129.7324,66.664,34.65,6.8114
002352.SZ,20220429,20220331,47.7806,203.3511,7.6326,1.1031
002503.SZ,20220429,20220331,-59.7808,56.0982,-1.9221,-46.378
000937.SZ,20220429,20220331,54.5029,511.1817,6.8441,4.8989
300182.SZ,20220429,20220331,33.4403,197.6197,111.321,4.1
601877.SH,20220429,20220331,54.9108,384.0958,6.7581,2.1642
002119.SZ,20220429,20220331,-6.8546,32.7139,-3.1718,2.1978
000897.SZ,20220429,20220331,-53.44,100.7954,67.2998,1.4916
603058.SH,20220429,20220331,16.4734,-623.1965,-43.8091,0.249
002061.SZ,20220429,20220331,38.8551,280.8022,-32.515,3.5935
301216.SZ,20220429,20220331,82.6476,101.7684,2.0362,8.2062
605567.SH,20220429,20220331,10.0027,-55.6232,-11.1801,0.8707
002380.SZ,20220429,20220331,29.2318,-49.8777,-12.4143,0.0484
300392.SZ,20220429,20220331,-83.7731,29.7528,-36.6654,-5.986
832225.BJ,20220429,20220331,8.4912,62.1881,22.6738,2.6547
003012.SZ,20220429,20220331,-14.7327,-248.2275,-36.0513,-1.0165
832278.BJ,20220429,20220331,-14.214,-38.4815,-35.6209,2.1473
688787.SH,20220429,20220331,8.2225,-42.247,9.9592,0.5578
002210.SZ,20220429,20220331,-7.963,-589.1397,-93.5608,-4.1939
300278.SZ,20220429,20220331,85.1481,127.7467,-3.4422,1.0295
300261.SZ,20220429,20220331,2.8264,37.0147,-19.98,3.2994
603939.SH,20220429,20220331,14.2905,12.8196,15.6222,3.4926
002922.SZ,20220429,20220331,76.6626,-70.3043,-1.1222,1.7905
603609.SH,20220429,20220331,0.806,-144.0577,-5.7245,-1.8544
000785.SZ,20220429,20220331,-7.2958,-18.2546,46.3739,2.942
300426.SZ,20220429,20220331,-85.8575,6.6704,-1909.894,-91.7934
301046.SZ,20220429,20220331,33.8625,-15.1162,-32.2987,1.2394
300214.SZ,20220429,20220331,27.2699,111.6076,1.3675,3.2562
600109.SH,20220429,20220331,-39.716,-73.8928,580.4271,0.4724
002382.SZ,20220429,20220331,-59.0129,-103.0522,6.1553,-0.7228
600648.SH,20220429,20220331,83.6181,144.8216,-2.6362,6.3742
002607.SZ,20220429,20220331,-40.8907,-429.5856,49.3831,-28.3496
002928.SZ,20220429,20220331,-45.5275,-848.8614,50.2046,-13.3961
688058.SH,20220429,20220331,90.6078,428.1745,-64.0676,1.2833
600938.SH,20220429,20220331,73.5158,131.6696,43.3629,6.8249
688339.SH,20220429,20220331,855.7513,-50.695,-3.2254,-1.0319
600880.SH,20220429,20220331,-11.4575,-34.6784,-13.6698,0.3179
002992.SZ,20220429,20220331,6.7224,26.3833,-30.121,-2.4878
601229.SH,20220429,20220331,2.9455,5.3922,214.9943,2.8021
831726.BJ,20220429,20220331,-24.6134,-44.4087,60.3097,2.3285
300367.SZ,20220429,20220331,-73.9893,25.6481,-373.6953,
600259.SH,20220429,20220331,75.4159,94.6725,-16.5323,3.3196
300202.SZ,20220429,20220331,3.4639,-235.501,-23.2396,-1.0518
688210.SH,20220429,20220331,38.6692,62.4076,20.2649,0.8019
002848.SZ,20220429,20220331,-25.7035,462.3574,15.6985,-7.3707
600868.SH,20220429,20220331,177.6213,160.9111,-3.2733,0.112
600343.SH,20220429,20220331,15.0679,-24.786,-33.1733,-0.6629
000837.SZ,20220429,20220331,-28.3444,-15.0251,-10.6539,1.6802
002003.SZ,20220429,20220331,33.5774,45.1276,-9.6793,2.2962
002005.SZ,20220429,20220331,-32.5515,8.894,6.5511,-4.0299
000585.SZ,20220429,20220331,-15.5785,-564.94,-40.2599,
000690.SZ,20220429,20220331,10.4969,-95.8679,19.9443,0.31
002219.SZ,20220429,20220331,8.9834,102.5268,4.2112,0.0722
002170.SZ,20220429,20220331,36.9196,136.8636,-20.6818,0.9931
300143.SZ,20220429,20220331,10.7164,30.5624,13.4055,1.4167
301103.SZ,20220429,20220331,14.9415,-6.6609,26.3423,1.5751
002887.SZ,20220429,20220331,-46.6361,-46.0262,-102.3877,1.2769
300119.SZ,20220429,20220331,-30.2023,-37.942,-13.9553,1.4561
300178.SZ,20220429,20220331,-86.4433,-96.4607,-32.8279,
003003.SZ,20220429,20220331,19.8876,-97.866,8.9516,-0.1402
002919.SZ,20220429,20220331,-31.2414,-97.3862,-47.3128,0.1778
300568.SZ,20220429,20220331,57.3917,171.032,43.0834,3.626
300093.SZ,20220429,20220331,-11.2396,-8545.46,29.5172,-9.9805
000788.SZ,20220429,20220331,-5.9076,-48.377,-0.8046,0.8952
835508.BJ,20220429,20220331,-5.4102,180.6655,-3.5352,0.1928
300555.SZ,20220429,20220331,57.411,143.61,-37.1789,0.6645
600209.SH,20220429,20220331,-46.6582,-50.1063,500.0628,-4.9221
871857.BJ,20220429,20220331,7.5983,8.868,2.0194,2.4045
688222.SH,20220429,20220331,4.7735,-222.5964,-8.0041,-0.793
300476.SZ,20220429,20220331,29.2197,10.7656,17.5858,3.0314
000858.SZ,20220429,20220331,13.2511,16.0802,-12.3457,10.377
603127.SH,20220429,20220331,34.8187,34.2663,27.6432,1.8386
002501.SZ,20220429,20220331,145.699,-25.9867,-136.9461,-4.9166
002488.SZ,20220429,20220331,31.6032,-35.1293,-25.9648,-0.7889
000978.SZ,20220429,20220331,-44.8531,-30.3733,-222.5127,-6.7382
300731.SZ,20220429,20220331,-22.8451,-181.3938,0.6024,-2.1133
002805.SZ,20220429,20220331,116.5013,323.3584,-79.3026,3.8173
002279.SZ,20220429,20220331,55.384,40.3837,-32.5527,-3.0823
000058.SZ,20220429,20220331,1.9567,1.9762,-12.8838,1.5955
002100.SZ,20220429,20220331,1.5782,-123.1241,-23.8315,-0.9904
603602.SH,20220429,20220331,7.3224,-162.0324,-66.1571,-1.2155
300418.SZ,20220429,20220331,9.0645,17.2033,26.4086,3.8904
002398.SZ,20220429,20220331,-0.9194,-23.1615,-0.2824,1.4845
600017.SH,20220429,20220331,17.9706,24.5489,32.2962,1.8076
300564.SZ,20220429,20220331,-10.4001,-56.116,-57.0753,-0.3358
300645.SZ,20220429,20220331,25.9794,4.9495,-130.4519,-1.1294
600782.SH,20220429,20220331,2.7571,6.1169,1.7001,3.1398
002706.SZ,20220429,20220331,11.5724,12.7158,-26.7426,3.1962
000816.SZ,20220429,20220331,-31.2921,-46.8935,-53.7037,0.13
301268.SZ,20220429,20220331,55.6952,82.4596,-26.8677,4.0992
002625.SZ,20220429,20220331,18.9513,56.9119,-82.5109,0.4581
301187.SZ,20220429,20220331,-3.0862,-2.1173,-1.5104,6.9117
300674.SZ,20220429,20220331,-2.5017,106.0663,-122.2502,0.021
002122.SZ,20220429,20220331,-7.2188,-1160.1058,10.3871,-12.8462
002113.SZ,20220429,20220331,-42.6172,-197.4837,-6.7533,-12.0309
600293.SH,20220429,20220331,-24.7103,-8.1808,9.9898,2.4516
300038.SZ,20220429,20220331,-28.1291,89.8727,1.133,-1.4558
300198.SZ,20220429,20220331,-45.3926,-5917.8461,12.333,-1.1207
002858.SZ,20220429,20220331,-5.7052,-490.0466,36.5594,-2.231
688121.SH,20220429,20220331,-67.7424,-39.4961,455.3032,-3.5676
002085.SZ,20220429,20220331,26.6885,4.8379,0.3852,3.0867
300369.SZ,20220429,20220331,34.6397,-154.0117,3.8607,-3.177
300604.SZ,20220429,20220331,82.3711,60.0965,-33.2705,3.4401
688393.SH,20220429,20220331,20.6835,-26.4038,0.1184,1.5113
000156.SZ,20220429,20220331,19.1111,11.2144,-41.0053,0.8823
002520.SZ,20220429,20220331,12.9171,-56.9114,15.1952,0.0929
300467.SZ,20220429,20220331,-30.1364,-199.3102,-6.0208,-3.6163
300687.SZ,20220429,20220331,28.9312,28.2558,-13.7189,0.4423
688017.SH,20220429,20220331,22.0056,0.1846,9.7191,1.4266
688159.SH,20220429,20220331,11.985,73.6002,16.5617,-0.8469
600213.SH,20220429,20220331,2.7834,-3930.1623,-50.0158,-26.969
600162.SH,20220429,20220331,11.6095,58.3697,-33.9002,0.3146
003041.SZ,20220429,20220331,2.9878,-19.8719,-13.133,1.4466
600719.SH,20220429,20220331,-2.6916,-11.2967,-25.21,6.1265
000726.SZ,20220429,20220331,59.045,113.838,-1.0097,1.7037
000506.SZ,20220429,20220331,-40.8787,980.1767,-65.256,-8.855
688350.SH,20220429,20220331,20.6225,-18.7168,4.2586,1.7034
603687.SH,20220429,20220331,19.8782,150.5154,3.5884,1.111
002976.SZ,20220429,20220331,23.5191,13.4726,12.6836,2.0627
000736.SZ,20220429,20220331,92.3437,70.6643,43.2197,-1.6483
300657.SZ,20220429,20220331,2.2143,-258.9061,13.9141,-2.7306
002836.SZ,20220429,20220331,5.0908,48.7747,41.5483,1.0717
002408.SZ,20220429,20220331,-8.8897,-16.6411,7.8149,4.1263
603039.SH,20220429,20220331,17.2631,-41.9482,-47.2565,0.0988
000799.SZ,20220429,20220331,86.0375,94.4559,2.5382,13.7426
300640.SZ,20220429,20220331,34.7373,0.3035,12.0622,1.0957
300629.SZ,20220429,20220331,16.2374,70.2551,-45.6399,2.8946
300005.SZ,20220429,20220331,14.418,-25.4819,-17.647,0.0885
001210.SZ,20220429,20220331,12.2281,-5.5584,-32.872,7.0328
300126.SZ,20220429,20220331,-23.1229,-85.1358,-33.1935,0.1307
605089.SH,20220429,20220331,14.1727,21.8973,25.8534,2.5783
000733.SZ,20220429,20220331,44.1586,146.2125,1.5756,7.6221
605108.SH,20220429,20220331,5.0384,-27.667,15.5704,0.9352
688302.SH,20220429,20220331,,-75.1034,,-12.4246
688178.SH,20220429,20220331,15.3523,-78.59,-109.9231,0.1166
300659.SZ,20220429,20220331,-37.3638,-1196.403,-310.0743,-8.5311
000762.SZ,20220429,20220331,159.1806,557.7162,87.0336,5.6651
600619.SH,20220429,20220331,13.036,8.3162,-15.7662,-0.247
600996.SH,20220429,20220331,27.324,101.53,4.4901,-0.0932
000528.SZ,20220429,20220331,-22.0627,-47.7932,-8.726,1.383
605300.SH,20220429,20220331,-11.3227,-69.5276,6.4354,0.7125
002729.SZ,20220429,20220331,37.932,32.518,-11.0997,1.8736
300209.SZ,20220429,20220331,-71.1326,-13.9556,1.0708,-6.346
600686.SH,20220429,20220331,9.0221,16.4694,-9.8319,-0.5387
600150.SH,20220429,20220331,30.3905,-43.4737,-17.1304,-0.1168
300282.SZ,20220429,20220331,-22.2746,-14.9584,-39.5722,-0.5471
688111.SH,20220429,20220331,12.2573,-18.4174,17.6801,2.5606
605001.SH,20220429,20220331,-23.8898,19.1652,59.4512,-2.565
600936.SH,20220429,20220331,-15.3069,-55.1162,-2.437,-4.46
000752.SZ,20220429,20220331,16.7271,-29.7401,6.4601,-0.7546
002852.SZ,20220429,20220331,-4.8466,-166.1755,-29.2407,-1.7187
688553.SH,20220429,20220331,9.1781,-11.4866,20.9429,2.9616
601016.SH,20220429,20220331,19.7885,10.3679,49.9858,3.5953
300091.SZ,20220429,20220331,-20.691,-91.9513,-43.0526,0.0057
300423.SZ,20220429,20220331,12.4792,1.834,-7.895,1.3205
600718.SH,20220429,20220331,8.8906,18.3091,-72.1884,-0.7
300878.SZ,20220429,20220331,38.9567,13.0585,-4.219,1.4163
688418.SH,20220429,20220331,120.2469,-30.5286,-70.5186,-3.3601
600031.SH,20220429,20220331,-39.7582,-71.2936,9.9337,1.6886
002065.SZ,20220429,20220331,12.7768,5.3237,-41.3448,1.069
002505.SZ,20220429,20220331,28.2974,-42.2191,-3.6184,0.6751
688081.SH,20220429,20220331,474.7182,90.3971,-53.912,-0.2458
002567.SZ,20220429,20220331,-2.3513,-153.448,-3.8443,-3.0082
002072.SZ,20220429,20220331,1192.9409,181.2451,-55.9777,2.3127
300998.SZ,20220429,20220331,-26.9822,-18.3304,-1.6724,0.6519
600518.SH,20220429,20220331,-14.1496,81.2809,-21.3624,-1.2308
300652.SZ,20220429,20220331,31.9057,72.0685,1.3986,1.9573
000537.SZ,20220429,20220331,-85.2629,-79.2732,-1407.3209,0.9006
601366.SH,20220429,20220331,-7.7701,-331.0417,2.9205,-0.5758
600626.SH,20220429,20220331,-13.2893,-124.644,-4.9595,-2.2448
603355.SH,20220429,20220331,16.7906,10.6385,3.119,6.2555
603993.SH,20220429,20220331,11.5475,77.8784,-2.4665,4.1597
300765.SZ,20220429,20220331,25.2235,32.3508,15.7671,3.7083
603883.SH,20220429,20220331,13.8133,6.2627,6.3001,4.0522
600583.SH,20220429,20220331,40.8423,-1.4264,5.5689,0.2384
600815.SH,20220429,20220331,-36.3666,-113.424,3.5472,-1.4662
002106.SZ,20220429,20220331,-16.4484,-51.2532,10.8591,1.6502
300706.SZ,20220429,20220331,82.7823,409.6478,-7.5697,0.4694
001215.SZ,20220429,20220331,20.1672,44.7792,7.7072,2.4652
601558.SH,20220429,20220331,156.5581,120.0114,31.8988,0.0445
600918.SH,20220429,20220331,-24.3842,-66.9888,298.7206,0.5223
002027.SZ,20220429,20220331,-18.1929,-32.1186,55.1332,4.3069
300982.SZ,20220429,20220331,22.1111,-28.8739,-74.0432,2.394
300992.SZ,20220429,20220331,9.0157,-22.8427,17.6217,1.3176
871642.BJ,20220429,20220331,361.4942,192.1395,-20.5016,1.3694
603529.SH,20220429,20220331,46.6502,108.9315,21.6224,6.2909
603261.SH,20220428,20220331,176.7907,156.1267,-317.8711,0.3278
600685.SH,20220430,20220331,-38.1202,41.1837,269.2919,-0.2188
002309.SZ,20220430,20220331,-3.5053,-260.5587,2.0441,-4.2042
600828.SH,20220430,20220331,-28.6676,-80.6144,25.6839,0.6249
000727.SZ,20220430,20220331,-1.4319,-40.6863,-2.8803,5.9297
603078.SH,20220430,20220331,55.9777,253.7819,-3.7155,2.7849
600179.SH,20220430,20220331,54.8037,1100.7421,40.1087,6.2845
603722.SH,20220430,20220331,28.8106,104.5844,11.7673,6.1856
601866.SH,20220430,20220331,4.2024,66.2145,66.8068,4.1398
603041.SH,20220430,20220331,23.5753,8.0405,-1.0772,2.264
600739.SH,20220430,20220331,-10.379,-48.2932,6.6973,0.9927
837092.BJ,20220430,20220331,54.9166,-74.0826,-112.3154,0.1977
000029.SZ,20220430,20220331,-34.3591,84.3228,-169.1383,0.9263
002399.SZ,20220430,20220331,50.6711,63.7427,-0.0722,1.4389
600345.SH,20220430,20220331,58.9656,274.5467,-36.9587,1.0584
601688.SH,20220430,20220331,-17.5661,-33.0822,161.8915,1.4401
832000.BJ,20220430,20220331,21.2913,-41.7722,6.8514,1.6506
300999.SZ,20220430,20220331,10.6778,-92.7089,3.006,0.9541
688163.SH,20220430,20220331,12.042,15.8694,-32.9779,0.4551
601828.SH,20220430,20220331,1.0084,-3.3973,37.338,0.8807
000021.SZ,20220430,20220331,-4.5968,21.0367,-21.6701,-0.2095
600495.SH,20220430,20220331,-3.5163,0.9523,-78.9725,-1.283
601138.SH,20220430,20220331,6.7939,2.1106,1.6721,2.5647
002339.SZ,20220430,20220331,9.7073,11.2462,-78.3366,-1.9416
688360.SH,20220430,20220331,57.3976,5620.2456,-10.3187,1.537
603933.SH,20220430,20220331,9.3432,-17.9975,-3.4416,1.7902
600640.SH,20220430,20220331,-10.5565,33.1639,-1.7625,0.0598
605133.SH,20220430,20220331,23.0287,4.1915,8.461,1.7868
002184.SZ,20220430,20220331,0.6284,29.2716,-9.3682,1.0856
603918.SH,20220430,20220331,-31.9233,-292.0301,-67.9858,-0.6222
600333.SH,20220430,20220331,15.7875,43.5839,-11.5428,-0.7445
000035.SZ,20220430,20220331,-79.1818,-65.173,-34.9305,0.4093
002693.SZ,20220430,20220331,-12.57,121.6165,-20.8722,-1.2905
688321.SH,20220430,20220331,38.7422,49.1841,11.2856,-0.4211
603568.SH,20220430,20220331,37.7327,25.0816,43.6707,5.6181
603610.SH,20220430,20220331,14.051,-21.819,-3.9289,1.8748
600895.SH,20220430,20220331,-7.7736,-142.4611,-37.6953,-2.1287
600061.SH,20220430,20220331,30.4066,-94.0938,6026.9306,0.0691
600789.SH,20220430,20220331,1.7955,-7.0196,5.1684,0.7203
000533.SZ,20220430,20220331,7.7579,31.6309,-7.2943,0.4251
601086.SH,20220430,20220331,-16.795,-15.9603,18.1917,2.1776
601208.SH,20220430,20220331,21.1469,19.7748,-11.9375,2.6016
603596.SH,20220430,20220331,29.0221,8.2502,-13.6198,3.1502
603555.SH,20220430,20220331,74.7899,104.3041,-40.8597,0.0535
832566.BJ,20220430,20220331,10.7528,83.7033,27.4884,2.1217
603667.SH,20220430,20220331,59.7807,21.0993,4.0643,1.7835
603183.SH,20220430,20220331,-0.1731,-207.0434,-56.7076,-0.8133
600500.SH,20220430,20220331,8.1686,30.3255,-5.1727,2.5326
600122.SH,20220430,20220331,-11.3363,84.8474,-18.574,-32.8318
000030.SZ,20220430,20220331,-12.5558,-89.1156,-10.9618,0.1848
002146.SZ,20220430,20220331,-67.9404,-211.3988,59.5067,-2.3161
002439.SZ,20220430,20220331,11.5838,-29.2761,-7.7381,-1.826
601933.SH,20220430,20220331,3.451,2053.5443,9.5025,5.754
603826.SH,20220430,20220331,-7.0471,-39.3698,-8.484,1.4689
600458.SH,20220430,20220331,0.3799,0.626,-13.8889,0.9642
601727.SH,20220430,20220331,-2.2385,-98.0891,-37.0464,-0.2445
002524.SZ,20220430,20220331,-2.9084,-189.1437,0.3462,-11.1424
000685.SZ,20220430,20220331,6.4312,-40.0457,-11.832,1.2596
603980.SH,20220430,20220331,-9.2727,-101.8341,-3.4994,-0.4457
600188.SH,20220430,20220331,32.6675,196.6375,3.2336,9.2254
601330.SH,20220430,20220331,-5.0209,-13.6324,7.5402,2.6547
600377.SH,20220430,20220331,7.7681,-30.492,42.7741,2.5899
600331.SH,20220430,20220331,22.4302,-10.1824,5.0103,7.4497
002816.SZ,20220430,20220331,-27.8535,-11.8653,176.5769,-2.6714
002714.SZ,20220430,20220331,-9.3015,-174.3958,-0.3185,-9.9963
603766.SH,20220430,20220331,23.2143,67.5481,4.039,3.423
688033.SH,20220430,20220331,130.3785,233.7484,6.0424,1.2323
000935.SZ,20220430,20220331,14.7702,30.3465,14.3216,1.0525
600289.SH,20220430,20220331,26.0154,18.4942,-14.2049,-3.61
688728.SH,20220430,20220331,-10.4616,-17.358,-0.57,3.0869
600808.SH,20220430,20220331,11.2832,-17.0424,6.1603,3.3879
600695.SH,20220430,20220331,-0.1765,-86.4265,-57.6439,-0.9953
601881.SH,20220430,20220331,-3.1998,-21.6528,237.5971,1.5457
688227.SH,20220430,20220331,30.7519,2.4018,-118.623,-1.2241
002278.SZ,20220430,20220331,-31.7426,-465.2526,-67.7421,-1.3601
002679.SZ,20220430,20220331,0.5349,-0.5877,-766.1157,-2.2641
002755.SZ,20220430,20220331,-42.5065,-89.1371,3.6605,0.4871
002135.SZ,20220430,20220331,12.0279,10.1119,-8.9224,2.6696
688305.SH,20220430,20220331,20.6493,-41.3267,20.9643,0.4888
688168.SH,20220430,20220331,20.0523,-690.1264,-129.8843,-2.2183
002605.SZ,20220430,20220331,2.9378,-53.7715,11.2147,3.3267
600165.SH,20220430,20220331,335.7584,-928.8716,-52.5276,-3.0178
688025.SH,20220430,20220331,8.5113,11.9438,3.0563,1.1216
605499.SH,20220430,20220331,17.2552,0.8071,14.5202,8.0575
603100.SH,20220430,20220331,30.3006,-27.9644,-16.1717,2.8685
601375.SH,20220430,20220331,-63.902,-84.761,-275.7768,0.1003
002981.SZ,20220430,20220331,7.1463,1.4163,-5.5967,0.3354
000096.SZ,20220430,20220331,9.2375,-22.9581,-0.3831,0.2284
600771.SH,20220430,20220331,25.1647,50.0577,25.4853,0.354
688579.SH,20220430,20220331,-4.4326,-18.9179,-159.0252,-0.9734
600207.SH,20220430,20220331,-15.5286,-87.0968,1.8637,0.6839
603683.SH,20220430,20220331,1.4624,-97.7211,-9.6511,-0.097
002172.SZ,20220430,20220331,-34.0071,-9.9116,-50.2042,50.0555
600760.SH,20220430,20220331,34.7833,48.1817,-31.539,3.9875
002510.SZ,20220430,20220331,14.4436,492.0183,-31.7371,1.776
688590.SH,20220430,20220331,0.4823,-67.1342,-98.2348,0.1092
000702.SZ,20220430,20220331,-38.5072,-731.1838,-11.8378,-14.0576
000953.SZ,20220430,20220331,-12.3797,-126.2183,7.9416,-1.0472
600399.SH,20220430,20220331,1.0329,-50.5837,3.9289,1.0939
002251.SZ,20220430,20220331,-21.7315,-72.9294,35.6164,0.3252
603366.SH,20220430,20220331,-9.3524,-185.376,-30.6246,-2.1835
000679.SZ,20220430,20220331,-9.1391,14.503,-83.5941,-2.3218
600033.SH,20220430,20220331,-5.0501,-2.6328,62.8647,2.1157
002418.SZ,20220430,20220331,80.9424,-146.2926,-19.3441,-0.7911
002891.SZ,20220430,20220331,41.5817,10.731,-7.9189,1.1964
832089.BJ,20220430,20220331,4.122,0.4111,-40.5636,2.6784
600426.SH,20220430,20220331,62.1975,54.1258,28.3654,10.2691
600281.SH,20220430,20220331,21.1839,-7.6395,-14.4906,0.5576
002362.SZ,20220430,20220331,-21.9293,-303.2197,-35.8957,-1.5526
600846.SH,20220430,20220331,-19.8814,-17.1536,234.5338,1.5794
601872.SH,20220430,20220331,36.473,125.851,17.2704,4.7719
688096.SH,20220430,20220331,26.9203,-8.6417,-51.1971,0.5799
600170.SH,20220430,20220331,-16.2821,-227.1825,-45.1184,0.1833
600393.SH,20220430,20220331,6.8914,-452.8238,60.3203,-1.4733
600186.SH,20220430,20220331,0.7207,32.8007,14.1983,1.0412
601058.SH,20220430,20220331,17.2102,-19.5742,1.0939,2.7384
000892.SZ,20220430,20220331,548.7406,-33.4637,45.5325,3.7981
600230.SH,20220430,20220331,64.0932,8.6407,-3.8295,2.5368
600409.SH,20220430,20220331,4.2111,-59.5355,21.4142,1.851
603863.SH,20220430,20220331,85.8521,-86.012,-30.076,0.1343
600065.SH,20220430,20220331,2146.7544,-967.3442,-31.6112,
603665.SH,20220430,20220331,5.8444,-19.3339,0.6919,1.6029
605566.SH,20220430,20220331,-23.8635,-62.6795,-29.8169,0.8728
002228.SZ,20220430,20220331,4.2779,-14.3641,4.1205,1.4079
002097.SZ,20220430,20220331,-49.9505,-116.4669,-78.751,-1.0116
000607.SZ,20220430,20220331,-4.3001,-83.1815,-35.6153,-0.1918
002315.SZ,20220430,20220331,6.349,108.0896,-2.1251,1.6874
600499.SH,20220430,20220331,20.3615,372.5958,-5.9445,11.3338
002575.SZ,20220430,20220331,-24.9581,-54.1866,1.3249,0.1475
601211.SH,20220430,20220331,-25.5295,-42.8988,220.3444,1.3694
603507.SH,20220430,20220331,-18.3305,-31.1105,13.196,0.7852
600597.SH,20220430,20220331,3.6795,65.9348,1.5436,1.7572
601528.SH,20220430,20220331,12.6339,18.8005,188.7964,2.0806
000887.SZ,20220430,20220331,5.099,5.5609,6.2444,2.1613
002214.SZ,20220430,20220331,-51.9089,-92.0381,-64.1164,0.2097
688092.SH,20220430,20220331,26.2209,7.3067,-19.4363,1.7226
002115.SZ,20220430,20220331,-9.38,-13.6144,-4.4339,0.474
002436.SZ,20220430,20220331,18.8195,98.2787,9.3349,3.1326
000517.SZ,20220430,20220331,13.1144,206.2069,68.5555,5.6769
002866.SZ,20220430,20220331,3.2644,-15.3945,23.2507,1.4664
000627.SZ,20220430,20220331,42.7726,-34.3936,-22.9357,0.6796
601328.SH,20220430,20220331,7.7022,6.3337,138.057,2.3859
002390.SZ,20220430,20220331,8.1022,1.7957,8.6207,1.0918
600408.SH,20220430,20220331,21.9863,-79.9795,-4.3311,1.8963
603601.SH,20220430,20220331,-18.5908,-26.2966,20.3072,2.5866
002242.SZ,20220430,20220331,3.8272,-7.6971,21.2868,3.6191
600978.SH,20220430,20220331,-77.3941,82.7196,3.1454,-4.799
688269.SH,20220430,20220331,-2.2572,91.4484,1.2832,6.3721
000301.SZ,20220430,20220331,23.5814,-53.72,3.5851,2.4784
836826.BJ,20220430,20220331,17.0301,-37.0367,-37.8321,1.9566
000507.SZ,20220430,20220331,10.2551,-31.3329,15.2818,0.9665
000880.SZ,20220430,20220331,-2.2655,5.8404,-8.4515,1.1152
600115.SH,20220430,20220331,-5.4498,-103.9422,-32.1121,-16.467
002206.SZ,20220430,20220331,31.7882,0.5071,6.5359,3.6173
603123.SH,20220430,20220331,-2.8521,6.2681,-14.178,1.5524
002802.SZ,20220430,20220331,-14.051,-6.3549,23.2881,2.3435
002612.SZ,20220430,20220331,0.2577,-106.3677,8.4553,-0.0274
000541.SZ,20220430,20220331,25.7024,23.5045,-3.3359,1.004
002912.SZ,20220430,20220331,-52.5125,-541.3694,-104.5043,-3.3782
002157.SZ,20220430,20220331,-48.9204,-1249.7252,-20.9685,-171.9841
002247.SZ,20220430,20220331,-5.7495,-98.169,-39.0012,-0.1286
600622.SH,20220430,20220331,22.9093,3.4665,-16.6246,0.303
002265.SZ,20220430,20220331,-2.1395,138.4079,-2.9994,0.0183
600765.SH,20220430,20220331,15.649,174.9463,-40.3424,2.1709
600533.SH,20220430,20220331,-65.7003,-54.1681,-99.4781,2.1746
601969.SH,20220430,20220331,43.2031,-1.6803,36.3354,2.9341
000975.SZ,20220430,20220331,47.8634,-8.9919,26.1776,2.45
600909.SH,20220430,20220331,-15.0873,-40.0977,-143.8401,0.5153
002423.SZ,20220430,20220331,-34.4382,-269.3331,331.3956,-1.8878
688115.SH,20220430,20220331,72.2679,1182.9254,-45.3822,1.4809
600358.SH,20220430,20220331,-6.4223,179.4016,20.0285,4.4417
600580.SH,20220430,20220331,18.0191,50.4639,5.9499,1.7846
688002.SH,20220430,20220331,16.9573,-88.1754,-10.1313,0.2555
001209.SZ,20220430,20220331,10.6159,-28.5044,-24.0766,1.8117
600138.SH,20220430,20220331,-1.197,-71.8968,-25.2604,-1.9015
600423.SH,20220430,20220331,14.7308,-71.5343,19.4112,0.7857
600697.SH,20220430,20220331,-5.0904,-71.4951,3.0256,-0.0208
000961.SZ,20220430,20220331,-45.9956,-188.7319,47.2541,-3.3757
000576.SZ,20220430,20220331,-36.555,-42.97,-35.5279,1.6666
002229.SZ,20220430,20220331,-27.0714,-202.6606,-23.4814,-0.7522
688518.SH,20220430,20220331,62.7831,16.8603,-7.8083,0.7164
603629.SH,20220430,20220331,-1.5201,145.7738,-11.8563,0.3077
600378.SH,20220430,20220331,25.5558,41.5819,-1.3743,3.0133
600973.SH,20220430,20220331,11.5226,-60.5318,-9.3267,0.6252
002164.SZ,20220430,20220331,25.5556,92.8068,-24.9788,2.7258
002405.SZ,20220430,20220331,19.7751,126.082,17.4905,0.0944
605116.SH,20220430,20220331,17.4453,25.4174,11.5974,2.5327
000985.SZ,20220430,20220331,36.2208,659.1085,-0.8193,2.0547
000987.SZ,20220430,20220331,287.4527,2.5526,-112.727,2.2906
603600.SH,20220430,20220331,-5.4573,-13.5514,5.3887,2.9674
600383.SH,20220430,20220331,83.7807,10.8199,-1.3725,0.9618
000639.SZ,20220430,20220331,-15.0654,-123.8067,-1.2885,-0.4861
002795.SZ,20220430,20220331,38.5879,68.8374,27.1997,1.3293
002727.SZ,20220430,20220331,16.5331,-31.1744,3.2999,2.4608
002076.SZ,20220430,20220331,-25.645,-35.1028,31.4187,
600008.SH,20220430,20220331,8.3798,1.3844,-12.8413,1.1014
002067.SZ,20220430,20220331,11.9736,-33.3689,7.0729,1.3412
000531.SZ,20220430,20220331,-8.9226,-138.3771,-6.6724,-1.0602
002197.SZ,20220430,20220331,11.0772,237.9696,-5.6739,0.1556
000601.SZ,20220430,20220331,-26.6463,-6.4477,1.7037,0.4311
000088.SZ,20220430,20220331,30.9997,-2.5407,22.5686,0.9006
000811.SZ,20220430,20220331,13.0141,-5.0028,-23.8654,0.6853
688676.SH,20220430,20220331,62.1705,-11.9714,-28.0405,1.2983
600038.SH,20220430,20220331,-49.2099,-93.1273,-94.6325,0.0494
603369.SH,20220430,20220331,24.6974,24.4579,20.4946,10.1671
600806.SH,20220430,20220331,-33.085,-4.0382,-11.6624,
000949.SZ,20220430,20220331,10.7492,-86.8167,5.9373,0.54
600072.SH,20220430,20220331,1.0875,22.26,-81.8413,0.0704
002534.SZ,20220430,20220331,35.6943,-45.6139,-37.1009,0.251
000821.SZ,20220430,20220331,13.5595,-47.9366,-25.3349,0.9566
000697.SZ,20220430,20220331,23.1366,-94.3383,-9.5925,-23.2478
600893.SH,20220430,20220331,44.3036,92.5097,-67.4676,0.0943
600958.SH,20220430,20220331,-39.8028,-80.5963,-0.3202,0.3464
002181.SZ,20220430,20220331,7.7666,-63.3907,-85.791,0.1151
000950.SZ,20220430,20220331,9.8017,40.6967,-19.8953,0.6056
600635.SH,20220430,20220331,9.0434,-1604.3907,25.7636,-2.017
688789.SH,20220430,20220331,25.053,30.6007,-0.7896,4.6168
600015.SH,20220430,20220331,1.6475,5.0607,163.3292,1.8674
002613.SZ,20220430,20220331,31.7915,640.933,-0.5062,0.7242
600149.SH,20220430,20220331,8.1129,-1047.6028,-72.8399,-4.2631
603787.SH,20220430,20220331,5.551,13.9476,35.3514,2.0233
833819.BJ,20220430,20220331,33.5135,178.9193,7.6195,5.1463
605580.SH,20220430,20220331,9.5003,27.3889,-6.6447,4.505
601825.SH,20220430,20220331,9.0463,29.0483,697.3566,3.2557
603881.SH,20220430,20220331,30.0851,-65.8267,50.9851,0.323
603518.SH,20220430,20220331,0.7318,-56.5393,20.5435,1.4683
001872.SZ,20220430,20220331,12.4807,61.2958,24.8561,2.074
000166.SZ,20220430,20220331,-44.1623,-55.948,177.704,1.0617
601010.SH,20220430,20220331,-8.7649,-128.4974,11.1632,1.2653
002889.SZ,20220430,20220331,-30.2642,3.7237,30.3755,2.449
002565.SZ,20220430,20220331,-20.3612,-349.1586,32.8197,-0.0413
603313.SH,20220430,20220331,13.4626,-44.2314,-4.9964,0.9541
601618.SH,20220430,20220331,24.9975,25.4573,-12.3212,2.3749
601868.SH,20220430,20220331,16.2626,16.4433,-20.0652,0.8847
688151.SH,20220430,20220331,-21.0048,-24.4366,-46.145,1.1427
603010.SH,20220430,20220331,-3.8635,-36.8931,21.7057,4.0346
002682.SZ,20220430,20220331,-0.4855,-246.1662,31.7393,-0.9577
600822.SH,20220430,20220331,58.8394,-22.849,-4.0166,0.5457
603023.SH,20220430,20220331,3.6862,11.7091,-22.0382,0.0705
600004.SH,20220430,20220331,4.5109,46.5485,14.3507,-0.4972
688618.SH,20220430,20220331,40.484,48.0914,-10.1334,0.8414
603166.SH,20220430,20220331,-43.6923,-51.5783,0.9587,0.9113
688366.SH,20220430,20220331,23.7941,-37.1692,0.944,1.0429
600962.SH,20220430,20220331,8.0488,404.8271,69.8462,0.4249
830799.BJ,20220430,20220331,59.1757,16.5757,-78.6484,0.6733
002884.SZ,20220430,20220331,5.4658,27.2533,16.4086,5.0362
688010.SH,20220430,20220331,6.2259,12.7065,-34.12,0.062
603989.SH,20220430,20220331,28.9478,1.8535,3.2469,3.005
600515.SH,20220430,20220331,-11.3662,1726.887,-86.4109,0.3711
600290.SH,20220430,20220331,16.4186,17.568,48.1431,-14.671
688659.SH,20220430,20220331,44.2659,-42.6978,-26.5926,-0.3312
600986.SH,20220430,20220331,45.0442,-25.9514,-5.494,0.9029
688016.SH,20220430,20220331,30.5945,21.4383,56.353,7.5522
000596.SZ,20220430,20220331,27.707,34.9006,52.6374,6.379
600605.SH,20220430,20220331,-26.7342,-62.4784,191.4351,0.2538
603042.SH,20220430,20220331,39.2197,-97.1174,-21.4202,-1.444
600716.SH,20220430,20220331,54.2532,194.4655,-33.5615,1.7213
603103.SH,20220430,20220331,-18.8873,-55.8938,19.5338,4.1553
600714.SH,20220430,20220331,133.7088,1034.9338,17.1814,4.4934
600571.SH,20220430,20220331,18.1083,-246.155,-67.7253,-0.7176
688505.SH,20220430,20220331,11.5706,-3.7409,-12.2206,0.0304
000573.SZ,20220430,20220331,-55.0144,-109.8126,-36.0644,-0.3791
600810.SH,20220430,20220331,28.718,6.3721,12.4231,4.5982
002193.SZ,20220430,20220331,1.8825,-47.9497,-12.9988,0.1062
002589.SZ,20220430,20220331,-28.9883,-47.6638,3.2039,0.5137
688005.SH,20220430,20220331,270.7517,144.6613,-2.2309,5.3069
600153.SH,20220430,20220331,40.626,29.8386,-22.1019,1.8261
600026.SH,20220430,20220331,13.022,-92.6958,-9.4285,0.0923
601279.SH,20220430,20220331,8.9865,-47.7852,8.414,0.1441
603179.SH,20220430,20220331,33.2952,-13.2943,12.2031,2.1226
600671.SH,20220430,20220331,-33.0534,-89.848,-21.2435,-16.4019
600767.SH,20220430,20220331,23.4902,-432.9699,-237.9505,-2.5331
600121.SH,20220430,20220331,31.4113,257.8841,30.1055,2.8557
000056.SZ,20220430,20220331,-5.3389,-4695.8291,36.1848,-3.6058
600784.SH,20220430,20220331,11.9321,169.4946,2.9957,2.6736
603983.SH,20220430,20220331,-5.3058,-34.6074,-17.4373,1.8418
002081.SZ,20220430,20220331,2.993,5.37,-23.702,3.1111
688089.SH,20220430,20220331,-4.1694,-31.1964,85.1641,1.0069
600329.SH,20220430,20220331,3.4173,-6.2664,4.1719,3.0664
600416.SH,20220430,20220331,-10.2557,65.03,-19.3511,1.1501
600814.SH,20220430,20220331,-12.3427,-31.4872,42.639,2.7894
002495.SZ,20220430,20220331,-12.6951,-171.0393,-59.7677,-0.2012
600387.SH,20220430,20220331,-18.0256,54.5578,-72.015,0.2215
603638.SH,20220430,20220331,-31.2189,-63.067,-5.6341,2.4275
603377.SH,20220430,20220331,10.8322,-80.1226,-67.9497,0.2543
603177.SH,20220430,20220331,108.2063,172.2924,-20.7973,2.772
603557.SH,20220430,20220331,-78.5297,-482.9866,175.7067,-6.0891
600326.SH,20220430,20220331,15.1236,-32.6864,-23.3568,-1.314
000066.SZ,20220430,20220331,-9.2398,26.3498,-66.5191,-0.8838
000876.SZ,20220430,20220331,0.9143,-2204.4962,-5.9917,-8.0046
600009.SH,20220430,20220331,-2.9393,-16.5228,-16.6113,-1.8683
603767.SH,20220430,20220331,0.1129,-84.9695,10.0017,0.0093
600114.SH,20220430,20220331,3.6865,-84.758,5.0244,-0.1098
600376.SH,20220430,20220331,-78.4992,-156.8401,-143.0433,-1.2656
603660.SH,20220430,20220331,-19.1222,-99.782,-53.7412,-4.1589
600658.SH,20220430,20220331,14.0805,21.337,-153.3841,-1.2392
002140.SZ,20220430,20220331,-10.3711,21.4679,27.2185,2.5493
603322.SH,20220430,20220331,27.2812,181.2184,-32.8746,1.5545
000428.SZ,20220430,20220331,-16.6627,67.712,-21.4778,-3.5759
605081.SH,20220430,20220331,0.5567,-26.0972,-103.3122,0.2878
600876.SH,20220430,20220331,18.0377,-25.0804,-22.8598,0.1052
002344.SZ,20220430,20220331,10.981,47.2545,-32.1097,0.9926
002314.SZ,20220430,20220331,22.9255,-51.7645,-147.9994,-1.5971
603378.SH,20220430,20220331,-18.766,-870.5936,-85.0702,-2.9279
002616.SZ,20220430,20220331,9.4488,-89.3056,2.3458,0.1597
600677.SH,20220430,20220331,-36.3216,-310.0535,-129.4516,
600159.SH,20220430,20220331,-6.2543,-84.3227,-86.5541,0.2179
605100.SH,20220430,20220331,-49.5698,-61.4994,64.5746,1.1882
000783.SZ,20220430,20220331,-57.0992,-93.3216,596.7856,0.1055
000869.SZ,20220430,20220331,2.8204,1.34,25.6692,2.6825
688165.SH,20220430,20220331,0.4245,-105.479,-12.9503,-2.4812
002793.SZ,20220430,20220331,24.8928,-48.0747,-36.4731,1.7645
600346.SH,20220430,20220331,0.3112,2.7149,19.8847,7.0449
600527.SH,20220430,20220331,-3.0943,22.258,29.7354,0.5983
688183.SH,20220430,20220331,7.2398,16.0765,21.9286,1.8189
603633.SH,20220430,20220331,25.0659,16.7817,15.6469,1.3107
002870.SZ,20220430,20220331,-7.1585,-29.2804,6.6825,2.8186
603800.SH,20220430,20220331,68.4068,24.3364,-35.502,-2.4735
600130.SH,20220430,20220331,-40.5572,75.7878,35.1031,-0.3202
605167.SH,20220430,20220331,-13.0358,5.5338,18.997,0.7757
603701.SH,20220430,20220331,-20.6245,-60.4948,3.5628,0.6983
600678.SH,20220430,20220331,8.3902,-58.6693,13.4491,3.3797
002471.SZ,20220430,20220331,31.268,32.7214,19.0362,-2.1956
002084.SZ,20220430,20220331,-2.8916,-182.2615,4.0504,-1.2351
600609.SH,20220430,20220331,-16.8106,-28.9831,-10.0714,3.5187
600425.SH,20220430,20220331,39.5605,104.1666,-24.4236,-0.0084
603221.SH,20220430,20220331,-13.6087,-212.649,18.2598,-0.7668
600961.SH,20220430,20220331,1.1228,-40.5388,3.9422,13.5129
600647.SH,20220430,20220331,-57.6881,63.923,-8905.3518,-0.5876
603721.SH,20220430,20220331,17.2542,-126.6646,46.522,-0.4724
600137.SH,20220430,20220331,-2.6824,-25.7102,-13.6263,0.8532
688501.SH,20220430,20220331,34.6204,-8.0431,-266.0542,-0.8988
600875.SH,20220430,20220331,30.0961,46.3111,-26.0252,2.008
000932.SZ,20220430,20220331,6.1337,2.8159,-0.1545,4.4085
600318.SH,20220430,20220331,-18.2257,-4.1531,95.7425,0.3227
000680.SZ,20220430,20220331,-12.1866,342.0544,-10.2274,1.6221
600448.SH,20220430,20220331,0.6769,-67.5725,6.0469,0.0196
600420.SH,20220430,20220331,-17.4249,-64.8264,12.8484,0.7661
688819.SH,20220430,20220331,17.3411,6.3532,-32.6947,2.6782
600681.SH,20220430,20220331,9.984,-27.5077,-21.3777,3.6764
601995.SH,20220430,20220331,-14.5294,-11.4851,91.5748,1.8383
002456.SZ,20220430,20220331,-37.6518,-341.3323,1.3667,-2.7209
603778.SH,20220430,20220331,-27.0347,67.6574,-192.0045,-0.8496
603860.SH,20220430,20220331,-48.9405,26.8189,-305.6926,-0.7224
603477.SH,20220430,20220331,1.9881,-234.6265,-12.2893,-9.269
600616.SH,20220430,20220331,2.982,25.9284,-2.7568,0.1438
000592.SZ,20220430,20220331,-6.1133,-105.6965,6.5396,-0.1318
600516.SH,20220430,20220331,23.4956,-74.815,-14.4816,0.8436
600225.SH,20220430,20220331,-16.8754,64.5128,-775.2309,-4.4262
603267.SH,20220430,20220331,18.6319,18.7223,-29.6271,7.4718
600579.SH,20220430,20220331,4.1995,-39.1072,-9.9365,-3.494
002010.SZ,20220430,20220331,17.2948,9.026,-2.3371,0.984
603489.SH,20220430,20220331,44.5466,19.4981,7.2594,6.3813
688071.SH,20220430,20220331,75.4149,-4.1858,-49.5382,-0.9207
002722.SZ,20220430,20220331,0.4187,-5.6734,-7.9765,1.7232
600624.SH,20220430,20220331,-12.1921,31.4494,0.5008,0.2394
002489.SZ,20220430,20220331,15.213,-41.5775,23.2678,5.6602
600603.SH,20220430,20220331,-71.1268,-66.2077,80.1024,0.342
600705.SH,20220430,20220331,2.847,-98.2755,-3284.1572,0.0238
600831.SH,20220430,20220331,3.6354,-32.1953,0.643,0.1935
600997.SH,20220430,20220331,-5.2703,-2.8326,23.4814,4.2432
603618.SH,20220430,20220331,32.4064,25.1505,-32.5016,0.8943
600621.SH,20220430,20220331,-18.4772,2.1596,591.0481,1.0889
601686.SH,20220430,20220331,28.7784,-57.6739,-8.6643,2.1741
600088.SH,20220430,20220331,0.5619,-133.995,-101.1151,-3.0852
601668.SH,20220430,20220331,19.9371,17.5544,-25.2309,3.2596
002759.SZ,20220430,20220331,260.3745,765.1393,37.638,11.6005
000861.SZ,20220430,20220331,40.092,674.5367,42.6349,0.7117
688129.SH,20220430,20220331,-19.9161,-41.1377,-30.5728,0.8308
600278.SH,20220430,20220331,-3.6943,40.7624,-9.8269,1.1827
603220.SH,20220430,20220331,-16.6082,-33.8451,-92.3703,0.3537
600012.SH,20220430,20220331,0.2655,6.3293,55.1383,3.5252
688038.SH,20220430,20220331,-56.1133,-233.5476,-218.5162,-1.0553
688201.SH,20220430,20220331,31.5266,-506.3339,-53.5829,-0.2986
000425.SZ,20220430,20220331,-19.7938,-18.6057,2.8088,3.4995
688032.SH,20220430,20220331,95.5276,175.2331,12.804,1.4108
600975.SH,20220430,20220331,-19.022,-357.5369,-49.8682,-8.1189
002244.SZ,20220430,20220331,-16.7859,-42.6867,-185.9795,1.1178
603533.SH,20220430,20220331,-6.0622,-123.6424,8.8124,-0.8247
600094.SH,20220430,20220331,-47.851,-139.9571,-97.2045,-0.7119
600193.SH,20220430,20220331,-55.8304,18.4146,24.5543,2.5611
002179.SZ,20220430,20220331,17.1331,18.0966,-13.8606,4.716
000957.SZ,20220430,20220331,30.9303,11.1205,-33.0308,-1.6701
600827.SH,20220430,20220331,-0.5035,-42.9976,8.3396,0.8169
002555.SZ,20220430,20220331,7.109,550.8049,14.821,6.8289
603879.SH,20220430,20220331,-42.7488,-165.7478,55.1115,-0.5221
600460.SH,20220430,20220331,35.6511,54.5395,-14.5013,3.9732
600190.SH,20220430,20220331,-10.2145,-11.3631,-22.6302,0.0322
603990.SH,20220430,20220331,20.9653,39.3139,-56.798,0.8028
601869.SH,20220430,20220331,55.9541,141.0253,-9.2927,1.5904
603161.SH,20220430,20220331,7.9901,-155.3047,19.5781,-1.6985
600300.SH,20220430,20220331,4.0801,-52.753,-7.2461,0.8802
600261.SH,20220430,20220331,-5.3837,-98.1865,-4.926,0.5808
688003.SH,20220430,20220331,21.0533,-64.3302,-124.8046,-2.389
600736.SH,20220430,20220331,10.2573,-29.3656,-496.8302,-0.9594
002006.SZ,20220430,20220331,16.0562,213.37,23.1765,1.9973
600320.SH,20220430,20220331,12.0908,-44.1322,-18.681,1.3205
002004.SZ,20220430,20220331,20.5555,38.6692,4.7112,1.5822
002133.SZ,20220430,20220331,92.2027,180.0124,-15.6764,1.0609
600903.SH,20220430,20220331,27.1977,-455.4717,-4.7268,-2.1888
600859.SH,20220430,20220331,-4.0784,19.4472,-6.4331,0.4683
603626.SH,20220430,20220331,-11.0554,-89.8777,9.6843,0.1364
600754.SH,20220430,20220331,0.9734,34.3098,3.8983,-1.316
600271.SH,20220430,20220331,13.4901,-79.0124,-32.3333,0.4885
600639.SH,20220430,20220331,523.3572,612.1991,-51.0236,7.028
600847.SH,20220430,20220331,-27.1052,-985.2193,-8.3771,-1.6665
600776.SH,20220430,20220331,1.1512,27.298,6.9488,0.0206
688533.SH,20220430,20220331,17.4744,-42.2626,6.4674,1.1693
002735.SZ,20220430,20220331,-1.2699,219.5492,9.571,-0.1286
601168.SH,20220430,20220331,3.5944,58.1676,28.9551,5.4019
603029.SH,20220430,20220331,10.6339,69.5951,-90.0739,0.0563
002103.SZ,20220430,20220331,-34.189,-295.0076,-12.5133,-2.3887
002807.SZ,20220430,20220331,22.2535,20.5571,-0.8681,2.0276
600183.SH,20220430,20220331,5.8238,-11.3723,9.5908,3.5441
002126.SZ,20220430,20220331,2.7712,-33.2228,2.4956,0.8369
600076.SH,20220430,20220331,-63.5728,-187.2807,-65.3585,-0.7991
605179.SH,20220430,20220331,12.9518,-497.662,13.0654,-3.3803
600295.SH,20220430,20220331,41.4737,94.4523,7.0405,6.8236
601118.SH,20220430,20220331,1.9595,19.3607,-0.1843,-1.0752
002531.SZ,20220430,20220331,-47.6328,-93.4604,-4.0327,0.8056
000905.SZ,20220430,20220331,16.402,55.1597,-8.7095,1.3494
688157.SH,20220430,20220331,4.2602,-11.9609,-3.2808,1.5285
600747.SH,20220430,20220331,15.8097,-0.2531,-8.6889,
600753.SH,20220430,20220331,35.4484,-56.6986,-5.5542,0.4189
600698.SH,20220430,20220331,-50.7614,-89.5072,5.5497,-0.1795
000416.SZ,20220430,20220331,-42.343,-627.3391,-2456.2134,-0.5233
002154.SZ,20220430,20220331,16.3069,13.7184,-8.0088,3.9082
000621.SZ,20220430,20220331,11.0801,43.9204,4.1257,2.2976
601988.SH,20220430,20220331,2.0671,6.9681,-182.56,2.5675
000407.SZ,20220430,20220331,-2.9308,-79.5936,-13.1668,0.9552
688639.SH,20220430,20220331,63.808,77.6773,25.2564,4.415
000890.SZ,20220430,20220331,56.4559,-534.3975,-25.1601,-31.1673
601658.SH,20220430,20220331,10.1384,17.8105,168.5547,3.0469
600189.SH,20220430,20220331,6.4702,25.0507,36.8424,-0.9773
000996.SZ,20220430,20220331,-23.7861,-113.4785,-2.1707,-0.0909
002058.SZ,20220430,20220331,-7.0163,-227.3298,-48.6227,-1.2554
600774.SH,20220430,20220331,-3.017,4.1251,-1.9677,1.2912
600218.SH,20220430,20220331,29.4352,-38.2661,-25.3494,0.5916
688557.SH,20220430,20220331,123.1305,-137.72,-132.7136,-0.7972
003043.SZ,20220430,20220331,45.0842,42.2674,55.3154,2.8797
600821.SH,20220430,20220331,69.9557,13.2391,34.3299,1.3579
601216.SH,20220430,20220331,17.8092,-20.5083,15.7757,3.7579
601606.SH,20220430,20220331,61.852,6.4815,-64.6684,-1.421
600439.SH,20220430,20220331,4.5469,-28.3278,-34.1039,0.4484
601555.SH,20220430,20220331,-22.8809,-73.1731,1632.4429,0.2399
600743.SH,20220430,20220331,-38.3,-373.3787,-1.989,-0.6042
601200.SH,20220430,20220331,16.218,-26.13,7.4789,1.4797
600820.SH,20220430,20220331,11.1616,-9.6471,-24.5484,1.0826
603301.SH,20220430,20220331,-36.5865,-55.9856,9.3621,2.4293
600125.SH,20220430,20220331,-34.7199,6.2926,6.3869,1.7828
600959.SH,20220430,20220331,3.1946,26.1942,-5.8851,-0.114
600085.SH,20220430,20220331,6.6702,25.6099,23.626,3.6583
603798.SH,20220430,20220331,-40.6043,-39.2989,35.5933,2.6314
600618.SH,20220430,20220331,27.6609,40.512,8.4614,6.8321
603711.SH,20220430,20220331,-28.2823,-2105.7849,-44.7811,-2.5223
600641.SH,20220430,20220331,-76.5292,-86.2122,32.5207,0.3255
601515.SH,20220430,20220331,7.7975,-50.7132,-4.3536,1.9346
002893.SZ,20220430,20220331,5.9859,-5.0978,-38.9738,19.5864
300750.SZ,20220430,20220331,153.9741,-23.6189,14.536,1.1513
600770.SH,20220430,20220331,-16.9031,-518.118,6.6907,-1.2641
688230.SH,20220430,20220331,-29.9183,2.7077,4.6276,0.8593
002277.SZ,20220430,20220331,-3.5792,-46.611,59.3167,0.8863
600701.SH,20220430,20220331,-9.5214,-27.4043,15.6905,
605186.SH,20220430,20220331,11.1942,10.6476,-133.318,0.7748
002899.SZ,20220430,20220331,-13.5075,-81.3263,-22.0829,0.085
600104.SH,20220430,20220331,-4.1398,-19.4392,-5.1721,1.7974
002522.SZ,20220430,20220331,20.5345,33.5576,7.0999,2.3008
600081.SH,20220430,20220331,-2.2573,-2.5898,6.412,1.2682
603011.SH,20220430,20220331,83.3519,145.8165,-65.6615,0.6205
002169.SZ,20220430,20220331,23.1226,-119.7137,-8.4644,-2.0823
600166.SH,20220430,20220331,-21.9424,-63.4629,7.1984,0.7538
000411.SZ,20220430,20220331,10.4685,15.3358,-18.1629,2.2936
603098.SH,20220430,20220331,0.7533,-10.3796,0.5808,1.5127
000977.SZ,20220430,20220331,48.1139,38.3323,-88.4531,1.7017
000973.SZ,20220430,20220331,2.8417,8.3768,-6.0682,0.9769
000419.SZ,20220430,20220331,-7.3098,150.4465,-17.6111,0.5874
000410.SZ,20220430,20220331,16.0595,118.1638,-18.1693,
600242.SH,20220430,20220331,-98.554,-276.1515,4.421,-115.1386
688062.SH,20220430,20220331,1306.0618,-40.0455,-6411.5567,-8.5547
002252.SZ,20220430,20220331,97.3176,28.6318,24.6398,2.2435
000608.SZ,20220430,20220331,26.1892,41.7946,2.0054,-0.3815
600192.SH,20220430,20220331,-13.7725,-205.7167,-6.6388,-1.3059
688026.SH,20220430,20220331,9.4203,-14.642,10.9337,3.9771
600322.SH,20220430,20220331,32.6226,-515.8936,-8.0573,-54.3189
600883.SH,20220430,20220331,17.1002,0.8966,-17.9405,2.9166
600097.SH,20220430,20220331,-29.2927,10.9173,5.4442,-0.8551
600539.SH,20220430,20220331,29.0836,-96.9917,-24.1899,0.0205
600689.SH,20220430,20220331,-28.4712,-68.4078,14.4444,0.1628
601827.SH,20220430,20220331,-3.3054,-43.244,14.1045,3.3456
600330.SH,20220430,20220331,13.3083,4.7024,8.9986,1.5207
605339.SH,20220430,20220331,1.9352,-45.7016,11.9963,1.6226
600611.SH,20220430,20220331,-12.6134,-529.1036,-18.2053,-0.2676
603580.SH,20220430,20220331,-16.1181,-106.9004,24.4326,-0.077
000593.SZ,20220430,20220331,0.3588,415.7449,-7.116,0.1485
600020.SH,20220430,20220331,-34.1637,-60.6292,-6.0262,1.0274
002830.SZ,20220430,20220331,-12.3201,49.4943,-45.2126,-1.2509
002910.SZ,20220430,20220331,4.156,-45.5025,6.9919,0.5282
600727.SH,20220430,20220331,45.9564,-49.5439,3.2773,1.7476
688049.SH,20220430,20220331,-14.5642,83.0452,-40.0481,0.2917
688679.SH,20220430,20220331,53.2819,-29.9771,-23.9055,-0.4136
601929.SH,20220430,20220331,-0.708,-38.778,-17.1849,0.0643
600355.SH,20220430,20220331,-31.0363,-1326.324,53.0212,-3.1906
600498.SH,20220430,20220331,12.6354,10.039,-55.2341,0.2468
601919.SH,20220430,20220331,62.747,78.7262,59.2523,18.7274
002203.SZ,20220430,20220331,19.097,15.0694,-6.1029,2.0583
600522.SH,20220430,20220331,-13.3172,105.6946,-24.322,3.8059
601500.SH,20220430,20220331,4.8285,-57.4869,0.3497,0.0083
603117.SH,20220430,20220331,-31.6879,-70.4408,-143.219,0.0333
000036.SZ,20220430,20220331,-60.934,-66.0941,-30.8948,0.5233
605318.SH,20220430,20220331,66.9189,-46.4247,-84.7254,0.4345
002563.SZ,20220430,20220331,-0.0305,-40.7445,-0.1697,1.5685
002757.SZ,20220430,20220331,1.004,7.9835,4.6619,3.3373
600381.SH,20220430,20220331,270.3954,-166.7889,-28.5295,-1.3493
600653.SH,20220430,20220331,-15.9546,-43.815,3.6571,-0.1834
000570.SZ,20220430,20220331,-12.7225,-226.5188,-6.9851,-0.4074
600054.SH,20220430,20220331,-12.0682,-162.3058,-53.9772,-2.0499
603020.SH,20220430,20220331,-4.0864,-22.238,8.6083,1.3133
603797.SH,20220430,20220331,27.6892,22.1313,-40.5191,2.497
603037.SH,20220430,20220331,-6.2762,-43.7129,-1.1476,1.4147
600172.SH,20220430,20220331,-4.0445,179.0483,22.4276,0.5408
300225.SZ,20220430,20220331,-29.0486,-218.8846,136.5944,-3.0799
600212.SH,20220430,20220331,-28.435,-438.0053,15.9187,-3.1266
000589.SZ,20220430,20220331,4.565,-45.0621,-0.4177,0.9074
688070.SH,20220430,20220331,122.3424,80.7402,-101.5974,-0.5659
603055.SH,20220430,20220331,27.9236,17.2012,27.1722,2.3343
002030.SZ,20220430,20220331,43.6898,48.8496,24.9655,20.3623
601155.SH,20220430,20220331,5.9146,-5.9408,10.8021,0.9006
603033.SH,20220430,20220331,57.8183,-24.6073,-2.3562,1.4935
605123.SH,20220430,20220331,87.6842,64.569,-7.9758,5.5721
601816.SH,20220430,20220331,-1.1311,-31.5686,24.2028,0.1177
603699.SH,20220430,20220331,20.0441,15.5296,18.0335,2.4372
600266.SH,20220430,20220331,21.4874,-1034.696,-4.9036,-2.786
002538.SZ,20220430,20220331,86.5062,70.5026,12.0285,2.657
603111.SH,20220430,20220331,-26.463,-78.6786,-45.9626,0.3419
600006.SH,20220430,20220331,-9.4976,-56.5549,-16.8147,1.217
601698.SH,20220430,20220331,1.2807,20.6588,10.0297,1.0218
002921.SZ,20220430,20220331,20.0958,-65.454,-13.9544,0.8445
600665.SH,20220430,20220331,5.681,22.3695,15.7642,-0.663
002031.SZ,20220430,20220331,-59.0005,-36.808,16.3122,-0.5773
002537.SZ,20220430,20220331,10.5492,182.7384,0.611,0.8263
601928.SH,20220430,20220331,19.9916,-31.7258,11.0943,2.4907
601186.SH,20220430,20220331,13.0466,12.306,-15.5393,1.9847
600018.SH,20220430,20220331,61.5113,86.0394,20.0743,5.2571
600652.SH,20220430,20220331,-42.8671,-24.9809,-434.3817,-0.7223
000623.SZ,20220430,20220331,21.5524,-84.8519,-16.5408,1.0369
833346.BJ,20220430,20220331,16.4112,-16.0083,-7.106,2.0579
600241.SH,20220430,20220331,42.9839,75.8404,28.7492,2.3982
600048.SH,20220430,20220331,33.8341,1.1818,-118.9352,1.2648
603806.SH,20220430,20220331,38.0192,-31.5098,-3.8984,2.5527
002528.SZ,20220430,20220331,-52.3198,-32.3311,17.197,-3.8523
600284.SH,20220430,20220331,35.0729,30.2351,-35.8566,1.8637
600316.SH,20220430,20220331,29.3671,-86.5503,-49.2538,0.0773
000008.SZ,20220430,20220331,44.4084,40.3093,29.0031,-1.1057
600638.SH,20220430,20220331,595.9864,-82.4797,-70.5042,0.1044
603988.SH,20220430,20220331,36.4664,-75.4362,-29.3792,2.7332
688180.SH,20220430,20220331,-61.0233,-205.0552,90.6139,-5.4619
600984.SH,20220430,20220331,-14.5977,-181.913,0.153,-0.9368
688097.SH,20220430,20220331,44.5993,161.1112,-9.9803,0.2912
600101.SH,20220430,20220331,43.494,23.5911,22.1523,1.6319
002440.SZ,20220430,20220331,11.5262,19.6263,39.1941,1.275
002666.SZ,20220430,20220331,-19.4658,-32.57,14.3298,1.0818
688060.SH,20220430,20220331,5.383,6.0429,-39.4154,0.6092
603729.SH,20220430,20220331,-9.9076,-56.3698,24.4539,0.4375
836892.BJ,20220430,20220331,9.2405,14.8731,0.3441,1.1426
688425.SH,20220430,20220331,14.6694,10.3805,-28.7245,2.4599
002599.SZ,20220430,20220331,-17.201,-204.7918,-7.9215,-1.9502
600650.SH,20220430,20220331,-27.4676,1469.2764,-2.845,-0.4371
603912.SH,20220430,20220331,-10.6944,-36.6802,-9.4712,1.2054
600509.SH,20220430,20220331,28.8468,-341.0573,-10.6008,-3.9277
601390.SH,20220430,20220331,12.8242,16.9876,-18.5337,2.6326
688021.SH,20220430,20220331,-38.6833,-62.9228,-24.0526,0.892
000670.SZ,20220430,20220331,15.6868,-53.3835,-12.2889,9.1137
002950.SZ,20220430,20220331,21.0164,35.6073,33.3277,4.9228
002297.SZ,20220430,20220331,28.1746,107.0572,-18.3902,0.3229
601288.SH,20220430,20220331,5.9125,7.4232,178.3359,2.8652
603810.SH,20220430,20220331,-2.842,-39.3855,-26.633,1.8496
603908.SH,20220430,20220331,56.0617,73.3836,-28.9288,6.4749
600588.SH,20220430,20220331,5.3926,-2931.1406,-78.4455,-3.9764
605180.SH,20220430,20220331,-47.2923,-53.4174,-21.4488,1.7842
600223.SH,20220430,20220331,-13.0808,-22.7357,-23.6023,1.3315
002217.SZ,20220430,20220331,-9.6134,-286.3987,-1.6701,-2.428
002749.SZ,20220430,20220331,22.5692,2.1906,-53.9669,2.2549
603717.SH,20220430,20220331,-10.8467,339.3764,-22.7754,-1.874
600713.SH,20220430,20220331,5.5558,30.0107,-15.7974,2.3278
600651.SH,20220430,20220331,-0.0361,-2.7412,-17.8221,-2.7724
603165.SH,20220430,20220331,29.5242,10.6177,7.8302,3.7271
603363.SH,20220430,20220331,6.7065,-317.0559,3.2133,-32.0748
002158.SZ,20220430,20220331,2.6696,22.6673,-14.9777,2.9498
688398.SH,20220430,20220331,-8.1954,-66.2806,-19.8456,1.0927
000534.SZ,20220430,20220331,-1.7522,-25.8839,-63.4296,1.9993
002700.SZ,20220430,20220331,13.4383,-28.6406,-4.0969,2.3878
600744.SH,20220430,20220331,10.6462,-8.6776,26.7331,-23.6677
605196.SH,20220430,20220331,34.4014,37.5174,3.0021,0.7971
600649.SH,20220430,20220331,-2.6864,181.9462,-146.4713,0.0648
600070.SH,20220430,20220331,-92.72,-224.3605,-101.3351,-8.386
600177.SH,20220430,20220331,290.869,260.5212,-20.6091,5.8408
600493.SH,20220430,20220331,14.9987,-3.6572,-10.9818,0.412
002828.SZ,20220430,20220331,-36.6582,-9666.7729,3.7463,-1.2903
002044.SZ,20220430,20220331,1.1222,-1.4396,-30.4802,-5.7043
000863.SZ,20220430,20220331,-86.4529,-138.3056,63.8227,-0.5134
001201.SZ,20220428,20220331,-44.1714,-117.4053,-22.5688,-1.2437
688329.SH,20220430,20220331,7.9102,-106.6679,14.4719,-0.231
600340.SH,20220430,20220331,-47.3852,175.3728,7.4578,-55.5898
605598.SH,20220430,20220331,35.5781,154.6844,82.8289,7.2032
603598.SH,20220430,20220331,-39.2241,-98.7553,-13.5507,-1.2405
605050.SH,20220430,20220331,14.5683,-17.1861,-4.4678,2.0182
002640.SZ,20220430,20220331,-51.0075,-121.2781,-22.5864,-1.246
601258.SH,20220430,20220331,-9.4226,-119.7,-8.4661,-0.6681
600139.SH,20220430,20220331,-99.934,-5.6013,-9289.4203,
600490.SH,20220430,20220331,-57.0093,75.3291,2.7022,0.975
600291.SH,20220430,20220331,-37.017,20.7175,-1635.4246,-0.2113
601857.SH,20220430,20220331,41.2096,40.9106,10.8325,3.0872
601456.SH,20220430,20220331,35.1501,20.053,-795.3443,1.1241
688682.SH,20220430,20220331,21.0999,-35.3054,-87.0655,0.0206
300104.SZ,20220430,20220331,182.1175,8.015,52.283,
600208.SH,20220430,20220331,-1.3064,-3.4303,37.6335,1.637
603682.SH,20220430,20220331,39.7781,7.1179,60.9536,1.6518
000671.SZ,20220430,20220331,-75.3183,-408.3245,-5.7893,-8.0223
600082.SH,20220430,20220331,-38.4637,18.8413,-3.9004,-0.6747
600228.SH,20220430,20220331,-30.7799,-136.2433,29.8532,-0.7154
002321.SZ,20220430,20220331,-13.7782,58.4509,-39.503,-3.6068
600133.SH,20220430,20220331,27.0971,1.2854,-19.92,0.4115
600783.SH,20220430,20220331,-10.1488,193.5532,-161.4161,1.0657
002535.SZ,20220430,20220331,74.7533,105.1232,-14.0867,-0.3494
600191.SH,20220430,20220331,162.0846,-238.9114,-664.0275,-2.0715
300301.SZ,20220430,20220331,-21.9969,-86.2079,-12.9822,-10.5228
002684.SZ,20220430,20220331,17.0236,45.6543,27.328,-179.5216
688175.SH,20220430,20220331,-26.9803,-60.2243,-101.9487,-0.7004
600069.SH,20220430,20220331,-42.8356,47.8077,5.1625,
605319.SH,20220430,20220331,23.1879,-36.3786,-30.0873,0.9543
300469.SZ,20220430,20220331,-67.8605,-21.3037,-257.0252,-19.3596
002432.SZ,20220430,20220331,6646.7935,37527.3467,58.5143,142.8308
603661.SH,20220430,20220331,35.661,9.1323,-5.9204,2.2291
600682.SH,20220430,20220331,-5.2682,-23.9225,21.3363,1.1708
600319.SH,20220430,20220331,191312.3328,46.0582,-32.3259,-1.8813
601007.SH,20220430,20220331,17.2951,31.7081,19.3985,-0.8661
603567.SH,20220430,20220331,38.074,1.7209,7.6942,1.8483
688221.SH,20220430,20220331,-1.6442,-32.1799,-606.8461,-3.7504
002466.SZ,20220430,20220331,481.4089,1442.6486,72.9788,19.3276
688567.SH,20220430,20220331,317.0867,-38.5545,-30.7139,-3.2303
600589.SH,20220430,20220331,-28.2884,-8.3381,-5.7165,-18.548
600595.SH,20220430,20220331,48.1695,144.5719,5.807,3.9937
002366.SZ,20220430,20220331,-25.9325,29.6186,2.174,
603887.SH,20220430,20220331,-1.6716,-56.9298,4.2568,0.391
603189.SH,20220430,20220331,3.516,9.7239,-24.2253,0.8948
000813.SZ,20220430,20220331,-8.8722,-52.5643,67.6475,0.5448
601998.SH,20220430,20220331,4.076,10.9264,55.075,2.7329
601766.SH,20220430,20220331,-26.2465,-83.6132,-29.4237,-0.1059
601963.SH,20220430,20220331,-12.9069,0.6447,-795.7537,2.9272
600601.SH,20220430,20220331,4.4804,1.9651,8.7295,
300149.SZ,20220430,20220331,-0.8736,480.4123,9.046,0.4163
600813.SH,20220430,20220331,-95.4667,44.6073,-2.1671,
002798.SZ,20220430,20220331,-33.9948,-220.0103,-55.2737,-2.0878
000613.SZ,20220430,20220331,9.5859,10.429,44.3399,1.4697
600791.SH,20220430,20220331,2278.0782,36.6443,-188.8427,-0.5904
600756.SH,20220430,20220331,44.7817,107.7006,-1.5519,0.014
000046.SZ,20220430,20220331,-72.3274,-433.7845,-1.2654,-12.3831
600501.SH,20220430,20220331,-16.5168,-181.3069,-204.8697,-0.533
603203.SH,20220430,20220331,42.2111,-3.9459,45.8153,3.8254
603690.SH,20220430,20220331,136.9844,-70.778,-42.454,1.0067
002375.SZ,20220430,20220331,5.7969,24.2442,-62.8378,1.0527
601169.SH,20220430,20220331,2.0678,6.5961,16.6042,2.4503
600778.SH,20220430,20220331,-5.2868,-72.9439,19.0901,0.6767
000587.SZ,20220430,20220331,-29.1349,60.3708,-43.9941,
002325.SZ,20220430,20220331,-41.7684,-1002.9812,-58.5416,-2.972
002781.SZ,20220430,20220331,-7.5833,-15.6891,31.3521,
688585.SH,20220430,20220331,13.6846,231.5512,-13.4487,1.8044
603628.SH,20220430,20220331,31.5294,-39.7466,-1.9911,0.5554
002052.SZ,20220430,20220331,-55.4893,-31.3397,-4.8064,-71.6867
002773.SZ,20220430,20220331,-2.1133,27.2246,32.2558,4.4792
601860.SH,20220430,20220331,3.4399,10.533,1600.9708,2.1958
601127.SH,20220430,20220331,56.0315,-57.5387,-3.003,-10.0283
600308.SH,20220430,20220331,-0.8758,-41.397,1.172,2.0705
600199.SH,20220430,20220331,17.0473,74.2118,-46.1884,-0.8092
600637.SH,20220430,20220331,-15.9951,-36.293,-27.2562,0.3873
600816.SH,20220430,20220331,,34.5017,,-2598.5342
000615.SZ,20220430,20220331,-48.5631,-229.6856,-20.77,-2.9759
300023.SZ,20220430,20220331,344.2039,1062.7203,-39.2337,0.8555
603603.SH,20220430,20220331,-68.2361,-1216.2303,44.1818,
603021.SH,20220430,20220331,-17.7822,-2143.8769,-12.0307,-4.4521
600016.SH,20220430,20220331,-14.9471,-6.937,388.1749,2.3591
000540.SZ,20220430,20220331,-73.2541,-560.5072,333.3643,-8.4739
600672.SH,20220430,20220331,-30.2282,46.2971,-37.7503,0.0279
000730.SZ,20220430,20220331,1.6329,-520.9265,-5.0184,-0.6338
002178.SZ,20220430,20220331,-25.6219,38.0917,-73.6415,-1.7534
600604.SH,20220430,20220331,282.7059,223.6083,-33.6828,0.9848
600287.SH,20220430,20220331,12.6018,382.7878,-10.6415,0.6593
600811.SH,20220430,20220331,-4.0616,-93.6839,3.4171,0.1979
603559.SH,20220430,20220331,-7.2846,15.6006,-0.4466,-3.059
002581.SZ,20220430,20220331,5.8407,-92.4788,-42.5442,-0.0247
601398.SH,20220430,20220331,6.5229,5.7191,483.9193,2.7106
601318.SH,20220430,20220331,-10.0991,-24.1156,80.642,2.5202
688555.SH,20220430,20220331,-90.6818,-298.6353,-653.6692,-2.3116
002750.SZ,20220430,20220331,-76.9231,-68.4284,-21.4178,-0.1716
000007.SZ,20220430,20220331,356.1821,-244.6313,-10.8276,-1.2328
600546.SH,20220430,20220331,14.9262,418.2332,17.7388,13.3522
000826.SZ,20220430,20220331,-2.2978,-94.2797,0.7324,-2.3547
300556.SZ,20220430,20220331,11.716,-308.8004,-52.3974,-4.2177
600275.SH,20220430,20220331,1326.8153,-188.1372,34.2176,-82.8554
600215.SH,20220430,20220331,-3.7065,-58.5848,-6.0663,1.5781
002447.SZ,20220430,20220331,-64.4721,-3769.1298,7.176,-6.1687
601866.SH,20220430,20220331,4.2024,66.2145,66.8068,4.1398
603041.SH,20220430,20220331,23.5753,8.0405,-1.0772,2.264
837092.BJ,20220430,20220331,54.9166,-74.0826,-112.3154,0.1977
832000.BJ,20220430,20220331,21.2913,-41.7722,6.8514,1.6506
000415.SZ,20220430,20220331,13.354,-82.5994,73.8258,-3.8927
300064.SZ,20220430,20220331,57.2792,47.4181,37.5317,
600187.SH,20220430,20220331,-13.2406,21.2278,-41.7866,-0.5177
002356.SZ,20220430,20220331,-48.9896,95.663,-68.3327,-0.98
000035.SZ,20220430,20220331,-79.1818,-65.173,-34.9305,0.4093
000616.SZ,20220430,20220331,49.2115,-315.2868,13.4382,-0.1283
603555.SH,20220430,20220331,74.7899,104.3041,-40.8597,0.0535
601933.SH,20220430,20220331,3.451,2053.5443,9.5025,5.754
601727.SH,20220430,20220331,-2.2385,-98.0891,-37.0464,-0.2445
600188.SH,20220430,20220331,32.6675,196.6375,3.2336,9.2254
688728.SH,20220430,20220331,-10.4616,-17.358,-0.57,3.0869
600695.SH,20220430,20220331,-0.1765,-86.4265,-57.6439,-0.9953
688168.SH,20220430,20220331,20.0523,-690.1264,-129.8843,-2.2183
601375.SH,20220430,20220331,-63.902,-84.761,-275.7768,0.1003
600771.SH,20220430,20220331,25.1647,50.0577,25.4853,0.3949
600128.SH,20220430,20220331,24.9601,-33.0494,-10.404,0.0413
600393.SH,20220430,20220331,6.8914,-452.8238,60.3203,-1.4733
600065.SH,20220430,20220331,2146.7544,-967.3442,-31.6112,
600499.SH,20220430,20220331,20.3615,372.5958,-5.9445,11.3338
601211.SH,20220430,20220331,-25.5295,-42.8988,220.3444,1.3694
603507.SH,20220430,20220331,-18.3305,-31.1105,13.196,0.7852
601328.SH,20220430,20220331,7.7022,6.3337,138.057,2.3859
836826.BJ,20220430,20220331,17.0301,-37.0367,-37.8321,1.9566
600115.SH,20220430,20220331,-5.4498,-103.9422,-32.1121,-16.467
600622.SH,20220430,20220331,22.9093,3.4665,-16.6246,0.3036
600909.SH,20220430,20220331,-15.0873,-40.0977,-143.8401,0.5153
600383.SH,20220430,20220331,83.7807,10.8199,-1.3725,0.9618
600545.SH,20220430,20220331,-8.9186,2537.8863,-22.1883,-1.1689
002506.SZ,20220430,20220331,20.3916,124.273,9.0203,-1.4946
002024.SZ,20220430,20220331,-64.1252,-325.5531,6.6886,-3.6764
600806.SH,20220430,20220331,-33.085,-4.0382,-11.6624,
600015.SH,20220430,20220331,1.6475,5.0607,163.3292,1.8674
600149.SH,20220430,20220331,8.1129,-1047.6028,-72.8399,-4.2631
603518.SH,20220430,20220331,0.7318,-56.5393,20.5435,1.4683
603313.SH,20220430,20220331,13.4626,-44.2314,-4.9964,0.9541
000820.SZ,20220430,20220331,,90.2993,-117.1963,-3.3308
000908.SZ,20220430,20220331,50.0819,-87.8822,1.9001,1.1755
002316.SZ,20220430,20220331,-56.056,-20.8264,25.6264,
601868.SH,20220430,20220331,16.2626,16.4433,-20.0652,0.8847
830799.BJ,20220430,20220331,59.1757,16.5757,-78.6484,0.6733
688010.SH,20220430,20220331,6.2259,12.7065,-34.12,0.062
600605.SH,20220430,20220331,-26.7342,-62.4784,191.4351,0.2538
002602.SZ,20220430,20220331,-11.9217,-64.287,6.2764,0.6599
000333.SZ,20220430,20220331,9.5476,10.9659,8.8282,5.4384
000796.SZ,20220430,20220331,-49.4031,32.9865,-126.8618,-74.4641
601279.SH,20220430,20220331,8.9865,-47.7852,8.414,0.1441
600767.SH,20220430,20220331,23.4902,-432.9699,-237.9505,-2.5331
000769.SZ,20220429,20220331,-34.8453,14.674,-31.4457,-4.0959
600388.SH,20220430,20220331,2.1412,26.0067,-17.5061,2.2477
000525.SZ,20220430,20220331,77.5715,1282.8935,9.3867,44.8978
600555.SH,20220430,20220331,241.836,17.6961,-31.0372,-2.113
600654.SH,20220430,20220331,-19.7481,-40.6186,5.1615,
600677.SH,20220430,20220331,-36.3216,-310.0535,-129.4516,
600346.SH,20220430,20220331,0.3112,2.7149,19.8847,7.0449
603800.SH,20220430,20220331,68.4068,24.3364,-35.502,-2.4735
600870.SH,20220430,20220331,12415.5006,230.6055,-39.347,13.1161
600732.SH,20220430,20220331,160.2512,125.8128,4.1815,3.564
600988.SH,20220430,20220331,94.9155,3.2259,10.8671,3.6332
002086.SZ,20220430,20220331,30.1151,45.1546,-5.5291,-2.9435
688071.SH,20220430,20220331,75.4149,-4.1858,-49.5382,-0.9207
600624.SH,20220430,20220331,-12.1921,31.4494,0.5008,0.25
601686.SH,20220430,20220331,28.7784,-57.6739,-8.6643,2.1741
601668.SH,20220430,20220331,19.9371,17.5544,-25.2309,3.2596
002751.SZ,20220430,20220331,-71.3402,-391.1426,-35.6674,-5.5886
000673.SZ,20220430,20220331,-30.6294,1.7687,-3.3666,-259.059
600277.SH,20220430,20220331,7.3058,0.6571,3.6077,0.8664
002775.SZ,20220430,20220331,-66.8389,-79.2439,-132.516,-5.1212
000571.SZ,20220430,20220331,173.6375,204.9123,51.5289,8.6482
600975.SH,20220430,20220331,-19.022,-357.5369,-49.8682,-8.1189
600261.SH,20220430,20220331,-5.3837,-98.1865,-4.926,0.5808
600320.SH,20220430,20220331,12.0908,-44.1322,-18.681,1.3205
002558.SZ,20220430,20220331,2.3899,-15.4163,18.6335,3.2783
600680.SH,20220430,20220331,-8.9098,124.8016,-2.18,0.0584
002699.SZ,20220430,20220331,74.3836,-196.8465,1.4696,-0.4589
600466.SH,20220430,20220331,3.3382,-151.6261,-1.5658,-24.3378
000621.SZ,20220430,20220331,11.0801,43.9204,4.1257,2.2976
601658.SH,20220430,20220331,10.1384,17.8105,168.5547,3.0469
600189.SH,20220430,20220331,6.4702,25.0507,36.8424,-0.9773
300089.SZ,20220430,20220331,-14.8876,3.6171,-22.365,
300325.SZ,20220430,20220331,50.7747,39.9323,-12.3407,
000732.SZ,20220430,20220331,-38.037,-14.1589,96.4656,-4.2293
000150.SZ,20220430,20220331,-26.2598,-41.857,-2.0532,
600701.SH,20220430,20220331,-9.5214,-27.4043,15.6905,
600166.SH,20220430,20220331,-21.9424,-63.4629,7.1984,0.7538
600242.SH,20220430,20220331,-98.554,-276.1515,4.421,-115.1386
688062.SH,20220430,20220331,1306.0618,-40.0455,-6411.5567,-8.5547
603808.SH,20220430,20220331,17.2044,-49.667,11.0922,1.7167
600117.SH,20220430,20220331,20.6154,-190.6189,2.3499,-105.5558
000917.SZ,20220430,20220331,-3.8026,61.3536,2.3814,0.222
600221.SH,20220430,20220331,-17.609,-38.4352,-57.025,-51.8552
600522.SH,20220430,20220331,-13.3172,105.6946,-24.322,3.8059
603117.SH,20220430,20220331,-31.6879,-70.4408,-143.219,0.0333
603111.SH,20220430,20220331,-26.463,-78.6786,-45.9626,0.3419
600006.SH,20220430,20220331,-9.4976,-56.5549,-16.8147,1.217
601698.SH,20220430,20220331,1.2807,20.6588,10.0297,1.0218
600665.SH,20220430,20220331,5.681,22.3695,15.7642,-0.663
002147.SZ,20220430,20220331,-53.4766,-21.5662,-11.5652,-116.7081
000806.SZ,20220430,20220331,80.5747,-736.1142,-9.9672,
000981.SZ,20220430,20220331,28.9156,363.497,-62.263,-6.9556
600048.SH,20220430,20220331,33.8341,1.1818,-118.9352,1.2648
603729.SH,20220430,20220331,-9.9076,-56.3698,24.4539,0.4375
601390.SH,20220430,20220331,12.8242,16.9876,-18.5337,2.6326
601288.SH,20220430,20220331,5.9125,7.4232,178.3359,2.8652
603363.SH,20220430,20220331,6.7065,-317.0559,3.2133,-32.0748
002377.SZ,20220430,20220331,-56.9454,-18.236,17.4146,-9.9361
000918.SZ,20220430,20220331,-26.2485,-11.4731,51.7693,-15.5909
603861.SH,20220430,20220331,-6.5707,-209.2789,-53.7748,-1.6215
002355.SZ,20220430,20220331,-43.3558,-1812.5141,-9.964,-3.5023
000863.SZ,20220430,20220331,-86.4529,-138.3056,63.8227,-0.5134
600566.SH,20220423,20220331,13.4315,32.3601,46.2818,5.3421
300595.SZ,20220427,20220331,29.3494,7.2376,42.7725,6.0063
000605.SZ,20220430,20220331,0.5013,-19.9902,10.3043,0.3549
002726.SZ,20220430,20220331,-45.6717,-91.7918,18.3492,1.2473
002736.SZ,20220430,20220331,-30.0045,-54.4522,-340.5001,0.7753
600340.SH,20220430,20220331,-47.3852,175.3728,7.4578,-55.5898
600097.SH,20220430,20220331,-29.2927,10.9173,5.4442,-0.8551
600252.SH,20220430,20220331,-44.5355,-52.4382,-8.5904,1.1366
000689.SZ,20220430,20220331,,-16.0403,,
605050.SH,20220430,20220331,14.5683,-17.1861,-4.4678,2.0182
688086.SH,20220430,20220331,7.335,-1090.1657,-115.2328,-2.0395
603996.SH,20220430,20220331,-36.9287,10.8333,-260.7242,
600077.SH,20220430,20220331,78.3829,-131.5717,72.5493,-0.3193
000413.SZ,20220430,20220331,10.9033,-11.3532,9.913,-2.2575
600208.SH,20220430,20220331,-1.3064,-3.4303,37.6335,1.637
603682.SH,20220430,20220331,39.7781,7.1179,60.9536,1.6518
002321.SZ,20220430,20220331,-13.7782,58.4509,-39.503,-3.6068
000712.SZ,20220430,20220331,-155.2348,-2490.2182,,-6.6074
600372.SH,20220430,20220331,19.6021,44.3707,-50.243,1.3322
002570.SZ,20220430,20220331,12.2542,38.4457,8.3127,0.8649
688051.SH,20220430,20220331,-41.0229,-549.53,-167.9166,-3.3947
835640.BJ,20220430,20220331,22.4266,27.687,-30.0419,5.1155
300301.SZ,20220430,20220331,-21.9969,-86.2079,-12.9822,-10.5228
002684.SZ,20220430,20220331,17.0236,45.6543,27.328,-179.5216
688711.SH,20220430,20220331,34.1737,-26.1261,-2.6176,1.1983
603326.SH,20220430,20220331,13.2335,15.6514,-40.1976,0.3489
600567.SH,20220430,20220331,16.5876,-57.7848,2.1988,1.0405
600078.SH,20220430,20220331,26.6162,700.05,0.9958,4.6834
600056.SH,20220430,20220331,-0.6067,15.5134,-10.5863,2.0815
002939.SZ,20220430,20220331,-55.9974,-125.7294,-128.6194,-0.4182
600260.SH,20220430,20220331,-68.596,-147.6777,43.5591,
601113.SH,20220430,20220331,-33.793,-187.0851,3.0896,-2.6428
000611.SZ,20220430,20220331,11930.5977,-36.9328,-22.2261,-2.0015
000564.SZ,20220430,20220331,-26.1808,107.3852,-6.2633,-0.8065
000920.SZ,20220430,20220331,-0.6608,101.2271,-0.7681,1.302
600843.SH,20220430,20220331,-1.445,-15.6252,-12.7414,0.9445
002313.SZ,20220430,20220331,-0.9632,-1828.8851,-5.0128,-2.4341
600250.SH,20220430,20220331,-43.407,-15.1905,-42.6096,-6.3563
688018.SH,20220430,20220331,6.8146,-18.0806,-12.7603,1.182
601968.SH,20220430,20220331,22.1846,-21.2399,-28.4965,1.7249
002211.SZ,20220430,20220331,-23.2622,-117.9821,65.8443,-21.7974
002586.SZ,20220430,20220331,-60.7759,-54.3689,-64.4973,-0.6967
002168.SZ,20220430,20220331,-43.4427,13.556,23.2368,-32.6413
603895.SH,20220430,20220331,43.6363,37.8353,-65.6018,1.1541
832171.BJ,20220430,20220331,-40.1257,5.6298,-544.4571,-2.256
000523.SZ,20220430,20220331,6.5315,61.4529,21.259,-1.2674
600098.SH,20220430,20220331,-6.9342,30.5864,-4.9791,1.0092
002717.SZ,20220430,20220331,-47.8742,-467.8064,-13.2131,-1.2797
603157.SH,20220429,20220331,-54.418,-25.3503,-22.4968,
601377.SH,20220430,20220331,-69.3391,-86.9267,84.2746,0.0398
600060.SH,20220430,20220331,-1.863,47.1744,12.2568,1.3772
837344.BJ,20220430,20220331,-13.1216,18.7224,47.7604,0.541
833266.BJ,20220430,20220331,24.709,94.8486,-114.6571,-0.7311
600185.SH,20220430,20220331,-22.1292,-43.2052,14.0632,1.4036
002781.SZ,20220430,20220331,-7.5833,-15.6891,31.3521,
600303.SH,20220430,20220331,-2.1817,31.2401,-8.2589,-1.4743
300362.SZ,20220430,20220331,-46.8843,-123.6566,-55.8691,-4.8429
000038.SZ,20220430,20220331,-57.8608,77.9709,-105.9537,1.297
002948.SZ,20220430,20220331,-5.7384,21.7323,-588.3473,2.2254
601939.SH,20220430,20220331,7.2542,6.7689,206.6658,3.3736
600742.SH,20220430,20220331,-14.4078,-58.4016,14.0142,1.0475
601860.SH,20220430,20220331,3.4399,10.533,1600.9708,2.1958
000004.SZ,20220430,20220331,-69.1668,-392.4079,-252.2631,-1.3935
000615.SZ,20220430,20220331,-48.5631,-229.6856,-20.77,-2.9981
002291.SZ,20220430,20220331,60.035,824.0032,-2.8413,1.4522
600751.SH,20220430,20220331,-99.9596,-79.8428,69.1874,0.4862
600672.SH,20220430,20220331,-30.2282,46.2971,-37.7503,0.0279
000730.SZ,20220430,20220331,1.6329,-520.9265,-5.0184,-0.6338
600604.SH,20220430,20220331,282.7059,223.6083,-33.6828,0.9848
601162.SH,20220430,20220331,-45.9996,-194.7645,-80.1354,-0.364
601236.SH,20220430,20220331,-140.627,-407.0683,,-3.1412
603708.SH,20220430,20220331,8.3157,1.9157,16.8889,5.599
688123.SH,20220430,20220331,50.7453,246.8977,30.7694,4.8092
600900.SH,20220430,20220331,9.7832,9.3435,40.414,1.6945
002543.SZ,20220430,20220331,4.9964,2.8688,-2.4814,4.1085
000776.SZ,20220430,20220331,-42.6316,-48.7364,287.4546,1.1427
600179.SH,20220430,20220331,54.8037,1100.7421,40.1087,6.2845
601688.SH,20220430,20220331,-17.5661,-33.0822,161.8915,1.4401
603918.SH,20220430,20220331,-31.9233,-292.0301,-67.9858,-0.6222
832566.BJ,20220430,20220331,10.7528,83.7033,27.4884,2.1217
601108.SH,20220429,20220331,-51.0783,-64.8305,336.8466,0.5731
601881.SH,20220430,20220331,-3.1998,-21.6528,237.5971,1.5457
832089.BJ,20220430,20220331,4.122,0.4111,-40.5636,2.6784
600426.SH,20220430,20220331,62.1975,54.1258,28.3654,10.2691
000887.SZ,20220430,20220331,5.099,5.5609,6.2444,2.1613
000301.SZ,20220430,20220331,23.5814,-53.72,3.5851,2.4784
002157.SZ,20220430,20220331,-48.9204,-1249.7252,-20.9685,-171.9841
600533.SH,20220430,20220331,-65.7003,-54.1681,-99.4781,2.1746
600580.SH,20220430,20220331,18.0191,50.4639,5.9499,1.7846
688002.SH,20220430,20220331,16.9573,-88.1754,-10.1313,0.2555
600138.SH,20220430,20220331,-1.197,-71.8968,-25.2604,-1.9015
002024.SZ,20220430,20220331,-64.1252,-325.5531,6.6886,-3.6764
000821.SZ,20220430,20220331,13.5595,-47.9366,-25.3349,0.9566
600893.SH,20220430,20220331,44.3036,92.5097,-67.4676,0.0943
600958.SH,20220430,20220331,-39.8028,-80.5963,-0.3202,0.3464
833819.BJ,20220430,20220331,33.5135,178.9193,7.6195,5.1463
601825.SH,20220430,20220331,9.0463,29.0483,697.3566,3.2557
000166.SZ,20220430,20220331,-44.1623,-55.948,177.704,1.0617
000908.SZ,20220430,20220331,50.0819,-87.8822,1.9001,1.1755
603010.SH,20220430,20220331,-3.8635,-36.8931,21.7057,4.0346
688505.SH,20220430,20220331,11.5706,-3.7409,-12.2206,0.0304
002589.SZ,20220430,20220331,-28.9883,-47.6638,3.2039,0.5137
002081.SZ,20220430,20220331,2.993,5.37,-23.702,3.1111
603177.SH,20220430,20220331,108.2063,172.2924,-20.7973,2.772
000783.SZ,20220430,20220331,-57.0992,-93.3216,596.7856,0.1055
600130.SH,20220430,20220331,-40.5572,75.7878,35.1031,-0.3202
600875.SH,20220430,20220331,30.0961,46.3111,-26.0252,2.008
600225.SH,20220430,20220331,-16.8754,64.5128,-775.2309,-5.2653
600603.SH,20220430,20220331,-71.1268,-66.2077,80.1024,0.342
600831.SH,20220430,20220331,3.6354,-32.1953,0.643,0.1935
002244.SZ,20220430,20220331,-16.7859,-42.6867,-185.9795,1.1178
002807.SZ,20220430,20220331,22.2535,20.5571,-0.8681,2.0276
002699.SZ,20220430,20220331,74.3836,-196.8465,1.4696,-0.4589
601555.SH,20220430,20220331,-22.8809,-73.1731,1632.4429,0.2399
603711.SH,20220430,20220331,-28.2823,-2105.7849,-44.7811,-2.5223
300089.SZ,20220430,20220331,-14.8876,3.6171,-22.365,
300325.SZ,20220430,20220331,50.7747,39.9323,-12.3407,
002499.SZ,20220430,20220331,173.8219,-76.3828,-35.2338,-83.1936
603699.SH,20220430,20220331,20.0441,15.5296,18.0335,2.4372
836892.BJ,20220430,20220331,9.2405,14.8731,0.3441,1.1426
600651.SH,20220430,20220331,-0.0361,-2.7412,-17.8221,-2.7724
600177.SH,20220430,20220331,290.869,260.5212,-20.6091,5.8408
600613.SH,20220430,20220331,6.4132,7.6447,10.6765,0.964
002770.SZ,20220430,20220331,7.1144,529.5566,-4.0204,-8.5914
000005.SZ,20220427,20220331,-39.2479,-81.3223,-47.5627,0.1101
000006.SZ,20220428,20220331,-61.7339,-83.5055,-34.8026,0.5739
000009.SZ,20220428,20220331,53.563,-13.2107,-8.3414,2.4888
000010.SZ,20220428,20220331,-19.3544,24.9239,38.4919,0.2581
000011.SZ,20220427,20220331,29.9913,2.6439,-60.7089,5.0349
000016.SZ,20220428,20220331,-15.2923,42.6757,-7.5832,-4.5424
000019.SZ,20220426,20220331,-13.6411,1.0077,9.9073,2.8049
000020.SZ,20220426,20220331,-10.0322,6.0979,33.2966,0.3938
000028.SZ,20220428,20220331,6.8591,-23.2477,-1.2679,1.6095
000031.SZ,20220428,20220331,18.7188,-137.4676,-4.1109,-0.6429
000033.SZ,20220429,20220331,-24.8869,-8839.932,29.0095,
000034.SZ,20220428,20220331,19.0678,19.7518,-3.5171,3.0148
000037.SZ,20220427,20220331,-13.07,-196.9267,-45.3445,-3.3463
000039.SZ,20220428,20220331,23.1935,13.1981,17.0562,3.3069
000040.SZ,20220427,20220331,16.1634,30.0884,-4.1108,-0.4951
000042.SZ,20220428,20220331,-36.5658,129.0366,-104.3699,0.2079
000048.SZ,20220427,20220331,-77.2131,-134.9521,62.8012,-4.6831
000049.SZ,20220426,20220331,27.5585,14.3628,0.4164,4.0998
000050.SZ,20220430,20220331,-0.7151,761.2844,3.0335,-0.3656
000055.SZ,20220428,20220331,0.7704,-41.6102,-46.7601,0.7075
000056.SZ,20220430,20220331,-5.3389,-4695.8291,36.1848,-3.6058
000059.SZ,20220427,20220331,37.8765,-45.1163,-24.8761,1.9496
000060.SZ,20220428,20220331,61.624,29.5758,0.9516,2.531
000061.SZ,20220426,20220331,4.7858,2.1747,35.9455,1.0112
000062.SZ,20220428,20220331,26.1924,-2.9939,7.8023,3.5411
000063.SZ,20220426,20220331,6.4349,1.6047,4.2506,3.7113
000065.SZ,20220430,20220331,37.2009,54.7275,-35.9271,1.4688
000066.SZ,20220430,20220331,-9.2398,26.3498,-66.5191,-0.8838
000069.SZ,20220427,20220331,-12.5637,-80.4441,-152.3221,-0.0785
000070.SZ,20220430,20220331,-47.9706,-38.5776,-37.6591,0.3216
000090.SZ,20220428,20220331,-6.6481,-1.6389,-63.9011,6.918
000099.SZ,20220426,20220331,8.5749,111.8677,47.2699,1.4865
000100.SZ,20220428,20220331,26.2052,-43.7319,9.5249,1.4134
000151.SZ,20220428,20220331,60.8979,-82.4718,28.4294,0.1571
000153.SZ,20220429,20220331,11.4319,31.0389,3.3494,1.5346
000155.SZ,20220421,20220331,-55.3351,20.3344,48.054,4.4173
000157.SZ,20220427,20220331,-47.4439,-62.4773,5.8928,1.5383
000158.SZ,20220428,20220331,36.9705,2.6696,-61.9525,-2.3803
000159.SZ,20220426,20220331,70.4351,-38.1723,-4.1008,0.9289
000338.SZ,20220430,20220331,-37.1631,-68.6119,-11.2019,1.2518
000400.SZ,20220428,20220331,36.0388,21.7232,-15.2289,0.9888
000401.SZ,20220420,20220331,-2.505,-352.8776,-14.0715,-0.7901
000402.SZ,20220428,20220331,210.4773,67.7054,-50.886,0.393
000403.SZ,20220430,20220331,75.6732,87.2361,15.5945,1.4109
000404.SZ,20220420,20220331,9.2682,369.5173,-9.2484,0.6164
000409.SZ,20220428,20220331,152.596,-51.9576,-3.4572,0.4525
000421.SZ,20220427,20220331,31.5379,-179.8181,-41.1972,-0.4669
000422.SZ,20220426,20220331,55.1016,200.6458,19.8797,21.8964
000426.SZ,20220430,20220331,-11.853,-44.2363,34.8045,1.1228
000429.SZ,20220427,20220331,-15.2503,7.9804,72.3518,4.3928
000430.SZ,20220427,20220331,-62.8614,-96.1995,-505.6933,-5.036
000488.SZ,20220430,20220331,-16.5666,-90.3384,2.6154,0.5197
000498.SZ,20220426,20220331,61.61,47.9216,-12.3167,1.6482
000501.SZ,20220428,20220331,-6.4679,-34.1952,-5.0057,1.6349
000502.SZ,20220430,20220331,1071.5456,-10.2359,-97.8577,-3.4514
000503.SZ,20220430,20220331,38.4311,12.1544,-268.2163,-6.551
000504.SZ,20220430,20220331,95.6403,-83.2927,5.8936,-0.6009
000505.SZ,20220427,20220331,29.3169,1.1141,-6.4029,1.2418
000510.SZ,20220427,20220331,29.0058,-52.9088,-15.3014,2.3235
000516.SZ,20220428,20220331,-51.7804,-134.0147,-67.6667,-8.0681
000519.SZ,20220426,20220331,1.1523,191.0307,-40.3954,3.0427
000520.SZ,20220420,20220331,7.2727,66.2728,16.1303,2.0238
000521.SZ,20220420,20220331,-2.8376,-2.8347,-26.5269,-0.466
000524.SZ,20220430,20220331,-35.0088,-35.7369,-64.7235,-3.5509
000526.SZ,20220426,20220331,-28.2194,-78.1812,27.9943,-1.1476
000529.SZ,20220428,20220331,25.5519,7.0727,-0.4525,2.0492
000532.SZ,20220427,20220331,31.7614,147.0853,54.2761,1.1535
000539.SZ,20220428,20220331,28.2914,-436.5103,-5.4462,-2.0144
000543.SZ,20220428,20220331,52.3529,25.2524,15.611,1.043
000544.SZ,20220428,20220331,-3.065,-13.964,-79.4795,1.7209
000548.SZ,20220427,20220331,-12.9084,-52.1897,-45.2821,0.4607
000550.SZ,20220427,20220331,-10.0639,-30.1057,-37.2142,-0.3196
000551.SZ,20220428,20220331,8.5378,12.1752,-4.8299,1.7881
000552.SZ,20220427,20220331,16.3393,178.7173,22.3855,4.8861
000553.SZ,20220428,20220331,25.4457,187.4314,-20.1181,1.9485
000554.SZ,20220428,20220331,21.515,107.3202,3.0313,0.3114
000556.SZ,20220428,20220331,116.2073,162.7038,-22.6753,0.3554
000557.SZ,20220428,20220331,52.5026,19.903,7.359,1.3625
000559.SZ,20220428,20220331,17.6134,58.1479,4.1884,2.8224
000561.SZ,20220428,20220331,-14.1378,-135.7169,-157.1028,-2.0824
000563.SZ,20220428,20220331,-6.2398,1.825,-95.5943,1.4286
000565.SZ,20220428,20220331,-2.4956,106.8107,-21.6414,3.8636
000567.SZ,20220427,20220331,171.947,164.9514,-204.5509,2.7283
000581.SZ,20220427,20220331,-8.0451,-16.3462,-18.4522,3.7254
000582.SZ,20220427,20220331,11.4162,0.8675,25.5809,2.0333
000584.SZ,20220428,20220331,-60.8792,-189.7823,-17.6012,-2.2732
000586.SZ,20220427,20220331,-13.2283,5.0322,-2.5964,1.0649
000591.SZ,20220428,20220331,-11.5842,-7.7646,13.8503,1.7162
000595.SZ,20220427,20220331,23.1498,20.1358,-65.4222,-2.2699
000596.SZ,20220430,20220331,27.707,34.9006,52.6374,6.379
000597.SZ,20220428,20220331,16.4926,76.6521,11.1484,1.2682
000598.SZ,20220428,20220331,19.1036,18.8352,-5.5182,2.5348
000600.SZ,20220428,20220331,19.5773,-76.854,-18.325,0.617
000601.SZ,20220430,20220331,-26.6463,-6.4477,1.7037,0.4311
000606.SZ,20220430,20220331,-86.1456,-192.1324,-48.4994,
000609.SZ,20220428,20220331,128.5312,-3.8737,163.0074,-4.5248
000612.SZ,20220428,20220331,7.4149,-2.5003,19.7321,3.8906
000633.SZ,20220427,20220331,46.1225,71.6736,0.2245,1.2835
000635.SZ,20220428,20220331,-26.0361,-164.8855,33.8963,-1.6094
000636.SZ,20220428,20220331,-6.1226,-3.1572,-11.0758,1.6975
000638.SZ,20220430,20220331,-4.9608,-126.2547,-189.7549,-2.6232
000650.SZ,20220427,20220331,7.662,1.9465,-7.5082,2.6471
000651.SZ,20220430,20220331,6.2376,16.2774,9.6265,3.7562
000652.SZ,20220428,20220331,72.8566,6.377,-4.1865,-0.6089
000656.SZ,20220430,20220331,2.2076,-163.9986,19.5993,-1.6345
000658.SZ,20220427,20220331,153.5887,-188.2582,-804.782,
000661.SZ,20220428,20220331,30.3968,30.1588,20.287,7.5055
000665.SZ,20220427,20220331,-11.4559,-77.6279,2.8061,-1.7384
000666.SZ,20220426,20220331,24.4885,6.6784,-146.6987,1.36
000668.SZ,20220430,20220331,545.2351,30.3488,-33.4402,-1.0465
000672.SZ,20220427,20220331,21.7755,-3.7926,26.5772,3.7224
000676.SZ,20220428,20220331,-55.9228,-50.7424,10.313,0.6292
000677.SZ,20220426,20220331,14.7602,43.389,0.5961,4.1537
000679.SZ,20220430,20220331,-9.1391,14.503,-83.5941,-2.3218
000686.SZ,20220428,20220331,-38.3812,-176.5563,103.876,-1.4574
000688.SZ,20220428,20220331,58.638,-13.639,29.9486,1.5406
000691.SZ,20220428,20220331,-49.1864,-137.7161,-12.0063,-2.2741
000692.SZ,20220427,20220331,11.6545,-616.6902,-14.7659,
000697.SZ,20220430,20220331,23.1366,-94.3383,-9.5925,-23.2478
000698.SZ,20220427,20220331,-48.2405,-136.5166,-0.0105,-3.0438
000700.SZ,20220430,20220331,-10.537,9.6378,12.0951,1.6849
000701.SZ,20220427,20220331,20.0872,54.8633,-8.6299,0.0513
000702.SZ,20220430,20220331,-38.5072,-731.1838,-11.8378,-14.0576
000703.SZ,20220426,20220331,7.6328,-39.3632,-11.4311,2.5594
000707.SZ,20220427,20220331,100.2035,603.6505,25.8891,27.6621
000711.SZ,20220428,20220331,-52.1631,2.6641,-1.6446,-12.1577
000713.SZ,20220428,20220331,-11.9693,-46.8486,-31.0218,0.2203
000716.SZ,20220430,20220331,-19.0347,-41.002,1.2407,0.1848
000718.SZ,20220428,20220331,-41.8177,-51.4941,33.3261,1.4861
000719.SZ,20220427,20220331,-6.5931,0.5804,0.4261,0.9949
000720.SZ,20220428,20220331,15.1152,-130.7773,-23.7205,-1.2172
000721.SZ,20220420,20220331,5.1804,-25.5473,-33.5946,-8.8268
000722.SZ,20220427,20220331,30.3358,97.3932,-20.5518,1.2287
000723.SZ,20220428,20220331,63.9465,6.0686,13.8252,5.2773
000725.SZ,20220428,20220331,0.3989,-16.5725,29.2326,2.4018
000728.SZ,20220426,20220331,-36.7056,-135.963,-222.7707,-0.3925
000729.SZ,20220428,20220331,11.6616,100.7954,23.9308,-0.1853
000731.SZ,20220426,20220331,60.1347,245.3003,24.5139,4.8933
000735.SZ,20220430,20220331,3.9445,-165.2994,30.8145,-1.079
000737.SZ,20220428,20220331,37.3005,18.7069,25.0594,6.8505
000738.SZ,20220427,20220331,31.3323,59.9885,-22.622,1.9978
000739.SZ,20220427,20220331,6.8502,-29.9625,8.1705,2.6461
000750.SZ,20220428,20220331,-37.9842,-69.9802,-101.293,0.272
000751.SZ,20220427,20220331,49.7424,-76.3568,3.2088,0.023
000755.SZ,20220428,20220331,-6.9445,2.864,87.2079,2.3096
000757.SZ,20220428,20220331,-28.7854,-200.0648,4.8618,-0.937
000758.SZ,20220430,20220331,-11.9757,-3.7557,6.7688,1.7971
000761.SZ,20220427,20220331,8.9772,-36.7988,1.739,1.8627
000766.SZ,20220428,20220331,-6.6417,42.1878,1.8934,0.1846
000777.SZ,20220427,20220331,-24.1002,-186.5339,-115.6653,-0.988
000778.SZ,20220427,20220331,-2.0225,31.3993,-3.5883,2.3507
000779.SZ,20220427,20220331,3.007,-28.4938,-69.8106,1.327
000786.SZ,20220430,20220331,10.4652,7.2762,-8.9315,2.8123
000789.SZ,20220428,20220331,0.9617,-35.6384,0.025,2.7156
000790.SZ,20220430,20220331,39.1109,-19.4775,9.5164,0.941
000791.SZ,20220427,20220331,-5.2975,-84.5347,43.3779,-0.4145
000792.SZ,20220426,20220331,152.4966,340.9087,59.0948,31.3094
000795.SZ,20220426,20220331,43.5579,47.9854,-9.5853,1.6998
000797.SZ,20220427,20220331,10.0167,-36.4589,3.6786,0.2733
000798.SZ,20220428,20220331,-19.3283,31.6672,-47.0308,-2.0853
000800.SZ,20220430,20220331,-66.3943,-74.7051,-15.5647,1.4637
000801.SZ,20220420,20220331,7.1644,18.4087,-4.8462,0.7781
000802.SZ,20220427,20220331,-68.5895,22.5569,-202.1838,-1.3154
000803.SZ,20220420,20220331,75.7284,300.6913,-27.2177,3.0775
000809.SZ,20220428,20220331,-19.1506,-10.5791,-327.5666,-1.1691
000810.SZ,20220421,20220331,24.8094,33.7379,0.0919,4.2269
000812.SZ,20220428,20220331,21.5795,630.6984,-37.2855,0.3592
000815.SZ,20220428,20220331,-10.5393,-112.3354,-12.307,-0.1876
000818.SZ,20220428,20220331,-10.5231,-57.4319,-9.1915,2.361
000819.SZ,20220426,20220331,157.7521,306.4382,-6.6824,1.2677
000822.SZ,20220427,20220331,66.7869,181.2312,-1.555,4.77
000823.SZ,20220427,20220331,13.9244,-0.2444,3.976,1.7858
000828.SZ,20220428,20220331,-25.0311,-29.1055,-249.0068,2.0762
000830.SZ,20220430,20220331,23.0854,32.146,15.9321,7.0137
000833.SZ,20220420,20220331,3.4556,2883.3897,-3.0226,1.1
000835.SZ,20220428,20220331,-92.3901,5.4758,-3605.3378,
000836.SZ,20220428,20220331,98.5482,106.3109,-9.9566,0.2075
000838.SZ,20220412,20220331,162.323,160.0944,-13.3043,1.4249
000839.SZ,20220430,20220331,11.5037,-229.1127,-14.1822,-2.3534
000848.SZ,20220428,20220331,14.9478,11.1886,7.1849,9.4961
000850.SZ,20220427,20220331,4.2914,-534.9101,0.8712,0.63
000852.SZ,20220429,20220331,26.6464,571.7654,-7.3988,0.463
000856.SZ,20220421,20220331,-15.6564,-146.9852,2.9646,-0.8725
000859.SZ,20220427,20220331,27.2123,11.4685,-3.5235,1.647
000860.SZ,20220428,20220331,-28.7754,-72.057,-25.7396,1.3361
000862.SZ,20220426,20220331,-14.2346,-66.277,28.2898,0.8757
000868.SZ,20220426,20220331,-14.899,-107.8762,96.1711,-20.8499
000875.SZ,20220428,20220331,22.237,-2.4995,20.9011,3.868
000877.SZ,20220426,20220331,-1.7671,-23.3888,-5.7985,1.1488
000878.SZ,20220428,20220331,6.7694,161.3003,-2.6237,4.0363
000881.SZ,20220430,20220331,37.1998,62.8593,-3.1166,-0.4181
000886.SZ,20220428,20220331,413.628,-92.3111,-25.4779,-0.179
000889.SZ,20220430,20220331,-28.0597,-158.5975,-53.529,-3.102
000892.SZ,20220430,20220331,548.7406,-37.9323,45.5325,3.7441
000895.SZ,20220427,20220331,-24.7334,1.345,-1.6577,5.8159
000903.SZ,20220428,20220331,-26.7946,-124.197,-58.2548,-1.0127
000906.SZ,20220422,20220331,0.5565,-1.0118,-24.3891,2.519
000909.SZ,20220430,20220331,-35.4888,-7.3859,-102.4241,0.2466
000910.SZ,20220428,20220331,-6.1637,-130.8828,-3.9351,-0.5313
000911.SZ,20220427,20220331,-10.4997,-1080.8999,-125.1629,-21.0506
000913.SZ,20220428,20220331,1.5249,-40.6482,5.3774,1.0799
000919.SZ,20220428,20220331,-1.2239,12.1161,-10.4555,1.5383
000921.SZ,20220412,20220331,31.3525,22.1022,-1.1068,1.7779
000923.SZ,20220427,20220331,-19.2928,-35.6993,21.7204,3.4123
000925.SZ,20220427,20220331,-14.6513,-37.8933,-106.6027,0.5674
000926.SZ,20220427,20220331,-11.4843,-46.9257,-80.1103,0.2046
000931.SZ,20220427,20220331,16.7087,1.5349,-18.5146,-0.5161
000932.SZ,20220430,20220331,6.1337,2.8159,-0.1545,4.4085
000933.SZ,20220426,20220331,57.2995,232.5851,26.4331,18.7262
000936.SZ,20220427,20220331,15.0645,-90.0051,-28.6087,0.3799
000948.SZ,20220427,20220331,92.8455,41.1074,-112.4684,-0.5977
000958.SZ,20220426,20220331,-28.5295,-15.9374,45.5247,1.7012
000960.SZ,20220427,20220331,8.1309,268.046,4.3172,7.123
000962.SZ,20220426,20220331,24.9348,217.6865,3.1549,1.7611
000963.SZ,20220428,20220331,0.4041,-7.1225,-2.9175,4.1274
000965.SZ,20220427,20220331,889.4431,164.6067,54.3732,0.5912
000967.SZ,20220430,20220331,3.1147,-6.7713,-18.896,0.7035
000970.SZ,20220428,20220331,67.9711,229.7858,-15.9086,2.9459
000972.SZ,20220427,20220331,,75.041,172.6406,-7.6392
000976.SZ,20220430,20220331,-27.4373,11.015,-1.9243,1.0395
000978.SZ,20220429,20220331,-44.8531,-30.3733,-222.5127,-6.7382
000982.SZ,20220428,20220331,-28.703,-147.9476,-78.5262,-0.631
000988.SZ,20220428,20220331,59.8063,98.7252,-4.781,2.7647
000990.SZ,20220427,20220331,12.4267,-54.583,2.5539,0.7867
000993.SZ,20220427,20220331,79.8392,304.6055,98.0075,1.5358
000995.SZ,20220428,20220331,183.1502,136.6139,-10.7715,1.3257
000997.SZ,20220427,20220331,4.3076,-19.2151,10.911,2.8615
000998.SZ,20220426,20220331,6.4772,34.3821,-41.2184,0.7783
001205.SZ,20220427,20220331,26.3549,17.5157,14.9217,2.7704
001206.SZ,20220426,20220331,13.872,-44.9139,16.382,0.8517
001207.SZ,20220428,20220331,7.5581,-56.6697,-8.3781,1.4418
001212.SZ,20220426,20220331,7.4368,-38.5376,-7.95,1.2071
001213.SZ,20220427,20220331,-5.4327,-15.0671,2.4091,0.6353
001217.SZ,20220422,20220331,30.3503,-34.8132,2.8692,2.385
001218.SZ,20220427,20220331,10.1193,-49.3442,0.9754,1.3658
001228.SZ,20220428,20220331,94.2134,85.3826,3.8526,6.7742
001266.SZ,20220428,20220331,-14.6826,-10.1673,6.8999,3.7118
001267.SZ,20220427,20220331,-31.1,-33.5767,-92.3214,0.5124
001289.SZ,20220428,20220331,5.8323,-21.3298,24.2867,3.4247
001296.SZ,20220428,20220331,11.0793,-5.063,-5.2746,0.6979
001317.SZ,20220427,20220331,-13.1312,-39.6006,1.3954,0.8933
001696.SZ,20220428,20220331,3.7944,-17.7113,7.0754,1.7745
001896.SZ,20220427,20220331,34.4655,-671.1064,8.1812,-10.1119
001914.SZ,20220428,20220331,14.7469,24.3453,-33.8013,1.4605
001965.SZ,20220427,20220331,-10.1447,-11.661,17.4156,1.836
001979.SZ,20220428,20220331,48.3632,-33.7153,-17.6574,0.2527
002001.SZ,20220428,20220331,13.6597,5.1777,9.806,5.1104
002002.SZ,20220430,20220331,-44.6041,-61.968,0.4542,1.0203
002008.SZ,20220421,20220331,8.2735,0.6669,-20.2192,2.4965
002009.SZ,20220426,20220331,29.9467,121.2231,-11.271,3.6676
002011.SZ,20220428,20220331,-6.4002,-14.6673,-1.6809,4.1177
002012.SZ,20220427,20220331,-38.8803,-43.9355,28.2385,0.5662
002013.SZ,20220426,20220331,10.315,26.0711,-39.5356,1.8272
002015.SZ,20220427,20220331,-8.5967,-8.0933,10.445,1.208
002016.SZ,20220428,20220331,-10.4284,-24.3884,-191.1828,1.2562
002017.SZ,20220420,20220331,12.0018,25.12,-14.315,0.5257
002020.SZ,20220427,20220331,1.5225,2.429,19.4441,2.6428
002021.SZ,20220430,20220331,28.9462,63.3692,-13.4756,10.5734
002022.SZ,20220430,20220331,-71.0643,-93.4887,2.9987,0.5465
002023.SZ,20220426,20220331,20.1814,132.8116,38.3932,0.5153
002025.SZ,20220427,20220331,34.8851,33.5038,-33.619,2.9122
002026.SZ,20220426,20220331,29.8871,-31.5751,-28.507,1.9802
002029.SZ,20220426,20220331,-5.2243,-29.8973,9.7015,0.6606
002034.SZ,20220428,20220331,21.1236,15.1162,18.102,3.0386
002036.SZ,20220426,20220331,-12.1202,10.8957,0.0738,0.8598
002037.SZ,20220430,20220331,-3.6278,-47.9669,-53.2,-1.6472
002038.SZ,20220426,20220331,8.5901,-31.0727,29.8611,1.3779
002039.SZ,20220427,20220331,35.0285,99.192,71.3163,2.6137
002040.SZ,20220430,20220331,9.981,21.4958,9.5855,1.1903
002042.SZ,20220428,20220331,7.8704,14.3616,16.5678,1.8707
002043.SZ,20220428,20220331,18.9673,-7.7111,-24.0609,3.5262
002044.SZ,20220430,20220331,1.1222,-1.4396,-30.4802,-5.7043
002045.SZ,20220428,20220331,1.3019,-89.0671,16.385,0.1228
002046.SZ,20220426,20220331,38.714,14.0603,2.268,1.7741
002047.SZ,20220430,20220331,-29.2333,-328.2462,-23.5196,-1.5413
002048.SZ,20220429,20220331,-3.2036,-17.598,10.3022,1.666
002049.SZ,20220426,20220331,40.835,63.9103,-14.9477,6.7608
002050.SZ,20220426,20220331,40.941,25.8052,2.6216,3.5379
002051.SZ,20220428,20220331,53.0472,9.1896,-5.9028,0.6128
002054.SZ,20220419,20220331,23.8853,36.0975,0.6427,1.7216
002055.SZ,20220428,20220331,3.5929,-33.5611,1.2072,0.5532
002058.SZ,20220430,20220331,-7.0163,-227.3298,-48.6227,-1.2554
002060.SZ,20220430,20220331,-5.3113,-4.5516,-8.7042,1.2625
002062.SZ,20220427,20220331,-18.9244,-2.9228,8.7733,2.6453
002063.SZ,20220422,20220331,24.8375,2.7582,-72.6368,0.1565
002064.SZ,20220430,20220331,25.8676,-16.9347,2.8573,6.3724
002066.SZ,20220421,20220331,8.6637,27.0313,-1.5272,2.8183
002068.SZ,20220422,20220331,-0.5112,-103.7899,-8.9558,-0.5617
002069.SZ,20220430,20220331,11.5682,52.7001,9.3253,-51.7032
002073.SZ,20220426,20220331,106.7614,61.3613,-2.643,0.1552
002075.SZ,20220427,20220331,13.2357,-12.3686,1.1577,2.5415
002077.SZ,20220428,20220331,1.4894,169.4783,-7.8979,0.3205
002079.SZ,20220428,20220331,42.2056,17.4503,-10.3111,2.2972
002082.SZ,20220428,20220331,-42.8475,-10.1036,-26.1298,0.809
002093.SZ,20220426,20220331,8.4995,17.7239,-47.9173,0.7422
002094.SZ,20220430,20220331,-3.8209,48.4037,2.2409,0.5843
002096.SZ,20220428,20220331,16.9263,-37.796,-34.4928,-0.8044
002097.SZ,20220430,20220331,-49.9505,-116.4669,-78.751,-1.0175
002098.SZ,20220428,20220331,24.7109,16.4772,1.196,2.4576
002099.SZ,20220426,20220331,25.2554,52.1723,18.5982,1.2427
002101.SZ,20220426,20220331,-1.3605,13.2265,8.1717,1.2399
002102.SZ,20220426,20220331,-5.888,116.8225,1.0714,2.2861
002108.SZ,20220429,20220331,-13.5928,-47.1098,-1.7435,1.366
002109.SZ,20220422,20220331,42.5906,98.2729,29.115,5.0506
002110.SZ,20220428,20220331,-11.5769,-42.3889,-7.4145,2.2205
002111.SZ,20220426,20220331,-12.7945,-17.5262,23.346,1.8245
002112.SZ,20220428,20220331,13.8015,34.4348,8.1904,0.2869
002114.SZ,20220428,20220331,6.04,-530.7419,-8.6341,-0.7844
002115.SZ,20220430,20220331,-9.38,-13.6144,-4.4339,0.474
002116.SZ,20220428,20220331,18.397,30.0482,-22.7585,2.6018
002120.SZ,20220427,20220331,38.6604,52.0072,8.7077,2.5083
002121.SZ,20220427,20220331,-12.1109,-18.6971,-7.0729,-7.3148
002123.SZ,20220426,20220331,11.0771,-182.6969,25.3636,-0.9281
002124.SZ,20220428,20220331,-51.8941,-444.7796,-5.5842,-21.3348
002125.SZ,20220427,20220331,27.6966,633.9721,4.4257,6.7056
002127.SZ,20220428,20220331,16.4195,3.7849,-39.0256,2.6874
002128.SZ,20220427,20220331,23.9552,49.5282,26.7087,7.1363
002131.SZ,20220430,20220331,8.2033,-63.2916,4.8158,0.366
002132.SZ,20220427,20220331,16.7366,-36.8503,-12.3548,0.7317
002134.SZ,20220427,20220331,13.4041,163.7437,29.9687,0.5587
002137.SZ,20220426,20220331,-0.0843,33.186,-0.1959,0.7997
002138.SZ,20220420,20220331,-4.5471,-14.7642,1.6963,2.7306
002139.SZ,20220421,20220331,10.0166,-60.7001,3.3805,1.1399
002142.SZ,20220427,20220331,15.4015,20.8025,989.694,3.7578
002144.SZ,20220427,20220331,-9.4356,-35.0683,17.0878,0.7097
002145.SZ,20220427,20220331,20.5235,4.6081,14.4925,4.1091
002146.SZ,20220430,20220331,-67.9404,-211.3988,59.5067,-2.3161
002148.SZ,20220427,20220331,13.7902,-1.6956,21.5345,-0.0636
002149.SZ,20220427,20220331,5.8154,-31.5606,-14.4043,0.4708
002151.SZ,20220426,20220331,-16.7638,9.4476,-21.5625,0.7398
002152.SZ,20220428,20220331,10.6178,11.1342,-53.8578,1.9152
002156.SZ,20220428,20220331,37.7481,5.5452,-3.6605,1.37
002159.SZ,20220430,20220331,-34.2516,-77.123,-21.4681,-2.4651
002160.SZ,20220427,20220331,7.1058,-15.6488,0.6729,0.7173
002162.SZ,20220427,20220331,-10.6744,-32.6191,-52.6363,-1.2406
002163.SZ,20220428,20220331,-27.3599,-307.4795,-65.545,-4.9019
002164.SZ,20220430,20220331,25.5556,92.8068,-24.9788,2.7258
002169.SZ,20220430,20220331,23.1226,-119.7137,-8.4644,-2.0823
002171.SZ,20220428,20220331,28.699,-5.2295,-11.3495,1.2544
002173.SZ,20220430,20220331,6.1334,40.8067,-42.4676,-0.943
002174.SZ,20220430,20220331,-42.3108,-57.359,26.0767,1.036
002175.SZ,20220427,20220331,47.9601,126.6027,-8.4951,2.4473
002179.SZ,20220430,20220331,17.1331,18.0966,-13.8606,4.716
002180.SZ,20220428,20220331,6.7429,77.6789,-4.886,2.7269
002182.SZ,20220428,20220331,44.0308,302.6671,3.5829,8.2597
002183.SZ,20220428,20220331,-24.5332,-44.5863,0.8774,0.4503
002188.SZ,20220426,20220331,42.9477,153.6142,-99.9341,10.6619
002189.SZ,20220427,20220331,2.0344,-1027.5022,-12.518,-2.0593
002190.SZ,20220426,20220331,43.8666,714.0177,-4.5573,0.1741
002191.SZ,20220420,20220331,15.3598,20.8493,4.5292,3.5885
002192.SZ,20220426,20220331,339.4594,13996.2571,4.6836,32.8922
002194.SZ,20220428,20220331,-2.4975,41.2053,-12.0116,4.4433
002195.SZ,20220430,20220331,-27.8558,-5.5339,222.1736,1.0754
002198.SZ,20220427,20220331,-1.1347,-67.3424,0.9095,0.391
002200.SZ,20220426,20220331,-97.7922,-1043.1652,-674.2711,-74.6932
002201.SZ,20220430,20220331,9.2311,-10.9422,2.5536,0.8449
002202.SZ,20220427,20220331,-8.2574,15.2691,-58.706,3.9206
002204.SZ,20220427,20220331,23.446,156.041,-5.6816,0.517
002208.SZ,20220428,20220331,-78.9308,-90.7885,-25.2475,0.5567
002212.SZ,20220430,20220331,42.802,32.137,-72.0001,-0.7585
002213.SZ,20220427,20220331,15.013,99.8581,-13.1935,0.2024
002215.SZ,20220427,20220331,4.5366,12.1618,-46.3976,4.9703
002216.SZ,20220420,20220331,0.4875,48.3593,5.1279,7.1372
002217.SZ,20220430,20220331,-9.6134,-286.3987,-1.6701,-2.428
002218.SZ,20220428,20220331,10.2897,-84.152,53.3069,0.2751
002221.SZ,20220428,20220331,-4.1717,-71.3529,-15.3135,0.6996
002223.SZ,20220428,20220331,9.6002,1.1129,22.6196,4.6196
002224.SZ,20220430,20220331,-7.6859,-180.755,-49.9474,0.4744
002226.SZ,20220427,20220331,10.2354,-8.0706,0.3572,1.8853
002230.SZ,20220422,20220331,40.1663,-20.5669,-33.7196,0.8652
002232.SZ,20220428,20220331,80.6591,49.9487,18.7149,0.5734
002235.SZ,20220428,20220331,54.4758,-45.9362,-12.8835,-0.1545
002239.SZ,20220430,20220331,24.1076,-403.0463,19.01,-1.2092
002240.SZ,20220427,20220331,212.5915,900.9602,3.4029,18.9598
002241.SZ,20220427,20220331,43.3672,-6.7124,7.2917,3.1517
002243.SZ,20220427,20220331,12.9697,-9.4656,3.6459,0.0542
002248.SZ,20220428,20220331,-14.8454,-17.8859,-8.352,4.193
002249.SZ,20220426,20220331,21.5407,12.5381,2.2443,1.42
002250.SZ,20220428,20220331,18.5017,-11.7105,27.5038,0.838
002254.SZ,20220420,20220331,10.5741,-17.5901,-1.7751,3.4002
002256.SZ,20220428,20220331,-21.1873,3.4761,-30.2925,-2.9991
002258.SZ,20220427,20220331,76.3193,142.0184,7.8368,10.3045
002260.SZ,20220430,20220331,-32.2933,-73.0175,-70.5764,-12.1112
002261.SZ,20220428,20220331,22.7968,53.2837,-35.4274,0.7517
002263.SZ,20220427,20220331,6.0385,-32.0981,4.4888,1.1425
002266.SZ,20220430,20220331,26.7877,-28.454,-15.5888,4.0364
002267.SZ,20220428,20220331,29.5263,52.4422,6.9804,7.5525
002268.SZ,20220422,20220331,123.0737,49.5372,-93.1655,-0.8304
002269.SZ,20220430,20220331,-41.1032,-227.7558,-38.691,-18.7958
002270.SZ,20220426,20220331,2.7279,54.1123,26.173,2.0815
002271.SZ,20220428,20220331,17.3146,7.0667,-75.8393,1.1224
002272.SZ,20220427,20220331,12.8751,-39.14,-6.3508,-0.2797
002274.SZ,20220428,20220331,15.5082,-23.3557,14.9638,5.9472
002275.SZ,20220427,20220331,20.3222,22.915,32.4571,3.9484
002276.SZ,20220430,20220331,36.1339,199.6418,-46.2233,0.621
002277.SZ,20220430,20220331,-3.5792,-46.611,59.3167,0.8863
002282.SZ,20220426,20220331,-10.5735,-64.9396,-5.6393,0.4942
002284.SZ,20220428,20220331,8.7676,58.7314,11.659,0.6934
002285.SZ,20220428,20220331,-24.7706,-239.3747,-1.1804,-1.8058
002286.SZ,20220429,20220331,18.538,383.9387,-20.692,2.1494
002288.SZ,20220427,20220331,4.469,-16.355,7.9664,2.4313
002289.SZ,20220427,20220331,-18.9494,-9.7564,-38.7337,-2.0611
002290.SZ,20220428,20220331,6.1308,-29.8834,17.0784,4.3716
002292.SZ,20220430,20220331,-0.7369,-212.2126,-16.6447,-1.0134
002294.SZ,20220419,20220331,22.1051,53.0895,17.6712,2.2639
002295.SZ,20220430,20220331,-25.4221,-23.0387,13.0674,0.4586
002298.SZ,20220428,20220331,7.7412,45.3405,-8.9057,1.0797
002299.SZ,20220428,20220331,9.4507,-181.5285,0.6144,-0.8152
002300.SZ,20220426,20220331,23.1817,51.4585,-24.3703,1.3809
002301.SZ,20220430,20220331,4.2674,1.1256,-0.2329,1.9525
002307.SZ,20220428,20220331,6.2405,6.3103,-51.8709,0.2424
002308.SZ,20220428,20220331,20.4486,281.6727,-16.2323,0.6151
002311.SZ,20220412,20220331,26.9844,-71.623,-5.2454,1.2602
002317.SZ,20220426,20220331,9.7281,31.4069,3.7987,3.5701
002318.SZ,20220426,20220331,2.3179,36.4676,-10.5299,3.5529
002320.SZ,20220428,20220331,152.7943,-16.3454,30.9394,2.3784
002322.SZ,20220428,20220331,-30.2007,-57.1335,-73.4442,0.6587
002324.SZ,20220426,20220331,25.8801,-67.0612,-2.6174,0.8322
002328.SZ,20220428,20220331,39.6805,141.1102,1.5204,1.0019
002329.SZ,20220428,20220331,-6.0918,1387.6985,-0.5113,-0.8067
002330.SZ,20220428,20220331,-18.4835,48.2317,-6.2727,1.0653
002332.SZ,20220427,20220331,4.7599,15.4708,0.5658,2.584
002334.SZ,20220427,20220331,23.302,-91.7566,-11.2042,0.0028
002335.SZ,20220430,20220331,2.3792,2.7127,0.8385,2.3922
002336.SZ,20220428,20220331,-24.0239,13.0987,1.7415,-14.1051
002340.SZ,20220428,20220331,86.7826,20.2324,-30.9119,2.2119
002341.SZ,20220428,20220331,-45.5093,-1352.283,3.674,-3.9591
002342.SZ,20220428,20220331,-6.7936,-36.9034,-17.8467,0.1566
002345.SZ,20220430,20220331,11.8816,-9.4148,17.1341,2.6309
002346.SZ,20220427,20220331,17.4381,50.0078,38.1182,0.9807
002347.SZ,20220427,20220331,19.4709,-86.6359,-10.6626,-0.4672
002350.SZ,20220428,20220331,-15.1387,-200.4982,-49.1996,-3.2203
002351.SZ,20220428,20220331,-9.0388,-29.6408,5.9561,1.9719
002353.SZ,20220427,20220331,27.2651,-21.8399,-36.7479,1.4659
002354.SZ,20220428,20220331,76.0846,-50.4382,-14.7092,-0.1691
002357.SZ,20220427,20220331,10.1145,0.0498,-14.057,2.9091
002358.SZ,20220430,20220331,10.7585,89.2421,4.6661,0.0865
002360.SZ,20220426,20220331,10.1711,7.5867,30.5813,1.2248
002361.SZ,20220428,20220331,15.5928,-78.817,-23.8307,0.0997
002363.SZ,20220427,20220331,19.5528,-5.6468,22.5304,0.6702
002364.SZ,20220428,20220331,6.9744,-69.763,-26.0523,0.1608
002365.SZ,20220427,20220331,31.5657,544.9312,6.3458,2.4279
002367.SZ,20220427,20220331,7.0827,-36.957,-29.8288,0.7333
002369.SZ,20220426,20220331,-37.2124,-80.4094,5.6378,-4.8342
002370.SZ,20220430,20220331,-13.51,-20.5922,-13.8884,-5.5555
002372.SZ,20220428,20220331,12.2097,3.8683,-7.016,2.2727
002373.SZ,20220427,20220331,-26.1145,-282.4872,-32.5795,-0.5304
002376.SZ,20220420,20220331,-24.4951,-254.7015,-67.7342,-1.1192
002378.SZ,20220426,20220331,51.5883,876.8554,-20.848,2.9494
002384.SZ,20220422,20220331,-2.6096,48.6173,9.3782,2.0585
002388.SZ,20220428,20220331,-31.4304,-56.6976,-48.5899,0.3804
002389.SZ,20220427,20220331,46.0797,82.3352,-20.5231,0.1623
002391.SZ,20220419,20220331,24.299,41.4876,-15.0829,1.7864
002392.SZ,20220427,20220331,-5.1614,-37.1512,-7.1391,1.1013
002393.SZ,20220427,20220331,-6.4548,16.3627,10.7248,0.9456
002395.SZ,20220426,20220331,-1.8734,-129.2342,-4.5375,-0.7398
002397.SZ,20220430,20220331,2.2481,-126.7749,10.6634,-0.449
002400.SZ,20220427,20220331,1.6765,1.8639,-28.0959,0.6171
002401.SZ,20220428,20220331,5.9573,18.6499,-23.4695,3.3204
002405.SZ,20220430,20220331,19.7751,126.082,17.4905,0.0944
002406.SZ,20220428,20220331,-51.2545,-68.7651,14.2346,0.6158
002407.SZ,20220420,20220331,114.2406,685.0595,17.4423,13.5875
002408.SZ,20220429,20220331,-8.8897,-16.6411,7.8149,4.1263
002409.SZ,20220428,20220331,8.6876,22.1366,7.2601,2.2763
002410.SZ,20220426,20220331,34.6477,41.9074,-34.1927,1.6631
002412.SZ,20220428,20220331,5.7198,13.3224,17.6878,2.9019
002413.SZ,20220428,20220331,62.2503,27.8391,-40.2624,0.3761
002414.SZ,20220420,20220331,12.9536,30.6219,-6.2194,3.8626
002416.SZ,20220426,20220331,15.3476,27.542,7.1782,3.3588
002417.SZ,20220428,20220331,-85.3212,-200.7204,79.7417,-2.9697
002419.SZ,20220428,20220331,2.745,104.6153,-7.4827,1.4331
002420.SZ,20220428,20220331,-23.0876,-65.6321,2.8479,-0.5645
002421.SZ,20220420,20220331,1.2272,-75.1962,-38.9952,0.3019
002422.SZ,20220427,20220331,7.9662,66.0828,0.9399,1.8624
002424.SZ,20220427,20220331,-1.9131,4.5541,-4.0827,1.7499
002427.SZ,20220422,20220331,10.418,-183.4519,-3.4405,
002430.SZ,20220427,20220331,13.5361,7.7236,-5.4157,4.1743
002434.SZ,20220427,20220331,-6.5289,-44.6667,16.495,1.0506
002437.SZ,20220426,20220331,9.781,-95.4427,7.3392,0.8899
002438.SZ,20220427,20220331,8.3522,11.6561,-1.1649,2.5651
002440.SZ,20220430,20220331,11.5262,19.6263,39.1941,1.275
002441.SZ,20220428,20220331,4.4692,20.0804,-12.6457,3.3278
002442.SZ,20220420,20220331,22.2891,-85.7477,11.8584,0.5841
002444.SZ,20220426,20220331,45.1975,-28.7668,1.4729,1.8014
002446.SZ,20220428,20220331,58.3039,48.7369,-3.7271,2.0831
002450.SZ,20220429,20220331,-99.9573,94.2586,-63.5763,
002451.SZ,20220426,20220331,53.4546,264.6112,-6.8625,0.8427
002456.SZ,20220430,20220331,-37.6518,-341.3323,1.3667,-2.7209
002457.SZ,20220420,20220331,26.7689,-134.5319,-79.719,-0.246
002459.SZ,20220430,20220331,77.1229,378.2675,-15.4872,4.149
002460.SZ,20220427,20220331,233.9054,640.4135,21.1525,13.1471
002461.SZ,20220426,20220331,12.7744,1.4473,0.8852,0.633
002462.SZ,20220430,20220331,11.1885,-3.6548,-10.5489,1.8678
002463.SZ,20220426,20220331,9.771,13.0415,13.932,3.2012
002465.SZ,20220420,20220331,7.503,8.0969,-47.3975,0.2829
002468.SZ,20220430,20220331,35.9135,218.8383,7.6237,1.1863
002469.SZ,20220427,20220331,54.4902,20.5298,11.5559,2.3522
002470.SZ,20220430,20220331,0.4272,-167.4837,17.4549,-0.6727
002472.SZ,20220428,20220331,40.9194,124.0479,1.066,2.1696
002473.SZ,20220430,20220331,,-28.5336,-550.6066,-32.4227
002474.SZ,20220427,20220331,-15.2373,-18.5337,-12.0808,0.4102
002475.SZ,20220428,20220331,97.9147,33.6276,3.0726,4.2015
002476.SZ,20220427,20220331,42.6989,4753.9095,-110.3295,1.1845
002479.SZ,20220427,20220331,21.7904,-83.0216,2.6735,0.4548
002480.SZ,20220427,20220331,2.0965,-41.3636,61.4916,-3.4034
002481.SZ,20220420,20220331,-4.0565,-48.305,-57.7598,1.8313
002483.SZ,20220426,20220331,3.5063,-47.2509,25.513,1.0054
002484.SZ,20220427,20220331,31.2033,42.231,8.9425,2.6002
002485.SZ,20220430,20220331,-20.5499,53.9885,39.3651,-0.2606
002487.SZ,20220428,20220331,55.0341,-18.9225,-54.8265,2.0238
002491.SZ,20220430,20220331,-9.7775,338.4502,35.6396,-1.6752
002492.SZ,20220428,20220331,-17.4259,-51.6618,-72.1546,1.714
002494.SZ,20220427,20220331,-20.5207,5.405,25.4812,-0.3522
002495.SZ,20220430,20220331,-12.6951,-171.0393,-59.7677,-0.2012
002496.SZ,20220427,20220331,-86.7737,213.8924,-44.3692,0.1721
002500.SZ,20220428,20220331,-9.1154,-51.8049,167.911,0.3621
002502.SZ,20220430,20220331,-27.2005,-1530.6689,-87.3615,-2.011
002507.SZ,20220428,20220331,-2.8816,5.3918,16.2774,2.679
002508.SZ,20220420,20220331,9.3188,2.4736,6.1238,3.8082
002511.SZ,20220428,20220331,-10.3603,-50.817,13.1335,2.5532
002512.SZ,20220428,20220331,-54.4872,60.4107,-9.3908,-5.4699
002513.SZ,20220430,20220331,31.5404,-28.6658,1.0386,-0.0011
002514.SZ,20220426,20220331,-8.2192,54.7763,5.3222,0.8852
002518.SZ,20220426,20220331,18.4879,-36.7273,-33.5399,1.4142
002519.SZ,20220419,20220331,-40.7013,-13.2701,-4.1994,1.4183
002523.SZ,20220428,20220331,9.3334,1.7614,-54.3938,0.2118
002527.SZ,20220426,20220331,-8.6942,-175.444,-45.7326,-0.8624
002529.SZ,20220426,20220331,41.7979,150.4278,6.0054,-0.0836
002532.SZ,20220428,20220331,35.7376,34.8514,14.9927,4.8799
002533.SZ,20220426,20220331,15.7982,26.5983,-23.7415,1.9009
002539.SZ,20220428,20220331,87.0329,157.5948,10.5642,9.4457
002540.SZ,20220426,20220331,17.0584,-7.54,-13.0582,1.6564
002541.SZ,20220428,20220331,7.0265,-8.2559,-2.5046,1.3123
002542.SZ,20220428,20220331,-55.1544,-138.5916,-57.7676,0.0397
002544.SZ,20220422,20220331,2.7494,3.8054,-62.5517,0.4983
002545.SZ,20220428,20220331,92.7414,326.5422,8.2718,2.4188
002547.SZ,20220430,20220331,9.5284,125.7914,5.0948,2.4397
002551.SZ,20220430,20220331,-11.936,-79.8697,3.8647,0.2309
002554.SZ,20220428,20220331,38.4945,50.7801,-2.706,0.4661
002557.SZ,20220428,20220331,3.8557,5.15,-5.431,3.7385
002559.SZ,20220427,20220331,30.9132,17.6909,-8.608,1.9793
002561.SZ,20220428,20220331,-10.8125,-42.8989,-15.2211,0.7073
002562.SZ,20220428,20220331,27.5398,826.0227,-3.6961,2.9822
002564.SZ,20220421,20220331,-31.6122,-61.197,-52.9053,-1.7555
002565.SZ,20220430,20220331,-20.3612,-349.1586,32.8197,-0.0413
002566.SZ,20220427,20220331,-1.5527,-1.9284,17.28,0.9404
002568.SZ,20220426,20220331,4.143,-29.9421,1.3108,2.3627
002571.SZ,20220428,20220331,5.3524,-77.6956,-11.007,0.0496
002572.SZ,20220428,20220331,13.5334,-2.8698,-14.1808,1.8652
002573.SZ,20220430,20220331,103.373,1.675,-12.177,1.7845
002577.SZ,20220428,20220331,-22.284,-41.5711,25.6352,0.6388
002579.SZ,20220427,20220331,15.1816,-86.0761,19.1845,0.0026
002580.SZ,20220427,20220331,7.9699,213.1201,-34.4776,1.0983
002583.SZ,20220430,20220331,19.7847,50.795,0.3604,-1.6091
002584.SZ,20220428,20220331,16.2384,505.0749,0.6909,0.6193
002585.SZ,20220422,20220331,35.0016,30.0106,8.566,3.7198
002588.SZ,20220420,20220331,76.9953,46.9978,29.9029,2.7915
002590.SZ,20220427,20220331,5.7897,-124.8339,-0.0132,-0.443
002591.SZ,20220420,20220331,-23.263,-125.8683,-57.8265,-0.4283
002594.SZ,20220428,20220331,63.0206,240.5888,17.8575,0.5384
002600.SZ,20220428,20220331,9.9292,-35.0451,13.2605,1.4838
002601.SZ,20220420,20220331,30.6253,0.0307,8.8583,5.3162
002606.SZ,20220422,20220331,-20.4769,-29.3155,38.8651,3.9073
002610.SZ,20220420,20220331,121.0368,-505.8543,-19.7614,-2.1371
002611.SZ,20220420,20220331,-0.0669,-42.5801,13.4469,1.2495
002614.SZ,20220428,20220331,-23.6946,-73.464,-1.761,-0.3902
002615.SZ,20220426,20220331,15.6727,20.4985,8.8256,2.8553
002617.SZ,20220430,20220331,-7.57,-134.7381,-23.6032,-0.6614
002618.SZ,20220430,20220331,-54.4503,10.8444,91.0077,-5.5204
002620.SZ,20220430,20220331,-29.4163,-58.0737,-31.349,1.2636
002621.SZ,20220428,20220331,-44.2088,-253.826,-62.2834,-1.3111
002623.SZ,20220427,20220331,22.3719,-76.0392,-18.4879,0.1253
002624.SZ,20220426,20220331,-4.6006,80.9892,4.1038,3.9077
002628.SZ,20220428,20220331,-59.6677,-67.0329,25.7806,0.5888
002629.SZ,20220428,20220331,5.6564,-2.3342,-65.0975,-84.6667
002631.SZ,20220428,20220331,-14.9245,-744.9968,-64.8664,-1.6853
002632.SZ,20220426,20220331,-4.1982,-45.6318,0.1032,1.096
002633.SZ,20220427,20220331,40.7819,-1.7304,1.0578,0.0461
002634.SZ,20220428,20220331,30.6286,-14.0325,-8.8376,1.3843
002635.SZ,20220427,20220331,44.6844,1787.6582,10.9399,1.5192
002637.SZ,20220428,20220331,14.5415,-9.1072,3.2034,3.8388
002639.SZ,20220428,20220331,30.0057,108.4658,-33.0519,-0.8552
002643.SZ,20220428,20220331,74.2571,76.6697,17.0517,4.0073
002644.SZ,20220427,20220331,33.5025,-6.9628,11.296,1.107
002645.SZ,20220427,20220331,69.5409,88.5954,3.0871,6.7178
002646.SZ,20220426,20220331,11.4873,53.4262,15.6536,3.8566
002647.SZ,20220430,20220331,-2.9183,-122.8125,14.1077,-6.1708
002648.SZ,20220427,20220331,124.5439,98.4446,16.1762,7.6763
002649.SZ,20220426,20220331,29.6452,-7.1085,-4.2321,1.162
002651.SZ,20220427,20220331,-0.1671,-10.5384,5.0621,2.8662
002652.SZ,20220430,20220331,-55.7504,-310.3027,20.7413,-1.7944
002654.SZ,20220426,20220331,-24.4488,-113.8563,16.7371,-0.4717
002655.SZ,20220426,20220331,1.6349,-22.224,20.5665,2.8288
002656.SZ,20220428,20220331,-40.4013,31.5086,8.1804,-1.6276
002659.SZ,20220428,20220331,-88.9072,-145.7862,-220.2006,-1.6578
002660.SZ,20220428,20220331,1.7645,6.7994,-7.8426,0.8051
002661.SZ,20220426,20220331,-0.6075,-29.1132,9.9916,2.1495
002662.SZ,20220428,20220331,14.3281,28.2496,12.2441,2.9646
002663.SZ,20220430,20220331,-16.4216,-371.0795,20.6013,-1.3387
002664.SZ,20220412,20220331,9.829,-42.8442,-15.9748,0.9901
002665.SZ,20220430,20220331,-58.0412,-1777.3,26.4907,-1.1612
002667.SZ,20220426,20220331,195.2078,3172.8581,-16.8886,4.1149
002668.SZ,20220422,20220331,-10.8562,115.3866,-1.7434,4.8413
002669.SZ,20220430,20220331,54.8386,-134.3997,-12.5848,-0.485
002670.SZ,20220430,20220331,171.7945,-236.309,-1187371.5868,-0.3802
002671.SZ,20220419,20220331,-25.2845,-2077.9975,-103.6243,-2.1172
002672.SZ,20220427,20220331,28.2416,-83.5155,-1.2093,-0.1063
002673.SZ,20220428,20220331,-20.4301,-106.4471,-359.3461,-0.073
002674.SZ,20220426,20220331,-5.8296,-80.5507,-9.4052,-0.0702
002677.SZ,20220420,20220331,12.148,20.9171,17.7313,6.0229
002678.SZ,20220428,20220331,-13.7199,-16.4697,-9.4646,1.4102
002685.SZ,20220428,20220331,-73.3202,-0.3615,-4.3539,0.9402
002686.SZ,20220426,20220331,-1.0872,-38.7332,-3.6032,0.3907
002687.SZ,20220428,20220331,12.3172,-8.7766,-61.4881,1.4289
002690.SZ,20220427,20220331,14.8578,5.9268,-36.6625,4.1713
002691.SZ,20220420,20220331,38.2101,-82.5248,-7.4719,-0.0504
002692.SZ,20220428,20220331,-12.1631,2561.2556,-13.9003,-0.1625
002694.SZ,20220422,20220331,-15.147,28.3661,-16.585,-13.0971
002696.SZ,20220427,20220331,32.2857,148.499,2.9918,0.0891
002698.SZ,20220428,20220331,-7.6874,2.1651,11.0934,4.9176
002702.SZ,20220427,20220331,-9.5342,51.0931,27.9778,2.3123
002703.SZ,20220427,20220331,-11.2343,-119.8455,2.4985,-0.8646
002705.SZ,20220428,20220331,13.4648,4.6008,-7.9068,2.4666
002708.SZ,20220430,20220331,-19.8622,-336.6045,-1.3103,-3.9056
002713.SZ,20220427,20220331,-23.3533,-10.6689,-40.0804,-28.8953
002714.SZ,20220430,20220331,-9.3015,-174.3958,-0.3185,-9.9963
002719.SZ,20220426,20220331,59.543,-27.6239,-3.8743,0.3168
002721.SZ,20220430,20220331,-45.0982,-5.9955,-14.5296,-16.506
002724.SZ,20220428,20220331,-3.4991,-38.3171,-38.3815,0.3947
002725.SZ,20220430,20220331,9.8084,311.9734,-1.2496,0.8223
002728.SZ,20220428,20220331,-0.0156,9.5925,13.7074,3.522
002730.SZ,20220428,20220331,46.5267,5.2561,-0.7459,0.8288
002731.SZ,20220426,20220331,52.8067,115.5491,3.1252,2.1564
002732.SZ,20220428,20220331,-2.9923,-41.494,4.4951,1.7551
002734.SZ,20220428,20220331,-2.5389,-39.5823,-9.1067,3.3965
002735.SZ,20220430,20220331,-1.2699,219.5492,9.571,-0.1286
002737.SZ,20220428,20220331,-1.5,-2.965,35.9289,5.3184
002738.SZ,20220427,20220331,399.0212,848.7336,8.8526,17.3391
002741.SZ,20220421,20220331,44.6325,234.0947,-6.5435,2.1197
002742.SZ,20220428,20220331,-18.4558,-79.3867,-4.8596,0.1209
002743.SZ,20220427,20220331,9.1187,11.8794,8.0849,0.432
002745.SZ,20220428,20220331,-10.7043,-38.6465,-6.6446,1.2983
002746.SZ,20220426,20220331,42.2412,-170.3401,-14.3317,-1.5887
002748.SZ,20220428,20220331,52.7112,290.7996,0.0333,4.5012
002752.SZ,20220428,20220331,34.513,9.9802,6.7148,1.4896
002755.SZ,20220430,20220331,-42.5065,-89.1371,3.6605,0.4871
002756.SZ,20220426,20220331,94.2509,553.5973,13.9947,14.1256
002760.SZ,20220427,20220331,-10.2327,-7.4669,-5.1778,1.2776
002761.SZ,20220428,20220331,-5.4767,7.9776,-20.4586,4.518
002763.SZ,20220428,20220331,-2.8935,-21.7288,20.8088,4.3159
002766.SZ,20220427,20220331,12.1118,95.6416,1.7072,-0.738
002768.SZ,20220426,20220331,80.026,7.2025,1.994,3.3601
002769.SZ,20220430,20220331,-50.4793,-47.4739,108.3045,0.6089
002771.SZ,20220430,20220331,39.1206,-64.7559,-24.3449,-0.853
002772.SZ,20220412,20220331,23.3515,-67.3854,26.2909,1.7575
002774.SZ,20220427,20220331,34.5276,145.1499,-104.8595,-0.0817
002777.SZ,20220427,20220331,7.1284,5.0286,-107.9345,1.0045
002778.SZ,20220426,20220331,-19.9233,-93.2367,9.0347,0.1875
002780.SZ,20220428,20220331,1.9287,8.9246,-12.0291,0.1701
002782.SZ,20220427,20220331,39.1311,8.0385,-2.584,1.3032
002783.SZ,20220427,20220331,29.1406,1156.041,13.663,0.7077
002785.SZ,20220426,20220331,21.0227,-77.0784,0.5703,0.6961
002786.SZ,20220430,20220331,5.3541,17.7395,11.2319,-13.8253
002787.SZ,20220427,20220331,9.5426,-42.5115,-3.5203,0.169
002788.SZ,20220426,20220331,11.3236,11.0387,-8.9858,2.7976
002789.SZ,20220430,20220331,-27.7861,-36.4044,-21.4848,2.9187
002791.SZ,20220427,20220331,3.9296,-309.5734,-53.8773,-1.953
002792.SZ,20220428,20220331,17.8125,29.9774,-15.7553,0.3235
002800.SZ,20220430,20220331,32.3856,-9.5644,-12.1475,0.9816
002801.SZ,20220428,20220331,43.7646,92.8499,-5.1141,5.0553
002803.SZ,20220429,20220331,2.0806,-53.557,1.3555,2.0662
002806.SZ,20220427,20220331,56.6199,151.7019,9.2288,0.0761
002809.SZ,20220429,20220331,-35.6027,-65.6405,-8.2799,0.1283
002810.SZ,20220426,20220331,19.0531,20.6594,4.0486,5.9778
002812.SZ,20220421,20220331,79.6191,111.9239,6.9463,6.1475
002815.SZ,20220428,20220331,15.6085,28.2026,10.7554,3.3711
002817.SZ,20220426,20220331,-2.6756,29.357,23.2948,1.1986
002818.SZ,20220428,20220331,13.2948,33.5345,53.6617,3.5367
002819.SZ,20220427,20220331,109.5496,-217.3527,-40.207,-0.2584
002821.SZ,20220421,20220331,165.2776,223.5901,9.9241,3.7237
002822.SZ,20220429,20220331,-19.3579,-136.4515,-40.8281,-0.3857
002823.SZ,20220428,20220331,10.0403,-4.5963,9.076,0.5562
002825.SZ,20220426,20220331,37.8519,6.4684,1.1443,2.4457
002826.SZ,20220428,20220331,17.8442,62.1648,-2.7839,1.1393
002827.SZ,20220427,20220331,15.1695,300.1785,-11.5493,0.0815
002829.SZ,20220420,20220331,-55.9079,-146.1133,-170.1127,-0.8495
002830.SZ,20220430,20220331,-12.3201,49.4943,-45.2126,-1.2509
002831.SZ,20220427,20220331,26.0234,32.6785,10.9888,2.0546
002833.SZ,20220430,20220331,6.4648,-4.797,16.5554,4.3672
002835.SZ,20220426,20220331,-18.3565,-82.6321,14.126,-0.1564
002837.SZ,20220426,20220331,17.0995,-59.2636,14.671,0.4633
002839.SZ,20220422,20220331,11.8038,29.7374,78.9357,2.465
002840.SZ,20220427,20220331,-34.8494,-213.4672,-9.0843,-6.5049
002841.SZ,20220428,20220331,17.2394,53.0899,-6.8189,3.0484
002842.SZ,20220430,20220331,22.211,-6.0398,-2.5602,0.7364
002843.SZ,20220419,20220331,18.5844,18.231,-8.7937,2.3332
002846.SZ,20220426,20220331,12.7982,-133.2538,-2.1958,-0.7732
002849.SZ,20220428,20220331,-45.4442,-1.8305,-70.1343,-1.2738
002850.SZ,20220427,20220331,95.7184,93.3347,-10.6564,3.4693
002851.SZ,20220422,20220331,34.1277,-9.2453,1.1664,1.9527
002853.SZ,20220428,20220331,-31.8382,-46.8654,-48.2341,1.4062
002855.SZ,20220428,20220331,-13.8444,-969.1655,5.8912,-3.4725
002861.SZ,20220428,20220331,-24.1835,-329.4564,-16.0566,-1.2265
002862.SZ,20220430,20220331,-15.819,-14.8093,-57.9297,0.3588
002864.SZ,20220426,20220331,13.702,13.206,19.8242,2.6317
002865.SZ,20220430,20220331,582.1037,427.1357,2.4152,2.0615
002867.SZ,20220430,20220331,138.1474,23.2615,24.115,4.7753
002869.SZ,20220426,20220331,13.3143,-377.99,-29.45,-1.0531
002871.SZ,20220428,20220331,20.7718,-26.8273,19.3729,1.0263
002872.SZ,20220426,20220331,-59.4789,37.7113,6.6272,-1.0584
002875.SZ,20220419,20220331,-18.9745,-162.8575,-23.2702,-2.8832
002876.SZ,20220426,20220331,-0.7346,-11.5627,-2.6096,3.0258
002878.SZ,20220427,20220331,120.0785,226.3539,7.2223,9.5923
002879.SZ,20220428,20220331,14.5508,-39.212,-49.2965,0.6865
002881.SZ,20220428,20220331,54.2574,59.6609,8.0711,2.9148
002882.SZ,20220427,20220331,23.5808,13.8419,-25.6276,2.2904
002888.SZ,20220428,20220331,-17.3574,-93.7756,9.6049,0.0865
002890.SZ,20220426,20220331,-1.7038,-1.0077,-33.1665,0.5894
002896.SZ,20220428,20220331,-0.0483,-5.6519,-5.4608,1.6631
002898.SZ,20220427,20220331,-8.9105,-37.9285,-30.6024,-0.3832
002899.SZ,20220430,20220331,-13.5075,-81.3263,-22.0829,0.085
002900.SZ,20220427,20220331,11.5194,-100.2078,-3.0252,0.1868
002902.SZ,20220426,20220331,8.3758,524.0967,-23.5776,0.3473
002906.SZ,20220427,20220331,25.2266,25.5667,-0.2832,1.6681
002907.SZ,20220428,20220331,-11.7455,-19.529,17.6198,2.1587
002911.SZ,20220429,20220331,56.0826,7.8051,4.0977,1.6146
002913.SZ,20220420,20220331,18.5808,37.3422,5.1464,3.0459
002918.SZ,20220428,20220331,6.7443,-256.7917,-12.9886,-2.0147
002923.SZ,20220420,20220331,-0.4252,8.7901,-5.7069,3.1309
002926.SZ,20220426,20220331,-54.0343,-152.9565,827.9396,-0.7776
002927.SZ,20220422,20220331,21.3616,23.0835,-19.3207,1.3657
002929.SZ,20220426,20220331,43.2701,48.3754,-99.9334,2.5637
002930.SZ,20220428,20220331,4.2577,-18.4101,53.3212,2.1965
002933.SZ,20220430,20220331,261.3487,154.1817,-15.9644,0.5536
002936.SZ,20220429,20220331,7.1286,3.6587,-568.793,1.9991
002937.SZ,20220428,20220331,13.6576,-8.9196,-8.3564,3.0267
002942.SZ,20220427,20220331,13.9595,17.7693,-6.6409,2.6578
002943.SZ,20220427,20220331,134.8553,827.1708,-11.3272,2.0448
002945.SZ,20220429,20220331,-9.0912,-19.4339,2598.8816,2.3139
002947.SZ,20220427,20220331,81.0485,96.6228,12.7617,1.8153
002949.SZ,20220428,20220331,3.2701,50.7798,-39.8129,-0.9215
002951.SZ,20220427,20220331,-66.9741,-97.4353,-26.8913,-0.0648
002952.SZ,20220427,20220331,40.2961,-26.0597,-9.3868,0.9237
002953.SZ,20220429,20220331,17.3107,-25.395,3.538,2.1844
002955.SZ,20220428,20220331,13.7177,504.5352,-44.6475,0.9175
002956.SZ,20220428,20220331,17.3849,-46.6658,11.2125,1.7255
002958.SZ,20220429,20220331,-6.3445,3.085,-209.4703,2.7199
002960.SZ,20220426,20220331,64.7137,30.6369,-47.3919,1.752
002961.SZ,20220429,20220331,-26.5134,8.1346,-7.2049,4.3888
002962.SZ,20220428,20220331,84.2189,-37.6007,24.1054,0.7749
002965.SZ,20220428,20220331,54.5358,9.0562,9.8002,1.5336
002967.SZ,20220428,20220331,17.0959,-9.2354,-18.9147,-2.5669
002969.SZ,20220422,20220331,-6.448,-88.0502,12.4637,0.2234
002970.SZ,20220428,20220331,-4.0467,-199.0104,2.1384,-4.3083
002971.SZ,20220427,20220331,45.5434,25.1049,-11.6326,2.163
002973.SZ,20220427,20220331,22.0559,-11.0907,2.9348,4.5976
002975.SZ,20220426,20220331,-19.5723,-43.0137,-11.1366,2.0819
002978.SZ,20220420,20220331,-4.5736,-0.9867,50.6476,7.031
002979.SZ,20220422,20220331,1.0469,-10.6378,4.053,4.8686
002980.SZ,20220430,20220331,-9.491,-37.3553,9.9464,2.147
002982.SZ,20220428,20220331,7.9994,42.8884,-1.3084,0.4474
002983.SZ,20220420,20220331,40.1481,45.6305,39.338,2.2087
002986.SZ,20220419,20220331,157.5846,197.6002,6.8011,3.7233
002987.SZ,20220419,20220331,20.1195,-53.6688,-51.9371,1.0421
002988.SZ,20220426,20220331,31.423,33.8496,-47.4558,1.0631
002989.SZ,20220428,20220331,0.7214,12.2163,-0.4047,1.858
002991.SZ,20220428,20220331,-5.1945,-45.297,10.2695,1.6689
002993.SZ,20220420,20220331,29.7773,26.985,5.8668,3.8164
002995.SZ,20220428,20220331,-15.9811,-251.6776,-15.8109,-1.4991
002996.SZ,20220428,20220331,68.4847,61.2909,2.3069,4.3227
002997.SZ,20220426,20220331,3.048,-30.3746,-44.5383,0.3713
002999.SZ,20220428,20220331,42.4842,43.1891,-26.5697,1.1507
003002.SZ,20220427,20220331,46.0126,-4.9098,-0.8094,0.2873
003004.SZ,20220428,20220331,3.653,203.3996,26.1697,0.2511
003006.SZ,20220428,20220331,6.5851,-31.0039,4.225,4.3382
003007.SZ,20220426,20220331,63.2789,23.1467,-42.1004,-3.7573
003008.SZ,20220428,20220331,-13.5278,-30.4665,23.9086,0.9575
003011.SZ,20220428,20220331,11.4648,-32.6814,4.0405,1.332
003013.SZ,20220426,20220331,12.0266,-6.9782,-60.0149,4.6969
003015.SZ,20220426,20220331,14.647,-35.0936,25.9874,1.0875
003016.SZ,20220428,20220331,-7.4415,-34.2892,17.4272,1.8381
003017.SZ,20220428,20220331,9.8322,-66.5583,-19.9291,0.5557
003018.SZ,20220427,20220331,15.3307,12.5376,-26.7626,1.8172
003019.SZ,20220428,20220331,72.7409,110.7084,1.0216,4.1111
003023.SZ,20220419,20220331,-15.9802,-32.6869,56.41,1.7264
003025.SZ,20220428,20220331,9.41,35.051,-7.8324,3.7189
003026.SZ,20220426,20220331,12.9235,-41.8665,31.9866,2.5505
003028.SZ,20220426,20220331,1.2733,-20.5712,22.4588,3.0843
003029.SZ,20220426,20220331,14.4127,-12.4074,-115.5071,-1.512
003030.SZ,20220420,20220331,11.0711,-37.1012,-2.7101,0.7017
003033.SZ,20220427,20220331,29.6738,45.5407,-22.8915,2.4417
003036.SZ,20220428,20220331,78.0471,40.8282,-3.138,1.3615
003037.SZ,20220428,20220331,-27.8383,-83.8257,-33.8864,-0.0399
003038.SZ,20220426,20220331,109.4789,70.289,-25.8278,3.7807
003039.SZ,20220426,20220331,-0.532,-12.1534,27.8818,2.0312
003040.SZ,20220430,20220331,-5.3259,138.0352,-106.2617,2.8004
003042.SZ,20220428,20220331,14.8434,30.7189,-18.3875,1.4393
300001.SZ,20220427,20220331,32.8703,-19.5558,-29.3243,0.0834
300002.SZ,20220428,20220331,4.4487,-18.239,34.6185,1.2878
300003.SZ,20220426,20220331,-7.2811,-24.8912,17.6113,4.6832
300006.SZ,20220427,20220331,-44.8474,-153.9879,-6.3906,-1.4136
300008.SZ,20220428,20220331,76.4793,-51.3425,-28.5334,0.0284
300009.SZ,20220428,20220331,10.0096,37.6748,30.83,5.4537
300011.SZ,20220428,20220331,-16.5359,-490.9359,-36.6555,-3.022
300014.SZ,20220428,20220331,127.6898,-19.4283,12.6729,2.4005
300015.SZ,20220426,20220331,18.7242,26.152,24.7941,5.3777
300016.SZ,20220428,20220331,-17.177,-22.1768,11.623,1.7907
300021.SZ,20220428,20220331,24.6661,4.3333,-28.9048,0.744
300024.SZ,20220429,20220331,2.6178,-139.9055,-54.6231,-1.8499
300025.SZ,20220428,20220331,-10.9471,71.4336,3.2726,-0.7195
300027.SZ,20220428,20220331,-66.691,-156.1932,-57.1355,-4.9789
300033.SZ,20220426,20220331,-2.895,-34.0126,17.3654,1.7892
300034.SZ,20220427,20220331,49.2091,10.3869,-46.9087,2.0067
300035.SZ,20220428,20220331,161.6006,91.2538,-52.3193,3.8999
300039.SZ,20220428,20220331,1.1504,0.6973,25.3204,1.8284
300041.SZ,20220427,20220331,33.0605,17.3309,3.9278,3.8219
300042.SZ,20220428,20220331,-15.9984,-66.0557,-5.0231,0.3592
300043.SZ,20220428,20220331,31.9997,87.8898,12.6422,-0.5683
300044.SZ,20220428,20220331,-75.8218,109.9624,23.4974,0.0861
300045.SZ,20220428,20220331,-2.6576,-86.6298,-27.491,0.0851
300046.SZ,20220422,20220331,-3.3156,-37.5384,-9.6026,0.8483
300047.SZ,20220426,20220331,-8.8978,38.828,42.7295,-0.1171
300048.SZ,20220412,20220331,13.4088,4.8667,14.4605,0.6224
300049.SZ,20220428,20220331,18.2923,-31.2053,17.7575,0.5763
300050.SZ,20220428,20220331,6.2618,183.5902,-26.2829,0.5056
300051.SZ,20220426,20220331,-21.4552,-152.3194,17.739,-0.9802
300052.SZ,20220429,20220331,-12.8573,-42.0579,18.2621,0.0773
300053.SZ,20220428,20220331,-1.1758,-53.5713,-52.7786,0.1337
300054.SZ,20220426,20220331,9.567,90.1235,12.7236,1.6416
300055.SZ,20220428,20220331,115.9968,-78.4398,19.3848,0.4926
300056.SZ,20220427,20220331,2.2715,-57.84,12.0389,-1.9795
300057.SZ,20220428,20220331,-5.0657,663.0137,-13.1208,1.4108
300058.SZ,20220428,20220331,-25.1093,-91.003,2.5979,1.2625
300069.SZ,20220427,20220331,-44.8604,8.2956,-45.8654,-3.4633
300070.SZ,20220428,20220331,4.4779,121.8515,-36.5255,0.005
300071.SZ,20220428,20220331,10.604,188.2705,5.9952,32.592
300073.SZ,20220427,20220331,203.998,159.3816,4.8161,3.6446
300079.SZ,20220426,20220331,-14.1221,-73.0359,58.8237,0.3726
300080.SZ,20220428,20220331,45.6772,833.519,3.7768,0.4616
300082.SZ,20220429,20220331,-3.0595,95.0775,-11.5781,2.6643
300083.SZ,20220419,20220331,13.3266,24.696,-7.6646,4.4673
300085.SZ,20220428,20220331,-19.7999,-61.1381,-18.2362,-3.9088
300087.SZ,20220427,20220331,49.6577,1085.4538,-27.2435,1.2492
300090.SZ,20220430,20220331,-43.2116,127.2418,37.7732,
300092.SZ,20220426,20220331,-8.1197,11.3103,-13.8509,4.3943
300094.SZ,20220427,20220331,-2.4022,110.5512,18.0185,0.3825
300098.SZ,20220429,20220331,3.059,-43.3899,-24.0661,-2.5059
300100.SZ,20220426,20220331,3.4091,-44.2949,1.0834,1.1299
300101.SZ,20220419,20220331,18.2461,79.5944,-11.579,5.0316
300102.SZ,20220427,20220331,-7.8433,-116.6552,15.7955,-0.6423
300106.SZ,20220428,20220331,22.1296,4.9541,-10.9998,0.4816
300109.SZ,20220427,20220331,9.2117,-47.7779,-56.2046,1.3873
300113.SZ,20220428,20220331,9.7378,-9.7837,-16.4934,0.5694
300115.SZ,20220427,20220331,60.4271,-241.3379,-8.8059,-4.1103
300116.SZ,20220427,20220331,13.7865,-3.9895,-50.8706,-8.3453
300118.SZ,20220427,20220331,40.4622,280.5906,12.7857,2.6053
300120.SZ,20220426,20220331,-22.2372,111.661,21.0648,1.0345
300122.SZ,20220428,20220331,125.1604,104.9456,-37.5148,10.1821
300124.SZ,20220426,20220331,40.0108,11.004,-1.6328,4.3101
300125.SZ,20220419,20220331,3.1357,-1107.3739,17.3579,-4.9466
300127.SZ,20220427,20220331,17.0476,-18.8983,-7.2108,2.5952
300130.SZ,20220426,20220331,44.0622,72.0851,5.0105,2.7526
300131.SZ,20220427,20220331,-22.4646,-0.7019,-2.1842,1.9067
300132.SZ,20220428,20220331,-19.6715,-167.1738,14.1455,-2.8741
300133.SZ,20220428,20220331,-66.3754,-16.9004,-4.0012,1.3867
300134.SZ,20220428,20220331,-6.8264,-1926.134,-2.7189,-0.9895
300135.SZ,20220427,20220331,-24.2928,-40.6777,-21.0289,-0.7928
300136.SZ,20220428,20220331,18.6598,5.0388,5.9136,1.8601
300137.SZ,20220428,20220331,-9.1232,-15.3208,-71.6971,0.5099
300138.SZ,20220426,20220331,56.6093,37.0004,-1.7866,3.3712
300145.SZ,20220426,20220331,8.6821,7.1273,-10.3939,2.4388
300148.SZ,20220428,20220331,-32.0312,-125.5975,-116.2176,-0.5128
300151.SZ,20220428,20220331,7.3094,13.7289,15.6592,2.8503
300152.SZ,20220420,20220331,125.0945,120.6783,-85.5435,0.1913
300154.SZ,20220426,20220331,26.9803,-53.7949,4.8496,1.079
300155.SZ,20220428,20220331,-28.7296,-22.6646,-24.6737,0.1286
300158.SZ,20220422,20220331,-31.2709,-90.6276,8.0262,0.0466
300159.SZ,20220428,20220331,33.0215,26.9612,-12.6392,-21.5568
300160.SZ,20220427,20220331,26.9422,230.2805,-2.8516,4.6336
300161.SZ,20220427,20220331,7.1581,-57.7032,-93.8723,-3.8009
300164.SZ,20220427,20220331,-24.322,-71.8516,-15.4473,0.0759
300165.SZ,20220426,20220331,17.092,67.9811,-22.2106,1.5328
300169.SZ,20220428,20220331,-28.0131,-328.965,14.4627,-3.9885
300170.SZ,20220426,20220331,8.9943,1858.572,-41.4646,0.5734
300171.SZ,20220430,20220331,72.6658,91.4396,-13.4714,4.4514
300174.SZ,20220427,20220331,42.4025,67.6652,15.0943,2.5173
300175.SZ,20220428,20220331,-30.9531,66.6409,138.5255,-0.5044
300178.SZ,20220429,20220331,-86.4433,-96.4607,-32.8279,
300179.SZ,20220421,20220331,37.9264,82.5473,30.4469,3.3611
300180.SZ,20220426,20220331,18.3106,-82.2985,-18.8235,0.0229
300181.SZ,20220420,20220331,29.1806,56.9726,19.5105,3.7875
300182.SZ,20220429,20220331,33.4403,197.6197,111.321,4.1
300184.SZ,20220426,20220331,-13.8361,44.7296,-6.0645,3.0564
300185.SZ,20220429,20220331,-8.381,-48.1971,2.0769,0.5852
300187.SZ,20220427,20220331,20.9902,-56.6247,-14.4233,0.3653
300188.SZ,20220427,20220331,16.7739,-83.5881,-154.295,-1.8643
300189.SZ,20220428,20220331,28.2707,-899.2852,-48.9435,-0.3427
300190.SZ,20220428,20220331,-34.5767,-44.4123,-48.067,0.2527
300191.SZ,20220428,20220331,8.4791,52.188,64.6668,0.7046
300192.SZ,20220428,20220331,-12.3469,-49.6866,9.3234,2.3643
300194.SZ,20220426,20220331,-14.8816,-39.4412,10.5468,0.8336
300195.SZ,20220428,20220331,-7.3026,-68.4233,2.6949,-0.0512
300196.SZ,20220427,20220331,36.0542,114.9957,16.6715,5.0487
300199.SZ,20220428,20220331,-6.3616,-345.6955,12.389,1.1087
300204.SZ,20220419,20220331,6.8287,-22.6107,-29.9166,-1.6524
300205.SZ,20220428,20220331,18.7498,106.613,-14.5213,0.1952
300206.SZ,20220427,20220331,-23.793,-60.2124,6.3972,1.8881
300207.SZ,20220427,20220331,35.1144,-26.126,10.9997,0.7465
300212.SZ,20220426,20220331,1.7867,16.2804,3.4507,0.6453
300213.SZ,20220422,20220331,4.8252,40.0072,-42.3549,-0.1821
300216.SZ,20220429,20220331,-1.7547,-3.3494,6.8371,
300217.SZ,20220426,20220331,20.4895,130.338,4.5965,1.8866
300218.SZ,20220428,20220331,9.4393,512.3167,6.243,1.0843
300219.SZ,20220428,20220331,-2.2728,-12.97,2.1005,2.3467
300220.SZ,20220427,20220331,-2.1343,-58.5873,-2.6905,-4.9772
300222.SZ,20220422,20220331,27.3092,-112.7763,-3.2626,-2.4946
300223.SZ,20220428,20220331,32.3675,92.4157,-20.2402,2.1657
300224.SZ,20220426,20220331,71.3885,187.9709,-7.9485,2.7313
300225.SZ,20220430,20220331,-33.3847,-218.8846,-35.0078,-3.9477
300230.SZ,20220428,20220331,-45.3121,-34.8967,19.7904,1.3935
300231.SZ,20220428,20220331,20.055,6.2641,-49.0459,1.4433
300232.SZ,20220428,20220331,20.3366,1.3924,-14.0094,1.3337
300234.SZ,20220428,20220331,78.7495,182.3945,-10.9036,0.7337
300235.SZ,20220426,20220331,-12.1507,-17.02,-39.1336,1.6354
300239.SZ,20220426,20220331,65.1273,412.5298,11.0803,1.5767
300240.SZ,20220426,20220331,51.1338,51.4555,1.2634,2.7837
300241.SZ,20220428,20220331,0.4468,-124.7223,-17.9188,-0.8139
300242.SZ,20220428,20220331,-70.6169,-141.3747,56.7505,-3.3159
300243.SZ,20220426,20220331,26.0352,0.4611,-18.1483,3.2927
300244.SZ,20220427,20220331,62.0773,122.6228,-20.9331,12.006
300245.SZ,20220428,20220331,-12.8998,-229.5456,-118.3306,-0.7155
300249.SZ,20220426,20220331,12.5412,-92.6907,-15.1191,-2.5025
300252.SZ,20220427,20220331,10.0173,131.6082,-9.367,-0.2924
300256.SZ,20220428,20220331,-86.8838,92.1244,-71.0473,-11.7363
300258.SZ,20220428,20220331,23.9094,-19.5444,16.3993,1.1714
300259.SZ,20220428,20220331,-10.561,-89.186,-11.0663,1.2739
300260.SZ,20220426,20220331,47.2914,149.0875,9.1874,6.1222
300261.SZ,20220429,20220331,2.8264,37.0147,-19.98,3.2994
300264.SZ,20220430,20220331,-50.4571,-430.0918,-12.4833,-9.2566
300266.SZ,20220428,20220331,-33.1629,-5.2925,-99.8178,-2.3283
300268.SZ,20220419,20220331,6.1605,170.475,11.0071,15.2563
300269.SZ,20220430,20220331,-1.3157,61.3813,23.9057,-11.0831
300270.SZ,20220428,20220331,-32.4502,96.2988,78.4334,-0.0357
300271.SZ,20220426,20220331,-37.0142,-261.4302,-143.575,-1.0911
300272.SZ,20220428,20220331,2.3323,-37.1208,-0.8364,1.2469
300273.SZ,20220429,20220331,-38.7284,-197.9946,-60.1397,-1.44
300274.SZ,20220420,20220331,36.4818,6.2561,-36.8365,2.3341
300275.SZ,20220420,20220331,40.104,55.2534,33.9138,0.9588
300276.SZ,20220429,20220331,80.461,-38.2746,-9.5237,0.1492
300277.SZ,20220428,20220331,39.8955,-153.5916,32.3824,-0.2739
300280.SZ,20220427,20220331,4.1433,-56.7169,13.718,2.9252
300281.SZ,20220426,20220331,17.1604,-32.305,-3.9827,0.6082
300283.SZ,20220428,20220331,-9.8438,-36.4237,-16.6704,0.5405
300284.SZ,20220426,20220331,1.8602,26.3212,-46.7683,0.4412
300285.SZ,20220426,20220331,34.7777,11.9438,-3.8065,3.262
300286.SZ,20220428,20220331,3.3639,2.3524,-29.7464,2.908
300287.SZ,20220428,20220331,-16.9666,-71.4659,-32.0669,0.2503
300288.SZ,20220426,20220331,5.8165,-17.017,3.1604,0.9417
300293.SZ,20220428,20220331,-5.4372,64.4234,-16.2036,-1.5322
300295.SZ,20220428,20220331,-31.6054,-83.6312,170.0214,0.4964
300296.SZ,20220427,20220331,18.2134,10.746,-10.3596,1.3214
300297.SZ,20220428,20220331,-29.3293,-106.9459,-9.8196,-26.3812
300300.SZ,20220428,20220331,-64.482,-1917.5368,-5.8102,-5.486
300304.SZ,20220427,20220331,10.1409,-78.6979,8.5478,1.6993
300305.SZ,20220428,20220331,24.1939,-8.6482,-22.6661,3.0988
300307.SZ,20220428,20220331,1.0684,-31.2093,8.548,0.3597
300309.SZ,20220428,20220331,-92.5835,-17.5699,1029.9432,
300310.SZ,20220427,20220331,16.6187,-68.2486,-55.2715,0.042
300311.SZ,20220427,20220331,-27.3802,-93.3503,-115.6831,-6.8926
300313.SZ,20220427,20220331,17.7009,-117.4061,109.2287,-4.7558
300315.SZ,20220428,20220331,-6.8527,-61.7238,-13.8649,0.9586
300317.SZ,20220428,20220331,29.2271,145.8113,147.1167,0.552
300319.SZ,20220427,20220331,19.1658,-33.8812,20.8199,0.9037
300320.SZ,20220427,20220331,19.9954,-19.8925,3.8168,1.919
300323.SZ,20220428,20220331,-4.8595,122.4242,28.4537,-0.7591
300324.SZ,20220427,20220331,-14.4674,9.7358,-44.3483,-1.1401
300326.SZ,20220428,20220331,3.893,38.1331,19.5359,2.634
300327.SZ,20220420,20220331,51.4376,89.9669,10.2124,7.9651
300329.SZ,20220428,20220331,-24.9635,-52.3541,-61.1189,0.4511
300330.SZ,20220428,20220331,-53.8792,-404.9631,-114.0238,-1.5339
300331.SZ,20220428,20220331,9.9444,-254.6752,-14.8901,-1.5474
300332.SZ,20220427,20220331,141.3639,1585.8336,0.6953,3.5994
300333.SZ,20220427,20220331,-2.2028,-356.7204,-98.1065,-2.2441
300334.SZ,20220426,20220331,-6.0403,-737.4366,-4.0523,-1.3313
300335.SZ,20220427,20220331,-32.6365,-59.1708,-7.1267,-0.1225
300336.SZ,20220428,20220331,-53.4312,-74.3033,54.5448,
300337.SZ,20220412,20220331,20.2609,279.7642,-0.6478,2.1698
300340.SZ,20220428,20220331,27.5834,628.0316,9.3429,1.5763
300341.SZ,20220426,20220331,24.0921,29.7066,3.9642,3.4403
300342.SZ,20220427,20220331,-11.6139,-95.4706,-21.164,0.0597
300343.SZ,20220420,20220331,83.9025,2208.1087,9.8011,25.0458
300345.SZ,20220427,20220331,-0.3652,-91.5202,24.8094,-0.1837
300347.SZ,20220427,20220331,101.5481,13.8176,16.6723,2.0719
300350.SZ,20220428,20220331,36.0671,-99.1517,-14.8098,-0.4315
300351.SZ,20220427,20220331,50.0121,40.6925,-15.4945,1.6903
300353.SZ,20220427,20220331,-41.5812,-109.3309,-56.9576,-7.3289
300354.SZ,20220420,20220331,54.922,364.0616,-32.5602,0.8994
300355.SZ,20220428,20220331,24.2563,197.3469,-65.7435,0.3677
300356.SZ,20220428,20220331,10.6403,-81.0581,-60.8275,-4.3583
300357.SZ,20220427,20220331,20.0014,30.2057,28.1356,4.306
300364.SZ,20220428,20220331,5.6883,39.3197,4.3066,-1.5943
300365.SZ,20220420,20220331,-39.4995,-269.9646,-156.7945,-0.8487
300366.SZ,20220426,20220331,-10.875,23.908,-38.8187,0.5556
300368.SZ,20220422,20220331,-45.5689,-547.0663,1.1091,-0.8409
300371.SZ,20220426,20220331,-9.7865,-47.2802,-89.6123,0.3467
300374.SZ,20220427,20220331,-59.1116,-2511.9278,-92.8415,-3.4081
300379.SZ,20220426,20220331,-47.2995,-289.4896,-81.6811,-2.2028
300381.SZ,20220427,20220331,6.5686,-225.2314,26.1186,-1.2935
300382.SZ,20220428,20220331,56.8827,177.3092,-17.7887,3.0182
300384.SZ,20220426,20220331,23.2694,15.3143,72.9208,2.7239
300386.SZ,20220426,20220331,27.5711,41.7476,-69.1383,-0.4901
300387.SZ,20220420,20220331,6.055,-42.9497,-5.2581,1.0978
300391.SZ,20220428,20220331,-30.5348,-75.3466,-7.6713,1.6753
300393.SZ,20220426,20220331,77.6336,647.6932,-19.8489,2.2578
300394.SZ,20220427,20220331,16.176,18.0944,42.1227,3.2316
300397.SZ,20220426,20220331,-36.1846,-148.5581,-49.2293,-0.5048
300398.SZ,20220427,20220331,53.1947,98.7243,-3.355,4.3737
300401.SZ,20220421,20220331,120.7709,64.9986,63.5445,5.6229
300402.SZ,20220427,20220331,56.4846,99.7592,37.3998,1.9841
300404.SZ,20220426,20220331,34.2817,69.1085,17.8296,0.4362
300406.SZ,20220427,20220331,-0.2939,-12.5267,3.327,3.3045
300407.SZ,20220427,20220331,10.6285,-6.4575,-51.1414,-1.9673
300409.SZ,20220428,20220331,73.5794,141.6845,24.9363,3.4275
300410.SZ,20220428,20220331,-34.4729,-93.5657,-13.7564,0.6737
300411.SZ,20220427,20220331,-17.0488,1215.8917,-5.7045,3.016
300412.SZ,20220428,20220331,25.1289,68.2075,-33.8599,1.5481
300414.SZ,20220427,20220331,24.2746,-39.3847,21.9174,0.7202
300415.SZ,20220422,20220331,18.2796,3.0695,-7.7897,4.4904
300417.SZ,20220428,20220331,-65.5326,-129.54,-5.236,-0.9923
300419.SZ,20220428,20220331,47.8737,6.2089,-71.8203,0.612
300424.SZ,20220428,20220331,7.454,-381.0201,-30.9579,-2.841
300427.SZ,20220428,20220331,15.1313,-11.6036,-24.1485,1.1583
300429.SZ,20220428,20220331,18.8253,-21.5743,2.0402,1.0811
300430.SZ,20220428,20220331,27.9521,32.1822,-23.7276,0.9428
300432.SZ,20220427,20220331,212.2403,108.6939,-15.0687,6.259
300434.SZ,20220426,20220331,-16.4225,-15.6236,4.8723,3.0041
300435.SZ,20220419,20220331,39.0231,7.4988,2.5777,2.3208
300437.SZ,20220426,20220331,59.1711,2114.9301,-12.147,4.5799
300438.SZ,20220428,20220331,56.4846,65.5088,-2.0569,3.0048
300439.SZ,20220427,20220331,8.7002,-7.9179,-14.8039,2.2178
300440.SZ,20220428,20220331,-69.6458,-1190.0148,-491.7754,-2.4258
300444.SZ,20220428,20220331,70.6643,-323.9662,-28.4252,-0.6604
300445.SZ,20220427,20220331,21.4662,5.0995,-16.5659,1.1827
300446.SZ,20220419,20220331,-2.9704,664.2546,34.1026,0.3784
300447.SZ,20220426,20220331,40.6248,41.0568,-84.0215,2.9545
300448.SZ,20220427,20220331,-28.9856,-64.1331,-45.62,0.2002
300449.SZ,20220420,20220331,-80.7306,-11.2041,26.1522,-6.3581
300451.SZ,20220428,20220331,15.1119,2.084,-45.2285,2.1167
300453.SZ,20220420,20220331,30.6115,39.3704,4.6248,5.0144
300454.SZ,20220427,20220331,4.7612,-438.8968,-60.6104,-8.248
300455.SZ,20220427,20220331,41.9503,24.5173,-80.0018,0.4752
300456.SZ,20220427,20220331,-13.1229,-30.7374,21.2225,-0.8228
300457.SZ,20220427,20220331,178.8847,188.9161,-31.9243,1.2
300458.SZ,20220422,20220331,-17.0746,-10.9418,-21.6085,2.7196
300459.SZ,20220428,20220331,-6.1557,-20.0392,39.1905,4.9291
300462.SZ,20220427,20220331,-37.3153,-352.2246,-22.8186,-1.1782
300463.SZ,20220428,20220331,-13.5396,-35.5824,12.9885,3.8728
300464.SZ,20220426,20220331,-54.9789,-174.4294,1.3505,-6.5573
300468.SZ,20220427,20220331,3.8354,5.68,-36.1925,0.6276
300470.SZ,20220426,20220331,14.9789,18.9177,0.4592,2.4324
300471.SZ,20220426,20220331,-8.3072,-565.5442,-80.1833,-1.8634
300472.SZ,20220428,20220331,15.7994,74.1485,-5.7199,3.8674
300473.SZ,20220428,20220331,-7.12,-86.0893,4.6222,0.0595
300474.SZ,20220428,20220331,70.3376,58.2031,-24.4037,2.4886
300475.SZ,20220428,20220331,5104.089,9.4273,0.2879,3.9328
300477.SZ,20220427,20220331,42.6423,318.9026,-21.8565,3.714
300478.SZ,20220427,20220331,-3.4296,116.3166,7.5602,-8.4425
300479.SZ,20220422,20220331,-8.7634,-12.3004,-48.4904,-1.0841
300483.SZ,20220427,20220331,5.2102,-14.2612,13.0665,1.4149
300484.SZ,20220420,20220331,11.5475,48.7443,-19.2368,1.7329
300489.SZ,20220430,20220331,32.4287,-544.3088,-84.9646,-7.3261
300491.SZ,20220426,20220331,34.803,-124.4463,-51.9002,-0.9761
300492.SZ,20220428,20220331,-14.9039,58.9173,-28.0035,0.2138
300493.SZ,20220427,20220331,12.4144,14.5408,-4.1703,1.5058
300494.SZ,20220426,20220331,5.9939,36.2123,6.5499,3.9203
300495.SZ,20220430,20220331,-97.3495,-290.8614,-6971.1554,-2.9109
300498.SZ,20220427,20220331,-13.2643,-792.3939,-2.7891,-11.7195
300501.SZ,20220428,20220331,3.5719,-24.1272,-16.8463,1.4895
300502.SZ,20220422,20220331,18.2895,17.8077,2.3255,3.4012
300504.SZ,20220412,20220331,41.3409,42.579,-39.8379,3.2448
300505.SZ,20220426,20220331,86.1566,1192.7353,0.184,3.8809
300506.SZ,20220428,20220331,-58.3365,-75.2796,-32.9813,1.1172
300507.SZ,20220427,20220331,42.361,19.1642,-5.2502,0.8399
300509.SZ,20220427,20220331,-2.8306,35.3454,-20.1986,0.9124
300510.SZ,20220428,20220331,32.0875,-650.4998,-32.3996,-0.6373
300513.SZ,20220428,20220331,25.9603,-159.8635,-186.1555,-0.0891
300514.SZ,20220420,20220331,224.9145,172.3064,-38.2347,0.2554
300515.SZ,20220426,20220331,3.0593,5.7344,-22.4941,1.882
300516.SZ,20220428,20220331,-22.3681,-35.643,-134.4688,0.4326
300518.SZ,20220428,20220331,117.3907,-74.1933,-11.5394,4.7727
300519.SZ,20220427,20220331,6.0051,9.8456,58.2594,4.8276
300520.SZ,20220428,20220331,53.9993,7.7939,-47.9714,0.6718
300521.SZ,20220426,20220331,0.8021,-20.1453,-21.9284,-0.5545
300522.SZ,20220428,20220331,10.322,11.3995,-21.0715,4.641
300526.SZ,20220428,20220331,-15.0531,47.5051,-242.3722,-5.5798
300530.SZ,20220428,20220331,71.889,-147.6147,-249.9861,-67.5421
300532.SZ,20220419,20220331,941.4524,222.2247,-32.3727,3.5939
300533.SZ,20220426,20220331,326.9019,1632.339,17.9331,12.1851
300534.SZ,20220427,20220331,12.4207,219.221,9.6485,0.0302
300535.SZ,20220427,20220331,-8.8435,-52.91,-6.3362,0.4672
300536.SZ,20220427,20220331,-56.8169,224.5253,-305.5822,0.6437
300538.SZ,20220426,20220331,-11.3106,-147.0165,4.3311,-0.4879
300540.SZ,20220420,20220331,51.8565,381.0673,-73.4367,2.0121
300541.SZ,20220427,20220331,-13.6428,-142.2237,-53.8615,-0.9759
300543.SZ,20220427,20220331,-0.5428,-55.6395,15.8887,1.8596
300545.SZ,20220426,20220331,-10.5558,214.7132,-5.2582,0.6574
300547.SZ,20220428,20220331,11.2173,2.8098,13.1152,2.168
300548.SZ,20220426,20220331,29.6391,1.254,22.8728,2.0792
300551.SZ,20220430,20220331,260.3919,82.4181,-99.0999,-0.2808
300558.SZ,20220427,20220331,-5.4733,-43.3629,5.0122,1.6149
300559.SZ,20220428,20220331,67.0608,209.1534,-57.7061,1.4975
300562.SZ,20220428,20220331,-28.7862,-90.091,16.87,-0.0621
300563.SZ,20220421,20220331,5.9485,11.306,-9.4672,1.5619
300565.SZ,20220426,20220331,-30.4837,-219.1011,24.28,-2.1565
300566.SZ,20220422,20220331,35.2809,15.4179,9.323,1.604
300567.SZ,20220426,20220331,1.5493,-56.0535,-56.3349,0.6695
300570.SZ,20220420,20220331,14.5343,6.756,4.0595,1.8049
300571.SZ,20220427,20220331,103.5979,40.1023,-31.5257,7.268
300572.SZ,20220428,20220331,9.8799,-1.866,-146.4827,0.3952
300573.SZ,20220427,20220331,45.7332,123.3571,34.2149,5.4382
300575.SZ,20220426,20220331,41.218,80.6963,18.2441,6.1842
300576.SZ,20220428,20220331,-0.4818,-39.5955,11.9479,1.2624
300577.SZ,20220427,20220331,35.5604,2.7789,-14.3941,0.7375
300578.SZ,20220428,20220331,0.5356,-51.8061,1.0354,0.6338
300580.SZ,20220422,20220331,-6.1138,-37.2466,10.8782,1.5003
300583.SZ,20220426,20220331,-6.8763,337.1842,3.6238,0.7212
300585.SZ,20220426,20220331,-23.7627,-85.0675,-7.2323,0.1791
300589.SZ,20220428,20220331,13.449,89.1585,-44.8,0.4477
300591.SZ,20220427,20220331,17.0118,-49.9841,-9.7661,0.388
300592.SZ,20220427,20220331,2619.13,1063.8371,-6.7442,1.5826
300594.SZ,20220427,20220331,5.5634,62.6266,-81.2322,-0.103
300596.SZ,20220427,20220331,23.0377,39.6579,3.6967,4.8557
300598.SZ,20220427,20220331,48.8117,-341.3639,-8.8622,-4.3437
300599.SZ,20220427,20220331,1.3344,-83.1774,-11.5759,0.278
300600.SZ,20220426,20220331,-19.1403,-272.1275,1.5295,-1.1756
300601.SZ,20220428,20220331,214.6013,987.7139,-6.9586,2.5875
300602.SZ,20220419,20220331,20.2901,-151.0315,20.0505,-1.8761
300603.SZ,20220427,20220331,30.3203,134.5743,-22.4596,0.5628
300604.SZ,20220429,20220331,82.3711,60.0965,-33.2705,3.4401
300605.SZ,20220428,20220331,22.3882,32.6274,-86.4393,1.1727
300606.SZ,20220421,20220331,26.9151,98.4761,-7.9444,1.1352
300607.SZ,20220427,20220331,17.4529,-41.5337,5.1985,2.2743
300608.SZ,20220428,20220331,26.1047,-41.9206,-116.742,-5.9899
300609.SZ,20220426,20220331,26.177,-192.0977,-31.9894,-2.0273
300611.SZ,20220426,20220331,39.2607,-85.2413,-6.54,0.0408
300612.SZ,20220428,20220331,16.2005,241.2781,-16.3098,2.8638
300613.SZ,20220427,20220331,142.8822,192.9562,19.2357,5.0184
300615.SZ,20220426,20220331,33.231,263.9071,-14.8195,1.14
300616.SZ,20220428,20220331,-22.8716,-1366.7816,-47.2794,-3.0927
300617.SZ,20220420,20220331,2.8425,22.9237,-10.2224,2.3306
300618.SZ,20220427,20220331,51.8178,73.6875,-1.9532,4.7024
300620.SZ,20220426,20220331,-2.9602,-7.5553,-1.9834,0.8579
300621.SZ,20220428,20220331,53.4357,-142.6534,-3.0378,-0.5939
300622.SZ,20220428,20220331,9.1849,-67.803,15.0244,0.8899
300623.SZ,20220426,20220331,2.4554,0.0774,7.5162,2.6623
300625.SZ,20220426,20220331,8.1187,156.5204,-28.708,0.1803
300630.SZ,20220426,20220331,34.5778,33.4367,6.0544,5.7841
300631.SZ,20220427,20220331,38.7092,-31.82,-3.7259,0.2447
300632.SZ,20220428,20220331,8.1842,-9.9718,10.5766,1.1704
300633.SZ,20220427,20220331,31.5285,41.3638,14.036,2.0444
300634.SZ,20220428,20220331,87.0107,96.4213,-26.8638,1.7776
300636.SZ,20220428,20220331,30.889,33.2238,53.6451,2.8742
300637.SZ,20220428,20220331,39.2217,-18.2854,13.1001,1.5185
300639.SZ,20220427,20220331,147.8733,190.6402,7.8957,14.2752
300641.SZ,20220427,20220331,23.9679,-9.0323,17.9275,1.8753
300649.SZ,20220428,20220331,-0.0284,9.7313,-47.0248,3.6309
300650.SZ,20220426,20220331,-28.9734,-34.3235,14.2168,2.1029
300654.SZ,20220428,20220331,17.8877,821.8764,15.5604,0.5558
300655.SZ,20220428,20220331,11.9082,38.8103,12.6385,1.9302
300656.SZ,20220427,20220331,2.4286,6.9439,15.3425,1.4234
300660.SZ,20220427,20220331,0.4236,-16.6906,9.2152,2.4487
300662.SZ,20220428,20220331,50.92,35.5695,-5.7676,2.2878
300664.SZ,20220427,20220331,7.3718,-2.3715,-2.5239,1.8736
300665.SZ,20220419,20220331,-8.7556,-43.5465,-216.0714,-2.0133
300666.SZ,20220426,20220331,54.2878,90.148,-13.7237,2.7428
300667.SZ,20220426,20220331,1.0203,41.5101,-13.844,0.7994
300671.SZ,20220428,20220331,3.6104,-9.6939,-21.3678,2.0365
300673.SZ,20220420,20220331,7.026,22.1249,-33.5002,1.6329
300678.SZ,20220428,20220331,6.9756,16.6206,-96.0874,0.9547
300679.SZ,20220428,20220331,-7.0912,-14.0723,21.8944,2.142
300681.SZ,20220422,20220331,363.4944,774.4717,-26.9458,0.2847
300682.SZ,20220426,20220331,39.8655,4.667,-53.0334,0.7351
300684.SZ,20220422,20220331,-4.8471,-19.7172,2.1295,1.1141
300685.SZ,20220421,20220331,18.6006,23.4574,13.5701,3.5427
300686.SZ,20220419,20220331,-21.0205,-76.201,13.0414,0.3596
300690.SZ,20220420,20220331,-35.2475,-79.8478,20.6348,0.7306
300691.SZ,20220426,20220331,-20.2367,-187.1236,-19.3481,-0.9501
300693.SZ,20220428,20220331,31.057,-21.5428,-20.4353,2.5329
300694.SZ,20220426,20220331,8.0922,-20.8662,9.1083,0.6837
300696.SZ,20220420,20220331,63.0983,40.947,-55.9806,3.6304
300699.SZ,20220426,20220331,-5.4566,-5.0198,-27.4044,4.6333
300702.SZ,20220422,20220331,-1.1892,-36.5197,-20.2973,1.782
300705.SZ,20220427,20220331,61.4718,20.4929,-0.4116,4.8315
300707.SZ,20220427,20220331,43.8929,40.0585,9.2249,1.9987
300710.SZ,20220426,20220331,-9.3273,266.4413,8.5501,-0.0242
300711.SZ,20220428,20220331,22.731,48.223,-31.9145,-0.6333
300712.SZ,20220428,20220331,104.7999,95.3499,19.218,1.2173
300713.SZ,20220426,20220331,25.677,-14.0341,-32.8658,0.019
300715.SZ,20220421,20220331,-26.8536,-84.145,-64.8201,0.0684
300716.SZ,20220422,20220331,-29.1451,30.3689,12.1911,5.7072
300717.SZ,20220428,20220331,17.7057,-51.0759,17.3335,0.6591
300718.SZ,20220422,20220331,17.3828,-26.5527,-22.22,1.7619
300719.SZ,20220426,20220331,-21.0779,-797.665,-111.1935,-1.3738
300720.SZ,20220426,20220331,0.4048,-42.2915,0.3229,1.2835
300723.SZ,20220421,20220331,0.1845,17.2727,5.4422,3.7316
300726.SZ,20220422,20220331,13.094,2.6924,-8.6608,4.1717
300727.SZ,20220427,20220331,21.2697,23.4102,-8.5912,3.2667
300729.SZ,20220426,20220331,15.8296,-43.6367,-2.0574,-0.153
300732.SZ,20220426,20220331,18.8406,5.2824,-23.2967,1.5661
300736.SZ,20220430,20220331,-40.0343,-923.3286,-4.667,-2.0888
300740.SZ,20220428,20220331,27.9602,36.0959,-13.2713,2.046
300741.SZ,20220426,20220331,-10.8661,-21.0654,0.1207,2.1967
300742.SZ,20220427,20220331,2.8266,-386.6381,12.1773,-15.2296
300743.SZ,20220426,20220331,33.4598,0.931,-10.8037,1.6204
300745.SZ,20220427,20220331,50.5997,82.253,-25.0366,0.0806
300746.SZ,20220426,20220331,-1.3048,-31.6117,-8.5374,0.9155
300747.SZ,20220427,20220331,20.1313,-81.0142,-10.7578,0.6053
300748.SZ,20220427,20220331,90.1711,61.5681,-28.0755,3.2532
300751.SZ,20220419,20220331,32.0851,49.769,3.5281,2.8847
300753.SZ,20220427,20220331,-28.8539,-157.0533,-80.992,-1.4101
300755.SZ,20220420,20220331,51.028,30.3929,0.0042,6.9057
300756.SZ,20220428,20220331,-30.761,-92.2806,-40.3174,0.1217
300760.SZ,20220420,20220331,20.1012,22.7421,12.5268,7.5372
300766.SZ,20220428,20220331,23.4903,-14.3183,-5.8858,0.9197
300767.SZ,20220428,20220331,50.962,10.2712,-15.289,2.5032
300768.SZ,20220426,20220331,10.3238,-2.3982,12.1739,1.4081
300770.SZ,20220428,20220331,19.2585,6.0633,89.435,5.2726
300771.SZ,20220428,20220331,9.0521,4.5686,36.4861,2.0022
300774.SZ,20220420,20220331,41.0941,37.5056,4.412,2.5398
300776.SZ,20220427,20220331,13.2494,26.3672,7.149,3.7685
300777.SZ,20220428,20220331,135.9098,183.8268,-33.6666,3.6494
300779.SZ,20220428,20220331,-24.3396,-226.4882,-68.497,-1.0202
300781.SZ,20220428,20220331,0.0039,1.8343,-17.4024,1.5009
300782.SZ,20220428,20220331,12.4312,-6.7038,16.8223,5.8673
300785.SZ,20220427,20220331,6.5511,-184.1857,-29.507,-1.4758
300788.SZ,20220428,20220331,-12.9084,-35.2375,-28.5711,1.6231
300790.SZ,20220427,20220331,-2.4406,-25.4627,9.5459,2.4142
300796.SZ,20220428,20220331,20.5237,27.3672,7.7755,2.7432
300800.SZ,20220428,20220331,-24.7908,-36.7722,-89.0855,1.5323
300801.SZ,20220420,20220331,75.5498,234.2355,9.0504,5.5019
300802.SZ,20220427,20220331,24.1265,-9.1481,6.7196,1.9702
300807.SZ,20220427,20220331,73.3178,-48.1972,-164.9541,-2.9334
300808.SZ,20220428,20220331,-14.6615,-126.6579,7.7179,-0.3007
300809.SZ,20220422,20220331,-31.0912,-25.0107,-16.3513,1.2546
300810.SZ,20220422,20220331,6.3835,459.1237,-86.0463,0.2176
300811.SZ,20220427,20220331,49.9402,61.1431,-14.1565,3.036
300812.SZ,20220428,20220331,70.4244,-39.1522,-19.1382,1.7011
300814.SZ,20220428,20220331,39.36,12.5456,23.1933,1.8383
300815.SZ,20220428,20220331,7.7407,-14.3261,-5.039,4.3384
300817.SZ,20220428,20220331,-16.8666,-34.8566,5.3453,1.6366
300818.SZ,20220428,20220331,154.8766,404.4951,-13.938,3.113
300820.SZ,20220426,20220331,78.2397,90.473,-20.7921,4.0913
300822.SZ,20220427,20220331,3.8137,-57.1658,24.2179,1.3828
300823.SZ,20220428,20220331,-8.4314,-34.0011,32.104,1.2431
300824.SZ,20220428,20220331,4.4782,-42.4914,3.9593,2.3283
300825.SZ,20220428,20220331,4.9194,-35.4428,-46.8077,1.0107
300826.SZ,20220419,20220331,10.3235,-23.6889,-74.6823,0.8248
300828.SZ,20220427,20220331,54.3172,61.0402,4.779,2.6485
300829.SZ,20220426,20220331,18.1825,54.75,5.4896,2.7996
300830.SZ,20220428,20220331,-1.7705,-486.64,-154.1669,-2.0652
300832.SZ,20220422,20220331,39.5332,83.4601,24.314,4.9583
300833.SZ,20220427,20220331,266.5993,518.5198,17.0534,3.0148
300834.SZ,20220427,20220331,5.5501,-41.3882,30.2071,2.5655
300835.SZ,20220427,20220331,23.4953,-4.0067,11.0976,2.1556
300838.SZ,20220426,20220331,63.5359,29.2867,-11.5282,2.025
300839.SZ,20220426,20220331,24.9172,158.0337,-19.9777,2.3138
300840.SZ,20220426,20220331,-7.2291,-6.7775,16.1765,1.4044
300841.SZ,20220422,20220331,12.4758,34.6049,-41.9162,4.5154
300843.SZ,20220427,20220331,1.6472,-29.3313,-15.3192,2.4141
300844.SZ,20220427,20220331,-44.691,-25438.8043,-139.1024,-7.426
300845.SZ,20220426,20220331,144.8241,-71.8826,-989.0685,-1.3154
300846.SZ,20220426,20220331,6.3217,-827.0684,14.5199,-1.8845
300847.SZ,20220426,20220331,15.734,46.7662,-0.4047,2.2929
300848.SZ,20220426,20220331,43.2436,0.4928,-12.5012,1.986
300850.SZ,20220422,20220331,14.6628,33.9724,5.9624,3.6565
300852.SZ,20220420,20220331,27.2409,-6.4928,8.467,3.0968
300853.SZ,20220428,20220331,-25.9174,-91.7948,-133.5477,-0.127
300854.SZ,20220427,20220331,-31.1114,-192.7532,-80.4758,0.0186
300855.SZ,20220419,20220331,42.1498,11.8609,7.4285,3.2098
300856.SZ,20220426,20220331,59.618,20.974,-3.3784,3.2563
300857.SZ,20220426,20220331,1.5118,8.1765,-10.1351,1.6066
300858.SZ,20220426,20220331,6.63,8.7543,42.5068,1.9959
300862.SZ,20220427,20220331,23.9314,135.5157,-107.7423,0.4128
300863.SZ,20220427,20220331,40.1936,131.8149,-9.8064,3.6033
300864.SZ,20220428,20220331,57.6948,69.9086,-37.1811,2.9503
300866.SZ,20220426,20220331,18.041,-2.7428,-6.7453,2.5723
300867.SZ,20220428,20220331,86.5515,-40.5819,20.4521,2.2043
300868.SZ,20220420,20220331,16.781,-165.7055,-18.3556,-1.1055
300870.SZ,20220426,20220331,21.3229,-186.4374,-19.9631,-2.096
300873.SZ,20220427,20220331,18.0153,44.9021,30.5965,2.5644
300875.SZ,20220422,20220331,132.4561,-262.4533,-251.8154,-0.6484
300877.SZ,20220426,20220331,-18.1737,-120.4825,-47.8404,-0.4297
300879.SZ,20220426,20220331,47.2066,49.9154,9.6414,5.3315
300880.SZ,20220427,20220331,50.4057,4.259,80.7609,1.6373
300881.SZ,20220426,20220331,27.8405,11.8142,-65.5521,1.6547
300885.SZ,20220428,20220331,17.1234,-9.6727,18.6635,2.6205
300886.SZ,20220428,20220331,7.6787,12.6968,16.8344,0.976
300887.SZ,20220427,20220331,71.2134,112.947,-14.1085,0.3993
300888.SZ,20220422,20220331,2.3712,-25.6941,17.105,3.0519
300889.SZ,20220426,20220331,0.1625,-77.6462,-96.953,-0.7831
300890.SZ,20220427,20220331,189.244,82.4307,-1.8692,3.0324
300891.SZ,20220428,20220331,28.6114,-34.7975,0.3489,2.186
300892.SZ,20220428,20220331,-3.7628,-75.3293,-82.401,0.0928
300894.SZ,20220426,20220331,29.223,35.9207,-26.3826,3.4111
300896.SZ,20220427,20220331,66.0709,64.0296,55.8007,5.1386
300897.SZ,20220428,20220331,42.3454,40.4539,-46.88,1.104
300898.SZ,20220426,20220331,-1.7633,-19.2092,-29.3796,1.1023
300899.SZ,20220428,20220331,-45.1523,46.3166,-34.6911,-0.565
300900.SZ,20220427,20220331,594.213,1020.6937,-14.9202,1.021
300901.SZ,20220428,20220331,2.7001,-44.6921,-74.7168,1.0344
300902.SZ,20220427,20220331,57.9167,108.3632,50.5537,0.5635
300903.SZ,20220427,20220331,41.8795,30.0272,-7.1337,1.3595
300905.SZ,20220427,20220331,7.4045,-29.0475,-28.0095,1.3035
300908.SZ,20220427,20220331,-3.9565,-58.4565,-20.3561,0.7553
300911.SZ,20220428,20220331,63.0833,51.4807,-29.4744,3.145
300916.SZ,20220426,20220331,-3.2474,-39.5419,7.8484,1.7519
300918.SZ,20220420,20220331,8.0324,17.7092,-13.2837,1.5894
300921.SZ,20220426,20220331,0.0987,-20.3835,7.7955,1.1851
300923.SZ,20220426,20220331,29.8253,-16.9574,-18.4093,0.9657
300925.SZ,20220426,20220331,33.2298,25.1822,-33.2363,1.6359
300927.SZ,20220419,20220331,12.0595,10.0576,0.5676,3.7909
300930.SZ,20220427,20220331,-11.9654,45.7591,28.5043,2.9048
300936.SZ,20220427,20220331,-13.2421,-19.7064,-1.1,0.5492
300937.SZ,20220422,20220331,9.5192,746.522,-6.312,0.8738
300938.SZ,20220428,20220331,49.6163,87.0508,18.1842,1.851
300940.SZ,20220428,20220331,-33.5079,48.4045,-15.5768,1.2035
300942.SZ,20220427,20220331,100.1126,30.2688,-17.4071,10.7388
300946.SZ,20220428,20220331,24.9816,-23.4205,-24.1771,2.2308
300947.SZ,20220428,20220331,-1.384,23.9888,42.4044,1.9369
300948.SZ,20220426,20220331,-21.7156,-60.7884,-19.188,0.2544
300949.SZ,20220427,20220331,-30.6174,-562.4667,-88.5419,-3.9979
300952.SZ,20220427,20220331,-9.6903,-36.0322,16.6049,1.1132
300955.SZ,20220427,20220331,0.6402,-19.5416,5.7207,1.6861
300956.SZ,20220427,20220331,15.4752,-24.4574,7.4409,0.9772
300957.SZ,20220428,20220331,59.3203,85.7446,-20.6768,2.5773
300959.SZ,20220426,20220331,-0.726,-17.8182,-32.5202,1.4001
300960.SZ,20220426,20220331,-28.5793,-339.2974,25.5275,-1.7881
300961.SZ,20220427,20220331,49.2064,52.8709,-86.1268,0.5113
300962.SZ,20220426,20220331,15.0,24.4321,48.3879,3.2729
300963.SZ,20220426,20220331,11.2668,119.14,-10.5388,1.3931
300964.SZ,20220427,20220331,37.4386,-21.1962,32.7534,0.9311
300965.SZ,20220428,20220331,-22.9307,-96.6532,-41.0552,0.0673
300968.SZ,20220426,20220331,7.0031,-68.1499,14.499,0.4185
300969.SZ,20220428,20220331,20.7751,10.0199,25.348,3.5552
300970.SZ,20220427,20220331,22.7608,-13.1958,31.4708,1.5682
300976.SZ,20220427,20220331,-13.24,-59.7193,4.987,0.5559
300977.SZ,20220427,20220331,-22.8757,-916.6629,-97.9286,-2.2631
300978.SZ,20220422,20220331,16.2058,-71.9819,0.166,0.72
300979.SZ,20220428,20220331,11.388,12.3966,9.1365,5.6716
300980.SZ,20220426,20220331,-5.7211,-60.3219,-6.3564,1.1447
300981.SZ,20220428,20220331,-74.8072,-95.6135,2.3218,0.4147
300983.SZ,20220426,20220331,-37.3505,-152.6979,-121.2552,-0.7227
300984.SZ,20220428,20220331,43.5596,-33.7902,-5.6422,1.3264
300985.SZ,20220426,20220331,-74.0663,-115.0059,70.9663,-0.3492
300986.SZ,20220426,20220331,16.885,-78.8428,10.44,0.2743
300987.SZ,20220427,20220331,4.1269,-36.9206,-29.7807,0.4324
300988.SZ,20220427,20220331,15.6172,18.2998,5.129,1.9528
300989.SZ,20220420,20220331,-1.5607,-6.2722,-139.7496,0.9712
300990.SZ,20220427,20220331,9.8902,-27.0715,-23.8314,0.8886
300996.SZ,20220428,20220331,34.521,-477.5879,-277.7235,-1.4199
300997.SZ,20220428,20220331,5.998,9.5024,-20.6118,3.8628
301000.SZ,20220427,20220331,-6.8634,-2.9532,-1.1683,2.0824
301002.SZ,20220428,20220331,-21.3901,-27.4436,17.3409,2.4529
301003.SZ,20220426,20220331,12.0724,34.067,12.0704,2.7171
301004.SZ,20220427,20220331,131.2119,177.5943,-0.5464,4.5942
301005.SZ,20220427,20220331,10.9767,-15.5633,10.324,1.993
301011.SZ,20220427,20220331,39.0954,-84.3962,-14.4063,0.3275
301013.SZ,20220426,20220331,6.6172,-143.4077,-73.5611,-1.2314
301015.SZ,20220426,20220331,14.426,2.7946,-6.4138,4.3353
301016.SZ,20220427,20220331,-21.4466,-46.2715,-43.1487,2.1734
301017.SZ,20220428,20220331,33.9867,31.6132,3.9563,2.7588
301020.SZ,20220428,20220331,-21.1676,-32.6019,31.7537,2.2473
301021.SZ,20220428,20220331,-6.486,-36.6429,44.7487,1.0023
301023.SZ,20220426,20220331,0.3043,48.1887,30.1601,1.5117
301025.SZ,20220422,20220331,9.8851,16.9425,-11.4282,1.0471
301027.SZ,20220426,20220331,-31.3343,-30.3977,-5.8976,1.7595
301028.SZ,20220426,20220331,-2.6412,1.1041,-8.0953,3.6313
301029.SZ,20220426,20220331,52.5953,63.7195,-16.0167,4.2079
301030.SZ,20220428,20220331,174.3138,46.332,-27.0428,0.7071
301031.SZ,20220428,20220331,105.0144,85.4447,-7.5961,4.2494
301032.SZ,20220427,20220331,-11.1565,-53.2293,-18.5844,-0.2832
301033.SZ,20220421,20220331,14.631,-31.0707,-6.3139,0.7498
301036.SZ,20220426,20220331,-14.0093,-40.1501,-16.3606,0.8482
301037.SZ,20220428,20220331,45.1478,114.2657,-5.8496,0.6562
301038.SZ,20220428,20220331,-53.8894,-2357.125,-71.6309,-5.4251
301040.SZ,20220427,20220331,-12.7301,-43.0796,-7.8054,1.551
301041.SZ,20220428,20220331,-3.843,-95.6242,-10.747,0.064
301042.SZ,20220426,20220331,11.6188,7.3608,7.5409,1.5849
301043.SZ,20220427,20220331,6.3701,-57.5048,-48.9671,0.3097
301045.SZ,20220422,20220331,1.2914,-24.4659,-17.4968,2.1381
301049.SZ,20220426,20220331,-8.0059,-57.8522,50.2265,0.5362
301051.SZ,20220427,20220331,-33.0373,-89.6774,-24.123,-0.2281
301052.SZ,20220428,20220331,14.0303,-43.056,-0.0979,1.9515
301053.SZ,20220421,20220331,11.6804,-12.6575,-23.8649,1.8852
301056.SZ,20220426,20220331,24.5901,-31.8343,-16.5469,1.0131
301057.SZ,20220427,20220331,-5.4764,-18.5288,0.4153,1.7768
301059.SZ,20220427,20220331,36.7539,7.3022,16.0121,1.8558
301063.SZ,20220428,20220331,3.436,-68.2748,-16.9882,0.9746
301065.SZ,20220426,20220331,25.4896,1.7792,10.5063,1.2172
301066.SZ,20220426,20220331,3.0171,-77.9418,-64.0745,0.2573
301067.SZ,20220428,20220331,20.0694,-13.8841,11.1002,1.059
301068.SZ,20220428,20220331,48.311,-65.4652,-9.1247,0.4925
301070.SZ,20220426,20220331,-19.4125,-270.8571,-53.2463,-1.0546
301071.SZ,20220427,20220331,126.884,147.812,44.354,9.6408
301072.SZ,20220428,20220331,-3.2865,-39.5184,-6.5974,0.7142
301073.SZ,20220426,20220331,-3.7219,-44.5797,19.5927,0.5883
301075.SZ,20220427,20220331,-40.2276,-59.1032,-21.4482,0.168
301076.SZ,20220426,20220331,15.5589,24.5104,18.6853,2.267
301078.SZ,20220428,20220331,-2.897,-179.8849,5.6853,-1.3758
301079.SZ,20220427,20220331,7.2103,-3.7524,-16.2756,0.926
301081.SZ,20220426,20220331,15.6797,4.2838,-11.6236,1.8756
301082.SZ,20220428,20220331,89.692,158.0071,42.0181,2.5025
301085.SZ,20220427,20220331,11.39,-28.5593,-50.6225,2.1166
301087.SZ,20220428,20220331,-7.2226,-61.4915,-52.895,0.9714
301089.SZ,20220422,20220331,-10.2198,-5.5672,-2.3713,2.3814
301091.SZ,20220422,20220331,2.0417,-48.6187,-122.9713,-2.5971
301096.SZ,20220426,20220331,114.2628,352.5743,-34.5034,0.6891
301098.SZ,20220422,20220331,-12.5605,-45.5607,-133.8594,1.9958
301100.SZ,20220427,20220331,-1.6774,-53.717,-14.676,0.7522
301102.SZ,20220427,20220331,35.0035,15.1616,40.8076,3.24
301108.SZ,20220427,20220331,-47.9115,-42.2184,74.3879,2.5997
301111.SZ,20220426,20220331,-5.0104,27.4116,20.4436,0.9574
301113.SZ,20220428,20220331,-20.7015,14.8914,83.0165,2.5826
301116.SZ,20220428,20220331,7.3361,-335.5898,-6.7767,-5.3159
301120.SZ,20220428,20220331,42.9963,54.4184,19.9552,1.8472
301122.SZ,20220426,20220331,39.4642,6.402,-0.5117,3.5877
301123.SZ,20220426,20220331,34.9253,12.6847,-5.9306,1.9411
301128.SZ,20220419,20220331,18.8423,-754.2708,78.2451,-0.54
301129.SZ,20220428,20220331,46.1374,102.8633,-231.0266,-0.1799
301130.SZ,20220427,20220331,-14.6575,-25.2193,29.3955,1.0622
301137.SZ,20220426,20220331,1.0586,-52.7786,-27.0542,0.2492
301148.SZ,20220428,20220331,40.2274,-33.4694,-28.2149,2.6977
301155.SZ,20220428,20220331,-86.0343,-70.2677,-95.132,-0.0826
301158.SZ,20220427,20220331,18.1313,2.3078,-110.1542,0.1802
301159.SZ,20220426,20220331,3.5623,-87.1277,-276.8668,-2.7162
301163.SZ,20220426,20220331,14.0419,-0.2958,0.8589,2.6651
301166.SZ,20220426,20220331,2.4253,1.8054,-50.8891,1.013
301167.SZ,20220427,20220331,5.5971,17.3132,-56.7688,1.7016
301168.SZ,20220426,20220331,15.5536,-43.5253,0.2802,0.6781
301169.SZ,20220427,20220331,14.1154,5.3111,-110.4171,-1.8557
301177.SZ,20220422,20220331,12.6055,16.7727,35.0947,4.8531
301178.SZ,20220428,20220331,37.404,222.2531,-102.8369,-0.0876
301179.SZ,20220426,20220331,28.4443,127.4995,81.2165,0.5657
301180.SZ,20220427,20220331,-1.4025,33.8703,23.6754,4.2517
301185.SZ,20220422,20220331,25.988,137.1286,-81.1117,0.4159
301186.SZ,20220422,20220331,5.5343,-32.3285,4.5706,0.6913
301188.SZ,20220420,20220331,-4.0596,28.202,-11.1941,1.6223
301189.SZ,20220427,20220331,-46.5958,-72.904,27.5851,0.2767
301190.SZ,20220428,20220331,19.4147,80.2257,55.8893,1.199
301193.SZ,20220426,20220331,35.8232,57.2044,-7.6295,1.2658
301196.SZ,20220426,20220331,-4.746,9.9579,21.4679,1.8881
301198.SZ,20220426,20220331,41.2794,14.2041,-17.623,1.4588
301199.SZ,20220426,20220331,0.4021,-168.658,-2.9408,-0.7537
301200.SZ,20220421,20220331,33.1774,94.015,-12.6076,4.4892
301201.SZ,20220419,20220331,23.5432,25.2767,8.0549,1.8024
301206.SZ,20220427,20220331,3.4555,-9.6438,7.4997,2.1957
301213.SZ,20220428,20220331,-50.3427,49.2573,-720.2424,-0.3007
301217.SZ,20220427,20220331,7.0209,33.5814,-7.0349,2.3567
301218.SZ,20220428,20220331,74.4238,57.6972,-88.1266,-0.5435
301219.SZ,20220427,20220331,81.73,54.2535,-24.4455,7.421
301221.SZ,20220422,20220331,16.3414,-85.0111,-14.1671,0.0091
301222.SZ,20220427,20220331,22.1143,9.6324,10.4822,2.3597
301226.SZ,20220428,20220331,-6.118,20.9335,-2.5892,2.046
301228.SZ,20220428,20220331,-9.497,-368.133,-60.518,-2.1637
301229.SZ,20220427,20220331,14.4117,-71.8534,-12.0793,0.8237
301235.SZ,20220428,20220331,66.1987,21.8419,-147.1604,-0.7392
301236.SZ,20220426,20220331,23.15,21.8993,-28.3305,1.0771
301237.SZ,20220427,20220331,13.4057,-21.6138,-7.2771,2.889
301248.SZ,20220428,20220331,110.6715,34.9842,-41.8239,1.6233
301256.SZ,20220427,20220331,11.6103,-75.1995,-22.6786,0.4064
301258.SZ,20220427,20220331,23.2344,48.5026,15.8287,2.6379
301263.SZ,20220427,20220331,30.8083,210.7966,24.415,4.2057
430047.BJ,20220427,20220331,86.4893,-76.0096,11.7366,-4.5995
430090.BJ,20220428,20220331,-8.9072,28.4727,-90.0741,-1.521
430198.BJ,20220428,20220331,10.0094,-32.2361,86.7005,-6.1657
430418.BJ,20220428,20220331,4.9841,-21.2536,1.1635,2.4608
430510.BJ,20220429,20220331,7.7577,-63.5435,18.5806,1.2062
600000.SH,20220428,20220331,0.9693,3.6958,-549.506,2.8373
600010.SH,20220428,20220331,15.2798,-54.9224,4.7018,0.5831
600011.SH,20220427,20220331,30.5434,-129.9593,12.8795,-1.3476
600039.SH,20220429,20220331,32.767,30.9181,-11.0136,5.5409
600051.SH,20220426,20220331,-24.3316,-120.2374,-24.967,-0.0139
600057.SH,20220428,20220331,27.3808,31.8272,-20.6383,3.9438
600058.SH,20220426,20220331,-8.2453,40.9389,-21.2744,1.5013
600059.SH,20220427,20220331,12.549,12.3643,-6.8511,1.2422
600063.SH,20220420,20220331,46.9604,221.923,21.2956,6.5516
600064.SH,20220420,20220331,-77.8272,20.8611,31.4264,4.1719
600066.SH,20220427,20220331,-2.8401,-4.4271,-20.8925,-2.1542
600068.SH,20220428,20220331,42.0287,44.8374,-15.925,
600071.SH,20220428,20220331,13.3095,-438.9431,5.1335,-3.0478
600075.SH,20220422,20220331,12.6766,-46.2434,14.1236,2.7965
600079.SH,20220428,20220331,11.0113,203.8307,-0.6895,2.3209
600091.SH,20220428,20220331,-98.9856,-21.6516,-43285.3243,-1.3023
600095.SH,20220428,20220331,46.7828,-149.8592,125.8405,-0.5039
600099.SH,20220427,20220331,6.0916,20.4403,-8.841,0.4207
600104.SH,20220430,20220331,-4.1398,-19.4392,-5.1721,1.7974
600105.SH,20220428,20220331,11.9301,-88.0853,-24.1065,0.5074
600108.SH,20220420,20220331,5.075,-19.0574,0.6178,0.34
600110.SH,20220428,20220331,24.996,94.0536,-24.1359,2.1834
600111.SH,20220428,20220331,49.7194,88.5102,19.5489,10.3575
600112.SH,20220430,20220331,-77.5819,-240.9163,-255.2072,-17.1353
600116.SH,20220428,20220331,12.0323,-93.8132,8.1261,1.2274
600120.SH,20220428,20220331,19.4273,-51.1542,-11.7912,0.2894
600122.SH,20220430,20220331,-11.3363,84.8474,-18.574,-32.8318
600123.SH,20220426,20220331,50.4994,285.7267,25.6794,6.4545
600131.SH,20220422,20220331,12.1669,12.1394,-52.5195,0.861
600136.SH,20220430,20220331,34.2163,0.8929,-2.7778,-29.1345
600143.SH,20220426,20220331,4.4151,-44.9286,-4.6734,2.6143
600155.SH,20220429,20220331,-19.9198,-80.1454,412.7283,0.1339
600156.SH,20220428,20220331,-19.6825,34.5765,-16.3152,-3.6904
600157.SH,20220426,20220331,42.0137,41.7635,13.6697,0.738
600158.SH,20220426,20220331,12.9626,2.2269,77.4602,-2.1162
600161.SH,20220426,20220331,-16.7975,-17.4963,29.4072,1.43
600169.SH,20220428,20220331,1.3403,152.9929,3.8296,0.4022
600173.SH,20220422,20220331,-17.1088,-56.2434,-73.6186,1.6093
600176.SH,20220426,20220331,28.4434,72.6752,26.0197,6.1435
600178.SH,20220426,20220331,8.3096,-70.9794,-1.3113,1.2995
600180.SH,20220428,20220331,-11.4763,34.8401,-1.5779,4.3358
600182.SH,20220429,20220331,13.8848,-70.2167,13.0971,0.3019
600184.SH,20220428,20220331,16.3737,29.4335,-50.0424,0.7274
600197.SH,20220428,20220331,14.6688,-17.5481,21.8328,2.9443
600198.SH,20220428,20220331,-2.9561,42.2134,8.97,-19.145
600200.SH,20220427,20220331,-18.4224,-91.9785,9.8127,0.1911
600202.SH,20220428,20220331,12.4412,4.2937,51.6563,0.6531
600211.SH,20220427,20220331,32.7422,11.1272,36.9456,6.7233
600216.SH,20220427,20220331,-8.9895,-2.3703,-8.106,2.8643
600217.SH,20220427,20220331,-8.6283,-85.437,-6.7306,0.6145
600219.SH,20220428,20220331,54.3956,34.6058,14.3695,1.7044
600226.SH,20220428,20220331,2.4952,210.2263,-1.8492,0.7944
600229.SH,20220428,20220331,6.9525,-3.6898,-23.5345,2.9855
600232.SH,20220426,20220331,15.1586,413.9532,-7.5188,1.2173
600233.SH,20220427,20220331,31.9992,134.8796,8.2898,3.5612
600236.SH,20220428,20220331,34.5643,94.291,61.2988,4.4046
600238.SH,20220426,20220331,-3.8186,603.5686,-35.4927,-1.1664
600239.SH,20220426,20220331,-9.1076,21.4216,-7.7603,-68.8413
600248.SH,20220428,20220331,10.1432,4.1217,1.5405,4.0372
600255.SH,20220426,20220331,24.4802,-35.8362,7.1694,0.8638
600257.SH,20220430,20220331,-18.2062,-468.9116,-26.2778,-1.593
600265.SH,20220427,20220331,215.74,46.1791,-41.7032,-1.5997
600267.SH,20220426,20220331,-2.9574,7.4815,9.6256,1.5408
600272.SH,20220428,20220331,-6.5321,507.6819,-9.708,0.5485
600273.SH,20220426,20220331,74.0418,71.8769,-2.1779,6.2108
600280.SH,20220428,20220331,-35.5037,-68.1887,5.1273,0.9326
600283.SH,20220428,20220331,20.3579,-16.7672,36.9078,1.056
600285.SH,20220426,20220331,15.7341,35.4085,12.6603,4.4478
600286.SH,20220426,20220331,188.987,13.1039,-437.4127,-3.1145
600297.SH,20220428,20220331,-16.7849,2.3816,-24.9016,1.5009
600298.SH,20220419,20220331,14.136,-29.2986,-10.3076,3.7694
600301.SH,20220428,20220331,91.5194,-7.333,21.2374,1.0999
600302.SH,20220428,20220331,0.4207,43.2986,-39.997,-0.9706
600307.SH,20220420,20220331,5.0905,-97.7078,7.4226,0.0572
600309.SH,20220426,20220331,33.4436,-18.8386,9.6944,7.5161
600310.SH,20220428,20220331,-30.1778,62.6797,-13.9309,4.6108
600311.SH,20220430,20220331,33.616,-280.2021,0.6043,
600318.SH,20220430,20220331,-18.2257,-4.1531,95.7425,0.3227
600322.SH,20220430,20220331,32.6226,-515.8936,-8.0573,-54.3189
600325.SH,20220428,20220331,26.9738,28.3523,73.268,3.3584
600327.SH,20220427,20220331,-60.02,-46.947,-3.0549,1.0892
600332.SH,20220427,20220331,2.4572,10.9511,4.47,5.8882
600335.SH,20220426,20220331,-27.0121,-64.9502,-17.7395,1.1815
600337.SH,20220428,20220331,-14.5619,-232.3918,-28.9955,-2.2699
600338.SH,20220420,20220331,10.6231,-60.0595,55.5072,3.137
600339.SH,20220430,20220331,30.5835,17.5172,-59.3097,0.5418
600350.SH,20220428,20220331,4.7271,5.3567,34.0366,1.885
600351.SH,20220428,20220331,-12.4702,10.2813,7.2052,2.3584
600353.SH,20220426,20220331,50.3365,160.8544,-25.0798,2.1389
600355.SH,20220430,20220331,-31.0363,-1326.324,53.0212,-3.1906
600359.SH,20220430,20220331,-4.0271,104.6076,67.0762,8.4151
600361.SH,20220428,20220331,-6.705,-40.6962,12.2693,0.3624
600367.SH,20220428,20220331,56.0574,553.099,-5.9225,4.9008
600370.SH,20220428,20220331,28.7785,143.7169,-3.4898,5.6935
600379.SH,20220427,20220331,30.3398,1.0408,15.9051,0.9395
600382.SH,20220428,20220331,-58.2765,-81.1471,-87.8167,1.4028
600385.SH,20220429,20220331,30.8152,155.6397,14.5759,16.2952
600386.SH,20220428,20220331,-7.0072,-59.0126,0.0952,0.3095
600389.SH,20220419,20220331,74.9695,452.2248,12.8202,23.8749
600390.SH,20220427,20220331,-88.1332,-45.0288,3496.5569,1.2067
600395.SH,20220428,20220331,63.6969,130.598,15.5715,6.8215
600396.SH,20220428,20220331,7.8104,-1766.7743,2.5908,
600397.SH,20220427,20220331,2.4563,-628.4745,-0.4083,-25.9053
600398.SH,20220428,20220331,-5.1459,-14.1653,17.4411,4.7282
600399.SH,20220430,20220331,1.0329,-50.5837,3.9289,1.0939
600400.SH,20220427,20220331,10.9213,-41.028,-19.2422,0.7645
600403.SH,20220428,20220331,35.4003,79.8615,33.0049,3.2524
600408.SH,20220430,20220331,21.9863,-79.9795,-4.3311,1.8963
600419.SH,20220428,20220331,17.3283,5.6896,-9.2429,1.441
600420.SH,20220430,20220331,-17.4249,-64.8264,12.8484,0.7661
600421.SH,20220428,20220331,-12.4271,-54.6665,-42.6779,-8.4496
600423.SH,20220430,20220331,14.7308,-71.5343,19.4112,0.7857
600433.SH,20220426,20220331,-3.1722,-45.1752,18.4678,0.688
600435.SH,20220428,20220331,31.4795,2633.8881,69.9865,0.5146
600438.SH,20220426,20220331,132.4904,513.0142,13.1614,12.5511
600439.SH,20220430,20220331,4.5469,-28.3278,-34.1039,0.4484
600444.SH,20220428,20220331,30.3572,19.9451,22.4487,1.1869
600456.SH,20220421,20220331,30.181,100.991,-14.5233,3.121
600459.SH,20220428,20220331,-0.166,11.7813,-1.9185,4.8863
600467.SH,20220428,20220331,2.717,-11.4497,-2.9273,0.049
600468.SH,20220428,20220331,1.3805,2.1783,-13.8352,1.4199
600470.SH,20220427,20220331,38.0114,21.4686,3.6799,3.5812
600475.SH,20220419,20220331,12.4176,0.2431,2.1124,2.7541
600477.SH,20220428,20220331,10.2289,-40.4499,-19.1151,1.0791
600479.SH,20220428,20220331,4.4416,5.4332,-9.3441,1.6445
600480.SH,20220426,20220331,5.9629,10.377,-4.9401,1.425
600483.SH,20220426,20220331,-10.693,16.9359,10.3736,3.5552
600486.SH,20220426,20220331,42.0782,103.5061,14.9846,12.0816
600487.SH,20220426,20220331,34.0972,30.2557,-4.2475,1.4848
600489.SH,20220421,20220331,21.5117,2.4832,-8.7762,1.6971
600495.SH,20220430,20220331,-3.5163,0.9523,-78.9725,-1.283
600496.SH,20220430,20220331,34.5757,35.5536,-7.6371,2.2059
600497.SH,20220422,20220331,3.6582,48.3318,12.3779,3.3058
600505.SH,20220428,20220331,10.1075,-1372.5345,-13.0255,-1.5696
600506.SH,20220420,20220331,4668.6252,-367.8393,0.8694,-3.7881
600509.SH,20220430,20220331,28.8468,-341.0573,-10.6008,-3.9277
600510.SH,20220426,20220331,-56.7215,-86.1308,-215.4166,0.2466
600511.SH,20220420,20220331,6.9275,25.5322,-11.8358,2.8413
600512.SH,20220429,20220331,-31.5183,-142.9814,2.9899,1.4432
600513.SH,20220428,20220331,21.7913,19.5849,-6.6153,2.2316
600515.SH,20220430,20220331,-11.3662,1726.887,-86.4109,0.3711
600517.SH,20220426,20220331,88.7879,-31.1728,-21.339,0.8104
600519.SH,20220427,20220331,18.4258,23.5803,-21.2909,8.7015
600520.SH,20220428,20220331,38.7311,151.2742,-9.0966,0.6777
600521.SH,20220426,20220331,18.4222,-46.0178,5.7054,1.9708
600525.SH,20220430,20220331,24.592,1299.7238,-20.0449,0.7883
600526.SH,20220426,20220331,-1.8107,-33.3022,-50.174,0.0371
600527.SH,20220430,20220331,-3.0943,22.258,29.7354,0.5983
600528.SH,20220430,20220331,2.5283,2.4038,-20.3485,2.1224
600529.SH,20220426,20220331,12.5331,-1.9348,-3.7244,3.2007
600535.SH,20220426,20220331,5.9653,-272.523,4.3989,1.8284
600537.SH,20220426,20220331,40.6612,85.5229,-25.8978,-1.6639
600538.SH,20220420,20220331,28.5346,74.5256,-16.9629,0.7626
600540.SH,20220428,20220331,-77.7189,-403.3859,20.7233,-1.9873
600543.SH,20220428,20220331,-14.8824,-62.877,-163.2788,-0.8988
600547.SH,20220420,20220331,84.4897,195.6153,1.1859,1.1495
600549.SH,20220427,20220331,66.825,23.3003,-4.9386,3.4247
600552.SH,20220426,20220331,-19.1793,57.4101,7.994,0.5933
600558.SH,20220428,20220331,-0.887,-37.1371,-6.5892,0.8647
600562.SH,20220428,20220331,-29.5149,14.8775,-38.994,1.7981
600568.SH,20220427,20220331,31.1658,83.4102,-26.6318,-0.3538
600570.SH,20220428,20220331,29.5861,-124.4897,-110.1981,0.2701
600572.SH,20220426,20220331,0.2307,112.2477,3.1599,2.7172
600573.SH,20220427,20220331,5.5593,56.7975,27.9236,-0.0733
600584.SH,20220430,20220331,21.2443,123.0429,20.1466,3.6501
600586.SH,20220412,20220331,21.1981,-59.1573,20.5811,2.574
600590.SH,20220428,20220331,5.4965,-59.9165,4.8973,0.7602
600593.SH,20220430,20220331,-9.4275,-41.2559,-2.5851,-11.8409
600597.SH,20220430,20220331,3.6795,65.9348,1.5436,1.7572
600598.SH,20220427,20220331,12.9892,17.4388,470.6379,5.8555
600606.SH,20220430,20220331,-27.6355,-35.2441,2.7358,2.861
600608.SH,20220426,20220331,-7.8701,407.0972,-31.7157,3.2337
600615.SH,20220426,20220331,140.9481,15.7266,-3.2269,-0.4577
600617.SH,20220428,20220331,15.415,36.6244,-4.8407,2.9108
600623.SH,20220428,20220331,10.5791,10.1654,7.3346,2.4913
600628.SH,20220430,20220331,-22.1288,-55.7106,-20.3166,-0.1097
600629.SH,20220430,20220331,-19.1668,-8.308,-59.2185,1.6341
600630.SH,20220428,20220331,-13.49,-278.9274,-16.2217,-1.8786
600636.SH,20220428,20220331,-4.6366,-48.7825,-110.1613,0.0595
600641.SH,20220430,20220331,-76.5292,-86.2122,32.5207,0.3255
600643.SH,20220426,20220331,-26.987,-8.9582,51.2999,1.5653
600649.SH,20220430,20220331,-2.6864,181.9462,-146.4713,0.0648
600655.SH,20220428,20220331,12.0029,-42.176,-13.8224,0.7927
600657.SH,20220428,20220331,196.5424,-89.7261,-26.668,0.0162
600662.SH,20220428,20220331,28.0914,33.0427,-7.4733,2.8857
600664.SH,20220428,20220331,11.8775,21.2099,4.6458,2.4837
600667.SH,20220428,20220331,55.4565,33.5756,-22.991,2.1119
600673.SH,20220426,20220331,8.8807,1222.9574,20.6114,3.5163
600684.SH,20220427,20220331,-95.5736,-135.7839,38.3062,-6.0251
600694.SH,20220430,20220331,-10.5479,-19.1809,9.7062,2.342
600696.SH,20220428,20220331,161.0513,8.2188,7.1377,2.0606
600699.SH,20220426,20220331,-4.5337,-171.3206,1.2986,-0.4042
600703.SH,20220426,20220331,14.3482,-22.9387,7.9611,0.3558
600709.SH,20220429,20220331,1663.9241,-19.8489,,-2.5113
600710.SH,20220427,20220331,-7.0104,5.5998,-8.3554,3.6133
600711.SH,20220428,20220331,-45.8396,-9.9772,23.2237,3.7275
600712.SH,20220428,20220331,-14.3303,-496.6133,-27.0524,-0.4723
600715.SH,20220428,20220331,-32.0551,-839.5376,21.0511,-3.8953
600720.SH,20220426,20220331,19.3736,-94.0128,54.7181,0.0809
600721.SH,20220428,20220331,24.399,28.0005,-21.5701,0.1387
600722.SH,20220428,20220331,18.2973,52.0404,18.924,1.1293
600728.SH,20220420,20220331,1.2031,117.083,-55.5817,0.5712
600733.SH,20220428,20220331,108.419,-12.0804,7.1847,-9.1451
600734.SH,20220430,20220331,-98.3302,79.7854,-657.3956,-4.883
600736.SH,20220430,20220331,10.2573,-29.3656,-496.8302,-0.9594
600738.SH,20220426,20220331,30.9753,422.587,-15.1573,1.3695
600745.SH,20220426,20220331,23.4439,-22.8704,7.728,1.8632
600747.SH,20220430,20220331,15.8097,-0.2531,-8.6889,
600749.SH,20220428,20220331,-47.4703,-83.1233,-302.3015,-2.3636
600755.SH,20220428,20220331,20.6768,11.6456,-23.8277,4.4924
600757.SH,20220428,20220331,19.5594,12.747,-13.4464,3.6092
600761.SH,20220426,20220331,13.6505,8.4592,5.0372,2.5963
600763.SH,20220428,20220331,3.737,1.2507,9.899,5.4958
600768.SH,20220426,20220331,-36.0239,-131.1233,-27.9849,-1.4016
600769.SH,20220421,20220331,14.2065,4.3441,40.5267,3.2166
600774.SH,20220430,20220331,-3.017,4.1251,-1.9677,1.2912
600777.SH,20220430,20220331,38.7373,108.0832,75.0102,4.3182
600787.SH,20220428,20220331,20.0388,479.208,-4.4461,0.5297
600790.SH,20220428,20220331,1.4878,9.3628,-43.2504,1.2747
600793.SH,20220430,20220331,5.4864,-58.1759,7.9612,0.1814
600794.SH,20220426,20220331,-55.6303,-19.3831,-62.6107,1.7213
600796.SH,20220428,20220331,17.2533,1895.5916,6.165,0.8571
600797.SH,20220427,20220331,30.7157,120.1219,-18.1716,0.0073
600798.SH,20220428,20220331,-7.6205,-34.2294,20.5268,0.4201
600800.SH,20220426,20220331,-7.006,-198.1115,-27.4419,-2.015
600801.SH,20220428,20220331,5.5195,-8.5086,-4.8905,2.4057
600808.SH,20220430,20220331,11.2832,-17.0424,6.1603,3.3879
600809.SH,20220428,20220331,43.6197,70.0279,33.603,21.7007
600810.SH,20220430,20220331,28.718,6.3721,12.4231,4.5982
600812.SH,20220428,20220331,-6.2508,123.9192,1.4652,0.1436
600814.SH,20220430,20220331,-12.3427,-31.4872,42.639,2.7894
600817.SH,20220426,20220331,-14.5747,-9.4252,-24.2238,2.2041
600818.SH,20220428,20220331,-3.8726,-43.067,29.7494,-1.5769
600823.SH,20220430,20220331,-28.339,-59.0757,61.9205,0.3469
600824.SH,20220426,20220331,-26.9544,-10.5921,-40.0811,1.025
600826.SH,20220426,20220331,-37.3283,-73.2551,-306.4778,-1.1985
600829.SH,20220421,20220331,7.7023,15.2767,-1.6756,2.036
600834.SH,20220428,20220331,4.3162,22.808,-177.3504,1.0196
600835.SH,20220427,20220331,-15.0163,-34.2815,-30.1843,1.3413
600839.SH,20220427,20220331,-15.7175,143.5753,-21.5784,0.2614
600845.SH,20220428,20220331,23.7641,12.6841,41.8684,4.7583
600848.SH,20220428,20220331,49.7668,-21.3716,-82.7071,2.7051
600850.SH,20220426,20220331,13.4202,3.8619,-71.6545,2.3698
600851.SH,20220428,20220331,19.101,15.3837,6.3079,0.5934
600854.SH,20220427,20220331,-5.0498,504.3919,47.854,1.4484
600855.SH,20220428,20220331,-7.5495,-1.8908,-130.6761,-2.45
600856.SH,20220430,20220331,29.599,55.7407,21.4747,
600857.SH,20220426,20220331,-20.439,4.7773,-0.9148,1.7217
600858.SH,20220428,20220331,4.0062,74.3436,18.4773,1.8852
600861.SH,20220428,20220331,-3.0074,-189.4131,-3.4777,-0.9196
600864.SH,20220427,20220331,-2.6479,-418.7373,-127.0171,-3.7723
600866.SH,20220426,20220331,-8.6762,-33.8247,-2.6625,1.0934
600869.SH,20220426,20220331,11.2739,-27.6326,6.1169,1.0823
600871.SH,20220427,20220331,5.122,-58.7735,-5.8806,0.7033
600874.SH,20220427,20220331,22.4235,17.8548,19.8175,2.4802
600876.SH,20220430,20220331,18.0377,-25.0804,-22.8598,0.1052
600877.SH,20220428,20220331,-11.7555,67.7273,-29.5084,1.3157
600878.SH,20220429,20220331,426.8796,1875.3031,3.1078,
600882.SH,20220419,20220331,35.2357,129.5531,-10.2615,1.5482
600883.SH,20220430,20220331,17.1002,0.8966,-17.9405,2.9166
600884.SH,20220428,20220331,25.7607,166.9317,2.1346,3.1791
600885.SH,20220427,20220331,20.8206,20.7767,10.2346,3.7659
600887.SH,20220428,20220331,13.405,24.3167,1.4279,6.657
600889.SH,20220428,20220331,-3.7606,-126.8918,-25.2437,-2.7037
600892.SH,20220428,20220331,10.3625,-62.7091,4.9171,-0.0094
600894.SH,20220428,20220331,10.2846,-93.615,-11.6288,0.6894
600896.SH,20220430,20220331,10.1153,-67.6896,-86.4663,-2.5818
600898.SH,20220426,20220331,39.7344,-224.5295,-98.0976,-9.7543
600901.SH,20220422,20220331,2.7706,10.5959,-110.3644,4.1274
600905.SH,20220428,20220331,51.839,59.971,28.443,3.2364
600916.SH,20220426,20220331,8.0239,22.0607,-3.5728,3.6174
600917.SH,20220430,20220331,14.308,6.6943,-3.2908,1.9205
600919.SH,20220429,20220331,11.0445,26.0024,901.5091,3.3237
600929.SH,20220426,20220331,61.9645,151.6805,4.3994,3.0853
600933.SH,20220428,20220331,12.668,-21.1134,5.8851,1.3595
600955.SH,20220428,20220331,-12.1807,-48.5917,18.5612,3.5177
600962.SH,20220430,20220331,8.0488,404.8271,69.8462,0.4249
600965.SH,20220429,20220331,10.1275,55.5737,13.891,2.3463
600966.SH,20220428,20220331,2.1515,-77.7189,3.6038,2.4291
600967.SH,20220426,20220331,46.6567,16.604,-85.556,1.9554
600968.SH,20220428,20220331,25.1676,37.474,21.1761,1.2047
600970.SH,20220427,20220331,16.0815,4.9893,-25.0179,3.4598
600977.SH,20220427,20220331,-24.8322,-19.3173,213.3413,0.7465
600978.SH,20220430,20220331,-77.3941,82.7196,3.1454,-4.799
600980.SH,20220426,20220331,13.8813,95.1582,7.6717,1.1314
600984.SH,20220430,20220331,-14.5977,-181.913,0.153,-0.9368
600987.SH,20220427,20220331,-1.3661,15.7798,5.5076,1.5319
600993.SH,20220427,20220331,10.2364,17.3026,-14.4686,4.2442
600998.SH,20220426,20220331,7.7275,-40.4846,-7.528,2.0203
601001.SH,20220429,20220331,16.9286,78.2268,2.5568,7.2525
601002.SH,20220428,20220331,18.8544,9.6333,-24.9169,1.2365
601003.SH,20220428,20220331,30.3996,-177.1198,0.4183,-4.1435
601005.SH,20220427,20220331,-12.6074,-59.4476,3.1938,2.0231
601006.SH,20220428,20220331,-5.9387,-18.1202,6.0261,2.3578
601008.SH,20220428,20220331,13.0225,158.399,90.9973,0.5264
601011.SH,20220426,20220331,-2.4937,-0.3898,5.5391,0.5346
601012.SH,20220428,20220331,17.2888,6.4618,-1.6627,5.398
601015.SH,20220428,20220331,21.742,-54.4441,1.1365,2.7566
601021.SH,20220429,20220331,6.1773,-53.4575,-16.2264,-3.4407
601028.SH,20220427,20220331,12.2123,-27.807,-0.0178,3.0088
601038.SH,20220428,20220331,30.7376,23.7924,1.0815,7.9914
601068.SH,20220430,20220331,-6.8488,-61.3999,-26.1921,0.1519
601069.SH,20220428,20220331,-86.5993,-133.4123,-72.0205,-2.8601
601088.SH,20220428,20220331,24.1007,63.2676,33.8919,4.8115
601098.SH,20220426,20220331,14.5263,2.7169,-27.0369,2.12
601100.SH,20220426,20220331,-22.9728,-32.558,12.9599,5.3316
601101.SH,20220426,20220331,27.0165,82.894,45.6145,3.2102
601106.SH,20220428,20220331,15.6246,3.3063,-11.2703,0.276
601116.SH,20220427,20220331,-0.6163,75.9844,19.8958,1.4283
601117.SH,20220428,20220331,41.5356,19.7327,-19.4987,1.9751
601137.SH,20220426,20220331,58.4024,15.4721,-20.6728,2.3285
601158.SH,20220428,20220331,10.8541,-32.0343,26.7126,2.1278
601163.SH,20220427,20220331,-18.5098,-69.7816,5.7066,0.0696
601177.SH,20220427,20220331,5.2327,-3.9253,-28.1335,2.3346
601187.SH,20220428,20220331,18.2151,16.518,679.3946,2.7185
601198.SH,20220429,20220331,-20.0896,-87.971,1243.0851,0.089
601208.SH,20220430,20220331,21.1469,19.7748,-11.9375,2.6016
601216.SH,20220430,20220331,17.8092,-20.5083,15.7757,3.7579
601222.SH,20220426,20220331,2.9338,3.6826,-3.0457,1.0875
601231.SH,20220428,20220331,27.6104,79.3962,12.1401,3.1159
601233.SH,20220428,20220331,16.7181,-12.4539,-28.7317,4.0703
601238.SH,20220428,20220331,45.6651,27.1673,-13.8383,3.0914
601311.SH,20220426,20220331,-3.5372,-49.1056,-11.0877,1.5831
601319.SH,20220429,20220331,9.0964,-12.8563,12.4589,4.0265
601336.SH,20220429,20220331,-7.8682,-78.6836,48.2225,1.2727
601339.SH,20220428,20220331,5.3919,54.5763,15.9485,3.6802
601368.SH,20220428,20220331,37.3011,63.8414,42.4649,1.5909
601369.SH,20220428,20220331,10.5846,18.9135,12.4414,3.416
601388.SH,20220428,20220331,-1.6112,-26.2914,23.7717,3.6926
601512.SH,20220428,20220331,7.0411,-9.163,-2.3254,4.7634
601515.SH,20220430,20220331,7.7975,-50.7132,-4.3536,1.9346
601518.SH,20220428,20220331,8.67,24.1568,10.6075,2.0442
601566.SH,20220426,20220331,-5.616,-158.0593,7.0884,2.6144
601579.SH,20220428,20220331,0.73,-6.7397,-4.674,2.1088
601598.SH,20220428,20220331,2.5572,17.6819,-4.9275,2.6781
601599.SH,20220427,20220331,38.9918,367.3067,-17.5282,1.3414
601607.SH,20220429,20220331,10.2679,-40.9937,-4.3765,2.1944
601608.SH,20220426,20220331,14.8802,23.4797,-10.8395,0.549
601609.SH,20220420,20220331,36.4382,32.0539,-17.0768,1.4251
601611.SH,20220430,20220331,23.7398,25.8367,-43.0294,2.0881
601618.SH,20220430,20220331,24.9975,25.4573,-12.3212,2.3749
601619.SH,20220428,20220331,-14.2135,-18.8997,12.6068,1.4877
601628.SH,20220428,20220331,-7.954,-46.9022,50.7122,3.2227
601665.SH,20220429,20220331,18.0035,20.0527,90.937,2.7344
601666.SH,20220428,20220331,53.3326,199.4029,17.7435,9.2677
601678.SH,20220420,20220331,5.7911,-25.0677,8.5502,3.4539
601700.SH,20220420,20220331,34.1765,-35.26,-18.6048,0.6121
601702.SH,20220427,20220331,36.535,0.7308,-26.3995,3.1176
601717.SH,20220427,20220331,5.4051,22.5479,3.8567,3.7219
601728.SH,20220421,20220331,11.5309,12.1386,23.8438,1.8477
601798.SH,20220419,20220331,-6.0991,-38.2047,-2.448,-1.9927
601799.SH,20220428,20220331,11.6023,-5.6125,40.1801,3.0756
601818.SH,20220428,20220331,0.1214,1.9788,-561.1571,2.414
601838.SH,20220428,20220331,17.6472,28.8279,-14.7833,4.0308
601858.SH,20220428,20220331,-0.6045,-20.0218,-72.1467,0.4099
601878.SH,20220429,20220331,-3.9234,-23.194,35.9985,1.3439
601886.SH,20220420,20220331,6.0568,-56.4171,-58.2052,2.049
601890.SH,20220426,20220331,-21.209,-17.5725,20.2266,0.9714
601899.SH,20220412,20220331,36.3532,143.8807,11.4679,8.0808
601900.SH,20220428,20220331,9.067,-17.836,14.1552,2.6206
601908.SH,20220428,20220331,76.7883,-95.8911,-2.9742,-0.0724
601921.SH,20220427,20220331,27.1783,92.9396,11.9072,0.9418
601929.SH,20220430,20220331,-0.708,-38.778,-17.1849,0.0643
601952.SH,20220428,20220331,31.4166,15.0368,-3.036,1.8303
601956.SH,20220420,20220331,-2.3899,46.8412,-11.4434,0.8418
601958.SH,20220427,20220331,37.4115,276.1389,-14.2257,2.223
601966.SH,20220429,20220331,-12.7432,-118.5747,3.8009,-0.932
601969.SH,20220430,20220331,43.2031,-1.6803,36.3354,2.9341
601975.SH,20220427,20220331,20.3022,-2.3691,9.6506,1.7678
601985.SH,20220428,20220331,22.7815,53.2453,59.9174,3.5457
601995.SH,20220430,20220331,-14.5294,-11.4851,91.5748,1.8383
603001.SH,20220426,20220331,-8.971,-75.0282,-7.0602,0.0433
603003.SH,20220428,20220331,33.4023,33.4739,4.6393,0.5675
603006.SH,20220428,20220331,-9.7292,-45.2632,23.2235,1.2121
603007.SH,20220428,20220331,-24.46,-4.1284,-76.2447,-4.1062
603009.SH,20220430,20220331,-0.2258,7.2244,6.6504,1.4168
603012.SH,20220427,20220331,16.8828,46.9979,26.3558,2.3538
603013.SH,20220428,20220331,1.576,12.2668,23.8544,3.4957
603015.SH,20220426,20220331,-12.562,-45.534,-13.3471,1.0045
603016.SH,20220428,20220331,22.1061,3.2177,10.7898,1.2355
603018.SH,20220428,20220331,14.0912,17.6927,-32.281,2.2843
603019.SH,20220428,20220331,9.746,39.6115,-47.0031,0.3815
603025.SH,20220427,20220331,6.9498,2.9354,4.4136,4.32
603026.SH,20220427,20220331,5.097,94.0794,28.9594,13.3761
603027.SH,20220427,20220331,0.9296,38.4727,17.075,2.565
603028.SH,20220420,20220331,-2.847,16.4672,-25.2933,0.8225
603029.SH,20220430,20220331,10.6339,69.5951,-90.0739,0.0563
603030.SH,20220430,20220331,-45.0655,-150.5254,-1.0752,-1.5457
603032.SH,20220426,20220331,1077.8835,1738.7497,1.7837,6.279
603035.SH,20220426,20220331,12.2121,-23.7534,25.132,1.5525
603038.SH,20220428,20220331,-26.1162,-115.9928,-9.6714,0.0334
603043.SH,20220428,20220331,11.5138,10.3647,-7.4339,1.6786
603045.SH,20220426,20220331,1.2758,-47.7729,10.4164,0.3558
603048.SH,20220426,20220331,-13.9967,-63.5198,16.6857,1.0039
603050.SH,20220428,20220331,43.2722,15.16,-54.8265,1.0878
603051.SH,20220428,20220331,65.0104,12.0574,-32.978,2.9181
603059.SH,20220426,20220331,-23.7874,-100.1525,19.2247,0.2586
603063.SH,20220427,20220331,36.16,1.9845,44.5369,2.0296
603066.SH,20220428,20220331,65.9676,46.5101,-19.6185,1.5838
603067.SH,20220422,20220331,18.3609,173.2469,13.4545,4.5551
603068.SH,20220430,20220331,-6.5608,-65.0641,-35.2438,0.0988
603069.SH,20220428,20220331,15.5327,46.5642,-6.4381,-2.3175
603071.SH,20220426,20220331,24.0403,59.8938,-15.6793,6.0325
603077.SH,20220426,20220331,85.432,323.4432,19.7232,6.8454
603080.SH,20220420,20220331,3.6185,6.9051,8.1653,2.9548
603081.SH,20220426,20220331,9.3019,6.1124,-70.2379,2.6211
603086.SH,20220426,20220331,25.8045,265.9964,20.2689,3.7135
603087.SH,20220428,20220331,25.7721,-40.3941,33.7802,1.5557
603088.SH,20220428,20220331,26.0841,47.8714,-3.7832,3.8901
603099.SH,20220427,20220331,101.3215,11.7949,-106.0158,-3.6112
603100.SH,20220430,20220331,30.3006,-27.9644,-16.1717,2.8685
603101.SH,20220428,20220331,6.2703,51.143,9.7832,3.7485
603102.SH,20220419,20220331,1.1169,-3.9976,9.2505,2.8769
603105.SH,20220426,20220331,35.0226,4.5116,11.1473,0.7206
603106.SH,20220426,20220331,-36.157,-382.3031,-111.5858,-1.5273
603108.SH,20220428,20220331,7.3409,-53.9575,-15.4079,1.067
603109.SH,20220427,20220331,42.9511,-94.7522,1.4071,1.535
603110.SH,20220428,20220331,-18.6358,-89.3266,-7.4878,0.0821
603113.SH,20220426,20220331,75.5491,-73.8796,20.3489,1.0963
603116.SH,20220428,20220331,-10.2391,-34.1379,1.6918,-0.0068
603118.SH,20220428,20220331,-3.2816,-16.8781,-6.6304,0.7413
603121.SH,20220427,20220331,-7.2459,-84.4606,-0.9559,0.1307
603126.SH,20220428,20220331,-27.1833,15.0642,-0.2203,0.9109
603131.SH,20220426,20220331,11.17,-19.5583,-24.8441,0.4798
603138.SH,20220420,20220331,-22.8392,-312.1764,-5.7514,-1.2108
603150.SH,20220428,20220331,12.4647,12.5017,-40.3461,3.3649
603158.SH,20220428,20220331,15.7326,-38.3511,4.145,1.199
603160.SH,20220427,20220331,-38.3895,-132.26,-25.949,-0.36
603161.SH,20220430,20220331,7.9901,-155.3047,19.5781,-1.6985
603166.SH,20220430,20220331,-43.6923,-51.5783,0.9587,0.9113
603167.SH,20220426,20220331,-16.4801,5.284,23.2603,-0.8075
603168.SH,20220426,20220331,-2.4759,163.6426,20.4632,0.8717
603171.SH,20220428,20220331,8.05,-16.5902,-113.3976,0.8236
603176.SH,20220426,20220331,-1.7496,-94.7479,-130.8909,-3.9293
603185.SH,20220428,20220331,252.6175,108.1457,11.5004,6.4186
603187.SH,20220427,20220331,47.8251,24.7584,-11.9425,3.1677
603188.SH,20220427,20220331,304.1018,48.816,-46.6259,-2.3519
603191.SH,20220430,20220331,12.9965,15.6076,-36.9091,3.1119
603195.SH,20220427,20220331,19.5841,5.6844,14.0866,5.0716
603196.SH,20220426,20220331,10.0393,-47.9469,4.5927,0.6932
603197.SH,20220428,20220331,3.5966,-40.6216,-2.0606,1.5973
603198.SH,20220426,20220331,37.2253,49.0666,33.737,8.6289
603199.SH,20220427,20220331,-19.4827,-131.6332,-52.455,-0.628
603200.SH,20220427,20220331,-4.0458,27.0597,-13.2331,2.3927
603208.SH,20220429,20220331,3.4624,67.4805,-29.7633,0.4434
603214.SH,20220428,20220331,57.3823,-210.3972,14.7162,-1.6665
603216.SH,20220428,20220331,1.7996,18.8566,-55.6374,1.2387
603217.SH,20220428,20220331,65.488,63.593,12.4046,4.8734
603218.SH,20220427,20220331,-21.8314,-78.147,20.6896,0.3007
603219.SH,20220421,20220331,6.1128,0.5516,18.7706,3.9862
603223.SH,20220428,20220331,-21.5429,-83.6116,-3.2471,0.329
603226.SH,20220427,20220331,-28.0188,-210.2174,-61.991,-0.7401
603227.SH,20220421,20220331,27.4942,154.3496,4.3193,4.136
603228.SH,20220430,20220331,14.3101,-30.9592,2.5422,2.0693
603229.SH,20220420,20220331,42.4467,61.1784,-1.1349,5.4882
603232.SH,20220426,20220331,87.5504,-133.9793,-97.2815,-4.6189
603238.SH,20220428,20220331,-27.5817,-85.0017,9.91,0.5049
603239.SH,20220428,20220331,12.0438,-26.0879,-48.2538,3.4164
603256.SH,20220428,20220331,-7.0639,-47.9444,-14.3315,0.8444
603259.SH,20220426,20220331,71.1838,9.544,5.8702,4.3475
603260.SH,20220428,20220331,92.5658,124.7415,9.0142,9.6849
603277.SH,20220428,20220331,42.0042,43.4067,-13.1636,5.0579
603278.SH,20220426,20220331,-23.2592,-156.5829,5.0848,-2.3649
603283.SH,20220426,20220331,34.9666,39.9298,18.1798,1.5523
603286.SH,20220428,20220331,19.864,-41.4536,-7.1897,0.4806
603290.SH,20220428,20220331,66.9562,101.5353,47.7874,2.8508
603297.SH,20220426,20220331,21.2272,-54.9958,1.8746,2.7078
603298.SH,20220420,20220331,7.5031,-13.8208,6.2456,3.2493
603299.SH,20220428,20220331,42.5868,344.5043,38.3657,5.336
603300.SH,20220420,20220331,55.2926,41.4022,38.6534,2.6046
603303.SH,20220422,20220331,4.5569,-36.6162,9.1148,2.0483
603305.SH,20220428,20220331,96.3436,33.7093,15.3633,2.9336
603308.SH,20220428,20220331,14.2933,10.0642,19.9146,1.1794
603311.SH,20220427,20220331,3.4506,-27.3934,8.3593,2.4422
603317.SH,20220426,20220331,20.6043,25.266,24.8779,2.5381
603320.SH,20220427,20220331,12.3899,-32.1592,5.1888,1.395
603321.SH,20220430,20220331,35.6958,-4.8379,-27.0298,0.1344
603323.SH,20220428,20220331,6.3451,21.3566,81.7038,2.2901
603324.SH,20220427,20220331,7.5305,17.8054,-72.0756,0.9248
603329.SH,20220428,20220331,85.3028,137.0526,-18.2278,5.3072
603331.SH,20220428,20220331,3.335,-43.2789,14.1382,1.678
603332.SH,20220426,20220331,15.4132,-210.1903,-46.8002,-1.4193
603333.SH,20220421,20220331,39.4506,870.5876,12.4107,0.8854
603335.SH,20220428,20220331,44.3579,-19.2937,-8.4157,2.0858
603336.SH,20220428,20220331,23.5131,-18.7333,9.4763,1.2899
603338.SH,20220429,20220331,48.9701,15.0708,-16.4946,3.1508
603339.SH,20220426,20220331,43.5666,41.9776,8.9227,2.3456
603345.SH,20220426,20220331,24.1638,17.6545,19.7043,2.2172
603348.SH,20220428,20220331,18.3479,58.3198,0.0386,2.8045
603351.SH,20220427,20220331,27.7692,5.0383,3.1101,1.9746
603356.SH,20220427,20220331,-24.3362,51.0545,-16.8261,-0.937
603360.SH,20220426,20220331,34.6485,89.9732,39.3491,8.8745
603365.SH,20220426,20220331,12.3173,7.3589,-8.9308,2.4842
603366.SH,20220430,20220331,-9.3524,-185.376,-30.6246,-2.1835
603367.SH,20220427,20220331,-0.4504,-10.9869,5.5928,1.7818
603368.SH,20220428,20220331,15.6675,6.3518,-14.9081,3.9277
603377.SH,20220430,20220331,10.8322,-80.1226,-67.9497,0.2554
603383.SH,20220426,20220331,38.2149,13.4544,-122.9541,0.009
603386.SH,20220427,20220331,9.0866,-47.4091,0.8128,1.7913
603389.SH,20220426,20220331,6.9037,-38.8182,-39.4429,-3.7745
603390.SH,20220428,20220331,-7.3511,-936.068,-68.2671,-0.7374
603398.SH,20220427,20220331,10.6998,-3813.5614,38.9228,-0.9969
603399.SH,20220430,20220331,-3.2763,-27.6998,3.5937,-0.1029
603408.SH,20220420,20220331,6.6732,-7.4148,10.7718,3.2164
603429.SH,20220426,20220331,15.9852,14.7014,30.0013,2.5719
603456.SH,20220420,20220331,60.4582,120.1279,27.8347,4.1741
603489.SH,20220430,20220331,44.5466,19.4981,7.2594,6.3813
603496.SH,20220428,20220331,27.3831,211.3159,-44.2413,1.61
603501.SH,20220427,20220331,-10.8434,-13.8954,-14.3971,5.4179
603505.SH,20220428,20220331,-12.7625,-23.0034,14.3577,2.5512
603508.SH,20220428,20220331,-20.5939,-29.3712,10.1097,1.5778
603511.SH,20220427,20220331,4.3773,1.0336,16.8661,2.8071
603515.SH,20220427,20220331,-17.1423,-50.8802,-58.7774,0.2269
603516.SH,20220420,20220331,-22.4517,-170.5004,-0.6872,-0.953
603517.SH,20220428,20220331,12.0945,-62.2427,21.2209,1.4347
603519.SH,20220428,20220331,-4.479,8.0291,5.6926,4.3619
603527.SH,20220427,20220331,31.0723,21.6243,1.6374,2.2547
603528.SH,20220428,20220331,-30.0117,-81.0343,35.8361,0.0353
603530.SH,20220427,20220331,35.4856,-91.4433,-41.015,-0.0664
603533.SH,20220430,20220331,-6.0622,-123.6424,8.8124,-0.8247
603535.SH,20220428,20220331,13.1183,6.947,7.415,1.927
603536.SH,20220428,20220331,4.4631,8.252,13.5952,-6.0551
603538.SH,20220426,20220331,47.8641,128.9447,10.5284,5.9452
603557.SH,20220430,20220331,-78.5297,-482.9866,175.7067,-6.5958
603558.SH,20220426,20220331,28.5437,74.1009,14.0069,2.8613
603565.SH,20220426,20220331,24.899,170.2348,21.4774,4.9822
603583.SH,20220426,20220331,56.6947,17.6274,6.6837,1.6278
603585.SH,20220428,20220331,91.1694,158.4792,0.8372,4.1524
603586.SH,20220428,20220331,34.6668,139.7012,-10.8381,0.7015
603587.SH,20220428,20220331,-9.0879,-23.0744,14.0343,2.6183
603588.SH,20220428,20220331,23.8363,42.8465,19.3206,3.0367
603589.SH,20220428,20220331,11.8015,15.5338,11.8974,5.5757
603599.SH,20220428,20220331,64.3887,101.9025,36.2928,7.4239
603601.SH,20220430,20220331,-18.5908,-26.2966,20.3072,2.5866
603616.SH,20220428,20220331,-58.0896,-93.9022,19.0666,-1.4817
603617.SH,20220420,20220331,8.3563,-29.9214,-3.5776,1.4853
603630.SH,20220428,20220331,-18.1443,-115.2592,-6.0319,-0.1493
603636.SH,20220428,20220331,-4.8881,-244.3113,-154.0354,-1.2411
603639.SH,20220426,20220331,6.5663,8.937,-1.6391,4.4498
603650.SH,20220428,20220331,-0.4183,-50.4709,10.4119,2.4186
603655.SH,20220426,20220331,-16.6309,-76.6095,9.3485,0.3443
603657.SH,20220426,20220331,14.9334,-53.5622,36.5089,1.4645
603658.SH,20220427,20220331,26.2111,40.0728,17.6467,3.1533
603659.SH,20220412,20220331,80.0025,90.2801,-4.4115,5.669
603662.SH,20220428,20220331,-0.8882,-0.6264,-3.0197,1.139
603666.SH,20220428,20220331,1.2262,-36.2009,159.7422,0.7753
603667.SH,20220430,20220331,59.7807,21.0993,4.0643,1.7835
603668.SH,20220421,20220331,54.7965,108.6243,-9.7599,2.0369
603669.SH,20220430,20220331,-54.0088,-41.4358,21.5717,1.174
603677.SH,20220427,20220331,-9.351,7.3535,7.549,1.3738
603678.SH,20220428,20220331,-26.9166,-24.8905,28.7804,3.9511
603680.SH,20220428,20220331,-12.167,-74.4655,-12.3605,0.3733
603685.SH,20220428,20220331,-18.3968,-88.0069,27.7773,0.3053
603688.SH,20220428,20220331,25.1643,106.1127,-7.3145,4.072
603693.SH,20220428,20220331,-1.0895,-36.3791,29.4048,2.2129
603696.SH,20220428,20220331,-16.4568,-78.5241,-26.0921,1.001
603697.SH,20220428,20220331,-5.2592,-64.3105,8.1878,1.1551
603698.SH,20220428,20220331,77.0034,15.3083,51.865,0.5809
603707.SH,20220427,20220331,33.2379,20.9569,21.4195,5.8868
603709.SH,20220428,20220331,-16.1772,-58.7741,-12.3648,0.2206
603712.SH,20220428,20220331,18.2445,26.69,-24.877,0.5474
603716.SH,20220428,20220331,12.0095,312.0563,-20.2543,1.3097
603717.SH,20220430,20220331,-10.8467,339.3764,-22.7754,-1.874
603718.SH,20220429,20220331,-15.8211,-37.409,-60.3132,0.6391
603722.SH,20220430,20220331,28.8106,104.5844,11.7673,6.1856
603733.SH,20220428,20220331,9.9605,-47.8138,6.3708,2.0387
603737.SH,20220430,20220331,14.493,-580.2108,-17.5253,-5.1361
603739.SH,20220420,20220331,-3.8284,-37.6812,-4.563,0.5947
603755.SH,20220427,20220331,7.1096,-7.513,26.6642,1.7025
603757.SH,20220428,20220331,-11.2213,-24.5188,3.2016,1.885
603759.SH,20220426,20220331,23.0344,20.974,13.0717,1.59
603768.SH,20220428,20220331,-5.6067,-74.5633,-11.3744,0.0106
603773.SH,20220420,20220331,88.6359,-78.5745,-8.0695,0.0192
603776.SH,20220428,20220331,-15.8847,-57.3298,-29.913,0.2822
603786.SH,20220422,20220331,-2.7648,-24.6658,-21.5004,2.0959
603787.SH,20220430,20220331,5.551,13.9476,35.3514,2.0233
603788.SH,20220419,20220331,11.7844,-12.1627,-13.2899,1.7512
603790.SH,20220428,20220331,2.1296,18.8642,-1.6311,2.4646
603797.SH,20220430,20220331,27.6892,22.1313,-40.5191,2.497
603799.SH,20220428,20220331,105.6619,84.3967,1.1639,5.7835
603801.SH,20220427,20220331,11.1682,1.3651,-38.6018,1.5491
603803.SH,20220428,20220331,24.5403,524.8287,7.6334,1.4715
603809.SH,20220419,20220331,11.8266,23.6073,-6.6599,4.0743
603810.SH,20220430,20220331,-2.842,-39.3855,-26.633,1.8496
603811.SH,20220426,20220331,-6.7487,-36.9095,21.2352,3.0921
603815.SH,20220428,20220331,34.6293,48.9822,-51.1414,1.5286
603817.SH,20220426,20220331,32.1997,20.9247,17.6354,1.9403
603818.SH,20220428,20220331,14.2537,-5.3006,1.364,2.1433
603819.SH,20220429,20220331,27.7655,1367.5655,7.9016,3.4892
603823.SH,20220428,20220331,8.3846,-10.6617,-8.3435,2.9797
603825.SH,20220428,20220331,11.9163,28.7499,-7.4131,0.8307
603828.SH,20220429,20220331,-8.5478,-289.7552,-23.5538,-3.0962
603836.SH,20220428,20220331,78.7842,20.4285,-4.0304,3.5506
603848.SH,20220427,20220331,15.6948,1.8021,-38.5796,2.1871
603856.SH,20220422,20220331,27.7759,2.598,-0.4911,2.0901
603858.SH,20220428,20220331,-4.4856,5.9086,11.7155,1.9186
603868.SH,20220428,20220331,27.5449,59.0983,6.1208,7.1585
603871.SH,20220429,20220331,8.4308,28.5912,-13.5351,3.6218
603878.SH,20220426,20220331,-12.0982,-36.1082,-11.2088,0.3914
603882.SH,20220427,20220331,58.702,57.9984,2.1237,12.4054
603886.SH,20220428,20220331,7.9401,-1570.8779,-8.6403,-2.3897
603893.SH,20220428,20220331,-3.9048,-24.6417,-18.7178,2.6145
603896.SH,20220428,20220331,16.9931,43.0732,39.9133,3.2244
603898.SH,20220428,20220331,8.3506,3.8703,-14.5267,1.3
603900.SH,20220428,20220331,-26.5746,-76.6691,32.6383,0.5768
603901.SH,20220428,20220331,25.1956,10.2459,-38.2872,2.8692
603915.SH,20220428,20220331,-5.052,-18.5497,-22.5993,1.9706
603919.SH,20220426,20220331,38.794,42.7817,38.0902,5.3206
603920.SH,20220426,20220331,42.1455,69.0864,-4.5869,1.663
603922.SH,20220428,20220331,0.6235,73.0453,45.8932,0.3663
603926.SH,20220428,20220331,22.1202,-46.9141,-6.5154,1.7299
603927.SH,20220428,20220331,-2.1486,7.7718,-91.5876,0.1782
603929.SH,20220428,20220331,30.2482,161.6055,6.1904,0.3202
603931.SH,20220426,20220331,40.5784,26.2655,-5.6446,2.9235
603936.SH,20220426,20220331,-5.5463,-12.8443,-6.5345,0.8699
603949.SH,20220428,20220331,-39.337,-58.0475,32.0372,1.1775
603950.SH,20220427,20220331,-32.4138,-47.2241,34.2495,1.8499
603955.SH,20220428,20220331,-21.7129,-76.8377,-185.5471,0.1277
603956.SH,20220427,20220331,-25.7785,-499.6547,-169.6361,-4.2715
603958.SH,20220428,20220331,-17.5852,-481.119,-9.2244,-3.601
603959.SH,20220428,20220331,65.9911,2.4916,-4.8571,4.4035
603963.SH,20220428,20220331,-18.7403,-1791.5964,-15.506,-1.0982
603966.SH,20220428,20220331,19.5912,53.7361,-16.7279,1.0669
603968.SH,20220428,20220331,44.094,104.3905,-4.2456,4.5402
603969.SH,20220427,20220331,-13.8612,-16.9765,33.832,1.3716
603976.SH,20220426,20220331,44.2596,30.7168,-23.8774,1.8561
603977.SH,20220427,20220331,17.5994,5.4589,-15.2078,1.1734
603978.SH,20220426,20220331,27.3392,178.8331,1.1746,1.3676
603979.SH,20220420,20220331,22.6766,27.2495,-2.8549,2.9532
603982.SH,20220428,20220331,-3.7165,-62.5426,19.7289,-0.4047
603985.SH,20220426,20220331,-40.3676,-90.9063,-3.554,0.2806
603986.SH,20220428,20220331,39.0188,127.6473,-0.0294,4.7284
603987.SH,20220426,20220331,28.8095,55.6684,0.3588,2.9525
603988.SH,20220430,20220331,36.4664,-75.4362,-29.3792,2.7332
603991.SH,20220427,20220331,-30.1224,38.2074,-38.4051,-1.0298
603995.SH,20220427,20220331,31.8567,17.6982,-7.6694,3.1666
603999.SH,20220422,20220331,13.5286,19.1469,-11.9294,0.1762
605003.SH,20220428,20220331,7.6315,-9.0504,29.8302,3.3612
605005.SH,20220427,20220331,8.6817,-34.1562,-4.4524,2.103
605007.SH,20220428,20220331,74.8475,-8.738,-5.4548,4.7246
605008.SH,20220428,20220331,106.4714,49.1584,-20.9982,4.5943
605009.SH,20220426,20220331,-2.7982,-37.8293,11.0582,1.7381
605011.SH,20220428,20220331,28.8969,-21.2659,3.7807,1.6958
605018.SH,20220426,20220331,31.2137,-3.7461,16.2593,1.4312
605020.SH,20220430,20220331,18.188,43.644,-5.4335,3.4464
605055.SH,20220428,20220331,105.6166,-67.3054,1.2531,0.5075
605058.SH,20220427,20220331,8.0198,-14.4824,15.1027,2.0158
605066.SH,20220429,20220331,-25.2027,-67.6845,-10.898,0.6262
605069.SH,20220426,20220331,2.4717,12.8528,-95.9194,-1.3482
605077.SH,20220428,20220331,23.3431,-2.2126,-15.8022,1.6472
605080.SH,20220428,20220331,46.6134,37.8186,-0.7191,4.6497
605086.SH,20220427,20220331,12.9875,13.8758,47.4775,2.3953
605088.SH,20220426,20220331,18.1583,22.6396,-5.7759,1.2164
605098.SH,20220428,20220331,30.7636,84.1699,-36.2252,0.4856
605099.SH,20220428,20220331,27.7809,-13.8035,5.6524,4.0012
605100.SH,20220430,20220331,-49.5698,-61.4994,64.5746,1.1882
605111.SH,20220420,20220331,30.7878,50.106,11.6326,6.6838
605136.SH,20220428,20220331,-5.3359,-71.4688,-45.8615,0.4347
605151.SH,20220430,20220331,10.0305,21.2544,6.1053,2.2922
605158.SH,20220428,20220331,24.9622,-38.73,6.2796,1.3497
605162.SH,20220428,20220331,49.6045,25.0626,29.8382,2.1699
605167.SH,20220430,20220331,-13.0358,5.5338,18.997,0.7757
605169.SH,20220426,20220331,65.562,92.0945,13.5216,3.0618
605183.SH,20220428,20220331,30.3001,24.9473,23.1329,3.0881
605188.SH,20220428,20220331,3.1239,-47.1071,13.5401,1.2105
605189.SH,20220428,20220331,44.0229,-32.72,-17.3592,2.1656
605199.SH,20220428,20220331,29.3953,26.2219,-27.7482,2.817
605218.SH,20220426,20220331,5.9246,-76.0396,6.3102,0.4922
605255.SH,20220428,20220331,-10.129,-47.8451,3.2399,0.893
605258.SH,20220426,20220331,-5.8365,-45.6943,-8.5721,0.7446
605259.SH,20220428,20220331,2.5271,27.8475,2.5357,2.6803
605266.SH,20220428,20220331,24.2799,-54.6424,-1.9199,1.8198
605286.SH,20220428,20220331,23.006,18.8842,14.5829,1.5011
605287.SH,20220428,20220331,-8.3982,-21.6188,21.717,2.4403
605288.SH,20220428,20220331,-17.1164,-77.254,1.5858,0.0297
605289.SH,20220426,20220331,-34.5671,-62.8012,-369.2731,0.057
605303.SH,20220428,20220331,-50.4832,-171.6367,-28.5343,-0.6074
605305.SH,20220428,20220331,15.4834,-11.8353,-1.959,1.889
605338.SH,20220428,20220331,22.3836,-89.4573,-6.1956,2.0328
605358.SH,20220412,20220331,63.8646,214.022,-5.5209,3.0999
605365.SH,20220426,20220331,37.4972,9.0358,-14.6157,2.6036
605376.SH,20220426,20220331,26.9786,-18.2292,-30.3771,2.6184
605377.SH,20220427,20220331,19.3892,14.6151,0.9844,3.4342
605378.SH,20220428,20220331,-13.7149,-89.0488,-0.4289,-0.3728
605389.SH,20220426,20220331,-4.2469,-42.0604,-31.3608,2.2051
605398.SH,20220428,20220331,30.0582,-4.8959,-80.2809,0.8151
605499.SH,20220430,20220331,17.2552,0.8071,14.5202,8.0575
605500.SH,20220426,20220331,11.733,-37.1838,4.1184,1.4499
605507.SH,20220428,20220331,2.9619,8.2628,5.8268,3.0606
605577.SH,20220428,20220331,9.7993,5.0557,28.6799,4.3848
605588.SH,20220426,20220331,-2.622,-3.2655,-6.2062,2.0084
605589.SH,20220419,20220331,16.5261,-21.809,-37.058,1.5005
605599.SH,20220427,20220331,17.5493,71.5388,21.7231,5.2152
688001.SH,20220428,20220331,32.1441,44.9191,-29.4797,0.757
688004.SH,20220426,20220331,29.3677,-20.3704,-206.5049,-0.863
688006.SH,20220430,20220331,155.3985,80.165,22.4135,2.9882
688011.SH,20220428,20220331,-52.8052,-193.5827,-65.8903,-1.0039
688015.SH,20220427,20220331,6.7583,-10.7488,-18.038,0.6106
688021.SH,20220430,20220331,-38.6833,-62.9228,-24.0526,0.892
688022.SH,20220427,20220331,16.9473,153.6138,-13.9542,-1.5202
688027.SH,20220426,20220331,99.6797,-45.8664,-206.1314,-2.2952
688028.SH,20220428,20220331,-1.1773,-55.5617,-14.1373,0.7746
688029.SH,20220426,20220331,12.4953,-35.1165,-5.2683,1.444
688030.SH,20220427,20220331,52.965,14.7141,-27.5002,-5.1054
688036.SH,20220427,20220331,-1.7507,-0.7,1.1096,4.9238
688037.SH,20220428,20220331,61.9874,398.3432,-0.6973,3.4566
688039.SH,20220426,20220331,10.1619,-1139.1339,-137.0406,-1.0148
688048.SH,20220428,20220331,43.5617,45.734,-55.9775,1.0118
688049.SH,20220430,20220331,-14.5642,83.0452,-40.0481,0.2917
688050.SH,20220421,20220331,55.5432,62.996,31.1292,3.06
688052.SH,20220427,20220331,146.1666,148.2151,-49.1966,14.1432
688055.SH,20220428,20220331,-12.3041,-32.6146,-16.0807,3.1947
688056.SH,20220426,20220331,-2.5952,-18.0224,-25.5458,1.4097
688057.SH,20220428,20220331,2.9331,3.7598,8.7532,2.964
688063.SH,20220426,20220331,216.1811,70.4528,15.9514,3.2599
688065.SH,20220427,20220331,35.7715,23.536,21.8459,1.567
688066.SH,20220428,20220331,179.2599,-10.1963,-196.7188,-2.096
688067.SH,20220428,20220331,-2.4623,-11.1714,-6.4365,0.8444
688068.SH,20220428,20220331,11.1437,0.7711,4.3749,19.1234
688069.SH,20220427,20220331,-61.3318,-92.3142,-29.3967,-0.038
688072.SH,20220419,20220331,86.207,-15.0244,64.6517,-1.8252
688075.SH,20220428,20220331,2763.4152,3147.8686,66.3421,67.9479
688076.SH,20220428,20220331,-19.2224,-59.453,1.0783,0.7018
688080.SH,20220426,20220331,15.323,-20.113,-3.9973,0.09
688082.SH,20220428,20220331,28.5225,-88.5638,-35.4857,0.4896
688087.SH,20220428,20220331,21.6115,14.5077,11.467,2.6971
688088.SH,20220428,20220331,-9.3926,-55.859,4.2757,0.5645
688090.SH,20220419,20220331,47.6847,191.1039,-20.371,0.3018
688095.SH,20220428,20220331,10.3073,-83.8232,-5.9871,-0.434
688098.SH,20220428,20220331,7.4764,-15.6961,-47.4713,1.3626
688099.SH,20220428,20220331,59.4009,202.2434,4.8524,6.3791
688100.SH,20220420,20220331,19.3628,22.5391,5.6077,2.4045
688103.SH,20220427,20220331,53.9071,31.8168,13.3238,1.2127
688105.SH,20220422,20220331,80.0713,28.1847,7.4569,9.4961
688106.SH,20220428,20220331,26.5073,0.7689,17.148,1.1056
688107.SH,20220428,20220331,72.1515,206.3391,-46.7972,1.0174
688112.SH,20220428,20220331,3.9584,6.5897,-6.1645,1.3249
688113.SH,20220426,20220331,4.895,31.2987,42.4125,3.0245
688117.SH,20220426,20220331,-13.4384,22.6436,36.6156,1.531
688118.SH,20220421,20220331,26.4722,-107.1322,-155.8005,-2.5433
688122.SH,20220429,20220331,66.5097,67.3993,-28.1945,3.7007
688127.SH,20220422,20220331,-6.8316,-43.8802,12.561,0.8659
688128.SH,20220426,20220331,26.5884,5.2558,-21.2609,1.5126
688131.SH,20220427,20220331,33.0243,15.0617,-1.2615,3.1763
688133.SH,20220428,20220331,41.8723,25.5465,-38.8626,1.0157
688136.SH,20220428,20220331,-2.6456,-37.4864,-3.8987,1.4461
688138.SH,20220428,20220331,34.283,5.0273,5.3417,0.7884
688148.SH,20220428,20220331,15.0339,-112.5496,10.6382,-0.2028
688153.SH,20220426,20220331,1.8173,28268.1617,-26.5107,3.0508
688155.SH,20220430,20220331,92.7575,19.8185,-28.3497,0.7068
688158.SH,20220427,20220331,-25.7303,-7.5135,4.4089,-5.1469
688160.SH,20220421,20220331,-10.0989,-13.11,11.2481,2.2371
688162.SH,20220426,20220331,68.7463,3.1148,7.2201,0.6157
688165.SH,20220430,20220331,0.4245,-105.479,-12.9503,-2.4812
688166.SH,20220428,20220331,31.5258,24.9963,-11.937,3.4516
688170.SH,20220428,20220331,20.2963,7.6521,-13.8936,3.9308
688171.SH,20220427,20220331,-4.9039,37.2844,2.9635,0.4703
688173.SH,20220428,20220331,76.5884,4040.6606,-49.6403,0.6876
688176.SH,20220427,20220331,,45.1806,-756625.9396,-1.8477
688179.SH,20220426,20220331,46.6867,54.8165,-15.3,3.012
688181.SH,20220428,20220331,24.4724,29.7131,-3.6308,2.9499
688187.SH,20220427,20220331,22.2896,31.0062,-50.1713,0.6455
688189.SH,20220430,20220331,-21.5135,-52.1316,-31.0201,0.5273
688191.SH,20220421,20220331,281.0152,1044.1139,-12.2123,1.8128
688192.SH,20220428,20220331,,-34.168,,-8.1628
688195.SH,20220422,20220331,37.8076,36.3403,40.6121,0.9175
688198.SH,20220422,20220331,26.3366,53.5441,34.9747,1.0913
688199.SH,20220426,20220331,35.8398,43.2228,8.8547,1.7251
688207.SH,20220427,20220331,192.845,65.5338,-54.9723,-0.8094
688215.SH,20220426,20220331,75.6652,-37.9118,-59.6075,0.1635
688217.SH,20220428,20220331,-25.4702,-114.2289,6.0505,-0.4427
688218.SH,20220428,20220331,-34.5288,-238.1062,-11.2275,-0.5144
688220.SH,20220426,20220331,31.4781,82.3315,16.6687,-0.8738
688226.SH,20220428,20220331,24.1036,1.1382,-27.4498,1.5573
688229.SH,20220428,20220331,5.2506,-46.7917,-85.6188,-3.496
688233.SH,20220426,20220331,68.3855,26.6616,21.2691,3.459
688238.SH,20220427,20220331,56.8497,28.7837,-40.2296,0.7135
688239.SH,20220428,20220331,58.2383,59.5799,-24.7062,4.6203
688248.SH,20220422,20220331,67.6957,141.4102,-86.4488,0.0642
688256.SH,20220428,20220331,74.3397,-39.7831,-625.0961,-6.1913
688258.SH,20220427,20220331,16.0073,-6.944,-11.5381,1.2862
688261.SH,20220428,20220331,45.4973,129.9824,-9.2097,2.9568
688262.SH,20220422,20220331,90.3715,101.7864,-164.0093,-0.5678
688266.SH,20220427,20220331,,-49.8362,-136.0176,-11.0445
688267.SH,20220428,20220331,1.8874,-17.0282,-5.0853,1.8581
688272.SH,20220428,20220331,-74.763,-349.33,-200.9422,-2.8833
688276.SH,20220428,20220331,-44.2673,-68.7557,-59.4451,0.49
688277.SH,20220426,20220331,-23.8371,-17.6015,-291.9391,-3.3392
688278.SH,20220428,20220331,60.1643,67.9014,24.0426,6.3487
688279.SH,20220419,20220331,5.3677,9.1713,-0.7006,8.3759
688280.SH,20220427,20220331,24.1886,-7.2688,-11.045,-5.475
688281.SH,20220426,20220331,203.5446,92.0146,-50.2464,2.409
688283.SH,20220420,20220331,68.6002,81.1142,-117.0323,-0.1654
688285.SH,20220428,20220331,-12.4615,-36.1637,-67.6091,1.4207
688286.SH,20220427,20220331,-15.8152,-161.1508,-30.1204,-0.2858
688288.SH,20220428,20220331,-48.7017,-171.9839,-79.9826,-1.7061
688289.SH,20220419,20220331,23.8136,4.7835,38.2869,9.3659
688290.SH,20220428,20220331,366.1732,135.8491,-36.1385,0.6205
688295.SH,20220428,20220331,229.0002,200.7974,34.2791,4.3274
688296.SH,20220427,20220331,54.7816,61.7894,-124.4443,-0.354
688298.SH,20220428,20220331,112.2778,74.2041,37.3796,26.4109
688299.SH,20220426,20220331,2.1854,-18.0939,16.9062,1.3638
688300.SH,20220426,20220331,27.2842,16.3543,3.5413,3.6733
688301.SH,20220426,20220331,46.2745,35.4654,10.2712,3.6854
688303.SH,20220422,20220331,389.2766,640.8455,16.1901,23.1062
688306.SH,20220428,20220331,-24.3822,-1.0653,-16.2758,1.7074
688309.SH,20220427,20220331,101.1518,442.2265,50.7294,1.6264
688310.SH,20220426,20220331,10.9303,-74.6255,-46.7373,0.1947
688314.SH,20220428,20220331,30.1489,29.248,29.2631,3.4592
688315.SH,20220427,20220331,5.8347,-42.664,-48.1445,0.6874
688316.SH,20220428,20220331,-9.0125,-17.2212,-55.6068,-13.2692
688317.SH,20220428,20220331,23.4329,-12.8962,34.038,6.9527
688319.SH,20220428,20220331,-15.6097,-133.2965,-80.8811,-0.8153
688320.SH,20220427,20220331,14.8552,-17.3693,-35.7022,2.9728
688323.SH,20220430,20220331,0.6638,-27.2296,18.052,1.3214
688326.SH,20220427,20220331,-2.7148,-198.159,-18.3562,-4.2912
688328.SH,20220430,20220331,-20.1947,-73.6074,-26.1988,0.581
688330.SH,20220426,20220331,47.5723,61.317,-51.0712,2.9095
688331.SH,20220428,20220331,3406.557,-55.4783,-233.4418,-6.3647
688336.SH,20220428,20220331,3.3409,101.1153,49.9701,-0.1181
688337.SH,20220426,20220331,26.2771,135.1418,3.8354,0.0842
688345.SH,20220420,20220331,19.8632,-45.727,-20.6231,2.0733
688356.SH,20220428,20220331,44.2321,45.4107,44.9696,4.0039
688357.SH,20220428,20220331,56.952,33.5885,5.4786,2.9973
688358.SH,20220419,20220331,23.0382,9.0542,-9.8068,1.9207
688359.SH,20220426,20220331,0.4506,-147.1658,-3.4522,-1.1457
688363.SH,20220426,20220331,61.5657,31.0735,-17.3064,3.1232
688369.SH,20220427,20220331,20.6029,-1004.3151,-155.4667,-2.0933
688379.SH,20220426,20220331,4.6052,-60.9569,-34.6028,0.587
688383.SH,20220426,20220331,74.2652,83.9968,-35.4973,5.2354
688385.SH,20220427,20220331,54.5377,169.6189,22.9459,6.9089
688386.SH,20220428,20220331,9.5013,11.9808,36.6136,2.291
688388.SH,20220426,20220331,81.4365,57.2861,3.2945,4.5537
688390.SH,20220426,20220331,46.163,-86.5385,-27.5424,0.3139
688398.SH,20220430,20220331,-8.1954,-66.2806,-19.8456,1.0927
688399.SH,20220428,20220331,77.6862,62.9046,32.2215,21.9061
688408.SH,20220428,20220331,78.78,-160.241,-78.1112,-0.4767
688425.SH,20220430,20220331,14.6694,10.3805,-28.7245,2.4599
688456.SH,20220422,20220331,32.7754,8.5589,-16.6856,0.7836
688466.SH,20220428,20220331,43.4209,14.5614,-43.4396,0.4907
688468.SH,20220428,20220331,0.5549,2.5389,48.7423,2.6941
688488.SH,20220428,20220331,-54.9646,-296.8704,-73.0848,-2.052
688499.SH,20220428,20220331,53.6641,76.7787,-0.6015,3.4982
688500.SH,20220430,20220331,22.8585,-124.6302,-40.1344,-0.5136
688508.SH,20220428,20220331,29.7896,13.7508,-4.9341,1.9384
688509.SH,20220426,20220331,-10.9168,38.7601,-41.4783,-1.0265
688510.SH,20220427,20220331,5.6413,-27.4839,-60.0784,0.1267
688517.SH,20220428,20220331,23.6135,23.9904,14.347,0.2379
688521.SH,20220428,20220331,68.7218,104.8117,-18.5229,-0.1219
688528.SH,20220428,20220331,1.2935,-1017.3801,-78.4289,-1.3805
688529.SH,20220429,20220331,109.9309,2181.6718,-20.0054,2.4757
688536.SH,20220421,20220331,164.7008,193.7325,35.3771,2.2216
688538.SH,20220428,20220331,24.6233,28.3484,-7.8032,-1.4231
688550.SH,20220420,20220331,38.0011,57.9111,-1.6771,2.6161
688559.SH,20220428,20220331,254.449,149.2927,-91.43,0.3709
688560.SH,20220427,20220331,40.4457,34.2714,-4.6873,2.2299
688561.SH,20220426,20220331,44.5209,10.4093,-147.0025,-6.2718
688565.SH,20220428,20220331,2.6988,46.4181,10.2355,0.3554
688566.SH,20220428,20220331,15.6126,5.9496,12.3395,1.7607
688568.SH,20220428,20220331,44.7947,79.2828,-151.9468,-1.0657
688569.SH,20220428,20220331,102.4194,758.8175,23.3137,1.9837
688577.SH,20220427,20220331,16.8161,-3.7748,-25.0806,1.493
688580.SH,20220428,20220331,-32.5344,-45.6245,-7.4421,0.59
688595.SH,20220428,20220331,43.7597,134.568,-26.6053,0.0487
688596.SH,20220428,20220331,110.618,1216.36,-4.8029,0.1787
688597.SH,20220427,20220331,56.2699,138.7281,-6.2392,0.6564
688598.SH,20220426,20220331,125.8043,162.5015,35.9007,6.8202
688601.SH,20220428,20220331,59.3246,171.9937,-16.4069,6.1104
688606.SH,20220428,20220331,628.1714,598.1818,44.3979,27.5888
688608.SH,20220426,20220331,-1.1835,-71.7797,-39.6751,-0.1675
688611.SH,20220420,20220331,33.954,48.7458,59.7245,1.2765
688613.SH,20220428,20220331,25.0954,-27.3208,19.2483,0.5604
688616.SH,20220427,20220331,-4.1544,-59.9584,10.0402,0.5382
688619.SH,20220427,20220331,-75.5819,-711.598,-696.8759,-1.0411
688622.SH,20220428,20220331,-9.2567,-1358.6276,-177.369,-3.1603
688625.SH,20220427,20220331,26.2747,27.9167,-11.4095,4.5388
688626.SH,20220428,20220331,-15.5652,-72.2464,-28.2142,0.2582
688628.SH,20220428,20220331,19.0566,12.1131,-13.6172,5.4052
688630.SH,20220428,20220331,28.2062,51.1917,-30.819,1.8091
688633.SH,20220428,20220331,0.245,30.052,16.2604,2.7625
688636.SH,20220427,20220331,86.4695,-6.5636,-59.6056,0.8615
688655.SH,20220428,20220331,-16.0555,-78.2931,7.731,0.2866
688656.SH,20220428,20220331,24.753,1.693,5.3076,1.6701
688660.SH,20220426,20220331,2.4358,-2.1929,-57.0523,1.7832
688663.SH,20220412,20220331,14.6246,-13.1645,-35.2279,1.4264
688665.SH,20220428,20220331,27.8763,30.7907,-6.8206,4.8031
688677.SH,20220426,20220331,39.208,36.976,25.1034,3.0221
688678.SH,20220428,20220331,35.6659,51.6481,13.0948,2.6065
688680.SH,20220426,20220331,118.8716,2.5543,-56.1393,3.2903
688681.SH,20220426,20220331,-5.1223,-49.611,-14.4756,-2.3742
688683.SH,20220428,20220331,7.8557,-33.8062,-6.0926,1.0278
688685.SH,20220426,20220331,-11.4466,134.4225,-54.8824,1.5299
688686.SH,20220426,20220331,22.5286,1.2278,-1.8155,2.2165
688687.SH,20220421,20220331,-0.0186,18.767,32.4775,0.8172
688698.SH,20220428,20220331,17.7934,40.9934,-2.9776,2.1368
688718.SH,20220426,20220331,-25.6206,-101.5699,3.4222,-0.1609
688722.SH,20220426,20220331,50.8931,139.5915,53.9087,2.586
688737.SH,20220428,20220331,-68.162,-211.4291,-22.1734,-0.9776
688766.SH,20220427,20220331,-4.9056,8.0725,-35.1737,1.9707
688767.SH,20220428,20220331,106.8327,111.2465,68.4694,20.5853
688772.SH,20220419,20220331,32.1753,-80.0492,11.9175,0.5464
688776.SH,20220428,20220331,86.3238,51.3294,-25.6148,2.4998
688778.SH,20220427,20220331,103.3329,78.9907,1.1757,3.829
688779.SH,20220427,20220331,179.3067,163.7462,-14.0587,4.1556
688788.SH,20220428,20220331,-75.9007,-183.851,316.0115,-1.0042
688798.SH,20220426,20220331,20.1141,73.6569,-8.3712,1.3681
688799.SH,20220420,20220331,23.1174,1.8337,4.9508,1.9601
830832.BJ,20220421,20220331,11.464,-27.7934,2.4606,1.5808
830839.BJ,20220429,20220331,18.3408,-41.6874,-3.0748,1.7107
830946.BJ,20220429,20220331,30.6279,23.4692,22.8203,4.3538
830964.BJ,20220428,20220331,7.6574,-2.0195,-78.1498,0.7625
831010.BJ,20220427,20220331,1.1469,-9.3995,-0.9921,2.07
831039.BJ,20220430,20220331,-8.8065,-10.8294,37.8542,2.6446
831370.BJ,20220429,20220331,-13.5137,-54.1612,5.2824,1.0825
831445.BJ,20220427,20220331,47.6152,32.9331,19.3953,3.536
831689.BJ,20220427,20220331,5.244,-4.2554,13.6042,2.3891
831726.BJ,20220429,20220331,-24.6134,-44.4087,60.3097,2.3285
831832.BJ,20220421,20220331,46.7909,1707.7776,-47.0773,0.6341
831856.BJ,20220427,20220331,-11.2158,-7.9052,-10.8189,0.5045
831961.BJ,20220429,20220331,-29.875,-78.8343,-1.8975,-0.2799
832145.BJ,20220428,20220331,-57.9907,-201.1335,-83.2089,-0.5829
832419.BJ,20220427,20220331,33.6361,-25.6749,8.4982,1.4498
832735.BJ,20220428,20220331,24.2501,35.1088,28.4644,2.393
833346.BJ,20220430,20220331,16.4112,-16.0083,-7.106,2.0579
833427.BJ,20220429,20220331,0.5596,32.0076,-48.9136,2.4496
833454.BJ,20220421,20220331,-20.0123,-31.6745,-21.2639,1.3829
833509.BJ,20220429,20220331,23.5514,24.9933,-47.3864,2.1228
833523.BJ,20220429,20220331,-7.8068,-34.82,24.3592,1.4904
833873.BJ,20220427,20220331,42.3651,15.8866,-153.8169,-3.741
834021.BJ,20220420,20220331,64.6494,47.2033,-90.6284,2.0233
834415.BJ,20220429,20220331,3.022,31.1805,-55.368,-0.4207
834599.BJ,20220428,20220331,67.7169,79.5338,-6.8044,7.1151
834765.BJ,20220429,20220331,-8.2421,-48.2738,7.1436,0.983
835174.BJ,20220426,20220331,-13.7916,-19.0082,14.0861,4.9488
835184.BJ,20220428,20220331,8.0522,-74.932,-74.1602,-0.0682
835185.BJ,20220428,20220331,120.0769,72.215,-7.0424,5.4462
835305.BJ,20220428,20220331,-38.8041,-123.8007,-40.0174,-1.4903
835368.BJ,20220428,20220331,2.8899,18.5977,-38.0264,0.7282
835508.BJ,20220429,20220331,-5.4102,180.6655,-3.5352,0.1928
836149.BJ,20220429,20220331,-9.7636,-88.5618,-42.2185,0.1046
836239.BJ,20220429,20220331,48.1237,8.1434,8.989,5.46
836260.BJ,20220428,20220331,59.8406,-56.1612,-62.2618,0.1122
836263.BJ,20220427,20220331,44.1549,-22.4747,-47.333,1.1044
836675.BJ,20220429,20220331,5.188,0.1929,6.8744,3.1283
836720.BJ,20220429,20220331,35.6399,12.885,3.1988,3.3051
837212.BJ,20220427,20220331,-5.898,-27.0888,15.825,2.6325
837242.BJ,20220428,20220331,-3.4643,-42.3432,13.1203,1.4186
838030.BJ,20220429,20220331,5.0518,-46.2207,0.8761,2.0292
838163.BJ,20220427,20220331,33.7337,32.8377,13.8154,2.4804
838275.BJ,20220429,20220331,-9.8565,-76.6756,2.3536,0.5074
838924.BJ,20220429,20220331,-19.0562,-66.3803,-101.0291,0.2818
839167.BJ,20220428,20220331,73.6082,-46.4241,-43.4692,2.8286
839680.BJ,20220428,20220331,-72.0296,-1334.1634,32.6079,-1.7689
839946.BJ,20220429,20220331,-65.4943,-78.3417,21.404,-1.0299
870436.BJ,20220429,20220331,-42.6886,-86.941,5.9832,0.5807
871245.BJ,20220429,20220331,15.7577,-13.2629,-5.1984,2.6617
871396.BJ,20220427,20220331,-9.1822,-36.0916,8.32,0.8861
871553.BJ,20220428,20220331,-3.1391,0.5757,-16.0115,0.2524
871981.BJ,20220426,20220331,23.9327,34.16,14.5505,2.4642
872925.BJ,20220426,20220331,-1.4196,-10.8283,19.294,1.5473
873169.BJ,20220430,20220331,2.7975,56.7635,18.1663,5.3265
603206.SH,20220505,20220331,26.1093,61.4678,-63.5454,2.5717
603206.SH,20220505,20220331,26.1093,61.4678,-63.5454,2.5717
688223.SH,20220429,20220331,86.416,66.3857,2.0125,1.6075
300290.SZ,20220429,20220331,-16.951,-1074.9418,-134.6436,-2.2722
002549.SZ,20220422,20220331,57.7648,247.9392,17.4492,4.8171
301012.SZ,20220422,20220331,120.5497,184.6792,-15.4156,4.1917
002281.SZ,20220422,20220331,13.3387,8.7082,10.7555,2.3893
600602.SH,20220422,20220331,-3.4982,97.9856,-38.1505,0.0392
300697.SZ,20220423,20220331,6.7966,-15.9443,-4.4927,3.6864
603590.SH,20220423,20220331,-25.9949,-27.8874,36.6153,0.2371
300349.SZ,20220423,20220331,29.8456,-13.2198,-32.2657,1.2532
600833.SH,20220423,20220331,18.4638,-37.7437,-12.4318,0.7659
002546.SZ,20220423,20220331,38.3875,-134.5167,-26.8576,0.4135
600746.SH,20220423,20220331,23.4404,-25.2985,17.0821,6.375
600729.SH,20220423,20220331,-19.0371,-5.03,19.4611,6.0939
600596.SH,20220423,20220331,70.8597,336.7072,9.6261,12.6926
300549.SZ,20220423,20220331,-1.1102,-50.039,-3.6974,0.9532
300292.SZ,20220423,20220331,-14.0633,-175.4938,-7.5721,0.7053
002236.SZ,20220423,20220331,14.3432,2.302,-42.2899,1.4522
002657.SZ,20220423,20220331,-42.861,-13.0233,-98.7093,-1.226
002609.SZ,20220423,20220331,-18.4502,-471.6594,-134.9866,-2.2473
002963.SZ,20220422,20220331,-27.5596,-235.4706,-37.6375,-1.5171
600724.SH,20220422,20220331,74.951,-11.3672,-9.3529,2.205
000513.SZ,20220422,20220331,3.8573,6.4741,20.4169,4.2239
300836.SZ,20220423,20220331,48.234,381.2289,12.4739,0.6747
688228.SH,20220423,20220331,62.7136,-202.1034,-120.955,-0.5365
000629.SZ,20220422,20220331,23.1914,120.7431,10.9784,5.4864
000514.SZ,20220422,20220331,5.7258,42.8387,-532.848,-0.4339
300584.SZ,20220422,20220331,-7.1506,-6.5797,-26.6501,1.2621
002536.SZ,20220422,20220331,-10.4809,-88.2257,11.7823,0.1195
300360.SZ,20220423,20220331,37.5635,16.8274,5.3294,2.8178
002598.SZ,20220423,20220331,20.8683,10.0239,3.767,2.0001
002237.SZ,20220422,20220331,6.0007,-10.3088,1.8611,2.0461
002478.SZ,20220422,20220331,20.8023,204.075,2.0964,0.7735
300865.SZ,20220422,20220331,27.0784,-44.2837,-24.8447,0.8415
300787.SZ,20220422,20220331,21.0933,99.4611,2.3639,4.0157
688377.SH,20220422,20220331,65.0157,136.9364,-8.1741,1.5876
300289.SZ,20220423,20220331,65.5488,93.1368,2.2612,0.62
301010.SZ,20220423,20220331,6.8098,-19.767,-69.9002,0.2864
002683.SZ,20220423,20220331,20.2854,-44.2687,-23.6608,0.6239
002028.SZ,20220423,20220331,-4.0125,-45.7283,-25.4705,1.686
300929.SZ,20220423,20220331,-19.8991,45.1945,-27.8627,1.4233
000928.SZ,20220418,20220331,10.0264,4.9701,-52.2971,2.0502
605299.SH,20220422,20220331,-13.7393,4.2981,-19.2532,0.835
002283.SZ,20220422,20220331,-40.8797,-45.5194,5.4028,1.7002
688156.SH,20220422,20220331,15.413,-54.1789,24.1585,0.4478
000951.SZ,20220423,20220331,-63.7469,-79.4285,25.881,0.8497
000014.SZ,20220423,20220331,1663.4703,266.401,1.5469,1.4308
600888.SH,20220423,20220331,16.7323,162.0367,15.5479,5.4524
300939.SZ,20220422,20220331,18.1074,150.1719,22.9418,2.0091
002233.SZ,20220422,20220331,-16.371,-85.0369,-33.4016,0.9699
300721.SZ,20220422,20220331,25.705,124.9547,-5.9619,3.56
600560.SH,20220422,20220331,9.5153,-2.7129,2.406,1.7165
002262.SZ,20220423,20220331,9.7913,12.4539,28.8306,3.7834
002222.SZ,20220423,20220331,19.8896,14.6911,28.3259,4.1407
688513.SH,20220423,20220331,21.5624,24.2754,13.8419,1.8061
600206.SH,20220423,20220331,7.2923,69.1894,-21.1214,2.8671
300821.SZ,20220422,20220331,88.3416,95.3328,6.6497,4.6951
300993.SZ,20220422,20220331,9.6447,-12.7665,9.892,2.3281
301069.SZ,20220422,20220331,31.3514,33.5827,-9.9133,5.122
002443.SZ,20220423,20220331,11.7159,-38.2248,-16.2603,1.4785
002715.SZ,20220423,20220331,-0.8753,-181.3601,0.6433,-0.8031
603444.SH,20220423,20220331,9.9764,-4.2672,26.6761,6.9995
002920.SZ,20220418,20220331,53.8645,39.2235,1.4515,5.5849
301117.SZ,20220422,20220331,358.6378,35.993,-357.2302,-0.9028
300928.SZ,20220422,20220331,26.4921,25.2664,25.8358,0.2754
688338.SH,20220422,20220331,-2.887,-6.1996,6.3481,1.2707
300730.SZ,20220423,20220331,221.204,8.7397,-190.5385,-4.04
600750.SH,20220423,20220331,37.3819,15.2799,-2.1015,4.2353
300689.SZ,20220423,20220331,28.1096,114.1714,1.3249,0.2737
002255.SZ,20220423,20220331,23.6175,-25.2508,1.046,0.9401
000753.SZ,20220423,20220331,4.0943,0.3181,-16.3502,1.1746
300183.SZ,20220423,20220331,24.7839,44.9584,-35.1418,0.6576
600805.SH,20220423,20220331,-6.3869,130.8734,-17.9417,-1.5329
002033.SZ,20220423,20220331,-42.3125,-185.0383,-57.473,-1.2253
300059.SZ,20220423,20220331,-11.463,13.6349,-28.3494,3.8673
000969.SZ,20220423,20220331,38.7734,48.3847,-11.7529,1.7242
301088.SZ,20220423,20220331,-10.4742,-9.4513,18.5,1.7789
600563.SH,20220423,20220331,44.6953,23.5495,19.6117,5.4498
688335.SH,20220423,20220331,33.0569,17.882,39.8609,1.4057
600862.SH,20220423,20220331,16.6405,22.7394,-0.5378,5.7777
000989.SZ,20220423,20220331,4.4008,15.5794,11.64,2.8199
300871.SZ,20220423,20220331,-34.3969,-96.8107,-7.7918,0.0705
603822.SH,20220423,20220331,62.0896,33.8186,-4.2003,2.8582
300726.SZ,20220422,20220331,13.094,2.6924,-8.6608,4.1717
300718.SZ,20220422,20220331,17.3828,-26.5527,-22.22,1.7619
301185.SZ,20220422,20220331,25.988,137.1286,-81.1117,0.4159
300684.SZ,20220422,20220331,-4.8471,-19.7172,2.1295,1.1141
600131.SH,20220422,20220331,12.1669,12.1394,-52.5195,0.861
603309.SH,20220422,20220331,36.8509,70.098,9.405,2.1728
300910.SZ,20220422,20220331,60.6481,-12.466,-6.9855,1.0266
002860.SZ,20220422,20220331,-16.0921,-23.8913,7.2044,2.7604
300162.SZ,20220422,20220331,28.6478,105.3471,-2.6946,0.9715
300314.SZ,20220422,20220331,2.8169,-56.4285,-18.333,0.2535
002931.SZ,20220423,20220331,2.6827,-39.328,-13.1358,2.0736
300994.SZ,20220423,20220331,3.3058,27.4095,-0.2683,3.8679
300841.SZ,20220422,20220331,12.4758,34.6049,-41.9162,4.5154
300702.SZ,20220422,20220331,-1.1892,-36.5197,-20.2973,1.782
300458.SZ,20220422,20220331,-17.0746,-10.9418,-21.6085,2.7196
002155.SZ,20220422,20220331,47.103,26.4503,-1.4425,1.6227
002560.SZ,20220422,20220331,150.4351,-36.9268,-5.1573,0.4155
000417.SZ,20220423,20220331,0.1731,-15.5665,5.2805,1.4236
002497.SZ,20220423,20220331,210.2219,1210.0233,7.3116,14.3217
300580.SZ,20220422,20220331,-6.1138,-37.2466,10.8782,1.5003
603786.SH,20220422,20220331,-2.7648,-24.6658,-21.5004,2.0959
688127.SH,20220422,20220331,-6.8316,-43.8802,12.561,0.8659
300150.SZ,20220422,20220331,-29.0641,-51.5237,-28.9377,-0.8101
688020.SH,20220422,20220331,62.8769,-164.7163,-37.0317,-0.9805
003031.SZ,20220422,20220331,30.9348,26.0493,-8.9845,2.7278
688079.SH,20220422,20220331,-4.6443,-45.1198,56.3482,0.9099
300370.SZ,20220422,20220331,9.5131,-29.0351,-7.0223,
000026.SZ,20220423,20220331,-14.8429,-26.956,1.3649,2.7645
002326.SZ,20220423,20220331,103.7492,434.6724,20.3915,10.236
300200.SZ,20220423,20220331,-7.561,-30.5842,7.2882,2.1463
603008.SH,20220423,20220331,12.3526,-36.1788,-39.2549,1.525
600436.SH,20220423,20220331,17.3003,21.9318,21.5521,6.7484
301025.SZ,20220422,20220331,9.8851,16.9425,-11.4282,1.0471
002230.SZ,20220422,20220331,40.1663,-20.5669,-33.7196,0.8652
300046.SZ,20220422,20220331,-3.3156,-37.5384,-9.6026,0.8483
002979.SZ,20220422,20220331,1.0469,-10.6378,4.053,4.8686
688105.SH,20220422,20220331,80.0713,28.1847,7.4569,9.4961
688212.SH,20220422,20220331,13.7652,-63.7985,-37.5735,0.1404
300508.SZ,20220422,20220331,14.7375,-73.4616,-19.6974,1.369
300383.SZ,20220422,20220331,-6.4893,-13.6272,8.9929,1.4724
600785.SH,20220422,20220331,2.8057,-15.4925,15.5074,1.8628
603222.SH,20220422,20220331,12.5002,76.9412,38.6852,4.8336
603829.SH,20220423,20220331,14.464,-99.7816,-21.9591,-0.1765
002847.SZ,20220423,20220331,-2.9073,-25.1525,15.0814,5.3816
002851.SZ,20220422,20220331,34.1277,-9.2453,1.1664,1.9527
300888.SZ,20220422,20220331,2.3712,-25.6941,17.105,3.0519
301098.SZ,20220422,20220331,-12.5605,-45.5607,-133.8594,1.9958
000906.SZ,20220422,20220331,0.5565,-1.0118,-24.3891,2.519
600050.SH,20220422,20220331,8.2039,20.0217,16.0381,1.3355
300339.SZ,20220423,20220331,5.8992,16.2236,-31.0977,0.3747
002694.SZ,20220422,20220331,-15.147,28.3661,-16.585,-13.0971
001217.SZ,20220422,20220331,30.3503,-34.8132,2.8692,2.385
300809.SZ,20220422,20220331,-31.0912,-25.0107,-16.3513,1.2546
300681.SZ,20220422,20220331,363.4944,774.4717,-26.9458,0.2847
000619.SZ,20220423,20220331,14.253,7.1357,-31.0928,-1.379
603169.SH,20220423,20220331,12.1289,24.3457,6.7478,0.7616
600055.SH,20220423,20220331,-12.2505,-49.7266,-12.1533,0.6863
002253.SZ,20220423,20220331,14.7941,-44.3795,-57.94,0.1068
000655.SZ,20220423,20220331,-23.914,-57.939,55.4297,1.3919
300466.SZ,20220423,20220331,35.8752,7.1966,-21.2858,0.1323
300479.SZ,20220422,20220331,-8.7634,-12.3004,-48.4904,-1.0841
301091.SZ,20220422,20220331,2.0417,-48.6187,-122.9713,-2.5971
300978.SZ,20220422,20220331,16.2058,-71.9819,0.166,0.72
002927.SZ,20220422,20220331,21.3616,23.0835,-19.3207,1.3657
002268.SZ,20220422,20220331,123.0737,49.5372,-93.1655,-0.8304
603595.SH,20220423,20220331,60.6913,42.298,13.871,1.1385
000631.SZ,20220423,20220331,16.2852,60.3299,510.3233,0.4959
000708.SZ,20220423,20220331,6.8885,0.9275,4.0288,5.4735
600365.SH,20220423,20220331,4.0145,-763.3233,-19.1995,-1.0875
000509.SZ,20220423,20220331,2558.1632,-86.6852,17.9807,1.2245
301177.SZ,20220422,20220331,12.6055,16.7727,35.0947,4.8531
301186.SZ,20220422,20220331,5.5343,-32.3285,4.5706,0.6913
002068.SZ,20220422,20220331,-0.5112,-103.7899,-8.9558,-0.5617
300566.SZ,20220422,20220331,35.2809,15.4179,9.323,1.604
603867.SH,20220422,20220331,5.955,77.1369,5.4461,5.6881
600328.SH,20220422,20220331,86.5743,141.4788,23.5368,7.6063
600592.SH,20220423,20220331,20.8183,-168.3713,-8.8185,2.4963
688196.SH,20220423,20220331,142.5847,74.5918,1.2496,3.8882
000610.SZ,20220423,20220331,5.5452,-143.3501,-105.5635,-4.6009
300368.SZ,20220422,20220331,-45.5689,-547.0663,1.1091,-0.8409
002427.SZ,20220422,20220331,10.418,-183.4519,-3.4405,
688456.SH,20220422,20220331,32.7754,8.5589,-16.6856,0.7836
002544.SZ,20220422,20220331,2.7494,3.8054,-62.5517,0.4983
300072.SZ,20220422,20220331,51.9392,-1454.8001,-5.5435,-2.3995
002813.SZ,20220422,20220331,-20.908,-57.9227,7.7511,-0.1529
603637.SH,20220422,20220331,-11.2479,39.5725,-75.2239,1.4882
603416.SH,20220423,20220331,4.2328,-15.6152,6.4314,3.746
002521.SZ,20220423,20220331,-4.9852,-77.1771,-9.8567,0.3309
300875.SZ,20220422,20220331,132.4561,-262.4533,-251.8154,-0.6484
300158.SZ,20220422,20220331,-31.2709,-90.6276,8.0262,0.0466
301089.SZ,20220422,20220331,-10.2198,-5.5672,-2.3713,2.3814
300810.SZ,20220422,20220331,6.3835,459.1237,-86.0463,0.2176
301221.SZ,20220422,20220331,16.3414,-85.0111,-14.1671,0.0091
300306.SZ,20220422,20220331,-5.1928,-10.0885,-43.8371,0.4138
600356.SH,20220422,20220331,9.3436,-40.3842,5.487,0.8978
600251.SH,20220423,20220331,-67.8445,172.3807,109.7513,6.521
300937.SZ,20220422,20220331,9.5192,746.522,-6.312,0.8738
688198.SH,20220422,20220331,26.3366,53.5441,34.9747,1.0913
002585.SZ,20220422,20220331,35.0016,30.0106,8.566,3.7198
300213.SZ,20220422,20220331,4.8252,40.0072,-42.3549,-0.1821
002109.SZ,20220422,20220331,42.5906,98.2729,29.115,5.0506
300502.SZ,20220422,20220331,18.2895,17.8077,2.3255,3.4012
002384.SZ,20220422,20220331,-2.6096,48.6173,9.3782,2.0585
002969.SZ,20220422,20220331,-6.448,-88.0502,12.4637,0.2234
688248.SH,20220422,20220331,67.6957,141.4102,-86.4488,0.0642
003021.SZ,20220422,20220331,-17.3032,-50.1086,-5.8121,0.7568
002379.SZ,20220422,20220331,33.877,130.572,-7.4588,0.3533
600089.SH,20220423,20220331,81.1872,47.2845,13.746,7.0749
300683.SZ,20220423,20220331,5.3073,-47.0682,-24.3208,-0.0017
300783.SZ,20220423,20220331,-15.8512,-48.7475,9.8112,5.053
300648.SZ,20220423,20220331,2.0658,-261.2927,-24.1686,-3.2541
603999.SH,20220422,20220331,13.5286,19.1469,-11.9294,0.1762
301045.SZ,20220422,20220331,1.2914,-24.4659,-17.4968,2.1381
300716.SZ,20220422,20220331,-29.1451,30.3689,12.1911,5.7072
300832.SZ,20220422,20220331,39.5332,83.4601,24.314,4.9583
300298.SZ,20220422,20220331,23.2688,45.2222,-5.0424,2.1519
002838.SZ,20220422,20220331,18.8536,-26.8773,-6.4059,1.9375
600135.SH,20220422,20220331,-6.9258,-47.299,-23.7884,0.1445
603909.SH,20220423,20220331,-14.8583,-41.2125,-32.0174,0.5002
002394.SZ,20220423,20220331,22.2302,-25.6315,11.7967,1.2267
002606.SZ,20220422,20220331,-20.4769,-29.3155,38.8651,3.9073
600173.SH,20220422,20220331,-17.1088,-56.2434,-73.6186,1.6117
002668.SZ,20220422,20220331,-10.8562,115.3866,-1.7434,4.8413
002080.SZ,20220422,20220331,15.886,24.5056,-30.8492,4.1382
002550.SZ,20220423,20220331,41.1579,135.9266,16.6551,3.4851
600067.SH,20220423,20220331,21.526,42.8425,27.1268,0.4175
300222.SZ,20220422,20220331,27.3092,-112.7763,-3.2626,-2.4946
688195.SH,20220422,20220331,37.8076,36.3403,40.6121,0.9175
688262.SH,20220422,20220331,90.3715,101.7864,-164.0093,-0.5678
605296.SH,20220422,20220331,-35.8928,-147.7145,-9.218,-3.4455
000709.SZ,20220422,20220331,-5.8446,-35.2685,9.2812,0.6037
603439.SH,20220422,20220331,22.8598,1.2314,34.9348,2.0266
003816.SZ,20220422,20220331,0.1718,20.1003,22.9652,2.7507
300465.SZ,20220422,20220331,-73.1871,-88.1076,-69.1666,0.1833
002014.SZ,20220422,20220331,0.1256,6.9304,23.0774,3.0065
300193.SZ,20220423,20220331,12.0501,-14.5187,-12.837,1.8636
300849.SZ,20220423,20220331,3.6568,-72.8691,26.6989,-0.2291
002063.SZ,20220422,20220331,24.8375,2.7582,-72.6368,0.1565
601226.SH,20220422,20220331,2.6682,-676.1007,-55.3967,-2.8966
300915.SZ,20220422,20220331,36.9757,96.2204,-1.1192,1.7191
300348.SZ,20220422,20220331,62.6057,-182.5913,-95.2958,-0.7848
301181.SZ,20220422,20220331,18.9652,5.6712,11.9847,2.9863
688078.SH,20220422,20220331,70.7746,216.8158,-50.1503,1.5755
688662.SH,20220422,20220331,-7.0315,4.6001,23.3245,1.4922
000683.SZ,20220423,20220331,19.8114,137.7852,27.1329,5.0233
600075.SH,20220422,20220331,12.6766,-46.2434,14.1236,2.7965
300415.SZ,20220422,20220331,18.2796,3.0695,-7.7897,4.4904
601360.SH,20220422,20220331,-1.0309,-17.9819,-12.3015,0.5503
603613.SH,20220422,20220331,99.7632,98.8529,0.9136,3.2917
300328.SZ,20220423,20220331,41.4695,637.0518,-4.0118,0.6766
300700.SZ,20220423,20220331,175.7489,321.5116,-18.7653,2.4396
600126.SH,20220423,20220331,10.6484,10.2116,10.6761,1.8402
002302.SZ,20220423,20220331,-6.1925,-66.8902,-56.9838,0.2998
300140.SZ,20220423,20220331,-10.8728,87.7431,34.5412,-0.3737
002712.SZ,20220423,20220331,-18.7445,-208.47,-18.595,-0.9535
688600.SH,20220423,20220331,73.2302,23.8377,-48.2974,-1.8386
000999.SZ,20220423,20220331,2.8076,30.4475,10.9465,5.0785
300400.SZ,20220423,20220331,-39.7087,-80.7477,-6.7597,0.5518
603156.SH,20220423,20220331,-8.424,-29.0989,-46.7379,3.8695
300971.SZ,20220423,20220331,-26.857,-35.9498,37.1328,1.2105
000715.SZ,20220423,20220331,-9.1692,-17.8542,-16.7917,1.1419
301009.SZ,20220423,20220331,-3.3402,-95.1365,-8.2427,0.1005
002234.SZ,20220423,20220331,-51.1679,-236.079,-52.2361,-6.051
300031.SZ,20220423,20220331,-9.6225,-43.9556,-2.4936,1.6802
600276.SH,20220423,20220331,-20.9338,-17.3465,2.7025,3.3126
300405.SZ,20220423,20220331,-3.4263,-48.1722,-35.6614,-0.3667
300321.SZ,20220423,20220331,26.5504,-41.8713,-38.4434,0.2191
603132.SH,20220423,20220331,-10.1065,-8.7526,49.1478,3.8643
300441.SZ,20220423,20220331,-12.9133,-51.6062,-1.569,2.2607
300253.SZ,20220423,20220331,29.249,121.7342,-22.1487,0.6014
300661.SZ,20220423,20220331,96.8069,244.9818,37.4638,9.7056
600666.SH,20220423,20220331,0.697,-47.948,12.0143,
601888.SH,20220423,20220331,-7.4516,-9.9913,-7.3486,8.2928
300950.SZ,20220423,20220331,29.4328,-37.3396,-41.8318,0.6963
300761.SZ,20220423,20220331,-0.9069,-161.6343,9.4102,-3.0425
300375.SZ,20220423,20220331,17.8212,10.8607,5.3391,1.7503
300088.SZ,20220423,20220331,10.4987,-21.6649,28.4926,2.2018
300688.SZ,20220423,20220331,238.7339,-521.5406,-18.5041,-3.4306
600779.SH,20220423,20220331,14.102,-13.5424,27.8376,12.7821
300951.SZ,20220423,20220331,44.7187,23.256,46.7344,3.0131
300487.SZ,20220423,20220331,13.1984,-7.7876,33.7991,3.6665
001203.SZ,20220423,20220331,77.9396,27.0443,36.4568,8.5012
300860.SZ,20220423,20220331,31.385,212.0273,-46.5218,0.05
000825.SZ,20220423,20220331,9.0338,-31.8001,6.8451,3.4779
605122.SH,20220423,20220331,38.2378,-22.8797,8.7889,1.0786
003010.SZ,20220423,20220331,5.6314,-81.206,8.7268,0.3175
300378.SZ,20220423,20220331,13.8802,1.9295,-56.3068,-1.4063
300610.SZ,20220423,20220331,-10.3438,-17.9507,17.8264,3.6571
688589.SH,20220423,20220331,138.2976,950.6128,-34.8506,1.2696
600773.SH,20220423,20220331,16.1925,6.4878,103.5571,0.7461
000807.SZ,20220423,20220331,7.7836,64.8614,15.1486,5.9508
002136.SZ,20220423,20220331,60.5477,85.2142,3.9776,6.3859
603700.SH,20220429,20220331,-13.4821,-85.8661,-80.7176,-0.2697
002638.SZ,20220429,20220331,-21.7349,-2567.7979,-15.7644,-1.4971
688225.SH,20220429,20220331,9.8485,-6823.7449,-78.8899,-4.6944
300172.SZ,20220425,20220331,85.7938,13.267,-7.9394,0.9674
600380.SH,20220425,20220331,12.364,25.5248,18.7211,3.8268
300837.SZ,20220425,20220331,33.0872,27.7259,-9.6396,4.3248
300076.SZ,20220425,20220331,-43.68,67.0884,-12.6351,-0.8721
300389.SZ,20220425,20220331,34.4164,177.1708,-15.442,0.4427
300308.SZ,20220425,20220331,41.9134,63.3825,43.0797,1.6898
300644.SZ,20220425,20220331,9.1109,-6.2822,-7.6121,1.5075
300461.SZ,20220429,20220331,-61.2401,-185.1958,-0.6836,-5.1155
600990.SH,20220429,20220331,21.7974,-66.8847,-227.9491,-3.4979
300872.SZ,20220429,20220331,13.5185,-43.2998,-65.1552,-0.0994
300112.SZ,20220429,20220331,32.0579,39.0337,-17.7284,0.5409
300842.SZ,20220429,20220331,6.0755,-40.4329,45.7765,2.4625
300703.SZ,20220429,20220331,21.9589,48.2167,-0.9185,-0.1296
300237.SZ,20220429,20220331,-14.3783,-99.6976,-20.5025,-5.438
300735.SZ,20220425,20220331,107.3627,107.1654,54.2636,0.7861
300248.SZ,20220425,20220331,8.2472,-138.5632,-80.7129,-1.152
301099.SZ,20220425,20220331,52.9741,253.315,-19.4852,3.7382
301026.SZ,20220425,20220331,100.8592,-34.7467,8.6044,3.1991
301058.SZ,20220425,20220331,71.619,57.5329,-36.2689,1.4747
688259.SH,20220425,20220331,422.2517,1274.5582,5.1578,2.852
300123.SZ,20220429,20220331,-24.1582,-364.3083,-119.1374,-1.5183
000657.SZ,20220429,20220331,12.7685,37.8203,-6.7831,2.0872
603608.SH,20220429,20220331,-28.4691,-205.0094,-10.7019,-1.9616
300062.SZ,20220429,20220331,48.8394,181.1149,-12.5679,1.0253
300255.SZ,20220429,20220331,-19.1834,-56.7542,-27.6351,0.8864
600368.SH,20220429,20220331,-33.8698,-4.5415,77.0015,3.0641
688110.SH,20220429,20220331,82.862,216.9248,25.5607,2.8397
600559.SH,20220429,20220331,20.3618,373.716,64.3147,1.8275
603316.SH,20220429,20220331,-31.6401,-239.3754,-97.592,-0.7147
300097.SZ,20220429,20220331,-78.9505,-154.9619,-29.1003,-6.2213
001288.SZ,20220425,20220331,36.2977,14.5343,-30.0819,1.1136
300816.SZ,20220425,20220331,22.6037,-58.1688,-2.974,0.5961
300221.SZ,20220425,20220331,6.7969,-104.8498,36.5673,-0.2019
603085.SH,20220425,20220331,15.4829,-34.9365,11.3304,1.6753
301101.SZ,20220425,20220331,13.2619,70.0072,6.8924,1.2154
600759.SH,20220425,20220331,27.1686,9664.2934,32.1602,2.3574
603681.SH,20220429,20220331,51.2639,11.8486,3.6311,1.9508
300022.SZ,20220429,20220331,31.1167,48.5093,13.939,-2.6685
600985.SH,20220429,20220331,41.9079,36.2892,10.0234,5.8309
603738.SH,20220429,20220331,4.2605,93.0433,42.5774,2.8954
300246.SZ,20220429,20220331,20.2153,-43.3115,2.2477,1.0954
688312.SH,20220429,20220331,-6.4694,-60.5372,61.6274,0.303
300658.SZ,20220429,20220331,9.1312,7.7517,1.9874,0.3341
002053.SZ,20220429,20220331,13.2094,37.346,10.3794,2.6339
002845.SZ,20220429,20220331,-19.2439,-23.3806,1.1264,-0.1924
300074.SZ,20220429,20220331,15.3599,63.4509,28.2581,-0.5873
300579.SZ,20220429,20220331,29.7705,148.7203,-99.0173,-0.0777
300561.SZ,20220425,20220331,3.3175,-5.4262,-34.123,0.8021
002892.SZ,20220425,20220331,2.6798,-24.1351,9.9741,1.2821
300973.SZ,20220425,20220331,8.8298,-45.2927,8.0439,1.9421
300670.SZ,20220425,20220331,-39.1084,-271.6417,-49.854,-0.8465
688193.SH,20220425,20220331,7.4337,-13.5356,6.3907,2.5821
002984.SZ,20220425,20220331,21.1206,2.6589,5.0289,3.4094
601789.SH,20220425,20220331,-4.0286,20.0059,-10.6144,1.5364
300233.SZ,20220429,20220331,56.5021,121.1752,-4.8053,3.1594
600195.SH,20220429,20220331,-12.927,-17.0574,-23.237,2.6784
001208.SZ,20220429,20220331,80.9946,3.8875,-57.0468,1.771
300531.SZ,20220429,20220331,-1.7577,-33.1395,-21.4449,1.4998
688270.SH,20220429,20220331,12.7734,-27.3586,-7.9475,0.5171
300797.SZ,20220429,20220331,40.1529,123.7004,-41.6454,1.2372
300257.SZ,20220429,20220331,12.3964,75.24,9.4484,2.0497
601228.SH,20220429,20220331,2.7562,21.6899,9.0093,2.0056
000959.SZ,20220429,20220331,8.7713,0.9831,0.6071,2.4931
002498.SZ,20220429,20220331,49.3283,17.0213,-11.7174,1.9561
600348.SH,20220429,20220331,-16.4844,181.7289,4.3181,5.8577
605555.SH,20220429,20220331,-7.4094,2.4189,34.7585,2.1709
600235.SH,20220429,20220331,3.5596,1.7807,8.7902,1.0833
002917.SZ,20220425,20220331,48.2785,-101.4093,-16.2613,-0.2535
300975.SZ,20220425,20220331,29.0445,25.0427,2.7274,4.5414
001234.SZ,20220425,20220331,-1.1946,17.1761,6.3005,3.7186
002493.SZ,20220429,20220331,98.3777,18.8529,27.1103,5.922
601588.SH,20220429,20220331,-64.501,-89.7453,43.8849,0.1869
603903.SH,20220429,20220331,-13.3863,-18.2346,-60.4353,1.4736
603789.SH,20220429,20220331,-42.8263,69.0826,45.3044,-1.9912
000625.SZ,20220429,20220331,7.9574,431.4469,2.2249,3.8877
003005.SZ,20220429,20220331,-72.3759,-147.2388,-200.1177,-1.0905
600507.SH,20220429,20220331,29.4571,-2.084,57.4356,5.5316
300597.SZ,20220429,20220331,1.2876,1.155,-65.4006,0.5187
300210.SZ,20220429,20220331,-28.7196,-354.6806,-1.2514,-2.0214
300117.SZ,20220429,20220331,3.5022,537.3773,6.389,10.7606
000912.SZ,20220429,20220331,54.412,176.3458,16.8494,2.2726
002658.SZ,20220429,20220331,39.224,186.5747,-6.049,2.1149
000590.SZ,20220429,20220331,20.4319,-38.9021,-41.1866,1.54
301024.SZ,20220429,20220331,-29.9479,-306.4795,15.7336,-2.4225
000900.SZ,20220429,20220331,-31.7187,-42.7654,6.9757,1.494
600872.SH,20220425,20220331,6.6313,-9.4637,-1.3886,3.9722
600068.SH,20220428,20220331,42.0287,44.8374,-15.925,
003035.SZ,20220429,20220331,27.9034,20.2345,20.9666,1.4357
002593.SZ,20220429,20220331,-1.6669,-43.1784,-11.6521,0.6196
300040.SZ,20220429,20220331,-13.2473,28.4463,73.0671,1.4387
603689.SH,20220429,20220331,15.2605,1.2263,0.5886,2.4933
300569.SZ,20220429,20220331,25.0459,-71.2529,-75.7085,0.5825
300279.SZ,20220429,20220331,-11.052,-423.3046,1.9525,-4.4829
000893.SZ,20220429,20220331,316.5649,1498.7011,46.5772,5.8852
002595.SZ,20220429,20220331,4.4216,-3.7846,6.6994,3.2743
002765.SZ,20220429,20220331,-0.227,25.4177,20.6594,2.2305
002176.SZ,20220429,20220331,152.5695,809.807,24.762,29.6551
300651.SZ,20220429,20220331,28.6217,-23.0226,-52.8033,0.26
002627.SZ,20220425,20220331,-16.552,8.0556,54.7329,0.4193
688707.SH,20220425,20220331,161.4007,345.3502,-3.5579,10.919
688617.SH,20220429,20220331,65.0758,41.5544,25.079,3.392
688670.SH,20220429,20220331,-58.5018,50.1061,49.1979,-0.4692
300395.SZ,20220429,20220331,42.1717,20.4252,2.6358,3.3551
300966.SZ,20220429,20220331,-15.072,-14.6167,-30.3526,1.5467
600053.SH,20220429,20220331,246.4751,102.0471,65.4778,1.6164
000759.SZ,20220429,20220331,-1.2461,-9.4996,9.4261,-0.2084
002716.SZ,20220429,20220331,48456.3999,83.7338,11.4781,-0.5619
300443.SZ,20220429,20220331,-24.6588,-64.9425,-3.6386,1.3585
002245.SZ,20220429,20220331,25.7235,25.3998,-0.8988,3.8616
002374.SZ,20220429,20220331,16.351,-29.6409,10.5656,0.7996
002032.SZ,20220429,20220331,9.2528,6.6118,6.4977,6.6781
002811.SZ,20220429,20220331,-18.7475,-68.3374,20.9113,0.2775
300480.SZ,20220429,20220331,165.6633,155.305,-18.0145,0.9393
300142.SZ,20220429,20220331,51.275,20.093,1.5316,1.1399
300376.SZ,20220429,20220331,95.3163,29.3842,-8.9223,1.5849
300163.SZ,20220429,20220331,-7.6656,-184.5456,-15.4049,-0.6116
600118.SH,20220429,20220331,0.5345,-14.2168,-31.6678,0.7266
600469.SH,20220429,20220331,-31.8876,-251.2356,4.1653,-1.7119
600675.SH,20220429,20220331,-14.5417,-259.6127,98.4337,-0.8965
000767.SZ,20220429,20220331,42.3801,-79.6035,5.0779,-0.0034
300036.SZ,20220429,20220331,2.88,1.2459,-153.0648,0.2183
600995.SH,20220429,20220331,18.6437,-0.2638,30.0973,4.2394
300503.SZ,20220429,20220331,-12.3147,-44.7355,2.3752,1.1921
000408.SZ,20220429,20220331,199.3939,221.693,73.3803,8.2015
300146.SZ,20220429,20220331,2.5994,-18.7791,-1.9785,6.637
002153.SZ,20220429,20220331,-5.601,-25.5281,-48.939,0.0396
000089.SZ,20220429,20220331,-17.6479,-697.9608,35.8201,-2.6166
600642.SH,20220429,20220331,26.0341,-76.8725,6.2619,1.1174
688116.SH,20220429,20220331,119.7718,87.6667,-1.5735,4.5287
600491.SH,20220425,20220331,-2.8957,-9.5277,-21.9647,1.1376
301050.SZ,20220425,20220331,-17.1236,35.1183,368.5835,4.6384
300758.SZ,20220425,20220331,4.5295,-48.7682,-19.402,1.6752
002574.SZ,20220429,20220331,11.265,33.8167,18.5031,1.0739
603458.SH,20220429,20220331,-47.1033,-61.132,-65.3822,0.7259
002304.SZ,20220429,20220331,23.8213,29.0669,-23.5052,10.8855
002526.SZ,20220429,20220331,24.5538,26.961,-12.7567,1.2151
605166.SH,20220429,20220331,83.2268,0.566,-6.0798,4.2889
688232.SH,20220429,20220331,-13.1656,-1268.6737,-118.7998,-1.3138
600167.SH,20220429,20220331,2.6377,-4.4011,-13.273,7.6608
600410.SH,20220429,20220331,-1.6327,-73.9583,10.2658,-2.138
000955.SZ,20220429,20220331,-24.1455,-249.0447,-15.7402,-1.8547
002676.SZ,20220429,20220331,-7.143,-28.7107,-6.7537,1.2116
002718.SZ,20220429,20220331,12.1753,115.0487,30.4236,0.2739
002688.SZ,20220429,20220331,12.4619,-54.6127,7.0824,1.1534
002779.SZ,20220429,20220331,22.3285,820.7815,28.8903,0.7735
002915.SZ,20220425,20220331,9.2648,10.3759,-2.8722,2.4041
300941.SZ,20220425,20220331,-23.1278,2.9636,-106.554,1.2072
603230.SH,20220429,20220331,9.0074,7.9811,-42.342,5.1817
688556.SH,20220429,20220331,103.0617,173.275,-25.9493,8.0161
300772.SZ,20220429,20220331,65.3152,30.2112,-31.958,3.2575
002455.SZ,20220429,20220331,11.9498,112.6582,-4.3829,1.8317
300373.SZ,20220429,20220331,50.4634,77.8168,-1.765,5.251
002087.SZ,20220429,20220331,-26.5541,-68.6382,7.2262,0.3673
002762.SZ,20220429,20220331,-1.4274,-9.772,5.4454,0.5988
000980.SZ,20220429,20220331,-39.1195,38.4872,11.8054,-4.9102
600599.SH,20220429,20220331,49.9383,35.4048,-89.2868,5.04
603040.SH,20220429,20220331,-6.708,0.1881,34.5523,3.0409
002238.SZ,20220429,20220331,-7.2882,-37.3187,-3.6153,0.284
300103.SZ,20220429,20220331,-75.9625,-138.8831,-1.1457,-0.3655
300917.SZ,20220429,20220331,18.2598,15.2811,16.3402,3.0183
688793.SH,20220425,20220331,15.2881,-188.8358,-28.9143,-1.4723
002449.SZ,20220425,20220331,-10.2756,-42.9086,-1.908,0.0548
300643.SZ,20220425,20220331,15.133,46.1406,7.2438,3.6387
000572.SZ,20220429,20220331,119.9511,3.0968,-42.1055,-0.942
300680.SZ,20220429,20220331,42.5499,36.398,5.7041,3.0968
603315.SH,20220429,20220331,-5.6826,-22.4421,12.2931,0.634
301019.SZ,20220429,20220331,-2.3029,9.7254,-5.1531,1.7198
688689.SH,20220429,20220331,0.2078,13.6922,15.8922,1.5328
002938.SZ,20220429,20220331,24.4023,68.9691,46.607,2.4461
002386.SZ,20220429,20220331,-11.5023,41.6854,9.7828,2.973
300250.SZ,20220429,20220331,5.1643,30.9846,-43.328,0.4562
002452.SZ,20220429,20220331,-14.315,-14.7992,2.1917,1.3697
600418.SH,20220429,20220331,-16.4283,-253.4538,11.9341,-3.1758
600992.SH,20220429,20220331,19.3135,16.2053,-7.3656,0.2331
002368.SZ,20220429,20220331,18.65,-5.0822,-79.2339,0.4306
300227.SZ,20220429,20220331,22.1245,-8.7482,-10.1508,1.0126
688206.SH,20220429,20220331,44.0192,706.2024,-12.1878,0.0705
601107.SH,20220429,20220331,41.8351,-19.6596,35.5328,1.3554
688551.SH,20220425,20220331,60.7793,-41.3913,-26.1083,-0.3501
002998.SZ,20220425,20220331,33.8659,-23.609,-43.9432,1.7448
300012.SZ,20220425,20220331,19.1566,19.8033,-10.7834,2.2874
603703.SH,20220423,20220331,-16.4756,-49.6988,11.7051,0.4817
603648.SH,20220429,20220331,1.0665,15.8342,-1.2549,2.6461
000829.SZ,20220429,20220331,-7.0564,-19.0488,5.2302,0.2667
002056.SZ,20220429,20220331,71.8533,41.5941,4.022,4.1707
688355.SH,20220429,20220331,0.0466,-48.3403,5.7666,1.0384
603279.SH,20220429,20220331,30.4947,54.5356,12.2732,4.3703
600132.SH,20220429,20220331,17.1162,15.3252,29.5288,17.391
688800.SH,20220429,20220331,144.3437,241.1055,-11.2999,4.5905
000617.SZ,20220429,20220331,2.6172,-0.8843,-6667.6414,1.837
002092.SZ,20220429,20220331,-32.5138,-39.7312,-9.7389,1.6714
603612.SH,20220429,20220331,87.5949,44.2102,-21.2884,3.3748
300251.SZ,20220429,20220331,83.9407,-62.4135,2.867,0.4486
600062.SH,20220429,20220331,4.5862,15.9879,7.1336,3.1993
300789.SZ,20220425,20220331,11.0936,-31.2863,-85.763,0.5454
301127.SZ,20220425,20220331,20.4359,-13.6044,-87.0459,0.8213
300486.SZ,20220425,20220331,17.0785,8.8062,-8.6172,1.0566
600237.SH,20220423,20220331,0.3368,24.365,-12.6797,1.6382
600897.SH,20220429,20220331,-17.7293,-86.6004,9.4128,-0.4087
688257.SH,20220429,20220331,29.9645,1.9852,-24.3908,1.3722
002675.SZ,20220429,20220331,-1.1771,-17.9023,5.7698,1.2148
003027.SZ,20220429,20220331,4.8745,3.4976,-8.0232,1.56
002078.SZ,20220429,20220331,26.4788,-39.0798,10.7045,3.4516
300907.SZ,20220429,20220331,-3.1462,-56.0347,-8.2484,0.5865
603380.SH,20220429,20220331,34.0125,27.701,-3.781,4.9953
000851.SZ,20220429,20220331,-22.7727,81.1412,-54.8537,-0.0174
000078.SZ,20220429,20220331,-9.1989,-22.4799,1.8246,1.1375
300512.SZ,20220429,20220331,12.3072,8.3655,-4.2512,1.8213
002231.SZ,20220429,20220331,-58.3206,-72.6238,-13.9971,0.7642
300267.SZ,20220429,20220331,11.0879,-49.4456,31.9283,0.3383
300166.SZ,20220429,20220331,10.1477,-35.9965,-71.6422,0.4248
000768.SZ,20220429,20220331,12.4343,14.256,-54.3817,0.9555
600107.SH,20220429,20220331,17.1606,-11914.1674,0.1009,-0.4674
688246.SH,20220425,20220331,33.9432,-38.1236,-160.3854,-1.6437
600246.SH,20220425,20220331,-75.6653,-48.7215,-50.5165,-0.6619
000899.SZ,20220425,20220331,25.526,-103.7503,5.5197,-0.0275
301077.SZ,20220425,20220331,1.3789,0.0222,-4.941,1.7832
600717.SH,20220429,20220331,-26.881,-34.0207,0.9222,0.7317
000663.SZ,20220429,20220331,12.2692,-24.2438,-9.0286,1.5429
600163.SH,20220429,20220331,38.1462,52.2611,49.3816,5.6046
002319.SZ,20220429,20220331,12.5498,-39.95,2.2462,-4.4318
000717.SZ,20220429,20220331,-11.8774,-74.0324,6.76,0.9449
688667.SH,20220429,20220331,-14.4811,-26.0847,22.3305,1.2259
600032.SH,20220429,20220331,107.1062,487.6337,35.6584,2.4289
002007.SZ,20220429,20220331,2.7717,-8.4042,9.1257,2.3718
000901.SZ,20220429,20220331,-3.49,-51.776,-9.5674,0.1207
600576.SH,20220429,20220331,-11.2657,-43.3143,-84.8955,0.1005
000555.SZ,20220429,20220331,-5.7491,-20.3558,-38.067,0.2895
002490.SZ,20220429,20220331,3.0907,38.4351,-14.2074,-5.105
603551.SH,20220429,20220331,7.1097,-11.6033,-50.0451,1.6323
688101.SH,20220429,20220331,2.7763,-7.9877,8.8686,1.4369
000545.SZ,20220429,20220331,28.6713,-3.0201,-8.7768,1.5964
301118.SZ,20220429,20220331,30.7347,46.0796,26.3938,4.4926
300709.SZ,20220429,20220331,1.1143,2.8747,36.4177,0.6042
001211.SZ,20220429,20220331,-3.9433,-3.899,1.337,0.9121
300587.SZ,20220425,20220331,4.1649,52.2265,3.1174,4.3604
301182.SZ,20220425,20220331,-14.3636,28.8948,2.5908,0.7359
300385.SZ,20220429,20220331,2.063,-90.3485,-31.8566,0.118
002799.SZ,20220429,20220331,-20.2938,-8.7666,4.7828,3.2398
603139.SH,20220429,20220331,21.6849,-3.4442,20.9682,0.7457
002019.SZ,20220429,20220331,-24.5278,-8.3012,-5.0797,0.8938
688739.SH,20220429,20220331,-38.4581,-46.1561,10.4127,1.4091
002349.SZ,20220429,20220331,22.1937,17.9564,11.9973,2.7407
300932.SZ,20220429,20220331,27.4803,-36.5677,-6.4282,0.8318
603906.SH,20220429,20220331,329.8865,252.0137,-33.8514,9.6905
603466.SH,20220429,20220331,-59.8865,-109.9608,-119.0693,-0.7889
600455.SH,20220429,20220331,6.2695,-60.4774,-78.3467,0.2639
000938.SZ,20220429,20220331,13.5813,35.2641,-15.1678,1.2047
002312.SZ,20220429,20220331,64.057,145.698,11.2263,4.0111
000793.SZ,20220429,20220331,-24.078,23.8674,-12.3589,-1.6347
300084.SZ,20220429,20220331,-30.5352,-72.786,-17.483,-2.8356
300895.SZ,20220425,20220331,102.0012,1.8093,-32.4699,0.7694
002435.SZ,20220429,20220331,-13.4385,-29.5146,20.0163,0.8697
300542.SZ,20220429,20220331,89.7457,20.3329,-65.6757,-1.2652
603885.SH,20220429,20220331,1.1748,-95.4465,1.0403,-5.8234
600730.SH,20220429,20220331,-5.2864,-72.9142,-68.927,-0.1284
603306.SH,20220429,20220331,29.5769,7.8661,3.0957,1.0261
688182.SH,20220429,20220331,-44.6921,-50.895,49.1928,0.1941
600021.SH,20220429,20220331,16.377,-62.186,8.7258,-0.0463
300481.SZ,20220429,20220331,31.7177,78.3967,10.2961,3.9381
002130.SZ,20220429,20220331,-1.8662,-31.6401,6.1814,2.4813
300920.SZ,20220429,20220331,11.465,-34.5578,4.4664,1.3084
300129.SZ,20220429,20220331,58.0255,-18.1451,-55.882,1.9137
002946.SZ,20220429,20220331,15.0247,48.7005,4.7441,1.3103
300029.SZ,20220429,20220331,-68.3247,538.7233,87.3172,-31.4333
300157.SZ,20220429,20220331,-26.2634,11.3801,10.8497,-26.7779
000566.SZ,20220429,20220331,1.5356,88.3127,8.679,-1.9989
300338.SZ,20220429,20220331,-22.0201,41.8749,-12.6698,-566.5024
002569.SZ,20220429,20220331,-8.3474,41.3199,-66.0323,-3.9047
605020.SH,20220430,20220331,18.188,43.644,-5.4335,3.4464
000668.SZ,20220430,20220331,545.2351,30.3488,-33.4402,-1.0465
600528.SH,20220430,20220331,2.5283,2.4038,-20.3485,2.1224
002513.SZ,20220430,20220331,31.5404,-28.6658,1.0386,-0.0011
002665.SZ,20220430,20220331,-58.0412,-1777.3,26.4907,-1.1612
002345.SZ,20220430,20220331,11.8816,-9.4148,17.1341,2.6309
002617.SZ,20220430,20220331,-7.57,-134.7381,-23.6032,-0.6614
688155.SH,20220430,20220331,92.7575,19.8185,-28.3497,0.7068
002473.SZ,20220430,20220331,,-28.5336,-550.6066,-32.4227
600777.SH,20220430,20220331,38.7373,108.0832,75.0102,4.3182
000488.SZ,20220430,20220331,-16.5666,-90.3384,2.6154,0.5197
002224.SZ,20220430,20220331,-7.6859,-180.755,-49.9474,0.4744
600252.SH,20220430,20220331,-44.5355,-52.4382,-8.5904,1.1366
300063.SZ,20220429,20220331,-5.6183,-35.2083,3.6895,0.4843
300677.SZ,20220429,20220331,-66.0285,-97.765,18.2136,0.5844
688658.SH,20220429,20220331,2.4756,-9.5802,-3.6535,1.4371
688093.SH,20220429,20220331,23.7893,-14.833,38.5115,1.8678
300322.SZ,20220429,20220331,-18.8143,-75.9902,17.2371,-0.5159
688135.SH,20220429,20220331,57.4706,-28.7984,35.8688,0.8529
600690.SH,20220429,20220331,10.0021,15.1184,1.9166,3.894
600100.SH,20220429,20220331,-13.8729,-6667.3587,-50.2178,-2.4675
688186.SH,20220429,20220331,8.9598,-67.9402,-15.9622,0.4015
688265.SH,20220429,20220331,33.8837,17.6426,-28.3061,0.5046
002747.SZ,20220429,20220331,26.592,83.7013,-3.8719,0.9428
002592.SZ,20220429,20220331,-1.4177,-97.4434,0.4243,0.3362
603998.SH,20220429,20220331,25.4946,45.4248,9.2839,2.0207
000659.SZ,20220429,20220331,2.1725,-106.2659,17.3733,-2.4506
605598.SH,20220430,20220331,35.5781,154.6844,82.8289,7.2032
603598.SH,20220430,20220331,-39.2241,-98.7553,-13.5507,-1.2405
002551.SZ,20220430,20220331,-11.936,-79.8697,3.8647,0.2309
600339.SH,20220430,20220331,30.5835,17.5172,-59.3097,0.5418
002462.SZ,20220430,20220331,11.1885,-3.6548,-10.5489,1.8747
000889.SZ,20220430,20220331,-28.0597,-158.5975,-53.529,-3.102
002786.SZ,20220430,20220331,5.3541,17.7395,11.2319,-13.8253
000786.SZ,20220430,20220331,10.4652,7.2762,-8.9315,2.8123
600359.SH,20220430,20220331,-4.0271,104.6076,67.0762,8.4151
000403.SZ,20220430,20220331,75.6732,87.2361,15.5945,1.4109
688189.SH,20220430,20220331,-21.5135,-52.1316,-31.0201,0.5275
002980.SZ,20220430,20220331,-9.491,-37.3553,9.9464,2.147
002573.SZ,20220430,20220331,103.373,1.675,-12.177,1.7845
688086.SH,20220430,20220331,7.335,-1090.1657,-115.2328,-2.0395
600077.SH,20220430,20220331,78.3829,-131.5717,72.5493,-0.3193
000413.SZ,20220430,20220331,10.9033,-11.3532,9.913,-2.2575
600502.SH,20220429,20220331,2.9596,7.2402,-28.0661,2.5354
300909.SZ,20220429,20220331,20.8695,1.216,11.6468,1.7593
300262.SZ,20220429,20220331,-52.7754,-16756.7128,24.7948,-10.3302
601801.SH,20220429,20220331,22.3275,13.7658,6.713,2.9449
300757.SZ,20220429,20220331,-21.054,-83.1306,-47.6625,0.3091
000423.SZ,20220429,20220331,21.4019,86.014,50.2398,0.9124
300500.SZ,20220429,20220331,-27.5894,-149.834,-57.2919,-1.1966
688333.SH,20220429,20220331,97.3399,35.1261,-85.204,-2.8481
300168.SZ,20220429,20220331,-1.8941,214.1104,-89.3714,0.0107
688260.SH,20220429,20220331,-11.7827,-33.396,3.5285,0.9745
300884.SZ,20220429,20220331,1.7629,-45.9689,-41.4521,0.3776
002402.SZ,20220429,20220331,-2.6971,-33.7929,1.6095,1.5734
000599.SZ,20220429,20220331,-24.7819,-400.2635,3.0317,-5.5335
002387.SZ,20220429,20220331,22.9321,-55.5921,-61.4148,-4.4015
000671.SZ,20220430,20220331,-75.3183,-408.3245,-5.7893,-8.0223
600082.SH,20220430,20220331,-38.4637,18.8413,-3.9004,-0.6747
600228.SH,20220430,20220331,-30.7799,-136.2433,29.8532,-0.7154
002769.SZ,20220430,20220331,-50.4793,-47.4739,108.3045,0.6089
688323.SH,20220430,20220331,0.6638,-27.2296,18.052,1.3214
600917.SH,20220430,20220331,14.308,6.6943,-3.2908,1.9205
002833.SZ,20220430,20220331,6.4648,-4.797,16.5554,4.3672
600525.SH,20220430,20220331,24.592,1299.7238,-20.0449,0.7883
002647.SZ,20220430,20220331,-2.9183,-122.8125,14.1077,-6.1708
603068.SH,20220430,20220331,-6.5608,-65.0641,-35.2438,0.0988
002021.SZ,20220430,20220331,28.9462,63.3692,-13.4756,10.5734
000839.SZ,20220430,20220331,11.5037,-229.1127,-14.1822,-2.3534
600628.SH,20220430,20220331,-22.1288,-55.7106,-20.3166,-0.1097
000606.SZ,20220430,20220331,-86.1456,-192.1324,-48.4994,
600257.SH,20220430,20220331,-18.2062,-468.9116,-26.2778,-1.593
600061.SH,20220430,20220331,30.4066,-94.0938,6026.9306,0.0691
688051.SH,20220430,20220331,-41.0229,-549.53,-167.9166,-3.3947
002453.SZ,20220429,20220331,17.0197,-134.1389,1.6383,-0.2617
603096.SH,20220429,20220331,-4.5634,-21.2035,6.3901,1.9732
300675.SZ,20220429,20220331,-23.4985,-53.3952,-99.9446,-4.615
002824.SZ,20220429,20220331,60.1625,38.7302,-21.1061,4.4337
002701.SZ,20220429,20220331,3.7123,-28.9655,-5.1593,2.5938
601212.SH,20220429,20220331,55.712,943.7026,-6.4179,0.2065
002553.SZ,20220429,20220331,1.7965,-31.0029,15.8863,1.2115
301136.SZ,20220429,20220331,11.4113,9.1078,-200.0636,0.7449
002608.SZ,20220429,20220331,22.8958,-26.3955,32.4789,1.2107
002280.SZ,20220429,20220331,-17.7735,-270.262,-5.3732,-7.0251
000983.SZ,20220429,20220331,43.408,170.0237,21.1595,10.2073
603122.SH,20220429,20220331,19.6729,7.2388,-21.7718,1.5823
300733.SZ,20220429,20220331,51.9871,63.9137,-8.3674,2.0055
000068.SZ,20220429,20220331,262.0129,60.3478,6.0309,-3.9638
300537.SZ,20220429,20220331,-2.8175,-240.1987,-1.957,-1.802
300773.SZ,20220429,20220331,-0.3376,10.0895,13.7379,3.6329
688208.SH,20220429,20220331,13.1638,-42.4809,-35.1941,1.6116
002397.SZ,20220430,20220331,2.2481,-126.7749,10.6634,-0.449
002173.SZ,20220430,20220331,6.1334,40.8067,-42.4676,-0.943
002865.SZ,20220430,20220331,582.1037,427.1357,2.4152,2.0615
002295.SZ,20220430,20220331,-25.4221,-23.0387,13.0674,0.4586
603399.SH,20220430,20220331,-3.2763,-27.6998,3.5937,-0.1029
000050.SZ,20220430,20220331,-0.7151,761.2844,3.0335,-0.3656
601068.SH,20220430,20220331,-6.8488,-61.3999,-26.1921,0.1519
600136.SH,20220430,20220331,34.2163,0.8929,-2.7778,-58.4812
002547.SZ,20220430,20220331,9.5284,125.7914,5.0948,2.4397
002620.SZ,20220430,20220331,-29.4163,-58.0737,-31.349,1.2636
000651.SZ,20220430,20220331,6.2376,16.2774,9.6265,3.7562
600311.SH,20220430,20220331,33.616,-280.2021,0.6043,
002131.SZ,20220430,20220331,8.2033,-63.2916,4.8158,0.366
603009.SH,20220430,20220331,-0.2258,7.2244,6.6504,1.4168
600012.SH,20220430,20220331,0.2655,6.3293,55.1383,3.5252
600078.SH,20220430,20220331,26.6162,700.05,0.9958,4.6834
600056.SH,20220430,20220331,-0.6067,15.5134,-10.5863,2.0815
603876.SH,20220429,20220331,65.82,387.4844,3.0232,3.7934
300017.SZ,20220429,20220331,18.6446,23.1819,-1.9952,0.2075
600429.SH,20220429,20220331,1.2879,-42.7157,0.9487,0.7541
603938.SH,20220429,20220331,85.0995,183.7479,-18.243,9.0823
688268.SH,20220429,20220331,30.683,41.1155,-6.0795,2.4978
603676.SH,20220429,20220331,51.6161,109.7096,8.3857,3.4685
603777.SH,20220429,20220331,8.2726,15.2436,12.0106,4.924
301151.SZ,20220429,20220331,-6.637,-23.5257,-18.2101,2.809
002428.SZ,20220429,20220331,37.9054,-43.7221,1.6174,0.0704
688013.SH,20220429,20220331,10.4767,-43.8309,18.861,1.1577
000558.SZ,20220429,20220331,-33.9693,35.2321,75.3923,-0.7621
603079.SH,20220429,20220331,-3.5245,-11.0713,-6.1217,1.0812
600613.SH,20220430,20220331,6.4132,7.6447,10.6765,0.964
000881.SZ,20220430,20220331,37.1998,62.8593,-3.1166,-0.4181
600629.SH,20220430,20220331,-19.1668,-8.308,-59.2185,1.6341
002060.SZ,20220430,20220331,-5.3113,-4.5516,-8.7042,1.2625
002502.SZ,20220430,20220331,-27.2005,-1530.6689,-87.3615,-2.011
000656.SZ,20220430,20220331,2.2076,-163.9986,19.5993,-1.6345
002485.SZ,20220430,20220331,-20.5499,53.9885,39.3651,-0.2606
002301.SZ,20220430,20220331,4.2674,1.1256,-0.2329,1.9525
000716.SZ,20220430,20220331,-19.0347,-41.002,1.2407,0.1848
300736.SZ,20220430,20220331,-40.0343,-923.3286,-4.667,-2.0888
600496.SH,20220430,20220331,34.5757,35.5536,-7.6371,2.2059
002867.SZ,20220430,20220331,138.1474,23.2615,24.115,4.7753
601113.SH,20220430,20220331,-33.793,-187.0851,3.0896,-2.6428
000611.SZ,20220430,20220331,11930.5977,-36.9328,-22.2261,-2.0015
000564.SZ,20220430,20220331,-26.1808,107.3852,-6.2633,-0.8065
002403.SZ,20220429,20220331,-7.4334,-260.7261,-16.7593,-2.0978
000678.SZ,20220429,20220331,-23.0299,-671.2352,16.4868,-2.844
002905.SZ,20220429,20220331,-24.2663,-347.8688,25.218,-9.8947
300635.SZ,20220429,20220331,9.4923,-8.2808,-2.8886,1.0871
301212.SZ,20220429,20220331,7.1526,-37.1446,-2.6356,3.9826
300167.SZ,20220429,20220331,106.2828,-110.5092,-22.3796,-15.5299
301055.SZ,20220429,20220331,28.0865,-45.9595,-19.5661,1.6567
002209.SZ,20220429,20220331,-12.7829,-29.5316,-19.997,0.6327
600802.SH,20220429,20220331,-16.8225,-219.1644,-36.5714,-2.9357
300496.SZ,20220429,20220331,45.8058,41.3649,6.2692,2.7945
002105.SZ,20220429,20220331,-12.6701,-23.5738,2.9821,4.7167
600979.SH,20220429,20220331,9.2501,-23.1675,10.2084,0.3606
002089.SZ,20220429,20220331,4.5478,135.221,26.2572,0.2024
600584.SH,20220430,20220331,21.2443,123.0429,20.1466,3.6501
688006.SH,20220430,20220331,155.3985,80.165,22.4135,2.9882
002459.SZ,20220430,20220331,77.1229,378.2675,-15.4872,4.149
002002.SZ,20220430,20220331,-44.6041,-61.968,0.4542,1.0203
000065.SZ,20220430,20220331,37.2009,54.7275,-35.9271,1.4688
000735.SZ,20220430,20220331,3.9445,-165.2994,30.8145,-1.079
603228.SH,20220430,20220331,14.3101,-30.9592,2.5422,2.0693
002771.SZ,20220430,20220331,39.1206,-64.7559,-24.3449,-0.853
002174.SZ,20220430,20220331,-42.3108,-57.359,26.0767,1.036
002862.SZ,20220430,20220331,-15.819,-14.8093,-57.9297,0.3588
600896.SH,20220430,20220331,10.1153,-67.6896,-86.4663,-2.5818
000967.SZ,20220430,20220331,3.1147,-6.7713,-18.896,0.7035
000504.SZ,20220430,20220331,95.6403,-83.2927,5.8936,-0.6009
002618.SZ,20220430,20220331,-54.4503,10.8444,91.0077,-5.5204
600843.SH,20220430,20220331,-1.445,-15.6252,-12.7414,0.9445
600026.SH,20220430,20220331,13.022,-92.6958,-9.4285,0.0923
002313.SZ,20220430,20220331,-0.9632,-1828.8851,-5.0128,-2.439
600165.SH,20220430,20220331,335.7584,-928.8716,-52.5276,-3.0178
300081.SZ,20220429,20220331,-37.8385,23.116,-54.2726,-1.5312
688607.SH,20220429,20220331,-57.0879,-132.1813,-49.2917,-1.2106
002310.SZ,20220429,20220331,2.3768,-12.5219,0.1573,-3.4029
300619.SZ,20220429,20220331,96.3371,14.9263,4.1973,-1.2985
002753.SZ,20220429,20220331,1.1469,-91.9083,-4.4365,0.303
603556.SH,20220429,20220331,45.7501,211.9712,-9.3273,2.2234
001313.SZ,20220429,20220331,28.7878,-108.2566,-2.5112,-1.8717
688588.SH,20220429,20220331,0.3211,0.8012,-0.8593,2.2758
688696.SH,20220429,20220331,24.3171,35.7747,-13.4358,3.6307
002740.SZ,20220429,20220331,-57.7373,-327.2017,1.3644,-26.1482
000882.SZ,20220429,20220331,37.5552,24.607,36.7912,-0.0287
000536.SZ,20220429,20220331,8.0907,-608.1134,-11.4098,-2.7593
002468.SZ,20220430,20220331,35.9135,218.8383,7.6237,1.1863
300171.SZ,20220430,20220331,72.6658,91.4396,-13.4714,4.4514
688328.SH,20220430,20220331,-20.1947,-73.6074,-26.1988,0.581
002269.SZ,20220430,20220331,-41.1032,-227.7558,-38.691,-18.7958
002721.SZ,20220430,20220331,-45.0982,-5.9955,-14.5296,-16.506
600856.SH,20220430,20220331,29.599,55.7407,21.4747,
002470.SZ,20220430,20220331,0.4272,-167.4837,17.4549,-0.6727
000976.SZ,20220430,20220331,-27.4373,11.015,-1.9243,1.0395
600153.SH,20220430,20220331,40.626,29.8386,-22.1019,1.8261
601968.SH,20220430,20220331,22.1846,-21.2399,-28.4965,1.7249
002211.SZ,20220430,20220331,-23.2622,-117.9821,65.8443,-21.7974
002586.SZ,20220430,20220331,-60.7759,-54.3689,-64.4973,-0.7709
301018.SZ,20220429,20220331,120.505,758.8742,11.1105,2.1674
300013.SZ,20220429,20220331,11.9085,186.8047,11.0536,7.0168
600406.SH,20220429,20220331,16.9518,88.3708,-24.0682,0.9394
300799.SZ,20220429,20220331,-81.4328,-225.436,-584.7244,-3.644
002622.SZ,20220429,20220331,395.8504,-693.9785,-39.1013,-3.0051
300497.SZ,20220429,20220331,1.823,-62.3859,-12.1689,0.8784
002207.SZ,20220429,20220331,-9.3278,203.9651,-8.5774,-11.7176
002385.SZ,20220429,20220331,-12.7262,-159.4902,-14.7093,-2.5628
002857.SZ,20220429,20220331,5.3612,13.1188,144.6945,-0.6712
600807.SH,20220429,20220331,29.375,-93.5202,-14.9832,-3.1443
002074.SZ,20220429,20220331,203.1398,-32.7945,1.1281,0.0522
002482.SZ,20220429,20220331,-56.1636,-729.5958,-38.3288,-16.0552
601949.SH,20220429,20220331,-15.4832,-87.9723,-48.7709,-0.388
002733.SZ,20220429,20220331,19.8887,184.917,3.6831,-0.4096
002429.SZ,20220429,20220331,-28.704,-25.8961,31.4729,2.2627
002047.SZ,20220430,20220331,-29.2333,-328.2462,-23.5196,-1.5413
002239.SZ,20220430,20220331,24.1076,-403.0463,19.01,-1.2092
002292.SZ,20220430,20220331,-0.7369,-212.2126,-16.6447,-1.0134
002708.SZ,20220430,20220331,-19.8622,-336.6045,-1.3103,-3.9056
002663.SZ,20220430,20220331,-16.4216,-371.0795,20.6013,-1.3387
600112.SH,20220430,20220331,-77.5819,-240.9163,-255.2072,-17.1353
002266.SZ,20220430,20220331,26.7877,-28.454,-15.5888,4.0364
002669.SZ,20220430,20220331,54.8386,-134.3997,-12.5848,-0.485
603895.SH,20220430,20220331,43.6363,37.8353,-65.6018,1.1541
000638.SZ,20220430,20220331,-4.9608,-126.2547,-189.7549,-2.6232
000790.SZ,20220430,20220331,39.1109,-19.4775,9.5164,0.941
000523.SZ,20220430,20220331,6.5315,61.4529,21.259,-1.2674
601155.SH,20220430,20220331,5.9146,-5.9408,10.8021,0.9006
600098.SH,20220430,20220331,-6.9342,30.5864,-4.9791,1.0092
002717.SZ,20220430,20220331,-47.8742,-467.8064,-13.2131,-1.2712
603719.SH,20220429,20220331,14.2978,-8.8573,3.0224,2.8285
300291.SZ,20220429,20220331,-74.8436,-185.9534,-94.1066,-0.6912
300037.SZ,20220429,20220331,137.951,228.9361,18.7972,7.1808
300203.SZ,20220429,20220331,-4.1602,28.8669,-74.1736,-2.077
002095.SZ,20220429,20220331,-7.6249,-17.5006,-44.4093,0.3156
301133.SZ,20220429,20220331,30.0041,49.166,-25.1997,1.623
002940.SZ,20220429,20220331,6.0617,19.2295,26.5866,2.7699
002587.SZ,20220429,20220331,15.3823,-432.6469,-22.0266,-0.6402
600661.SH,20220429,20220331,-58.8186,41.5244,-121.7553,-10.1128
002681.SZ,20220429,20220331,-17.0903,-42.4466,12.426,0.4006
002935.SZ,20220429,20220331,9.2065,-26.471,-5.2467,-0.977
600612.SH,20220429,20220331,7.2315,-37.303,33.5663,4.9603
603679.SH,20220429,20220331,-49.6564,-129.0693,-12.2568,-1.1462
300442.SZ,20220429,20220331,-46.4011,-593.9115,67.1121,-3.587
688177.SH,20220429,20220331,23.078,-1.1099,-76.5208,-6.0466
003001.SZ,20220429,20220331,-20.994,-59.242,-88.6012,0.454
688008.SH,20220429,20220331,200.6123,128.2315,28.736,2.688
002486.SZ,20220429,20220331,39.8658,155.6291,-3.4293,0.1823
000560.SZ,20220429,20220331,18.6472,-240.2706,73.8968,-2.2906
300254.SZ,20220429,20220331,-14.0518,-251.2591,16.8055,-2.5125
002504.SZ,20220429,20220331,-27.9901,17.6597,-1.9988,-4.199
600823.SH,20220430,20220331,-28.339,-59.0757,61.9205,0.3469
002335.SZ,20220430,20220331,2.3792,2.7127,0.8385,2.3922
002358.SZ,20220430,20220331,10.7585,89.2421,4.6661,0.0865
300269.SZ,20220430,20220331,-1.3157,61.3813,23.9057,-11.0831
300197.SZ,20220429,20220331,6.34,16.0958,-25.35,-1.6653
300749.SZ,20220429,20220331,8.0344,-73.086,-61.8744,0.2593
300859.SZ,20220429,20220331,-48.3368,-72.152,-251.5803,-2.8387
002177.SZ,20220429,20220331,-13.2889,18.2075,36.1527,0.2732
301080.SZ,20220423,20220331,27.7308,31.6632,32.0895,2.1717
300303.SZ,20220423,20220331,-7.8243,-6.287,17.846,1.6131
300149.SZ,20220430,20220331,-0.8736,480.4123,9.046,0.4163
002798.SZ,20220430,20220331,-33.9948,-220.0103,-55.2737,-2.0878
000613.SZ,20220430,20220331,9.5859,10.429,44.3399,1.4697
601010.SH,20220430,20220331,-8.7649,-128.4974,11.1632,1.2653
600190.SH,20220430,20220331,-10.2145,-11.3631,-22.6302,0.0327
600008.SH,20220430,20220331,8.3798,1.3844,-12.8413,1.1014
600207.SH,20220430,20220331,-15.5286,-87.0968,1.8637,0.6839
601186.SH,20220430,20220331,13.0466,12.306,-15.5393,1.9847
600018.SH,20220430,20220331,61.5113,86.0394,20.0743,5.2571
002770.SZ,20220430,20220331,7.1144,529.5566,-4.0204,-8.5914
300153.SZ,20220429,20220331,22.3383,67.1914,-25.9792,0.5342
300032.SZ,20220429,20220331,46.3412,45.1585,1.2252,1.0223
002582.SZ,20220429,20220331,14.2906,-76.2056,4.1079,0.1331
603839.SH,20220429,20220331,-29.8545,-72.9842,26.0367,0.6576
601778.SH,20220429,20220331,-18.8098,46.0356,-11.5848,-0.5011
000012.SZ,20220429,20220331,-7.354,-33.071,3.6636,2.8942
002059.SZ,20220429,20220331,-13.0336,-330.1918,-38.8911,-0.5723
601999.SH,20220429,20220331,20.8937,35.6714,-29.3304,-0.6549
603843.SH,20220429,20220331,-65.6694,-194.0833,-55.952,-0.3895
605333.SH,20220429,20220331,84.4644,-1.9773,-0.5181,0.6635
600886.SH,20220429,20220331,20.0992,-14.9109,33.1715,1.9045
300068.SZ,20220429,20220331,-16.2451,1510.4866,6.2179,0.2422
000695.SZ,20220429,20220331,18.1374,-129.7778,-37.0571,-5.2252
002035.SZ,20220429,20220331,6.9159,2.7982,-2.6045,2.2516
300912.SZ,20220429,20220331,-10.0269,-35.6317,-36.9075,-2.2208
002856.SZ,20220429,20220331,-8.8527,-59.3961,-46.0037,0.0606
600881.SH,20220429,20220331,-6.9851,-74.4419,37.4742,-3.628
688669.SH,20220429,20220331,65.3211,-35.5331,-12.9966,0.7745
002259.SZ,20220429,20220331,40.7956,-120.8934,12.9555,0.8085
000966.SZ,20220429,20220331,19.9072,-52.3897,10.2353,0.8197
002104.SZ,20220429,20220331,-12.8951,-314.2048,-75.006,-0.5963
000758.SZ,20220430,20220331,-11.9757,-3.7557,6.7688,1.7971
002094.SZ,20220430,20220331,-3.8209,48.4037,2.2409,0.5843
002670.SZ,20220430,20220331,171.7945,-236.309,-1187371.5868,-0.3802
002159.SZ,20220430,20220331,-34.2516,-77.123,-21.4681,-2.4651
000502.SZ,20220430,20220331,1071.5456,-10.2359,-97.8577,-3.4514
603191.SH,20220430,20220331,12.9965,15.6076,-36.9091,3.1119
603030.SH,20220430,20220331,-45.0655,-150.5254,-1.0752,-1.5457
300624.SZ,20220423,20220331,3.7071,-112.1285,-10.7747,-0.9892
603203.SH,20220430,20220331,42.2111,-3.9459,45.8153,3.8254
002375.SZ,20220430,20220331,5.7969,24.2442,-62.8378,1.0527
600020.SH,20220430,20220331,-34.1637,-60.6292,-6.0262,1.0274
600192.SH,20220430,20220331,-13.7725,-205.7167,-6.6388,-1.3059
600185.SH,20220430,20220331,-22.1292,-43.2052,14.0632,1.4036
000045.SZ,20220429,20220331,21.268,-58.7956,-9.8377,0.5345
300933.SZ,20220429,20220331,8.4097,27.1558,-56.6683,0.9862
002767.SZ,20220429,20220331,8.5057,59.5464,-50.1783,-0.3152
002517.SZ,20220429,20220331,129.7324,66.664,34.65,6.8114
002352.SZ,20220429,20220331,47.7806,203.3511,7.6326,1.1031
002503.SZ,20220429,20220331,-59.7808,56.0982,-1.9221,-46.378
000937.SZ,20220429,20220331,54.5029,511.1817,6.8441,4.8989
601877.SH,20220429,20220331,54.9108,384.0958,6.7581,2.1642
002119.SZ,20220429,20220331,-6.8546,32.7139,-3.1718,2.1978
000897.SZ,20220429,20220331,-53.44,100.7954,67.2998,1.4916
603058.SH,20220429,20220331,16.4734,-623.1965,-43.8091,0.249
002061.SZ,20220429,20220331,38.8551,280.8022,-32.515,3.5935
301216.SZ,20220429,20220331,82.6476,101.7684,2.0362,8.2062
605567.SH,20220429,20220331,10.0027,-55.6232,-11.1801,0.8707
002380.SZ,20220429,20220331,29.2318,-49.8777,-12.4143,0.0484
300392.SZ,20220429,20220331,-83.7731,29.7528,-36.6654,-5.986
003012.SZ,20220429,20220331,-14.7327,-248.2275,-36.0513,-1.0165
688787.SH,20220429,20220331,8.2225,-42.247,9.9592,0.5578
002210.SZ,20220429,20220331,-7.963,-589.1397,-93.5608,-4.1939
603669.SH,20220430,20220331,-54.0088,-41.4358,21.5717,1.174
688500.SH,20220430,20220331,22.8585,-83.105,-40.1344,-0.5045
000800.SZ,20220430,20220331,-66.3943,-74.7051,-15.5647,1.4637
600694.SH,20220430,20220331,-10.5479,-19.1809,9.7062,2.342
002276.SZ,20220430,20220331,36.1339,199.6418,-46.2233,0.621
605151.SH,20220430,20220331,10.0305,21.2544,6.1053,2.2922
000909.SZ,20220430,20220331,-35.4888,-7.3859,-102.4241,0.2462
600593.SH,20220430,20220331,-9.4275,-41.2559,-2.5851,-11.8409
601611.SH,20220430,20220331,23.7398,25.8367,-43.0294,2.0881
002195.SZ,20220430,20220331,-27.8558,-5.5339,222.1736,1.0754
000530.SZ,20220423,20220331,14.7009,55.3815,-18.9472,0.1899
000587.SZ,20220430,20220331,-29.1349,60.3708,-43.9941,
002325.SZ,20220430,20220331,-41.7684,-1002.9812,-58.5416,-2.972
600303.SH,20220430,20220331,-2.1817,31.2401,-8.2589,-1.4743
601086.SH,20220430,20220331,-16.795,-15.9603,18.1917,2.1776
000038.SZ,20220430,20220331,-57.8608,77.9709,-105.9537,1.297
300278.SZ,20220429,20220331,85.1481,127.7467,-3.4422,1.0295
603939.SH,20220429,20220331,14.2905,12.8196,15.6222,3.4926
002922.SZ,20220429,20220331,76.6626,-70.3043,-1.1222,1.7905
603609.SH,20220429,20220331,0.806,-144.0577,-5.7245,-1.8544
000785.SZ,20220429,20220331,-7.2958,-18.2546,46.3739,2.942
300426.SZ,20220429,20220331,-85.8575,6.6704,-1909.894,-91.7934
301046.SZ,20220429,20220331,33.8625,-15.1162,-32.2987,1.2394
300214.SZ,20220429,20220331,27.2699,111.6076,1.3675,3.2562
002382.SZ,20220429,20220331,-59.0129,-103.0522,6.1553,-0.7228
600648.SH,20220429,20220331,83.6181,144.8216,-2.6362,6.3742
002928.SZ,20220429,20220331,-45.5275,-848.8614,50.2046,-13.3961
688058.SH,20220429,20220331,90.6078,428.1745,-64.0676,1.2833
688339.SH,20220429,20220331,855.7513,-50.695,-3.2254,-1.0319
002992.SZ,20220429,20220331,6.7224,26.3833,-30.121,-2.4878
300367.SZ,20220429,20220331,-73.9893,25.6481,-373.6953,
600259.SH,20220429,20220331,75.4159,94.6725,-16.5323,3.3196
300202.SZ,20220429,20220331,3.4639,-235.501,-23.2396,-1.0518
688210.SH,20220429,20220331,38.6692,62.4076,20.2649,0.8019
002848.SZ,20220429,20220331,-25.7035,462.3574,15.6985,-7.3707
600868.SH,20220429,20220331,177.6213,160.9111,-3.2733,0.112
002260.SZ,20220430,20220331,-32.2933,-73.0175,-70.5764,-12.1112
002064.SZ,20220430,20220331,25.8676,-16.9347,2.8573,6.3724
002491.SZ,20220430,20220331,-9.7775,338.4502,35.6396,-1.6752
600734.SH,20220430,20220331,-98.3302,79.7854,-657.3956,-4.883
000503.SZ,20220430,20220331,38.4311,12.1544,-268.2163,-6.551
300551.SZ,20220430,20220331,260.3919,82.4181,-99.0999,-0.2808
003040.SZ,20220430,20220331,-5.3259,138.0352,-106.2617,2.8004
300628.SZ,20220423,20220331,40.0983,30.0535,22.1927,6.792
300523.SZ,20220423,20220331,49.1705,108.8532,-22.6959,-0.2182
002052.SZ,20220430,20220331,-55.4893,-31.3397,-4.8064,-71.6867
002773.SZ,20220430,20220331,-2.1133,27.2246,32.2558,4.4792
601127.SH,20220430,20220331,56.0315,-57.5387,-3.003,-10.0283
600308.SH,20220430,20220331,-0.8758,-41.397,1.172,2.0705
000004.SZ,20220430,20220331,-69.1668,-392.4079,-252.2631,-1.3935
600343.SH,20220429,20220331,15.0679,-24.786,-33.1733,-0.665
000837.SZ,20220429,20220331,-28.3444,-15.0251,-10.6539,1.6802
002003.SZ,20220429,20220331,33.5774,45.1276,-9.6793,2.2962
002005.SZ,20220429,20220331,-32.5515,8.894,6.5511,-4.0299
000585.SZ,20220429,20220331,-15.5785,-564.94,-40.2599,
000690.SZ,20220429,20220331,10.4969,-95.8679,19.9443,0.31
002219.SZ,20220429,20220331,8.9834,102.5268,4.2112,0.0722
002170.SZ,20220429,20220331,36.9196,136.8636,-20.6818,0.9931
300143.SZ,20220429,20220331,10.7164,30.5624,13.4055,1.4167
301103.SZ,20220429,20220331,14.9415,-6.6609,26.3423,1.5751
002887.SZ,20220429,20220331,-46.6361,-46.0262,-102.3877,1.2769
300119.SZ,20220429,20220331,-30.2023,-37.942,-13.9553,1.4561
003003.SZ,20220429,20220331,19.8876,-97.866,8.9516,-0.1402
002919.SZ,20220429,20220331,-31.2414,-97.3862,-47.3128,0.1778
300568.SZ,20220429,20220331,57.3917,171.032,43.0834,3.626
300093.SZ,20220429,20220331,-11.2396,-8545.46,29.5172,-9.9805
000788.SZ,20220429,20220331,-5.9076,-48.377,-0.8046,0.8952
300555.SZ,20220429,20220331,57.411,143.61,-37.1789,0.6645
600209.SH,20220429,20220331,-46.6582,-50.1063,500.0628,-4.9221
688222.SH,20220429,20220331,4.7735,-222.5964,-8.0041,-0.793
300476.SZ,20220429,20220331,29.2197,10.7656,17.5858,3.0314
000858.SZ,20220429,20220331,13.2511,16.0802,-12.3457,10.377
603127.SH,20220429,20220331,34.8187,34.2663,27.6432,1.8386
002501.SZ,20220429,20220331,145.699,-25.9867,-136.9461,-4.9166
002488.SZ,20220429,20220331,31.6032,-35.1293,-25.9648,-0.7889
002037.SZ,20220430,20220331,-3.6278,-47.9669,-53.2,-1.6472
000524.SZ,20220430,20220331,-35.0088,-35.7369,-64.7235,-3.5509
002725.SZ,20220430,20220331,9.8084,311.9734,-1.2496,0.8223
002583.SZ,20220430,20220331,19.7847,50.795,0.3604,-1.6091
002370.SZ,20220430,20220331,-13.51,-20.5922,-13.8884,-5.5555
002201.SZ,20220430,20220331,9.2311,-10.9422,2.5536,0.8449
600793.SH,20220430,20220331,5.4864,-58.1759,7.9612,0.1814
002842.SZ,20220430,20220331,22.211,-6.0398,-2.5602,0.7364
603321.SH,20220430,20220331,35.6958,-4.8379,-27.0298,0.1344
688313.SH,20220423,20220331,19.3034,266.3844,11.7766,1.5563
002305.SZ,20220423,20220331,165.5236,58.2975,-376.4039,-2.0189
600637.SH,20220430,20220331,-15.9951,-36.293,-27.2562,0.3873
300023.SZ,20220430,20220331,344.2039,1062.7203,-39.2337,0.8555
300731.SZ,20220429,20220331,-22.8451,-181.3938,0.6024,-2.1133
002805.SZ,20220429,20220331,116.5013,323.3584,-79.3026,3.8173
002279.SZ,20220429,20220331,55.384,40.3837,-32.5527,-3.0823
000058.SZ,20220429,20220331,1.9567,1.9762,-12.8838,1.5955
002100.SZ,20220429,20220331,1.5782,-123.1241,-23.8315,-0.9904
603602.SH,20220429,20220331,7.3224,-162.0324,-66.1571,-1.2155
300418.SZ,20220429,20220331,9.0645,17.2033,26.4086,3.8904
002398.SZ,20220429,20220331,-0.9194,-23.1615,-0.2824,1.4845
600017.SH,20220429,20220331,17.9706,24.5489,32.2962,1.8076
300564.SZ,20220429,20220331,-10.4001,-56.116,-57.0753,-0.3358
300645.SZ,20220429,20220331,25.9794,4.9495,-130.4519,-1.1294
600782.SH,20220429,20220331,2.7571,6.1169,1.7001,3.1398
002706.SZ,20220429,20220331,11.5724,12.7158,-26.7426,3.1962
000816.SZ,20220429,20220331,-31.2921,-46.8935,-53.7037,0.13
301268.SZ,20220429,20220331,55.6952,82.4596,-26.8677,4.0992
002625.SZ,20220429,20220331,18.9513,56.9119,-82.5109,0.4581
301187.SZ,20220429,20220331,-3.0862,-2.1173,-1.5104,6.9117
300674.SZ,20220429,20220331,-2.5017,106.0663,-122.2502,0.021
002122.SZ,20220429,20220331,-7.2188,-1160.1058,10.3871,-12.7559
002113.SZ,20220429,20220331,-42.6172,-197.4837,-6.7533,-12.0309
600293.SH,20220429,20220331,-24.7103,-8.1808,9.9898,2.4516
300038.SZ,20220429,20220331,-28.1291,89.8727,1.133,-1.4558
600019.SH,20220429,20220331,3.7824,-30.4086,10.3498,1.8113
300198.SZ,20220429,20220331,-45.3926,-5917.8461,12.333,-1.1207
002858.SZ,20220429,20220331,-5.7052,-490.0466,36.5594,-2.231
688121.SH,20220429,20220331,-67.7424,-39.4961,455.3032,-3.5676
002085.SZ,20220429,20220331,26.6885,4.8379,0.3852,3.0867
000426.SZ,20220430,20220331,-11.853,-44.2363,34.8045,1.1228
002069.SZ,20220430,20220331,11.5682,52.7001,9.3253,-51.7032
300489.SZ,20220430,20220331,32.4287,-544.3088,-84.9646,-7.3261
600606.SH,20220430,20220331,-27.6355,-35.2441,2.7358,2.861
000700.SZ,20220430,20220331,-10.537,9.6378,12.0951,1.6849
603737.SH,20220430,20220331,14.493,-580.2108,-17.5253,-5.1361
002652.SZ,20220430,20220331,-55.7504,-310.3027,20.7413,-1.7944
300593.SZ,20220423,20220331,66.4754,69.6893,-9.692,7.2395
300173.SZ,20220423,20220331,-20.2204,-48.1829,9.9096,0.0574
300433.SZ,20220423,20220331,-22.1527,-134.1207,38.5379,-1.0076
300642.SZ,20220423,20220331,22.2975,-77.0958,48.0155,0.2199
000540.SZ,20220430,20220331,-73.2541,-560.5072,333.3643,-8.4739
002178.SZ,20220430,20220331,-25.6219,38.0917,-73.6415,-1.7534
300369.SZ,20220429,20220331,34.6397,-154.0117,3.8607,-3.177
688393.SH,20220429,20220331,20.6835,-26.4038,0.1184,1.5113
000156.SZ,20220429,20220331,19.1111,11.2144,-41.0053,0.8823
002520.SZ,20220429,20220331,12.9171,-56.9114,15.1952,0.0929
300467.SZ,20220429,20220331,-30.1364,-199.3102,-6.0208,-3.6163
300687.SZ,20220429,20220331,28.9312,28.2558,-13.7189,0.4423
688017.SH,20220429,20220331,22.0056,0.1846,9.7191,1.4266
688159.SH,20220429,20220331,11.985,73.6002,16.5617,-0.8469
600213.SH,20220429,20220331,3.1486,-3930.1623,-50.8171,-26.969
600162.SH,20220429,20220331,11.6095,58.3697,-33.9002,0.3146
003041.SZ,20220429,20220331,2.9878,-19.8719,-13.133,1.4466
600719.SH,20220429,20220331,-2.6916,-11.2967,-25.21,6.1265
000506.SZ,20220429,20220331,-40.8787,980.1767,-65.256,-8.855
688350.SH,20220429,20220331,20.6225,-18.7168,4.2586,1.7034
002976.SZ,20220429,20220331,23.5191,13.4726,12.6836,2.0627
000736.SZ,20220429,20220331,92.3437,70.6643,43.2197,-1.6483
300657.SZ,20220429,20220331,2.2143,-258.9061,13.9141,-2.7306
002836.SZ,20220429,20220331,5.0908,48.7747,41.5483,1.0717
000338.SZ,20220430,20220331,-37.1631,-68.6119,-11.2019,1.2518
002789.SZ,20220430,20220331,-27.7861,-36.4044,-21.4848,2.9187
300264.SZ,20220430,20220331,-50.4571,-430.0918,-12.4833,-9.2566
300495.SZ,20220430,20220331,-97.3495,-290.8614,-6971.1554,-2.9109
600960.SH,20220423,20220331,-13.7459,-542.6393,-11.522,-0.5967
300144.SZ,20220423,20220331,-72.164,-129.1466,24.6528,-0.5257
688555.SH,20220430,20220331,-90.6818,-298.6353,-653.6692,-2.3116
002750.SZ,20220430,20220331,-76.9231,-68.4284,-21.4178,-0.1716
000007.SZ,20220430,20220331,356.1821,-244.6313,-10.8276,-1.2328
000799.SZ,20220429,20220331,86.0375,94.4559,2.5382,13.7426
300640.SZ,20220429,20220331,34.7373,0.3035,12.0622,1.0957
300629.SZ,20220429,20220331,16.2374,70.2551,-45.6399,2.8946
300005.SZ,20220429,20220331,14.418,-25.4819,-17.647,0.0885
001210.SZ,20220429,20220331,12.2281,-5.5584,-32.872,7.0328
300126.SZ,20220429,20220331,-23.1229,-85.1358,-33.1935,0.1307
605089.SH,20220429,20220331,14.1727,21.8973,25.8534,2.5783
000733.SZ,20220429,20220331,44.1586,146.2125,1.5756,7.6221
605108.SH,20220429,20220331,5.0384,-27.667,15.5704,0.9352
688302.SH,20220429,20220331,,-75.1034,,-12.4246
688178.SH,20220429,20220331,15.3523,-78.59,-109.9231,0.1166
300659.SZ,20220429,20220331,-37.3638,-1196.403,-310.0743,-8.5311
000762.SZ,20220429,20220331,159.1806,557.7162,87.0336,5.6651
600619.SH,20220429,20220331,13.036,8.3162,-15.7662,-0.247
000528.SZ,20220429,20220331,-22.0627,-47.7932,-8.726,1.383
605300.SH,20220429,20220331,-11.3227,-69.5276,6.4354,0.7125
002729.SZ,20220429,20220331,37.932,32.518,-11.0997,1.8736
300209.SZ,20220429,20220331,-71.1326,-13.9556,1.0708,-6.346
300282.SZ,20220429,20220331,-22.2746,-14.9584,-39.5722,-0.5471
688111.SH,20220429,20220331,12.2573,-18.4174,17.6801,2.5606
605001.SH,20220429,20220331,-23.8898,19.1652,59.4512,-2.565
600936.SH,20220429,20220331,-15.3069,-55.1162,-2.437,-4.46
000752.SZ,20220429,20220331,16.7271,-29.7401,6.4601,-0.8762
002852.SZ,20220429,20220331,-4.8466,-166.1755,-29.2407,-1.7187
002933.SZ,20220430,20220331,261.3487,154.1817,-15.9644,0.5536
002800.SZ,20220430,20220331,32.3856,-9.5644,-12.1475,0.9816
000830.SZ,20220430,20220331,23.0854,32.146,15.9321,7.0137
002212.SZ,20220430,20220331,42.802,32.137,-72.0001,-0.7585
002022.SZ,20220430,20220331,-71.0643,-93.4887,2.9987,0.5465
002040.SZ,20220430,20220331,9.981,21.4958,9.5855,1.1903
688023.SH,20220423,20220331,26.8991,-50.759,-180.8562,-6.5291
000070.SZ,20220430,20220331,-47.9706,-38.5776,-37.6591,0.3216
600275.SH,20220430,20220331,1326.8153,-188.1372,34.2176,-82.8554
600215.SH,20220430,20220331,-3.7065,-58.5848,-6.0663,1.5781
002447.SZ,20220430,20220331,-64.4721,-3769.1298,7.176,-6.1687
688553.SH,20220429,20220331,9.1781,-11.4866,20.9429,2.9616
601016.SH,20220429,20220331,19.7885,10.3679,49.9858,3.5953
300091.SZ,20220429,20220331,-20.691,-91.9513,-43.0526,0.0061
300423.SZ,20220429,20220331,12.4792,1.834,-7.895,1.3205
600718.SH,20220429,20220331,8.8906,18.3091,-72.1884,-0.7
300878.SZ,20220429,20220331,38.9567,13.0585,-4.219,1.4163
688418.SH,20220429,20220331,120.2469,-30.5286,-70.5186,-3.3601
002065.SZ,20220429,20220331,12.7768,5.3237,-41.3448,1.069
002505.SZ,20220429,20220331,28.2974,-42.2191,-3.6184,0.6751
601991.SH,20220429,20220331,18.1172,-144.318,18.5217,-0.7882
688081.SH,20220429,20220331,474.7182,90.3971,-53.912,-0.2458
002567.SZ,20220429,20220331,-2.3513,-153.448,-3.8443,-3.0082
002072.SZ,20220429,20220331,1192.9409,181.2451,-55.9777,2.3127
300998.SZ,20220429,20220331,-26.9822,-18.3304,-1.6724,0.6519
600518.SH,20220429,20220331,-14.1496,81.2809,-21.3624,-1.2308
300652.SZ,20220429,20220331,31.9057,72.0685,1.3986,1.9573
600685.SH,20220430,20220331,-38.1202,41.1837,269.2919,-0.2188
002309.SZ,20220430,20220331,-3.5053,-260.5587,2.0441,-4.2042
600828.SH,20220430,20220331,-28.6676,-80.6144,25.6839,0.6255
000727.SZ,20220430,20220331,-1.4319,-40.6863,-2.8803,5.9297
603078.SH,20220430,20220331,55.9777,253.7819,-3.7155,2.7849
600739.SH,20220430,20220331,-10.379,-48.2932,6.6973,0.9927
000029.SZ,20220430,20220331,-34.3591,84.3228,-169.1383,0.9263
600269.SH,20220429,20220331,33.1716,89.7761,21.9857,2.1886
300819.SZ,20220429,20220331,114.0973,1.182,-3.0381,0.9326
600775.SH,20220429,20220331,6.8956,-28.92,4.5912,-0.5513
603663.SH,20220429,20220331,-19.5863,32.3612,7.4548,2.6742
300177.SZ,20220429,20220331,-24.0932,1383.0619,-37.4693,-0.9033
600084.SH,20220429,20220331,-5.0123,-113.3324,-53.2484,-0.2111
600025.SH,20220423,20220331,2.7221,23.3972,51.6815,1.1453
300110.SZ,20220423,20220331,12.2726,0.8576,1.1164,0.9816
301008.SZ,20220429,20220331,7.517,-47.11,0.7565,0.9663
300229.SZ,20220429,20220331,23.6029,66.8903,-48.8208,0.4261
603136.SH,20220429,20220331,-28.0513,-371.2716,-35.04,-1.94
600268.SH,20220429,20220331,24.144,3.4278,-51.9038,-2.6741
301060.SZ,20220429,20220331,132.2382,232.4085,-18.382,10.5096
603877.SH,20220429,20220331,-7.7368,-6.4435,-9.2626,2.573
301061.SZ,20220429,20220331,1.0624,-15.7815,-5.0052,2.4393
002883.SZ,20220429,20220331,37.7779,-5.3384,-6.0003,1.757
301062.SZ,20220429,20220331,12.3198,-25.7003,7.9214,2.7763
000547.SZ,20220429,20220331,6.6166,-23.0703,-52.4953,1.726
300861.SZ,20220429,20220331,83.6187,49.1751,41.916,6.4488
002399.SZ,20220430,20220331,50.6711,63.7427,-0.0722,1.4389
600345.SH,20220430,20220331,58.9656,274.5467,-36.9587,1.0584
300999.SZ,20220430,20220331,10.6778,-92.7089,3.006,0.9541
688163.SH,20220430,20220331,12.042,15.8694,-32.9779,0.4551
601828.SH,20220430,20220331,1.0084,-3.3973,37.338,0.8807
000021.SZ,20220430,20220331,-4.5968,21.0367,-21.6701,-0.2095
601138.SH,20220430,20220331,6.7939,2.1106,1.6721,2.5647
002339.SZ,20220430,20220331,9.7073,11.2462,-78.3366,-1.9416
688360.SH,20220430,20220331,57.3976,5620.2456,-10.3187,1.537
000415.SZ,20220430,20220331,13.354,-82.5994,73.8258,-3.8927
300064.SZ,20220430,20220331,57.2792,47.4181,37.5317,
600187.SH,20220430,20220331,-13.2406,21.2278,-41.7866,-0.5177
002356.SZ,20220430,20220331,-48.9896,95.663,-68.3327,-0.98
603933.SH,20220430,20220331,9.3432,-17.9975,-3.4416,1.7902
600640.SH,20220430,20220331,-10.5565,33.1639,-1.7625,0.0598
605133.SH,20220430,20220331,23.0287,4.1915,8.461,1.7868
002184.SZ,20220430,20220331,0.6284,29.2716,-9.3682,1.0856
600333.SH,20220430,20220331,15.7875,43.5839,-11.5428,-0.7445
002693.SZ,20220430,20220331,-12.57,121.6165,-20.8722,-1.2905
688321.SH,20220430,20220331,38.7422,49.1841,11.2856,-0.4211
603568.SH,20220430,20220331,37.7327,25.0816,43.6707,5.6181
603610.SH,20220430,20220331,14.051,-21.819,-3.9289,1.8748
600895.SH,20220430,20220331,-7.7736,-142.4611,-37.6953,-2.1287
600789.SH,20220430,20220331,1.7955,-7.0196,5.1684,0.7203
000533.SZ,20220430,20220331,7.7579,31.6309,-7.2943,0.4251
603596.SH,20220430,20220331,29.0221,8.2502,-13.6198,3.1502
603183.SH,20220430,20220331,-0.1731,-207.0434,-56.7076,-0.8133
600500.SH,20220430,20220331,8.1686,30.3255,-5.1727,2.5326
600029.SH,20220429,20220331,1.0257,-12.2317,0.0792,-6.9988
301126.SZ,20220429,20220331,8.7362,-2.5626,-43.5692,1.1249
605336.SH,20220429,20220331,23.3361,10.3133,13.5011,1.6536
600758.SH,20220429,20220331,21.1184,492.1882,14.8452,4.4117
603577.SH,20220429,20220331,24.8331,-40.3268,-9.748,0.7923
600262.SH,20220429,20220331,94.3164,65.0417,-12.7906,2.1123
603606.SH,20220423,20220331,25.5991,0.1635,-46.4791,5.5044
688109.SH,20220423,20220331,-7.0918,-288.0838,-116.6776,-3.2535
300775.SZ,20220423,20220331,127.0494,89.6148,-1.9908,5.5168
000538.SZ,20220429,20220331,-8.6968,19.8138,-1.8061,3.411
300813.SZ,20220429,20220331,48.8967,45.0786,-3.4984,2.536
002467.SZ,20220429,20220331,-1.1171,191.6551,-2.3545,0.5255
000831.SZ,20220429,20220331,56.8754,65.5864,16.6844,6.2582
603833.SH,20220429,20220331,25.5987,3.8793,-7.8157,1.6071
002556.SZ,20220429,20220331,12.4604,15.1862,18.0917,4.5936
002739.SZ,20220429,20220331,-16.0136,-91.4179,10.2903,0.223
000030.SZ,20220430,20220331,-12.5558,-89.1156,-10.9618,0.1848
002439.SZ,20220430,20220331,11.5838,-29.2761,-7.7381,-1.826
603826.SH,20220430,20220331,-7.0471,-39.3698,-8.484,1.4689
600458.SH,20220430,20220331,0.3799,0.626,-13.8889,0.9642
002524.SZ,20220430,20220331,-2.9084,-189.1437,0.3462,-11.1424
000685.SZ,20220430,20220331,6.4312,-40.0457,-11.832,1.2596
603980.SH,20220430,20220331,-9.2727,-101.8341,-3.4994,-0.4457
601330.SH,20220430,20220331,-5.0209,-13.6324,7.5402,2.6547
600377.SH,20220430,20220331,7.7681,-30.492,42.7741,2.5899
600331.SH,20220430,20220331,22.4302,-10.1824,5.0103,7.4497
002816.SZ,20220430,20220331,-27.8535,-11.8653,176.5769,-2.6714
603766.SH,20220430,20220331,23.2143,67.5481,4.039,3.423
688033.SH,20220430,20220331,130.3785,233.7484,6.0424,1.2323
000935.SZ,20220430,20220331,14.7702,30.3465,14.3216,1.0525
600289.SH,20220430,20220331,26.0154,18.4942,-14.2049,-3.61
688227.SH,20220430,20220331,30.7519,2.4018,-118.623,-1.2241
002278.SZ,20220430,20220331,-31.7426,-465.2526,-67.7421,-1.3601
002679.SZ,20220430,20220331,0.5349,-0.5877,-766.1157,-2.2641
002135.SZ,20220430,20220331,12.0279,10.1119,-8.9224,2.6696
688305.SH,20220430,20220331,20.6493,-41.3267,20.9643,0.4888
002605.SZ,20220430,20220331,2.9378,-53.7715,11.2147,3.3267
688025.SH,20220430,20220331,8.5113,11.9438,3.0563,1.1216
002981.SZ,20220430,20220331,7.1463,1.4163,-5.5967,0.3354
000096.SZ,20220430,20220331,9.2375,-22.9581,-0.3831,0.2284
000622.SZ,20220429,20220331,-19.239,-208.1895,-77.1536,-1.6378
301007.SZ,20220429,20220331,11.6766,-35.6933,5.9292,1.7008
002653.SZ,20220429,20220331,-22.8126,-90.8783,-14.7355,0.6314
601188.SH,20220429,20220331,-6.6675,1.7708,55.2845,1.328
603917.SH,20220429,20220331,-13.4392,-22.4552,43.4363,0.497
600113.SH,20220429,20220331,175.9565,77.5148,1.8813,2.1211
603225.SH,20220429,20220331,-1.9826,-42.7457,-18.9428,1.8936
600488.SH,20220429,20220331,5.0894,-11.3011,7.9801,0.6933
002576.SZ,20220429,20220331,6.1551,-65.0339,0.7447,0.9274
688621.SH,20220429,20220331,54.4935,62.6514,2.2618,4.004
600210.SH,20220429,20220331,4.4077,-2.0029,-5.4023,2.0621
300722.SZ,20220429,20220331,46.1123,49.0399,-23.0951,2.1512
603192.SH,20220429,20220331,52.0733,-16.2898,-20.927,1.4946
300346.SZ,20220429,20220331,94.6676,89.3759,-2.8376,3.3274
600463.SH,20220429,20220331,-8.9846,22.8746,-48.3172,-0.1432
002246.SZ,20220429,20220331,2.1459,-41.7386,-27.3496,0.5158
600956.SH,20220429,20220331,16.747,-7.3585,15.5877,4.7396
688733.SH,20220429,20220331,109.6219,149.2686,-18.2883,2.9699
600231.SH,20220429,20220331,4.0435,-46.8817,-0.6717,1.3298
000885.SZ,20220429,20220331,62.3828,15.7364,4.0018,3.8593
688579.SH,20220430,20220331,-4.4326,-18.9179,-159.0252,-0.9734
600128.SH,20220430,20220331,24.9601,-33.0494,-10.404,0.0413
603683.SH,20220430,20220331,1.4624,-97.7211,-9.6511,-0.097
002172.SZ,20220430,20220331,-34.0071,-9.9116,-50.2042,50.0555
600760.SH,20220430,20220331,34.7833,48.1817,-31.539,3.9875
002510.SZ,20220430,20220331,14.4436,492.0183,-31.7371,1.776
688590.SH,20220430,20220331,0.4823,-67.1342,-98.2348,0.1092
000953.SZ,20220430,20220331,-12.3797,-126.2183,7.9416,-1.0472
002251.SZ,20220430,20220331,-21.7315,-72.9294,35.6164,0.3252
600033.SH,20220430,20220331,-5.0501,-2.6328,62.8647,2.1157
002418.SZ,20220430,20220331,80.9424,-146.2926,-19.3441,-0.7911
002891.SZ,20220430,20220331,41.5817,10.731,-7.9189,1.1964
600281.SH,20220430,20220331,21.1839,-7.6395,-14.4906,0.5576
002362.SZ,20220430,20220331,-21.9293,-303.2197,-35.8957,-1.5526
600846.SH,20220430,20220331,-19.8814,-17.1536,234.5338,1.5794
601872.SH,20220430,20220331,36.473,125.851,17.2704,4.7719
688096.SH,20220430,20220331,26.9203,-8.6417,-51.1971,0.5799
600170.SH,20220430,20220331,-16.2821,-227.1825,-45.1184,0.1833
600186.SH,20220430,20220331,0.7207,32.8007,14.1983,1.0412
601058.SH,20220430,20220331,17.2102,-19.5742,1.0939,2.7384
600230.SH,20220430,20220331,64.0932,8.6407,-3.8295,2.5368
600409.SH,20220430,20220331,4.2111,-59.5355,21.4142,1.851
603863.SH,20220430,20220331,85.8521,-86.012,-30.076,0.1343
603665.SH,20220430,20220331,5.8444,-19.3339,0.6919,1.6029
605566.SH,20220430,20220331,-23.8635,-62.6795,-29.8169,0.8728
002228.SZ,20220430,20220331,4.2779,-14.3641,4.1205,1.4079
000607.SZ,20220430,20220331,-4.3001,-83.1815,-35.6153,-0.1918
603730.SH,20220429,20220331,-4.9456,-11.4242,12.3309,3.3302
300421.SZ,20220429,20220331,-5.8861,-63.5183,-30.7339,0.8637
600825.SH,20220429,20220331,-8.4006,48.4705,8.6843,0.0285
600482.SH,20220429,20220331,-4.5463,-54.2456,-12.5428,0.1554
000568.SZ,20220429,20220331,26.1464,32.7166,17.9262,9.7109
300913.SZ,20220429,20220331,20.4709,6.9146,6.1023,2.3062
603499.SH,20220429,20220331,16.3365,135.2461,46.4277,0.1945
002695.SZ,20220429,20220331,-10.6177,-45.5663,26.6126,1.2458
002516.SZ,20220429,20220331,10.4844,11.7682,2.9827,1.4686
002626.SZ,20220429,20220331,-17.7383,-59.9144,14.6157,2.9824
605222.SH,20220429,20220331,29.4392,5.4207,-61.5356,3.8088
300095.SZ,20220429,20220331,2.6589,10.7727,-11.8569,2.5101
605268.SH,20220429,20220331,5.4019,-122.6828,-40.4195,-0.559
300128.SZ,20220429,20220331,-5.9581,148.2799,21.8309,-2.5752
002303.SZ,20220429,20220331,12.7337,3.457,6.3114,0.5505
688786.SH,20220429,20220331,34.9177,63.5125,23.92,3.3949
603506.SH,20220429,20220331,10.7562,14.161,-10.3991,3.5105
002315.SZ,20220430,20220331,6.349,108.0896,-2.1251,1.6874
002575.SZ,20220430,20220331,-24.9581,-54.1866,1.3249,0.1475
002214.SZ,20220430,20220331,-51.9089,-92.0381,-64.1164,0.2097
688092.SH,20220430,20220331,26.2209,7.3067,-19.4363,1.7226
002436.SZ,20220430,20220331,18.8195,98.2787,9.3349,3.1326
000517.SZ,20220430,20220331,13.1144,206.2069,68.5555,5.6769
002866.SZ,20220430,20220331,3.2644,-15.3945,23.2507,1.4664
002390.SZ,20220430,20220331,8.1022,1.7957,8.6207,1.0918
002242.SZ,20220430,20220331,3.8272,-7.6971,21.2868,3.6191
688269.SH,20220430,20220331,-2.2572,91.4484,1.2832,6.3721
000507.SZ,20220430,20220331,10.2551,-31.3329,15.2818,0.9665
000880.SZ,20220430,20220331,-2.2655,5.8404,-8.4515,1.1152
002206.SZ,20220430,20220331,31.7882,0.5071,6.5359,3.6173
603123.SH,20220430,20220331,-2.8521,6.2681,-14.178,1.5524
002802.SZ,20220430,20220331,-14.051,-6.3549,23.2881,2.3435
002612.SZ,20220430,20220331,0.2577,-106.3677,8.4553,-0.0274
000541.SZ,20220430,20220331,25.7024,23.5045,-3.3359,1.004
002912.SZ,20220430,20220331,-52.5125,-541.3694,-104.5043,-3.3782
002247.SZ,20220430,20220331,-5.7495,-98.169,-39.0012,-0.1286
002265.SZ,20220430,20220331,-2.1395,138.4079,-2.9994,0.0183
600765.SH,20220430,20220331,15.649,174.9463,-40.3424,2.1709
688529.SH,20220429,20220331,109.9309,2181.6718,-20.0054,2.4757
600838.SH,20220429,20220331,-33.0595,-26.8201,-17.75,0.8534
600707.SH,20220429,20220331,-40.9707,-166.7303,14.9714,-3.4621
601019.SH,20220429,20220331,10.5018,26.9313,-33.8838,1.487
600879.SH,20220429,20220331,27.5839,29.8522,-43.3985,1.165
600243.SH,20220429,20220331,23.528,43.9173,-7.6442,-2.2995
688161.SH,20220429,20220331,-19.3058,-11.9896,34.5567,2.0908
603236.SH,20220429,20220331,64.7371,104.2484,-0.5128,3.2371
601811.SH,20220429,20220331,12.975,8.1466,-2.4778,1.3317
601777.SH,20220429,20220331,48.7394,220.5434,11.1562,0.4188
601615.SH,20220429,20220331,63.3964,398.5338,-56.9828,7.0571
300806.SZ,20220429,20220331,20.7897,198.7512,-13.6143,0.8855
603215.SH,20220429,20220331,13.4469,11.306,20.5414,3.2864
300318.SZ,20220429,20220331,10.2287,-26.4685,-16.7647,-1.3798
603997.SH,20220429,20220331,-7.2518,-129.3986,4.1702,-0.8079
600676.SH,20220429,20220331,-18.9865,-487.1757,-2.9799,-0.9463
002199.SZ,20220429,20220331,-32.515,-163.0108,-9.384,-1.434
600258.SH,20220429,20220331,-4.6396,-27.727,8.7342,-2.3561
603579.SH,20220429,20220331,8.5482,-15.016,-4.8541,2.3665
300759.SZ,20220429,20220331,41.1925,1.3066,19.8674,3.0546
600462.SH,20220429,20220331,-27.2835,-105.1454,-33.0722,-29.6163
600575.SH,20220429,20220331,30.7917,19.5651,3.0711,2.0845
300211.SZ,20220429,20220331,167.8416,145.4521,-37.3266,0.8168
301119.SZ,20220429,20220331,13.8955,26.4244,32.4724,1.7951
000975.SZ,20220430,20220331,47.8634,-8.9919,26.1776,2.45
002423.SZ,20220430,20220331,-34.4382,-269.3331,331.3956,-1.8878
688115.SH,20220430,20220331,72.2679,1182.9254,-45.3822,1.4809
600358.SH,20220430,20220331,-6.4223,179.4016,20.0285,4.4417
001209.SZ,20220430,20220331,10.6159,-28.5044,-24.0766,1.8117
600697.SH,20220430,20220331,-5.0904,-71.4951,3.0256,-0.0208
000961.SZ,20220430,20220331,-45.9956,-188.7319,47.2541,-3.3757
000576.SZ,20220430,20220331,-36.555,-42.97,-35.5279,1.6666
002229.SZ,20220430,20220331,-27.0714,-202.6606,-23.4814,-0.7522
688518.SH,20220430,20220331,62.7831,16.8603,-7.8083,0.7164
603629.SH,20220430,20220331,-1.5201,145.7738,-11.8563,0.3077
600378.SH,20220430,20220331,25.5558,41.5819,-1.3743,3.0133
600973.SH,20220430,20220331,11.5226,-60.5318,-9.3267,0.6282
605116.SH,20220430,20220331,17.4453,25.4174,11.5974,2.5327
000985.SZ,20220430,20220331,36.2208,659.1085,-0.8193,2.0547
000987.SZ,20220430,20220331,287.4527,2.5526,-112.727,2.2906
603600.SH,20220430,20220331,-5.4573,-13.5514,5.3887,2.9674
000639.SZ,20220430,20220331,-15.0654,-123.8067,-1.2885,-0.4861
002795.SZ,20220430,20220331,38.5879,68.8374,27.1997,1.3293
002727.SZ,20220430,20220331,16.5331,-31.1744,3.2999,2.4608
002076.SZ,20220430,20220331,-25.645,-35.1028,31.4187,
002067.SZ,20220430,20220331,11.9736,-33.3689,7.0729,1.3412
300795.SZ,20220429,20220331,11.5263,5.4369,-28.6226,-4.8566
300396.SZ,20220429,20220331,14.0717,4.081,-12.9908,3.0398
600737.SH,20220429,20220331,15.2407,14.0858,-16.0079,1.8942
603859.SH,20220429,20220331,29.5536,30.4841,-8.3506,1.1846
300420.SZ,20220429,20220331,-5.9404,-75.8268,-18.519,0.1861
301090.SZ,20220429,20220331,24.0682,34.9022,-20.2759,2.7393
600279.SH,20220429,20220331,2.3051,96.1,-4.1031,-0.1858
301135.SZ,20220429,20220331,1.0137,-25.899,-0.5814,1.3188
301288.SZ,20220429,20220331,-25.3039,19.1283,-39.7024,1.2907
600220.SH,20220429,20220331,42.4834,136.3183,-11.5225,0.4572
603937.SH,20220429,20220331,0.9361,-22.4558,7.6085,1.7946
600819.SH,20220429,20220331,9.1377,-17.4753,-1.3982,0.201
002873.SZ,20220429,20220331,16.1,21.7333,1.4829,3.2459
603488.SH,20220429,20220331,-8.216,-95.8935,-33.946,0.8192
301093.SZ,20220429,20220331,-22.1584,-24.2179,17.6595,0.9137
601126.SH,20220429,20220331,32.5568,38.3059,-5.012,3.2402
603615.SH,20220429,20220331,-23.3557,-115.9803,21.7528,-0.2817
603266.SH,20220429,20220331,14.0453,4.0634,20.0954,2.3029
300066.SZ,20220429,20220331,-4.8951,1.6531,-28.6074,1.4647
603005.SH,20220429,20220331,-7.2186,-27.9607,16.8467,2.1705
600052.SH,20220429,20220331,650.2778,-821.9468,172.4883,-0.1202
301279.SZ,20220429,20220331,13.0951,8.6963,-6.4836,2.5563
000531.SZ,20220430,20220331,-8.9226,-138.3771,-6.6724,-1.0602
002197.SZ,20220430,20220331,11.0772,237.9696,-5.6739,0.1556
000088.SZ,20220430,20220331,30.9997,-2.5407,22.5686,0.9006
000811.SZ,20220430,20220331,13.0141,-5.0028,-23.8654,0.6853
688676.SH,20220430,20220331,62.1705,-11.9714,-28.0405,1.2983
600038.SH,20220430,20220331,-49.2099,-93.1273,-94.6325,0.0494
600545.SH,20220430,20220331,-8.9186,2537.8863,-22.1883,-1.1689
002506.SZ,20220430,20220331,20.3916,124.273,9.0203,-1.4946
603369.SH,20220430,20220331,24.6974,24.4579,20.4946,10.1671
000949.SZ,20220430,20220331,10.7492,-86.8167,5.9373,0.54
600072.SH,20220430,20220331,1.0875,22.26,-81.8413,0.0704
002534.SZ,20220430,20220331,35.6943,-45.6139,-37.1009,0.251
002181.SZ,20220430,20220331,7.7666,-63.3907,-85.791,0.1151
000950.SZ,20220430,20220331,9.8017,40.6967,-19.8953,0.6056
600635.SH,20220430,20220331,9.0434,-1604.3907,25.7636,-2.017
688789.SH,20220430,20220331,25.053,30.6007,-0.7896,4.6168
002613.SZ,20220430,20220331,31.7915,640.933,-0.5062,0.7242
605580.SH,20220430,20220331,9.5003,27.3889,-6.6447,4.505
603881.SH,20220430,20220331,30.0851,-65.8267,50.9851,0.323
001872.SZ,20220430,20220331,12.4807,61.2958,24.8561,2.074
600129.SH,20220429,20220331,6.2849,-20.0316,-1.161,2.6029
600222.SH,20220429,20220331,1.5203,-91.3277,-35.9882,0.1439
000682.SZ,20220429,20220331,24.9544,24.1741,-35.5815,1.4272
688202.SH,20220429,20220331,65.7868,71.0857,-14.3187,5.4633
603133.SH,20220429,20220331,-84.1535,66.5932,-188.7244,-4.4282
300922.SZ,20220429,20220331,-25.74,-36.6957,125.7689,1.0314
605117.SH,20220429,20220331,-2.7247,31.8061,-12.534,4.4408
002287.SZ,20220429,20220331,23.973,-15.587,2.2768,3.663
301048.SZ,20220429,20220331,13.5165,17.0484,20.5164,3.5404
002863.SZ,20220429,20220331,5.4643,5.5804,1.18,0.6761
002448.SZ,20220429,20220331,-13.2714,-32.9012,7.9911,1.2204
300226.SZ,20220429,20220331,36.8875,-14.254,-0.507,2.3309
600373.SH,20220429,20220331,0.1347,3.4161,0.2192,2.4322
600585.SH,20220429,20220331,-26.0712,-15.2088,11.2861,2.459
688378.SH,20220429,20220331,58.7541,65.2279,1.2943,4.8132
601880.SH,20220429,20220331,-1.3045,-18.6576,5.3634,1.1824
603899.SH,20220429,20220331,10.9342,-16.0396,0.0989,4.029
300739.SZ,20220429,20220331,56.1151,172.2316,16.9602,2.175
600577.SH,20220429,20220331,16.212,-10.0914,1.177,1.9864
002404.SZ,20220429,20220331,41.5768,419.3387,-1.285,2.4666
300408.SZ,20220429,20220331,7.0704,1.5884,33.7366,2.5538
600127.SH,20220429,20220331,-10.1079,-149.623,5.3374,-1.1956
000626.SZ,20220429,20220331,-4.4401,-81.1457,-6.9768,0.1866
300695.SZ,20220429,20220331,-8.1956,9.4301,39.3995,0.6584
002889.SZ,20220430,20220331,-30.2642,3.7237,30.3755,2.449
000820.SZ,20220430,20220331,,90.2993,-117.1963,-3.3308
002316.SZ,20220430,20220331,-56.056,-20.8264,25.6264,
688151.SH,20220430,20220331,-21.0048,-24.4366,-46.145,1.1428
002682.SZ,20220430,20220331,-0.4855,-246.1662,31.7393,-0.9577
600822.SH,20220430,20220331,58.8394,-22.849,-4.0166,0.5457
603023.SH,20220430,20220331,3.6862,11.7091,-22.0382,0.0705
600004.SH,20220430,20220331,4.5109,46.5485,14.3507,-0.4972
688618.SH,20220430,20220331,40.484,48.0914,-10.1334,0.8414
688366.SH,20220430,20220331,23.7941,-37.1692,0.944,1.0429
002884.SZ,20220430,20220331,5.4658,27.2533,16.4086,5.0362
603989.SH,20220430,20220331,28.9478,1.8535,3.2469,3.005
600290.SH,20220430,20220331,16.4186,17.568,48.1431,-14.671
688659.SH,20220430,20220331,44.2659,-42.6978,-26.5926,-0.3312
600986.SH,20220430,20220331,45.0442,-25.9514,-5.494,0.9029
688016.SH,20220430,20220331,30.5945,21.4383,56.353,7.5522
603042.SH,20220430,20220331,39.2197,-97.1174,-21.4202,-1.444
600716.SH,20220430,20220331,54.2532,194.4655,-33.5615,1.7213
300552.SZ,20220429,20220331,5.329,-84.9972,-23.9256,-0.0316
600600.SH,20220429,20220331,3.1408,10.1972,10.1391,4.3332
600561.SH,20220429,20220331,-12.3693,21.3981,6.7028,-5.8292
688255.SH,20220429,20220331,-26.7325,-24.3946,3.7455,0.7281
300701.SZ,20220429,20220331,-32.7814,-68.513,21.6142,0.8925
000518.SZ,20220429,20220331,-28.9593,-75.4288,-14.644,-3.9133
002650.SZ,20220429,20220331,1.1073,-97.791,-18.2954,0.0352
688365.SH,20220429,20220331,-2.6583,-387.7858,-41.3642,-3.0297
600141.SH,20220429,20220331,90.6476,384.6437,15.0499,11.5722
300018.SZ,20220429,20220331,1.4941,-302.6646,-30.5,-0.1778
605128.SH,20220429,20220331,17.6004,-43.7062,-13.3581,0.9525
002348.SZ,20220429,20220331,-26.5391,-174.8444,-0.6429,-7.9537
600548.SH,20220429,20220331,-9.6476,-24.2114,34.4672,1.7073
300851.SZ,20220429,20220331,-28.5655,-118.353,-10.4246,-0.6805
603897.SH,20220429,20220331,10.6852,-37.415,-6.6123,1.7957
300403.SZ,20220429,20220331,-7.9428,-41.664,19.3838,2.2559
000930.SZ,20220429,20220331,-4.2579,-1.9048,-1.1813,2.5289
001202.SZ,20220429,20220331,39.7591,-42.95,-4.2277,1.4436
002396.SZ,20220429,20220331,53.7201,197.1311,-38.4612,2.044
300105.SZ,20220429,20220331,28.0702,-6.1561,-50.1207,-0.4346
300698.SZ,20220429,20220331,-12.2901,5.8592,-49.6609,-2.8052
688558.SH,20220429,20220331,18.619,20.5332,-12.5282,2.7803
002150.SZ,20220429,20220331,30.6706,22.955,8.7577,2.0361
300786.SZ,20220429,20220331,-15.8759,-60.7815,9.2732,0.2651
603103.SH,20220430,20220331,-18.8873,-55.8938,19.5338,4.1553
000573.SZ,20220430,20220331,-55.0144,-109.8126,-36.0644,-0.3791
002193.SZ,20220430,20220331,1.8825,-47.9497,-12.9988,0.1062
688005.SH,20220430,20220331,270.7517,144.6613,-2.2309,5.3069
002602.SZ,20220430,20220331,-11.9217,-64.287,6.2764,0.6699
000333.SZ,20220430,20220331,9.5476,10.9659,8.8282,5.4384
000796.SZ,20220430,20220331,-49.4031,32.9865,-126.8618,-74.4641
603179.SH,20220430,20220331,33.2952,-13.2943,12.2031,2.1226
600671.SH,20220430,20220331,-33.0534,-89.848,-21.2435,-16.4019
600121.SH,20220430,20220331,31.4113,257.8841,30.1055,2.8557
600784.SH,20220430,20220331,11.9321,169.4946,2.9957,2.6736
603983.SH,20220430,20220331,-5.3058,-34.6074,-17.4373,1.8418
688089.SH,20220430,20220331,-4.1694,-31.1964,85.1641,1.0069
600329.SH,20220430,20220331,3.4173,-6.2664,4.1719,3.0664
600416.SH,20220430,20220331,-10.2557,65.03,-19.3511,1.1501
600387.SH,20220430,20220331,-18.0256,54.5578,-72.015,0.2215
603638.SH,20220430,20220331,-31.2189,-63.067,-5.6341,2.4275
600326.SH,20220430,20220331,15.1236,-32.6864,-23.3568,-1.3206
000876.SZ,20220430,20220331,0.9143,-2204.4962,-5.9917,-8.0046
600965.SH,20220429,20220331,10.1275,55.5737,13.891,2.3463
600023.SH,20220429,20220331,26.6707,-40.4574,1.2591,0.6571
600103.SH,20220429,20220331,12.8263,6.213,14.2782,1.4041
300638.SZ,20220429,20220331,36.9769,30.1849,1.0037,4.9349
603002.SH,20220429,20220331,-0.0311,-33.0237,9.7581,2.5901
600315.SH,20220429,20220331,0.1106,17.8115,25.955,3.0132
301092.SZ,20220429,20220331,17.1436,-17.4903,-7.4748,1.2569
605177.SH,20220429,20220331,34.4462,-8.4715,-5.7841,1.207
603318.SH,20220429,20220331,32.1878,29.1049,21.8512,1.0466
300388.SZ,20220429,20220331,9.4329,-14.0017,-22.5373,1.4555
003032.SZ,20220429,20220331,12.856,193.7679,61.5895,1.0674
603330.SH,20220429,20220331,41.8401,-94.5333,-23.9035,-0.0534
688511.SH,20220429,20220331,-0.3782,-18.1469,4.3826,2.4153
688234.SH,20220429,20220331,-46.6906,-283.2013,-102.7432,-1.3135
600633.SH,20220429,20220331,37.4878,-69.481,6.2394,1.4778
600366.SH,20220429,20220331,77.2725,14.1092,-68.7696,1.8683
002642.SZ,20220429,20220331,8.0849,16.7922,-30.9986,0.1264
688700.SH,20220429,20220331,20.5894,47.8579,-3.4269,4.5919
000002.SZ,20220429,20220331,0.6472,10.5788,-21.1581,0.4621
002796.SZ,20220429,20220331,-26.6809,-277.5591,1.3794,-1.8801
300399.SZ,20220429,20220331,48.6222,130.9157,15.6609,-0.3335
002758.SZ,20220429,20220331,17.1159,74.1538,13.9581,3.4638
603767.SH,20220430,20220331,0.1129,-84.9695,10.0017,0.0093
600376.SH,20220430,20220331,-78.4992,-156.8401,-143.0433,-1.2656
603660.SH,20220430,20220331,-19.1222,-99.782,-53.7412,-4.1589
600658.SH,20220430,20220331,14.0805,21.337,-153.3841,-1.2392
002140.SZ,20220430,20220331,-10.3711,21.4679,27.2185,2.5493
603322.SH,20220430,20220331,27.2812,181.2184,-32.8746,1.5545
000428.SZ,20220430,20220331,-16.6627,67.712,-21.4778,-3.5759
605081.SH,20220430,20220331,0.5567,-26.0972,-103.3122,0.288
002344.SZ,20220430,20220331,10.981,47.2545,-32.1097,0.9926
600388.SH,20220430,20220331,2.1412,26.0067,-17.5061,2.2477
000525.SZ,20220430,20220331,77.5715,1282.8935,9.3867,44.8978
600555.SH,20220430,20220331,241.836,17.6961,-31.0372,-2.113
600654.SH,20220430,20220331,-19.7481,-40.6186,5.1615,
002314.SZ,20220430,20220331,22.9255,-51.7645,-147.9994,-1.5971
603378.SH,20220430,20220331,-18.766,-870.5936,-85.0702,-2.9279
002616.SZ,20220430,20220331,9.4488,-89.3056,2.3458,0.1597
600159.SH,20220430,20220331,-6.2543,-84.3227,-86.5541,0.2179
000869.SZ,20220430,20220331,2.8204,1.34,25.6692,2.6825
002793.SZ,20220430,20220331,24.8928,-48.0747,-36.4731,1.7645
688183.SH,20220430,20220331,7.2398,16.0765,21.9286,1.8189
603633.SH,20220430,20220331,25.0659,16.7817,15.6469,1.3107
002870.SZ,20220430,20220331,-7.1585,-29.2804,6.6825,2.8186
603701.SH,20220430,20220331,-20.6245,-60.4948,3.5628,0.6983
600678.SH,20220430,20220331,8.3902,-58.6693,13.4491,3.3797
002471.SZ,20220430,20220331,31.268,32.7214,19.0362,-2.1956
002084.SZ,20220430,20220331,-2.8916,-182.2615,4.0504,-1.2351
601001.SH,20220429,20220331,16.9286,78.2268,2.5568,7.2525
600039.SH,20220429,20220331,32.767,30.9181,-11.0136,5.5409
603916.SH,20220429,20220331,-7.2835,2.79,-5.6775,1.8875
300247.SZ,20220429,20220331,-13.1967,-36.9815,5.1735,0.574
688395.SH,20220429,20220331,-4.0936,-3.4476,10.7631,1.9201
600581.SH,20220429,20220331,-15.9968,-284.3144,-8.771,-8.2851
603500.SH,20220429,20220331,41.8101,-39.013,-24.2834,1.1586
603359.SH,20220429,20220331,-17.9103,-18.0687,7.5248,2.2205
000952.SZ,20220429,20220331,-24.4171,-39.6155,-0.2469,-0.2265
300926.SZ,20220429,20220331,74.1071,65.3309,-12.8556,1.8321
603838.SH,20220429,20220331,-27.9468,-151.6782,-4.9705,-0.5772
002454.SZ,20220429,20220331,-6.1866,-31.9103,-4.3618,0.3238
603728.SH,20220429,20220331,10.029,-31.438,-8.9592,1.5752
300075.SZ,20220429,20220331,12.0087,42.9009,-49.2958,1.0645
603181.SH,20220429,20220331,20.1295,59.2672,10.3532,4.1065
600288.SH,20220429,20220331,23.6583,61.767,-36.8911,-0.5657
002636.SZ,20220429,20220331,-26.4921,-93.7903,11.6157,0.4446
603083.SH,20220429,20220331,-38.1492,-489.5166,4.3813,-6.4423
002941.SZ,20220429,20220331,26.5752,116.029,-191.4543,-0.6889
002641.SZ,20220429,20220331,8.1101,-57.0901,17.5571,0.4226
300943.SZ,20220429,20220331,1.5003,-21.1507,-13.5611,1.0456
300363.SZ,20220429,20220331,165.7723,333.5258,23.1685,9.1086
603379.SH,20220429,20220331,40.4119,203.868,20.0816,3.2661
600425.SH,20220430,20220331,39.5605,104.1666,-24.4236,-0.0084
600647.SH,20220430,20220331,-57.6881,63.923,-8905.3518,-0.5876
600137.SH,20220430,20220331,-2.6824,-25.7102,-13.6263,0.8532
688501.SH,20220430,20220331,34.6204,-8.0431,-266.0542,-0.8988
000680.SZ,20220430,20220331,-12.1866,342.0544,-10.2274,1.6221
600732.SH,20220430,20220331,160.2512,125.8128,4.1815,3.564
600988.SH,20220430,20220331,94.9155,3.2259,10.8671,3.6332
002086.SZ,20220430,20220331,30.1151,45.1546,-5.5291,-2.9435
600448.SH,20220430,20220331,0.6769,-67.5725,6.0469,0.0196
688819.SH,20220430,20220331,17.3411,6.3532,-32.6947,2.6782
600681.SH,20220430,20220331,9.984,-27.5077,-21.3777,3.6764
603778.SH,20220430,20220331,-27.0347,67.6574,-192.0045,-0.8496
603860.SH,20220430,20220331,-48.9405,26.8189,-305.6926,-0.7224
603477.SH,20220430,20220331,1.9881,-234.6265,-12.2893,-9.269
600616.SH,20220430,20220331,2.982,25.9284,-2.7568,0.1438
000592.SZ,20220430,20220331,-6.1133,-105.6965,6.5396,-0.1318
600516.SH,20220430,20220331,23.4956,-74.815,-14.4816,0.8436
603267.SH,20220430,20220331,18.6319,18.7223,-29.6271,7.4718
600579.SH,20220430,20220331,4.1995,-39.1072,-9.9365,-3.494
002010.SZ,20220430,20220331,17.2948,9.026,-2.3371,0.984
002722.SZ,20220430,20220331,0.4187,-5.6734,-7.9765,1.7232
002489.SZ,20220430,20220331,15.213,-41.5775,23.2678,5.6602
600182.SH,20220429,20220331,13.8848,-70.2167,13.0971,0.3019
300553.SZ,20220429,20220331,22.9071,-16.0115,-16.5,0.8463
600692.SH,20220429,20220331,38.3154,-24.3506,11.7435,0.1863
000628.SZ,20220429,20220331,-15.8842,-26.4041,-52.1452,0.7058
300798.SZ,20220429,20220331,-0.3798,-59.7449,-12.5084,0.4814
600391.SH,20220429,20220331,6.5819,2.4447,-2.658,-1.8669
300626.SZ,20220429,20220331,-8.7305,-33.9788,16.0177,0.979
600587.SH,20220429,20220331,-16.0545,-12.8353,-16.7139,2.9808
603725.SH,20220429,20220331,103.7679,-88.3857,-7.2023,-0.1603
600565.SH,20220429,20220331,-42.0298,-220.441,12.3091,-0.7449
600352.SH,20220429,20220331,7.9331,-56.0627,4.662,1.8129
600582.SH,20220429,20220331,16.3907,68.0714,-11.3945,2.097
002337.SZ,20220429,20220331,-76.2273,-55.2876,160.9555,-0.9352
600551.SH,20220429,20220331,1.0051,6.6947,-17.8443,1.6826
603619.SH,20220429,20220331,83.2074,725.3182,47.6632,3.3895
301149.SZ,20220429,20220331,-3.1872,-29.5312,8.0962,2.1842
600873.SH,20220429,20220331,26.4478,183.7067,10.8488,10.1145
300876.SZ,20220429,20220331,5.7605,-44.2501,6.3338,1.5367
601156.SH,20220429,20220331,46.4256,102.3247,40.7569,11.3101
300141.SZ,20220429,20220331,-29.4473,-242.9911,-24.0858,-0.3707
300793.SZ,20220429,20220331,-14.1147,226.7721,-12.6624,0.4862
300972.SZ,20220429,20220331,12.9799,4.8529,36.7004,2.3767
600705.SH,20220430,20220331,2.847,-98.2755,-3284.1572,0.0238
600997.SH,20220430,20220331,-5.2703,-2.8326,23.4814,4.2432
600088.SH,20220430,20220331,0.5619,-133.995,-101.1151,-3.0852
002759.SZ,20220430,20220331,260.3745,765.1393,37.638,11.6005
000861.SZ,20220430,20220331,40.092,674.5367,42.6349,0.7117
688129.SH,20220430,20220331,-19.9161,-41.1377,-30.5728,0.8308
600278.SH,20220430,20220331,-3.6943,40.7624,-9.8269,1.1827
603220.SH,20220430,20220331,-16.6082,-33.8451,-92.3703,0.3537
002751.SZ,20220430,20220331,-71.3402,-391.1426,-35.6674,-5.5886
000673.SZ,20220430,20220331,-30.6294,1.7687,-3.3666,-259.059
600277.SH,20220430,20220331,7.3058,0.6571,3.6077,0.8664
002775.SZ,20220430,20220331,-66.8389,-79.2439,-132.516,-5.1212
000571.SZ,20220430,20220331,173.6375,204.9123,51.5289,8.6482
688038.SH,20220430,20220331,-56.1133,-233.5476,-218.5162,-1.0553
688201.SH,20220430,20220331,31.5266,-506.3339,-53.5829,-0.2986
000425.SZ,20220430,20220331,-19.7938,-18.6057,2.8088,3.4995
688032.SH,20220430,20220331,95.5276,175.2331,12.804,1.4108
600094.SH,20220430,20220331,-47.851,-139.9571,-97.2045,-0.7119
600193.SH,20220430,20220331,-55.8304,18.4146,24.5543,2.5514
000957.SZ,20220430,20220331,30.9303,11.1205,-33.0308,-1.6701
600827.SH,20220430,20220331,-0.5035,-42.9976,8.3396,0.8169
002555.SZ,20220430,20220331,7.109,550.8049,14.821,6.8289
603879.SH,20220430,20220331,-42.7488,-165.7478,55.1115,-0.5221
600460.SH,20220430,20220331,35.6511,54.5395,-14.5013,3.9732
603990.SH,20220430,20220331,20.9653,39.3139,-56.798,0.8028
601869.SH,20220430,20220331,55.9541,141.0253,-9.2927,1.5904
600300.SH,20220430,20220331,-6.8597,-52.753,-8.0972,0.8802
688003.SH,20220430,20220331,21.0533,-64.3302,-124.8046,-2.389
002006.SZ,20220430,20220331,16.0562,213.37,23.1765,1.9973
002004.SZ,20220430,20220331,20.5555,38.6692,4.7112,1.5822
002133.SZ,20220430,20220331,92.2027,180.0124,-15.6764,1.0609
600903.SH,20220430,20220331,27.1977,-455.4717,-4.7268,-2.1888
688697.SH,20220429,20220331,25.1128,189.3165,3.5905,3.631
300991.SZ,20220429,20220331,-22.9913,-75.1896,13.4371,0.5437
600022.SH,20220429,20220331,-9.6172,-4.3215,4.2313,2.5768
003009.SZ,20220429,20220331,-2.1283,-21.2893,-25.6372,2.7665
603159.SH,20220429,20220331,-21.633,-42.2324,5.1653,1.5093
002959.SZ,20220429,20220331,7.6906,15.9264,22.1923,4.6435
600119.SH,20220429,20220331,32.1867,-1811.9285,-4.3034,-2.3073
002088.SZ,20220429,20220331,6.7329,6.9495,-0.995,4.5173
600706.SH,20220429,20220331,-28.2265,-149.5144,-51.0395,-4.4628
002597.SZ,20220429,20220331,66.9129,110.2107,11.1411,7.4986
300614.SZ,20220429,20220331,-6.8682,-41.4655,26.1566,1.9344
600478.SH,20220429,20220331,11.7645,169.9304,27.3261,0.9058
003020.SZ,20220429,20220331,14.4827,13.0378,2.2296,3.3057
300669.SZ,20220429,20220331,14.4628,2.0777,26.7524,0.8382
002381.SZ,20220429,20220331,27.6202,-43.8336,16.0674,1.5567
300107.SZ,20220429,20220331,3.6903,186.7914,20.8215,0.7158
600503.SH,20220429,20220331,-98.49,-41.5407,-310.459,1.6978
300007.SZ,20220429,20220331,12.2651,21.7304,-21.8798,1.4092
300299.SZ,20220429,20220331,-13.9031,8.7746,-8.6023,1.9001
600859.SH,20220430,20220331,-4.0784,19.4472,-6.4331,0.4683
600754.SH,20220430,20220331,0.9734,34.3098,3.8983,-1.316
600639.SH,20220430,20220331,523.3572,612.1991,-51.0236,7.028
600776.SH,20220430,20220331,1.1512,27.298,6.9488,0.0206
688533.SH,20220430,20220331,17.4744,-42.2626,6.4674,1.1693
601168.SH,20220430,20220331,3.5944,58.1676,28.9551,5.4019
002103.SZ,20220430,20220331,-34.189,-295.0076,-12.5133,-2.3887
600183.SH,20220430,20220331,5.8238,-11.3723,9.5908,3.5441
600466.SH,20220430,20220331,3.3382,-151.6261,-1.5658,-24.3378
002126.SZ,20220430,20220331,2.7712,-33.2228,2.4956,0.8369
600076.SH,20220430,20220331,-63.5728,-187.2807,-65.3585,-0.7995
605179.SH,20220430,20220331,12.9518,-497.662,13.0654,-3.3803
600295.SH,20220430,20220331,41.4737,94.4523,7.0405,6.8236
601118.SH,20220430,20220331,1.9595,19.3607,-0.1843,-1.0887
002531.SZ,20220430,20220331,-47.6328,-93.4604,-4.0327,0.8056
000905.SZ,20220430,20220331,16.402,55.1597,-8.7095,1.3494
688157.SH,20220430,20220331,4.2602,-11.9609,-3.2808,1.5285
600753.SH,20220430,20220331,35.4484,-56.6986,-5.5542,0.4211
600698.SH,20220430,20220331,-50.7614,-89.5072,5.5497,-0.1795
000416.SZ,20220430,20220331,-42.343,-627.3391,-2456.2134,-0.5233
002154.SZ,20220430,20220331,16.3069,13.7184,-8.0088,3.9082
000407.SZ,20220430,20220331,-2.9308,-79.5936,-13.1668,0.9552
688639.SH,20220430,20220331,63.808,77.6773,25.2564,4.415
000890.SZ,20220430,20220331,56.4559,-534.3975,-25.1601,-31.1673
000996.SZ,20220430,20220331,-23.7861,-113.4785,-2.1707,-0.0909
600218.SH,20220430,20220331,29.4352,-38.2661,-25.3494,0.5916
688557.SH,20220430,20220331,123.1305,-137.72,-132.7136,-0.7972
003043.SZ,20220430,20220331,45.0842,42.2674,55.3154,2.8797
600821.SH,20220430,20220331,69.9557,13.2391,34.3299,1.3579
601606.SH,20220430,20220331,61.852,6.4815,-64.6684,-1.421
000669.SZ,20220429,20220331,-1.983,-175.5537,26.747,0.1866
600620.SH,20220429,20220331,-63.1169,-673.6253,-3559.1704,-0.4592
300460.SZ,20220429,20220331,-20.1102,-87.4465,3.8975,0.2761
605368.SH,20220429,20220331,27.9665,75.2017,4.482,6.2714
603036.SH,20220429,20220331,5.0891,2.1868,9.9115,0.9805
600683.SH,20220429,20220331,-86.0248,-35.4284,-1642.9833,-0.1196
600971.SH,20220429,20220331,47.1042,51.2042,15.907,3.8085
002897.SZ,20220429,20220331,23.7635,58.8004,3.8461,2.8047
002886.SZ,20220429,20220331,7.1715,-74.8843,5.9884,0.29
300953.SZ,20220429,20220331,145.4996,35.5248,-9.507,3.5225
600452.SH,20220429,20220331,10.6708,22.0417,22.8239,4.2544
002578.SZ,20220429,20220331,49.4856,53.7683,13.1284,0.9292
300517.SZ,20220429,20220331,-66.319,-22.5603,-33.8621,3.1625
300026.SZ,20220429,20220331,5.7011,23.3365,10.1674,2.573
300067.SZ,20220429,20220331,-22.3375,-37.4933,-11.1121,1.3077
600766.SH,20220429,20220331,-98.9506,-135.4792,-1875.465,-1.3916
301083.SZ,20220429,20220331,-13.458,-39.5533,-20.7171,0.6034
600151.SH,20220429,20220331,39.9398,-16.8625,8.6987,-0.3988
300265.SZ,20220429,20220331,44.1401,10.0879,-22.6709,0.2523
002205.SZ,20220429,20220331,-33.9012,-26.9412,426.1148,-4.5992
301138.SZ,20220429,20220331,-16.958,-30.8435,-29.9298,0.8655
603393.SH,20220429,20220331,60.5063,-68.2831,52.2385,4.3698
600610.SH,20220429,20220331,2.3915,-20.9683,35.7948,11.9993
601200.SH,20220430,20220331,16.218,-26.13,7.4789,1.4797
600125.SH,20220430,20220331,-34.7199,6.2926,6.3869,1.7828
600959.SH,20220430,20220331,3.1946,26.1942,-5.8851,-0.114
600085.SH,20220430,20220331,6.6702,25.6099,23.626,3.6583
603798.SH,20220430,20220331,-40.6043,-39.2989,35.5933,2.6314
600618.SH,20220430,20220331,27.6609,40.512,8.4614,6.8321
000732.SZ,20220430,20220331,-38.037,-14.1589,96.4656,-4.2293
000150.SZ,20220430,20220331,-26.2598,-41.857,-2.0532,
002893.SZ,20220430,20220331,5.9859,-5.0978,-38.9738,19.5864
300750.SZ,20220430,20220331,153.9741,-23.6189,14.536,1.1513
600770.SH,20220430,20220331,-16.9031,-518.118,6.6907,-1.2641
688230.SH,20220430,20220331,-29.9183,2.7077,4.6276,0.8593
605186.SH,20220430,20220331,11.1942,10.6476,-133.318,0.7748
002522.SZ,20220430,20220331,20.5345,33.5576,7.0999,2.3008
600081.SH,20220430,20220331,-2.2573,-2.5898,6.412,1.2682
603011.SH,20220430,20220331,83.3519,145.8165,-65.6615,0.6205
000411.SZ,20220430,20220331,10.4685,15.3358,-18.1629,2.2936
603098.SH,20220430,20220331,0.7533,-10.3796,0.5808,1.5127
000977.SZ,20220430,20220331,48.1139,38.3323,-88.4531,1.7017
000973.SZ,20220430,20220331,2.8417,8.3768,-6.0682,0.9769
000419.SZ,20220430,20220331,-7.3098,150.4465,-17.6111,0.5874
000410.SZ,20220430,20220331,16.0595,118.1638,-18.1693,
002252.SZ,20220430,20220331,97.3176,28.6318,24.6398,2.2435
000608.SZ,20220430,20220331,24.765,41.7946,2.0703,-0.3815
603808.SH,20220430,20220331,17.2044,-49.667,11.0922,1.7167
688026.SH,20220430,20220331,9.4203,-14.642,10.9337,3.9771
600007.SH,20220429,20220331,7.6187,12.6042,66.6395,3.0288
688190.SH,20220429,20220331,56.3243,47.1199,0.3427,1.6261
600841.SH,20220429,20220331,-48.1471,-86.9647,-63.6345,-0.4488
002790.SZ,20220429,20220331,22.4643,19.7223,20.0872,1.7813
603578.SH,20220429,20220331,28.9676,39.595,-17.1767,3.3246
000630.SZ,20220429,20220331,-9.6522,64.0306,4.5345,2.8305
603706.SH,20220429,20220331,7.6483,20.4394,2.5326,3.7764
300099.SZ,20220429,20220331,-31.3726,-18.1249,42.8456,1.4394
600969.SH,20220429,20220331,17.5241,130.6568,20.2595,-0.1983
603090.SH,20220429,20220331,52.1557,-0.2477,-12.2936,0.5378
688009.SH,20220429,20220331,5.6197,10.5366,-14.622,1.4665
300344.SZ,20220429,20220331,-38.451,-156.4482,-21.3465,-3.9231
600106.SH,20220429,20220331,-26.7541,-78.988,406.0681,0.3124
600693.SH,20220429,20220331,-0.9064,0.134,-4.3354,0.8413
603611.SH,20220429,20220331,22.5254,8.2164,-16.1759,2.6589
000632.SZ,20220429,20220331,-13.1444,-61.5389,-18.2302,0.2896
300919.SZ,20220429,20220331,71.5146,20.4276,-44.4254,2.0815
600037.SH,20220429,20220331,-4.3397,1236.5785,18.4622,-0.0682
688059.SH,20220429,20220331,22.3206,15.6801,14.6854,4.2925
600725.SH,20220429,20220331,0.4338,92.2653,-31.8007,1.9479
603328.SH,20220429,20220331,11.2586,23.05,23.6546,1.1251
300416.SZ,20220429,20220331,21.4558,79.8371,-26.4686,1.4574
002338.SZ,20220429,20220331,-18.9405,7.4063,-22.764,1.6308
300086.SZ,20220429,20220331,-40.8969,-54.7613,-39.7495,-3.3397
600539.SH,20220430,20220331,29.0836,-96.9917,-24.1899,0.0205
601827.SH,20220430,20220331,-3.3054,-43.244,14.1045,3.3456
600330.SH,20220430,20220331,13.3083,4.7024,8.9986,1.5207
600611.SH,20220430,20220331,-12.6134,-529.1036,-18.2053,-0.2676
002499.SZ,20220430,20220331,173.8219,-76.3828,-35.2338,-83.1936
603580.SH,20220430,20220331,-16.1181,-106.9004,24.4326,-0.077
000593.SZ,20220430,20220331,0.3588,415.7449,-7.116,0.1485
002910.SZ,20220430,20220331,4.156,-45.5025,6.9919,0.5282
600727.SH,20220430,20220331,45.9564,-49.5439,3.2773,1.7476
600117.SH,20220430,20220331,20.6154,-190.6189,2.3499,-105.5558
000917.SZ,20220430,20220331,-3.8026,61.3536,2.3814,0.222
600221.SH,20220430,20220331,-17.609,-38.4352,-57.025,-51.8552
688679.SH,20220430,20220331,53.2819,-29.9771,-23.9055,-0.4136
600498.SH,20220430,20220331,12.6354,10.039,-55.2341,0.2468
601919.SH,20220430,20220331,62.747,78.7262,59.2523,18.7274
002203.SZ,20220430,20220331,19.097,15.0694,-6.1029,2.0583
601500.SH,20220430,20220331,4.8285,-57.4869,0.3497,0.0083
000036.SZ,20220430,20220331,-60.934,-66.0941,-30.8948,0.5233
605318.SH,20220430,20220331,66.9189,-46.4247,-84.7254,0.4345
002563.SZ,20220430,20220331,-0.0305,-40.7445,-0.1697,1.5685
002757.SZ,20220430,20220331,1.004,7.9835,4.6619,3.3373
600381.SH,20220430,20220331,270.3954,-166.7889,-28.5295,-1.3493
600653.SH,20220430,20220331,-15.9546,-43.815,3.6571,-0.1834
000570.SZ,20220430,20220331,-12.7225,-226.5188,-6.9851,-0.4074
600054.SH,20220430,20220331,-12.0682,-162.3058,-53.9772,-2.0499
603020.SH,20220430,20220331,-4.0864,-22.238,8.6083,1.3133
603037.SH,20220430,20220331,-6.2762,-43.7129,-1.1476,1.4147
600172.SH,20220430,20220331,-4.0445,179.0483,22.4276,0.5408
600212.SH,20220430,20220331,-28.435,-438.0053,15.9187,-3.1266
000589.SZ,20220430,20220331,4.565,-45.0621,-0.4177,0.9074
688070.SH,20220430,20220331,122.3424,80.7402,-101.5974,-0.5659
603055.SH,20220430,20220331,27.9236,17.2012,27.1722,2.3343
002030.SZ,20220430,20220331,43.6898,48.8496,24.9655,20.3623
603396.SH,20220429,20220331,57.476,5.5538,-21.9677,1.818
603928.SH,20220429,20220331,21.9072,145.5259,-18.8572,2.3946
600663.SH,20220429,20220331,-8.3729,-25.9584,-128.8548,2.8143
603000.SH,20220429,20220331,-8.4068,33.3967,-52.7265,-0.6085
600168.SH,20220429,20220331,5.3694,-59.7163,-41.6243,0.6058
600428.SH,20220429,20220331,76.6213,1343.3215,15.7245,3.2274
600867.SH,20220429,20220331,7.8505,146.8992,39.8465,5.8925
603888.SH,20220429,20220331,9.0367,197.7685,-17.517,-0.1335
002603.SZ,20220429,20220331,-25.8,-28.2163,20.0401,5.2584
605118.SH,20220429,20220331,67.707,32.0704,16.4459,3.0345
688571.SH,20220429,20220331,9.6082,-57.8276,6.2872,0.5835
301211.SZ,20220429,20220331,6.0088,-23.4451,45.8771,1.0965
600371.SH,20220429,20220331,1.43,221.2269,13.7064,7.5262
603686.SH,20220429,20220331,-12.6699,-33.7432,-15.4461,2.3022
600531.SH,20220429,20220331,23.8849,4.7061,4.7729,1.717
300805.SZ,20220429,20220331,-22.549,-130.6625,-10.684,-0.477
600073.SH,20220429,20220331,-4.2698,16.6223,-1.5914,3.9948
002859.SZ,20220429,20220331,-24.9326,-65.9307,37.4886,1.4746
000017.SZ,20220429,20220331,116.9246,-327.3475,-17.7729,-14.0662
300995.SZ,20220429,20220331,2.488,-19.1478,44.0794,0.6483
603033.SH,20220430,20220331,57.8183,-24.6073,-2.3562,1.4935
600266.SH,20220430,20220331,21.4874,-1034.696,-4.9036,-2.786
002538.SZ,20220430,20220331,86.5062,70.5026,12.0285,2.6725
002921.SZ,20220430,20220331,20.0958,-65.454,-13.9544,0.8445
002031.SZ,20220430,20220331,-59.0005,-36.808,16.3122,-0.5773
002147.SZ,20220430,20220331,-53.4766,-21.5662,-11.5652,-116.7081
000806.SZ,20220430,20220331,80.5747,-736.1142,-9.9672,
002537.SZ,20220430,20220331,10.5492,182.7384,0.611,0.8263
601928.SH,20220430,20220331,19.9916,-31.7258,11.0943,2.4907
600652.SH,20220430,20220331,-42.8671,-24.9809,-434.3817,-0.7223
000623.SZ,20220430,20220331,21.5524,-84.8519,-16.5408,1.0369
600241.SH,20220430,20220331,42.9839,75.8404,28.7492,2.3982
603806.SH,20220430,20220331,38.0192,-31.5098,-3.8984,2.5527
002528.SZ,20220430,20220331,-52.3198,-32.3311,17.197,-3.9513
600284.SH,20220430,20220331,35.0729,30.2351,-35.8566,1.8637
600316.SH,20220430,20220331,29.3671,-86.5503,-49.2538,0.0773
000008.SZ,20220430,20220331,44.4084,40.3093,29.0031,-1.1057
600638.SH,20220430,20220331,595.9864,-82.4797,-70.5042,0.1044
688180.SH,20220430,20220331,-61.0233,-205.0552,90.6139,-5.4619
688097.SH,20220430,20220331,44.5993,161.1112,-9.9803,0.2912
600101.SH,20220430,20220331,43.494,23.5911,22.1523,1.6319
002666.SZ,20220430,20220331,-19.4658,-32.57,14.3298,1.0818
688060.SH,20220430,20220331,5.383,6.0429,-39.4154,0.6092
002599.SZ,20220430,20220331,-17.201,-204.7918,-7.9215,-1.9502
600650.SH,20220430,20220331,-27.4676,1469.2764,-2.845,-0.4371
603912.SH,20220430,20220331,-10.6944,-36.6802,-9.4712,1.2054
000670.SZ,20220430,20220331,15.6868,-53.3835,-12.2889,9.1137
002950.SZ,20220430,20220331,21.0164,35.6073,33.3277,4.9228
603089.SH,20220429,20220331,9.3356,-79.5813,2.601,0.6828
600865.SH,20220429,20220331,-13.7173,-33.7858,6.9808,0.6956
605337.SH,20220429,20220331,3.2802,-23.5942,28.4275,2.1125
002090.SZ,20220429,20220331,1.2219,-72.1321,-29.2587,0.4606
603258.SH,20220429,20220331,-13.7459,-29.9334,-1.0386,2.6106
300945.SZ,20220429,20220331,-6.623,-11.9604,-8.7716,2.6464
600152.SH,20220429,20220331,8.3134,-365.0793,-33.7238,-0.6568
300485.SZ,20220429,20220331,-17.6024,151.227,9.1472,0.4708
603779.SH,20220429,20220331,-2.0839,2189.3623,1.3119,1.2692
300452.SZ,20220429,20220331,10.9858,8.7555,2.5503,4.5578
301022.SZ,20220429,20220331,-16.1065,22.7479,-34.0329,0.9263
688188.SH,20220429,20220331,1.4036,-13.203,49.0566,3.3676
600299.SH,20220429,20220331,15.4955,16.3527,10.5489,3.0149
605298.SH,20220429,20220331,-28.5014,-12.4089,-8.3094,0.5966
002909.SZ,20220429,20220331,13.5679,-83.6677,-18.3991,-0.0919
600035.SH,20220429,20220331,-7.2551,-0.9389,43.5213,3.3956
300228.SZ,20220429,20220331,-32.1462,-317.5473,67.4428,-1.1812
002530.SZ,20220429,20220331,-7.5,-31.1785,-40.0611,-2.547
002297.SZ,20220430,20220331,28.1746,107.0572,-18.3902,0.3229
603908.SH,20220430,20220331,56.0617,73.3836,-28.9288,6.4749
600588.SH,20220430,20220331,5.3926,-2931.1406,-78.4455,-3.9764
605180.SH,20220430,20220331,-47.2923,-53.4174,-21.4488,1.7842
600223.SH,20220430,20220331,-13.0808,-22.7357,-23.6023,1.3315
002749.SZ,20220430,20220331,22.5692,2.1906,-53.9669,2.2549
600713.SH,20220430,20220331,5.5558,30.0107,-15.7974,2.3278
603165.SH,20220430,20220331,29.5242,10.6177,7.8302,3.7271
002158.SZ,20220430,20220331,2.6696,22.6673,-14.9777,2.9498
002377.SZ,20220430,20220331,-56.9454,-18.236,17.4146,-9.9361
000918.SZ,20220430,20220331,-26.2485,-11.4731,51.7693,-15.5909
603861.SH,20220430,20220331,-6.5707,-209.2789,-53.7748,-1.6215
002355.SZ,20220430,20220331,-43.3558,-1812.5141,-9.964,-3.5023
000534.SZ,20220430,20220331,-1.7522,-25.8839,-63.4296,1.9993
002700.SZ,20220430,20220331,13.4383,-28.6406,-4.0969,2.3878
600744.SH,20220430,20220331,10.6462,-8.6776,26.7331,-23.6677
605196.SH,20220430,20220331,34.4014,37.5174,3.0021,0.7971
600070.SH,20220430,20220331,-92.72,-224.3605,-101.3351,-8.386
600493.SH,20220430,20220331,14.9987,-3.6572,-10.9818,0.412
002828.SZ,20220430,20220331,-36.6582,-9666.7729,3.7463,-1.2903
688045.SH,20220509,20220331,13.15,30.3356,-35.1519,5.7911
601628.SH,20220428,20220331,-7.954,-46.9022,50.7122,3.2227
600679.SH,20220511,20220331,-23.3951,14.7044,-4.2082,0.7174
001319.SZ,20220511,20220331,29.0222,17.9081,3.8876,3.3264
603097.SH,20220511,20220331,7.4108,173.6284,-16.7108,2.4303
301183.SZ,20220511,20220331,-9.9262,-18.7129,17.0829,3.1806
301107.SZ,20220511,20220331,18.337,0.0624,12.7273,4.0568
603097.SH,20220511,20220331,7.4108,173.6284,-16.7108,2.4303
301183.SZ,20220511,20220331,-9.9262,-18.7129,17.0829,3.1806
301191.SZ,20220513,20220331,42.257,81.1756,17.9591,11.834
688045.SH,20220509,20220331,13.15,30.3356,-35.1519,5.7911
301160.SZ,20220513,20220331,26.3121,5.3657,-0.9464,4.9378
688235.SH,20220514,20220331,-50.4222,-965.9443,-100.6791,-7.3936
001270.SZ,20220516,20220331,306.6063,355.4379,-253.0861,0.8274
301257.SZ,20220516,20220331,24.4267,-0.1942,-18.6277,3.6303
688251.SH,20220517,20220331,953.5167,281.4352,-32.7024,0.7273
301125.SZ,20220517,20220331,-3.5249,-7.4675,4.2861,2.4086
838171.BJ,20220514,20220331,18.9766,12.7918,-13.9557,4.6689
688251.SH,20220517,20220331,953.5167,281.4352,-32.7024,0.7273
688119.SH,20220517,20220331,-3.1032,-17.8953,-3.4188,1.6987
301153.SZ,20220517,20220331,31.2189,85.1841,-180.2239,-0.4963
301298.SZ,20220517,20220331,7.921,-16.3744,12.0502,2.7208
001226.SZ,20220518,20220331,-12.8907,-0.5403,-7.7514,7.0265
688120.SH,20220518,20220331,192.8509,121.6257,-19.5312,9.1237
688287.SH,20220524,20220331,12.8479,6.715,7.3313,0.6446
688348.SH,20220519,20220331,51.6093,123.8745,24.9136,9.7592
688213.SH,20220519,20220331,-18.9924,-79.4386,-85.1266,0.3103
870299.BJ,20220427,20220331,29.0314,17.4912,-39.3927,1.5169
001318.SZ,20220519,20220331,4.7145,4.6989,-7.2672,4.2121
603272.SH,20220519,20220331,1.2964,27.2967,-4.2601,2.6449
002464.SZ,20220520,20220331,-25.5942,108.9296,20.1024,18.7547
001318.SZ,20220519,20220331,4.7145,4.6989,-7.2672,4.2121
001228.SZ,20220428,20220331,94.2134,85.3826,3.8526,6.7742
001319.SZ,20220511,20220331,29.0222,17.9081,3.8876,3.3264
301153.SZ,20220517,20220331,31.2189,85.1841,-180.2239,-0.4963
001316.SZ,20220523,20220331,-28.8214,-18.6825,-6.3088,3.6609
301286.SZ,20220524,20220331,2.4692,-59.1422,-0.943,2.4886
301286.SZ,20220524,20220331,2.4692,-59.1422,-0.943,2.4886
688327.SH,20220526,20220331,67.0173,45.5158,-95.8918,-11.2673
000420.SZ,20220528,20220331,4.9183,-254.661,0.51,-2.1423
301238.SZ,20220530,20220331,150.8397,254.6665,8.0595,10.379
831278.BJ,20220528,20220331,15.1058,-0.7506,-12.1321,2.0748
000787.SZ,20220601,20220331,8.7668,12.0542,1.4875,-0.4268
688327.SH,20220526,20220331,67.0173,45.5158,-95.8918,-11.2673
603996.SH,20220430,20220331,-36.9287,10.8333,-260.7242,
301191.SZ,20220513,20220331,42.257,81.1756,17.9591,11.834
688213.SH,20220519,20220331,-18.9924,-79.4386,-85.1266,0.3103
301220.SZ,20220601,20220331,38.6023,79.2396,23.2792,4.0223
301302.SZ,20220602,20220331,96.7579,-2.6426,-1024.3173,-3.7181
600614.SH,20220602,20220331,-6.1534,-369.6611,23.3563,
301112.SZ,20220602,20220331,91.4959,100.0393,-10.8012,4.3435
688349.SH,20220602,20220331,-2.9641,24.1833,-46.6753,14.465
001323.SZ,20220606,20220331,0.197,-9.0719,-25.0692,4.706
301156.SZ,20220606,20220331,-20.5548,-28.401,-18.7124,4.4226
688047.SH,20220607,20220331,-37.0792,-41.738,-104.594,0.7189
688297.SH,20220607,20220331,6.4435,-23.354,8.0316,10.7629
301233.SZ,20220609,20220331,-2.1076,-27.4626,16.6016,3.5583
301156.SZ,20220606,20220331,-20.5548,-28.401,-18.7124,4.4226
301289.SZ,20220609,20220331,-5.4063,-14.6461,19.4804,4.1721
301239.SZ,20220610,20220331,20.7456,28.846,26.2658,3.8421
600748.SH,20220611,20220331,-38.0759,-105.1286,-82.3128,-0.1137
688348.SH,20220519,20220331,51.6093,123.8745,24.9136,9.7592
301266.SZ,20220518,20220331,68.6256,-17.701,-25.4038,2.8413
001270.SZ,20220516,20220331,306.6063,355.4379,-253.0861,0.8274
301257.SZ,20220516,20220331,24.4267,-0.1942,-18.6277,3.6303
688119.SH,20220517,20220331,-3.1032,-17.8953,-3.4188,1.6987
601089.SH,20220613,20220331,22.4288,42.8605,11.4893,6.6265
001268.SZ,20220613,20220331,8.0908,9.3815,-1.0223,5.1589
688237.SH,20220614,20220331,63.8707,67.4327,61.7075,4.7504
688400.SH,20220615,20220331,25.9983,45.2489,-12.7348,-1.1261
301298.SZ,20220517,20220331,7.921,-16.3744,12.0502,2.7208
002433.SZ,20220616,20220331,-75.3514,36.8871,7.0379,-0.8009
688237.SH,20220614,20220331,63.8707,67.4327,61.7075,4.7504
301175.SZ,20220617,20220331,-10.0393,10.3673,18.5117,2.8398
301175.SZ,20220617,20220331,-10.0393,10.3673,18.5117,2.8398
301139.SZ,20220620,20220331,64.6932,34.5402,-46.3345,2.5529
001309.SZ,20220620,20220331,15.4922,11.3826,-28.9432,3.0792
688322.SH,20220620,20220331,24.3377,-38.7016,36.8585,-3.0387
837821.BJ,20220609,20220331,41.859,-65.7178,1.1106,0.6914
600687.SH,20220622,20220331,-92.4499,-19.8347,-27.3471,
301234.SZ,20220622,20220331,20.046,8.2833,11.2941,4.0117
834639.BJ,20220513,20220331,-5.83,215.0897,-48.7064,0.4412
834062.BJ,20220429,20220331,65.9279,135.8355,-56.5758,0.7598
301208.SZ,20220623,20220331,3.2186,7.0987,-69.0573,3.9657
603235.SH,20220623,20220331,-5.4279,-13.4218,21.6626,8.1132
839725.BJ,20220429,20220331,63.7194,42.9862,2.5297,6.1769
688353.SH,20220624,20220331,128.6829,277.6065,46.6085,13.6825
600432.SH,20220625,20220331,17.8744,30.0456,30.2032,4.4985
688353.SH,20220624,20220331,128.6829,277.6065,46.6085,13.6825
301312.SZ,20220627,20220331,25.6991,62.4225,52.0853,7.8321
001230.SZ,20220627,20220331,-6.6913,-23.2935,9.0637,3.7781
688332.SH,20220628,20220331,-5.7219,-15.9876,-6.919,4.0644
603170.SH,20220628,20220331,31.944,-18.1404,4.9386,5.9396
001236.SZ,20220628,20220331,11.0766,-27.5934,132.4563,0.4104
300108.SZ,20220629,20220331,-28.5857,-51.8806,3.3028,
000699.SZ,20220630,20220331,,-15.6719,,
600670.SH,20220630,20220331,,15.4984,,-0.4483
600670.SH,20220630,20220331,,15.4984,,-0.4483
600781.SH,20220630,20220331,-29.3018,-360.8313,2.3972,-25.4521
002118.SZ,20220630,20220331,-88.6858,-107.6656,18.5669,-7.9926
600240.SH,20220630,20220331,159.2537,-93.9994,77.4425,
600532.SH,20220630,20220331,-96.8811,-370.3257,-100.5597,-1.7512
002411.SZ,20220630,20220331,56.4555,137.0376,1.772,3.6836
688375.SH,20220701,20220331,68.2054,67.6258,-1.589,3.6725
688375.SH,20220701,20220331,68.2054,67.6258,-1.589,3.6725
688231.SH,20220701,20220331,46.7628,1156.963,-70.2058,2.4225
600532.SH,20220630,20220331,-96.8811,-370.3257,-100.5597,-1.7512
002776.SZ,20220702,20220331,-76.1483,-94.0284,-22.3988,-17.6984
000971.SZ,20220702,20220331,-34.2541,-225.2238,-53.7311,-6.8165
001336.SZ,20220704,20220331,128.1598,205.8356,-39.8954,5.1287
001336.SZ,20220704,20220331,128.1598,205.8356,-39.8954,5.1287
688382.SH,20220706,20220331,,-79.1997,,-19.075
603211.SH,20220706,20220331,19.9345,20.3789,15.8448,2.6889
688400.SH,20220615,20220331,25.9983,45.2489,-12.7348,-1.1261
301112.SZ,20220602,20220331,91.4959,100.0393,-10.8012,4.3435
301238.SZ,20220530,20220331,150.8397,254.6665,8.0595,10.379
688053.SH,20220621,20220331,22.0583,4.2684,-9.5893,5.4673
688322.SH,20220620,20220331,24.3377,-38.7016,36.8585,-3.0387
601089.SH,20220613,20220331,22.4288,42.8605,11.4893,6.6265
688297.SH,20220607,20220331,6.4435,-23.354,8.0316,10.7629
301239.SZ,20220610,20220331,20.7456,28.846,26.2658,3.8421
301208.SZ,20220623,20220331,3.2186,7.0987,-69.0573,3.9657
603211.SH,20220706,20220331,19.9345,20.3789,15.8448,2.6889
301269.SZ,20220711,20220331,51.8609,64.3442,135.7896,-1.0494
688253.SH,20220711,20220331,-46.1232,-61.8545,18.8165,2.0565
001231.SZ,20220711,20220331,26.8332,7.4575,-9.9093,6.5223
603255.SH,20220711,20220331,23.2061,12.1738,13.8928,4.6606
688130.SH,20220712,20220331,15.2807,11.1255,-40.3456,6.0768
301195.SZ,20220712,20220331,27.9228,36.6889,-16.9687,6.2272
600891.SH,20220531,20220331,-2.7585,67.687,22.9605,
688120.SH,20220518,20220331,192.8509,121.6257,-19.5312,9.1237
688332.SH,20220628,20220331,-5.7219,-15.9876,-6.919,4.0644
688981.SH,20220513,20220331,62.5627,175.4871,87.8504,2.3468
836871.BJ,20220513,20220331,-8.4687,-26.592,-4.7423,4.6452
688371.SH,20220714,20220331,56.4043,46.1658,29.3607,-0.257
688371.SH,20220714,20220331,56.4043,46.1658,29.3607,-0.257
301121.SZ,20220715,20220331,-3.1748,-22.8687,10.72,2.4601
301308.SZ,20220715,20220331,-5.7682,-20.7545,-14.1682,3.7528
301095.SZ,20220718,20220331,88.9761,-19.8138,108.3354,-3.7374
301121.SZ,20220715,20220331,-3.1748,-22.8687,10.72,2.4601
603201.SH,20220718,20220331,6.5797,16.0788,9.419,4.3454
688373.SH,20220719,20220331,,-44.1412,-557.6554,-13.2831
001229.SZ,20220719,20220331,15.0072,7.8523,-11.688,4.1902
301197.SZ,20220719,20220331,52.8531,21.2988,-277.8608,-1.5979
301318.SZ,20220719,20220331,,,6.9796,4.8408
688380.SH,20220719,20220331,27.6505,-52.7744,-72.4843,4.7043
301333.SZ,20220720,20220331,18.2805,15.3874,2.4646,6.0117
688205.SH,20220721,20220331,23.066,9.6619,12.7561,4.6701
835985.BJ,20220603,20220331,154.1362,284.0436,5.2739,2.3377
688273.SH,20220722,20220331,23.0701,3.9475,-8.2383,5.4103
301132.SZ,20220722,20220331,6.6797,-3.6494,13.6675,3.1786
301278.SZ,20220722,20220331,101.7061,85.4285,-12.9447,5.2779
688273.SH,20220722,20220331,23.0701,3.9475,-8.2383,5.4103
301278.SZ,20220722,20220331,101.7061,85.4285,-12.9447,5.2779
301306.SZ,20220706,20220331,16.5966,-13.4106,-25.1027,1.9952
001222.SZ,20220726,20220331,40.3597,63.4365,-1.8119,9.9763
688041.SH,20220726,20220331,529.7617,257.6776,-76.175,2.4353
001222.SZ,20220726,20220331,40.3597,63.4365,-1.8119,9.9763
688292.SH,20220727,20220331,18.5261,-316.1154,-138.064,-1.0498
001339.SZ,20220727,20220331,46.6022,41.2474,5.0113,4.6809
301338.SZ,20220727,20220331,-0.9511,-29.9917,-19.5697,4.2304
688292.SH,20220727,20220331,18.5261,-316.1154,-138.064,-1.0498
688203.SH,20220728,20220331,39.8519,-28.9817,25.3573,1.4022
301171.SZ,20220728,20220331,-4.3591,9.1091,11.3216,5.0985
301330.SZ,20220728,20220331,1.3539,51.1631,-4.0192,1.8587
688401.SH,20220729,20220331,53.5387,293.6798,3.0974,2.8787
688271.SH,20220729,20220331,20.044,1.8884,-31.4045,5.1651
301336.SZ,20220729,20220331,-16.5655,-11.0046,-8.071,3.1669
688403.SH,20220729,20220331,49.3417,630.4157,82.5198,2.4453
688403.SH,20220729,20220331,49.3417,630.4157,82.5198,2.4453
301192.SZ,20220421,20220331,-17.1608,-16.414,32.6172,2.1536
831834.BJ,20220526,20220331,-10.9213,-31.149,-11.1113,2.2653
301152.SZ,20220722,20220331,100.8346,59.7903,-18.8935,
688247.SH,20220808,20220331,3.4678,68.3448,14.8727,2.7391
836395.BJ,20220510,20220331,27.908,44.0659,16.5447,12.6233
301132.SZ,20220722,20220331,6.6797,-3.6494,13.6675,3.1786
836270.BJ,20220617,20220331,7.2143,46.6238,-9.9008,3.6093
301321.SZ,20220430,20220331,15.739,-19.1439,-0.427,1.7447
688401.SH,20220729,20220331,53.5387,293.6798,3.0974,2.8787
831152.BJ,20220629,20220331,23.5329,293.0538,7.1771,1.476
001316.SZ,20220523,20220331,-28.8214,-18.6825,-6.3088,3.6609
002619.SZ,20220823,20220331,-99.3777,76.9866,5290.3812,-0.4236
002619.SZ,20220823,20220331,-99.3777,76.9866,5290.3812,-0.4236
301195.SZ,20220712,20220331,27.9228,36.6889,-16.9687,6.2272
001226.SZ,20220518,20220331,-12.8907,-0.5403,-7.7514,7.0265
301161.SZ,20230428,20220331,,,0.3239,5.7441
688380.SH,20220719,20220331,27.6505,-52.7744,-72.4843,4.7043
301308.SZ,20220715,20220331,-5.7682,-20.7545,-14.1682,3.7528
603272.SH,20220519,20220331,1.2964,27.2967,-4.2601,2.6449
002464.SZ,20220520,20220331,-25.5942,108.9296,20.1024,18.7547
603170.SH,20220628,20220331,31.944,-18.1404,4.9386,5.9396
301125.SZ,20220517,20220331,-3.5249,-7.4675,4.2861,2.4086
301338.SZ,20220727,20220331,-0.9511,-29.9917,-19.5697,4.2304
301327.SZ,20230426,20220331,,,-15.4805,13.1683
301095.SZ,20220718,20220331,88.9761,-19.8138,108.3354,-3.7374
001339.SZ,20220727,20220331,46.6022,41.2474,5.0113,4.6809
301197.SZ,20220719,20220331,52.8531,21.2988,-277.8608,-1.5979
301171.SZ,20220728,20220331,-4.3591,9.1091,11.3216,5.0985
301330.SZ,20220728,20220331,1.3539,51.1631,-4.0192,1.8587
688130.SH,20220712,20220331,15.2807,11.1255,-40.3456,6.0768
001231.SZ,20220711,20220331,26.8332,7.4575,-9.9093,6.5223
688448.SH,20230428,20220331,,,5.3528,-1.3724
688428.SH,20230510,20220331,138.0157,20.0091,-115.8374,-2.4149
000018.SZ,20220901,20220331,-79.4669,71.8762,-420.6309,
002711.SZ,20220901,20220331,-5.3134,-91.58,-190.4071,
301227.SZ,20230428,20220331,,,-48.1461,-1.1174
688392.SH,20230426,20220331,,,-52.477,
688252.SH,20230427,20220331,,,-9.0,6.1814
301319.SZ,20230421,20220331,,,0.6997,5.7258
838402.BJ,20220429,20220331,53.208,189.0283,18.9515,7.3997
873122.BJ,20220629,20220331,-4.9333,-78.014,22.8081,0.1152
835207.BJ,20220630,20220331,27.6579,144.9965,-71.6527,0.0507
301285.SZ,20230426,20220331,,,23.1982,4.4787
688137.SH,20230427,20220331,,,7.9926,10.4943
838971.BJ,20220531,20220331,10.0961,22.3529,13.3551,6.8361
688409.SH,20230428,20220331,,,0.1432,2.8704
430139.BJ,20220617,20220331,6.4353,27.2744,36.5708,2.1558
430685.BJ,20220528,20220331,21.0397,21.5811,-14.9716,3.4524
301363.SZ,20230418,20220331,,,10.5055,4.6243
301316.SZ,20230428,20220331,,,-16.5204,1.4822
688061.SH,20230428,20220331,,,0.5177,6.6132
837046.BJ,20220420,20220331,9.2387,-13.7735,21.5785,3.4138
430476.BJ,20220524,20220331,0.153,-419.4045,-56.0199,-2.2801
301273.SZ,20230427,20220331,,,-106.1016,-3.3529
835892.BJ,20220621,20220331,4.1082,10.982,-10.1086,9.6576
688244.SH,20230429,20220331,,,-126.7725,-3.973
301223.SZ,20230424,20220331,,,11.4082,3.9263
301299.SZ,20230419,20220331,,,7.441,9.1827
688291.SH,20230414,20220331,,,9.7892,4.063
301389.SZ,20230427,20220331,,,42.1151,5.935
873527.BJ,20220609,20220331,15.5988,22.7886,-32.5928,1.821
301379.SZ,20230428,20220331,,,12.1513,5.1962
871753.BJ,20220514,20220331,-6.1893,2955.0073,18.1597,0.6658
688041.SH,20220726,20220331,529.7617,257.6776,-76.175,2.4353
301230.SZ,20230426,20220331,,,26.4592,2.7528
688235.SH,20220514,20220331,-50.4222,-965.9443,-100.6791,-7.3936
000979.SZ,20221001,20220331,-45.6333,8.2743,-95.9172,
688426.SH,20220929,20220331,42.0796,6.3715,27.6745,
300216.SZ,20220429,20220331,-1.7547,-3.3494,6.8371,
301356.SZ,20230427,20220331,,,15.1705,6.8221
688432.SH,20230427,20220331,,,32.0913,2.5939
832876.BJ,20220527,20220331,-0.8241,-84.202,-7.5442,-0.2569
836260.BJ,20220428,20220331,59.8406,-56.1612,-62.2618,0.1122
833914.BJ,20220526,20220331,12.7363,-10.734,-18.8522,4.2702
688247.SH,20220808,20220331,3.4678,68.3448,14.8727,2.7391
839790.BJ,20220430,20220331,15.1964,-36.6309,-18.632,0.5828
688203.SH,20220728,20220331,39.8519,-28.9817,25.3573,1.4022
832145.BJ,20220428,20220331,-57.9907,-201.1335,-83.2089,-0.5829
001236.SZ,20220628,20220331,11.0766,-27.5934,132.4563,0.4104
833454.BJ,20220421,20220331,-20.0123,-31.6745,-21.2639,1.3829
872808.BJ,20220524,20220331,-45.5302,0.6582,5987.4891,-4.0815
836720.BJ,20220429,20220331,35.6399,12.885,3.1988,3.3051
300372.SZ,20221103,20220331,-17.2671,-1.2459,-195.3578,
870357.BJ,20220630,20220331,47.117,66.2349,2.9709,9.211
688981.SH,20220513,20220331,62.5627,175.4871,87.8504,2.3468
301311.SZ,20230425,20220331,,,-137.6877,0.4899
601136.SH,20220707,20220331,13.2254,65.5338,-828.413,
872374.BJ,20220430,20220331,-38.2339,-76.5239,1.9167,1.1347
688489.SH,20230426,20220331,,,-162.989,-2.9554
000787.SZ,20220601,20220331,8.7668,12.0542,1.4875,-0.4268
831641.BJ,20220621,20220331,86.4468,180.7883,-11.7124,6.4887
870199.BJ,20220614,20220331,149.1762,74.7195,-11.687,11.117
836414.BJ,20220624,20220331,23.7711,49.4245,1.4146,3.7405
600816.SH,20220430,20220331,,34.5017,,-2598.5342
832110.BJ,20220430,20220331,,,-1.1765,3.8057
833230.BJ,20220716,20220331,41.502,87.0471,33.8863,9.9567
834014.BJ,20220618,20220331,9.0174,9.5618,-25.2505,0.9636
430300.BJ,20220621,20220331,-11.0948,-235.8457,-104.9333,-1.0791
831087.BJ,20220531,20220331,-34.6489,-111.1314,7.0194,-1.326
836942.BJ,20220618,20220331,-10.7468,-40.2606,8.1216,3.631
870866.BJ,20220712,20220331,-1.9114,-31.3316,-38.9143,1.2429
600057.SH,20220428,20220331,27.3808,31.8272,-20.6383,3.9438
833075.BJ,20220528,20220331,19.2351,1.4222,-12.0629,4.13
836957.BJ,20220427,20220331,1.1156,17.6152,10.8552,3.7211
833429.BJ,20220618,20220331,44.468,243.3712,-47.5033,1.7628
833171.BJ,20220518,20220331,15.8961,29.1501,35.7959,9.268
870508.BJ,20220430,20220331,3.5346,-10.1263,-13.6256,2.3868
873339.BJ,20220624,20220331,57.0817,208.4482,6.9983,11.2533
834033.BJ,20220621,20220331,39.3527,61.9509,14.5628,6.3627
301280.SZ,20230428,20220331,,,-13.9852,5.4965
871634.BJ,20220624,20220331,-9.6059,-30.4406,-6.048,2.7438
838810.BJ,20220429,20220331,37.9143,11.7812,24.5211,4.5698
830879.BJ,20220602,20220331,18.3919,23.1718,-34.0435,2.203
832662.BJ,20220526,20220331,22.5136,-13.4352,17.5442,3.2634
835237.BJ,20220614,20220331,-3.8713,-24.2933,-9.5978,3.1648
836807.BJ,20220608,20220331,-12.4937,-45.5388,-20.5256,3.8568
873305.BJ,20221207,20220331,-9.7669,-47.9692,22.1551,2.3211
836433.BJ,20220428,20220331,-25.6228,-45.0897,233.8876,0.6876
835305.BJ,20220428,20220331,-38.8041,-123.8007,-40.0174,-1.4903
837344.BJ,20220430,20220331,-13.1216,18.7224,47.7604,0.541
838030.BJ,20220429,20220331,5.0518,-46.2207,0.8761,2.0292
831526.BJ,20220602,20220331,-12.6778,-40.9058,6.0915,3.3232
430718.BJ,20220727,20220331,18.912,-47.5839,-1.9425,2.2128
872190.BJ,20220625,20220331,17.4482,-6.686,-46.2083,2.7698
600489.SH,20220421,20220331,21.5117,2.4832,-8.7762,1.6971
600769.SH,20220421,20220331,14.2065,4.3441,40.5267,3.2166
831832.BJ,20220421,20220331,46.7909,1707.7776,-47.0773,0.6341
430198.BJ,20220428,20220331,10.0094,-32.2361,86.7005,-6.1657
836263.BJ,20220427,20220331,44.1549,-22.4747,-47.333,1.1044
835185.BJ,20220428,20220331,120.0769,72.215,-7.0424,5.4462
601158.SH,20220428,20220331,10.8541,-32.0343,26.7126,2.1278
600229.SH,20220428,20220331,6.9525,-3.6898,-23.5345,2.9855
834599.BJ,20220428,20220331,67.7169,79.5338,-6.8044,7.1151
600079.SH,20220428,20220331,11.0113,203.8307,-0.6895,2.3209
835670.BJ,20220429,20220331,-65.7468,-384.093,-322.0901,-2.5471
839167.BJ,20220428,20220331,73.6082,-46.4241,-43.4692,2.8286
601117.SH,20220428,20220331,41.5356,19.7327,-19.4987,1.9751
837242.BJ,20220428,20220331,-3.4643,-42.3432,13.1203,1.4186
600110.SH,20220428,20220331,24.996,94.0536,-24.1359,2.1834
831689.BJ,20220427,20220331,5.244,-4.2554,13.6042,2.3891
832885.BJ,20220429,20220331,7.847,24.9769,-13.1448,1.6619
430047.BJ,20220427,20220331,86.4893,-76.0096,11.7366,-4.5995
837212.BJ,20220427,20220331,-5.898,-27.0888,15.825,2.6325
831010.BJ,20220427,20220331,1.1469,-9.3995,-0.9921,2.07
831856.BJ,20220427,20220331,-11.2158,-7.9052,-10.8189,0.5045
839729.BJ,20220423,20220331,-25.4633,-46.6206,0.1994,2.0816
300090.SZ,20220430,20220331,-43.2116,127.2418,37.7732,
300104.SZ,20220430,20220331,182.1175,8.015,52.283,
835640.BJ,20220430,20220331,22.4266,27.687,-30.0419,5.1155
873169.BJ,20220430,20220331,2.7975,56.7635,18.1663,5.3265
831039.BJ,20220430,20220331,-8.8065,-10.8294,37.8542,2.6446
600813.SH,20220430,20220331,-95.4667,44.6073,-2.1671,
833266.BJ,20220430,20220331,24.709,94.8486,-114.6571,-0.7311
600679.SH,20220511,20220331,-23.3951,14.7044,-4.2082,0.7174
832225.BJ,20220429,20220331,8.4912,62.1881,22.6738,2.6547
832278.BJ,20220429,20220331,-14.214,-38.4815,-35.6209,2.1473
871857.BJ,20220429,20220331,7.5983,8.868,2.0194,2.4045
839946.BJ,20220429,20220331,-65.4943,-78.3417,21.404,-1.0299
830839.BJ,20220429,20220331,18.3408,-41.6874,-3.0748,1.7107
833509.BJ,20220429,20220331,23.5514,24.9933,-47.3864,2.1228
830946.BJ,20220429,20220331,30.6279,23.4692,22.8203,4.3538
831961.BJ,20220429,20220331,-29.875,-78.8343,-1.8975,-0.2799
838275.BJ,20220429,20220331,-9.8565,-76.6756,2.3536,0.5074
870436.BJ,20220429,20220331,-42.6886,-86.941,5.9832,0.5807
834765.BJ,20220429,20220331,-8.2421,-48.2738,7.1436,0.983
833523.BJ,20220429,20220331,-7.8068,-34.82,24.3592,1.4904
836149.BJ,20220429,20220331,-9.7636,-88.5618,-42.2185,0.1046
831370.BJ,20220429,20220331,-13.5137,-54.1612,5.2824,1.0825
871245.BJ,20220429,20220331,15.7577,-13.2629,-5.1984,2.6617
833427.BJ,20220429,20220331,0.5596,32.0076,-48.9136,2.4496
834415.BJ,20220429,20220331,3.022,31.1805,-55.368,-0.4207
600680.SH,20220430,20220331,-8.9098,124.8016,-2.18,0.0584
600687.SH,20220622,20220331,-92.4499,-19.8347,-27.3471,
600432.SH,20220625,20220331,17.8744,30.0456,30.2032,4.4985
002433.SZ,20220616,20220331,-75.3514,36.8871,7.0379,-0.8756
002776.SZ,20220702,20220331,-76.1483,-94.0284,-22.3988,-17.6984
836247.BJ,20220520,20220331,-7.296,-66.9736,11.787,2.8359
300108.SZ,20220629,20220331,-28.5857,-51.8806,3.3028,
600748.SH,20220611,20220331,-38.0759,-105.1286,-82.3128,-0.1137
002118.SZ,20220630,20220331,-88.6858,-107.6656,18.5669,-7.9926
002411.SZ,20220630,20220331,56.4555,137.0376,1.772,3.6836
000018.SZ,20220901,20220331,-79.4669,71.8762,-420.6309,
833781.BJ,20220430,20220331,50.7218,45.3092,-103.4415,-1.1919
873001.BJ,20221213,20220331,15.5203,19.3812,23.0556,3.9371
300201.SZ,20221213,20220331,-11.2963,99.6143,-39.1327,1.5034
838262.BJ,20220622,20220331,-33.0055,-13.4887,5.7047,1.1372
872392.BJ,20220622,20220331,-10.2155,-2.3276,15.8248,3.4437
300201.SZ,20221213,20220331,-11.2963,99.6143,-39.1327,1.5034
301369.SZ,20230425,20220331,,,30.0793,4.5715
600781.SH,20220630,20220331,-29.3018,-360.8313,2.3972,-25.4521
688480.SH,20230425,20220331,,,-35.853,1.2571
831195.BJ,20220430,20220331,2.055,-56.4621,-16.68,2.579
831855.BJ,20220611,20220331,3.1636,-28.6804,-5.5679,2.1785
838227.BJ,20220514,20220331,-1.9504,-11.8846,29.6888,6.0141
872351.BJ,20220623,20220331,38.9412,-9.2846,-8.2916,3.7508
301317.SZ,20230427,20220331,,,3.2261,4.752
839371.BJ,20220628,20220331,19.322,122.6383,8.319,4.6536
873152.BJ,20220615,20220331,23.6136,-28.118,-71.8759,3.2817
832023.BJ,20220609,20220331,0.5557,-54.4252,38.3181,
430425.BJ,20220603,20220331,-29.0257,-34.7957,-28.6446,4.8626
832802.BJ,20220510,20220331,-2.394,-3.8615,8.969,1.1527
834950.BJ,20220616,20220331,4.1109,-27.362,-2.9969,8.2594
832149.BJ,20220624,20220331,51.2085,38.0466,-5.9223,4.7747
834407.BJ,20220624,20220331,25.1716,53.2868,8.3562,3.4369
839273.BJ,20220708,20220331,-9.9451,32.0819,12.5077,4.0412
831906.BJ,20220608,20220331,-17.1296,-38.2459,10.9809,2.404
430478.BJ,20220611,20220331,77.7344,236.613,25.2187,6.5282
834770.BJ,20220607,20220331,53.1156,302.2004,14.8212,3.9597
836422.BJ,20220601,20220331,71.0856,200.4252,-8.068,8.4785
872541.BJ,20220430,20220331,44.9176,-24.7069,-13.467,2.4182
837663.BJ,20220621,20220331,20.5874,18.6074,24.6285,6.0217
301246.SZ,20230428,20220331,,,22.5974,9.9401
835857.BJ,20220527,20220331,88.1299,121.2205,-28.0881,1.5551
833575.BJ,20220430,20220331,140.1297,-114.526,-66612.9546,-6.2955
830809.BJ,20220429,20220331,619.456,15147.3604,20.7903,25.1081
834261.BJ,20220723,20220331,-13.8541,-25.0583,-4.6912,5.9205
872895.BJ,20220429,20220331,-18.4911,-38.8395,-58.9483,3.0564
873593.BJ,20220428,20220331,34.6603,39.941,37.9227,18.8131
836208.BJ,20220616,20220331,-14.4318,-38.3985,-114.8693,1.4996
838758.BJ,20220430,20220331,12.9791,68.9042,26.1173,8.8353
871694.BJ,20220428,20220331,116.4178,35.9888,5.1483,4.8343
838837.BJ,20220427,20220331,5.7914,-14.7747,-33.758,1.913
688475.SH,20230415,20220331,,,-0.9238,
688539.SH,20230417,20220331,,,-44.4847,
001337.SZ,20230418,20220331,-34.5176,-5.1326,78.6277,
688522.SH,20230418,20220331,,,-77.6701,
603162.SH,20230418,20220331,,,30.2298,
839792.BJ,20220430,20220331,-13.7384,-12.6712,-7.4863,3.1336
601121.SH,20230418,20220331,,,130.2352,
603137.SH,20230418,20220331,,,-39.8167,13.3434
836699.BJ,20220430,20220331,16.0975,-12.3956,17.8125,10.2142
688387.SH,20230420,20220331,,,-86.8365,
688073.SH,20230420,20220331,,,-36.7406,
688486.SH,20230420,20220331,,,11.0267,
688352.SH,20230419,20220331,,,29.8494,2.5664
603065.SH,20230420,20220331,,,0.8152,
688503.SH,20230420,20220331,,,-41.8729,
001258.SZ,20230420,20220331,,,28.8947,
301296.SZ,20230420,20220331,,,-4.8244,
301386.SZ,20230420,20220331,,,18.1463,
301270.SZ,20230420,20220331,,,-10.279,
001269.SZ,20230421,20220331,,,22.7325,
301349.SZ,20230421,20220331,,,-3.5415,
301300.SZ,20230421,20220331,,,-7.062,
301105.SZ,20230421,20220331,,,-23.2111,
301307.SZ,20230421,20220331,,,21.3837,
301331.SZ,20230422,20220331,,,-2.788,
603057.SH,20230422,20220331,,,-2.4396,
601059.SH,20230422,20220331,,,456.614,
301209.SZ,20230424,20220331,,,14.4759,
301419.SZ,20230424,20220331,,,11.9734,
301115.SZ,20230424,20220331,,,-30.3572,
301303.SZ,20230424,20220331,,,-4.5669,
301276.SZ,20230424,20220331,,,21.4971,
301267.SZ,20230424,20220331,,,20.9203,
301408.SZ,20230424,20220331,,,10.157,
301388.SZ,20230424,20220331,,,3.5556,
301366.SZ,20230424,20220331,,,-1.8527,3.2587
301360.SZ,20230424,20220331,,,-143.3016,-2.617
688525.SH,20230425,20220331,,,-22.5126,
301277.SZ,20230425,20220331,,,-6.8652,
301290.SZ,20230425,20220331,,,5.7583,
688084.SH,20230425,20220331,,,-613.4694,
831304.BJ,20230425,20220331,,,33.5626,
831167.BJ,20230425,20220331,,,-0.7948,
301322.SZ,20230426,20220331,,,3.0049,
688515.SH,20230426,20220331,,,-57.1465,
688435.SH,20230426,20220331,,,-141.1041,
301361.SZ,20230426,20220331,,,-1.8044,
001298.SZ,20230426,20220331,,,-17.4239,
301281.SZ,20230426,20220331,,,11.4833,
001314.SZ,20230426,20220331,,,-38.2096,
301339.SZ,20230426,20220331,,,-529.274,
001286.SZ,20230426,20220331,,,43.3484,
688439.SH,20230426,20220331,,,-19.3919,
688496.SH,20230426,20220331,,,-30.808,
301165.SZ,20230426,20220331,,,-49.6382,
688498.SH,20230426,20220331,,,38.4098,
301265.SZ,20230426,20220331,,,-1.1839,
001260.SZ,20230426,20220331,,,13.7656,
301380.SZ,20230426,20220331,,,14.9302,
688455.SH,20230426,20220331,,,-124.2613,
301378.SZ,20230426,20220331,,,-105.7912,
603061.SH,20230426,20220331,,,-9.0385,
688485.SH,20230426,20220331,,,-185.6824,
688172.SH,20230426,20220331,,,12.132,
001328.SZ,20230426,20220331,,,-15.3124,
001332.SZ,20230426,20220331,,,-19.9318,
301391.SZ,20230426,20220331,24.6166,47.3182,11.1964,
001278.SZ,20230426,20220331,,,19.0144,
603291.SH,20230426,20220331,,,-5.6364,
001299.SZ,20230426,20220331,,,-7.1356,
833533.BJ,20230426,20220331,,,-17.5996,
301439.SZ,20230426,20220331,,,12.6465,
001259.SZ,20230426,20220331,,,-4.519,
688361.SH,20230518,20220331,,,14.1553,-5.8836
301429.SZ,20230427,20220331,,,-14.2483,
603173.SH,20230427,20220331,,,-2.5076,
301231.SZ,20230427,20220331,,,-80.522,
688484.SH,20230427,20220331,,,24.7014,
001331.SZ,20230427,20220331,,,3.6484,
301377.SZ,20230427,20220331,,,12.1329,5.9046
001301.SZ,20230427,20220331,,,25.2238,
601065.SH,20230427,20220331,,,15.1832,
688535.SH,20230427,20220331,,,-3.087,
688419.SH,20230427,20220331,,,-35.2334,
603073.SH,20230427,20220331,,,8.3232,
600925.SH,20230427,20220331,41.2401,131.4126,18.0454,
301176.SZ,20230427,20220331,,,-5.7554,
001223.SZ,20230427,20220331,28.3672,8.1214,20.8649,
301398.SZ,20230427,20220331,,,12.7689,
301357.SZ,20230427,20220331,,,38.3948,
688184.SH,20230427,20220331,,,-14.5847,
601061.SH,20230427,20220331,,,-16.8836,
601133.SH,20230427,20220331,,,-48.5594,
430564.BJ,20230426,20220331,-13.3062,387.9028,-69.6424,
001338.SZ,20230427,20220331,,,38.9008,
301203.SZ,20230427,20220331,,,3.1928,
430556.BJ,20220528,20220331,11.0648,-48.5683,-26.7407,1.115
830974.BJ,20220525,20220331,52.1926,-6.722,-10.8479,4.4304
830896.BJ,20230427,20220331,,,23.3094,
833580.BJ,20230427,20220331,,,39.1157,
871970.BJ,20230427,20220331,,,-32.9857,
301282.SZ,20230428,20220331,,,-6.3871,
001300.SZ,20230428,20220331,,,-12.1053,
301359.SZ,20230428,20220331,,,35.1589,1.9809
301326.SZ,20230428,20220331,,,-17.4578,
301313.SZ,20230428,20220331,,,-20.3492,
001238.SZ,20230428,20220331,,,-0.7466,
001368.SZ,20230428,20220331,,,4.6246,
001360.SZ,20230428,20220331,,,-17.137,
873167.BJ,20230428,20220331,,,30.7081,
873223.BJ,20230428,20220331,29.4152,-111.3541,-8.6158,
833943.BJ,20230428,20220331,29.0038,-27.2087,-13.1951,
301260.SZ,20230428,20220331,,,-10.4289,
688141.SH,20230429,20220331,,,-126.4811,
603237.SH,20230429,20220331,,,3.6977,
001367.SZ,20230429,20220331,,,-21.5176,
001330.SZ,20230429,20220331,,,78.3226,
688152.SH,20230429,20220331,,,-151.4666,
688506.SH,20230429,20220331,,,-78.4637,
603281.SH,20230429,20220331,108.7541,200.8537,26.4346,
688391.SH,20230429,20220331,,,2.5083,
001283.SZ,20230429,20220331,,,2.8316,
688307.SH,20230429,20220331,,,22.7286,
688459.SH,20230429,20220331,,,7.8688,-1.027
688372.SH,20230429,20220331,,,42.6074,
603182.SH,20230429,20220331,,,-3.1175,
603125.SH,20230429,20220331,,,3.5082,
831892.BJ,20230429,20220331,,,-201.9568,
873588.BJ,20230429,20220331,,,-161.4415,
688249.SH,20230504,20220331,,,96.5812,14.0447
301293.SZ,20230504,20220331,,,-2.5842,1.1832
301390.SZ,20230505,20220331,,,-226.3705,-0.6171
603172.SH,20230509,20220331,,,1.7032,2.9108
839719.BJ,20230505,20220331,,,-6.608,
688469.SH,20230509,20220331,,,0.978,-8.6389
832471.BJ,20220430,20220331,77.5597,77.3365,38.0284,5.7432
688479.SH,20230510,20220331,,,6.1157,6.0139
872967.BJ,20220611,20220331,0.0677,14.7569,-80.4539,
836961.BJ,20230429,20220331,,,11.0252,
301325.SZ,20230511,20220331,,,-7.4843,8.6017
301252.SZ,20230511,20220331,,,-1.6721,5.9187
430017.BJ,20220525,20220331,-17.6722,0.7738,5.6295,0.6508
688593.SH,20230515,20220331,,,-6.7142,5.2602
688512.SH,20230515,20220331,,,-172.6231,-5.2421
688512.SH,20230515,20220331,,,-172.6231,-5.2421
001380.SZ,20230515,20220331,,,-8.7211,2.8954
001380.SZ,20230515,20220331,,,-8.7211,2.8954
688523.SH,20230516,20220331,,,-881.1967,-1.6194
301310.SZ,20230516,20220331,,,-4.4019,5.4132
301382.SZ,20230516,20220331,,,-55.4687,4.3787
836547.BJ,20230516,20220331,,,2.0032,
688478.SH,20230421,20220331,,,-96.7501,-0.8813
830779.BJ,20230506,20220331,,,66.7312,
301332.SZ,20230517,20220331,,,-20.8052,1.511
688570.SH,20230517,20220331,,,-6.1214,7.4099
688552.SH,20230517,20220331,,,-586.816,-3.2994
301353.SZ,20230517,20220331,,,15.4352,4.9905
301323.SZ,20230517,20220331,,,23.1863,3.5806
688581.SH,20230518,20220331,,,23.9402,9.8393
301428.SZ,20230518,20220331,,,-13.4519,1.4642
688576.SH,20230518,20220331,,,-18.07,3.5546
001373.SZ,20230518,20220331,,,9.856,4.522
688623.SH,20230519,20220331,,,-88.65,3.5156
001324.SZ,20230519,20220331,,,-19.8792,-0.6349
688458.SH,20230519,20220331,,,-36.0026,-1.8208
301383.SZ,20230519,20220331,,,-40.3703,1.8831
301320.SZ,20230519,20220331,,,3.3614,3.4483
301355.SZ,20230522,20220331,,,13.6587,2.4795
301399.SZ,20230522,20220331,,,-31.3035,5.0488
301305.SZ,20230522,20220331,,,12.9875,3.4391
836221.BJ,20220701,20220331,40.6249,2.9531,9.7408,4.7333
301399.SZ,20230522,20220331,,,-31.3035,5.0488
688562.SH,20230523,20220331,,,-65.3477,-0.5883
688472.SH,20230523,20220331,,,1.2514,1.1002
001282.SZ,20230523,20220331,,,4.5245,2.6544
688472.SH,20230523,20220331,,,1.2514,1.1002
430547.BJ,20230510,20220331,,,-8.4524,
873703.BJ,20220726,20220331,23.1437,120.808,15.9338,
301337.SZ,20230525,20220331,,,-46.3203,0.9445
301232.SZ,20230526,20220331,,,-13.7024,3.399
301225.SZ,20230529,20220331,,,20.3748,7.1712
831934.BJ,20230520,20220331,,,13.0803,
688334.SH,20230530,20220331,,,0.8816,0.2745
833334.BJ,20230509,20220331,,,-88.2902,
873570.BJ,20230518,20220331,54.8139,1.1664,-21.4494,
301262.SZ,20230531,20220331,,,-48.7179,5.0571
430073.BJ,20230519,20220331,,,-157.6588,
301376.SZ,20230601,20220331,,,-6.235,3.0088
873642.BJ,20230518,20220331,,,36.7625,
301315.SZ,20230601,20220331,,,-79.6945,1.523
301287.SZ,20230601,20220331,,,1.3584,6.4954
688443.SH,20230601,20220331,,,-1099483.9035,-26.6381
688543.SH,20230602,20220331,,,-162.1748,-1.5237
301397.SZ,20230602,20220331,,,21.9829,5.9051
688543.SH,20230602,20220331,,,-162.1748,-1.5237
838812.BJ,20230602,20220331,,,5.0297,
872495.BJ,20230525,20220331,,,-1.7853,
688620.SH,20230605,20220331,,,-73.3403,0.112
301170.SZ,20230605,20220331,,,0.1199,1.9203
300804.SZ,20230605,20220331,,,7.3906,5.2219
833455.BJ,20220429,20220331,10.9379,15.4006,-16.1154,3.9559
837654.BJ,20230530,20220331,,,8.6928,
831288.BJ,20230429,20220331,,,-36.9268,
301295.SZ,20230606,20220331,,,-2.3103,5.7848
688629.SH,20230606,20220331,,,-56.7135,-1.2047
301448.SZ,20230606,20220331,,,-10.7175,3.8718
688576.SH,20230518,20220331,,,-18.07,3.5546
832651.BJ,20230428,20220331,,,3.5233,
688631.SH,20230607,20220331,,,-424.4414,-5.728
301395.SZ,20230608,20220331,,,1.9195,4.4109
301291.SZ,20230608,20220331,,,0.3143,1.8613
688429.SH,20230608,20220331,,,-5.6197,
833394.BJ,20220430,20220331,17.7225,114.5385,37.5378,3.8604
688582.SH,20230609,20220331,,,-35.3214,-1.3498
301210.SZ,20230609,20220331,30.4156,-13.3288,-3.032,3.9009
830832.BJ,20220421,20220331,11.464,-27.7934,2.4606,1.5808
430418.BJ,20220428,20220331,4.9841,-21.2536,1.1635,2.4608
871396.BJ,20220427,20220331,-9.1822,-36.0916,8.32,0.8861
836077.BJ,20220426,20220331,159.3037,152.1491,2.7988,18.7445
832735.BJ,20220428,20220331,24.2501,35.1088,28.4644,2.393
831445.BJ,20220427,20220331,47.6152,32.9331,19.3953,3.536
838163.BJ,20220427,20220331,33.7337,32.8377,13.8154,2.4804
430510.BJ,20220429,20220331,7.7577,-63.5435,18.5806,1.2062
835174.BJ,20220426,20220331,-13.7916,-19.0082,14.0861,4.9488
833746.BJ,20220628,20220331,198.838,1097.7791,20.7056,
838194.BJ,20230530,20220331,,,2.9043,
301488.SZ,20230612,20220331,,,26.5904,5.0819
301292.SZ,20230612,20220331,,,1.3495,16.0769
872869.BJ,20230613,20220331,,,23.7878,
836717.BJ,20230513,20220331,,,35.5451,
873665.BJ,20230614,20220331,,,-1.8938,
301202.SZ,20230614,20220331,33.4358,422.7363,16.8525,2.0916
301261.SZ,20230614,20220331,,,-17.8238,3.4998
301486.SZ,20230615,20220331,,,34.572,3.1289
688603.SH,20230616,20220331,,,4.371,4.5181
301370.SZ,20230616,20220331,,,10.7334,1.8683
873718.BJ,20230527,20220331,,,13.2624,
872320.BJ,20230608,20220331,,,6.0185,
301456.SZ,20230619,20220331,,,53.0551,3.3365
301272.SZ,20230619,20220331,,,-50.0665,1.5462
837592.BJ,20220615,20220331,5.5373,-2.0659,-243.2172,-6.1107
301272.SZ,20230619,20220331,,,-50.0665,1.5462
301329.SZ,20230620,20220331,-3.8894,-9.4168,10.6472,3.2841
301393.SZ,20230620,20220331,,,15.8977,8.5408
301456.SZ,20230619,20220331,,,53.0551,3.3365
831892.BJ,20230429,20220331,,,-201.9568,
688638.SH,20230620,20220331,,,-27.2399,-2.1464
873576.BJ,20230510,20220331,,,2.7058,
301381.SZ,20230621,20220331,,,2.8294,2.8151
600155.SH,20220429,20220331,-19.9198,-80.1454,412.7283,0.1339
301381.SZ,20230621,20220331,,,2.8294,2.8151
832522.BJ,20230622,20220331,,,-62.6269,
873709.BJ,20230606,20220331,,,3.5512,
872709.BJ,20220616,20220331,28.1831,43.3765,-56.1365,5.2232
871643.BJ,20230608,20220331,,,21.8046,
688539.SH,20230417,20220331,,,-44.4847,
836266.BJ,20230429,20220331,,,42.4397,
301225.SZ,20230529,20220331,,,20.3748,7.1712
301232.SZ,20230526,20220331,,,-13.7024,3.399
688523.SH,20230516,20220331,,,-881.1967,-1.6194
301293.SZ,20230504,20220331,,,-2.5842,1.1832
001282.SZ,20230523,20220331,,,4.5245,2.6544
603172.SH,20230509,20220331,,,1.7032,2.9108
836521.BJ,20230607,20220331,,,35.0422,
301323.SZ,20230517,20220331,,,23.1863,3.5806
001324.SZ,20230519,20220331,,,-19.8792,-0.6349
301325.SZ,20230511,20220331,,,-7.4843,8.6017
838693.BJ,20230620,20220331,,,21.4658,
873707.BJ,20230429,20220331,,,24.6612,
834565.BJ,20230620,20220331,,,6.0428,
873549.BJ,20230526,20220331,,,-37.2808,
831406.BJ,20230603,20220331,,,-101.0543,
873693.BJ,20220708,20220331,9.6985,69.4268,10.9754,
836249.BJ,20220430,20220331,-21.2063,-38.3634,14.2943,4.5449
870757.BJ,20230614,20220331,,,-4376.8927,
301503.SZ,20230628,20220331,-2.4737,-71.7678,-6.2813,1.1539
871263.BJ,20230615,20220331,,,-0.6202,
873690.BJ,20230429,20220331,,,37.6621,
836193.BJ,20230614,20220331,,,2.3271,
688610.SH,20230628,20220331,,,-69.7112,4.9488
873712.BJ,20230509,20220331,,,-6.3721,
301503.SZ,20230628,20220331,-2.4737,-71.7678,-6.2813,1.1539
873726.BJ,20220616,20220331,,,59.2581,13.1238
832214.BJ,20230610,20220331,,,-28.0064,
839583.BJ,20230622,20220331,,,-32.9223,
838701.BJ,20220429,20220331,7.8462,107.7218,24.7058,3.859
872423.BJ,20230620,20220331,,,15.9207,
301505.SZ,20230629,20220331,,,4.0696,0.7385
688627.SH,20230629,20220331,,,-1290.0394,-3.4996
831255.BJ,20230615,20220331,,,-44.5094,
870656.BJ,20230629,20220331,,,9.6432,
832093.BJ,20230602,20220331,,,-20.6895,
833640.BJ,20230523,20220331,,,-26.5814,
873636.BJ,20230525,20220331,66.7456,-11.1985,-272.3954,
688563.SH,20230630,20220331,,,-60.3086,
873652.BJ,20230617,20220331,,,42.3874,
838381.BJ,20230613,20220331,,,27.6494,
834489.BJ,20230617,20220331,,,11.8716,
301499.SZ,20230630,20220331,,,8.4819,1.5937
301468.SZ,20230630,20220331,,,1.0674,6.2265
837934.BJ,20230530,20220331,,,42.1057,
837601.BJ,20230610,20220331,,,3.6357,
837326.BJ,20230426,20220331,,,-10.9332,
871108.BJ,20230531,20220331,,,-25.9879,
833751.BJ,20230525,20220331,,,-5.6108,
873727.BJ,20230608,20220331,,,-3.4057,
871037.BJ,20230622,20220331,,,-20.2748,
833339.BJ,20230429,20220331,,,-114.7553,
832063.BJ,20230615,20220331,,,-28.628,
873706.BJ,20230517,20220331,,,-16.7072,
835287.BJ,20230629,20220331,,,-205.9922,
831828.BJ,20220622,20220331,-5.3819,-22.1008,-4.1337,
873833.BJ,20230429,20220331,,,19.2141,
870536.BJ,20230616,20220331,,,-4.3991,
831718.BJ,20230628,20220331,,,-157.3353,
872931.BJ,20230622,20220331,,,-28.381,
831860.BJ,20220429,20220331,-14.0191,-27.022,9.2105,1.9846
832586.BJ,20230615,20220331,-22.6052,-23.0468,-526.4029,
430755.BJ,20220427,20220331,121.731,2176.8825,-11.0906,13.3775
873696.BJ,20230511,20220331,,,-80.3036,
870979.BJ,20230629,20220331,,,-9.8109,
839335.BJ,20230630,20220331,,,-7.1423,
834408.BJ,20230429,20220331,,,8.922,
831978.BJ,20230629,20220331,,,-7.2253,
837023.BJ,20230610,20220331,,,-66.4726,
873688.BJ,20230608,20220331,,,-4.1758,
688602.SH,20230703,20220331,,,15.4106,3.115
301499.SZ,20230630,20220331,,,8.4819,1.5937
301468.SZ,20230630,20220331,,,1.0674,6.2265
301515.SZ,20230703,20220331,,,-93.0395,0.2362
301172.SZ,20230704,20220331,132.9901,152.0731,-222.1314,0.3038
688450.SH,20230705,20220331,,,-36.0151,-8.4922
832982.BJ,20220518,20220331,28.9756,-6.6981,27.1778,4.1088
873132.BJ,20230706,20220331,,,43.1979,
301512.SZ,20230706,20220331,,,239.1463,0.239
688651.SH,20230707,20220331,,,-11.1804,-3.2647
301519.SZ,20230707,20220331,,,-160.0832,0.0096
301446.SZ,20230707,20220331,,,-5.966,7.4987
688612.SH,20230707,20220331,,,-3.0829,7.2636
603119.SH,20230711,20220331,,,6.6661,6.5389
688646.SH,20230711,20220331,,,155.2439,-1.5169
301371.SZ,20230711,20220331,1.9865,-6.5834,47.0794,8.1611
301518.SZ,20230713,20220331,,,0.7315,7.0341
301509.SZ,20230714,20220331,,,24.096,4.6192
301362.SZ,20230717,20220331,,,34.3754,3.2301
688347.SH,20230718,20220331,,,33.3559,3.4174
870726.BJ,20230513,20220331,,,28.5374,
301348.SZ,20230719,20220331,,,38.9159,1.6906
603296.SH,20230720,20220331,,,4.8637,0.8655
301487.SZ,20230720,20220331,,,-8.0503,1.3278
301372.SZ,20230721,20220331,,,-22.5607,-5.292
300904.SZ,20230721,20220331,,,-11.4566,-2.9825
688671.SH,20230721,20220331,,,-86.2154,-0.9416
301533.SZ,20230725,20220331,,,-17.958,2.4771
301511.SZ,20230725,20220331,,,0.3448,6.0218
301510.SZ,20230725,20220331,,,10.1226,0.2644
688592.SH,20230726,20220331,,,-231.1839,
301418.SZ,20230726,20220331,,,14.9784,3.5849
834058.BJ,20220510,20220331,-35.0044,-27.6516,-2.6746,9.5386
688548.SH,20230727,20220331,,,33.414,1.2176
301498.SZ,20230727,20220331,,,-16.6,2.9582
837174.BJ,20230606,20220331,,,-26.1758,
688573.SH,20230728,20220331,,,-150.0877,-9.971
837748.BJ,20220622,20220331,72.0612,12.5561,-68.7384,-6.3845
688693.SH,20230731,20220331,,,-51.3139,6.3214
301421.SZ,20230525,20220331,,,5.7246,2.6247
872953.BJ,20220712,20220331,12.287,-3.0439,-228.6035,
832491.BJ,20230428,20220331,,,7.7476,
600260.SH,20220430,20220331,-68.596,-147.6777,43.5591,
000765.SZ,20220427,20220331,-31.1,-33.5767,-92.3214,0.5124
600291.SH,20220430,20220331,-37.017,20.7175,-1635.4246,-0.2113
000769.SZ,20220429,20220331,-34.8453,14.674,-31.4457,-4.0959
601258.SH,20220430,20220331,-9.4226,-119.7,-8.4661,-0.6681
689009.SH,20220430,20220331,7.8008,51.3193,-2.2678,0.5226
300309.SZ,20220428,20220331,-92.5835,-17.5699,1029.9432,
000979.SZ,20221001,20220331,-45.6333,8.2743,-95.9172,
601268.SH,20220423,20220331,1.2526,8.6758,-44.1994,0.4994
000699.SZ,20220630,20220331,,-15.6719,,
600870.SH,20220430,20220331,12415.5006,230.6055,-39.347,13.1161
833994.BJ,20220430,20220331,15.739,-19.1439,-0.427,1.7447
000556.SZ,20220428,20220331,116.2073,162.7038,-22.6753,0.3554
600139.SH,20220430,20220331,-99.934,-5.6013,-9289.4203,
832317.BJ,20220524,20220331,12.8479,6.715,7.3313,0.6446
833874.BJ,20220421,20220331,-17.1608,-16.414,32.6172,2.1536
000667.SZ,20220427,20220331,761.3928,-2.6324,-4.3604,-1.6282
600069.SH,20220430,20220331,-42.8356,47.8077,5.1625,
002711.SZ,20220901,20220331,-5.3134,-91.58,-190.4071,
600087.SH,20220427,20220331,20.3022,-2.3691,9.6506,1.7678
301097.SZ,20220428,20220331,1.069,-20.1851,-4.5195,0.8358
300356.SZ,20220428,20220331,10.6403,-81.0581,-60.8275,-4.3583
300060.SZ,20220428,20220331,-50.9301,-209.4234,-0.4618,-1.4158
300372.SZ,20221103,20220331,-17.2671,-1.2459,-195.3578,
000687.SZ,20220428,20220331,53.7589,44.1319,93.5834,
600093.SH,20220427,20220331,-53.8646,-57.5003,7.0991,
870976.BJ,20230429,20220331,,,-14.0477,
873760.BJ,20230429,20220331,,,9.8975,
688549.SH,20230621,20220331,,,23.359,
301529.SZ,20230525,20220331,,,12.589,3.4515
603075.SH,20230601,20220331,,,5.6796,
000616.SZ,20220430,20220331,49.2115,-315.2868,13.4382,-0.1283
301550.SZ,20230526,20220331,,,42.9415,6.1892
873806.BJ,20230428,20220331,,,-42.5214,
688716.SH,20220916,20220331,,,8.84,3.6339
873777.BJ,20230718,20220331,,,26.5731,
836419.BJ,20230513,20220331,,,-26.4959,
832469.BJ,20230519,20220331,,,-10.0558,
301520.SZ,20230526,20220331,,,-14.3243,4.283
873575.BJ,20230610,20220331,,,-46.3657,
873762.BJ,20230429,20220331,,,-78.699,
603276.SH,20230625,20220331,,,,
873575.BJ,20230610,20220331,,,-46.3657,
688719.SH,20230606,20220331,,,-56.5532,-6.0355
832175.BJ,20230511,20220331,,,29.733,
301558.SZ,20230519,20220331,,,,8.7556
873848.BJ,20220701,20220331,,,-25.1389,3.9739
301367.SZ,20230427,20220331,,,19.7767,9.4627
301559.SZ,20230602,20220331,,,16.3855,6.4713
301517.SZ,20230525,20220331,,,-17.12,1.4921
832978.BJ,20230531,20220331,,,7.8777,
603361.SH,20230609,20220331,,,,4.7957
873876.BJ,20230428,20220331,,,-24.77,
873689.BJ,20230603,20220331,,,23.4499,
873876.BJ,20230428,20220331,,,-24.77,
832786.BJ,20220429,20220331,-0.8663,112.0363,-6.264,5.3734
603273.SH,20230602,20220331,,,-14.0926,1.5527
873778.BJ,20230428,20220331,,,-32.2994,
873825.BJ,20230429,20220331,,,-17.0102,
873788.BJ,20230429,20220331,,,-75.3031,
831490.BJ,20230429,20220331,,,-68.7009,
873825.BJ,20230429,20220331,,,-17.0102,
833453.BJ,20230427,20220331,,,12.0813,
873732.BJ,20220722,20220331,,,15.0264,
838849.BJ,20230429,20220331,,,-34.5778,
832861.BJ,20230429,20220331,25.1189,-23.5505,-17.8048,
873234.BJ,20230429,20220331,,,3.1844,
001378.SZ,20230511,20220331,,,3.1187,6.0092
001376.SZ,20230505,20220331,47.1598,-14.7299,5.537,
603062.SH,20220930,20220331,,,-5.7086,14.822
839493.BJ,20220615,20220331,53.5601,-150.5816,-57.1004,-12.1683
001326.SZ,20230504,20220331,,,19.1965,13.1623
833030.BJ,20230530,20220331,,,-30.9093,
001306.SZ,20230518,20220331,,,6.4921,2.7105
873393.BJ,20220514,20220331,15.7159,-13.261,0.0752,3.805
873739.BJ,20220712,20220331,95.0936,141.9345,-4.8399,
601083.SH,20230706,20220331,,,31.3212,
688720.SH,20221010,20220331,,,-35.6003,1.347
835579.BJ,20220622,20220331,102.3054,4046.8566,-70.5949,3.6707
873833.BJ,20230429,20220331,,,19.2141,
301459.SZ,20230615,20220331,,,,4.2862
301413.SZ,20230703,20220331,,,14.9908,
001358.SZ,20230518,20220331,,,13.9356,16.2954
601096.SH,20230630,20220331,,,-1.3168,
831175.BJ,20230524,20220331,,,-81.672,
833284.BJ,20230509,20220331,-63.9483,-148.7778,-129.099,
839036.BJ,20220716,20220331,-26.8009,-70.9448,6.9039,
301566.SZ,20230728,20220331,,,-0.095,
873703.BJ,20220726,20220331,23.1437,120.808,15.9338,
873132.BJ,20230706,20220331,,,43.1979,
603325.SH,20220930,20220331,,,61.5807,11.9398
603312.SH,20230712,20220331,,,-0.0002,
870840.BJ,20220511,20220331,23.5946,20.941,-24.0154,2.0673
001387.SZ,20220930,20220331,,,4.2687,3.5836
873864.BJ,20221020,20220331,,,-11.0581,1.5666
601033.SH,20220930,20220331,,,23.5391,3.424
873989.BJ,20221101,20220331,,,-0.7658,2.868
873873.BJ,20230428,20220331,,,-269.2048,
873669.BJ,20220625,20220331,-13.3734,-40.3093,-0.5088,
874018.BJ,20230614,20220331,,,12.1481,
873860.BJ,20230711,20220331,,,-83.5319,
301567.SZ,20230721,20220331,,,-24.7534,
603375.SH,20230613,20220331,,,-46.1645,4.167
873848.BJ,20220701,20220331,,,-25.1389,3.9739
874063.BJ,20230718,20220331,,,13.7095,
603082.SH,20230720,20220331,,,,
301577.SZ,20230615,20220331,,,-3.445,2.9754
831396.BJ,20230610,20220331,,,-53.8069,
688584.SH,20230807,20220331,,,35.5923,
301589.SZ,20220811,20220331,39.0495,2.7639,-20.7109,3.502
871263.BJ,20230615,20220331,,,-0.6202,
836547.BJ,20230516,20220331,,,2.0032,
836961.BJ,20230429,20220331,,,11.0252,
301588.SZ,20221021,20220331,,,-19.3202,5.1894
688592.SH,20230726,20220331,,,-231.1839,
001359.SZ,20230511,20220331,,,13.1082,2.308
688091.SH,20220418,20220331,,658.5487,61.8266,1.9415
301215.SZ,20220415,20220331,5.212,4.5479,23.1227,0.7593
605090.SH,20220413,20220331,126.1831,40.6618,10.8029,6.5683
300581.SZ,20220413,20220331,-54.4224,311.0152,-79.1448,-1.3545
600313.SH,20220408,20220331,4.1643,4517.6025,11.4467,1.0912
688668.SH,20220415,20220331,70.6356,46.09,17.699,3.7985
600963.SH,20220422,20220331,-14.9693,-25.6285,1.3195,1.2806
600306.SH,20220423,20220331,-0.2968,15.3841,-15.9435,-37.4381
601568.SH,20220420,20220331,20.2421,6.225,9.2541,3.7246
603327.SH,20220421,20220331,46.2763,32.1442,-0.5843,5.5244
603385.SH,20220422,20220331,-4.1957,-103.4293,2.67,-0.6127
601689.SH,20220422,20220331,54.3408,56.8364,10.336,3.4936
603727.SH,20220422,20220331,-24.8895,-72.5131,-38.3999,0.3974
603212.SH,20220421,20220331,81.8488,76.3264,-7.1096,3.8599
603656.SH,20220421,20220331,9.894,232.6679,-17.8738,-0.7025
600702.SH,20220422,20220331,83.2522,75.746,22.2273,10.2056
605028.SH,20220422,20220331,6.8931,23.9819,34.1097,4.0257
603289.SH,20220422,20220331,7.2514,-27.8558,11.6541,1.8575
300723.SZ,20220421,20220331,0.1845,17.2727,5.4422,3.7316
605369.SH,20220418,20220331,32.711,19.7715,15.0639,6.4378
688191.SH,20220421,20220331,281.0152,1044.1139,-12.2123,1.8128
300179.SZ,20220421,20220331,37.9264,82.5473,30.4469,3.3611
002139.SZ,20220421,20220331,10.0166,-60.7001,3.3805,1.1399
688325.SH,20220421,20220331,-27.4384,-27.2695,-41.2111,3.3459
688046.SH,20220422,20220331,51.1556,66.9537,-22.4395,2.7156
603813.SH,20220422,20220331,24.819,242.5579,28.5953,1.7382
002741.SZ,20220421,20220331,44.6325,234.0947,-6.5435,2.1197
603213.SH,20220422,20220331,81.7664,83.7289,-2.2415,6.0919
603605.SH,20220422,20220331,38.5319,44.1554,27.2735,4.9986
600080.SH,20220422,20220331,11.6098,22.921,10.9653,0.7161
300294.SZ,20220423,20220331,4.8896,2.7974,3.3831,1.5746
688519.SH,20220415,20220331,14.3122,-7.9658,-6.1418,1.5765
300606.SZ,20220421,20220331,26.9151,98.4761,-7.9444,1.1352
603333.SH,20220421,20220331,39.4506,870.5876,12.4107,0.8854
603948.SH,20220422,20220331,21.7786,140.4368,15.3,7.6054
002552.SZ,20220422,20220331,18.1129,-33.5932,-8.9207,0.0421
688160.SH,20220421,20220331,-10.0989,-13.11,11.2481,2.2371
688118.SH,20220421,20220331,26.4722,-107.1322,-155.8005,-2.5433
002327.SZ,20220423,20220331,6.8353,13.8222,4.1689,2.6169
601009.SH,20220416,20220331,20.3877,22.3306,-105.3264,3.9465
002985.SZ,20220416,20220331,44.7292,47.5541,-48.1676,5.8264
603866.SH,20220419,20220331,9.4335,-2.7963,15.7416,2.9836
603967.SH,20220419,20220331,55.8121,12.3222,0.6935,2.3723
688216.SH,20220419,20220331,-17.1928,-130.1951,33.9976,-0.9765
000155.SZ,20220421,20220331,-55.3351,20.3344,48.054,4.4173
601633.SH,20220423,20220331,8.0417,-0.3392,-34.1244,2.0529
688200.SH,20220419,20220331,124.0471,355.7435,34.692,4.6352
002225.SZ,20220420,20220331,9.9189,-4.9281,-20.4691,2.0687
002445.SZ,20220423,20220331,11.8191,-65.1684,-15.6687,0.9597
002895.SZ,20220416,20220331,57.1197,205.1338,0.0437,2.8312
000902.SZ,20220419,20220331,37.2547,24.1377,11.1532,4.9718
002515.SZ,20220419,20220331,-45.1376,-63.191,68.7974,1.6059
601677.SH,20220419,20220331,53.2512,82.7841,2.6924,4.4103
002008.SZ,20220421,20220331,8.2735,0.6669,-20.2192,2.4965
603209.SH,20220419,20220331,31.2192,7.1531,20.83,3.4084
603186.SH,20220419,20220331,8.7575,-51.3456,-7.971,1.4689
600989.SH,20220419,20220331,30.8337,1.065,21.2218,5.9769
688516.SH,20220419,20220331,70.2547,109.4911,7.3281,6.7852
603758.SH,20220423,20220331,9.6791,56.4094,42.6909,1.4718
688526.SH,20220419,20220331,-36.4559,-46.2766,52.4884,2.7166
601399.SH,20220423,20220331,1.2526,8.6758,-44.1994,0.4994
603053.SH,20220416,20220331,11.0947,4.3756,11.7499,4.6924
301302.SZ,20220602,20220331,96.7579,-2.6426,-1024.3173,-3.7181
601992.SH,20220428,20220331,0.6322,24.7663,0.8801,0.2686
600201.SH,20220422,20220331,-34.2234,-61.6846,-6.3325,1.6889
603816.SH,20220422,20220331,20.0484,15.1106,-11.6672,4.6476
300436.SZ,20220422,20220331,1.6789,-615.8959,-20.0243,-1.1143
300850.SZ,20220422,20220331,14.6628,33.9724,5.9624,3.6565
000032.SZ,20220422,20220331,35.7214,-564.0167,-17.2588,-2.2823
837046.BJ,20220420,20220331,9.2387,-13.7735,21.5785,3.4138
600461.SH,20220422,20220331,-12.7421,11.7325,15.3475,3.9868
300525.SZ,20220422,20220331,40.8443,-15.3979,-144.7342,-2.9675
600108.SH,20220420,20220331,5.075,-19.0574,0.6178,0.34
600983.SH,20220422,20220331,-13.6936,25.7083,-18.6881,-0.7341
000968.SZ,20220422,20220331,19.9347,168.3414,42.3843,5.6646
300906.SZ,20220422,20220331,15.8095,24.2588,-42.101,0.9843
600941.SH,20220422,20220331,14.5599,6.5181,34.2117,1.9852
300958.SZ,20220422,20220331,1.3307,-4.9603,-14.1979,1.2999
002968.SZ,20220419,20220331,43.475,19.8895,-30.2169,3.9958
301150.SZ,20220420,20220331,61.3406,26.2812,-26.9551,9.3181
002057.SZ,20220420,20220331,43.7317,122.1771,-28.2557,1.6697
605178.SH,20220422,20220331,-8.1242,-327.0088,-2.8963,-0.663
600354.SH,20220428,20220331,-4.8837,-50.5528,-8.1945,0.8035
002629.SZ,20220428,20220331,5.6564,-2.3342,-65.0975,-84.6667
300864.SZ,20220428,20220331,57.6948,69.9086,-37.1811,2.9503
300391.SZ,20220428,20220331,-30.5348,-75.3466,-7.6713,1.6753
300042.SZ,20220428,20220331,-15.9984,-66.0557,-5.0231,0.3592
688066.SH,20220428,20220331,179.2599,-10.1963,-196.7188,-2.096
002330.SZ,20220428,20220331,-18.4835,48.2317,-6.2727,1.0653
300021.SZ,20220428,20220331,24.6661,4.3333,-28.9048,0.744
000090.SZ,20220428,20220331,-6.6481,-1.6389,-63.9011,6.918
300814.SZ,20220428,20220331,39.36,12.5456,23.1933,1.8383
300520.SZ,20220428,20220331,53.9993,7.7939,-47.9714,0.6718
000529.SZ,20220428,20220331,25.5519,7.0727,-0.4525,2.0492
300712.SZ,20220428,20220331,104.7999,95.3499,19.218,1.2173
688095.SH,20220428,20220331,10.3073,-83.8232,-5.9871,-0.434
000031.SZ,20220428,20220331,18.7188,-137.4676,-4.1109,-0.6429
301041.SZ,20220428,20220331,-3.843,-95.6242,-10.747,0.064
300293.SZ,20220428,20220331,-5.4372,64.4234,-16.2036,-1.5322
002972.SZ,20220428,20220331,12.5253,0.0511,-3.5405,1.8739
300557.SZ,20220423,20220331,25.985,28.4411,-45.956,-0.9178
002425.SZ,20220427,20220331,-33.8518,-88.9794,-0.115,0.2873
300199.SZ,20220428,20220331,-6.3616,-345.6955,12.389,1.1087
300654.SZ,20220428,20220331,17.8877,821.8764,15.5604,0.5558
300796.SZ,20220428,20220331,20.5237,27.3672,7.7755,2.7432
605303.SH,20220428,20220331,-50.4832,-171.6367,-28.5343,-0.6074
000828.SZ,20220428,20220331,-25.0311,-29.1055,-249.0068,2.0762
688261.SH,20220428,20220331,45.4973,129.9824,-9.2097,2.9568
688082.SH,20220428,20220331,28.5225,-88.5638,-35.4857,0.4896
002016.SZ,20220428,20220331,-10.4284,-24.3884,-191.1828,1.2562
600540.SH,20220428,20220331,-77.7189,-403.3859,20.7233,-1.9873
300114.SZ,20220428,20220331,-1.631,-37.2448,-42.6638,1.1038
300410.SZ,20220428,20220331,-34.4729,-93.5657,-13.7564,0.6737
603716.SH,20220428,20220331,12.0095,312.0563,-20.2543,1.3097
688290.SH,20220428,20220331,366.1732,135.8491,-36.1385,0.6205
300011.SZ,20220428,20220331,-16.5359,-490.9359,-36.6555,-3.022
688028.SH,20220428,20220331,-1.1773,-55.5617,-14.1373,0.7746
300192.SZ,20220428,20220331,-12.3469,-49.6866,9.3234,2.3643
688599.SH,20220428,20220331,79.2039,135.9701,-12.4922,2.5595
300027.SZ,20220428,20220331,-66.691,-156.1932,-57.1355,-4.9789
000034.SZ,20220428,20220331,19.0678,19.7518,-3.5171,3.0148
300586.SZ,20220427,20220331,35.8821,353.7347,29.0942,6.7163
002925.SZ,20220423,20220331,-20.602,-38.9776,11.945,2.3816
300511.SZ,20220427,20220331,1.6622,-43.3771,6.2869,2.6969
300380.SZ,20220427,20220331,-4.2352,-803.4005,-159.6295,-1.7435
002333.SZ,20220427,20220331,37.1153,-393.6343,-14.2112,-0.184
601865.SH,20220428,20220331,70.6069,-47.8753,15.9931,3.4892
600028.SH,20220428,20220331,33.7913,24.4769,-6.0645,2.8609
600292.SH,20220428,20220331,-8.6959,53.8284,-15.4141,0.3643
600236.SH,20220428,20220331,34.5643,94.291,61.2988,4.4046
002660.SZ,20220428,20220331,1.7645,6.7994,-7.8426,0.8051
001266.SZ,20220428,20220331,-14.6826,-10.1673,6.8999,3.7118
600169.SH,20220428,20220331,1.3403,152.9929,3.8296,0.3909
002881.SZ,20220428,20220331,54.2574,59.6609,8.0711,2.9148
002114.SZ,20220428,20220331,6.04,-530.7419,-8.6341,-0.7844
688788.SH,20220428,20220331,-75.9007,-183.851,316.0115,-1.0042
002180.SZ,20220428,20220331,6.7429,77.6789,-4.886,2.7269
603733.SH,20220428,20220331,9.9605,-47.8138,6.3708,2.0387
002937.SZ,20220428,20220331,13.6576,-8.9196,-8.3564,3.0267
688088.SH,20220428,20220331,-9.3926,-55.859,4.2757,0.5645
002055.SZ,20220428,20220331,3.5929,-33.5611,1.2072,0.5529
600202.SH,20220428,20220331,12.4412,4.2937,51.6563,0.6531
300316.SZ,20220427,20220331,114.0281,57.1311,-38.1448,6.1189
002227.SZ,20220427,20220331,-10.2026,-259.6256,-101.7234,-1.0331
301035.SZ,20220428,20220331,72.134,303.1168,-7.1887,7.6347
002673.SZ,20220428,20220331,-20.4301,-106.4471,-359.3461,-0.073
301078.SZ,20220428,20220331,-2.897,-179.8849,5.6853,-1.3758
600120.SH,20220428,20220331,19.4273,-51.1542,-11.7912,0.2894
603299.SH,20220428,20220331,42.5868,344.5043,38.3657,5.336
300522.SZ,20220428,20220331,10.322,11.3995,-21.0715,4.641
301017.SZ,20220428,20220331,33.9867,31.6132,3.9563,2.7588
000591.SZ,20220428,20220331,-11.5842,-7.7646,13.8503,1.7162
300530.SZ,20220428,20220331,71.889,-147.6147,-249.9861,-67.5421
300230.SZ,20220428,20220331,-45.3121,-34.8967,19.7904,1.3935
002446.SZ,20220428,20220331,58.3039,48.7369,-3.7271,2.0831
000725.SZ,20220428,20220331,0.3989,-16.5725,29.2326,2.4018
002643.SZ,20220428,20220331,74.2571,76.6697,17.0517,4.0071
000612.SZ,20220428,20220331,7.4149,-2.5003,19.7321,3.8906
300050.SZ,20220428,20220331,6.2618,183.5902,-26.2829,0.5056
002823.SZ,20220428,20220331,10.0403,-4.5963,9.076,0.5562
300781.SZ,20220428,20220331,0.0039,1.8343,-17.4024,1.5009
600715.SH,20220428,20220331,-32.0551,-839.5376,21.0511,-3.8953
002888.SZ,20220428,20220331,-17.3574,-93.7756,9.6049,0.0865
688239.SH,20220428,20220331,58.2383,59.5799,-24.7062,4.6203
688466.SH,20220428,20220331,43.4209,14.5614,-43.4396,0.4907
300969.SZ,20220428,20220331,20.7751,10.0199,25.348,3.5552
600927.SH,20220427,20220331,5.9332,-90.1025,-6.1045,0.27
688367.SH,20220427,20220331,56.6994,161.9731,-169.2991,-0.3189
600369.SH,20220427,20220331,-94.8106,-152.1223,1117.2158,-0.5243
603353.SH,20220428,20220331,105.5791,-37.6698,-5.2406,1.1581
002388.SZ,20220428,20220331,-31.4304,-56.6976,-48.5899,0.3804
603003.SH,20220428,20220331,33.4023,33.4739,4.6393,0.5675
603588.SH,20220428,20220331,23.8363,42.8465,19.3206,3.0367
601858.SH,20220428,20220331,-0.6045,-20.0218,-72.1467,0.4099
603630.SH,20220428,20220331,-18.1443,-115.2592,-6.0319,-0.1493
600801.SH,20220428,20220331,5.5195,-8.5086,-4.8905,2.4057
688559.SH,20220428,20220331,254.449,149.2927,-91.43,0.3709
688112.SH,20220428,20220331,3.9584,6.5897,-6.1645,1.3249
002542.SZ,20220428,20220331,-55.1544,-138.5916,-57.7676,0.0397
600543.SH,20220428,20220331,-14.8824,-62.877,-163.2788,-0.8988
603666.SH,20220428,20220331,1.2262,-36.2009,159.7422,0.7753
600905.SH,20220428,20220331,51.839,59.971,28.443,3.2364
300191.SZ,20220428,20220331,8.4791,52.188,64.6668,0.7046
002634.SZ,20220428,20220331,30.6286,-14.0325,-8.8376,1.3843
300601.SZ,20220428,20220331,214.6013,987.7139,-6.9586,2.5875
300771.SZ,20220428,20220331,9.0521,4.5686,36.4861,2.0022
300740.SZ,20220428,20220331,27.9602,36.0959,-13.2713,2.046
300823.SZ,20220428,20220331,-8.4314,-34.0011,32.104,1.2431
300513.SZ,20220428,20220331,25.9603,-159.8635,-186.1555,-0.0891
000995.SZ,20220428,20220331,183.1502,136.6139,-10.7715,1.3257
688150.SH,20220428,20220331,-2.2264,11.3132,125.4008,1.9227
601003.SH,20220428,20220331,30.3996,-177.1198,0.4183,-4.1435
603803.SH,20220428,20220331,24.5403,524.8287,7.6334,1.4715
600116.SH,20220428,20220331,12.0323,-93.8132,8.1261,1.2274
002630.SZ,20220428,20220331,-45.9798,-186.212,-13.0403,-9.9782
603116.SH,20220428,20220331,-10.2391,-34.1379,1.6918,-0.0068
300061.SZ,20220427,20220331,-3.0001,161.1753,-24.4888,0.7653
300883.SZ,20220427,20220331,0.7952,-9.509,6.4007,0.6299
300752.SZ,20220427,20220331,-32.4282,45.899,22.9163,-1.9697
600688.SH,20220428,20220331,27.6116,-81.8055,-6.866,0.7928
688586.SH,20220428,20220331,42.3776,28.5228,-67.1231,2.2829
002475.SZ,20220428,20220331,97.9147,33.6276,3.0726,4.2015
300892.SZ,20220428,20220331,-3.7628,-75.3293,-82.401,0.0928
605577.SH,20220428,20220331,9.7993,5.0557,28.6799,4.3848
002956.SZ,20220428,20220331,17.3849,-46.6658,11.2125,1.7255
300559.SZ,20220428,20220331,67.0608,209.1534,-57.7061,1.4975
300045.SZ,20220428,20220331,-2.6576,-86.6298,-27.491,0.0851
600664.SH,20220428,20220331,11.8775,21.2099,4.6458,2.4837
603896.SH,20220428,20220331,16.9931,43.0732,39.9133,3.2244
600325.SH,20220428,20220331,26.9738,28.3523,73.268,3.3584
603966.SH,20220428,20220331,19.5912,53.7361,-16.7279,1.0669
002970.SZ,20220428,20220331,-4.0467,-199.0104,2.1384,-4.3083
300737.SZ,20220428,20220331,18.7057,-40.8212,-63.3191,1.5726
300002.SZ,20220428,20220331,4.4487,-18.239,34.6185,1.2878
300853.SZ,20220428,20220331,-25.9174,-91.7948,-133.5477,-0.127
301248.SZ,20220428,20220331,110.6715,34.9842,-41.8239,1.6233
301226.SZ,20220428,20220331,-6.118,20.9335,-2.5892,2.046
300039.SZ,20220428,20220331,1.1504,0.6973,25.3204,1.8284
603197.SH,20220428,20220331,3.5966,-40.6216,-2.0606,1.5973
300256.SZ,20220428,20220331,-86.8838,92.1244,-71.0473,-11.7363
300510.SZ,20220428,20220331,32.0875,-650.4998,-32.3996,-0.6373
300326.SZ,20220428,20220331,3.893,38.1331,19.5359,2.634
002614.SZ,20220428,20220331,-23.6946,-73.464,-1.761,-0.3902
688211.SH,20220426,20220331,-56.6911,-144.8714,-64.9743,-0.9978
300627.SZ,20220427,20220331,21.9694,34.9242,-50.2009,2.2553
300539.SZ,20220427,20220331,3.8518,26.0344,12.7991,0.8465
300663.SZ,20220427,20220331,15.8139,4.6761,-69.0074,0.4103
870299.BJ,20220427,20220331,29.0314,17.4912,-39.3927,1.5169
300778.SZ,20220427,20220331,-8.8731,-9.2339,-57.8671,1.8515
300967.SZ,20220427,20220331,27.4131,-21.2347,11.8469,0.8514
688678.SH,20220428,20220331,35.6659,51.6481,13.0948,2.6065
688229.SH,20220428,20220331,5.2506,-46.7917,-85.6188,-3.496
600892.SH,20220428,20220331,10.3625,-62.7091,4.9171,-0.0094
002724.SZ,20220428,20220331,-3.4991,-38.3171,-38.3815,0.3947
603496.SH,20220428,20220331,27.3831,211.3159,-44.2413,1.61
600726.SH,20220428,20220331,9.558,-10056.3943,-11.3001,
000723.SZ,20220428,20220331,63.9465,6.0686,13.8252,5.2773
300175.SZ,20220428,20220331,-30.9531,66.6409,138.5255,-0.5044
300981.SZ,20220428,20220331,-74.8072,-95.6135,2.3218,0.4147
605259.SH,20220428,20220331,2.5271,27.8475,2.5357,2.6803
301178.SZ,20220428,20220331,37.404,222.2531,-102.8369,-0.0876
301120.SZ,20220428,20220331,42.9963,54.4184,19.9552,1.8472
002512.SZ,20220428,20220331,-54.4872,60.2327,-12.0194,-5.4446
300608.SZ,20220428,20220331,26.1047,-41.9206,-116.742,-5.9899
301116.SZ,20220428,20220331,7.3361,-335.5898,-6.7767,-5.3159
300671.SZ,20220428,20220331,3.6104,-9.6939,-21.3678,2.0365
688665.SH,20220428,20220331,27.8763,30.7907,-6.8206,4.8031
300053.SZ,20220428,20220331,-1.1758,-53.5713,-52.7786,0.1337
000062.SZ,20220428,20220331,26.1924,-2.9939,7.8023,3.5411
002261.SZ,20220428,20220331,22.7968,53.2837,-35.4274,0.7517
300258.SZ,20220428,20220331,23.9094,-19.5444,16.3993,1.1714
300350.SZ,20220428,20220331,36.0671,-99.1517,-14.8098,-0.4315
003025.SZ,20220428,20220331,9.41,35.051,-7.8324,3.7189
600297.SH,20220428,20220331,-16.7849,2.3816,-24.9016,1.5009
688007.SH,20220427,20220331,0.0327,-67.1767,-12.9915,0.0224
603056.SH,20220427,20220331,-4.7528,-838.7342,13.7697,-2.5714
688578.SH,20220427,20220331,202.3224,48.8172,-46.1057,-1.2542
605277.SH,20220428,20220331,8.9242,-6.0853,9.7983,2.7968
603180.SH,20220428,20220331,17.2356,-31.1606,-88.5971,0.5513
605060.SH,20220428,20220331,38.2439,10.6155,16.4995,1.8571
300014.SZ,20220428,20220331,127.6898,-19.4283,12.6729,2.4005
600722.SH,20220428,20220331,18.2973,52.0404,18.924,1.1293
603949.SH,20220428,20220331,-39.337,-58.0475,32.0372,1.1775
000635.SZ,20220428,20220331,-26.0361,-164.8855,33.8963,-1.6094
300589.SZ,20220428,20220331,13.449,89.1585,-44.8,0.4477
300176.SZ,20220428,20220331,24.0713,-317.2402,8.861,-2.0943
300122.SZ,20220428,20220331,125.1604,104.9456,-37.5148,10.1821
002208.SZ,20220428,20220331,-78.9308,-90.7885,-25.2475,0.5567
000688.SZ,20220428,20220331,58.638,-13.639,29.9486,1.5406
002034.SZ,20220428,20220331,21.1236,15.1162,18.102,3.0386
603508.SH,20220428,20220331,-20.5939,-29.3712,10.1097,1.5778
688256.SH,20220428,20220331,74.3397,-39.7831,-625.0961,-6.1913
300070.SZ,20220428,20220331,4.4779,121.8515,-36.5255,0.005
002705.SZ,20220428,20220331,13.4648,4.6008,-7.9068,2.4666
300616.SZ,20220428,20220331,-22.8716,-1366.7816,-47.2794,-3.0927
002351.SZ,20220428,20220331,-9.0388,-29.6408,5.9561,1.9719
600630.SH,20220428,20220331,-13.49,-278.9274,-16.2217,-1.8786
300672.SZ,20220428,20220331,23.5756,-2042.4604,-95.4414,-1.8483
301082.SZ,20220428,20220331,89.692,158.0071,42.0181,2.5025
002732.SZ,20220428,20220331,-2.9923,-41.494,4.4951,1.7551
300560.SZ,20220428,20220331,34.9402,28.5405,-29.3101,0.8648
605199.SH,20220428,20220331,29.3953,26.2219,-27.7482,2.817
002797.SZ,20220427,20220331,46.1591,421.7665,-197.8984,0.4743
688520.SH,20220427,20220331,,25.5533,-61.1987,
300527.SZ,20220427,20220331,-64.5307,-483.5724,-304.063,-2.3121
600446.SH,20220428,20220331,8.5021,-206.6918,-21.0383,-0.8641
603890.SH,20220428,20220331,0.4688,-38.1912,12.3869,1.5424
688012.SH,20220428,20220331,57.3131,-14.9404,-28.8612,1.33
603517.SH,20220428,20220331,12.0945,-62.2427,21.2209,1.4365
688356.SH,20220428,20220331,44.2321,45.4107,44.9696,4.0039
300444.SZ,20220428,20220331,70.6643,-323.9662,-28.4252,-0.6604
300300.SZ,20220428,20220331,-64.482,-1917.5368,-5.8102,-5.486
688011.SH,20220428,20220331,-52.8052,-193.5827,-65.8903,-1.0039
600197.SH,20220428,20220331,14.6688,-17.5481,21.8328,2.9443
002562.SZ,20220428,20220331,27.5398,826.0227,-3.6961,2.9822
688319.SH,20220428,20220331,-15.6097,-133.2965,-80.8811,-0.8153
301087.SZ,20220428,20220331,-7.2226,-61.4915,-52.895,0.9714
688488.SH,20220428,20220331,-54.9646,-296.8704,-73.0848,-2.052
300472.SZ,20220428,20220331,15.7994,74.1485,-5.7199,3.8674
000963.SZ,20220428,20220331,0.4041,-7.1225,-2.9175,4.1274
002298.SZ,20220428,20220331,7.7412,45.3405,-8.9057,1.0797
600095.SH,20220428,20220331,46.7828,-149.8592,125.8405,-0.5039
300770.SZ,20220428,20220331,19.2585,6.0633,89.435,5.2726
603387.SH,20220428,20220331,106.7957,249.0558,11.7218,9.9319
300377.SZ,20220427,20220331,13.9355,-120.0173,-95.2274,-1.2697
301039.SZ,20220427,20220331,-25.2913,-38.6454,-9.1777,0.8947
601163.SH,20220427,20220331,-18.5098,-69.7816,5.7066,0.0696
603709.SH,20220428,20220331,-16.1772,-58.7741,-12.3648,0.2206
603823.SH,20220428,20220331,8.3846,-10.6617,-8.3435,2.9797
301148.SZ,20220428,20220331,40.2274,-33.4694,-28.2149,2.6977
002371.SZ,20220428,20220331,50.0419,183.1783,-60.6021,0.9097
603087.SH,20220428,20220331,25.7721,-40.3941,33.7802,1.5557
688538.SH,20220428,20220331,24.6233,28.3484,-7.8032,-1.4231
688068.SH,20220428,20220331,11.1437,0.7711,4.3749,19.1234
605080.SH,20220428,20220331,46.6134,37.8186,-0.7191,4.6497
002412.SZ,20220428,20220331,5.7198,13.3224,17.6878,2.9019
002183.SZ,20220428,20220331,-24.5332,-44.5863,0.8774,0.4503
002820.SZ,20220428,20220331,-39.923,-314.1546,-10.4023,-2.0796
300382.SZ,20220428,20220331,56.8827,177.3092,-17.7887,3.0182
002500.SZ,20220428,20220331,-9.1154,-51.8049,167.911,0.3621
300678.SZ,20220428,20220331,6.9756,16.6206,-96.0874,0.9547
603607.SH,20220428,20220331,34.2557,20.0436,15.0468,2.6905
688167.SH,20220428,20220331,20.767,120.9186,3.4211,0.4926
688368.SH,20220423,20220331,-25.931,-116.5968,-97.3124,-1.8958
300263.SZ,20220428,20220331,49.2779,19.1354,-7.3953,1.852
002689.SZ,20220428,20220331,43.1424,7.2855,-69.9286,-4.0307
300111.SZ,20220428,20220331,19.8463,-221.0553,65.5983,-2.5257
300287.SZ,20220428,20220331,-16.9666,-71.4659,-32.0669,0.2503
605255.SH,20220428,20220331,-10.129,-47.8451,3.2399,0.893
301031.SZ,20220428,20220331,105.0144,85.4447,-7.5961,4.2494
688698.SH,20220428,20220331,17.7934,40.9934,-2.9776,2.1368
688628.SH,20220428,20220331,19.0566,12.1131,-13.6172,5.4052
601985.SH,20220428,20220331,22.7815,53.2453,59.9174,3.5457
002372.SZ,20220428,20220331,12.2097,3.8683,-7.016,2.2727
301131.SZ,20220428,20220331,19.3265,-20.9413,-7.2857,1.1627
300637.SZ,20220428,20220331,39.2217,-18.2854,13.1001,1.5185
300085.SZ,20220428,20220331,-19.7999,-61.1381,-18.2362,-3.9088
688099.SH,20220428,20220331,59.4009,202.2434,4.8524,6.3791
688148.SH,20220428,20220331,15.0339,-112.5496,10.6382,-0.2028
300632.SZ,20220428,20220331,8.1842,-9.9718,10.5766,1.1704
002991.SZ,20220428,20220331,-5.1945,-45.297,10.2695,1.6689
300364.SZ,20220428,20220331,5.6883,39.3197,4.3066,-1.5943
688136.SH,20220428,20220331,-2.6456,-37.4864,-3.8987,1.4461
603390.SH,20220428,20220331,-7.3511,-936.068,-68.2671,-0.7374
002879.SZ,20220428,20220331,14.5508,-39.212,-49.2965,0.6865
300996.SZ,20220428,20220331,34.521,-477.5879,-277.7235,-1.4199
000750.SZ,20220428,20220331,-37.9842,-69.9802,-101.293,0.272
002267.SZ,20220428,20220331,29.5263,52.4422,6.9804,7.5525
603017.SH,20220428,20220331,3.7469,15.921,-44.0953,1.8282
688311.SH,20220423,20220331,-37.5119,-1455.3933,-1029.4481,-1.0217
603060.SH,20220428,20220331,15.1191,-99.2214,-27.4472,-2.1849
601225.SH,20220428,20220331,13.5048,68.7946,15.6772,8.3105
600508.SH,20220428,20220331,55.8007,306.548,5.11,7.1616
601898.SH,20220428,20220331,33.5102,93.1495,16.1507,5.7561
300189.SZ,20220428,20220331,28.2707,-899.2852,-48.9435,-0.3427
603926.SH,20220428,20220331,22.1202,-46.9141,-6.5154,1.7299
300159.SZ,20220428,20220331,33.0215,26.9612,-12.6392,-21.5568
300578.SZ,20220428,20220331,0.5356,-51.8061,1.0354,0.6338
002350.SZ,20220428,20220331,-15.1387,-200.4982,-49.1996,-3.2203
603586.SH,20220428,20220331,34.6668,139.7012,-10.8381,0.7015
600662.SH,20220428,20220331,28.0914,33.0427,-7.4733,2.8857
003004.SZ,20220428,20220331,3.653,203.3996,26.1697,0.2511
605099.SH,20220428,20220331,27.7809,-13.8035,5.6524,4.0012
301228.SZ,20220428,20220331,-9.497,-368.133,-60.518,-2.1637
000686.SZ,20220428,20220331,-38.3812,-176.5563,103.876,-1.4574
002124.SZ,20220428,20220331,-51.8941,-444.7796,-5.5842,-21.3348
002163.SZ,20220428,20220331,-27.3599,-307.4795,-65.545,-4.9019
002341.SZ,20220428,20220331,-45.5093,-1352.283,3.674,-3.9591
002656.SZ,20220428,20220331,-40.4013,31.5086,8.1804,-1.6276
002763.SZ,20220428,20220331,-2.8935,-21.7288,20.8088,4.3159
001227.SZ,20220428,20220331,-1.5763,94.047,-45.8833,1.7648
300077.SZ,20220423,20220331,249.3535,251.3947,-48.1911,1.463
002855.SZ,20220428,20220331,-13.8444,-969.1655,5.8912,-3.4725
002861.SZ,20220428,20220331,-24.1835,-329.4564,-16.0566,-1.2265
000652.SZ,20220428,20220331,72.8566,6.377,-4.1865,-0.6089
603636.SH,20220428,20220331,-4.8881,-244.3113,-154.0354,-1.2411
605188.SH,20220428,20220331,3.1239,-47.1071,13.5401,1.2105
600248.SH,20220428,20220331,10.1432,4.1217,1.5405,4.0372
000584.SZ,20220428,20220331,-60.8792,-189.7823,-17.6012,-2.2705
300812.SZ,20220428,20220331,70.4244,-39.1522,-19.1382,1.7011
300830.SZ,20220428,20220331,-1.7705,-486.64,-154.1669,-2.0652
688288.SH,20220428,20220331,-48.7017,-171.9839,-79.9826,-1.7061
688508.SH,20220428,20220331,29.7896,13.7508,-4.9341,1.9384
300756.SZ,20220428,20220331,-30.761,-92.2806,-40.3174,0.1217
688521.SH,20220428,20220331,68.7218,104.8117,-18.5229,-0.1219
000757.SZ,20220428,20220331,-28.7854,-200.0648,4.8618,-0.937
300777.SZ,20220428,20220331,135.9098,183.8268,-33.6666,3.6494
000543.SZ,20220428,20220331,52.3529,25.2524,15.611,1.043
000681.SZ,20220428,20220331,11.7942,-26.4776,4.5444,0.9331
002487.SZ,20220428,20220331,55.0341,-18.9225,-54.8265,2.0238
605011.SH,20220428,20220331,28.8969,-21.2659,3.7807,1.6958
600477.SH,20220428,20220331,10.2289,-40.4499,-19.1151,1.0791
600180.SH,20220428,20220331,-11.4763,34.8401,-1.5779,4.3358
688170.SH,20220428,20220331,20.2963,7.6521,-13.8936,3.9308
600382.SH,20220428,20220331,-58.2765,-81.1471,-87.8167,1.4028
688267.SH,20220428,20220331,1.8874,-17.0282,-5.0853,1.8581
300947.SZ,20220428,20220331,-1.384,23.9888,42.4044,1.9369
601619.SH,20220428,20220331,-14.2135,-18.8997,12.6068,1.4877
000563.SZ,20220428,20220331,-6.2398,1.825,-95.5943,1.4286
001201.SZ,20220428,20220331,-44.1714,-117.4053,-22.5688,-1.2437
000060.SZ,20220428,20220331,61.624,29.5758,0.9516,2.531
002761.SZ,20220428,20220331,-5.4767,7.9776,-20.4586,4.518
300546.SZ,20220428,20220331,-25.3243,-174.1429,-136.6035,-2.3995
603900.SH,20220428,20220331,-26.5746,-76.6691,32.6383,0.5768
603587.SH,20220428,20220331,-9.0879,-23.0744,14.0343,2.6183
300492.SZ,20220428,20220331,-14.9039,58.9173,-28.0035,0.2138
688609.SH,20220428,20220331,1.1578,505.1272,3.7011,0.454
600863.SH,20220427,20220331,44.6657,188.3189,13.4406,2.9666
300724.SZ,20220427,20220331,15.7707,29.2636,24.8466,3.8553
603095.SH,20220428,20220331,6.8277,-4.9135,14.7847,2.0866
605033.SH,20220428,20220331,77.5643,96.9939,-16.7712,8.9236
000927.SZ,20220428,20220331,17.0604,5.3426,-22.8123,2.6752
603022.SH,20220428,20220331,7.9904,88.6266,0.7397,1.1417
000042.SZ,20220428,20220331,-36.5658,129.0366,-104.3699,0.2079
688076.SH,20220428,20220331,-19.2224,-59.453,1.0783,0.697
605003.SH,20220428,20220331,7.6315,-9.0504,29.8302,3.3612
000836.SZ,20220428,20220331,98.5482,106.3109,-9.9566,0.2075
000676.SZ,20220428,20220331,-55.9228,-50.7424,10.313,0.6283
300419.SZ,20220428,20220331,47.8737,6.2089,-71.8203,0.612
300331.SZ,20220428,20220331,9.9444,-254.6752,-14.8901,-1.5474
000729.SZ,20220428,20220331,11.6616,100.7954,23.9308,-0.1853
300788.SZ,20220428,20220331,-12.9084,-35.2375,-28.5711,1.6231
300901.SZ,20220428,20220331,2.7001,-44.6921,-74.7168,1.0344
002685.SZ,20220428,20220331,-73.3202,-0.3615,-4.3539,0.9402
300655.SZ,20220428,20220331,11.9082,38.8103,12.6385,1.9302
300272.SZ,20220428,20220331,2.3323,-37.1208,-0.8364,1.2469
300562.SZ,20220428,20220331,-28.7862,-90.091,16.87,-0.0621
605338.SH,20220428,20220331,22.3836,-89.4573,-6.1956,2.0328
603007.SH,20220428,20220331,-24.46,-4.1284,-76.2447,-4.1062
600855.SH,20220428,20220331,-7.5495,-1.8908,-130.6761,-2.45
002042.SZ,20220428,20220331,7.8704,14.3616,16.5678,1.8707
601139.SH,20220428,20220331,55.9242,-21.0427,-11.0783,1.649
688197.SH,20220427,20220331,-99.9823,-46.058,-4498721.3529,-7.6959
000883.SZ,20220428,20220331,6.2571,-20.7373,59.683,1.6864
603726.SH,20220428,20220331,-4.8179,-43.2993,2.1023,1.8866
603233.SH,20220428,20220331,15.2206,12.8234,14.2357,6.9876
601369.SH,20220428,20220331,10.5846,18.9135,12.4414,3.416
002577.SZ,20220428,20220331,-22.284,-41.5711,25.6352,0.6388
603697.SH,20220428,20220331,-5.2592,-64.3105,8.1878,1.1551
001289.SZ,20220428,20220331,5.8323,-21.3298,24.2867,3.4247
300867.SZ,20220428,20220331,86.5515,-40.5819,20.4521,2.2043
688295.SH,20220428,20220331,229.0002,200.7974,34.2791,4.3274
300113.SZ,20220428,20220331,9.7378,-9.7837,-16.4934,0.5694
002235.SZ,20220428,20220331,54.4758,-45.9362,-12.8835,-0.1545
000860.SZ,20220428,20220331,-28.7754,-72.057,-25.7396,1.3361
300518.SZ,20220428,20220331,117.3907,-74.1933,-11.5394,4.7727
688683.SH,20220428,20220331,7.8557,-33.8062,-6.0926,1.0278
300242.SZ,20220428,20220331,-70.6169,-141.3747,56.7505,-3.3159
605287.SH,20220428,20220331,-8.3982,-21.6188,21.717,2.4403
300136.SZ,20220428,20220331,18.6598,5.0388,5.9136,1.8601
600280.SH,20220428,20220331,-35.5037,-68.1887,5.1273,0.9326
300474.SZ,20220428,20220331,70.3376,58.2031,-24.4037,2.4886
600848.SH,20220428,20220331,49.7668,-21.3716,-82.7071,2.7051
603790.SH,20220428,20220331,2.1296,18.8642,-1.6311,2.4646
000554.SZ,20220428,20220331,21.515,107.3202,3.0313,0.3114
000636.SZ,20220428,20220331,-6.1226,-3.1572,-11.0758,1.6975
300438.SZ,20220428,20220331,56.4846,65.5088,-2.0569,3.0048
000581.SZ,20220427,20220331,-8.0451,-16.3462,-18.4522,3.7254
002365.SZ,20220427,20220331,31.5657,544.9312,6.3458,2.4279
000059.SZ,20220427,20220331,37.8765,-45.1163,-24.8761,1.9496
000430.SZ,20220427,20220331,-62.8614,-96.1995,-505.6933,-5.036
301108.SZ,20220427,20220331,-47.9115,-42.2184,74.3879,2.5997
605155.SH,20220427,20220331,23.4766,8.1466,14.3401,1.7744
002144.SZ,20220427,20220331,-9.4356,-35.0683,17.0878,0.7097
300073.SZ,20220427,20220331,203.998,159.3816,4.8161,3.6446
300174.SZ,20220427,20220331,42.4025,67.6652,15.0943,2.5173
601028.SH,20220427,20220331,12.2123,-27.807,-0.0178,3.0088
301100.SZ,20220427,20220331,-1.6774,-53.717,-14.676,0.7522
000672.SZ,20220427,20220331,21.7755,-3.7926,26.5772,3.7224
603351.SH,20220427,20220331,27.7692,5.0383,3.1101,1.9746
688102.SH,20220425,20220331,25.823,139.563,-32.6242,1.4839
605016.SH,20220429,20220331,47.9205,133.3766,2.5342,3.0389
301130.SZ,20220427,20220331,-14.6575,-25.2193,29.3955,1.0622
600196.SH,20220427,20220331,28.8702,-45.406,8.3375,2.0664
301057.SZ,20220427,20220331,-5.4764,-18.5288,0.4153,1.7768
000739.SZ,20220427,20220331,6.8502,-29.9625,8.1705,2.6461
300727.SZ,20220427,20220331,21.2697,23.4102,-8.5912,3.2667
300196.SZ,20220427,20220331,36.0542,114.9957,16.6715,5.0487
002469.SZ,20220427,20220331,54.4902,20.5298,11.5559,2.3522
300320.SZ,20220427,20220331,19.9954,-19.8925,3.8168,1.919
688052.SH,20220427,20220331,146.1666,148.2151,-49.1966,14.1432
600684.SH,20220427,20220331,-95.5736,-135.7839,38.3062,-6.0251
688315.SH,20220427,20220331,5.8347,-42.664,-48.1445,0.6874
002777.SZ,20220427,20220331,7.1284,5.0286,-107.9345,1.0045
300541.SZ,20220427,20220331,-13.6428,-142.2237,-53.8615,-0.9759
002083.SZ,20220426,20220331,10.8161,-38.694,1.0971,1.4125
300896.SZ,20220427,20220331,66.0709,64.0296,55.8007,5.1386
002479.SZ,20220427,20220331,21.7904,-83.0216,2.6735,0.4548
603099.SH,20220427,20220331,101.3215,11.7949,-106.0158,-3.6112
300351.SZ,20220427,20220331,50.0121,40.6925,-15.4945,1.6903
000037.SZ,20220427,20220331,-13.07,-196.9267,-45.3445,-3.3463
301011.SZ,20220427,20220331,39.0954,-84.3962,-14.4063,0.3275
000421.SZ,20220427,20220331,31.5379,-179.8181,-41.1972,-0.4669
300664.SZ,20220427,20220331,7.3718,-2.3715,-2.5239,1.8736
000850.SZ,20220427,20220331,4.2914,-534.9101,0.8712,0.63
600217.SH,20220427,20220331,-8.6283,-85.437,-6.7306,0.6145
002062.SZ,20220427,20220331,-18.9244,-2.9228,8.7733,2.6453
600740.SH,20220426,20220331,33.0066,73.7186,3.3216,8.7868
300949.SZ,20220427,20220331,-30.6174,-562.4667,-88.5419,-3.9979
300811.SZ,20220427,20220331,49.9402,61.1431,-14.1565,3.036
300594.SZ,20220427,20220331,5.5634,62.6266,-81.2322,-0.103
603112.SH,20220427,20220331,49.7292,37.8821,0.9412,3.5555
002258.SZ,20220427,20220331,76.3193,142.0184,7.8368,10.3045
002275.SZ,20220427,20220331,20.3222,22.915,32.4571,3.9484
300656.SZ,20220427,20220331,2.4286,6.9439,15.3425,1.4234
603569.SH,20220427,20220331,-13.4565,-99.0466,-10.0415,-0.1678
300835.SZ,20220427,20220331,23.4953,-4.0067,11.0976,2.1556
300613.SZ,20220427,20220331,142.8822,192.9562,19.2357,5.0184
002787.SZ,20220427,20220331,9.5426,-42.5115,-3.5203,0.169
300414.SZ,20220427,20220331,24.2746,-39.3847,21.9174,0.7202
000936.SZ,20220427,20220331,15.0645,-90.0051,-28.6087,0.3799
002850.SZ,20220427,20220331,95.7184,93.3347,-10.6564,3.4693
600987.SH,20220427,20220331,-1.3661,15.7798,5.5076,1.5319
603109.SH,20220427,20220331,42.9511,-94.7522,1.4071,1.535
301169.SZ,20220427,20220331,14.1154,5.3111,-110.4171,-1.8557
002025.SZ,20220427,20220331,34.8851,33.5038,-33.619,2.9122
600211.SH,20220427,20220331,32.7422,11.1272,36.9456,6.7233
301109.SZ,20220427,20220331,-34.1898,31.2426,2.138,3.8761
002932.SZ,20220427,20220331,267.4105,307.0492,11.6494,39.7244
300931.SZ,20220425,20220331,9.2099,-410.0157,-472.344,-1.7633
301110.SZ,20220425,20220331,-20.3015,-42.7403,-7.2607,1.117
300618.SZ,20220427,20220331,51.8178,73.6875,-1.9532,4.7024
002651.SZ,20220427,20220331,-0.1671,-10.5384,5.0621,2.8662
600573.SH,20220427,20220331,5.5593,56.7975,27.9236,-0.0733
000990.SZ,20220427,20220331,12.4267,-54.583,2.5539,0.7867
000707.SZ,20220427,20220331,100.2035,603.6505,25.8891,27.6621
300507.SZ,20220427,20220331,42.361,19.1642,-5.2502,0.8399
003000.SZ,20220425,20220331,15.5308,-5.7873,24.071,1.9312
600569.SH,20220426,20220331,-19.3222,-363.0486,8.9181,-5.2009
002760.SZ,20220427,20220331,-10.2327,-7.4669,-5.1778,1.2776
002644.SZ,20220427,20220331,33.5025,-6.9628,11.296,1.107
300956.SZ,20220427,20220331,15.4752,-24.4574,7.4409,0.9772
300519.SZ,20220427,20220331,6.0051,9.8456,58.2594,4.8276
000586.SZ,20220427,20220331,-13.2283,5.0322,-2.5964,1.0649
300498.SZ,20220427,20220331,-13.2643,-792.3939,-2.7891,-11.7195
002645.SZ,20220427,20220331,69.5409,88.5954,3.0871,6.7178
300096.SZ,20220427,20220331,0.0837,-22.3593,-250.7171,-12.7767
601718.SH,20220427,20220331,22.696,867.74,-16.1817,0.2811
836957.BJ,20220427,20220331,1.1156,17.6152,10.8552,3.7211
831768.BJ,20220427,20220331,-28.8115,-72.7719,20.7153,0.7357
300869.SZ,20220429,20220331,-29.5258,-36.1503,19.4017,3.9079
601298.SH,20220429,20220331,18.4035,4.752,14.7892,3.1018
605208.SH,20220426,20220331,25.9236,25.9934,-17.264,1.7007
603200.SH,20220427,20220331,-4.0458,27.0597,-13.2331,2.3927
002878.SZ,20220427,20220331,120.0785,226.3539,7.2223,9.5923
603063.SH,20220427,20220331,36.16,1.9845,44.5369,2.0296
300573.SZ,20220427,20220331,45.7332,123.3571,34.2149,5.4382
300790.SZ,20220427,20220331,-2.4406,-25.4627,9.5459,2.4142
002738.SZ,20220427,20220331,399.0212,848.7336,8.8526,17.3391
002129.SZ,20220427,20220331,79.1256,142.0779,7.1558,4.0342
002431.SZ,20220427,20220331,58.6184,-31.5706,4.0763,-5.0842
300763.SZ,20220426,20220331,78.7233,54.9714,5.2131,5.9151
603755.SH,20220427,20220331,7.1096,-7.513,26.6642,1.7025
600327.SH,20220427,20220331,-60.02,-46.947,-3.0549,1.0892
002633.SZ,20220427,20220331,40.7819,-1.7304,1.0578,0.0461
301217.SZ,20220427,20220331,7.0209,33.5814,-7.0349,2.3567
301001.SZ,20220425,20220331,-17.4105,-164.6119,14.4245,-1.1911
301106.SZ,20220425,20220331,29.2186,10.9575,4.2551,2.4934
001308.SZ,20220425,20220331,22.123,91.5536,-5.6411,5.2909
300413.SZ,20220425,20220331,-22.0752,-34.3882,-23.4776,2.7545
601199.SH,20220427,20220331,4.0477,16.554,24.1761,1.7204
838402.BJ,20220429,20220331,53.208,189.0283,18.9515,7.3997
688777.SH,20220426,20220331,34.5632,70.9427,-45.5396,0.8679
600598.SH,20220427,20220331,12.9892,17.4388,470.6379,5.8555
301219.SZ,20220427,20220331,81.73,54.2535,-24.4455,7.421
300748.SZ,20220427,20220331,90.1711,61.5681,-28.0755,3.2532
601702.SH,20220427,20220331,36.535,0.7308,-26.3995,3.1176
002957.SZ,20220427,20220331,-2.5275,-13.8995,19.6297,0.9559
600216.SH,20220427,20220331,-8.9895,-2.3703,-8.106,2.8643
605388.SH,20220426,20220331,-2.259,-71.6407,-65.8545,0.7021
300488.SZ,20220426,20220331,21.1659,40.8182,25.778,2.0879
000738.SZ,20220427,20220331,31.3323,59.9885,-22.622,1.9978
000582.SZ,20220427,20220331,11.4162,0.8675,25.5809,2.0333
300535.SZ,20220427,20220331,-8.8435,-52.91,-6.3362,0.4672
300493.SZ,20220427,20220331,12.4144,14.5408,-4.1703,1.5058
301158.SZ,20220427,20220331,18.1313,2.3078,-110.1542,0.1802
000791.SZ,20220427,20220331,-5.2975,-84.5347,43.3779,-0.4145
603995.SH,20220427,20220331,31.8567,17.6982,-7.6694,3.1666
301079.SZ,20220427,20220331,7.2103,-3.7524,-16.2756,0.926
300010.SZ,20220427,20220331,-29.8293,3.956,-42.5832,-56.5071
300762.SZ,20220425,20220331,-72.4661,-365.0457,-419.7919,-0.8727
834475.BJ,20220427,20220331,26.8068,12.6702,12.493,2.6114
600835.SH,20220427,20220331,-15.0163,-34.2815,-30.1843,1.3413
301085.SZ,20220427,20220331,11.39,-28.5593,-50.6225,2.1166
603527.SH,20220427,20220331,31.0723,21.6243,1.6374,2.2547
002480.SZ,20220427,20220331,2.0965,-41.3636,61.4916,-3.4034
600993.SH,20220427,20220331,10.2364,17.3026,-14.4686,4.2442
300828.SZ,20220427,20220331,54.3172,61.0402,4.779,2.6485
600871.SH,20220427,20220331,5.122,-58.7735,-5.8806,0.7033
000822.SZ,20220427,20220331,66.7869,181.2312,-1.555,4.77
001267.SZ,20220427,20220331,-31.1,-33.5767,-92.3214,0.5124
300930.SZ,20220427,20220331,-11.9654,45.7591,28.5043,2.9048
605058.SH,20220427,20220331,8.0198,-14.4824,15.1027,2.0158
002198.SZ,20220427,20220331,-1.1347,-67.3424,0.9095,0.391
300668.SZ,20220425,20220331,-9.4858,-605.3975,-53.8554,-3.0032
300554.SZ,20220425,20220331,20.2113,-200.8746,-23.8265,-1.2972
301086.SZ,20220425,20220331,-4.4864,6.7138,3.964,1.6309
002900.SZ,20220427,20220331,11.5194,-100.2078,-3.0252,0.1868
603848.SH,20220427,20220331,15.6948,1.8021,-38.5796,2.1871
300964.SZ,20220427,20220331,37.4386,-21.1962,32.7534,0.9311
300127.SZ,20220427,20220331,17.0476,-18.8983,-7.2108,2.5952
000429.SZ,20220427,20220331,-15.2503,7.9804,72.3518,4.3928
603025.SH,20220427,20220331,6.9498,2.9354,4.4136,4.32
300890.SZ,20220427,20220331,189.244,82.4307,-1.8692,3.0324
000650.SZ,20220427,20220331,7.662,1.9465,-7.5082,2.6471
300041.SZ,20220427,20220331,33.0605,17.3309,3.9278,3.8219
600332.SH,20220427,20220331,2.4572,10.9511,4.47,5.8882
002494.SZ,20220427,20220331,-20.5207,5.405,25.4812,-0.3522
000157.SZ,20220427,20220331,-47.4439,-62.4773,5.8928,1.5383
002424.SZ,20220427,20220331,-1.9131,4.5541,-4.0827,1.6088
000823.SZ,20220427,20220331,13.9244,-0.2444,3.976,1.7858
000532.SZ,20220427,20220331,31.7614,147.0853,54.2761,1.1535
002332.SZ,20220427,20220331,4.7599,15.4708,0.5658,2.584
002373.SZ,20220427,20220331,-26.1145,-282.4872,-32.5795,-0.5304
301071.SZ,20220427,20220331,126.884,147.812,44.354,9.6408
300862.SZ,20220427,20220331,23.9314,135.5157,-107.7423,0.4128
600568.SH,20220427,20220331,31.1658,83.4102,-26.6318,-0.3538
601005.SH,20220427,20220331,-12.6074,-59.4476,3.1938,2.0231
001317.SZ,20220427,20220331,-13.1312,-39.6006,1.3954,0.8933
603367.SH,20220427,20220331,-0.4504,-10.9869,5.5928,1.7818
300641.SZ,20220427,20220331,23.9679,-9.0323,17.9275,1.8753
000633.SZ,20220427,20220331,46.1225,71.6736,0.2245,1.2835
300347.SZ,20220427,20220331,101.5481,13.8176,16.6723,2.0719
002434.SZ,20220427,20220331,-6.5289,-44.6667,16.495,1.0506
603195.SH,20220427,20220331,19.5841,5.6844,14.0866,5.0716
301032.SZ,20220427,20220331,-11.1565,-53.2293,-18.5844,-0.2832
002566.SZ,20220427,20220331,-1.5527,-1.9284,17.28,0.9404
603311.SH,20220427,20220331,3.4506,-27.3934,8.3593,2.4422
000048.SZ,20220427,20220331,-77.2131,-134.9521,62.8012,-4.6831
300448.SZ,20220427,20220331,-28.9856,-64.1331,-45.62,0.2002
002559.SZ,20220427,20220331,30.9132,17.6909,-8.608,1.9793
001218.SZ,20220427,20220331,10.1193,-49.3442,0.9754,1.3658
600249.SH,20220427,20220331,-11.1636,-52.3849,-17.0397,-0.0733
603970.SH,20220427,20220331,11.7491,27.7949,-18.09,3.3637
600797.SH,20220427,20220331,30.7157,120.1219,-18.1716,0.0073
000548.SZ,20220427,20220331,-12.9084,-52.1897,-45.2821,0.4607
603320.SH,20220427,20220331,12.3899,-32.1592,5.1888,1.395
603950.SH,20220427,20220331,-32.4138,-47.2241,34.2495,1.8499
000719.SZ,20220427,20220331,-6.5931,0.5804,0.4261,0.9949
000895.SZ,20220427,20220331,-24.7334,1.345,-1.6577,5.8159
688015.SH,20220427,20220331,6.7583,-10.7488,-18.038,0.6106
002496.SZ,20220427,20220331,-86.7737,213.8924,-44.3692,0.1721
603356.SH,20220427,20220331,-24.3362,51.0545,-16.8261,-0.937
002393.SZ,20220427,20220331,-6.4548,16.3627,10.7248,0.9456
301006.SZ,20220425,20220331,16.9744,36.565,10.2627,2.3346
688690.SH,20220425,20220331,111.6994,176.235,-26.5823,5.3108
839725.BJ,20220429,20220331,63.7194,42.9862,2.5297,6.1769
300003.SZ,20220426,20220331,-7.2811,-24.8912,17.6113,4.6832
003038.SZ,20220426,20220331,109.4789,70.289,-25.8278,3.7807
301023.SZ,20220426,20220331,0.3043,48.1887,30.1601,1.5117
300840.SZ,20220426,20220331,-7.2291,-6.7775,16.1765,1.4044
301168.SZ,20220426,20220331,15.5536,-43.5253,0.2802,0.6781
300505.SZ,20220426,20220331,86.1566,1192.7353,0.184,3.8809
300691.SZ,20220426,20220331,-20.2367,-187.1236,-19.3481,-0.9501
301123.SZ,20220426,20220331,34.9253,12.6847,-5.9306,1.9411
002686.SZ,20220426,20220331,-1.0872,-38.7332,-3.6032,0.3907
688379.SH,20220426,20220331,4.6052,-60.9569,-34.6028,0.587
300667.SZ,20220426,20220331,1.0203,41.5101,-13.844,0.7994
301027.SZ,20220426,20220331,-31.3343,-30.3977,-5.8976,1.7595
603196.SH,20220426,20220331,10.0393,-47.9469,4.5927,0.6932
603288.SH,20220429,20220331,0.7237,-6.3631,-15.0106,7.3671
000637.SZ,20220429,20220331,85.2974,-163.7121,17.6293,-0.0065
600239.SH,20220426,20220331,-9.1076,21.4216,-7.7603,-68.8413
300960.SZ,20220426,20220331,-28.5793,-339.2974,25.5275,-1.7881
600305.SH,20220426,20220331,10.4275,-0.7507,-7.3978,3.1848
003028.SZ,20220426,20220331,1.2733,-20.5712,22.4588,3.0843
688798.SH,20220426,20220331,20.1141,73.6569,-8.3712,1.3681
300397.SZ,20220426,20220331,-36.1846,-148.5581,-49.2293,-0.5048
600981.SH,20220426,20220331,-21.5579,-86.2745,-7.6231,-0.2294
300379.SZ,20220426,20220331,-47.2995,-289.4896,-81.6811,-2.2028
300986.SZ,20220426,20220331,16.885,-78.8428,10.44,0.2743
300464.SZ,20220426,20220331,-54.9789,-174.4294,1.3505,-6.5573
002317.SZ,20220426,20220331,9.7281,31.4069,3.7987,3.5701
688162.SH,20220426,20220331,68.7463,3.1148,7.2201,0.6157
603992.SH,20220426,20220331,49.3033,-1.2581,19.3693,2.8474
688282.SH,20220429,20220331,42.9879,122.7353,-15.4286,1.5419
002548.SZ,20220426,20220331,-14.9652,-869.1427,9.4345,-8.7449
002674.SZ,20220426,20220331,-5.8296,-80.5507,-9.4052,-0.0702
300515.SZ,20220426,20220331,3.0593,5.7344,-22.4941,1.882
002768.SZ,20220426,20220331,80.026,7.2025,1.994,3.3601
688085.SH,20220426,20220331,9.5833,10.756,13.4693,1.7947
605488.SH,20220429,20220331,36.3008,-53.6435,-13.6082,1.5109
300882.SZ,20220429,20220331,50.2942,-8.8068,-61.143,0.4698
002426.SZ,20220429,20220331,-24.5052,-89.2145,9.0869,-2.4119
603093.SH,20220429,20220331,-23.6343,-19.0135,64.961,0.9991
600830.SH,20220429,20220331,40.313,-38.8474,-761.7391,0.7693
300866.SZ,20220426,20220331,18.041,-2.7428,-6.7453,2.5723
003029.SZ,20220426,20220331,14.4127,-12.4074,-115.5071,-1.512
300371.SZ,20220426,20220331,-9.7865,-47.2802,-89.6123,0.3467
002835.SZ,20220426,20220331,-18.3565,-82.6321,14.126,-0.1564
688277.SH,20220426,20220331,-23.8371,-17.6015,-291.9391,-3.3392
300334.SZ,20220426,20220331,-6.0403,-737.4366,-4.0523,-1.3313
688056.SH,20220426,20220331,-2.5952,-18.0224,-25.5458,1.4097
600691.SH,20220429,20220331,7.3611,-30.4059,9.4995,1.381
601098.SH,20220426,20220331,14.5263,2.7169,-27.0369,2.12
002632.SZ,20220426,20220331,-4.1982,-45.6318,0.1032,1.096
688220.SH,20220426,20220331,31.4781,82.3315,16.6687,-0.8738
002533.SZ,20220426,20220331,15.7982,26.5983,-23.7415,1.9009
300538.SZ,20220426,20220331,-11.3106,-147.0165,4.3311,-0.4879
600323.SH,20220429,20220331,32.0426,-34.3043,-4.1161,1.5193
301162.SZ,20220428,20220331,25.9722,199.3583,-31.288,1.4506
600764.SH,20220429,20220331,-47.4747,-75.09,-71.7419,0.0609
002041.SZ,20220429,20220331,45.7843,76.8925,-43.7291,2.7736
300831.SZ,20220429,20220331,93.9199,2953.2233,172.0451,1.3058
002876.SZ,20220426,20220331,-0.7346,-11.5627,-2.6096,3.0258
600745.SH,20220426,20220331,23.4439,-22.8704,7.728,1.8632
002568.SZ,20220426,20220331,4.143,-29.9421,1.3108,2.3627
000020.SZ,20220426,20220331,-10.0322,6.0979,33.2966,0.3938
002324.SZ,20220426,20220331,25.8801,-67.0612,-2.6174,0.8322
601333.SH,20220429,20220331,13.2508,-326.6484,-4.0521,-1.5255
600668.SH,20220429,20220331,6.4515,-77.6383,11.0151,-0.3483
600160.SH,20220429,20220331,28.074,1880.0283,8.7501,1.6496
002091.SZ,20220429,20220331,58.5094,161.6093,-3.7178,3.8843
300124.SZ,20220426,20220331,40.0108,11.004,-1.6328,4.3101
300184.SZ,20220426,20220331,-13.8361,44.7296,-6.0645,3.0564
300404.SZ,20220426,20220331,34.2817,69.1085,17.8296,0.4362
002318.SZ,20220426,20220331,2.3179,36.4676,-10.5299,3.5529
002192.SZ,20220426,20220331,339.4594,13996.2571,4.6836,32.8922
300959.SZ,20220426,20220331,4.961,-17.8182,-30.7582,1.4001
688388.SH,20220426,20220331,81.4365,57.2861,3.2945,4.5537
688598.SH,20220426,20220331,125.8043,162.5015,35.9007,6.8202
000703.SZ,20220426,20220331,7.6328,-39.3632,-11.4311,2.5594
600537.SH,20220426,20220331,40.6612,85.5229,-25.8978,-1.6639
300212.SZ,20220426,20220331,1.7867,16.2804,3.4507,0.6453
003026.SZ,20220426,20220331,12.9235,-41.8665,31.9866,2.5505
002654.SZ,20220426,20220331,-24.4488,-113.8563,16.7371,-0.4717
300165.SZ,20220426,20220331,17.092,67.9811,-22.2106,1.5292
688153.SH,20220426,20220331,1.8173,28268.1617,-26.5107,3.0508
002926.SZ,20220426,20220331,-54.0343,-152.9565,827.9396,-0.7776
600803.SH,20220429,20220331,36.9095,25.0834,-9.2248,4.1439
300647.SZ,20220429,20220331,161.1197,1035.823,-7.9547,2.4092
600027.SH,20220429,20220331,-3.9808,-50.2576,14.0188,0.7251
603155.SH,20220429,20220331,70.2469,35.3863,35.6891,4.0011
002186.SZ,20220429,20220331,4.0365,-0.4253,-23.519,-5.0215
688575.SH,20220429,20220331,481.5482,1257.7869,40.7793,28.5332
000019.SZ,20220426,20220331,-13.6411,1.0077,9.9073,2.8049
000792.SZ,20220426,20220331,152.4966,340.9087,59.0948,31.3094
002111.SZ,20220426,20220331,-12.7945,-17.5262,23.346,1.8245
688080.SH,20220426,20220331,15.323,-20.113,-3.9973,0.09
600238.SH,20220426,20220331,-3.8186,603.5686,-35.4927,-1.1397
603365.SH,20220426,20220331,12.3173,7.3589,-8.9308,2.4842
300491.SZ,20220426,20220331,34.803,-124.4463,-51.9002,-0.9761
300585.SZ,20220426,20220331,-23.7627,-85.0675,-7.2323,0.1791
300393.SZ,20220426,20220331,77.6336,647.6932,-19.8489,2.2578
600550.SH,20220429,20220331,2.7848,152.7597,-43.4164,0.4521
600844.SH,20220429,20220331,-1.9987,92.4417,6.4905,-0.2242
300217.SZ,20220426,20220331,20.4895,130.338,4.5965,1.8866
601222.SH,20220426,20220331,2.9338,3.6826,-3.0457,1.0875
002038.SZ,20220426,20220331,8.5901,-31.0727,29.8611,1.3779
002123.SZ,20220426,20220331,11.0771,-182.6969,25.3636,-0.9281
301137.SZ,20220426,20220331,1.0586,-52.7786,-27.0542,0.2492
300494.SZ,20220426,20220331,5.9939,36.2123,6.5499,3.9203
600578.SH,20220426,20220331,39.7947,340.5212,16.7095,1.3154
300925.SZ,20220426,20220331,33.2298,25.1822,-33.2363,1.6359
300390.SZ,20220429,20220331,407.1519,939.0529,31.6489,40.4919
000025.SZ,20220429,20220331,-2.7521,55.8558,-11.2001,1.6885
300065.SZ,20220429,20220331,0.9229,5.4136,-26.9485,-1.6487
003007.SZ,20220426,20220331,63.2789,23.1467,-42.1004,-3.7573
601567.SH,20220426,20220331,42.7667,-3.2347,-16.1278,2.249
603086.SH,20220426,20220331,25.8045,265.9964,20.2689,3.7135
300271.SZ,20220426,20220331,-37.0142,-261.4302,-143.575,-1.0911
688608.SH,20220426,20220331,-1.1835,-71.7797,-39.6751,-0.1675
603345.SH,20220426,20220331,24.1638,17.6545,19.7043,2.2172
002036.SZ,20220426,20220331,-12.1202,10.8957,0.0738,0.8598
300746.SZ,20220426,20220331,-1.3048,-31.6117,-8.5374,0.9155
300948.SZ,20220426,20220331,-21.7156,-60.7884,-19.188,0.2544
600741.SH,20220429,20220331,7.1461,32.1287,10.5935,2.5023
600336.SH,20220429,20220331,21.26,49.8004,-12.3029,1.372
600321.SH,20220429,20220331,-45.6187,-143.0086,-40.602,-2.0072
002667.SZ,20220426,20220331,195.2078,3172.8581,-16.8886,4.1149
300630.SZ,20220426,20220331,34.5778,33.4367,6.0544,5.6604
300565.SZ,20220426,20220331,-30.4837,-219.1011,24.28,-2.1565
300963.SZ,20220426,20220331,11.2668,119.14,-10.5388,1.3931
300567.SZ,20220426,20220331,1.5493,-56.0535,-56.3349,0.6695
300615.SZ,20220426,20220331,33.231,263.9071,-14.8195,1.14
002200.SZ,20220426,20220331,-97.7922,-1043.1652,-674.2711,-74.6932
600227.SH,20220429,20220331,30.8832,-381.9424,-3.3735,-2.7666
603855.SH,20220429,20220331,28.6823,-1.206,-14.8226,4.5344
603319.SH,20220429,20220331,-7.0869,-31.4508,0.6511,1.8258
600392.SH,20220429,20220331,84.5694,129.3664,27.1525,6.967
300120.SZ,20220426,20220331,-22.2372,111.661,21.0648,1.0345
300856.SZ,20220426,20220331,59.618,20.974,-3.3784,3.2563
003039.SZ,20220426,20220331,-0.532,-12.1534,27.8818,2.0312
300682.SZ,20220426,20220331,39.8655,4.667,-53.0334,0.7351
300051.SZ,20220426,20220331,-21.4552,-152.3194,17.739,-0.9802
688561.SH,20220426,20220331,44.5209,10.4093,-147.0025,-6.2718
300384.SZ,20220426,20220331,23.2694,15.3143,72.9208,2.7239
300366.SZ,20220426,20220331,-10.875,23.908,-38.8187,0.5556
600487.SH,20220426,20220331,34.0972,30.2557,-4.2475,1.4848
002929.SZ,20220426,20220331,43.2701,48.3754,-99.9334,2.5637
601326.SH,20220429,20220331,0.2557,2.6685,36.6941,1.977
600375.SH,20220429,20220331,-40.1343,-1273.4881,-70.8961,-11.9062
300893.SZ,20220429,20220331,36.9896,-10.3122,-9.3961,2.968
605198.SH,20220429,20220331,76.389,163.9921,47.228,2.1295
601018.SH,20220429,20220331,23.726,1.3294,28.1977,1.8479
688233.SH,20220426,20220331,68.3855,26.6616,21.2691,3.459
301081.SZ,20220426,20220331,15.6797,4.2838,-11.6236,1.8756
301196.SZ,20220426,20220331,-4.746,9.9579,21.4679,1.8881
002719.SZ,20220426,20220331,59.543,-27.6239,-3.8743,0.3168
000958.SZ,20220426,20220331,-28.5295,-15.9374,45.5247,1.7012
300845.SZ,20220426,20220331,144.8241,-71.8826,-989.0685,-1.3154
300699.SZ,20220426,20220331,-5.4566,-5.0198,-27.4044,4.6333
300180.SZ,20220426,20220331,18.3106,-82.2985,-18.8235,0.0229
600699.SH,20220426,20220331,-4.5337,-171.3206,1.2986,-0.4042
605009.SH,20220426,20220331,-2.7982,-37.8293,11.0582,1.7381
688287.SH,20220524,20220331,12.8479,6.715,7.3313,0.6446
688019.SH,20220429,20220331,95.407,1830.266,13.6606,4.1364
300879.SZ,20220426,20220331,47.2066,49.9154,9.6414,5.3315
300260.SZ,20220426,20220331,47.2914,149.0875,9.1874,6.1222
301070.SZ,20220426,20220331,-19.4125,-270.8571,-53.2463,-1.0546
300985.SZ,20220426,20220331,-74.0663,-115.0059,70.9663,-0.3492
300145.SZ,20220426,20220331,8.6821,7.1273,-10.3939,2.4388
300729.SZ,20220426,20220331,15.8296,-43.6367,-2.0574,-0.153
688281.SH,20220426,20220331,203.5446,92.0146,-50.2464,2.409
603520.SH,20220426,20220331,42.0835,24.2658,-18.108,3.303
603538.SH,20220426,20220331,47.8641,128.9447,10.5284,5.9452
002540.SZ,20220426,20220331,17.0584,-7.54,-13.0582,1.6564
605069.SH,20220426,20220331,2.4717,12.8528,-95.9194,-1.3482
301066.SZ,20220426,20220331,3.0171,-77.9418,-64.0745,0.2573
300359.SZ,20220429,20220331,-4.7106,-72.0587,-54.7117,-0.0572
600939.SH,20220429,20220331,-4.2298,10.0447,-16.7746,0.7536
002514.SZ,20220426,20220331,-8.2192,54.7763,5.3222,0.8852
300916.SZ,20220426,20220331,-3.2474,-39.5419,7.8484,1.7519
603106.SH,20220426,20220331,-36.157,-382.3031,-111.5858,-1.5273
000933.SZ,20220426,20220331,57.2995,232.5851,26.4331,18.7262
002410.SZ,20220426,20220331,34.6477,41.9074,-34.1927,1.6631
603976.SH,20220426,20220331,44.2596,30.7168,-23.8774,1.8561
600869.SH,20220426,20220331,11.2739,-27.6326,6.1169,1.0823
603031.SH,20220429,20220331,100.3703,2908.8518,28.3479,5.5753
300139.SZ,20220429,20220331,40.315,-9326.8183,-48.0899,-5.4962
300302.SZ,20220429,20220331,108.6029,2775.946,-54.6642,0.5828
300719.SZ,20220426,20220331,-21.0779,-797.665,-111.1935,-1.3738
300170.SZ,20220426,20220331,8.9943,1858.572,-41.4646,0.5734
600521.SH,20220426,20220331,18.4222,-46.0178,5.7054,1.9708
603045.SH,20220426,20220331,1.2758,-47.7729,10.4164,0.3558
002451.SZ,20220426,20220331,53.4546,264.6112,-6.8625,0.8427
300870.SZ,20220426,20220331,21.3229,-186.4374,-19.9631,-2.096
600704.SH,20220426,20220331,12.5952,11.7626,-17.3538,2.9743
300921.SZ,20220426,20220331,0.0987,-20.3835,7.7955,1.1851
300447.SZ,20220426,20220331,40.6248,41.0568,-84.0215,2.9545
300625.SZ,20220426,20220331,8.1187,156.5204,-28.708,0.1803
300288.SZ,20220426,20220331,5.8165,-17.017,3.1604,0.9417
603421.SH,20220429,20220331,13.3185,-41.9277,-2.1585,-3.1783
603889.SH,20220429,20220331,40.2438,47.3953,-8.5977,2.6453
600148.SH,20220429,20220331,-49.6945,-93.4289,26.6801,-0.2164
002141.SZ,20220429,20220331,-12.2599,275.1976,2.691,-1.4255
300827.SZ,20220429,20220331,36.2922,3.5194,-184.6047,1.62
603268.SH,20220429,20220331,-45.9995,-193.4852,13.6438,-6.2034
600860.SH,20220429,20220331,13.1788,70.7889,-15.1256,-0.2435
002437.SZ,20220426,20220331,9.781,-95.4427,7.3392,0.8899
688685.SH,20220426,20220331,-11.4466,134.4225,-54.8824,1.5299
688117.SH,20220426,20220331,-13.4384,22.6436,36.6156,1.531
838810.BJ,20220429,20220331,37.9143,11.7812,24.5211,4.5698
871694.BJ,20220428,20220331,116.4178,35.9888,5.1483,4.8343
301192.SZ,20220421,20220331,-17.1608,-16.414,32.6172,2.1536
838837.BJ,20220427,20220331,5.7914,-14.7747,-33.758,1.913
873593.BJ,20220428,20220331,34.6603,39.941,37.9227,18.8131
831834.BJ,20220526,20220331,-10.9213,-31.149,-11.1113,2.2653
301139.SZ,20220620,20220331,64.6932,34.5402,-46.3345,2.5529
300078.SZ,20220429,20220331,17.2902,-1.6172,-37.0459,1.2934
000603.SZ,20220429,20220331,33.1547,369.4329,-64.1341,1.3514
601601.SH,20220429,20220331,-3.1131,-36.387,35.7472,2.4076
000605.SZ,20220430,20220331,0.5013,-19.9902,10.3043,0.3549
688329.SH,20220430,20220331,7.9102,-106.6679,14.4719,-0.231
002726.SZ,20220430,20220331,-45.6717,-89.0651,18.3492,1.4259
002736.SZ,20220430,20220331,-30.0045,-54.4522,-340.5001,0.7753
301233.SZ,20220609,20220331,-2.1076,-27.4626,16.6016,3.5583
000420.SZ,20220528,20220331,4.9183,-254.661,0.51,-2.1423
603076.SH,20220429,20220331,31.5704,-49.9418,-23.6315,0.7886
002640.SZ,20220430,20220331,-51.0075,-121.2781,-22.5864,-1.246
600490.SH,20220430,20220331,-57.0093,75.3291,2.7022,0.975
601857.SH,20220430,20220331,41.2096,40.9106,10.8325,3.0872
601456.SH,20220430,20220331,35.1501,20.053,-795.3443,1.1241
688682.SH,20220430,20220331,21.0999,-35.3054,-87.0655,0.0206
430556.BJ,20220528,20220331,11.0648,-48.5683,-26.7407,1.115
831278.BJ,20220528,20220331,15.1058,-0.7506,-12.1321,2.0748
830879.BJ,20220602,20220331,18.3919,23.1718,-34.0435,2.203
836395.BJ,20220510,20220331,27.908,44.0659,16.5447,12.6233
834639.BJ,20220513,20220331,-5.83,215.0897,-48.7064,0.4412
301160.SZ,20220513,20220331,26.3121,5.3657,-0.9464,4.9378
000712.SZ,20220430,20220331,-155.2348,-2490.2182,,-6.6074
600133.SH,20220430,20220331,27.0971,1.2854,-19.92,0.4115
600372.SH,20220430,20220331,19.6021,44.3707,-50.243,1.3322
600783.SH,20220430,20220331,-10.1488,193.5532,-161.4161,1.0657
002535.SZ,20220430,20220331,74.7533,105.1232,-14.0867,-0.3494
600191.SH,20220430,20220331,162.0846,-238.9114,-664.0275,-2.0715
301266.SZ,20220518,20220331,68.6256,-17.701,-25.4038,2.8413
835985.BJ,20220603,20220331,154.1362,284.0436,5.2739,2.3377
688175.SH,20220430,20220331,-26.9803,-60.2243,-101.9487,-0.7004
688711.SH,20220430,20220331,34.1737,-26.1261,-2.6176,1.1983
603326.SH,20220430,20220331,13.2335,15.6514,-40.1976,0.3489
605319.SH,20220430,20220331,23.1879,-36.3786,-30.0873,0.9543
600567.SH,20220430,20220331,16.5876,-57.7848,2.1988,1.0405
839790.BJ,20220430,20220331,15.1964,-36.6309,-18.632,0.5828
688349.SH,20220602,20220331,-2.9641,24.1833,-46.6753,14.465
300469.SZ,20220430,20220331,-67.8605,-21.3037,-257.0252,-19.3596
002432.SZ,20220430,20220331,6646.7935,37527.3467,58.5143,142.8308
002939.SZ,20220430,20220331,-55.9974,-125.7294,-128.6194,-0.4182
603661.SH,20220430,20220331,35.661,9.1323,-5.9204,2.2291
600682.SH,20220430,20220331,-5.2682,-23.9225,21.3363,1.1708
600319.SH,20220430,20220331,191312.3328,46.0582,-32.3259,-1.8813
871753.BJ,20220514,20220331,-6.1893,2955.0073,18.1597,0.6658
834062.BJ,20220429,20220331,65.9279,135.8355,-56.5758,0.7598
000920.SZ,20220430,20220331,-0.6608,101.2271,-0.7681,1.302
601007.SH,20220430,20220331,17.2951,31.7081,19.3985,-0.8661
833575.BJ,20220430,20220331,140.1297,-114.526,-66612.9546,-6.2955
603567.SH,20220430,20220331,38.074,1.7209,7.6942,1.8483
600928.SH,20220429,20220331,-18.5177,-14.1703,71.4245,2.1991
688221.SH,20220430,20220331,-1.6442,-32.1799,-606.8461,-3.7504
600250.SH,20220430,20220331,-43.407,-15.1905,-42.6096,-6.3563
002466.SZ,20220430,20220331,481.4089,1442.6486,72.9788,19.3276
688018.SH,20220430,20220331,6.8146,-18.0806,-12.7603,1.182
688567.SH,20220430,20220331,317.0867,-38.5545,-30.7139,-3.2303
600589.SH,20220430,20220331,-28.2884,-8.3381,-5.7165,-18.548
000620.SZ,20220429,20220331,5.9975,-18.1044,-2.0284,-20.7007
600595.SH,20220430,20220331,48.1695,144.5719,5.807,3.9937
002366.SZ,20220430,20220331,-25.9325,29.6186,2.174,
603887.SH,20220430,20220331,-1.6716,-56.9298,4.2568,0.391
603189.SH,20220430,20220331,3.516,9.7239,-24.2253,0.8948
000813.SZ,20220430,20220331,-8.8722,-52.5643,67.6475,0.5448
002168.SZ,20220430,20220331,-43.4427,13.556,23.2368,-32.6413
832171.BJ,20220430,20220331,-40.1257,5.6298,-544.4571,-2.256
601998.SH,20220430,20220331,4.076,10.9264,55.075,2.7329
870508.BJ,20220430,20220331,3.5346,-10.1263,-13.6256,2.3868
831087.BJ,20220531,20220331,-34.6489,-111.1314,7.0194,-1.326
600708.SH,20220429,20220331,-2.2607,-73.572,-8.8937,-0.0533
601766.SH,20220430,20220331,-26.2465,-83.6132,-29.4237,-0.1059
601963.SH,20220430,20220331,-12.9069,0.6447,-795.7537,2.9272
600601.SH,20220430,20220331,4.4804,1.9651,8.7295,
832802.BJ,20220510,20220331,-2.394,-3.8615,8.969,1.1527
601997.SH,20220429,20220331,2.4842,1.1813,-212.6289,2.9851
601788.SH,20220429,20220331,-34.4496,-4.3924,900.701,1.0789
832110.BJ,20220430,20220331,,,-1.1765,3.8057
601577.SH,20220429,20220331,12.0062,13.0531,-97.9376,3.2561
600791.SH,20220430,20220331,2278.0782,36.6443,-188.8427,-0.5904
600756.SH,20220430,20220331,44.7817,107.7006,-1.5519,0.014
000046.SZ,20220430,20220331,-72.3274,-433.7845,-1.2654,-12.3831
601377.SH,20220430,20220331,-69.3391,-86.9267,84.2746,0.0398
600501.SH,20220430,20220331,-16.5168,-181.3069,-204.8697,-0.533
600060.SH,20220430,20220331,-1.863,47.1744,12.2568,1.3772
603690.SH,20220430,20220331,136.9844,-70.778,-42.454,0.9491
301107.SZ,20220511,20220331,18.337,0.0624,12.7273,4.0568
601169.SH,20220430,20220331,2.0678,6.5961,16.6042,2.4503
600778.SH,20220430,20220331,-5.2868,-72.9439,19.0901,0.6767
600109.SH,20220429,20220331,-39.716,-73.8928,580.4271,0.4724
002607.SZ,20220429,20220331,-40.8907,-429.5856,49.3831,-28.3496
600938.SH,20220429,20220331,73.5158,131.6696,43.3629,6.8249
600880.SH,20220429,20220331,-11.4575,-34.6784,-13.6698,0.3179
601229.SH,20220429,20220331,2.9455,5.3922,214.9943,2.8021
688585.SH,20220430,20220331,13.6846,231.5512,-13.4487,1.8044
002948.SZ,20220430,20220331,-5.7384,21.7323,-588.3473,2.2254
603628.SH,20220430,20220331,31.5294,-39.7466,-1.9911,0.5554
601939.SH,20220430,20220331,7.2542,6.7689,206.6658,3.3736
600742.SH,20220430,20220331,-14.4078,-58.4016,14.0142,1.0475
600199.SH,20220430,20220331,17.0473,74.2118,-46.1884,-0.8092
603603.SH,20220430,20220331,-68.2361,-1216.2303,44.1818,
603021.SH,20220430,20220331,-17.7822,-2143.8769,-12.0307,-4.4333
002291.SZ,20220430,20220331,60.035,824.0032,-2.8413,1.4522
600016.SH,20220430,20220331,-14.9471,-6.937,388.1749,2.3591
600751.SH,20220430,20220331,-99.9596,-79.8428,69.1874,0.4862
000726.SZ,20220429,20220331,59.045,113.838,-1.0097,1.7037
603687.SH,20220429,20220331,19.8782,150.5154,3.5884,1.111
603039.SH,20220429,20220331,17.2631,-41.9482,-47.2565,0.0988
600287.SH,20220430,20220331,12.6018,382.7878,-10.6415,0.6593
603559.SH,20220430,20220331,-7.2846,15.6006,-0.4466,-3.0201
601162.SH,20220430,20220331,-45.9996,-194.7645,-80.1354,-0.364
002581.SZ,20220430,20220331,5.8407,-92.4788,-42.5442,-0.0247
601236.SH,20220430,20220331,-140.627,-407.0683,,-3.1412
601318.SH,20220430,20220331,-10.0991,-24.1156,80.642,2.5202
836871.BJ,20220513,20220331,-8.4687,-26.592,-4.7423,4.6452
301220.SZ,20220601,20220331,38.6023,79.2396,23.2792,4.0223
600996.SH,20220429,20220331,27.324,101.53,4.4901,-0.0932
600686.SH,20220429,20220331,9.0221,16.4694,-9.8319,-0.5387
600150.SH,20220429,20220331,30.3905,-43.4737,-17.1304,-0.1168
603708.SH,20220430,20220331,8.3157,1.9157,16.8889,5.599
600546.SH,20220430,20220331,14.9262,418.2332,17.7388,13.3522
688123.SH,20220430,20220331,50.7453,246.8977,30.7694,4.8092
600900.SH,20220430,20220331,9.7832,9.3435,40.414,1.6945
002543.SZ,20220430,20220331,4.9964,2.8688,-2.4814,4.1085
000826.SZ,20220430,20220331,-2.2978,-94.2797,0.7324,-2.3547
300556.SZ,20220430,20220331,11.716,-308.8004,-52.3974,-4.2177
000776.SZ,20220430,20220331,-42.6316,-48.7364,287.4546,1.1427
838171.BJ,20220514,20220331,18.9766,12.7918,-13.9557,4.6689
430476.BJ,20220524,20220331,0.153,-419.4045,-56.0199,-2.2801
600031.SH,20220429,20220331,-39.7582,-71.2936,9.9337,1.6886
839792.BJ,20220430,20220331,-13.7384,-12.6712,-7.4863,3.1336
600714.SH,20220430,20220331,133.7088,1034.9338,17.1814,4.4934
600571.SH,20220430,20220331,18.1083,-246.155,-67.7253,-0.7176
600009.SH,20220430,20220331,-2.9393,-16.5228,-16.6113,-1.8683
600114.SH,20220430,20220331,3.6865,-84.758,5.0244,-0.1098
600609.SH,20220430,20220331,-16.8106,-28.9831,-10.0714,3.5187
603221.SH,20220430,20220331,-13.6087,-212.649,18.2598,-0.7668
600961.SH,20220430,20220331,1.1228,-40.5388,3.9422,13.5129
603721.SH,20220430,20220331,17.2542,-126.6646,46.522,-0.4724
830809.BJ,20220429,20220331,619.456,15147.3604,20.7903,25.1081
603618.SH,20220430,20220331,32.4064,25.1505,-32.5016,0.8943
600621.SH,20220430,20220331,-18.4772,2.1596,591.0481,1.0889
603626.SH,20220430,20220331,-11.0554,-89.8777,9.6843,0.1364
600271.SH,20220430,20220331,13.4901,-79.0124,-32.3333,0.4885
600847.SH,20220430,20220331,-27.1052,-985.2193,-8.3771,-1.6665
002558.SZ,20220430,20220331,2.3899,-15.4163,18.6335,3.2783
600743.SH,20220430,20220331,-38.3,-373.3787,-1.989,-0.6042
600820.SH,20220430,20220331,11.1616,-9.6471,-24.5484,1.0826
603301.SH,20220430,20220331,-36.5865,-55.9856,9.3621,2.4293
600689.SH,20220430,20220331,-28.4712,-68.4078,14.4444,0.1628
605339.SH,20220430,20220331,1.9352,-45.7016,11.9963,1.6226
605123.SH,20220430,20220331,87.6842,64.569,-7.9758,5.5721
601816.SH,20220430,20220331,-1.1311,-31.5686,24.2028,0.1177
000981.SZ,20220430,20220331,28.9156,363.497,-62.263,-6.9556
871634.BJ,20220624,20220331,-9.6059,-30.4406,-6.048,2.7438
301319.SZ,20230421,20220331,,,0.6997,5.7258
834014.BJ,20220618,20220331,9.0174,9.5618,-25.2505,0.9636
872351.BJ,20220623,20220331,38.9412,-9.2846,-8.2916,3.7508
832023.BJ,20220609,20220331,0.5557,-54.4252,38.3181,
833914.BJ,20220526,20220331,12.7363,-10.734,-18.8522,4.2702
836414.BJ,20220624,20220331,23.7711,49.4245,1.4146,3.7405
601136.SH,20220707,20220331,13.2254,65.5338,-828.413,
301230.SZ,20230426,20220331,,,26.4592,2.7528
873339.BJ,20220624,20220331,57.0817,208.4482,6.9983,11.2533
301299.SZ,20230419,20220331,,,7.441,9.1827
834950.BJ,20220616,20220331,4.1109,-27.362,-2.9969,8.2594
872190.BJ,20220625,20220331,17.4482,-6.686,-46.2083,2.7698
301363.SZ,20230418,20220331,,,10.5055,4.6243
688053.SH,20220621,20220331,22.0583,4.2684,-9.5893,5.4673
001309.SZ,20220620,20220331,15.4922,11.3826,-28.9432,3.0792
831526.BJ,20220602,20220331,-12.6778,-40.9058,6.0915,3.3232
837663.BJ,20220621,20220331,20.5874,18.6074,24.6285,6.0217
833781.BJ,20220430,20220331,50.7218,45.3092,-103.4415,-1.1919
835892.BJ,20220621,20220331,4.1082,10.982,-10.1086,9.6576
688361.SH,20230518,20220331,,,14.1553,-5.8836
688432.SH,20230427,20220331,,,32.0913,2.5939
430685.BJ,20220528,20220331,21.0397,21.5811,-14.9716,3.4524
301161.SZ,20230428,20220331,,,0.3239,5.7441
301333.SZ,20220720,20220331,18.2805,15.3874,2.4646,6.0117
301152.SZ,20220722,20220331,100.8346,59.7903,-18.8935,
301246.SZ,20230428,20220331,,,22.5974,9.9401
301336.SZ,20220729,20220331,-16.5655,-11.0046,-8.071,3.1669
301369.SZ,20230425,20220331,,,30.0793,4.5715
301317.SZ,20230427,20220331,,,3.2261,4.752
873001.BJ,20221213,20220331,15.5203,19.3812,23.0556,3.9371
872808.BJ,20220524,20220331,-45.5302,0.6582,5987.4891,-4.0815
688252.SH,20230427,20220331,,,-9.0,6.1814
301379.SZ,20230428,20220331,,,12.1513,5.1962
430139.BJ,20220617,20220331,6.4353,27.2744,36.5708,2.1558
688382.SH,20220706,20220331,,-79.1997,,-19.075
688373.SH,20220719,20220331,,-44.1412,-557.6554,-13.2831
001229.SZ,20220719,20220331,15.0072,7.8523,-11.688,4.1902
301318.SZ,20220719,20220331,,,6.9796,4.8408
834770.BJ,20220607,20220331,53.1156,302.2004,14.8212,3.9597
833075.BJ,20220528,20220331,19.2351,1.4222,-12.0629,4.13
001268.SZ,20220613,20220331,8.0908,9.3815,-1.0223,5.1589
872392.BJ,20220622,20220331,-10.2155,-2.3276,15.8248,3.4437
688047.SH,20220607,20220331,-37.0792,-41.738,-104.594,0.7189
834033.BJ,20220621,20220331,39.3527,61.9509,14.5628,6.3627
836270.BJ,20220617,20220331,7.2143,46.6238,-9.9008,3.6093
301234.SZ,20220622,20220331,20.046,8.2833,11.2941,4.0117
301312.SZ,20220627,20220331,25.6991,62.4225,52.0853,7.8321
001230.SZ,20220627,20220331,-6.6913,-23.2935,9.0637,3.7781
832662.BJ,20220526,20220331,22.5136,-13.4352,17.5442,3.2634
872709.BJ,20220616,20220331,28.1831,43.3765,-56.1365,5.2232
835237.BJ,20220614,20220331,-3.8713,-24.2933,-9.5978,3.1648
000971.SZ,20220702,20220331,-34.2541,-225.2238,-53.7311,-6.8165
836942.BJ,20220618,20220331,-10.7468,-40.2606,8.1216,3.631
873152.BJ,20220615,20220331,23.6136,-28.118,-71.8759,3.2817
831906.BJ,20220608,20220331,-17.1296,-38.2459,10.9809,2.404
873122.BJ,20220629,20220331,-4.9333,-78.014,22.8081,0.1152
301227.SZ,20230428,20220331,,,-48.1461,-1.1174
832876.BJ,20220527,20220331,-0.8241,-84.202,-7.5442,-0.2569
873527.BJ,20220609,20220331,15.5988,22.7886,-32.5928,1.821
838227.BJ,20220514,20220331,-1.9504,-11.8846,29.6888,6.0141
835857.BJ,20220527,20220331,88.1299,121.2205,-28.0881,1.5551
688205.SH,20220721,20220331,23.066,9.6619,12.7561,4.6701
430017.BJ,20220525,20220331,-17.6722,0.7738,5.6295,0.6508
836247.BJ,20220520,20220331,-7.296,-66.9736,11.787,2.8359
831641.BJ,20220621,20220331,86.4468,180.7883,-11.7124,6.4887
872895.BJ,20220429,20220331,-18.4911,-38.8395,-58.9483,3.0564
831152.BJ,20220629,20220331,23.5329,293.0538,7.1771,1.476
872541.BJ,20220430,20220331,44.9176,-24.7069,-13.467,2.4182
872374.BJ,20220430,20220331,-38.2339,-76.5239,1.9167,1.1347
870866.BJ,20220712,20220331,-1.9114,-31.3316,-38.9143,1.2429
603235.SH,20220623,20220331,-5.4279,-13.4218,21.6626,8.1132
301306.SZ,20220706,20220331,16.5966,-13.4106,-25.1027,1.9952
301327.SZ,20230426,20220331,,,-15.4805,13.1683
832149.BJ,20220624,20220331,51.2085,38.0466,-5.9223,4.7747
301269.SZ,20220711,20220331,51.8609,64.3442,135.7896,-1.0494
688253.SH,20220711,20220331,-46.1232,-61.8545,18.8165,2.0565
831855.BJ,20220611,20220331,3.1636,-28.6804,-5.5679,2.1785
301289.SZ,20220609,20220331,-5.4063,-14.6461,19.4804,4.1721
603255.SH,20220711,20220331,23.2061,12.1738,13.8928,4.6606
301321.SZ,20220430,20220331,15.739,-19.1439,-0.427,1.7447
834261.BJ,20220723,20220331,-13.8541,-25.0583,-4.6912,5.9205
430425.BJ,20220603,20220331,-29.0257,-34.7957,-28.6446,4.8626
688231.SH,20220701,20220331,46.7628,1156.963,-70.2058,2.4225
836422.BJ,20220601,20220331,71.0856,200.4252,-8.068,8.4785
831195.BJ,20220430,20220331,2.055,-56.4621,-16.68,2.579
833230.BJ,20220716,20220331,41.502,87.0471,33.8863,9.9567
603201.SH,20220718,20220331,6.5797,16.0788,9.419,4.3454
834407.BJ,20220624,20220331,25.1716,53.2868,8.3562,3.4369
688271.SH,20220729,20220331,20.044,1.8884,-31.4045,5.1651
301280.SZ,20230428,20220331,,,-13.9852,5.4965
873305.BJ,20221207,20220331,-9.7669,-47.9692,22.1551,2.3211
839371.BJ,20220628,20220331,19.322,122.6383,8.319,4.6536
001323.SZ,20220606,20220331,0.197,-9.0719,-25.0692,4.706
837821.BJ,20220609,20220331,41.859,-65.7178,1.1106,0.6914
688480.SH,20230425,20220331,,,-35.853,1.2571
839273.BJ,20220708,20220331,-9.9451,32.0819,12.5077,4.0412
838971.BJ,20220531,20220331,10.0961,22.3529,13.3551,6.8361
838262.BJ,20220622,20220331,-33.0055,-13.4887,5.7047,1.1372
430300.BJ,20220621,20220331,-11.0948,-235.8457,-104.9333,-1.0791
688448.SH,20230428,20220331,,,5.3528,-1.3724
688392.SH,20230426,20220331,,,-52.477,
835207.BJ,20220630,20220331,27.6579,144.9965,-71.6527,0.0507
870199.BJ,20220614,20220331,149.1762,74.7195,-11.687,11.117
870357.BJ,20220630,20220331,47.117,66.2349,2.9709,9.211
830974.BJ,20220525,20220331,52.1926,-6.722,-10.8479,4.4304
836807.BJ,20220608,20220331,-12.4937,-45.5388,-20.5256,3.8568
430718.BJ,20220727,20220331,18.912,-47.5839,-1.9425,2.2128
688409.SH,20230428,20220331,,,0.1432,2.8704
301223.SZ,20230424,20220331,,,11.4082,3.9263
301389.SZ,20230427,20220331,,,42.1151,5.935
301316.SZ,20230428,20220331,,,-16.5204,1.4822
832471.BJ,20220430,20220331,77.5597,77.3365,38.0284,5.7432
688137.SH,20230427,20220331,,,7.9926,10.4943
688426.SH,20220929,20220331,42.0796,6.3715,27.6745,
688061.SH,20230428,20220331,,,0.5177,6.6132
301273.SZ,20230427,20220331,,,-106.1016,-3.3529
833455.BJ,20220429,20220331,10.9379,15.4006,-16.1154,3.9559
301356.SZ,20230427,20220331,,,15.1705,6.8221
833394.BJ,20220430,20220331,17.7225,114.5385,37.5378,3.8604
301311.SZ,20230425,20220331,,,-137.6877,0.4899
688291.SH,20230414,20220331,,,9.7892,4.063
688489.SH,20230426,20220331,,,-162.989,-2.9554
836699.BJ,20220430,20220331,16.0975,-12.3956,17.8125,10.2142
688244.SH,20230429,20220331,,,-126.7725,-3.973
836221.BJ,20220701,20220331,40.6249,2.9531,9.7408,4.7333
688073.SH,20230420,20220331,,,-36.7406,
301376.SZ,20230601,20220331,,,-6.235,3.0088
301349.SZ,20230421,20220331,,,-3.5415,
688352.SH,20230419,20220331,,,29.8494,2.5664
603065.SH,20230420,20220331,,,0.8152,
001258.SZ,20230420,20220331,,,28.8947,
301307.SZ,20230421,20220331,,,21.3837,
601121.SH,20230418,20220331,,,130.2352,
688362.SH,20230421,20220331,,,25.6211,
301270.SZ,20230420,20220331,,,-10.279,
688522.SH,20230418,20220331,,,-77.6701,
301105.SZ,20230421,20220331,,,-23.2111,
603137.SH,20230418,20220331,,,-39.8167,13.3434
688114.SH,20230425,20220331,,,9.4004,
688478.SH,20230421,20220331,,,-96.7501,-0.8813
301209.SZ,20230424,20220331,,,14.4759,
301419.SZ,20230424,20220331,,,11.9734,
301115.SZ,20230424,20220331,,,-30.3572,
301303.SZ,20230424,20220331,,,-4.5669,
301283.SZ,20230425,20220331,,,1.2938,
603052.SH,20230425,20220331,,,14.0142,
301255.SZ,20230425,20220331,,,-2.1646,
301276.SZ,20230424,20220331,,,21.4971,
001366.SZ,20230425,20220331,,,-27.2822,
831304.BJ,20230425,20220331,,,33.5626,
301331.SZ,20230422,20220331,,,-2.788,
688420.SH,20230425,20220331,,,-113.3283,
301328.SZ,20230425,20220331,,,11.5846,
688531.SH,20230425,20220331,,,-22.9272,
301205.SZ,20230425,20220331,,,5.9028,
688147.SH,20230425,20220331,,,-22.8398,
301322.SZ,20230426,20220331,,,3.0049,
301301.SZ,20230425,20220331,12.7641,74.1003,0.3044,2.0924
001333.SZ,20230425,20220331,27.6818,-32.5521,-10.9955,
301368.SZ,20230425,20220331,,,6.7372,
001322.SZ,20230425,20220331,,,-65.5085,
688381.SH,20230422,20220331,,,17.6905,
301365.SZ,20230425,20220331,,,-5.6139,
301157.SZ,20230425,20220331,,,5.5505,
301358.SZ,20230425,20220331,1092.0447,1772.9327,-7.8758,
688035.SH,20230422,20220331,,,-14.3375,
688351.SH,20230422,20220331,,,-1.4391,
301361.SZ,20230426,20220331,,,-1.8044,
688502.SH,20230425,20220331,,,14.0747,
601059.SH,20230422,20220331,,,456.614,
301165.SZ,20230426,20220331,,,-49.6382,
301290.SZ,20230425,20220331,,,5.7583,
603151.SH,20230425,20220331,,,-13.3851,
001260.SZ,20230426,20220331,,,13.7656,
301380.SZ,20230426,20220331,,,14.9302,
301378.SZ,20230426,20220331,,,-105.7912,
301360.SZ,20230424,20220331,,,-143.3016,-2.617
001278.SZ,20230426,20220331,,,19.0144,
301314.SZ,20230425,20220331,,,28.2961,
001255.SZ,20230425,20220331,,,-10.937,
603291.SH,20230426,20220331,,,-5.6364,
301345.SZ,20230425,20220331,,,-32.2864,
603135.SH,20230425,20220331,,,-3.7938,
301391.SZ,20230426,20220331,24.6166,47.3182,11.1964,
688132.SH,20230428,20220331,,,-1.7903,-5.9976
301309.SZ,20230428,20220331,,,-3.5948,
001299.SZ,20230426,20220331,,,-7.1356,
688433.SH,20230428,20220331,,,-8.0741,
688484.SH,20230427,20220331,,,24.7014,
688146.SH,20230428,20220331,,,5.7103,
603163.SH,20230428,20220331,,,-26.6746,
603153.SH,20230428,20220331,,,-75.8378,
688507.SH,20230428,20220331,,,-259.4637,
603280.SH,20230428,20220331,,,-49.1179,
688249.SH,20230504,20220331,,,96.5812,14.0447
603282.SH,20230429,20220331,,,-20.1249,
001287.SZ,20230429,20220331,,,-27.8068,
301262.SZ,20230531,20220331,,,-48.7179,5.0571
001256.SZ,20230429,20220331,-14.383,-13.0474,-3.6465,
688141.SH,20230429,20220331,,,-126.4811,
688334.SH,20230530,20220331,,,0.8816,0.2745
603237.SH,20230429,20220331,,,3.6977,
688581.SH,20230518,20220331,,,23.9402,9.8393
688623.SH,20230519,20220331,,,-88.65,3.5156
301332.SZ,20230517,20220331,,,-20.8052,1.511
688570.SH,20230517,20220331,,,-6.1214,7.4099
301428.SZ,20230518,20220331,,,-13.4519,1.4642
301355.SZ,20230522,20220331,,,13.6587,2.4795
301310.SZ,20230516,20220331,,,-4.4019,5.4132
688410.SH,20230428,20220331,,,-9.2062,
301373.SZ,20230428,20220331,,,15.422,
688562.SH,20230523,20220331,,,-65.3477,-0.5883
001367.SZ,20230429,20220331,,,-21.5176,
688293.SH,20230428,20220331,,,3.2421,
301315.SZ,20230601,20220331,,,-79.6945,1.523
688629.SH,20230606,20220331,,,-56.7135,-1.2047
301287.SZ,20230601,20220331,,,1.3584,6.4954
832214.BJ,20230610,20220331,,,-28.0064,
688593.SH,20230515,20220331,,,-6.7142,5.2602
688631.SH,20230607,20220331,,,-424.4414,-5.728
688429.SH,20230608,20220331,,,-5.6197,
688376.SH,20230429,20220331,25.9366,15.91,-1.2267,
301297.SZ,20230427,20220331,,,23.848,
688143.SH,20230428,20220331,,,42.5727,
603190.SH,20230427,20220331,,,11.0966,
603307.SH,20230428,20220331,,,6.6482,
688370.SH,20230428,20220331,,,9.9058,
838670.BJ,20230428,20220331,,,-47.9426,
301390.SZ,20230505,20220331,,,-226.3705,-0.6171
301305.SZ,20230522,20220331,,,12.9875,3.4391
001311.SZ,20230428,20220331,,,1.5606,
301335.SZ,20230428,20220331,,,0.0946,
688469.SH,20230509,20220331,,,0.978,-8.6389
601022.SH,20230428,20220331,15.2715,36.3317,23.3724,
839719.BJ,20230505,20220331,,,-6.608,
688031.SH,20230428,20220331,,,-539.1022,
688343.SH,20230429,20220331,,,-329.191,
301141.SZ,20230428,20220331,,,3.6546,
688416.SH,20230428,20220331,,,-196.3991,
833943.BJ,20230428,20220331,29.0038,-27.2087,-13.1951,
688275.SH,20230428,20220331,,,-15.1276,
301396.SZ,20230428,20220331,,,-424.6881,
603130.SH,20230428,20220331,,,-21.0922,
301387.SZ,20230428,20220331,,,-0.0241,
688506.SH,20230429,20220331,,,-78.4637,
873727.BJ,20230608,20220331,,,-3.4057,
001225.SZ,20230429,20220331,,,-27.5099,
873690.BJ,20230429,20220331,,,37.6621,
688479.SH,20230510,20220331,,,6.1157,6.0139
688552.SH,20230517,20220331,,,-586.816,-3.2994
603281.SH,20230429,20220331,108.7541,200.8537,26.4346,
301448.SZ,20230606,20220331,,,-10.7175,3.8718
301353.SZ,20230517,20220331,,,15.4352,4.9905
301252.SZ,20230511,20220331,,,-1.6721,5.9187
301382.SZ,20230516,20220331,,,-55.4687,4.3787
001283.SZ,20230429,20220331,,,2.8316,
832063.BJ,20230615,20220331,,,-28.628,
301337.SZ,20230525,20220331,,,-46.3203,0.9445
830779.BJ,20230506,20220331,,,66.7312,
001373.SZ,20230518,20220331,,,9.856,4.522
688458.SH,20230519,20220331,,,-36.0026,-1.8208
301383.SZ,20230519,20220331,,,-40.3703,1.8831
688372.SH,20230429,20220331,,,42.6074,
301421.SZ,20230525,20220331,,,5.7246,2.6247
831406.BJ,20230603,20220331,,,-101.0543,
301320.SZ,20230519,20220331,,,3.3614,3.4483
688443.SH,20230601,20220331,,,-1099483.9035,-26.6381
688602.SH,20230703,20220331,,,15.4106,3.115
873749.BJ,20230428,20220331,,,-112.5381,
873570.BJ,20230518,20220331,54.8139,1.1664,-21.4494,
832522.BJ,20230622,20220331,,,-62.6269,
870656.BJ,20230629,20220331,,,9.6432,
837023.BJ,20230610,20220331,,,-66.4726,
688530.SH,20230711,20220331,,,,
600530.SH,20220428,20220331,-1.566,-67.0946,-7.7644,0.5803
300490.SZ,20220428,20220331,52.0277,-456.605,-82.9984,-0.5077
001979.SZ,20220428,20220331,48.3632,-33.7153,-17.6574,0.2527
688619.SH,20220427,20220331,-75.5819,-711.598,-696.8759,-1.0411
603501.SH,20220427,20220331,-10.8434,-13.8954,-14.3971,5.4179
300462.SZ,20220427,20220331,-37.3153,-352.2246,-22.8186,-1.1782
600853.SH,20220429,20220331,29.3954,68.7249,-140.0671,0.1341
603880.SH,20220429,20220331,0.96,-26.3066,-3.5545,1.0394
300839.SZ,20220426,20220331,24.9172,158.0337,-19.9777,2.3138
600510.SH,20220426,20220331,-56.7215,-86.1308,-215.4166,0.2466
832786.BJ,20220429,20220331,-0.8663,112.0363,-6.264,5.3734
838701.BJ,20220429,20220331,7.8462,107.7218,24.7058,3.859
831627.BJ,20220430,20220331,-9.1559,-40.8208,-26.471,2.5374
301172.SZ,20230704,20220331,132.9901,152.0731,-222.1314,0.3038
834058.BJ,20220510,20220331,-35.0044,-27.6516,-2.6746,9.5386
601398.SH,20220430,20220331,6.5229,5.7191,483.9193,2.7106
832982.BJ,20220518,20220331,28.9756,-6.6981,27.1778,4.1088
688603.SH,20230616,20220331,,,4.371,4.5181
430478.BJ,20220611,20220331,77.7344,236.613,25.2187,6.5282
837748.BJ,20220622,20220331,72.0612,12.5561,-68.7384,-6.3845
833429.BJ,20220618,20220331,44.468,243.3712,-47.5033,1.7628
839493.BJ,20220615,20220331,53.5601,-150.5816,-57.1004,-12.1683
301285.SZ,20230426,20220331,,,23.1982,4.4787
688428.SH,20230510,20220331,138.0157,20.0091,-115.8374,-2.4149
836208.BJ,20220616,20220331,-14.4318,-38.3985,-114.8693,1.4996
301329.SZ,20230620,20220331,-3.8894,-9.4168,10.6472,3.2841
301295.SZ,20230606,20220331,,,-2.3103,5.7848
301393.SZ,20230620,20220331,,,15.8977,8.5408
833171.BJ,20220518,20220331,15.8961,29.1501,35.7959,9.268
837592.BJ,20220615,20220331,5.5373,-2.0659,-243.2172,-6.1107
688347.SH,20230718,20220331,,,33.3559,3.4174
872953.BJ,20220712,20220331,12.287,-3.0439,-228.6035,
688716.SH,20220916,20220331,,,8.84,3.6339
873726.BJ,20220616,20220331,,,59.2581,13.1238
870840.BJ,20220511,20220331,23.5946,20.941,-24.0154,2.0673
873739.BJ,20220712,20220331,95.0936,141.9345,-4.8399,
839036.BJ,20220716,20220331,-26.8009,-70.9448,6.9039,
873689.BJ,20230603,20220331,,,23.4499,
001326.SZ,20230504,20220331,,,19.1965,13.1623
603119.SH,20230711,20220331,,,6.6661,6.5389
301395.SZ,20230608,20220331,,,1.9195,4.4109
001376.SZ,20230505,20220331,47.1598,-14.7299,5.537,
301509.SZ,20230714,20220331,,,24.096,4.6192
836717.BJ,20230513,20220331,,,35.5451,
688582.SH,20230609,20220331,,,-35.3214,-1.3498
833030.BJ,20230530,20220331,,,-30.9093,
688548.SH,20230727,20220331,,,33.414,1.2176
603273.SH,20230602,20220331,,,-14.0926,1.5527
831175.BJ,20230524,20220331,,,-81.672,
832469.BJ,20230519,20220331,,,-10.0558,
301533.SZ,20230725,20220331,,,-17.958,2.4771
688653.SH,20230606,20220331,,,41.035,0.5717
301558.SZ,20230519,20220331,,,,8.7556
688719.SH,20230606,20220331,,,-56.5532,-6.0355
301291.SZ,20230608,20220331,,,0.3143,1.8613
301505.SZ,20230629,20220331,,,4.0696,0.7385
601096.SH,20230630,20220331,,,-1.3168,
603276.SH,20230625,20220331,,,,
836504.BJ,20230523,20220331,,,-59.6147,
301529.SZ,20230525,20220331,,,12.589,3.4515
301517.SZ,20230525,20220331,,,-17.12,1.4921
301548.SZ,20230526,20220331,,,-13.5867,2.8851
301520.SZ,20230526,20220331,,,-14.3243,4.283
301516.SZ,20230629,20220331,,,14.2911,
301486.SZ,20230615,20220331,,,34.572,3.1289
832651.BJ,20230428,20220331,,,3.5233,
301498.SZ,20230727,20220331,,,-16.6,2.9582
603075.SH,20230601,20220331,,,5.6796,
301488.SZ,20230612,20220331,,,26.5904,5.0819
833751.BJ,20230525,20220331,,,-5.6108,
001389.SZ,20230629,20220331,,,27.8963,
301367.SZ,20230427,20220331,,,19.7767,9.4627
603296.SH,20230720,20220331,,,4.8637,0.8655
001378.SZ,20230511,20220331,,,3.1187,6.0092
870726.BJ,20230513,20220331,,,28.5374,
301519.SZ,20230707,20220331,,,-160.0832,0.0096
836419.BJ,20230513,20220331,,,-26.4959,
001306.SZ,20230518,20220331,,,6.4921,2.7105
832175.BJ,20230511,20220331,,,29.733,
301372.SZ,20230721,20220331,,,-22.5607,-5.292
301362.SZ,20230717,20220331,,,34.3754,3.2301
301348.SZ,20230719,20220331,,,38.9159,1.6906
301511.SZ,20230725,20220331,,,0.3448,6.0218
870976.BJ,20230429,20220331,,,-14.0477,
300904.SZ,20230721,20220331,,,-11.4566,-2.9825
301202.SZ,20230614,20220331,33.4358,422.7363,16.8525,2.0916
688627.SH,20230629,20220331,,,-1290.0394,-3.4996
301397.SZ,20230602,20220331,,,21.9829,5.9051
301559.SZ,20230602,20220331,,,16.3855,6.4713
301170.SZ,20230605,20220331,,,0.1199,1.9203
300804.SZ,20230605,20220331,,,7.3906,5.2219
837174.BJ,20230606,20220331,,,-26.1758,
688610.SH,20230628,20220331,,,-69.7112,4.9488
688651.SH,20230707,20220331,,,-11.1804,-3.2647
301210.SZ,20230609,20220331,30.4156,-13.3288,-3.032,3.9009
301550.SZ,20230526,20220331,,,42.9415,6.1892
688549.SH,20230621,20220331,,,23.359,
301292.SZ,20230612,20220331,,,1.3495,16.0769
603361.SH,20230609,20220331,,,,4.7957
301261.SZ,20230614,20220331,,,-17.8238,3.4998
603375.SH,20230613,20220331,,,-46.1645,4.167
873679.BJ,20230510,20220331,,,24.6422,
873576.BJ,20230510,20220331,,,2.7058,
301515.SZ,20230703,20220331,,,-93.0395,0.2362
001358.SZ,20230518,20220331,,,13.9356,16.2954
301446.SZ,20230707,20220331,,,-5.966,7.4987
688620.SH,20230605,20220331,,,-73.3403,0.112
832978.BJ,20230531,20220331,,,7.8777,
688671.SH,20230721,20220331,,,-86.2154,-0.9416
301459.SZ,20230615,20220331,,,,4.2862
301577.SZ,20230615,20220331,,,-3.445,2.9754
301370.SZ,20230616,20220331,,,10.7334,1.8683
688573.SH,20230728,20220331,,,-150.0877,-9.971
688450.SH,20230705,20220331,,,-36.0151,-8.4922
301512.SZ,20230706,20220331,,,239.1463,0.239
688612.SH,20230707,20220331,,,-3.0829,7.2636
601083.SH,20230706,20220331,,,31.3212,
874018.BJ,20230614,20220331,,,12.1481,
301413.SZ,20230703,20220331,,,14.9908,
873806.BJ,20230428,20220331,,,-42.5214,
831627.BJ,20220430,20220331,-9.1559,-40.8208,-26.471,2.5374
873693.BJ,20220708,20220331,9.6985,69.4268,10.9754,
872931.BJ,20230622,20220331,,,-28.381,
000627.SZ,20220430,20220331,42.7726,-34.3936,-22.9357,0.6796
874096.BJ,20230712,20220331,,,2.8238,
873911.BJ,20221025,20220331,,,-38.7215,-1.0543
874400.BJ,20220927,20220331,,,-10.5134,7.1974
603207.SH,20230706,20220331,,,,16.5549
920008.BJ,20230429,20220331,,,-68.7009,
603091.SH,20220930,20220331,,,-4.5026,7.7418
301600.SZ,20221111,20220331,,,-19.4816,5.5985
920016.BJ,20230509,20220331,,,-19.9632,
688615.SH,20230728,20220331,27.1115,18.1766,42.345,
920099.BJ,20230613,20220331,,,23.7878,
920019.BJ,20230608,20220331,,,-3.4057,
301618.SZ,20230518,20220331,,,1.4137,2.5861
000832.SZ,20220428,20220331,,85.5808,,
301522.SZ,20230721,20220331,,,,
920088.BJ,20230429,20220331,,,3.1844,
301631.SZ,20230601,20220331,,,1.8835,8.7957
920060.BJ,20230527,20220331,,,13.2624,
301622.SZ,20220920,20220331,,,25.7717,7.5307
301585.SZ,20220930,20220331,,,20.8678,6.4092
001391.SZ,20230703,20220331,,,0.0018,6.4006
603072.SH,20230608,20220331,59.4246,-2.0282,-3.6681,3.9837
873989.BJ,20221101,20220331,,,-0.7658,2.868
301458.SZ,20220929,20220331,,,10.0791,5.312
873981.BJ,20230621,20220331,,,-45.2533,
301557.SZ,20230413,20220331,,,,0.9202
302132.SZ,20220428,20220331,-1.631,-37.2448,-42.6638,1.1038
001335.SZ,20220930,20220331,,,-0.2999,5.3146
603120.SH,20230619,20220331,,,,4.5629
001400.SZ,20230518,20220331,31.7038,71.8439,12.5849,11.2142
920682.BJ,20220429,20220331,11.5332,32.1976,-20.5979,1.4538
920167.BJ,20220428,20220331,73.6082,-46.4241,-43.4692,2.8286
920489.BJ,20220429,20220331,71.5001,207.1757,2.7347,2.6609
920445.BJ,20220427,20220331,47.6152,32.9331,19.3953,3.536
920819.BJ,20220430,20220331,33.5135,178.9193,7.6195,5.1463
920799.BJ,20220430,20220331,59.1757,16.5757,-78.6484,0.6733
839123.BJ,20220428,20220331,643.2226,54.6041,165.2923,-1.4481
833755.BJ,20220518,20220331,-14.758,-37.909,30.7086,2.6145
831378.BJ,20220611,20220331,-27.0851,-26.4309,39.005,1.7624
839483.BJ,20220616,20220331,24.0522,23.76,-143.358,-2.5161
831394.BJ,20220607,20220331,-18.214,-159.0045,-97.2366,1.1082
870804.BJ,20220603,20220331,37.6849,31.2029,83.0974,3.8867
430623.BJ,20220429,20220331,30.1625,213.8408,-52.9193,1.4058
836027.BJ,20230701,20220331,,,-6.9977,
831237.BJ,20230520,20220331,,,-23.4323,
870790.BJ,20230607,20220331,,,-131.7006,
833179.BJ,20230609,20220331,,,8.2992,
834684.BJ,20230525,20220331,,,-7.3056,
833444.BJ,20230530,20220331,,,-26.5539,
430566.BJ,20230513,20220331,-14.682,82.6309,19.7216,
839255.BJ,20230429,20220331,,,-19.1492,
837305.BJ,20220430,20220331,13.3145,8.2597,3.5939,9.6834
833936.BJ,20220525,20220331,-20.4647,-39.8092,-29.0784,2.4259
837078.BJ,20220629,20220331,-40.8057,-309.2626,-315.0738,-3.4974
870298.BJ,20220728,20220331,-22.8855,44.4906,-524.7145,-5.0883
831827.BJ,20220528,20220331,-18.2237,-113.6817,-25.3738,-1.0444
831928.BJ,20220624,20220331,10.7422,377.6266,14.6917,25.0559
837567.BJ,20220624,20220331,-28.1267,332.7904,-9.8301,0.7448
430369.BJ,20220603,20220331,-6.3068,-2263.7437,-39.455,-1.5688
832075.BJ,20220603,20220331,3.1466,-38.2143,-59.3064,0.6793
837341.BJ,20220430,20220331,80.1168,14794.8204,21.3293,4.3512
833665.BJ,20220601,20220331,-71.1004,-546.7497,-457.3512,-3.4354
833464.BJ,20220628,20220331,,-28.0802,,-12.432
835401.BJ,20220702,20220331,53.2731,65.6454,-24.5365,2.0659
830877.BJ,20220610,20220331,41.2306,2.9274,25.4284,6.6502
871451.BJ,20220614,20220331,33.9696,497.0322,-44.4111,4.9921
836479.BJ,20220628,20220331,-69.3229,267.6735,155.5637,-0.0243
838504.BJ,20220615,20220331,-18.0984,-43.8645,0.1977,
834218.BJ,20220615,20220331,22.6438,-11024.9046,1.9934,-5.7623
870710.BJ,20220628,20220331,-18.397,-48.0666,24.4234,0.0398
835363.BJ,20220514,20220331,4.7455,66.0444,-27.6686,3.687
836312.BJ,20220603,20220331,30.026,131.0625,34.9043,8.5678
872249.BJ,20220616,20220331,36.0327,3.3232,-14.3037,7.6806
430208.BJ,20220616,20220331,20.3943,-42.5297,-113.3938,-5.3832
837506.BJ,20220618,20220331,32.2572,-53.4594,-10.1492,0.1253
430034.BJ,20220621,20220331,-1.456,-38.7674,-3.0134,2.0498
839559.BJ,20220621,20220331,0.1768,-55.2645,11.1585,1.9196
838394.BJ,20220520,20220331,-1.889,-26.1949,-29.8251,6.8827
831275.BJ,20220622,20220331,-6.9155,7.6858,27.1346,3.9326
871167.BJ,20220426,20220331,15.2435,17.5705,1.1056,2.1304
871181.BJ,20220426,20220331,248.9866,118.0404,19.2112,
835333.BJ,20220429,20220331,18.7241,-12.0847,16.2303,4.7986
830978.BJ,20220427,20220331,35.801,-172.7879,7.1506,-2.488
430588.BJ,20220427,20220331,0.4031,-10.1403,27.1926,4.716
838804.BJ,20220428,20220331,-18.0727,-193.8311,-10.8195,-1.9805
838641.BJ,20220429,20220331,56.8245,238.8056,-9.925,1.3374
831463.BJ,20220628,20220331,16.331,301.5511,-55.2086,0.0295
871757.BJ,20230511,20220331,-43.2503,-166.2216,-81.198,
872230.BJ,20220430,20220331,30.3326,648.6088,-67.1531,0.4554
830818.BJ,20220622,20220331,8.4255,0.8509,4.2172,1.3887
832646.BJ,20220430,20220331,-5.6879,56.3386,-16.634,2.3855
430046.BJ,20220430,20220331,43.1264,17.9923,-65.241,0.3798
870801.BJ,20220430,20220331,53.0784,-34.9114,-36.2218,3.1028
839181.BJ,20220531,20220331,121.9636,20.8821,-21.5303,1.2589
832350.BJ,20220625,20220331,7.3978,20.1061,-2.2076,4.1574
873233.BJ,20220629,20220331,18.5661,-50.2613,-27.9467,1.4274
831511.BJ,20220510,20220331,-24.3252,100.228,37.6212,1.9837
870512.BJ,20220614,20220331,69.4408,-68.9881,-19.0821,4.057
430555.BJ,20220621,20220331,11.212,89.1184,5.6819,2.1681
833243.BJ,20220621,20220331,105.8251,679.2399,-56.411,
836625.BJ,20220622,20220331,5.3599,-27.5043,-3.8846,3.8308
430372.BJ,20220414,20220331,39.8191,16.1664,20.9358,6.4148
600930.SH,20221118,20220331,46.2288,21.2942,54.3735,3.5398
873864.BJ,20221020,20220331,,,-11.0581,1.5649
920100.BJ,20220625,20220331,-13.3734,-40.3093,-0.5088,
873760.BJ,20230429,20220331,,,9.8975,
000033.SZ,20220429,20220331,-24.8869,-8839.932,29.0095,
600709.SH,20220429,20220331,1663.9241,-19.8489,,-2.5113
873778.BJ,20230428,20220331,,,-32.2994,
838849.BJ,20230429,20220331,,,-34.5778,
832861.BJ,20230429,20220331,25.1189,-23.5505,-17.8048,
873762.BJ,20230429,20220331,,,-78.699,
873777.BJ,20230718,20220331,,,26.5731,
833453.BJ,20230427,20220331,,,12.0813,
873732.BJ,20220722,20220331,,,15.0264,
873788.BJ,20230429,20220331,,,-75.3031,
600901.SH,20220422,20220331,2.7706,10.5959,-110.3644,4.1274
601818.SH,20220428,20220331,0.1214,1.9788,-561.1571,2.414
600000.SH,20220428,20220331,0.9693,3.6958,-549.506,2.8373
603323.SH,20220428,20220331,6.3451,21.3566,81.7038,2.2901
600926.SH,20220426,20220331,15.7336,31.3876,-192.6313,3.5368
600908.SH,20220429,20220331,9.0651,22.5172,233.3923,2.725
601528.SH,20220430,20220331,12.6339,18.8005,188.7964,2.0806
601066.SH,20220429,20220331,31.8265,-10.4616,226.3529,1.8524
601988.SH,20220430,20220331,2.0671,6.9681,-182.56,2.5675
688114.SH,20230425,20220331,,,9.4004,
688387.SH,20230420,20220331,,,-86.8365,
688503.SH,20230420,20220331,,,-41.8729,
688475.SH,20230415,20220331,,,-0.9238,
301283.SZ,20230425,20220331,,,1.2938,
603052.SH,20230425,20220331,,,14.0142,
301255.SZ,20230425,20220331,,,-2.1646,
001269.SZ,20230421,20220331,,,22.7325,
001366.SZ,20230425,20220331,,,-27.2822,
688420.SH,20230425,20220331,,,-113.3283,
301267.SZ,20230424,20220331,,,20.9203,
301328.SZ,20230425,20220331,,,11.5846,
301408.SZ,20230424,20220331,,,10.157,
688531.SH,20230425,20220331,,,-22.9272,
301205.SZ,20230425,20220331,,,5.9028,
688486.SH,20230420,20220331,,,11.0267,
688525.SH,20230425,20220331,,,-22.5126,
688147.SH,20230425,20220331,,,-22.8398,
831167.BJ,20230425,20220331,,,-0.7948,
301301.SZ,20230425,20220331,12.7641,74.1003,0.3044,2.0924
001333.SZ,20230425,20220331,27.6818,-32.5521,-10.9955,
301368.SZ,20230425,20220331,,,6.7372,
001322.SZ,20230425,20220331,,,-65.5085,
688515.SH,20230426,20220331,,,-57.1465,
688435.SH,20230426,20220331,,,-141.1041,
688381.SH,20230422,20220331,,,17.6905,
301365.SZ,20230425,20220331,,,-5.6139,
301157.SZ,20230425,20220331,,,5.5505,
838758.BJ,20220430,20220331,12.9791,68.9042,26.1173,8.8353
301358.SZ,20230425,20220331,1092.0447,1772.9327,-7.8758,
688035.SH,20230422,20220331,,,-14.3375,
688351.SH,20230422,20220331,,,-1.4391,
001298.SZ,20230426,20220331,,,-17.4239,
301296.SZ,20230420,20220331,,,-4.8244,
301386.SZ,20230420,20220331,,,18.1463,
301281.SZ,20230426,20220331,,,11.4833,
603057.SH,20230422,20220331,,,-2.4396,
001314.SZ,20230426,20220331,,,-38.2096,
001337.SZ,20230418,20220331,-34.5176,-5.1326,78.6277,
301339.SZ,20230426,20220331,,,-529.274,
688502.SH,20230425,20220331,,,14.0747,
301277.SZ,20230425,20220331,,,-6.8652,
001286.SZ,20230426,20220331,,,43.3484,
688439.SH,20230426,20220331,,,-19.3919,
301300.SZ,20230421,20220331,,,-7.062,
688496.SH,20230426,20220331,,,-30.808,
688498.SH,20230426,20220331,,,38.4098,
688362.SH,20230421,20220331,,,25.6211,
603151.SH,20230425,20220331,,,-13.3851,
688084.SH,20230425,20220331,,,-613.4694,
301265.SZ,20230426,20220331,,,-1.1839,
688455.SH,20230426,20220331,,,-124.2613,
301388.SZ,20230424,20220331,,,3.5556,
603061.SH,20230426,20220331,,,-9.0385,
688485.SH,20230426,20220331,,,-185.6824,
688172.SH,20230426,20220331,,,12.132,
301314.SZ,20230425,20220331,,,28.2961,
001328.SZ,20230426,20220331,,,-15.3124,
001255.SZ,20230425,20220331,,,-10.937,
301345.SZ,20230425,20220331,,,-32.2864,
603135.SH,20230425,20220331,,,-3.7938,
001332.SZ,20230426,20220331,,,-19.9318,
301366.SZ,20230424,20220331,,,-1.8527,3.2587
603162.SH,20230418,20220331,,,30.2298,
001300.SZ,20230428,20220331,,,-12.1053,
301429.SZ,20230427,20220331,,,-14.2483,
688132.SH,20230428,20220331,,,-1.7903,-5.9976
603173.SH,20230427,20220331,,,-2.5076,
301231.SZ,20230427,20220331,,,-80.522,
301282.SZ,20230428,20220331,,,-6.3871,
830896.BJ,20230427,20220331,,,23.3094,
833580.BJ,20230427,20220331,,,39.1157,
871970.BJ,20230427,20220331,,,-32.9857,
301309.SZ,20230428,20220331,,,-3.5948,
688433.SH,20230428,20220331,,,-8.0741,
301359.SZ,20230428,20220331,,,35.1589,1.9809
301326.SZ,20230428,20220331,,,-17.4578,
301313.SZ,20230428,20220331,,,-20.3492,
001331.SZ,20230427,20220331,,,3.6484,
688146.SH,20230428,20220331,,,5.7103,
603163.SH,20230428,20220331,,,-26.6746,
833533.BJ,20230426,20220331,,,-17.5996,
301377.SZ,20230427,20220331,,,12.1329,5.9046
603153.SH,20230428,20220331,,,-75.8378,
688507.SH,20230428,20220331,,,-259.4637,
001301.SZ,20230427,20220331,,,25.2238,
603280.SH,20230428,20220331,,,-49.1179,
601065.SH,20230427,20220331,,,15.1832,
837654.BJ,20230530,20220331,,,8.6928,
872423.BJ,20230620,20220331,,,15.9207,
832093.BJ,20230602,20220331,,,-20.6895,
871037.BJ,20230622,20220331,,,-20.2748,
603282.SH,20230429,20220331,,,-20.1249,
836266.BJ,20230429,20220331,,,42.4397,
688563.SH,20230630,20220331,,,-60.3086,
873652.BJ,20230617,20220331,,,42.3874,
001287.SZ,20230429,20220331,,,-27.8068,
836249.BJ,20220430,20220331,-21.2063,-38.3634,14.2943,4.5449
838381.BJ,20230613,20220331,,,27.6494,
001238.SZ,20230428,20220331,,,-0.7466,
001256.SZ,20230429,20220331,-14.383,-13.0474,-3.6465,
831934.BJ,20230520,20220331,,,13.0803,
873642.BJ,20230518,20220331,,,36.7625,
870757.BJ,20230614,20220331,,,-4376.8927,
834489.BJ,20230617,20220331,,,11.8716,
603125.SH,20230429,20220331,,,3.5082,
831288.BJ,20230429,20220331,,,-36.9268,
688653.SH,20230606,20220331,,,41.035,0.5717
430073.BJ,20230519,20220331,,,-157.6588,
833334.BJ,20230509,20220331,,,-88.2902,
001368.SZ,20230428,20220331,,,4.6246,
873665.BJ,20230614,20220331,,,-1.8938,
837934.BJ,20230530,20220331,,,42.1057,
001360.SZ,20230428,20220331,,,-17.137,
833640.BJ,20230523,20220331,,,-26.5814,
688410.SH,20230428,20220331,,,-9.2062,
301373.SZ,20230428,20220331,,,15.422,
836504.BJ,20230523,20220331,,,-59.6147,
301548.SZ,20230526,20220331,,,-13.5867,2.8851
301516.SZ,20230629,20220331,,,14.2911,
837601.BJ,20230610,20220331,,,3.6357,
833339.BJ,20230429,20220331,,,-114.7553,
688293.SH,20230428,20220331,,,3.2421,
873167.BJ,20230428,20220331,,,30.7081,
873223.BJ,20230428,20220331,29.4152,-111.3541,-8.6158,
001330.SZ,20230429,20220331,,,78.3226,
873709.BJ,20230606,20220331,,,3.5512,
837326.BJ,20230426,20220331,,,-10.9332,
871108.BJ,20230531,20220331,,,-25.9879,
688376.SH,20230429,20220331,25.9366,15.91,-1.2267,
301297.SZ,20230427,20220331,,,23.848,
688143.SH,20230428,20220331,,,42.5727,
688535.SH,20230427,20220331,,,-3.087,
603190.SH,20230427,20220331,,,11.0966,
688419.SH,20230427,20220331,,,-35.2334,
603307.SH,20230428,20220331,,,6.6482,
688152.SH,20230429,20220331,,,-151.4666,
603073.SH,20230427,20220331,,,8.3232,
688370.SH,20230428,20220331,,,9.9058,
600925.SH,20230427,20220331,41.2401,131.4126,18.0454,
301176.SZ,20230427,20220331,,,-5.7554,
838670.BJ,20230428,20220331,,,-47.9426,
001223.SZ,20230427,20220331,28.3672,8.1214,20.8649,
301398.SZ,20230427,20220331,,,12.7689,
301357.SZ,20230427,20220331,,,38.3948,
001311.SZ,20230428,20220331,,,1.5606,
301335.SZ,20230428,20220331,,,0.0946,
601022.SH,20230428,20220331,15.2715,36.3317,23.3724,
688184.SH,20230427,20220331,,,-14.5847,
301439.SZ,20230426,20220331,,,12.6465,
688031.SH,20230428,20220331,,,-539.1022,
872967.BJ,20220611,20220331,0.0677,14.7569,-80.4539,
601061.SH,20230427,20220331,,,-16.8836,
688343.SH,20230429,20220331,,,-329.191,
301141.SZ,20230428,20220331,,,3.6546,
688416.SH,20230428,20220331,,,-196.3991,
688275.SH,20230428,20220331,,,-15.1276,
301396.SZ,20230428,20220331,,,-424.6881,
601133.SH,20230427,20220331,,,-48.5594,
603130.SH,20230428,20220331,,,-21.0922,
301387.SZ,20230428,20220331,,,-0.0241,
872495.BJ,20230525,20220331,,,-1.7853,
001225.SZ,20230429,20220331,,,-27.5099,
873588.BJ,20230429,20220331,,,-161.4415,
430564.BJ,20230426,20220331,-13.3062,387.9028,-69.6424,
839583.BJ,20230622,20220331,,,-32.9223,
430547.BJ,20230510,20220331,,,-8.4524,
833746.BJ,20220628,20220331,198.838,1097.7791,20.7056,
871643.BJ,20230608,20220331,,,21.8046,
836521.BJ,20230607,20220331,,,35.0422,
836193.BJ,20230614,20220331,,,2.3271,
872320.BJ,20230608,20220331,,,6.0185,
831255.BJ,20230615,20220331,,,-44.5094,
873636.BJ,20230525,20220331,66.7456,-11.1985,-272.3954,
873712.BJ,20230509,20220331,,,-6.3721,
001259.SZ,20230426,20220331,,,-4.519,
688391.SH,20230429,20220331,,,2.5083,
688638.SH,20230620,20220331,,,-27.2399,-2.1464
838693.BJ,20230620,20220331,,,21.4658,
838194.BJ,20230530,20220331,,,2.9043,
873707.BJ,20230429,20220331,,,24.6612,
001338.SZ,20230427,20220331,,,38.9008,
301203.SZ,20230427,20220331,,,3.1928,
834565.BJ,20230620,20220331,,,6.0428,
873549.BJ,20230526,20220331,,,-37.2808,
301260.SZ,20230428,20220331,,,-10.4289,
688307.SH,20230429,20220331,,,22.7286,
688459.SH,20230429,20220331,,,7.8688,-1.027
603182.SH,20230429,20220331,,,-3.1175,
835287.BJ,20230629,20220331,,,-205.9922,
831828.BJ,20220622,20220331,-5.3819,-22.1008,-4.1337,
870536.BJ,20230616,20220331,,,-4.3991,
831718.BJ,20230628,20220331,,,-157.3353,
689009.SH,20220430,20220331,7.8008,51.3193,-2.2678,0.5226
873749.BJ,20230428,20220331,,,-112.5381,
831860.BJ,20220429,20220331,-14.0191,-27.022,9.2105,1.9846
832586.BJ,20230615,20220331,-22.6052,-23.0468,-526.4029,
430755.BJ,20220427,20220331,121.731,2176.8825,-11.0906,13.3775
873696.BJ,20230511,20220331,,,-80.3036,
838812.BJ,20230602,20220331,,,5.0297,
870979.BJ,20230629,20220331,,,-9.8109,
834408.BJ,20230429,20220331,,,8.922,
831978.BJ,20230629,20220331,,,-7.2253,
839335.BJ,20230630,20220331,,,-7.1423,
873873.BJ,20230428,20220331,,,-269.2048,
300362.SZ,20220430,20220331,-46.8843,-123.6566,-55.8691,-4.8429
000689.SZ,20220430,20220331,,-16.0403,,
600891.SH,20220531,20220331,-2.7585,67.687,22.9605,
600240.SH,20220630,20220331,159.2537,-93.9994,77.4425,
600614.SH,20220602,20220331,-6.1534,-369.6611,23.3563,
873688.BJ,20230608,20220331,,,-4.1758,
873393.BJ,20220514,20220331,15.7159,-13.261,0.0752,3.805
874063.BJ,20230718,20220331,,,13.7095,
832491.BJ,20230428,20220331,,,7.7476,
301097.SZ,20220428,20220331,1.069,-20.1851,-4.5195,0.8358
873860.BJ,20230711,20220331,,,-83.5319,
873911.BJ,20221025,20220331,,,-38.7215,-1.0543
873981.BJ,20230621,20220331,,,-45.2533,
001386.SZ,20230628,20220331,,,-2.6933,
920806.BJ,20230428,20220331,,,-42.5214,
920627.BJ,20220430,20220331,-9.1559,-40.8208,-26.471,2.5374
920834.BJ,20220526,20220331,-10.9213,-31.149,-11.1113,2.2653
920932.BJ,20220421,20220331,46.7909,1707.7776,-47.0773,0.6341
920454.BJ,20220421,20220331,-20.0123,-31.6745,-21.2639,1.3829
920832.BJ,20220421,20220331,11.464,-27.7934,2.4606,1.5808
920046.BJ,20220420,20220331,9.2387,-13.7735,21.5785,3.4138
920179.BJ,20220421,20220331,4.369,59.7262,58.8717,1.7254
920021.BJ,20220420,20220331,64.6494,47.2033,-90.6284,2.0233
920418.BJ,20220428,20220331,4.9841,-21.2536,1.1635,2.4608
920299.BJ,20220427,20220331,29.0314,17.4912,-39.3927,1.5169
920198.BJ,20220428,20220331,10.0094,-32.2361,86.7005,-6.1657
920419.BJ,20220427,20220331,33.6361,-25.6749,8.4982,1.4498
920433.BJ,20220428,20220331,-25.6228,-45.0897,233.8876,0.6876
920396.BJ,20220427,20220331,-9.1822,-36.0916,8.32,0.8861
920263.BJ,20220427,20220331,44.1549,-22.4747,-47.333,1.1044
920260.BJ,20220428,20220331,59.8406,-56.1612,-62.2618,0.1122
920873.BJ,20220427,20220331,42.3651,15.8866,-153.8169,-3.741
920184.BJ,20220428,20220331,8.0522,-74.932,-74.1602,-0.0682
920405.BJ,20220429,20220331,-38.0567,-58.1527,66.9676,1.1257
920305.BJ,20220428,20220331,-38.8041,-123.8007,-40.0174,-1.4903
920185.BJ,20220428,20220331,120.0769,72.215,-7.0424,5.4462
920077.BJ,20220426,20220331,159.3037,152.1491,2.7988,18.7445
920599.BJ,20220428,20220331,67.7169,79.5338,-6.8044,7.1151
920670.BJ,20220429,20220331,-65.7468,-384.093,-322.0901,-2.5678
920964.BJ,20220428,20220331,7.6574,-2.0195,-78.1498,0.7625
920735.BJ,20220428,20220331,24.2501,35.1088,28.4644,2.393
920553.BJ,20220428,20220331,-3.1391,0.5757,-16.0115,0.2524
920145.BJ,20220428,20220331,-57.9907,-201.1335,-83.2089,-0.5829
920242.BJ,20220428,20220331,-3.4643,-42.3432,13.1203,1.4186
920239.BJ,20220429,20220331,48.1237,8.1434,8.989,5.46
920957.BJ,20220427,20220331,1.1156,17.6152,10.8552,3.7211
920768.BJ,20220427,20220331,-28.8115,-72.7719,20.7153,0.7357
920689.BJ,20220427,20220331,5.244,-4.2554,13.6042,2.3891
920204.BJ,20220429,20220331,-14.309,-57.872,-5.4028,1.762
920885.BJ,20220429,20220331,7.847,24.9769,-13.1448,1.6619
920047.BJ,20220427,20220331,86.4893,-76.0096,11.7366,-4.5995
920368.BJ,20220428,20220331,2.8899,18.5977,-38.0264,0.7282
920402.BJ,20220429,20220331,53.208,189.0283,18.9515,7.3997
920925.BJ,20220426,20220331,-1.4196,-10.8283,19.294,1.5473
920212.BJ,20220427,20220331,-5.898,-27.0888,15.825,2.6325
920475.BJ,20220427,20220331,26.8068,12.6702,12.493,2.6114
920010.BJ,20220427,20220331,1.1469,-9.3995,-0.9921,2.07
920856.BJ,20220427,20220331,-11.2158,-7.9052,-10.8189,0.5045
920163.BJ,20220427,20220331,33.7337,32.8377,13.8154,2.4804
920729.BJ,20220423,20220331,-25.4633,-46.6206,0.1994,2.0816
920090.BJ,20220428,20220331,-8.9072,28.4727,-90.0741,-1.521
920981.BJ,20220426,20220331,23.9327,34.16,14.5505,2.4642
920680.BJ,20220428,20220331,-72.0296,-1334.1634,32.6079,-1.7689
920675.BJ,20220429,20220331,5.188,0.1929,6.8744,3.1283
920924.BJ,20220429,20220331,-19.0562,-66.3803,-101.0291,0.2818
920556.BJ,20220528,20220331,11.0648,-48.5683,-26.7407,1.115
920378.BJ,20220528,20220331,15.1058,-0.7506,-12.1321,2.0748
920879.BJ,20220602,20220331,18.3919,23.1718,-34.0435,2.203
920395.BJ,20220510,20220331,27.908,44.0659,16.5447,12.6233
920639.BJ,20220513,20220331,-5.83,215.0897,-48.7064,0.4412
920640.BJ,20220430,20220331,22.4266,27.687,-30.0419,5.1155
920985.BJ,20220603,20220331,154.1362,284.0436,5.2739,2.3377
920790.BJ,20220430,20220331,15.1964,-36.6309,-18.632,0.5828
920753.BJ,20220514,20220331,-6.1893,2955.0073,18.1597,0.6658
920062.BJ,20220429,20220331,65.9279,135.8355,-56.5758,0.7598
920575.BJ,20220430,20220331,140.1297,-114.526,-66612.9546,-6.2955
920169.BJ,20220430,20220331,2.7975,56.7635,18.1663,5.3265
920039.BJ,20220430,20220331,-8.8065,-10.8294,37.8542,2.6446
920171.BJ,20220430,20220331,-40.1257,5.6298,-544.4571,-2.256
920608.BJ,20220430,20220331,3.5346,-10.1263,-13.6256,2.3868
920087.BJ,20220531,20220331,-34.6489,-111.1314,7.0194,-1.326
920802.BJ,20220510,20220331,-2.394,-3.8615,8.969,1.1527
920725.BJ,20220429,20220331,63.7194,42.9862,2.5297,6.1769
920110.BJ,20220430,20220331,,,-1.1765,3.8057
920344.BJ,20220430,20220331,-13.1216,18.7224,47.7604,0.541
920266.BJ,20220430,20220331,24.709,94.8486,-114.6571,-0.7311
920225.BJ,20220429,20220331,8.4912,62.1881,22.6738,2.6547
920278.BJ,20220429,20220331,-14.214,-38.4815,-35.6209,2.1473
920726.BJ,20220429,20220331,-24.6134,-44.4087,60.3097,2.3285
920058.BJ,20220510,20220331,-35.0044,-27.6516,-2.6746,9.5386
920508.BJ,20220429,20220331,-5.4102,180.6655,-3.5352,0.1928
920857.BJ,20220429,20220331,7.5983,8.868,2.0194,2.4045
920871.BJ,20220513,20220331,-8.4687,-26.592,-4.7423,4.6452
920982.BJ,20220518,20220331,28.9756,-6.6981,27.1778,4.1088
920271.BJ,20220514,20220331,18.9766,12.7918,-13.9557,4.6689
920476.BJ,20220524,20220331,0.153,-419.4045,-56.0199,-2.2801
920092.BJ,20220430,20220331,54.9166,-74.0826,-112.3154,0.1977
920146.BJ,20220429,20220331,-65.4943,-78.3417,21.404,-1.0299
920839.BJ,20220429,20220331,18.3408,-41.6874,-3.0748,1.7107
920000.BJ,20220430,20220331,21.2913,-41.7722,6.8514,1.6506
920566.BJ,20220430,20220331,10.7528,83.7033,27.4884,2.1217
920509.BJ,20220429,20220331,23.5514,24.9933,-47.3864,2.1228
920946.BJ,20220429,20220331,30.6279,23.4692,22.8203,4.3538
920089.BJ,20220430,20220331,4.122,0.4111,-40.5636,2.6784
920961.BJ,20220429,20220331,-29.875,-78.8343,-1.8975,-0.2799
920720.BJ,20220429,20220331,35.6399,12.885,3.1988,3.3051
920275.BJ,20220429,20220331,-9.8565,-76.6756,2.3536,0.5074
920826.BJ,20220430,20220331,17.0301,-37.0367,-37.8321,1.9566
920436.BJ,20220429,20220331,-42.6886,-86.941,5.9832,0.5807
920765.BJ,20220429,20220331,-8.2421,-48.2738,7.1436,0.983
920792.BJ,20220430,20220331,-13.7384,-12.6712,-7.4863,3.1336
920523.BJ,20220429,20220331,-7.8068,-34.82,24.3592,1.4904
920149.BJ,20220429,20220331,-9.7636,-88.5618,-42.2185,0.1046
920510.BJ,20220429,20220331,7.7577,-63.5435,18.5806,1.2062
920030.BJ,20220429,20220331,5.0518,-46.2207,0.8761,2.0292
920370.BJ,20220429,20220331,-13.5137,-54.1612,5.2824,1.0825
920245.BJ,20220429,20220331,15.7577,-13.2629,-5.1984,2.6617
920427.BJ,20220429,20220331,0.5596,32.0076,-48.9136,2.4496
920415.BJ,20220429,20220331,3.022,31.1805,-55.368,-0.4207
920809.BJ,20220429,20220331,619.456,15147.3604,20.7903,25.1081
920642.BJ,20220429,20220331,361.4942,192.1395,-20.5016,1.3694
920174.BJ,20220426,20220331,-13.7916,-19.0082,14.0861,4.9488
920346.BJ,20220430,20220331,16.4112,-16.0083,-7.106,2.0579
920892.BJ,20220430,20220331,9.2405,14.8731,0.3441,1.1426
920634.BJ,20220624,20220331,-9.6059,-30.4406,-6.048,2.7438
920478.BJ,20220611,20220331,77.7344,236.613,25.2187,6.5282
920014.BJ,20220618,20220331,9.0174,9.5618,-25.2505,0.9636
920748.BJ,20220622,20220331,72.0612,12.5561,-68.7384,-6.3845
920351.BJ,20220623,20220331,38.9412,-9.2846,-8.2916,3.7508
920023.BJ,20220609,20220331,0.5557,-54.4252,38.3181,
920914.BJ,20220526,20220331,12.7363,-10.734,-18.8522,4.2702
920414.BJ,20220624,20220331,23.7711,49.4245,1.4146,3.7405
920429.BJ,20220618,20220331,44.468,243.3712,-47.5033,1.7628
920810.BJ,20220429,20220331,37.9143,11.7812,24.5211,4.5698
920339.BJ,20220624,20220331,57.0817,208.4482,6.9983,11.2533
920493.BJ,20220615,20220331,53.5601,-150.5816,-57.1004,-12.1683
920950.BJ,20220616,20220331,4.1109,-27.362,-2.9969,8.2594
920190.BJ,20220625,20220331,17.4482,-6.686,-46.2083,2.7698
920526.BJ,20220602,20220331,-12.6778,-40.9058,6.0915,3.3232
920663.BJ,20220621,20220331,20.5874,18.6074,24.6285,6.0217
920781.BJ,20220430,20220331,50.7218,45.3092,-103.4415,-1.1919
920579.BJ,20220622,20220331,102.3054,4046.8566,-70.5949,3.6707
920992.BJ,20220621,20220331,4.1082,10.982,-10.1086,9.6576
920685.BJ,20220528,20220331,21.0397,21.5811,-14.9716,3.4524
920001.BJ,20221213,20220331,15.5203,19.3812,23.0556,3.9371
920808.BJ,20220524,20220331,-45.5302,0.6582,5987.4891,-4.0815
920139.BJ,20220617,20220331,6.4353,27.2744,36.5708,2.1558
920770.BJ,20220607,20220331,53.1156,302.2004,14.8212,3.9597
920075.BJ,20220528,20220331,19.2351,1.4222,-12.0629,4.13
920392.BJ,20220622,20220331,-10.2155,-2.3276,15.8248,3.4437
920033.BJ,20220621,20220331,39.3527,61.9509,14.5628,6.3627
920270.BJ,20220617,20220331,7.2143,46.6238,-9.9008,3.6093
920662.BJ,20220526,20220331,22.5136,-13.4352,17.5442,3.2634
920237.BJ,20220614,20220331,-3.8713,-24.2933,-9.5978,3.1648
920942.BJ,20220618,20220331,-10.7468,-40.2606,8.1216,3.631
920252.BJ,20220615,20220331,23.6136,-28.118,-71.8759,3.2817
920906.BJ,20220608,20220331,-17.1296,-38.2459,10.9809,2.404
920122.BJ,20220629,20220331,-4.9333,-78.014,22.8081,0.1152
920208.BJ,20220616,20220331,-14.4318,-38.3985,-114.8693,1.4996
920876.BJ,20220527,20220331,-0.8241,-84.202,-7.5442,-0.2569
920527.BJ,20220609,20220331,15.5988,22.7886,-32.5928,1.821
920227.BJ,20220514,20220331,-1.9504,-11.8846,29.6888,6.0141
920057.BJ,20220527,20220331,88.1299,121.2205,-28.0881,1.5551
920017.BJ,20220525,20220331,-17.6722,0.7738,5.6295,0.6508
920247.BJ,20220520,20220331,-7.296,-66.9736,11.787,2.8359
920641.BJ,20220621,20220331,86.4468,180.7883,-11.7124,6.4887
920895.BJ,20220429,20220331,-18.4911,-38.8395,-58.9483,3.0564
920694.BJ,20220428,20220331,116.4178,35.9888,5.1483,4.8343
920152.BJ,20220629,20220331,23.5329,293.0538,7.1771,1.476
920541.BJ,20220430,20220331,44.9176,-24.7069,-13.467,2.4182
920374.BJ,20220430,20220331,-38.2339,-76.5239,1.9167,1.1347
920866.BJ,20220712,20220331,-1.9114,-31.3316,-38.9143,1.2429
920249.BJ,20220624,20220331,51.2085,38.0466,-5.9223,4.7954
920855.BJ,20220611,20220331,3.1636,-28.6804,-5.5679,2.1785
920261.BJ,20220723,20220331,-13.8541,-25.0583,-4.6912,5.9205
920425.BJ,20220603,20220331,-29.0257,-34.7957,-28.6446,4.8626
920422.BJ,20220601,20220331,71.0856,200.4252,-8.068,8.4785
920786.BJ,20220429,20220331,-0.8663,112.0363,-6.264,5.3734
920195.BJ,20220430,20220331,2.055,-56.4621,-16.68,2.579
920230.BJ,20220716,20220331,41.502,87.0471,33.8863,9.9567
920407.BJ,20220624,20220331,25.1716,53.2868,8.3562,3.4369
920505.BJ,20221207,20220331,-9.7669,-47.9692,22.1551,2.3211
920371.BJ,20220628,20220331,19.322,122.6383,8.319,4.6536
920821.BJ,20220609,20220331,41.859,-65.7178,1.1106,0.6914
920273.BJ,20220708,20220331,-9.9451,32.0819,12.5077,4.0412
920971.BJ,20220531,20220331,10.0961,22.3529,13.3551,6.8361
920262.BJ,20220622,20220331,-33.0055,-13.4887,5.7047,1.1372
920571.BJ,20220518,20220331,15.8961,29.1501,35.7959,9.268
920300.BJ,20220621,20220331,-11.0948,-235.8457,-104.9333,-1.0791
920207.BJ,20220630,20220331,27.6579,144.9965,-71.6527,0.0507
920592.BJ,20220615,20220331,5.5373,-2.0659,-243.2172,-6.1107
920199.BJ,20220614,20220331,149.1762,74.7195,-11.687,11.117
920357.BJ,20220630,20220331,47.117,66.2349,2.9709,9.211
920974.BJ,20220525,20220331,52.1926,-6.722,-10.8479,4.4304
920807.BJ,20220608,20220331,-12.4937,-45.5388,-20.5256,3.8568
920718.BJ,20220727,20220331,18.912,-47.5839,-1.9425,2.2128
920471.BJ,20220430,20220331,77.5597,77.3365,38.0284,5.7432
920455.BJ,20220429,20220331,10.9379,15.4006,-16.1154,3.9559
920394.BJ,20220430,20220331,17.7225,114.5385,37.5378,3.8604
920953.BJ,20220712,20220331,12.287,-3.0439,-228.6035,
920837.BJ,20220427,20220331,5.7914,-14.7747,-33.758,1.913
920699.BJ,20220430,20220331,16.0975,-12.3956,17.8125,10.2142
920221.BJ,20220701,20220331,40.6249,2.9531,9.7408,4.7333
920593.BJ,20220428,20220331,34.6603,39.941,37.9227,18.8131
920304.BJ,20230425,20220331,,,33.5626,
920267.BJ,20230425,20220331,,,-0.7948,
920701.BJ,20220429,20220331,7.8462,107.7218,24.7058,3.859
920896.BJ,20230427,20220331,,,23.3094,
920580.BJ,20230427,20220331,,,39.1157,
920970.BJ,20230427,20220331,,,-32.9857,
920533.BJ,20230426,20220331,,,-17.5996,
920570.BJ,20230518,20220331,54.8139,1.1664,-21.4494,
920717.BJ,20230513,20220331,,,35.5451,
920130.BJ,20230530,20220331,,,-30.9093,
920026.BJ,20220616,20220331,,,59.2581,13.1238
920375.BJ,20230524,20220331,,,-81.672,
920469.BJ,20230519,20220331,,,-10.0558,
920665.BJ,20230614,20220331,,,-1.8938,
920496.BJ,20230610,20220331,,,-53.8069,
920522.BJ,20230622,20220331,,,-62.6269,
920504.BJ,20230523,20220331,,,-59.6147,
920367.BJ,20230428,20220331,,,30.7081,
920223.BJ,20230428,20220331,29.4152,-111.3541,-8.6158,
920651.BJ,20230428,20220331,,,3.5233,
920751.BJ,20230525,20220331,,,-5.6108,
920061.BJ,20230429,20220331,,,11.0252,
920926.BJ,20230513,20220331,,,28.5374,
920519.BJ,20230513,20220331,,,-26.4959,
920175.BJ,20230511,20220331,,,29.733,
920870.BJ,20230428,20220331,,,-47.9426,
920284.BJ,20230509,20220331,-63.9483,-148.7778,-129.099,
920719.BJ,20230505,20220331,,,-6.608,
920943.BJ,20230428,20220331,29.0038,-27.2087,-13.1951,
920363.BJ,20230615,20220331,,,-0.6202,
920976.BJ,20230429,20220331,,,-14.0477,
920690.BJ,20230429,20220331,,,37.6621,
920564.BJ,20230426,20220331,-13.3062,387.9028,-69.6424,
920274.BJ,20230606,20220331,,,-26.1758,
920547.BJ,20230516,20220331,,,2.0032,
920693.BJ,20220708,20220331,9.6985,69.4268,10.9754,
920703.BJ,20220726,20220331,23.1437,120.808,15.9338,
920679.BJ,20230510,20220331,,,24.6422,
920576.BJ,20230510,20220331,,,2.7058,
920779.BJ,20230506,20220331,,,66.7312,
920706.BJ,20230517,20220331,,,-16.7072,
920656.BJ,20230629,20220331,,,9.6432,
920978.BJ,20230531,20220331,,,7.8777,
920132.BJ,20230706,20220331,,,43.1979,
920833.BJ,20230429,20220331,,,19.2141,
920931.BJ,20230622,20220331,,,-28.381,
920123.BJ,20230610,20220331,,,-66.4726,
920491.BJ,20230428,20220331,,,7.7476,
688759.SH,20230601,20220331,,,,-5.2614
920091.BJ,20220712,20220331,95.0936,141.9345,-4.8399,
920035.BJ,20230712,20220331,,,2.8238,
874865.BJ,20230727,20220331,,,,10.3534
001220.SZ,20230802,20220331,,,10.4419,
920180.BJ,20220927,20220331,,,-10.5134,7.1974
