ts_code,trade_date,open,high,low,close,pre_close,pct_chg,vol,amount
000670.SZ,20170208,7.65,7.77,7.56,7.6,7.96,-4.52,321441.71,244391.996
000670.SZ,20170209,7.54,7.72,7.51,7.61,7.6,0.13,289244.13,220056.384
000670.SZ,20170210,7.61,7.63,7.43,7.52,7.61,-1.18,225450.62,169387.071
000670.SZ,20170213,7.46,7.54,7.45,7.53,7.52,0.13,94405.24,70850.392
000670.SZ,20170214,7.49,7.52,7.15,7.23,7.53,-3.98,376632.17,274582.676
000670.SZ,20170215,7.18,7.2,6.95,7.05,7.23,-2.49,266564.75,188029.976
000670.SZ,20170216,7.02,7.19,6.97,7.14,7.05,1.28,161483.54,114220.414
000670.SZ,20170217,7.12,7.12,7.0,7.03,7.14,-1.54,116513.57,82211.256
000670.SZ,20170220,7.01,7.07,6.97,7.03,7.03,0.0,93920.39,65965.09
000670.SZ,20170221,7.03,7.11,7.0,7.09,7.03,0.85,92584.49,65461.135
000670.SZ,20170222,7.1,7.14,7.07,7.11,7.09,0.28,60630.2,43055.458
000670.SZ,20170223,7.12,7.15,7.07,7.15,7.11,0.56,73165.54,51991.254
000670.SZ,20170224,7.14,7.35,7.12,7.26,7.15,1.54,115683.4,83988.764
000670.SZ,20170227,7.25,7.45,7.24,7.34,7.26,1.1,143395.97,105492.98
000670.SZ,20170228,7.33,7.39,7.23,7.26,7.34,-1.09,92407.1,67308.476
000670.SZ,20170301,7.29,7.47,7.23,7.38,7.26,1.65,162577.03,120089.809
000670.SZ,20170302,7.37,7.48,7.36,7.39,7.38,0.14,123609.52,91527.019
000670.SZ,20170303,7.38,7.54,7.36,7.47,7.39,1.08,126309.88,94372.472
000670.SZ,20170306,7.52,7.84,7.48,7.84,7.47,4.95,281088.24,217306.604
000670.SZ,20170307,7.91,8.03,7.75,7.87,7.84,0.38,231845.5,182262.708
000670.SZ,20170308,7.8,7.84,7.71,7.74,7.87,-1.65,147600.98,114530.139
000670.SZ,20170309,7.77,7.89,7.71,7.87,7.74,1.68,162684.61,126878.191
000670.SZ,20170310,7.87,7.87,7.51,7.58,7.87,-3.68,247559.0,189221.053
000670.SZ,20170313,7.5,7.83,7.45,7.72,7.58,1.85,240104.97,184048.837
000670.SZ,20170314,8.0,8.11,7.9,8.11,7.72,5.05,161329.79,130158.944
000670.SZ,20170315,8.38,8.52,8.2,8.24,8.11,1.6,645334.09,539063.161
000670.SZ,20170316,8.2,8.65,8.12,8.65,8.24,4.98,535983.58,452529.935
000670.SZ,20170317,8.5,8.61,8.25,8.29,8.65,-4.16,529082.43,444835.106
000670.SZ,20170320,8.18,8.35,8.11,8.27,8.29,-0.24,279408.04,229672.433
000670.SZ,20170321,8.22,8.29,8.06,8.08,8.27,-2.3,189910.55,154990.716
000670.SZ,20170322,8.08,8.48,7.98,8.38,8.08,3.71,330638.53,275570.965
000670.SZ,20170323,8.35,8.45,8.11,8.28,8.38,-1.19,188410.97,155874.843
000670.SZ,20170324,8.23,8.31,7.87,7.9,8.28,-4.59,407488.62,327199.335
000670.SZ,20170327,8.07,8.28,7.94,8.18,7.9,3.54,253387.7,204905.293
000670.SZ,20170328,8.09,8.18,8.0,8.03,8.18,-1.83,141488.67,114543.771
000670.SZ,20170330,8.3,8.83,8.3,8.83,8.03,9.96,1002737.15,880051.392
000670.SZ,20170331,8.83,8.97,8.1,8.29,8.83,-6.12,951149.56,808767.44
000670.SZ,20170405,8.09,8.27,7.9,8.14,8.29,-1.81,401742.84,324731.946
000670.SZ,20170406,8.03,8.13,7.93,7.99,8.14,-1.84,346832.66,278102.672
000670.SZ,20170407,7.9,7.99,7.64,7.65,7.99,-4.26,392821.96,306156.381
000670.SZ,20170410,7.71,7.87,7.52,7.57,7.65,-1.05,245906.59,189648.291
000670.SZ,20170411,7.45,7.5,7.25,7.43,7.57,-1.85,280040.07,206714.614
000670.SZ,20170412,7.39,7.55,7.26,7.42,7.43,-0.13,209704.02,154974.691
000670.SZ,20170413,7.34,7.45,7.3,7.34,7.42,-1.08,144956.0,106961.318
000670.SZ,20170414,7.2,7.28,7.05,7.05,7.34,-3.95,244282.97,173611.865
000670.SZ,20170417,7.02,7.02,6.71,6.77,7.05,-3.97,151402.71,103763.619
000670.SZ,20170418,6.82,7.02,6.77,6.86,6.77,1.33,163541.48,112844.985
000670.SZ,20170419,6.8,6.87,6.67,6.79,6.86,-1.02,116955.05,79181.959
000670.SZ,20170420,6.75,6.77,6.23,6.47,6.79,-4.71,228882.34,149425.766
000670.SZ,20170421,6.43,6.52,6.31,6.35,6.47,-1.85,111035.14,71097.555
000670.SZ,20170424,6.32,6.33,5.83,5.88,6.35,-7.4,174515.44,105389.931
000670.SZ,20170425,5.91,5.96,5.79,5.83,5.88,-0.85,113859.98,66991.579
000670.SZ,20170426,5.84,5.94,5.71,5.89,5.83,1.03,119763.09,69832.2
000670.SZ,20170427,5.85,6.04,5.63,5.98,5.89,1.53,162594.42,94720.233
000670.SZ,20170428,5.9,5.97,5.87,5.92,5.98,-1.0,86143.62,50980.592
000670.SZ,20170502,5.93,6.19,5.93,6.05,5.92,2.2,157196.22,95457.284
000670.SZ,20170503,6.02,6.05,5.97,6.02,6.05,-0.5,75243.01,45205.326
000670.SZ,20170504,6.03,6.45,5.94,6.15,6.02,2.16,162281.91,100280.976
000670.SZ,20170505,6.08,6.2,6.0,6.01,6.15,-2.28,99653.15,60869.502
000670.SZ,20170508,5.99,6.0,5.71,5.73,6.01,-4.66,101374.88,59209.935
000670.SZ,20170509,5.65,5.78,5.65,5.77,5.73,0.7,67433.26,38658.08
000670.SZ,20170510,5.77,5.99,5.74,5.74,5.77,-0.52,107891.0,63248.722
000670.SZ,20170511,5.68,5.71,5.34,5.58,5.74,-2.79,131298.19,72838.639
000670.SZ,20170512,5.57,5.64,5.45,5.56,5.58,-0.36,73448.19,40782.312
000670.SZ,20170515,5.54,5.59,5.45,5.46,5.56,-1.8,85290.55,47040.708
000670.SZ,20170516,5.47,5.65,5.3,5.58,5.46,2.2,141766.63,77184.509
000670.SZ,20170517,5.55,5.69,5.54,5.58,5.58,0.0,96359.5,53970.222
000670.SZ,20170518,5.5,5.58,5.46,5.51,5.58,-1.25,89121.37,49154.43
000670.SZ,20170519,5.56,5.68,5.54,5.59,5.51,1.45,99700.11,55823.861
000670.SZ,20170522,5.58,5.59,5.25,5.28,5.59,-5.55,109919.13,59755.717
000670.SZ,20170523,5.26,5.28,4.91,4.92,5.28,-6.82,156629.65,79407.011
000670.SZ,20170524,4.86,4.95,4.62,4.89,4.92,-0.61,116448.0,55891.424
000670.SZ,20170525,4.86,4.92,4.71,4.88,4.89,-0.2,98174.52,47615.226
000670.SZ,20170526,4.88,4.93,4.85,4.88,4.88,0.0,69215.76,33835.152
000670.SZ,20170531,4.92,4.95,4.87,4.88,4.88,0.0,75840.76,37220.171
000670.SZ,20170601,4.86,4.86,4.42,4.48,4.88,-8.2,117531.63,54650.843
000670.SZ,20170602,4.47,4.68,4.42,4.59,4.48,2.46,109841.0,49674.521
000670.SZ,20170605,4.61,4.78,4.6,4.7,4.59,2.4,99752.98,46930.271
000670.SZ,20170606,4.73,5.17,4.68,5.17,4.7,10.0,138950.79,68716.969
000670.SZ,20170607,5.17,5.49,5.1,5.35,5.17,3.48,400268.04,212730.542
000670.SZ,20170608,5.3,5.34,5.16,5.2,5.35,-2.8,221116.02,115809.36
000670.SZ,20170609,5.15,5.19,5.03,5.07,5.2,-2.5,165019.16,84012.027
000670.SZ,20170612,5.05,5.08,4.83,4.87,5.07,-3.94,152404.58,75447.826
000670.SZ,20170613,4.76,5.03,4.73,4.98,4.87,2.26,164529.9,80669.491
000670.SZ,20170614,4.96,4.99,4.89,4.95,4.98,-0.6,123902.89,61205.906
000670.SZ,20170615,4.95,5.16,4.89,5.09,4.95,2.83,205668.57,103748.546
000670.SZ,20170616,5.05,5.08,4.98,5.03,5.09,-1.18,131211.5,66016.444
000670.SZ,20170619,5.0,5.1,5.0,5.07,5.03,0.8,111067.34,56184.038
000670.SZ,20170620,5.07,5.18,5.04,5.06,5.07,-0.2,130656.01,66727.631
000670.SZ,20170621,5.08,5.14,5.03,5.07,5.06,0.2,116237.21,59102.036
000670.SZ,20170622,5.06,5.1,4.78,4.8,5.07,-5.33,161202.0,79871.551
000670.SZ,20170623,4.81,4.89,4.66,4.81,4.8,0.21,139184.51,66611.129
000670.SZ,20170626,4.78,4.87,4.76,4.85,4.81,0.83,92638.57,44844.522
000670.SZ,20170627,4.87,5.34,4.85,5.34,4.85,10.1,420101.92,218428.996
000670.SZ,20170628,5.38,5.57,5.35,5.39,5.34,0.94,660135.95,359391.201
000670.SZ,20170629,5.39,5.45,5.26,5.28,5.39,-2.04,327655.57,174199.96
000670.SZ,20170630,5.29,5.38,5.21,5.22,5.28,-1.14,218054.0,114873.006
000670.SZ,20170703,5.2,5.25,5.14,5.25,5.22,0.57,156828.06,81571.113
000670.SZ,20170704,5.23,5.49,5.18,5.38,5.25,2.48,271964.03,145703.786
000670.SZ,20170705,5.33,5.38,5.26,5.35,5.38,-0.56,186664.0,99305.537
000670.SZ,20170706,5.36,5.45,5.26,5.38,5.35,0.56,200463.63,107611.504
000670.SZ,20170707,5.35,5.88,5.31,5.58,5.38,3.72,403826.47,226173.594
000670.SZ,20170710,5.48,5.52,5.38,5.45,5.58,-2.33,262410.9,142694.057
000670.SZ,20170711,5.44,5.48,5.25,5.26,5.45,-3.49,157395.41,84663.619
000670.SZ,20170712,5.26,5.4,5.21,5.4,5.26,2.66,151110.0,80120.109
000670.SZ,20170713,5.31,5.47,5.24,5.35,5.4,-0.93,195274.03,104646.18
000670.SZ,20170714,5.31,5.34,5.17,5.18,5.35,-3.18,137081.0,71898.486
000670.SZ,20170717,5.14,5.14,4.7,4.73,5.18,-8.69,220540.0,107084.032
000670.SZ,20170718,4.66,4.85,4.66,4.85,4.73,2.54,114541.7,54704.761
000670.SZ,20170719,4.83,4.97,4.8,4.96,4.85,2.27,115531.01,56376.176
000670.SZ,20170720,4.93,5.05,4.93,4.94,4.96,-0.4,120626.0,60124.504
000670.SZ,20170721,4.93,5.04,4.9,4.92,4.94,-0.4,86299.0,42881.69
000670.SZ,20170724,4.91,5.02,4.85,4.98,4.92,1.22,95017.0,47009.543
000670.SZ,20170725,4.96,5.0,4.92,4.92,4.98,-1.2,71106.03,35165.66
000670.SZ,20170726,4.9,4.96,4.82,4.87,4.92,-1.02,96114.75,46911.575
000670.SZ,20170727,4.88,5.05,4.79,5.0,4.87,2.67,147705.31,73218.049
000670.SZ,20170728,5.0,5.03,4.92,4.95,5.0,-1.0,81669.01,40583.61
000670.SZ,20170731,4.92,5.45,4.9,5.45,4.95,10.1,295536.74,153559.835
000670.SZ,20170801,5.42,5.64,5.35,5.38,5.45,-1.28,490813.97,269815.076
000670.SZ,20170802,5.24,5.64,5.23,5.53,5.38,2.79,391099.19,212177.75
000670.SZ,20170803,5.45,5.55,5.38,5.48,5.53,-0.9,200842.8,109600.78
000670.SZ,20170804,5.42,5.46,5.29,5.29,5.48,-3.47,158932.95,85453.434
000670.SZ,20170807,5.3,5.75,5.27,5.56,5.29,5.1,338805.1,187683.607
000670.SZ,20170808,5.52,5.64,5.46,5.54,5.56,-0.36,224220.64,124261.695
000670.SZ,20170809,5.5,5.81,5.43,5.64,5.54,1.81,334902.66,189382.578
000670.SZ,20170810,5.58,6.14,5.56,5.91,5.64,4.79,599378.02,352879.997
000670.SZ,20170811,5.85,6.29,5.77,6.11,5.91,3.38,581812.24,353976.472
000670.SZ,20170814,6.0,6.09,5.9,6.08,6.11,-0.49,408339.56,245123.928
000670.SZ,20170815,6.03,6.06,5.85,5.87,6.08,-3.45,323824.1,192099.853
000670.SZ,20170816,5.85,5.94,5.76,5.91,5.87,0.68,209967.09,122903.674
000670.SZ,20170817,6.0,6.2,5.96,5.97,5.91,1.02,358460.02,217594.601
000670.SZ,20170818,6.0,6.0,5.71,5.75,5.97,-3.69,257390.72,149149.286
000670.SZ,20170821,5.69,5.82,5.65,5.8,5.75,0.87,126417.32,72846.0
000670.SZ,20170822,5.79,5.82,5.69,5.7,5.8,-1.72,132793.0,76156.862
000670.SZ,20170823,5.66,5.83,5.5,5.75,5.7,0.88,159593.8,91801.993
000670.SZ,20170824,5.72,5.75,5.55,5.56,5.75,-3.3,175395.78,98605.229
000670.SZ,20170825,5.59,5.74,5.55,5.67,5.56,1.98,111009.0,62630.492
000670.SZ,20170828,5.68,5.78,5.67,5.73,5.67,1.06,126231.65,72244.571
000670.SZ,20170829,5.69,5.77,5.59,5.61,5.73,-2.09,130002.09,73551.456
000670.SZ,20170830,5.61,5.74,5.58,5.71,5.61,1.78,133407.97,75860.031
000670.SZ,20170831,5.68,5.88,5.67,5.85,5.71,2.45,202675.14,117442.524
000670.SZ,20170901,5.86,5.97,5.77,5.85,5.85,0.0,124375.03,72533.829
000670.SZ,20170904,5.8,5.84,5.68,5.74,5.85,-1.88,187840.12,107771.958
000670.SZ,20170905,5.75,6.31,5.66,6.31,5.74,9.93,280675.57,172513.061
000670.SZ,20170906,6.49,6.94,6.4,6.94,6.31,9.98,1292909.37,865093.13
000670.SZ,20170907,6.95,6.95,6.67,6.72,6.94,-3.17,972100.69,659451.658
000670.SZ,20170908,6.69,6.7,6.44,6.52,6.72,-2.98,536134.34,351284.93
000670.SZ,20170911,6.5,6.63,6.39,6.53,6.52,0.15,369064.75,240542.025
000670.SZ,20170912,6.36,7.18,6.25,7.18,6.53,9.95,1072331.31,723133.429
000670.SZ,20170913,7.0,7.46,6.9,7.18,7.18,0.0,1133422.19,815068.035
000670.SZ,20170914,7.1,7.46,7.01,7.21,7.18,0.42,772608.93,560895.718
000670.SZ,20170915,7.11,7.56,7.08,7.32,7.21,1.53,675238.84,496276.974
000670.SZ,20170918,7.25,7.9,7.22,7.72,7.32,5.46,907821.46,692483.232
000670.SZ,20170919,7.5,7.85,7.32,7.37,7.72,-4.53,747579.78,565286.495
000670.SZ,20170920,7.3,7.84,7.16,7.65,7.37,3.8,830678.35,630334.999
000670.SZ,20170921,7.7,7.87,7.37,7.38,7.65,-3.53,685036.88,521876.133
000670.SZ,20170922,7.2,7.28,6.8,7.06,7.38,-4.34,488699.7,345697.202
000670.SZ,20170925,7.15,7.25,6.8,6.84,7.06,-3.12,329766.08,230539.8
000670.SZ,20170926,6.87,6.99,6.7,6.99,6.84,2.19,321350.28,219460.629
000670.SZ,20170927,6.94,7.23,6.91,7.12,6.99,1.86,321428.53,227655.181
000670.SZ,20170928,7.08,7.45,7.05,7.22,7.12,1.4,440200.25,321375.0
000670.SZ,20170929,7.14,7.68,7.1,7.5,7.22,3.88,568744.37,420828.587
000670.SZ,20171009,7.56,8.2,7.44,7.9,7.5,5.33,872345.62,680712.347
000670.SZ,20171010,7.83,7.92,7.66,7.78,7.9,-1.52,513461.41,399571.202
000670.SZ,20171011,7.68,7.72,7.31,7.4,7.78,-4.88,468708.73,351557.027
000670.SZ,20171012,7.25,7.25,7.01,7.1,7.4,-4.05,476302.28,339234.037
000670.SZ,20171013,7.09,7.23,6.91,7.14,7.1,0.56,285931.9,203615.217
000670.SZ,20171016,7.01,7.19,6.66,6.7,7.14,-6.16,335296.44,231775.566
000670.SZ,20171017,6.72,6.77,6.5,6.72,6.7,0.3,213585.41,141816.229
000670.SZ,20171018,6.66,6.94,6.65,6.7,6.72,-0.3,235197.67,159885.445
000670.SZ,20171019,6.65,6.78,6.32,6.37,6.7,-4.93,264453.24,170809.766
000670.SZ,20171020,6.42,6.54,6.34,6.5,6.37,2.04,146687.01,94512.895
000670.SZ,20171023,6.53,6.63,6.5,6.51,6.5,0.15,134390.07,88193.029
000670.SZ,20171024,6.46,6.54,6.37,6.49,6.51,-0.31,132309.42,85250.034
000670.SZ,20171025,6.47,6.65,6.46,6.57,6.49,1.23,143621.01,94286.428
000670.SZ,20171026,6.56,6.83,6.53,6.76,6.57,2.89,204778.01,137378.206
000670.SZ,20171027,6.74,6.75,6.56,6.57,6.76,-2.81,162260.01,107722.357
000670.SZ,20171030,6.51,6.63,6.1,6.12,6.57,-6.85,228378.86,142669.072
000670.SZ,20171031,6.05,6.22,6.05,6.15,6.12,0.49,121926.66,74857.879
000670.SZ,20171101,6.15,6.54,6.08,6.41,6.15,4.23,253004.39,161303.343
000670.SZ,20171102,6.36,6.52,6.28,6.28,6.41,-2.03,166088.09,105825.728
000670.SZ,20171103,6.26,6.67,6.25,6.48,6.28,3.18,299050.52,194030.042
000670.SZ,20171106,6.5,7.1,6.5,6.89,6.48,6.33,465337.05,318218.502
000670.SZ,20171107,6.8,7.0,6.7,6.99,6.89,1.45,354767.63,242334.754
000670.SZ,20171108,6.9,6.93,6.77,6.78,6.99,-3.0,263017.48,179700.745
000670.SZ,20171109,6.72,7.1,6.61,7.1,6.78,4.72,488623.96,337075.052
000670.SZ,20171110,7.01,7.49,6.97,7.11,7.1,0.14,576474.14,415121.977
000670.SZ,20171113,6.98,7.25,6.81,7.19,7.11,1.13,508040.14,357746.42
000670.SZ,20171114,7.09,7.13,6.85,6.94,7.19,-3.48,374519.08,261743.442
000670.SZ,20171115,6.83,7.02,6.72,6.72,6.94,-3.17,238980.08,163473.925
000670.SZ,20171116,6.71,6.88,6.67,6.82,6.72,1.49,227761.59,154605.711
000670.SZ,20171117,6.8,6.85,6.14,6.23,6.82,-8.65,397599.51,253600.339
000670.SZ,20171120,6.16,6.4,5.88,6.33,6.23,1.61,210071.09,128489.681
000670.SZ,20171121,6.29,6.44,6.2,6.24,6.33,-1.42,157543.0,99124.216
000670.SZ,20171122,6.23,6.63,6.18,6.46,6.24,3.53,339665.66,219141.979
000670.SZ,20171123,6.39,6.56,6.26,6.33,6.46,-2.01,260353.88,166983.514
000670.SZ,20171124,6.2,6.43,6.1,6.11,6.33,-3.48,224428.62,140285.598
000670.SZ,20171127,6.0,6.02,5.5,5.5,6.11,-9.98,342256.53,196729.18
000670.SZ,20171128,5.47,5.71,5.46,5.69,5.5,3.45,188171.09,105488.523
000670.SZ,20171129,5.68,5.69,5.5,5.58,5.69,-1.93,170895.79,95712.755
000670.SZ,20171130,5.56,6.14,5.56,6.14,5.58,10.04,449204.61,269093.26
000670.SZ,20171201,6.12,6.66,6.06,6.35,6.14,3.42,742896.65,472899.171
000670.SZ,20171204,6.27,6.44,6.13,6.28,6.35,-1.1,418949.2,261825.928
000670.SZ,20171205,6.28,6.35,5.81,6.0,6.28,-4.46,374915.04,228888.147
000670.SZ,20171206,5.98,6.6,5.92,6.6,6.0,10.0,308672.34,200314.873
000670.SZ,20171207,7.11,7.25,6.89,7.12,6.6,7.88,1246655.08,882978.594
000670.SZ,20171208,7.08,7.8,6.97,7.45,7.12,4.63,1269170.57,935100.757
000670.SZ,20171211,7.17,7.7,7.17,7.43,7.45,-0.27,960908.33,707369.427
000670.SZ,20171212,7.35,7.61,7.22,7.45,7.43,0.27,805453.5,598642.336
000670.SZ,20171213,7.44,7.78,7.33,7.67,7.45,2.95,905332.23,684384.653
000670.SZ,20171214,7.56,7.66,7.31,7.54,7.67,-1.69,758818.29,569640.718
000670.SZ,20171215,7.5,7.68,7.26,7.33,7.54,-2.79,712363.79,530976.239
000670.SZ,20171218,7.32,7.33,6.76,6.88,7.33,-6.14,699594.1,487921.261
000670.SZ,20171219,6.95,7.12,6.86,7.02,6.88,2.03,553487.76,387563.041
000670.SZ,20171220,6.94,7.45,6.81,7.18,7.02,2.28,846589.47,603023.656
000670.SZ,20171221,7.15,7.58,7.01,7.37,7.18,2.65,828899.99,604621.104
000670.SZ,20171222,7.28,7.42,7.15,7.15,7.37,-2.99,525185.0,381299.323
000670.SZ,20171225,7.12,7.29,6.91,7.04,7.15,-1.54,398087.31,283522.911
000670.SZ,20171226,6.99,7.1,6.52,6.89,7.04,-2.13,529939.23,361470.011
000670.SZ,20171227,6.86,6.98,6.71,6.73,6.89,-2.32,376666.16,258130.169
000670.SZ,20171228,6.71,6.83,6.51,6.6,6.73,-1.93,365848.1,243217.558
000670.SZ,20171229,6.66,6.98,6.62,6.9,6.6,4.55,501016.64,344290.422
000670.SZ,20180102,6.9,6.94,6.71,6.92,6.9,0.29,361219.11,247629.47
000670.SZ,20180103,6.94,7.11,6.88,6.93,6.92,0.14,399949.49,278839.672
000670.SZ,20180104,6.86,7.36,6.82,7.23,6.93,4.33,734388.34,524686.635
000670.SZ,20180105,7.1,7.18,7.02,7.07,7.23,-2.21,406602.25,287939.533
000670.SZ,20180108,7.05,7.12,6.87,7.06,7.07,-0.14,349067.43,243392.775
000670.SZ,20180109,7.0,7.0,6.8,6.82,7.06,-3.4,367916.65,251941.337
000670.SZ,20180110,6.72,6.87,6.58,6.68,6.82,-2.05,311441.1,209007.007
000670.SZ,20180111,6.62,6.8,6.5,6.74,6.68,0.9,253194.1,169450.62
000670.SZ,20180112,6.68,6.78,6.57,6.59,6.74,-2.23,195924.75,130352.197
000670.SZ,20180115,6.51,6.56,6.03,6.17,6.59,-6.37,362659.25,226613.016
000670.SZ,20180116,6.1,6.23,6.03,6.12,6.17,-0.81,204990.0,125682.832
000670.SZ,20180117,6.12,6.31,5.88,6.23,6.12,1.8,289915.75,176920.179
000670.SZ,20180118,6.17,6.2,6.1,6.11,6.23,-1.93,141697.0,87072.975
000670.SZ,20180119,6.14,6.25,6.07,6.13,6.11,0.33,148903.73,91904.708
000670.SZ,20180122,6.09,6.2,5.98,6.13,6.13,0.0,143811.92,87893.072
000670.SZ,20180123,6.11,6.18,6.07,6.11,6.13,-0.33,106711.34,65294.509
000670.SZ,20180124,6.0,6.25,5.9,6.18,6.11,1.15,281110.47,171029.93
000670.SZ,20180125,6.11,6.18,6.05,6.05,6.18,-2.1,182787.07,111431.925
000670.SZ,20180126,6.0,6.09,5.95,5.96,6.05,-1.49,128638.03,77281.776
000670.SZ,20180129,5.99,6.04,5.83,5.85,5.96,-1.85,129795.0,76756.013
000670.SZ,20180130,5.84,5.9,5.81,5.82,5.85,-0.51,82247.01,48088.187
000670.SZ,20180131,5.36,5.46,5.24,5.24,5.82,-9.97,297874.99,157898.451
000670.SZ,20180201,5.12,5.12,4.72,4.72,5.24,-9.92,316558.4,151605.402
000670.SZ,20180202,4.4,4.55,4.25,4.45,4.72,-5.72,263015.52,115458.439
000670.SZ,20180205,4.33,4.54,4.28,4.46,4.45,0.22,132878.4,59443.223
000670.SZ,20180206,4.38,4.42,4.01,4.02,4.46,-9.87,182176.0,77174.348
000670.SZ,20180207,4.14,4.42,4.01,4.42,4.02,9.95,184251.13,77670.792
000670.SZ,20180208,4.54,4.86,4.54,4.86,4.42,9.95,416690.18,197884.074
000670.SZ,20180209,4.45,5.13,4.45,4.83,4.86,-0.62,565564.74,274452.657
000670.SZ,20180212,4.79,5.12,4.79,4.92,4.83,1.86,373624.42,184528.981
000670.SZ,20180213,4.85,4.9,4.66,4.67,4.92,-5.08,268103.01,127984.664
000670.SZ,20180214,4.67,4.87,4.67,4.71,4.67,0.86,138724.0,65762.179
000670.SZ,20180222,4.28,4.89,4.28,4.74,4.71,0.64,292762.28,135948.929
000670.SZ,20180223,4.63,4.72,4.55,4.63,4.74,-2.32,216062.01,100131.699
000670.SZ,20180226,4.74,5.09,4.64,5.09,4.63,9.94,414971.52,202445.575
000670.SZ,20180227,5.16,5.39,5.16,5.19,5.09,1.96,505665.85,265950.458
000670.SZ,20180228,5.1,5.3,4.93,5.12,5.19,-1.35,340087.14,175411.679
000670.SZ,20180301,5.17,5.63,5.17,5.62,5.12,9.77,605688.31,331287.591
000670.SZ,20180302,5.44,5.58,5.35,5.46,5.62,-2.85,485831.02,264306.196
000670.SZ,20180305,5.4,5.89,5.32,5.67,5.46,3.85,428451.81,237842.167
000670.SZ,20180306,5.56,5.8,5.52,5.63,5.67,-0.71,399464.82,226065.066
000670.SZ,20180307,5.55,5.75,5.55,5.62,5.63,-0.18,319065.01,180110.542
000670.SZ,20180308,5.58,5.62,5.41,5.55,5.62,-1.25,291404.96,159981.521
000670.SZ,20180309,5.48,5.74,5.45,5.58,5.55,0.54,343913.53,192969.103
000670.SZ,20180312,5.51,5.73,5.47,5.66,5.58,1.43,362025.76,203833.951
000670.SZ,20180313,5.58,6.23,5.5,5.76,5.66,1.77,523286.73,301987.864
000670.SZ,20180314,5.66,5.76,5.48,5.53,5.76,-3.99,333717.64,188444.216
000670.SZ,20180315,5.5,5.58,5.34,5.45,5.53,-1.45,235739.63,128280.451
000670.SZ,20180316,5.4,5.49,5.35,5.35,5.45,-1.83,177966.31,96230.801
000670.SZ,20180319,5.3,5.47,5.25,5.36,5.35,0.19,168891.3,91203.977
000670.SZ,20180320,5.3,5.35,5.13,5.22,5.36,-2.61,189938.1,99365.042
000670.SZ,20180321,5.28,5.43,5.25,5.27,5.22,0.96,205131.03,109331.934
000670.SZ,20180322,5.25,5.45,5.22,5.35,5.27,1.52,198045.03,105516.864
000670.SZ,20180323,5.16,5.18,4.82,4.82,5.35,-9.91,287742.0,143292.349
000670.SZ,20180326,4.75,5.3,4.69,5.3,4.82,9.96,361572.0,184506.855
000670.SZ,20180327,5.4,5.6,5.35,5.44,5.3,2.64,466467.52,255383.973
000670.SZ,20180328,5.31,5.53,5.26,5.38,5.44,-1.1,303942.4,165382.811
000670.SZ,20180329,5.42,5.52,5.32,5.46,5.38,1.49,218333.81,119025.913
000670.SZ,20180330,5.51,6.01,5.45,6.01,5.46,10.07,694524.45,403229.319
000670.SZ,20180402,6.08,6.59,6.01,6.2,6.01,3.16,1035749.79,649708.626
000670.SZ,20180403,6.02,6.04,5.85,5.98,6.2,-3.55,591188.96,351095.888
000670.SZ,20180404,5.94,6.25,5.8,6.12,5.98,2.34,700496.24,423900.338
000670.SZ,20180409,6.03,6.35,5.88,6.27,6.12,2.45,654096.16,403366.964
000670.SZ,20180410,6.24,6.24,5.92,5.98,6.27,-4.63,503216.43,303119.584
000670.SZ,20180411,5.93,6.04,5.77,5.83,5.98,-2.51,349480.1,205560.02
000670.SZ,20180412,5.84,5.95,5.76,5.76,5.83,-1.2,248908.0,145251.468
000670.SZ,20180413,5.81,6.03,5.7,5.95,5.76,3.3,362046.94,211890.886
000670.SZ,20180416,5.8,6.01,5.75,5.89,5.95,-1.01,316472.93,186466.22
000670.SZ,20180417,5.89,6.38,5.87,6.11,5.89,3.74,651114.45,396706.176
000670.SZ,20180418,6.29,6.72,6.14,6.72,6.11,9.98,1129216.65,734707.916
000670.SZ,20180419,6.8,6.8,6.43,6.46,6.72,-3.87,1104349.68,726671.041
000670.SZ,20180420,6.45,6.98,6.37,6.74,6.46,4.33,1159604.79,787368.893
000670.SZ,20180423,6.58,6.85,6.23,6.49,6.74,-3.71,791114.34,516226.003
000670.SZ,20180424,6.29,6.77,6.23,6.63,6.49,2.16,722561.42,469976.827
000670.SZ,20180425,6.45,6.74,6.4,6.47,6.63,-2.41,557604.58,365867.794
000670.SZ,20180426,6.5,6.82,6.47,6.59,6.47,1.85,692433.43,460862.389
000670.SZ,20180427,6.65,6.75,6.25,6.32,6.59,-4.1,504007.85,321236.543
000670.SZ,20180502,6.28,6.38,6.0,6.08,6.32,-3.8,376889.01,231036.251
000670.SZ,20180503,6.06,6.21,5.7,6.18,6.08,1.64,452477.78,270439.149
000670.SZ,20180504,6.12,6.8,6.03,6.58,6.18,6.47,1042050.5,686738.27
000670.SZ,20180507,6.43,6.64,6.33,6.64,6.58,0.91,792640.5,514791.637
000670.SZ,20180508,6.58,6.61,6.41,6.53,6.64,-1.66,494387.28,321477.874
000670.SZ,20180509,6.53,7.1,6.5,6.77,6.53,3.68,983884.21,671980.499
000670.SZ,20180510,6.5,6.64,6.41,6.57,6.77,-2.95,745689.58,483730.087
000670.SZ,20180511,6.5,6.56,6.38,6.39,6.57,-2.74,388986.66,250807.93
000670.SZ,20180514,6.28,6.49,6.21,6.29,6.39,-1.56,327841.75,208243.478
000670.SZ,20180515,6.2,6.37,6.2,6.36,6.29,1.11,301791.25,190014.575
000670.SZ,20180516,6.32,6.44,6.28,6.31,6.36,-0.79,277921.09,176980.788
000670.SZ,20180517,6.23,6.38,6.11,6.11,6.31,-3.17,320586.97,199358.37
000670.SZ,20180518,6.1,6.16,5.92,6.15,6.11,0.65,307982.14,186290.739
000670.SZ,20180521,6.17,6.33,6.12,6.29,6.15,2.28,324610.08,202924.012
000670.SZ,20180522,6.31,6.36,6.18,6.27,6.29,-0.32,253520.34,158659.946
000670.SZ,20180523,6.27,6.75,6.15,6.38,6.27,1.75,595841.51,382954.7
000670.SZ,20180524,6.27,6.4,6.2,6.21,6.38,-2.66,341164.79,214554.717
000670.SZ,20180525,6.22,6.25,6.05,6.07,6.21,-2.25,255484.24,156326.921
000670.SZ,20180528,6.01,6.06,5.61,5.81,6.07,-4.28,278932.72,163958.904
000670.SZ,20180529,5.83,5.97,5.76,5.8,5.81,-0.17,182479.48,106813.319
000670.SZ,20180530,5.7,6.12,5.66,5.82,5.8,0.34,339080.94,200493.692
000670.SZ,20180531,5.78,5.89,5.62,5.81,5.82,-0.17,235129.72,135757.306
000670.SZ,20180601,5.77,5.8,5.42,5.5,5.81,-5.34,252839.73,142074.779
000670.SZ,20180604,5.5,5.65,5.41,5.53,5.5,0.55,184420.01,102543.231
000670.SZ,20180605,5.54,5.64,5.53,5.62,5.53,1.63,154528.01,86385.131
000670.SZ,20180606,5.57,5.61,5.53,5.56,5.62,-1.07,137551.66,76451.382
000670.SZ,20180607,5.56,5.6,5.41,5.42,5.56,-2.52,166890.69,91535.334
000670.SZ,20180608,5.4,5.44,5.23,5.33,5.42,-1.66,174312.84,92689.186
000670.SZ,20180611,5.17,5.23,4.82,4.92,5.33,-7.69,371089.68,185449.224
000670.SZ,20180612,4.93,4.97,4.52,4.93,4.92,0.2,307606.13,147399.781
000670.SZ,20180613,4.89,5.2,4.78,4.99,4.93,1.22,304091.57,153770.854
000670.SZ,20180614,4.9,5.13,4.83,5.01,4.99,0.4,222732.0,111728.657
000670.SZ,20180615,5.02,5.3,4.88,5.17,5.01,3.19,357728.71,181723.289
000670.SZ,20180619,5.06,5.3,4.69,5.05,5.17,-2.32,428397.0,218069.577
000670.SZ,20180620,4.98,5.2,4.9,5.12,5.05,1.39,292080.39,148307.556
000670.SZ,20180621,5.08,5.15,4.81,4.82,5.12,-5.86,265026.5,131589.89
000670.SZ,20180622,4.74,4.93,4.6,4.87,4.82,1.04,174747.95,84325.381
000670.SZ,20180625,4.94,4.98,4.81,4.83,4.87,-0.82,129269.39,63213.519
000670.SZ,20180626,4.75,5.12,4.7,5.08,4.83,5.18,325769.43,162896.615
000670.SZ,20180627,5.07,5.14,4.97,5.03,5.08,-0.98,240651.01,121354.823
000670.SZ,20180628,5.04,5.11,4.94,4.94,5.03,-1.79,191453.99,96345.178
000670.SZ,20180629,4.92,5.43,4.92,5.43,4.94,9.92,634293.46,337796.986
000670.SZ,20180702,5.37,5.45,5.21,5.27,5.43,-2.95,487078.09,259122.045
000670.SZ,20180703,5.24,5.59,5.18,5.5,5.27,4.36,560670.62,303999.831
000670.SZ,20180704,5.42,5.46,5.3,5.37,5.5,-2.36,311486.02,167057.95
000670.SZ,20180705,5.31,5.47,5.22,5.24,5.37,-2.42,257814.03,137265.975
000670.SZ,20180706,5.21,5.45,5.18,5.31,5.24,1.34,353752.86,188677.199
000670.SZ,20180709,4.9,4.91,4.78,4.78,5.31,-9.98,188408.0,90369.548
000670.SZ,20180710,4.3,4.3,4.3,4.3,4.78,-10.04,177022.0,76119.46
000670.SZ,20180711,3.91,4.56,3.91,4.37,4.3,1.63,619096.83,262387.895
000670.SZ,20180712,4.19,4.45,4.17,4.34,4.37,-0.69,507977.92,219216.363
000670.SZ,20180713,4.33,4.37,4.23,4.24,4.34,-2.3,276525.1,118016.57
000670.SZ,20180716,4.15,4.29,4.15,4.22,4.24,-0.47,187492.33,79448.508
000670.SZ,20180717,4.23,4.34,4.2,4.27,4.22,1.18,186202.1,79792.468
000670.SZ,20180718,4.26,4.35,4.18,4.19,4.27,-1.87,166907.0,71087.86
000670.SZ,20180719,4.2,4.22,4.01,4.03,4.19,-3.82,201603.79,82057.214
000670.SZ,20180720,4.02,4.08,3.94,4.06,4.03,0.7444,177353.2,71353.065
000670.SZ,20180723,4.06,4.47,4.03,4.41,4.06,8.6207,634105.5,279652.768
000670.SZ,20180724,4.22,4.42,4.22,4.35,4.41,-1.3605,511124.48,220050.026
000670.SZ,20180725,4.32,4.68,4.3,4.43,4.35,1.8391,531191.41,239203.019
000670.SZ,20180726,4.49,4.52,4.37,4.43,4.43,0.0,288501.9,127618.967
000670.SZ,20180727,4.39,4.47,4.32,4.33,4.43,-2.2573,219905.0,96482.183
000670.SZ,20180730,4.36,4.4,4.28,4.3,4.33,-0.6928,148313.0,64164.579
000670.SZ,20180731,4.32,4.37,4.27,4.32,4.3,0.4651,109781.4,47215.884
000670.SZ,20180801,4.31,4.41,4.28,4.29,4.32,-0.6944,163623.89,71092.216
000670.SZ,20180802,4.22,4.22,4.01,4.1,4.29,-4.4289,199056.91,81457.648
000670.SZ,20180803,4.09,4.13,4.02,4.02,4.1,-1.9512,105972.0,43082.225
000670.SZ,20180806,4.01,4.07,3.9,3.94,4.02,-1.99,106143.86,42230.076
000670.SZ,20180807,3.93,4.03,3.93,4.03,3.94,2.2843,116972.0,46702.501
000670.SZ,20180808,4.03,4.14,4.0,4.02,4.03,-0.2481,146898.9,59749.467
000670.SZ,20180809,3.81,4.13,3.8,4.05,4.02,0.7463,302608.8,121881.726
000670.SZ,20180810,4.01,4.08,3.98,4.02,4.05,-0.7407,174098.0,69894.585
000670.SZ,20180813,3.95,4.42,3.91,4.23,4.02,5.2239,312839.16,131198.229
000670.SZ,20180814,4.18,4.22,4.12,4.14,4.23,-2.1277,189718.56,79030.514
000670.SZ,20180815,4.14,4.21,4.11,4.11,4.14,-0.7246,161029.56,66905.188
000670.SZ,20180816,4.02,4.18,3.95,4.01,4.11,-2.4331,141523.3,57518.039
000670.SZ,20180817,4.01,4.1,3.95,3.96,4.01,-1.2469,115393.0,46285.242
000670.SZ,20180820,3.98,4.09,3.92,4.06,3.96,2.5253,114644.0,45867.435
000670.SZ,20180821,4.06,4.13,4.0,4.07,4.06,0.2463,142795.0,58042.205
000670.SZ,20180822,4.05,4.06,3.96,3.96,4.07,-2.7027,95789.0,38389.828
000670.SZ,20180823,3.97,4.1,3.97,4.01,3.96,1.2626,117197.0,47321.438
000670.SZ,20180824,3.98,4.0,3.94,3.96,4.01,-1.2469,100828.01,40019.685
000670.SZ,20180827,3.96,4.04,3.96,4.02,3.96,1.5152,95810.01,38416.521
000670.SZ,20180828,4.03,4.1,4.0,4.03,4.02,0.2488,99095.0,40008.471
000670.SZ,20180829,4.03,4.04,3.96,3.97,4.03,-1.4888,78985.0,31519.633
000670.SZ,20180830,3.96,3.99,3.9,3.9,3.97,-1.7632,79417.3,31242.414
000670.SZ,20180831,3.88,3.92,3.82,3.87,3.9,-0.7692,73645.0,28471.139
000670.SZ,20180903,3.87,3.92,3.82,3.92,3.87,1.292,64522.0,24986.603
000670.SZ,20180904,3.89,4.2,3.89,4.03,3.92,2.8061,180295.71,72366.205
000670.SZ,20180905,3.99,4.02,3.93,3.94,4.03,-2.2333,127518.7,50762.515
000670.SZ,20180906,3.94,4.05,3.91,3.96,3.94,0.5076,106837.55,42522.643
000670.SZ,20180907,3.96,4.0,3.86,3.91,3.96,-1.2626,111058.0,43776.199
000670.SZ,20180910,3.87,3.91,3.82,3.83,3.91,-2.046,94088.98,36257.976
000670.SZ,20180911,3.84,3.89,3.8,3.84,3.83,0.2611,76329.98,29242.674
000670.SZ,20180912,3.82,3.86,3.81,3.83,3.84,-0.2604,54473.0,20919.247
000670.SZ,20180913,3.84,3.88,3.82,3.85,3.83,0.5222,68108.0,26176.18
000670.SZ,20180914,3.85,3.86,3.71,3.71,3.85,-3.6364,102108.0,38726.264
000670.SZ,20180917,3.71,3.72,3.51,3.54,3.71,-4.5822,98499.21,35124.958
000670.SZ,20180918,3.56,3.8,3.51,3.67,3.54,3.6723,134036.66,48620.77
000670.SZ,20180919,3.63,3.83,3.62,3.73,3.67,1.6349,166300.78,62017.449
000670.SZ,20180920,3.72,3.78,3.68,3.7,3.73,-0.8043,96937.66,36010.727
000670.SZ,20180921,3.73,3.74,3.67,3.71,3.7,0.2703,81347.0,30116.636
000670.SZ,20180925,3.68,3.8,3.67,3.7,3.71,-0.2695,99023.0,36987.042
000670.SZ,20180926,3.7,3.76,3.65,3.7,3.7,0.0,88333.0,32726.58
000670.SZ,20180927,3.7,3.7,3.56,3.56,3.7,-3.7838,119406.36,43182.872
000670.SZ,20180928,3.55,3.6,3.54,3.57,3.56,0.2809,65844.0,23499.485
000670.SZ,20181008,3.39,3.49,3.33,3.36,3.57,-5.8824,88171.0,30100.457
000670.SZ,20181009,3.36,3.43,3.36,3.37,3.36,0.2976,58733.0,19886.79
000670.SZ,20181010,3.41,3.5,3.32,3.42,3.37,1.4837,95373.01,32523.235
000670.SZ,20181011,3.29,3.31,3.08,3.08,3.42,-9.9415,146064.0,46450.301
000670.SZ,20181012,2.99,3.06,2.8,2.92,3.08,-5.1948,147129.99,42926.29
000670.SZ,20181015,2.91,2.99,2.84,2.85,2.92,-2.3973,72654.29,21174.322
000670.SZ,20181016,2.88,2.92,2.75,2.79,2.85,-2.1053,90217.29,25657.371
000670.SZ,20181017,2.82,3.07,2.76,3.07,2.79,10.0358,193505.93,57285.601
000670.SZ,20181018,3.12,3.26,2.97,3.0,3.07,-2.2801,430067.63,135240.195
000670.SZ,20181019,2.9,3.07,2.81,3.05,3.0,1.6667,274568.25,81782.731
000670.SZ,20181022,3.03,3.25,3.02,3.17,3.05,3.9344,334248.24,104872.482
000670.SZ,20181023,3.15,3.18,3.05,3.06,3.17,-3.47,186877.0,58026.393
000670.SZ,20181024,3.03,3.13,3.01,3.05,3.06,-0.3268,123369.0,37915.758
000670.SZ,20181025,2.84,3.07,2.84,3.06,3.05,0.3279,141908.0,41989.793
000670.SZ,20181026,3.08,3.17,3.06,3.07,3.06,0.3268,140136.0,43560.626
000670.SZ,20181029,3.02,3.15,3.01,3.05,3.07,-0.6515,109289.0,33595.252
000670.SZ,20181030,3.03,3.09,2.94,3.04,3.05,-0.3279,119289.34,36154.101
000670.SZ,20181031,3.08,3.34,3.05,3.34,3.04,9.8684,306432.41,99186.942
000670.SZ,20181101,3.6,3.6,3.31,3.31,3.34,-0.8982,613156.63,210882.97
000670.SZ,20181102,3.29,3.4,3.27,3.36,3.31,1.5106,355160.0,118579.183
000670.SZ,20181105,3.34,3.58,3.31,3.56,3.36,5.9524,485411.66,168044.154
000670.SZ,20181106,3.57,3.78,3.41,3.65,3.56,2.5281,498093.36,177879.905
000670.SZ,20181107,3.66,3.84,3.55,3.69,3.65,1.0959,485039.04,179071.685
000670.SZ,20181108,3.65,3.7,3.46,3.51,3.69,-4.878,347021.07,125038.87
000670.SZ,20181109,3.53,3.85,3.5,3.7,3.51,5.4131,530736.15,195784.862
000670.SZ,20181112,3.66,3.95,3.58,3.83,3.7,3.5135,516411.13,194708.676
000670.SZ,20181113,3.74,4.15,3.72,4.0,3.83,4.4386,594692.68,232793.437
000670.SZ,20181114,3.96,4.2,3.9,4.01,4.0,0.25,590695.23,237121.093
000670.SZ,20181115,3.93,4.1,3.92,3.99,4.01,-0.4988,379955.0,152288.168
000670.SZ,20181116,3.96,4.18,3.88,4.04,3.99,1.2531,532554.07,213415.357
000670.SZ,20181119,3.94,3.99,3.88,3.9,4.04,-3.4653,318274.35,125043.848
000670.SZ,20181120,3.85,4.03,3.81,3.85,3.9,-1.2821,361012.12,141975.521
000670.SZ,20181121,3.76,3.85,3.72,3.81,3.85,-1.039,247696.12,93674.113
000670.SZ,20181122,3.8,4.1,3.8,3.94,3.81,3.4121,472412.0,186965.674
000670.SZ,20181123,3.96,3.96,3.59,3.65,3.94,-7.3604,364985.01,137671.049
000670.SZ,20181126,3.68,3.74,3.6,3.67,3.65,0.5479,162202.0,59533.968
000670.SZ,20181127,3.61,3.72,3.52,3.61,3.67,-1.6349,266422.0,96494.499
000670.SZ,20181128,3.61,3.67,3.49,3.65,3.61,1.108,215295.0,77395.418
000670.SZ,20181129,3.67,3.8,3.61,3.61,3.65,-1.0959,351774.56,130437.403
000670.SZ,20181130,3.6,3.65,3.4,3.54,3.61,-1.9391,247308.54,87444.604
000670.SZ,20181203,3.64,3.76,3.55,3.68,3.54,3.9548,279312.4,102981.073
000670.SZ,20181204,3.68,3.75,3.66,3.74,3.68,1.6304,232582.0,86353.0
000670.SZ,20181205,3.65,3.79,3.61,3.66,3.74,-2.139,203252.48,74662.563
000670.SZ,20181206,3.63,3.93,3.62,3.83,3.66,4.6448,498535.74,189274.198
000670.SZ,20181207,3.79,3.83,3.7,3.7,3.83,-3.3943,296351.54,110976.045
000670.SZ,20181210,3.6,3.69,3.56,3.58,3.7,-3.2432,176226.3,63690.53
000670.SZ,20181211,3.62,3.65,3.58,3.62,3.58,1.1173,132817.18,47880.089
000670.SZ,20181212,3.63,3.64,3.55,3.56,3.62,-1.6575,111781.0,40030.134
000670.SZ,20181213,3.56,3.61,3.5,3.52,3.56,-1.1236,204710.19,72744.887
000670.SZ,20181214,3.52,3.53,3.34,3.37,3.52,-4.2614,173355.0,59501.605
000670.SZ,20181217,3.33,3.41,3.31,3.36,3.37,-0.2967,84573.0,28414.836
000670.SZ,20181218,3.41,3.48,3.36,3.39,3.36,0.8929,120162.05,41018.953
000670.SZ,20181219,3.4,3.41,3.31,3.34,3.39,-1.4749,91951.06,30827.487
000670.SZ,20181220,3.31,3.37,3.3,3.36,3.34,0.5988,77012.0,25760.074
000670.SZ,20181221,3.36,3.38,3.31,3.34,3.36,-0.5952,76913.0,25731.137
000670.SZ,20181224,3.35,3.38,3.31,3.37,3.34,0.8982,71749.0,24075.025
000670.SZ,20181225,3.33,3.45,3.15,3.4,3.37,0.8902,199918.0,65697.887
000670.SZ,20181226,3.39,3.42,3.33,3.34,3.4,-1.7647,115183.0,38759.172
000670.SZ,20181227,3.37,3.38,3.16,3.17,3.34,-5.0898,151367.0,49793.559
000670.SZ,20181228,3.15,3.24,3.15,3.18,3.17,0.3155,92876.0,29634.951
000670.SZ,20190102,3.17,3.21,3.15,3.17,3.18,-0.3145,69082.0,21996.943
000670.SZ,20190103,3.16,3.31,3.16,3.2,3.17,0.9464,125728.9,40689.777
000670.SZ,20190104,3.13,3.29,3.08,3.26,3.2,1.875,181526.39,58469.945
000670.SZ,20190107,3.3,3.41,3.24,3.35,3.26,2.7607,205162.48,68373.111
000670.SZ,20190108,3.32,3.36,3.29,3.34,3.35,-0.2985,129663.03,43146.107
000670.SZ,20190109,3.36,3.67,3.32,3.67,3.34,9.8802,316516.93,111914.441
000670.SZ,20190110,3.86,4.04,3.86,4.04,3.67,10.0817,1032507.56,414961.571
000670.SZ,20190111,4.06,4.3,3.76,3.81,4.04,-5.6931,1182121.75,473584.216
000670.SZ,20190114,3.64,3.73,3.56,3.72,3.81,-2.3622,639599.56,233263.715
000670.SZ,20190115,3.66,4.09,3.61,4.09,3.72,9.9462,777401.72,302314.143
000670.SZ,20190116,4.09,4.09,3.87,3.9,4.09,-4.6455,780638.56,309857.424
000670.SZ,20190117,3.88,4.08,3.79,3.93,3.9,0.7692,653776.72,259795.174
000670.SZ,20190118,4.0,4.18,3.93,4.08,3.93,3.8168,732459.59,296961.733
000670.SZ,20190121,3.99,4.08,3.84,4.01,4.08,-1.7157,494446.96,196474.321
000670.SZ,20190122,3.94,3.98,3.81,3.82,4.01,-4.7382,407933.96,157835.604
000670.SZ,20190123,3.79,3.94,3.74,3.83,3.82,0.2618,268558.4,103279.56
000670.SZ,20190124,3.79,4.21,3.79,4.21,3.83,9.9217,747535.62,306396.445
000670.SZ,20190125,4.26,4.62,4.2,4.3,4.21,2.1378,1448830.06,635675.865
000670.SZ,20190128,3.87,3.87,3.87,3.87,4.3,-10.0,116654.0,45145.098
000670.SZ,20190129,3.48,3.48,3.48,3.48,3.87,-10.0775,33179.0,11546.292
000670.SZ,20190130,3.13,3.13,3.13,3.13,3.48,-10.0575,57482.0,17991.866
000670.SZ,20190131,2.82,3.35,2.82,3.04,3.13,-2.8754,1080374.64,327010.547
000670.SZ,20190201,3.01,3.12,2.91,3.09,3.04,1.6447,577444.79,175562.836
000670.SZ,20190211,3.11,3.35,3.05,3.17,3.09,2.589,604816.96,191205.281
000670.SZ,20190212,3.18,3.29,3.15,3.26,3.17,2.8391,576921.83,185663.213
000670.SZ,20190213,3.26,3.59,3.21,3.5,3.26,7.362,868504.25,300659.241
000670.SZ,20190214,3.38,3.48,3.36,3.42,3.5,-2.2857,590710.48,201742.183
000670.SZ,20190215,3.42,3.5,3.37,3.41,3.42,-0.2924,422250.83,145178.218
000670.SZ,20190218,3.44,3.67,3.37,3.64,3.41,6.7449,782730.46,278119.442
000670.SZ,20190219,3.66,3.98,3.59,3.77,3.64,3.5714,864133.36,323722.211
000670.SZ,20190220,3.74,3.83,3.65,3.74,3.77,-0.7958,510200.45,190634.773
000670.SZ,20190221,3.76,3.92,3.71,3.81,3.74,1.8717,711094.0,271958.065
000670.SZ,20190222,3.77,3.84,3.72,3.84,3.81,0.7874,538267.27,203873.643
000670.SZ,20190225,3.88,4.21,3.85,4.09,3.84,6.5104,815363.67,328117.196
000670.SZ,20190226,4.1,4.19,3.9,3.99,4.09,-2.445,755552.45,304468.827
000670.SZ,20190227,3.97,4.05,3.87,3.92,3.99,-1.7544,533984.04,211924.979
000670.SZ,20190228,3.86,3.95,3.83,3.88,3.92,-1.0204,406777.6,158416.247
000670.SZ,20190301,3.9,3.93,3.74,3.84,3.88,-1.0309,370820.35,141604.015
000670.SZ,20190304,3.93,4.11,3.91,3.99,3.84,3.9063,768200.32,308547.153
000670.SZ,20190305,3.94,4.39,3.92,4.39,3.99,10.0251,1077543.97,457173.666
000670.SZ,20190306,4.56,4.76,4.41,4.56,4.39,3.8724,1454066.52,665036.914
000670.SZ,20190307,4.46,4.88,4.4,4.7,4.56,3.0702,1052569.96,490061.293
000670.SZ,20190308,5.16,5.17,4.87,5.17,4.7,10.0,888855.59,454566.421
000670.SZ,20190311,5.69,5.69,5.41,5.69,5.17,10.058,1219676.06,692074.621
000670.SZ,20190312,5.79,6.26,5.69,6.26,5.69,10.0176,2195187.91,1332002.774
000670.SZ,20190313,6.57,6.89,6.55,6.89,6.26,10.0639,2079347.82,1404537.15
000670.SZ,20190314,6.2,6.47,6.2,6.2,6.89,-10.0145,378699.95,236011.405
000670.SZ,20190315,5.62,6.6,5.62,6.08,6.2,-1.9355,1838241.92,1115838.725
000670.SZ,20190318,5.74,5.84,5.47,5.81,6.08,-4.4408,1580510.94,884748.371
000670.SZ,20190319,5.55,6.07,5.49,5.71,5.81,-1.7212,1199684.53,691514.184
000670.SZ,20190320,5.59,5.78,5.38,5.71,5.71,0.0,996254.32,557691.613
000670.SZ,20190321,5.69,6.28,5.61,6.28,5.71,9.9825,1738753.89,1056331.324
000670.SZ,20190322,6.3,6.85,6.02,6.53,6.28,3.9809,2046517.93,1326840.833
000670.SZ,20190325,6.1,7.17,5.88,6.9,6.53,5.6662,1884045.53,1211015.735
000670.SZ,20190327,6.56,6.56,6.56,6.56,6.9,-4.9275,8734.0,5729.504
000670.SZ,20190328,6.23,6.23,6.23,6.23,6.56,-5.0305,5390.0,3357.97
000670.SZ,20190329,5.92,5.92,5.92,5.92,6.23,-4.9759,14346.0,8492.832
000670.SZ,20190401,5.62,5.62,5.62,5.62,5.92,-5.0676,19035.0,10697.67
000670.SZ,20190402,5.34,5.84,5.34,5.61,5.62,-0.1779,2440625.69,1323919.276
000670.SZ,20190403,5.36,5.37,5.33,5.33,5.61,-4.9911,576435.0,307928.661
000670.SZ,20190404,5.07,5.19,5.06,5.06,5.33,-5.0657,904596.64,459314.73
000670.SZ,20190408,4.93,4.98,4.81,4.81,5.06,-4.9407,656180.95,317421.019
000670.SZ,20190409,4.83,4.93,4.71,4.79,4.81,-0.4158,855744.45,413076.445
000670.SZ,20190410,4.71,4.81,4.59,4.74,4.79,-1.0438,600912.55,283732.171
000670.SZ,20190411,4.73,4.98,4.69,4.83,4.74,1.8987,837492.95,406390.078
000670.SZ,20190412,4.8,4.85,4.59,4.59,4.83,-4.9689,812157.72,377558.077
000670.SZ,20190415,4.62,4.65,4.36,4.36,4.59,-5.0109,756887.07,338693.216
000670.SZ,20190416,4.28,4.4,4.22,4.38,4.36,0.4587,624326.97,269489.435
000670.SZ,20190417,4.36,4.49,4.34,4.39,4.38,0.2283,550444.38,243117.58
000670.SZ,20190418,4.37,4.38,4.25,4.27,4.39,-2.7335,475624.2,205040.347
000670.SZ,20190419,4.28,4.48,4.24,4.48,4.27,4.918,717796.28,315057.63
000670.SZ,20190422,4.48,4.48,4.3,4.32,4.48,-3.5714,564573.28,246514.715
000670.SZ,20190424,4.1,4.1,4.1,4.1,4.32,-5.0926,24681.0,10119.21
000670.SZ,20190425,3.9,3.9,3.9,3.9,4.1,-4.878,18597.0,7252.83
000670.SZ,20190426,3.71,3.71,3.71,3.71,3.9,-4.8718,9453.0,3507.063
000670.SZ,20190429,3.52,3.52,3.52,3.52,3.71,-5.1213,13013.0,4580.576
000670.SZ,20190430,3.34,3.42,3.34,3.34,3.52,-5.1136,791881.76,265580.453
000670.SZ,20190506,3.19,3.23,3.17,3.17,3.34,-5.0898,306280.43,97285.085
000670.SZ,20190507,3.1,3.18,3.01,3.01,3.17,-5.0473,554760.6,169537.305
000670.SZ,20190508,2.94,3.15,2.87,3.05,3.01,1.3289,564186.36,171697.512
000670.SZ,20190509,3.04,3.18,3.01,3.06,3.05,0.3279,401266.18,124185.69
000670.SZ,20190510,3.05,3.21,3.02,3.21,3.06,4.902,595197.38,186802.165
000670.SZ,20190513,3.1,3.17,3.05,3.05,3.21,-4.9844,610060.68,188736.85
000670.SZ,20190514,2.95,3.04,2.93,3.01,3.05,-1.3115,407241.0,121118.776
000670.SZ,20190515,3.04,3.16,2.99,3.16,3.01,4.9834,368627.62,114097.788
000670.SZ,20190516,3.17,3.28,3.12,3.2,3.16,1.2658,554453.22,177311.819
000670.SZ,20190517,3.23,3.36,3.19,3.27,3.2,2.1875,802145.32,264469.796
000670.SZ,20190520,3.14,3.22,3.11,3.11,3.27,-4.893,506081.02,158828.353
000670.SZ,20190521,3.06,3.12,2.95,3.02,3.11,-2.8939,413275.24,125166.995
000670.SZ,20190522,3.01,3.08,2.98,3.01,3.02,-0.3311,267632.22,81018.182
000670.SZ,20190523,3.05,3.16,3.03,3.05,3.01,1.3289,370199.6,114313.476
000670.SZ,20190524,2.97,2.98,2.9,2.9,3.05,-4.918,270597.5,78936.941
000670.SZ,20190527,2.77,2.94,2.77,2.89,2.9,-0.3448,365758.1,104094.76
000670.SZ,20190528,2.87,2.97,2.87,2.9,2.89,0.346,257821.0,75222.737
000670.SZ,20190529,2.84,2.9,2.76,2.8,2.9,-3.4483,341401.51,96528.105
000670.SZ,20190530,2.77,2.78,2.66,2.66,2.8,-5.0,184277.0,49439.587
000670.SZ,20190531,2.54,2.64,2.53,2.54,2.66,-4.5113,435981.83,111607.585
000670.SZ,20190603,2.5,2.52,2.41,2.41,2.54,-5.1181,199217.03,48388.235
000670.SZ,20190604,2.29,2.33,2.29,2.29,2.41,-4.9793,246430.0,56565.954
000670.SZ,20190605,2.29,2.32,2.18,2.18,2.29,-4.8035,227046.01,50174.313
000670.SZ,20190606,2.11,2.13,2.07,2.07,2.18,-5.0459,159236.29,33050.624
000670.SZ,20190610,1.99,2.0,1.97,1.97,2.07,-4.8309,140741.0,27776.892
000670.SZ,20190611,1.87,2.03,1.87,2.0,1.97,1.5228,368187.01,72057.247
000670.SZ,20190612,1.96,2.1,1.93,2.1,2.0,5.0,337481.37,69618.334
000670.SZ,20190613,2.13,2.21,2.1,2.21,2.1,5.2381,273232.0,59375.1
000670.SZ,20190614,2.27,2.32,2.12,2.17,2.21,-1.81,482460.01,108631.747
000670.SZ,20190617,2.06,2.11,2.06,2.06,2.17,-5.0691,336507.2,69567.475
000670.SZ,20190618,2.04,2.16,2.04,2.14,2.06,3.8835,234398.0,49666.263
000670.SZ,20190619,2.21,2.21,2.11,2.13,2.14,-0.4673,206315.03,44407.929
000670.SZ,20190620,2.13,2.14,2.06,2.08,2.13,-2.3474,197909.0,41317.318
000670.SZ,20190621,2.18,2.18,2.18,2.18,2.08,4.8077,108100.0,23565.8
000670.SZ,20190624,2.26,2.29,2.2,2.24,2.18,2.7523,340328.0,76524.053
000670.SZ,20190625,2.22,2.3,2.18,2.26,2.24,0.8929,227555.0,51081.955
000670.SZ,20190626,2.22,2.37,2.21,2.37,2.26,4.8673,333924.85,77772.471
000670.SZ,20190627,2.37,2.45,2.35,2.35,2.37,-0.8439,331091.63,79315.387
000670.SZ,20190628,2.31,2.36,2.23,2.28,2.35,-2.9787,255856.1,58484.01
000670.SZ,20190701,2.34,2.34,2.28,2.33,2.28,2.193,206117.0,47590.195
000670.SZ,20190702,2.32,2.45,2.3,2.45,2.33,5.1502,407467.42,98641.848
000670.SZ,20190703,2.45,2.49,2.33,2.33,2.45,-4.898,376189.82,89103.324
000670.SZ,20190704,2.29,2.36,2.28,2.31,2.33,-0.8584,144319.01,33444.318
000670.SZ,20190705,2.32,2.37,2.3,2.33,2.31,0.8658,128802.01,30126.28
000670.SZ,20190708,2.24,2.24,2.21,2.21,2.33,-5.1502,123600.0,27372.668
000670.SZ,20190709,2.15,2.19,2.11,2.16,2.21,-2.2624,150539.0,32186.539
000670.SZ,20190710,2.15,2.23,2.15,2.17,2.16,0.463,121415.0,26617.99
000670.SZ,20190711,2.18,2.23,2.15,2.17,2.17,0.0,116388.0,25575.28
000670.SZ,20190712,2.18,2.18,2.11,2.14,2.17,-1.3825,92750.0,19810.501
000670.SZ,20190715,2.13,2.18,2.11,2.17,2.14,1.4019,83477.01,17988.699
000670.SZ,20190716,2.16,2.19,2.14,2.17,2.17,0.0,98449.0,21321.141
000670.SZ,20190717,2.15,2.16,2.13,2.13,2.17,-1.8433,98812.03,21199.946
000670.SZ,20190718,2.1,2.11,2.02,2.02,2.13,-5.1643,217322.0,44215.753
000670.SZ,20190719,2.02,2.05,2.0,2.02,2.02,0.0,92529.0,18795.897
000670.SZ,20190722,2.01,2.03,1.92,1.92,2.02,-4.9505,155856.5,30230.97
000670.SZ,20190723,1.95,2.02,1.92,2.02,1.92,5.2083,137353.0,27299.184
000670.SZ,20190724,2.04,2.08,2.02,2.03,2.02,0.495,146783.0,30018.05
000670.SZ,20190725,2.01,2.08,2.01,2.06,2.03,1.4778,113586.1,23279.759
000670.SZ,20190726,2.04,2.06,2.03,2.04,2.06,-0.9709,78320.0,15984.499
000670.SZ,20190729,2.04,2.05,2.0,2.01,2.04,-1.4706,67065.0,13580.84
000670.SZ,20190730,2.0,2.03,2.0,2.01,2.01,0.0,73043.0,14696.562
000670.SZ,20190731,2.0,2.02,1.99,1.99,2.01,-0.995,58189.11,11621.889
000670.SZ,20190801,1.96,2.07,1.96,2.03,1.99,2.0101,93696.01,19010.436
000670.SZ,20190802,1.98,2.04,1.98,2.04,2.03,0.4926,92179.61,18474.908
000670.SZ,20190805,2.02,2.08,1.97,1.99,2.04,-2.451,124156.0,25098.571
000670.SZ,20190806,1.95,1.96,1.89,1.94,1.99,-2.5126,132601.0,25380.536
000670.SZ,20190807,1.94,1.97,1.91,1.93,1.94,-0.5155,72058.01,13968.52
000670.SZ,20190808,2.01,2.03,1.99,2.03,1.93,5.1813,346475.71,70175.622
000670.SZ,20190809,1.98,1.99,1.93,1.93,2.03,-4.9261,286919.1,55662.07
000670.SZ,20190812,1.87,1.91,1.83,1.89,1.93,-2.0725,195285.08,36268.135
000670.SZ,20190813,1.87,1.92,1.84,1.88,1.89,-0.5291,117984.05,22197.92
000670.SZ,20190814,1.88,1.91,1.86,1.88,1.88,0.0,88028.1,16604.501
000670.SZ,20190815,1.83,1.86,1.8,1.85,1.88,-1.5957,107217.45,19588.72
000670.SZ,20190816,1.85,1.87,1.83,1.83,1.85,-1.0811,73906.0,13661.568
000670.SZ,20190819,1.84,1.88,1.83,1.87,1.83,2.1858,97607.1,18148.472
000670.SZ,20190820,1.86,1.89,1.86,1.87,1.87,0.0,86964.0,16288.047
000670.SZ,20190821,1.85,1.87,1.84,1.86,1.87,-0.5348,71090.0,13201.379
000670.SZ,20190822,1.86,1.95,1.84,1.93,1.86,3.7634,178506.78,33917.418
000670.SZ,20190823,1.91,1.92,1.87,1.88,1.93,-2.5907,121385.0,22924.534
000670.SZ,20190826,1.81,1.85,1.8,1.84,1.88,-2.1277,79304.02,14552.874
000670.SZ,20190827,1.91,1.92,1.88,1.89,1.84,2.7174,159045.37,30220.686
000670.SZ,20190828,1.88,1.91,1.87,1.9,1.89,0.5291,88698.0,16782.587
000670.SZ,20190829,1.9,1.91,1.87,1.88,1.9,-1.0526,73009.72,13847.745
000670.SZ,20190830,1.89,1.9,1.84,1.84,1.88,-2.1277,109212.0,20428.647
000670.SZ,20190902,1.84,1.89,1.83,1.88,1.84,2.1739,89542.0,16726.925
000670.SZ,20190903,1.87,1.97,1.87,1.97,1.88,4.7872,256094.64,49683.676
000670.SZ,20190904,1.96,2.07,1.92,2.01,1.97,2.0305,316303.8,63664.601
000670.SZ,20190905,2.0,2.03,1.98,2.0,2.01,-0.4975,189612.0,37971.223
000670.SZ,20190906,2.0,2.04,1.98,2.04,2.0,2.0,151173.0,30350.857
000670.SZ,20190909,2.04,2.14,2.04,2.14,2.04,4.902,290116.5,61317.892
000670.SZ,20190910,2.14,2.19,2.09,2.11,2.14,-1.4019,244732.0,52051.67
000670.SZ,20190911,2.09,2.2,2.09,2.15,2.11,1.8957,192134.75,41247.745
000670.SZ,20190912,2.15,2.17,2.08,2.13,2.15,-0.9302,156433.23,33152.404
000670.SZ,20190916,2.24,2.24,2.2,2.24,2.13,5.1643,123492.5,27638.484
000670.SZ,20190917,2.35,2.35,2.35,2.35,2.24,4.9107,44911.01,10554.087
000670.SZ,20190918,2.47,2.47,2.26,2.3,2.35,-2.1277,490872.44,115918.047
000670.SZ,20190919,2.3,2.37,2.21,2.34,2.3,1.7391,299185.02,68191.313
000670.SZ,20190920,2.31,2.38,2.28,2.32,2.34,-0.8547,198346.66,46356.812
000670.SZ,20190923,2.29,2.33,2.25,2.29,2.32,-1.2931,164700.21,37569.672
000670.SZ,20190924,2.28,2.4,2.28,2.36,2.29,3.0568,211545.49,49963.3
000670.SZ,20190925,2.33,2.48,2.31,2.45,2.36,3.8136,243414.5,59024.504
000670.SZ,20190926,2.51,2.52,2.33,2.33,2.45,-4.898,234250.0,55769.592
000670.SZ,20190927,2.27,2.39,2.27,2.33,2.33,0.0,156868.57,36651.294
000670.SZ,20190930,2.44,2.44,2.34,2.37,2.33,1.7167,161674.49,38661.54
000670.SZ,20191008,2.34,2.38,2.25,2.26,2.37,-4.6414,141807.0,32630.429
000670.SZ,20191009,2.2,2.28,2.19,2.22,2.26,-1.7699,127039.2,28256.536
000670.SZ,20191010,2.22,2.25,2.19,2.23,2.22,0.4505,113113.06,25061.603
000670.SZ,20191011,2.22,2.26,2.22,2.26,2.23,1.3453,87321.27,19588.933
000670.SZ,20191014,2.26,2.3,2.22,2.27,2.26,0.4425,118251.27,26753.688
000670.SZ,20191015,2.25,2.32,2.25,2.26,2.27,-0.4405,82718.0,18798.693
000670.SZ,20191016,2.32,2.32,2.25,2.25,2.26,-0.4425,105315.0,24040.324
000670.SZ,20191017,2.24,2.27,2.2,2.21,2.25,-1.7778,95186.0,21222.963
000670.SZ,20191018,2.22,2.23,2.11,2.14,2.21,-3.1674,147782.0,31976.394
000670.SZ,20191021,2.16,2.18,2.11,2.16,2.14,0.9346,106663.0,22901.4
000670.SZ,20191022,2.15,2.16,2.12,2.15,2.16,-0.463,80840.0,17219.738
000670.SZ,20191023,2.15,2.15,2.1,2.12,2.15,-1.3953,61892.01,13134.099
000670.SZ,20191024,2.12,2.12,2.02,2.04,2.12,-3.7736,106204.0,21906.359
000670.SZ,20191025,2.03,2.06,2.0,2.05,2.04,0.4902,75848.49,15330.102
000670.SZ,20191028,2.05,2.14,2.05,2.12,2.05,3.4146,111573.91,23604.697
000670.SZ,20191029,2.13,2.13,2.08,2.08,2.12,-1.8868,73719.0,15526.415
000670.SZ,20191030,2.06,2.12,2.05,2.11,2.08,1.4423,75130.03,15701.318
000670.SZ,20191031,2.1,2.15,2.06,2.09,2.11,-0.9479,78498.0,16575.249
000670.SZ,20191101,2.08,2.11,2.05,2.09,2.09,0.0,48248.72,10055.264
000670.SZ,20191104,2.07,2.1,2.02,2.03,2.09,-2.8708,94957.0,19494.13
000670.SZ,20191105,2.04,2.13,2.04,2.13,2.03,4.9261,191884.61,40622.682
000670.SZ,20191106,2.14,2.17,2.09,2.11,2.13,-0.939,101044.01,21439.261
000670.SZ,20191107,2.11,2.17,2.09,2.13,2.11,0.9479,80422.0,17109.447
000670.SZ,20191108,2.15,2.17,2.06,2.07,2.13,-2.8169,98208.01,20682.344
000670.SZ,20191111,2.05,2.05,1.97,1.97,2.07,-4.8309,130648.8,25975.68
000670.SZ,20191112,1.99,2.07,1.94,2.02,1.97,2.5381,111079.0,22328.332
000670.SZ,20191113,2.0,2.08,2.0,2.07,2.02,2.4752,84941.09,17325.104
000670.SZ,20191114,2.11,2.12,2.07,2.08,2.07,0.4831,74742.1,15634.427
000670.SZ,20191115,2.09,2.17,2.07,2.15,2.08,3.3654,133570.72,28583.879
000670.SZ,20191118,2.15,2.19,2.13,2.15,2.15,0.0,87357.0,18818.128
000670.SZ,20191119,2.15,2.16,2.13,2.14,2.15,-0.4651,68061.72,14580.225
000670.SZ,20191120,2.16,2.16,2.08,2.09,2.14,-2.3364,74923.0,15867.534
000670.SZ,20191121,2.08,2.17,2.08,2.13,2.09,1.9139,69321.03,14783.408
000670.SZ,20191122,2.15,2.15,2.09,2.12,2.13,-0.4695,54534.15,11528.512
000670.SZ,20191125,2.12,2.12,2.08,2.1,2.12,-0.9434,41945.0,8807.217
000670.SZ,20191126,2.1,2.15,2.08,2.13,2.1,1.4286,64416.49,13690.577
000670.SZ,20191127,2.12,2.16,2.1,2.16,2.13,1.4085,85225.0,18231.847
000670.SZ,20191128,2.16,2.27,2.15,2.27,2.16,5.0926,177540.3,39832.434
000670.SZ,20191129,2.3,2.38,2.25,2.33,2.27,2.6432,266767.41,61832.433
000670.SZ,20191202,2.31,2.45,2.26,2.44,2.33,4.721,231037.69,54185.7
000670.SZ,20191203,2.4,2.49,2.37,2.39,2.44,-2.0492,268996.64,65524.039
000670.SZ,20191204,2.36,2.47,2.28,2.3,2.39,-3.7657,239574.49,56739.827
000670.SZ,20191205,2.32,2.34,2.27,2.3,2.3,0.0,131986.48,30408.569
000670.SZ,20191206,2.3,2.36,2.29,2.34,2.3,1.7391,107410.0,25025.601
000670.SZ,20191209,2.29,2.32,2.22,2.29,2.34,-2.1368,140318.51,31902.634
000670.SZ,20191210,2.25,2.28,2.23,2.26,2.29,-1.31,102261.7,23028.597
000670.SZ,20191211,2.3,2.3,2.23,2.25,2.26,-0.4425,99636.4,22532.645
000670.SZ,20191212,2.23,2.25,2.2,2.21,2.25,-1.7778,107034.0,23826.958
000670.SZ,20191213,2.23,2.27,2.22,2.24,2.21,1.3575,108934.36,24462.56
000670.SZ,20191216,2.23,2.23,2.19,2.23,2.24,-0.4464,129470.21,28605.44
000670.SZ,20191217,2.22,2.29,2.21,2.28,2.23,2.2422,159834.14,36068.709
000670.SZ,20191218,2.28,2.29,2.25,2.26,2.28,-0.8772,109961.73,24902.652
000670.SZ,20191219,2.25,2.33,2.23,2.3,2.26,1.7699,148171.04,33889.208
000670.SZ,20191220,2.3,2.36,2.29,2.34,2.3,1.7391,182136.23,42320.711
000670.SZ,20191223,2.3,2.32,2.22,2.26,2.34,-3.4188,197525.23,44699.08
000670.SZ,20191224,2.25,2.37,2.24,2.37,2.26,4.8673,330489.29,77519.27
000670.SZ,20191225,2.39,2.41,2.26,2.3,2.37,-2.9536,333479.4,77730.71
000670.SZ,20191226,2.29,2.32,2.25,2.27,2.3,-1.3043,206480.4,47057.057
000670.SZ,20191227,2.26,2.27,2.19,2.2,2.27,-3.0837,240756.08,53620.206
000670.SZ,20191230,2.11,2.14,2.09,2.11,2.2,-4.0909,184997.62,39033.454
000670.SZ,20191231,2.07,2.14,2.05,2.13,2.11,0.9479,89771.0,19056.889
000670.SZ,20200102,2.15,2.17,2.14,2.15,2.13,0.939,119389.08,25763.987
000670.SZ,20200103,2.15,2.2,2.14,2.19,2.15,1.8605,119363.0,25941.606
000670.SZ,20200106,2.18,2.19,2.15,2.17,2.19,-0.9132,119364.2,25900.766
000670.SZ,20200107,2.16,2.27,2.16,2.25,2.17,3.6866,216011.56,48117.197
000670.SZ,20200108,2.22,2.29,2.22,2.22,2.25,-1.3333,163602.0,36728.141
000670.SZ,20200109,2.23,2.25,2.22,2.24,2.22,0.9009,114796.45,25675.528
000670.SZ,20200110,2.26,2.26,2.18,2.22,2.24,-0.8929,100856.06,22388.244
000670.SZ,20200113,2.22,2.22,2.15,2.2,2.22,-0.9009,94561.99,20653.133
000670.SZ,20200114,2.19,2.22,2.17,2.18,2.2,-0.9091,81295.13,17784.769
000670.SZ,20200115,2.19,2.24,2.17,2.21,2.18,1.3761,114481.4,25243.412
000670.SZ,20200116,2.2,2.22,2.17,2.17,2.21,-1.81,101620.01,22267.022
000670.SZ,20200117,2.06,2.06,2.06,2.06,2.17,-5.0691,44650.0,9197.9
000670.SZ,20200120,1.96,1.96,1.96,1.96,2.06,-4.8544,42951.0,8418.396
000670.SZ,20200121,1.86,1.95,1.86,1.87,1.96,-4.5918,396955.06,74754.164
000670.SZ,20200122,1.85,1.92,1.83,1.88,1.87,0.5348,159137.56,30065.475
000670.SZ,20200123,1.89,1.89,1.8,1.81,1.88,-3.7234,189860.73,34660.417
000670.SZ,20200203,1.72,1.72,1.72,1.72,1.81,-4.9724,16398.0,2820.456
000670.SZ,20200204,1.63,1.7,1.63,1.63,1.72,-5.2326,218630.84,35823.219
000670.SZ,20200205,1.64,1.68,1.63,1.65,1.63,1.227,124309.0,20601.777
000670.SZ,20200206,1.65,1.73,1.63,1.73,1.65,4.8485,195651.7,33355.531
000670.SZ,20200207,1.74,1.82,1.71,1.82,1.73,5.2023,175406.9,31537.111
000670.SZ,20200210,1.85,1.91,1.85,1.91,1.82,4.9451,114393.0,21770.505
000670.SZ,20200211,2.01,2.01,2.01,2.01,1.91,5.2356,19747.0,3969.147
000670.SZ,20200212,2.11,2.11,1.91,1.98,2.01,-1.4925,283165.01,56011.201
000670.SZ,20200213,1.95,2.04,1.94,2.03,1.98,2.5253,193188.69,38342.263
000670.SZ,20200214,2.0,2.06,1.93,1.93,2.03,-4.9261,210485.0,41317.042
000670.SZ,20200217,1.95,1.96,1.85,1.95,1.93,1.0363,157955.5,30264.977
000670.SZ,20200218,1.93,1.95,1.91,1.93,1.95,-1.0256,128884.21,24834.214
000670.SZ,20200219,1.91,2.03,1.88,2.0,1.93,3.6269,229866.39,45184.77
000670.SZ,20200220,1.95,2.01,1.94,1.98,2.0,-1.0,168334.0,33204.815
000670.SZ,20200221,1.96,1.97,1.88,1.92,1.98,-3.0303,185172.18,35588.392
000670.SZ,20200224,1.92,2.0,1.91,1.97,1.92,2.6042,147895.0,29124.74
000670.SZ,20200225,1.91,1.99,1.91,1.97,1.97,0.0,175108.49,34216.473
000670.SZ,20200226,1.94,2.07,1.94,2.01,1.97,2.0305,248855.46,50405.397
000670.SZ,20200227,2.0,2.09,1.98,2.02,2.01,0.4975,144045.18,29270.054
000670.SZ,20200228,1.96,1.99,1.92,1.92,2.02,-4.9505,163910.0,31829.155
000670.SZ,20200302,1.89,1.93,1.83,1.9,1.92,-1.0417,154277.88,29068.173
000670.SZ,20200303,1.93,1.99,1.93,1.96,1.9,3.1579,164455.0,32387.369
000670.SZ,20200304,1.93,1.98,1.9,1.95,1.96,-0.5102,105103.9,20429.713
000670.SZ,20200305,1.96,1.99,1.95,1.99,1.95,2.0513,115928.01,22907.624
000670.SZ,20200306,2.0,2.01,1.96,1.99,1.99,0.0,122476.31,24356.87
000670.SZ,20200309,1.94,1.96,1.91,1.91,1.99,-4.0201,136039.15,26241.994
000670.SZ,20200310,1.85,1.95,1.85,1.94,1.91,1.5707,105048.15,20053.307
000670.SZ,20200311,1.93,1.99,1.93,1.95,1.94,0.5155,114507.0,22544.032
000670.SZ,20200312,1.92,1.97,1.92,1.96,1.95,0.5128,113373.08,22097.232
000670.SZ,20200313,1.9,2.06,1.88,2.06,1.96,5.102,327838.11,66395.445
000670.SZ,20200316,2.16,2.16,2.06,2.15,2.06,4.3689,435915.87,93497.535
000670.SZ,20200317,2.08,2.26,2.08,2.24,2.15,4.186,374057.44,82611.704
000670.SZ,20200318,2.2,2.28,2.13,2.14,2.24,-4.4643,334739.16,73538.713
000670.SZ,20200319,2.15,2.25,2.09,2.25,2.14,5.1402,356548.96,78367.754
000670.SZ,20220822,11.02,13.25,11.02,13.24,2.25,488.4444,912213.34,1114665.076
000670.SZ,20220823,11.92,12.98,11.92,11.92,13.24,-9.9698,1419140.34,1716985.218
000670.SZ,20220824,10.73,10.73,10.73,10.73,11.92,-9.9832,99382.0,106636.886
000670.SZ,20220825,9.66,11.72,9.66,11.11,10.73,3.5415,2073768.46,2180160.166
000670.SZ,20220826,10.02,10.55,10.0,10.0,11.11,-9.991,1600004.49,1628085.315
000670.SZ,20220829,9.5,10.15,9.21,9.25,10.0,-7.5,1186299.76,1134482.875
000670.SZ,20220830,9.19,9.68,9.02,9.37,9.25,1.2973,1162647.29,1091811.105
000670.SZ,20220831,9.17,9.68,8.93,9.42,9.37,0.5336,1134897.42,1059105.455
000670.SZ,20220901,9.43,10.36,9.43,10.36,9.42,9.9788,1821085.47,1844942.884
000670.SZ,20220902,10.36,11.4,10.2,11.4,10.36,10.0386,1446822.06,1578833.717
000670.SZ,20220905,11.5,11.75,10.26,10.43,11.4,-8.5088,2075222.2,2292752.515
000670.SZ,20220906,10.21,10.55,9.91,10.05,10.43,-3.6433,1407542.35,1430499.627
000670.SZ,20220907,9.91,10.35,9.68,9.76,10.05,-2.8856,1326273.55,1323875.197
000670.SZ,20220908,9.61,9.74,9.13,9.13,9.76,-6.4549,1064549.45,996738.48
000670.SZ,20220909,9.13,9.34,8.97,9.1,9.13,-0.3286,730031.77,667731.973
000670.SZ,20220913,9.1,9.34,8.97,9.32,9.1,2.4176,734645.88,672427.615
000670.SZ,20220914,9.12,10.08,9.08,9.8,9.32,5.1502,1263779.66,1223102.478
000670.SZ,20220915,9.65,9.7,8.82,8.82,9.8,-10.0,1091501.71,1002810.932
000670.SZ,20220916,8.62,8.77,8.18,8.26,8.82,-6.3492,830446.6,703151.529
000670.SZ,20220919,8.19,8.32,7.76,7.82,8.26,-5.3269,669302.39,535366.681
000670.SZ,20220920,7.95,8.17,7.87,8.06,7.82,3.0691,595901.82,476819.218
000670.SZ,20220921,7.87,8.24,7.83,8.14,8.06,0.9926,685982.9,548939.857
000670.SZ,20220922,8.02,8.3,7.97,8.01,8.14,-1.5971,568522.8,461376.607
000670.SZ,20220923,7.92,7.98,7.48,7.51,8.01,-6.2422,677845.3,520891.633
000670.SZ,20220926,7.5,7.61,7.27,7.31,7.51,-2.6631,436513.43,324378.403
000670.SZ,20220927,7.33,7.51,7.31,7.46,7.31,2.052,446127.89,330596.894
000670.SZ,20220928,7.4,7.43,7.12,7.16,7.46,-4.0214,532986.0,386751.054
000670.SZ,20220929,7.26,7.31,7.05,7.05,7.16,-1.5363,360960.73,258837.824
000670.SZ,20220930,7.08,7.18,6.99,7.01,7.05,-0.5674,308903.67,218086.451
000670.SZ,20221010,7.07,7.11,6.72,6.78,7.01,-3.281,315810.01,217480.94
000670.SZ,20221011,6.82,6.86,6.72,6.8,6.78,0.295,248270.0,168372.133
000670.SZ,20221012,6.78,7.48,6.75,7.48,6.8,10.0,635539.83,466254.18
000670.SZ,20221013,7.55,7.71,7.25,7.25,7.48,-3.0749,1047598.23,782368.059
000670.SZ,20221014,7.26,7.44,7.25,7.33,7.25,1.1034,679131.94,498263.265
000670.SZ,20221017,7.23,7.68,7.19,7.54,7.33,2.8649,741895.92,554000.771
000670.SZ,20221018,7.56,7.57,7.32,7.43,7.54,-1.4589,573470.58,424954.363
000670.SZ,20221019,7.43,7.6,7.28,7.34,7.43,-1.2113,498099.0,369944.007
000670.SZ,20221020,7.39,8.07,7.36,8.07,7.34,9.9455,916278.94,710926.156
000670.SZ,20221021,8.13,8.81,7.73,8.43,8.07,4.461,1564428.05,1285138.909
000670.SZ,20221024,8.2,9.27,8.14,9.27,8.43,9.9644,1555705.83,1364737.393
000670.SZ,20221025,9.0,9.23,8.34,8.34,9.27,-10.0324,1468913.81,1292992.723
000670.SZ,20221026,8.03,9.0,7.94,8.63,8.34,3.4772,1290229.33,1087342.45
000670.SZ,20221027,8.42,8.87,8.31,8.36,8.63,-3.1286,1051848.83,897609.918
000670.SZ,20221028,8.44,9.2,8.38,9.2,8.36,10.0478,1396117.9,1264928.749
000670.SZ,20221031,9.2,10.1,9.0,9.79,9.2,6.413,1724528.79,1657636.004
000670.SZ,20221101,9.39,9.91,9.19,9.72,9.79,-0.715,1372280.51,1310809.156
000670.SZ,20221103,8.75,10.5,8.75,9.99,9.72,2.7778,1558320.59,1480239.209
000670.SZ,20221104,9.45,9.92,9.1,9.4,9.99,-5.9059,1435928.23,1374110.054
000670.SZ,20221107,9.18,9.4,8.96,9.06,9.4,-3.617,1024852.21,939452.566
000670.SZ,20221108,9.0,9.11,8.75,8.81,9.06,-2.7594,743333.91,659329.199
000670.SZ,20221109,8.84,9.68,8.65,9.5,8.81,7.832,1332063.0,1219460.169
000670.SZ,20221110,9.2,9.65,9.12,9.15,9.5,-3.6842,1171435.9,1093182.983
000670.SZ,20221111,9.31,9.51,8.99,9.15,9.15,0.0,1052770.39,973872.798
000670.SZ,20221114,8.9,9.14,8.75,8.82,9.15,-3.6066,648859.19,578100.85
000670.SZ,20221115,8.76,9.39,8.73,9.08,8.82,2.9478,907130.0,827730.805
000670.SZ,20221116,8.94,9.09,8.77,8.81,9.08,-2.9736,639819.03,569564.037
000670.SZ,20221117,8.77,8.83,8.41,8.73,8.81,-0.9081,678807.03,585246.924
000670.SZ,20221118,8.73,8.83,8.23,8.29,8.73,-5.0401,620214.03,529734.934
000670.SZ,20221121,8.18,8.39,8.1,8.28,8.29,-0.1206,404871.15,333403.733
000670.SZ,20221122,8.2,8.43,8.1,8.1,8.28,-2.1739,440988.15,364077.779
000670.SZ,20221123,8.03,8.08,7.64,7.88,8.1,-2.716,499197.0,390672.031
000670.SZ,20221124,7.98,8.24,7.89,8.08,7.88,2.5381,469559.12,380407.069
000670.SZ,20221125,8.06,8.2,7.9,7.91,8.08,-2.104,336192.9,269711.238
000670.SZ,20221128,7.8,8.13,7.68,8.1,7.91,2.402,335369.7,268512.645
000670.SZ,20221129,8.11,8.3,8.03,8.16,8.1,0.7407,383136.88,312311.938
000670.SZ,20221130,8.14,8.42,8.08,8.36,8.16,2.451,533896.29,441564.386
000670.SZ,20221201,8.36,8.41,8.17,8.26,8.36,-1.1962,512027.8,424564.215
000670.SZ,20221202,8.22,8.26,8.12,8.14,8.26,-1.4528,290123.68,237236.587
000670.SZ,20221205,8.18,8.21,8.07,8.16,8.14,0.2457,249708.69,203103.953
000670.SZ,20221206,8.15,8.69,8.1,8.46,8.16,3.6765,765416.94,645274.648
000670.SZ,20221207,8.31,8.31,8.09,8.12,8.46,-4.0189,522486.45,426639.447
000670.SZ,20221208,8.11,8.11,7.87,7.88,8.12,-2.9557,369927.64,294749.189
000670.SZ,20221209,7.86,8.01,7.78,7.82,7.88,-0.7614,280483.48,221564.254
000670.SZ,20221212,7.73,8.02,7.71,7.84,7.82,0.2558,288689.13,226727.182
000670.SZ,20221213,7.8,7.82,7.65,7.66,7.84,-2.2959,288208.0,222374.389
000670.SZ,20221214,7.95,8.27,7.91,7.95,7.66,3.7859,694730.97,561459.919
000670.SZ,20221215,7.73,8.63,7.68,8.29,7.95,4.2767,956102.5,788057.243
000670.SZ,20221216,8.16,8.16,7.82,7.87,8.29,-5.0663,619604.06,491696.475
000670.SZ,20221219,7.77,7.89,7.68,7.7,7.87,-2.1601,301628.13,233191.57
000670.SZ,20221220,7.66,7.83,7.65,7.72,7.7,0.2597,223884.06,172999.388
000670.SZ,20221221,7.69,7.77,7.28,7.33,7.72,-5.0518,344035.66,257438.333
000670.SZ,20221222,7.32,7.37,7.08,7.1,7.33,-3.1378,276774.66,199528.256
000670.SZ,20221223,7.07,7.51,6.98,7.28,7.1,2.5352,304015.46,217281.985
000670.SZ,20221226,7.2,7.41,7.17,7.35,7.28,0.9615,245181.43,179705.29
000670.SZ,20221227,7.29,7.53,7.2,7.38,7.35,0.4082,338511.11,248876.053
000670.SZ,20221228,7.31,7.33,7.12,7.12,7.38,-3.523,233365.0,168188.1
000670.SZ,20221229,7.12,7.2,7.02,7.02,7.12,-1.4045,178474.0,126844.583
000670.SZ,20221230,7.09,7.13,6.98,7.02,7.02,0.0,140586.18,98805.303
000670.SZ,20230103,6.99,7.27,6.97,7.23,7.02,2.9915,253805.5,181763.34
000670.SZ,20230104,7.19,7.95,7.19,7.56,7.23,4.5643,672859.0,510743.021
000670.SZ,20230105,7.42,7.76,7.39,7.57,7.56,0.1323,518213.97,391660.913
000670.SZ,20230106,7.55,7.61,7.41,7.41,7.57,-2.1136,289543.0,217065.741
000670.SZ,20230109,7.4,7.55,7.39,7.42,7.41,0.135,183838.44,136978.729
000670.SZ,20230110,7.47,7.88,7.38,7.7,7.42,3.7736,599028.5,458484.673
000670.SZ,20230111,7.6,8.38,7.59,7.98,7.7,3.6364,775854.79,625358.126
000670.SZ,20230112,7.77,7.95,7.65,7.83,7.98,-1.8797,471489.84,367938.692
000670.SZ,20230113,8.05,8.61,7.94,8.61,7.83,9.9617,866303.58,728666.824
000670.SZ,20230116,8.83,9.47,8.48,9.47,8.61,9.9884,1649985.37,1489055.767
000670.SZ,20230117,9.11,9.97,9.0,9.24,9.47,-2.4287,1658269.54,1556959.931
000670.SZ,20230118,9.3,9.78,8.91,9.12,9.24,-1.2987,1698658.22,1595723.636
000670.SZ,20230119,9.27,9.49,8.49,8.53,9.12,-6.4693,1561722.8,1409761.458
000670.SZ,20230120,8.33,8.55,8.05,8.14,8.53,-4.5721,1058195.5,871024.295
000670.SZ,20230130,8.26,8.42,8.15,8.38,8.14,2.9484,728885.73,604563.839
000670.SZ,20230131,8.3,9.22,8.25,9.22,8.38,10.0239,887585.75,773914.644
000670.SZ,20230201,9.28,9.87,9.12,9.63,9.22,4.4469,1768431.67,1680097.797
000670.SZ,20230202,9.5,10.24,9.25,9.36,9.63,-2.8037,1518503.88,1458281.171
000670.SZ,20230203,9.24,9.37,9.05,9.18,9.36,-1.9231,802992.11,736157.692
000670.SZ,20230206,9.12,9.44,9.06,9.19,9.18,0.1089,659891.05,607503.38
000670.SZ,20230207,9.16,9.19,9.05,9.1,9.19,-0.9793,455802.57,414577.63
000670.SZ,20230208,9.11,9.29,8.91,8.94,9.1,-1.7582,500651.24,454442.82
000670.SZ,20230209,8.88,9.25,8.76,9.25,8.94,3.4676,651983.24,593105.823
000670.SZ,20230210,9.14,9.27,9.03,9.06,9.25,-2.0541,432114.53,394224.621
000670.SZ,20230213,9.02,9.17,8.99,9.09,9.06,0.3311,298211.81,270674.889
000670.SZ,20230214,9.01,9.31,9.01,9.12,9.09,0.33,453586.27,415317.392
000670.SZ,20230215,9.05,9.09,8.8,8.9,9.12,-2.4123,479990.62,427578.783
000670.SZ,20230216,8.92,8.98,8.5,8.54,8.9,-4.0449,499625.75,437062.687
000670.SZ,20230217,8.48,8.67,8.41,8.48,8.54,-0.7026,299909.56,255506.825
000670.SZ,20230220,8.45,8.6,8.35,8.57,8.48,1.0613,248818.15,211193.147
000670.SZ,20230221,8.55,8.64,8.5,8.62,8.57,0.5834,208493.02,178819.92
000670.SZ,20230222,8.54,8.71,8.51,8.61,8.62,-0.116,222414.9,191533.657
000670.SZ,20230223,8.61,8.68,8.43,8.48,8.61,-1.5099,219782.0,187125.452
000670.SZ,20230224,8.55,8.62,8.4,8.41,8.48,-0.8255,176395.25,149645.208
000670.SZ,20230227,8.35,8.43,8.25,8.3,8.41,-1.308,164700.0,137204.254
000670.SZ,20230228,8.33,8.48,8.31,8.42,8.3,1.4458,156299.0,131092.63
000670.SZ,20230301,8.43,8.66,8.39,8.6,8.42,2.1378,313882.0,268241.244
000670.SZ,20230302,8.55,8.65,8.45,8.46,8.6,-1.6279,250532.0,213838.283
000670.SZ,20230303,8.8,9.08,8.68,8.79,8.46,3.9007,693317.63,614541.282
000670.SZ,20230306,8.67,8.73,8.51,8.57,8.79,-2.5028,398802.99,342426.034
000670.SZ,20230307,8.54,8.54,8.28,8.28,8.57,-3.3839,302818.0,253975.199
000670.SZ,20230308,8.27,8.43,8.25,8.37,8.28,1.087,178267.5,149066.824
000670.SZ,20230309,8.34,8.54,8.34,8.38,8.37,0.1195,235967.51,199362.261
000670.SZ,20230310,8.3,8.38,8.15,8.16,8.38,-2.6253,249323.34,205504.408
000670.SZ,20230313,8.15,8.2,7.96,8.16,8.16,0.0,234374.04,189127.746
000670.SZ,20230314,8.17,8.55,8.04,8.49,8.16,4.0441,469258.7,392069.94
000670.SZ,20230315,8.42,9.22,8.39,8.82,8.49,3.8869,848146.54,754028.807
000670.SZ,20230316,8.79,9.7,8.73,9.43,8.82,6.9161,1751426.76,1660371.321
000670.SZ,20230317,9.2,9.36,8.95,9.26,9.43,-1.8028,1328417.73,1216673.83
000670.SZ,20230320,9.22,9.39,8.96,8.99,9.26,-2.9158,927023.08,847793.958
000670.SZ,20230321,9.0,9.24,8.8,9.06,8.99,0.7786,632124.89,568843.328
000670.SZ,20230322,9.01,9.16,8.92,9.06,9.06,0.0,494292.63,446413.522
000670.SZ,20230323,8.98,9.22,8.91,9.17,9.06,1.2141,679547.84,620092.485
000670.SZ,20230324,9.12,9.17,8.95,8.97,9.17,-2.181,567064.23,511749.89
000670.SZ,20230327,8.92,9.02,8.76,8.87,8.97,-1.1148,413949.91,367560.285
000670.SZ,20230328,8.87,8.88,8.53,8.54,8.87,-3.7204,408018.0,353377.82
000670.SZ,20230329,8.54,8.67,8.36,8.61,8.54,0.8197,382817.05,327088.626
000670.SZ,20230330,8.56,8.71,8.41,8.44,8.61,-1.9744,328221.2,280687.382
000670.SZ,20230331,8.44,8.53,8.33,8.5,8.44,0.7109,273657.59,230767.528
000670.SZ,20230403,8.55,8.75,8.55,8.75,8.5,2.9412,384250.3,333646.255
000670.SZ,20230404,8.69,8.85,8.57,8.62,8.75,-1.4857,450645.15,392324.745
000670.SZ,20230406,8.52,9.13,8.5,9.04,8.62,4.8724,746280.02,664297.541
000670.SZ,20230407,8.94,8.98,8.8,8.91,9.04,-1.4381,413413.23,367375.422
000670.SZ,20230410,8.84,8.91,8.38,8.44,8.91,-5.275,445697.93,383459.199
000670.SZ,20230411,8.49,8.55,8.38,8.46,8.44,0.237,229061.4,193950.497
000670.SZ,20230412,8.49,8.49,8.36,8.39,8.46,-0.8274,271960.0,228509.704
000670.SZ,20230413,8.33,8.36,8.1,8.1,8.39,-3.4565,346350.0,283826.398
000670.SZ,20230414,8.15,8.35,8.08,8.3,8.1,2.4691,315996.0,260476.006
000670.SZ,20230417,8.26,8.31,8.12,8.17,8.3,-1.5663,210055.2,172121.685
000670.SZ,20230418,8.13,8.14,7.99,8.03,8.17,-1.7136,203263.31,163293.065
000670.SZ,20230419,8.06,8.13,8.03,8.04,8.03,0.1245,176004.5,142096.2
000670.SZ,20230420,8.04,8.04,7.81,7.84,8.04,-2.4876,258371.0,203667.131
000670.SZ,20230421,7.8,7.91,7.47,7.5,7.84,-4.3367,308231.31,235171.896
000670.SZ,20230424,7.53,7.59,7.42,7.46,7.5,-0.5333,142195.0,106430.663
000670.SZ,20230425,7.42,7.45,7.1,7.24,7.46,-2.9491,205195.92,148877.115
000670.SZ,20230426,7.14,7.33,7.14,7.27,7.24,0.4144,140249.36,102072.652
000670.SZ,20230427,7.27,7.31,7.06,7.11,7.27,-2.2008,181496.0,130290.657
000670.SZ,20230428,7.0,7.34,7.0,7.3,7.11,2.6723,191846.3,138924.536
000670.SZ,20230504,7.3,7.3,7.14,7.21,7.3,-1.2329,146948.6,106097.799
000670.SZ,20230505,7.17,7.26,7.08,7.11,7.21,-1.387,116968.8,83607.684
000670.SZ,20230508,7.13,7.27,7.13,7.23,7.11,1.6878,127743.4,92078.557
000670.SZ,20230509,7.25,7.29,7.06,7.1,7.23,-1.7981,173018.0,124146.344
000670.SZ,20230510,7.12,7.16,7.0,7.15,7.1,0.7042,125022.0,88571.881
000670.SZ,20230511,7.16,7.22,7.1,7.21,7.15,0.8392,116101.08,83327.009
000670.SZ,20230512,7.21,7.43,7.18,7.26,7.21,0.6935,228659.0,166947.629
000670.SZ,20230515,7.23,7.25,7.12,7.24,7.26,-0.2755,127647.0,91727.745
000670.SZ,20230516,7.21,7.43,7.09,7.35,7.24,1.5193,264660.87,192160.522
000670.SZ,20230517,7.21,7.44,7.18,7.29,7.35,-0.8163,218696.59,160082.522
000670.SZ,20230518,7.27,7.27,7.13,7.14,7.29,-2.0576,191474.0,137784.505
000670.SZ,20230519,7.15,7.3,7.15,7.24,7.14,1.4006,164504.03,119009.327
000670.SZ,20230522,7.18,7.22,7.05,7.1,7.24,-1.9337,195835.8,138975.702
000670.SZ,20230523,7.1,7.12,6.96,6.97,7.1,-1.831,132655.0,93015.615
000670.SZ,20230524,6.94,7.03,6.85,6.92,6.97,-0.7174,142074.0,98444.967
000670.SZ,20230525,6.91,6.95,6.5,6.71,6.92,-3.0347,316127.06,210910.499
000670.SZ,20230526,6.71,6.73,6.57,6.63,6.71,-1.1923,149706.0,99195.13
000670.SZ,20230529,6.62,6.78,6.58,6.59,6.63,-0.6033,160962.08,107520.313
000670.SZ,20230530,6.57,6.64,6.42,6.62,6.59,0.4552,158115.19,102971.715
000670.SZ,20230531,6.62,6.73,6.56,6.68,6.62,0.9063,140083.16,93083.922
000670.SZ,20230601,6.66,7.12,6.56,6.92,6.68,3.5928,383145.96,263252.8
000670.SZ,20230602,6.85,6.92,6.82,6.84,6.92,-1.1561,186467.23,127905.517
000670.SZ,20230605,6.83,6.93,6.77,6.78,6.84,-0.8772,147329.9,100778.36
000670.SZ,20230606,6.7,6.74,6.43,6.45,6.78,-4.8673,235589.0,154679.182
000670.SZ,20230607,6.45,6.55,6.38,6.4,6.45,-0.7752,130792.0,84245.17
000670.SZ,20230608,6.42,6.42,6.22,6.24,6.4,-2.5,174450.97,109664.706
000670.SZ,20230609,6.24,6.3,6.16,6.29,6.24,0.8013,140587.02,87586.347
000670.SZ,20230612,6.28,6.35,6.23,6.31,6.29,0.318,126478.0,79643.935
000670.SZ,20230613,6.3,6.39,6.26,6.37,6.31,0.9509,117063.5,74173.759
000670.SZ,20230614,6.37,6.43,6.31,6.38,6.37,0.157,124609.0,79222.654
000670.SZ,20230615,6.4,6.43,6.28,6.32,6.38,-0.9404,116511.0,73820.006
000670.SZ,20230616,6.33,6.45,6.26,6.42,6.32,1.5823,159743.3,101816.601
000670.SZ,20230619,6.39,6.5,6.38,6.41,6.42,-0.1558,134689.9,86660.7
000670.SZ,20230620,6.39,6.43,6.27,6.32,6.41,-1.4041,137748.5,87252.389
000670.SZ,20230621,6.31,6.31,6.11,6.11,6.32,-3.3228,163052.5,100811.326
000670.SZ,20230626,6.09,6.14,5.98,6.03,6.11,-1.3093,138634.06,83929.252
000670.SZ,20230627,6.06,6.16,6.02,6.13,6.03,1.6584,94417.0,57686.204
000670.SZ,20230628,6.12,6.14,5.9,6.01,6.13,-1.9576,164975.0,98801.672
000670.SZ,20230629,6.01,6.15,6.0,6.05,6.01,0.6656,95972.0,58331.693
000670.SZ,20230630,6.02,6.2,6.02,6.18,6.05,2.1488,146926.0,90413.907
000670.SZ,20230703,6.22,6.25,6.17,6.19,6.18,0.1618,100049.0,62015.675
000670.SZ,20230704,6.2,6.33,6.17,6.3,6.19,1.7771,133631.0,83703.134
000670.SZ,20230705,6.3,6.37,6.2,6.22,6.3,-1.2698,99517.0,62442.137
000670.SZ,20230706,6.2,6.33,6.17,6.26,6.22,0.6431,110895.8,69533.09
000670.SZ,20230707,6.23,6.25,6.12,6.14,6.26,-1.9169,95311.0,58771.619
000670.SZ,20230710,6.16,6.23,6.14,6.15,6.14,0.1629,66855.0,41293.894
000670.SZ,20230711,6.19,6.77,6.16,6.77,6.15,10.0813,290521.33,193008.298
000670.SZ,20230712,6.77,7.15,6.69,6.92,6.77,2.2157,1033561.09,715207.431
000670.SZ,20230713,6.77,7.6,6.63,7.19,6.92,3.9017,909248.0,651323.015
000670.SZ,20230714,7.09,7.32,6.91,6.93,7.19,-3.6161,638070.8,448548.989
000670.SZ,20230717,6.85,7.04,6.8,6.98,6.93,0.7215,378579.0,262435.998
000670.SZ,20230718,6.92,7.33,6.85,7.1,6.98,1.7192,561282.96,400634.512
000670.SZ,20230719,6.98,7.07,6.85,6.95,7.1,-2.1127,368376.41,255072.816
000670.SZ,20230720,6.94,6.95,6.67,6.68,6.95,-3.8849,357566.5,242409.109
000670.SZ,20230721,6.79,7.35,6.72,7.35,6.68,10.0299,446121.43,321348.304
000670.SZ,20230724,7.32,7.86,7.21,7.66,7.35,4.2177,1221396.42,920746.078
000670.SZ,20230725,7.49,7.8,7.37,7.65,7.66,-0.1305,889875.27,671393.698
000670.SZ,20230726,7.52,7.61,7.38,7.41,7.65,-3.1373,491900.62,366652.825
000670.SZ,20230727,7.37,7.48,7.24,7.27,7.41,-1.8893,374234.28,274490.724
000670.SZ,20230728,7.31,7.4,7.04,7.21,7.27,-0.8253,330928.15,237074.615
000670.SZ,20230731,6.81,6.86,6.49,6.67,7.21,-7.4896,752562.2,502158.385
000670.SZ,20230801,6.68,6.75,6.52,6.56,6.67,-1.6492,407420.97,267898.041
000670.SZ,20230802,6.5,6.5,6.38,6.4,6.56,-2.439,315648.66,202445.156
000670.SZ,20230803,6.45,6.45,6.38,6.4,6.4,0.0,182065.0,116610.304
000670.SZ,20230804,6.42,6.43,6.38,6.43,6.4,0.4688,195584.0,125371.563
000670.SZ,20230807,6.43,6.51,6.38,6.5,6.43,1.0886,261001.0,168434.923
000670.SZ,20230808,6.49,6.49,6.24,6.27,6.5,-3.5385,298900.8,188973.152
000670.SZ,20230809,6.28,6.29,6.2,6.22,6.27,-0.7974,128673.26,80321.589
000670.SZ,20230810,6.24,6.26,6.19,6.2,6.22,-0.3215,115694.12,71930.382
000670.SZ,20230811,6.19,6.22,6.11,6.12,6.2,-1.2903,140118.72,86311.144
000670.SZ,20230814,6.11,6.17,6.04,6.17,6.12,0.817,107952.04,66058.756
000670.SZ,20230815,6.17,6.2,6.06,6.09,6.17,-1.2966,99142.0,60625.812
000670.SZ,20230816,6.05,6.12,6.03,6.03,6.09,-0.9852,93304.01,56593.451
000670.SZ,20230817,6.03,6.1,5.95,6.09,6.03,0.995,106892.0,64714.624
000670.SZ,20230818,6.09,6.23,6.07,6.09,6.09,0.0,173926.18,106933.98
000670.SZ,20230821,6.0,6.07,5.96,5.96,6.09,-2.1346,133387.69,80046.507
000670.SZ,20230822,5.99,6.04,5.91,6.04,5.96,1.3423,122446.09,73139.996
000670.SZ,20230823,6.04,6.04,5.85,5.87,6.04,-2.8146,119736.0,70969.651
000670.SZ,20230824,5.86,5.9,5.63,5.77,5.87,-1.7036,151790.0,87664.065
000670.SZ,20230825,5.74,5.74,5.54,5.58,5.77,-3.2929,150571.67,84770.569
000670.SZ,20230828,5.85,5.87,5.65,5.69,5.58,1.9713,203749.69,117849.867
000670.SZ,20230829,5.66,5.85,5.66,5.83,5.69,2.4605,162307.31,93921.74
000670.SZ,20230830,5.85,6.41,5.85,6.41,5.83,9.9485,603751.37,381643.792
000670.SZ,20230831,6.41,6.66,6.26,6.48,6.41,1.092,795023.41,509387.068
000670.SZ,20230901,6.35,6.35,6.21,6.25,6.48,-3.5494,368678.96,231244.786
000670.SZ,20230904,6.26,6.5,6.22,6.41,6.25,2.56,443521.03,282007.126
000670.SZ,20230905,6.36,6.57,6.32,6.46,6.41,0.78,484954.0,313764.948
000670.SZ,20230906,6.36,6.83,6.32,6.7,6.46,3.7152,676989.1,447190.734
000670.SZ,20230907,6.55,6.56,6.38,6.41,6.7,-4.3284,410967.97,265355.871
000670.SZ,20230908,6.44,6.52,6.35,6.42,6.41,0.156,266041.07,171125.11
000670.SZ,20230911,6.41,6.45,6.29,6.31,6.42,-1.7134,238879.08,151313.786
000670.SZ,20230912,6.31,6.34,6.25,6.27,6.31,-0.6339,186498.03,117053.138
000670.SZ,20230913,6.27,6.29,6.09,6.15,6.27,-1.9139,185997.03,114805.683
000670.SZ,20230914,6.15,6.19,6.03,6.06,6.15,-1.4634,128571.31,78162.897
000670.SZ,20230915,6.09,6.31,6.0,6.22,6.06,2.6403,276902.08,171170.301
000670.SZ,20230918,6.18,6.19,6.03,6.07,6.22,-2.4116,176378.15,107367.987
000670.SZ,20230919,6.06,6.07,5.94,5.99,6.07,-1.318,127278.0,76364.326
000670.SZ,20230920,5.98,6.07,5.96,5.98,5.99,-0.1669,122313.0,73507.151
000670.SZ,20230921,5.94,6.03,5.91,5.92,5.98,-1.0033,101472.6,60408.165
000670.SZ,20230922,5.93,6.06,5.89,6.06,5.92,2.3649,145611.86,87417.259
000670.SZ,20230925,6.1,6.1,5.94,5.96,6.06,-1.6502,135786.0,81230.443
000670.SZ,20230926,5.92,5.95,5.88,5.89,5.96,-1.1745,88704.07,52373.902
000670.SZ,20230927,5.87,5.97,5.85,5.89,5.89,0.0,84516.03,49954.651
000670.SZ,20230928,5.94,6.06,5.93,6.03,5.89,2.3769,143297.01,86133.509
000670.SZ,20231009,6.04,6.13,5.97,6.02,6.03,-0.1658,157925.0,95435.509
000670.SZ,20231010,6.02,6.2,6.01,6.14,6.02,1.9934,256196.8,156822.574
000670.SZ,20231011,6.12,6.3,6.06,6.27,6.14,2.1173,313970.0,193656.371
000670.SZ,20231012,6.2,6.24,6.13,6.18,6.27,-1.4354,201081.8,124011.161
000670.SZ,20231013,6.19,6.4,6.13,6.33,6.18,2.4272,353351.97,221649.667
000670.SZ,20231016,6.25,6.34,6.13,6.16,6.33,-2.6856,197261.0,122598.14
000670.SZ,20231017,6.16,6.66,6.11,6.46,6.16,4.8701,556784.66,355987.305
000670.SZ,20231018,6.37,6.5,6.33,6.33,6.46,-2.0124,294875.62,188288.821
000670.SZ,20231019,6.24,6.96,6.24,6.96,6.33,9.9526,859143.84,581312.528
000670.SZ,20231020,6.91,7.05,6.62,6.67,6.96,-4.1667,959897.82,647880.818
000670.SZ,20231023,6.62,6.7,6.46,6.58,6.67,-1.3493,561219.29,369625.599
000670.SZ,20231024,6.59,6.88,6.33,6.72,6.58,2.1277,688590.4,456933.501
000670.SZ,20231025,6.6,7.19,6.51,6.93,6.72,3.125,827874.81,565856.137
000670.SZ,20231026,6.76,6.86,6.62,6.81,6.93,-1.7316,567294.82,382719.489
000670.SZ,20231027,6.75,7.03,6.71,6.9,6.81,1.3216,581729.82,400242.83
000670.SZ,20231030,6.79,6.96,6.73,6.75,6.9,-2.1739,483013.01,329752.223
000670.SZ,20231031,6.74,6.74,6.5,6.54,6.75,-3.1111,455528.76,299947.633
000670.SZ,20231101,6.58,7.19,6.58,7.19,6.54,9.9388,501708.75,356703.586
000670.SZ,20231102,7.29,7.49,7.02,7.05,7.19,-1.9471,1225813.84,885180.561
000670.SZ,20231103,7.05,7.37,6.9,7.21,7.05,2.2695,785702.19,558844.827
000670.SZ,20231106,7.2,7.36,7.06,7.28,7.21,0.9709,758674.39,546573.31
000670.SZ,20231107,7.2,7.29,7.17,7.26,7.28,-0.2747,549407.19,396888.326
000670.SZ,20231108,7.26,7.48,7.1,7.23,7.26,-0.4132,678508.17,495923.404
000670.SZ,20231123,7.95,7.95,7.95,7.95,7.23,9.9585,45396.05,36089.86
000670.SZ,20231124,8.75,8.75,8.75,8.75,7.95,10.0629,43262.01,37854.259
000670.SZ,20231127,9.5,9.5,7.99,8.04,8.75,-8.1143,1614173.98,1393413.848
000670.SZ,20231128,7.86,8.4,7.35,8.14,8.04,1.2438,1435898.67,1122436.27
000670.SZ,20231129,7.8,7.96,7.45,7.49,8.14,-7.9853,864952.42,669119.22
000670.SZ,20231130,7.35,7.43,7.07,7.09,7.49,-5.3405,670606.32,482675.974
000670.SZ,20231201,7.03,7.49,6.94,7.29,7.09,2.8209,623350.59,449700.054
000670.SZ,20231204,7.21,7.38,7.13,7.22,7.29,-0.9602,424524.28,307739.174
000670.SZ,20231205,7.18,7.23,6.93,6.94,7.22,-3.8781,439751.58,309936.053
000670.SZ,20231206,6.88,7.0,6.85,6.86,6.94,-1.1527,339353.12,234269.23
000670.SZ,20231207,6.85,7.55,6.81,7.55,6.86,10.0583,1247205.72,921520.253
000670.SZ,20231208,7.45,7.96,7.38,7.5,7.55,-0.6623,1345878.99,1027682.928
000670.SZ,20231211,7.41,7.69,7.36,7.51,7.5,0.1333,782983.14,586548.082
000670.SZ,20231212,7.47,7.83,7.43,7.67,7.51,2.1305,723193.85,552696.826
000670.SZ,20231213,7.62,7.67,7.45,7.46,7.67,-2.7379,501893.74,378707.116
000670.SZ,20231214,7.45,7.52,7.27,7.31,7.46,-2.0107,437071.0,321802.951
000670.SZ,20231215,7.3,7.35,7.11,7.14,7.31,-2.3256,374046.46,268596.308
000670.SZ,20231218,7.16,7.2,6.97,7.0,7.14,-1.9608,235470.0,165687.462
000670.SZ,20231219,7.03,7.11,6.97,7.07,7.0,1.0,238433.0,167715.342
000670.SZ,20231220,7.06,7.07,6.89,6.9,7.07,-2.4045,215084.0,149895.675
000670.SZ,20231221,6.87,6.9,6.7,6.87,6.9,-0.4348,303640.98,206250.116
000670.SZ,20231222,6.89,6.91,6.67,6.7,6.87,-2.4745,238282.0,162011.302
000670.SZ,20231225,6.67,6.78,6.59,6.64,6.7,-0.8955,167068.91,111157.528
000670.SZ,20231226,6.64,6.66,6.39,6.43,6.64,-3.1627,230105.94,148876.467
000670.SZ,20231227,6.42,6.64,6.39,6.62,6.43,2.9549,253143.81,165682.728
000670.SZ,20231228,6.56,6.71,6.5,6.65,6.62,0.4532,229666.0,152223.585
000670.SZ,20231229,6.62,6.82,6.62,6.78,6.65,1.9549,228457.9,154453.718
000670.SZ,20240102,6.8,6.82,6.69,6.71,6.78,-1.0324,150484.44,101258.583
000670.SZ,20240103,6.7,6.71,6.59,6.64,6.71,-1.0432,144323.0,95936.18
000670.SZ,20240104,6.61,6.7,6.56,6.6,6.64,-0.6024,132391.77,87680.781
000670.SZ,20240105,6.57,6.72,6.45,6.47,6.6,-1.9697,149634.0,98372.998
000670.SZ,20240108,6.48,6.52,6.3,6.31,6.47,-2.473,137246.0,87647.786
000670.SZ,20240109,6.34,6.43,6.27,6.35,6.31,0.6339,113324.0,71928.324
000670.SZ,20240110,6.3,6.36,6.2,6.23,6.35,-1.8898,118911.0,74564.139
000670.SZ,20240111,6.22,6.42,6.22,6.39,6.23,2.5682,142556.5,90495.017
000670.SZ,20240112,6.35,6.39,6.27,6.28,6.39,-1.7214,99170.0,62744.123
000670.SZ,20240115,6.25,6.62,6.23,6.36,6.28,1.2739,278691.5,178836.005
000670.SZ,20240116,6.29,6.33,6.16,6.23,6.36,-2.044,193078.0,120308.032
000670.SZ,20240117,6.24,6.26,6.06,6.06,6.23,-2.7287,129544.5,79636.1
000670.SZ,20240118,6.05,6.1,5.93,6.09,6.06,0.495,159041.5,95651.554
000670.SZ,20240119,6.15,6.22,5.99,5.99,6.09,-1.642,126094.0,76828.564
000670.SZ,20240122,5.97,6.04,5.59,5.65,5.99,-5.6761,162541.0,94483.406
000670.SZ,20240123,5.68,5.74,5.5,5.69,5.65,0.708,114639.5,64947.811
000670.SZ,20240124,5.71,5.77,5.46,5.7,5.69,0.1757,139182.5,78316.605
000670.SZ,20240125,5.7,6.18,5.66,5.94,5.7,4.2105,311294.0,183882.141
000670.SZ,20240126,5.9,6.09,5.87,5.93,5.94,-0.1684,260315.99,155439.213
000670.SZ,20240129,5.91,5.96,5.64,5.64,5.93,-4.8904,173759.09,100026.675
000670.SZ,20240130,5.41,5.57,5.28,5.31,5.64,-5.8511,189550.39,102416.334
000670.SZ,20240131,5.3,5.35,4.95,4.96,5.31,-6.5913,228768.0,116966.933
000670.SZ,20240201,4.91,5.03,4.79,4.89,4.96,-1.4113,167874.8,82533.299
000670.SZ,20240202,4.93,5.01,4.41,4.63,4.89,-5.317,217162.5,102110.862
000670.SZ,20240205,4.6,4.61,4.17,4.17,4.63,-9.9352,252669.5,107663.096
000670.SZ,20240206,3.88,4.33,3.81,4.22,4.17,1.199,278495.36,113457.482
000670.SZ,20240207,4.27,4.29,3.9,3.96,4.22,-6.1611,349959.82,143782.19
000670.SZ,20240208,4.01,4.36,3.93,4.36,3.96,10.101,368878.46,154463.141
000670.SZ,20240219,4.36,4.78,4.36,4.65,4.36,6.6514,386951.9,177577.508
000670.SZ,20240220,4.71,5.1,4.53,4.92,4.65,5.8065,426688.0,203899.813
000670.SZ,20240221,4.8,5.01,4.72,4.86,4.92,-1.2195,402385.88,197538.933
000670.SZ,20240222,4.84,5.24,4.83,5.05,4.86,3.9095,450882.81,226538.158
000670.SZ,20240223,5.04,5.21,5.0,5.2,5.05,2.9703,412950.87,211122.091
000670.SZ,20240226,5.19,5.35,5.14,5.22,5.2,0.3846,329346.03,172028.4
000670.SZ,20240227,5.22,5.44,5.15,5.44,5.22,4.2146,297250.93,158415.22
000670.SZ,20240228,5.42,5.56,4.93,4.97,5.44,-8.6397,454835.1,240387.061
000670.SZ,20240229,4.96,5.47,4.9,5.47,4.97,10.0604,210788.53,112335.368
000670.SZ,20240301,6.02,6.02,5.62,5.71,5.47,4.3876,987968.75,573031.613
000670.SZ,20240304,5.62,5.84,5.52,5.62,5.71,-1.5762,530226.03,299024.484
000670.SZ,20240305,5.61,6.18,5.58,6.18,5.62,9.9644,789618.0,475760.34
000670.SZ,20240306,6.16,6.73,5.9,6.34,6.18,2.589,1112214.4,688355.86
000670.SZ,20240307,6.18,6.26,5.97,5.99,6.34,-5.5205,661352.0,404698.418
000670.SZ,20240308,5.99,6.3,5.82,6.07,5.99,1.3356,515187.7,313704.618
000670.SZ,20240311,5.98,6.01,5.83,6.01,6.07,-0.9885,384804.88,228024.44
000670.SZ,20240312,6.03,6.27,6.01,6.07,6.01,0.9983,405570.25,247890.629
000670.SZ,20240313,6.11,6.18,6.0,6.06,6.07,-0.1647,291179.03,176516.289
000670.SZ,20240314,6.0,6.04,5.81,5.9,6.06,-2.6403,308452.1,182863.278
000670.SZ,20240315,5.9,5.92,5.81,5.92,5.9,0.339,202913.4,118983.385
000670.SZ,20240318,5.96,6.05,5.93,6.04,5.92,2.027,264796.0,158970.818
000670.SZ,20240319,6.04,6.12,5.98,6.0,6.04,-0.6623,244189.0,147569.472
000670.SZ,20240320,5.97,6.05,5.97,6.04,6.0,0.6667,211913.03,127359.427
000670.SZ,20240321,6.12,6.19,6.01,6.06,6.04,0.3311,312947.4,190720.177
000670.SZ,20240322,5.93,6.26,5.88,6.16,6.06,1.6502,581998.4,356244.138
000670.SZ,20240325,6.07,6.35,5.86,5.93,6.16,-3.7338,455207.27,275194.379
000670.SZ,20240326,5.85,6.07,5.64,5.76,5.93,-2.8668,334990.6,194465.81
000670.SZ,20240327,5.77,5.79,5.4,5.41,5.76,-6.0764,245400.97,136715.42
000670.SZ,20240328,5.39,5.73,5.39,5.62,5.41,3.8817,266448.0,149560.682
000670.SZ,20240329,5.63,5.7,5.55,5.65,5.62,0.5338,154995.27,87177.612
000670.SZ,20240401,5.69,5.76,5.66,5.74,5.65,1.5929,140863.0,80428.187
000670.SZ,20240402,5.75,5.79,5.59,5.62,5.74,-2.0906,151614.1,85524.045
000670.SZ,20240403,5.6,5.64,5.46,5.56,5.62,-1.0676,160236.0,88988.179
000670.SZ,20240408,5.6,5.61,5.38,5.39,5.56,-3.0576,160843.6,87692.08
000670.SZ,20240409,5.38,5.49,5.37,5.48,5.39,1.6698,102256.0,55727.29
000670.SZ,20240410,5.46,5.48,5.24,5.3,5.48,-3.2847,131717.24,70223.792
000670.SZ,20240411,5.25,5.37,5.21,5.26,5.3,-0.7547,92542.0,49073.714
000670.SZ,20240412,5.25,5.37,5.25,5.27,5.26,0.1901,102528.0,54426.86
000670.SZ,20240415,5.19,5.25,4.86,4.97,5.27,-5.6926,205263.0,102958.389
000670.SZ,20240416,4.88,4.95,4.47,4.47,4.97,-10.0604,245453.0,112827.224
000670.SZ,20240417,4.46,4.76,4.45,4.73,4.47,5.8166,184701.0,86437.997
000670.SZ,20240418,4.71,4.79,4.63,4.68,4.73,-1.0571,145483.0,68629.288
000670.SZ,20240419,4.67,4.68,4.56,4.57,4.68,-2.3504,108941.0,50209.108
000670.SZ,20240422,4.61,4.77,4.5,4.6,4.57,0.6565,176942.0,81969.399
000670.SZ,20240423,4.6,4.7,4.6,4.62,4.6,0.4348,123795.48,57495.037
000670.SZ,20240424,4.64,4.77,4.63,4.76,4.62,3.0303,156526.78,73958.903
000670.SZ,20240425,4.88,4.98,4.78,4.87,4.76,2.3109,226580.48,111217.615
000670.SZ,20240426,4.87,5.01,4.83,4.95,4.87,1.6427,201023.48,99414.653
000670.SZ,20240429,4.95,5.1,4.95,5.1,4.95,3.0303,179152.03,90642.286
000670.SZ,20240430,5.1,5.15,4.99,5.1,5.1,0.0,168401.8,85330.604
000670.SZ,20240506,5.17,5.19,5.07,5.12,5.1,0.3922,131794.0,67615.818
000670.SZ,20240507,5.1,5.16,5.07,5.14,5.12,0.3906,93958.0,48124.544
000670.SZ,20240508,5.13,5.18,5.06,5.07,5.14,-1.3619,97746.0,49921.134
000670.SZ,20240509,5.08,5.15,5.08,5.12,5.07,0.9862,89731.0,45962.367
000670.SZ,20240510,5.12,5.19,5.05,5.06,5.12,-1.1719,130541.0,66576.371
000670.SZ,20240513,4.98,5.0,4.86,4.87,5.06,-3.7549,125736.24,61836.687
000670.SZ,20240514,4.9,5.05,4.89,4.93,4.87,1.232,91801.0,45385.679
000670.SZ,20240515,4.92,5.18,4.85,4.93,4.93,0.0,195757.82,98456.784
000670.SZ,20240516,5.17,5.42,5.09,5.42,4.93,9.9391,420141.01,225853.659
000670.SZ,20240517,5.39,5.39,5.23,5.3,5.42,-2.214,519492.63,274678.003
000670.SZ,20240520,5.24,5.28,5.17,5.23,5.3,-1.3208,330828.0,172531.84
000670.SZ,20240521,5.23,5.24,5.11,5.16,5.23,-1.3384,225728.0,116141.531
000670.SZ,20240522,5.18,5.22,5.11,5.19,5.16,0.5814,226232.97,116681.492
000670.SZ,20240523,5.15,5.17,5.0,5.01,5.19,-3.4682,215637.0,109356.464
000670.SZ,20240524,5.02,5.04,4.83,4.85,5.01,-3.1936,199642.97,98138.049
000670.SZ,20240527,4.84,4.97,4.67,4.95,4.85,2.0619,258457.0,124564.695
000670.SZ,20240528,4.91,5.18,4.88,4.99,4.95,0.8081,334424.0,168810.037
000670.SZ,20240529,4.93,5.03,4.87,4.89,4.99,-2.004,190305.51,93848.71
000670.SZ,20240530,4.81,5.0,4.75,4.93,4.89,0.818,197181.01,96816.254
000670.SZ,20240531,4.9,5.03,4.9,4.95,4.93,0.4057,131190.0,65101.467
000670.SZ,20240603,4.95,5.04,4.84,4.9,4.95,-1.0101,189306.81,93717.771
000670.SZ,20240604,4.81,4.83,4.66,4.73,4.9,-3.4694,191768.0,90553.477
000670.SZ,20240605,4.76,4.82,4.64,4.64,4.73,-1.9027,143807.0,67959.589
000670.SZ,20240606,4.66,4.88,4.47,4.49,4.64,-3.2328,240469.0,111582.078
000670.SZ,20240607,4.57,4.94,4.5,4.68,4.49,4.2316,382085.5,179237.272
000670.SZ,20240611,4.64,4.95,4.52,4.85,4.68,3.6325,403292.8,191342.934
000670.SZ,20240612,4.8,4.94,4.78,4.9,4.85,1.0309,330368.0,160839.897
000670.SZ,20240613,4.88,4.95,4.84,4.87,4.9,-0.6122,257546.0,125868.235
000670.SZ,20240614,4.82,4.83,4.73,4.74,4.87,-2.6694,196623.0,93631.807
000670.SZ,20240617,4.69,4.82,4.68,4.78,4.74,0.8439,163504.0,78030.556
000670.SZ,20240618,4.76,4.84,4.76,4.84,4.78,1.2552,138385.0,66494.47
000670.SZ,20240619,4.85,4.93,4.76,4.86,4.84,0.4132,207087.0,100643.16
000670.SZ,20240620,4.82,4.91,4.67,4.7,4.86,-3.2922,233001.43,111947.266
000670.SZ,20240621,4.62,4.67,4.51,4.6,4.7,-2.1277,165805.43,76404.359
000670.SZ,20240624,4.58,4.6,4.33,4.36,4.6,-5.2174,183153.0,81239.681
000670.SZ,20240625,4.35,4.43,4.24,4.27,4.36,-2.0642,160769.0,69372.718
000670.SZ,20240626,4.3,4.48,4.21,4.46,4.27,4.4496,150646.71,65774.677
000670.SZ,20240627,4.47,4.52,4.35,4.36,4.46,-2.2422,145022.0,64216.042
000670.SZ,20240628,4.36,4.46,4.32,4.37,4.36,0.2294,100288.7,44159.966
000670.SZ,20240701,4.56,4.56,4.35,4.43,4.37,1.373,126402.0,56004.665
000670.SZ,20240702,4.39,4.53,4.37,4.47,4.43,0.9029,142409.03,63755.017
000670.SZ,20240703,4.43,4.57,4.42,4.5,4.47,0.6711,132567.0,59604.322
000670.SZ,20240704,4.49,4.51,4.3,4.3,4.5,-4.4444,131984.53,57954.75
000670.SZ,20240705,4.3,4.38,4.24,4.35,4.3,1.1628,84948.0,36624.907
000670.SZ,20240708,4.34,4.37,4.23,4.23,4.35,-2.7586,85999.48,36879.526
000670.SZ,20240709,4.2,4.35,4.2,4.35,4.23,2.8369,123370.89,52919.863
000670.SZ,20240710,4.3,4.32,4.23,4.23,4.35,-2.7586,102720.0,43795.608
000670.SZ,20240711,4.3,4.44,4.28,4.41,4.23,4.2553,167847.0,73601.978
000670.SZ,20240712,4.39,4.43,4.35,4.38,4.41,-0.6803,87931.0,38561.887
000670.SZ,20240715,4.38,4.42,4.27,4.28,4.38,-2.2831,93640.0,40464.747
000670.SZ,20240716,4.28,4.35,4.24,4.34,4.28,1.4019,68420.0,29422.007
000670.SZ,20240717,4.36,4.39,4.26,4.27,4.34,-1.6129,74038.0,31981.203
000670.SZ,20240718,4.21,4.31,4.08,4.27,4.27,0.0,136043.13,57004.72
000670.SZ,20240719,4.25,4.49,4.24,4.43,4.27,3.7471,232638.18,102630.543
000670.SZ,20240722,4.4,4.56,4.37,4.5,4.43,1.5801,198744.0,89254.866
000670.SZ,20240723,4.5,4.5,4.32,4.32,4.5,-4.0,144321.19,63566.719
000670.SZ,20240724,4.28,4.5,4.23,4.23,4.32,-2.0833,177756.56,76938.943
000670.SZ,20240725,4.21,4.23,4.12,4.15,4.23,-1.8913,129579.0,53980.956
000670.SZ,20240726,4.18,4.24,4.15,4.22,4.15,1.6867,103992.0,43664.853
000670.SZ,20240729,4.22,4.26,4.19,4.23,4.22,0.237,91051.9,38500.316
000670.SZ,20240730,4.23,4.37,4.2,4.35,4.23,2.8369,157403.01,67871.509
000670.SZ,20240731,4.34,4.45,4.3,4.43,4.35,1.8391,160726.0,70604.789
000670.SZ,20240801,4.44,4.87,4.42,4.87,4.43,9.9323,344336.54,160591.111
000670.SZ,20240802,4.79,5.36,4.72,5.28,4.87,8.4189,1037320.73,525651.222
000670.SZ,20240805,4.98,5.1,4.75,4.76,5.28,-9.8485,704854.83,344951.616
000670.SZ,20240806,4.83,4.89,4.68,4.86,4.76,2.1008,383568.93,183768.863
000670.SZ,20240807,4.8,4.85,4.68,4.7,4.86,-3.2922,290448.72,138065.066
000670.SZ,20240808,4.64,4.84,4.62,4.75,4.7,1.0638,325371.0,154702.311
000670.SZ,20240809,4.86,4.95,4.67,4.67,4.75,-1.6842,331740.0,159876.266
000670.SZ,20240812,4.58,4.87,4.54,4.71,4.67,0.8565,268920.0,125876.521
000670.SZ,20240813,4.72,4.86,4.67,4.8,4.71,1.9108,251466.5,120072.02
000670.SZ,20240814,4.76,5.28,4.76,4.92,4.8,2.5,568767.4,283246.013
000670.SZ,20240815,4.85,4.93,4.8,4.85,4.92,-1.4228,374675.9,181838.931
000670.SZ,20240816,4.87,4.97,4.7,4.72,4.85,-2.6804,329803.5,158986.157
000670.SZ,20240819,4.73,4.8,4.6,4.61,4.72,-2.3305,208380.0,97594.684
000670.SZ,20240820,4.6,4.63,4.44,4.46,4.61,-3.2538,212595.5,95838.895
000670.SZ,20240821,4.4,4.51,4.4,4.42,4.46,-0.8969,134170.0,59620.068
000670.SZ,20240822,4.42,4.49,4.33,4.34,4.42,-1.81,141560.0,62386.728
000670.SZ,20240823,4.3,4.38,4.23,4.29,4.34,-1.1521,140139.0,60160.869
000670.SZ,20240826,4.3,4.38,4.29,4.37,4.29,1.8648,121160.0,52572.494
000670.SZ,20240827,4.31,4.37,4.25,4.26,4.37,-2.5172,100956.0,43425.318
000670.SZ,20240828,4.23,4.32,4.23,4.27,4.26,0.2347,80851.5,34604.704
000670.SZ,20240829,4.24,4.39,4.22,4.32,4.27,1.171,119794.0,51650.703
000670.SZ,20240830,4.34,4.48,4.32,4.44,4.32,2.7778,164534.0,72852.837
000670.SZ,20240902,4.42,4.47,4.34,4.35,4.44,-2.027,117735.0,51908.705
000670.SZ,20240903,4.33,4.4,4.33,4.38,4.35,0.6897,90508.0,39555.192
000670.SZ,20240904,4.35,4.37,4.28,4.34,4.38,-0.9132,89285.06,38688.482
000670.SZ,20240905,4.35,4.42,4.34,4.39,4.34,1.1521,106237.0,46508.692
000670.SZ,20240906,4.39,4.42,4.33,4.33,4.39,-1.3667,92287.0,40280.623
000670.SZ,20240909,4.33,4.39,4.3,4.34,4.33,0.2309,78851.49,34231.521
000670.SZ,20240910,4.32,4.4,4.26,4.38,4.34,0.9217,106045.99,45949.503
000670.SZ,20240911,4.37,4.37,4.31,4.34,4.38,-0.9132,69044.0,29950.939
000670.SZ,20240912,4.35,4.45,4.34,4.37,4.34,0.6912,147465.89,64757.542
000670.SZ,20240913,4.39,4.42,4.26,4.27,4.37,-2.2883,110768.06,47674.125
000670.SZ,20240918,4.31,4.37,4.19,4.22,4.27,-1.171,82894.0,35260.833
000670.SZ,20240919,4.29,4.36,4.24,4.35,4.22,3.0806,127806.0,55117.982
000670.SZ,20240920,4.36,4.4,4.33,4.39,4.35,0.9195,101761.01,44508.059
000670.SZ,20240923,4.42,4.67,4.4,4.58,4.39,4.328,327642.65,148864.228
000670.SZ,20240924,4.5,4.62,4.47,4.62,4.58,0.8734,297219.81,135401.516
000670.SZ,20240925,4.66,4.86,4.61,4.66,4.62,0.8658,360753.37,169635.532
000670.SZ,20240926,4.63,5.13,4.62,5.13,4.66,10.0858,338211.68,171193.581
000670.SZ,20240927,5.4,5.45,5.23,5.3,5.13,3.3138,907364.47,484204.219
000670.SZ,20240930,5.34,5.8,5.34,5.79,5.3,9.2453,926812.27,517862.242
000670.SZ,20241008,6.37,6.37,6.0,6.37,5.79,10.0173,1058329.27,666958.8
000670.SZ,20241009,6.28,6.74,5.91,6.13,6.37,-3.7677,1043341.51,663196.159
000670.SZ,20241010,6.12,6.2,5.68,5.73,6.13,-6.5253,601640.84,353432.693
000670.SZ,20241011,5.66,5.79,5.33,5.4,5.73,-5.7592,406052.53,223564.406
000670.SZ,20241014,5.4,5.73,5.29,5.7,5.4,5.5556,473109.31,261084.073
000670.SZ,20241015,5.6,5.84,5.54,5.6,5.7,-1.7544,366242.0,209030.947
000670.SZ,20241016,5.47,5.62,5.43,5.51,5.6,-1.6071,245172.35,135241.338
000670.SZ,20241017,5.56,5.68,5.45,5.47,5.51,-0.726,284410.7,157921.571
000670.SZ,20241018,5.47,5.88,5.45,5.77,5.47,5.4845,545746.7,309421.757
000670.SZ,20241021,5.9,6.15,5.81,5.99,5.77,3.8128,729112.86,438141.853
000670.SZ,20241022,5.88,6.2,5.87,6.05,5.99,1.0017,541481.3,326466.291
000670.SZ,20241023,6.04,6.05,5.91,5.95,6.05,-1.6529,392625.5,234874.356
000670.SZ,20241024,5.4,6.22,5.4,6.06,5.95,1.8487,808623.24,472617.191
000670.SZ,20241025,5.96,6.1,5.88,5.98,6.06,-1.3201,587111.7,350722.797
000670.SZ,20241028,5.75,6.41,5.71,6.21,5.98,3.8462,1016033.47,612352.383
000670.SZ,20241029,6.1,6.2,5.94,5.95,6.21,-4.1868,611749.63,370960.227
000670.SZ,20241030,5.88,6.55,5.81,6.55,5.95,10.084,497195.7,317689.711
000670.SZ,20241031,6.87,7.21,6.7,7.21,6.55,10.0763,2038044.34,1421437.215
000670.SZ,20241101,7.3,7.62,6.49,6.6,7.21,-8.4605,1478046.85,1032370.619
000670.SZ,20241104,6.3,6.76,6.29,6.44,6.6,-2.4242,775359.58,500616.778
000670.SZ,20241105,6.36,6.88,6.35,6.75,6.44,4.8137,864995.11,571065.218
000670.SZ,20241106,6.76,6.79,6.53,6.61,6.75,-2.0741,686607.72,456748.341
000670.SZ,20241107,6.53,6.88,6.46,6.75,6.61,2.118,715797.08,478663.032
000670.SZ,20241108,6.78,7.43,6.71,7.43,6.75,10.0741,1080926.03,761123.167
000670.SZ,20241111,7.83,8.17,7.7,8.17,7.43,9.9596,752580.09,606321.12
000670.SZ,20241112,8.58,8.99,7.8,8.31,8.17,1.7136,2329242.58,1957836.506
000670.SZ,20241113,8.03,8.49,7.71,7.82,8.31,-5.8965,1114863.09,888655.171
000670.SZ,20241114,7.7,7.86,7.36,7.39,7.82,-5.4987,815640.11,617915.957
000670.SZ,20241115,7.35,7.53,7.05,7.06,7.39,-4.4655,706939.85,515953.867
000670.SZ,20241118,6.85,7.35,6.5,6.54,7.06,-7.3654,691369.09,464891.318
000670.SZ,20241119,6.56,7.19,6.52,7.19,6.54,9.9388,983268.72,692118.416
000670.SZ,20241120,7.16,7.78,6.96,7.48,7.19,4.0334,1204107.93,886640.987
000670.SZ,20241121,7.39,7.58,7.26,7.45,7.48,-0.4011,874431.67,647968.936
000670.SZ,20241122,7.2,7.28,6.84,6.9,7.45,-7.3826,759540.31,539674.678
000670.SZ,20241125,6.76,7.18,6.76,7.18,6.9,4.058,614433.45,427838.273
000670.SZ,20241126,7.11,7.26,6.88,6.91,7.18,-3.7604,427305.68,300887.453
000670.SZ,20241127,6.86,6.99,6.6,6.98,6.91,1.013,430534.02,292687.761
000670.SZ,20241128,6.98,7.68,6.89,7.68,6.98,10.0287,942401.04,703949.445
000670.SZ,20241129,7.64,8.28,7.52,7.86,7.68,2.3438,1663491.35,1311139.845
000670.SZ,20241202,7.67,8.2,7.6,8.08,7.86,2.799,1336901.56,1053236.013
000670.SZ,20241203,8.0,8.13,7.82,7.89,8.08,-2.3515,853432.33,678647.411
000670.SZ,20241204,8.17,8.38,7.8,7.91,7.89,0.2535,1008297.35,817026.605
000670.SZ,20241205,7.63,8.55,7.61,8.17,7.91,3.287,1055565.89,854184.513
000670.SZ,20241206,8.02,8.11,7.85,7.99,8.17,-2.2032,715107.11,570079.007
000670.SZ,20241209,7.97,7.99,7.72,7.78,7.99,-2.6283,501528.0,392304.202
000670.SZ,20241210,8.03,8.05,7.72,7.73,7.78,-0.6427,529642.0,416879.128
000670.SZ,20241211,7.71,8.5,7.68,8.5,7.73,9.9612,645007.26,541383.626
000670.SZ,20241212,8.5,8.73,8.29,8.48,8.5,-0.2353,1483173.54,1257089.219
000670.SZ,20241213,8.33,8.76,8.33,8.64,8.48,1.8868,1288717.91,1099432.365
000670.SZ,20241216,8.5,8.8,8.08,8.16,8.64,-5.5556,953477.77,797045.282
000670.SZ,20241217,8.2,8.98,8.2,8.31,8.16,1.8382,1212645.69,1040136.455
000670.SZ,20241218,7.9,8.97,7.8,8.64,8.31,3.9711,1399883.4,1182664.443
000670.SZ,20241219,8.37,8.59,8.27,8.37,8.64,-3.125,819552.82,688299.489
000670.SZ,20241220,8.27,9.21,8.24,9.21,8.37,10.0358,914455.58,821171.899
000670.SZ,20241223,9.47,9.77,8.87,8.9,9.21,-3.3659,2194060.65,2050011.731
000670.SZ,20241224,8.92,9.68,8.74,9.55,8.9,7.3034,1947852.65,1797699.368
000670.SZ,20241225,9.17,9.45,8.85,9.06,9.55,-5.1309,1284415.17,1173846.557
000670.SZ,20241226,8.96,9.33,8.79,9.2,9.06,1.5453,990789.21,908683.137
000670.SZ,20241227,9.08,10.1,8.97,9.29,9.2,0.9783,1645579.18,1567230.621
000670.SZ,20241230,9.11,9.48,8.98,9.24,9.29,-0.5382,984745.0,901653.27
000670.SZ,20241231,9.23,9.31,8.32,8.32,9.24,-9.9567,1206378.81,1035358.342
000670.SZ,20250102,8.0,8.08,7.49,7.54,8.32,-9.375,1111214.45,853891.891
000670.SZ,20250103,7.54,7.59,6.93,6.97,7.54,-7.5597,892611.33,639804.727
000670.SZ,20250106,6.9,6.97,6.53,6.58,6.97,-5.5954,687108.04,461210.07
000670.SZ,20250107,6.66,6.96,6.62,6.95,6.58,5.6231,780078.66,529198.02
000670.SZ,20250108,6.82,7.03,6.58,6.93,6.95,-0.2878,753442.13,515273.09
000670.SZ,20250109,6.87,7.15,6.83,7.0,6.93,1.0101,612284.13,431556.912
000670.SZ,20250110,7.0,7.19,6.68,6.7,7.0,-4.2857,619990.84,432489.908
000670.SZ,20250113,6.5,6.67,6.32,6.52,6.7,-2.6866,463914.67,300090.23
000670.SZ,20250114,6.65,7.04,6.56,7.04,6.52,7.9755,684855.23,469142.664
000670.SZ,20250115,7.07,7.19,6.96,7.07,7.04,0.4261,634731.0,449452.753
000670.SZ,20250116,7.13,7.24,6.96,7.1,7.07,0.4243,545419.0,387146.167
000670.SZ,20250117,7.09,7.37,6.94,7.15,7.1,0.7042,743338.2,532045.568
000670.SZ,20250120,7.15,7.23,7.01,7.09,7.15,-0.8392,478338.2,339640.912
000670.SZ,20250121,7.15,7.16,6.89,7.05,7.09,-0.5642,405388.03,284213.331
000670.SZ,20250122,6.96,6.97,6.78,6.8,7.05,-3.5461,395490.87,271332.855
000670.SZ,20250123,6.88,7.04,6.72,6.73,6.8,-1.0294,426103.71,293485.665
000670.SZ,20250124,6.72,6.79,6.62,6.69,6.73,-0.5944,340016.24,227350.412
000670.SZ,20250127,6.75,6.82,6.56,6.56,6.69,-1.9432,248951.08,166068.778
000670.SZ,20250205,6.71,6.88,6.68,6.81,6.56,3.811,395170.54,268108.214
000670.SZ,20250206,6.81,7.15,6.71,7.14,6.81,4.8458,540881.83,379177.445
000670.SZ,20250207,7.14,7.3,7.0,7.18,7.14,0.5602,647440.75,465066.985
000670.SZ,20250210,7.2,7.61,7.15,7.61,7.18,5.9889,773770.51,570259.119
000670.SZ,20250211,7.61,7.62,7.35,7.4,7.61,-2.7595,574896.01,426613.413
000670.SZ,20250212,7.35,7.59,7.34,7.54,7.4,1.8919,543549.0,405969.035
000670.SZ,20250213,7.54,7.54,7.31,7.32,7.54,-2.9178,434813.8,321235.2
000670.SZ,20250214,7.27,7.35,7.17,7.26,7.32,-0.8197,320643.0,232451.31
000670.SZ,20250217,7.17,7.4,7.17,7.32,7.26,0.8264,343006.41,250507.478
000670.SZ,20250218,7.32,7.43,7.05,7.1,7.32,-3.0055,480742.0,348516.086
000670.SZ,20250219,7.09,7.28,7.06,7.24,7.1,1.9718,357066.39,257230.267
000670.SZ,20250220,7.23,7.25,7.11,7.16,7.24,-1.105,340214.1,244273.986
000670.SZ,20250221,7.16,7.44,7.06,7.34,7.16,2.514,583656.7,424351.414
000670.SZ,20250224,7.3,7.42,7.21,7.33,7.34,-0.1362,395742.0,289098.185
000670.SZ,20250225,7.22,7.48,7.18,7.36,7.33,0.4093,485858.48,358968.197
000670.SZ,20250226,7.44,7.87,7.26,7.68,7.36,4.3478,866437.81,651598.064
000670.SZ,20250227,7.61,7.95,7.58,7.9,7.68,2.8646,1010472.7,787532.356
000670.SZ,20250228,7.85,7.87,7.3,7.35,7.9,-6.962,770518.35,582062.972
000670.SZ,20250303,7.36,7.48,7.14,7.2,7.35,-2.0408,498559.2,363070.328
000670.SZ,20250304,7.08,7.4,6.99,7.36,7.2,2.2222,469494.71,340061.38
000670.SZ,20250305,7.39,7.54,7.19,7.3,7.36,-0.8152,410305.49,301365.839
000670.SZ,20250306,7.34,7.5,7.33,7.39,7.3,1.2329,460001.0,340312.236
000670.SZ,20250307,7.34,7.46,7.17,7.38,7.39,-0.1353,499674.89,366018.781
000670.SZ,20250310,7.34,7.38,7.19,7.26,7.38,-1.626,300781.01,218518.067
000670.SZ,20250311,7.16,7.34,7.12,7.33,7.26,0.9642,279255.44,203169.807
000670.SZ,20250312,7.35,7.4,7.24,7.26,7.33,-0.955,321771.01,235756.531
000670.SZ,20250313,7.27,7.27,7.06,7.11,7.26,-2.0661,297480.01,212143.995
000670.SZ,20250314,7.11,7.18,7.05,7.17,7.11,0.8439,209706.63,149651.601
000670.SZ,20250317,7.14,7.31,7.13,7.26,7.17,1.2552,239416.0,173537.568
000670.SZ,20250318,7.29,7.5,7.22,7.45,7.26,2.6171,528710.8,392413.678
000670.SZ,20250319,7.45,7.5,7.25,7.27,7.45,-2.4161,314849.01,230763.374
000670.SZ,20250320,7.27,7.38,7.18,7.19,7.27,-1.1004,277487.0,201408.993
000670.SZ,20250321,7.12,7.16,7.01,7.03,7.19,-2.2253,262877.6,185888.41
000670.SZ,20250324,6.96,7.03,6.68,6.81,7.03,-3.1294,288001.0,196204.557
000670.SZ,20250325,6.89,6.93,6.72,6.78,6.81,-0.4405,151919.0,103186.584
000670.SZ,20250326,6.73,6.83,6.73,6.76,6.78,-0.295,118649.0,80516.17
000670.SZ,20250327,6.76,6.8,6.6,6.7,6.76,-0.8876,176739.0,118567.361
000670.SZ,20250328,6.7,6.73,6.49,6.49,6.7,-3.1343,206347.0,135789.828
000670.SZ,20250331,6.46,6.48,6.31,6.44,6.49,-0.7704,185488.99,118348.224
000670.SZ,20250401,6.43,6.55,6.4,6.48,6.44,0.6211,161661.81,104575.932
000670.SZ,20250402,6.45,6.48,6.31,6.32,6.48,-2.4691,166252.0,106063.558
000670.SZ,20250403,6.19,6.35,6.19,6.24,6.32,-1.2658,151255.0,94621.029
000670.SZ,20250407,5.86,5.92,5.62,5.62,6.24,-9.9359,167538.44,95241.946
000670.SZ,20250408,5.41,5.68,5.28,5.38,5.62,-4.2705,324657.06,176110.009
000670.SZ,20250409,5.27,5.59,4.84,5.56,5.38,3.3457,393700.86,210183.735
000670.SZ,20250410,5.63,5.81,5.62,5.65,5.56,1.6187,264302.0,151075.413
000670.SZ,20250411,5.59,6.22,5.56,6.22,5.65,10.0885,191517.0,116202.769
000670.SZ,20250414,6.84,6.84,6.84,6.84,6.22,9.9678,132806.0,90839.304
000670.SZ,20250415,7.09,7.52,6.76,6.99,6.84,2.193,1437397.12,1021938.333
000670.SZ,20250416,6.42,6.82,6.35,6.57,6.99,-6.0086,947863.94,623181.03
000670.SZ,20250417,6.34,6.8,6.34,6.59,6.57,0.3044,781932.71,519132.406
000670.SZ,20250418,6.58,6.63,6.2,6.2,6.59,-5.9181,589293.6,371751.768
000670.SZ,20250421,6.13,6.77,6.13,6.36,6.2,2.5806,474542.0,305022.723
000670.SZ,20250422,6.35,7.0,6.31,7.0,6.36,10.0629,531115.46,361550.482
000670.SZ,20250423,6.88,7.04,6.78,6.81,7.0,-2.7143,891453.71,612467.741
000670.SZ,20250424,6.78,6.95,6.68,6.75,6.81,-0.8811,511353.02,347164.039
000670.SZ,20250425,6.75,7.3,6.59,6.98,6.75,3.4074,937309.12,654321.424
000670.SZ,20250428,6.74,6.85,6.6,6.65,6.98,-4.7278,538320.1,360579.875
000670.SZ,20250429,6.68,6.68,6.52,6.54,6.65,-1.6541,327189.0,214919.74
000670.SZ,20250430,6.47,6.7,6.47,6.56,6.54,0.3058,339463.0,223757.784
000670.SZ,20250506,6.61,6.86,6.61,6.85,6.56,4.4207,451596.64,304265.56
000670.SZ,20250507,6.9,7.17,6.78,6.97,6.85,1.7518,656743.04,456184.694
000670.SZ,20250508,6.92,7.17,6.85,7.12,6.97,2.1521,657296.0,462783.175
000670.SZ,20250509,7.0,7.04,6.84,6.86,7.12,-3.6517,406841.0,280776.929
000670.SZ,20250512,6.92,7.04,6.83,7.02,6.86,2.3324,369289.0,256628.792
000670.SZ,20250513,7.09,7.11,6.86,6.87,7.02,-2.1368,344582.01,239150.834
000670.SZ,20250514,6.87,6.99,6.78,6.91,6.87,0.5822,286304.24,196758.201
000670.SZ,20250515,6.88,6.88,6.63,6.64,6.91,-3.9074,304703.3,204345.885
000670.SZ,20250516,6.6,6.78,6.6,6.68,6.64,0.6024,236851.76,158841.865
000670.SZ,20250519,6.72,6.87,6.65,6.87,6.68,2.8443,296494.0,201200.877
000670.SZ,20250520,6.88,7.56,6.79,7.56,6.87,10.0437,899252.15,659403.634
000670.SZ,20250521,7.56,7.56,7.28,7.32,7.56,-3.1746,1230800.16,911843.179
000670.SZ,20250522,7.36,7.55,7.28,7.43,7.32,1.5027,926596.16,684802.324
000670.SZ,20250523,7.38,7.4,7.11,7.13,7.43,-4.0377,636733.65,461350.433
000670.SZ,20250526,7.23,7.36,7.15,7.31,7.13,2.5245,487850.4,355368.332
000670.SZ,20250527,7.2,7.5,7.19,7.4,7.31,1.2312,708998.65,522582.358
000670.SZ,20250528,7.2,7.27,6.9,7.02,7.4,-5.1351,741348.6,521233.608
000670.SZ,20250529,6.9,7.15,6.83,7.08,7.02,0.8547,523605.6,367472.879
000670.SZ,20250530,7.0,7.02,6.69,6.7,7.08,-5.3672,506304.0,343206.657
000670.SZ,20250603,6.65,6.75,6.58,6.68,6.7,-0.2985,292799.8,195283.001
000670.SZ,20250604,6.7,6.75,6.65,6.73,6.68,0.7485,222425.0,149316.838
000670.SZ,20250605,6.72,6.89,6.62,6.84,6.73,1.6345,402942.2,272481.027
000670.SZ,20250606,6.84,7.24,6.7,6.96,6.84,1.7544,647316.24,452871.615
000670.SZ,20250609,6.91,7.0,6.89,6.96,6.96,0.0,346540.22,240911.022
000670.SZ,20250610,6.96,6.98,6.68,6.78,6.96,-2.5862,357967.0,244006.439
000670.SZ,20250611,6.79,6.96,6.76,6.85,6.78,1.0324,270865.0,185524.844
000670.SZ,20250612,6.79,6.88,6.75,6.78,6.85,-1.0219,205506.0,139777.067
000670.SZ,20250613,6.76,6.76,6.55,6.56,6.78,-3.2448,311731.0,206459.099
000670.SZ,20250616,6.5,6.62,6.46,6.59,6.56,0.4573,155083.0,101890.801
000670.SZ,20250617,6.59,6.78,6.58,6.71,6.59,1.8209,264898.0,177037.562
000670.SZ,20250618,6.65,6.8,6.56,6.73,6.71,0.2981,259678.0,173446.04
000670.SZ,20250619,6.67,6.78,6.59,6.6,6.73,-1.9316,225824.0,150851.377
000670.SZ,20250620,6.56,6.67,6.41,6.5,6.6,-1.5152,199649.23,130604.473
000670.SZ,20250623,6.41,6.72,6.37,6.66,6.5,2.4615,263303.58,174426.907
000670.SZ,20250624,6.68,6.82,6.65,6.76,6.66,1.5015,283252.96,191109.625
000670.SZ,20250625,6.76,7.44,6.72,7.09,6.76,4.8817,962792.85,681865.646
000670.SZ,20250626,7.01,7.15,6.9,6.97,7.09,-1.6925,685040.14,480287.061
000670.SZ,20250627,7.08,7.29,7.02,7.06,6.97,1.2912,567523.5,402988.764
000670.SZ,20250630,7.16,7.38,7.11,7.19,7.06,1.8414,654500.59,472485.632
000670.SZ,20250701,7.21,7.9,7.21,7.42,7.19,3.1989,1262630.73,948831.673
000670.SZ,20250702,7.27,7.3,7.03,7.06,7.42,-4.8518,837521.8,597334.518
000670.SZ,20250703,7.07,7.77,7.07,7.77,7.06,10.0567,607836.56,468744.574
000670.SZ,20250704,7.99,8.55,7.63,8.33,7.77,7.2072,3015795.23,2448349.248
000670.SZ,20250707,7.85,8.07,7.82,7.91,8.33,-5.042,1885763.6,1495561.101
000670.SZ,20250708,8.01,8.12,7.84,7.91,7.91,0.0,1345699.44,1069694.431
000670.SZ,20250709,7.86,7.94,7.62,7.68,7.91,-2.9077,1171755.94,908503.791
000670.SZ,20250710,7.66,7.82,7.54,7.61,7.68,-0.9115,763411.27,582845.014
000670.SZ,20250711,7.55,7.67,7.45,7.59,7.61,-0.2628,666599.46,503968.848
000670.SZ,20250714,7.42,7.59,7.42,7.49,7.59,-1.3175,521562.8,390578.854
000670.SZ,20250715,7.49,7.57,7.31,7.39,7.49,-1.3351,505740.0,375367.746
000670.SZ,20250716,7.45,7.8,7.41,7.68,7.39,3.9242,950454.11,726124.164
000670.SZ,20250717,7.7,7.7,7.51,7.63,7.68,-0.651,548590.3,416344.159
000670.SZ,20250718,7.59,7.65,7.47,7.59,7.63,-0.5242,504961.0,380813.95
000670.SZ,20250721,7.51,7.65,7.5,7.64,7.59,0.6588,414000.02,314062.204
000670.SZ,20250722,7.6,7.8,7.53,7.68,7.64,0.5236,654453.15,502279.997
000670.SZ,20250723,7.63,7.64,7.41,7.42,7.68,-3.3854,508454.8,381268.77
000670.SZ,20250724,7.37,7.49,7.37,7.44,7.42,0.2695,333572.0,248094.553
000670.SZ,20250725,7.44,7.68,7.42,7.63,7.44,2.5538,557449.26,420351.311
000670.SZ,20250728,7.62,7.7,7.55,7.59,7.63,-0.5242,454693.0,346851.231
000670.SZ,20250729,7.54,7.98,7.48,7.76,7.59,2.2398,1039436.0,808878.281
000670.SZ,20250730,7.68,7.93,7.61,7.71,7.76,-0.6443,820125.5,636807.756
000670.SZ,20250731,7.61,7.78,7.44,7.45,7.71,-3.3722,639880.98,483114.257
000670.SZ,20250801,7.4,7.53,7.38,7.45,7.45,0.0,288884.29,215066.921
000670.SZ,20250804,7.38,7.52,7.32,7.47,7.45,0.2685,280699.99,208144.894
000670.SZ,20250805,7.45,7.59,7.44,7.52,7.47,0.6693,320769.0,241246.904
000670.SZ,20250806,7.53,7.77,7.46,7.67,7.52,1.9947,528557.02,403537.975
000670.SZ,20250807,7.68,8.44,7.67,8.44,7.67,10.0391,2076603.19,1717566.315
000670.SZ,20250808,8.27,8.34,8.07,8.07,8.44,-4.3839,1777561.05,1452072.64
000670.SZ,20250811,8.14,8.19,8.04,8.16,8.07,1.1152,880339.3,715945.809
000670.SZ,20250812,8.14,8.46,8.12,8.26,8.16,1.2255,1419418.55,1173036.276
000670.SZ,20250813,8.19,8.35,8.13,8.18,8.26,-0.9685,959663.11,786278.602
000670.SZ,20250814,8.15,8.31,7.91,7.98,8.18,-2.445,901437.19,729641.693
000670.SZ,20250815,7.93,8.11,7.91,8.06,7.98,1.0025,642270.98,516011.559
000670.SZ,20250818,8.17,8.38,8.11,8.24,8.06,2.2333,968255.58,799431.467
000670.SZ,20250819,8.19,8.33,8.13,8.21,8.24,-0.3641,675208.0,553871.285
000670.SZ,20250820,8.13,8.46,8.01,8.35,8.21,1.7052,1082849.07,891166.07
000670.SZ,20250821,8.28,8.75,8.25,8.48,8.35,1.5569,1349333.52,1145077.274
000670.SZ,20250822,8.39,9.33,8.36,9.02,8.48,6.3679,2318445.83,2116603.58
000670.SZ,20250825,8.93,9.19,8.83,8.95,9.02,-0.7761,1843683.64,1658663.067
000670.SZ,20250826,8.82,9.2,8.73,8.96,8.95,0.1117,1242621.28,1117203.367
000670.SZ,20250827,8.96,9.46,8.77,9.11,8.96,1.6741,1602394.79,1456451.588
000670.SZ,20250828,8.9,9.98,8.9,9.79,9.11,7.4643,1952300.44,1871211.057
000670.SZ,20250829,9.5,9.56,9.05,9.17,9.79,-6.333,1263783.3,1167428.653
000670.SZ,20250901,9.28,9.86,9.05,9.6,9.17,4.6892,1311437.05,1233020.65
000670.SZ,20250902,9.52,10.35,9.41,9.67,9.6,0.7292,1497208.74,1477393.912
000670.SZ,20250903,9.5,9.57,8.99,9.0,9.67,-6.9286,1090275.84,1002170.393
000670.SZ,20250904,9.01,9.08,8.1,8.29,9.0,-7.8889,1023352.58,870537.775
000670.SZ,20250905,8.29,8.54,8.07,8.44,8.29,1.8094,609844.25,508370.286
000670.SZ,20250908,8.4,8.69,8.36,8.61,8.44,2.0142,589368.21,504133.9
000670.SZ,20250909,8.53,8.7,8.37,8.53,8.61,-0.9292,494715.68,423320.601
000670.SZ,20250910,8.51,8.72,8.46,8.55,8.53,0.2345,388593.98,333255.855
000670.SZ,20250911,8.45,8.9,8.36,8.84,8.55,3.3918,724173.25,629082.248
000670.SZ,20250912,8.79,9.18,8.72,9.03,8.84,2.1493,835532.76,750342.293
000670.SZ,20250915,9.29,9.48,9.0,9.02,9.03,-0.1107,716669.89,655547.318
000670.SZ,20250916,8.95,9.1,8.88,9.02,9.02,0.0,505283.96,453385.891
000670.SZ,20250917,9.05,9.15,8.88,8.91,9.02,-1.2195,486234.0,436611.627
000670.SZ,20250918,8.89,9.12,8.67,8.72,8.91,-2.1324,638479.72,567913.787
000670.SZ,20250919,8.68,8.83,8.48,8.51,8.72,-2.4083,430952.96,371814.904
000670.SZ,20250922,8.51,8.68,8.46,8.66,8.51,1.7626,334386.0,287248.925
000670.SZ,20250923,8.61,8.64,8.21,8.5,8.66,-1.8476,434237.1,363454.731
000670.SZ,20250924,8.43,8.82,8.37,8.77,8.5,3.1765,530823.04,460667.849
000670.SZ,20250925,8.77,8.97,8.63,8.86,8.77,1.0262,647233.0,569466.528
000670.SZ,20250926,8.82,9.05,8.7,8.71,8.86,-1.693,600416.8,535050.573
000670.SZ,20250929,8.73,8.85,8.51,8.71,8.71,0.0,446576.65,387385.148
000670.SZ,20250930,8.79,8.99,8.72,8.93,8.71,2.5258,551240.78,490968.276
000670.SZ,20251009,9.05,9.33,8.95,9.24,8.93,3.4714,860063.89,787978.224
000670.SZ,20251010,9.1,9.11,8.71,8.72,9.24,-5.6277,588554.58,521821.374
000670.SZ,20251013,8.25,8.77,8.18,8.64,8.72,-0.9174,368833.0,313369.152
000670.SZ,20251014,8.68,8.8,8.39,8.4,8.64,-2.7778,364504.4,311552.739
000670.SZ,20251015,8.41,8.46,8.23,8.4,8.4,0.0,238676.0,198873.761
000670.SZ,20251016,8.37,8.46,8.26,8.29,8.4,-1.3095,273130.29,227924.953
000670.SZ,20251017,8.2,8.29,7.8,7.81,8.29,-5.7901,378459.0,302931.03
000670.SZ,20251020,7.9,8.02,7.87,7.97,7.81,2.0487,216625.03,172158.435
000670.SZ,20251021,7.97,8.15,7.91,8.1,7.97,1.6311,231240.31,186719.823
000670.SZ,20251022,8.03,8.14,7.98,8.1,8.1,0.0,182817.5,147416.987
000670.SZ,20251023,8.02,8.07,7.88,8.06,8.1,-0.4938,193552.0,154097.492
000670.SZ,20251024,8.13,8.35,8.11,8.3,8.06,2.9777,324200.6,267985.587
000670.SZ,20251027,8.37,8.55,8.21,8.46,8.3,1.9277,476451.01,399345.52
000670.SZ,20251028,8.29,8.4,8.22,8.29,8.46,-2.0095,287976.01,239368.585
000670.SZ,20251029,8.24,8.45,8.21,8.26,8.29,-0.3619,264349.0,218773.225
000670.SZ,20251030,8.23,8.65,8.19,8.28,8.26,0.2421,384409.01,322493.825
000670.SZ,20251031,8.18,8.25,8.09,8.17,8.28,-1.3285,269401.0,220007.749
000670.SZ,20251103,8.16,8.36,8.02,8.34,8.17,2.0808,398936.75,326836.832
000670.SZ,20251104,8.29,8.37,8.16,8.22,8.34,-1.4388,207461.0,170736.836
000670.SZ,20251105,7.95,8.06,7.91,7.99,8.22,-2.7981,321492.0,257172.848
000670.SZ,20251106,8.04,8.24,7.96,8.14,7.99,1.8773,312712.6,253257.599
000670.SZ,20251107,8.1,8.1,7.98,8.01,8.14,-1.5971,217172.6,173985.029
000670.SZ,20251110,8.01,8.27,8.01,8.24,8.01,2.8714,379679.0,310918.662
000670.SZ,20251111,8.23,8.31,8.12,8.13,8.24,-1.335,263088.5,215933.103
000670.SZ,20251112,8.12,8.46,7.97,8.37,8.13,2.952,667529.5,553291.521
000670.SZ,20251113,8.37,8.38,8.21,8.27,8.37,-1.1947,379451.5,313718.481
000670.SZ,20251114,8.19,8.19,8.04,8.05,8.27,-2.6602,293796.0,237985.484
000670.SZ,20251117,8.03,8.08,8.0,8.06,8.05,0.1242,168470.01,135532.811
000670.SZ,20251118,8.01,8.15,7.98,8.07,8.06,0.1241,212207.03,170750.423
000670.SZ,20251119,8.01,8.04,7.91,7.92,8.07,-1.8587,165949.27,132063.696
000670.SZ,20251120,7.96,8.0,7.81,7.81,7.92,-1.3889,138768.0,109066.708
000670.SZ,20251121,7.65,7.76,7.32,7.36,7.81,-5.7618,251132.73,188073.921
000670.SZ,20251124,7.38,7.46,7.28,7.44,7.36,1.087,143470.22,105869.433
000670.SZ,20251125,7.47,7.59,7.47,7.51,7.44,0.9409,137202.0,103350.044
000670.SZ,20251126,7.5,7.79,7.46,7.65,7.51,1.8642,216477.35,164708.659
000670.SZ,20251127,7.6,7.74,7.55,7.56,7.65,-1.1765,175621.0,134143.539
000670.SZ,20251128,7.55,7.63,7.53,7.6,7.56,0.5291,101111.0,76717.275
000670.SZ,20251201,7.62,7.83,7.56,7.8,7.6,2.6316,237277.0,183314.497
000670.SZ,20251202,7.76,7.82,7.65,7.69,7.8,-1.4103,139120.0,107337.936
000670.SZ,20251203,7.66,7.7,7.49,7.51,7.69,-2.3407,138828.0,104862.883
000670.SZ,20251204,7.5,7.62,7.38,7.56,7.51,0.6658,129746.0,97319.305
000670.SZ,20251205,7.53,7.6,7.43,7.6,7.56,0.5291,124011.01,93317.186
000670.SZ,20251208,7.61,7.75,7.61,7.7,7.6,1.3158,158090.03,121578.288
000670.SZ,20251209,7.76,7.76,7.61,7.63,7.7,-0.9091,115904.0,88879.734
000670.SZ,20251210,7.58,7.63,7.52,7.6,7.63,-0.3932,108910.06,82415.863
000670.SZ,20251211,7.6,7.63,7.4,7.4,7.6,-2.6316,118498.0,88780.386
000670.SZ,20251212,7.4,7.57,7.35,7.51,7.4,1.4865,123611.0,92485.359
000670.SZ,20251215,7.43,7.51,7.31,7.31,7.51,-2.6631,157110.68,116075.632
000670.SZ,20251216,7.32,7.33,7.17,7.19,7.31,-1.6416,149820.82,108187.435
000670.SZ,20251217,7.21,7.3,7.08,7.27,7.19,1.1127,158330.5,113888.999
000670.SZ,20251218,7.2,7.42,7.2,7.31,7.27,0.5502,149011.56,109550.508
000670.SZ,20251219,7.36,7.38,7.27,7.32,7.31,0.1368,111746.0,81784.447
000670.SZ,20251222,7.32,7.46,7.32,7.4,7.32,1.0929,134871.97,100069.722
000670.SZ,20251223,7.37,7.41,7.23,7.26,7.4,-1.8919,121975.5,89220.917
000670.SZ,20251224,7.25,7.46,7.24,7.41,7.26,2.0661,170983.0,126475.143
000670.SZ,20251225,7.44,7.58,7.4,7.56,7.41,2.0243,214184.0,160388.194
000670.SZ,20251226,7.55,7.59,7.46,7.49,7.56,-0.9259,148042.75,111422.665
000670.SZ,20251229,7.49,7.57,7.41,7.42,7.49,-0.9346,132544.75,99010.938
000670.SZ,20251230,7.4,7.47,7.36,7.36,7.42,-0.8086,107857.2,79886.646
000670.SZ,20251231,7.45,7.46,7.31,7.38,7.36,0.2717,101978.36,75197.225
000670.SZ,20260105,7.56,7.75,7.47,7.73,7.38,4.7425,394442.5,301479.855
000670.SZ,20260120,8.5,8.5,8.5,8.5,7.73,9.9612,45716.93,38859.391
000670.SZ,20260121,9.35,9.35,9.35,9.35,8.5,10.0,44690.0,41785.15
000670.SZ,20260122,10.29,10.29,10.29,10.29,9.35,10.0535,154036.03,158503.075
000670.SZ,20260123,11.22,11.23,9.66,9.69,10.29,-5.8309,2822329.48,2874393.829
000670.SZ,20260126,9.45,10.29,9.24,9.91,9.69,2.2704,2018200.69,1973133.974
000670.SZ,20260127,9.35,9.41,8.92,9.12,9.91,-7.9717,1580032.46,1436077.608
000670.SZ,20260128,8.96,9.4,8.96,9.08,9.12,-0.4386,1004520.03,920610.652
000670.SZ,20260129,8.91,9.06,8.66,8.68,9.08,-4.4053,1018938.63,897270.361
000670.SZ,20260130,8.6,8.68,8.37,8.43,8.68,-2.8802,637254.47,540100.819
000670.SZ,20260202,8.37,8.55,8.31,8.41,8.43,-0.2372,455019.18,383661.474
000670.SZ,20260203,8.55,8.61,8.43,8.6,8.41,2.2592,504618.61,430140.394
000670.SZ,20260204,8.53,8.53,8.33,8.48,8.6,-1.3953,461543.06,389374.736
000670.SZ,20260205,8.39,8.43,8.26,8.3,8.48,-2.1226,330980.43,275617.585
000670.SZ,20260206,8.26,8.45,8.21,8.36,8.3,0.7229,310602.4,259593.113
000670.SZ,20260209,8.45,8.56,8.41,8.56,8.36,2.3923,491772.93,418413.282
000670.SZ,20260210,8.5,8.54,8.36,8.37,8.56,-2.2196,331282.0,279027.868
000670.SZ,20260211,8.35,8.56,8.32,8.43,8.37,0.7168,297153.16,251311.107
000670.SZ,20260212,8.46,8.65,8.43,8.46,8.43,0.3559,428678.0,365488.933
000670.SZ,20260213,8.45,8.59,8.41,8.54,8.46,0.9456,376275.99,321699.864
000670.SZ,20260224,8.6,8.7,8.51,8.63,8.54,1.0539,453787.13,390621.915
000670.SZ,20260225,8.6,8.72,8.52,8.65,8.63,0.2317,422520.03,365062.76
000670.SZ,20260226,8.7,8.71,8.45,8.66,8.65,0.1156,536046.0,460238.565
000670.SZ,20260227,8.57,8.62,8.49,8.62,8.66,-0.4619,310858.83,266245.737
000670.SZ,20260302,8.5,8.5,8.2,8.21,8.62,-4.7564,473898.4,393492.162
000670.SZ,20260303,8.21,8.25,7.67,7.68,8.21,-6.4555,481872.14,380768.19
000670.SZ,20260304,7.54,7.86,7.51,7.74,7.68,0.7813,290964.49,225420.343
000670.SZ,20260305,7.89,8.47,7.89,8.07,7.74,4.2636,553150.54,452141.611
000670.SZ,20260306,7.96,8.12,7.9,8.11,8.07,0.4957,269285.5,216731.1
000670.SZ,20260309,7.93,8.1,7.8,8.07,8.11,-0.4932,273988.0,217476.709
000670.SZ,20260310,8.15,8.28,8.13,8.22,8.07,1.8587,248149.0,203528.228
000670.SZ,20260311,8.22,8.22,8.04,8.06,8.22,-1.9465,236132.0,191420.392
000670.SZ,20260312,8.03,8.11,7.9,7.95,8.06,-1.3648,176776.13,140950.177
000670.SZ,20260313,7.89,8.05,7.85,7.86,7.95,-1.1321,159414.8,126434.92
000670.SZ,20260316,7.87,8.17,7.84,8.17,7.86,3.944,374433.9,302030.836
000670.SZ,20260317,8.22,8.22,7.95,7.98,8.17,-2.3256,281041.16,227483.515
000670.SZ,20260318,8.04,8.3,8.01,8.3,7.98,4.01,495624.08,406811.566
000670.SZ,20260319,8.17,8.2,8.0,8.03,8.3,-3.253,386777.78,312727.451
000670.SZ,20260320,8.05,8.83,7.91,8.83,8.03,9.9626,1990845.41,1724439.34
000670.SZ,20260323,8.37,8.63,8.31,8.44,8.83,-4.4168,1313250.29,1114446.301
000670.SZ,20260324,8.56,8.79,8.45,8.78,8.44,4.0284,1247158.69,1079979.54
000670.SZ,20260325,8.72,9.0,8.64,8.84,8.78,0.6834,1254453.77,1108285.85
000670.SZ,20260326,8.67,9.69,8.56,9.24,8.84,4.5249,1642959.14,1489308.115
000670.SZ,20260327,8.9,9.05,8.71,8.98,9.24,-2.8139,1083896.9,964095.098
000670.SZ,20260330,8.75,8.99,8.36,8.81,8.98,-1.8931,944301.7,820733.066
000670.SZ,20260331,8.65,9.06,8.44,8.76,8.81,-0.5675,933959.95,822708.051
000670.SZ,20260401,8.98,9.03,8.57,8.64,8.76,-1.3699,796589.0,697239.836
000670.SZ,20260402,8.52,8.55,7.78,7.8,8.64,-9.7222,1028216.6,831793.145
000670.SZ,20260403,7.77,7.81,7.11,7.11,7.8,-8.8462,780767.22,568854.417
000670.SZ,20260407,7.08,7.7,7.02,7.39,7.11,3.9381,535932.91,393319.734
000670.SZ,20260408,7.52,7.65,7.39,7.63,7.39,3.2476,584648.58,440391.447
000670.SZ,20260409,7.5,7.52,7.35,7.41,7.63,-2.8834,451376.28,335168.319
000670.SZ,20260410,7.48,8.15,7.48,8.15,7.41,9.9865,792664.71,641425.716
000670.SZ,20260413,8.09,8.3,7.98,8.21,8.15,0.7362,1167350.91,955779.114
000670.SZ,20260414,8.23,8.43,8.2,8.33,8.21,1.4616,871847.66,724769.268
000670.SZ,20260415,8.34,8.36,7.97,8.0,8.33,-3.9616,703753.2,569821.036
000670.SZ,20260416,8.06,8.14,7.88,8.12,8.0,1.5,471826.3,378784.53
000670.SZ,20260417,8.12,8.17,8.02,8.07,8.12,-0.6158,339692.1,274665.331
000670.SZ,20260420,8.09,8.12,8.03,8.05,8.07,-0.2478,370883.06,298950.887
000670.SZ,20260421,7.97,7.98,7.69,7.81,8.05,-2.9814,465939.0,362296.293
000670.SZ,20260422,7.81,7.86,7.7,7.85,7.81,0.5122,304692.0,237230.365
000670.SZ,20260423,7.95,7.98,7.5,7.53,7.85,-4.0764,408284.0,312045.655
000670.SZ,20260424,7.56,7.66,7.4,7.5,7.53,-0.3984,274051.35,205911.236
000670.SZ,20260427,7.5,7.65,7.5,7.64,7.5,1.8667,330782.0,251584.051
000670.SZ,20260428,7.57,7.58,7.32,7.34,7.64,-3.9267,311219.0,230810.006
000670.SZ,20260429,7.29,7.46,7.28,7.4,7.34,0.8174,238173.21,176639.465
000670.SZ,20260430,7.5,7.63,7.38,7.57,7.4,2.2973,343970.05,258655.941
000670.SZ,20260506,7.8,7.94,7.76,7.79,7.57,2.9062,498121.76,390584.986
000670.SZ,20260507,7.95,8.51,7.8,8.2,7.79,5.2632,878888.36,718348.962
000670.SZ,20260508,8.01,8.09,7.91,8.06,8.2,-1.7073,531674.71,426804.051
000670.SZ,20260511,8.22,8.29,8.13,8.19,8.06,1.6129,580182.13,476027.631
000670.SZ,20260512,8.17,8.17,7.96,8.03,8.19,-1.9536,419132.99,337466.004
000670.SZ,20260513,7.91,8.28,7.84,8.26,8.03,2.8643,555969.57,451420.43
000670.SZ,20260514,8.28,8.6,8.04,8.27,8.26,0.1211,823415.07,684061.31
000670.SZ,20260515,8.17,8.4,8.11,8.2,8.27,-0.8464,560722.75,461730.039
000670.SZ,20260518,8.15,8.37,8.05,8.19,8.2,-0.122,423890.34,349313.669
000670.SZ,20260519,8.19,8.35,8.02,8.34,8.19,1.8315,470948.4,390076.08
000670.SZ,20260520,8.39,8.82,8.36,8.73,8.34,4.6763,1046919.71,899228.803
000670.SZ,20260521,8.68,8.68,8.08,8.09,8.73,-7.331,835440.0,701004.466
